     Q**2          x         u           d           g          ub          db          sb          s          cb          c          bb          b
     3.244     0.001    0.427E+00    0.403E+00    0.321E+01    0.387E+00    0.393E+00    0.208E+00    0.208E+00    0.860E-01    0.860E-01    0.000E+00    0.000E+00
     3.244     0.002    0.394E+00    0.363E+00    0.314E+01    0.334E+00    0.343E+00    0.180E+00    0.180E+00    0.747E-01    0.747E-01    0.000E+00    0.000E+00
     3.244     0.003    0.383E+00    0.347E+00    0.313E+01    0.306E+00    0.318E+00    0.166E+00    0.166E+00    0.685E-01    0.685E-01    0.000E+00    0.000E+00
     3.244     0.004    0.379E+00    0.341E+00    0.314E+01    0.289E+00    0.302E+00    0.157E+00    0.157E+00    0.645E-01    0.645E-01    0.000E+00    0.000E+00
     3.244     0.005    0.379E+00    0.339E+00    0.315E+01    0.276E+00    0.291E+00    0.150E+00    0.150E+00    0.612E-01    0.612E-01    0.000E+00    0.000E+00
     3.244     0.006    0.381E+00    0.338E+00    0.316E+01    0.265E+00    0.282E+00    0.144E+00    0.144E+00    0.585E-01    0.585E-01    0.000E+00    0.000E+00
     3.244     0.007    0.384E+00    0.339E+00    0.316E+01    0.257E+00    0.275E+00    0.140E+00    0.140E+00    0.562E-01    0.562E-01    0.000E+00    0.000E+00
     3.244     0.008    0.386E+00    0.340E+00    0.316E+01    0.249E+00    0.268E+00    0.136E+00    0.136E+00    0.539E-01    0.539E-01    0.000E+00    0.000E+00
     3.244     0.009    0.390E+00    0.343E+00    0.317E+01    0.243E+00    0.263E+00    0.132E+00    0.132E+00    0.521E-01    0.521E-01    0.000E+00    0.000E+00
     3.244     0.010    0.393E+00    0.345E+00    0.316E+01    0.237E+00    0.257E+00    0.129E+00    0.129E+00    0.503E-01    0.503E-01    0.000E+00    0.000E+00
     3.244     0.011    0.398E+00    0.348E+00    0.316E+01    0.233E+00    0.253E+00    0.127E+00    0.127E+00    0.488E-01    0.488E-01    0.000E+00    0.000E+00
     3.244     0.012    0.402E+00    0.351E+00    0.315E+01    0.228E+00    0.249E+00    0.124E+00    0.124E+00    0.473E-01    0.473E-01    0.000E+00    0.000E+00
     3.244     0.013    0.406E+00    0.354E+00    0.314E+01    0.224E+00    0.245E+00    0.121E+00    0.121E+00    0.459E-01    0.459E-01    0.000E+00    0.000E+00
     3.244     0.014    0.411E+00    0.357E+00    0.314E+01    0.221E+00    0.242E+00    0.119E+00    0.119E+00    0.447E-01    0.447E-01    0.000E+00    0.000E+00
     3.244     0.015    0.415E+00    0.360E+00    0.313E+01    0.217E+00    0.238E+00    0.117E+00    0.117E+00    0.434E-01    0.434E-01    0.000E+00    0.000E+00
     3.244     0.016    0.420E+00    0.363E+00    0.311E+01    0.214E+00    0.235E+00    0.115E+00    0.115E+00    0.422E-01    0.422E-01    0.000E+00    0.000E+00
     3.244     0.017    0.425E+00    0.366E+00    0.311E+01    0.211E+00    0.233E+00    0.114E+00    0.114E+00    0.412E-01    0.412E-01    0.000E+00    0.000E+00
     3.244     0.018    0.429E+00    0.369E+00    0.309E+01    0.209E+00    0.230E+00    0.112E+00    0.112E+00    0.401E-01    0.401E-01    0.000E+00    0.000E+00
     3.244     0.019    0.433E+00    0.372E+00    0.307E+01    0.206E+00    0.227E+00    0.110E+00    0.110E+00    0.391E-01    0.391E-01    0.000E+00    0.000E+00
     3.244     0.020    0.438E+00    0.375E+00    0.306E+01    0.204E+00    0.225E+00    0.109E+00    0.109E+00    0.382E-01    0.382E-01    0.000E+00    0.000E+00
     3.244     0.021    0.442E+00    0.378E+00    0.305E+01    0.202E+00    0.223E+00    0.107E+00    0.107E+00    0.373E-01    0.373E-01    0.000E+00    0.000E+00
     3.244     0.022    0.447E+00    0.380E+00    0.303E+01    0.199E+00    0.220E+00    0.106E+00    0.106E+00    0.364E-01    0.364E-01    0.000E+00    0.000E+00
     3.244     0.023    0.451E+00    0.383E+00    0.301E+01    0.197E+00    0.218E+00    0.104E+00    0.104E+00    0.355E-01    0.355E-01    0.000E+00    0.000E+00
     3.244     0.024    0.455E+00    0.385E+00    0.299E+01    0.195E+00    0.216E+00    0.103E+00    0.103E+00    0.347E-01    0.347E-01    0.000E+00    0.000E+00
     3.244     0.025    0.459E+00    0.388E+00    0.298E+01    0.193E+00    0.214E+00    0.102E+00    0.102E+00    0.339E-01    0.339E-01    0.000E+00    0.000E+00
     3.244     0.026    0.464E+00    0.391E+00    0.296E+01    0.191E+00    0.212E+00    0.101E+00    0.101E+00    0.332E-01    0.332E-01    0.000E+00    0.000E+00
     3.244     0.027    0.468E+00    0.393E+00    0.294E+01    0.189E+00    0.210E+00    0.993E-01    0.993E-01    0.324E-01    0.324E-01    0.000E+00    0.000E+00
     3.244     0.028    0.472E+00    0.395E+00    0.292E+01    0.187E+00    0.208E+00    0.981E-01    0.981E-01    0.316E-01    0.316E-01    0.000E+00    0.000E+00
     3.244     0.029    0.476E+00    0.397E+00    0.290E+01    0.186E+00    0.206E+00    0.970E-01    0.970E-01    0.309E-01    0.309E-01    0.000E+00    0.000E+00
     3.244     0.030    0.480E+00    0.399E+00    0.288E+01    0.184E+00    0.204E+00    0.959E-01    0.959E-01    0.303E-01    0.303E-01    0.000E+00    0.000E+00
     3.244     0.031    0.484E+00    0.402E+00    0.286E+01    0.183E+00    0.203E+00    0.950E-01    0.950E-01    0.297E-01    0.297E-01    0.000E+00    0.000E+00
     3.244     0.032    0.488E+00    0.404E+00    0.284E+01    0.181E+00    0.201E+00    0.940E-01    0.940E-01    0.291E-01    0.291E-01    0.000E+00    0.000E+00
     3.244     0.033    0.492E+00    0.406E+00    0.282E+01    0.180E+00    0.200E+00    0.930E-01    0.930E-01    0.285E-01    0.285E-01    0.000E+00    0.000E+00
     3.244     0.034    0.495E+00    0.408E+00    0.279E+01    0.178E+00    0.198E+00    0.921E-01    0.921E-01    0.279E-01    0.279E-01    0.000E+00    0.000E+00
     3.244     0.035    0.499E+00    0.409E+00    0.277E+01    0.177E+00    0.197E+00    0.912E-01    0.912E-01    0.273E-01    0.273E-01    0.000E+00    0.000E+00
     3.244     0.036    0.503E+00    0.411E+00    0.275E+01    0.176E+00    0.195E+00    0.903E-01    0.903E-01    0.268E-01    0.268E-01    0.000E+00    0.000E+00
     3.244     0.037    0.506E+00    0.413E+00    0.273E+01    0.175E+00    0.194E+00    0.895E-01    0.895E-01    0.263E-01    0.263E-01    0.000E+00    0.000E+00
     3.244     0.038    0.510E+00    0.415E+00    0.271E+01    0.173E+00    0.193E+00    0.888E-01    0.888E-01    0.258E-01    0.258E-01    0.000E+00    0.000E+00
     3.244     0.039    0.514E+00    0.416E+00    0.268E+01    0.172E+00    0.192E+00    0.879E-01    0.879E-01    0.253E-01    0.253E-01    0.000E+00    0.000E+00
     3.244     0.040    0.517E+00    0.418E+00    0.266E+01    0.171E+00    0.190E+00    0.871E-01    0.871E-01    0.248E-01    0.248E-01    0.000E+00    0.000E+00
     3.244     0.041    0.520E+00    0.419E+00    0.264E+01    0.169E+00    0.189E+00    0.862E-01    0.862E-01    0.243E-01    0.243E-01    0.000E+00    0.000E+00
     3.244     0.042    0.524E+00    0.421E+00    0.262E+01    0.168E+00    0.188E+00    0.855E-01    0.855E-01    0.238E-01    0.238E-01    0.000E+00    0.000E+00
     3.244     0.043    0.527E+00    0.422E+00    0.259E+01    0.167E+00    0.187E+00    0.847E-01    0.847E-01    0.234E-01    0.234E-01    0.000E+00    0.000E+00
     3.244     0.044    0.530E+00    0.424E+00    0.257E+01    0.165E+00    0.185E+00    0.839E-01    0.839E-01    0.229E-01    0.229E-01    0.000E+00    0.000E+00
     3.244     0.045    0.533E+00    0.425E+00    0.255E+01    0.164E+00    0.184E+00    0.832E-01    0.832E-01    0.225E-01    0.225E-01    0.000E+00    0.000E+00
     3.244     0.046    0.537E+00    0.426E+00    0.253E+01    0.163E+00    0.183E+00    0.825E-01    0.825E-01    0.221E-01    0.221E-01    0.000E+00    0.000E+00
     3.244     0.047    0.540E+00    0.428E+00    0.251E+01    0.162E+00    0.182E+00    0.817E-01    0.817E-01    0.217E-01    0.217E-01    0.000E+00    0.000E+00
     3.244     0.048    0.543E+00    0.429E+00    0.248E+01    0.160E+00    0.181E+00    0.810E-01    0.810E-01    0.212E-01    0.212E-01    0.000E+00    0.000E+00
     3.244     0.049    0.546E+00    0.430E+00    0.246E+01    0.159E+00    0.180E+00    0.803E-01    0.803E-01    0.208E-01    0.208E-01    0.000E+00    0.000E+00
     3.244     0.050    0.548E+00    0.431E+00    0.244E+01    0.158E+00    0.179E+00    0.796E-01    0.796E-01    0.205E-01    0.205E-01    0.000E+00    0.000E+00
     3.244     0.051    0.551E+00    0.432E+00    0.242E+01    0.156E+00    0.178E+00    0.789E-01    0.789E-01    0.201E-01    0.201E-01    0.000E+00    0.000E+00
     3.244     0.052    0.554E+00    0.433E+00    0.240E+01    0.155E+00    0.177E+00    0.783E-01    0.783E-01    0.197E-01    0.197E-01    0.000E+00    0.000E+00
     3.244     0.053    0.557E+00    0.434E+00    0.238E+01    0.154E+00    0.176E+00    0.776E-01    0.776E-01    0.194E-01    0.194E-01    0.000E+00    0.000E+00
     3.244     0.054    0.560E+00    0.435E+00    0.235E+01    0.153E+00    0.175E+00    0.770E-01    0.770E-01    0.190E-01    0.190E-01    0.000E+00    0.000E+00
     3.244     0.055    0.562E+00    0.436E+00    0.233E+01    0.152E+00    0.174E+00    0.764E-01    0.764E-01    0.187E-01    0.187E-01    0.000E+00    0.000E+00
     3.244     0.056    0.565E+00    0.436E+00    0.231E+01    0.150E+00    0.173E+00    0.757E-01    0.757E-01    0.184E-01    0.184E-01    0.000E+00    0.000E+00
     3.244     0.057    0.568E+00    0.437E+00    0.229E+01    0.149E+00    0.172E+00    0.751E-01    0.751E-01    0.180E-01    0.180E-01    0.000E+00    0.000E+00
     3.244     0.058    0.570E+00    0.438E+00    0.227E+01    0.148E+00    0.171E+00    0.745E-01    0.745E-01    0.177E-01    0.177E-01    0.000E+00    0.000E+00
     3.244     0.059    0.573E+00    0.439E+00    0.224E+01    0.147E+00    0.171E+00    0.739E-01    0.739E-01    0.174E-01    0.174E-01    0.000E+00    0.000E+00
     3.244     0.060    0.575E+00    0.439E+00    0.222E+01    0.145E+00    0.170E+00    0.733E-01    0.733E-01    0.171E-01    0.171E-01    0.000E+00    0.000E+00
     3.244     0.061    0.578E+00    0.440E+00    0.220E+01    0.144E+00    0.169E+00    0.728E-01    0.728E-01    0.168E-01    0.168E-01    0.000E+00    0.000E+00
     3.244     0.062    0.580E+00    0.441E+00    0.218E+01    0.143E+00    0.168E+00    0.722E-01    0.722E-01    0.165E-01    0.165E-01    0.000E+00    0.000E+00
     3.244     0.063    0.582E+00    0.441E+00    0.216E+01    0.142E+00    0.167E+00    0.717E-01    0.717E-01    0.163E-01    0.163E-01    0.000E+00    0.000E+00
     3.244     0.064    0.585E+00    0.442E+00    0.214E+01    0.141E+00    0.167E+00    0.711E-01    0.711E-01    0.160E-01    0.160E-01    0.000E+00    0.000E+00
     3.244     0.065    0.587E+00    0.442E+00    0.212E+01    0.140E+00    0.166E+00    0.705E-01    0.705E-01    0.157E-01    0.157E-01    0.000E+00    0.000E+00
     3.244     0.066    0.589E+00    0.443E+00    0.210E+01    0.138E+00    0.165E+00    0.699E-01    0.699E-01    0.154E-01    0.154E-01    0.000E+00    0.000E+00
     3.244     0.067    0.591E+00    0.443E+00    0.208E+01    0.137E+00    0.164E+00    0.694E-01    0.694E-01    0.152E-01    0.152E-01    0.000E+00    0.000E+00
     3.244     0.068    0.593E+00    0.444E+00    0.206E+01    0.136E+00    0.164E+00    0.688E-01    0.688E-01    0.149E-01    0.149E-01    0.000E+00    0.000E+00
     3.244     0.069    0.596E+00    0.444E+00    0.204E+01    0.135E+00    0.163E+00    0.683E-01    0.683E-01    0.146E-01    0.146E-01    0.000E+00    0.000E+00
     3.244     0.070    0.598E+00    0.445E+00    0.202E+01    0.134E+00    0.162E+00    0.678E-01    0.678E-01    0.144E-01    0.144E-01    0.000E+00    0.000E+00
     3.244     0.071    0.600E+00    0.445E+00    0.200E+01    0.132E+00    0.161E+00    0.672E-01    0.672E-01    0.142E-01    0.142E-01    0.000E+00    0.000E+00
     3.244     0.072    0.602E+00    0.446E+00    0.198E+01    0.131E+00    0.161E+00    0.667E-01    0.667E-01    0.139E-01    0.139E-01    0.000E+00    0.000E+00
     3.244     0.073    0.604E+00    0.446E+00    0.196E+01    0.130E+00    0.160E+00    0.662E-01    0.662E-01    0.137E-01    0.137E-01    0.000E+00    0.000E+00
     3.244     0.074    0.606E+00    0.446E+00    0.194E+01    0.129E+00    0.159E+00    0.657E-01    0.657E-01    0.135E-01    0.135E-01    0.000E+00    0.000E+00
     3.244     0.075    0.608E+00    0.446E+00    0.192E+01    0.128E+00    0.159E+00    0.652E-01    0.652E-01    0.132E-01    0.132E-01    0.000E+00    0.000E+00
     3.244     0.076    0.610E+00    0.447E+00    0.190E+01    0.127E+00    0.158E+00    0.647E-01    0.647E-01    0.130E-01    0.130E-01    0.000E+00    0.000E+00
     3.244     0.077    0.611E+00    0.447E+00    0.188E+01    0.125E+00    0.157E+00    0.642E-01    0.642E-01    0.128E-01    0.128E-01    0.000E+00    0.000E+00
     3.244     0.078    0.613E+00    0.447E+00    0.186E+01    0.124E+00    0.156E+00    0.637E-01    0.637E-01    0.126E-01    0.126E-01    0.000E+00    0.000E+00
     3.244     0.079    0.615E+00    0.447E+00    0.185E+01    0.123E+00    0.156E+00    0.632E-01    0.632E-01    0.124E-01    0.124E-01    0.000E+00    0.000E+00
     3.244     0.080    0.617E+00    0.447E+00    0.183E+01    0.122E+00    0.155E+00    0.627E-01    0.627E-01    0.122E-01    0.122E-01    0.000E+00    0.000E+00
     3.244     0.081    0.619E+00    0.448E+00    0.181E+01    0.121E+00    0.154E+00    0.623E-01    0.623E-01    0.120E-01    0.120E-01    0.000E+00    0.000E+00
     3.244     0.082    0.620E+00    0.448E+00    0.179E+01    0.120E+00    0.154E+00    0.618E-01    0.618E-01    0.118E-01    0.118E-01    0.000E+00    0.000E+00
     3.244     0.083    0.622E+00    0.448E+00    0.177E+01    0.119E+00    0.153E+00    0.613E-01    0.613E-01    0.116E-01    0.116E-01    0.000E+00    0.000E+00
     3.244     0.084    0.624E+00    0.448E+00    0.176E+01    0.118E+00    0.152E+00    0.609E-01    0.609E-01    0.114E-01    0.114E-01    0.000E+00    0.000E+00
     3.244     0.085    0.625E+00    0.448E+00    0.174E+01    0.117E+00    0.152E+00    0.604E-01    0.604E-01    0.113E-01    0.113E-01    0.000E+00    0.000E+00
     3.244     0.086    0.627E+00    0.448E+00    0.172E+01    0.116E+00    0.151E+00    0.600E-01    0.600E-01    0.111E-01    0.111E-01    0.000E+00    0.000E+00
     3.244     0.087    0.629E+00    0.448E+00    0.170E+01    0.114E+00    0.150E+00    0.595E-01    0.595E-01    0.109E-01    0.109E-01    0.000E+00    0.000E+00
     3.244     0.088    0.630E+00    0.448E+00    0.169E+01    0.113E+00    0.150E+00    0.591E-01    0.591E-01    0.107E-01    0.107E-01    0.000E+00    0.000E+00
     3.244     0.089    0.632E+00    0.448E+00    0.167E+01    0.112E+00    0.149E+00    0.586E-01    0.586E-01    0.106E-01    0.106E-01    0.000E+00    0.000E+00
     3.244     0.090    0.633E+00    0.448E+00    0.165E+01    0.111E+00    0.148E+00    0.582E-01    0.582E-01    0.104E-01    0.104E-01    0.000E+00    0.000E+00
     3.244     0.091    0.635E+00    0.448E+00    0.164E+01    0.110E+00    0.148E+00    0.577E-01    0.577E-01    0.102E-01    0.102E-01    0.000E+00    0.000E+00
     3.244     0.092    0.636E+00    0.448E+00    0.162E+01    0.109E+00    0.147E+00    0.573E-01    0.573E-01    0.101E-01    0.101E-01    0.000E+00    0.000E+00
     3.244     0.093    0.638E+00    0.448E+00    0.160E+01    0.108E+00    0.146E+00    0.569E-01    0.569E-01    0.991E-02    0.991E-02    0.000E+00    0.000E+00
     3.244     0.094    0.639E+00    0.448E+00    0.159E+01    0.107E+00    0.146E+00    0.565E-01    0.565E-01    0.976E-02    0.976E-02    0.000E+00    0.000E+00
     3.244     0.095    0.641E+00    0.447E+00    0.157E+01    0.106E+00    0.145E+00    0.560E-01    0.560E-01    0.961E-02    0.961E-02    0.000E+00    0.000E+00
     3.244     0.096    0.642E+00    0.447E+00    0.155E+01    0.105E+00    0.144E+00    0.556E-01    0.556E-01    0.947E-02    0.947E-02    0.000E+00    0.000E+00
     3.244     0.097    0.644E+00    0.447E+00    0.154E+01    0.104E+00    0.144E+00    0.552E-01    0.552E-01    0.932E-02    0.932E-02    0.000E+00    0.000E+00
     3.244     0.098    0.645E+00    0.447E+00    0.152E+01    0.103E+00    0.143E+00    0.548E-01    0.548E-01    0.918E-02    0.918E-02    0.000E+00    0.000E+00
     3.244     0.099    0.646E+00    0.447E+00    0.151E+01    0.102E+00    0.142E+00    0.544E-01    0.544E-01    0.904E-02    0.904E-02    0.000E+00    0.000E+00
     3.244     0.100    0.648E+00    0.447E+00    0.149E+01    0.102E+00    0.142E+00    0.540E-01    0.540E-01    0.890E-02    0.890E-02    0.000E+00    0.000E+00
     3.244     0.101    0.649E+00    0.446E+00    0.148E+01    0.101E+00    0.141E+00    0.536E-01    0.536E-01    0.876E-02    0.876E-02    0.000E+00    0.000E+00
     3.244     0.102    0.650E+00    0.446E+00    0.146E+01    0.996E-01    0.140E+00    0.532E-01    0.532E-01    0.863E-02    0.863E-02    0.000E+00    0.000E+00
     3.244     0.103    0.652E+00    0.446E+00    0.145E+01    0.987E-01    0.140E+00    0.528E-01    0.528E-01    0.850E-02    0.850E-02    0.000E+00    0.000E+00
     3.244     0.104    0.653E+00    0.445E+00    0.143E+01    0.978E-01    0.139E+00    0.524E-01    0.524E-01    0.838E-02    0.838E-02    0.000E+00    0.000E+00
     3.244     0.105    0.654E+00    0.445E+00    0.142E+01    0.969E-01    0.138E+00    0.520E-01    0.520E-01    0.825E-02    0.825E-02    0.000E+00    0.000E+00
     3.244     0.106    0.655E+00    0.445E+00    0.140E+01    0.961E-01    0.138E+00    0.516E-01    0.516E-01    0.813E-02    0.813E-02    0.000E+00    0.000E+00
     3.244     0.107    0.657E+00    0.445E+00    0.139E+01    0.952E-01    0.137E+00    0.512E-01    0.512E-01    0.801E-02    0.801E-02    0.000E+00    0.000E+00
     3.244     0.108    0.658E+00    0.444E+00    0.138E+01    0.943E-01    0.136E+00    0.508E-01    0.508E-01    0.789E-02    0.789E-02    0.000E+00    0.000E+00
     3.244     0.109    0.659E+00    0.444E+00    0.136E+01    0.935E-01    0.135E+00    0.505E-01    0.505E-01    0.778E-02    0.778E-02    0.000E+00    0.000E+00
     3.244     0.110    0.660E+00    0.444E+00    0.135E+01    0.927E-01    0.135E+00    0.501E-01    0.501E-01    0.767E-02    0.767E-02    0.000E+00    0.000E+00
     3.244     0.111    0.661E+00    0.443E+00    0.133E+01    0.918E-01    0.134E+00    0.497E-01    0.497E-01    0.755E-02    0.755E-02    0.000E+00    0.000E+00
     3.244     0.112    0.663E+00    0.443E+00    0.132E+01    0.910E-01    0.133E+00    0.493E-01    0.493E-01    0.744E-02    0.744E-02    0.000E+00    0.000E+00
     3.244     0.113    0.664E+00    0.442E+00    0.131E+01    0.902E-01    0.133E+00    0.490E-01    0.490E-01    0.734E-02    0.734E-02    0.000E+00    0.000E+00
     3.244     0.114    0.665E+00    0.442E+00    0.129E+01    0.893E-01    0.132E+00    0.486E-01    0.486E-01    0.723E-02    0.723E-02    0.000E+00    0.000E+00
     3.244     0.115    0.666E+00    0.441E+00    0.128E+01    0.885E-01    0.131E+00    0.482E-01    0.482E-01    0.713E-02    0.713E-02    0.000E+00    0.000E+00
     3.244     0.116    0.667E+00    0.441E+00    0.127E+01    0.878E-01    0.130E+00    0.479E-01    0.479E-01    0.702E-02    0.702E-02    0.000E+00    0.000E+00
     3.244     0.117    0.668E+00    0.441E+00    0.126E+01    0.870E-01    0.130E+00    0.475E-01    0.475E-01    0.692E-02    0.692E-02    0.000E+00    0.000E+00
     3.244     0.118    0.669E+00    0.440E+00    0.124E+01    0.862E-01    0.129E+00    0.471E-01    0.471E-01    0.683E-02    0.683E-02    0.000E+00    0.000E+00
     3.244     0.119    0.670E+00    0.440E+00    0.123E+01    0.854E-01    0.128E+00    0.468E-01    0.468E-01    0.673E-02    0.673E-02    0.000E+00    0.000E+00
     3.244     0.120    0.671E+00    0.439E+00    0.122E+01    0.847E-01    0.128E+00    0.464E-01    0.464E-01    0.664E-02    0.664E-02    0.000E+00    0.000E+00
     3.244     0.121    0.672E+00    0.439E+00    0.121E+01    0.839E-01    0.127E+00    0.461E-01    0.461E-01    0.654E-02    0.654E-02    0.000E+00    0.000E+00
     3.244     0.122    0.673E+00    0.438E+00    0.119E+01    0.832E-01    0.126E+00    0.458E-01    0.458E-01    0.645E-02    0.645E-02    0.000E+00    0.000E+00
     3.244     0.123    0.674E+00    0.438E+00    0.118E+01    0.825E-01    0.125E+00    0.454E-01    0.454E-01    0.637E-02    0.637E-02    0.000E+00    0.000E+00
     3.244     0.124    0.675E+00    0.437E+00    0.117E+01    0.818E-01    0.125E+00    0.451E-01    0.451E-01    0.628E-02    0.628E-02    0.000E+00    0.000E+00
     3.244     0.125    0.676E+00    0.437E+00    0.116E+01    0.811E-01    0.124E+00    0.447E-01    0.447E-01    0.619E-02    0.619E-02    0.000E+00    0.000E+00
     3.244     0.126    0.677E+00    0.436E+00    0.115E+01    0.804E-01    0.123E+00    0.444E-01    0.444E-01    0.610E-02    0.610E-02    0.000E+00    0.000E+00
     3.244     0.127    0.678E+00    0.436E+00    0.113E+01    0.797E-01    0.123E+00    0.441E-01    0.441E-01    0.602E-02    0.602E-02    0.000E+00    0.000E+00
     3.244     0.128    0.678E+00    0.435E+00    0.112E+01    0.790E-01    0.122E+00    0.437E-01    0.437E-01    0.593E-02    0.593E-02    0.000E+00    0.000E+00
     3.244     0.129    0.679E+00    0.434E+00    0.111E+01    0.783E-01    0.121E+00    0.434E-01    0.434E-01    0.585E-02    0.585E-02    0.000E+00    0.000E+00
     3.244     0.130    0.680E+00    0.434E+00    0.110E+01    0.776E-01    0.120E+00    0.431E-01    0.431E-01    0.577E-02    0.577E-02    0.000E+00    0.000E+00
     3.244     0.131    0.681E+00    0.433E+00    0.109E+01    0.770E-01    0.120E+00    0.427E-01    0.427E-01    0.569E-02    0.569E-02    0.000E+00    0.000E+00
     3.244     0.132    0.682E+00    0.433E+00    0.108E+01    0.763E-01    0.119E+00    0.424E-01    0.424E-01    0.562E-02    0.562E-02    0.000E+00    0.000E+00
     3.244     0.133    0.683E+00    0.432E+00    0.107E+01    0.757E-01    0.118E+00    0.421E-01    0.421E-01    0.554E-02    0.554E-02    0.000E+00    0.000E+00
     3.244     0.134    0.683E+00    0.431E+00    0.106E+01    0.750E-01    0.117E+00    0.418E-01    0.418E-01    0.547E-02    0.547E-02    0.000E+00    0.000E+00
     3.244     0.135    0.684E+00    0.431E+00    0.105E+01    0.744E-01    0.117E+00    0.414E-01    0.414E-01    0.539E-02    0.539E-02    0.000E+00    0.000E+00
     3.244     0.136    0.685E+00    0.430E+00    0.104E+01    0.738E-01    0.116E+00    0.411E-01    0.411E-01    0.532E-02    0.532E-02    0.000E+00    0.000E+00
     3.244     0.137    0.686E+00    0.430E+00    0.103E+01    0.732E-01    0.115E+00    0.408E-01    0.408E-01    0.525E-02    0.525E-02    0.000E+00    0.000E+00
     3.244     0.138    0.686E+00    0.429E+00    0.102E+01    0.726E-01    0.114E+00    0.405E-01    0.405E-01    0.518E-02    0.518E-02    0.000E+00    0.000E+00
     3.244     0.139    0.687E+00    0.428E+00    0.101E+01    0.720E-01    0.114E+00    0.402E-01    0.402E-01    0.511E-02    0.511E-02    0.000E+00    0.000E+00
     3.244     0.140    0.688E+00    0.428E+00    0.996E+00    0.714E-01    0.113E+00    0.399E-01    0.399E-01    0.505E-02    0.505E-02    0.000E+00    0.000E+00
     3.244     0.141    0.688E+00    0.427E+00    0.986E+00    0.708E-01    0.112E+00    0.396E-01    0.396E-01    0.498E-02    0.498E-02    0.000E+00    0.000E+00
     3.244     0.142    0.689E+00    0.426E+00    0.976E+00    0.702E-01    0.111E+00    0.393E-01    0.393E-01    0.491E-02    0.491E-02    0.000E+00    0.000E+00
     3.244     0.143    0.690E+00    0.426E+00    0.967E+00    0.696E-01    0.111E+00    0.390E-01    0.390E-01    0.485E-02    0.485E-02    0.000E+00    0.000E+00
     3.244     0.144    0.690E+00    0.425E+00    0.957E+00    0.690E-01    0.110E+00    0.387E-01    0.387E-01    0.479E-02    0.479E-02    0.000E+00    0.000E+00
     3.244     0.145    0.691E+00    0.424E+00    0.948E+00    0.685E-01    0.109E+00    0.384E-01    0.384E-01    0.472E-02    0.472E-02    0.000E+00    0.000E+00
     3.244     0.146    0.692E+00    0.424E+00    0.939E+00    0.679E-01    0.108E+00    0.381E-01    0.381E-01    0.466E-02    0.466E-02    0.000E+00    0.000E+00
     3.244     0.147    0.692E+00    0.423E+00    0.929E+00    0.674E-01    0.108E+00    0.378E-01    0.378E-01    0.460E-02    0.460E-02    0.000E+00    0.000E+00
     3.244     0.148    0.693E+00    0.422E+00    0.920E+00    0.668E-01    0.107E+00    0.375E-01    0.375E-01    0.455E-02    0.455E-02    0.000E+00    0.000E+00
     3.244     0.149    0.693E+00    0.422E+00    0.911E+00    0.663E-01    0.106E+00    0.372E-01    0.372E-01    0.449E-02    0.449E-02    0.000E+00    0.000E+00
     3.244     0.150    0.694E+00    0.421E+00    0.903E+00    0.658E-01    0.105E+00    0.369E-01    0.369E-01    0.443E-02    0.443E-02    0.000E+00    0.000E+00
     3.244     0.151    0.694E+00    0.420E+00    0.894E+00    0.653E-01    0.105E+00    0.366E-01    0.366E-01    0.438E-02    0.438E-02    0.000E+00    0.000E+00
     3.244     0.152    0.695E+00    0.419E+00    0.885E+00    0.648E-01    0.104E+00    0.363E-01    0.363E-01    0.432E-02    0.432E-02    0.000E+00    0.000E+00
     3.244     0.153    0.695E+00    0.419E+00    0.877E+00    0.642E-01    0.103E+00    0.361E-01    0.361E-01    0.427E-02    0.427E-02    0.000E+00    0.000E+00
     3.244     0.154    0.696E+00    0.418E+00    0.868E+00    0.637E-01    0.102E+00    0.358E-01    0.358E-01    0.421E-02    0.421E-02    0.000E+00    0.000E+00
     3.244     0.155    0.696E+00    0.417E+00    0.860E+00    0.632E-01    0.102E+00    0.355E-01    0.355E-01    0.416E-02    0.416E-02    0.000E+00    0.000E+00
     3.244     0.156    0.697E+00    0.417E+00    0.851E+00    0.627E-01    0.101E+00    0.352E-01    0.352E-01    0.411E-02    0.411E-02    0.000E+00    0.000E+00
     3.244     0.157    0.697E+00    0.416E+00    0.843E+00    0.622E-01    0.100E+00    0.349E-01    0.349E-01    0.406E-02    0.406E-02    0.000E+00    0.000E+00
     3.244     0.158    0.698E+00    0.415E+00    0.835E+00    0.618E-01    0.995E-01    0.347E-01    0.347E-01    0.401E-02    0.401E-02    0.000E+00    0.000E+00
     3.244     0.159    0.698E+00    0.414E+00    0.827E+00    0.613E-01    0.988E-01    0.344E-01    0.344E-01    0.396E-02    0.396E-02    0.000E+00    0.000E+00
     3.244     0.160    0.698E+00    0.414E+00    0.819E+00    0.608E-01    0.981E-01    0.341E-01    0.341E-01    0.391E-02    0.391E-02    0.000E+00    0.000E+00
     3.244     0.161    0.699E+00    0.413E+00    0.811E+00    0.603E-01    0.973E-01    0.338E-01    0.338E-01    0.386E-02    0.386E-02    0.000E+00    0.000E+00
     3.244     0.162    0.699E+00    0.412E+00    0.804E+00    0.599E-01    0.966E-01    0.336E-01    0.336E-01    0.381E-02    0.381E-02    0.000E+00    0.000E+00
     3.244     0.163    0.700E+00    0.411E+00    0.796E+00    0.594E-01    0.959E-01    0.333E-01    0.333E-01    0.376E-02    0.376E-02    0.000E+00    0.000E+00
     3.244     0.164    0.700E+00    0.411E+00    0.788E+00    0.590E-01    0.951E-01    0.331E-01    0.331E-01    0.372E-02    0.372E-02    0.000E+00    0.000E+00
     3.244     0.165    0.700E+00    0.410E+00    0.781E+00    0.585E-01    0.944E-01    0.328E-01    0.328E-01    0.367E-02    0.367E-02    0.000E+00    0.000E+00
     3.244     0.166    0.701E+00    0.409E+00    0.774E+00    0.581E-01    0.937E-01    0.325E-01    0.325E-01    0.363E-02    0.363E-02    0.000E+00    0.000E+00
     3.244     0.167    0.701E+00    0.408E+00    0.766E+00    0.576E-01    0.930E-01    0.323E-01    0.323E-01    0.359E-02    0.359E-02    0.000E+00    0.000E+00
     3.244     0.168    0.701E+00    0.407E+00    0.759E+00    0.572E-01    0.922E-01    0.320E-01    0.320E-01    0.354E-02    0.354E-02    0.000E+00    0.000E+00
     3.244     0.169    0.701E+00    0.407E+00    0.752E+00    0.568E-01    0.915E-01    0.318E-01    0.318E-01    0.350E-02    0.350E-02    0.000E+00    0.000E+00
     3.244     0.170    0.702E+00    0.406E+00    0.745E+00    0.564E-01    0.908E-01    0.315E-01    0.315E-01    0.346E-02    0.346E-02    0.000E+00    0.000E+00
     3.244     0.171    0.702E+00    0.405E+00    0.738E+00    0.559E-01    0.901E-01    0.313E-01    0.313E-01    0.342E-02    0.342E-02    0.000E+00    0.000E+00
     3.244     0.172    0.702E+00    0.404E+00    0.731E+00    0.555E-01    0.893E-01    0.310E-01    0.310E-01    0.338E-02    0.338E-02    0.000E+00    0.000E+00
     3.244     0.173    0.702E+00    0.404E+00    0.724E+00    0.551E-01    0.886E-01    0.307E-01    0.307E-01    0.334E-02    0.334E-02    0.000E+00    0.000E+00
     3.244     0.174    0.702E+00    0.403E+00    0.717E+00    0.547E-01    0.879E-01    0.305E-01    0.305E-01    0.330E-02    0.330E-02    0.000E+00    0.000E+00
     3.244     0.175    0.703E+00    0.402E+00    0.711E+00    0.543E-01    0.872E-01    0.303E-01    0.303E-01    0.326E-02    0.326E-02    0.000E+00    0.000E+00
     3.244     0.176    0.703E+00    0.401E+00    0.704E+00    0.539E-01    0.865E-01    0.300E-01    0.300E-01    0.322E-02    0.322E-02    0.000E+00    0.000E+00
     3.244     0.177    0.703E+00    0.400E+00    0.698E+00    0.535E-01    0.858E-01    0.298E-01    0.298E-01    0.318E-02    0.318E-02    0.000E+00    0.000E+00
     3.244     0.178    0.703E+00    0.400E+00    0.691E+00    0.531E-01    0.851E-01    0.295E-01    0.295E-01    0.314E-02    0.314E-02    0.000E+00    0.000E+00
     3.244     0.179    0.703E+00    0.399E+00    0.685E+00    0.527E-01    0.844E-01    0.293E-01    0.293E-01    0.311E-02    0.311E-02    0.000E+00    0.000E+00
     3.244     0.180    0.703E+00    0.398E+00    0.679E+00    0.523E-01    0.837E-01    0.290E-01    0.290E-01    0.307E-02    0.307E-02    0.000E+00    0.000E+00
     3.244     0.181    0.703E+00    0.397E+00    0.672E+00    0.519E-01    0.830E-01    0.288E-01    0.288E-01    0.304E-02    0.304E-02    0.000E+00    0.000E+00
     3.244     0.182    0.704E+00    0.396E+00    0.666E+00    0.516E-01    0.823E-01    0.286E-01    0.286E-01    0.300E-02    0.300E-02    0.000E+00    0.000E+00
     3.244     0.183    0.704E+00    0.395E+00    0.660E+00    0.512E-01    0.816E-01    0.283E-01    0.283E-01    0.297E-02    0.297E-02    0.000E+00    0.000E+00
     3.244     0.184    0.704E+00    0.395E+00    0.654E+00    0.508E-01    0.809E-01    0.281E-01    0.281E-01    0.293E-02    0.293E-02    0.000E+00    0.000E+00
     3.244     0.185    0.704E+00    0.394E+00    0.649E+00    0.505E-01    0.802E-01    0.279E-01    0.279E-01    0.290E-02    0.290E-02    0.000E+00    0.000E+00
     3.244     0.186    0.704E+00    0.393E+00    0.643E+00    0.501E-01    0.796E-01    0.276E-01    0.276E-01    0.287E-02    0.287E-02    0.000E+00    0.000E+00
     3.244     0.187    0.704E+00    0.392E+00    0.637E+00    0.497E-01    0.789E-01    0.274E-01    0.274E-01    0.283E-02    0.283E-02    0.000E+00    0.000E+00
     3.244     0.188    0.704E+00    0.391E+00    0.631E+00    0.494E-01    0.782E-01    0.272E-01    0.272E-01    0.280E-02    0.280E-02    0.000E+00    0.000E+00
     3.244     0.189    0.704E+00    0.391E+00    0.625E+00    0.490E-01    0.775E-01    0.270E-01    0.270E-01    0.277E-02    0.277E-02    0.000E+00    0.000E+00
     3.244     0.190    0.704E+00    0.390E+00    0.620E+00    0.487E-01    0.769E-01    0.267E-01    0.267E-01    0.274E-02    0.274E-02    0.000E+00    0.000E+00
     3.244     0.191    0.704E+00    0.389E+00    0.614E+00    0.483E-01    0.762E-01    0.265E-01    0.265E-01    0.271E-02    0.271E-02    0.000E+00    0.000E+00
     3.244     0.192    0.704E+00    0.388E+00    0.609E+00    0.480E-01    0.755E-01    0.263E-01    0.263E-01    0.268E-02    0.268E-02    0.000E+00    0.000E+00
     3.244     0.193    0.704E+00    0.387E+00    0.603E+00    0.476E-01    0.749E-01    0.261E-01    0.261E-01    0.265E-02    0.265E-02    0.000E+00    0.000E+00
     3.244     0.194    0.703E+00    0.386E+00    0.598E+00    0.473E-01    0.742E-01    0.259E-01    0.259E-01    0.262E-02    0.262E-02    0.000E+00    0.000E+00
     3.244     0.195    0.703E+00    0.385E+00    0.593E+00    0.469E-01    0.735E-01    0.256E-01    0.256E-01    0.259E-02    0.259E-02    0.000E+00    0.000E+00
     3.244     0.196    0.703E+00    0.385E+00    0.588E+00    0.466E-01    0.729E-01    0.254E-01    0.254E-01    0.256E-02    0.256E-02    0.000E+00    0.000E+00
     3.244     0.197    0.703E+00    0.384E+00    0.583E+00    0.463E-01    0.722E-01    0.252E-01    0.252E-01    0.253E-02    0.253E-02    0.000E+00    0.000E+00
     3.244     0.198    0.703E+00    0.383E+00    0.577E+00    0.459E-01    0.716E-01    0.250E-01    0.250E-01    0.250E-02    0.250E-02    0.000E+00    0.000E+00
     3.244     0.199    0.703E+00    0.382E+00    0.572E+00    0.456E-01    0.710E-01    0.248E-01    0.248E-01    0.248E-02    0.248E-02    0.000E+00    0.000E+00
     3.244     0.200    0.703E+00    0.381E+00    0.567E+00    0.453E-01    0.703E-01    0.246E-01    0.246E-01    0.245E-02    0.245E-02    0.000E+00    0.000E+00
     3.244     0.201    0.702E+00    0.380E+00    0.563E+00    0.450E-01    0.697E-01    0.244E-01    0.244E-01    0.242E-02    0.242E-02    0.000E+00    0.000E+00
     3.244     0.202    0.702E+00    0.380E+00    0.558E+00    0.447E-01    0.690E-01    0.242E-01    0.242E-01    0.240E-02    0.240E-02    0.000E+00    0.000E+00
     3.244     0.203    0.702E+00    0.379E+00    0.553E+00    0.443E-01    0.684E-01    0.240E-01    0.240E-01    0.237E-02    0.237E-02    0.000E+00    0.000E+00
     3.244     0.204    0.702E+00    0.378E+00    0.548E+00    0.440E-01    0.678E-01    0.238E-01    0.238E-01    0.234E-02    0.234E-02    0.000E+00    0.000E+00
     3.244     0.205    0.702E+00    0.377E+00    0.543E+00    0.437E-01    0.672E-01    0.236E-01    0.236E-01    0.232E-02    0.232E-02    0.000E+00    0.000E+00
     3.244     0.206    0.701E+00    0.376E+00    0.539E+00    0.434E-01    0.665E-01    0.234E-01    0.234E-01    0.229E-02    0.229E-02    0.000E+00    0.000E+00
     3.244     0.207    0.701E+00    0.375E+00    0.534E+00    0.431E-01    0.659E-01    0.232E-01    0.232E-01    0.227E-02    0.227E-02    0.000E+00    0.000E+00
     3.244     0.208    0.701E+00    0.374E+00    0.530E+00    0.428E-01    0.653E-01    0.230E-01    0.230E-01    0.224E-02    0.224E-02    0.000E+00    0.000E+00
     3.244     0.209    0.701E+00    0.373E+00    0.525E+00    0.425E-01    0.647E-01    0.228E-01    0.228E-01    0.222E-02    0.222E-02    0.000E+00    0.000E+00
     3.244     0.210    0.700E+00    0.373E+00    0.521E+00    0.422E-01    0.641E-01    0.226E-01    0.226E-01    0.220E-02    0.220E-02    0.000E+00    0.000E+00
     3.244     0.211    0.700E+00    0.372E+00    0.516E+00    0.419E-01    0.635E-01    0.224E-01    0.224E-01    0.217E-02    0.217E-02    0.000E+00    0.000E+00
     3.244     0.212    0.700E+00    0.371E+00    0.512E+00    0.416E-01    0.629E-01    0.222E-01    0.222E-01    0.215E-02    0.215E-02    0.000E+00    0.000E+00
     3.244     0.213    0.699E+00    0.370E+00    0.508E+00    0.413E-01    0.623E-01    0.220E-01    0.220E-01    0.213E-02    0.213E-02    0.000E+00    0.000E+00
     3.244     0.214    0.699E+00    0.369E+00    0.503E+00    0.410E-01    0.617E-01    0.218E-01    0.218E-01    0.210E-02    0.210E-02    0.000E+00    0.000E+00
     3.244     0.215    0.699E+00    0.368E+00    0.499E+00    0.407E-01    0.611E-01    0.216E-01    0.216E-01    0.208E-02    0.208E-02    0.000E+00    0.000E+00
     3.244     0.216    0.698E+00    0.367E+00    0.495E+00    0.404E-01    0.606E-01    0.214E-01    0.214E-01    0.206E-02    0.206E-02    0.000E+00    0.000E+00
     3.244     0.217    0.698E+00    0.366E+00    0.491E+00    0.401E-01    0.600E-01    0.212E-01    0.212E-01    0.204E-02    0.204E-02    0.000E+00    0.000E+00
     3.244     0.218    0.697E+00    0.366E+00    0.487E+00    0.398E-01    0.594E-01    0.211E-01    0.211E-01    0.202E-02    0.202E-02    0.000E+00    0.000E+00
     3.244     0.219    0.697E+00    0.365E+00    0.483E+00    0.395E-01    0.588E-01    0.209E-01    0.209E-01    0.199E-02    0.199E-02    0.000E+00    0.000E+00
     3.244     0.220    0.697E+00    0.364E+00    0.479E+00    0.393E-01    0.583E-01    0.207E-01    0.207E-01    0.197E-02    0.197E-02    0.000E+00    0.000E+00
     3.244     0.221    0.696E+00    0.363E+00    0.475E+00    0.390E-01    0.577E-01    0.205E-01    0.205E-01    0.195E-02    0.195E-02    0.000E+00    0.000E+00
     3.244     0.222    0.696E+00    0.362E+00    0.471E+00    0.387E-01    0.571E-01    0.203E-01    0.203E-01    0.193E-02    0.193E-02    0.000E+00    0.000E+00
     3.244     0.223    0.695E+00    0.361E+00    0.467E+00    0.384E-01    0.566E-01    0.201E-01    0.201E-01    0.191E-02    0.191E-02    0.000E+00    0.000E+00
     3.244     0.224    0.695E+00    0.360E+00    0.463E+00    0.381E-01    0.560E-01    0.200E-01    0.200E-01    0.189E-02    0.189E-02    0.000E+00    0.000E+00
     3.244     0.225    0.694E+00    0.359E+00    0.460E+00    0.379E-01    0.555E-01    0.198E-01    0.198E-01    0.187E-02    0.187E-02    0.000E+00    0.000E+00
     3.244     0.226    0.694E+00    0.358E+00    0.456E+00    0.376E-01    0.549E-01    0.196E-01    0.196E-01    0.185E-02    0.185E-02    0.000E+00    0.000E+00
     3.244     0.227    0.693E+00    0.357E+00    0.452E+00    0.373E-01    0.544E-01    0.194E-01    0.194E-01    0.183E-02    0.183E-02    0.000E+00    0.000E+00
     3.244     0.228    0.693E+00    0.357E+00    0.449E+00    0.371E-01    0.539E-01    0.193E-01    0.193E-01    0.181E-02    0.181E-02    0.000E+00    0.000E+00
     3.244     0.229    0.692E+00    0.356E+00    0.445E+00    0.368E-01    0.533E-01    0.191E-01    0.191E-01    0.179E-02    0.179E-02    0.000E+00    0.000E+00
     3.244     0.230    0.692E+00    0.355E+00    0.442E+00    0.365E-01    0.528E-01    0.189E-01    0.189E-01    0.178E-02    0.178E-02    0.000E+00    0.000E+00
     3.244     0.231    0.691E+00    0.354E+00    0.438E+00    0.363E-01    0.523E-01    0.188E-01    0.188E-01    0.176E-02    0.176E-02    0.000E+00    0.000E+00
     3.244     0.232    0.691E+00    0.353E+00    0.435E+00    0.360E-01    0.517E-01    0.186E-01    0.186E-01    0.174E-02    0.174E-02    0.000E+00    0.000E+00
     3.244     0.233    0.690E+00    0.352E+00    0.431E+00    0.357E-01    0.512E-01    0.184E-01    0.184E-01    0.172E-02    0.172E-02    0.000E+00    0.000E+00
     3.244     0.234    0.689E+00    0.351E+00    0.428E+00    0.355E-01    0.507E-01    0.183E-01    0.183E-01    0.170E-02    0.170E-02    0.000E+00    0.000E+00
     3.244     0.235    0.689E+00    0.350E+00    0.424E+00    0.352E-01    0.502E-01    0.181E-01    0.181E-01    0.169E-02    0.169E-02    0.000E+00    0.000E+00
     3.244     0.236    0.688E+00    0.349E+00    0.421E+00    0.350E-01    0.497E-01    0.179E-01    0.179E-01    0.167E-02    0.167E-02    0.000E+00    0.000E+00
     3.244     0.237    0.688E+00    0.348E+00    0.418E+00    0.347E-01    0.492E-01    0.178E-01    0.178E-01    0.165E-02    0.165E-02    0.000E+00    0.000E+00
     3.244     0.238    0.687E+00    0.347E+00    0.415E+00    0.345E-01    0.487E-01    0.176E-01    0.176E-01    0.164E-02    0.164E-02    0.000E+00    0.000E+00
     3.244     0.239    0.686E+00    0.347E+00    0.411E+00    0.342E-01    0.482E-01    0.175E-01    0.175E-01    0.162E-02    0.162E-02    0.000E+00    0.000E+00
     3.244     0.240    0.686E+00    0.346E+00    0.408E+00    0.340E-01    0.477E-01    0.173E-01    0.173E-01    0.160E-02    0.160E-02    0.000E+00    0.000E+00
     3.244     0.241    0.685E+00    0.345E+00    0.405E+00    0.337E-01    0.472E-01    0.171E-01    0.171E-01    0.159E-02    0.159E-02    0.000E+00    0.000E+00
     3.244     0.242    0.684E+00    0.344E+00    0.402E+00    0.335E-01    0.467E-01    0.170E-01    0.170E-01    0.157E-02    0.157E-02    0.000E+00    0.000E+00
     3.244     0.243    0.684E+00    0.343E+00    0.399E+00    0.332E-01    0.462E-01    0.168E-01    0.168E-01    0.155E-02    0.155E-02    0.000E+00    0.000E+00
     3.244     0.244    0.683E+00    0.342E+00    0.396E+00    0.330E-01    0.458E-01    0.167E-01    0.167E-01    0.154E-02    0.154E-02    0.000E+00    0.000E+00
     3.244     0.245    0.682E+00    0.341E+00    0.393E+00    0.327E-01    0.453E-01    0.165E-01    0.165E-01    0.152E-02    0.152E-02    0.000E+00    0.000E+00
     3.244     0.246    0.681E+00    0.340E+00    0.390E+00    0.325E-01    0.448E-01    0.164E-01    0.164E-01    0.151E-02    0.151E-02    0.000E+00    0.000E+00
     3.244     0.247    0.681E+00    0.339E+00    0.387E+00    0.322E-01    0.444E-01    0.162E-01    0.162E-01    0.149E-02    0.149E-02    0.000E+00    0.000E+00
     3.244     0.248    0.680E+00    0.338E+00    0.384E+00    0.320E-01    0.439E-01    0.161E-01    0.161E-01    0.148E-02    0.148E-02    0.000E+00    0.000E+00
     3.244     0.249    0.679E+00    0.337E+00    0.381E+00    0.317E-01    0.434E-01    0.159E-01    0.159E-01    0.146E-02    0.146E-02    0.000E+00    0.000E+00
     3.244     0.250    0.678E+00    0.336E+00    0.378E+00    0.315E-01    0.430E-01    0.158E-01    0.158E-01    0.145E-02    0.145E-02    0.000E+00    0.000E+00
     3.244     0.251    0.678E+00    0.335E+00    0.375E+00    0.313E-01    0.425E-01    0.156E-01    0.156E-01    0.143E-02    0.143E-02    0.000E+00    0.000E+00
     3.244     0.252    0.677E+00    0.334E+00    0.372E+00    0.310E-01    0.421E-01    0.155E-01    0.155E-01    0.142E-02    0.142E-02    0.000E+00    0.000E+00
     3.244     0.253    0.676E+00    0.333E+00    0.370E+00    0.308E-01    0.417E-01    0.153E-01    0.153E-01    0.140E-02    0.140E-02    0.000E+00    0.000E+00
     3.244     0.254    0.675E+00    0.333E+00    0.367E+00    0.306E-01    0.412E-01    0.152E-01    0.152E-01    0.139E-02    0.139E-02    0.000E+00    0.000E+00
     3.244     0.255    0.674E+00    0.332E+00    0.364E+00    0.303E-01    0.408E-01    0.150E-01    0.150E-01    0.137E-02    0.137E-02    0.000E+00    0.000E+00
     3.244     0.256    0.673E+00    0.331E+00    0.361E+00    0.301E-01    0.403E-01    0.149E-01    0.149E-01    0.136E-02    0.136E-02    0.000E+00    0.000E+00
     3.244     0.257    0.673E+00    0.330E+00    0.359E+00    0.299E-01    0.399E-01    0.148E-01    0.148E-01    0.135E-02    0.135E-02    0.000E+00    0.000E+00
     3.244     0.258    0.672E+00    0.329E+00    0.356E+00    0.296E-01    0.395E-01    0.146E-01    0.146E-01    0.133E-02    0.133E-02    0.000E+00    0.000E+00
     3.244     0.259    0.671E+00    0.328E+00    0.353E+00    0.294E-01    0.391E-01    0.145E-01    0.145E-01    0.132E-02    0.132E-02    0.000E+00    0.000E+00
     3.244     0.260    0.670E+00    0.327E+00    0.351E+00    0.292E-01    0.387E-01    0.144E-01    0.144E-01    0.131E-02    0.131E-02    0.000E+00    0.000E+00
     3.244     0.261    0.669E+00    0.326E+00    0.348E+00    0.289E-01    0.382E-01    0.142E-01    0.142E-01    0.129E-02    0.129E-02    0.000E+00    0.000E+00
     3.244     0.262    0.668E+00    0.325E+00    0.346E+00    0.287E-01    0.378E-01    0.141E-01    0.141E-01    0.128E-02    0.128E-02    0.000E+00    0.000E+00
     3.244     0.263    0.667E+00    0.324E+00    0.343E+00    0.285E-01    0.374E-01    0.139E-01    0.139E-01    0.127E-02    0.127E-02    0.000E+00    0.000E+00
     3.244     0.264    0.666E+00    0.323E+00    0.341E+00    0.283E-01    0.370E-01    0.138E-01    0.138E-01    0.125E-02    0.125E-02    0.000E+00    0.000E+00
     3.244     0.265    0.665E+00    0.322E+00    0.338E+00    0.281E-01    0.366E-01    0.137E-01    0.137E-01    0.124E-02    0.124E-02    0.000E+00    0.000E+00
     3.244     0.266    0.665E+00    0.321E+00    0.336E+00    0.278E-01    0.362E-01    0.136E-01    0.136E-01    0.123E-02    0.123E-02    0.000E+00    0.000E+00
     3.244     0.267    0.664E+00    0.320E+00    0.333E+00    0.276E-01    0.358E-01    0.134E-01    0.134E-01    0.122E-02    0.122E-02    0.000E+00    0.000E+00
     3.244     0.268    0.663E+00    0.319E+00    0.331E+00    0.274E-01    0.355E-01    0.133E-01    0.133E-01    0.120E-02    0.120E-02    0.000E+00    0.000E+00
     3.244     0.269    0.662E+00    0.318E+00    0.328E+00    0.272E-01    0.351E-01    0.132E-01    0.132E-01    0.119E-02    0.119E-02    0.000E+00    0.000E+00
     3.244     0.270    0.661E+00    0.317E+00    0.326E+00    0.270E-01    0.347E-01    0.130E-01    0.130E-01    0.118E-02    0.118E-02    0.000E+00    0.000E+00
     3.244     0.271    0.660E+00    0.316E+00    0.324E+00    0.267E-01    0.343E-01    0.129E-01    0.129E-01    0.117E-02    0.117E-02    0.000E+00    0.000E+00
     3.244     0.272    0.659E+00    0.315E+00    0.321E+00    0.265E-01    0.339E-01    0.128E-01    0.128E-01    0.116E-02    0.116E-02    0.000E+00    0.000E+00
     3.244     0.273    0.658E+00    0.314E+00    0.319E+00    0.263E-01    0.336E-01    0.127E-01    0.127E-01    0.115E-02    0.115E-02    0.000E+00    0.000E+00
     3.244     0.274    0.657E+00    0.313E+00    0.317E+00    0.261E-01    0.332E-01    0.125E-01    0.125E-01    0.113E-02    0.113E-02    0.000E+00    0.000E+00
     3.244     0.275    0.656E+00    0.312E+00    0.315E+00    0.259E-01    0.328E-01    0.124E-01    0.124E-01    0.112E-02    0.112E-02    0.000E+00    0.000E+00
     3.244     0.276    0.655E+00    0.311E+00    0.312E+00    0.257E-01    0.325E-01    0.123E-01    0.123E-01    0.111E-02    0.111E-02    0.000E+00    0.000E+00
     3.244     0.277    0.654E+00    0.310E+00    0.310E+00    0.255E-01    0.321E-01    0.122E-01    0.122E-01    0.110E-02    0.110E-02    0.000E+00    0.000E+00
     3.244     0.278    0.653E+00    0.309E+00    0.308E+00    0.253E-01    0.318E-01    0.121E-01    0.121E-01    0.109E-02    0.109E-02    0.000E+00    0.000E+00
     3.244     0.279    0.652E+00    0.308E+00    0.306E+00    0.250E-01    0.314E-01    0.119E-01    0.119E-01    0.108E-02    0.108E-02    0.000E+00    0.000E+00
     3.244     0.280    0.650E+00    0.307E+00    0.304E+00    0.248E-01    0.311E-01    0.118E-01    0.118E-01    0.107E-02    0.107E-02    0.000E+00    0.000E+00
     3.244     0.281    0.649E+00    0.306E+00    0.302E+00    0.246E-01    0.307E-01    0.117E-01    0.117E-01    0.106E-02    0.106E-02    0.000E+00    0.000E+00
     3.244     0.282    0.648E+00    0.305E+00    0.299E+00    0.244E-01    0.304E-01    0.116E-01    0.116E-01    0.105E-02    0.105E-02    0.000E+00    0.000E+00
     3.244     0.283    0.647E+00    0.304E+00    0.297E+00    0.242E-01    0.301E-01    0.115E-01    0.115E-01    0.104E-02    0.104E-02    0.000E+00    0.000E+00
     3.244     0.284    0.646E+00    0.303E+00    0.295E+00    0.240E-01    0.297E-01    0.114E-01    0.114E-01    0.102E-02    0.102E-02    0.000E+00    0.000E+00
     3.244     0.285    0.645E+00    0.302E+00    0.293E+00    0.238E-01    0.294E-01    0.112E-01    0.112E-01    0.101E-02    0.101E-02    0.000E+00    0.000E+00
     3.244     0.286    0.644E+00    0.301E+00    0.291E+00    0.236E-01    0.291E-01    0.111E-01    0.111E-01    0.100E-02    0.100E-02    0.000E+00    0.000E+00
     3.244     0.287    0.643E+00    0.300E+00    0.289E+00    0.234E-01    0.287E-01    0.110E-01    0.110E-01    0.994E-03    0.994E-03    0.000E+00    0.000E+00
     3.244     0.288    0.642E+00    0.299E+00    0.287E+00    0.232E-01    0.284E-01    0.109E-01    0.109E-01    0.984E-03    0.984E-03    0.000E+00    0.000E+00
     3.244     0.289    0.641E+00    0.298E+00    0.285E+00    0.230E-01    0.281E-01    0.108E-01    0.108E-01    0.974E-03    0.974E-03    0.000E+00    0.000E+00
     3.244     0.290    0.639E+00    0.297E+00    0.283E+00    0.228E-01    0.278E-01    0.107E-01    0.107E-01    0.964E-03    0.964E-03    0.000E+00    0.000E+00
     3.244     0.291    0.638E+00    0.296E+00    0.281E+00    0.226E-01    0.275E-01    0.106E-01    0.106E-01    0.954E-03    0.954E-03    0.000E+00    0.000E+00
     3.244     0.292    0.637E+00    0.295E+00    0.279E+00    0.224E-01    0.272E-01    0.105E-01    0.105E-01    0.945E-03    0.945E-03    0.000E+00    0.000E+00
     3.244     0.293    0.636E+00    0.294E+00    0.277E+00    0.222E-01    0.269E-01    0.104E-01    0.104E-01    0.935E-03    0.935E-03    0.000E+00    0.000E+00
     3.244     0.294    0.635E+00    0.293E+00    0.275E+00    0.220E-01    0.266E-01    0.103E-01    0.103E-01    0.926E-03    0.926E-03    0.000E+00    0.000E+00
     3.244     0.295    0.633E+00    0.292E+00    0.274E+00    0.218E-01    0.263E-01    0.102E-01    0.102E-01    0.916E-03    0.916E-03    0.000E+00    0.000E+00
     3.244     0.296    0.632E+00    0.291E+00    0.272E+00    0.217E-01    0.260E-01    0.101E-01    0.101E-01    0.907E-03    0.907E-03    0.000E+00    0.000E+00
     3.244     0.297    0.631E+00    0.290E+00    0.270E+00    0.215E-01    0.257E-01    0.996E-02    0.996E-02    0.898E-03    0.898E-03    0.000E+00    0.000E+00
     3.244     0.298    0.630E+00    0.289E+00    0.268E+00    0.213E-01    0.254E-01    0.986E-02    0.986E-02    0.889E-03    0.889E-03    0.000E+00    0.000E+00
     3.244     0.299    0.629E+00    0.288E+00    0.266E+00    0.211E-01    0.251E-01    0.976E-02    0.976E-02    0.880E-03    0.880E-03    0.000E+00    0.000E+00
     3.244     0.300    0.627E+00    0.287E+00    0.264E+00    0.209E-01    0.248E-01    0.966E-02    0.966E-02    0.871E-03    0.871E-03    0.000E+00    0.000E+00
     3.244     0.301    0.626E+00    0.286E+00    0.263E+00    0.207E-01    0.245E-01    0.956E-02    0.956E-02    0.862E-03    0.862E-03    0.000E+00    0.000E+00
     3.244     0.302    0.625E+00    0.285E+00    0.261E+00    0.205E-01    0.242E-01    0.946E-02    0.946E-02    0.853E-03    0.853E-03    0.000E+00    0.000E+00
     3.244     0.303    0.624E+00    0.284E+00    0.259E+00    0.203E-01    0.240E-01    0.937E-02    0.937E-02    0.844E-03    0.844E-03    0.000E+00    0.000E+00
     3.244     0.304    0.622E+00    0.283E+00    0.257E+00    0.202E-01    0.237E-01    0.927E-02    0.927E-02    0.836E-03    0.836E-03    0.000E+00    0.000E+00
     3.244     0.305    0.621E+00    0.282E+00    0.256E+00    0.200E-01    0.234E-01    0.918E-02    0.918E-02    0.827E-03    0.827E-03    0.000E+00    0.000E+00
     3.244     0.306    0.620E+00    0.281E+00    0.254E+00    0.198E-01    0.232E-01    0.908E-02    0.908E-02    0.819E-03    0.819E-03    0.000E+00    0.000E+00
     3.244     0.307    0.619E+00    0.280E+00    0.252E+00    0.196E-01    0.229E-01    0.899E-02    0.899E-02    0.810E-03    0.810E-03    0.000E+00    0.000E+00
     3.244     0.308    0.617E+00    0.279E+00    0.250E+00    0.194E-01    0.226E-01    0.889E-02    0.889E-02    0.802E-03    0.802E-03    0.000E+00    0.000E+00
     3.244     0.309    0.616E+00    0.278E+00    0.249E+00    0.193E-01    0.224E-01    0.880E-02    0.880E-02    0.794E-03    0.794E-03    0.000E+00    0.000E+00
     3.244     0.310    0.615E+00    0.277E+00    0.247E+00    0.191E-01    0.221E-01    0.871E-02    0.871E-02    0.786E-03    0.786E-03    0.000E+00    0.000E+00
     3.244     0.311    0.614E+00    0.276E+00    0.245E+00    0.189E-01    0.219E-01    0.862E-02    0.862E-02    0.778E-03    0.778E-03    0.000E+00    0.000E+00
     3.244     0.312    0.612E+00    0.275E+00    0.244E+00    0.187E-01    0.216E-01    0.853E-02    0.853E-02    0.770E-03    0.770E-03    0.000E+00    0.000E+00
     3.244     0.313    0.611E+00    0.274E+00    0.242E+00    0.185E-01    0.214E-01    0.844E-02    0.844E-02    0.762E-03    0.762E-03    0.000E+00    0.000E+00
     3.244     0.314    0.610E+00    0.273E+00    0.240E+00    0.184E-01    0.211E-01    0.835E-02    0.835E-02    0.754E-03    0.754E-03    0.000E+00    0.000E+00
     3.244     0.315    0.608E+00    0.272E+00    0.239E+00    0.182E-01    0.209E-01    0.826E-02    0.826E-02    0.746E-03    0.746E-03    0.000E+00    0.000E+00
     3.244     0.316    0.607E+00    0.271E+00    0.237E+00    0.180E-01    0.206E-01    0.817E-02    0.817E-02    0.739E-03    0.739E-03    0.000E+00    0.000E+00
     3.244     0.317    0.606E+00    0.270E+00    0.236E+00    0.179E-01    0.204E-01    0.809E-02    0.809E-02    0.731E-03    0.731E-03    0.000E+00    0.000E+00
     3.244     0.318    0.604E+00    0.269E+00    0.234E+00    0.177E-01    0.202E-01    0.800E-02    0.800E-02    0.723E-03    0.723E-03    0.000E+00    0.000E+00
     3.244     0.319    0.603E+00    0.268E+00    0.233E+00    0.175E-01    0.199E-01    0.792E-02    0.792E-02    0.716E-03    0.716E-03    0.000E+00    0.000E+00
     3.244     0.320    0.601E+00    0.267E+00    0.231E+00    0.174E-01    0.197E-01    0.783E-02    0.783E-02    0.708E-03    0.708E-03    0.000E+00    0.000E+00
     3.244     0.321    0.600E+00    0.266E+00    0.229E+00    0.172E-01    0.195E-01    0.775E-02    0.775E-02    0.701E-03    0.701E-03    0.000E+00    0.000E+00
     3.244     0.322    0.599E+00    0.265E+00    0.228E+00    0.170E-01    0.192E-01    0.767E-02    0.767E-02    0.694E-03    0.694E-03    0.000E+00    0.000E+00
     3.244     0.323    0.597E+00    0.264E+00    0.226E+00    0.169E-01    0.190E-01    0.758E-02    0.758E-02    0.687E-03    0.687E-03    0.000E+00    0.000E+00
     3.244     0.324    0.596E+00    0.263E+00    0.225E+00    0.167E-01    0.188E-01    0.750E-02    0.750E-02    0.679E-03    0.679E-03    0.000E+00    0.000E+00
     3.244     0.325    0.595E+00    0.262E+00    0.223E+00    0.165E-01    0.186E-01    0.742E-02    0.742E-02    0.672E-03    0.672E-03    0.000E+00    0.000E+00
     3.244     0.326    0.593E+00    0.261E+00    0.222E+00    0.164E-01    0.184E-01    0.734E-02    0.734E-02    0.665E-03    0.665E-03    0.000E+00    0.000E+00
     3.244     0.327    0.592E+00    0.260E+00    0.220E+00    0.162E-01    0.181E-01    0.726E-02    0.726E-02    0.658E-03    0.658E-03    0.000E+00    0.000E+00
     3.244     0.328    0.590E+00    0.258E+00    0.219E+00    0.160E-01    0.179E-01    0.719E-02    0.719E-02    0.651E-03    0.651E-03    0.000E+00    0.000E+00
     3.244     0.329    0.589E+00    0.257E+00    0.217E+00    0.159E-01    0.177E-01    0.711E-02    0.711E-02    0.645E-03    0.645E-03    0.000E+00    0.000E+00
     3.244     0.330    0.588E+00    0.256E+00    0.216E+00    0.157E-01    0.175E-01    0.703E-02    0.703E-02    0.638E-03    0.638E-03    0.000E+00    0.000E+00
     3.244     0.331    0.586E+00    0.255E+00    0.215E+00    0.156E-01    0.173E-01    0.695E-02    0.695E-02    0.631E-03    0.631E-03    0.000E+00    0.000E+00
     3.244     0.332    0.585E+00    0.254E+00    0.213E+00    0.154E-01    0.171E-01    0.688E-02    0.688E-02    0.625E-03    0.625E-03    0.000E+00    0.000E+00
     3.244     0.333    0.583E+00    0.253E+00    0.212E+00    0.153E-01    0.169E-01    0.680E-02    0.680E-02    0.618E-03    0.618E-03    0.000E+00    0.000E+00
     3.244     0.334    0.582E+00    0.252E+00    0.210E+00    0.151E-01    0.167E-01    0.673E-02    0.673E-02    0.611E-03    0.611E-03    0.000E+00    0.000E+00
     3.244     0.335    0.580E+00    0.251E+00    0.209E+00    0.150E-01    0.165E-01    0.666E-02    0.666E-02    0.605E-03    0.605E-03    0.000E+00    0.000E+00
     3.244     0.336    0.579E+00    0.250E+00    0.208E+00    0.148E-01    0.163E-01    0.658E-02    0.658E-02    0.598E-03    0.598E-03    0.000E+00    0.000E+00
     3.244     0.337    0.578E+00    0.249E+00    0.206E+00    0.147E-01    0.161E-01    0.651E-02    0.651E-02    0.592E-03    0.592E-03    0.000E+00    0.000E+00
     3.244     0.338    0.576E+00    0.248E+00    0.205E+00    0.145E-01    0.159E-01    0.644E-02    0.644E-02    0.586E-03    0.586E-03    0.000E+00    0.000E+00
     3.244     0.339    0.575E+00    0.247E+00    0.203E+00    0.144E-01    0.157E-01    0.637E-02    0.637E-02    0.580E-03    0.580E-03    0.000E+00    0.000E+00
     3.244     0.340    0.573E+00    0.246E+00    0.202E+00    0.142E-01    0.155E-01    0.630E-02    0.630E-02    0.573E-03    0.573E-03    0.000E+00    0.000E+00
     3.244     0.341    0.572E+00    0.245E+00    0.201E+00    0.141E-01    0.154E-01    0.623E-02    0.623E-02    0.567E-03    0.567E-03    0.000E+00    0.000E+00
     3.244     0.342    0.570E+00    0.244E+00    0.199E+00    0.139E-01    0.152E-01    0.616E-02    0.616E-02    0.561E-03    0.561E-03    0.000E+00    0.000E+00
     3.244     0.343    0.569E+00    0.243E+00    0.198E+00    0.138E-01    0.150E-01    0.609E-02    0.609E-02    0.555E-03    0.555E-03    0.000E+00    0.000E+00
     3.244     0.344    0.567E+00    0.242E+00    0.197E+00    0.136E-01    0.148E-01    0.602E-02    0.602E-02    0.549E-03    0.549E-03    0.000E+00    0.000E+00
     3.244     0.345    0.566E+00    0.241E+00    0.195E+00    0.135E-01    0.146E-01    0.595E-02    0.595E-02    0.543E-03    0.543E-03    0.000E+00    0.000E+00
     3.244     0.346    0.564E+00    0.240E+00    0.194E+00    0.134E-01    0.145E-01    0.589E-02    0.589E-02    0.537E-03    0.537E-03    0.000E+00    0.000E+00
     3.244     0.347    0.563E+00    0.238E+00    0.193E+00    0.132E-01    0.143E-01    0.582E-02    0.582E-02    0.532E-03    0.532E-03    0.000E+00    0.000E+00
     3.244     0.348    0.561E+00    0.237E+00    0.192E+00    0.131E-01    0.141E-01    0.575E-02    0.575E-02    0.526E-03    0.526E-03    0.000E+00    0.000E+00
     3.244     0.349    0.560E+00    0.236E+00    0.190E+00    0.129E-01    0.140E-01    0.569E-02    0.569E-02    0.520E-03    0.520E-03    0.000E+00    0.000E+00
     3.244     0.350    0.558E+00    0.235E+00    0.189E+00    0.128E-01    0.138E-01    0.563E-02    0.563E-02    0.515E-03    0.515E-03    0.000E+00    0.000E+00
     3.244     0.351    0.557E+00    0.234E+00    0.188E+00    0.127E-01    0.136E-01    0.556E-02    0.556E-02    0.509E-03    0.509E-03    0.000E+00    0.000E+00
     3.244     0.352    0.555E+00    0.233E+00    0.186E+00    0.125E-01    0.135E-01    0.550E-02    0.550E-02    0.503E-03    0.503E-03    0.000E+00    0.000E+00
     3.244     0.353    0.554E+00    0.232E+00    0.185E+00    0.124E-01    0.133E-01    0.544E-02    0.544E-02    0.498E-03    0.498E-03    0.000E+00    0.000E+00
     3.244     0.354    0.552E+00    0.231E+00    0.184E+00    0.123E-01    0.131E-01    0.537E-02    0.537E-02    0.492E-03    0.492E-03    0.000E+00    0.000E+00
     3.244     0.355    0.551E+00    0.230E+00    0.183E+00    0.121E-01    0.130E-01    0.531E-02    0.531E-02    0.487E-03    0.487E-03    0.000E+00    0.000E+00
     3.244     0.356    0.549E+00    0.229E+00    0.182E+00    0.120E-01    0.128E-01    0.525E-02    0.525E-02    0.482E-03    0.482E-03    0.000E+00    0.000E+00
     3.244     0.357    0.548E+00    0.228E+00    0.180E+00    0.119E-01    0.127E-01    0.519E-02    0.519E-02    0.476E-03    0.476E-03    0.000E+00    0.000E+00
     3.244     0.358    0.546E+00    0.227E+00    0.179E+00    0.117E-01    0.125E-01    0.513E-02    0.513E-02    0.471E-03    0.471E-03    0.000E+00    0.000E+00
     3.244     0.359    0.545E+00    0.226E+00    0.178E+00    0.116E-01    0.124E-01    0.507E-02    0.507E-02    0.466E-03    0.466E-03    0.000E+00    0.000E+00
     3.244     0.360    0.543E+00    0.225E+00    0.177E+00    0.115E-01    0.122E-01    0.501E-02    0.501E-02    0.461E-03    0.461E-03    0.000E+00    0.000E+00
     3.244     0.361    0.541E+00    0.224E+00    0.175E+00    0.114E-01    0.121E-01    0.496E-02    0.496E-02    0.456E-03    0.456E-03    0.000E+00    0.000E+00
     3.244     0.362    0.540E+00    0.223E+00    0.174E+00    0.112E-01    0.119E-01    0.490E-02    0.490E-02    0.451E-03    0.451E-03    0.000E+00    0.000E+00
     3.244     0.363    0.538E+00    0.222E+00    0.173E+00    0.111E-01    0.118E-01    0.484E-02    0.484E-02    0.446E-03    0.446E-03    0.000E+00    0.000E+00
     3.244     0.364    0.537E+00    0.221E+00    0.172E+00    0.110E-01    0.116E-01    0.479E-02    0.479E-02    0.441E-03    0.441E-03    0.000E+00    0.000E+00
     3.244     0.365    0.535E+00    0.219E+00    0.171E+00    0.109E-01    0.115E-01    0.473E-02    0.473E-02    0.436E-03    0.436E-03    0.000E+00    0.000E+00
     3.244     0.366    0.534E+00    0.218E+00    0.170E+00    0.107E-01    0.113E-01    0.468E-02    0.468E-02    0.431E-03    0.431E-03    0.000E+00    0.000E+00
     3.244     0.367    0.532E+00    0.217E+00    0.168E+00    0.106E-01    0.112E-01    0.462E-02    0.462E-02    0.426E-03    0.426E-03    0.000E+00    0.000E+00
     3.244     0.368    0.530E+00    0.216E+00    0.167E+00    0.105E-01    0.111E-01    0.457E-02    0.457E-02    0.421E-03    0.421E-03    0.000E+00    0.000E+00
     3.244     0.369    0.529E+00    0.215E+00    0.166E+00    0.104E-01    0.109E-01    0.451E-02    0.451E-02    0.416E-03    0.416E-03    0.000E+00    0.000E+00
     3.244     0.370    0.527E+00    0.214E+00    0.165E+00    0.103E-01    0.108E-01    0.446E-02    0.446E-02    0.412E-03    0.412E-03    0.000E+00    0.000E+00
     3.244     0.371    0.526E+00    0.213E+00    0.164E+00    0.102E-01    0.107E-01    0.441E-02    0.441E-02    0.407E-03    0.407E-03    0.000E+00    0.000E+00
     3.244     0.372    0.524E+00    0.212E+00    0.163E+00    0.100E-01    0.105E-01    0.436E-02    0.436E-02    0.402E-03    0.402E-03    0.000E+00    0.000E+00
     3.244     0.373    0.523E+00    0.211E+00    0.162E+00    0.992E-02    0.104E-01    0.430E-02    0.430E-02    0.398E-03    0.398E-03    0.000E+00    0.000E+00
     3.244     0.374    0.521E+00    0.210E+00    0.161E+00    0.981E-02    0.103E-01    0.425E-02    0.425E-02    0.393E-03    0.393E-03    0.000E+00    0.000E+00
     3.244     0.375    0.519E+00    0.209E+00    0.159E+00    0.970E-02    0.101E-01    0.420E-02    0.420E-02    0.389E-03    0.389E-03    0.000E+00    0.000E+00
     3.244     0.376    0.518E+00    0.208E+00    0.158E+00    0.959E-02    0.100E-01    0.415E-02    0.415E-02    0.384E-03    0.384E-03    0.000E+00    0.000E+00
     3.244     0.377    0.516E+00    0.207E+00    0.157E+00    0.948E-02    0.989E-02    0.410E-02    0.410E-02    0.380E-03    0.380E-03    0.000E+00    0.000E+00
     3.244     0.378    0.515E+00    0.206E+00    0.156E+00    0.937E-02    0.977E-02    0.405E-02    0.405E-02    0.376E-03    0.376E-03    0.000E+00    0.000E+00
     3.244     0.379    0.513E+00    0.205E+00    0.155E+00    0.926E-02    0.965E-02    0.400E-02    0.400E-02    0.371E-03    0.371E-03    0.000E+00    0.000E+00
     3.244     0.380    0.511E+00    0.204E+00    0.154E+00    0.915E-02    0.953E-02    0.396E-02    0.396E-02    0.367E-03    0.367E-03    0.000E+00    0.000E+00
     3.244     0.381    0.510E+00    0.203E+00    0.153E+00    0.905E-02    0.941E-02    0.391E-02    0.391E-02    0.363E-03    0.363E-03    0.000E+00    0.000E+00
     3.244     0.382    0.508E+00    0.202E+00    0.152E+00    0.894E-02    0.929E-02    0.386E-02    0.386E-02    0.359E-03    0.359E-03    0.000E+00    0.000E+00
     3.244     0.383    0.507E+00    0.201E+00    0.151E+00    0.884E-02    0.918E-02    0.381E-02    0.381E-02    0.354E-03    0.354E-03    0.000E+00    0.000E+00
     3.244     0.384    0.505E+00    0.199E+00    0.150E+00    0.873E-02    0.906E-02    0.377E-02    0.377E-02    0.350E-03    0.350E-03    0.000E+00    0.000E+00
     3.244     0.385    0.503E+00    0.198E+00    0.149E+00    0.863E-02    0.895E-02    0.372E-02    0.372E-02    0.346E-03    0.346E-03    0.000E+00    0.000E+00
     3.244     0.386    0.502E+00    0.197E+00    0.148E+00    0.853E-02    0.883E-02    0.368E-02    0.368E-02    0.342E-03    0.342E-03    0.000E+00    0.000E+00
     3.244     0.387    0.500E+00    0.196E+00    0.147E+00    0.843E-02    0.872E-02    0.363E-02    0.363E-02    0.338E-03    0.338E-03    0.000E+00    0.000E+00
     3.244     0.388    0.498E+00    0.195E+00    0.146E+00    0.833E-02    0.861E-02    0.359E-02    0.359E-02    0.334E-03    0.334E-03    0.000E+00    0.000E+00
     3.244     0.389    0.497E+00    0.194E+00    0.145E+00    0.823E-02    0.850E-02    0.354E-02    0.354E-02    0.330E-03    0.330E-03    0.000E+00    0.000E+00
     3.244     0.390    0.495E+00    0.193E+00    0.144E+00    0.813E-02    0.840E-02    0.350E-02    0.350E-02    0.326E-03    0.326E-03    0.000E+00    0.000E+00
     3.244     0.391    0.494E+00    0.192E+00    0.143E+00    0.803E-02    0.829E-02    0.346E-02    0.346E-02    0.322E-03    0.322E-03    0.000E+00    0.000E+00
     3.244     0.392    0.492E+00    0.191E+00    0.142E+00    0.794E-02    0.819E-02    0.342E-02    0.342E-02    0.319E-03    0.319E-03    0.000E+00    0.000E+00
     3.244     0.393    0.490E+00    0.190E+00    0.141E+00    0.784E-02    0.808E-02    0.337E-02    0.337E-02    0.315E-03    0.315E-03    0.000E+00    0.000E+00
     3.244     0.394    0.489E+00    0.189E+00    0.140E+00    0.775E-02    0.798E-02    0.333E-02    0.333E-02    0.311E-03    0.311E-03    0.000E+00    0.000E+00
     3.244     0.395    0.487E+00    0.188E+00    0.139E+00    0.765E-02    0.788E-02    0.329E-02    0.329E-02    0.307E-03    0.307E-03    0.000E+00    0.000E+00
     3.244     0.396    0.485E+00    0.187E+00    0.138E+00    0.756E-02    0.778E-02    0.325E-02    0.325E-02    0.304E-03    0.304E-03    0.000E+00    0.000E+00
     3.244     0.397    0.484E+00    0.186E+00    0.137E+00    0.747E-02    0.768E-02    0.321E-02    0.321E-02    0.300E-03    0.300E-03    0.000E+00    0.000E+00
     3.244     0.398    0.482E+00    0.185E+00    0.136E+00    0.738E-02    0.758E-02    0.317E-02    0.317E-02    0.296E-03    0.296E-03    0.000E+00    0.000E+00
     3.244     0.399    0.480E+00    0.184E+00    0.135E+00    0.729E-02    0.748E-02    0.313E-02    0.313E-02    0.293E-03    0.293E-03    0.000E+00    0.000E+00
     3.244     0.400    0.479E+00    0.183E+00    0.134E+00    0.720E-02    0.738E-02    0.309E-02    0.309E-02    0.289E-03    0.289E-03    0.000E+00    0.000E+00
     3.244     0.401    0.477E+00    0.182E+00    0.133E+00    0.711E-02    0.729E-02    0.305E-02    0.305E-02    0.286E-03    0.286E-03    0.000E+00    0.000E+00
     3.244     0.402    0.476E+00    0.181E+00    0.132E+00    0.702E-02    0.720E-02    0.301E-02    0.301E-02    0.282E-03    0.282E-03    0.000E+00    0.000E+00
     3.244     0.403    0.474E+00    0.180E+00    0.131E+00    0.694E-02    0.710E-02    0.297E-02    0.297E-02    0.279E-03    0.279E-03    0.000E+00    0.000E+00
     3.244     0.404    0.472E+00    0.179E+00    0.130E+00    0.685E-02    0.701E-02    0.294E-02    0.294E-02    0.276E-03    0.276E-03    0.000E+00    0.000E+00
     3.244     0.405    0.471E+00    0.178E+00    0.129E+00    0.676E-02    0.692E-02    0.290E-02    0.290E-02    0.272E-03    0.272E-03    0.000E+00    0.000E+00
     3.244     0.406    0.469E+00    0.177E+00    0.128E+00    0.668E-02    0.683E-02    0.286E-02    0.286E-02    0.269E-03    0.269E-03    0.000E+00    0.000E+00
     3.244     0.407    0.467E+00    0.176E+00    0.127E+00    0.660E-02    0.674E-02    0.283E-02    0.283E-02    0.266E-03    0.266E-03    0.000E+00    0.000E+00
     3.244     0.408    0.466E+00    0.175E+00    0.126E+00    0.651E-02    0.665E-02    0.279E-02    0.279E-02    0.262E-03    0.262E-03    0.000E+00    0.000E+00
     3.244     0.409    0.464E+00    0.174E+00    0.125E+00    0.643E-02    0.657E-02    0.276E-02    0.276E-02    0.259E-03    0.259E-03    0.000E+00    0.000E+00
     3.244     0.410    0.462E+00    0.173E+00    0.124E+00    0.635E-02    0.648E-02    0.272E-02    0.272E-02    0.256E-03    0.256E-03    0.000E+00    0.000E+00
     3.244     0.411    0.461E+00    0.172E+00    0.123E+00    0.627E-02    0.640E-02    0.269E-02    0.269E-02    0.253E-03    0.253E-03    0.000E+00    0.000E+00
     3.244     0.412    0.459E+00    0.171E+00    0.123E+00    0.619E-02    0.631E-02    0.265E-02    0.265E-02    0.250E-03    0.250E-03    0.000E+00    0.000E+00
     3.244     0.413    0.457E+00    0.170E+00    0.122E+00    0.611E-02    0.623E-02    0.262E-02    0.262E-02    0.246E-03    0.246E-03    0.000E+00    0.000E+00
     3.244     0.414    0.456E+00    0.169E+00    0.121E+00    0.604E-02    0.615E-02    0.258E-02    0.258E-02    0.243E-03    0.243E-03    0.000E+00    0.000E+00
     3.244     0.415    0.454E+00    0.168E+00    0.120E+00    0.596E-02    0.607E-02    0.255E-02    0.255E-02    0.240E-03    0.240E-03    0.000E+00    0.000E+00
     3.244     0.416    0.452E+00    0.167E+00    0.119E+00    0.588E-02    0.599E-02    0.252E-02    0.252E-02    0.237E-03    0.237E-03    0.000E+00    0.000E+00
     3.244     0.417    0.451E+00    0.166E+00    0.118E+00    0.581E-02    0.591E-02    0.248E-02    0.248E-02    0.234E-03    0.234E-03    0.000E+00    0.000E+00
     3.244     0.418    0.449E+00    0.165E+00    0.117E+00    0.573E-02    0.583E-02    0.245E-02    0.245E-02    0.231E-03    0.231E-03    0.000E+00    0.000E+00
     3.244     0.419    0.447E+00    0.164E+00    0.116E+00    0.566E-02    0.575E-02    0.242E-02    0.242E-02    0.228E-03    0.228E-03    0.000E+00    0.000E+00
     3.244     0.420    0.446E+00    0.163E+00    0.115E+00    0.559E-02    0.568E-02    0.239E-02    0.239E-02    0.225E-03    0.225E-03    0.000E+00    0.000E+00
     3.244     0.421    0.444E+00    0.162E+00    0.115E+00    0.552E-02    0.560E-02    0.236E-02    0.236E-02    0.223E-03    0.223E-03    0.000E+00    0.000E+00
     3.244     0.422    0.442E+00    0.161E+00    0.114E+00    0.544E-02    0.553E-02    0.233E-02    0.233E-02    0.220E-03    0.220E-03    0.000E+00    0.000E+00
     3.244     0.423    0.441E+00    0.160E+00    0.113E+00    0.537E-02    0.545E-02    0.230E-02    0.230E-02    0.217E-03    0.217E-03    0.000E+00    0.000E+00
     3.244     0.424    0.439E+00    0.159E+00    0.112E+00    0.530E-02    0.538E-02    0.226E-02    0.226E-02    0.214E-03    0.214E-03    0.000E+00    0.000E+00
     3.244     0.425    0.437E+00    0.158E+00    0.111E+00    0.523E-02    0.531E-02    0.224E-02    0.224E-02    0.211E-03    0.211E-03    0.000E+00    0.000E+00
     3.244     0.426    0.436E+00    0.157E+00    0.110E+00    0.517E-02    0.524E-02    0.221E-02    0.221E-02    0.209E-03    0.209E-03    0.000E+00    0.000E+00
     3.244     0.427    0.434E+00    0.156E+00    0.110E+00    0.510E-02    0.517E-02    0.218E-02    0.218E-02    0.206E-03    0.206E-03    0.000E+00    0.000E+00
     3.244     0.428    0.432E+00    0.155E+00    0.109E+00    0.503E-02    0.510E-02    0.215E-02    0.215E-02    0.203E-03    0.203E-03    0.000E+00    0.000E+00
     3.244     0.429    0.431E+00    0.154E+00    0.108E+00    0.496E-02    0.503E-02    0.212E-02    0.212E-02    0.201E-03    0.201E-03    0.000E+00    0.000E+00
     3.244     0.430    0.429E+00    0.153E+00    0.107E+00    0.490E-02    0.496E-02    0.209E-02    0.209E-02    0.198E-03    0.198E-03    0.000E+00    0.000E+00
     3.244     0.431    0.427E+00    0.152E+00    0.106E+00    0.483E-02    0.489E-02    0.206E-02    0.206E-02    0.196E-03    0.196E-03    0.000E+00    0.000E+00
     3.244     0.432    0.426E+00    0.151E+00    0.105E+00    0.477E-02    0.483E-02    0.203E-02    0.203E-02    0.193E-03    0.193E-03    0.000E+00    0.000E+00
     3.244     0.433    0.424E+00    0.150E+00    0.105E+00    0.471E-02    0.476E-02    0.201E-02    0.201E-02    0.190E-03    0.190E-03    0.000E+00    0.000E+00
     3.244     0.434    0.422E+00    0.149E+00    0.104E+00    0.464E-02    0.470E-02    0.198E-02    0.198E-02    0.188E-03    0.188E-03    0.000E+00    0.000E+00
     3.244     0.435    0.421E+00    0.148E+00    0.103E+00    0.458E-02    0.463E-02    0.195E-02    0.195E-02    0.185E-03    0.185E-03    0.000E+00    0.000E+00
     3.244     0.436    0.419E+00    0.147E+00    0.102E+00    0.452E-02    0.457E-02    0.193E-02    0.193E-02    0.183E-03    0.183E-03    0.000E+00    0.000E+00
     3.244     0.437    0.417E+00    0.146E+00    0.101E+00    0.446E-02    0.451E-02    0.190E-02    0.190E-02    0.181E-03    0.181E-03    0.000E+00    0.000E+00
     3.244     0.438    0.416E+00    0.145E+00    0.101E+00    0.440E-02    0.444E-02    0.188E-02    0.188E-02    0.178E-03    0.178E-03    0.000E+00    0.000E+00
     3.244     0.439    0.414E+00    0.144E+00    0.998E-01    0.434E-02    0.438E-02    0.185E-02    0.185E-02    0.176E-03    0.176E-03    0.000E+00    0.000E+00
     3.244     0.440    0.412E+00    0.143E+00    0.990E-01    0.428E-02    0.432E-02    0.182E-02    0.182E-02    0.173E-03    0.173E-03    0.000E+00    0.000E+00
     3.244     0.441    0.411E+00    0.142E+00    0.982E-01    0.422E-02    0.426E-02    0.180E-02    0.180E-02    0.171E-03    0.171E-03    0.000E+00    0.000E+00
     3.244     0.442    0.409E+00    0.141E+00    0.974E-01    0.417E-02    0.420E-02    0.178E-02    0.178E-02    0.169E-03    0.169E-03    0.000E+00    0.000E+00
     3.244     0.443    0.407E+00    0.140E+00    0.967E-01    0.411E-02    0.414E-02    0.175E-02    0.175E-02    0.166E-03    0.166E-03    0.000E+00    0.000E+00
     3.244     0.444    0.406E+00    0.139E+00    0.959E-01    0.405E-02    0.409E-02    0.173E-02    0.173E-02    0.164E-03    0.164E-03    0.000E+00    0.000E+00
     3.244     0.445    0.404E+00    0.139E+00    0.951E-01    0.400E-02    0.403E-02    0.170E-02    0.170E-02    0.162E-03    0.162E-03    0.000E+00    0.000E+00
     3.244     0.446    0.402E+00    0.138E+00    0.944E-01    0.394E-02    0.397E-02    0.168E-02    0.168E-02    0.160E-03    0.160E-03    0.000E+00    0.000E+00
     3.244     0.447    0.401E+00    0.137E+00    0.936E-01    0.389E-02    0.392E-02    0.166E-02    0.166E-02    0.158E-03    0.158E-03    0.000E+00    0.000E+00
     3.244     0.448    0.399E+00    0.136E+00    0.929E-01    0.384E-02    0.386E-02    0.163E-02    0.163E-02    0.155E-03    0.155E-03    0.000E+00    0.000E+00
     3.244     0.449    0.397E+00    0.135E+00    0.921E-01    0.378E-02    0.381E-02    0.161E-02    0.161E-02    0.153E-03    0.153E-03    0.000E+00    0.000E+00
     3.244     0.450    0.396E+00    0.134E+00    0.914E-01    0.373E-02    0.376E-02    0.159E-02    0.159E-02    0.151E-03    0.151E-03    0.000E+00    0.000E+00
     3.244     0.451    0.394E+00    0.133E+00    0.906E-01    0.368E-02    0.370E-02    0.157E-02    0.157E-02    0.149E-03    0.149E-03    0.000E+00    0.000E+00
     3.244     0.452    0.392E+00    0.132E+00    0.899E-01    0.363E-02    0.365E-02    0.154E-02    0.154E-02    0.147E-03    0.147E-03    0.000E+00    0.000E+00
     3.244     0.453    0.391E+00    0.131E+00    0.891E-01    0.358E-02    0.360E-02    0.152E-02    0.152E-02    0.145E-03    0.145E-03    0.000E+00    0.000E+00
     3.244     0.454    0.389E+00    0.130E+00    0.884E-01    0.353E-02    0.355E-02    0.150E-02    0.150E-02    0.143E-03    0.143E-03    0.000E+00    0.000E+00
     3.244     0.455    0.387E+00    0.129E+00    0.877E-01    0.348E-02    0.350E-02    0.148E-02    0.148E-02    0.141E-03    0.141E-03    0.000E+00    0.000E+00
     3.244     0.456    0.386E+00    0.128E+00    0.870E-01    0.343E-02    0.345E-02    0.146E-02    0.146E-02    0.139E-03    0.139E-03    0.000E+00    0.000E+00
     3.244     0.457    0.384E+00    0.128E+00    0.863E-01    0.338E-02    0.340E-02    0.144E-02    0.144E-02    0.137E-03    0.137E-03    0.000E+00    0.000E+00
     3.244     0.458    0.382E+00    0.127E+00    0.855E-01    0.333E-02    0.335E-02    0.142E-02    0.142E-02    0.135E-03    0.135E-03    0.000E+00    0.000E+00
     3.244     0.459    0.381E+00    0.126E+00    0.848E-01    0.328E-02    0.330E-02    0.140E-02    0.140E-02    0.133E-03    0.133E-03    0.000E+00    0.000E+00
     3.244     0.460    0.379E+00    0.125E+00    0.841E-01    0.324E-02    0.326E-02    0.138E-02    0.138E-02    0.131E-03    0.131E-03    0.000E+00    0.000E+00
     3.244     0.461    0.377E+00    0.124E+00    0.834E-01    0.319E-02    0.321E-02    0.136E-02    0.136E-02    0.130E-03    0.130E-03    0.000E+00    0.000E+00
     3.244     0.462    0.376E+00    0.123E+00    0.827E-01    0.315E-02    0.316E-02    0.134E-02    0.134E-02    0.128E-03    0.128E-03    0.000E+00    0.000E+00
     3.244     0.463    0.374E+00    0.122E+00    0.820E-01    0.310E-02    0.312E-02    0.132E-02    0.132E-02    0.126E-03    0.126E-03    0.000E+00    0.000E+00
     3.244     0.464    0.372E+00    0.121E+00    0.813E-01    0.306E-02    0.307E-02    0.130E-02    0.130E-02    0.124E-03    0.124E-03    0.000E+00    0.000E+00
     3.244     0.465    0.371E+00    0.120E+00    0.807E-01    0.301E-02    0.303E-02    0.128E-02    0.128E-02    0.122E-03    0.122E-03    0.000E+00    0.000E+00
     3.244     0.466    0.369E+00    0.120E+00    0.800E-01    0.297E-02    0.298E-02    0.126E-02    0.126E-02    0.121E-03    0.121E-03    0.000E+00    0.000E+00
     3.244     0.467    0.368E+00    0.119E+00    0.793E-01    0.293E-02    0.294E-02    0.124E-02    0.124E-02    0.119E-03    0.119E-03    0.000E+00    0.000E+00
     3.244     0.468    0.366E+00    0.118E+00    0.786E-01    0.288E-02    0.290E-02    0.123E-02    0.123E-02    0.117E-03    0.117E-03    0.000E+00    0.000E+00
     3.244     0.469    0.364E+00    0.117E+00    0.779E-01    0.284E-02    0.285E-02    0.121E-02    0.121E-02    0.115E-03    0.115E-03    0.000E+00    0.000E+00
     3.244     0.470    0.363E+00    0.116E+00    0.773E-01    0.280E-02    0.281E-02    0.119E-02    0.119E-02    0.114E-03    0.114E-03    0.000E+00    0.000E+00
     3.244     0.471    0.361E+00    0.115E+00    0.766E-01    0.276E-02    0.277E-02    0.117E-02    0.117E-02    0.112E-03    0.112E-03    0.000E+00    0.000E+00
     3.244     0.472    0.359E+00    0.114E+00    0.760E-01    0.272E-02    0.273E-02    0.116E-02    0.116E-02    0.110E-03    0.110E-03    0.000E+00    0.000E+00
     3.244     0.473    0.358E+00    0.114E+00    0.753E-01    0.268E-02    0.269E-02    0.114E-02    0.114E-02    0.109E-03    0.109E-03    0.000E+00    0.000E+00
     3.244     0.474    0.356E+00    0.113E+00    0.746E-01    0.264E-02    0.265E-02    0.112E-02    0.112E-02    0.107E-03    0.107E-03    0.000E+00    0.000E+00
     3.244     0.475    0.354E+00    0.112E+00    0.740E-01    0.260E-02    0.261E-02    0.111E-02    0.111E-02    0.106E-03    0.106E-03    0.000E+00    0.000E+00
     3.244     0.476    0.353E+00    0.111E+00    0.734E-01    0.257E-02    0.257E-02    0.109E-02    0.109E-02    0.104E-03    0.104E-03    0.000E+00    0.000E+00
     3.244     0.477    0.351E+00    0.110E+00    0.727E-01    0.253E-02    0.254E-02    0.107E-02    0.107E-02    0.102E-03    0.102E-03    0.000E+00    0.000E+00
     3.244     0.478    0.349E+00    0.109E+00    0.721E-01    0.249E-02    0.250E-02    0.106E-02    0.106E-02    0.101E-03    0.101E-03    0.000E+00    0.000E+00
     3.244     0.479    0.348E+00    0.108E+00    0.714E-01    0.245E-02    0.246E-02    0.104E-02    0.104E-02    0.995E-04    0.995E-04    0.000E+00    0.000E+00
     3.244     0.480    0.346E+00    0.108E+00    0.708E-01    0.242E-02    0.242E-02    0.103E-02    0.103E-02    0.980E-04    0.980E-04    0.000E+00    0.000E+00
     3.244     0.481    0.345E+00    0.107E+00    0.702E-01    0.238E-02    0.239E-02    0.101E-02    0.101E-02    0.965E-04    0.965E-04    0.000E+00    0.000E+00
     3.244     0.482    0.343E+00    0.106E+00    0.696E-01    0.234E-02    0.235E-02    0.996E-03    0.996E-03    0.950E-04    0.950E-04    0.000E+00    0.000E+00
     3.244     0.483    0.341E+00    0.105E+00    0.689E-01    0.231E-02    0.232E-02    0.981E-03    0.981E-03    0.936E-04    0.936E-04    0.000E+00    0.000E+00
     3.244     0.484    0.340E+00    0.104E+00    0.683E-01    0.228E-02    0.228E-02    0.967E-03    0.967E-03    0.922E-04    0.922E-04    0.000E+00    0.000E+00
     3.244     0.485    0.338E+00    0.104E+00    0.677E-01    0.224E-02    0.225E-02    0.952E-03    0.952E-03    0.908E-04    0.908E-04    0.000E+00    0.000E+00
     3.244     0.486    0.337E+00    0.103E+00    0.671E-01    0.221E-02    0.221E-02    0.938E-03    0.938E-03    0.894E-04    0.894E-04    0.000E+00    0.000E+00
     3.244     0.487    0.335E+00    0.102E+00    0.665E-01    0.217E-02    0.218E-02    0.923E-03    0.923E-03    0.880E-04    0.880E-04    0.000E+00    0.000E+00
     3.244     0.488    0.333E+00    0.101E+00    0.659E-01    0.214E-02    0.215E-02    0.909E-03    0.909E-03    0.867E-04    0.867E-04    0.000E+00    0.000E+00
     3.244     0.489    0.332E+00    0.100E+00    0.653E-01    0.211E-02    0.211E-02    0.895E-03    0.895E-03    0.853E-04    0.853E-04    0.000E+00    0.000E+00
     3.244     0.490    0.330E+00    0.995E-01    0.647E-01    0.208E-02    0.208E-02    0.882E-03    0.882E-03    0.840E-04    0.840E-04    0.000E+00    0.000E+00
     3.244     0.491    0.328E+00    0.987E-01    0.641E-01    0.204E-02    0.205E-02    0.868E-03    0.868E-03    0.827E-04    0.827E-04    0.000E+00    0.000E+00
     3.244     0.492    0.327E+00    0.979E-01    0.635E-01    0.201E-02    0.202E-02    0.855E-03    0.855E-03    0.814E-04    0.814E-04    0.000E+00    0.000E+00
     3.244     0.493    0.325E+00    0.972E-01    0.629E-01    0.198E-02    0.199E-02    0.842E-03    0.842E-03    0.801E-04    0.801E-04    0.000E+00    0.000E+00
     3.244     0.494    0.324E+00    0.964E-01    0.624E-01    0.195E-02    0.196E-02    0.829E-03    0.829E-03    0.789E-04    0.789E-04    0.000E+00    0.000E+00
     3.244     0.495    0.322E+00    0.956E-01    0.618E-01    0.192E-02    0.193E-02    0.816E-03    0.816E-03    0.777E-04    0.777E-04    0.000E+00    0.000E+00
     3.244     0.496    0.320E+00    0.948E-01    0.612E-01    0.189E-02    0.190E-02    0.804E-03    0.804E-03    0.764E-04    0.764E-04    0.000E+00    0.000E+00
     3.244     0.497    0.319E+00    0.941E-01    0.607E-01    0.186E-02    0.187E-02    0.791E-03    0.791E-03    0.752E-04    0.752E-04    0.000E+00    0.000E+00
     3.244     0.498    0.317E+00    0.933E-01    0.601E-01    0.183E-02    0.184E-02    0.779E-03    0.779E-03    0.740E-04    0.740E-04    0.000E+00    0.000E+00
     3.244     0.499    0.316E+00    0.925E-01    0.595E-01    0.181E-02    0.181E-02    0.767E-03    0.767E-03    0.729E-04    0.729E-04    0.000E+00    0.000E+00
     3.244     0.500    0.314E+00    0.918E-01    0.590E-01    0.178E-02    0.178E-02    0.755E-03    0.755E-03    0.717E-04    0.717E-04    0.000E+00    0.000E+00
     3.244     0.501    0.313E+00    0.910E-01    0.584E-01    0.175E-02    0.175E-02    0.743E-03    0.743E-03    0.706E-04    0.706E-04    0.000E+00    0.000E+00
     3.244     0.502    0.311E+00    0.903E-01    0.579E-01    0.172E-02    0.173E-02    0.731E-03    0.731E-03    0.694E-04    0.694E-04    0.000E+00    0.000E+00
     3.244     0.503    0.309E+00    0.895E-01    0.573E-01    0.170E-02    0.170E-02    0.720E-03    0.720E-03    0.683E-04    0.683E-04    0.000E+00    0.000E+00
     3.244     0.504    0.308E+00    0.888E-01    0.568E-01    0.167E-02    0.167E-02    0.708E-03    0.708E-03    0.672E-04    0.672E-04    0.000E+00    0.000E+00
     3.244     0.505    0.306E+00    0.880E-01    0.562E-01    0.164E-02    0.164E-02    0.697E-03    0.697E-03    0.661E-04    0.661E-04    0.000E+00    0.000E+00
     3.244     0.506    0.305E+00    0.873E-01    0.557E-01    0.162E-02    0.162E-02    0.686E-03    0.686E-03    0.650E-04    0.650E-04    0.000E+00    0.000E+00
     3.244     0.507    0.303E+00    0.866E-01    0.552E-01    0.159E-02    0.159E-02    0.675E-03    0.675E-03    0.640E-04    0.640E-04    0.000E+00    0.000E+00
     3.244     0.508    0.302E+00    0.858E-01    0.546E-01    0.157E-02    0.157E-02    0.664E-03    0.664E-03    0.629E-04    0.629E-04    0.000E+00    0.000E+00
     3.244     0.509    0.300E+00    0.851E-01    0.541E-01    0.154E-02    0.154E-02    0.654E-03    0.654E-03    0.619E-04    0.619E-04    0.000E+00    0.000E+00
     3.244     0.510    0.298E+00    0.844E-01    0.536E-01    0.152E-02    0.152E-02    0.643E-03    0.643E-03    0.609E-04    0.609E-04    0.000E+00    0.000E+00
     3.244     0.511    0.297E+00    0.837E-01    0.531E-01    0.149E-02    0.149E-02    0.633E-03    0.633E-03    0.599E-04    0.599E-04    0.000E+00    0.000E+00
     3.244     0.512    0.295E+00    0.829E-01    0.525E-01    0.147E-02    0.147E-02    0.623E-03    0.623E-03    0.589E-04    0.589E-04    0.000E+00    0.000E+00
     3.244     0.513    0.294E+00    0.822E-01    0.520E-01    0.144E-02    0.145E-02    0.613E-03    0.613E-03    0.579E-04    0.579E-04    0.000E+00    0.000E+00
     3.244     0.514    0.292E+00    0.815E-01    0.515E-01    0.142E-02    0.142E-02    0.603E-03    0.603E-03    0.569E-04    0.569E-04    0.000E+00    0.000E+00
     3.244     0.515    0.291E+00    0.808E-01    0.510E-01    0.140E-02    0.140E-02    0.593E-03    0.593E-03    0.560E-04    0.560E-04    0.000E+00    0.000E+00
     3.244     0.516    0.289E+00    0.801E-01    0.505E-01    0.138E-02    0.138E-02    0.584E-03    0.584E-03    0.550E-04    0.550E-04    0.000E+00    0.000E+00
     3.244     0.517    0.288E+00    0.794E-01    0.500E-01    0.135E-02    0.135E-02    0.574E-03    0.574E-03    0.541E-04    0.541E-04    0.000E+00    0.000E+00
     3.244     0.518    0.286E+00    0.787E-01    0.495E-01    0.133E-02    0.133E-02    0.565E-03    0.565E-03    0.532E-04    0.532E-04    0.000E+00    0.000E+00
     3.244     0.519    0.284E+00    0.780E-01    0.490E-01    0.131E-02    0.131E-02    0.556E-03    0.556E-03    0.523E-04    0.523E-04    0.000E+00    0.000E+00
     3.244     0.520    0.283E+00    0.774E-01    0.485E-01    0.129E-02    0.129E-02    0.547E-03    0.547E-03    0.514E-04    0.514E-04    0.000E+00    0.000E+00
     3.244     0.521    0.281E+00    0.767E-01    0.480E-01    0.127E-02    0.127E-02    0.538E-03    0.538E-03    0.505E-04    0.505E-04    0.000E+00    0.000E+00
     3.244     0.522    0.280E+00    0.760E-01    0.476E-01    0.125E-02    0.125E-02    0.529E-03    0.529E-03    0.497E-04    0.497E-04    0.000E+00    0.000E+00
     3.244     0.523    0.278E+00    0.753E-01    0.471E-01    0.123E-02    0.123E-02    0.520E-03    0.520E-03    0.488E-04    0.488E-04    0.000E+00    0.000E+00
     3.244     0.524    0.277E+00    0.747E-01    0.466E-01    0.121E-02    0.121E-02    0.511E-03    0.511E-03    0.480E-04    0.480E-04    0.000E+00    0.000E+00
     3.244     0.525    0.275E+00    0.740E-01    0.461E-01    0.119E-02    0.119E-02    0.503E-03    0.503E-03    0.471E-04    0.471E-04    0.000E+00    0.000E+00
     3.244     0.526    0.274E+00    0.733E-01    0.457E-01    0.117E-02    0.117E-02    0.495E-03    0.495E-03    0.463E-04    0.463E-04    0.000E+00    0.000E+00
     3.244     0.527    0.272E+00    0.727E-01    0.452E-01    0.115E-02    0.115E-02    0.486E-03    0.486E-03    0.455E-04    0.455E-04    0.000E+00    0.000E+00
     3.244     0.528    0.271E+00    0.720E-01    0.447E-01    0.113E-02    0.113E-02    0.478E-03    0.478E-03    0.447E-04    0.447E-04    0.000E+00    0.000E+00
     3.244     0.529    0.269E+00    0.714E-01    0.443E-01    0.111E-02    0.111E-02    0.470E-03    0.470E-03    0.439E-04    0.439E-04    0.000E+00    0.000E+00
     3.244     0.530    0.268E+00    0.707E-01    0.438E-01    0.109E-02    0.109E-02    0.462E-03    0.462E-03    0.432E-04    0.432E-04    0.000E+00    0.000E+00
     3.244     0.531    0.266E+00    0.701E-01    0.434E-01    0.107E-02    0.107E-02    0.454E-03    0.454E-03    0.424E-04    0.424E-04    0.000E+00    0.000E+00
     3.244     0.532    0.265E+00    0.694E-01    0.429E-01    0.105E-02    0.105E-02    0.447E-03    0.447E-03    0.417E-04    0.417E-04    0.000E+00    0.000E+00
     3.244     0.533    0.263E+00    0.688E-01    0.425E-01    0.104E-02    0.104E-02    0.439E-03    0.439E-03    0.409E-04    0.409E-04    0.000E+00    0.000E+00
     3.244     0.534    0.262E+00    0.682E-01    0.420E-01    0.102E-02    0.102E-02    0.432E-03    0.432E-03    0.402E-04    0.402E-04    0.000E+00    0.000E+00
     3.244     0.535    0.260E+00    0.675E-01    0.416E-01    0.100E-02    0.100E-02    0.424E-03    0.424E-03    0.395E-04    0.395E-04    0.000E+00    0.000E+00
     3.244     0.536    0.259E+00    0.669E-01    0.411E-01    0.985E-03    0.985E-03    0.417E-03    0.417E-03    0.388E-04    0.388E-04    0.000E+00    0.000E+00
     3.244     0.537    0.257E+00    0.663E-01    0.407E-01    0.968E-03    0.968E-03    0.410E-03    0.410E-03    0.381E-04    0.381E-04    0.000E+00    0.000E+00
     3.244     0.538    0.256E+00    0.657E-01    0.403E-01    0.952E-03    0.952E-03    0.403E-03    0.403E-03    0.374E-04    0.374E-04    0.000E+00    0.000E+00
     3.244     0.539    0.254E+00    0.651E-01    0.398E-01    0.935E-03    0.936E-03    0.396E-03    0.396E-03    0.367E-04    0.367E-04    0.000E+00    0.000E+00
     3.244     0.540    0.253E+00    0.644E-01    0.394E-01    0.919E-03    0.920E-03    0.389E-03    0.389E-03    0.360E-04    0.360E-04    0.000E+00    0.000E+00
     3.244     0.541    0.251E+00    0.638E-01    0.390E-01    0.904E-03    0.904E-03    0.383E-03    0.383E-03    0.354E-04    0.354E-04    0.000E+00    0.000E+00
     3.244     0.542    0.250E+00    0.632E-01    0.386E-01    0.888E-03    0.888E-03    0.376E-03    0.376E-03    0.347E-04    0.347E-04    0.000E+00    0.000E+00
     3.244     0.543    0.249E+00    0.626E-01    0.382E-01    0.873E-03    0.873E-03    0.370E-03    0.370E-03    0.341E-04    0.341E-04    0.000E+00    0.000E+00
     3.244     0.544    0.247E+00    0.620E-01    0.378E-01    0.858E-03    0.858E-03    0.363E-03    0.363E-03    0.335E-04    0.335E-04    0.000E+00    0.000E+00
     3.244     0.545    0.246E+00    0.615E-01    0.373E-01    0.843E-03    0.843E-03    0.357E-03    0.357E-03    0.328E-04    0.328E-04    0.000E+00    0.000E+00
     3.244     0.546    0.244E+00    0.609E-01    0.369E-01    0.828E-03    0.828E-03    0.351E-03    0.351E-03    0.322E-04    0.322E-04    0.000E+00    0.000E+00
     3.244     0.547    0.243E+00    0.603E-01    0.365E-01    0.814E-03    0.814E-03    0.344E-03    0.344E-03    0.316E-04    0.316E-04    0.000E+00    0.000E+00
     3.244     0.548    0.241E+00    0.597E-01    0.361E-01    0.799E-03    0.800E-03    0.338E-03    0.338E-03    0.310E-04    0.310E-04    0.000E+00    0.000E+00
     3.244     0.549    0.240E+00    0.591E-01    0.357E-01    0.785E-03    0.785E-03    0.332E-03    0.332E-03    0.304E-04    0.304E-04    0.000E+00    0.000E+00
     3.244     0.550    0.238E+00    0.586E-01    0.354E-01    0.771E-03    0.772E-03    0.327E-03    0.327E-03    0.299E-04    0.299E-04    0.000E+00    0.000E+00
     3.244     0.551    0.237E+00    0.580E-01    0.350E-01    0.758E-03    0.758E-03    0.321E-03    0.321E-03    0.293E-04    0.293E-04    0.000E+00    0.000E+00
     3.244     0.552    0.236E+00    0.574E-01    0.346E-01    0.744E-03    0.745E-03    0.315E-03    0.315E-03    0.287E-04    0.287E-04    0.000E+00    0.000E+00
     3.244     0.553    0.234E+00    0.569E-01    0.342E-01    0.731E-03    0.731E-03    0.309E-03    0.309E-03    0.282E-04    0.282E-04    0.000E+00    0.000E+00
     3.244     0.554    0.233E+00    0.563E-01    0.338E-01    0.718E-03    0.718E-03    0.304E-03    0.304E-03    0.277E-04    0.277E-04    0.000E+00    0.000E+00
     3.244     0.555    0.231E+00    0.557E-01    0.334E-01    0.706E-03    0.706E-03    0.299E-03    0.299E-03    0.271E-04    0.271E-04    0.000E+00    0.000E+00
     3.244     0.556    0.230E+00    0.552E-01    0.331E-01    0.693E-03    0.693E-03    0.293E-03    0.293E-03    0.266E-04    0.266E-04    0.000E+00    0.000E+00
     3.244     0.557    0.228E+00    0.546E-01    0.327E-01    0.681E-03    0.681E-03    0.288E-03    0.288E-03    0.261E-04    0.261E-04    0.000E+00    0.000E+00
     3.244     0.558    0.227E+00    0.541E-01    0.323E-01    0.668E-03    0.669E-03    0.283E-03    0.283E-03    0.256E-04    0.256E-04    0.000E+00    0.000E+00
     3.244     0.559    0.226E+00    0.536E-01    0.319E-01    0.656E-03    0.657E-03    0.278E-03    0.278E-03    0.251E-04    0.251E-04    0.000E+00    0.000E+00
     3.244     0.560    0.224E+00    0.530E-01    0.316E-01    0.645E-03    0.645E-03    0.273E-03    0.273E-03    0.246E-04    0.246E-04    0.000E+00    0.000E+00
     3.244     0.561    0.223E+00    0.525E-01    0.312E-01    0.633E-03    0.633E-03    0.268E-03    0.268E-03    0.241E-04    0.241E-04    0.000E+00    0.000E+00
     3.244     0.562    0.222E+00    0.520E-01    0.309E-01    0.622E-03    0.622E-03    0.263E-03    0.263E-03    0.236E-04    0.236E-04    0.000E+00    0.000E+00
     3.244     0.563    0.220E+00    0.514E-01    0.305E-01    0.610E-03    0.611E-03    0.258E-03    0.258E-03    0.232E-04    0.232E-04    0.000E+00    0.000E+00
     3.244     0.564    0.219E+00    0.509E-01    0.302E-01    0.599E-03    0.599E-03    0.253E-03    0.253E-03    0.227E-04    0.227E-04    0.000E+00    0.000E+00
     3.244     0.565    0.217E+00    0.504E-01    0.298E-01    0.588E-03    0.588E-03    0.249E-03    0.249E-03    0.223E-04    0.223E-04    0.000E+00    0.000E+00
     3.244     0.566    0.216E+00    0.499E-01    0.295E-01    0.578E-03    0.578E-03    0.244E-03    0.244E-03    0.218E-04    0.218E-04    0.000E+00    0.000E+00
     3.244     0.567    0.215E+00    0.494E-01    0.291E-01    0.567E-03    0.567E-03    0.240E-03    0.240E-03    0.214E-04    0.214E-04    0.000E+00    0.000E+00
     3.244     0.568    0.213E+00    0.489E-01    0.288E-01    0.557E-03    0.557E-03    0.235E-03    0.235E-03    0.209E-04    0.209E-04    0.000E+00    0.000E+00
     3.244     0.569    0.212E+00    0.484E-01    0.284E-01    0.546E-03    0.546E-03    0.231E-03    0.231E-03    0.205E-04    0.205E-04    0.000E+00    0.000E+00
     3.244     0.570    0.211E+00    0.479E-01    0.281E-01    0.536E-03    0.536E-03    0.227E-03    0.227E-03    0.201E-04    0.201E-04    0.000E+00    0.000E+00
     3.244     0.571    0.209E+00    0.474E-01    0.278E-01    0.526E-03    0.526E-03    0.222E-03    0.222E-03    0.197E-04    0.197E-04    0.000E+00    0.000E+00
     3.244     0.572    0.208E+00    0.469E-01    0.275E-01    0.516E-03    0.516E-03    0.218E-03    0.218E-03    0.193E-04    0.193E-04    0.000E+00    0.000E+00
     3.244     0.573    0.206E+00    0.464E-01    0.271E-01    0.507E-03    0.507E-03    0.214E-03    0.214E-03    0.189E-04    0.189E-04    0.000E+00    0.000E+00
     3.244     0.574    0.205E+00    0.459E-01    0.268E-01    0.497E-03    0.497E-03    0.210E-03    0.210E-03    0.185E-04    0.185E-04    0.000E+00    0.000E+00
     3.244     0.575    0.204E+00    0.454E-01    0.265E-01    0.488E-03    0.488E-03    0.206E-03    0.206E-03    0.181E-04    0.181E-04    0.000E+00    0.000E+00
     3.244     0.576    0.202E+00    0.450E-01    0.262E-01    0.479E-03    0.479E-03    0.202E-03    0.202E-03    0.177E-04    0.177E-04    0.000E+00    0.000E+00
     3.244     0.577    0.201E+00    0.445E-01    0.258E-01    0.470E-03    0.470E-03    0.198E-03    0.198E-03    0.173E-04    0.173E-04    0.000E+00    0.000E+00
     3.244     0.578    0.200E+00    0.440E-01    0.255E-01    0.461E-03    0.461E-03    0.195E-03    0.195E-03    0.170E-04    0.170E-04    0.000E+00    0.000E+00
     3.244     0.579    0.198E+00    0.435E-01    0.252E-01    0.452E-03    0.452E-03    0.191E-03    0.191E-03    0.166E-04    0.166E-04    0.000E+00    0.000E+00
     3.244     0.580    0.197E+00    0.431E-01    0.249E-01    0.444E-03    0.444E-03    0.187E-03    0.187E-03    0.163E-04    0.163E-04    0.000E+00    0.000E+00
     3.244     0.581    0.196E+00    0.426E-01    0.246E-01    0.435E-03    0.435E-03    0.184E-03    0.184E-03    0.159E-04    0.159E-04    0.000E+00    0.000E+00
     3.244     0.582    0.195E+00    0.422E-01    0.243E-01    0.427E-03    0.427E-03    0.180E-03    0.180E-03    0.156E-04    0.156E-04    0.000E+00    0.000E+00
     3.244     0.583    0.193E+00    0.417E-01    0.240E-01    0.419E-03    0.419E-03    0.177E-03    0.177E-03    0.153E-04    0.153E-04    0.000E+00    0.000E+00
     3.244     0.584    0.192E+00    0.413E-01    0.237E-01    0.411E-03    0.411E-03    0.173E-03    0.173E-03    0.149E-04    0.149E-04    0.000E+00    0.000E+00
     3.244     0.585    0.191E+00    0.408E-01    0.234E-01    0.403E-03    0.403E-03    0.170E-03    0.170E-03    0.146E-04    0.146E-04    0.000E+00    0.000E+00
     3.244     0.586    0.189E+00    0.404E-01    0.231E-01    0.395E-03    0.395E-03    0.167E-03    0.167E-03    0.143E-04    0.143E-04    0.000E+00    0.000E+00
     3.244     0.587    0.188E+00    0.399E-01    0.229E-01    0.388E-03    0.388E-03    0.163E-03    0.163E-03    0.140E-04    0.140E-04    0.000E+00    0.000E+00
     3.244     0.588    0.187E+00    0.395E-01    0.226E-01    0.380E-03    0.380E-03    0.160E-03    0.160E-03    0.137E-04    0.137E-04    0.000E+00    0.000E+00
     3.244     0.589    0.185E+00    0.391E-01    0.223E-01    0.373E-03    0.373E-03    0.157E-03    0.157E-03    0.134E-04    0.134E-04    0.000E+00    0.000E+00
     3.244     0.590    0.184E+00    0.386E-01    0.220E-01    0.365E-03    0.365E-03    0.154E-03    0.154E-03    0.131E-04    0.131E-04    0.000E+00    0.000E+00
     3.244     0.591    0.183E+00    0.382E-01    0.217E-01    0.358E-03    0.358E-03    0.151E-03    0.151E-03    0.128E-04    0.128E-04    0.000E+00    0.000E+00
     3.244     0.592    0.182E+00    0.378E-01    0.214E-01    0.351E-03    0.351E-03    0.148E-03    0.148E-03    0.125E-04    0.125E-04    0.000E+00    0.000E+00
     3.244     0.593    0.180E+00    0.374E-01    0.212E-01    0.344E-03    0.344E-03    0.145E-03    0.145E-03    0.122E-04    0.122E-04    0.000E+00    0.000E+00
     3.244     0.594    0.179E+00    0.370E-01    0.209E-01    0.338E-03    0.338E-03    0.142E-03    0.142E-03    0.119E-04    0.119E-04    0.000E+00    0.000E+00
     3.244     0.595    0.178E+00    0.366E-01    0.206E-01    0.331E-03    0.331E-03    0.139E-03    0.139E-03    0.117E-04    0.117E-04    0.000E+00    0.000E+00
     3.244     0.596    0.177E+00    0.361E-01    0.204E-01    0.324E-03    0.324E-03    0.137E-03    0.137E-03    0.114E-04    0.114E-04    0.000E+00    0.000E+00
     3.244     0.597    0.175E+00    0.357E-01    0.201E-01    0.318E-03    0.318E-03    0.134E-03    0.134E-03    0.111E-04    0.111E-04    0.000E+00    0.000E+00
     3.244     0.598    0.174E+00    0.353E-01    0.199E-01    0.312E-03    0.312E-03    0.131E-03    0.131E-03    0.109E-04    0.109E-04    0.000E+00    0.000E+00
     3.244     0.599    0.173E+00    0.349E-01    0.196E-01    0.305E-03    0.305E-03    0.129E-03    0.129E-03    0.106E-04    0.106E-04    0.000E+00    0.000E+00
     3.244     0.600    0.172E+00    0.346E-01    0.193E-01    0.299E-03    0.299E-03    0.126E-03    0.126E-03    0.104E-04    0.104E-04    0.000E+00    0.000E+00
     3.244     0.601    0.170E+00    0.342E-01    0.191E-01    0.293E-03    0.293E-03    0.123E-03    0.123E-03    0.101E-04    0.101E-04    0.000E+00    0.000E+00
     3.244     0.602    0.169E+00    0.338E-01    0.188E-01    0.287E-03    0.287E-03    0.121E-03    0.121E-03    0.991E-05    0.991E-05    0.000E+00    0.000E+00
     3.244     0.603    0.168E+00    0.334E-01    0.186E-01    0.282E-03    0.282E-03    0.118E-03    0.118E-03    0.968E-05    0.968E-05    0.000E+00    0.000E+00
     3.244     0.604    0.167E+00    0.330E-01    0.183E-01    0.276E-03    0.276E-03    0.116E-03    0.116E-03    0.945E-05    0.945E-05    0.000E+00    0.000E+00
     3.244     0.605    0.166E+00    0.326E-01    0.181E-01    0.270E-03    0.270E-03    0.114E-03    0.114E-03    0.922E-05    0.922E-05    0.000E+00    0.000E+00
     3.244     0.606    0.164E+00    0.323E-01    0.179E-01    0.265E-03    0.265E-03    0.111E-03    0.111E-03    0.901E-05    0.901E-05    0.000E+00    0.000E+00
     3.244     0.607    0.163E+00    0.319E-01    0.176E-01    0.259E-03    0.259E-03    0.109E-03    0.109E-03    0.879E-05    0.879E-05    0.000E+00    0.000E+00
     3.244     0.608    0.162E+00    0.315E-01    0.174E-01    0.254E-03    0.254E-03    0.107E-03    0.107E-03    0.858E-05    0.858E-05    0.000E+00    0.000E+00
     3.244     0.609    0.161E+00    0.311E-01    0.172E-01    0.249E-03    0.249E-03    0.105E-03    0.105E-03    0.837E-05    0.837E-05    0.000E+00    0.000E+00
     3.244     0.610    0.160E+00    0.308E-01    0.169E-01    0.244E-03    0.244E-03    0.102E-03    0.102E-03    0.817E-05    0.817E-05    0.000E+00    0.000E+00
     3.244     0.611    0.158E+00    0.304E-01    0.167E-01    0.239E-03    0.239E-03    0.100E-03    0.100E-03    0.797E-05    0.797E-05    0.000E+00    0.000E+00
     3.244     0.612    0.157E+00    0.301E-01    0.165E-01    0.234E-03    0.234E-03    0.982E-04    0.982E-04    0.777E-05    0.777E-05    0.000E+00    0.000E+00
     3.244     0.613    0.156E+00    0.297E-01    0.162E-01    0.229E-03    0.229E-03    0.961E-04    0.961E-04    0.758E-05    0.758E-05    0.000E+00    0.000E+00
     3.244     0.614    0.155E+00    0.294E-01    0.160E-01    0.224E-03    0.224E-03    0.941E-04    0.941E-04    0.739E-05    0.739E-05    0.000E+00    0.000E+00
     3.244     0.615    0.154E+00    0.290E-01    0.158E-01    0.219E-03    0.219E-03    0.921E-04    0.921E-04    0.721E-05    0.721E-05    0.000E+00    0.000E+00
     3.244     0.616    0.153E+00    0.287E-01    0.156E-01    0.215E-03    0.215E-03    0.902E-04    0.902E-04    0.703E-05    0.703E-05    0.000E+00    0.000E+00
     3.244     0.617    0.151E+00    0.283E-01    0.154E-01    0.210E-03    0.210E-03    0.883E-04    0.883E-04    0.685E-05    0.685E-05    0.000E+00    0.000E+00
     3.244     0.618    0.150E+00    0.280E-01    0.152E-01    0.206E-03    0.206E-03    0.864E-04    0.864E-04    0.667E-05    0.667E-05    0.000E+00    0.000E+00
     3.244     0.619    0.149E+00    0.277E-01    0.150E-01    0.202E-03    0.202E-03    0.845E-04    0.845E-04    0.650E-05    0.650E-05    0.000E+00    0.000E+00
     3.244     0.620    0.148E+00    0.273E-01    0.147E-01    0.197E-03    0.197E-03    0.827E-04    0.827E-04    0.634E-05    0.634E-05    0.000E+00    0.000E+00
     3.244     0.621    0.147E+00    0.270E-01    0.145E-01    0.193E-03    0.193E-03    0.810E-04    0.810E-04    0.618E-05    0.618E-05    0.000E+00    0.000E+00
     3.244     0.622    0.146E+00    0.267E-01    0.143E-01    0.189E-03    0.189E-03    0.792E-04    0.792E-04    0.602E-05    0.602E-05    0.000E+00    0.000E+00
     3.244     0.623    0.145E+00    0.264E-01    0.141E-01    0.185E-03    0.185E-03    0.775E-04    0.775E-04    0.586E-05    0.586E-05    0.000E+00    0.000E+00
     3.244     0.624    0.143E+00    0.260E-01    0.139E-01    0.181E-03    0.181E-03    0.759E-04    0.759E-04    0.571E-05    0.571E-05    0.000E+00    0.000E+00
     3.244     0.625    0.142E+00    0.257E-01    0.137E-01    0.177E-03    0.177E-03    0.742E-04    0.742E-04    0.556E-05    0.556E-05    0.000E+00    0.000E+00
     3.244     0.626    0.141E+00    0.254E-01    0.135E-01    0.173E-03    0.173E-03    0.726E-04    0.726E-04    0.541E-05    0.541E-05    0.000E+00    0.000E+00
     3.244     0.627    0.140E+00    0.251E-01    0.133E-01    0.170E-03    0.170E-03    0.710E-04    0.710E-04    0.527E-05    0.527E-05    0.000E+00    0.000E+00
     3.244     0.628    0.139E+00    0.248E-01    0.132E-01    0.166E-03    0.166E-03    0.695E-04    0.695E-04    0.513E-05    0.513E-05    0.000E+00    0.000E+00
     3.244     0.629    0.138E+00    0.245E-01    0.130E-01    0.162E-03    0.162E-03    0.680E-04    0.680E-04    0.499E-05    0.499E-05    0.000E+00    0.000E+00
     3.244     0.630    0.137E+00    0.242E-01    0.128E-01    0.159E-03    0.159E-03    0.665E-04    0.665E-04    0.486E-05    0.486E-05    0.000E+00    0.000E+00
     3.244     0.631    0.136E+00    0.239E-01    0.126E-01    0.155E-03    0.155E-03    0.650E-04    0.650E-04    0.472E-05    0.472E-05    0.000E+00    0.000E+00
     3.244     0.632    0.135E+00    0.236E-01    0.124E-01    0.152E-03    0.152E-03    0.636E-04    0.636E-04    0.459E-05    0.459E-05    0.000E+00    0.000E+00
     3.244     0.633    0.134E+00    0.233E-01    0.122E-01    0.149E-03    0.149E-03    0.622E-04    0.622E-04    0.447E-05    0.447E-05    0.000E+00    0.000E+00
     3.244     0.634    0.133E+00    0.230E-01    0.121E-01    0.145E-03    0.145E-03    0.608E-04    0.608E-04    0.434E-05    0.434E-05    0.000E+00    0.000E+00
     3.244     0.635    0.131E+00    0.227E-01    0.119E-01    0.142E-03    0.142E-03    0.594E-04    0.594E-04    0.422E-05    0.422E-05    0.000E+00    0.000E+00
     3.244     0.636    0.130E+00    0.224E-01    0.117E-01    0.139E-03    0.139E-03    0.581E-04    0.581E-04    0.410E-05    0.410E-05    0.000E+00    0.000E+00
     3.244     0.637    0.129E+00    0.222E-01    0.115E-01    0.136E-03    0.136E-03    0.568E-04    0.568E-04    0.399E-05    0.399E-05    0.000E+00    0.000E+00
     3.244     0.638    0.128E+00    0.219E-01    0.114E-01    0.133E-03    0.133E-03    0.555E-04    0.555E-04    0.387E-05    0.387E-05    0.000E+00    0.000E+00
     3.244     0.639    0.127E+00    0.216E-01    0.112E-01    0.130E-03    0.130E-03    0.542E-04    0.542E-04    0.376E-05    0.376E-05    0.000E+00    0.000E+00
     3.244     0.640    0.126E+00    0.213E-01    0.110E-01    0.127E-03    0.127E-03    0.530E-04    0.530E-04    0.365E-05    0.365E-05    0.000E+00    0.000E+00
     3.244     0.641    0.125E+00    0.211E-01    0.109E-01    0.124E-03    0.124E-03    0.518E-04    0.518E-04    0.355E-05    0.355E-05    0.000E+00    0.000E+00
     3.244     0.642    0.124E+00    0.208E-01    0.107E-01    0.121E-03    0.121E-03    0.506E-04    0.506E-04    0.344E-05    0.344E-05    0.000E+00    0.000E+00
     3.244     0.643    0.123E+00    0.205E-01    0.105E-01    0.119E-03    0.119E-03    0.494E-04    0.494E-04    0.334E-05    0.334E-05    0.000E+00    0.000E+00
     3.244     0.644    0.122E+00    0.203E-01    0.104E-01    0.116E-03    0.116E-03    0.483E-04    0.483E-04    0.324E-05    0.324E-05    0.000E+00    0.000E+00
     3.244     0.645    0.121E+00    0.200E-01    0.102E-01    0.113E-03    0.113E-03    0.472E-04    0.472E-04    0.315E-05    0.315E-05    0.000E+00    0.000E+00
     3.244     0.646    0.120E+00    0.197E-01    0.101E-01    0.111E-03    0.111E-03    0.461E-04    0.461E-04    0.305E-05    0.305E-05    0.000E+00    0.000E+00
     3.244     0.647    0.119E+00    0.195E-01    0.990E-02    0.108E-03    0.108E-03    0.450E-04    0.450E-04    0.296E-05    0.296E-05    0.000E+00    0.000E+00
     3.244     0.648    0.118E+00    0.192E-01    0.975E-02    0.106E-03    0.106E-03    0.440E-04    0.440E-04    0.287E-05    0.287E-05    0.000E+00    0.000E+00
     3.244     0.649    0.117E+00    0.190E-01    0.960E-02    0.103E-03    0.103E-03    0.430E-04    0.430E-04    0.278E-05    0.278E-05    0.000E+00    0.000E+00
     3.244     0.650    0.116E+00    0.187E-01    0.945E-02    0.101E-03    0.101E-03    0.420E-04    0.420E-04    0.270E-05    0.270E-05    0.000E+00    0.000E+00
     3.244     0.651    0.115E+00    0.185E-01    0.930E-02    0.986E-04    0.986E-04    0.410E-04    0.410E-04    0.262E-05    0.262E-05    0.000E+00    0.000E+00
     3.244     0.652    0.114E+00    0.182E-01    0.916E-02    0.963E-04    0.963E-04    0.400E-04    0.400E-04    0.254E-05    0.254E-05    0.000E+00    0.000E+00
     3.244     0.653    0.113E+00    0.180E-01    0.902E-02    0.940E-04    0.940E-04    0.391E-04    0.391E-04    0.246E-05    0.246E-05    0.000E+00    0.000E+00
     3.244     0.654    0.112E+00    0.178E-01    0.887E-02    0.918E-04    0.918E-04    0.382E-04    0.382E-04    0.238E-05    0.238E-05    0.000E+00    0.000E+00
     3.244     0.655    0.111E+00    0.175E-01    0.873E-02    0.897E-04    0.897E-04    0.372E-04    0.372E-04    0.230E-05    0.230E-05    0.000E+00    0.000E+00
     3.244     0.656    0.110E+00    0.173E-01    0.860E-02    0.875E-04    0.875E-04    0.364E-04    0.364E-04    0.223E-05    0.223E-05    0.000E+00    0.000E+00
     3.244     0.657    0.109E+00    0.171E-01    0.846E-02    0.855E-04    0.855E-04    0.355E-04    0.355E-04    0.215E-05    0.215E-05    0.000E+00    0.000E+00
     3.244     0.658    0.108E+00    0.168E-01    0.832E-02    0.834E-04    0.834E-04    0.346E-04    0.346E-04    0.208E-05    0.208E-05    0.000E+00    0.000E+00
     3.244     0.659    0.107E+00    0.166E-01    0.819E-02    0.814E-04    0.814E-04    0.338E-04    0.338E-04    0.201E-05    0.201E-05    0.000E+00    0.000E+00
     3.244     0.660    0.106E+00    0.164E-01    0.806E-02    0.795E-04    0.795E-04    0.330E-04    0.330E-04    0.195E-05    0.195E-05    0.000E+00    0.000E+00
     3.244     0.661    0.105E+00    0.162E-01    0.793E-02    0.776E-04    0.776E-04    0.322E-04    0.322E-04    0.188E-05    0.188E-05    0.000E+00    0.000E+00
     3.244     0.662    0.104E+00    0.160E-01    0.780E-02    0.757E-04    0.757E-04    0.314E-04    0.314E-04    0.182E-05    0.182E-05    0.000E+00    0.000E+00
     3.244     0.663    0.103E+00    0.157E-01    0.767E-02    0.739E-04    0.739E-04    0.306E-04    0.306E-04    0.175E-05    0.175E-05    0.000E+00    0.000E+00
     3.244     0.664    0.103E+00    0.155E-01    0.755E-02    0.721E-04    0.721E-04    0.299E-04    0.299E-04    0.169E-05    0.169E-05    0.000E+00    0.000E+00
     3.244     0.665    0.102E+00    0.153E-01    0.743E-02    0.704E-04    0.704E-04    0.291E-04    0.291E-04    0.163E-05    0.163E-05    0.000E+00    0.000E+00
     3.244     0.666    0.101E+00    0.151E-01    0.730E-02    0.686E-04    0.686E-04    0.284E-04    0.284E-04    0.158E-05    0.158E-05    0.000E+00    0.000E+00
     3.244     0.667    0.998E-01    0.149E-01    0.718E-02    0.670E-04    0.670E-04    0.277E-04    0.277E-04    0.152E-05    0.152E-05    0.000E+00    0.000E+00
     3.244     0.668    0.988E-01    0.147E-01    0.707E-02    0.653E-04    0.653E-04    0.270E-04    0.270E-04    0.147E-05    0.147E-05    0.000E+00    0.000E+00
     3.244     0.669    0.979E-01    0.145E-01    0.695E-02    0.637E-04    0.637E-04    0.263E-04    0.263E-04    0.141E-05    0.141E-05    0.000E+00    0.000E+00
     3.244     0.670    0.970E-01    0.143E-01    0.683E-02    0.622E-04    0.622E-04    0.257E-04    0.257E-04    0.136E-05    0.136E-05    0.000E+00    0.000E+00
     3.244     0.671    0.961E-01    0.141E-01    0.672E-02    0.607E-04    0.607E-04    0.251E-04    0.251E-04    0.131E-05    0.131E-05    0.000E+00    0.000E+00
     3.244     0.672    0.952E-01    0.139E-01    0.661E-02    0.592E-04    0.592E-04    0.244E-04    0.244E-04    0.126E-05    0.126E-05    0.000E+00    0.000E+00
     3.244     0.673    0.944E-01    0.137E-01    0.650E-02    0.577E-04    0.577E-04    0.238E-04    0.238E-04    0.122E-05    0.122E-05    0.000E+00    0.000E+00
     3.244     0.674    0.935E-01    0.135E-01    0.639E-02    0.563E-04    0.563E-04    0.232E-04    0.232E-04    0.117E-05    0.117E-05    0.000E+00    0.000E+00
     3.244     0.675    0.926E-01    0.133E-01    0.628E-02    0.549E-04    0.549E-04    0.226E-04    0.226E-04    0.113E-05    0.113E-05    0.000E+00    0.000E+00
     3.244     0.676    0.917E-01    0.131E-01    0.617E-02    0.535E-04    0.535E-04    0.221E-04    0.221E-04    0.108E-05    0.108E-05    0.000E+00    0.000E+00
     3.244     0.677    0.909E-01    0.130E-01    0.606E-02    0.521E-04    0.521E-04    0.215E-04    0.215E-04    0.104E-05    0.104E-05    0.000E+00    0.000E+00
     3.244     0.678    0.900E-01    0.128E-01    0.596E-02    0.508E-04    0.508E-04    0.209E-04    0.209E-04    0.996E-06    0.996E-06    0.000E+00    0.000E+00
     3.244     0.679    0.891E-01    0.126E-01    0.586E-02    0.495E-04    0.495E-04    0.204E-04    0.204E-04    0.955E-06    0.955E-06    0.000E+00    0.000E+00
     3.244     0.680    0.883E-01    0.124E-01    0.576E-02    0.483E-04    0.483E-04    0.199E-04    0.199E-04    0.916E-06    0.916E-06    0.000E+00    0.000E+00
     3.244     0.681    0.874E-01    0.122E-01    0.566E-02    0.470E-04    0.470E-04    0.193E-04    0.193E-04    0.877E-06    0.877E-06    0.000E+00    0.000E+00
     3.244     0.682    0.866E-01    0.121E-01    0.556E-02    0.458E-04    0.458E-04    0.188E-04    0.188E-04    0.840E-06    0.840E-06    0.000E+00    0.000E+00
     3.244     0.683    0.858E-01    0.119E-01    0.546E-02    0.446E-04    0.446E-04    0.183E-04    0.183E-04    0.804E-06    0.804E-06    0.000E+00    0.000E+00
     3.244     0.684    0.849E-01    0.117E-01    0.536E-02    0.435E-04    0.435E-04    0.178E-04    0.178E-04    0.769E-06    0.769E-06    0.000E+00    0.000E+00
     3.244     0.685    0.841E-01    0.116E-01    0.527E-02    0.423E-04    0.423E-04    0.174E-04    0.174E-04    0.735E-06    0.735E-06    0.000E+00    0.000E+00
     3.244     0.686    0.833E-01    0.114E-01    0.518E-02    0.412E-04    0.412E-04    0.169E-04    0.169E-04    0.702E-06    0.702E-06    0.000E+00    0.000E+00
     3.244     0.687    0.824E-01    0.112E-01    0.509E-02    0.402E-04    0.402E-04    0.165E-04    0.165E-04    0.670E-06    0.670E-06    0.000E+00    0.000E+00
     3.244     0.688    0.816E-01    0.111E-01    0.499E-02    0.391E-04    0.391E-04    0.160E-04    0.160E-04    0.639E-06    0.639E-06    0.000E+00    0.000E+00
     3.244     0.689    0.808E-01    0.109E-01    0.491E-02    0.381E-04    0.381E-04    0.156E-04    0.156E-04    0.609E-06    0.609E-06    0.000E+00    0.000E+00
     3.244     0.690    0.800E-01    0.107E-01    0.482E-02    0.371E-04    0.371E-04    0.152E-04    0.152E-04    0.580E-06    0.580E-06    0.000E+00    0.000E+00
     3.244     0.691    0.792E-01    0.106E-01    0.473E-02    0.361E-04    0.361E-04    0.148E-04    0.148E-04    0.552E-06    0.552E-06    0.000E+00    0.000E+00
     3.244     0.692    0.784E-01    0.104E-01    0.465E-02    0.351E-04    0.351E-04    0.144E-04    0.144E-04    0.525E-06    0.525E-06    0.000E+00    0.000E+00
     3.244     0.693    0.776E-01    0.103E-01    0.456E-02    0.342E-04    0.342E-04    0.140E-04    0.140E-04    0.499E-06    0.499E-06    0.000E+00    0.000E+00
     3.244     0.694    0.769E-01    0.101E-01    0.448E-02    0.333E-04    0.333E-04    0.136E-04    0.136E-04    0.474E-06    0.474E-06    0.000E+00    0.000E+00
     3.244     0.695    0.761E-01    0.998E-02    0.440E-02    0.324E-04    0.324E-04    0.132E-04    0.132E-04    0.449E-06    0.449E-06    0.000E+00    0.000E+00
     3.244     0.696    0.753E-01    0.984E-02    0.432E-02    0.316E-04    0.316E-04    0.129E-04    0.129E-04    0.425E-06    0.425E-06    0.000E+00    0.000E+00
     3.244     0.697    0.745E-01    0.969E-02    0.424E-02    0.307E-04    0.307E-04    0.125E-04    0.125E-04    0.403E-06    0.403E-06    0.000E+00    0.000E+00
     3.244     0.698    0.738E-01    0.955E-02    0.416E-02    0.299E-04    0.299E-04    0.122E-04    0.122E-04    0.381E-06    0.381E-06    0.000E+00    0.000E+00
     3.244     0.699    0.730E-01    0.941E-02    0.408E-02    0.291E-04    0.291E-04    0.118E-04    0.118E-04    0.358E-06    0.358E-06    0.000E+00    0.000E+00
     3.244     0.700    0.722E-01    0.926E-02    0.400E-02    0.283E-04    0.283E-04    0.115E-04    0.115E-04    0.336E-06    0.336E-06    0.000E+00    0.000E+00
     3.244     0.701    0.715E-01    0.913E-02    0.393E-02    0.275E-04    0.275E-04    0.112E-04    0.112E-04    0.315E-06    0.315E-06    0.000E+00    0.000E+00
     3.244     0.702    0.707E-01    0.899E-02    0.386E-02    0.267E-04    0.267E-04    0.109E-04    0.109E-04    0.294E-06    0.294E-06    0.000E+00    0.000E+00
     3.244     0.703    0.700E-01    0.885E-02    0.378E-02    0.260E-04    0.260E-04    0.106E-04    0.106E-04    0.275E-06    0.275E-06    0.000E+00    0.000E+00
     3.244     0.704    0.693E-01    0.872E-02    0.371E-02    0.253E-04    0.253E-04    0.103E-04    0.103E-04    0.256E-06    0.256E-06    0.000E+00    0.000E+00
     3.244     0.705    0.685E-01    0.859E-02    0.364E-02    0.245E-04    0.245E-04    0.996E-05    0.996E-05    0.237E-06    0.237E-06    0.000E+00    0.000E+00
     3.244     0.706    0.678E-01    0.846E-02    0.357E-02    0.239E-04    0.239E-04    0.968E-05    0.968E-05    0.220E-06    0.220E-06    0.000E+00    0.000E+00
     3.244     0.707    0.671E-01    0.833E-02    0.350E-02    0.232E-04    0.232E-04    0.940E-05    0.940E-05    0.203E-06    0.203E-06    0.000E+00    0.000E+00
     3.244     0.708    0.664E-01    0.820E-02    0.343E-02    0.225E-04    0.225E-04    0.913E-05    0.913E-05    0.187E-06    0.187E-06    0.000E+00    0.000E+00
     3.244     0.709    0.656E-01    0.808E-02    0.337E-02    0.219E-04    0.219E-04    0.886E-05    0.886E-05    0.171E-06    0.171E-06    0.000E+00    0.000E+00
     3.244     0.710    0.649E-01    0.795E-02    0.330E-02    0.213E-04    0.213E-04    0.861E-05    0.861E-05    0.156E-06    0.156E-06    0.000E+00    0.000E+00
     3.244     0.711    0.642E-01    0.783E-02    0.324E-02    0.207E-04    0.207E-04    0.836E-05    0.836E-05    0.142E-06    0.142E-06    0.000E+00    0.000E+00
     3.244     0.712    0.635E-01    0.771E-02    0.318E-02    0.201E-04    0.201E-04    0.811E-05    0.811E-05    0.129E-06    0.129E-06    0.000E+00    0.000E+00
     3.244     0.713    0.628E-01    0.759E-02    0.311E-02    0.195E-04    0.195E-04    0.788E-05    0.788E-05    0.116E-06    0.116E-06    0.000E+00    0.000E+00
     3.244     0.714    0.622E-01    0.748E-02    0.305E-02    0.190E-04    0.190E-04    0.765E-05    0.765E-05    0.104E-06    0.104E-06    0.000E+00    0.000E+00
     3.244     0.715    0.615E-01    0.736E-02    0.299E-02    0.184E-04    0.184E-04    0.742E-05    0.742E-05    0.923E-07    0.923E-07    0.000E+00    0.000E+00
     3.244     0.716    0.608E-01    0.725E-02    0.293E-02    0.179E-04    0.179E-04    0.720E-05    0.720E-05    0.814E-07    0.814E-07    0.000E+00    0.000E+00
     3.244     0.717    0.601E-01    0.713E-02    0.287E-02    0.174E-04    0.174E-04    0.699E-05    0.699E-05    0.712E-07    0.712E-07    0.000E+00    0.000E+00
     3.244     0.718    0.594E-01    0.702E-02    0.282E-02    0.169E-04    0.169E-04    0.678E-05    0.678E-05    0.615E-07    0.615E-07    0.000E+00    0.000E+00
     3.244     0.719    0.588E-01    0.691E-02    0.276E-02    0.164E-04    0.164E-04    0.658E-05    0.658E-05    0.525E-07    0.525E-07    0.000E+00    0.000E+00
     3.244     0.720    0.581E-01    0.680E-02    0.270E-02    0.159E-04    0.159E-04    0.639E-05    0.639E-05    0.440E-07    0.440E-07    0.000E+00    0.000E+00
     3.244     0.721    0.575E-01    0.670E-02    0.265E-02    0.154E-04    0.154E-04    0.620E-05    0.620E-05    0.364E-07    0.364E-07    0.000E+00    0.000E+00
     3.244     0.722    0.568E-01    0.659E-02    0.260E-02    0.150E-04    0.150E-04    0.601E-05    0.601E-05    0.303E-07    0.303E-07    0.000E+00    0.000E+00
     3.244     0.723    0.562E-01    0.649E-02    0.254E-02    0.145E-04    0.145E-04    0.582E-05    0.582E-05    0.247E-07    0.247E-07    0.000E+00    0.000E+00
     3.244     0.724    0.555E-01    0.638E-02    0.249E-02    0.141E-04    0.141E-04    0.564E-05    0.564E-05    0.197E-07    0.197E-07    0.000E+00    0.000E+00
     3.244     0.725    0.549E-01    0.628E-02    0.244E-02    0.137E-04    0.137E-04    0.546E-05    0.546E-05    0.152E-07    0.152E-07    0.000E+00    0.000E+00
     3.244     0.726    0.542E-01    0.618E-02    0.239E-02    0.132E-04    0.132E-04    0.529E-05    0.529E-05    0.112E-07    0.112E-07    0.000E+00    0.000E+00
     3.244     0.727    0.536E-01    0.608E-02    0.234E-02    0.128E-04    0.128E-04    0.513E-05    0.513E-05    0.773E-08    0.773E-08    0.000E+00    0.000E+00
     3.244     0.728    0.530E-01    0.598E-02    0.229E-02    0.124E-04    0.124E-04    0.497E-05    0.497E-05    0.469E-08    0.469E-08    0.000E+00    0.000E+00
     3.244     0.729    0.524E-01    0.589E-02    0.224E-02    0.121E-04    0.121E-04    0.481E-05    0.481E-05    0.209E-08    0.209E-08    0.000E+00    0.000E+00
     3.244     0.730    0.517E-01    0.579E-02    0.219E-02    0.117E-04    0.117E-04    0.466E-05    0.466E-05    0.000E+00    0.000E+00    0.000E+00    0.000E+00
     3.244     0.731    0.511E-01    0.570E-02    0.215E-02    0.113E-04    0.113E-04    0.451E-05    0.451E-05    0.000E+00    0.000E+00    0.000E+00    0.000E+00
     3.244     0.732    0.505E-01    0.561E-02    0.210E-02    0.110E-04    0.110E-04    0.437E-05    0.437E-05    0.000E+00    0.000E+00    0.000E+00    0.000E+00
     3.244     0.733    0.499E-01    0.552E-02    0.206E-02    0.106E-04    0.106E-04    0.423E-05    0.423E-05    0.000E+00    0.000E+00    0.000E+00    0.000E+00
     3.244     0.734    0.493E-01    0.543E-02    0.201E-02    0.103E-04    0.103E-04    0.409E-05    0.409E-05    0.000E+00    0.000E+00    0.000E+00    0.000E+00
     3.244     0.735    0.487E-01    0.534E-02    0.197E-02    0.999E-05    0.999E-05    0.396E-05    0.396E-05    0.000E+00    0.000E+00    0.000E+00    0.000E+00
     3.244     0.736    0.482E-01    0.525E-02    0.193E-02    0.968E-05    0.968E-05    0.383E-05    0.383E-05    0.000E+00    0.000E+00    0.000E+00    0.000E+00
     3.244     0.737    0.476E-01    0.516E-02    0.189E-02    0.937E-05    0.937E-05    0.371E-05    0.371E-05    0.000E+00    0.000E+00    0.000E+00    0.000E+00
     3.244     0.738    0.470E-01    0.508E-02    0.184E-02    0.908E-05    0.908E-05    0.359E-05    0.359E-05    0.000E+00    0.000E+00    0.000E+00    0.000E+00
     3.244     0.739    0.464E-01    0.500E-02    0.180E-02    0.880E-05    0.880E-05    0.347E-05    0.347E-05    0.000E+00    0.000E+00    0.000E+00    0.000E+00
     3.244     0.740    0.458E-01    0.491E-02    0.177E-02    0.852E-05    0.852E-05    0.336E-05    0.336E-05    0.000E+00    0.000E+00    0.000E+00    0.000E+00
     3.244     0.741    0.453E-01    0.483E-02    0.173E-02    0.825E-05    0.825E-05    0.325E-05    0.325E-05    0.000E+00    0.000E+00    0.000E+00    0.000E+00
     3.244     0.742    0.447E-01    0.475E-02    0.169E-02    0.799E-05    0.799E-05    0.315E-05    0.315E-05    0.000E+00    0.000E+00    0.000E+00    0.000E+00
     3.244     0.743    0.442E-01    0.467E-02    0.165E-02    0.774E-05    0.774E-05    0.304E-05    0.304E-05    0.000E+00    0.000E+00    0.000E+00    0.000E+00
     3.244     0.744    0.436E-01    0.460E-02    0.161E-02    0.749E-05    0.749E-05    0.294E-05    0.294E-05    0.000E+00    0.000E+00    0.000E+00    0.000E+00
     3.244     0.745    0.431E-01    0.452E-02    0.158E-02    0.724E-05    0.724E-05    0.284E-05    0.284E-05    0.000E+00    0.000E+00    0.000E+00    0.000E+00
     3.244     0.746    0.425E-01    0.444E-02    0.154E-02    0.700E-05    0.700E-05    0.275E-05    0.275E-05    0.000E+00    0.000E+00    0.000E+00    0.000E+00
     3.244     0.747    0.420E-01    0.437E-02    0.151E-02    0.677E-05    0.677E-05    0.265E-05    0.265E-05    0.000E+00    0.000E+00    0.000E+00    0.000E+00
     3.244     0.748    0.414E-01    0.429E-02    0.147E-02    0.654E-05    0.654E-05    0.256E-05    0.256E-05    0.000E+00    0.000E+00    0.000E+00    0.000E+00
     3.244     0.749    0.409E-01    0.422E-02    0.144E-02    0.632E-05    0.632E-05    0.247E-05    0.247E-05    0.000E+00    0.000E+00    0.000E+00    0.000E+00
     3.244     0.750    0.404E-01    0.415E-02    0.141E-02    0.611E-05    0.611E-05    0.238E-05    0.238E-05    0.000E+00    0.000E+00    0.000E+00    0.000E+00
     3.244     0.751    0.399E-01    0.408E-02    0.137E-02    0.591E-05    0.591E-05    0.230E-05    0.230E-05    0.000E+00    0.000E+00    0.000E+00    0.000E+00
     3.244     0.752    0.393E-01    0.401E-02    0.134E-02    0.571E-05    0.571E-05    0.222E-05    0.222E-05    0.000E+00    0.000E+00    0.000E+00    0.000E+00
     3.244     0.753    0.388E-01    0.394E-02    0.131E-02    0.551E-05    0.551E-05    0.214E-05    0.214E-05    0.000E+00    0.000E+00    0.000E+00    0.000E+00
     3.244     0.754    0.383E-01    0.387E-02    0.128E-02    0.532E-05    0.532E-05    0.207E-05    0.207E-05    0.000E+00    0.000E+00    0.000E+00    0.000E+00
     3.244     0.755    0.378E-01    0.381E-02    0.125E-02    0.514E-05    0.514E-05    0.199E-05    0.199E-05    0.000E+00    0.000E+00    0.000E+00    0.000E+00
     3.244     0.756    0.373E-01    0.374E-02    0.122E-02    0.497E-05    0.497E-05    0.192E-05    0.192E-05    0.000E+00    0.000E+00    0.000E+00    0.000E+00
     3.244     0.757    0.368E-01    0.368E-02    0.119E-02    0.480E-05    0.480E-05    0.185E-05    0.185E-05    0.000E+00    0.000E+00    0.000E+00    0.000E+00
     3.244     0.758    0.363E-01    0.361E-02    0.116E-02    0.463E-05    0.463E-05    0.179E-05    0.179E-05    0.000E+00    0.000E+00    0.000E+00    0.000E+00
     3.244     0.759    0.358E-01    0.355E-02    0.114E-02    0.447E-05    0.447E-05    0.172E-05    0.172E-05    0.000E+00    0.000E+00    0.000E+00    0.000E+00
     3.244     0.760    0.354E-01    0.349E-02    0.111E-02    0.432E-05    0.432E-05    0.166E-05    0.166E-05    0.000E+00    0.000E+00    0.000E+00    0.000E+00
     3.244     0.761    0.349E-01    0.343E-02    0.108E-02    0.417E-05    0.417E-05    0.160E-05    0.160E-05    0.000E+00    0.000E+00    0.000E+00    0.000E+00
     3.244     0.762    0.344E-01    0.337E-02    0.106E-02    0.403E-05    0.403E-05    0.155E-05    0.155E-05    0.000E+00    0.000E+00    0.000E+00    0.000E+00
     3.244     0.763    0.339E-01    0.331E-02    0.103E-02    0.389E-05    0.389E-05    0.149E-05    0.149E-05    0.000E+00    0.000E+00    0.000E+00    0.000E+00
     3.244     0.764    0.335E-01    0.325E-02    0.101E-02    0.375E-05    0.375E-05    0.144E-05    0.144E-05    0.000E+00    0.000E+00    0.000E+00    0.000E+00
     3.244     0.765    0.330E-01    0.319E-02    0.982E-03    0.362E-05    0.362E-05    0.138E-05    0.138E-05    0.000E+00    0.000E+00    0.000E+00    0.000E+00
     3.244     0.766    0.326E-01    0.314E-02    0.958E-03    0.350E-05    0.350E-05    0.133E-05    0.133E-05    0.000E+00    0.000E+00    0.000E+00    0.000E+00
     3.244     0.767    0.321E-01    0.308E-02    0.934E-03    0.337E-05    0.337E-05    0.128E-05    0.128E-05    0.000E+00    0.000E+00    0.000E+00    0.000E+00
     3.244     0.768    0.316E-01    0.303E-02    0.911E-03    0.325E-05    0.325E-05    0.124E-05    0.124E-05    0.000E+00    0.000E+00    0.000E+00    0.000E+00
     3.244     0.769    0.312E-01    0.297E-02    0.888E-03    0.313E-05    0.313E-05    0.119E-05    0.119E-05    0.000E+00    0.000E+00    0.000E+00    0.000E+00
     3.244     0.770    0.308E-01    0.292E-02    0.866E-03    0.301E-05    0.301E-05    0.114E-05    0.114E-05    0.000E+00    0.000E+00    0.000E+00    0.000E+00
     3.244     0.771    0.303E-01    0.287E-02    0.844E-03    0.290E-05    0.290E-05    0.110E-05    0.110E-05    0.000E+00    0.000E+00    0.000E+00    0.000E+00
     3.244     0.772    0.299E-01    0.281E-02    0.822E-03    0.279E-05    0.279E-05    0.105E-05    0.105E-05    0.000E+00    0.000E+00    0.000E+00    0.000E+00
     3.244     0.773    0.295E-01    0.276E-02    0.801E-03    0.269E-05    0.269E-05    0.101E-05    0.101E-05    0.000E+00    0.000E+00    0.000E+00    0.000E+00
     3.244     0.774    0.290E-01    0.271E-02    0.781E-03    0.259E-05    0.259E-05    0.973E-06    0.973E-06    0.000E+00    0.000E+00    0.000E+00    0.000E+00
     3.244     0.775    0.286E-01    0.266E-02    0.761E-03    0.249E-05    0.249E-05    0.934E-06    0.934E-06    0.000E+00    0.000E+00    0.000E+00    0.000E+00
     3.244     0.776    0.282E-01    0.262E-02    0.741E-03    0.239E-05    0.239E-05    0.897E-06    0.897E-06    0.000E+00    0.000E+00    0.000E+00    0.000E+00
     3.244     0.777    0.278E-01    0.257E-02    0.722E-03    0.230E-05    0.230E-05    0.862E-06    0.862E-06    0.000E+00    0.000E+00    0.000E+00    0.000E+00
     3.244     0.778    0.274E-01    0.252E-02    0.703E-03    0.221E-05    0.221E-05    0.827E-06    0.827E-06    0.000E+00    0.000E+00    0.000E+00    0.000E+00
     3.244     0.779    0.270E-01    0.247E-02    0.685E-03    0.213E-05    0.213E-05    0.794E-06    0.794E-06    0.000E+00    0.000E+00    0.000E+00    0.000E+00
     3.244     0.780    0.266E-01    0.243E-02    0.667E-03    0.205E-05    0.205E-05    0.762E-06    0.762E-06    0.000E+00    0.000E+00    0.000E+00    0.000E+00
     3.244     0.781    0.262E-01    0.238E-02    0.649E-03    0.197E-05    0.197E-05    0.731E-06    0.731E-06    0.000E+00    0.000E+00    0.000E+00    0.000E+00
     3.244     0.782    0.258E-01    0.234E-02    0.632E-03    0.189E-05    0.189E-05    0.702E-06    0.702E-06    0.000E+00    0.000E+00    0.000E+00    0.000E+00
     3.244     0.783    0.254E-01    0.230E-02    0.616E-03    0.182E-05    0.182E-05    0.674E-06    0.674E-06    0.000E+00    0.000E+00    0.000E+00    0.000E+00
     3.244     0.784    0.250E-01    0.225E-02    0.599E-03    0.175E-05    0.175E-05    0.646E-06    0.646E-06    0.000E+00    0.000E+00    0.000E+00    0.000E+00
     3.244     0.785    0.246E-01    0.221E-02    0.583E-03    0.168E-05    0.168E-05    0.620E-06    0.620E-06    0.000E+00    0.000E+00    0.000E+00    0.000E+00
     3.244     0.786    0.242E-01    0.217E-02    0.567E-03    0.162E-05    0.162E-05    0.595E-06    0.595E-06    0.000E+00    0.000E+00    0.000E+00    0.000E+00
     3.244     0.787    0.239E-01    0.213E-02    0.552E-03    0.156E-05    0.156E-05    0.571E-06    0.571E-06    0.000E+00    0.000E+00    0.000E+00    0.000E+00
     3.244     0.788    0.235E-01    0.209E-02    0.537E-03    0.150E-05    0.150E-05    0.548E-06    0.548E-06    0.000E+00    0.000E+00    0.000E+00    0.000E+00
     3.244     0.789    0.231E-01    0.205E-02    0.523E-03    0.144E-05    0.144E-05    0.526E-06    0.526E-06    0.000E+00    0.000E+00    0.000E+00    0.000E+00
     3.244     0.790    0.228E-01    0.201E-02    0.508E-03    0.138E-05    0.138E-05    0.504E-06    0.504E-06    0.000E+00    0.000E+00    0.000E+00    0.000E+00
     3.244     0.791    0.224E-01    0.197E-02    0.494E-03    0.133E-05    0.133E-05    0.482E-06    0.482E-06    0.000E+00    0.000E+00    0.000E+00    0.000E+00
     3.244     0.792    0.221E-01    0.194E-02    0.480E-03    0.127E-05    0.127E-05    0.460E-06    0.460E-06    0.000E+00    0.000E+00    0.000E+00    0.000E+00
     3.244     0.793    0.217E-01    0.190E-02    0.467E-03    0.122E-05    0.122E-05    0.440E-06    0.440E-06    0.000E+00    0.000E+00    0.000E+00    0.000E+00
     3.244     0.794    0.214E-01    0.186E-02    0.454E-03    0.117E-05    0.117E-05    0.420E-06    0.420E-06    0.000E+00    0.000E+00    0.000E+00    0.000E+00
     3.244     0.795    0.210E-01    0.183E-02    0.441E-03    0.112E-05    0.112E-05    0.401E-06    0.401E-06    0.000E+00    0.000E+00    0.000E+00    0.000E+00
     3.244     0.796    0.207E-01    0.179E-02    0.428E-03    0.107E-05    0.107E-05    0.383E-06    0.383E-06    0.000E+00    0.000E+00    0.000E+00    0.000E+00
     3.244     0.797    0.203E-01    0.176E-02    0.416E-03    0.102E-05    0.102E-05    0.365E-06    0.365E-06    0.000E+00    0.000E+00    0.000E+00    0.000E+00
     3.244     0.798    0.200E-01    0.172E-02    0.404E-03    0.980E-06    0.980E-06    0.349E-06    0.349E-06    0.000E+00    0.000E+00    0.000E+00    0.000E+00
     3.244     0.799    0.197E-01    0.169E-02    0.392E-03    0.938E-06    0.938E-06    0.333E-06    0.333E-06    0.000E+00    0.000E+00    0.000E+00    0.000E+00
     3.244     0.800    0.194E-01    0.166E-02    0.381E-03    0.897E-06    0.897E-06    0.317E-06    0.317E-06    0.000E+00    0.000E+00    0.000E+00    0.000E+00
     3.244     0.801    0.190E-01    0.162E-02    0.370E-03    0.859E-06    0.859E-06    0.303E-06    0.303E-06    0.000E+00    0.000E+00    0.000E+00    0.000E+00
     3.244     0.802    0.187E-01    0.159E-02    0.359E-03    0.821E-06    0.821E-06    0.289E-06    0.289E-06    0.000E+00    0.000E+00    0.000E+00    0.000E+00
     3.244     0.803    0.184E-01    0.156E-02    0.349E-03    0.786E-06    0.786E-06    0.275E-06    0.275E-06    0.000E+00    0.000E+00    0.000E+00    0.000E+00
     3.244     0.804    0.181E-01    0.153E-02    0.338E-03    0.752E-06    0.752E-06    0.262E-06    0.262E-06    0.000E+00    0.000E+00    0.000E+00    0.000E+00
     3.244     0.805    0.178E-01    0.150E-02    0.328E-03    0.719E-06    0.719E-06    0.250E-06    0.250E-06    0.000E+00    0.000E+00    0.000E+00    0.000E+00
     3.244     0.806    0.175E-01    0.147E-02    0.319E-03    0.688E-06    0.688E-06    0.239E-06    0.239E-06    0.000E+00    0.000E+00    0.000E+00    0.000E+00
     3.244     0.807    0.172E-01    0.144E-02    0.309E-03    0.658E-06    0.658E-06    0.227E-06    0.227E-06    0.000E+00    0.000E+00    0.000E+00    0.000E+00
     3.244     0.808    0.169E-01    0.141E-02    0.300E-03    0.630E-06    0.630E-06    0.217E-06    0.217E-06    0.000E+00    0.000E+00    0.000E+00    0.000E+00
     3.244     0.809    0.166E-01    0.138E-02    0.291E-03    0.603E-06    0.603E-06    0.207E-06    0.207E-06    0.000E+00    0.000E+00    0.000E+00    0.000E+00
     3.244     0.810    0.163E-01    0.135E-02    0.282E-03    0.577E-06    0.577E-06    0.197E-06    0.197E-06    0.000E+00    0.000E+00    0.000E+00    0.000E+00
     3.244     0.811    0.160E-01    0.133E-02    0.274E-03    0.552E-06    0.552E-06    0.188E-06    0.188E-06    0.000E+00    0.000E+00    0.000E+00    0.000E+00
     3.244     0.812    0.157E-01    0.130E-02    0.265E-03    0.528E-06    0.528E-06    0.179E-06    0.179E-06    0.000E+00    0.000E+00    0.000E+00    0.000E+00
     3.244     0.813    0.154E-01    0.127E-02    0.257E-03    0.505E-06    0.505E-06    0.171E-06    0.171E-06    0.000E+00    0.000E+00    0.000E+00    0.000E+00
     3.244     0.814    0.152E-01    0.125E-02    0.249E-03    0.481E-06    0.481E-06    0.162E-06    0.162E-06    0.000E+00    0.000E+00    0.000E+00    0.000E+00
     3.244     0.815    0.149E-01    0.122E-02    0.241E-03    0.458E-06    0.458E-06    0.153E-06    0.153E-06    0.000E+00    0.000E+00    0.000E+00    0.000E+00
     3.244     0.816    0.146E-01    0.120E-02    0.234E-03    0.435E-06    0.435E-06    0.145E-06    0.145E-06    0.000E+00    0.000E+00    0.000E+00    0.000E+00
     3.244     0.817    0.144E-01    0.117E-02    0.226E-03    0.414E-06    0.414E-06    0.138E-06    0.138E-06    0.000E+00    0.000E+00    0.000E+00    0.000E+00
     3.244     0.818    0.141E-01    0.115E-02    0.219E-03    0.394E-06    0.394E-06    0.130E-06    0.130E-06    0.000E+00    0.000E+00    0.000E+00    0.000E+00
     3.244     0.819    0.138E-01    0.112E-02    0.212E-03    0.374E-06    0.374E-06    0.123E-06    0.123E-06    0.000E+00    0.000E+00    0.000E+00    0.000E+00
     3.244     0.820    0.136E-01    0.110E-02    0.205E-03    0.356E-06    0.356E-06    0.116E-06    0.116E-06    0.000E+00    0.000E+00    0.000E+00    0.000E+00
     3.244     0.821    0.133E-01    0.108E-02    0.198E-03    0.338E-06    0.338E-06    0.110E-06    0.110E-06    0.000E+00    0.000E+00    0.000E+00    0.000E+00
     3.244     0.822    0.131E-01    0.105E-02    0.192E-03    0.321E-06    0.321E-06    0.104E-06    0.104E-06    0.000E+00    0.000E+00    0.000E+00    0.000E+00
     3.244     0.823    0.128E-01    0.103E-02    0.186E-03    0.305E-06    0.305E-06    0.981E-07    0.981E-07    0.000E+00    0.000E+00    0.000E+00    0.000E+00
     3.244     0.824    0.126E-01    0.101E-02    0.179E-03    0.290E-06    0.290E-06    0.926E-07    0.926E-07    0.000E+00    0.000E+00    0.000E+00    0.000E+00
     3.244     0.825    0.123E-01    0.989E-03    0.174E-03    0.276E-06    0.276E-06    0.874E-07    0.874E-07    0.000E+00    0.000E+00    0.000E+00    0.000E+00
     3.244     0.826    0.121E-01    0.968E-03    0.168E-03    0.262E-06    0.262E-06    0.826E-07    0.826E-07    0.000E+00    0.000E+00    0.000E+00    0.000E+00
     3.244     0.827    0.119E-01    0.947E-03    0.162E-03    0.249E-06    0.249E-06    0.779E-07    0.779E-07    0.000E+00    0.000E+00    0.000E+00    0.000E+00
     3.244     0.828    0.116E-01    0.926E-03    0.157E-03    0.236E-06    0.236E-06    0.736E-07    0.736E-07    0.000E+00    0.000E+00    0.000E+00    0.000E+00
     3.244     0.829    0.114E-01    0.906E-03    0.152E-03    0.224E-06    0.224E-06    0.695E-07    0.695E-07    0.000E+00    0.000E+00    0.000E+00    0.000E+00
     3.244     0.830    0.112E-01    0.887E-03    0.146E-03    0.213E-06    0.213E-06    0.656E-07    0.656E-07    0.000E+00    0.000E+00    0.000E+00    0.000E+00
     3.244     0.831    0.110E-01    0.867E-03    0.141E-03    0.203E-06    0.203E-06    0.619E-07    0.619E-07    0.000E+00    0.000E+00    0.000E+00    0.000E+00
     3.244     0.832    0.107E-01    0.849E-03    0.137E-03    0.193E-06    0.193E-06    0.585E-07    0.585E-07    0.000E+00    0.000E+00    0.000E+00    0.000E+00
     3.244     0.833    0.105E-01    0.830E-03    0.132E-03    0.183E-06    0.183E-06    0.553E-07    0.553E-07    0.000E+00    0.000E+00    0.000E+00    0.000E+00
     3.244     0.834    0.103E-01    0.812E-03    0.127E-03    0.174E-06    0.174E-06    0.523E-07    0.523E-07    0.000E+00    0.000E+00    0.000E+00    0.000E+00
     3.244     0.835    0.101E-01    0.794E-03    0.123E-03    0.166E-06    0.166E-06    0.494E-07    0.494E-07    0.000E+00    0.000E+00    0.000E+00    0.000E+00
     3.244     0.836    0.990E-02    0.776E-03    0.119E-03    0.158E-06    0.158E-06    0.467E-07    0.467E-07    0.000E+00    0.000E+00    0.000E+00    0.000E+00
     3.244     0.837    0.969E-02    0.759E-03    0.115E-03    0.149E-06    0.149E-06    0.437E-07    0.437E-07    0.000E+00    0.000E+00    0.000E+00    0.000E+00
     3.244     0.838    0.949E-02    0.742E-03    0.110E-03    0.140E-06    0.140E-06    0.408E-07    0.408E-07    0.000E+00    0.000E+00    0.000E+00    0.000E+00
     3.244     0.839    0.929E-02    0.725E-03    0.106E-03    0.132E-06    0.132E-06    0.380E-07    0.380E-07    0.000E+00    0.000E+00    0.000E+00    0.000E+00
     3.244     0.840    0.910E-02    0.708E-03    0.103E-03    0.124E-06    0.124E-06    0.354E-07    0.354E-07    0.000E+00    0.000E+00    0.000E+00    0.000E+00
     3.244     0.841    0.890E-02    0.692E-03    0.989E-04    0.117E-06    0.117E-06    0.329E-07    0.329E-07    0.000E+00    0.000E+00    0.000E+00    0.000E+00
     3.244     0.842    0.871E-02    0.676E-03    0.952E-04    0.110E-06    0.110E-06    0.306E-07    0.306E-07    0.000E+00    0.000E+00    0.000E+00    0.000E+00
     3.244     0.843    0.853E-02    0.660E-03    0.917E-04    0.104E-06    0.104E-06    0.285E-07    0.285E-07    0.000E+00    0.000E+00    0.000E+00    0.000E+00
     3.244     0.844    0.834E-02    0.645E-03    0.883E-04    0.974E-07    0.974E-07    0.264E-07    0.264E-07    0.000E+00    0.000E+00    0.000E+00    0.000E+00
     3.244     0.845    0.816E-02    0.630E-03    0.850E-04    0.915E-07    0.915E-07    0.245E-07    0.245E-07    0.000E+00    0.000E+00    0.000E+00    0.000E+00
     3.244     0.846    0.798E-02    0.615E-03    0.818E-04    0.860E-07    0.860E-07    0.227E-07    0.227E-07    0.000E+00    0.000E+00    0.000E+00    0.000E+00
     3.244     0.847    0.781E-02    0.601E-03    0.787E-04    0.808E-07    0.808E-07    0.210E-07    0.210E-07    0.000E+00    0.000E+00    0.000E+00    0.000E+00
     3.244     0.848    0.763E-02    0.587E-03    0.757E-04    0.759E-07    0.759E-07    0.195E-07    0.195E-07    0.000E+00    0.000E+00    0.000E+00    0.000E+00
     3.244     0.849    0.746E-02    0.573E-03    0.729E-04    0.713E-07    0.713E-07    0.180E-07    0.180E-07    0.000E+00    0.000E+00    0.000E+00    0.000E+00
     3.244     0.850    0.729E-02    0.559E-03    0.701E-04    0.671E-07    0.671E-07    0.167E-07    0.167E-07    0.000E+00    0.000E+00    0.000E+00    0.000E+00
     3.244     0.851    0.713E-02    0.546E-03    0.674E-04    0.630E-07    0.630E-07    0.154E-07    0.154E-07    0.000E+00    0.000E+00    0.000E+00    0.000E+00
     3.244     0.852    0.696E-02    0.533E-03    0.648E-04    0.593E-07    0.593E-07    0.143E-07    0.143E-07    0.000E+00    0.000E+00    0.000E+00    0.000E+00
     3.244     0.853    0.680E-02    0.520E-03    0.623E-04    0.558E-07    0.558E-07    0.132E-07    0.132E-07    0.000E+00    0.000E+00    0.000E+00    0.000E+00
     3.244     0.854    0.665E-02    0.507E-03    0.599E-04    0.525E-07    0.525E-07    0.123E-07    0.123E-07    0.000E+00    0.000E+00    0.000E+00    0.000E+00
     3.244     0.855    0.649E-02    0.495E-03    0.576E-04    0.495E-07    0.495E-07    0.114E-07    0.114E-07    0.000E+00    0.000E+00    0.000E+00    0.000E+00
     3.244     0.856    0.634E-02    0.483E-03    0.553E-04    0.466E-07    0.466E-07    0.106E-07    0.106E-07    0.000E+00    0.000E+00    0.000E+00    0.000E+00
     3.244     0.857    0.619E-02    0.471E-03    0.532E-04    0.440E-07    0.440E-07    0.983E-08    0.983E-08    0.000E+00    0.000E+00    0.000E+00    0.000E+00
     3.244     0.858    0.604E-02    0.459E-03    0.511E-04    0.416E-07    0.416E-07    0.916E-08    0.916E-08    0.000E+00    0.000E+00    0.000E+00    0.000E+00
     3.244     0.859    0.589E-02    0.448E-03    0.491E-04    0.393E-07    0.393E-07    0.856E-08    0.856E-08    0.000E+00    0.000E+00    0.000E+00    0.000E+00
     3.244     0.860    0.575E-02    0.436E-03    0.471E-04    0.367E-07    0.367E-07    0.778E-08    0.778E-08    0.000E+00    0.000E+00    0.000E+00    0.000E+00
     3.244     0.861    0.561E-02    0.425E-03    0.451E-04    0.340E-07    0.340E-07    0.700E-08    0.700E-08    0.000E+00    0.000E+00    0.000E+00    0.000E+00
     3.244     0.862    0.547E-02    0.414E-03    0.432E-04    0.315E-07    0.315E-07    0.627E-08    0.627E-08    0.000E+00    0.000E+00    0.000E+00    0.000E+00
     3.244     0.863    0.534E-02    0.404E-03    0.414E-04    0.292E-07    0.292E-07    0.560E-08    0.560E-08    0.000E+00    0.000E+00    0.000E+00    0.000E+00
     3.244     0.864    0.520E-02    0.393E-03    0.396E-04    0.270E-07    0.270E-07    0.497E-08    0.497E-08    0.000E+00    0.000E+00    0.000E+00    0.000E+00
     3.244     0.865    0.507E-02    0.383E-03    0.379E-04    0.249E-07    0.249E-07    0.440E-08    0.440E-08    0.000E+00    0.000E+00    0.000E+00    0.000E+00
     3.244     0.866    0.494E-02    0.373E-03    0.363E-04    0.230E-07    0.230E-07    0.387E-08    0.387E-08    0.000E+00    0.000E+00    0.000E+00    0.000E+00
     3.244     0.867    0.482E-02    0.363E-03    0.347E-04    0.212E-07    0.212E-07    0.339E-08    0.339E-08    0.000E+00    0.000E+00    0.000E+00    0.000E+00
     3.244     0.868    0.469E-02    0.354E-03    0.332E-04    0.196E-07    0.196E-07    0.295E-08    0.295E-08    0.000E+00    0.000E+00    0.000E+00    0.000E+00
     3.244     0.869    0.457E-02    0.344E-03    0.317E-04    0.180E-07    0.180E-07    0.255E-08    0.255E-08    0.000E+00    0.000E+00    0.000E+00    0.000E+00
     3.244     0.870    0.445E-02    0.335E-03    0.304E-04    0.166E-07    0.166E-07    0.219E-08    0.219E-08    0.000E+00    0.000E+00    0.000E+00    0.000E+00
     3.244     0.871    0.433E-02    0.326E-03    0.290E-04    0.153E-07    0.153E-07    0.186E-08    0.186E-08    0.000E+00    0.000E+00    0.000E+00    0.000E+00
     3.244     0.872    0.422E-02    0.317E-03    0.277E-04    0.141E-07    0.141E-07    0.158E-08    0.158E-08    0.000E+00    0.000E+00    0.000E+00    0.000E+00
     3.244     0.873    0.410E-02    0.308E-03    0.265E-04    0.130E-07    0.130E-07    0.132E-08    0.132E-08    0.000E+00    0.000E+00    0.000E+00    0.000E+00
     3.244     0.874    0.399E-02    0.300E-03    0.253E-04    0.120E-07    0.120E-07    0.111E-08    0.111E-08    0.000E+00    0.000E+00    0.000E+00    0.000E+00
     3.244     0.875    0.388E-02    0.292E-03    0.242E-04    0.110E-07    0.110E-07    0.916E-09    0.916E-09    0.000E+00    0.000E+00    0.000E+00    0.000E+00
     3.244     0.876    0.378E-02    0.283E-03    0.231E-04    0.102E-07    0.102E-07    0.756E-09    0.756E-09    0.000E+00    0.000E+00    0.000E+00    0.000E+00
     3.244     0.877    0.367E-02    0.276E-03    0.221E-04    0.945E-08    0.945E-08    0.623E-09    0.623E-09    0.000E+00    0.000E+00    0.000E+00    0.000E+00
     3.244     0.878    0.357E-02    0.268E-03    0.211E-04    0.878E-08    0.878E-08    0.515E-09    0.515E-09    0.000E+00    0.000E+00    0.000E+00    0.000E+00
     3.244     0.879    0.347E-02    0.260E-03    0.201E-04    0.818E-08    0.818E-08    0.430E-09    0.430E-09    0.000E+00    0.000E+00    0.000E+00    0.000E+00
     3.244     0.880    0.337E-02    0.253E-03    0.192E-04    0.764E-08    0.764E-08    0.367E-09    0.367E-09    0.000E+00    0.000E+00    0.000E+00    0.000E+00
     3.244     0.881    0.327E-02    0.245E-03    0.183E-04    0.717E-08    0.717E-08    0.323E-09    0.323E-09    0.000E+00    0.000E+00    0.000E+00    0.000E+00
     3.244     0.882    0.318E-02    0.238E-03    0.175E-04    0.676E-08    0.676E-08    0.297E-09    0.297E-09    0.000E+00    0.000E+00    0.000E+00    0.000E+00
     3.244     0.883    0.308E-02    0.231E-03    0.167E-04    0.623E-08    0.623E-08    0.225E-09    0.225E-09    0.000E+00    0.000E+00    0.000E+00    0.000E+00
     3.244     0.884    0.299E-02    0.225E-03    0.159E-04    0.559E-08    0.559E-08    0.109E-09    0.109E-09    0.000E+00    0.000E+00    0.000E+00    0.000E+00
     3.244     0.885    0.290E-02    0.218E-03    0.151E-04    0.499E-08    0.499E-08    0.703E-11    0.703E-11    0.000E+00    0.000E+00    0.000E+00    0.000E+00
     3.244     0.886    0.282E-02    0.211E-03    0.143E-04    0.444E-08    0.444E-08    0.000E+00    0.000E+00    0.000E+00    0.000E+00    0.000E+00    0.000E+00
     3.244     0.887    0.273E-02    0.205E-03    0.136E-04    0.394E-08    0.394E-08    0.000E+00    0.000E+00    0.000E+00    0.000E+00    0.000E+00    0.000E+00
     3.244     0.888    0.265E-02    0.198E-03    0.129E-04    0.348E-08    0.348E-08    0.000E+00    0.000E+00    0.000E+00    0.000E+00    0.000E+00    0.000E+00
     3.244     0.889    0.257E-02    0.192E-03    0.122E-04    0.305E-08    0.305E-08    0.000E+00    0.000E+00    0.000E+00    0.000E+00    0.000E+00    0.000E+00
     3.244     0.890    0.249E-02    0.186E-03    0.116E-04    0.267E-08    0.267E-08    0.000E+00    0.000E+00    0.000E+00    0.000E+00    0.000E+00    0.000E+00
     3.244     0.891    0.241E-02    0.180E-03    0.110E-04    0.232E-08    0.232E-08    0.000E+00    0.000E+00    0.000E+00    0.000E+00    0.000E+00    0.000E+00
     3.244     0.892    0.233E-02    0.175E-03    0.104E-04    0.200E-08    0.200E-08    0.000E+00    0.000E+00    0.000E+00    0.000E+00    0.000E+00    0.000E+00
     3.244     0.893    0.226E-02    0.169E-03    0.984E-05    0.172E-08    0.172E-08    0.000E+00    0.000E+00    0.000E+00    0.000E+00    0.000E+00    0.000E+00
     3.244     0.894    0.218E-02    0.164E-03    0.932E-05    0.148E-08    0.148E-08    0.000E+00    0.000E+00    0.000E+00    0.000E+00    0.000E+00    0.000E+00
     3.244     0.895    0.211E-02    0.158E-03    0.883E-05    0.126E-08    0.126E-08    0.000E+00    0.000E+00    0.000E+00    0.000E+00    0.000E+00    0.000E+00
     3.244     0.896    0.204E-02    0.153E-03    0.836E-05    0.107E-08    0.107E-08    0.000E+00    0.000E+00    0.000E+00    0.000E+00    0.000E+00    0.000E+00
     3.244     0.897    0.197E-02    0.148E-03    0.791E-05    0.913E-09    0.913E-09    0.000E+00    0.000E+00    0.000E+00    0.000E+00    0.000E+00    0.000E+00
     3.244     0.898    0.191E-02    0.143E-03    0.749E-05    0.778E-09    0.778E-09    0.000E+00    0.000E+00    0.000E+00    0.000E+00    0.000E+00    0.000E+00
     3.244     0.899    0.184E-02    0.138E-03    0.709E-05    0.667E-09    0.667E-09    0.000E+00    0.000E+00    0.000E+00    0.000E+00    0.000E+00    0.000E+00
     3.244     0.900    0.178E-02    0.134E-03    0.671E-05    0.579E-09    0.579E-09    0.000E+00    0.000E+00    0.000E+00    0.000E+00    0.000E+00    0.000E+00
     3.244     0.901    0.172E-02    0.129E-03    0.635E-05    0.511E-09    0.511E-09    0.000E+00    0.000E+00    0.000E+00    0.000E+00    0.000E+00    0.000E+00
     3.244     0.902    0.166E-02    0.125E-03    0.602E-05    0.462E-09    0.462E-09    0.000E+00    0.000E+00    0.000E+00    0.000E+00    0.000E+00    0.000E+00
     3.244     0.903    0.160E-02    0.120E-03    0.570E-05    0.431E-09    0.431E-09    0.000E+00    0.000E+00    0.000E+00    0.000E+00    0.000E+00    0.000E+00
     3.244     0.904    0.154E-02    0.116E-03    0.540E-05    0.416E-09    0.416E-09    0.000E+00    0.000E+00    0.000E+00    0.000E+00    0.000E+00    0.000E+00
     3.244     0.905    0.148E-02    0.112E-03    0.512E-05    0.414E-09    0.414E-09    0.000E+00    0.000E+00    0.000E+00    0.000E+00    0.000E+00    0.000E+00
     3.244     0.906    0.143E-02    0.108E-03    0.484E-05    0.409E-09    0.409E-09    0.000E+00    0.000E+00    0.000E+00    0.000E+00    0.000E+00    0.000E+00
     3.244     0.907    0.138E-02    0.104E-03    0.455E-05    0.310E-09    0.310E-09    0.000E+00    0.000E+00    0.000E+00    0.000E+00    0.000E+00    0.000E+00
     3.244     0.908    0.133E-02    0.100E-03    0.426E-05    0.222E-09    0.222E-09    0.000E+00    0.000E+00    0.000E+00    0.000E+00    0.000E+00    0.000E+00
     3.244     0.909    0.128E-02    0.965E-04    0.399E-05    0.144E-09    0.144E-09    0.000E+00    0.000E+00    0.000E+00    0.000E+00    0.000E+00    0.000E+00
     3.244     0.910    0.123E-02    0.929E-04    0.374E-05    0.745E-10    0.745E-10    0.000E+00    0.000E+00    0.000E+00    0.000E+00    0.000E+00    0.000E+00
     3.244     0.911    0.118E-02    0.893E-04    0.350E-05    0.142E-10    0.142E-10    0.000E+00    0.000E+00    0.000E+00    0.000E+00    0.000E+00    0.000E+00
     3.244     0.912    0.113E-02    0.859E-04    0.327E-05    0.000E+00    0.000E+00    0.000E+00    0.000E+00    0.000E+00    0.000E+00    0.000E+00    0.000E+00
     3.244     0.913    0.109E-02    0.825E-04    0.306E-05    0.000E+00    0.000E+00    0.000E+00    0.000E+00    0.000E+00    0.000E+00    0.000E+00    0.000E+00
     3.244     0.914    0.104E-02    0.793E-04    0.285E-05    0.000E+00    0.000E+00    0.000E+00    0.000E+00    0.000E+00    0.000E+00    0.000E+00    0.000E+00
     3.244     0.915    0.100E-02    0.761E-04    0.266E-05    0.000E+00    0.000E+00    0.000E+00    0.000E+00    0.000E+00    0.000E+00    0.000E+00    0.000E+00
     3.244     0.916    0.960E-03    0.731E-04    0.249E-05    0.000E+00    0.000E+00    0.000E+00    0.000E+00    0.000E+00    0.000E+00    0.000E+00    0.000E+00
     3.244     0.917    0.920E-03    0.701E-04    0.232E-05    0.000E+00    0.000E+00    0.000E+00    0.000E+00    0.000E+00    0.000E+00    0.000E+00    0.000E+00
     3.244     0.918    0.881E-03    0.672E-04    0.216E-05    0.000E+00    0.000E+00    0.000E+00    0.000E+00    0.000E+00    0.000E+00    0.000E+00    0.000E+00
     3.244     0.919    0.844E-03    0.644E-04    0.202E-05    0.000E+00    0.000E+00    0.000E+00    0.000E+00    0.000E+00    0.000E+00    0.000E+00    0.000E+00
     3.244     0.920    0.808E-03    0.617E-04    0.188E-05    0.000E+00    0.000E+00    0.000E+00    0.000E+00    0.000E+00    0.000E+00    0.000E+00    0.000E+00
     3.244     0.921    0.772E-03    0.591E-04    0.176E-05    0.000E+00    0.000E+00    0.000E+00    0.000E+00    0.000E+00    0.000E+00    0.000E+00    0.000E+00
     3.244     0.922    0.738E-03    0.565E-04    0.164E-05    0.000E+00    0.000E+00    0.000E+00    0.000E+00    0.000E+00    0.000E+00    0.000E+00    0.000E+00
     3.244     0.923    0.705E-03    0.541E-04    0.153E-05    0.000E+00    0.000E+00    0.000E+00    0.000E+00    0.000E+00    0.000E+00    0.000E+00    0.000E+00
     3.244     0.924    0.673E-03    0.517E-04    0.143E-05    0.000E+00    0.000E+00    0.000E+00    0.000E+00    0.000E+00    0.000E+00    0.000E+00    0.000E+00
     3.244     0.925    0.642E-03    0.494E-04    0.134E-05    0.000E+00    0.000E+00    0.000E+00    0.000E+00    0.000E+00    0.000E+00    0.000E+00    0.000E+00
     3.244     0.926    0.612E-03    0.471E-04    0.126E-05    0.000E+00    0.000E+00    0.000E+00    0.000E+00    0.000E+00    0.000E+00    0.000E+00    0.000E+00
     3.244     0.927    0.584E-03    0.450E-04    0.118E-05    0.000E+00    0.000E+00    0.000E+00    0.000E+00    0.000E+00    0.000E+00    0.000E+00    0.000E+00
     3.244     0.928    0.556E-03    0.429E-04    0.111E-05    0.000E+00    0.000E+00    0.000E+00    0.000E+00    0.000E+00    0.000E+00    0.000E+00    0.000E+00
     3.244     0.929    0.529E-03    0.409E-04    0.104E-05    0.000E+00    0.000E+00    0.000E+00    0.000E+00    0.000E+00    0.000E+00    0.000E+00    0.000E+00
     3.244     0.930    0.503E-03    0.389E-04    0.964E-06    0.000E+00    0.000E+00    0.000E+00    0.000E+00    0.000E+00    0.000E+00    0.000E+00    0.000E+00
     3.244     0.931    0.477E-03    0.370E-04    0.884E-06    0.000E+00    0.000E+00    0.000E+00    0.000E+00    0.000E+00    0.000E+00    0.000E+00    0.000E+00
     3.244     0.932    0.453E-03    0.352E-04    0.809E-06    0.000E+00    0.000E+00    0.000E+00    0.000E+00    0.000E+00    0.000E+00    0.000E+00    0.000E+00
     3.244     0.933    0.429E-03    0.334E-04    0.738E-06    0.000E+00    0.000E+00    0.000E+00    0.000E+00    0.000E+00    0.000E+00    0.000E+00    0.000E+00
     3.244     0.934    0.407E-03    0.317E-04    0.673E-06    0.000E+00    0.000E+00    0.000E+00    0.000E+00    0.000E+00    0.000E+00    0.000E+00    0.000E+00
     3.244     0.935    0.385E-03    0.300E-04    0.612E-06    0.000E+00    0.000E+00    0.000E+00    0.000E+00    0.000E+00    0.000E+00    0.000E+00    0.000E+00
     3.244     0.936    0.364E-03    0.284E-04    0.556E-06    0.000E+00    0.000E+00    0.000E+00    0.000E+00    0.000E+00    0.000E+00    0.000E+00    0.000E+00
     3.244     0.937    0.344E-03    0.269E-04    0.504E-06    0.000E+00    0.000E+00    0.000E+00    0.000E+00    0.000E+00    0.000E+00    0.000E+00    0.000E+00
     3.244     0.938    0.324E-03    0.254E-04    0.457E-06    0.000E+00    0.000E+00    0.000E+00    0.000E+00    0.000E+00    0.000E+00    0.000E+00    0.000E+00
     3.244     0.939    0.306E-03    0.240E-04    0.413E-06    0.000E+00    0.000E+00    0.000E+00    0.000E+00    0.000E+00    0.000E+00    0.000E+00    0.000E+00
     3.244     0.940    0.288E-03    0.226E-04    0.373E-06    0.000E+00    0.000E+00    0.000E+00    0.000E+00    0.000E+00    0.000E+00    0.000E+00    0.000E+00
     3.244     0.941    0.271E-03    0.213E-04    0.337E-06    0.000E+00    0.000E+00    0.000E+00    0.000E+00    0.000E+00    0.000E+00    0.000E+00    0.000E+00
     3.244     0.942    0.255E-03    0.201E-04    0.304E-06    0.000E+00    0.000E+00    0.000E+00    0.000E+00    0.000E+00    0.000E+00    0.000E+00    0.000E+00
     3.244     0.943    0.239E-03    0.189E-04    0.275E-06    0.000E+00    0.000E+00    0.000E+00    0.000E+00    0.000E+00    0.000E+00    0.000E+00    0.000E+00
     3.244     0.944    0.224E-03    0.177E-04    0.249E-06    0.000E+00    0.000E+00    0.000E+00    0.000E+00    0.000E+00    0.000E+00    0.000E+00    0.000E+00
     3.244     0.945    0.210E-03    0.166E-04    0.226E-06    0.000E+00    0.000E+00    0.000E+00    0.000E+00    0.000E+00    0.000E+00    0.000E+00    0.000E+00
     3.244     0.946    0.197E-03    0.156E-04    0.205E-06    0.000E+00    0.000E+00    0.000E+00    0.000E+00    0.000E+00    0.000E+00    0.000E+00    0.000E+00
     3.244     0.947    0.184E-03    0.146E-04    0.188E-06    0.000E+00    0.000E+00    0.000E+00    0.000E+00    0.000E+00    0.000E+00    0.000E+00    0.000E+00
     3.244     0.948    0.171E-03    0.136E-04    0.172E-06    0.000E+00    0.000E+00    0.000E+00    0.000E+00    0.000E+00    0.000E+00    0.000E+00    0.000E+00
     3.244     0.949    0.160E-03    0.127E-04    0.159E-06    0.000E+00    0.000E+00    0.000E+00    0.000E+00    0.000E+00    0.000E+00    0.000E+00    0.000E+00
     3.244     0.950    0.149E-03    0.119E-04    0.148E-06    0.000E+00    0.000E+00    0.000E+00    0.000E+00    0.000E+00    0.000E+00    0.000E+00    0.000E+00
     3.244     0.951    0.138E-03    0.110E-04    0.140E-06    0.000E+00    0.000E+00    0.000E+00    0.000E+00    0.000E+00    0.000E+00    0.000E+00    0.000E+00
     3.244     0.952    0.128E-03    0.103E-04    0.132E-06    0.000E+00    0.000E+00    0.000E+00    0.000E+00    0.000E+00    0.000E+00    0.000E+00    0.000E+00
     3.244     0.953    0.119E-03    0.951E-05    0.124E-06    0.357E-14    0.357E-14    0.000E+00    0.000E+00    0.000E+00    0.000E+00    0.000E+00    0.000E+00
     3.244     0.954    0.109E-03    0.875E-05    0.108E-06    0.236E-13    0.236E-13    0.000E+00    0.000E+00    0.000E+00    0.000E+00    0.000E+00    0.000E+00
     3.244     0.955    0.995E-04    0.802E-05    0.931E-07    0.443E-13    0.443E-13    0.000E+00    0.000E+00    0.000E+00    0.000E+00    0.000E+00    0.000E+00
     3.244     0.956    0.907E-04    0.733E-05    0.794E-07    0.657E-13    0.657E-13    0.000E+00    0.000E+00    0.000E+00    0.000E+00    0.000E+00    0.000E+00
     3.244     0.957    0.824E-04    0.668E-05    0.669E-07    0.876E-13    0.876E-13    0.000E+00    0.000E+00    0.000E+00    0.000E+00    0.000E+00    0.000E+00
     3.244     0.958    0.746E-04    0.606E-05    0.556E-07    0.110E-12    0.110E-12    0.000E+00    0.000E+00    0.000E+00    0.000E+00    0.000E+00    0.000E+00
     3.244     0.959    0.672E-04    0.547E-05    0.455E-07    0.133E-12    0.133E-12    0.000E+00    0.000E+00    0.000E+00    0.000E+00    0.000E+00    0.000E+00
     3.244     0.960    0.602E-04    0.492E-05    0.365E-07    0.156E-12    0.156E-12    0.000E+00    0.000E+00    0.000E+00    0.000E+00    0.000E+00    0.000E+00
     3.244     0.961    0.537E-04    0.440E-05    0.286E-07    0.179E-12    0.179E-12    0.000E+00    0.000E+00    0.000E+00    0.000E+00    0.000E+00    0.000E+00
     3.244     0.962    0.475E-04    0.391E-05    0.216E-07    0.202E-12    0.202E-12    0.000E+00    0.000E+00    0.000E+00    0.000E+00    0.000E+00    0.000E+00
     3.244     0.963    0.418E-04    0.345E-05    0.157E-07    0.225E-12    0.225E-12    0.000E+00    0.000E+00    0.000E+00    0.000E+00    0.000E+00    0.000E+00
     3.244     0.964    0.365E-04    0.302E-05    0.106E-07    0.247E-12    0.247E-12    0.000E+00    0.000E+00    0.000E+00    0.000E+00    0.000E+00    0.000E+00
     3.244     0.965    0.315E-04    0.261E-05    0.638E-08    0.270E-12    0.270E-12    0.000E+00    0.000E+00    0.000E+00    0.000E+00    0.000E+00    0.000E+00
     3.244     0.966    0.269E-04    0.224E-05    0.299E-08    0.292E-12    0.292E-12    0.000E+00    0.000E+00    0.000E+00    0.000E+00    0.000E+00    0.000E+00
     3.244     0.967    0.227E-04    0.189E-05    0.362E-09    0.314E-12    0.314E-12    0.000E+00    0.000E+00    0.000E+00    0.000E+00    0.000E+00    0.000E+00
     3.244     0.968    0.187E-04    0.157E-05    0.000E+00    0.335E-12    0.335E-12    0.000E+00    0.000E+00    0.000E+00    0.000E+00    0.000E+00    0.000E+00
     3.244     0.969    0.152E-04    0.128E-05    0.000E+00    0.355E-12    0.355E-12    0.000E+00    0.000E+00    0.000E+00    0.000E+00    0.000E+00    0.000E+00
     3.244     0.970    0.119E-04    0.101E-05    0.000E+00    0.374E-12    0.374E-12    0.000E+00    0.000E+00    0.000E+00    0.000E+00    0.000E+00    0.000E+00
     3.244     0.971    0.896E-05    0.763E-06    0.000E+00    0.392E-12    0.392E-12    0.000E+00    0.000E+00    0.000E+00    0.000E+00    0.000E+00    0.000E+00
     3.244     0.972    0.631E-05    0.540E-06    0.000E+00    0.410E-12    0.410E-12    0.000E+00    0.000E+00    0.000E+00    0.000E+00    0.000E+00    0.000E+00
     3.244     0.973    0.393E-05    0.338E-06    0.000E+00    0.426E-12    0.426E-12    0.000E+00    0.000E+00    0.000E+00    0.000E+00    0.000E+00    0.000E+00
     3.244     0.974    0.182E-05    0.158E-06    0.000E+00    0.441E-12    0.441E-12    0.000E+00    0.000E+00    0.000E+00    0.000E+00    0.000E+00    0.000E+00
     3.244     0.975    0.000E+00    0.000E+00    0.652E-09    0.454E-12    0.454E-12    0.000E+00    0.000E+00    0.000E+00    0.000E+00    0.000E+00    0.000E+00
     3.244     0.976    0.000E+00    0.000E+00    0.258E-08    0.466E-12    0.466E-12    0.000E+00    0.000E+00    0.000E+00    0.000E+00    0.000E+00    0.000E+00
     3.244     0.977    0.000E+00    0.000E+00    0.477E-08    0.476E-12    0.476E-12    0.000E+00    0.000E+00    0.000E+00    0.000E+00    0.000E+00    0.000E+00
     3.244     0.978    0.000E+00    0.000E+00    0.714E-08    0.485E-12    0.485E-12    0.000E+00    0.000E+00    0.000E+00    0.000E+00    0.000E+00    0.000E+00
     3.244     0.979    0.000E+00    0.000E+00    0.966E-08    0.492E-12    0.492E-12    0.000E+00    0.000E+00    0.000E+00    0.000E+00    0.000E+00    0.000E+00
     3.244     0.980    0.000E+00    0.000E+00    0.123E-07    0.496E-12    0.496E-12    0.000E+00    0.000E+00    0.000E+00    0.000E+00    0.000E+00    0.000E+00
     3.244     0.981    0.000E+00    0.000E+00    0.149E-07    0.499E-12    0.499E-12    0.000E+00    0.000E+00    0.000E+00    0.000E+00    0.000E+00    0.000E+00
     3.244     0.982    0.000E+00    0.000E+00    0.176E-07    0.500E-12    0.500E-12    0.000E+00    0.000E+00    0.000E+00    0.000E+00    0.000E+00    0.000E+00
     3.244     0.983    0.000E+00    0.000E+00    0.201E-07    0.498E-12    0.498E-12    0.000E+00    0.000E+00    0.000E+00    0.000E+00    0.000E+00    0.000E+00
     3.244     0.984    0.000E+00    0.000E+00    0.226E-07    0.494E-12    0.494E-12    0.000E+00    0.000E+00    0.000E+00    0.000E+00    0.000E+00    0.000E+00
     3.244     0.985    0.000E+00    0.000E+00    0.248E-07    0.487E-12    0.487E-12    0.000E+00    0.000E+00    0.000E+00    0.000E+00    0.000E+00    0.000E+00
     3.244     0.986    0.000E+00    0.000E+00    0.268E-07    0.477E-12    0.477E-12    0.000E+00    0.000E+00    0.000E+00    0.000E+00    0.000E+00    0.000E+00
     3.244     0.987    0.000E+00    0.000E+00    0.286E-07    0.465E-12    0.465E-12    0.000E+00    0.000E+00    0.000E+00    0.000E+00    0.000E+00    0.000E+00
     3.244     0.988    0.000E+00    0.000E+00    0.300E-07    0.450E-12    0.450E-12    0.000E+00    0.000E+00    0.000E+00    0.000E+00    0.000E+00    0.000E+00
     3.244     0.989    0.000E+00    0.000E+00    0.310E-07    0.432E-12    0.432E-12    0.000E+00    0.000E+00    0.000E+00    0.000E+00    0.000E+00    0.000E+00
     3.244     0.990    0.000E+00    0.000E+00    0.315E-07    0.411E-12    0.411E-12    0.000E+00    0.000E+00    0.000E+00    0.000E+00    0.000E+00    0.000E+00
     3.244     0.991    0.000E+00    0.000E+00    0.316E-07    0.386E-12    0.386E-12    0.000E+00    0.000E+00    0.000E+00    0.000E+00    0.000E+00    0.000E+00
     3.244     0.992    0.000E+00    0.000E+00    0.311E-07    0.358E-12    0.358E-12    0.000E+00    0.000E+00    0.000E+00    0.000E+00    0.000E+00    0.000E+00
     3.244     0.993    0.000E+00    0.000E+00    0.299E-07    0.327E-12    0.327E-12    0.000E+00    0.000E+00    0.000E+00    0.000E+00    0.000E+00    0.000E+00
     3.244     0.994    0.000E+00    0.000E+00    0.281E-07    0.292E-12    0.292E-12    0.000E+00    0.000E+00    0.000E+00    0.000E+00    0.000E+00    0.000E+00
     3.244     0.995    0.000E+00    0.000E+00    0.256E-07    0.253E-12    0.253E-12    0.000E+00    0.000E+00    0.000E+00    0.000E+00    0.000E+00    0.000E+00
     3.244     0.996    0.000E+00    0.000E+00    0.223E-07    0.211E-12    0.211E-12    0.000E+00    0.000E+00    0.000E+00    0.000E+00    0.000E+00    0.000E+00
     3.244     0.997    0.000E+00    0.000E+00    0.181E-07    0.164E-12    0.164E-12    0.000E+00    0.000E+00    0.000E+00    0.000E+00    0.000E+00    0.000E+00
     3.244     0.998    0.000E+00    0.000E+00    0.131E-07    0.114E-12    0.114E-12    0.000E+00    0.000E+00    0.000E+00    0.000E+00    0.000E+00    0.000E+00
     3.244     0.999    0.000E+00    0.000E+00    0.704E-08    0.591E-13    0.591E-13    0.000E+00    0.000E+00    0.000E+00    0.000E+00    0.000E+00    0.000E+00

