     Q**2          x         u           d           g          ub          db          sb          s          cb          c          bb          b
     3.244     0.001    0.425E+00    0.401E+00    0.321E+01    0.385E+00    0.390E+00    0.207E+00    0.207E+00    0.860E-01    0.860E-01    0.000E+00    0.000E+00
     3.244     0.002    0.393E+00    0.362E+00    0.314E+01    0.333E+00    0.342E+00    0.180E+00    0.180E+00    0.747E-01    0.747E-01    0.000E+00    0.000E+00
     3.244     0.003    0.381E+00    0.346E+00    0.313E+01    0.304E+00    0.316E+00    0.165E+00    0.165E+00    0.685E-01    0.685E-01    0.000E+00    0.000E+00
     3.244     0.004    0.378E+00    0.340E+00    0.314E+01    0.287E+00    0.301E+00    0.156E+00    0.156E+00    0.645E-01    0.645E-01    0.000E+00    0.000E+00
     3.244     0.005    0.378E+00    0.337E+00    0.315E+01    0.274E+00    0.289E+00    0.150E+00    0.150E+00    0.612E-01    0.612E-01    0.000E+00    0.000E+00
     3.244     0.006    0.380E+00    0.337E+00    0.316E+01    0.264E+00    0.280E+00    0.144E+00    0.144E+00    0.584E-01    0.584E-01    0.000E+00    0.000E+00
     3.244     0.007    0.383E+00    0.338E+00    0.317E+01    0.256E+00    0.273E+00    0.140E+00    0.140E+00    0.561E-01    0.561E-01    0.000E+00    0.000E+00
     3.244     0.008    0.385E+00    0.339E+00    0.316E+01    0.248E+00    0.266E+00    0.135E+00    0.135E+00    0.539E-01    0.539E-01    0.000E+00    0.000E+00
     3.244     0.009    0.389E+00    0.342E+00    0.317E+01    0.242E+00    0.261E+00    0.132E+00    0.132E+00    0.521E-01    0.521E-01    0.000E+00    0.000E+00
     3.244     0.010    0.393E+00    0.344E+00    0.316E+01    0.236E+00    0.256E+00    0.129E+00    0.129E+00    0.502E-01    0.502E-01    0.000E+00    0.000E+00
     3.244     0.011    0.397E+00    0.347E+00    0.316E+01    0.232E+00    0.252E+00    0.126E+00    0.126E+00    0.487E-01    0.487E-01    0.000E+00    0.000E+00
     3.244     0.012    0.401E+00    0.350E+00    0.315E+01    0.227E+00    0.248E+00    0.123E+00    0.123E+00    0.472E-01    0.472E-01    0.000E+00    0.000E+00
     3.244     0.013    0.405E+00    0.353E+00    0.314E+01    0.223E+00    0.244E+00    0.121E+00    0.121E+00    0.458E-01    0.458E-01    0.000E+00    0.000E+00
     3.244     0.014    0.410E+00    0.356E+00    0.313E+01    0.220E+00    0.241E+00    0.119E+00    0.119E+00    0.446E-01    0.446E-01    0.000E+00    0.000E+00
     3.244     0.015    0.414E+00    0.359E+00    0.312E+01    0.216E+00    0.237E+00    0.117E+00    0.117E+00    0.433E-01    0.433E-01    0.000E+00    0.000E+00
     3.244     0.016    0.419E+00    0.362E+00    0.311E+01    0.213E+00    0.234E+00    0.115E+00    0.115E+00    0.422E-01    0.422E-01    0.000E+00    0.000E+00
     3.244     0.017    0.424E+00    0.365E+00    0.310E+01    0.210E+00    0.232E+00    0.113E+00    0.113E+00    0.411E-01    0.411E-01    0.000E+00    0.000E+00
     3.244     0.018    0.428E+00    0.368E+00    0.308E+01    0.207E+00    0.229E+00    0.111E+00    0.111E+00    0.401E-01    0.401E-01    0.000E+00    0.000E+00
     3.244     0.019    0.432E+00    0.371E+00    0.307E+01    0.205E+00    0.226E+00    0.110E+00    0.110E+00    0.391E-01    0.391E-01    0.000E+00    0.000E+00
     3.244     0.020    0.437E+00    0.374E+00    0.305E+01    0.202E+00    0.224E+00    0.108E+00    0.108E+00    0.381E-01    0.381E-01    0.000E+00    0.000E+00
     3.244     0.021    0.442E+00    0.377E+00    0.304E+01    0.200E+00    0.222E+00    0.107E+00    0.107E+00    0.373E-01    0.373E-01    0.000E+00    0.000E+00
     3.244     0.022    0.446E+00    0.380E+00    0.302E+01    0.198E+00    0.219E+00    0.105E+00    0.105E+00    0.364E-01    0.364E-01    0.000E+00    0.000E+00
     3.244     0.023    0.450E+00    0.383E+00    0.300E+01    0.196E+00    0.217E+00    0.104E+00    0.104E+00    0.355E-01    0.355E-01    0.000E+00    0.000E+00
     3.244     0.024    0.454E+00    0.385E+00    0.299E+01    0.194E+00    0.215E+00    0.102E+00    0.102E+00    0.346E-01    0.346E-01    0.000E+00    0.000E+00
     3.244     0.025    0.459E+00    0.388E+00    0.297E+01    0.192E+00    0.213E+00    0.101E+00    0.101E+00    0.338E-01    0.338E-01    0.000E+00    0.000E+00
     3.244     0.026    0.463E+00    0.390E+00    0.295E+01    0.190E+00    0.211E+00    0.100E+00    0.100E+00    0.331E-01    0.331E-01    0.000E+00    0.000E+00
     3.244     0.027    0.467E+00    0.393E+00    0.293E+01    0.188E+00    0.209E+00    0.988E-01    0.988E-01    0.323E-01    0.323E-01    0.000E+00    0.000E+00
     3.244     0.028    0.471E+00    0.395E+00    0.291E+01    0.186E+00    0.207E+00    0.976E-01    0.976E-01    0.316E-01    0.316E-01    0.000E+00    0.000E+00
     3.244     0.029    0.475E+00    0.397E+00    0.289E+01    0.185E+00    0.205E+00    0.965E-01    0.965E-01    0.309E-01    0.309E-01    0.000E+00    0.000E+00
     3.244     0.030    0.479E+00    0.399E+00    0.287E+01    0.183E+00    0.203E+00    0.955E-01    0.955E-01    0.303E-01    0.303E-01    0.000E+00    0.000E+00
     3.244     0.031    0.483E+00    0.402E+00    0.285E+01    0.182E+00    0.202E+00    0.945E-01    0.945E-01    0.296E-01    0.296E-01    0.000E+00    0.000E+00
     3.244     0.032    0.487E+00    0.404E+00    0.283E+01    0.180E+00    0.200E+00    0.936E-01    0.936E-01    0.290E-01    0.290E-01    0.000E+00    0.000E+00
     3.244     0.033    0.491E+00    0.406E+00    0.281E+01    0.179E+00    0.199E+00    0.926E-01    0.926E-01    0.284E-01    0.284E-01    0.000E+00    0.000E+00
     3.244     0.034    0.494E+00    0.407E+00    0.279E+01    0.177E+00    0.197E+00    0.916E-01    0.916E-01    0.278E-01    0.278E-01    0.000E+00    0.000E+00
     3.244     0.035    0.498E+00    0.409E+00    0.276E+01    0.176E+00    0.196E+00    0.908E-01    0.908E-01    0.273E-01    0.273E-01    0.000E+00    0.000E+00
     3.244     0.036    0.502E+00    0.411E+00    0.274E+01    0.175E+00    0.194E+00    0.899E-01    0.899E-01    0.268E-01    0.268E-01    0.000E+00    0.000E+00
     3.244     0.037    0.506E+00    0.413E+00    0.272E+01    0.174E+00    0.193E+00    0.891E-01    0.891E-01    0.263E-01    0.263E-01    0.000E+00    0.000E+00
     3.244     0.038    0.509E+00    0.415E+00    0.270E+01    0.172E+00    0.192E+00    0.884E-01    0.884E-01    0.258E-01    0.258E-01    0.000E+00    0.000E+00
     3.244     0.039    0.513E+00    0.416E+00    0.268E+01    0.171E+00    0.191E+00    0.875E-01    0.875E-01    0.253E-01    0.253E-01    0.000E+00    0.000E+00
     3.244     0.040    0.516E+00    0.418E+00    0.265E+01    0.170E+00    0.189E+00    0.867E-01    0.867E-01    0.248E-01    0.248E-01    0.000E+00    0.000E+00
     3.244     0.041    0.519E+00    0.419E+00    0.263E+01    0.168E+00    0.188E+00    0.859E-01    0.859E-01    0.243E-01    0.243E-01    0.000E+00    0.000E+00
     3.244     0.042    0.523E+00    0.421E+00    0.261E+01    0.167E+00    0.187E+00    0.851E-01    0.851E-01    0.238E-01    0.238E-01    0.000E+00    0.000E+00
     3.244     0.043    0.526E+00    0.422E+00    0.259E+01    0.166E+00    0.186E+00    0.843E-01    0.843E-01    0.234E-01    0.234E-01    0.000E+00    0.000E+00
     3.244     0.044    0.529E+00    0.424E+00    0.256E+01    0.164E+00    0.185E+00    0.836E-01    0.836E-01    0.229E-01    0.229E-01    0.000E+00    0.000E+00
     3.244     0.045    0.533E+00    0.425E+00    0.254E+01    0.163E+00    0.183E+00    0.829E-01    0.829E-01    0.225E-01    0.225E-01    0.000E+00    0.000E+00
     3.244     0.046    0.536E+00    0.426E+00    0.252E+01    0.162E+00    0.182E+00    0.821E-01    0.821E-01    0.221E-01    0.221E-01    0.000E+00    0.000E+00
     3.244     0.047    0.539E+00    0.428E+00    0.250E+01    0.161E+00    0.181E+00    0.814E-01    0.814E-01    0.217E-01    0.217E-01    0.000E+00    0.000E+00
     3.244     0.048    0.542E+00    0.429E+00    0.248E+01    0.159E+00    0.180E+00    0.806E-01    0.806E-01    0.212E-01    0.212E-01    0.000E+00    0.000E+00
     3.244     0.049    0.545E+00    0.430E+00    0.245E+01    0.158E+00    0.179E+00    0.799E-01    0.799E-01    0.208E-01    0.208E-01    0.000E+00    0.000E+00
     3.244     0.050    0.547E+00    0.431E+00    0.243E+01    0.157E+00    0.178E+00    0.793E-01    0.793E-01    0.205E-01    0.205E-01    0.000E+00    0.000E+00
     3.244     0.051    0.550E+00    0.432E+00    0.241E+01    0.155E+00    0.177E+00    0.786E-01    0.786E-01    0.201E-01    0.201E-01    0.000E+00    0.000E+00
     3.244     0.052    0.553E+00    0.433E+00    0.239E+01    0.154E+00    0.176E+00    0.779E-01    0.779E-01    0.197E-01    0.197E-01    0.000E+00    0.000E+00
     3.244     0.053    0.556E+00    0.434E+00    0.237E+01    0.153E+00    0.175E+00    0.773E-01    0.773E-01    0.194E-01    0.194E-01    0.000E+00    0.000E+00
     3.244     0.054    0.559E+00    0.435E+00    0.235E+01    0.152E+00    0.174E+00    0.767E-01    0.767E-01    0.190E-01    0.190E-01    0.000E+00    0.000E+00
     3.244     0.055    0.561E+00    0.436E+00    0.232E+01    0.151E+00    0.173E+00    0.760E-01    0.760E-01    0.187E-01    0.187E-01    0.000E+00    0.000E+00
     3.244     0.056    0.564E+00    0.437E+00    0.230E+01    0.149E+00    0.173E+00    0.754E-01    0.754E-01    0.184E-01    0.184E-01    0.000E+00    0.000E+00
     3.244     0.057    0.566E+00    0.437E+00    0.228E+01    0.148E+00    0.172E+00    0.748E-01    0.748E-01    0.180E-01    0.180E-01    0.000E+00    0.000E+00
     3.244     0.058    0.569E+00    0.438E+00    0.226E+01    0.147E+00    0.171E+00    0.742E-01    0.742E-01    0.177E-01    0.177E-01    0.000E+00    0.000E+00
     3.244     0.059    0.572E+00    0.439E+00    0.224E+01    0.146E+00    0.170E+00    0.736E-01    0.736E-01    0.174E-01    0.174E-01    0.000E+00    0.000E+00
     3.244     0.060    0.574E+00    0.439E+00    0.222E+01    0.145E+00    0.169E+00    0.730E-01    0.730E-01    0.171E-01    0.171E-01    0.000E+00    0.000E+00
     3.244     0.061    0.576E+00    0.440E+00    0.220E+01    0.143E+00    0.168E+00    0.725E-01    0.725E-01    0.168E-01    0.168E-01    0.000E+00    0.000E+00
     3.244     0.062    0.579E+00    0.441E+00    0.218E+01    0.142E+00    0.168E+00    0.719E-01    0.719E-01    0.166E-01    0.166E-01    0.000E+00    0.000E+00
     3.244     0.063    0.581E+00    0.441E+00    0.215E+01    0.141E+00    0.167E+00    0.714E-01    0.714E-01    0.163E-01    0.163E-01    0.000E+00    0.000E+00
     3.244     0.064    0.584E+00    0.442E+00    0.213E+01    0.140E+00    0.166E+00    0.708E-01    0.708E-01    0.160E-01    0.160E-01    0.000E+00    0.000E+00
     3.244     0.065    0.586E+00    0.442E+00    0.211E+01    0.139E+00    0.165E+00    0.702E-01    0.702E-01    0.157E-01    0.157E-01    0.000E+00    0.000E+00
     3.244     0.066    0.588E+00    0.443E+00    0.209E+01    0.137E+00    0.164E+00    0.696E-01    0.696E-01    0.155E-01    0.155E-01    0.000E+00    0.000E+00
     3.244     0.067    0.590E+00    0.443E+00    0.207E+01    0.136E+00    0.164E+00    0.691E-01    0.691E-01    0.152E-01    0.152E-01    0.000E+00    0.000E+00
     3.244     0.068    0.592E+00    0.444E+00    0.205E+01    0.135E+00    0.163E+00    0.686E-01    0.686E-01    0.149E-01    0.149E-01    0.000E+00    0.000E+00
     3.244     0.069    0.594E+00    0.444E+00    0.203E+01    0.134E+00    0.162E+00    0.680E-01    0.680E-01    0.147E-01    0.147E-01    0.000E+00    0.000E+00
     3.244     0.070    0.596E+00    0.445E+00    0.201E+01    0.133E+00    0.162E+00    0.675E-01    0.675E-01    0.144E-01    0.144E-01    0.000E+00    0.000E+00
     3.244     0.071    0.599E+00    0.445E+00    0.199E+01    0.131E+00    0.161E+00    0.670E-01    0.670E-01    0.142E-01    0.142E-01    0.000E+00    0.000E+00
     3.244     0.072    0.601E+00    0.445E+00    0.197E+01    0.130E+00    0.160E+00    0.665E-01    0.665E-01    0.140E-01    0.140E-01    0.000E+00    0.000E+00
     3.244     0.073    0.603E+00    0.446E+00    0.196E+01    0.129E+00    0.159E+00    0.660E-01    0.660E-01    0.137E-01    0.137E-01    0.000E+00    0.000E+00
     3.244     0.074    0.605E+00    0.446E+00    0.194E+01    0.128E+00    0.159E+00    0.654E-01    0.654E-01    0.135E-01    0.135E-01    0.000E+00    0.000E+00
     3.244     0.075    0.606E+00    0.446E+00    0.192E+01    0.127E+00    0.158E+00    0.649E-01    0.649E-01    0.133E-01    0.133E-01    0.000E+00    0.000E+00
     3.244     0.076    0.608E+00    0.447E+00    0.190E+01    0.126E+00    0.157E+00    0.644E-01    0.644E-01    0.131E-01    0.131E-01    0.000E+00    0.000E+00
     3.244     0.077    0.610E+00    0.447E+00    0.188E+01    0.125E+00    0.157E+00    0.639E-01    0.639E-01    0.128E-01    0.128E-01    0.000E+00    0.000E+00
     3.244     0.078    0.612E+00    0.447E+00    0.186E+01    0.123E+00    0.156E+00    0.635E-01    0.635E-01    0.126E-01    0.126E-01    0.000E+00    0.000E+00
     3.244     0.079    0.614E+00    0.447E+00    0.184E+01    0.122E+00    0.155E+00    0.630E-01    0.630E-01    0.124E-01    0.124E-01    0.000E+00    0.000E+00
     3.244     0.080    0.616E+00    0.447E+00    0.182E+01    0.121E+00    0.155E+00    0.625E-01    0.625E-01    0.122E-01    0.122E-01    0.000E+00    0.000E+00
     3.244     0.081    0.617E+00    0.447E+00    0.181E+01    0.120E+00    0.154E+00    0.620E-01    0.620E-01    0.120E-01    0.120E-01    0.000E+00    0.000E+00
     3.244     0.082    0.619E+00    0.447E+00    0.179E+01    0.119E+00    0.153E+00    0.616E-01    0.616E-01    0.119E-01    0.119E-01    0.000E+00    0.000E+00
     3.244     0.083    0.621E+00    0.448E+00    0.177E+01    0.118E+00    0.153E+00    0.611E-01    0.611E-01    0.117E-01    0.117E-01    0.000E+00    0.000E+00
     3.244     0.084    0.623E+00    0.448E+00    0.175E+01    0.117E+00    0.152E+00    0.607E-01    0.607E-01    0.115E-01    0.115E-01    0.000E+00    0.000E+00
     3.244     0.085    0.624E+00    0.448E+00    0.174E+01    0.116E+00    0.151E+00    0.602E-01    0.602E-01    0.113E-01    0.113E-01    0.000E+00    0.000E+00
     3.244     0.086    0.626E+00    0.448E+00    0.172E+01    0.115E+00    0.151E+00    0.597E-01    0.597E-01    0.111E-01    0.111E-01    0.000E+00    0.000E+00
     3.244     0.087    0.627E+00    0.448E+00    0.170E+01    0.114E+00    0.150E+00    0.593E-01    0.593E-01    0.110E-01    0.110E-01    0.000E+00    0.000E+00
     3.244     0.088    0.629E+00    0.448E+00    0.168E+01    0.113E+00    0.149E+00    0.588E-01    0.588E-01    0.108E-01    0.108E-01    0.000E+00    0.000E+00
     3.244     0.089    0.631E+00    0.448E+00    0.167E+01    0.112E+00    0.149E+00    0.584E-01    0.584E-01    0.106E-01    0.106E-01    0.000E+00    0.000E+00
     3.244     0.090    0.632E+00    0.447E+00    0.165E+01    0.110E+00    0.148E+00    0.580E-01    0.580E-01    0.104E-01    0.104E-01    0.000E+00    0.000E+00
     3.244     0.091    0.634E+00    0.447E+00    0.163E+01    0.109E+00    0.147E+00    0.575E-01    0.575E-01    0.103E-01    0.103E-01    0.000E+00    0.000E+00
     3.244     0.092    0.635E+00    0.447E+00    0.162E+01    0.108E+00    0.147E+00    0.571E-01    0.571E-01    0.101E-01    0.101E-01    0.000E+00    0.000E+00
     3.244     0.093    0.637E+00    0.447E+00    0.160E+01    0.107E+00    0.146E+00    0.567E-01    0.567E-01    0.997E-02    0.997E-02    0.000E+00    0.000E+00
     3.244     0.094    0.638E+00    0.447E+00    0.159E+01    0.106E+00    0.145E+00    0.562E-01    0.562E-01    0.982E-02    0.982E-02    0.000E+00    0.000E+00
     3.244     0.095    0.640E+00    0.447E+00    0.157E+01    0.105E+00    0.145E+00    0.558E-01    0.558E-01    0.967E-02    0.967E-02    0.000E+00    0.000E+00
     3.244     0.096    0.641E+00    0.447E+00    0.155E+01    0.105E+00    0.144E+00    0.554E-01    0.554E-01    0.953E-02    0.953E-02    0.000E+00    0.000E+00
     3.244     0.097    0.642E+00    0.447E+00    0.154E+01    0.104E+00    0.143E+00    0.550E-01    0.550E-01    0.938E-02    0.938E-02    0.000E+00    0.000E+00
     3.244     0.098    0.644E+00    0.446E+00    0.152E+01    0.103E+00    0.143E+00    0.546E-01    0.546E-01    0.924E-02    0.924E-02    0.000E+00    0.000E+00
     3.244     0.099    0.645E+00    0.446E+00    0.151E+01    0.102E+00    0.142E+00    0.542E-01    0.542E-01    0.910E-02    0.910E-02    0.000E+00    0.000E+00
     3.244     0.100    0.646E+00    0.446E+00    0.149E+01    0.101E+00    0.141E+00    0.538E-01    0.538E-01    0.896E-02    0.896E-02    0.000E+00    0.000E+00
     3.244     0.101    0.648E+00    0.446E+00    0.148E+01    0.998E-01    0.141E+00    0.534E-01    0.534E-01    0.883E-02    0.883E-02    0.000E+00    0.000E+00
     3.244     0.102    0.649E+00    0.445E+00    0.146E+01    0.989E-01    0.140E+00    0.530E-01    0.530E-01    0.869E-02    0.869E-02    0.000E+00    0.000E+00
     3.244     0.103    0.650E+00    0.445E+00    0.145E+01    0.979E-01    0.139E+00    0.526E-01    0.526E-01    0.857E-02    0.857E-02    0.000E+00    0.000E+00
     3.244     0.104    0.652E+00    0.445E+00    0.143E+01    0.971E-01    0.139E+00    0.522E-01    0.522E-01    0.844E-02    0.844E-02    0.000E+00    0.000E+00
     3.244     0.105    0.653E+00    0.444E+00    0.142E+01    0.962E-01    0.138E+00    0.518E-01    0.518E-01    0.832E-02    0.832E-02    0.000E+00    0.000E+00
     3.244     0.106    0.654E+00    0.444E+00    0.141E+01    0.953E-01    0.137E+00    0.514E-01    0.514E-01    0.819E-02    0.819E-02    0.000E+00    0.000E+00
     3.244     0.107    0.655E+00    0.444E+00    0.139E+01    0.944E-01    0.136E+00    0.510E-01    0.510E-01    0.808E-02    0.808E-02    0.000E+00    0.000E+00
     3.244     0.108    0.657E+00    0.443E+00    0.138E+01    0.936E-01    0.136E+00    0.507E-01    0.507E-01    0.796E-02    0.796E-02    0.000E+00    0.000E+00
     3.244     0.109    0.658E+00    0.443E+00    0.136E+01    0.927E-01    0.135E+00    0.503E-01    0.503E-01    0.785E-02    0.785E-02    0.000E+00    0.000E+00
     3.244     0.110    0.659E+00    0.443E+00    0.135E+01    0.919E-01    0.134E+00    0.499E-01    0.499E-01    0.773E-02    0.773E-02    0.000E+00    0.000E+00
     3.244     0.111    0.660E+00    0.442E+00    0.134E+01    0.911E-01    0.134E+00    0.495E-01    0.495E-01    0.762E-02    0.762E-02    0.000E+00    0.000E+00
     3.244     0.112    0.661E+00    0.442E+00    0.132E+01    0.902E-01    0.133E+00    0.492E-01    0.492E-01    0.751E-02    0.751E-02    0.000E+00    0.000E+00
     3.244     0.113    0.662E+00    0.441E+00    0.131E+01    0.894E-01    0.132E+00    0.488E-01    0.488E-01    0.740E-02    0.740E-02    0.000E+00    0.000E+00
     3.244     0.114    0.663E+00    0.441E+00    0.130E+01    0.886E-01    0.132E+00    0.484E-01    0.484E-01    0.730E-02    0.730E-02    0.000E+00    0.000E+00
     3.244     0.115    0.664E+00    0.440E+00    0.128E+01    0.878E-01    0.131E+00    0.481E-01    0.481E-01    0.719E-02    0.719E-02    0.000E+00    0.000E+00
     3.244     0.116    0.665E+00    0.440E+00    0.127E+01    0.870E-01    0.130E+00    0.477E-01    0.477E-01    0.709E-02    0.709E-02    0.000E+00    0.000E+00
     3.244     0.117    0.667E+00    0.440E+00    0.126E+01    0.863E-01    0.129E+00    0.473E-01    0.473E-01    0.699E-02    0.699E-02    0.000E+00    0.000E+00
     3.244     0.118    0.668E+00    0.439E+00    0.125E+01    0.855E-01    0.129E+00    0.470E-01    0.470E-01    0.689E-02    0.689E-02    0.000E+00    0.000E+00
     3.244     0.119    0.669E+00    0.439E+00    0.123E+01    0.847E-01    0.128E+00    0.466E-01    0.466E-01    0.680E-02    0.680E-02    0.000E+00    0.000E+00
     3.244     0.120    0.670E+00    0.438E+00    0.122E+01    0.840E-01    0.127E+00    0.463E-01    0.463E-01    0.670E-02    0.670E-02    0.000E+00    0.000E+00
     3.244     0.121    0.671E+00    0.438E+00    0.121E+01    0.833E-01    0.127E+00    0.459E-01    0.459E-01    0.661E-02    0.661E-02    0.000E+00    0.000E+00
     3.244     0.122    0.672E+00    0.437E+00    0.120E+01    0.825E-01    0.126E+00    0.456E-01    0.456E-01    0.652E-02    0.652E-02    0.000E+00    0.000E+00
     3.244     0.123    0.673E+00    0.436E+00    0.119E+01    0.818E-01    0.125E+00    0.453E-01    0.453E-01    0.643E-02    0.643E-02    0.000E+00    0.000E+00
     3.244     0.124    0.673E+00    0.436E+00    0.117E+01    0.811E-01    0.124E+00    0.449E-01    0.449E-01    0.634E-02    0.634E-02    0.000E+00    0.000E+00
     3.244     0.125    0.674E+00    0.435E+00    0.116E+01    0.804E-01    0.124E+00    0.446E-01    0.446E-01    0.626E-02    0.626E-02    0.000E+00    0.000E+00
     3.244     0.126    0.675E+00    0.435E+00    0.115E+01    0.797E-01    0.123E+00    0.442E-01    0.442E-01    0.617E-02    0.617E-02    0.000E+00    0.000E+00
     3.244     0.127    0.676E+00    0.434E+00    0.114E+01    0.790E-01    0.122E+00    0.439E-01    0.439E-01    0.608E-02    0.608E-02    0.000E+00    0.000E+00
     3.244     0.128    0.677E+00    0.434E+00    0.113E+01    0.783E-01    0.122E+00    0.436E-01    0.436E-01    0.600E-02    0.600E-02    0.000E+00    0.000E+00
     3.244     0.129    0.678E+00    0.433E+00    0.112E+01    0.776E-01    0.121E+00    0.432E-01    0.432E-01    0.592E-02    0.592E-02    0.000E+00    0.000E+00
     3.244     0.130    0.679E+00    0.432E+00    0.111E+01    0.770E-01    0.120E+00    0.429E-01    0.429E-01    0.584E-02    0.584E-02    0.000E+00    0.000E+00
     3.244     0.131    0.680E+00    0.432E+00    0.109E+01    0.763E-01    0.119E+00    0.426E-01    0.426E-01    0.576E-02    0.576E-02    0.000E+00    0.000E+00
     3.244     0.132    0.680E+00    0.431E+00    0.108E+01    0.757E-01    0.119E+00    0.423E-01    0.423E-01    0.568E-02    0.568E-02    0.000E+00    0.000E+00
     3.244     0.133    0.681E+00    0.431E+00    0.107E+01    0.750E-01    0.118E+00    0.419E-01    0.419E-01    0.561E-02    0.561E-02    0.000E+00    0.000E+00
     3.244     0.134    0.682E+00    0.430E+00    0.106E+01    0.744E-01    0.117E+00    0.416E-01    0.416E-01    0.553E-02    0.553E-02    0.000E+00    0.000E+00
     3.244     0.135    0.683E+00    0.429E+00    0.105E+01    0.738E-01    0.116E+00    0.413E-01    0.413E-01    0.546E-02    0.546E-02    0.000E+00    0.000E+00
     3.244     0.136    0.683E+00    0.429E+00    0.104E+01    0.732E-01    0.116E+00    0.410E-01    0.410E-01    0.539E-02    0.539E-02    0.000E+00    0.000E+00
     3.244     0.137    0.684E+00    0.428E+00    0.103E+01    0.726E-01    0.115E+00    0.407E-01    0.407E-01    0.532E-02    0.532E-02    0.000E+00    0.000E+00
     3.244     0.138    0.685E+00    0.428E+00    0.102E+01    0.720E-01    0.114E+00    0.404E-01    0.404E-01    0.525E-02    0.525E-02    0.000E+00    0.000E+00
     3.244     0.139    0.686E+00    0.427E+00    0.101E+01    0.714E-01    0.113E+00    0.401E-01    0.401E-01    0.518E-02    0.518E-02    0.000E+00    0.000E+00
     3.244     0.140    0.686E+00    0.426E+00    0.100E+01    0.708E-01    0.113E+00    0.397E-01    0.397E-01    0.511E-02    0.511E-02    0.000E+00    0.000E+00
     3.244     0.141    0.687E+00    0.426E+00    0.992E+00    0.702E-01    0.112E+00    0.394E-01    0.394E-01    0.504E-02    0.504E-02    0.000E+00    0.000E+00
     3.244     0.142    0.688E+00    0.425E+00    0.982E+00    0.696E-01    0.111E+00    0.391E-01    0.391E-01    0.498E-02    0.498E-02    0.000E+00    0.000E+00
     3.244     0.143    0.688E+00    0.424E+00    0.972E+00    0.690E-01    0.110E+00    0.388E-01    0.388E-01    0.491E-02    0.491E-02    0.000E+00    0.000E+00
     3.244     0.144    0.689E+00    0.423E+00    0.963E+00    0.685E-01    0.110E+00    0.385E-01    0.385E-01    0.485E-02    0.485E-02    0.000E+00    0.000E+00
     3.244     0.145    0.690E+00    0.423E+00    0.954E+00    0.679E-01    0.109E+00    0.382E-01    0.382E-01    0.479E-02    0.479E-02    0.000E+00    0.000E+00
     3.244     0.146    0.690E+00    0.422E+00    0.944E+00    0.674E-01    0.108E+00    0.379E-01    0.379E-01    0.473E-02    0.473E-02    0.000E+00    0.000E+00
     3.244     0.147    0.691E+00    0.421E+00    0.935E+00    0.668E-01    0.107E+00    0.377E-01    0.377E-01    0.467E-02    0.467E-02    0.000E+00    0.000E+00
     3.244     0.148    0.691E+00    0.421E+00    0.926E+00    0.663E-01    0.107E+00    0.374E-01    0.374E-01    0.461E-02    0.461E-02    0.000E+00    0.000E+00
     3.244     0.149    0.692E+00    0.420E+00    0.917E+00    0.658E-01    0.106E+00    0.371E-01    0.371E-01    0.455E-02    0.455E-02    0.000E+00    0.000E+00
     3.244     0.150    0.692E+00    0.419E+00    0.909E+00    0.652E-01    0.105E+00    0.368E-01    0.368E-01    0.449E-02    0.449E-02    0.000E+00    0.000E+00
     3.244     0.151    0.693E+00    0.419E+00    0.900E+00    0.647E-01    0.104E+00    0.365E-01    0.365E-01    0.444E-02    0.444E-02    0.000E+00    0.000E+00
     3.244     0.152    0.693E+00    0.418E+00    0.891E+00    0.642E-01    0.104E+00    0.362E-01    0.362E-01    0.438E-02    0.438E-02    0.000E+00    0.000E+00
     3.244     0.153    0.694E+00    0.417E+00    0.883E+00    0.637E-01    0.103E+00    0.359E-01    0.359E-01    0.433E-02    0.433E-02    0.000E+00    0.000E+00
     3.244     0.154    0.694E+00    0.416E+00    0.875E+00    0.632E-01    0.102E+00    0.357E-01    0.357E-01    0.427E-02    0.427E-02    0.000E+00    0.000E+00
     3.244     0.155    0.695E+00    0.416E+00    0.866E+00    0.627E-01    0.101E+00    0.354E-01    0.354E-01    0.422E-02    0.422E-02    0.000E+00    0.000E+00
     3.244     0.156    0.695E+00    0.415E+00    0.858E+00    0.622E-01    0.101E+00    0.351E-01    0.351E-01    0.417E-02    0.417E-02    0.000E+00    0.000E+00
     3.244     0.157    0.696E+00    0.414E+00    0.850E+00    0.617E-01    0.100E+00    0.348E-01    0.348E-01    0.412E-02    0.412E-02    0.000E+00    0.000E+00
     3.244     0.158    0.696E+00    0.413E+00    0.842E+00    0.613E-01    0.993E-01    0.345E-01    0.345E-01    0.407E-02    0.407E-02    0.000E+00    0.000E+00
     3.244     0.159    0.697E+00    0.413E+00    0.834E+00    0.608E-01    0.985E-01    0.343E-01    0.343E-01    0.402E-02    0.402E-02    0.000E+00    0.000E+00
     3.244     0.160    0.697E+00    0.412E+00    0.826E+00    0.603E-01    0.978E-01    0.340E-01    0.340E-01    0.397E-02    0.397E-02    0.000E+00    0.000E+00
     3.244     0.161    0.697E+00    0.411E+00    0.818E+00    0.598E-01    0.971E-01    0.337E-01    0.337E-01    0.392E-02    0.392E-02    0.000E+00    0.000E+00
     3.244     0.162    0.698E+00    0.410E+00    0.810E+00    0.594E-01    0.963E-01    0.335E-01    0.335E-01    0.387E-02    0.387E-02    0.000E+00    0.000E+00
     3.244     0.163    0.698E+00    0.410E+00    0.803E+00    0.589E-01    0.956E-01    0.332E-01    0.332E-01    0.382E-02    0.382E-02    0.000E+00    0.000E+00
     3.244     0.164    0.698E+00    0.409E+00    0.795E+00    0.585E-01    0.949E-01    0.329E-01    0.329E-01    0.378E-02    0.378E-02    0.000E+00    0.000E+00
     3.244     0.165    0.699E+00    0.408E+00    0.788E+00    0.580E-01    0.942E-01    0.327E-01    0.327E-01    0.373E-02    0.373E-02    0.000E+00    0.000E+00
     3.244     0.166    0.699E+00    0.407E+00    0.781E+00    0.576E-01    0.934E-01    0.324E-01    0.324E-01    0.369E-02    0.369E-02    0.000E+00    0.000E+00
     3.244     0.167    0.699E+00    0.406E+00    0.773E+00    0.572E-01    0.927E-01    0.322E-01    0.322E-01    0.364E-02    0.364E-02    0.000E+00    0.000E+00
     3.244     0.168    0.700E+00    0.406E+00    0.766E+00    0.568E-01    0.920E-01    0.319E-01    0.319E-01    0.360E-02    0.360E-02    0.000E+00    0.000E+00
     3.244     0.169    0.700E+00    0.405E+00    0.759E+00    0.563E-01    0.913E-01    0.317E-01    0.317E-01    0.356E-02    0.356E-02    0.000E+00    0.000E+00
     3.244     0.170    0.700E+00    0.404E+00    0.752E+00    0.559E-01    0.905E-01    0.314E-01    0.314E-01    0.351E-02    0.351E-02    0.000E+00    0.000E+00
     3.244     0.171    0.700E+00    0.403E+00    0.745E+00    0.555E-01    0.898E-01    0.311E-01    0.311E-01    0.347E-02    0.347E-02    0.000E+00    0.000E+00
     3.244     0.172    0.701E+00    0.403E+00    0.738E+00    0.551E-01    0.891E-01    0.309E-01    0.309E-01    0.343E-02    0.343E-02    0.000E+00    0.000E+00
     3.244     0.173    0.701E+00    0.402E+00    0.732E+00    0.547E-01    0.884E-01    0.306E-01    0.306E-01    0.339E-02    0.339E-02    0.000E+00    0.000E+00
     3.244     0.174    0.701E+00    0.401E+00    0.725E+00    0.543E-01    0.877E-01    0.304E-01    0.304E-01    0.335E-02    0.335E-02    0.000E+00    0.000E+00
     3.244     0.175    0.701E+00    0.400E+00    0.718E+00    0.538E-01    0.870E-01    0.302E-01    0.302E-01    0.331E-02    0.331E-02    0.000E+00    0.000E+00
     3.244     0.176    0.701E+00    0.399E+00    0.712E+00    0.535E-01    0.863E-01    0.299E-01    0.299E-01    0.327E-02    0.327E-02    0.000E+00    0.000E+00
     3.244     0.177    0.702E+00    0.398E+00    0.705E+00    0.531E-01    0.856E-01    0.297E-01    0.297E-01    0.323E-02    0.323E-02    0.000E+00    0.000E+00
     3.244     0.178    0.702E+00    0.398E+00    0.699E+00    0.527E-01    0.849E-01    0.294E-01    0.294E-01    0.320E-02    0.320E-02    0.000E+00    0.000E+00
     3.244     0.179    0.702E+00    0.397E+00    0.692E+00    0.523E-01    0.842E-01    0.292E-01    0.292E-01    0.316E-02    0.316E-02    0.000E+00    0.000E+00
     3.244     0.180    0.702E+00    0.396E+00    0.686E+00    0.519E-01    0.835E-01    0.289E-01    0.289E-01    0.312E-02    0.312E-02    0.000E+00    0.000E+00
     3.244     0.181    0.702E+00    0.395E+00    0.680E+00    0.515E-01    0.828E-01    0.287E-01    0.287E-01    0.309E-02    0.309E-02    0.000E+00    0.000E+00
     3.244     0.182    0.702E+00    0.394E+00    0.674E+00    0.512E-01    0.821E-01    0.285E-01    0.285E-01    0.305E-02    0.305E-02    0.000E+00    0.000E+00
     3.244     0.183    0.702E+00    0.394E+00    0.668E+00    0.508E-01    0.814E-01    0.282E-01    0.282E-01    0.302E-02    0.302E-02    0.000E+00    0.000E+00
     3.244     0.184    0.702E+00    0.393E+00    0.662E+00    0.504E-01    0.807E-01    0.280E-01    0.280E-01    0.298E-02    0.298E-02    0.000E+00    0.000E+00
     3.244     0.185    0.702E+00    0.392E+00    0.656E+00    0.501E-01    0.800E-01    0.278E-01    0.278E-01    0.295E-02    0.295E-02    0.000E+00    0.000E+00
     3.244     0.186    0.702E+00    0.391E+00    0.650E+00    0.497E-01    0.793E-01    0.276E-01    0.276E-01    0.292E-02    0.292E-02    0.000E+00    0.000E+00
     3.244     0.187    0.702E+00    0.390E+00    0.645E+00    0.493E-01    0.787E-01    0.273E-01    0.273E-01    0.288E-02    0.288E-02    0.000E+00    0.000E+00
     3.244     0.188    0.702E+00    0.389E+00    0.639E+00    0.490E-01    0.780E-01    0.271E-01    0.271E-01    0.285E-02    0.285E-02    0.000E+00    0.000E+00
     3.244     0.189    0.702E+00    0.389E+00    0.633E+00    0.486E-01    0.773E-01    0.269E-01    0.269E-01    0.282E-02    0.282E-02    0.000E+00    0.000E+00
     3.244     0.190    0.702E+00    0.388E+00    0.628E+00    0.483E-01    0.766E-01    0.267E-01    0.267E-01    0.279E-02    0.279E-02    0.000E+00    0.000E+00
     3.244     0.191    0.702E+00    0.387E+00    0.622E+00    0.479E-01    0.760E-01    0.264E-01    0.264E-01    0.276E-02    0.276E-02    0.000E+00    0.000E+00
     3.244     0.192    0.702E+00    0.386E+00    0.617E+00    0.476E-01    0.753E-01    0.262E-01    0.262E-01    0.273E-02    0.273E-02    0.000E+00    0.000E+00
     3.244     0.193    0.702E+00    0.385E+00    0.611E+00    0.472E-01    0.746E-01    0.260E-01    0.260E-01    0.270E-02    0.270E-02    0.000E+00    0.000E+00
     3.244     0.194    0.702E+00    0.384E+00    0.606E+00    0.469E-01    0.740E-01    0.258E-01    0.258E-01    0.267E-02    0.267E-02    0.000E+00    0.000E+00
     3.244     0.195    0.702E+00    0.384E+00    0.601E+00    0.466E-01    0.733E-01    0.256E-01    0.256E-01    0.264E-02    0.264E-02    0.000E+00    0.000E+00
     3.244     0.196    0.702E+00    0.383E+00    0.595E+00    0.462E-01    0.727E-01    0.253E-01    0.253E-01    0.261E-02    0.261E-02    0.000E+00    0.000E+00
     3.244     0.197    0.702E+00    0.382E+00    0.590E+00    0.459E-01    0.720E-01    0.251E-01    0.251E-01    0.258E-02    0.258E-02    0.000E+00    0.000E+00
     3.244     0.198    0.702E+00    0.381E+00    0.585E+00    0.456E-01    0.714E-01    0.249E-01    0.249E-01    0.255E-02    0.255E-02    0.000E+00    0.000E+00
     3.244     0.199    0.701E+00    0.380E+00    0.580E+00    0.453E-01    0.707E-01    0.247E-01    0.247E-01    0.252E-02    0.252E-02    0.000E+00    0.000E+00
     3.244     0.200    0.701E+00    0.379E+00    0.575E+00    0.449E-01    0.701E-01    0.245E-01    0.245E-01    0.249E-02    0.249E-02    0.000E+00    0.000E+00
     3.244     0.201    0.701E+00    0.378E+00    0.570E+00    0.446E-01    0.695E-01    0.243E-01    0.243E-01    0.247E-02    0.247E-02    0.000E+00    0.000E+00
     3.244     0.202    0.701E+00    0.378E+00    0.566E+00    0.443E-01    0.688E-01    0.241E-01    0.241E-01    0.244E-02    0.244E-02    0.000E+00    0.000E+00
     3.244     0.203    0.701E+00    0.377E+00    0.561E+00    0.440E-01    0.682E-01    0.239E-01    0.239E-01    0.241E-02    0.241E-02    0.000E+00    0.000E+00
     3.244     0.204    0.700E+00    0.376E+00    0.556E+00    0.437E-01    0.676E-01    0.237E-01    0.237E-01    0.239E-02    0.239E-02    0.000E+00    0.000E+00
     3.244     0.205    0.700E+00    0.375E+00    0.551E+00    0.434E-01    0.670E-01    0.235E-01    0.235E-01    0.236E-02    0.236E-02    0.000E+00    0.000E+00
     3.244     0.206    0.700E+00    0.374E+00    0.547E+00    0.431E-01    0.663E-01    0.233E-01    0.233E-01    0.234E-02    0.234E-02    0.000E+00    0.000E+00
     3.244     0.207    0.700E+00    0.373E+00    0.542E+00    0.428E-01    0.657E-01    0.231E-01    0.231E-01    0.231E-02    0.231E-02    0.000E+00    0.000E+00
     3.244     0.208    0.699E+00    0.372E+00    0.537E+00    0.425E-01    0.651E-01    0.229E-01    0.229E-01    0.229E-02    0.229E-02    0.000E+00    0.000E+00
     3.244     0.209    0.699E+00    0.372E+00    0.533E+00    0.422E-01    0.645E-01    0.227E-01    0.227E-01    0.226E-02    0.226E-02    0.000E+00    0.000E+00
     3.244     0.210    0.699E+00    0.371E+00    0.529E+00    0.419E-01    0.639E-01    0.225E-01    0.225E-01    0.224E-02    0.224E-02    0.000E+00    0.000E+00
     3.244     0.211    0.699E+00    0.370E+00    0.524E+00    0.416E-01    0.633E-01    0.223E-01    0.223E-01    0.221E-02    0.221E-02    0.000E+00    0.000E+00
     3.244     0.212    0.698E+00    0.369E+00    0.520E+00    0.413E-01    0.627E-01    0.221E-01    0.221E-01    0.219E-02    0.219E-02    0.000E+00    0.000E+00
     3.244     0.213    0.698E+00    0.368E+00    0.515E+00    0.410E-01    0.621E-01    0.219E-01    0.219E-01    0.217E-02    0.217E-02    0.000E+00    0.000E+00
     3.244     0.214    0.698E+00    0.367E+00    0.511E+00    0.407E-01    0.615E-01    0.217E-01    0.217E-01    0.214E-02    0.214E-02    0.000E+00    0.000E+00
     3.244     0.215    0.697E+00    0.366E+00    0.507E+00    0.404E-01    0.609E-01    0.215E-01    0.215E-01    0.212E-02    0.212E-02    0.000E+00    0.000E+00
     3.244     0.216    0.697E+00    0.365E+00    0.503E+00    0.401E-01    0.604E-01    0.214E-01    0.214E-01    0.210E-02    0.210E-02    0.000E+00    0.000E+00
     3.244     0.217    0.696E+00    0.365E+00    0.499E+00    0.398E-01    0.598E-01    0.212E-01    0.212E-01    0.208E-02    0.208E-02    0.000E+00    0.000E+00
     3.244     0.218    0.696E+00    0.364E+00    0.495E+00    0.395E-01    0.592E-01    0.210E-01    0.210E-01    0.205E-02    0.205E-02    0.000E+00    0.000E+00
     3.244     0.219    0.696E+00    0.363E+00    0.491E+00    0.393E-01    0.586E-01    0.208E-01    0.208E-01    0.203E-02    0.203E-02    0.000E+00    0.000E+00
     3.244     0.220    0.695E+00    0.362E+00    0.487E+00    0.390E-01    0.581E-01    0.206E-01    0.206E-01    0.201E-02    0.201E-02    0.000E+00    0.000E+00
     3.244     0.221    0.695E+00    0.361E+00    0.483E+00    0.387E-01    0.575E-01    0.204E-01    0.204E-01    0.199E-02    0.199E-02    0.000E+00    0.000E+00
     3.244     0.222    0.694E+00    0.360E+00    0.479E+00    0.384E-01    0.570E-01    0.203E-01    0.203E-01    0.197E-02    0.197E-02    0.000E+00    0.000E+00
     3.244     0.223    0.694E+00    0.359E+00    0.475E+00    0.382E-01    0.564E-01    0.201E-01    0.201E-01    0.195E-02    0.195E-02    0.000E+00    0.000E+00
     3.244     0.224    0.693E+00    0.358E+00    0.471E+00    0.379E-01    0.558E-01    0.199E-01    0.199E-01    0.193E-02    0.193E-02    0.000E+00    0.000E+00
     3.244     0.225    0.693E+00    0.358E+00    0.467E+00    0.376E-01    0.553E-01    0.197E-01    0.197E-01    0.191E-02    0.191E-02    0.000E+00    0.000E+00
     3.244     0.226    0.692E+00    0.357E+00    0.464E+00    0.373E-01    0.548E-01    0.196E-01    0.196E-01    0.189E-02    0.189E-02    0.000E+00    0.000E+00
     3.244     0.227    0.692E+00    0.356E+00    0.460E+00    0.371E-01    0.542E-01    0.194E-01    0.194E-01    0.187E-02    0.187E-02    0.000E+00    0.000E+00
     3.244     0.228    0.691E+00    0.355E+00    0.456E+00    0.368E-01    0.537E-01    0.192E-01    0.192E-01    0.185E-02    0.185E-02    0.000E+00    0.000E+00
     3.244     0.229    0.691E+00    0.354E+00    0.453E+00    0.365E-01    0.531E-01    0.190E-01    0.190E-01    0.183E-02    0.183E-02    0.000E+00    0.000E+00
     3.244     0.230    0.690E+00    0.353E+00    0.449E+00    0.363E-01    0.526E-01    0.189E-01    0.189E-01    0.181E-02    0.181E-02    0.000E+00    0.000E+00
     3.244     0.231    0.690E+00    0.352E+00    0.446E+00    0.360E-01    0.521E-01    0.187E-01    0.187E-01    0.179E-02    0.179E-02    0.000E+00    0.000E+00
     3.244     0.232    0.689E+00    0.351E+00    0.442E+00    0.358E-01    0.516E-01    0.185E-01    0.185E-01    0.177E-02    0.177E-02    0.000E+00    0.000E+00
     3.244     0.233    0.689E+00    0.350E+00    0.439E+00    0.355E-01    0.511E-01    0.184E-01    0.184E-01    0.175E-02    0.175E-02    0.000E+00    0.000E+00
     3.244     0.234    0.688E+00    0.349E+00    0.435E+00    0.352E-01    0.505E-01    0.182E-01    0.182E-01    0.174E-02    0.174E-02    0.000E+00    0.000E+00
     3.244     0.235    0.687E+00    0.349E+00    0.432E+00    0.350E-01    0.500E-01    0.180E-01    0.180E-01    0.172E-02    0.172E-02    0.000E+00    0.000E+00
     3.244     0.236    0.687E+00    0.348E+00    0.429E+00    0.347E-01    0.495E-01    0.179E-01    0.179E-01    0.170E-02    0.170E-02    0.000E+00    0.000E+00
     3.244     0.237    0.686E+00    0.347E+00    0.425E+00    0.345E-01    0.490E-01    0.177E-01    0.177E-01    0.168E-02    0.168E-02    0.000E+00    0.000E+00
     3.244     0.238    0.686E+00    0.346E+00    0.422E+00    0.342E-01    0.485E-01    0.175E-01    0.175E-01    0.167E-02    0.167E-02    0.000E+00    0.000E+00
     3.244     0.239    0.685E+00    0.345E+00    0.419E+00    0.340E-01    0.480E-01    0.174E-01    0.174E-01    0.165E-02    0.165E-02    0.000E+00    0.000E+00
     3.244     0.240    0.684E+00    0.344E+00    0.415E+00    0.337E-01    0.475E-01    0.172E-01    0.172E-01    0.163E-02    0.163E-02    0.000E+00    0.000E+00
     3.244     0.241    0.684E+00    0.343E+00    0.412E+00    0.335E-01    0.470E-01    0.171E-01    0.171E-01    0.162E-02    0.162E-02    0.000E+00    0.000E+00
     3.244     0.242    0.683E+00    0.342E+00    0.409E+00    0.332E-01    0.466E-01    0.169E-01    0.169E-01    0.160E-02    0.160E-02    0.000E+00    0.000E+00
     3.244     0.243    0.682E+00    0.341E+00    0.406E+00    0.330E-01    0.461E-01    0.168E-01    0.168E-01    0.158E-02    0.158E-02    0.000E+00    0.000E+00
     3.244     0.244    0.681E+00    0.340E+00    0.403E+00    0.327E-01    0.456E-01    0.166E-01    0.166E-01    0.157E-02    0.157E-02    0.000E+00    0.000E+00
     3.244     0.245    0.681E+00    0.339E+00    0.400E+00    0.325E-01    0.451E-01    0.165E-01    0.165E-01    0.155E-02    0.155E-02    0.000E+00    0.000E+00
     3.244     0.246    0.680E+00    0.338E+00    0.397E+00    0.323E-01    0.447E-01    0.163E-01    0.163E-01    0.153E-02    0.153E-02    0.000E+00    0.000E+00
     3.244     0.247    0.679E+00    0.338E+00    0.394E+00    0.320E-01    0.442E-01    0.162E-01    0.162E-01    0.152E-02    0.152E-02    0.000E+00    0.000E+00
     3.244     0.248    0.679E+00    0.337E+00    0.391E+00    0.318E-01    0.437E-01    0.160E-01    0.160E-01    0.150E-02    0.150E-02    0.000E+00    0.000E+00
     3.244     0.249    0.678E+00    0.336E+00    0.388E+00    0.315E-01    0.433E-01    0.159E-01    0.159E-01    0.149E-02    0.149E-02    0.000E+00    0.000E+00
     3.244     0.250    0.677E+00    0.335E+00    0.385E+00    0.313E-01    0.428E-01    0.157E-01    0.157E-01    0.147E-02    0.147E-02    0.000E+00    0.000E+00
     3.244     0.251    0.676E+00    0.334E+00    0.382E+00    0.311E-01    0.424E-01    0.156E-01    0.156E-01    0.146E-02    0.146E-02    0.000E+00    0.000E+00
     3.244     0.252    0.675E+00    0.333E+00    0.379E+00    0.308E-01    0.419E-01    0.154E-01    0.154E-01    0.144E-02    0.144E-02    0.000E+00    0.000E+00
     3.244     0.253    0.675E+00    0.332E+00    0.377E+00    0.306E-01    0.415E-01    0.153E-01    0.153E-01    0.143E-02    0.143E-02    0.000E+00    0.000E+00
     3.244     0.254    0.674E+00    0.331E+00    0.374E+00    0.304E-01    0.411E-01    0.151E-01    0.151E-01    0.141E-02    0.141E-02    0.000E+00    0.000E+00
     3.244     0.255    0.673E+00    0.330E+00    0.371E+00    0.301E-01    0.406E-01    0.150E-01    0.150E-01    0.140E-02    0.140E-02    0.000E+00    0.000E+00
     3.244     0.256    0.672E+00    0.329E+00    0.368E+00    0.299E-01    0.402E-01    0.149E-01    0.149E-01    0.139E-02    0.139E-02    0.000E+00    0.000E+00
     3.244     0.257    0.671E+00    0.328E+00    0.366E+00    0.297E-01    0.398E-01    0.147E-01    0.147E-01    0.137E-02    0.137E-02    0.000E+00    0.000E+00
     3.244     0.258    0.670E+00    0.327E+00    0.363E+00    0.294E-01    0.393E-01    0.146E-01    0.146E-01    0.136E-02    0.136E-02    0.000E+00    0.000E+00
     3.244     0.259    0.670E+00    0.326E+00    0.360E+00    0.292E-01    0.389E-01    0.144E-01    0.144E-01    0.134E-02    0.134E-02    0.000E+00    0.000E+00
     3.244     0.260    0.669E+00    0.325E+00    0.358E+00    0.290E-01    0.385E-01    0.143E-01    0.143E-01    0.133E-02    0.133E-02    0.000E+00    0.000E+00
     3.244     0.261    0.668E+00    0.324E+00    0.355E+00    0.288E-01    0.381E-01    0.142E-01    0.142E-01    0.132E-02    0.132E-02    0.000E+00    0.000E+00
     3.244     0.262    0.667E+00    0.324E+00    0.352E+00    0.285E-01    0.377E-01    0.140E-01    0.140E-01    0.130E-02    0.130E-02    0.000E+00    0.000E+00
     3.244     0.263    0.666E+00    0.323E+00    0.350E+00    0.283E-01    0.373E-01    0.139E-01    0.139E-01    0.129E-02    0.129E-02    0.000E+00    0.000E+00
     3.244     0.264    0.665E+00    0.322E+00    0.347E+00    0.281E-01    0.369E-01    0.138E-01    0.138E-01    0.128E-02    0.128E-02    0.000E+00    0.000E+00
     3.244     0.265    0.664E+00    0.321E+00    0.345E+00    0.279E-01    0.365E-01    0.136E-01    0.136E-01    0.126E-02    0.126E-02    0.000E+00    0.000E+00
     3.244     0.266    0.663E+00    0.320E+00    0.342E+00    0.277E-01    0.361E-01    0.135E-01    0.135E-01    0.125E-02    0.125E-02    0.000E+00    0.000E+00
     3.244     0.267    0.662E+00    0.319E+00    0.340E+00    0.274E-01    0.357E-01    0.134E-01    0.134E-01    0.124E-02    0.124E-02    0.000E+00    0.000E+00
     3.244     0.268    0.661E+00    0.318E+00    0.337E+00    0.272E-01    0.353E-01    0.132E-01    0.132E-01    0.123E-02    0.123E-02    0.000E+00    0.000E+00
     3.244     0.269    0.660E+00    0.317E+00    0.335E+00    0.270E-01    0.349E-01    0.131E-01    0.131E-01    0.121E-02    0.121E-02    0.000E+00    0.000E+00
     3.244     0.270    0.659E+00    0.316E+00    0.333E+00    0.268E-01    0.346E-01    0.130E-01    0.130E-01    0.120E-02    0.120E-02    0.000E+00    0.000E+00
     3.244     0.271    0.658E+00    0.315E+00    0.330E+00    0.266E-01    0.342E-01    0.129E-01    0.129E-01    0.119E-02    0.119E-02    0.000E+00    0.000E+00
     3.244     0.272    0.657E+00    0.314E+00    0.328E+00    0.264E-01    0.338E-01    0.127E-01    0.127E-01    0.118E-02    0.118E-02    0.000E+00    0.000E+00
     3.244     0.273    0.656E+00    0.313E+00    0.326E+00    0.261E-01    0.334E-01    0.126E-01    0.126E-01    0.117E-02    0.117E-02    0.000E+00    0.000E+00
     3.244     0.274    0.655E+00    0.312E+00    0.323E+00    0.259E-01    0.331E-01    0.125E-01    0.125E-01    0.115E-02    0.115E-02    0.000E+00    0.000E+00
     3.244     0.275    0.654E+00    0.311E+00    0.321E+00    0.257E-01    0.327E-01    0.124E-01    0.124E-01    0.114E-02    0.114E-02    0.000E+00    0.000E+00
     3.244     0.276    0.653E+00    0.310E+00    0.319E+00    0.255E-01    0.324E-01    0.123E-01    0.123E-01    0.113E-02    0.113E-02    0.000E+00    0.000E+00
     3.244     0.277    0.652E+00    0.309E+00    0.316E+00    0.253E-01    0.320E-01    0.121E-01    0.121E-01    0.112E-02    0.112E-02    0.000E+00    0.000E+00
     3.244     0.278    0.651E+00    0.308E+00    0.314E+00    0.251E-01    0.316E-01    0.120E-01    0.120E-01    0.111E-02    0.111E-02    0.000E+00    0.000E+00
     3.244     0.279    0.650E+00    0.307E+00    0.312E+00    0.249E-01    0.313E-01    0.119E-01    0.119E-01    0.110E-02    0.110E-02    0.000E+00    0.000E+00
     3.244     0.280    0.649E+00    0.306E+00    0.310E+00    0.247E-01    0.309E-01    0.118E-01    0.118E-01    0.109E-02    0.109E-02    0.000E+00    0.000E+00
     3.244     0.281    0.648E+00    0.305E+00    0.308E+00    0.245E-01    0.306E-01    0.117E-01    0.117E-01    0.107E-02    0.107E-02    0.000E+00    0.000E+00
     3.244     0.282    0.647E+00    0.304E+00    0.306E+00    0.243E-01    0.303E-01    0.115E-01    0.115E-01    0.106E-02    0.106E-02    0.000E+00    0.000E+00
     3.244     0.283    0.646E+00    0.303E+00    0.303E+00    0.241E-01    0.299E-01    0.114E-01    0.114E-01    0.105E-02    0.105E-02    0.000E+00    0.000E+00
     3.244     0.284    0.645E+00    0.302E+00    0.301E+00    0.239E-01    0.296E-01    0.113E-01    0.113E-01    0.104E-02    0.104E-02    0.000E+00    0.000E+00
     3.244     0.285    0.644E+00    0.301E+00    0.299E+00    0.237E-01    0.293E-01    0.112E-01    0.112E-01    0.103E-02    0.103E-02    0.000E+00    0.000E+00
     3.244     0.286    0.643E+00    0.300E+00    0.297E+00    0.235E-01    0.289E-01    0.111E-01    0.111E-01    0.102E-02    0.102E-02    0.000E+00    0.000E+00
     3.244     0.287    0.642E+00    0.299E+00    0.295E+00    0.233E-01    0.286E-01    0.110E-01    0.110E-01    0.101E-02    0.101E-02    0.000E+00    0.000E+00
     3.244     0.288    0.640E+00    0.298E+00    0.293E+00    0.231E-01    0.283E-01    0.109E-01    0.109E-01    0.100E-02    0.100E-02    0.000E+00    0.000E+00
     3.244     0.289    0.639E+00    0.297E+00    0.291E+00    0.229E-01    0.280E-01    0.108E-01    0.108E-01    0.991E-03    0.991E-03    0.000E+00    0.000E+00
     3.244     0.290    0.638E+00    0.296E+00    0.289E+00    0.227E-01    0.277E-01    0.107E-01    0.107E-01    0.981E-03    0.981E-03    0.000E+00    0.000E+00
     3.244     0.291    0.637E+00    0.295E+00    0.287E+00    0.225E-01    0.274E-01    0.106E-01    0.106E-01    0.971E-03    0.971E-03    0.000E+00    0.000E+00
     3.244     0.292    0.636E+00    0.294E+00    0.285E+00    0.223E-01    0.271E-01    0.104E-01    0.104E-01    0.961E-03    0.961E-03    0.000E+00    0.000E+00
     3.244     0.293    0.635E+00    0.293E+00    0.283E+00    0.221E-01    0.267E-01    0.103E-01    0.103E-01    0.951E-03    0.951E-03    0.000E+00    0.000E+00
     3.244     0.294    0.633E+00    0.292E+00    0.281E+00    0.219E-01    0.264E-01    0.102E-01    0.102E-01    0.941E-03    0.941E-03    0.000E+00    0.000E+00
     3.244     0.295    0.632E+00    0.291E+00    0.279E+00    0.217E-01    0.261E-01    0.101E-01    0.101E-01    0.932E-03    0.932E-03    0.000E+00    0.000E+00
     3.244     0.296    0.631E+00    0.290E+00    0.277E+00    0.215E-01    0.259E-01    0.100E-01    0.100E-01    0.922E-03    0.922E-03    0.000E+00    0.000E+00
     3.244     0.297    0.630E+00    0.289E+00    0.275E+00    0.213E-01    0.256E-01    0.993E-02    0.993E-02    0.913E-03    0.913E-03    0.000E+00    0.000E+00
     3.244     0.298    0.629E+00    0.288E+00    0.273E+00    0.211E-01    0.253E-01    0.983E-02    0.983E-02    0.903E-03    0.903E-03    0.000E+00    0.000E+00
     3.244     0.299    0.627E+00    0.287E+00    0.272E+00    0.210E-01    0.250E-01    0.972E-02    0.972E-02    0.894E-03    0.894E-03    0.000E+00    0.000E+00
     3.244     0.300    0.626E+00    0.286E+00    0.270E+00    0.208E-01    0.247E-01    0.963E-02    0.963E-02    0.885E-03    0.885E-03    0.000E+00    0.000E+00
     3.244     0.301    0.625E+00    0.285E+00    0.268E+00    0.206E-01    0.244E-01    0.953E-02    0.953E-02    0.876E-03    0.876E-03    0.000E+00    0.000E+00
     3.244     0.302    0.624E+00    0.284E+00    0.266E+00    0.204E-01    0.241E-01    0.943E-02    0.943E-02    0.867E-03    0.867E-03    0.000E+00    0.000E+00
     3.244     0.303    0.623E+00    0.283E+00    0.264E+00    0.202E-01    0.239E-01    0.933E-02    0.933E-02    0.858E-03    0.858E-03    0.000E+00    0.000E+00
     3.244     0.304    0.621E+00    0.282E+00    0.263E+00    0.200E-01    0.236E-01    0.924E-02    0.924E-02    0.849E-03    0.849E-03    0.000E+00    0.000E+00
     3.244     0.305    0.620E+00    0.281E+00    0.261E+00    0.199E-01    0.233E-01    0.914E-02    0.914E-02    0.840E-03    0.840E-03    0.000E+00    0.000E+00
     3.244     0.306    0.619E+00    0.280E+00    0.259E+00    0.197E-01    0.231E-01    0.905E-02    0.905E-02    0.832E-03    0.832E-03    0.000E+00    0.000E+00
     3.244     0.307    0.618E+00    0.279E+00    0.257E+00    0.195E-01    0.228E-01    0.895E-02    0.895E-02    0.823E-03    0.823E-03    0.000E+00    0.000E+00
     3.244     0.308    0.616E+00    0.278E+00    0.255E+00    0.193E-01    0.225E-01    0.886E-02    0.886E-02    0.815E-03    0.815E-03    0.000E+00    0.000E+00
     3.244     0.309    0.615E+00    0.277E+00    0.254E+00    0.191E-01    0.223E-01    0.877E-02    0.877E-02    0.806E-03    0.806E-03    0.000E+00    0.000E+00
     3.244     0.310    0.614E+00    0.276E+00    0.252E+00    0.190E-01    0.220E-01    0.868E-02    0.868E-02    0.798E-03    0.798E-03    0.000E+00    0.000E+00
     3.244     0.311    0.612E+00    0.275E+00    0.250E+00    0.188E-01    0.218E-01    0.858E-02    0.858E-02    0.790E-03    0.790E-03    0.000E+00    0.000E+00
     3.244     0.312    0.611E+00    0.274E+00    0.249E+00    0.186E-01    0.215E-01    0.849E-02    0.849E-02    0.782E-03    0.782E-03    0.000E+00    0.000E+00
     3.244     0.313    0.610E+00    0.273E+00    0.247E+00    0.184E-01    0.213E-01    0.841E-02    0.841E-02    0.774E-03    0.774E-03    0.000E+00    0.000E+00
     3.244     0.314    0.608E+00    0.272E+00    0.245E+00    0.183E-01    0.210E-01    0.832E-02    0.832E-02    0.766E-03    0.766E-03    0.000E+00    0.000E+00
     3.244     0.315    0.607E+00    0.271E+00    0.244E+00    0.181E-01    0.208E-01    0.823E-02    0.823E-02    0.758E-03    0.758E-03    0.000E+00    0.000E+00
     3.244     0.316    0.606E+00    0.270E+00    0.242E+00    0.179E-01    0.205E-01    0.814E-02    0.814E-02    0.750E-03    0.750E-03    0.000E+00    0.000E+00
     3.244     0.317    0.604E+00    0.269E+00    0.240E+00    0.178E-01    0.203E-01    0.806E-02    0.806E-02    0.742E-03    0.742E-03    0.000E+00    0.000E+00
     3.244     0.318    0.603E+00    0.268E+00    0.239E+00    0.176E-01    0.201E-01    0.797E-02    0.797E-02    0.734E-03    0.734E-03    0.000E+00    0.000E+00
     3.244     0.319    0.602E+00    0.267E+00    0.237E+00    0.174E-01    0.198E-01    0.789E-02    0.789E-02    0.727E-03    0.727E-03    0.000E+00    0.000E+00
     3.244     0.320    0.600E+00    0.266E+00    0.236E+00    0.173E-01    0.196E-01    0.780E-02    0.780E-02    0.719E-03    0.719E-03    0.000E+00    0.000E+00
     3.244     0.321    0.599E+00    0.265E+00    0.234E+00    0.171E-01    0.194E-01    0.772E-02    0.772E-02    0.711E-03    0.711E-03    0.000E+00    0.000E+00
     3.244     0.322    0.598E+00    0.264E+00    0.232E+00    0.169E-01    0.191E-01    0.764E-02    0.764E-02    0.704E-03    0.704E-03    0.000E+00    0.000E+00
     3.244     0.323    0.596E+00    0.263E+00    0.231E+00    0.168E-01    0.189E-01    0.755E-02    0.755E-02    0.697E-03    0.697E-03    0.000E+00    0.000E+00
     3.244     0.324    0.595E+00    0.262E+00    0.229E+00    0.166E-01    0.187E-01    0.747E-02    0.747E-02    0.689E-03    0.689E-03    0.000E+00    0.000E+00
     3.244     0.325    0.594E+00    0.261E+00    0.228E+00    0.164E-01    0.185E-01    0.739E-02    0.739E-02    0.682E-03    0.682E-03    0.000E+00    0.000E+00
     3.244     0.326    0.592E+00    0.260E+00    0.226E+00    0.163E-01    0.183E-01    0.731E-02    0.731E-02    0.675E-03    0.675E-03    0.000E+00    0.000E+00
     3.244     0.327    0.591E+00    0.259E+00    0.225E+00    0.161E-01    0.181E-01    0.723E-02    0.723E-02    0.668E-03    0.668E-03    0.000E+00    0.000E+00
     3.244     0.328    0.589E+00    0.258E+00    0.223E+00    0.160E-01    0.178E-01    0.716E-02    0.716E-02    0.661E-03    0.661E-03    0.000E+00    0.000E+00
     3.244     0.329    0.588E+00    0.257E+00    0.222E+00    0.158E-01    0.176E-01    0.708E-02    0.708E-02    0.654E-03    0.654E-03    0.000E+00    0.000E+00
     3.244     0.330    0.587E+00    0.256E+00    0.220E+00    0.156E-01    0.174E-01    0.700E-02    0.700E-02    0.647E-03    0.647E-03    0.000E+00    0.000E+00
     3.244     0.331    0.585E+00    0.255E+00    0.219E+00    0.155E-01    0.172E-01    0.693E-02    0.693E-02    0.640E-03    0.640E-03    0.000E+00    0.000E+00
     3.244     0.332    0.584E+00    0.254E+00    0.217E+00    0.153E-01    0.170E-01    0.685E-02    0.685E-02    0.633E-03    0.633E-03    0.000E+00    0.000E+00
     3.244     0.333    0.582E+00    0.253E+00    0.216E+00    0.152E-01    0.168E-01    0.678E-02    0.678E-02    0.627E-03    0.627E-03    0.000E+00    0.000E+00
     3.244     0.334    0.581E+00    0.252E+00    0.214E+00    0.150E-01    0.166E-01    0.670E-02    0.670E-02    0.620E-03    0.620E-03    0.000E+00    0.000E+00
     3.244     0.335    0.579E+00    0.251E+00    0.213E+00    0.149E-01    0.164E-01    0.663E-02    0.663E-02    0.613E-03    0.613E-03    0.000E+00    0.000E+00
     3.244     0.336    0.578E+00    0.250E+00    0.212E+00    0.147E-01    0.162E-01    0.656E-02    0.656E-02    0.607E-03    0.607E-03    0.000E+00    0.000E+00
     3.244     0.337    0.576E+00    0.249E+00    0.210E+00    0.146E-01    0.160E-01    0.648E-02    0.648E-02    0.600E-03    0.600E-03    0.000E+00    0.000E+00
     3.244     0.338    0.575E+00    0.247E+00    0.209E+00    0.144E-01    0.158E-01    0.641E-02    0.641E-02    0.594E-03    0.594E-03    0.000E+00    0.000E+00
     3.244     0.339    0.574E+00    0.246E+00    0.207E+00    0.143E-01    0.157E-01    0.634E-02    0.634E-02    0.587E-03    0.587E-03    0.000E+00    0.000E+00
     3.244     0.340    0.572E+00    0.245E+00    0.206E+00    0.141E-01    0.155E-01    0.627E-02    0.627E-02    0.581E-03    0.581E-03    0.000E+00    0.000E+00
     3.244     0.341    0.571E+00    0.244E+00    0.205E+00    0.140E-01    0.153E-01    0.620E-02    0.620E-02    0.575E-03    0.575E-03    0.000E+00    0.000E+00
     3.244     0.342    0.569E+00    0.243E+00    0.203E+00    0.138E-01    0.151E-01    0.613E-02    0.613E-02    0.569E-03    0.569E-03    0.000E+00    0.000E+00
     3.244     0.343    0.568E+00    0.242E+00    0.202E+00    0.137E-01    0.149E-01    0.606E-02    0.606E-02    0.562E-03    0.562E-03    0.000E+00    0.000E+00
     3.244     0.344    0.566E+00    0.241E+00    0.201E+00    0.136E-01    0.147E-01    0.600E-02    0.600E-02    0.556E-03    0.556E-03    0.000E+00    0.000E+00
     3.244     0.345    0.565E+00    0.240E+00    0.199E+00    0.134E-01    0.146E-01    0.593E-02    0.593E-02    0.550E-03    0.550E-03    0.000E+00    0.000E+00
     3.244     0.346    0.563E+00    0.239E+00    0.198E+00    0.133E-01    0.144E-01    0.586E-02    0.586E-02    0.544E-03    0.544E-03    0.000E+00    0.000E+00
     3.244     0.347    0.562E+00    0.238E+00    0.197E+00    0.131E-01    0.142E-01    0.580E-02    0.580E-02    0.538E-03    0.538E-03    0.000E+00    0.000E+00
     3.244     0.348    0.560E+00    0.237E+00    0.195E+00    0.130E-01    0.141E-01    0.573E-02    0.573E-02    0.533E-03    0.533E-03    0.000E+00    0.000E+00
     3.244     0.349    0.559E+00    0.236E+00    0.194E+00    0.129E-01    0.139E-01    0.567E-02    0.567E-02    0.527E-03    0.527E-03    0.000E+00    0.000E+00
     3.244     0.350    0.557E+00    0.235E+00    0.193E+00    0.127E-01    0.137E-01    0.560E-02    0.560E-02    0.521E-03    0.521E-03    0.000E+00    0.000E+00
     3.244     0.351    0.556E+00    0.234E+00    0.191E+00    0.126E-01    0.136E-01    0.554E-02    0.554E-02    0.515E-03    0.515E-03    0.000E+00    0.000E+00
     3.244     0.352    0.554E+00    0.233E+00    0.190E+00    0.125E-01    0.134E-01    0.548E-02    0.548E-02    0.510E-03    0.510E-03    0.000E+00    0.000E+00
     3.244     0.353    0.553E+00    0.232E+00    0.189E+00    0.123E-01    0.132E-01    0.541E-02    0.541E-02    0.504E-03    0.504E-03    0.000E+00    0.000E+00
     3.244     0.354    0.551E+00    0.231E+00    0.187E+00    0.122E-01    0.131E-01    0.535E-02    0.535E-02    0.499E-03    0.499E-03    0.000E+00    0.000E+00
     3.244     0.355    0.550E+00    0.230E+00    0.186E+00    0.121E-01    0.129E-01    0.529E-02    0.529E-02    0.493E-03    0.493E-03    0.000E+00    0.000E+00
     3.244     0.356    0.548E+00    0.229E+00    0.185E+00    0.119E-01    0.128E-01    0.523E-02    0.523E-02    0.488E-03    0.488E-03    0.000E+00    0.000E+00
     3.244     0.357    0.547E+00    0.228E+00    0.184E+00    0.118E-01    0.126E-01    0.517E-02    0.517E-02    0.482E-03    0.482E-03    0.000E+00    0.000E+00
     3.244     0.358    0.545E+00    0.227E+00    0.182E+00    0.117E-01    0.124E-01    0.511E-02    0.511E-02    0.477E-03    0.477E-03    0.000E+00    0.000E+00
     3.244     0.359    0.544E+00    0.226E+00    0.181E+00    0.115E-01    0.123E-01    0.505E-02    0.505E-02    0.472E-03    0.472E-03    0.000E+00    0.000E+00
     3.244     0.360    0.542E+00    0.224E+00    0.180E+00    0.114E-01    0.121E-01    0.499E-02    0.499E-02    0.466E-03    0.466E-03    0.000E+00    0.000E+00
     3.244     0.361    0.540E+00    0.223E+00    0.179E+00    0.113E-01    0.120E-01    0.494E-02    0.494E-02    0.461E-03    0.461E-03    0.000E+00    0.000E+00
     3.244     0.362    0.539E+00    0.222E+00    0.177E+00    0.112E-01    0.119E-01    0.488E-02    0.488E-02    0.456E-03    0.456E-03    0.000E+00    0.000E+00
     3.244     0.363    0.537E+00    0.221E+00    0.176E+00    0.110E-01    0.117E-01    0.482E-02    0.482E-02    0.451E-03    0.451E-03    0.000E+00    0.000E+00
     3.244     0.364    0.536E+00    0.220E+00    0.175E+00    0.109E-01    0.116E-01    0.477E-02    0.477E-02    0.446E-03    0.446E-03    0.000E+00    0.000E+00
     3.244     0.365    0.534E+00    0.219E+00    0.174E+00    0.108E-01    0.114E-01    0.471E-02    0.471E-02    0.441E-03    0.441E-03    0.000E+00    0.000E+00
     3.244     0.366    0.533E+00    0.218E+00    0.173E+00    0.107E-01    0.113E-01    0.466E-02    0.466E-02    0.436E-03    0.436E-03    0.000E+00    0.000E+00
     3.244     0.367    0.531E+00    0.217E+00    0.171E+00    0.106E-01    0.111E-01    0.460E-02    0.460E-02    0.431E-03    0.431E-03    0.000E+00    0.000E+00
     3.244     0.368    0.530E+00    0.216E+00    0.170E+00    0.104E-01    0.110E-01    0.455E-02    0.455E-02    0.426E-03    0.426E-03    0.000E+00    0.000E+00
     3.244     0.369    0.528E+00    0.215E+00    0.169E+00    0.103E-01    0.109E-01    0.449E-02    0.449E-02    0.421E-03    0.421E-03    0.000E+00    0.000E+00
     3.244     0.370    0.526E+00    0.214E+00    0.168E+00    0.102E-01    0.107E-01    0.444E-02    0.444E-02    0.416E-03    0.416E-03    0.000E+00    0.000E+00
     3.244     0.371    0.525E+00    0.213E+00    0.167E+00    0.101E-01    0.106E-01    0.439E-02    0.439E-02    0.412E-03    0.412E-03    0.000E+00    0.000E+00
     3.244     0.372    0.523E+00    0.212E+00    0.166E+00    0.998E-02    0.105E-01    0.434E-02    0.434E-02    0.407E-03    0.407E-03    0.000E+00    0.000E+00
     3.244     0.373    0.522E+00    0.211E+00    0.165E+00    0.987E-02    0.103E-01    0.429E-02    0.429E-02    0.402E-03    0.402E-03    0.000E+00    0.000E+00
     3.244     0.374    0.520E+00    0.210E+00    0.163E+00    0.976E-02    0.102E-01    0.423E-02    0.423E-02    0.398E-03    0.398E-03    0.000E+00    0.000E+00
     3.244     0.375    0.518E+00    0.209E+00    0.162E+00    0.965E-02    0.101E-01    0.418E-02    0.418E-02    0.393E-03    0.393E-03    0.000E+00    0.000E+00
     3.244     0.376    0.517E+00    0.208E+00    0.161E+00    0.953E-02    0.997E-02    0.413E-02    0.413E-02    0.389E-03    0.389E-03    0.000E+00    0.000E+00
     3.244     0.377    0.515E+00    0.207E+00    0.160E+00    0.943E-02    0.984E-02    0.408E-02    0.408E-02    0.384E-03    0.384E-03    0.000E+00    0.000E+00
     3.244     0.378    0.514E+00    0.206E+00    0.159E+00    0.932E-02    0.972E-02    0.404E-02    0.404E-02    0.380E-03    0.380E-03    0.000E+00    0.000E+00
     3.244     0.379    0.512E+00    0.205E+00    0.158E+00    0.921E-02    0.960E-02    0.399E-02    0.399E-02    0.375E-03    0.375E-03    0.000E+00    0.000E+00
     3.244     0.380    0.510E+00    0.204E+00    0.157E+00    0.910E-02    0.948E-02    0.394E-02    0.394E-02    0.371E-03    0.371E-03    0.000E+00    0.000E+00
     3.244     0.381    0.509E+00    0.203E+00    0.156E+00    0.900E-02    0.936E-02    0.389E-02    0.389E-02    0.367E-03    0.367E-03    0.000E+00    0.000E+00
     3.244     0.382    0.507E+00    0.201E+00    0.155E+00    0.889E-02    0.924E-02    0.384E-02    0.384E-02    0.362E-03    0.362E-03    0.000E+00    0.000E+00
     3.244     0.383    0.506E+00    0.200E+00    0.153E+00    0.879E-02    0.913E-02    0.380E-02    0.380E-02    0.358E-03    0.358E-03    0.000E+00    0.000E+00
     3.244     0.384    0.504E+00    0.199E+00    0.152E+00    0.868E-02    0.901E-02    0.375E-02    0.375E-02    0.354E-03    0.354E-03    0.000E+00    0.000E+00
     3.244     0.385    0.502E+00    0.198E+00    0.151E+00    0.858E-02    0.890E-02    0.371E-02    0.371E-02    0.350E-03    0.350E-03    0.000E+00    0.000E+00
     3.244     0.386    0.501E+00    0.197E+00    0.150E+00    0.848E-02    0.879E-02    0.366E-02    0.366E-02    0.346E-03    0.346E-03    0.000E+00    0.000E+00
     3.244     0.387    0.499E+00    0.196E+00    0.149E+00    0.838E-02    0.868E-02    0.362E-02    0.362E-02    0.341E-03    0.341E-03    0.000E+00    0.000E+00
     3.244     0.388    0.498E+00    0.195E+00    0.148E+00    0.828E-02    0.857E-02    0.357E-02    0.357E-02    0.337E-03    0.337E-03    0.000E+00    0.000E+00
     3.244     0.389    0.496E+00    0.194E+00    0.147E+00    0.818E-02    0.846E-02    0.353E-02    0.353E-02    0.333E-03    0.333E-03    0.000E+00    0.000E+00
     3.244     0.390    0.494E+00    0.193E+00    0.146E+00    0.809E-02    0.835E-02    0.349E-02    0.349E-02    0.329E-03    0.329E-03    0.000E+00    0.000E+00
     3.244     0.391    0.493E+00    0.192E+00    0.145E+00    0.799E-02    0.825E-02    0.344E-02    0.344E-02    0.326E-03    0.326E-03    0.000E+00    0.000E+00
     3.244     0.392    0.491E+00    0.191E+00    0.144E+00    0.789E-02    0.814E-02    0.340E-02    0.340E-02    0.322E-03    0.322E-03    0.000E+00    0.000E+00
     3.244     0.393    0.489E+00    0.190E+00    0.143E+00    0.780E-02    0.804E-02    0.336E-02    0.336E-02    0.318E-03    0.318E-03    0.000E+00    0.000E+00
     3.244     0.394    0.488E+00    0.189E+00    0.142E+00    0.770E-02    0.794E-02    0.332E-02    0.332E-02    0.314E-03    0.314E-03    0.000E+00    0.000E+00
     3.244     0.395    0.486E+00    0.188E+00    0.141E+00    0.761E-02    0.784E-02    0.328E-02    0.328E-02    0.310E-03    0.310E-03    0.000E+00    0.000E+00
     3.244     0.396    0.485E+00    0.187E+00    0.140E+00    0.752E-02    0.774E-02    0.323E-02    0.323E-02    0.307E-03    0.307E-03    0.000E+00    0.000E+00
     3.244     0.397    0.483E+00    0.186E+00    0.139E+00    0.743E-02    0.764E-02    0.319E-02    0.319E-02    0.303E-03    0.303E-03    0.000E+00    0.000E+00
     3.244     0.398    0.481E+00    0.185E+00    0.138E+00    0.734E-02    0.754E-02    0.315E-02    0.315E-02    0.299E-03    0.299E-03    0.000E+00    0.000E+00
     3.244     0.399    0.480E+00    0.184E+00    0.137E+00    0.725E-02    0.744E-02    0.312E-02    0.312E-02    0.296E-03    0.296E-03    0.000E+00    0.000E+00
     3.244     0.400    0.478E+00    0.183E+00    0.136E+00    0.716E-02    0.735E-02    0.308E-02    0.308E-02    0.292E-03    0.292E-03    0.000E+00    0.000E+00
     3.244     0.401    0.476E+00    0.182E+00    0.135E+00    0.707E-02    0.725E-02    0.304E-02    0.304E-02    0.288E-03    0.288E-03    0.000E+00    0.000E+00
     3.244     0.402    0.475E+00    0.181E+00    0.134E+00    0.698E-02    0.716E-02    0.300E-02    0.300E-02    0.285E-03    0.285E-03    0.000E+00    0.000E+00
     3.244     0.403    0.473E+00    0.180E+00    0.133E+00    0.690E-02    0.706E-02    0.296E-02    0.296E-02    0.281E-03    0.281E-03    0.000E+00    0.000E+00
     3.244     0.404    0.471E+00    0.179E+00    0.132E+00    0.681E-02    0.697E-02    0.292E-02    0.292E-02    0.278E-03    0.278E-03    0.000E+00    0.000E+00
     3.244     0.405    0.470E+00    0.178E+00    0.131E+00    0.673E-02    0.688E-02    0.289E-02    0.289E-02    0.274E-03    0.274E-03    0.000E+00    0.000E+00
     3.244     0.406    0.468E+00    0.177E+00    0.130E+00    0.664E-02    0.679E-02    0.285E-02    0.285E-02    0.271E-03    0.271E-03    0.000E+00    0.000E+00
     3.244     0.407    0.466E+00    0.176E+00    0.129E+00    0.656E-02    0.671E-02    0.281E-02    0.281E-02    0.268E-03    0.268E-03    0.000E+00    0.000E+00
     3.244     0.408    0.465E+00    0.175E+00    0.128E+00    0.648E-02    0.662E-02    0.278E-02    0.278E-02    0.264E-03    0.264E-03    0.000E+00    0.000E+00
     3.244     0.409    0.463E+00    0.174E+00    0.127E+00    0.640E-02    0.653E-02    0.274E-02    0.274E-02    0.261E-03    0.261E-03    0.000E+00    0.000E+00
     3.244     0.410    0.462E+00    0.173E+00    0.126E+00    0.632E-02    0.645E-02    0.271E-02    0.271E-02    0.258E-03    0.258E-03    0.000E+00    0.000E+00
     3.244     0.411    0.460E+00    0.172E+00    0.125E+00    0.624E-02    0.636E-02    0.267E-02    0.267E-02    0.255E-03    0.255E-03    0.000E+00    0.000E+00
     3.244     0.412    0.458E+00    0.171E+00    0.124E+00    0.616E-02    0.628E-02    0.264E-02    0.264E-02    0.252E-03    0.252E-03    0.000E+00    0.000E+00
     3.244     0.413    0.457E+00    0.170E+00    0.123E+00    0.608E-02    0.620E-02    0.260E-02    0.260E-02    0.248E-03    0.248E-03    0.000E+00    0.000E+00
     3.244     0.414    0.455E+00    0.169E+00    0.123E+00    0.600E-02    0.612E-02    0.257E-02    0.257E-02    0.245E-03    0.245E-03    0.000E+00    0.000E+00
     3.244     0.415    0.453E+00    0.168E+00    0.122E+00    0.593E-02    0.604E-02    0.254E-02    0.254E-02    0.242E-03    0.242E-03    0.000E+00    0.000E+00
     3.244     0.416    0.452E+00    0.167E+00    0.121E+00    0.585E-02    0.596E-02    0.250E-02    0.250E-02    0.239E-03    0.239E-03    0.000E+00    0.000E+00
     3.244     0.417    0.450E+00    0.166E+00    0.120E+00    0.578E-02    0.588E-02    0.247E-02    0.247E-02    0.236E-03    0.236E-03    0.000E+00    0.000E+00
     3.244     0.418    0.448E+00    0.165E+00    0.119E+00    0.570E-02    0.580E-02    0.244E-02    0.244E-02    0.233E-03    0.233E-03    0.000E+00    0.000E+00
     3.244     0.419    0.447E+00    0.164E+00    0.118E+00    0.563E-02    0.572E-02    0.241E-02    0.241E-02    0.230E-03    0.230E-03    0.000E+00    0.000E+00
     3.244     0.420    0.445E+00    0.163E+00    0.117E+00    0.556E-02    0.565E-02    0.238E-02    0.238E-02    0.227E-03    0.227E-03    0.000E+00    0.000E+00
     3.244     0.421    0.443E+00    0.162E+00    0.116E+00    0.549E-02    0.557E-02    0.235E-02    0.235E-02    0.224E-03    0.224E-03    0.000E+00    0.000E+00
     3.244     0.422    0.442E+00    0.161E+00    0.115E+00    0.541E-02    0.550E-02    0.231E-02    0.231E-02    0.221E-03    0.221E-03    0.000E+00    0.000E+00
     3.244     0.423    0.440E+00    0.160E+00    0.114E+00    0.534E-02    0.542E-02    0.228E-02    0.228E-02    0.219E-03    0.219E-03    0.000E+00    0.000E+00
     3.244     0.424    0.438E+00    0.159E+00    0.114E+00    0.527E-02    0.535E-02    0.225E-02    0.225E-02    0.216E-03    0.216E-03    0.000E+00    0.000E+00
     3.244     0.425    0.437E+00    0.158E+00    0.113E+00    0.521E-02    0.528E-02    0.222E-02    0.222E-02    0.213E-03    0.213E-03    0.000E+00    0.000E+00
     3.244     0.426    0.435E+00    0.157E+00    0.112E+00    0.514E-02    0.521E-02    0.219E-02    0.219E-02    0.210E-03    0.210E-03    0.000E+00    0.000E+00
     3.244     0.427    0.433E+00    0.156E+00    0.111E+00    0.507E-02    0.514E-02    0.217E-02    0.217E-02    0.207E-03    0.207E-03    0.000E+00    0.000E+00
     3.244     0.428    0.432E+00    0.155E+00    0.110E+00    0.500E-02    0.507E-02    0.214E-02    0.214E-02    0.205E-03    0.205E-03    0.000E+00    0.000E+00
     3.244     0.429    0.430E+00    0.154E+00    0.109E+00    0.494E-02    0.500E-02    0.211E-02    0.211E-02    0.202E-03    0.202E-03    0.000E+00    0.000E+00
     3.244     0.430    0.428E+00    0.153E+00    0.108E+00    0.487E-02    0.493E-02    0.208E-02    0.208E-02    0.199E-03    0.199E-03    0.000E+00    0.000E+00
     3.244     0.431    0.427E+00    0.152E+00    0.108E+00    0.481E-02    0.487E-02    0.205E-02    0.205E-02    0.197E-03    0.197E-03    0.000E+00    0.000E+00
     3.244     0.432    0.425E+00    0.151E+00    0.107E+00    0.474E-02    0.480E-02    0.203E-02    0.203E-02    0.194E-03    0.194E-03    0.000E+00    0.000E+00
     3.244     0.433    0.423E+00    0.150E+00    0.106E+00    0.468E-02    0.473E-02    0.200E-02    0.200E-02    0.192E-03    0.192E-03    0.000E+00    0.000E+00
     3.244     0.434    0.422E+00    0.149E+00    0.105E+00    0.462E-02    0.467E-02    0.197E-02    0.197E-02    0.189E-03    0.189E-03    0.000E+00    0.000E+00
     3.244     0.435    0.420E+00    0.148E+00    0.104E+00    0.456E-02    0.461E-02    0.194E-02    0.194E-02    0.187E-03    0.187E-03    0.000E+00    0.000E+00
     3.244     0.436    0.418E+00    0.147E+00    0.103E+00    0.450E-02    0.454E-02    0.192E-02    0.192E-02    0.184E-03    0.184E-03    0.000E+00    0.000E+00
     3.244     0.437    0.417E+00    0.146E+00    0.103E+00    0.444E-02    0.448E-02    0.189E-02    0.189E-02    0.182E-03    0.182E-03    0.000E+00    0.000E+00
     3.244     0.438    0.415E+00    0.145E+00    0.102E+00    0.438E-02    0.442E-02    0.187E-02    0.187E-02    0.179E-03    0.179E-03    0.000E+00    0.000E+00
     3.244     0.439    0.413E+00    0.144E+00    0.101E+00    0.432E-02    0.436E-02    0.184E-02    0.184E-02    0.177E-03    0.177E-03    0.000E+00    0.000E+00
     3.244     0.440    0.412E+00    0.143E+00    0.100E+00    0.426E-02    0.430E-02    0.182E-02    0.182E-02    0.174E-03    0.174E-03    0.000E+00    0.000E+00
     3.244     0.441    0.410E+00    0.142E+00    0.994E-01    0.420E-02    0.424E-02    0.179E-02    0.179E-02    0.172E-03    0.172E-03    0.000E+00    0.000E+00
     3.244     0.442    0.408E+00    0.142E+00    0.986E-01    0.414E-02    0.418E-02    0.177E-02    0.177E-02    0.170E-03    0.170E-03    0.000E+00    0.000E+00
     3.244     0.443    0.407E+00    0.141E+00    0.979E-01    0.409E-02    0.412E-02    0.174E-02    0.174E-02    0.167E-03    0.167E-03    0.000E+00    0.000E+00
     3.244     0.444    0.405E+00    0.140E+00    0.971E-01    0.403E-02    0.406E-02    0.172E-02    0.172E-02    0.165E-03    0.165E-03    0.000E+00    0.000E+00
     3.244     0.445    0.403E+00    0.139E+00    0.963E-01    0.398E-02    0.401E-02    0.169E-02    0.169E-02    0.163E-03    0.163E-03    0.000E+00    0.000E+00
     3.244     0.446    0.402E+00    0.138E+00    0.955E-01    0.392E-02    0.395E-02    0.167E-02    0.167E-02    0.161E-03    0.161E-03    0.000E+00    0.000E+00
     3.244     0.447    0.400E+00    0.137E+00    0.947E-01    0.387E-02    0.390E-02    0.165E-02    0.165E-02    0.158E-03    0.158E-03    0.000E+00    0.000E+00
     3.244     0.448    0.398E+00    0.136E+00    0.940E-01    0.381E-02    0.384E-02    0.162E-02    0.162E-02    0.156E-03    0.156E-03    0.000E+00    0.000E+00
     3.244     0.449    0.397E+00    0.135E+00    0.932E-01    0.376E-02    0.379E-02    0.160E-02    0.160E-02    0.154E-03    0.154E-03    0.000E+00    0.000E+00
     3.244     0.450    0.395E+00    0.134E+00    0.924E-01    0.371E-02    0.374E-02    0.158E-02    0.158E-02    0.152E-03    0.152E-03    0.000E+00    0.000E+00
     3.244     0.451    0.393E+00    0.133E+00    0.917E-01    0.366E-02    0.368E-02    0.156E-02    0.156E-02    0.150E-03    0.150E-03    0.000E+00    0.000E+00
     3.244     0.452    0.392E+00    0.132E+00    0.909E-01    0.361E-02    0.363E-02    0.154E-02    0.154E-02    0.148E-03    0.148E-03    0.000E+00    0.000E+00
     3.244     0.453    0.390E+00    0.131E+00    0.902E-01    0.356E-02    0.358E-02    0.151E-02    0.151E-02    0.146E-03    0.146E-03    0.000E+00    0.000E+00
     3.244     0.454    0.388E+00    0.130E+00    0.894E-01    0.351E-02    0.353E-02    0.149E-02    0.149E-02    0.144E-03    0.144E-03    0.000E+00    0.000E+00
     3.244     0.455    0.387E+00    0.130E+00    0.887E-01    0.346E-02    0.348E-02    0.147E-02    0.147E-02    0.142E-03    0.142E-03    0.000E+00    0.000E+00
     3.244     0.456    0.385E+00    0.129E+00    0.880E-01    0.341E-02    0.343E-02    0.145E-02    0.145E-02    0.140E-03    0.140E-03    0.000E+00    0.000E+00
     3.244     0.457    0.383E+00    0.128E+00    0.872E-01    0.336E-02    0.338E-02    0.143E-02    0.143E-02    0.138E-03    0.138E-03    0.000E+00    0.000E+00
     3.244     0.458    0.382E+00    0.127E+00    0.865E-01    0.331E-02    0.333E-02    0.141E-02    0.141E-02    0.136E-03    0.136E-03    0.000E+00    0.000E+00
     3.244     0.459    0.380E+00    0.126E+00    0.858E-01    0.327E-02    0.328E-02    0.139E-02    0.139E-02    0.134E-03    0.134E-03    0.000E+00    0.000E+00
     3.244     0.460    0.379E+00    0.125E+00    0.851E-01    0.322E-02    0.324E-02    0.137E-02    0.137E-02    0.132E-03    0.132E-03    0.000E+00    0.000E+00
     3.244     0.461    0.377E+00    0.124E+00    0.843E-01    0.317E-02    0.319E-02    0.135E-02    0.135E-02    0.130E-03    0.130E-03    0.000E+00    0.000E+00
     3.244     0.462    0.375E+00    0.123E+00    0.836E-01    0.313E-02    0.314E-02    0.133E-02    0.133E-02    0.128E-03    0.128E-03    0.000E+00    0.000E+00
     3.244     0.463    0.374E+00    0.122E+00    0.829E-01    0.308E-02    0.310E-02    0.131E-02    0.131E-02    0.126E-03    0.126E-03    0.000E+00    0.000E+00
     3.244     0.464    0.372E+00    0.122E+00    0.822E-01    0.304E-02    0.305E-02    0.129E-02    0.129E-02    0.125E-03    0.125E-03    0.000E+00    0.000E+00
     3.244     0.465    0.370E+00    0.121E+00    0.815E-01    0.300E-02    0.301E-02    0.128E-02    0.128E-02    0.123E-03    0.123E-03    0.000E+00    0.000E+00
     3.244     0.466    0.369E+00    0.120E+00    0.808E-01    0.295E-02    0.297E-02    0.126E-02    0.126E-02    0.121E-03    0.121E-03    0.000E+00    0.000E+00
     3.244     0.467    0.367E+00    0.119E+00    0.801E-01    0.291E-02    0.292E-02    0.124E-02    0.124E-02    0.119E-03    0.119E-03    0.000E+00    0.000E+00
     3.244     0.468    0.365E+00    0.118E+00    0.794E-01    0.287E-02    0.288E-02    0.122E-02    0.122E-02    0.118E-03    0.118E-03    0.000E+00    0.000E+00
     3.244     0.469    0.364E+00    0.117E+00    0.788E-01    0.283E-02    0.284E-02    0.120E-02    0.120E-02    0.116E-03    0.116E-03    0.000E+00    0.000E+00
     3.244     0.470    0.362E+00    0.116E+00    0.781E-01    0.279E-02    0.280E-02    0.119E-02    0.119E-02    0.114E-03    0.114E-03    0.000E+00    0.000E+00
     3.244     0.471    0.360E+00    0.115E+00    0.774E-01    0.275E-02    0.276E-02    0.117E-02    0.117E-02    0.112E-03    0.112E-03    0.000E+00    0.000E+00
     3.244     0.472    0.359E+00    0.115E+00    0.767E-01    0.271E-02    0.272E-02    0.115E-02    0.115E-02    0.111E-03    0.111E-03    0.000E+00    0.000E+00
     3.244     0.473    0.357E+00    0.114E+00    0.761E-01    0.267E-02    0.268E-02    0.113E-02    0.113E-02    0.109E-03    0.109E-03    0.000E+00    0.000E+00
     3.244     0.474    0.356E+00    0.113E+00    0.754E-01    0.263E-02    0.264E-02    0.112E-02    0.112E-02    0.108E-03    0.108E-03    0.000E+00    0.000E+00
     3.244     0.475    0.354E+00    0.112E+00    0.747E-01    0.259E-02    0.260E-02    0.110E-02    0.110E-02    0.106E-03    0.106E-03    0.000E+00    0.000E+00
     3.244     0.476    0.352E+00    0.111E+00    0.741E-01    0.255E-02    0.256E-02    0.108E-02    0.108E-02    0.104E-03    0.104E-03    0.000E+00    0.000E+00
     3.244     0.477    0.351E+00    0.110E+00    0.734E-01    0.251E-02    0.252E-02    0.107E-02    0.107E-02    0.103E-03    0.103E-03    0.000E+00    0.000E+00
     3.244     0.478    0.349E+00    0.110E+00    0.728E-01    0.248E-02    0.248E-02    0.105E-02    0.105E-02    0.101E-03    0.101E-03    0.000E+00    0.000E+00
     3.244     0.479    0.347E+00    0.109E+00    0.721E-01    0.244E-02    0.245E-02    0.104E-02    0.104E-02    0.998E-04    0.998E-04    0.000E+00    0.000E+00
     3.244     0.480    0.346E+00    0.108E+00    0.715E-01    0.240E-02    0.241E-02    0.102E-02    0.102E-02    0.983E-04    0.983E-04    0.000E+00    0.000E+00
     3.244     0.481    0.344E+00    0.107E+00    0.708E-01    0.237E-02    0.237E-02    0.101E-02    0.101E-02    0.968E-04    0.968E-04    0.000E+00    0.000E+00
     3.244     0.482    0.343E+00    0.106E+00    0.702E-01    0.233E-02    0.234E-02    0.991E-03    0.991E-03    0.953E-04    0.953E-04    0.000E+00    0.000E+00
     3.244     0.483    0.341E+00    0.105E+00    0.696E-01    0.230E-02    0.230E-02    0.976E-03    0.976E-03    0.939E-04    0.939E-04    0.000E+00    0.000E+00
     3.244     0.484    0.339E+00    0.105E+00    0.690E-01    0.226E-02    0.227E-02    0.961E-03    0.961E-03    0.924E-04    0.924E-04    0.000E+00    0.000E+00
     3.244     0.485    0.338E+00    0.104E+00    0.683E-01    0.223E-02    0.223E-02    0.947E-03    0.947E-03    0.910E-04    0.910E-04    0.000E+00    0.000E+00
     3.244     0.486    0.336E+00    0.103E+00    0.677E-01    0.219E-02    0.220E-02    0.933E-03    0.933E-03    0.896E-04    0.896E-04    0.000E+00    0.000E+00
     3.244     0.487    0.334E+00    0.102E+00    0.671E-01    0.216E-02    0.217E-02    0.919E-03    0.919E-03    0.882E-04    0.882E-04    0.000E+00    0.000E+00
     3.244     0.488    0.333E+00    0.101E+00    0.665E-01    0.213E-02    0.213E-02    0.905E-03    0.905E-03    0.869E-04    0.869E-04    0.000E+00    0.000E+00
     3.244     0.489    0.331E+00    0.101E+00    0.659E-01    0.210E-02    0.210E-02    0.891E-03    0.891E-03    0.855E-04    0.855E-04    0.000E+00    0.000E+00
     3.244     0.490    0.330E+00    0.998E-01    0.653E-01    0.206E-02    0.207E-02    0.877E-03    0.877E-03    0.842E-04    0.842E-04    0.000E+00    0.000E+00
     3.244     0.491    0.328E+00    0.990E-01    0.647E-01    0.203E-02    0.204E-02    0.864E-03    0.864E-03    0.829E-04    0.829E-04    0.000E+00    0.000E+00
     3.244     0.492    0.326E+00    0.982E-01    0.641E-01    0.200E-02    0.201E-02    0.851E-03    0.851E-03    0.816E-04    0.816E-04    0.000E+00    0.000E+00
     3.244     0.493    0.325E+00    0.974E-01    0.635E-01    0.197E-02    0.198E-02    0.837E-03    0.837E-03    0.803E-04    0.803E-04    0.000E+00    0.000E+00
     3.244     0.494    0.323E+00    0.966E-01    0.629E-01    0.194E-02    0.194E-02    0.825E-03    0.825E-03    0.791E-04    0.791E-04    0.000E+00    0.000E+00
     3.244     0.495    0.322E+00    0.959E-01    0.623E-01    0.191E-02    0.191E-02    0.812E-03    0.812E-03    0.778E-04    0.778E-04    0.000E+00    0.000E+00
     3.244     0.496    0.320E+00    0.951E-01    0.617E-01    0.188E-02    0.189E-02    0.799E-03    0.799E-03    0.766E-04    0.766E-04    0.000E+00    0.000E+00
     3.244     0.497    0.318E+00    0.943E-01    0.612E-01    0.185E-02    0.186E-02    0.787E-03    0.787E-03    0.754E-04    0.754E-04    0.000E+00    0.000E+00
     3.244     0.498    0.317E+00    0.936E-01    0.606E-01    0.182E-02    0.183E-02    0.775E-03    0.775E-03    0.742E-04    0.742E-04    0.000E+00    0.000E+00
     3.244     0.499    0.315E+00    0.928E-01    0.600E-01    0.180E-02    0.180E-02    0.763E-03    0.763E-03    0.730E-04    0.730E-04    0.000E+00    0.000E+00
     3.244     0.500    0.314E+00    0.920E-01    0.594E-01    0.177E-02    0.177E-02    0.751E-03    0.751E-03    0.718E-04    0.718E-04    0.000E+00    0.000E+00
     3.244     0.501    0.312E+00    0.913E-01    0.589E-01    0.174E-02    0.174E-02    0.739E-03    0.739E-03    0.707E-04    0.707E-04    0.000E+00    0.000E+00
     3.244     0.502    0.311E+00    0.905E-01    0.583E-01    0.171E-02    0.172E-02    0.727E-03    0.727E-03    0.695E-04    0.695E-04    0.000E+00    0.000E+00
     3.244     0.503    0.309E+00    0.898E-01    0.578E-01    0.169E-02    0.169E-02    0.716E-03    0.716E-03    0.684E-04    0.684E-04    0.000E+00    0.000E+00
     3.244     0.504    0.307E+00    0.890E-01    0.572E-01    0.166E-02    0.166E-02    0.705E-03    0.705E-03    0.673E-04    0.673E-04    0.000E+00    0.000E+00
     3.244     0.505    0.306E+00    0.883E-01    0.567E-01    0.163E-02    0.164E-02    0.693E-03    0.693E-03    0.662E-04    0.662E-04    0.000E+00    0.000E+00
     3.244     0.506    0.304E+00    0.876E-01    0.561E-01    0.161E-02    0.161E-02    0.682E-03    0.682E-03    0.651E-04    0.651E-04    0.000E+00    0.000E+00
     3.244     0.507    0.303E+00    0.868E-01    0.556E-01    0.158E-02    0.158E-02    0.672E-03    0.672E-03    0.641E-04    0.641E-04    0.000E+00    0.000E+00
     3.244     0.508    0.301E+00    0.861E-01    0.550E-01    0.156E-02    0.156E-02    0.661E-03    0.661E-03    0.630E-04    0.630E-04    0.000E+00    0.000E+00
     3.244     0.509    0.300E+00    0.854E-01    0.545E-01    0.153E-02    0.153E-02    0.650E-03    0.650E-03    0.620E-04    0.620E-04    0.000E+00    0.000E+00
     3.244     0.510    0.298E+00    0.846E-01    0.540E-01    0.151E-02    0.151E-02    0.640E-03    0.640E-03    0.610E-04    0.610E-04    0.000E+00    0.000E+00
     3.244     0.511    0.297E+00    0.839E-01    0.534E-01    0.148E-02    0.149E-02    0.630E-03    0.630E-03    0.599E-04    0.599E-04    0.000E+00    0.000E+00
     3.244     0.512    0.295E+00    0.832E-01    0.529E-01    0.146E-02    0.146E-02    0.620E-03    0.620E-03    0.589E-04    0.589E-04    0.000E+00    0.000E+00
     3.244     0.513    0.293E+00    0.825E-01    0.524E-01    0.144E-02    0.144E-02    0.610E-03    0.610E-03    0.580E-04    0.580E-04    0.000E+00    0.000E+00
     3.244     0.514    0.292E+00    0.818E-01    0.519E-01    0.141E-02    0.141E-02    0.600E-03    0.600E-03    0.570E-04    0.570E-04    0.000E+00    0.000E+00
     3.244     0.515    0.290E+00    0.811E-01    0.514E-01    0.139E-02    0.139E-02    0.590E-03    0.590E-03    0.560E-04    0.560E-04    0.000E+00    0.000E+00
     3.244     0.516    0.289E+00    0.804E-01    0.509E-01    0.137E-02    0.137E-02    0.581E-03    0.581E-03    0.551E-04    0.551E-04    0.000E+00    0.000E+00
     3.244     0.517    0.287E+00    0.797E-01    0.503E-01    0.135E-02    0.135E-02    0.571E-03    0.571E-03    0.542E-04    0.542E-04    0.000E+00    0.000E+00
     3.244     0.518    0.286E+00    0.790E-01    0.498E-01    0.132E-02    0.133E-02    0.562E-03    0.562E-03    0.533E-04    0.533E-04    0.000E+00    0.000E+00
     3.244     0.519    0.284E+00    0.783E-01    0.493E-01    0.130E-02    0.130E-02    0.553E-03    0.553E-03    0.523E-04    0.523E-04    0.000E+00    0.000E+00
     3.244     0.520    0.283E+00    0.776E-01    0.489E-01    0.128E-02    0.128E-02    0.544E-03    0.544E-03    0.515E-04    0.515E-04    0.000E+00    0.000E+00
     3.244     0.521    0.281E+00    0.769E-01    0.484E-01    0.126E-02    0.126E-02    0.535E-03    0.535E-03    0.506E-04    0.506E-04    0.000E+00    0.000E+00
     3.244     0.522    0.280E+00    0.763E-01    0.479E-01    0.124E-02    0.124E-02    0.526E-03    0.526E-03    0.497E-04    0.497E-04    0.000E+00    0.000E+00
     3.244     0.523    0.278E+00    0.756E-01    0.474E-01    0.122E-02    0.122E-02    0.517E-03    0.517E-03    0.488E-04    0.488E-04    0.000E+00    0.000E+00
     3.244     0.524    0.277E+00    0.749E-01    0.469E-01    0.120E-02    0.120E-02    0.509E-03    0.509E-03    0.480E-04    0.480E-04    0.000E+00    0.000E+00
     3.244     0.525    0.275E+00    0.742E-01    0.464E-01    0.118E-02    0.118E-02    0.500E-03    0.500E-03    0.472E-04    0.472E-04    0.000E+00    0.000E+00
     3.244     0.526    0.274E+00    0.736E-01    0.459E-01    0.116E-02    0.116E-02    0.492E-03    0.492E-03    0.463E-04    0.463E-04    0.000E+00    0.000E+00
     3.244     0.527    0.272E+00    0.729E-01    0.455E-01    0.114E-02    0.114E-02    0.484E-03    0.484E-03    0.455E-04    0.455E-04    0.000E+00    0.000E+00
     3.244     0.528    0.271E+00    0.723E-01    0.450E-01    0.112E-02    0.112E-02    0.475E-03    0.475E-03    0.447E-04    0.447E-04    0.000E+00    0.000E+00
     3.244     0.529    0.269E+00    0.716E-01    0.445E-01    0.110E-02    0.110E-02    0.468E-03    0.468E-03    0.439E-04    0.439E-04    0.000E+00    0.000E+00
     3.244     0.530    0.268E+00    0.710E-01    0.441E-01    0.108E-02    0.108E-02    0.460E-03    0.460E-03    0.432E-04    0.432E-04    0.000E+00    0.000E+00
     3.244     0.531    0.266E+00    0.703E-01    0.436E-01    0.107E-02    0.107E-02    0.452E-03    0.452E-03    0.424E-04    0.424E-04    0.000E+00    0.000E+00
     3.244     0.532    0.265E+00    0.697E-01    0.432E-01    0.105E-02    0.105E-02    0.444E-03    0.444E-03    0.417E-04    0.417E-04    0.000E+00    0.000E+00
     3.244     0.533    0.263E+00    0.690E-01    0.427E-01    0.103E-02    0.103E-02    0.437E-03    0.437E-03    0.409E-04    0.409E-04    0.000E+00    0.000E+00
     3.244     0.534    0.262E+00    0.684E-01    0.423E-01    0.101E-02    0.101E-02    0.429E-03    0.429E-03    0.402E-04    0.402E-04    0.000E+00    0.000E+00
     3.244     0.535    0.260E+00    0.678E-01    0.418E-01    0.996E-03    0.996E-03    0.422E-03    0.422E-03    0.395E-04    0.395E-04    0.000E+00    0.000E+00
     3.244     0.536    0.259E+00    0.671E-01    0.414E-01    0.979E-03    0.979E-03    0.415E-03    0.415E-03    0.387E-04    0.387E-04    0.000E+00    0.000E+00
     3.244     0.537    0.257E+00    0.665E-01    0.409E-01    0.962E-03    0.963E-03    0.408E-03    0.408E-03    0.380E-04    0.380E-04    0.000E+00    0.000E+00
     3.244     0.538    0.256E+00    0.659E-01    0.405E-01    0.946E-03    0.946E-03    0.401E-03    0.401E-03    0.374E-04    0.374E-04    0.000E+00    0.000E+00
     3.244     0.539    0.254E+00    0.653E-01    0.401E-01    0.930E-03    0.930E-03    0.394E-03    0.394E-03    0.367E-04    0.367E-04    0.000E+00    0.000E+00
     3.244     0.540    0.253E+00    0.647E-01    0.396E-01    0.914E-03    0.914E-03    0.387E-03    0.387E-03    0.360E-04    0.360E-04    0.000E+00    0.000E+00
     3.244     0.541    0.251E+00    0.641E-01    0.392E-01    0.898E-03    0.899E-03    0.381E-03    0.381E-03    0.354E-04    0.354E-04    0.000E+00    0.000E+00
     3.244     0.542    0.250E+00    0.635E-01    0.388E-01    0.883E-03    0.883E-03    0.374E-03    0.374E-03    0.347E-04    0.347E-04    0.000E+00    0.000E+00
     3.244     0.543    0.248E+00    0.629E-01    0.384E-01    0.868E-03    0.868E-03    0.368E-03    0.368E-03    0.341E-04    0.341E-04    0.000E+00    0.000E+00
     3.244     0.544    0.247E+00    0.623E-01    0.379E-01    0.853E-03    0.853E-03    0.361E-03    0.361E-03    0.334E-04    0.334E-04    0.000E+00    0.000E+00
     3.244     0.545    0.245E+00    0.617E-01    0.375E-01    0.838E-03    0.838E-03    0.355E-03    0.355E-03    0.328E-04    0.328E-04    0.000E+00    0.000E+00
     3.244     0.546    0.244E+00    0.611E-01    0.371E-01    0.823E-03    0.823E-03    0.349E-03    0.349E-03    0.322E-04    0.322E-04    0.000E+00    0.000E+00
     3.244     0.547    0.243E+00    0.605E-01    0.367E-01    0.809E-03    0.809E-03    0.342E-03    0.342E-03    0.316E-04    0.316E-04    0.000E+00    0.000E+00
     3.244     0.548    0.241E+00    0.599E-01    0.363E-01    0.795E-03    0.795E-03    0.336E-03    0.336E-03    0.310E-04    0.310E-04    0.000E+00    0.000E+00
     3.244     0.549    0.240E+00    0.593E-01    0.359E-01    0.781E-03    0.781E-03    0.331E-03    0.331E-03    0.304E-04    0.304E-04    0.000E+00    0.000E+00
     3.244     0.550    0.238E+00    0.588E-01    0.355E-01    0.767E-03    0.767E-03    0.325E-03    0.325E-03    0.298E-04    0.298E-04    0.000E+00    0.000E+00
     3.244     0.551    0.237E+00    0.582E-01    0.351E-01    0.753E-03    0.754E-03    0.319E-03    0.319E-03    0.293E-04    0.293E-04    0.000E+00    0.000E+00
     3.244     0.552    0.235E+00    0.576E-01    0.347E-01    0.740E-03    0.740E-03    0.313E-03    0.313E-03    0.287E-04    0.287E-04    0.000E+00    0.000E+00
     3.244     0.553    0.234E+00    0.571E-01    0.343E-01    0.727E-03    0.727E-03    0.308E-03    0.308E-03    0.282E-04    0.282E-04    0.000E+00    0.000E+00
     3.244     0.554    0.233E+00    0.565E-01    0.340E-01    0.714E-03    0.714E-03    0.302E-03    0.302E-03    0.276E-04    0.276E-04    0.000E+00    0.000E+00
     3.244     0.555    0.231E+00    0.560E-01    0.336E-01    0.701E-03    0.701E-03    0.297E-03    0.297E-03    0.271E-04    0.271E-04    0.000E+00    0.000E+00
     3.244     0.556    0.230E+00    0.554E-01    0.332E-01    0.689E-03    0.689E-03    0.291E-03    0.291E-03    0.266E-04    0.266E-04    0.000E+00    0.000E+00
     3.244     0.557    0.228E+00    0.549E-01    0.328E-01    0.677E-03    0.677E-03    0.286E-03    0.286E-03    0.260E-04    0.260E-04    0.000E+00    0.000E+00
     3.244     0.558    0.227E+00    0.543E-01    0.324E-01    0.664E-03    0.665E-03    0.281E-03    0.281E-03    0.255E-04    0.255E-04    0.000E+00    0.000E+00
     3.244     0.559    0.225E+00    0.538E-01    0.321E-01    0.653E-03    0.653E-03    0.276E-03    0.276E-03    0.250E-04    0.250E-04    0.000E+00    0.000E+00
     3.244     0.560    0.224E+00    0.532E-01    0.317E-01    0.641E-03    0.641E-03    0.271E-03    0.271E-03    0.245E-04    0.245E-04    0.000E+00    0.000E+00
     3.244     0.561    0.223E+00    0.527E-01    0.313E-01    0.629E-03    0.629E-03    0.266E-03    0.266E-03    0.241E-04    0.241E-04    0.000E+00    0.000E+00
     3.244     0.562    0.221E+00    0.522E-01    0.310E-01    0.618E-03    0.618E-03    0.261E-03    0.261E-03    0.236E-04    0.236E-04    0.000E+00    0.000E+00
     3.244     0.563    0.220E+00    0.516E-01    0.306E-01    0.607E-03    0.607E-03    0.257E-03    0.257E-03    0.231E-04    0.231E-04    0.000E+00    0.000E+00
     3.244     0.564    0.219E+00    0.511E-01    0.303E-01    0.596E-03    0.596E-03    0.252E-03    0.252E-03    0.227E-04    0.227E-04    0.000E+00    0.000E+00
     3.244     0.565    0.217E+00    0.506E-01    0.299E-01    0.585E-03    0.585E-03    0.247E-03    0.247E-03    0.222E-04    0.222E-04    0.000E+00    0.000E+00
     3.244     0.566    0.216E+00    0.501E-01    0.296E-01    0.574E-03    0.574E-03    0.243E-03    0.243E-03    0.218E-04    0.218E-04    0.000E+00    0.000E+00
     3.244     0.567    0.214E+00    0.496E-01    0.292E-01    0.564E-03    0.564E-03    0.238E-03    0.238E-03    0.213E-04    0.213E-04    0.000E+00    0.000E+00
     3.244     0.568    0.213E+00    0.491E-01    0.289E-01    0.553E-03    0.553E-03    0.234E-03    0.234E-03    0.209E-04    0.209E-04    0.000E+00    0.000E+00
     3.244     0.569    0.212E+00    0.486E-01    0.285E-01    0.543E-03    0.543E-03    0.229E-03    0.229E-03    0.205E-04    0.205E-04    0.000E+00    0.000E+00
     3.244     0.570    0.210E+00    0.481E-01    0.282E-01    0.533E-03    0.533E-03    0.225E-03    0.225E-03    0.200E-04    0.200E-04    0.000E+00    0.000E+00
     3.244     0.571    0.209E+00    0.476E-01    0.279E-01    0.523E-03    0.523E-03    0.221E-03    0.221E-03    0.196E-04    0.196E-04    0.000E+00    0.000E+00
     3.244     0.572    0.208E+00    0.471E-01    0.275E-01    0.513E-03    0.513E-03    0.217E-03    0.217E-03    0.192E-04    0.192E-04    0.000E+00    0.000E+00
     3.244     0.573    0.206E+00    0.466E-01    0.272E-01    0.504E-03    0.504E-03    0.213E-03    0.213E-03    0.188E-04    0.188E-04    0.000E+00    0.000E+00
     3.244     0.574    0.205E+00    0.461E-01    0.269E-01    0.494E-03    0.494E-03    0.209E-03    0.209E-03    0.184E-04    0.184E-04    0.000E+00    0.000E+00
     3.244     0.575    0.204E+00    0.456E-01    0.266E-01    0.485E-03    0.485E-03    0.205E-03    0.205E-03    0.181E-04    0.181E-04    0.000E+00    0.000E+00
     3.244     0.576    0.202E+00    0.451E-01    0.262E-01    0.476E-03    0.476E-03    0.201E-03    0.201E-03    0.177E-04    0.177E-04    0.000E+00    0.000E+00
     3.244     0.577    0.201E+00    0.447E-01    0.259E-01    0.467E-03    0.467E-03    0.197E-03    0.197E-03    0.173E-04    0.173E-04    0.000E+00    0.000E+00
     3.244     0.578    0.200E+00    0.442E-01    0.256E-01    0.458E-03    0.458E-03    0.193E-03    0.193E-03    0.169E-04    0.169E-04    0.000E+00    0.000E+00
     3.244     0.579    0.198E+00    0.437E-01    0.253E-01    0.449E-03    0.450E-03    0.190E-03    0.190E-03    0.166E-04    0.166E-04    0.000E+00    0.000E+00
     3.244     0.580    0.197E+00    0.433E-01    0.250E-01    0.441E-03    0.441E-03    0.186E-03    0.186E-03    0.162E-04    0.162E-04    0.000E+00    0.000E+00
     3.244     0.581    0.196E+00    0.428E-01    0.247E-01    0.433E-03    0.433E-03    0.183E-03    0.183E-03    0.159E-04    0.159E-04    0.000E+00    0.000E+00
     3.244     0.582    0.194E+00    0.423E-01    0.244E-01    0.424E-03    0.424E-03    0.179E-03    0.179E-03    0.155E-04    0.155E-04    0.000E+00    0.000E+00
     3.244     0.583    0.193E+00    0.419E-01    0.241E-01    0.416E-03    0.416E-03    0.176E-03    0.176E-03    0.152E-04    0.152E-04    0.000E+00    0.000E+00
     3.244     0.584    0.192E+00    0.414E-01    0.238E-01    0.408E-03    0.408E-03    0.172E-03    0.172E-03    0.149E-04    0.149E-04    0.000E+00    0.000E+00
     3.244     0.585    0.191E+00    0.410E-01    0.235E-01    0.401E-03    0.401E-03    0.169E-03    0.169E-03    0.146E-04    0.146E-04    0.000E+00    0.000E+00
     3.244     0.586    0.189E+00    0.406E-01    0.232E-01    0.393E-03    0.393E-03    0.166E-03    0.166E-03    0.142E-04    0.142E-04    0.000E+00    0.000E+00
     3.244     0.587    0.188E+00    0.401E-01    0.229E-01    0.385E-03    0.385E-03    0.162E-03    0.162E-03    0.139E-04    0.139E-04    0.000E+00    0.000E+00
     3.244     0.588    0.187E+00    0.397E-01    0.226E-01    0.378E-03    0.378E-03    0.159E-03    0.159E-03    0.136E-04    0.136E-04    0.000E+00    0.000E+00
     3.244     0.589    0.185E+00    0.392E-01    0.223E-01    0.370E-03    0.370E-03    0.156E-03    0.156E-03    0.133E-04    0.133E-04    0.000E+00    0.000E+00
     3.244     0.590    0.184E+00    0.388E-01    0.221E-01    0.363E-03    0.363E-03    0.153E-03    0.153E-03    0.130E-04    0.130E-04    0.000E+00    0.000E+00
     3.244     0.591    0.183E+00    0.384E-01    0.218E-01    0.356E-03    0.356E-03    0.150E-03    0.150E-03    0.127E-04    0.127E-04    0.000E+00    0.000E+00
     3.244     0.592    0.182E+00    0.380E-01    0.215E-01    0.349E-03    0.349E-03    0.147E-03    0.147E-03    0.124E-04    0.124E-04    0.000E+00    0.000E+00
     3.244     0.593    0.180E+00    0.375E-01    0.212E-01    0.342E-03    0.342E-03    0.144E-03    0.144E-03    0.122E-04    0.122E-04    0.000E+00    0.000E+00
     3.244     0.594    0.179E+00    0.371E-01    0.209E-01    0.335E-03    0.335E-03    0.141E-03    0.141E-03    0.119E-04    0.119E-04    0.000E+00    0.000E+00
     3.244     0.595    0.178E+00    0.367E-01    0.207E-01    0.329E-03    0.329E-03    0.138E-03    0.138E-03    0.116E-04    0.116E-04    0.000E+00    0.000E+00
     3.244     0.596    0.177E+00    0.363E-01    0.204E-01    0.322E-03    0.322E-03    0.136E-03    0.136E-03    0.114E-04    0.114E-04    0.000E+00    0.000E+00
     3.244     0.597    0.175E+00    0.359E-01    0.201E-01    0.316E-03    0.316E-03    0.133E-03    0.133E-03    0.111E-04    0.111E-04    0.000E+00    0.000E+00
     3.244     0.598    0.174E+00    0.355E-01    0.199E-01    0.310E-03    0.310E-03    0.130E-03    0.130E-03    0.108E-04    0.108E-04    0.000E+00    0.000E+00
     3.244     0.599    0.173E+00    0.351E-01    0.196E-01    0.303E-03    0.303E-03    0.128E-03    0.128E-03    0.106E-04    0.106E-04    0.000E+00    0.000E+00
     3.244     0.600    0.172E+00    0.347E-01    0.194E-01    0.297E-03    0.297E-03    0.125E-03    0.125E-03    0.103E-04    0.103E-04    0.000E+00    0.000E+00
     3.244     0.601    0.170E+00    0.343E-01    0.191E-01    0.291E-03    0.291E-03    0.123E-03    0.123E-03    0.101E-04    0.101E-04    0.000E+00    0.000E+00
     3.244     0.602    0.169E+00    0.339E-01    0.189E-01    0.286E-03    0.286E-03    0.120E-03    0.120E-03    0.987E-05    0.987E-05    0.000E+00    0.000E+00
     3.244     0.603    0.168E+00    0.335E-01    0.186E-01    0.280E-03    0.280E-03    0.118E-03    0.118E-03    0.964E-05    0.964E-05    0.000E+00    0.000E+00
     3.244     0.604    0.167E+00    0.331E-01    0.184E-01    0.274E-03    0.274E-03    0.115E-03    0.115E-03    0.941E-05    0.941E-05    0.000E+00    0.000E+00
     3.244     0.605    0.166E+00    0.328E-01    0.181E-01    0.269E-03    0.269E-03    0.113E-03    0.113E-03    0.919E-05    0.919E-05    0.000E+00    0.000E+00
     3.244     0.606    0.164E+00    0.324E-01    0.179E-01    0.263E-03    0.263E-03    0.111E-03    0.111E-03    0.897E-05    0.897E-05    0.000E+00    0.000E+00
     3.244     0.607    0.163E+00    0.320E-01    0.176E-01    0.258E-03    0.258E-03    0.108E-03    0.108E-03    0.875E-05    0.875E-05    0.000E+00    0.000E+00
     3.244     0.608    0.162E+00    0.316E-01    0.174E-01    0.253E-03    0.253E-03    0.106E-03    0.106E-03    0.854E-05    0.854E-05    0.000E+00    0.000E+00
     3.244     0.609    0.161E+00    0.313E-01    0.172E-01    0.247E-03    0.247E-03    0.104E-03    0.104E-03    0.834E-05    0.834E-05    0.000E+00    0.000E+00
     3.244     0.610    0.160E+00    0.309E-01    0.169E-01    0.242E-03    0.242E-03    0.102E-03    0.102E-03    0.813E-05    0.813E-05    0.000E+00    0.000E+00
     3.244     0.611    0.158E+00    0.306E-01    0.167E-01    0.237E-03    0.237E-03    0.997E-04    0.997E-04    0.793E-05    0.793E-05    0.000E+00    0.000E+00
     3.244     0.612    0.157E+00    0.302E-01    0.165E-01    0.232E-03    0.232E-03    0.976E-04    0.976E-04    0.774E-05    0.774E-05    0.000E+00    0.000E+00
     3.244     0.613    0.156E+00    0.298E-01    0.163E-01    0.228E-03    0.228E-03    0.955E-04    0.955E-04    0.755E-05    0.755E-05    0.000E+00    0.000E+00
     3.244     0.614    0.155E+00    0.295E-01    0.160E-01    0.223E-03    0.223E-03    0.935E-04    0.935E-04    0.736E-05    0.736E-05    0.000E+00    0.000E+00
     3.244     0.615    0.154E+00    0.291E-01    0.158E-01    0.218E-03    0.218E-03    0.916E-04    0.916E-04    0.717E-05    0.717E-05    0.000E+00    0.000E+00
     3.244     0.616    0.153E+00    0.288E-01    0.156E-01    0.214E-03    0.214E-03    0.896E-04    0.896E-04    0.699E-05    0.699E-05    0.000E+00    0.000E+00
     3.244     0.617    0.151E+00    0.285E-01    0.154E-01    0.209E-03    0.209E-03    0.877E-04    0.877E-04    0.682E-05    0.682E-05    0.000E+00    0.000E+00
     3.244     0.618    0.150E+00    0.281E-01    0.152E-01    0.205E-03    0.205E-03    0.858E-04    0.858E-04    0.664E-05    0.664E-05    0.000E+00    0.000E+00
     3.244     0.619    0.149E+00    0.278E-01    0.150E-01    0.200E-03    0.200E-03    0.840E-04    0.840E-04    0.647E-05    0.647E-05    0.000E+00    0.000E+00
     3.244     0.620    0.148E+00    0.275E-01    0.148E-01    0.196E-03    0.196E-03    0.822E-04    0.822E-04    0.631E-05    0.631E-05    0.000E+00    0.000E+00
     3.244     0.621    0.147E+00    0.271E-01    0.145E-01    0.192E-03    0.192E-03    0.805E-04    0.805E-04    0.614E-05    0.614E-05    0.000E+00    0.000E+00
     3.244     0.622    0.146E+00    0.268E-01    0.143E-01    0.188E-03    0.188E-03    0.787E-04    0.787E-04    0.598E-05    0.598E-05    0.000E+00    0.000E+00
     3.244     0.623    0.145E+00    0.265E-01    0.141E-01    0.184E-03    0.184E-03    0.770E-04    0.770E-04    0.583E-05    0.583E-05    0.000E+00    0.000E+00
     3.244     0.624    0.143E+00    0.262E-01    0.139E-01    0.180E-03    0.180E-03    0.754E-04    0.754E-04    0.568E-05    0.568E-05    0.000E+00    0.000E+00
     3.244     0.625    0.142E+00    0.258E-01    0.137E-01    0.176E-03    0.176E-03    0.738E-04    0.738E-04    0.553E-05    0.553E-05    0.000E+00    0.000E+00
     3.244     0.626    0.141E+00    0.255E-01    0.135E-01    0.172E-03    0.172E-03    0.722E-04    0.722E-04    0.538E-05    0.538E-05    0.000E+00    0.000E+00
     3.244     0.627    0.140E+00    0.252E-01    0.133E-01    0.169E-03    0.169E-03    0.706E-04    0.706E-04    0.524E-05    0.524E-05    0.000E+00    0.000E+00
     3.244     0.628    0.139E+00    0.249E-01    0.132E-01    0.165E-03    0.165E-03    0.691E-04    0.691E-04    0.510E-05    0.510E-05    0.000E+00    0.000E+00
     3.244     0.629    0.138E+00    0.246E-01    0.130E-01    0.161E-03    0.161E-03    0.675E-04    0.675E-04    0.496E-05    0.496E-05    0.000E+00    0.000E+00
     3.244     0.630    0.137E+00    0.243E-01    0.128E-01    0.158E-03    0.158E-03    0.661E-04    0.661E-04    0.483E-05    0.483E-05    0.000E+00    0.000E+00
     3.244     0.631    0.136E+00    0.240E-01    0.126E-01    0.154E-03    0.154E-03    0.646E-04    0.646E-04    0.470E-05    0.470E-05    0.000E+00    0.000E+00
     3.244     0.632    0.135E+00    0.237E-01    0.124E-01    0.151E-03    0.151E-03    0.632E-04    0.632E-04    0.457E-05    0.457E-05    0.000E+00    0.000E+00
     3.244     0.633    0.134E+00    0.234E-01    0.122E-01    0.148E-03    0.148E-03    0.618E-04    0.618E-04    0.444E-05    0.444E-05    0.000E+00    0.000E+00
     3.244     0.634    0.133E+00    0.231E-01    0.121E-01    0.144E-03    0.144E-03    0.604E-04    0.604E-04    0.432E-05    0.432E-05    0.000E+00    0.000E+00
     3.244     0.635    0.131E+00    0.228E-01    0.119E-01    0.141E-03    0.141E-03    0.590E-04    0.590E-04    0.420E-05    0.420E-05    0.000E+00    0.000E+00
     3.244     0.636    0.130E+00    0.225E-01    0.117E-01    0.138E-03    0.138E-03    0.577E-04    0.577E-04    0.408E-05    0.408E-05    0.000E+00    0.000E+00
     3.244     0.637    0.129E+00    0.222E-01    0.115E-01    0.135E-03    0.135E-03    0.564E-04    0.564E-04    0.396E-05    0.396E-05    0.000E+00    0.000E+00
     3.244     0.638    0.128E+00    0.220E-01    0.114E-01    0.132E-03    0.132E-03    0.551E-04    0.551E-04    0.385E-05    0.385E-05    0.000E+00    0.000E+00
     3.244     0.639    0.127E+00    0.217E-01    0.112E-01    0.129E-03    0.129E-03    0.539E-04    0.539E-04    0.374E-05    0.374E-05    0.000E+00    0.000E+00
     3.244     0.640    0.126E+00    0.214E-01    0.110E-01    0.126E-03    0.126E-03    0.526E-04    0.526E-04    0.363E-05    0.363E-05    0.000E+00    0.000E+00
     3.244     0.641    0.125E+00    0.211E-01    0.108E-01    0.123E-03    0.123E-03    0.514E-04    0.514E-04    0.352E-05    0.352E-05    0.000E+00    0.000E+00
     3.244     0.642    0.124E+00    0.209E-01    0.107E-01    0.121E-03    0.121E-03    0.503E-04    0.503E-04    0.342E-05    0.342E-05    0.000E+00    0.000E+00
     3.244     0.643    0.123E+00    0.206E-01    0.105E-01    0.118E-03    0.118E-03    0.491E-04    0.491E-04    0.332E-05    0.332E-05    0.000E+00    0.000E+00
     3.244     0.644    0.122E+00    0.203E-01    0.104E-01    0.115E-03    0.115E-03    0.480E-04    0.480E-04    0.322E-05    0.322E-05    0.000E+00    0.000E+00
     3.244     0.645    0.121E+00    0.201E-01    0.102E-01    0.113E-03    0.113E-03    0.469E-04    0.469E-04    0.313E-05    0.313E-05    0.000E+00    0.000E+00
     3.244     0.646    0.120E+00    0.198E-01    0.100E-01    0.110E-03    0.110E-03    0.458E-04    0.458E-04    0.303E-05    0.303E-05    0.000E+00    0.000E+00
     3.244     0.647    0.119E+00    0.196E-01    0.989E-02    0.107E-03    0.107E-03    0.447E-04    0.447E-04    0.294E-05    0.294E-05    0.000E+00    0.000E+00
     3.244     0.648    0.118E+00    0.193E-01    0.974E-02    0.105E-03    0.105E-03    0.437E-04    0.437E-04    0.285E-05    0.285E-05    0.000E+00    0.000E+00
     3.244     0.649    0.117E+00    0.191E-01    0.959E-02    0.103E-03    0.103E-03    0.427E-04    0.427E-04    0.277E-05    0.277E-05    0.000E+00    0.000E+00
     3.244     0.650    0.116E+00    0.188E-01    0.944E-02    0.100E-03    0.100E-03    0.417E-04    0.417E-04    0.268E-05    0.268E-05    0.000E+00    0.000E+00
     3.244     0.651    0.115E+00    0.186E-01    0.930E-02    0.979E-04    0.979E-04    0.407E-04    0.407E-04    0.260E-05    0.260E-05    0.000E+00    0.000E+00
     3.244     0.652    0.114E+00    0.183E-01    0.915E-02    0.957E-04    0.957E-04    0.398E-04    0.398E-04    0.252E-05    0.252E-05    0.000E+00    0.000E+00
     3.244     0.653    0.113E+00    0.181E-01    0.901E-02    0.934E-04    0.934E-04    0.388E-04    0.388E-04    0.244E-05    0.244E-05    0.000E+00    0.000E+00
     3.244     0.654    0.112E+00    0.178E-01    0.887E-02    0.912E-04    0.912E-04    0.379E-04    0.379E-04    0.236E-05    0.236E-05    0.000E+00    0.000E+00
     3.244     0.655    0.111E+00    0.176E-01    0.872E-02    0.891E-04    0.891E-04    0.370E-04    0.370E-04    0.228E-05    0.228E-05    0.000E+00    0.000E+00
     3.244     0.656    0.110E+00    0.174E-01    0.859E-02    0.870E-04    0.870E-04    0.361E-04    0.361E-04    0.221E-05    0.221E-05    0.000E+00    0.000E+00
     3.244     0.657    0.109E+00    0.171E-01    0.845E-02    0.849E-04    0.849E-04    0.352E-04    0.352E-04    0.214E-05    0.214E-05    0.000E+00    0.000E+00
     3.244     0.658    0.108E+00    0.169E-01    0.831E-02    0.829E-04    0.829E-04    0.344E-04    0.344E-04    0.207E-05    0.207E-05    0.000E+00    0.000E+00
     3.244     0.659    0.107E+00    0.167E-01    0.818E-02    0.809E-04    0.809E-04    0.336E-04    0.336E-04    0.200E-05    0.200E-05    0.000E+00    0.000E+00
     3.244     0.660    0.106E+00    0.165E-01    0.805E-02    0.790E-04    0.790E-04    0.327E-04    0.327E-04    0.193E-05    0.193E-05    0.000E+00    0.000E+00
     3.244     0.661    0.105E+00    0.162E-01    0.792E-02    0.771E-04    0.771E-04    0.320E-04    0.320E-04    0.187E-05    0.187E-05    0.000E+00    0.000E+00
     3.244     0.662    0.104E+00    0.160E-01    0.779E-02    0.752E-04    0.752E-04    0.312E-04    0.312E-04    0.180E-05    0.180E-05    0.000E+00    0.000E+00
     3.244     0.663    0.103E+00    0.158E-01    0.766E-02    0.734E-04    0.734E-04    0.304E-04    0.304E-04    0.174E-05    0.174E-05    0.000E+00    0.000E+00
     3.244     0.664    0.103E+00    0.156E-01    0.754E-02    0.716E-04    0.716E-04    0.297E-04    0.297E-04    0.168E-05    0.168E-05    0.000E+00    0.000E+00
     3.244     0.665    0.102E+00    0.154E-01    0.742E-02    0.699E-04    0.699E-04    0.289E-04    0.289E-04    0.162E-05    0.162E-05    0.000E+00    0.000E+00
     3.244     0.666    0.101E+00    0.152E-01    0.729E-02    0.682E-04    0.682E-04    0.282E-04    0.282E-04    0.156E-05    0.156E-05    0.000E+00    0.000E+00
     3.244     0.667    0.998E-01    0.150E-01    0.717E-02    0.665E-04    0.665E-04    0.275E-04    0.275E-04    0.151E-05    0.151E-05    0.000E+00    0.000E+00
     3.244     0.668    0.988E-01    0.148E-01    0.705E-02    0.649E-04    0.649E-04    0.268E-04    0.268E-04    0.145E-05    0.145E-05    0.000E+00    0.000E+00
     3.244     0.669    0.979E-01    0.146E-01    0.694E-02    0.633E-04    0.633E-04    0.262E-04    0.262E-04    0.140E-05    0.140E-05    0.000E+00    0.000E+00
     3.244     0.670    0.970E-01    0.144E-01    0.682E-02    0.618E-04    0.618E-04    0.255E-04    0.255E-04    0.135E-05    0.135E-05    0.000E+00    0.000E+00
     3.244     0.671    0.961E-01    0.142E-01    0.671E-02    0.603E-04    0.603E-04    0.249E-04    0.249E-04    0.130E-05    0.130E-05    0.000E+00    0.000E+00
     3.244     0.672    0.953E-01    0.140E-01    0.659E-02    0.588E-04    0.588E-04    0.243E-04    0.243E-04    0.125E-05    0.125E-05    0.000E+00    0.000E+00
     3.244     0.673    0.944E-01    0.138E-01    0.648E-02    0.573E-04    0.573E-04    0.237E-04    0.237E-04    0.121E-05    0.121E-05    0.000E+00    0.000E+00
     3.244     0.674    0.935E-01    0.136E-01    0.637E-02    0.559E-04    0.559E-04    0.231E-04    0.231E-04    0.116E-05    0.116E-05    0.000E+00    0.000E+00
     3.244     0.675    0.926E-01    0.134E-01    0.627E-02    0.545E-04    0.545E-04    0.225E-04    0.225E-04    0.112E-05    0.112E-05    0.000E+00    0.000E+00
     3.244     0.676    0.917E-01    0.132E-01    0.616E-02    0.532E-04    0.532E-04    0.219E-04    0.219E-04    0.107E-05    0.107E-05    0.000E+00    0.000E+00
     3.244     0.677    0.909E-01    0.130E-01    0.605E-02    0.518E-04    0.518E-04    0.213E-04    0.213E-04    0.103E-05    0.103E-05    0.000E+00    0.000E+00
     3.244     0.678    0.900E-01    0.128E-01    0.595E-02    0.505E-04    0.505E-04    0.208E-04    0.208E-04    0.987E-06    0.987E-06    0.000E+00    0.000E+00
     3.244     0.679    0.892E-01    0.126E-01    0.585E-02    0.492E-04    0.492E-04    0.202E-04    0.202E-04    0.947E-06    0.947E-06    0.000E+00    0.000E+00
     3.244     0.680    0.883E-01    0.125E-01    0.574E-02    0.479E-04    0.479E-04    0.197E-04    0.197E-04    0.907E-06    0.907E-06    0.000E+00    0.000E+00
     3.244     0.681    0.875E-01    0.123E-01    0.564E-02    0.467E-04    0.467E-04    0.192E-04    0.192E-04    0.869E-06    0.869E-06    0.000E+00    0.000E+00
     3.244     0.682    0.866E-01    0.121E-01    0.555E-02    0.455E-04    0.455E-04    0.187E-04    0.187E-04    0.832E-06    0.832E-06    0.000E+00    0.000E+00
     3.244     0.683    0.858E-01    0.119E-01    0.545E-02    0.443E-04    0.443E-04    0.182E-04    0.182E-04    0.796E-06    0.796E-06    0.000E+00    0.000E+00
     3.244     0.684    0.849E-01    0.118E-01    0.535E-02    0.432E-04    0.432E-04    0.177E-04    0.177E-04    0.761E-06    0.761E-06    0.000E+00    0.000E+00
     3.244     0.685    0.841E-01    0.116E-01    0.526E-02    0.421E-04    0.421E-04    0.173E-04    0.173E-04    0.727E-06    0.727E-06    0.000E+00    0.000E+00
     3.244     0.686    0.833E-01    0.114E-01    0.516E-02    0.410E-04    0.410E-04    0.168E-04    0.168E-04    0.695E-06    0.695E-06    0.000E+00    0.000E+00
     3.244     0.687    0.825E-01    0.113E-01    0.507E-02    0.399E-04    0.399E-04    0.164E-04    0.164E-04    0.663E-06    0.663E-06    0.000E+00    0.000E+00
     3.244     0.688    0.817E-01    0.111E-01    0.498E-02    0.388E-04    0.388E-04    0.159E-04    0.159E-04    0.632E-06    0.632E-06    0.000E+00    0.000E+00
     3.244     0.689    0.809E-01    0.109E-01    0.489E-02    0.378E-04    0.378E-04    0.155E-04    0.155E-04    0.603E-06    0.603E-06    0.000E+00    0.000E+00
     3.244     0.690    0.800E-01    0.108E-01    0.481E-02    0.368E-04    0.368E-04    0.151E-04    0.151E-04    0.574E-06    0.574E-06    0.000E+00    0.000E+00
     3.244     0.691    0.792E-01    0.106E-01    0.472E-02    0.359E-04    0.359E-04    0.147E-04    0.147E-04    0.546E-06    0.546E-06    0.000E+00    0.000E+00
     3.244     0.692    0.785E-01    0.105E-01    0.463E-02    0.349E-04    0.349E-04    0.143E-04    0.143E-04    0.519E-06    0.519E-06    0.000E+00    0.000E+00
     3.244     0.693    0.777E-01    0.103E-01    0.455E-02    0.340E-04    0.340E-04    0.139E-04    0.139E-04    0.493E-06    0.493E-06    0.000E+00    0.000E+00
     3.244     0.694    0.769E-01    0.102E-01    0.447E-02    0.331E-04    0.331E-04    0.135E-04    0.135E-04    0.468E-06    0.468E-06    0.000E+00    0.000E+00
     3.244     0.695    0.761E-01    0.100E-01    0.438E-02    0.322E-04    0.322E-04    0.131E-04    0.131E-04    0.444E-06    0.444E-06    0.000E+00    0.000E+00
     3.244     0.696    0.753E-01    0.987E-02    0.430E-02    0.313E-04    0.313E-04    0.128E-04    0.128E-04    0.420E-06    0.420E-06    0.000E+00    0.000E+00
     3.244     0.697    0.746E-01    0.973E-02    0.422E-02    0.305E-04    0.305E-04    0.124E-04    0.124E-04    0.398E-06    0.398E-06    0.000E+00    0.000E+00
     3.244     0.698    0.738E-01    0.958E-02    0.415E-02    0.297E-04    0.297E-04    0.121E-04    0.121E-04    0.376E-06    0.376E-06    0.000E+00    0.000E+00
     3.244     0.699    0.730E-01    0.944E-02    0.407E-02    0.289E-04    0.289E-04    0.118E-04    0.118E-04    0.354E-06    0.354E-06    0.000E+00    0.000E+00
     3.244     0.700    0.723E-01    0.930E-02    0.399E-02    0.281E-04    0.281E-04    0.114E-04    0.114E-04    0.332E-06    0.332E-06    0.000E+00    0.000E+00
     3.244     0.701    0.715E-01    0.916E-02    0.392E-02    0.273E-04    0.273E-04    0.111E-04    0.111E-04    0.311E-06    0.311E-06    0.000E+00    0.000E+00
     3.244     0.702    0.708E-01    0.902E-02    0.384E-02    0.265E-04    0.265E-04    0.108E-04    0.108E-04    0.290E-06    0.290E-06    0.000E+00    0.000E+00
     3.244     0.703    0.700E-01    0.889E-02    0.377E-02    0.258E-04    0.258E-04    0.105E-04    0.105E-04    0.271E-06    0.271E-06    0.000E+00    0.000E+00
     3.244     0.704    0.693E-01    0.875E-02    0.370E-02    0.251E-04    0.251E-04    0.102E-04    0.102E-04    0.252E-06    0.252E-06    0.000E+00    0.000E+00
     3.244     0.705    0.686E-01    0.862E-02    0.363E-02    0.244E-04    0.244E-04    0.990E-05    0.990E-05    0.234E-06    0.234E-06    0.000E+00    0.000E+00
     3.244     0.706    0.678E-01    0.849E-02    0.356E-02    0.237E-04    0.237E-04    0.961E-05    0.961E-05    0.216E-06    0.216E-06    0.000E+00    0.000E+00
     3.244     0.707    0.671E-01    0.836E-02    0.349E-02    0.230E-04    0.230E-04    0.934E-05    0.934E-05    0.200E-06    0.200E-06    0.000E+00    0.000E+00
     3.244     0.708    0.664E-01    0.823E-02    0.342E-02    0.224E-04    0.224E-04    0.907E-05    0.907E-05    0.184E-06    0.184E-06    0.000E+00    0.000E+00
     3.244     0.709    0.657E-01    0.811E-02    0.336E-02    0.218E-04    0.218E-04    0.880E-05    0.880E-05    0.168E-06    0.168E-06    0.000E+00    0.000E+00
     3.244     0.710    0.650E-01    0.798E-02    0.329E-02    0.211E-04    0.211E-04    0.855E-05    0.855E-05    0.154E-06    0.154E-06    0.000E+00    0.000E+00
     3.244     0.711    0.643E-01    0.786E-02    0.323E-02    0.205E-04    0.205E-04    0.830E-05    0.830E-05    0.140E-06    0.140E-06    0.000E+00    0.000E+00
     3.244     0.712    0.636E-01    0.774E-02    0.316E-02    0.199E-04    0.199E-04    0.806E-05    0.806E-05    0.126E-06    0.126E-06    0.000E+00    0.000E+00
     3.244     0.713    0.629E-01    0.762E-02    0.310E-02    0.194E-04    0.194E-04    0.782E-05    0.782E-05    0.114E-06    0.114E-06    0.000E+00    0.000E+00
     3.244     0.714    0.622E-01    0.750E-02    0.304E-02    0.188E-04    0.188E-04    0.759E-05    0.759E-05    0.101E-06    0.101E-06    0.000E+00    0.000E+00
     3.244     0.715    0.615E-01    0.739E-02    0.298E-02    0.183E-04    0.183E-04    0.737E-05    0.737E-05    0.901E-07    0.901E-07    0.000E+00    0.000E+00
     3.244     0.716    0.608E-01    0.727E-02    0.292E-02    0.178E-04    0.178E-04    0.715E-05    0.715E-05    0.793E-07    0.793E-07    0.000E+00    0.000E+00
     3.244     0.717    0.601E-01    0.716E-02    0.286E-02    0.172E-04    0.172E-04    0.694E-05    0.694E-05    0.691E-07    0.691E-07    0.000E+00    0.000E+00
     3.244     0.718    0.595E-01    0.705E-02    0.281E-02    0.167E-04    0.167E-04    0.674E-05    0.674E-05    0.596E-07    0.596E-07    0.000E+00    0.000E+00
     3.244     0.719    0.588E-01    0.694E-02    0.275E-02    0.163E-04    0.163E-04    0.654E-05    0.654E-05    0.506E-07    0.506E-07    0.000E+00    0.000E+00
     3.244     0.720    0.582E-01    0.683E-02    0.269E-02    0.158E-04    0.158E-04    0.634E-05    0.634E-05    0.423E-07    0.423E-07    0.000E+00    0.000E+00
     3.244     0.721    0.575E-01    0.672E-02    0.264E-02    0.153E-04    0.153E-04    0.615E-05    0.615E-05    0.348E-07    0.348E-07    0.000E+00    0.000E+00
     3.244     0.722    0.568E-01    0.661E-02    0.259E-02    0.149E-04    0.149E-04    0.596E-05    0.596E-05    0.287E-07    0.287E-07    0.000E+00    0.000E+00
     3.244     0.723    0.562E-01    0.651E-02    0.253E-02    0.144E-04    0.144E-04    0.578E-05    0.578E-05    0.233E-07    0.233E-07    0.000E+00    0.000E+00
     3.244     0.724    0.556E-01    0.640E-02    0.248E-02    0.140E-04    0.140E-04    0.560E-05    0.560E-05    0.184E-07    0.184E-07    0.000E+00    0.000E+00
     3.244     0.725    0.549E-01    0.630E-02    0.243E-02    0.136E-04    0.136E-04    0.543E-05    0.543E-05    0.140E-07    0.140E-07    0.000E+00    0.000E+00
     3.244     0.726    0.543E-01    0.620E-02    0.238E-02    0.132E-04    0.132E-04    0.526E-05    0.526E-05    0.101E-07    0.101E-07    0.000E+00    0.000E+00
     3.244     0.727    0.537E-01    0.610E-02    0.233E-02    0.128E-04    0.128E-04    0.509E-05    0.509E-05    0.667E-08    0.667E-08    0.000E+00    0.000E+00
     3.244     0.728    0.530E-01    0.600E-02    0.228E-02    0.124E-04    0.124E-04    0.493E-05    0.493E-05    0.372E-08    0.372E-08    0.000E+00    0.000E+00
     3.244     0.729    0.524E-01    0.591E-02    0.223E-02    0.120E-04    0.120E-04    0.478E-05    0.478E-05    0.120E-08    0.120E-08    0.000E+00    0.000E+00
     3.244     0.730    0.518E-01    0.581E-02    0.219E-02    0.116E-04    0.116E-04    0.462E-05    0.462E-05    0.000E+00    0.000E+00    0.000E+00    0.000E+00
     3.244     0.731    0.512E-01    0.572E-02    0.214E-02    0.113E-04    0.113E-04    0.448E-05    0.448E-05    0.000E+00    0.000E+00    0.000E+00    0.000E+00
     3.244     0.732    0.506E-01    0.563E-02    0.209E-02    0.109E-04    0.109E-04    0.434E-05    0.434E-05    0.000E+00    0.000E+00    0.000E+00    0.000E+00
     3.244     0.733    0.500E-01    0.553E-02    0.205E-02    0.106E-04    0.106E-04    0.420E-05    0.420E-05    0.000E+00    0.000E+00    0.000E+00    0.000E+00
     3.244     0.734    0.494E-01    0.544E-02    0.201E-02    0.102E-04    0.102E-04    0.406E-05    0.406E-05    0.000E+00    0.000E+00    0.000E+00    0.000E+00
     3.244     0.735    0.488E-01    0.535E-02    0.196E-02    0.992E-05    0.992E-05    0.393E-05    0.393E-05    0.000E+00    0.000E+00    0.000E+00    0.000E+00
     3.244     0.736    0.482E-01    0.527E-02    0.192E-02    0.961E-05    0.961E-05    0.381E-05    0.381E-05    0.000E+00    0.000E+00    0.000E+00    0.000E+00
     3.244     0.737    0.476E-01    0.518E-02    0.188E-02    0.931E-05    0.931E-05    0.368E-05    0.368E-05    0.000E+00    0.000E+00    0.000E+00    0.000E+00
     3.244     0.738    0.470E-01    0.510E-02    0.184E-02    0.902E-05    0.902E-05    0.356E-05    0.356E-05    0.000E+00    0.000E+00    0.000E+00    0.000E+00
     3.244     0.739    0.465E-01    0.501E-02    0.180E-02    0.874E-05    0.874E-05    0.345E-05    0.345E-05    0.000E+00    0.000E+00    0.000E+00    0.000E+00
     3.244     0.740    0.459E-01    0.493E-02    0.176E-02    0.846E-05    0.846E-05    0.334E-05    0.334E-05    0.000E+00    0.000E+00    0.000E+00    0.000E+00
     3.244     0.741    0.453E-01    0.485E-02    0.172E-02    0.819E-05    0.819E-05    0.323E-05    0.323E-05    0.000E+00    0.000E+00    0.000E+00    0.000E+00
     3.244     0.742    0.448E-01    0.477E-02    0.168E-02    0.794E-05    0.794E-05    0.312E-05    0.312E-05    0.000E+00    0.000E+00    0.000E+00    0.000E+00
     3.244     0.743    0.442E-01    0.469E-02    0.164E-02    0.769E-05    0.769E-05    0.302E-05    0.302E-05    0.000E+00    0.000E+00    0.000E+00    0.000E+00
     3.244     0.744    0.437E-01    0.461E-02    0.161E-02    0.744E-05    0.744E-05    0.292E-05    0.292E-05    0.000E+00    0.000E+00    0.000E+00    0.000E+00
     3.244     0.745    0.431E-01    0.453E-02    0.157E-02    0.719E-05    0.719E-05    0.282E-05    0.282E-05    0.000E+00    0.000E+00    0.000E+00    0.000E+00
     3.244     0.746    0.426E-01    0.446E-02    0.154E-02    0.695E-05    0.695E-05    0.273E-05    0.273E-05    0.000E+00    0.000E+00    0.000E+00    0.000E+00
     3.244     0.747    0.420E-01    0.438E-02    0.150E-02    0.672E-05    0.672E-05    0.263E-05    0.263E-05    0.000E+00    0.000E+00    0.000E+00    0.000E+00
     3.244     0.748    0.415E-01    0.431E-02    0.147E-02    0.650E-05    0.650E-05    0.254E-05    0.254E-05    0.000E+00    0.000E+00    0.000E+00    0.000E+00
     3.244     0.749    0.410E-01    0.423E-02    0.143E-02    0.628E-05    0.628E-05    0.245E-05    0.245E-05    0.000E+00    0.000E+00    0.000E+00    0.000E+00
     3.244     0.750    0.404E-01    0.416E-02    0.140E-02    0.607E-05    0.607E-05    0.237E-05    0.237E-05    0.000E+00    0.000E+00    0.000E+00    0.000E+00
     3.244     0.751    0.399E-01    0.409E-02    0.137E-02    0.586E-05    0.586E-05    0.228E-05    0.228E-05    0.000E+00    0.000E+00    0.000E+00    0.000E+00
     3.244     0.752    0.394E-01    0.402E-02    0.134E-02    0.567E-05    0.567E-05    0.220E-05    0.220E-05    0.000E+00    0.000E+00    0.000E+00    0.000E+00
     3.244     0.753    0.389E-01    0.395E-02    0.131E-02    0.547E-05    0.547E-05    0.213E-05    0.213E-05    0.000E+00    0.000E+00    0.000E+00    0.000E+00
     3.244     0.754    0.384E-01    0.388E-02    0.127E-02    0.529E-05    0.529E-05    0.205E-05    0.205E-05    0.000E+00    0.000E+00    0.000E+00    0.000E+00
     3.244     0.755    0.379E-01    0.382E-02    0.124E-02    0.511E-05    0.511E-05    0.198E-05    0.198E-05    0.000E+00    0.000E+00    0.000E+00    0.000E+00
     3.244     0.756    0.374E-01    0.375E-02    0.122E-02    0.493E-05    0.493E-05    0.191E-05    0.191E-05    0.000E+00    0.000E+00    0.000E+00    0.000E+00
     3.244     0.757    0.369E-01    0.369E-02    0.119E-02    0.476E-05    0.476E-05    0.184E-05    0.184E-05    0.000E+00    0.000E+00    0.000E+00    0.000E+00
     3.244     0.758    0.364E-01    0.362E-02    0.116E-02    0.460E-05    0.460E-05    0.178E-05    0.178E-05    0.000E+00    0.000E+00    0.000E+00    0.000E+00
     3.244     0.759    0.359E-01    0.356E-02    0.113E-02    0.444E-05    0.444E-05    0.171E-05    0.171E-05    0.000E+00    0.000E+00    0.000E+00    0.000E+00
     3.244     0.760    0.354E-01    0.350E-02    0.110E-02    0.429E-05    0.429E-05    0.165E-05    0.165E-05    0.000E+00    0.000E+00    0.000E+00    0.000E+00
     3.244     0.761    0.349E-01    0.344E-02    0.108E-02    0.414E-05    0.414E-05    0.159E-05    0.159E-05    0.000E+00    0.000E+00    0.000E+00    0.000E+00
     3.244     0.762    0.345E-01    0.338E-02    0.105E-02    0.400E-05    0.400E-05    0.153E-05    0.153E-05    0.000E+00    0.000E+00    0.000E+00    0.000E+00
     3.244     0.763    0.340E-01    0.332E-02    0.103E-02    0.386E-05    0.386E-05    0.148E-05    0.148E-05    0.000E+00    0.000E+00    0.000E+00    0.000E+00
     3.244     0.764    0.335E-01    0.326E-02    0.100E-02    0.373E-05    0.373E-05    0.143E-05    0.143E-05    0.000E+00    0.000E+00    0.000E+00    0.000E+00
     3.244     0.765    0.331E-01    0.320E-02    0.977E-03    0.360E-05    0.360E-05    0.137E-05    0.137E-05    0.000E+00    0.000E+00    0.000E+00    0.000E+00
     3.244     0.766    0.326E-01    0.314E-02    0.953E-03    0.347E-05    0.347E-05    0.132E-05    0.132E-05    0.000E+00    0.000E+00    0.000E+00    0.000E+00
     3.244     0.767    0.321E-01    0.309E-02    0.929E-03    0.335E-05    0.335E-05    0.128E-05    0.128E-05    0.000E+00    0.000E+00    0.000E+00    0.000E+00
     3.244     0.768    0.317E-01    0.303E-02    0.906E-03    0.322E-05    0.322E-05    0.123E-05    0.123E-05    0.000E+00    0.000E+00    0.000E+00    0.000E+00
     3.244     0.769    0.312E-01    0.298E-02    0.884E-03    0.311E-05    0.311E-05    0.118E-05    0.118E-05    0.000E+00    0.000E+00    0.000E+00    0.000E+00
     3.244     0.770    0.308E-01    0.293E-02    0.861E-03    0.299E-05    0.299E-05    0.113E-05    0.113E-05    0.000E+00    0.000E+00    0.000E+00    0.000E+00
     3.244     0.771    0.304E-01    0.287E-02    0.840E-03    0.288E-05    0.288E-05    0.109E-05    0.109E-05    0.000E+00    0.000E+00    0.000E+00    0.000E+00
     3.244     0.772    0.299E-01    0.282E-02    0.818E-03    0.277E-05    0.277E-05    0.105E-05    0.105E-05    0.000E+00    0.000E+00    0.000E+00    0.000E+00
     3.244     0.773    0.295E-01    0.277E-02    0.797E-03    0.267E-05    0.267E-05    0.101E-05    0.101E-05    0.000E+00    0.000E+00    0.000E+00    0.000E+00
     3.244     0.774    0.291E-01    0.272E-02    0.777E-03    0.257E-05    0.257E-05    0.966E-06    0.966E-06    0.000E+00    0.000E+00    0.000E+00    0.000E+00
     3.244     0.775    0.287E-01    0.267E-02    0.757E-03    0.247E-05    0.247E-05    0.928E-06    0.928E-06    0.000E+00    0.000E+00    0.000E+00    0.000E+00
     3.244     0.776    0.282E-01    0.262E-02    0.738E-03    0.238E-05    0.238E-05    0.891E-06    0.891E-06    0.000E+00    0.000E+00    0.000E+00    0.000E+00
     3.244     0.777    0.278E-01    0.257E-02    0.718E-03    0.229E-05    0.229E-05    0.855E-06    0.855E-06    0.000E+00    0.000E+00    0.000E+00    0.000E+00
     3.244     0.778    0.274E-01    0.253E-02    0.700E-03    0.220E-05    0.220E-05    0.821E-06    0.821E-06    0.000E+00    0.000E+00    0.000E+00    0.000E+00
     3.244     0.779    0.270E-01    0.248E-02    0.681E-03    0.212E-05    0.212E-05    0.788E-06    0.788E-06    0.000E+00    0.000E+00    0.000E+00    0.000E+00
     3.244     0.780    0.266E-01    0.243E-02    0.664E-03    0.203E-05    0.203E-05    0.757E-06    0.757E-06    0.000E+00    0.000E+00    0.000E+00    0.000E+00
     3.244     0.781    0.262E-01    0.239E-02    0.646E-03    0.196E-05    0.196E-05    0.726E-06    0.726E-06    0.000E+00    0.000E+00    0.000E+00    0.000E+00
     3.244     0.782    0.258E-01    0.235E-02    0.629E-03    0.188E-05    0.188E-05    0.697E-06    0.697E-06    0.000E+00    0.000E+00    0.000E+00    0.000E+00
     3.244     0.783    0.254E-01    0.230E-02    0.612E-03    0.181E-05    0.181E-05    0.669E-06    0.669E-06    0.000E+00    0.000E+00    0.000E+00    0.000E+00
     3.244     0.784    0.250E-01    0.226E-02    0.596E-03    0.174E-05    0.174E-05    0.642E-06    0.642E-06    0.000E+00    0.000E+00    0.000E+00    0.000E+00
     3.244     0.785    0.247E-01    0.222E-02    0.580E-03    0.167E-05    0.167E-05    0.616E-06    0.616E-06    0.000E+00    0.000E+00    0.000E+00    0.000E+00
     3.244     0.786    0.243E-01    0.218E-02    0.565E-03    0.161E-05    0.161E-05    0.591E-06    0.591E-06    0.000E+00    0.000E+00    0.000E+00    0.000E+00
     3.244     0.787    0.239E-01    0.213E-02    0.549E-03    0.155E-05    0.155E-05    0.567E-06    0.567E-06    0.000E+00    0.000E+00    0.000E+00    0.000E+00
     3.244     0.788    0.235E-01    0.209E-02    0.534E-03    0.149E-05    0.149E-05    0.544E-06    0.544E-06    0.000E+00    0.000E+00    0.000E+00    0.000E+00
     3.244     0.789    0.232E-01    0.206E-02    0.520E-03    0.143E-05    0.143E-05    0.522E-06    0.522E-06    0.000E+00    0.000E+00    0.000E+00    0.000E+00
     3.244     0.790    0.228E-01    0.202E-02    0.506E-03    0.137E-05    0.137E-05    0.500E-06    0.500E-06    0.000E+00    0.000E+00    0.000E+00    0.000E+00
     3.244     0.791    0.225E-01    0.198E-02    0.492E-03    0.132E-05    0.132E-05    0.478E-06    0.478E-06    0.000E+00    0.000E+00    0.000E+00    0.000E+00
     3.244     0.792    0.221E-01    0.194E-02    0.478E-03    0.126E-05    0.126E-05    0.457E-06    0.457E-06    0.000E+00    0.000E+00    0.000E+00    0.000E+00
     3.244     0.793    0.217E-01    0.190E-02    0.464E-03    0.121E-05    0.121E-05    0.437E-06    0.437E-06    0.000E+00    0.000E+00    0.000E+00    0.000E+00
     3.244     0.794    0.214E-01    0.187E-02    0.451E-03    0.116E-05    0.116E-05    0.417E-06    0.417E-06    0.000E+00    0.000E+00    0.000E+00    0.000E+00
     3.244     0.795    0.211E-01    0.183E-02    0.438E-03    0.111E-05    0.111E-05    0.398E-06    0.398E-06    0.000E+00    0.000E+00    0.000E+00    0.000E+00
     3.244     0.796    0.207E-01    0.179E-02    0.426E-03    0.106E-05    0.106E-05    0.380E-06    0.380E-06    0.000E+00    0.000E+00    0.000E+00    0.000E+00
     3.244     0.797    0.204E-01    0.176E-02    0.414E-03    0.102E-05    0.102E-05    0.363E-06    0.363E-06    0.000E+00    0.000E+00    0.000E+00    0.000E+00
     3.244     0.798    0.200E-01    0.173E-02    0.402E-03    0.973E-06    0.973E-06    0.346E-06    0.346E-06    0.000E+00    0.000E+00    0.000E+00    0.000E+00
     3.244     0.799    0.197E-01    0.169E-02    0.390E-03    0.931E-06    0.931E-06    0.330E-06    0.330E-06    0.000E+00    0.000E+00    0.000E+00    0.000E+00
     3.244     0.800    0.194E-01    0.166E-02    0.379E-03    0.891E-06    0.891E-06    0.315E-06    0.315E-06    0.000E+00    0.000E+00    0.000E+00    0.000E+00
     3.244     0.801    0.191E-01    0.163E-02    0.368E-03    0.852E-06    0.852E-06    0.300E-06    0.300E-06    0.000E+00    0.000E+00    0.000E+00    0.000E+00
     3.244     0.802    0.187E-01    0.159E-02    0.357E-03    0.816E-06    0.816E-06    0.287E-06    0.287E-06    0.000E+00    0.000E+00    0.000E+00    0.000E+00
     3.244     0.803    0.184E-01    0.156E-02    0.347E-03    0.780E-06    0.780E-06    0.273E-06    0.273E-06    0.000E+00    0.000E+00    0.000E+00    0.000E+00
     3.244     0.804    0.181E-01    0.153E-02    0.337E-03    0.747E-06    0.747E-06    0.261E-06    0.261E-06    0.000E+00    0.000E+00    0.000E+00    0.000E+00
     3.244     0.805    0.178E-01    0.150E-02    0.327E-03    0.714E-06    0.714E-06    0.248E-06    0.248E-06    0.000E+00    0.000E+00    0.000E+00    0.000E+00
     3.244     0.806    0.175E-01    0.147E-02    0.317E-03    0.683E-06    0.683E-06    0.237E-06    0.237E-06    0.000E+00    0.000E+00    0.000E+00    0.000E+00
     3.244     0.807    0.172E-01    0.144E-02    0.307E-03    0.654E-06    0.654E-06    0.226E-06    0.226E-06    0.000E+00    0.000E+00    0.000E+00    0.000E+00
     3.244     0.808    0.169E-01    0.141E-02    0.298E-03    0.625E-06    0.625E-06    0.215E-06    0.215E-06    0.000E+00    0.000E+00    0.000E+00    0.000E+00
     3.244     0.809    0.166E-01    0.138E-02    0.289E-03    0.598E-06    0.598E-06    0.205E-06    0.205E-06    0.000E+00    0.000E+00    0.000E+00    0.000E+00
     3.244     0.810    0.163E-01    0.136E-02    0.281E-03    0.572E-06    0.572E-06    0.196E-06    0.196E-06    0.000E+00    0.000E+00    0.000E+00    0.000E+00
     3.244     0.811    0.160E-01    0.133E-02    0.272E-03    0.548E-06    0.548E-06    0.187E-06    0.187E-06    0.000E+00    0.000E+00    0.000E+00    0.000E+00
     3.244     0.812    0.158E-01    0.130E-02    0.264E-03    0.524E-06    0.524E-06    0.178E-06    0.178E-06    0.000E+00    0.000E+00    0.000E+00    0.000E+00
     3.244     0.813    0.155E-01    0.128E-02    0.256E-03    0.501E-06    0.501E-06    0.170E-06    0.170E-06    0.000E+00    0.000E+00    0.000E+00    0.000E+00
     3.244     0.814    0.152E-01    0.125E-02    0.248E-03    0.477E-06    0.477E-06    0.161E-06    0.161E-06    0.000E+00    0.000E+00    0.000E+00    0.000E+00
     3.244     0.815    0.149E-01    0.122E-02    0.240E-03    0.454E-06    0.454E-06    0.152E-06    0.152E-06    0.000E+00    0.000E+00    0.000E+00    0.000E+00
     3.244     0.816    0.147E-01    0.120E-02    0.232E-03    0.432E-06    0.432E-06    0.144E-06    0.144E-06    0.000E+00    0.000E+00    0.000E+00    0.000E+00
     3.244     0.817    0.144E-01    0.117E-02    0.225E-03    0.411E-06    0.411E-06    0.137E-06    0.137E-06    0.000E+00    0.000E+00    0.000E+00    0.000E+00
     3.244     0.818    0.141E-01    0.115E-02    0.218E-03    0.391E-06    0.391E-06    0.129E-06    0.129E-06    0.000E+00    0.000E+00    0.000E+00    0.000E+00
     3.244     0.819    0.139E-01    0.113E-02    0.211E-03    0.372E-06    0.372E-06    0.122E-06    0.122E-06    0.000E+00    0.000E+00    0.000E+00    0.000E+00
     3.244     0.820    0.136E-01    0.110E-02    0.204E-03    0.353E-06    0.353E-06    0.115E-06    0.115E-06    0.000E+00    0.000E+00    0.000E+00    0.000E+00
     3.244     0.821    0.134E-01    0.108E-02    0.197E-03    0.336E-06    0.336E-06    0.109E-06    0.109E-06    0.000E+00    0.000E+00    0.000E+00    0.000E+00
     3.244     0.822    0.131E-01    0.106E-02    0.191E-03    0.319E-06    0.319E-06    0.103E-06    0.103E-06    0.000E+00    0.000E+00    0.000E+00    0.000E+00
     3.244     0.823    0.129E-01    0.103E-02    0.185E-03    0.303E-06    0.303E-06    0.974E-07    0.974E-07    0.000E+00    0.000E+00    0.000E+00    0.000E+00
     3.244     0.824    0.126E-01    0.101E-02    0.178E-03    0.288E-06    0.288E-06    0.920E-07    0.920E-07    0.000E+00    0.000E+00    0.000E+00    0.000E+00
     3.244     0.825    0.124E-01    0.990E-03    0.173E-03    0.274E-06    0.274E-06    0.868E-07    0.868E-07    0.000E+00    0.000E+00    0.000E+00    0.000E+00
     3.244     0.826    0.121E-01    0.969E-03    0.167E-03    0.260E-06    0.260E-06    0.820E-07    0.820E-07    0.000E+00    0.000E+00    0.000E+00    0.000E+00
     3.244     0.827    0.119E-01    0.948E-03    0.161E-03    0.247E-06    0.247E-06    0.774E-07    0.774E-07    0.000E+00    0.000E+00    0.000E+00    0.000E+00
     3.244     0.828    0.117E-01    0.927E-03    0.156E-03    0.234E-06    0.234E-06    0.730E-07    0.730E-07    0.000E+00    0.000E+00    0.000E+00    0.000E+00
     3.244     0.829    0.114E-01    0.907E-03    0.151E-03    0.223E-06    0.223E-06    0.690E-07    0.690E-07    0.000E+00    0.000E+00    0.000E+00    0.000E+00
     3.244     0.830    0.112E-01    0.888E-03    0.146E-03    0.212E-06    0.212E-06    0.651E-07    0.651E-07    0.000E+00    0.000E+00    0.000E+00    0.000E+00
     3.244     0.831    0.110E-01    0.868E-03    0.141E-03    0.201E-06    0.201E-06    0.615E-07    0.615E-07    0.000E+00    0.000E+00    0.000E+00    0.000E+00
     3.244     0.832    0.108E-01    0.849E-03    0.136E-03    0.191E-06    0.191E-06    0.581E-07    0.581E-07    0.000E+00    0.000E+00    0.000E+00    0.000E+00
     3.244     0.833    0.106E-01    0.831E-03    0.131E-03    0.182E-06    0.182E-06    0.549E-07    0.549E-07    0.000E+00    0.000E+00    0.000E+00    0.000E+00
     3.244     0.834    0.103E-01    0.813E-03    0.127E-03    0.173E-06    0.173E-06    0.519E-07    0.519E-07    0.000E+00    0.000E+00    0.000E+00    0.000E+00
     3.244     0.835    0.101E-01    0.795E-03    0.122E-03    0.164E-06    0.164E-06    0.491E-07    0.491E-07    0.000E+00    0.000E+00    0.000E+00    0.000E+00
     3.244     0.836    0.993E-02    0.777E-03    0.118E-03    0.156E-06    0.156E-06    0.464E-07    0.464E-07    0.000E+00    0.000E+00    0.000E+00    0.000E+00
     3.244     0.837    0.972E-02    0.759E-03    0.114E-03    0.148E-06    0.148E-06    0.434E-07    0.434E-07    0.000E+00    0.000E+00    0.000E+00    0.000E+00
     3.244     0.838    0.952E-02    0.742E-03    0.110E-03    0.139E-06    0.139E-06    0.405E-07    0.405E-07    0.000E+00    0.000E+00    0.000E+00    0.000E+00
     3.244     0.839    0.932E-02    0.725E-03    0.106E-03    0.131E-06    0.131E-06    0.377E-07    0.377E-07    0.000E+00    0.000E+00    0.000E+00    0.000E+00
     3.244     0.840    0.912E-02    0.709E-03    0.102E-03    0.123E-06    0.123E-06    0.352E-07    0.352E-07    0.000E+00    0.000E+00    0.000E+00    0.000E+00
     3.244     0.841    0.893E-02    0.693E-03    0.983E-04    0.116E-06    0.116E-06    0.327E-07    0.327E-07    0.000E+00    0.000E+00    0.000E+00    0.000E+00
     3.244     0.842    0.874E-02    0.677E-03    0.947E-04    0.109E-06    0.109E-06    0.304E-07    0.304E-07    0.000E+00    0.000E+00    0.000E+00    0.000E+00
     3.244     0.843    0.855E-02    0.661E-03    0.912E-04    0.103E-06    0.103E-06    0.282E-07    0.282E-07    0.000E+00    0.000E+00    0.000E+00    0.000E+00
     3.244     0.844    0.837E-02    0.646E-03    0.878E-04    0.967E-07    0.967E-07    0.262E-07    0.262E-07    0.000E+00    0.000E+00    0.000E+00    0.000E+00
     3.244     0.845    0.819E-02    0.631E-03    0.845E-04    0.909E-07    0.909E-07    0.243E-07    0.243E-07    0.000E+00    0.000E+00    0.000E+00    0.000E+00
     3.244     0.846    0.801E-02    0.616E-03    0.814E-04    0.854E-07    0.854E-07    0.225E-07    0.225E-07    0.000E+00    0.000E+00    0.000E+00    0.000E+00
     3.244     0.847    0.783E-02    0.601E-03    0.783E-04    0.802E-07    0.802E-07    0.209E-07    0.209E-07    0.000E+00    0.000E+00    0.000E+00    0.000E+00
     3.244     0.848    0.766E-02    0.587E-03    0.753E-04    0.754E-07    0.754E-07    0.193E-07    0.193E-07    0.000E+00    0.000E+00    0.000E+00    0.000E+00
     3.244     0.849    0.748E-02    0.573E-03    0.725E-04    0.708E-07    0.708E-07    0.179E-07    0.179E-07    0.000E+00    0.000E+00    0.000E+00    0.000E+00
     3.244     0.850    0.732E-02    0.560E-03    0.697E-04    0.666E-07    0.666E-07    0.165E-07    0.165E-07    0.000E+00    0.000E+00    0.000E+00    0.000E+00
     3.244     0.851    0.715E-02    0.546E-03    0.671E-04    0.626E-07    0.626E-07    0.153E-07    0.153E-07    0.000E+00    0.000E+00    0.000E+00    0.000E+00
     3.244     0.852    0.699E-02    0.533E-03    0.645E-04    0.588E-07    0.588E-07    0.142E-07    0.142E-07    0.000E+00    0.000E+00    0.000E+00    0.000E+00
     3.244     0.853    0.683E-02    0.520E-03    0.620E-04    0.554E-07    0.554E-07    0.131E-07    0.131E-07    0.000E+00    0.000E+00    0.000E+00    0.000E+00
     3.244     0.854    0.667E-02    0.508E-03    0.596E-04    0.521E-07    0.521E-07    0.122E-07    0.122E-07    0.000E+00    0.000E+00    0.000E+00    0.000E+00
     3.244     0.855    0.651E-02    0.495E-03    0.573E-04    0.491E-07    0.491E-07    0.113E-07    0.113E-07    0.000E+00    0.000E+00    0.000E+00    0.000E+00
     3.244     0.856    0.636E-02    0.483E-03    0.551E-04    0.463E-07    0.463E-07    0.105E-07    0.105E-07    0.000E+00    0.000E+00    0.000E+00    0.000E+00
     3.244     0.857    0.621E-02    0.471E-03    0.529E-04    0.437E-07    0.437E-07    0.976E-08    0.976E-08    0.000E+00    0.000E+00    0.000E+00    0.000E+00
     3.244     0.858    0.606E-02    0.460E-03    0.508E-04    0.413E-07    0.413E-07    0.910E-08    0.910E-08    0.000E+00    0.000E+00    0.000E+00    0.000E+00
     3.244     0.859    0.591E-02    0.448E-03    0.489E-04    0.390E-07    0.390E-07    0.850E-08    0.850E-08    0.000E+00    0.000E+00    0.000E+00    0.000E+00
     3.244     0.860    0.577E-02    0.437E-03    0.468E-04    0.364E-07    0.364E-07    0.772E-08    0.772E-08    0.000E+00    0.000E+00    0.000E+00    0.000E+00
     3.244     0.861    0.563E-02    0.426E-03    0.449E-04    0.338E-07    0.338E-07    0.695E-08    0.695E-08    0.000E+00    0.000E+00    0.000E+00    0.000E+00
     3.244     0.862    0.549E-02    0.415E-03    0.430E-04    0.313E-07    0.313E-07    0.623E-08    0.623E-08    0.000E+00    0.000E+00    0.000E+00    0.000E+00
     3.244     0.863    0.535E-02    0.404E-03    0.412E-04    0.290E-07    0.290E-07    0.556E-08    0.556E-08    0.000E+00    0.000E+00    0.000E+00    0.000E+00
     3.244     0.864    0.522E-02    0.394E-03    0.394E-04    0.268E-07    0.268E-07    0.494E-08    0.494E-08    0.000E+00    0.000E+00    0.000E+00    0.000E+00
     3.244     0.865    0.509E-02    0.383E-03    0.377E-04    0.248E-07    0.248E-07    0.437E-08    0.437E-08    0.000E+00    0.000E+00    0.000E+00    0.000E+00
     3.244     0.866    0.496E-02    0.373E-03    0.361E-04    0.228E-07    0.228E-07    0.384E-08    0.384E-08    0.000E+00    0.000E+00    0.000E+00    0.000E+00
     3.244     0.867    0.483E-02    0.363E-03    0.345E-04    0.211E-07    0.211E-07    0.336E-08    0.336E-08    0.000E+00    0.000E+00    0.000E+00    0.000E+00
     3.244     0.868    0.471E-02    0.354E-03    0.330E-04    0.194E-07    0.194E-07    0.292E-08    0.292E-08    0.000E+00    0.000E+00    0.000E+00    0.000E+00
     3.244     0.869    0.459E-02    0.344E-03    0.316E-04    0.179E-07    0.179E-07    0.253E-08    0.253E-08    0.000E+00    0.000E+00    0.000E+00    0.000E+00
     3.244     0.870    0.447E-02    0.335E-03    0.302E-04    0.165E-07    0.165E-07    0.217E-08    0.217E-08    0.000E+00    0.000E+00    0.000E+00    0.000E+00
     3.244     0.871    0.435E-02    0.326E-03    0.289E-04    0.152E-07    0.152E-07    0.185E-08    0.185E-08    0.000E+00    0.000E+00    0.000E+00    0.000E+00
     3.244     0.872    0.423E-02    0.317E-03    0.276E-04    0.140E-07    0.140E-07    0.156E-08    0.156E-08    0.000E+00    0.000E+00    0.000E+00    0.000E+00
     3.244     0.873    0.412E-02    0.309E-03    0.264E-04    0.129E-07    0.129E-07    0.131E-08    0.131E-08    0.000E+00    0.000E+00    0.000E+00    0.000E+00
     3.244     0.874    0.401E-02    0.300E-03    0.252E-04    0.119E-07    0.119E-07    0.110E-08    0.110E-08    0.000E+00    0.000E+00    0.000E+00    0.000E+00
     3.244     0.875    0.390E-02    0.292E-03    0.241E-04    0.109E-07    0.109E-07    0.908E-09    0.908E-09    0.000E+00    0.000E+00    0.000E+00    0.000E+00
     3.244     0.876    0.379E-02    0.284E-03    0.230E-04    0.101E-07    0.101E-07    0.749E-09    0.749E-09    0.000E+00    0.000E+00    0.000E+00    0.000E+00
     3.244     0.877    0.369E-02    0.276E-03    0.220E-04    0.938E-08    0.938E-08    0.617E-09    0.617E-09    0.000E+00    0.000E+00    0.000E+00    0.000E+00
     3.244     0.878    0.358E-02    0.268E-03    0.210E-04    0.871E-08    0.871E-08    0.510E-09    0.510E-09    0.000E+00    0.000E+00    0.000E+00    0.000E+00
     3.244     0.879    0.348E-02    0.260E-03    0.200E-04    0.811E-08    0.811E-08    0.426E-09    0.426E-09    0.000E+00    0.000E+00    0.000E+00    0.000E+00
     3.244     0.880    0.338E-02    0.253E-03    0.191E-04    0.758E-08    0.758E-08    0.363E-09    0.363E-09    0.000E+00    0.000E+00    0.000E+00    0.000E+00
     3.244     0.881    0.329E-02    0.246E-03    0.183E-04    0.712E-08    0.712E-08    0.319E-09    0.319E-09    0.000E+00    0.000E+00    0.000E+00    0.000E+00
     3.244     0.882    0.319E-02    0.239E-03    0.174E-04    0.670E-08    0.670E-08    0.294E-09    0.294E-09    0.000E+00    0.000E+00    0.000E+00    0.000E+00
     3.244     0.883    0.310E-02    0.232E-03    0.166E-04    0.618E-08    0.618E-08    0.222E-09    0.222E-09    0.000E+00    0.000E+00    0.000E+00    0.000E+00
     3.244     0.884    0.301E-02    0.225E-03    0.158E-04    0.554E-08    0.554E-08    0.107E-09    0.107E-09    0.000E+00    0.000E+00    0.000E+00    0.000E+00
     3.244     0.885    0.292E-02    0.218E-03    0.150E-04    0.495E-08    0.495E-08    0.567E-11    0.567E-11    0.000E+00    0.000E+00    0.000E+00    0.000E+00
     3.244     0.886    0.283E-02    0.211E-03    0.142E-04    0.441E-08    0.441E-08    0.000E+00    0.000E+00    0.000E+00    0.000E+00    0.000E+00    0.000E+00
     3.244     0.887    0.274E-02    0.205E-03    0.135E-04    0.391E-08    0.391E-08    0.000E+00    0.000E+00    0.000E+00    0.000E+00    0.000E+00    0.000E+00
     3.244     0.888    0.266E-02    0.199E-03    0.128E-04    0.345E-08    0.345E-08    0.000E+00    0.000E+00    0.000E+00    0.000E+00    0.000E+00    0.000E+00
     3.244     0.889    0.258E-02    0.193E-03    0.122E-04    0.302E-08    0.302E-08    0.000E+00    0.000E+00    0.000E+00    0.000E+00    0.000E+00    0.000E+00
     3.244     0.890    0.250E-02    0.187E-03    0.115E-04    0.264E-08    0.264E-08    0.000E+00    0.000E+00    0.000E+00    0.000E+00    0.000E+00    0.000E+00
     3.244     0.891    0.242E-02    0.181E-03    0.109E-04    0.230E-08    0.230E-08    0.000E+00    0.000E+00    0.000E+00    0.000E+00    0.000E+00    0.000E+00
     3.244     0.892    0.234E-02    0.175E-03    0.104E-04    0.199E-08    0.199E-08    0.000E+00    0.000E+00    0.000E+00    0.000E+00    0.000E+00    0.000E+00
     3.244     0.893    0.227E-02    0.169E-03    0.981E-05    0.171E-08    0.171E-08    0.000E+00    0.000E+00    0.000E+00    0.000E+00    0.000E+00    0.000E+00
     3.244     0.894    0.219E-02    0.164E-03    0.929E-05    0.146E-08    0.146E-08    0.000E+00    0.000E+00    0.000E+00    0.000E+00    0.000E+00    0.000E+00
     3.244     0.895    0.212E-02    0.159E-03    0.880E-05    0.125E-08    0.125E-08    0.000E+00    0.000E+00    0.000E+00    0.000E+00    0.000E+00    0.000E+00
     3.244     0.896    0.205E-02    0.153E-03    0.833E-05    0.106E-08    0.106E-08    0.000E+00    0.000E+00    0.000E+00    0.000E+00    0.000E+00    0.000E+00
     3.244     0.897    0.198E-02    0.148E-03    0.789E-05    0.903E-09    0.903E-09    0.000E+00    0.000E+00    0.000E+00    0.000E+00    0.000E+00    0.000E+00
     3.244     0.898    0.192E-02    0.143E-03    0.747E-05    0.769E-09    0.769E-09    0.000E+00    0.000E+00    0.000E+00    0.000E+00    0.000E+00    0.000E+00
     3.244     0.899    0.185E-02    0.139E-03    0.707E-05    0.659E-09    0.659E-09    0.000E+00    0.000E+00    0.000E+00    0.000E+00    0.000E+00    0.000E+00
     3.244     0.900    0.179E-02    0.134E-03    0.669E-05    0.572E-09    0.572E-09    0.000E+00    0.000E+00    0.000E+00    0.000E+00    0.000E+00    0.000E+00
     3.244     0.901    0.172E-02    0.129E-03    0.634E-05    0.505E-09    0.505E-09    0.000E+00    0.000E+00    0.000E+00    0.000E+00    0.000E+00    0.000E+00
     3.244     0.902    0.166E-02    0.125E-03    0.600E-05    0.456E-09    0.456E-09    0.000E+00    0.000E+00    0.000E+00    0.000E+00    0.000E+00    0.000E+00
     3.244     0.903    0.161E-02    0.121E-03    0.568E-05    0.426E-09    0.426E-09    0.000E+00    0.000E+00    0.000E+00    0.000E+00    0.000E+00    0.000E+00
     3.244     0.904    0.155E-02    0.116E-03    0.539E-05    0.410E-09    0.410E-09    0.000E+00    0.000E+00    0.000E+00    0.000E+00    0.000E+00    0.000E+00
     3.244     0.905    0.149E-02    0.112E-03    0.510E-05    0.409E-09    0.409E-09    0.000E+00    0.000E+00    0.000E+00    0.000E+00    0.000E+00    0.000E+00
     3.244     0.906    0.144E-02    0.108E-03    0.483E-05    0.404E-09    0.404E-09    0.000E+00    0.000E+00    0.000E+00    0.000E+00    0.000E+00    0.000E+00
     3.244     0.907    0.138E-02    0.104E-03    0.454E-05    0.306E-09    0.306E-09    0.000E+00    0.000E+00    0.000E+00    0.000E+00    0.000E+00    0.000E+00
     3.244     0.908    0.133E-02    0.100E-03    0.425E-05    0.219E-09    0.219E-09    0.000E+00    0.000E+00    0.000E+00    0.000E+00    0.000E+00    0.000E+00
     3.244     0.909    0.128E-02    0.967E-04    0.399E-05    0.141E-09    0.141E-09    0.000E+00    0.000E+00    0.000E+00    0.000E+00    0.000E+00    0.000E+00
     3.244     0.910    0.123E-02    0.930E-04    0.373E-05    0.723E-10    0.723E-10    0.000E+00    0.000E+00    0.000E+00    0.000E+00    0.000E+00    0.000E+00
     3.244     0.911    0.119E-02    0.895E-04    0.349E-05    0.126E-10    0.126E-10    0.000E+00    0.000E+00    0.000E+00    0.000E+00    0.000E+00    0.000E+00
     3.244     0.912    0.114E-02    0.860E-04    0.327E-05    0.000E+00    0.000E+00    0.000E+00    0.000E+00    0.000E+00    0.000E+00    0.000E+00    0.000E+00
     3.244     0.913    0.109E-02    0.827E-04    0.305E-05    0.000E+00    0.000E+00    0.000E+00    0.000E+00    0.000E+00    0.000E+00    0.000E+00    0.000E+00
     3.244     0.914    0.105E-02    0.794E-04    0.285E-05    0.000E+00    0.000E+00    0.000E+00    0.000E+00    0.000E+00    0.000E+00    0.000E+00    0.000E+00
     3.244     0.915    0.101E-02    0.763E-04    0.266E-05    0.000E+00    0.000E+00    0.000E+00    0.000E+00    0.000E+00    0.000E+00    0.000E+00    0.000E+00
     3.244     0.916    0.966E-03    0.732E-04    0.248E-05    0.000E+00    0.000E+00    0.000E+00    0.000E+00    0.000E+00    0.000E+00    0.000E+00    0.000E+00
     3.244     0.917    0.925E-03    0.702E-04    0.232E-05    0.000E+00    0.000E+00    0.000E+00    0.000E+00    0.000E+00    0.000E+00    0.000E+00    0.000E+00
     3.244     0.918    0.886E-03    0.673E-04    0.216E-05    0.000E+00    0.000E+00    0.000E+00    0.000E+00    0.000E+00    0.000E+00    0.000E+00    0.000E+00
     3.244     0.919    0.849E-03    0.645E-04    0.202E-05    0.000E+00    0.000E+00    0.000E+00    0.000E+00    0.000E+00    0.000E+00    0.000E+00    0.000E+00
     3.244     0.920    0.812E-03    0.618E-04    0.188E-05    0.000E+00    0.000E+00    0.000E+00    0.000E+00    0.000E+00    0.000E+00    0.000E+00    0.000E+00
     3.244     0.921    0.777E-03    0.592E-04    0.176E-05    0.000E+00    0.000E+00    0.000E+00    0.000E+00    0.000E+00    0.000E+00    0.000E+00    0.000E+00
     3.244     0.922    0.742E-03    0.566E-04    0.164E-05    0.000E+00    0.000E+00    0.000E+00    0.000E+00    0.000E+00    0.000E+00    0.000E+00    0.000E+00
     3.244     0.923    0.709E-03    0.542E-04    0.153E-05    0.000E+00    0.000E+00    0.000E+00    0.000E+00    0.000E+00    0.000E+00    0.000E+00    0.000E+00
     3.244     0.924    0.677E-03    0.518E-04    0.143E-05    0.000E+00    0.000E+00    0.000E+00    0.000E+00    0.000E+00    0.000E+00    0.000E+00    0.000E+00
     3.244     0.925    0.646E-03    0.495E-04    0.134E-05    0.000E+00    0.000E+00    0.000E+00    0.000E+00    0.000E+00    0.000E+00    0.000E+00    0.000E+00
     3.244     0.926    0.616E-03    0.472E-04    0.126E-05    0.000E+00    0.000E+00    0.000E+00    0.000E+00    0.000E+00    0.000E+00    0.000E+00    0.000E+00
     3.244     0.927    0.587E-03    0.451E-04    0.118E-05    0.000E+00    0.000E+00    0.000E+00    0.000E+00    0.000E+00    0.000E+00    0.000E+00    0.000E+00
     3.244     0.928    0.559E-03    0.430E-04    0.111E-05    0.000E+00    0.000E+00    0.000E+00    0.000E+00    0.000E+00    0.000E+00    0.000E+00    0.000E+00
     3.244     0.929    0.532E-03    0.410E-04    0.104E-05    0.000E+00    0.000E+00    0.000E+00    0.000E+00    0.000E+00    0.000E+00    0.000E+00    0.000E+00
     3.244     0.930    0.506E-03    0.390E-04    0.965E-06    0.000E+00    0.000E+00    0.000E+00    0.000E+00    0.000E+00    0.000E+00    0.000E+00    0.000E+00
     3.244     0.931    0.480E-03    0.371E-04    0.885E-06    0.000E+00    0.000E+00    0.000E+00    0.000E+00    0.000E+00    0.000E+00    0.000E+00    0.000E+00
     3.244     0.932    0.456E-03    0.353E-04    0.810E-06    0.000E+00    0.000E+00    0.000E+00    0.000E+00    0.000E+00    0.000E+00    0.000E+00    0.000E+00
     3.244     0.933    0.432E-03    0.335E-04    0.740E-06    0.000E+00    0.000E+00    0.000E+00    0.000E+00    0.000E+00    0.000E+00    0.000E+00    0.000E+00
     3.244     0.934    0.409E-03    0.317E-04    0.675E-06    0.000E+00    0.000E+00    0.000E+00    0.000E+00    0.000E+00    0.000E+00    0.000E+00    0.000E+00
     3.244     0.935    0.387E-03    0.301E-04    0.614E-06    0.000E+00    0.000E+00    0.000E+00    0.000E+00    0.000E+00    0.000E+00    0.000E+00    0.000E+00
     3.244     0.936    0.366E-03    0.285E-04    0.558E-06    0.000E+00    0.000E+00    0.000E+00    0.000E+00    0.000E+00    0.000E+00    0.000E+00    0.000E+00
     3.244     0.937    0.346E-03    0.270E-04    0.506E-06    0.000E+00    0.000E+00    0.000E+00    0.000E+00    0.000E+00    0.000E+00    0.000E+00    0.000E+00
     3.244     0.938    0.327E-03    0.255E-04    0.459E-06    0.000E+00    0.000E+00    0.000E+00    0.000E+00    0.000E+00    0.000E+00    0.000E+00    0.000E+00
     3.244     0.939    0.308E-03    0.241E-04    0.415E-06    0.000E+00    0.000E+00    0.000E+00    0.000E+00    0.000E+00    0.000E+00    0.000E+00    0.000E+00
     3.244     0.940    0.290E-03    0.227E-04    0.375E-06    0.000E+00    0.000E+00    0.000E+00    0.000E+00    0.000E+00    0.000E+00    0.000E+00    0.000E+00
     3.244     0.941    0.273E-03    0.214E-04    0.339E-06    0.000E+00    0.000E+00    0.000E+00    0.000E+00    0.000E+00    0.000E+00    0.000E+00    0.000E+00
     3.244     0.942    0.257E-03    0.202E-04    0.306E-06    0.000E+00    0.000E+00    0.000E+00    0.000E+00    0.000E+00    0.000E+00    0.000E+00    0.000E+00
     3.244     0.943    0.241E-03    0.190E-04    0.277E-06    0.000E+00    0.000E+00    0.000E+00    0.000E+00    0.000E+00    0.000E+00    0.000E+00    0.000E+00
     3.244     0.944    0.226E-03    0.178E-04    0.251E-06    0.000E+00    0.000E+00    0.000E+00    0.000E+00    0.000E+00    0.000E+00    0.000E+00    0.000E+00
     3.244     0.945    0.212E-03    0.167E-04    0.227E-06    0.000E+00    0.000E+00    0.000E+00    0.000E+00    0.000E+00    0.000E+00    0.000E+00    0.000E+00
     3.244     0.946    0.198E-03    0.157E-04    0.207E-06    0.000E+00    0.000E+00    0.000E+00    0.000E+00    0.000E+00    0.000E+00    0.000E+00    0.000E+00
     3.244     0.947    0.185E-03    0.147E-04    0.189E-06    0.000E+00    0.000E+00    0.000E+00    0.000E+00    0.000E+00    0.000E+00    0.000E+00    0.000E+00
     3.244     0.948    0.173E-03    0.137E-04    0.174E-06    0.000E+00    0.000E+00    0.000E+00    0.000E+00    0.000E+00    0.000E+00    0.000E+00    0.000E+00
     3.244     0.949    0.161E-03    0.128E-04    0.161E-06    0.000E+00    0.000E+00    0.000E+00    0.000E+00    0.000E+00    0.000E+00    0.000E+00    0.000E+00
     3.244     0.950    0.150E-03    0.119E-04    0.150E-06    0.000E+00    0.000E+00    0.000E+00    0.000E+00    0.000E+00    0.000E+00    0.000E+00    0.000E+00
     3.244     0.951    0.139E-03    0.111E-04    0.140E-06    0.000E+00    0.000E+00    0.000E+00    0.000E+00    0.000E+00    0.000E+00    0.000E+00    0.000E+00
     3.244     0.952    0.129E-03    0.103E-04    0.133E-06    0.000E+00    0.000E+00    0.000E+00    0.000E+00    0.000E+00    0.000E+00    0.000E+00    0.000E+00
     3.244     0.953    0.119E-03    0.955E-05    0.125E-06    0.356E-14    0.356E-14    0.000E+00    0.000E+00    0.000E+00    0.000E+00    0.000E+00    0.000E+00
     3.244     0.954    0.110E-03    0.879E-05    0.109E-06    0.235E-13    0.235E-13    0.000E+00    0.000E+00    0.000E+00    0.000E+00    0.000E+00    0.000E+00
     3.244     0.955    0.100E-03    0.806E-05    0.938E-07    0.442E-13    0.442E-13    0.000E+00    0.000E+00    0.000E+00    0.000E+00    0.000E+00    0.000E+00
     3.244     0.956    0.915E-04    0.737E-05    0.800E-07    0.655E-13    0.655E-13    0.000E+00    0.000E+00    0.000E+00    0.000E+00    0.000E+00    0.000E+00
     3.244     0.957    0.831E-04    0.671E-05    0.675E-07    0.874E-13    0.874E-13    0.000E+00    0.000E+00    0.000E+00    0.000E+00    0.000E+00    0.000E+00
     3.244     0.958    0.752E-04    0.609E-05    0.562E-07    0.110E-12    0.110E-12    0.000E+00    0.000E+00    0.000E+00    0.000E+00    0.000E+00    0.000E+00
     3.244     0.959    0.678E-04    0.550E-05    0.461E-07    0.132E-12    0.132E-12    0.000E+00    0.000E+00    0.000E+00    0.000E+00    0.000E+00    0.000E+00
     3.244     0.960    0.607E-04    0.494E-05    0.370E-07    0.155E-12    0.155E-12    0.000E+00    0.000E+00    0.000E+00    0.000E+00    0.000E+00    0.000E+00
     3.244     0.961    0.541E-04    0.442E-05    0.290E-07    0.178E-12    0.178E-12    0.000E+00    0.000E+00    0.000E+00    0.000E+00    0.000E+00    0.000E+00
     3.244     0.962    0.480E-04    0.393E-05    0.221E-07    0.201E-12    0.201E-12    0.000E+00    0.000E+00    0.000E+00    0.000E+00    0.000E+00    0.000E+00
     3.244     0.963    0.422E-04    0.347E-05    0.160E-07    0.224E-12    0.224E-12    0.000E+00    0.000E+00    0.000E+00    0.000E+00    0.000E+00    0.000E+00
     3.244     0.964    0.368E-04    0.303E-05    0.109E-07    0.247E-12    0.247E-12    0.000E+00    0.000E+00    0.000E+00    0.000E+00    0.000E+00    0.000E+00
     3.244     0.965    0.318E-04    0.263E-05    0.671E-08    0.269E-12    0.269E-12    0.000E+00    0.000E+00    0.000E+00    0.000E+00    0.000E+00    0.000E+00
     3.244     0.966    0.272E-04    0.225E-05    0.328E-08    0.291E-12    0.291E-12    0.000E+00    0.000E+00    0.000E+00    0.000E+00    0.000E+00    0.000E+00
     3.244     0.967    0.229E-04    0.191E-05    0.613E-09    0.313E-12    0.313E-12    0.000E+00    0.000E+00    0.000E+00    0.000E+00    0.000E+00    0.000E+00
     3.244     0.968    0.189E-04    0.158E-05    0.000E+00    0.334E-12    0.334E-12    0.000E+00    0.000E+00    0.000E+00    0.000E+00    0.000E+00    0.000E+00
     3.244     0.969    0.153E-04    0.129E-05    0.000E+00    0.354E-12    0.354E-12    0.000E+00    0.000E+00    0.000E+00    0.000E+00    0.000E+00    0.000E+00
     3.244     0.970    0.120E-04    0.102E-05    0.000E+00    0.373E-12    0.373E-12    0.000E+00    0.000E+00    0.000E+00    0.000E+00    0.000E+00    0.000E+00
     3.244     0.971    0.906E-05    0.768E-06    0.000E+00    0.391E-12    0.391E-12    0.000E+00    0.000E+00    0.000E+00    0.000E+00    0.000E+00    0.000E+00
     3.244     0.972    0.638E-05    0.544E-06    0.000E+00    0.409E-12    0.409E-12    0.000E+00    0.000E+00    0.000E+00    0.000E+00    0.000E+00    0.000E+00
     3.244     0.973    0.397E-05    0.341E-06    0.000E+00    0.425E-12    0.425E-12    0.000E+00    0.000E+00    0.000E+00    0.000E+00    0.000E+00    0.000E+00
     3.244     0.974    0.184E-05    0.159E-06    0.000E+00    0.440E-12    0.440E-12    0.000E+00    0.000E+00    0.000E+00    0.000E+00    0.000E+00    0.000E+00
     3.244     0.975    0.000E+00    0.000E+00    0.646E-09    0.453E-12    0.453E-12    0.000E+00    0.000E+00    0.000E+00    0.000E+00    0.000E+00    0.000E+00
     3.244     0.976    0.000E+00    0.000E+00    0.255E-08    0.465E-12    0.465E-12    0.000E+00    0.000E+00    0.000E+00    0.000E+00    0.000E+00    0.000E+00
     3.244     0.977    0.000E+00    0.000E+00    0.471E-08    0.475E-12    0.475E-12    0.000E+00    0.000E+00    0.000E+00    0.000E+00    0.000E+00    0.000E+00
     3.244     0.978    0.000E+00    0.000E+00    0.706E-08    0.484E-12    0.484E-12    0.000E+00    0.000E+00    0.000E+00    0.000E+00    0.000E+00    0.000E+00
     3.244     0.979    0.000E+00    0.000E+00    0.956E-08    0.490E-12    0.490E-12    0.000E+00    0.000E+00    0.000E+00    0.000E+00    0.000E+00    0.000E+00
     3.244     0.980    0.000E+00    0.000E+00    0.121E-07    0.495E-12    0.495E-12    0.000E+00    0.000E+00    0.000E+00    0.000E+00    0.000E+00    0.000E+00
     3.244     0.981    0.000E+00    0.000E+00    0.148E-07    0.498E-12    0.498E-12    0.000E+00    0.000E+00    0.000E+00    0.000E+00    0.000E+00    0.000E+00
     3.244     0.982    0.000E+00    0.000E+00    0.174E-07    0.498E-12    0.498E-12    0.000E+00    0.000E+00    0.000E+00    0.000E+00    0.000E+00    0.000E+00
     3.244     0.983    0.000E+00    0.000E+00    0.199E-07    0.497E-12    0.497E-12    0.000E+00    0.000E+00    0.000E+00    0.000E+00    0.000E+00    0.000E+00
     3.244     0.984    0.000E+00    0.000E+00    0.224E-07    0.492E-12    0.492E-12    0.000E+00    0.000E+00    0.000E+00    0.000E+00    0.000E+00    0.000E+00
     3.244     0.985    0.000E+00    0.000E+00    0.246E-07    0.486E-12    0.486E-12    0.000E+00    0.000E+00    0.000E+00    0.000E+00    0.000E+00    0.000E+00
     3.244     0.986    0.000E+00    0.000E+00    0.266E-07    0.476E-12    0.476E-12    0.000E+00    0.000E+00    0.000E+00    0.000E+00    0.000E+00    0.000E+00
     3.244     0.987    0.000E+00    0.000E+00    0.284E-07    0.464E-12    0.464E-12    0.000E+00    0.000E+00    0.000E+00    0.000E+00    0.000E+00    0.000E+00
     3.244     0.988    0.000E+00    0.000E+00    0.298E-07    0.449E-12    0.449E-12    0.000E+00    0.000E+00    0.000E+00    0.000E+00    0.000E+00    0.000E+00
     3.244     0.989    0.000E+00    0.000E+00    0.308E-07    0.431E-12    0.431E-12    0.000E+00    0.000E+00    0.000E+00    0.000E+00    0.000E+00    0.000E+00
     3.244     0.990    0.000E+00    0.000E+00    0.313E-07    0.410E-12    0.410E-12    0.000E+00    0.000E+00    0.000E+00    0.000E+00    0.000E+00    0.000E+00
     3.244     0.991    0.000E+00    0.000E+00    0.314E-07    0.385E-12    0.385E-12    0.000E+00    0.000E+00    0.000E+00    0.000E+00    0.000E+00    0.000E+00
     3.244     0.992    0.000E+00    0.000E+00    0.309E-07    0.357E-12    0.357E-12    0.000E+00    0.000E+00    0.000E+00    0.000E+00    0.000E+00    0.000E+00
     3.244     0.993    0.000E+00    0.000E+00    0.298E-07    0.326E-12    0.326E-12    0.000E+00    0.000E+00    0.000E+00    0.000E+00    0.000E+00    0.000E+00
     3.244     0.994    0.000E+00    0.000E+00    0.280E-07    0.291E-12    0.291E-12    0.000E+00    0.000E+00    0.000E+00    0.000E+00    0.000E+00    0.000E+00
     3.244     0.995    0.000E+00    0.000E+00    0.255E-07    0.253E-12    0.253E-12    0.000E+00    0.000E+00    0.000E+00    0.000E+00    0.000E+00    0.000E+00
     3.244     0.996    0.000E+00    0.000E+00    0.222E-07    0.210E-12    0.210E-12    0.000E+00    0.000E+00    0.000E+00    0.000E+00    0.000E+00    0.000E+00
     3.244     0.997    0.000E+00    0.000E+00    0.180E-07    0.164E-12    0.164E-12    0.000E+00    0.000E+00    0.000E+00    0.000E+00    0.000E+00    0.000E+00
     3.244     0.998    0.000E+00    0.000E+00    0.130E-07    0.114E-12    0.114E-12    0.000E+00    0.000E+00    0.000E+00    0.000E+00    0.000E+00    0.000E+00
     3.244     0.999    0.000E+00    0.000E+00    0.700E-08    0.590E-13    0.590E-13    0.000E+00    0.000E+00    0.000E+00    0.000E+00    0.000E+00    0.000E+00

