     Q**2          x         u           d           g          ub          db          sb          s          cb          c          bb          b
     1.000     0.001    0.269E+00    0.248E+00    0.000E+00    0.240E+00    0.244E+00    0.517E-01    0.517E-01    0.000E+00    0.000E+00    0.000E+00    0.000E+00
     1.000     0.002    0.250E+00    0.223E+00    0.000E+00    0.205E+00    0.212E+00    0.437E-01    0.437E-01    0.000E+00    0.000E+00    0.000E+00    0.000E+00
     1.000     0.003    0.245E+00    0.214E+00    0.000E+00    0.187E+00    0.197E+00    0.396E-01    0.396E-01    0.000E+00    0.000E+00    0.000E+00    0.000E+00
     1.000     0.004    0.246E+00    0.213E+00    0.000E+00    0.176E+00    0.188E+00    0.375E-01    0.375E-01    0.000E+00    0.000E+00    0.000E+00    0.000E+00
     1.000     0.005    0.249E+00    0.214E+00    0.000E+00    0.168E+00    0.182E+00    0.362E-01    0.362E-01    0.000E+00    0.000E+00    0.000E+00    0.000E+00
     1.000     0.006    0.253E+00    0.217E+00    0.000E+00    0.162E+00    0.177E+00    0.355E-01    0.355E-01    0.000E+00    0.000E+00    0.000E+00    0.000E+00
     1.000     0.007    0.258E+00    0.221E+00    0.162E+00    0.158E+00    0.174E+00    0.351E-01    0.351E-01    0.000E+00    0.000E+00    0.000E+00    0.000E+00
     1.000     0.008    0.263E+00    0.225E+00    0.325E+00    0.154E+00    0.171E+00    0.348E-01    0.348E-01    0.000E+00    0.000E+00    0.000E+00    0.000E+00
     1.000     0.009    0.269E+00    0.230E+00    0.467E+00    0.151E+00    0.169E+00    0.348E-01    0.348E-01    0.000E+00    0.000E+00    0.000E+00    0.000E+00
     1.000     0.010    0.275E+00    0.234E+00    0.599E+00    0.148E+00    0.167E+00    0.347E-01    0.347E-01    0.000E+00    0.000E+00    0.000E+00    0.000E+00
     1.000     0.011    0.281E+00    0.240E+00    0.715E+00    0.146E+00    0.166E+00    0.349E-01    0.349E-01    0.000E+00    0.000E+00    0.000E+00    0.000E+00
     1.000     0.012    0.287E+00    0.245E+00    0.824E+00    0.144E+00    0.165E+00    0.350E-01    0.350E-01    0.000E+00    0.000E+00    0.000E+00    0.000E+00
     1.000     0.013    0.293E+00    0.250E+00    0.923E+00    0.143E+00    0.164E+00    0.352E-01    0.352E-01    0.000E+00    0.000E+00    0.000E+00    0.000E+00
     1.000     0.014    0.299E+00    0.256E+00    0.101E+01    0.142E+00    0.163E+00    0.354E-01    0.354E-01    0.000E+00    0.000E+00    0.000E+00    0.000E+00
     1.000     0.015    0.305E+00    0.261E+00    0.110E+01    0.141E+00    0.162E+00    0.356E-01    0.356E-01    0.000E+00    0.000E+00    0.000E+00    0.000E+00
     1.000     0.016    0.311E+00    0.266E+00    0.118E+01    0.140E+00    0.161E+00    0.359E-01    0.359E-01    0.000E+00    0.000E+00    0.000E+00    0.000E+00
     1.000     0.017    0.317E+00    0.271E+00    0.125E+01    0.139E+00    0.160E+00    0.362E-01    0.362E-01    0.000E+00    0.000E+00    0.000E+00    0.000E+00
     1.000     0.018    0.323E+00    0.276E+00    0.131E+01    0.138E+00    0.160E+00    0.364E-01    0.364E-01    0.000E+00    0.000E+00    0.000E+00    0.000E+00
     1.000     0.019    0.329E+00    0.281E+00    0.137E+01    0.138E+00    0.159E+00    0.367E-01    0.367E-01    0.000E+00    0.000E+00    0.000E+00    0.000E+00
     1.000     0.020    0.335E+00    0.286E+00    0.143E+01    0.137E+00    0.158E+00    0.370E-01    0.370E-01    0.000E+00    0.000E+00    0.000E+00    0.000E+00
     1.000     0.021    0.341E+00    0.291E+00    0.148E+01    0.137E+00    0.158E+00    0.373E-01    0.373E-01    0.000E+00    0.000E+00    0.000E+00    0.000E+00
     1.000     0.022    0.347E+00    0.296E+00    0.153E+01    0.137E+00    0.157E+00    0.376E-01    0.376E-01    0.000E+00    0.000E+00    0.000E+00    0.000E+00
     1.000     0.023    0.352E+00    0.300E+00    0.158E+01    0.136E+00    0.157E+00    0.379E-01    0.379E-01    0.000E+00    0.000E+00    0.000E+00    0.000E+00
     1.000     0.024    0.358E+00    0.305E+00    0.163E+01    0.136E+00    0.156E+00    0.382E-01    0.382E-01    0.000E+00    0.000E+00    0.000E+00    0.000E+00
     1.000     0.025    0.364E+00    0.309E+00    0.167E+01    0.135E+00    0.156E+00    0.385E-01    0.385E-01    0.000E+00    0.000E+00    0.000E+00    0.000E+00
     1.000     0.026    0.369E+00    0.313E+00    0.171E+01    0.135E+00    0.156E+00    0.387E-01    0.387E-01    0.000E+00    0.000E+00    0.000E+00    0.000E+00
     1.000     0.027    0.375E+00    0.317E+00    0.174E+01    0.135E+00    0.155E+00    0.390E-01    0.390E-01    0.000E+00    0.000E+00    0.000E+00    0.000E+00
     1.000     0.028    0.380E+00    0.321E+00    0.177E+01    0.135E+00    0.155E+00    0.393E-01    0.393E-01    0.000E+00    0.000E+00    0.000E+00    0.000E+00
     1.000     0.029    0.386E+00    0.325E+00    0.180E+01    0.134E+00    0.154E+00    0.395E-01    0.395E-01    0.000E+00    0.000E+00    0.000E+00    0.000E+00
     1.000     0.030    0.391E+00    0.329E+00    0.183E+01    0.134E+00    0.154E+00    0.398E-01    0.398E-01    0.000E+00    0.000E+00    0.000E+00    0.000E+00
     1.000     0.031    0.397E+00    0.333E+00    0.186E+01    0.134E+00    0.154E+00    0.401E-01    0.401E-01    0.000E+00    0.000E+00    0.000E+00    0.000E+00
     1.000     0.032    0.402E+00    0.337E+00    0.188E+01    0.134E+00    0.153E+00    0.403E-01    0.403E-01    0.000E+00    0.000E+00    0.000E+00    0.000E+00
     1.000     0.033    0.407E+00    0.340E+00    0.190E+01    0.134E+00    0.153E+00    0.406E-01    0.406E-01    0.000E+00    0.000E+00    0.000E+00    0.000E+00
     1.000     0.034    0.412E+00    0.344E+00    0.191E+01    0.134E+00    0.153E+00    0.408E-01    0.408E-01    0.000E+00    0.000E+00    0.000E+00    0.000E+00
     1.000     0.035    0.417E+00    0.347E+00    0.193E+01    0.134E+00    0.152E+00    0.410E-01    0.410E-01    0.000E+00    0.000E+00    0.000E+00    0.000E+00
     1.000     0.036    0.422E+00    0.351E+00    0.194E+01    0.134E+00    0.152E+00    0.413E-01    0.413E-01    0.000E+00    0.000E+00    0.000E+00    0.000E+00
     1.000     0.037    0.427E+00    0.354E+00    0.196E+01    0.134E+00    0.152E+00    0.415E-01    0.415E-01    0.000E+00    0.000E+00    0.000E+00    0.000E+00
     1.000     0.038    0.432E+00    0.357E+00    0.197E+01    0.134E+00    0.152E+00    0.418E-01    0.418E-01    0.000E+00    0.000E+00    0.000E+00    0.000E+00
     1.000     0.039    0.437E+00    0.361E+00    0.198E+01    0.134E+00    0.151E+00    0.419E-01    0.419E-01    0.000E+00    0.000E+00    0.000E+00    0.000E+00
     1.000     0.040    0.442E+00    0.364E+00    0.199E+01    0.133E+00    0.151E+00    0.421E-01    0.421E-01    0.000E+00    0.000E+00    0.000E+00    0.000E+00
     1.000     0.041    0.446E+00    0.367E+00    0.200E+01    0.133E+00    0.151E+00    0.423E-01    0.423E-01    0.000E+00    0.000E+00    0.000E+00    0.000E+00
     1.000     0.042    0.451E+00    0.369E+00    0.201E+01    0.133E+00    0.151E+00    0.425E-01    0.425E-01    0.000E+00    0.000E+00    0.000E+00    0.000E+00
     1.000     0.043    0.455E+00    0.372E+00    0.201E+01    0.133E+00    0.150E+00    0.427E-01    0.427E-01    0.000E+00    0.000E+00    0.000E+00    0.000E+00
     1.000     0.044    0.460E+00    0.375E+00    0.202E+01    0.133E+00    0.150E+00    0.428E-01    0.428E-01    0.000E+00    0.000E+00    0.000E+00    0.000E+00
     1.000     0.045    0.464E+00    0.378E+00    0.203E+01    0.132E+00    0.150E+00    0.430E-01    0.430E-01    0.000E+00    0.000E+00    0.000E+00    0.000E+00
     1.000     0.046    0.469E+00    0.381E+00    0.203E+01    0.132E+00    0.150E+00    0.431E-01    0.431E-01    0.000E+00    0.000E+00    0.000E+00    0.000E+00
     1.000     0.047    0.473E+00    0.383E+00    0.203E+01    0.132E+00    0.150E+00    0.433E-01    0.433E-01    0.000E+00    0.000E+00    0.000E+00    0.000E+00
     1.000     0.048    0.477E+00    0.386E+00    0.204E+01    0.131E+00    0.149E+00    0.434E-01    0.434E-01    0.000E+00    0.000E+00    0.000E+00    0.000E+00
     1.000     0.049    0.481E+00    0.388E+00    0.204E+01    0.131E+00    0.149E+00    0.435E-01    0.435E-01    0.000E+00    0.000E+00    0.000E+00    0.000E+00
     1.000     0.050    0.485E+00    0.390E+00    0.204E+01    0.131E+00    0.149E+00    0.436E-01    0.436E-01    0.000E+00    0.000E+00    0.000E+00    0.000E+00
     1.000     0.051    0.489E+00    0.393E+00    0.204E+01    0.130E+00    0.149E+00    0.438E-01    0.438E-01    0.000E+00    0.000E+00    0.000E+00    0.000E+00
     1.000     0.052    0.493E+00    0.395E+00    0.204E+01    0.130E+00    0.149E+00    0.439E-01    0.439E-01    0.000E+00    0.000E+00    0.000E+00    0.000E+00
     1.000     0.053    0.497E+00    0.397E+00    0.204E+01    0.130E+00    0.149E+00    0.440E-01    0.440E-01    0.000E+00    0.000E+00    0.000E+00    0.000E+00
     1.000     0.054    0.501E+00    0.399E+00    0.203E+01    0.129E+00    0.148E+00    0.441E-01    0.441E-01    0.000E+00    0.000E+00    0.000E+00    0.000E+00
     1.000     0.055    0.505E+00    0.401E+00    0.203E+01    0.129E+00    0.148E+00    0.441E-01    0.441E-01    0.000E+00    0.000E+00    0.000E+00    0.000E+00
     1.000     0.056    0.509E+00    0.403E+00    0.203E+01    0.128E+00    0.148E+00    0.442E-01    0.442E-01    0.000E+00    0.000E+00    0.000E+00    0.000E+00
     1.000     0.057    0.513E+00    0.405E+00    0.202E+01    0.128E+00    0.148E+00    0.443E-01    0.443E-01    0.000E+00    0.000E+00    0.000E+00    0.000E+00
     1.000     0.058    0.516E+00    0.407E+00    0.202E+01    0.127E+00    0.148E+00    0.444E-01    0.444E-01    0.000E+00    0.000E+00    0.000E+00    0.000E+00
     1.000     0.059    0.520E+00    0.409E+00    0.201E+01    0.127E+00    0.148E+00    0.444E-01    0.444E-01    0.000E+00    0.000E+00    0.000E+00    0.000E+00
     1.000     0.060    0.524E+00    0.411E+00    0.201E+01    0.126E+00    0.148E+00    0.445E-01    0.445E-01    0.000E+00    0.000E+00    0.000E+00    0.000E+00
     1.000     0.061    0.527E+00    0.413E+00    0.200E+01    0.126E+00    0.148E+00    0.445E-01    0.445E-01    0.000E+00    0.000E+00    0.000E+00    0.000E+00
     1.000     0.062    0.531E+00    0.415E+00    0.200E+01    0.125E+00    0.147E+00    0.446E-01    0.446E-01    0.000E+00    0.000E+00    0.000E+00    0.000E+00
     1.000     0.063    0.534E+00    0.416E+00    0.199E+01    0.125E+00    0.147E+00    0.446E-01    0.446E-01    0.000E+00    0.000E+00    0.000E+00    0.000E+00
     1.000     0.064    0.537E+00    0.418E+00    0.198E+01    0.124E+00    0.147E+00    0.446E-01    0.446E-01    0.000E+00    0.000E+00    0.000E+00    0.000E+00
     1.000     0.065    0.541E+00    0.420E+00    0.198E+01    0.124E+00    0.147E+00    0.447E-01    0.447E-01    0.000E+00    0.000E+00    0.000E+00    0.000E+00
     1.000     0.066    0.544E+00    0.421E+00    0.197E+01    0.123E+00    0.147E+00    0.447E-01    0.447E-01    0.000E+00    0.000E+00    0.000E+00    0.000E+00
     1.000     0.067    0.547E+00    0.423E+00    0.196E+01    0.122E+00    0.147E+00    0.447E-01    0.447E-01    0.000E+00    0.000E+00    0.000E+00    0.000E+00
     1.000     0.068    0.550E+00    0.424E+00    0.195E+01    0.122E+00    0.147E+00    0.447E-01    0.447E-01    0.000E+00    0.000E+00    0.000E+00    0.000E+00
     1.000     0.069    0.553E+00    0.426E+00    0.194E+01    0.121E+00    0.147E+00    0.447E-01    0.447E-01    0.000E+00    0.000E+00    0.000E+00    0.000E+00
     1.000     0.070    0.557E+00    0.427E+00    0.194E+01    0.121E+00    0.147E+00    0.447E-01    0.447E-01    0.000E+00    0.000E+00    0.000E+00    0.000E+00
     1.000     0.071    0.560E+00    0.429E+00    0.193E+01    0.120E+00    0.146E+00    0.447E-01    0.447E-01    0.000E+00    0.000E+00    0.000E+00    0.000E+00
     1.000     0.072    0.563E+00    0.430E+00    0.192E+01    0.119E+00    0.146E+00    0.447E-01    0.447E-01    0.000E+00    0.000E+00    0.000E+00    0.000E+00
     1.000     0.073    0.566E+00    0.431E+00    0.191E+01    0.119E+00    0.146E+00    0.447E-01    0.447E-01    0.000E+00    0.000E+00    0.000E+00    0.000E+00
     1.000     0.074    0.569E+00    0.433E+00    0.190E+01    0.118E+00    0.146E+00    0.446E-01    0.446E-01    0.000E+00    0.000E+00    0.000E+00    0.000E+00
     1.000     0.075    0.572E+00    0.434E+00    0.189E+01    0.117E+00    0.146E+00    0.446E-01    0.446E-01    0.000E+00    0.000E+00    0.000E+00    0.000E+00
     1.000     0.076    0.574E+00    0.435E+00    0.188E+01    0.117E+00    0.146E+00    0.446E-01    0.446E-01    0.000E+00    0.000E+00    0.000E+00    0.000E+00
     1.000     0.077    0.577E+00    0.436E+00    0.187E+01    0.116E+00    0.146E+00    0.445E-01    0.445E-01    0.000E+00    0.000E+00    0.000E+00    0.000E+00
     1.000     0.078    0.580E+00    0.437E+00    0.186E+01    0.115E+00    0.146E+00    0.445E-01    0.445E-01    0.000E+00    0.000E+00    0.000E+00    0.000E+00
     1.000     0.079    0.583E+00    0.438E+00    0.185E+01    0.114E+00    0.145E+00    0.444E-01    0.444E-01    0.000E+00    0.000E+00    0.000E+00    0.000E+00
     1.000     0.080    0.586E+00    0.439E+00    0.184E+01    0.114E+00    0.145E+00    0.444E-01    0.444E-01    0.000E+00    0.000E+00    0.000E+00    0.000E+00
     1.000     0.081    0.588E+00    0.440E+00    0.183E+01    0.113E+00    0.145E+00    0.443E-01    0.443E-01    0.000E+00    0.000E+00    0.000E+00    0.000E+00
     1.000     0.082    0.591E+00    0.441E+00    0.182E+01    0.112E+00    0.145E+00    0.443E-01    0.443E-01    0.000E+00    0.000E+00    0.000E+00    0.000E+00
     1.000     0.083    0.594E+00    0.442E+00    0.181E+01    0.112E+00    0.145E+00    0.442E-01    0.442E-01    0.000E+00    0.000E+00    0.000E+00    0.000E+00
     1.000     0.084    0.596E+00    0.443E+00    0.180E+01    0.111E+00    0.145E+00    0.442E-01    0.442E-01    0.000E+00    0.000E+00    0.000E+00    0.000E+00
     1.000     0.085    0.599E+00    0.444E+00    0.179E+01    0.110E+00    0.145E+00    0.441E-01    0.441E-01    0.000E+00    0.000E+00    0.000E+00    0.000E+00
     1.000     0.086    0.601E+00    0.445E+00    0.177E+01    0.109E+00    0.144E+00    0.440E-01    0.440E-01    0.000E+00    0.000E+00    0.000E+00    0.000E+00
     1.000     0.087    0.604E+00    0.446E+00    0.176E+01    0.109E+00    0.144E+00    0.439E-01    0.439E-01    0.000E+00    0.000E+00    0.000E+00    0.000E+00
     1.000     0.088    0.606E+00    0.447E+00    0.175E+01    0.108E+00    0.144E+00    0.439E-01    0.439E-01    0.000E+00    0.000E+00    0.000E+00    0.000E+00
     1.000     0.089    0.609E+00    0.448E+00    0.174E+01    0.107E+00    0.144E+00    0.438E-01    0.438E-01    0.000E+00    0.000E+00    0.000E+00    0.000E+00
     1.000     0.090    0.611E+00    0.448E+00    0.173E+01    0.106E+00    0.144E+00    0.437E-01    0.437E-01    0.000E+00    0.000E+00    0.000E+00    0.000E+00
     1.000     0.091    0.614E+00    0.449E+00    0.172E+01    0.106E+00    0.144E+00    0.436E-01    0.436E-01    0.000E+00    0.000E+00    0.000E+00    0.000E+00
     1.000     0.092    0.616E+00    0.450E+00    0.171E+01    0.105E+00    0.143E+00    0.435E-01    0.435E-01    0.000E+00    0.000E+00    0.000E+00    0.000E+00
     1.000     0.093    0.618E+00    0.450E+00    0.169E+01    0.104E+00    0.143E+00    0.434E-01    0.434E-01    0.000E+00    0.000E+00    0.000E+00    0.000E+00
     1.000     0.094    0.621E+00    0.451E+00    0.168E+01    0.104E+00    0.143E+00    0.433E-01    0.433E-01    0.000E+00    0.000E+00    0.000E+00    0.000E+00
     1.000     0.095    0.623E+00    0.452E+00    0.167E+01    0.103E+00    0.143E+00    0.432E-01    0.432E-01    0.000E+00    0.000E+00    0.000E+00    0.000E+00
     1.000     0.096    0.625E+00    0.452E+00    0.166E+01    0.102E+00    0.142E+00    0.431E-01    0.431E-01    0.000E+00    0.000E+00    0.000E+00    0.000E+00
     1.000     0.097    0.628E+00    0.453E+00    0.165E+01    0.101E+00    0.142E+00    0.430E-01    0.430E-01    0.000E+00    0.000E+00    0.000E+00    0.000E+00
     1.000     0.098    0.630E+00    0.453E+00    0.164E+01    0.101E+00    0.142E+00    0.429E-01    0.429E-01    0.000E+00    0.000E+00    0.000E+00    0.000E+00
     1.000     0.099    0.632E+00    0.454E+00    0.162E+01    0.999E-01    0.142E+00    0.428E-01    0.428E-01    0.000E+00    0.000E+00    0.000E+00    0.000E+00
     1.000     0.100    0.634E+00    0.454E+00    0.161E+01    0.992E-01    0.141E+00    0.427E-01    0.427E-01    0.000E+00    0.000E+00    0.000E+00    0.000E+00
     1.000     0.101    0.636E+00    0.455E+00    0.160E+01    0.985E-01    0.141E+00    0.425E-01    0.425E-01    0.000E+00    0.000E+00    0.000E+00    0.000E+00
     1.000     0.102    0.639E+00    0.455E+00    0.159E+01    0.978E-01    0.141E+00    0.424E-01    0.424E-01    0.000E+00    0.000E+00    0.000E+00    0.000E+00
     1.000     0.103    0.641E+00    0.456E+00    0.158E+01    0.971E-01    0.141E+00    0.423E-01    0.423E-01    0.000E+00    0.000E+00    0.000E+00    0.000E+00
     1.000     0.104    0.643E+00    0.456E+00    0.156E+01    0.964E-01    0.140E+00    0.422E-01    0.422E-01    0.000E+00    0.000E+00    0.000E+00    0.000E+00
     1.000     0.105    0.645E+00    0.456E+00    0.155E+01    0.957E-01    0.140E+00    0.420E-01    0.420E-01    0.000E+00    0.000E+00    0.000E+00    0.000E+00
     1.000     0.106    0.647E+00    0.457E+00    0.154E+01    0.950E-01    0.140E+00    0.419E-01    0.419E-01    0.000E+00    0.000E+00    0.000E+00    0.000E+00
     1.000     0.107    0.649E+00    0.457E+00    0.153E+01    0.943E-01    0.139E+00    0.418E-01    0.418E-01    0.000E+00    0.000E+00    0.000E+00    0.000E+00
     1.000     0.108    0.651E+00    0.457E+00    0.152E+01    0.936E-01    0.139E+00    0.416E-01    0.416E-01    0.000E+00    0.000E+00    0.000E+00    0.000E+00
     1.000     0.109    0.653E+00    0.458E+00    0.151E+01    0.929E-01    0.139E+00    0.415E-01    0.415E-01    0.000E+00    0.000E+00    0.000E+00    0.000E+00
     1.000     0.110    0.655E+00    0.458E+00    0.149E+01    0.922E-01    0.138E+00    0.414E-01    0.414E-01    0.000E+00    0.000E+00    0.000E+00    0.000E+00
     1.000     0.111    0.657E+00    0.458E+00    0.148E+01    0.916E-01    0.138E+00    0.412E-01    0.412E-01    0.000E+00    0.000E+00    0.000E+00    0.000E+00
     1.000     0.112    0.659E+00    0.458E+00    0.147E+01    0.909E-01    0.137E+00    0.411E-01    0.411E-01    0.000E+00    0.000E+00    0.000E+00    0.000E+00
     1.000     0.113    0.661E+00    0.459E+00    0.146E+01    0.902E-01    0.137E+00    0.409E-01    0.409E-01    0.000E+00    0.000E+00    0.000E+00    0.000E+00
     1.000     0.114    0.663E+00    0.459E+00    0.145E+01    0.895E-01    0.137E+00    0.408E-01    0.408E-01    0.000E+00    0.000E+00    0.000E+00    0.000E+00
     1.000     0.115    0.665E+00    0.459E+00    0.144E+01    0.889E-01    0.136E+00    0.406E-01    0.406E-01    0.000E+00    0.000E+00    0.000E+00    0.000E+00
     1.000     0.116    0.667E+00    0.459E+00    0.142E+01    0.882E-01    0.136E+00    0.405E-01    0.405E-01    0.000E+00    0.000E+00    0.000E+00    0.000E+00
     1.000     0.117    0.668E+00    0.459E+00    0.141E+01    0.876E-01    0.135E+00    0.403E-01    0.403E-01    0.000E+00    0.000E+00    0.000E+00    0.000E+00
     1.000     0.118    0.670E+00    0.459E+00    0.140E+01    0.869E-01    0.135E+00    0.402E-01    0.402E-01    0.000E+00    0.000E+00    0.000E+00    0.000E+00
     1.000     0.119    0.672E+00    0.459E+00    0.139E+01    0.863E-01    0.135E+00    0.400E-01    0.400E-01    0.000E+00    0.000E+00    0.000E+00    0.000E+00
     1.000     0.120    0.674E+00    0.459E+00    0.138E+01    0.857E-01    0.134E+00    0.399E-01    0.399E-01    0.000E+00    0.000E+00    0.000E+00    0.000E+00
     1.000     0.121    0.676E+00    0.460E+00    0.137E+01    0.850E-01    0.134E+00    0.397E-01    0.397E-01    0.000E+00    0.000E+00    0.000E+00    0.000E+00
     1.000     0.122    0.677E+00    0.460E+00    0.136E+01    0.844E-01    0.133E+00    0.396E-01    0.396E-01    0.000E+00    0.000E+00    0.000E+00    0.000E+00
     1.000     0.123    0.679E+00    0.460E+00    0.134E+01    0.838E-01    0.133E+00    0.394E-01    0.394E-01    0.000E+00    0.000E+00    0.000E+00    0.000E+00
     1.000     0.124    0.681E+00    0.460E+00    0.133E+01    0.832E-01    0.132E+00    0.392E-01    0.392E-01    0.000E+00    0.000E+00    0.000E+00    0.000E+00
     1.000     0.125    0.683E+00    0.460E+00    0.132E+01    0.826E-01    0.132E+00    0.391E-01    0.391E-01    0.000E+00    0.000E+00    0.000E+00    0.000E+00
     1.000     0.126    0.684E+00    0.460E+00    0.131E+01    0.820E-01    0.131E+00    0.389E-01    0.389E-01    0.000E+00    0.000E+00    0.000E+00    0.000E+00
     1.000     0.127    0.686E+00    0.459E+00    0.130E+01    0.814E-01    0.131E+00    0.387E-01    0.387E-01    0.000E+00    0.000E+00    0.000E+00    0.000E+00
     1.000     0.128    0.688E+00    0.459E+00    0.129E+01    0.808E-01    0.130E+00    0.386E-01    0.386E-01    0.000E+00    0.000E+00    0.000E+00    0.000E+00
     1.000     0.129    0.689E+00    0.459E+00    0.128E+01    0.802E-01    0.130E+00    0.384E-01    0.384E-01    0.000E+00    0.000E+00    0.000E+00    0.000E+00
     1.000     0.130    0.691E+00    0.459E+00    0.127E+01    0.797E-01    0.129E+00    0.382E-01    0.382E-01    0.000E+00    0.000E+00    0.000E+00    0.000E+00
     1.000     0.131    0.693E+00    0.459E+00    0.126E+01    0.791E-01    0.129E+00    0.381E-01    0.381E-01    0.000E+00    0.000E+00    0.000E+00    0.000E+00
     1.000     0.132    0.694E+00    0.459E+00    0.125E+01    0.785E-01    0.128E+00    0.379E-01    0.379E-01    0.000E+00    0.000E+00    0.000E+00    0.000E+00
     1.000     0.133    0.696E+00    0.459E+00    0.124E+01    0.780E-01    0.128E+00    0.377E-01    0.377E-01    0.000E+00    0.000E+00    0.000E+00    0.000E+00
     1.000     0.134    0.697E+00    0.459E+00    0.123E+01    0.774E-01    0.127E+00    0.375E-01    0.375E-01    0.000E+00    0.000E+00    0.000E+00    0.000E+00
     1.000     0.135    0.699E+00    0.459E+00    0.122E+01    0.769E-01    0.127E+00    0.374E-01    0.374E-01    0.000E+00    0.000E+00    0.000E+00    0.000E+00
     1.000     0.136    0.700E+00    0.459E+00    0.120E+01    0.763E-01    0.126E+00    0.372E-01    0.372E-01    0.000E+00    0.000E+00    0.000E+00    0.000E+00
     1.000     0.137    0.702E+00    0.458E+00    0.119E+01    0.758E-01    0.126E+00    0.370E-01    0.370E-01    0.000E+00    0.000E+00    0.000E+00    0.000E+00
     1.000     0.138    0.703E+00    0.458E+00    0.118E+01    0.753E-01    0.125E+00    0.368E-01    0.368E-01    0.000E+00    0.000E+00    0.000E+00    0.000E+00
     1.000     0.139    0.705E+00    0.458E+00    0.117E+01    0.747E-01    0.124E+00    0.367E-01    0.367E-01    0.000E+00    0.000E+00    0.000E+00    0.000E+00
     1.000     0.140    0.706E+00    0.458E+00    0.116E+01    0.742E-01    0.124E+00    0.365E-01    0.365E-01    0.000E+00    0.000E+00    0.000E+00    0.000E+00
     1.000     0.141    0.708E+00    0.457E+00    0.115E+01    0.737E-01    0.123E+00    0.363E-01    0.363E-01    0.000E+00    0.000E+00    0.000E+00    0.000E+00
     1.000     0.142    0.709E+00    0.457E+00    0.114E+01    0.732E-01    0.123E+00    0.361E-01    0.361E-01    0.000E+00    0.000E+00    0.000E+00    0.000E+00
     1.000     0.143    0.711E+00    0.457E+00    0.113E+01    0.727E-01    0.122E+00    0.359E-01    0.359E-01    0.000E+00    0.000E+00    0.000E+00    0.000E+00
     1.000     0.144    0.712E+00    0.457E+00    0.112E+01    0.722E-01    0.121E+00    0.358E-01    0.358E-01    0.000E+00    0.000E+00    0.000E+00    0.000E+00
     1.000     0.145    0.713E+00    0.456E+00    0.111E+01    0.717E-01    0.121E+00    0.356E-01    0.356E-01    0.000E+00    0.000E+00    0.000E+00    0.000E+00
     1.000     0.146    0.715E+00    0.456E+00    0.111E+01    0.712E-01    0.120E+00    0.354E-01    0.354E-01    0.000E+00    0.000E+00    0.000E+00    0.000E+00
     1.000     0.147    0.716E+00    0.456E+00    0.110E+01    0.707E-01    0.120E+00    0.352E-01    0.352E-01    0.000E+00    0.000E+00    0.000E+00    0.000E+00
     1.000     0.148    0.717E+00    0.456E+00    0.109E+01    0.702E-01    0.119E+00    0.350E-01    0.350E-01    0.000E+00    0.000E+00    0.000E+00    0.000E+00
     1.000     0.149    0.719E+00    0.455E+00    0.108E+01    0.697E-01    0.118E+00    0.348E-01    0.348E-01    0.000E+00    0.000E+00    0.000E+00    0.000E+00
     1.000     0.150    0.720E+00    0.455E+00    0.107E+01    0.693E-01    0.118E+00    0.347E-01    0.347E-01    0.000E+00    0.000E+00    0.000E+00    0.000E+00
     1.000     0.151    0.721E+00    0.455E+00    0.106E+01    0.688E-01    0.117E+00    0.345E-01    0.345E-01    0.000E+00    0.000E+00    0.000E+00    0.000E+00
     1.000     0.152    0.723E+00    0.454E+00    0.105E+01    0.683E-01    0.116E+00    0.343E-01    0.343E-01    0.000E+00    0.000E+00    0.000E+00    0.000E+00
     1.000     0.153    0.724E+00    0.454E+00    0.104E+01    0.679E-01    0.116E+00    0.341E-01    0.341E-01    0.000E+00    0.000E+00    0.000E+00    0.000E+00
     1.000     0.154    0.725E+00    0.454E+00    0.103E+01    0.674E-01    0.115E+00    0.339E-01    0.339E-01    0.000E+00    0.000E+00    0.000E+00    0.000E+00
     1.000     0.155    0.726E+00    0.453E+00    0.102E+01    0.670E-01    0.115E+00    0.337E-01    0.337E-01    0.000E+00    0.000E+00    0.000E+00    0.000E+00
     1.000     0.156    0.728E+00    0.453E+00    0.101E+01    0.665E-01    0.114E+00    0.335E-01    0.335E-01    0.000E+00    0.000E+00    0.000E+00    0.000E+00
     1.000     0.157    0.729E+00    0.453E+00    0.100E+01    0.661E-01    0.113E+00    0.334E-01    0.334E-01    0.000E+00    0.000E+00    0.000E+00    0.000E+00
     1.000     0.158    0.730E+00    0.452E+00    0.995E+00    0.656E-01    0.113E+00    0.332E-01    0.332E-01    0.000E+00    0.000E+00    0.000E+00    0.000E+00
     1.000     0.159    0.731E+00    0.452E+00    0.987E+00    0.652E-01    0.112E+00    0.330E-01    0.330E-01    0.000E+00    0.000E+00    0.000E+00    0.000E+00
     1.000     0.160    0.732E+00    0.451E+00    0.978E+00    0.648E-01    0.111E+00    0.328E-01    0.328E-01    0.000E+00    0.000E+00    0.000E+00    0.000E+00
     1.000     0.161    0.733E+00    0.451E+00    0.969E+00    0.644E-01    0.111E+00    0.326E-01    0.326E-01    0.000E+00    0.000E+00    0.000E+00    0.000E+00
     1.000     0.162    0.734E+00    0.451E+00    0.961E+00    0.639E-01    0.110E+00    0.324E-01    0.324E-01    0.000E+00    0.000E+00    0.000E+00    0.000E+00
     1.000     0.163    0.736E+00    0.450E+00    0.953E+00    0.635E-01    0.109E+00    0.322E-01    0.322E-01    0.000E+00    0.000E+00    0.000E+00    0.000E+00
     1.000     0.164    0.737E+00    0.450E+00    0.945E+00    0.631E-01    0.109E+00    0.320E-01    0.320E-01    0.000E+00    0.000E+00    0.000E+00    0.000E+00
     1.000     0.165    0.738E+00    0.449E+00    0.936E+00    0.627E-01    0.108E+00    0.319E-01    0.319E-01    0.000E+00    0.000E+00    0.000E+00    0.000E+00
     1.000     0.166    0.739E+00    0.449E+00    0.928E+00    0.623E-01    0.107E+00    0.317E-01    0.317E-01    0.000E+00    0.000E+00    0.000E+00    0.000E+00
     1.000     0.167    0.740E+00    0.448E+00    0.920E+00    0.619E-01    0.107E+00    0.315E-01    0.315E-01    0.000E+00    0.000E+00    0.000E+00    0.000E+00
     1.000     0.168    0.741E+00    0.448E+00    0.912E+00    0.615E-01    0.106E+00    0.313E-01    0.313E-01    0.000E+00    0.000E+00    0.000E+00    0.000E+00
     1.000     0.169    0.742E+00    0.447E+00    0.904E+00    0.611E-01    0.105E+00    0.311E-01    0.311E-01    0.000E+00    0.000E+00    0.000E+00    0.000E+00
     1.000     0.170    0.743E+00    0.447E+00    0.897E+00    0.608E-01    0.105E+00    0.309E-01    0.309E-01    0.000E+00    0.000E+00    0.000E+00    0.000E+00
     1.000     0.171    0.744E+00    0.447E+00    0.889E+00    0.604E-01    0.104E+00    0.307E-01    0.307E-01    0.000E+00    0.000E+00    0.000E+00    0.000E+00
     1.000     0.172    0.745E+00    0.446E+00    0.881E+00    0.600E-01    0.103E+00    0.306E-01    0.306E-01    0.000E+00    0.000E+00    0.000E+00    0.000E+00
     1.000     0.173    0.746E+00    0.446E+00    0.874E+00    0.596E-01    0.103E+00    0.304E-01    0.304E-01    0.000E+00    0.000E+00    0.000E+00    0.000E+00
     1.000     0.174    0.746E+00    0.445E+00    0.866E+00    0.592E-01    0.102E+00    0.302E-01    0.302E-01    0.000E+00    0.000E+00    0.000E+00    0.000E+00
     1.000     0.175    0.747E+00    0.445E+00    0.859E+00    0.589E-01    0.101E+00    0.300E-01    0.300E-01    0.000E+00    0.000E+00    0.000E+00    0.000E+00
     1.000     0.176    0.748E+00    0.444E+00    0.851E+00    0.585E-01    0.101E+00    0.298E-01    0.298E-01    0.000E+00    0.000E+00    0.000E+00    0.000E+00
     1.000     0.177    0.749E+00    0.444E+00    0.844E+00    0.581E-01    0.999E-01    0.296E-01    0.296E-01    0.000E+00    0.000E+00    0.000E+00    0.000E+00
     1.000     0.178    0.750E+00    0.443E+00    0.837E+00    0.578E-01    0.992E-01    0.294E-01    0.294E-01    0.000E+00    0.000E+00    0.000E+00    0.000E+00
     1.000     0.179    0.751E+00    0.443E+00    0.829E+00    0.574E-01    0.985E-01    0.292E-01    0.292E-01    0.000E+00    0.000E+00    0.000E+00    0.000E+00
     1.000     0.180    0.752E+00    0.442E+00    0.822E+00    0.571E-01    0.978E-01    0.291E-01    0.291E-01    0.000E+00    0.000E+00    0.000E+00    0.000E+00
     1.000     0.181    0.752E+00    0.441E+00    0.815E+00    0.567E-01    0.971E-01    0.289E-01    0.289E-01    0.000E+00    0.000E+00    0.000E+00    0.000E+00
     1.000     0.182    0.753E+00    0.441E+00    0.808E+00    0.564E-01    0.964E-01    0.287E-01    0.287E-01    0.000E+00    0.000E+00    0.000E+00    0.000E+00
     1.000     0.183    0.754E+00    0.440E+00    0.802E+00    0.560E-01    0.958E-01    0.285E-01    0.285E-01    0.000E+00    0.000E+00    0.000E+00    0.000E+00
     1.000     0.184    0.755E+00    0.440E+00    0.795E+00    0.557E-01    0.951E-01    0.283E-01    0.283E-01    0.000E+00    0.000E+00    0.000E+00    0.000E+00
     1.000     0.185    0.756E+00    0.439E+00    0.788E+00    0.553E-01    0.944E-01    0.281E-01    0.281E-01    0.000E+00    0.000E+00    0.000E+00    0.000E+00
     1.000     0.186    0.756E+00    0.439E+00    0.781E+00    0.550E-01    0.937E-01    0.280E-01    0.280E-01    0.000E+00    0.000E+00    0.000E+00    0.000E+00
     1.000     0.187    0.757E+00    0.438E+00    0.775E+00    0.547E-01    0.930E-01    0.278E-01    0.278E-01    0.000E+00    0.000E+00    0.000E+00    0.000E+00
     1.000     0.188    0.758E+00    0.438E+00    0.768E+00    0.543E-01    0.923E-01    0.276E-01    0.276E-01    0.000E+00    0.000E+00    0.000E+00    0.000E+00
     1.000     0.189    0.758E+00    0.437E+00    0.762E+00    0.540E-01    0.917E-01    0.274E-01    0.274E-01    0.000E+00    0.000E+00    0.000E+00    0.000E+00
     1.000     0.190    0.759E+00    0.436E+00    0.755E+00    0.537E-01    0.910E-01    0.272E-01    0.272E-01    0.000E+00    0.000E+00    0.000E+00    0.000E+00
     1.000     0.191    0.760E+00    0.436E+00    0.749E+00    0.533E-01    0.903E-01    0.270E-01    0.270E-01    0.000E+00    0.000E+00    0.000E+00    0.000E+00
     1.000     0.192    0.760E+00    0.435E+00    0.743E+00    0.530E-01    0.896E-01    0.269E-01    0.269E-01    0.000E+00    0.000E+00    0.000E+00    0.000E+00
     1.000     0.193    0.761E+00    0.435E+00    0.736E+00    0.527E-01    0.889E-01    0.267E-01    0.267E-01    0.000E+00    0.000E+00    0.000E+00    0.000E+00
     1.000     0.194    0.761E+00    0.434E+00    0.730E+00    0.524E-01    0.883E-01    0.265E-01    0.265E-01    0.000E+00    0.000E+00    0.000E+00    0.000E+00
     1.000     0.195    0.762E+00    0.434E+00    0.724E+00    0.521E-01    0.876E-01    0.263E-01    0.263E-01    0.000E+00    0.000E+00    0.000E+00    0.000E+00
     1.000     0.196    0.763E+00    0.433E+00    0.718E+00    0.518E-01    0.869E-01    0.261E-01    0.261E-01    0.000E+00    0.000E+00    0.000E+00    0.000E+00
     1.000     0.197    0.763E+00    0.432E+00    0.712E+00    0.514E-01    0.862E-01    0.260E-01    0.260E-01    0.000E+00    0.000E+00    0.000E+00    0.000E+00
     1.000     0.198    0.764E+00    0.432E+00    0.706E+00    0.511E-01    0.856E-01    0.258E-01    0.258E-01    0.000E+00    0.000E+00    0.000E+00    0.000E+00
     1.000     0.199    0.764E+00    0.431E+00    0.701E+00    0.508E-01    0.849E-01    0.256E-01    0.256E-01    0.000E+00    0.000E+00    0.000E+00    0.000E+00
     1.000     0.200    0.765E+00    0.431E+00    0.695E+00    0.505E-01    0.842E-01    0.254E-01    0.254E-01    0.000E+00    0.000E+00    0.000E+00    0.000E+00
     1.000     0.201    0.765E+00    0.430E+00    0.689E+00    0.502E-01    0.835E-01    0.252E-01    0.252E-01    0.000E+00    0.000E+00    0.000E+00    0.000E+00
     1.000     0.202    0.766E+00    0.429E+00    0.684E+00    0.499E-01    0.829E-01    0.251E-01    0.251E-01    0.000E+00    0.000E+00    0.000E+00    0.000E+00
     1.000     0.203    0.766E+00    0.429E+00    0.678E+00    0.496E-01    0.822E-01    0.249E-01    0.249E-01    0.000E+00    0.000E+00    0.000E+00    0.000E+00
     1.000     0.204    0.767E+00    0.428E+00    0.672E+00    0.493E-01    0.815E-01    0.247E-01    0.247E-01    0.000E+00    0.000E+00    0.000E+00    0.000E+00
     1.000     0.205    0.767E+00    0.427E+00    0.667E+00    0.490E-01    0.809E-01    0.245E-01    0.245E-01    0.000E+00    0.000E+00    0.000E+00    0.000E+00
     1.000     0.206    0.767E+00    0.427E+00    0.662E+00    0.488E-01    0.802E-01    0.244E-01    0.244E-01    0.000E+00    0.000E+00    0.000E+00    0.000E+00
     1.000     0.207    0.768E+00    0.426E+00    0.656E+00    0.485E-01    0.796E-01    0.242E-01    0.242E-01    0.000E+00    0.000E+00    0.000E+00    0.000E+00
     1.000     0.208    0.768E+00    0.426E+00    0.651E+00    0.482E-01    0.789E-01    0.240E-01    0.240E-01    0.000E+00    0.000E+00    0.000E+00    0.000E+00
     1.000     0.209    0.769E+00    0.425E+00    0.646E+00    0.479E-01    0.783E-01    0.238E-01    0.238E-01    0.000E+00    0.000E+00    0.000E+00    0.000E+00
     1.000     0.210    0.769E+00    0.424E+00    0.641E+00    0.476E-01    0.776E-01    0.237E-01    0.237E-01    0.000E+00    0.000E+00    0.000E+00    0.000E+00
     1.000     0.211    0.769E+00    0.424E+00    0.635E+00    0.473E-01    0.770E-01    0.235E-01    0.235E-01    0.000E+00    0.000E+00    0.000E+00    0.000E+00
     1.000     0.212    0.770E+00    0.423E+00    0.630E+00    0.470E-01    0.763E-01    0.233E-01    0.233E-01    0.000E+00    0.000E+00    0.000E+00    0.000E+00
     1.000     0.213    0.770E+00    0.422E+00    0.625E+00    0.467E-01    0.757E-01    0.232E-01    0.232E-01    0.000E+00    0.000E+00    0.000E+00    0.000E+00
     1.000     0.214    0.770E+00    0.422E+00    0.621E+00    0.465E-01    0.750E-01    0.230E-01    0.230E-01    0.000E+00    0.000E+00    0.000E+00    0.000E+00
     1.000     0.215    0.770E+00    0.421E+00    0.616E+00    0.462E-01    0.744E-01    0.228E-01    0.228E-01    0.000E+00    0.000E+00    0.000E+00    0.000E+00
     1.000     0.216    0.771E+00    0.420E+00    0.611E+00    0.459E-01    0.738E-01    0.226E-01    0.226E-01    0.000E+00    0.000E+00    0.000E+00    0.000E+00
     1.000     0.217    0.771E+00    0.420E+00    0.606E+00    0.456E-01    0.731E-01    0.225E-01    0.225E-01    0.000E+00    0.000E+00    0.000E+00    0.000E+00
     1.000     0.218    0.771E+00    0.419E+00    0.601E+00    0.454E-01    0.725E-01    0.223E-01    0.223E-01    0.000E+00    0.000E+00    0.000E+00    0.000E+00
     1.000     0.219    0.771E+00    0.418E+00    0.597E+00    0.451E-01    0.719E-01    0.221E-01    0.221E-01    0.000E+00    0.000E+00    0.000E+00    0.000E+00
     1.000     0.220    0.771E+00    0.418E+00    0.592E+00    0.448E-01    0.712E-01    0.220E-01    0.220E-01    0.000E+00    0.000E+00    0.000E+00    0.000E+00
     1.000     0.221    0.772E+00    0.417E+00    0.588E+00    0.446E-01    0.706E-01    0.218E-01    0.218E-01    0.000E+00    0.000E+00    0.000E+00    0.000E+00
     1.000     0.222    0.772E+00    0.416E+00    0.583E+00    0.443E-01    0.700E-01    0.216E-01    0.216E-01    0.000E+00    0.000E+00    0.000E+00    0.000E+00
     1.000     0.223    0.772E+00    0.415E+00    0.579E+00    0.440E-01    0.694E-01    0.215E-01    0.215E-01    0.000E+00    0.000E+00    0.000E+00    0.000E+00
     1.000     0.224    0.772E+00    0.415E+00    0.574E+00    0.438E-01    0.688E-01    0.213E-01    0.213E-01    0.000E+00    0.000E+00    0.000E+00    0.000E+00
     1.000     0.225    0.772E+00    0.414E+00    0.570E+00    0.435E-01    0.682E-01    0.212E-01    0.212E-01    0.000E+00    0.000E+00    0.000E+00    0.000E+00
     1.000     0.226    0.772E+00    0.413E+00    0.565E+00    0.432E-01    0.676E-01    0.210E-01    0.210E-01    0.000E+00    0.000E+00    0.000E+00    0.000E+00
     1.000     0.227    0.772E+00    0.413E+00    0.561E+00    0.430E-01    0.670E-01    0.208E-01    0.208E-01    0.000E+00    0.000E+00    0.000E+00    0.000E+00
     1.000     0.228    0.772E+00    0.412E+00    0.557E+00    0.427E-01    0.663E-01    0.207E-01    0.207E-01    0.000E+00    0.000E+00    0.000E+00    0.000E+00
     1.000     0.229    0.773E+00    0.411E+00    0.553E+00    0.424E-01    0.657E-01    0.205E-01    0.205E-01    0.000E+00    0.000E+00    0.000E+00    0.000E+00
     1.000     0.230    0.773E+00    0.411E+00    0.549E+00    0.422E-01    0.652E-01    0.204E-01    0.204E-01    0.000E+00    0.000E+00    0.000E+00    0.000E+00
     1.000     0.231    0.773E+00    0.410E+00    0.545E+00    0.419E-01    0.646E-01    0.202E-01    0.202E-01    0.000E+00    0.000E+00    0.000E+00    0.000E+00
     1.000     0.232    0.773E+00    0.409E+00    0.541E+00    0.417E-01    0.640E-01    0.200E-01    0.200E-01    0.000E+00    0.000E+00    0.000E+00    0.000E+00
     1.000     0.233    0.773E+00    0.408E+00    0.537E+00    0.414E-01    0.634E-01    0.199E-01    0.199E-01    0.000E+00    0.000E+00    0.000E+00    0.000E+00
     1.000     0.234    0.773E+00    0.408E+00    0.533E+00    0.412E-01    0.628E-01    0.197E-01    0.197E-01    0.000E+00    0.000E+00    0.000E+00    0.000E+00
     1.000     0.235    0.773E+00    0.407E+00    0.529E+00    0.409E-01    0.622E-01    0.196E-01    0.196E-01    0.000E+00    0.000E+00    0.000E+00    0.000E+00
     1.000     0.236    0.772E+00    0.406E+00    0.525E+00    0.407E-01    0.616E-01    0.194E-01    0.194E-01    0.000E+00    0.000E+00    0.000E+00    0.000E+00
     1.000     0.237    0.772E+00    0.405E+00    0.521E+00    0.404E-01    0.611E-01    0.193E-01    0.193E-01    0.000E+00    0.000E+00    0.000E+00    0.000E+00
     1.000     0.238    0.772E+00    0.405E+00    0.517E+00    0.402E-01    0.605E-01    0.191E-01    0.191E-01    0.000E+00    0.000E+00    0.000E+00    0.000E+00
     1.000     0.239    0.772E+00    0.404E+00    0.514E+00    0.399E-01    0.599E-01    0.190E-01    0.190E-01    0.000E+00    0.000E+00    0.000E+00    0.000E+00
     1.000     0.240    0.772E+00    0.403E+00    0.510E+00    0.397E-01    0.594E-01    0.188E-01    0.188E-01    0.000E+00    0.000E+00    0.000E+00    0.000E+00
     1.000     0.241    0.772E+00    0.402E+00    0.506E+00    0.394E-01    0.588E-01    0.186E-01    0.186E-01    0.000E+00    0.000E+00    0.000E+00    0.000E+00
     1.000     0.242    0.772E+00    0.402E+00    0.503E+00    0.392E-01    0.583E-01    0.185E-01    0.185E-01    0.000E+00    0.000E+00    0.000E+00    0.000E+00
     1.000     0.243    0.772E+00    0.401E+00    0.499E+00    0.389E-01    0.577E-01    0.183E-01    0.183E-01    0.000E+00    0.000E+00    0.000E+00    0.000E+00
     1.000     0.244    0.772E+00    0.400E+00    0.496E+00    0.387E-01    0.572E-01    0.182E-01    0.182E-01    0.000E+00    0.000E+00    0.000E+00    0.000E+00
     1.000     0.245    0.771E+00    0.399E+00    0.492E+00    0.384E-01    0.566E-01    0.180E-01    0.180E-01    0.000E+00    0.000E+00    0.000E+00    0.000E+00
     1.000     0.246    0.771E+00    0.399E+00    0.489E+00    0.382E-01    0.561E-01    0.179E-01    0.179E-01    0.000E+00    0.000E+00    0.000E+00    0.000E+00
     1.000     0.247    0.771E+00    0.398E+00    0.485E+00    0.380E-01    0.555E-01    0.178E-01    0.178E-01    0.000E+00    0.000E+00    0.000E+00    0.000E+00
     1.000     0.248    0.771E+00    0.397E+00    0.482E+00    0.377E-01    0.550E-01    0.176E-01    0.176E-01    0.000E+00    0.000E+00    0.000E+00    0.000E+00
     1.000     0.249    0.770E+00    0.396E+00    0.478E+00    0.375E-01    0.545E-01    0.175E-01    0.175E-01    0.000E+00    0.000E+00    0.000E+00    0.000E+00
     1.000     0.250    0.770E+00    0.396E+00    0.475E+00    0.372E-01    0.539E-01    0.173E-01    0.173E-01    0.000E+00    0.000E+00    0.000E+00    0.000E+00
     1.000     0.251    0.770E+00    0.395E+00    0.472E+00    0.370E-01    0.534E-01    0.172E-01    0.172E-01    0.000E+00    0.000E+00    0.000E+00    0.000E+00
     1.000     0.252    0.770E+00    0.394E+00    0.469E+00    0.368E-01    0.529E-01    0.170E-01    0.170E-01    0.000E+00    0.000E+00    0.000E+00    0.000E+00
     1.000     0.253    0.769E+00    0.393E+00    0.466E+00    0.365E-01    0.524E-01    0.169E-01    0.169E-01    0.000E+00    0.000E+00    0.000E+00    0.000E+00
     1.000     0.254    0.769E+00    0.392E+00    0.462E+00    0.363E-01    0.519E-01    0.167E-01    0.167E-01    0.000E+00    0.000E+00    0.000E+00    0.000E+00
     1.000     0.255    0.769E+00    0.392E+00    0.459E+00    0.360E-01    0.513E-01    0.166E-01    0.166E-01    0.000E+00    0.000E+00    0.000E+00    0.000E+00
     1.000     0.256    0.768E+00    0.391E+00    0.456E+00    0.358E-01    0.508E-01    0.165E-01    0.165E-01    0.000E+00    0.000E+00    0.000E+00    0.000E+00
     1.000     0.257    0.768E+00    0.390E+00    0.453E+00    0.356E-01    0.503E-01    0.163E-01    0.163E-01    0.000E+00    0.000E+00    0.000E+00    0.000E+00
     1.000     0.258    0.768E+00    0.389E+00    0.450E+00    0.353E-01    0.498E-01    0.162E-01    0.162E-01    0.000E+00    0.000E+00    0.000E+00    0.000E+00
     1.000     0.259    0.767E+00    0.388E+00    0.447E+00    0.351E-01    0.493E-01    0.161E-01    0.161E-01    0.000E+00    0.000E+00    0.000E+00    0.000E+00
     1.000     0.260    0.767E+00    0.388E+00    0.444E+00    0.349E-01    0.489E-01    0.159E-01    0.159E-01    0.000E+00    0.000E+00    0.000E+00    0.000E+00
     1.000     0.261    0.766E+00    0.387E+00    0.441E+00    0.346E-01    0.484E-01    0.158E-01    0.158E-01    0.000E+00    0.000E+00    0.000E+00    0.000E+00
     1.000     0.262    0.766E+00    0.386E+00    0.438E+00    0.344E-01    0.479E-01    0.156E-01    0.156E-01    0.000E+00    0.000E+00    0.000E+00    0.000E+00
     1.000     0.263    0.766E+00    0.385E+00    0.436E+00    0.342E-01    0.474E-01    0.155E-01    0.155E-01    0.000E+00    0.000E+00    0.000E+00    0.000E+00
     1.000     0.264    0.765E+00    0.384E+00    0.433E+00    0.339E-01    0.469E-01    0.154E-01    0.154E-01    0.000E+00    0.000E+00    0.000E+00    0.000E+00
     1.000     0.265    0.765E+00    0.383E+00    0.430E+00    0.337E-01    0.464E-01    0.152E-01    0.152E-01    0.000E+00    0.000E+00    0.000E+00    0.000E+00
     1.000     0.266    0.764E+00    0.383E+00    0.427E+00    0.335E-01    0.460E-01    0.151E-01    0.151E-01    0.000E+00    0.000E+00    0.000E+00    0.000E+00
     1.000     0.267    0.764E+00    0.382E+00    0.424E+00    0.333E-01    0.455E-01    0.150E-01    0.150E-01    0.000E+00    0.000E+00    0.000E+00    0.000E+00
     1.000     0.268    0.763E+00    0.381E+00    0.422E+00    0.330E-01    0.450E-01    0.148E-01    0.148E-01    0.000E+00    0.000E+00    0.000E+00    0.000E+00
     1.000     0.269    0.763E+00    0.380E+00    0.419E+00    0.328E-01    0.446E-01    0.147E-01    0.147E-01    0.000E+00    0.000E+00    0.000E+00    0.000E+00
     1.000     0.270    0.762E+00    0.379E+00    0.416E+00    0.326E-01    0.441E-01    0.146E-01    0.146E-01    0.000E+00    0.000E+00    0.000E+00    0.000E+00
     1.000     0.271    0.762E+00    0.378E+00    0.414E+00    0.323E-01    0.437E-01    0.145E-01    0.145E-01    0.000E+00    0.000E+00    0.000E+00    0.000E+00
     1.000     0.272    0.761E+00    0.378E+00    0.411E+00    0.321E-01    0.432E-01    0.143E-01    0.143E-01    0.000E+00    0.000E+00    0.000E+00    0.000E+00
     1.000     0.273    0.761E+00    0.377E+00    0.409E+00    0.319E-01    0.428E-01    0.142E-01    0.142E-01    0.000E+00    0.000E+00    0.000E+00    0.000E+00
     1.000     0.274    0.760E+00    0.376E+00    0.406E+00    0.317E-01    0.424E-01    0.141E-01    0.141E-01    0.000E+00    0.000E+00    0.000E+00    0.000E+00
     1.000     0.275    0.759E+00    0.375E+00    0.404E+00    0.314E-01    0.419E-01    0.140E-01    0.140E-01    0.000E+00    0.000E+00    0.000E+00    0.000E+00
     1.000     0.276    0.759E+00    0.374E+00    0.401E+00    0.312E-01    0.415E-01    0.138E-01    0.138E-01    0.000E+00    0.000E+00    0.000E+00    0.000E+00
     1.000     0.277    0.758E+00    0.373E+00    0.399E+00    0.310E-01    0.411E-01    0.137E-01    0.137E-01    0.000E+00    0.000E+00    0.000E+00    0.000E+00
     1.000     0.278    0.757E+00    0.372E+00    0.396E+00    0.308E-01    0.406E-01    0.136E-01    0.136E-01    0.000E+00    0.000E+00    0.000E+00    0.000E+00
     1.000     0.279    0.757E+00    0.371E+00    0.394E+00    0.306E-01    0.402E-01    0.135E-01    0.135E-01    0.000E+00    0.000E+00    0.000E+00    0.000E+00
     1.000     0.280    0.756E+00    0.371E+00    0.391E+00    0.303E-01    0.398E-01    0.133E-01    0.133E-01    0.000E+00    0.000E+00    0.000E+00    0.000E+00
     1.000     0.281    0.756E+00    0.370E+00    0.389E+00    0.301E-01    0.394E-01    0.132E-01    0.132E-01    0.000E+00    0.000E+00    0.000E+00    0.000E+00
     1.000     0.282    0.755E+00    0.369E+00    0.387E+00    0.299E-01    0.390E-01    0.131E-01    0.131E-01    0.000E+00    0.000E+00    0.000E+00    0.000E+00
     1.000     0.283    0.754E+00    0.368E+00    0.384E+00    0.297E-01    0.386E-01    0.130E-01    0.130E-01    0.000E+00    0.000E+00    0.000E+00    0.000E+00
     1.000     0.284    0.753E+00    0.367E+00    0.382E+00    0.295E-01    0.381E-01    0.129E-01    0.129E-01    0.000E+00    0.000E+00    0.000E+00    0.000E+00
     1.000     0.285    0.753E+00    0.366E+00    0.380E+00    0.292E-01    0.377E-01    0.128E-01    0.128E-01    0.000E+00    0.000E+00    0.000E+00    0.000E+00
     1.000     0.286    0.752E+00    0.365E+00    0.378E+00    0.290E-01    0.373E-01    0.126E-01    0.126E-01    0.000E+00    0.000E+00    0.000E+00    0.000E+00
     1.000     0.287    0.751E+00    0.364E+00    0.375E+00    0.288E-01    0.370E-01    0.125E-01    0.125E-01    0.000E+00    0.000E+00    0.000E+00    0.000E+00
     1.000     0.288    0.750E+00    0.363E+00    0.373E+00    0.286E-01    0.366E-01    0.124E-01    0.124E-01    0.000E+00    0.000E+00    0.000E+00    0.000E+00
     1.000     0.289    0.750E+00    0.362E+00    0.371E+00    0.284E-01    0.362E-01    0.123E-01    0.123E-01    0.000E+00    0.000E+00    0.000E+00    0.000E+00
     1.000     0.290    0.749E+00    0.362E+00    0.369E+00    0.282E-01    0.358E-01    0.122E-01    0.122E-01    0.000E+00    0.000E+00    0.000E+00    0.000E+00
     1.000     0.291    0.748E+00    0.361E+00    0.367E+00    0.280E-01    0.354E-01    0.121E-01    0.121E-01    0.000E+00    0.000E+00    0.000E+00    0.000E+00
     1.000     0.292    0.747E+00    0.360E+00    0.365E+00    0.277E-01    0.350E-01    0.120E-01    0.120E-01    0.000E+00    0.000E+00    0.000E+00    0.000E+00
     1.000     0.293    0.747E+00    0.359E+00    0.362E+00    0.275E-01    0.347E-01    0.118E-01    0.118E-01    0.000E+00    0.000E+00    0.000E+00    0.000E+00
     1.000     0.294    0.746E+00    0.358E+00    0.360E+00    0.273E-01    0.343E-01    0.117E-01    0.117E-01    0.000E+00    0.000E+00    0.000E+00    0.000E+00
     1.000     0.295    0.745E+00    0.357E+00    0.358E+00    0.271E-01    0.339E-01    0.116E-01    0.116E-01    0.000E+00    0.000E+00    0.000E+00    0.000E+00
     1.000     0.296    0.744E+00    0.356E+00    0.356E+00    0.269E-01    0.336E-01    0.115E-01    0.115E-01    0.000E+00    0.000E+00    0.000E+00    0.000E+00
     1.000     0.297    0.743E+00    0.355E+00    0.354E+00    0.267E-01    0.332E-01    0.114E-01    0.114E-01    0.000E+00    0.000E+00    0.000E+00    0.000E+00
     1.000     0.298    0.742E+00    0.354E+00    0.352E+00    0.265E-01    0.328E-01    0.113E-01    0.113E-01    0.000E+00    0.000E+00    0.000E+00    0.000E+00
     1.000     0.299    0.741E+00    0.353E+00    0.350E+00    0.263E-01    0.325E-01    0.112E-01    0.112E-01    0.000E+00    0.000E+00    0.000E+00    0.000E+00
     1.000     0.300    0.741E+00    0.352E+00    0.348E+00    0.261E-01    0.321E-01    0.111E-01    0.111E-01    0.000E+00    0.000E+00    0.000E+00    0.000E+00
     1.000     0.301    0.740E+00    0.351E+00    0.346E+00    0.259E-01    0.318E-01    0.110E-01    0.110E-01    0.000E+00    0.000E+00    0.000E+00    0.000E+00
     1.000     0.302    0.739E+00    0.350E+00    0.344E+00    0.256E-01    0.315E-01    0.109E-01    0.109E-01    0.000E+00    0.000E+00    0.000E+00    0.000E+00
     1.000     0.303    0.738E+00    0.349E+00    0.342E+00    0.254E-01    0.311E-01    0.108E-01    0.108E-01    0.000E+00    0.000E+00    0.000E+00    0.000E+00
     1.000     0.304    0.737E+00    0.348E+00    0.341E+00    0.252E-01    0.308E-01    0.107E-01    0.107E-01    0.000E+00    0.000E+00    0.000E+00    0.000E+00
     1.000     0.305    0.736E+00    0.347E+00    0.339E+00    0.250E-01    0.304E-01    0.106E-01    0.106E-01    0.000E+00    0.000E+00    0.000E+00    0.000E+00
     1.000     0.306    0.735E+00    0.346E+00    0.337E+00    0.248E-01    0.301E-01    0.105E-01    0.105E-01    0.000E+00    0.000E+00    0.000E+00    0.000E+00
     1.000     0.307    0.734E+00    0.345E+00    0.335E+00    0.246E-01    0.298E-01    0.104E-01    0.104E-01    0.000E+00    0.000E+00    0.000E+00    0.000E+00
     1.000     0.308    0.733E+00    0.345E+00    0.333E+00    0.244E-01    0.295E-01    0.103E-01    0.103E-01    0.000E+00    0.000E+00    0.000E+00    0.000E+00
     1.000     0.309    0.732E+00    0.344E+00    0.331E+00    0.242E-01    0.291E-01    0.102E-01    0.102E-01    0.000E+00    0.000E+00    0.000E+00    0.000E+00
     1.000     0.310    0.731E+00    0.343E+00    0.329E+00    0.240E-01    0.288E-01    0.101E-01    0.101E-01    0.000E+00    0.000E+00    0.000E+00    0.000E+00
     1.000     0.311    0.730E+00    0.342E+00    0.328E+00    0.238E-01    0.285E-01    0.997E-02    0.997E-02    0.000E+00    0.000E+00    0.000E+00    0.000E+00
     1.000     0.312    0.729E+00    0.341E+00    0.326E+00    0.236E-01    0.282E-01    0.987E-02    0.987E-02    0.000E+00    0.000E+00    0.000E+00    0.000E+00
     1.000     0.313    0.728E+00    0.340E+00    0.324E+00    0.234E-01    0.279E-01    0.977E-02    0.977E-02    0.000E+00    0.000E+00    0.000E+00    0.000E+00
     1.000     0.314    0.727E+00    0.339E+00    0.322E+00    0.232E-01    0.276E-01    0.968E-02    0.968E-02    0.000E+00    0.000E+00    0.000E+00    0.000E+00
     1.000     0.315    0.726E+00    0.338E+00    0.321E+00    0.230E-01    0.273E-01    0.958E-02    0.958E-02    0.000E+00    0.000E+00    0.000E+00    0.000E+00
     1.000     0.316    0.725E+00    0.337E+00    0.319E+00    0.228E-01    0.270E-01    0.949E-02    0.949E-02    0.000E+00    0.000E+00    0.000E+00    0.000E+00
     1.000     0.317    0.724E+00    0.336E+00    0.317E+00    0.226E-01    0.267E-01    0.939E-02    0.939E-02    0.000E+00    0.000E+00    0.000E+00    0.000E+00
     1.000     0.318    0.723E+00    0.335E+00    0.316E+00    0.225E-01    0.264E-01    0.930E-02    0.930E-02    0.000E+00    0.000E+00    0.000E+00    0.000E+00
     1.000     0.319    0.722E+00    0.334E+00    0.314E+00    0.223E-01    0.261E-01    0.921E-02    0.921E-02    0.000E+00    0.000E+00    0.000E+00    0.000E+00
     1.000     0.320    0.720E+00    0.333E+00    0.312E+00    0.221E-01    0.258E-01    0.912E-02    0.912E-02    0.000E+00    0.000E+00    0.000E+00    0.000E+00
     1.000     0.321    0.719E+00    0.332E+00    0.311E+00    0.219E-01    0.255E-01    0.903E-02    0.903E-02    0.000E+00    0.000E+00    0.000E+00    0.000E+00
     1.000     0.322    0.718E+00    0.331E+00    0.309E+00    0.217E-01    0.252E-01    0.894E-02    0.894E-02    0.000E+00    0.000E+00    0.000E+00    0.000E+00
     1.000     0.323    0.717E+00    0.330E+00    0.307E+00    0.215E-01    0.249E-01    0.885E-02    0.885E-02    0.000E+00    0.000E+00    0.000E+00    0.000E+00
     1.000     0.324    0.716E+00    0.328E+00    0.306E+00    0.213E-01    0.247E-01    0.876E-02    0.876E-02    0.000E+00    0.000E+00    0.000E+00    0.000E+00
     1.000     0.325    0.715E+00    0.327E+00    0.304E+00    0.211E-01    0.244E-01    0.867E-02    0.867E-02    0.000E+00    0.000E+00    0.000E+00    0.000E+00
     1.000     0.326    0.714E+00    0.326E+00    0.302E+00    0.209E-01    0.241E-01    0.858E-02    0.858E-02    0.000E+00    0.000E+00    0.000E+00    0.000E+00
     1.000     0.327    0.712E+00    0.325E+00    0.301E+00    0.207E-01    0.239E-01    0.850E-02    0.850E-02    0.000E+00    0.000E+00    0.000E+00    0.000E+00
     1.000     0.328    0.711E+00    0.324E+00    0.299E+00    0.206E-01    0.236E-01    0.841E-02    0.841E-02    0.000E+00    0.000E+00    0.000E+00    0.000E+00
     1.000     0.329    0.710E+00    0.323E+00    0.298E+00    0.204E-01    0.233E-01    0.832E-02    0.832E-02    0.000E+00    0.000E+00    0.000E+00    0.000E+00
     1.000     0.330    0.709E+00    0.322E+00    0.296E+00    0.202E-01    0.231E-01    0.824E-02    0.824E-02    0.000E+00    0.000E+00    0.000E+00    0.000E+00
     1.000     0.331    0.708E+00    0.321E+00    0.295E+00    0.200E-01    0.228E-01    0.816E-02    0.816E-02    0.000E+00    0.000E+00    0.000E+00    0.000E+00
     1.000     0.332    0.706E+00    0.320E+00    0.293E+00    0.198E-01    0.225E-01    0.807E-02    0.807E-02    0.000E+00    0.000E+00    0.000E+00    0.000E+00
     1.000     0.333    0.705E+00    0.319E+00    0.292E+00    0.197E-01    0.223E-01    0.799E-02    0.799E-02    0.000E+00    0.000E+00    0.000E+00    0.000E+00
     1.000     0.334    0.704E+00    0.318E+00    0.290E+00    0.195E-01    0.220E-01    0.791E-02    0.791E-02    0.000E+00    0.000E+00    0.000E+00    0.000E+00
     1.000     0.335    0.703E+00    0.317E+00    0.289E+00    0.193E-01    0.218E-01    0.783E-02    0.783E-02    0.000E+00    0.000E+00    0.000E+00    0.000E+00
     1.000     0.336    0.702E+00    0.316E+00    0.287E+00    0.191E-01    0.215E-01    0.774E-02    0.774E-02    0.000E+00    0.000E+00    0.000E+00    0.000E+00
     1.000     0.337    0.700E+00    0.315E+00    0.286E+00    0.189E-01    0.213E-01    0.766E-02    0.766E-02    0.000E+00    0.000E+00    0.000E+00    0.000E+00
     1.000     0.338    0.699E+00    0.314E+00    0.284E+00    0.188E-01    0.211E-01    0.759E-02    0.759E-02    0.000E+00    0.000E+00    0.000E+00    0.000E+00
     1.000     0.339    0.698E+00    0.313E+00    0.283E+00    0.186E-01    0.208E-01    0.751E-02    0.751E-02    0.000E+00    0.000E+00    0.000E+00    0.000E+00
     1.000     0.340    0.696E+00    0.312E+00    0.281E+00    0.184E-01    0.206E-01    0.743E-02    0.743E-02    0.000E+00    0.000E+00    0.000E+00    0.000E+00
     1.000     0.341    0.695E+00    0.311E+00    0.280E+00    0.182E-01    0.204E-01    0.735E-02    0.735E-02    0.000E+00    0.000E+00    0.000E+00    0.000E+00
     1.000     0.342    0.694E+00    0.310E+00    0.278E+00    0.181E-01    0.201E-01    0.727E-02    0.727E-02    0.000E+00    0.000E+00    0.000E+00    0.000E+00
     1.000     0.343    0.693E+00    0.308E+00    0.277E+00    0.179E-01    0.199E-01    0.720E-02    0.720E-02    0.000E+00    0.000E+00    0.000E+00    0.000E+00
     1.000     0.344    0.691E+00    0.307E+00    0.276E+00    0.177E-01    0.197E-01    0.712E-02    0.712E-02    0.000E+00    0.000E+00    0.000E+00    0.000E+00
     1.000     0.345    0.690E+00    0.306E+00    0.274E+00    0.176E-01    0.194E-01    0.705E-02    0.705E-02    0.000E+00    0.000E+00    0.000E+00    0.000E+00
     1.000     0.346    0.689E+00    0.305E+00    0.273E+00    0.174E-01    0.192E-01    0.697E-02    0.697E-02    0.000E+00    0.000E+00    0.000E+00    0.000E+00
     1.000     0.347    0.687E+00    0.304E+00    0.271E+00    0.172E-01    0.190E-01    0.690E-02    0.690E-02    0.000E+00    0.000E+00    0.000E+00    0.000E+00
     1.000     0.348    0.686E+00    0.303E+00    0.270E+00    0.171E-01    0.188E-01    0.683E-02    0.683E-02    0.000E+00    0.000E+00    0.000E+00    0.000E+00
     1.000     0.349    0.685E+00    0.302E+00    0.269E+00    0.169E-01    0.186E-01    0.675E-02    0.675E-02    0.000E+00    0.000E+00    0.000E+00    0.000E+00
     1.000     0.350    0.683E+00    0.301E+00    0.267E+00    0.167E-01    0.184E-01    0.668E-02    0.668E-02    0.000E+00    0.000E+00    0.000E+00    0.000E+00
     1.000     0.351    0.682E+00    0.300E+00    0.266E+00    0.166E-01    0.181E-01    0.661E-02    0.661E-02    0.000E+00    0.000E+00    0.000E+00    0.000E+00
     1.000     0.352    0.680E+00    0.299E+00    0.265E+00    0.164E-01    0.179E-01    0.654E-02    0.654E-02    0.000E+00    0.000E+00    0.000E+00    0.000E+00
     1.000     0.353    0.679E+00    0.298E+00    0.263E+00    0.162E-01    0.177E-01    0.647E-02    0.647E-02    0.000E+00    0.000E+00    0.000E+00    0.000E+00
     1.000     0.354    0.678E+00    0.296E+00    0.262E+00    0.161E-01    0.175E-01    0.640E-02    0.640E-02    0.000E+00    0.000E+00    0.000E+00    0.000E+00
     1.000     0.355    0.676E+00    0.295E+00    0.261E+00    0.159E-01    0.173E-01    0.633E-02    0.633E-02    0.000E+00    0.000E+00    0.000E+00    0.000E+00
     1.000     0.356    0.675E+00    0.294E+00    0.259E+00    0.158E-01    0.171E-01    0.626E-02    0.626E-02    0.000E+00    0.000E+00    0.000E+00    0.000E+00
     1.000     0.357    0.673E+00    0.293E+00    0.258E+00    0.156E-01    0.169E-01    0.619E-02    0.619E-02    0.000E+00    0.000E+00    0.000E+00    0.000E+00
     1.000     0.358    0.672E+00    0.292E+00    0.257E+00    0.154E-01    0.167E-01    0.613E-02    0.613E-02    0.000E+00    0.000E+00    0.000E+00    0.000E+00
     1.000     0.359    0.671E+00    0.291E+00    0.255E+00    0.153E-01    0.165E-01    0.606E-02    0.606E-02    0.000E+00    0.000E+00    0.000E+00    0.000E+00
     1.000     0.360    0.669E+00    0.290E+00    0.254E+00    0.151E-01    0.163E-01    0.599E-02    0.599E-02    0.000E+00    0.000E+00    0.000E+00    0.000E+00
     1.000     0.361    0.668E+00    0.289E+00    0.253E+00    0.150E-01    0.162E-01    0.593E-02    0.593E-02    0.000E+00    0.000E+00    0.000E+00    0.000E+00
     1.000     0.362    0.666E+00    0.288E+00    0.251E+00    0.148E-01    0.160E-01    0.586E-02    0.586E-02    0.000E+00    0.000E+00    0.000E+00    0.000E+00
     1.000     0.363    0.665E+00    0.286E+00    0.250E+00    0.147E-01    0.158E-01    0.580E-02    0.580E-02    0.000E+00    0.000E+00    0.000E+00    0.000E+00
     1.000     0.364    0.663E+00    0.285E+00    0.249E+00    0.145E-01    0.156E-01    0.574E-02    0.574E-02    0.000E+00    0.000E+00    0.000E+00    0.000E+00
     1.000     0.365    0.662E+00    0.284E+00    0.248E+00    0.144E-01    0.154E-01    0.567E-02    0.567E-02    0.000E+00    0.000E+00    0.000E+00    0.000E+00
     1.000     0.366    0.660E+00    0.283E+00    0.246E+00    0.142E-01    0.152E-01    0.561E-02    0.561E-02    0.000E+00    0.000E+00    0.000E+00    0.000E+00
     1.000     0.367    0.659E+00    0.282E+00    0.245E+00    0.141E-01    0.151E-01    0.555E-02    0.555E-02    0.000E+00    0.000E+00    0.000E+00    0.000E+00
     1.000     0.368    0.657E+00    0.281E+00    0.244E+00    0.139E-01    0.149E-01    0.549E-02    0.549E-02    0.000E+00    0.000E+00    0.000E+00    0.000E+00
     1.000     0.369    0.656E+00    0.280E+00    0.243E+00    0.138E-01    0.147E-01    0.543E-02    0.543E-02    0.000E+00    0.000E+00    0.000E+00    0.000E+00
     1.000     0.370    0.654E+00    0.279E+00    0.241E+00    0.136E-01    0.145E-01    0.537E-02    0.537E-02    0.000E+00    0.000E+00    0.000E+00    0.000E+00
     1.000     0.371    0.653E+00    0.277E+00    0.240E+00    0.135E-01    0.144E-01    0.531E-02    0.531E-02    0.000E+00    0.000E+00    0.000E+00    0.000E+00
     1.000     0.372    0.651E+00    0.276E+00    0.239E+00    0.134E-01    0.142E-01    0.525E-02    0.525E-02    0.000E+00    0.000E+00    0.000E+00    0.000E+00
     1.000     0.373    0.650E+00    0.275E+00    0.238E+00    0.132E-01    0.140E-01    0.519E-02    0.519E-02    0.000E+00    0.000E+00    0.000E+00    0.000E+00
     1.000     0.374    0.648E+00    0.274E+00    0.237E+00    0.131E-01    0.139E-01    0.513E-02    0.513E-02    0.000E+00    0.000E+00    0.000E+00    0.000E+00
     1.000     0.375    0.647E+00    0.273E+00    0.235E+00    0.129E-01    0.137E-01    0.507E-02    0.507E-02    0.000E+00    0.000E+00    0.000E+00    0.000E+00
     1.000     0.376    0.645E+00    0.272E+00    0.234E+00    0.128E-01    0.135E-01    0.501E-02    0.501E-02    0.000E+00    0.000E+00    0.000E+00    0.000E+00
     1.000     0.377    0.644E+00    0.271E+00    0.233E+00    0.127E-01    0.134E-01    0.496E-02    0.496E-02    0.000E+00    0.000E+00    0.000E+00    0.000E+00
     1.000     0.378    0.642E+00    0.269E+00    0.232E+00    0.125E-01    0.132E-01    0.490E-02    0.490E-02    0.000E+00    0.000E+00    0.000E+00    0.000E+00
     1.000     0.379    0.641E+00    0.268E+00    0.230E+00    0.124E-01    0.131E-01    0.485E-02    0.485E-02    0.000E+00    0.000E+00    0.000E+00    0.000E+00
     1.000     0.380    0.639E+00    0.267E+00    0.229E+00    0.123E-01    0.129E-01    0.479E-02    0.479E-02    0.000E+00    0.000E+00    0.000E+00    0.000E+00
     1.000     0.381    0.637E+00    0.266E+00    0.228E+00    0.121E-01    0.127E-01    0.474E-02    0.474E-02    0.000E+00    0.000E+00    0.000E+00    0.000E+00
     1.000     0.382    0.636E+00    0.265E+00    0.227E+00    0.120E-01    0.126E-01    0.468E-02    0.468E-02    0.000E+00    0.000E+00    0.000E+00    0.000E+00
     1.000     0.383    0.634E+00    0.264E+00    0.226E+00    0.119E-01    0.124E-01    0.463E-02    0.463E-02    0.000E+00    0.000E+00    0.000E+00    0.000E+00
     1.000     0.384    0.633E+00    0.262E+00    0.225E+00    0.117E-01    0.123E-01    0.457E-02    0.457E-02    0.000E+00    0.000E+00    0.000E+00    0.000E+00
     1.000     0.385    0.631E+00    0.261E+00    0.223E+00    0.116E-01    0.121E-01    0.452E-02    0.452E-02    0.000E+00    0.000E+00    0.000E+00    0.000E+00
     1.000     0.386    0.630E+00    0.260E+00    0.222E+00    0.115E-01    0.120E-01    0.447E-02    0.447E-02    0.000E+00    0.000E+00    0.000E+00    0.000E+00
     1.000     0.387    0.628E+00    0.259E+00    0.221E+00    0.113E-01    0.119E-01    0.442E-02    0.442E-02    0.000E+00    0.000E+00    0.000E+00    0.000E+00
     1.000     0.388    0.626E+00    0.258E+00    0.220E+00    0.112E-01    0.117E-01    0.437E-02    0.437E-02    0.000E+00    0.000E+00    0.000E+00    0.000E+00
     1.000     0.389    0.625E+00    0.257E+00    0.219E+00    0.111E-01    0.116E-01    0.432E-02    0.432E-02    0.000E+00    0.000E+00    0.000E+00    0.000E+00
     1.000     0.390    0.623E+00    0.256E+00    0.218E+00    0.110E-01    0.114E-01    0.427E-02    0.427E-02    0.000E+00    0.000E+00    0.000E+00    0.000E+00
     1.000     0.391    0.621E+00    0.254E+00    0.216E+00    0.108E-01    0.113E-01    0.422E-02    0.422E-02    0.000E+00    0.000E+00    0.000E+00    0.000E+00
     1.000     0.392    0.620E+00    0.253E+00    0.215E+00    0.107E-01    0.112E-01    0.417E-02    0.417E-02    0.000E+00    0.000E+00    0.000E+00    0.000E+00
     1.000     0.393    0.618E+00    0.252E+00    0.214E+00    0.106E-01    0.110E-01    0.412E-02    0.412E-02    0.000E+00    0.000E+00    0.000E+00    0.000E+00
     1.000     0.394    0.617E+00    0.251E+00    0.213E+00    0.105E-01    0.109E-01    0.407E-02    0.407E-02    0.000E+00    0.000E+00    0.000E+00    0.000E+00
     1.000     0.395    0.615E+00    0.250E+00    0.212E+00    0.104E-01    0.108E-01    0.402E-02    0.402E-02    0.000E+00    0.000E+00    0.000E+00    0.000E+00
     1.000     0.396    0.613E+00    0.249E+00    0.211E+00    0.102E-01    0.106E-01    0.397E-02    0.397E-02    0.000E+00    0.000E+00    0.000E+00    0.000E+00
     1.000     0.397    0.612E+00    0.247E+00    0.210E+00    0.101E-01    0.105E-01    0.393E-02    0.393E-02    0.000E+00    0.000E+00    0.000E+00    0.000E+00
     1.000     0.398    0.610E+00    0.246E+00    0.209E+00    0.100E-01    0.104E-01    0.388E-02    0.388E-02    0.000E+00    0.000E+00    0.000E+00    0.000E+00
     1.000     0.399    0.608E+00    0.245E+00    0.207E+00    0.990E-02    0.102E-01    0.383E-02    0.383E-02    0.000E+00    0.000E+00    0.000E+00    0.000E+00
     1.000     0.400    0.607E+00    0.244E+00    0.206E+00    0.979E-02    0.101E-01    0.379E-02    0.379E-02    0.000E+00    0.000E+00    0.000E+00    0.000E+00
     1.000     0.401    0.605E+00    0.243E+00    0.205E+00    0.967E-02    0.999E-02    0.374E-02    0.374E-02    0.000E+00    0.000E+00    0.000E+00    0.000E+00
     1.000     0.402    0.603E+00    0.242E+00    0.204E+00    0.956E-02    0.986E-02    0.370E-02    0.370E-02    0.000E+00    0.000E+00    0.000E+00    0.000E+00
     1.000     0.403    0.602E+00    0.240E+00    0.203E+00    0.945E-02    0.974E-02    0.365E-02    0.365E-02    0.000E+00    0.000E+00    0.000E+00    0.000E+00
     1.000     0.404    0.600E+00    0.239E+00    0.202E+00    0.934E-02    0.962E-02    0.361E-02    0.361E-02    0.000E+00    0.000E+00    0.000E+00    0.000E+00
     1.000     0.405    0.598E+00    0.238E+00    0.201E+00    0.923E-02    0.950E-02    0.357E-02    0.357E-02    0.000E+00    0.000E+00    0.000E+00    0.000E+00
     1.000     0.406    0.597E+00    0.237E+00    0.200E+00    0.912E-02    0.938E-02    0.352E-02    0.352E-02    0.000E+00    0.000E+00    0.000E+00    0.000E+00
     1.000     0.407    0.595E+00    0.236E+00    0.199E+00    0.902E-02    0.927E-02    0.348E-02    0.348E-02    0.000E+00    0.000E+00    0.000E+00    0.000E+00
     1.000     0.408    0.593E+00    0.235E+00    0.198E+00    0.891E-02    0.915E-02    0.344E-02    0.344E-02    0.000E+00    0.000E+00    0.000E+00    0.000E+00
     1.000     0.409    0.591E+00    0.233E+00    0.196E+00    0.881E-02    0.904E-02    0.340E-02    0.340E-02    0.000E+00    0.000E+00    0.000E+00    0.000E+00
     1.000     0.410    0.590E+00    0.232E+00    0.195E+00    0.870E-02    0.893E-02    0.336E-02    0.336E-02    0.000E+00    0.000E+00    0.000E+00    0.000E+00
     1.000     0.411    0.588E+00    0.231E+00    0.194E+00    0.860E-02    0.882E-02    0.332E-02    0.332E-02    0.000E+00    0.000E+00    0.000E+00    0.000E+00
     1.000     0.412    0.586E+00    0.230E+00    0.193E+00    0.850E-02    0.871E-02    0.328E-02    0.328E-02    0.000E+00    0.000E+00    0.000E+00    0.000E+00
     1.000     0.413    0.585E+00    0.229E+00    0.192E+00    0.839E-02    0.860E-02    0.324E-02    0.324E-02    0.000E+00    0.000E+00    0.000E+00    0.000E+00
     1.000     0.414    0.583E+00    0.228E+00    0.191E+00    0.829E-02    0.849E-02    0.320E-02    0.320E-02    0.000E+00    0.000E+00    0.000E+00    0.000E+00
     1.000     0.415    0.581E+00    0.226E+00    0.190E+00    0.819E-02    0.838E-02    0.316E-02    0.316E-02    0.000E+00    0.000E+00    0.000E+00    0.000E+00
     1.000     0.416    0.579E+00    0.225E+00    0.189E+00    0.809E-02    0.828E-02    0.312E-02    0.312E-02    0.000E+00    0.000E+00    0.000E+00    0.000E+00
     1.000     0.417    0.578E+00    0.224E+00    0.188E+00    0.800E-02    0.817E-02    0.308E-02    0.308E-02    0.000E+00    0.000E+00    0.000E+00    0.000E+00
     1.000     0.418    0.576E+00    0.223E+00    0.187E+00    0.790E-02    0.807E-02    0.304E-02    0.304E-02    0.000E+00    0.000E+00    0.000E+00    0.000E+00
     1.000     0.419    0.574E+00    0.222E+00    0.186E+00    0.780E-02    0.797E-02    0.300E-02    0.300E-02    0.000E+00    0.000E+00    0.000E+00    0.000E+00
     1.000     0.420    0.572E+00    0.221E+00    0.185E+00    0.771E-02    0.787E-02    0.297E-02    0.297E-02    0.000E+00    0.000E+00    0.000E+00    0.000E+00
     1.000     0.421    0.571E+00    0.219E+00    0.184E+00    0.762E-02    0.777E-02    0.293E-02    0.293E-02    0.000E+00    0.000E+00    0.000E+00    0.000E+00
     1.000     0.422    0.569E+00    0.218E+00    0.183E+00    0.752E-02    0.767E-02    0.289E-02    0.289E-02    0.000E+00    0.000E+00    0.000E+00    0.000E+00
     1.000     0.423    0.567E+00    0.217E+00    0.182E+00    0.743E-02    0.757E-02    0.286E-02    0.286E-02    0.000E+00    0.000E+00    0.000E+00    0.000E+00
     1.000     0.424    0.565E+00    0.216E+00    0.180E+00    0.734E-02    0.747E-02    0.282E-02    0.282E-02    0.000E+00    0.000E+00    0.000E+00    0.000E+00
     1.000     0.425    0.564E+00    0.215E+00    0.179E+00    0.725E-02    0.738E-02    0.278E-02    0.278E-02    0.000E+00    0.000E+00    0.000E+00    0.000E+00
     1.000     0.426    0.562E+00    0.214E+00    0.178E+00    0.716E-02    0.728E-02    0.275E-02    0.275E-02    0.000E+00    0.000E+00    0.000E+00    0.000E+00
     1.000     0.427    0.560E+00    0.212E+00    0.177E+00    0.707E-02    0.719E-02    0.272E-02    0.272E-02    0.000E+00    0.000E+00    0.000E+00    0.000E+00
     1.000     0.428    0.558E+00    0.211E+00    0.176E+00    0.698E-02    0.710E-02    0.268E-02    0.268E-02    0.000E+00    0.000E+00    0.000E+00    0.000E+00
     1.000     0.429    0.557E+00    0.210E+00    0.175E+00    0.689E-02    0.700E-02    0.265E-02    0.265E-02    0.000E+00    0.000E+00    0.000E+00    0.000E+00
     1.000     0.430    0.555E+00    0.209E+00    0.174E+00    0.681E-02    0.691E-02    0.261E-02    0.261E-02    0.000E+00    0.000E+00    0.000E+00    0.000E+00
     1.000     0.431    0.553E+00    0.208E+00    0.173E+00    0.672E-02    0.683E-02    0.258E-02    0.258E-02    0.000E+00    0.000E+00    0.000E+00    0.000E+00
     1.000     0.432    0.551E+00    0.207E+00    0.172E+00    0.664E-02    0.674E-02    0.255E-02    0.255E-02    0.000E+00    0.000E+00    0.000E+00    0.000E+00
     1.000     0.433    0.549E+00    0.205E+00    0.171E+00    0.655E-02    0.665E-02    0.251E-02    0.251E-02    0.000E+00    0.000E+00    0.000E+00    0.000E+00
     1.000     0.434    0.548E+00    0.204E+00    0.170E+00    0.647E-02    0.656E-02    0.248E-02    0.248E-02    0.000E+00    0.000E+00    0.000E+00    0.000E+00
     1.000     0.435    0.546E+00    0.203E+00    0.169E+00    0.639E-02    0.648E-02    0.245E-02    0.245E-02    0.000E+00    0.000E+00    0.000E+00    0.000E+00
     1.000     0.436    0.544E+00    0.202E+00    0.168E+00    0.631E-02    0.639E-02    0.242E-02    0.242E-02    0.000E+00    0.000E+00    0.000E+00    0.000E+00
     1.000     0.437    0.542E+00    0.201E+00    0.167E+00    0.623E-02    0.631E-02    0.239E-02    0.239E-02    0.000E+00    0.000E+00    0.000E+00    0.000E+00
     1.000     0.438    0.540E+00    0.200E+00    0.166E+00    0.615E-02    0.623E-02    0.236E-02    0.236E-02    0.000E+00    0.000E+00    0.000E+00    0.000E+00
     1.000     0.439    0.539E+00    0.199E+00    0.165E+00    0.607E-02    0.615E-02    0.233E-02    0.233E-02    0.000E+00    0.000E+00    0.000E+00    0.000E+00
     1.000     0.440    0.537E+00    0.197E+00    0.164E+00    0.599E-02    0.606E-02    0.230E-02    0.230E-02    0.000E+00    0.000E+00    0.000E+00    0.000E+00
     1.000     0.441    0.535E+00    0.196E+00    0.163E+00    0.592E-02    0.598E-02    0.227E-02    0.227E-02    0.000E+00    0.000E+00    0.000E+00    0.000E+00
     1.000     0.442    0.533E+00    0.195E+00    0.162E+00    0.584E-02    0.591E-02    0.224E-02    0.224E-02    0.000E+00    0.000E+00    0.000E+00    0.000E+00
     1.000     0.443    0.531E+00    0.194E+00    0.161E+00    0.576E-02    0.583E-02    0.221E-02    0.221E-02    0.000E+00    0.000E+00    0.000E+00    0.000E+00
     1.000     0.444    0.530E+00    0.193E+00    0.160E+00    0.569E-02    0.575E-02    0.218E-02    0.218E-02    0.000E+00    0.000E+00    0.000E+00    0.000E+00
     1.000     0.445    0.528E+00    0.192E+00    0.159E+00    0.561E-02    0.567E-02    0.215E-02    0.215E-02    0.000E+00    0.000E+00    0.000E+00    0.000E+00
     1.000     0.446    0.526E+00    0.191E+00    0.158E+00    0.554E-02    0.560E-02    0.212E-02    0.212E-02    0.000E+00    0.000E+00    0.000E+00    0.000E+00
     1.000     0.447    0.524E+00    0.189E+00    0.157E+00    0.547E-02    0.552E-02    0.209E-02    0.209E-02    0.000E+00    0.000E+00    0.000E+00    0.000E+00
     1.000     0.448    0.522E+00    0.188E+00    0.156E+00    0.540E-02    0.545E-02    0.207E-02    0.207E-02    0.000E+00    0.000E+00    0.000E+00    0.000E+00
     1.000     0.449    0.521E+00    0.187E+00    0.155E+00    0.533E-02    0.538E-02    0.204E-02    0.204E-02    0.000E+00    0.000E+00    0.000E+00    0.000E+00
     1.000     0.450    0.519E+00    0.186E+00    0.154E+00    0.526E-02    0.530E-02    0.201E-02    0.201E-02    0.000E+00    0.000E+00    0.000E+00    0.000E+00
     1.000     0.451    0.517E+00    0.185E+00    0.153E+00    0.519E-02    0.523E-02    0.198E-02    0.198E-02    0.000E+00    0.000E+00    0.000E+00    0.000E+00
     1.000     0.452    0.515E+00    0.184E+00    0.152E+00    0.512E-02    0.516E-02    0.196E-02    0.196E-02    0.000E+00    0.000E+00    0.000E+00    0.000E+00
     1.000     0.453    0.513E+00    0.183E+00    0.151E+00    0.505E-02    0.509E-02    0.193E-02    0.193E-02    0.000E+00    0.000E+00    0.000E+00    0.000E+00
     1.000     0.454    0.511E+00    0.182E+00    0.150E+00    0.498E-02    0.503E-02    0.191E-02    0.191E-02    0.000E+00    0.000E+00    0.000E+00    0.000E+00
     1.000     0.455    0.510E+00    0.180E+00    0.149E+00    0.492E-02    0.496E-02    0.188E-02    0.188E-02    0.000E+00    0.000E+00    0.000E+00    0.000E+00
     1.000     0.456    0.508E+00    0.179E+00    0.148E+00    0.485E-02    0.489E-02    0.186E-02    0.186E-02    0.000E+00    0.000E+00    0.000E+00    0.000E+00
     1.000     0.457    0.506E+00    0.178E+00    0.147E+00    0.479E-02    0.482E-02    0.183E-02    0.183E-02    0.000E+00    0.000E+00    0.000E+00    0.000E+00
     1.000     0.458    0.504E+00    0.177E+00    0.147E+00    0.472E-02    0.476E-02    0.181E-02    0.181E-02    0.000E+00    0.000E+00    0.000E+00    0.000E+00
     1.000     0.459    0.502E+00    0.176E+00    0.146E+00    0.466E-02    0.469E-02    0.178E-02    0.178E-02    0.000E+00    0.000E+00    0.000E+00    0.000E+00
     1.000     0.460    0.500E+00    0.175E+00    0.145E+00    0.460E-02    0.463E-02    0.176E-02    0.176E-02    0.000E+00    0.000E+00    0.000E+00    0.000E+00
     1.000     0.461    0.498E+00    0.174E+00    0.144E+00    0.453E-02    0.456E-02    0.173E-02    0.173E-02    0.000E+00    0.000E+00    0.000E+00    0.000E+00
     1.000     0.462    0.497E+00    0.173E+00    0.143E+00    0.447E-02    0.450E-02    0.171E-02    0.171E-02    0.000E+00    0.000E+00    0.000E+00    0.000E+00
     1.000     0.463    0.495E+00    0.172E+00    0.142E+00    0.441E-02    0.444E-02    0.169E-02    0.169E-02    0.000E+00    0.000E+00    0.000E+00    0.000E+00
     1.000     0.464    0.493E+00    0.170E+00    0.141E+00    0.435E-02    0.438E-02    0.166E-02    0.166E-02    0.000E+00    0.000E+00    0.000E+00    0.000E+00
     1.000     0.465    0.491E+00    0.169E+00    0.140E+00    0.429E-02    0.432E-02    0.164E-02    0.164E-02    0.000E+00    0.000E+00    0.000E+00    0.000E+00
     1.000     0.466    0.489E+00    0.168E+00    0.139E+00    0.423E-02    0.426E-02    0.162E-02    0.162E-02    0.000E+00    0.000E+00    0.000E+00    0.000E+00
     1.000     0.467    0.487E+00    0.167E+00    0.138E+00    0.418E-02    0.420E-02    0.160E-02    0.160E-02    0.000E+00    0.000E+00    0.000E+00    0.000E+00
     1.000     0.468    0.486E+00    0.166E+00    0.137E+00    0.412E-02    0.414E-02    0.157E-02    0.157E-02    0.000E+00    0.000E+00    0.000E+00    0.000E+00
     1.000     0.469    0.484E+00    0.165E+00    0.136E+00    0.406E-02    0.408E-02    0.155E-02    0.155E-02    0.000E+00    0.000E+00    0.000E+00    0.000E+00
     1.000     0.470    0.482E+00    0.164E+00    0.135E+00    0.401E-02    0.403E-02    0.153E-02    0.153E-02    0.000E+00    0.000E+00    0.000E+00    0.000E+00
     1.000     0.471    0.480E+00    0.163E+00    0.134E+00    0.395E-02    0.397E-02    0.151E-02    0.151E-02    0.000E+00    0.000E+00    0.000E+00    0.000E+00
     1.000     0.472    0.478E+00    0.162E+00    0.133E+00    0.390E-02    0.391E-02    0.149E-02    0.149E-02    0.000E+00    0.000E+00    0.000E+00    0.000E+00
     1.000     0.473    0.476E+00    0.161E+00    0.132E+00    0.384E-02    0.386E-02    0.147E-02    0.147E-02    0.000E+00    0.000E+00    0.000E+00    0.000E+00
     1.000     0.474    0.474E+00    0.160E+00    0.132E+00    0.379E-02    0.381E-02    0.145E-02    0.145E-02    0.000E+00    0.000E+00    0.000E+00    0.000E+00
     1.000     0.475    0.473E+00    0.159E+00    0.131E+00    0.373E-02    0.375E-02    0.143E-02    0.143E-02    0.000E+00    0.000E+00    0.000E+00    0.000E+00
     1.000     0.476    0.471E+00    0.157E+00    0.130E+00    0.368E-02    0.370E-02    0.141E-02    0.141E-02    0.000E+00    0.000E+00    0.000E+00    0.000E+00
     1.000     0.477    0.469E+00    0.156E+00    0.129E+00    0.363E-02    0.365E-02    0.139E-02    0.139E-02    0.000E+00    0.000E+00    0.000E+00    0.000E+00
     1.000     0.478    0.467E+00    0.155E+00    0.128E+00    0.358E-02    0.359E-02    0.137E-02    0.137E-02    0.000E+00    0.000E+00    0.000E+00    0.000E+00
     1.000     0.479    0.465E+00    0.154E+00    0.127E+00    0.353E-02    0.354E-02    0.135E-02    0.135E-02    0.000E+00    0.000E+00    0.000E+00    0.000E+00
     1.000     0.480    0.463E+00    0.153E+00    0.126E+00    0.348E-02    0.349E-02    0.133E-02    0.133E-02    0.000E+00    0.000E+00    0.000E+00    0.000E+00
     1.000     0.481    0.461E+00    0.152E+00    0.125E+00    0.343E-02    0.344E-02    0.131E-02    0.131E-02    0.000E+00    0.000E+00    0.000E+00    0.000E+00
     1.000     0.482    0.460E+00    0.151E+00    0.124E+00    0.338E-02    0.339E-02    0.129E-02    0.129E-02    0.000E+00    0.000E+00    0.000E+00    0.000E+00
     1.000     0.483    0.458E+00    0.150E+00    0.123E+00    0.333E-02    0.334E-02    0.127E-02    0.127E-02    0.000E+00    0.000E+00    0.000E+00    0.000E+00
     1.000     0.484    0.456E+00    0.149E+00    0.123E+00    0.329E-02    0.330E-02    0.125E-02    0.125E-02    0.000E+00    0.000E+00    0.000E+00    0.000E+00
     1.000     0.485    0.454E+00    0.148E+00    0.122E+00    0.324E-02    0.325E-02    0.124E-02    0.124E-02    0.000E+00    0.000E+00    0.000E+00    0.000E+00
     1.000     0.486    0.452E+00    0.147E+00    0.121E+00    0.319E-02    0.320E-02    0.122E-02    0.122E-02    0.000E+00    0.000E+00    0.000E+00    0.000E+00
     1.000     0.487    0.450E+00    0.146E+00    0.120E+00    0.315E-02    0.316E-02    0.120E-02    0.120E-02    0.000E+00    0.000E+00    0.000E+00    0.000E+00
     1.000     0.488    0.448E+00    0.145E+00    0.119E+00    0.310E-02    0.311E-02    0.118E-02    0.118E-02    0.000E+00    0.000E+00    0.000E+00    0.000E+00
     1.000     0.489    0.447E+00    0.144E+00    0.118E+00    0.306E-02    0.306E-02    0.117E-02    0.117E-02    0.000E+00    0.000E+00    0.000E+00    0.000E+00
     1.000     0.490    0.445E+00    0.143E+00    0.117E+00    0.301E-02    0.302E-02    0.115E-02    0.115E-02    0.000E+00    0.000E+00    0.000E+00    0.000E+00
     1.000     0.491    0.443E+00    0.142E+00    0.116E+00    0.297E-02    0.298E-02    0.113E-02    0.113E-02    0.000E+00    0.000E+00    0.000E+00    0.000E+00
     1.000     0.492    0.441E+00    0.141E+00    0.116E+00    0.292E-02    0.293E-02    0.112E-02    0.112E-02    0.000E+00    0.000E+00    0.000E+00    0.000E+00
     1.000     0.493    0.439E+00    0.140E+00    0.115E+00    0.288E-02    0.289E-02    0.110E-02    0.110E-02    0.000E+00    0.000E+00    0.000E+00    0.000E+00
     1.000     0.494    0.437E+00    0.139E+00    0.114E+00    0.284E-02    0.285E-02    0.108E-02    0.108E-02    0.000E+00    0.000E+00    0.000E+00    0.000E+00
     1.000     0.495    0.435E+00    0.138E+00    0.113E+00    0.280E-02    0.280E-02    0.107E-02    0.107E-02    0.000E+00    0.000E+00    0.000E+00    0.000E+00
     1.000     0.496    0.434E+00    0.137E+00    0.112E+00    0.276E-02    0.276E-02    0.105E-02    0.105E-02    0.000E+00    0.000E+00    0.000E+00    0.000E+00
     1.000     0.497    0.432E+00    0.136E+00    0.111E+00    0.272E-02    0.272E-02    0.104E-02    0.104E-02    0.000E+00    0.000E+00    0.000E+00    0.000E+00
     1.000     0.498    0.430E+00    0.135E+00    0.110E+00    0.268E-02    0.268E-02    0.102E-02    0.102E-02    0.000E+00    0.000E+00    0.000E+00    0.000E+00
     1.000     0.499    0.428E+00    0.134E+00    0.110E+00    0.264E-02    0.264E-02    0.101E-02    0.101E-02    0.000E+00    0.000E+00    0.000E+00    0.000E+00
     1.000     0.500    0.426E+00    0.133E+00    0.109E+00    0.260E-02    0.260E-02    0.992E-03    0.992E-03    0.000E+00    0.000E+00    0.000E+00    0.000E+00
     1.000     0.501    0.424E+00    0.132E+00    0.108E+00    0.256E-02    0.256E-02    0.977E-03    0.977E-03    0.000E+00    0.000E+00    0.000E+00    0.000E+00
     1.000     0.502    0.422E+00    0.131E+00    0.107E+00    0.252E-02    0.253E-02    0.963E-03    0.963E-03    0.000E+00    0.000E+00    0.000E+00    0.000E+00
     1.000     0.503    0.421E+00    0.130E+00    0.106E+00    0.248E-02    0.249E-02    0.948E-03    0.948E-03    0.000E+00    0.000E+00    0.000E+00    0.000E+00
     1.000     0.504    0.419E+00    0.129E+00    0.105E+00    0.245E-02    0.245E-02    0.934E-03    0.934E-03    0.000E+00    0.000E+00    0.000E+00    0.000E+00
     1.000     0.505    0.417E+00    0.128E+00    0.105E+00    0.241E-02    0.241E-02    0.920E-03    0.920E-03    0.000E+00    0.000E+00    0.000E+00    0.000E+00
     1.000     0.506    0.415E+00    0.127E+00    0.104E+00    0.237E-02    0.238E-02    0.906E-03    0.906E-03    0.000E+00    0.000E+00    0.000E+00    0.000E+00
     1.000     0.507    0.413E+00    0.126E+00    0.103E+00    0.234E-02    0.234E-02    0.892E-03    0.892E-03    0.000E+00    0.000E+00    0.000E+00    0.000E+00
     1.000     0.508    0.411E+00    0.125E+00    0.102E+00    0.230E-02    0.230E-02    0.879E-03    0.879E-03    0.000E+00    0.000E+00    0.000E+00    0.000E+00
     1.000     0.509    0.409E+00    0.124E+00    0.101E+00    0.227E-02    0.227E-02    0.866E-03    0.866E-03    0.000E+00    0.000E+00    0.000E+00    0.000E+00
     1.000     0.510    0.408E+00    0.123E+00    0.100E+00    0.223E-02    0.224E-02    0.853E-03    0.853E-03    0.000E+00    0.000E+00    0.000E+00    0.000E+00
     1.000     0.511    0.406E+00    0.122E+00    0.997E-01    0.220E-02    0.220E-02    0.840E-03    0.840E-03    0.000E+00    0.000E+00    0.000E+00    0.000E+00
     1.000     0.512    0.404E+00    0.121E+00    0.989E-01    0.216E-02    0.217E-02    0.827E-03    0.827E-03    0.000E+00    0.000E+00    0.000E+00    0.000E+00
     1.000     0.513    0.402E+00    0.120E+00    0.981E-01    0.213E-02    0.213E-02    0.814E-03    0.814E-03    0.000E+00    0.000E+00    0.000E+00    0.000E+00
     1.000     0.514    0.400E+00    0.119E+00    0.973E-01    0.210E-02    0.210E-02    0.802E-03    0.802E-03    0.000E+00    0.000E+00    0.000E+00    0.000E+00
     1.000     0.515    0.398E+00    0.118E+00    0.965E-01    0.207E-02    0.207E-02    0.789E-03    0.789E-03    0.000E+00    0.000E+00    0.000E+00    0.000E+00
     1.000     0.516    0.397E+00    0.117E+00    0.957E-01    0.203E-02    0.204E-02    0.777E-03    0.777E-03    0.000E+00    0.000E+00    0.000E+00    0.000E+00
     1.000     0.517    0.395E+00    0.116E+00    0.949E-01    0.200E-02    0.201E-02    0.765E-03    0.765E-03    0.000E+00    0.000E+00    0.000E+00    0.000E+00
     1.000     0.518    0.393E+00    0.116E+00    0.941E-01    0.197E-02    0.197E-02    0.754E-03    0.754E-03    0.000E+00    0.000E+00    0.000E+00    0.000E+00
     1.000     0.519    0.391E+00    0.115E+00    0.934E-01    0.194E-02    0.194E-02    0.742E-03    0.742E-03    0.000E+00    0.000E+00    0.000E+00    0.000E+00
     1.000     0.520    0.389E+00    0.114E+00    0.926E-01    0.191E-02    0.191E-02    0.730E-03    0.730E-03    0.000E+00    0.000E+00    0.000E+00    0.000E+00
     1.000     0.521    0.387E+00    0.113E+00    0.918E-01    0.188E-02    0.188E-02    0.719E-03    0.719E-03    0.000E+00    0.000E+00    0.000E+00    0.000E+00
     1.000     0.522    0.385E+00    0.112E+00    0.910E-01    0.185E-02    0.185E-02    0.708E-03    0.708E-03    0.000E+00    0.000E+00    0.000E+00    0.000E+00
     1.000     0.523    0.384E+00    0.111E+00    0.903E-01    0.182E-02    0.182E-02    0.697E-03    0.697E-03    0.000E+00    0.000E+00    0.000E+00    0.000E+00
     1.000     0.524    0.382E+00    0.110E+00    0.895E-01    0.179E-02    0.180E-02    0.686E-03    0.686E-03    0.000E+00    0.000E+00    0.000E+00    0.000E+00
     1.000     0.525    0.380E+00    0.109E+00    0.887E-01    0.177E-02    0.177E-02    0.675E-03    0.675E-03    0.000E+00    0.000E+00    0.000E+00    0.000E+00
     1.000     0.526    0.378E+00    0.108E+00    0.880E-01    0.174E-02    0.174E-02    0.664E-03    0.664E-03    0.000E+00    0.000E+00    0.000E+00    0.000E+00
     1.000     0.527    0.376E+00    0.107E+00    0.872E-01    0.171E-02    0.171E-02    0.654E-03    0.654E-03    0.000E+00    0.000E+00    0.000E+00    0.000E+00
     1.000     0.528    0.375E+00    0.107E+00    0.865E-01    0.168E-02    0.168E-02    0.643E-03    0.643E-03    0.000E+00    0.000E+00    0.000E+00    0.000E+00
     1.000     0.529    0.373E+00    0.106E+00    0.857E-01    0.166E-02    0.166E-02    0.633E-03    0.633E-03    0.000E+00    0.000E+00    0.000E+00    0.000E+00
     1.000     0.530    0.371E+00    0.105E+00    0.850E-01    0.163E-02    0.163E-02    0.623E-03    0.623E-03    0.000E+00    0.000E+00    0.000E+00    0.000E+00
     1.000     0.531    0.369E+00    0.104E+00    0.843E-01    0.160E-02    0.160E-02    0.613E-03    0.613E-03    0.000E+00    0.000E+00    0.000E+00    0.000E+00
     1.000     0.532    0.367E+00    0.103E+00    0.835E-01    0.158E-02    0.158E-02    0.603E-03    0.603E-03    0.000E+00    0.000E+00    0.000E+00    0.000E+00
     1.000     0.533    0.365E+00    0.102E+00    0.828E-01    0.155E-02    0.155E-02    0.594E-03    0.594E-03    0.000E+00    0.000E+00    0.000E+00    0.000E+00
     1.000     0.534    0.364E+00    0.101E+00    0.821E-01    0.153E-02    0.153E-02    0.584E-03    0.584E-03    0.000E+00    0.000E+00    0.000E+00    0.000E+00
     1.000     0.535    0.362E+00    0.100E+00    0.813E-01    0.150E-02    0.150E-02    0.575E-03    0.575E-03    0.000E+00    0.000E+00    0.000E+00    0.000E+00
     1.000     0.536    0.360E+00    0.996E-01    0.806E-01    0.148E-02    0.148E-02    0.566E-03    0.566E-03    0.000E+00    0.000E+00    0.000E+00    0.000E+00
     1.000     0.537    0.358E+00    0.988E-01    0.799E-01    0.145E-02    0.146E-02    0.557E-03    0.557E-03    0.000E+00    0.000E+00    0.000E+00    0.000E+00
     1.000     0.538    0.356E+00    0.979E-01    0.792E-01    0.143E-02    0.143E-02    0.548E-03    0.548E-03    0.000E+00    0.000E+00    0.000E+00    0.000E+00
     1.000     0.539    0.355E+00    0.971E-01    0.785E-01    0.141E-02    0.141E-02    0.539E-03    0.539E-03    0.000E+00    0.000E+00    0.000E+00    0.000E+00
     1.000     0.540    0.353E+00    0.963E-01    0.777E-01    0.138E-02    0.139E-02    0.530E-03    0.530E-03    0.000E+00    0.000E+00    0.000E+00    0.000E+00
     1.000     0.541    0.351E+00    0.954E-01    0.770E-01    0.136E-02    0.136E-02    0.521E-03    0.521E-03    0.000E+00    0.000E+00    0.000E+00    0.000E+00
     1.000     0.542    0.349E+00    0.946E-01    0.763E-01    0.134E-02    0.134E-02    0.513E-03    0.513E-03    0.000E+00    0.000E+00    0.000E+00    0.000E+00
     1.000     0.543    0.347E+00    0.938E-01    0.756E-01    0.132E-02    0.132E-02    0.504E-03    0.504E-03    0.000E+00    0.000E+00    0.000E+00    0.000E+00
     1.000     0.544    0.346E+00    0.930E-01    0.749E-01    0.130E-02    0.130E-02    0.496E-03    0.496E-03    0.000E+00    0.000E+00    0.000E+00    0.000E+00
     1.000     0.545    0.344E+00    0.921E-01    0.743E-01    0.127E-02    0.128E-02    0.488E-03    0.488E-03    0.000E+00    0.000E+00    0.000E+00    0.000E+00
     1.000     0.546    0.342E+00    0.913E-01    0.736E-01    0.125E-02    0.125E-02    0.480E-03    0.480E-03    0.000E+00    0.000E+00    0.000E+00    0.000E+00
     1.000     0.547    0.340E+00    0.905E-01    0.729E-01    0.123E-02    0.123E-02    0.472E-03    0.472E-03    0.000E+00    0.000E+00    0.000E+00    0.000E+00
     1.000     0.548    0.338E+00    0.897E-01    0.722E-01    0.121E-02    0.121E-02    0.464E-03    0.464E-03    0.000E+00    0.000E+00    0.000E+00    0.000E+00
     1.000     0.549    0.337E+00    0.889E-01    0.715E-01    0.119E-02    0.119E-02    0.456E-03    0.456E-03    0.000E+00    0.000E+00    0.000E+00    0.000E+00
     1.000     0.550    0.335E+00    0.881E-01    0.709E-01    0.117E-02    0.117E-02    0.449E-03    0.449E-03    0.000E+00    0.000E+00    0.000E+00    0.000E+00
     1.000     0.551    0.333E+00    0.874E-01    0.702E-01    0.115E-02    0.115E-02    0.441E-03    0.441E-03    0.000E+00    0.000E+00    0.000E+00    0.000E+00
     1.000     0.552    0.331E+00    0.866E-01    0.695E-01    0.113E-02    0.113E-02    0.434E-03    0.434E-03    0.000E+00    0.000E+00    0.000E+00    0.000E+00
     1.000     0.553    0.330E+00    0.858E-01    0.689E-01    0.111E-02    0.111E-02    0.426E-03    0.426E-03    0.000E+00    0.000E+00    0.000E+00    0.000E+00
     1.000     0.554    0.328E+00    0.850E-01    0.682E-01    0.109E-02    0.109E-02    0.419E-03    0.419E-03    0.000E+00    0.000E+00    0.000E+00    0.000E+00
     1.000     0.555    0.326E+00    0.843E-01    0.675E-01    0.108E-02    0.108E-02    0.412E-03    0.412E-03    0.000E+00    0.000E+00    0.000E+00    0.000E+00
     1.000     0.556    0.324E+00    0.835E-01    0.669E-01    0.106E-02    0.106E-02    0.405E-03    0.405E-03    0.000E+00    0.000E+00    0.000E+00    0.000E+00
     1.000     0.557    0.322E+00    0.827E-01    0.663E-01    0.104E-02    0.104E-02    0.398E-03    0.398E-03    0.000E+00    0.000E+00    0.000E+00    0.000E+00
     1.000     0.558    0.321E+00    0.820E-01    0.656E-01    0.102E-02    0.102E-02    0.392E-03    0.392E-03    0.000E+00    0.000E+00    0.000E+00    0.000E+00
     1.000     0.559    0.319E+00    0.812E-01    0.650E-01    0.100E-02    0.100E-02    0.385E-03    0.385E-03    0.000E+00    0.000E+00    0.000E+00    0.000E+00
     1.000     0.560    0.317E+00    0.805E-01    0.643E-01    0.987E-03    0.987E-03    0.378E-03    0.378E-03    0.000E+00    0.000E+00    0.000E+00    0.000E+00
     1.000     0.561    0.315E+00    0.797E-01    0.637E-01    0.970E-03    0.970E-03    0.372E-03    0.372E-03    0.000E+00    0.000E+00    0.000E+00    0.000E+00
     1.000     0.562    0.314E+00    0.790E-01    0.631E-01    0.954E-03    0.954E-03    0.366E-03    0.366E-03    0.000E+00    0.000E+00    0.000E+00    0.000E+00
     1.000     0.563    0.312E+00    0.783E-01    0.624E-01    0.937E-03    0.937E-03    0.359E-03    0.359E-03    0.000E+00    0.000E+00    0.000E+00    0.000E+00
     1.000     0.564    0.310E+00    0.775E-01    0.618E-01    0.921E-03    0.921E-03    0.353E-03    0.353E-03    0.000E+00    0.000E+00    0.000E+00    0.000E+00
     1.000     0.565    0.309E+00    0.768E-01    0.612E-01    0.905E-03    0.905E-03    0.347E-03    0.347E-03    0.000E+00    0.000E+00    0.000E+00    0.000E+00
     1.000     0.566    0.307E+00    0.761E-01    0.606E-01    0.889E-03    0.889E-03    0.341E-03    0.341E-03    0.000E+00    0.000E+00    0.000E+00    0.000E+00
     1.000     0.567    0.305E+00    0.754E-01    0.600E-01    0.873E-03    0.874E-03    0.335E-03    0.335E-03    0.000E+00    0.000E+00    0.000E+00    0.000E+00
     1.000     0.568    0.303E+00    0.746E-01    0.594E-01    0.858E-03    0.858E-03    0.329E-03    0.329E-03    0.000E+00    0.000E+00    0.000E+00    0.000E+00
     1.000     0.569    0.302E+00    0.739E-01    0.588E-01    0.843E-03    0.843E-03    0.323E-03    0.323E-03    0.000E+00    0.000E+00    0.000E+00    0.000E+00
     1.000     0.570    0.300E+00    0.732E-01    0.582E-01    0.828E-03    0.828E-03    0.318E-03    0.318E-03    0.000E+00    0.000E+00    0.000E+00    0.000E+00
     1.000     0.571    0.298E+00    0.725E-01    0.576E-01    0.813E-03    0.813E-03    0.312E-03    0.312E-03    0.000E+00    0.000E+00    0.000E+00    0.000E+00
     1.000     0.572    0.296E+00    0.718E-01    0.570E-01    0.799E-03    0.799E-03    0.307E-03    0.307E-03    0.000E+00    0.000E+00    0.000E+00    0.000E+00
     1.000     0.573    0.295E+00    0.711E-01    0.564E-01    0.785E-03    0.785E-03    0.301E-03    0.301E-03    0.000E+00    0.000E+00    0.000E+00    0.000E+00
     1.000     0.574    0.293E+00    0.705E-01    0.558E-01    0.771E-03    0.771E-03    0.296E-03    0.296E-03    0.000E+00    0.000E+00    0.000E+00    0.000E+00
     1.000     0.575    0.291E+00    0.698E-01    0.552E-01    0.757E-03    0.757E-03    0.291E-03    0.291E-03    0.000E+00    0.000E+00    0.000E+00    0.000E+00
     1.000     0.576    0.290E+00    0.691E-01    0.547E-01    0.743E-03    0.744E-03    0.286E-03    0.286E-03    0.000E+00    0.000E+00    0.000E+00    0.000E+00
     1.000     0.577    0.288E+00    0.684E-01    0.541E-01    0.730E-03    0.730E-03    0.280E-03    0.280E-03    0.000E+00    0.000E+00    0.000E+00    0.000E+00
     1.000     0.578    0.286E+00    0.678E-01    0.535E-01    0.717E-03    0.717E-03    0.275E-03    0.275E-03    0.000E+00    0.000E+00    0.000E+00    0.000E+00
     1.000     0.579    0.285E+00    0.671E-01    0.529E-01    0.704E-03    0.704E-03    0.271E-03    0.271E-03    0.000E+00    0.000E+00    0.000E+00    0.000E+00
     1.000     0.580    0.283E+00    0.664E-01    0.524E-01    0.691E-03    0.691E-03    0.266E-03    0.266E-03    0.000E+00    0.000E+00    0.000E+00    0.000E+00
     1.000     0.581    0.281E+00    0.658E-01    0.518E-01    0.679E-03    0.679E-03    0.261E-03    0.261E-03    0.000E+00    0.000E+00    0.000E+00    0.000E+00
     1.000     0.582    0.280E+00    0.651E-01    0.513E-01    0.667E-03    0.667E-03    0.256E-03    0.256E-03    0.000E+00    0.000E+00    0.000E+00    0.000E+00
     1.000     0.583    0.278E+00    0.645E-01    0.507E-01    0.654E-03    0.654E-03    0.252E-03    0.252E-03    0.000E+00    0.000E+00    0.000E+00    0.000E+00
     1.000     0.584    0.276E+00    0.638E-01    0.502E-01    0.643E-03    0.643E-03    0.247E-03    0.247E-03    0.000E+00    0.000E+00    0.000E+00    0.000E+00
     1.000     0.585    0.274E+00    0.632E-01    0.496E-01    0.631E-03    0.631E-03    0.243E-03    0.243E-03    0.000E+00    0.000E+00    0.000E+00    0.000E+00
     1.000     0.586    0.273E+00    0.626E-01    0.491E-01    0.619E-03    0.619E-03    0.238E-03    0.238E-03    0.000E+00    0.000E+00    0.000E+00    0.000E+00
     1.000     0.587    0.271E+00    0.619E-01    0.485E-01    0.608E-03    0.608E-03    0.234E-03    0.234E-03    0.000E+00    0.000E+00    0.000E+00    0.000E+00
     1.000     0.588    0.270E+00    0.613E-01    0.480E-01    0.597E-03    0.597E-03    0.230E-03    0.230E-03    0.000E+00    0.000E+00    0.000E+00    0.000E+00
     1.000     0.589    0.268E+00    0.607E-01    0.475E-01    0.585E-03    0.585E-03    0.225E-03    0.225E-03    0.000E+00    0.000E+00    0.000E+00    0.000E+00
     1.000     0.590    0.266E+00    0.601E-01    0.470E-01    0.575E-03    0.575E-03    0.221E-03    0.221E-03    0.000E+00    0.000E+00    0.000E+00    0.000E+00
     1.000     0.591    0.265E+00    0.595E-01    0.464E-01    0.564E-03    0.564E-03    0.217E-03    0.217E-03    0.000E+00    0.000E+00    0.000E+00    0.000E+00
     1.000     0.592    0.263E+00    0.588E-01    0.459E-01    0.553E-03    0.553E-03    0.213E-03    0.213E-03    0.000E+00    0.000E+00    0.000E+00    0.000E+00
     1.000     0.593    0.261E+00    0.582E-01    0.454E-01    0.543E-03    0.543E-03    0.209E-03    0.209E-03    0.000E+00    0.000E+00    0.000E+00    0.000E+00
     1.000     0.594    0.260E+00    0.576E-01    0.449E-01    0.533E-03    0.533E-03    0.205E-03    0.205E-03    0.000E+00    0.000E+00    0.000E+00    0.000E+00
     1.000     0.595    0.258E+00    0.570E-01    0.444E-01    0.523E-03    0.523E-03    0.201E-03    0.201E-03    0.000E+00    0.000E+00    0.000E+00    0.000E+00
     1.000     0.596    0.256E+00    0.565E-01    0.439E-01    0.513E-03    0.513E-03    0.198E-03    0.198E-03    0.000E+00    0.000E+00    0.000E+00    0.000E+00
     1.000     0.597    0.255E+00    0.559E-01    0.434E-01    0.503E-03    0.503E-03    0.194E-03    0.194E-03    0.000E+00    0.000E+00    0.000E+00    0.000E+00
     1.000     0.598    0.253E+00    0.553E-01    0.429E-01    0.494E-03    0.494E-03    0.190E-03    0.190E-03    0.000E+00    0.000E+00    0.000E+00    0.000E+00
     1.000     0.599    0.252E+00    0.547E-01    0.424E-01    0.484E-03    0.484E-03    0.187E-03    0.187E-03    0.000E+00    0.000E+00    0.000E+00    0.000E+00
     1.000     0.600    0.250E+00    0.541E-01    0.419E-01    0.475E-03    0.475E-03    0.183E-03    0.183E-03    0.000E+00    0.000E+00    0.000E+00    0.000E+00
     1.000     0.601    0.248E+00    0.536E-01    0.414E-01    0.466E-03    0.466E-03    0.180E-03    0.180E-03    0.000E+00    0.000E+00    0.000E+00    0.000E+00
     1.000     0.602    0.247E+00    0.530E-01    0.409E-01    0.457E-03    0.457E-03    0.176E-03    0.176E-03    0.000E+00    0.000E+00    0.000E+00    0.000E+00
     1.000     0.603    0.245E+00    0.524E-01    0.405E-01    0.448E-03    0.448E-03    0.173E-03    0.173E-03    0.000E+00    0.000E+00    0.000E+00    0.000E+00
     1.000     0.604    0.244E+00    0.519E-01    0.400E-01    0.440E-03    0.440E-03    0.170E-03    0.170E-03    0.000E+00    0.000E+00    0.000E+00    0.000E+00
     1.000     0.605    0.242E+00    0.513E-01    0.395E-01    0.431E-03    0.431E-03    0.166E-03    0.166E-03    0.000E+00    0.000E+00    0.000E+00    0.000E+00
     1.000     0.606    0.240E+00    0.508E-01    0.391E-01    0.423E-03    0.423E-03    0.163E-03    0.163E-03    0.000E+00    0.000E+00    0.000E+00    0.000E+00
     1.000     0.607    0.239E+00    0.502E-01    0.386E-01    0.415E-03    0.415E-03    0.160E-03    0.160E-03    0.000E+00    0.000E+00    0.000E+00    0.000E+00
     1.000     0.608    0.237E+00    0.497E-01    0.381E-01    0.407E-03    0.407E-03    0.157E-03    0.157E-03    0.000E+00    0.000E+00    0.000E+00    0.000E+00
     1.000     0.609    0.236E+00    0.491E-01    0.377E-01    0.399E-03    0.399E-03    0.154E-03    0.154E-03    0.000E+00    0.000E+00    0.000E+00    0.000E+00
     1.000     0.610    0.234E+00    0.486E-01    0.372E-01    0.391E-03    0.391E-03    0.151E-03    0.151E-03    0.000E+00    0.000E+00    0.000E+00    0.000E+00
     1.000     0.611    0.233E+00    0.481E-01    0.368E-01    0.383E-03    0.383E-03    0.148E-03    0.148E-03    0.000E+00    0.000E+00    0.000E+00    0.000E+00
     1.000     0.612    0.231E+00    0.476E-01    0.363E-01    0.376E-03    0.376E-03    0.145E-03    0.145E-03    0.000E+00    0.000E+00    0.000E+00    0.000E+00
     1.000     0.613    0.229E+00    0.470E-01    0.359E-01    0.368E-03    0.368E-03    0.142E-03    0.142E-03    0.000E+00    0.000E+00    0.000E+00    0.000E+00
     1.000     0.614    0.228E+00    0.465E-01    0.355E-01    0.361E-03    0.361E-03    0.139E-03    0.139E-03    0.000E+00    0.000E+00    0.000E+00    0.000E+00
     1.000     0.615    0.226E+00    0.460E-01    0.350E-01    0.354E-03    0.354E-03    0.137E-03    0.137E-03    0.000E+00    0.000E+00    0.000E+00    0.000E+00
     1.000     0.616    0.225E+00    0.455E-01    0.346E-01    0.347E-03    0.347E-03    0.134E-03    0.134E-03    0.000E+00    0.000E+00    0.000E+00    0.000E+00
     1.000     0.617    0.223E+00    0.450E-01    0.342E-01    0.340E-03    0.340E-03    0.131E-03    0.131E-03    0.000E+00    0.000E+00    0.000E+00    0.000E+00
     1.000     0.618    0.222E+00    0.445E-01    0.337E-01    0.333E-03    0.333E-03    0.129E-03    0.129E-03    0.000E+00    0.000E+00    0.000E+00    0.000E+00
     1.000     0.619    0.220E+00    0.440E-01    0.333E-01    0.326E-03    0.326E-03    0.126E-03    0.126E-03    0.000E+00    0.000E+00    0.000E+00    0.000E+00
     1.000     0.620    0.219E+00    0.435E-01    0.329E-01    0.320E-03    0.320E-03    0.124E-03    0.124E-03    0.000E+00    0.000E+00    0.000E+00    0.000E+00
     1.000     0.621    0.217E+00    0.430E-01    0.325E-01    0.313E-03    0.313E-03    0.121E-03    0.121E-03    0.000E+00    0.000E+00    0.000E+00    0.000E+00
     1.000     0.622    0.216E+00    0.425E-01    0.321E-01    0.307E-03    0.307E-03    0.119E-03    0.119E-03    0.000E+00    0.000E+00    0.000E+00    0.000E+00
     1.000     0.623    0.214E+00    0.421E-01    0.317E-01    0.301E-03    0.301E-03    0.116E-03    0.116E-03    0.000E+00    0.000E+00    0.000E+00    0.000E+00
     1.000     0.624    0.213E+00    0.416E-01    0.313E-01    0.294E-03    0.294E-03    0.114E-03    0.114E-03    0.000E+00    0.000E+00    0.000E+00    0.000E+00
     1.000     0.625    0.211E+00    0.411E-01    0.309E-01    0.288E-03    0.288E-03    0.112E-03    0.112E-03    0.000E+00    0.000E+00    0.000E+00    0.000E+00
     1.000     0.626    0.210E+00    0.406E-01    0.305E-01    0.283E-03    0.283E-03    0.110E-03    0.110E-03    0.000E+00    0.000E+00    0.000E+00    0.000E+00
     1.000     0.627    0.208E+00    0.402E-01    0.301E-01    0.277E-03    0.277E-03    0.107E-03    0.107E-03    0.000E+00    0.000E+00    0.000E+00    0.000E+00
     1.000     0.628    0.207E+00    0.397E-01    0.297E-01    0.271E-03    0.271E-03    0.105E-03    0.105E-03    0.000E+00    0.000E+00    0.000E+00    0.000E+00
     1.000     0.629    0.205E+00    0.393E-01    0.293E-01    0.266E-03    0.266E-03    0.103E-03    0.103E-03    0.000E+00    0.000E+00    0.000E+00    0.000E+00
     1.000     0.630    0.204E+00    0.388E-01    0.289E-01    0.260E-03    0.260E-03    0.101E-03    0.101E-03    0.000E+00    0.000E+00    0.000E+00    0.000E+00
     1.000     0.631    0.202E+00    0.384E-01    0.286E-01    0.255E-03    0.255E-03    0.988E-04    0.988E-04    0.000E+00    0.000E+00    0.000E+00    0.000E+00
     1.000     0.632    0.201E+00    0.379E-01    0.282E-01    0.249E-03    0.249E-03    0.968E-04    0.968E-04    0.000E+00    0.000E+00    0.000E+00    0.000E+00
     1.000     0.633    0.199E+00    0.375E-01    0.278E-01    0.244E-03    0.244E-03    0.948E-04    0.948E-04    0.000E+00    0.000E+00    0.000E+00    0.000E+00
     1.000     0.634    0.198E+00    0.370E-01    0.274E-01    0.239E-03    0.239E-03    0.928E-04    0.928E-04    0.000E+00    0.000E+00    0.000E+00    0.000E+00
     1.000     0.635    0.196E+00    0.366E-01    0.271E-01    0.234E-03    0.234E-03    0.909E-04    0.909E-04    0.000E+00    0.000E+00    0.000E+00    0.000E+00
     1.000     0.636    0.195E+00    0.362E-01    0.267E-01    0.229E-03    0.229E-03    0.890E-04    0.890E-04    0.000E+00    0.000E+00    0.000E+00    0.000E+00
     1.000     0.637    0.194E+00    0.358E-01    0.264E-01    0.224E-03    0.224E-03    0.871E-04    0.871E-04    0.000E+00    0.000E+00    0.000E+00    0.000E+00
     1.000     0.638    0.192E+00    0.353E-01    0.260E-01    0.219E-03    0.219E-03    0.853E-04    0.853E-04    0.000E+00    0.000E+00    0.000E+00    0.000E+00
     1.000     0.639    0.191E+00    0.349E-01    0.256E-01    0.215E-03    0.215E-03    0.835E-04    0.835E-04    0.000E+00    0.000E+00    0.000E+00    0.000E+00
     1.000     0.640    0.189E+00    0.345E-01    0.253E-01    0.210E-03    0.210E-03    0.817E-04    0.817E-04    0.000E+00    0.000E+00    0.000E+00    0.000E+00
     1.000     0.641    0.188E+00    0.341E-01    0.250E-01    0.206E-03    0.206E-03    0.800E-04    0.800E-04    0.000E+00    0.000E+00    0.000E+00    0.000E+00
     1.000     0.642    0.186E+00    0.337E-01    0.246E-01    0.201E-03    0.201E-03    0.783E-04    0.783E-04    0.000E+00    0.000E+00    0.000E+00    0.000E+00
     1.000     0.643    0.185E+00    0.333E-01    0.243E-01    0.197E-03    0.197E-03    0.766E-04    0.766E-04    0.000E+00    0.000E+00    0.000E+00    0.000E+00
     1.000     0.644    0.184E+00    0.329E-01    0.239E-01    0.193E-03    0.193E-03    0.750E-04    0.750E-04    0.000E+00    0.000E+00    0.000E+00    0.000E+00
     1.000     0.645    0.182E+00    0.325E-01    0.236E-01    0.188E-03    0.188E-03    0.734E-04    0.734E-04    0.000E+00    0.000E+00    0.000E+00    0.000E+00
     1.000     0.646    0.181E+00    0.321E-01    0.233E-01    0.184E-03    0.184E-03    0.718E-04    0.718E-04    0.000E+00    0.000E+00    0.000E+00    0.000E+00
     1.000     0.647    0.179E+00    0.317E-01    0.230E-01    0.180E-03    0.180E-03    0.703E-04    0.703E-04    0.000E+00    0.000E+00    0.000E+00    0.000E+00
     1.000     0.648    0.178E+00    0.313E-01    0.226E-01    0.176E-03    0.176E-03    0.688E-04    0.688E-04    0.000E+00    0.000E+00    0.000E+00    0.000E+00
     1.000     0.649    0.177E+00    0.309E-01    0.223E-01    0.173E-03    0.173E-03    0.673E-04    0.673E-04    0.000E+00    0.000E+00    0.000E+00    0.000E+00
     1.000     0.650    0.175E+00    0.306E-01    0.220E-01    0.169E-03    0.169E-03    0.659E-04    0.659E-04    0.000E+00    0.000E+00    0.000E+00    0.000E+00
     1.000     0.651    0.174E+00    0.302E-01    0.217E-01    0.165E-03    0.165E-03    0.644E-04    0.644E-04    0.000E+00    0.000E+00    0.000E+00    0.000E+00
     1.000     0.652    0.173E+00    0.298E-01    0.214E-01    0.162E-03    0.162E-03    0.630E-04    0.630E-04    0.000E+00    0.000E+00    0.000E+00    0.000E+00
     1.000     0.653    0.171E+00    0.294E-01    0.211E-01    0.158E-03    0.158E-03    0.617E-04    0.617E-04    0.000E+00    0.000E+00    0.000E+00    0.000E+00
     1.000     0.654    0.170E+00    0.291E-01    0.208E-01    0.154E-03    0.154E-03    0.603E-04    0.603E-04    0.000E+00    0.000E+00    0.000E+00    0.000E+00
     1.000     0.655    0.169E+00    0.287E-01    0.205E-01    0.151E-03    0.151E-03    0.590E-04    0.590E-04    0.000E+00    0.000E+00    0.000E+00    0.000E+00
     1.000     0.656    0.167E+00    0.284E-01    0.202E-01    0.148E-03    0.148E-03    0.577E-04    0.577E-04    0.000E+00    0.000E+00    0.000E+00    0.000E+00
     1.000     0.657    0.166E+00    0.280E-01    0.199E-01    0.144E-03    0.144E-03    0.564E-04    0.564E-04    0.000E+00    0.000E+00    0.000E+00    0.000E+00
     1.000     0.658    0.165E+00    0.277E-01    0.196E-01    0.141E-03    0.141E-03    0.551E-04    0.551E-04    0.000E+00    0.000E+00    0.000E+00    0.000E+00
     1.000     0.659    0.163E+00    0.273E-01    0.193E-01    0.138E-03    0.138E-03    0.539E-04    0.539E-04    0.000E+00    0.000E+00    0.000E+00    0.000E+00
     1.000     0.660    0.162E+00    0.270E-01    0.190E-01    0.135E-03    0.135E-03    0.527E-04    0.527E-04    0.000E+00    0.000E+00    0.000E+00    0.000E+00
     1.000     0.661    0.161E+00    0.266E-01    0.187E-01    0.132E-03    0.132E-03    0.515E-04    0.515E-04    0.000E+00    0.000E+00    0.000E+00    0.000E+00
     1.000     0.662    0.159E+00    0.263E-01    0.185E-01    0.129E-03    0.129E-03    0.504E-04    0.504E-04    0.000E+00    0.000E+00    0.000E+00    0.000E+00
     1.000     0.663    0.158E+00    0.260E-01    0.182E-01    0.126E-03    0.126E-03    0.492E-04    0.492E-04    0.000E+00    0.000E+00    0.000E+00    0.000E+00
     1.000     0.664    0.157E+00    0.256E-01    0.179E-01    0.123E-03    0.123E-03    0.481E-04    0.481E-04    0.000E+00    0.000E+00    0.000E+00    0.000E+00
     1.000     0.665    0.155E+00    0.253E-01    0.176E-01    0.120E-03    0.120E-03    0.470E-04    0.470E-04    0.000E+00    0.000E+00    0.000E+00    0.000E+00
     1.000     0.666    0.154E+00    0.250E-01    0.174E-01    0.117E-03    0.117E-03    0.459E-04    0.459E-04    0.000E+00    0.000E+00    0.000E+00    0.000E+00
     1.000     0.667    0.153E+00    0.246E-01    0.171E-01    0.115E-03    0.115E-03    0.449E-04    0.449E-04    0.000E+00    0.000E+00    0.000E+00    0.000E+00
     1.000     0.668    0.152E+00    0.243E-01    0.168E-01    0.112E-03    0.112E-03    0.439E-04    0.439E-04    0.000E+00    0.000E+00    0.000E+00    0.000E+00
     1.000     0.669    0.150E+00    0.240E-01    0.166E-01    0.109E-03    0.109E-03    0.429E-04    0.429E-04    0.000E+00    0.000E+00    0.000E+00    0.000E+00
     1.000     0.670    0.149E+00    0.237E-01    0.163E-01    0.107E-03    0.107E-03    0.419E-04    0.419E-04    0.000E+00    0.000E+00    0.000E+00    0.000E+00
     1.000     0.671    0.148E+00    0.234E-01    0.161E-01    0.104E-03    0.104E-03    0.409E-04    0.409E-04    0.000E+00    0.000E+00    0.000E+00    0.000E+00
     1.000     0.672    0.146E+00    0.231E-01    0.158E-01    0.102E-03    0.102E-03    0.400E-04    0.400E-04    0.000E+00    0.000E+00    0.000E+00    0.000E+00
     1.000     0.673    0.145E+00    0.228E-01    0.156E-01    0.994E-04    0.994E-04    0.391E-04    0.391E-04    0.000E+00    0.000E+00    0.000E+00    0.000E+00
     1.000     0.674    0.144E+00    0.225E-01    0.153E-01    0.971E-04    0.971E-04    0.382E-04    0.382E-04    0.000E+00    0.000E+00    0.000E+00    0.000E+00
     1.000     0.675    0.143E+00    0.222E-01    0.151E-01    0.948E-04    0.948E-04    0.373E-04    0.373E-04    0.000E+00    0.000E+00    0.000E+00    0.000E+00
     1.000     0.676    0.142E+00    0.219E-01    0.149E-01    0.926E-04    0.926E-04    0.364E-04    0.364E-04    0.000E+00    0.000E+00    0.000E+00    0.000E+00
     1.000     0.677    0.140E+00    0.216E-01    0.146E-01    0.903E-04    0.903E-04    0.355E-04    0.355E-04    0.000E+00    0.000E+00    0.000E+00    0.000E+00
     1.000     0.678    0.139E+00    0.213E-01    0.144E-01    0.882E-04    0.882E-04    0.347E-04    0.347E-04    0.000E+00    0.000E+00    0.000E+00    0.000E+00
     1.000     0.679    0.138E+00    0.210E-01    0.142E-01    0.860E-04    0.860E-04    0.339E-04    0.339E-04    0.000E+00    0.000E+00    0.000E+00    0.000E+00
     1.000     0.680    0.137E+00    0.208E-01    0.139E-01    0.839E-04    0.839E-04    0.331E-04    0.331E-04    0.000E+00    0.000E+00    0.000E+00    0.000E+00
     1.000     0.681    0.135E+00    0.205E-01    0.137E-01    0.819E-04    0.819E-04    0.323E-04    0.323E-04    0.000E+00    0.000E+00    0.000E+00    0.000E+00
     1.000     0.682    0.134E+00    0.202E-01    0.135E-01    0.799E-04    0.799E-04    0.315E-04    0.315E-04    0.000E+00    0.000E+00    0.000E+00    0.000E+00
     1.000     0.683    0.133E+00    0.199E-01    0.133E-01    0.780E-04    0.780E-04    0.307E-04    0.307E-04    0.000E+00    0.000E+00    0.000E+00    0.000E+00
     1.000     0.684    0.132E+00    0.197E-01    0.131E-01    0.760E-04    0.760E-04    0.300E-04    0.300E-04    0.000E+00    0.000E+00    0.000E+00    0.000E+00
     1.000     0.685    0.131E+00    0.194E-01    0.128E-01    0.742E-04    0.742E-04    0.293E-04    0.293E-04    0.000E+00    0.000E+00    0.000E+00    0.000E+00
     1.000     0.686    0.130E+00    0.191E-01    0.126E-01    0.723E-04    0.723E-04    0.286E-04    0.286E-04    0.000E+00    0.000E+00    0.000E+00    0.000E+00
     1.000     0.687    0.128E+00    0.189E-01    0.124E-01    0.706E-04    0.706E-04    0.279E-04    0.279E-04    0.000E+00    0.000E+00    0.000E+00    0.000E+00
     1.000     0.688    0.127E+00    0.186E-01    0.122E-01    0.688E-04    0.688E-04    0.272E-04    0.272E-04    0.000E+00    0.000E+00    0.000E+00    0.000E+00
     1.000     0.689    0.126E+00    0.184E-01    0.120E-01    0.671E-04    0.671E-04    0.265E-04    0.265E-04    0.000E+00    0.000E+00    0.000E+00    0.000E+00
     1.000     0.690    0.125E+00    0.181E-01    0.118E-01    0.654E-04    0.654E-04    0.259E-04    0.259E-04    0.000E+00    0.000E+00    0.000E+00    0.000E+00
     1.000     0.691    0.124E+00    0.179E-01    0.116E-01    0.638E-04    0.638E-04    0.253E-04    0.253E-04    0.000E+00    0.000E+00    0.000E+00    0.000E+00
     1.000     0.692    0.123E+00    0.176E-01    0.114E-01    0.622E-04    0.622E-04    0.246E-04    0.246E-04    0.000E+00    0.000E+00    0.000E+00    0.000E+00
     1.000     0.693    0.121E+00    0.174E-01    0.112E-01    0.607E-04    0.607E-04    0.240E-04    0.240E-04    0.000E+00    0.000E+00    0.000E+00    0.000E+00
     1.000     0.694    0.120E+00    0.171E-01    0.110E-01    0.591E-04    0.591E-04    0.234E-04    0.234E-04    0.000E+00    0.000E+00    0.000E+00    0.000E+00
     1.000     0.695    0.119E+00    0.169E-01    0.108E-01    0.576E-04    0.576E-04    0.229E-04    0.229E-04    0.000E+00    0.000E+00    0.000E+00    0.000E+00
     1.000     0.696    0.118E+00    0.167E-01    0.107E-01    0.562E-04    0.562E-04    0.223E-04    0.223E-04    0.000E+00    0.000E+00    0.000E+00    0.000E+00
     1.000     0.697    0.117E+00    0.164E-01    0.105E-01    0.548E-04    0.548E-04    0.217E-04    0.217E-04    0.000E+00    0.000E+00    0.000E+00    0.000E+00
     1.000     0.698    0.116E+00    0.162E-01    0.103E-01    0.534E-04    0.534E-04    0.212E-04    0.212E-04    0.000E+00    0.000E+00    0.000E+00    0.000E+00
     1.000     0.699    0.115E+00    0.160E-01    0.101E-01    0.520E-04    0.520E-04    0.207E-04    0.207E-04    0.000E+00    0.000E+00    0.000E+00    0.000E+00
     1.000     0.700    0.114E+00    0.158E-01    0.993E-02    0.506E-04    0.506E-04    0.201E-04    0.201E-04    0.000E+00    0.000E+00    0.000E+00    0.000E+00
     1.000     0.701    0.113E+00    0.155E-01    0.976E-02    0.493E-04    0.493E-04    0.196E-04    0.196E-04    0.000E+00    0.000E+00    0.000E+00    0.000E+00
     1.000     0.702    0.112E+00    0.153E-01    0.959E-02    0.480E-04    0.480E-04    0.191E-04    0.191E-04    0.000E+00    0.000E+00    0.000E+00    0.000E+00
     1.000     0.703    0.110E+00    0.151E-01    0.942E-02    0.468E-04    0.468E-04    0.186E-04    0.186E-04    0.000E+00    0.000E+00    0.000E+00    0.000E+00
     1.000     0.704    0.109E+00    0.149E-01    0.925E-02    0.456E-04    0.456E-04    0.181E-04    0.181E-04    0.000E+00    0.000E+00    0.000E+00    0.000E+00
     1.000     0.705    0.108E+00    0.147E-01    0.908E-02    0.443E-04    0.443E-04    0.177E-04    0.177E-04    0.000E+00    0.000E+00    0.000E+00    0.000E+00
     1.000     0.706    0.107E+00    0.145E-01    0.892E-02    0.432E-04    0.432E-04    0.172E-04    0.172E-04    0.000E+00    0.000E+00    0.000E+00    0.000E+00
     1.000     0.707    0.106E+00    0.143E-01    0.876E-02    0.420E-04    0.420E-04    0.168E-04    0.168E-04    0.000E+00    0.000E+00    0.000E+00    0.000E+00
     1.000     0.708    0.105E+00    0.140E-01    0.860E-02    0.409E-04    0.409E-04    0.163E-04    0.163E-04    0.000E+00    0.000E+00    0.000E+00    0.000E+00
     1.000     0.709    0.104E+00    0.138E-01    0.844E-02    0.398E-04    0.398E-04    0.159E-04    0.159E-04    0.000E+00    0.000E+00    0.000E+00    0.000E+00
     1.000     0.710    0.103E+00    0.136E-01    0.829E-02    0.388E-04    0.388E-04    0.155E-04    0.155E-04    0.000E+00    0.000E+00    0.000E+00    0.000E+00
     1.000     0.711    0.102E+00    0.134E-01    0.814E-02    0.377E-04    0.377E-04    0.151E-04    0.151E-04    0.000E+00    0.000E+00    0.000E+00    0.000E+00
     1.000     0.712    0.101E+00    0.133E-01    0.799E-02    0.367E-04    0.367E-04    0.147E-04    0.147E-04    0.000E+00    0.000E+00    0.000E+00    0.000E+00
     1.000     0.713    0.100E+00    0.131E-01    0.784E-02    0.357E-04    0.357E-04    0.143E-04    0.143E-04    0.000E+00    0.000E+00    0.000E+00    0.000E+00
     1.000     0.714    0.990E-01    0.129E-01    0.769E-02    0.348E-04    0.348E-04    0.139E-04    0.139E-04    0.000E+00    0.000E+00    0.000E+00    0.000E+00
     1.000     0.715    0.980E-01    0.127E-01    0.755E-02    0.338E-04    0.338E-04    0.135E-04    0.135E-04    0.000E+00    0.000E+00    0.000E+00    0.000E+00
     1.000     0.716    0.970E-01    0.125E-01    0.741E-02    0.329E-04    0.329E-04    0.132E-04    0.132E-04    0.000E+00    0.000E+00    0.000E+00    0.000E+00
     1.000     0.717    0.960E-01    0.123E-01    0.727E-02    0.320E-04    0.320E-04    0.128E-04    0.128E-04    0.000E+00    0.000E+00    0.000E+00    0.000E+00
     1.000     0.718    0.950E-01    0.121E-01    0.713E-02    0.311E-04    0.311E-04    0.125E-04    0.125E-04    0.000E+00    0.000E+00    0.000E+00    0.000E+00
     1.000     0.719    0.940E-01    0.120E-01    0.699E-02    0.303E-04    0.303E-04    0.122E-04    0.122E-04    0.000E+00    0.000E+00    0.000E+00    0.000E+00
     1.000     0.720    0.931E-01    0.118E-01    0.686E-02    0.295E-04    0.295E-04    0.118E-04    0.118E-04    0.000E+00    0.000E+00    0.000E+00    0.000E+00
     1.000     0.721    0.921E-01    0.116E-01    0.673E-02    0.287E-04    0.287E-04    0.115E-04    0.115E-04    0.683E-09    0.683E-09    0.000E+00    0.000E+00
     1.000     0.722    0.911E-01    0.114E-01    0.660E-02    0.278E-04    0.278E-04    0.112E-04    0.112E-04    0.440E-08    0.440E-08    0.000E+00    0.000E+00
     1.000     0.723    0.902E-01    0.113E-01    0.647E-02    0.271E-04    0.271E-04    0.109E-04    0.109E-04    0.762E-08    0.762E-08    0.000E+00    0.000E+00
     1.000     0.724    0.892E-01    0.111E-01    0.634E-02    0.263E-04    0.263E-04    0.106E-04    0.106E-04    0.104E-07    0.104E-07    0.000E+00    0.000E+00
     1.000     0.725    0.883E-01    0.109E-01    0.622E-02    0.255E-04    0.255E-04    0.103E-04    0.103E-04    0.127E-07    0.127E-07    0.000E+00    0.000E+00
     1.000     0.726    0.873E-01    0.108E-01    0.610E-02    0.248E-04    0.248E-04    0.100E-04    0.100E-04    0.145E-07    0.145E-07    0.000E+00    0.000E+00
     1.000     0.727    0.864E-01    0.106E-01    0.598E-02    0.241E-04    0.241E-04    0.972E-05    0.972E-05    0.160E-07    0.160E-07    0.000E+00    0.000E+00
     1.000     0.728    0.855E-01    0.104E-01    0.586E-02    0.234E-04    0.234E-04    0.945E-05    0.945E-05    0.170E-07    0.170E-07    0.000E+00    0.000E+00
     1.000     0.729    0.845E-01    0.103E-01    0.574E-02    0.227E-04    0.227E-04    0.918E-05    0.918E-05    0.177E-07    0.177E-07    0.000E+00    0.000E+00
     1.000     0.730    0.836E-01    0.101E-01    0.562E-02    0.221E-04    0.221E-04    0.892E-05    0.892E-05    0.181E-07    0.181E-07    0.000E+00    0.000E+00
     1.000     0.731    0.827E-01    0.996E-02    0.551E-02    0.214E-04    0.214E-04    0.867E-05    0.867E-05    0.181E-07    0.181E-07    0.000E+00    0.000E+00
     1.000     0.732    0.818E-01    0.981E-02    0.540E-02    0.208E-04    0.208E-04    0.842E-05    0.842E-05    0.178E-07    0.178E-07    0.000E+00    0.000E+00
     1.000     0.733    0.809E-01    0.966E-02    0.529E-02    0.202E-04    0.202E-04    0.818E-05    0.818E-05    0.173E-07    0.173E-07    0.000E+00    0.000E+00
     1.000     0.734    0.800E-01    0.951E-02    0.518E-02    0.196E-04    0.196E-04    0.795E-05    0.795E-05    0.164E-07    0.164E-07    0.000E+00    0.000E+00
     1.000     0.735    0.791E-01    0.937E-02    0.508E-02    0.191E-04    0.191E-04    0.772E-05    0.772E-05    0.154E-07    0.154E-07    0.000E+00    0.000E+00
     1.000     0.736    0.782E-01    0.922E-02    0.497E-02    0.185E-04    0.185E-04    0.750E-05    0.750E-05    0.141E-07    0.141E-07    0.000E+00    0.000E+00
     1.000     0.737    0.773E-01    0.908E-02    0.487E-02    0.180E-04    0.180E-04    0.729E-05    0.729E-05    0.127E-07    0.127E-07    0.000E+00    0.000E+00
     1.000     0.738    0.765E-01    0.894E-02    0.477E-02    0.174E-04    0.174E-04    0.708E-05    0.708E-05    0.111E-07    0.111E-07    0.000E+00    0.000E+00
     1.000     0.739    0.756E-01    0.880E-02    0.467E-02    0.169E-04    0.169E-04    0.687E-05    0.687E-05    0.935E-08    0.935E-08    0.000E+00    0.000E+00
     1.000     0.740    0.748E-01    0.866E-02    0.457E-02    0.164E-04    0.164E-04    0.667E-05    0.667E-05    0.749E-08    0.749E-08    0.000E+00    0.000E+00
     1.000     0.741    0.739E-01    0.852E-02    0.447E-02    0.159E-04    0.159E-04    0.648E-05    0.648E-05    0.553E-08    0.553E-08    0.000E+00    0.000E+00
     1.000     0.742    0.730E-01    0.839E-02    0.438E-02    0.155E-04    0.155E-04    0.629E-05    0.629E-05    0.350E-08    0.350E-08    0.000E+00    0.000E+00
     1.000     0.743    0.722E-01    0.826E-02    0.428E-02    0.150E-04    0.150E-04    0.611E-05    0.611E-05    0.143E-08    0.143E-08    0.000E+00    0.000E+00
     1.000     0.744    0.714E-01    0.813E-02    0.419E-02    0.146E-04    0.146E-04    0.593E-05    0.593E-05    0.000E+00    0.000E+00    0.000E+00    0.000E+00
     1.000     0.745    0.705E-01    0.800E-02    0.410E-02    0.141E-04    0.141E-04    0.575E-05    0.575E-05    0.000E+00    0.000E+00    0.000E+00    0.000E+00
     1.000     0.746    0.697E-01    0.787E-02    0.401E-02    0.137E-04    0.137E-04    0.558E-05    0.558E-05    0.000E+00    0.000E+00    0.000E+00    0.000E+00
     1.000     0.747    0.689E-01    0.775E-02    0.393E-02    0.132E-04    0.132E-04    0.541E-05    0.541E-05    0.000E+00    0.000E+00    0.000E+00    0.000E+00
     1.000     0.748    0.681E-01    0.762E-02    0.384E-02    0.128E-04    0.128E-04    0.525E-05    0.525E-05    0.000E+00    0.000E+00    0.000E+00    0.000E+00
     1.000     0.749    0.673E-01    0.750E-02    0.375E-02    0.124E-04    0.124E-04    0.509E-05    0.509E-05    0.000E+00    0.000E+00    0.000E+00    0.000E+00
     1.000     0.750    0.665E-01    0.738E-02    0.367E-02    0.120E-04    0.120E-04    0.493E-05    0.493E-05    0.000E+00    0.000E+00    0.000E+00    0.000E+00
     1.000     0.751    0.657E-01    0.726E-02    0.359E-02    0.117E-04    0.117E-04    0.478E-05    0.478E-05    0.000E+00    0.000E+00    0.000E+00    0.000E+00
     1.000     0.752    0.649E-01    0.715E-02    0.351E-02    0.113E-04    0.113E-04    0.463E-05    0.463E-05    0.000E+00    0.000E+00    0.000E+00    0.000E+00
     1.000     0.753    0.641E-01    0.703E-02    0.343E-02    0.109E-04    0.109E-04    0.449E-05    0.449E-05    0.000E+00    0.000E+00    0.000E+00    0.000E+00
     1.000     0.754    0.633E-01    0.692E-02    0.335E-02    0.106E-04    0.106E-04    0.435E-05    0.435E-05    0.000E+00    0.000E+00    0.000E+00    0.000E+00
     1.000     0.755    0.625E-01    0.680E-02    0.328E-02    0.103E-04    0.103E-04    0.422E-05    0.422E-05    0.000E+00    0.000E+00    0.000E+00    0.000E+00
     1.000     0.756    0.618E-01    0.669E-02    0.320E-02    0.993E-05    0.993E-05    0.408E-05    0.408E-05    0.000E+00    0.000E+00    0.000E+00    0.000E+00
     1.000     0.757    0.610E-01    0.658E-02    0.313E-02    0.961E-05    0.961E-05    0.396E-05    0.396E-05    0.000E+00    0.000E+00    0.000E+00    0.000E+00
     1.000     0.758    0.603E-01    0.648E-02    0.306E-02    0.930E-05    0.930E-05    0.383E-05    0.383E-05    0.000E+00    0.000E+00    0.000E+00    0.000E+00
     1.000     0.759    0.595E-01    0.637E-02    0.299E-02    0.900E-05    0.900E-05    0.371E-05    0.371E-05    0.000E+00    0.000E+00    0.000E+00    0.000E+00
     1.000     0.760    0.588E-01    0.626E-02    0.292E-02    0.872E-05    0.872E-05    0.360E-05    0.360E-05    0.000E+00    0.000E+00    0.000E+00    0.000E+00
     1.000     0.761    0.580E-01    0.616E-02    0.285E-02    0.843E-05    0.843E-05    0.349E-05    0.349E-05    0.000E+00    0.000E+00    0.000E+00    0.000E+00
     1.000     0.762    0.573E-01    0.606E-02    0.278E-02    0.816E-05    0.816E-05    0.338E-05    0.338E-05    0.000E+00    0.000E+00    0.000E+00    0.000E+00
     1.000     0.763    0.566E-01    0.596E-02    0.272E-02    0.790E-05    0.790E-05    0.327E-05    0.327E-05    0.000E+00    0.000E+00    0.000E+00    0.000E+00
     1.000     0.764    0.558E-01    0.586E-02    0.265E-02    0.764E-05    0.764E-05    0.317E-05    0.317E-05    0.000E+00    0.000E+00    0.000E+00    0.000E+00
     1.000     0.765    0.551E-01    0.576E-02    0.259E-02    0.740E-05    0.740E-05    0.307E-05    0.307E-05    0.000E+00    0.000E+00    0.000E+00    0.000E+00
     1.000     0.766    0.544E-01    0.567E-02    0.253E-02    0.716E-05    0.716E-05    0.297E-05    0.297E-05    0.000E+00    0.000E+00    0.000E+00    0.000E+00
     1.000     0.767    0.537E-01    0.557E-02    0.247E-02    0.692E-05    0.692E-05    0.287E-05    0.287E-05    0.000E+00    0.000E+00    0.000E+00    0.000E+00
     1.000     0.768    0.530E-01    0.548E-02    0.241E-02    0.669E-05    0.669E-05    0.278E-05    0.278E-05    0.000E+00    0.000E+00    0.000E+00    0.000E+00
     1.000     0.769    0.523E-01    0.538E-02    0.235E-02    0.646E-05    0.646E-05    0.269E-05    0.269E-05    0.000E+00    0.000E+00    0.000E+00    0.000E+00
     1.000     0.770    0.516E-01    0.529E-02    0.229E-02    0.624E-05    0.624E-05    0.260E-05    0.260E-05    0.000E+00    0.000E+00    0.000E+00    0.000E+00
     1.000     0.771    0.509E-01    0.520E-02    0.224E-02    0.602E-05    0.602E-05    0.251E-05    0.251E-05    0.000E+00    0.000E+00    0.000E+00    0.000E+00
     1.000     0.772    0.503E-01    0.512E-02    0.218E-02    0.581E-05    0.581E-05    0.243E-05    0.243E-05    0.000E+00    0.000E+00    0.000E+00    0.000E+00
     1.000     0.773    0.496E-01    0.503E-02    0.213E-02    0.561E-05    0.561E-05    0.234E-05    0.234E-05    0.000E+00    0.000E+00    0.000E+00    0.000E+00
     1.000     0.774    0.489E-01    0.494E-02    0.207E-02    0.542E-05    0.542E-05    0.226E-05    0.226E-05    0.000E+00    0.000E+00    0.000E+00    0.000E+00
     1.000     0.775    0.483E-01    0.486E-02    0.202E-02    0.523E-05    0.523E-05    0.219E-05    0.219E-05    0.000E+00    0.000E+00    0.000E+00    0.000E+00
     1.000     0.776    0.476E-01    0.477E-02    0.197E-02    0.505E-05    0.505E-05    0.211E-05    0.211E-05    0.000E+00    0.000E+00    0.000E+00    0.000E+00
     1.000     0.777    0.470E-01    0.469E-02    0.192E-02    0.487E-05    0.487E-05    0.204E-05    0.204E-05    0.000E+00    0.000E+00    0.000E+00    0.000E+00
     1.000     0.778    0.463E-01    0.461E-02    0.187E-02    0.470E-05    0.470E-05    0.197E-05    0.197E-05    0.000E+00    0.000E+00    0.000E+00    0.000E+00
     1.000     0.779    0.457E-01    0.453E-02    0.182E-02    0.453E-05    0.453E-05    0.190E-05    0.190E-05    0.000E+00    0.000E+00    0.000E+00    0.000E+00
     1.000     0.780    0.450E-01    0.445E-02    0.178E-02    0.437E-05    0.437E-05    0.184E-05    0.184E-05    0.000E+00    0.000E+00    0.000E+00    0.000E+00
     1.000     0.781    0.444E-01    0.437E-02    0.173E-02    0.422E-05    0.422E-05    0.178E-05    0.178E-05    0.000E+00    0.000E+00    0.000E+00    0.000E+00
     1.000     0.782    0.438E-01    0.430E-02    0.168E-02    0.407E-05    0.407E-05    0.171E-05    0.171E-05    0.000E+00    0.000E+00    0.000E+00    0.000E+00
     1.000     0.783    0.432E-01    0.422E-02    0.164E-02    0.392E-05    0.392E-05    0.166E-05    0.166E-05    0.000E+00    0.000E+00    0.000E+00    0.000E+00
     1.000     0.784    0.426E-01    0.415E-02    0.160E-02    0.379E-05    0.379E-05    0.160E-05    0.160E-05    0.000E+00    0.000E+00    0.000E+00    0.000E+00
     1.000     0.785    0.420E-01    0.408E-02    0.155E-02    0.365E-05    0.365E-05    0.154E-05    0.154E-05    0.000E+00    0.000E+00    0.000E+00    0.000E+00
     1.000     0.786    0.414E-01    0.400E-02    0.151E-02    0.352E-05    0.352E-05    0.149E-05    0.149E-05    0.000E+00    0.000E+00    0.000E+00    0.000E+00
     1.000     0.787    0.408E-01    0.393E-02    0.147E-02    0.340E-05    0.340E-05    0.144E-05    0.144E-05    0.000E+00    0.000E+00    0.000E+00    0.000E+00
     1.000     0.788    0.402E-01    0.386E-02    0.143E-02    0.327E-05    0.327E-05    0.139E-05    0.139E-05    0.000E+00    0.000E+00    0.000E+00    0.000E+00
     1.000     0.789    0.396E-01    0.379E-02    0.139E-02    0.316E-05    0.316E-05    0.134E-05    0.134E-05    0.000E+00    0.000E+00    0.000E+00    0.000E+00
     1.000     0.790    0.390E-01    0.373E-02    0.136E-02    0.304E-05    0.304E-05    0.129E-05    0.129E-05    0.000E+00    0.000E+00    0.000E+00    0.000E+00
     1.000     0.791    0.384E-01    0.366E-02    0.132E-02    0.293E-05    0.293E-05    0.125E-05    0.125E-05    0.000E+00    0.000E+00    0.000E+00    0.000E+00
     1.000     0.792    0.379E-01    0.359E-02    0.128E-02    0.282E-05    0.282E-05    0.120E-05    0.120E-05    0.000E+00    0.000E+00    0.000E+00    0.000E+00
     1.000     0.793    0.373E-01    0.353E-02    0.125E-02    0.271E-05    0.271E-05    0.115E-05    0.115E-05    0.000E+00    0.000E+00    0.000E+00    0.000E+00
     1.000     0.794    0.368E-01    0.346E-02    0.121E-02    0.260E-05    0.260E-05    0.111E-05    0.111E-05    0.000E+00    0.000E+00    0.000E+00    0.000E+00
     1.000     0.795    0.362E-01    0.340E-02    0.118E-02    0.250E-05    0.250E-05    0.107E-05    0.107E-05    0.000E+00    0.000E+00    0.000E+00    0.000E+00
     1.000     0.796    0.357E-01    0.334E-02    0.114E-02    0.241E-05    0.241E-05    0.103E-05    0.103E-05    0.000E+00    0.000E+00    0.000E+00    0.000E+00
     1.000     0.797    0.351E-01    0.328E-02    0.111E-02    0.231E-05    0.231E-05    0.992E-06    0.992E-06    0.000E+00    0.000E+00    0.000E+00    0.000E+00
     1.000     0.798    0.346E-01    0.322E-02    0.108E-02    0.222E-05    0.222E-05    0.954E-06    0.954E-06    0.000E+00    0.000E+00    0.000E+00    0.000E+00
     1.000     0.799    0.340E-01    0.316E-02    0.105E-02    0.214E-05    0.214E-05    0.918E-06    0.918E-06    0.000E+00    0.000E+00    0.000E+00    0.000E+00
     1.000     0.800    0.335E-01    0.310E-02    0.102E-02    0.205E-05    0.205E-05    0.883E-06    0.883E-06    0.000E+00    0.000E+00    0.000E+00    0.000E+00
     1.000     0.801    0.330E-01    0.304E-02    0.989E-03    0.197E-05    0.197E-05    0.850E-06    0.850E-06    0.000E+00    0.000E+00    0.000E+00    0.000E+00
     1.000     0.802    0.325E-01    0.299E-02    0.960E-03    0.189E-05    0.189E-05    0.817E-06    0.817E-06    0.000E+00    0.000E+00    0.000E+00    0.000E+00
     1.000     0.803    0.320E-01    0.293E-02    0.932E-03    0.182E-05    0.182E-05    0.786E-06    0.786E-06    0.000E+00    0.000E+00    0.000E+00    0.000E+00
     1.000     0.804    0.315E-01    0.288E-02    0.905E-03    0.175E-05    0.175E-05    0.756E-06    0.756E-06    0.000E+00    0.000E+00    0.000E+00    0.000E+00
     1.000     0.805    0.310E-01    0.282E-02    0.878E-03    0.168E-05    0.168E-05    0.727E-06    0.727E-06    0.000E+00    0.000E+00    0.000E+00    0.000E+00
     1.000     0.806    0.305E-01    0.277E-02    0.852E-03    0.161E-05    0.161E-05    0.699E-06    0.699E-06    0.000E+00    0.000E+00    0.000E+00    0.000E+00
     1.000     0.807    0.300E-01    0.272E-02    0.826E-03    0.155E-05    0.155E-05    0.672E-06    0.672E-06    0.000E+00    0.000E+00    0.000E+00    0.000E+00
     1.000     0.808    0.295E-01    0.267E-02    0.801E-03    0.149E-05    0.149E-05    0.647E-06    0.647E-06    0.000E+00    0.000E+00    0.000E+00    0.000E+00
     1.000     0.809    0.290E-01    0.261E-02    0.777E-03    0.143E-05    0.143E-05    0.622E-06    0.622E-06    0.000E+00    0.000E+00    0.000E+00    0.000E+00
     1.000     0.810    0.285E-01    0.256E-02    0.753E-03    0.137E-05    0.137E-05    0.598E-06    0.598E-06    0.000E+00    0.000E+00    0.000E+00    0.000E+00
     1.000     0.811    0.281E-01    0.252E-02    0.730E-03    0.132E-05    0.132E-05    0.575E-06    0.575E-06    0.000E+00    0.000E+00    0.000E+00    0.000E+00
     1.000     0.812    0.276E-01    0.247E-02    0.708E-03    0.127E-05    0.127E-05    0.553E-06    0.553E-06    0.000E+00    0.000E+00    0.000E+00    0.000E+00
     1.000     0.813    0.272E-01    0.242E-02    0.686E-03    0.121E-05    0.121E-05    0.531E-06    0.531E-06    0.000E+00    0.000E+00    0.000E+00    0.000E+00
     1.000     0.814    0.267E-01    0.237E-02    0.664E-03    0.116E-05    0.116E-05    0.510E-06    0.510E-06    0.000E+00    0.000E+00    0.000E+00    0.000E+00
     1.000     0.815    0.262E-01    0.233E-02    0.643E-03    0.111E-05    0.111E-05    0.488E-06    0.488E-06    0.000E+00    0.000E+00    0.000E+00    0.000E+00
     1.000     0.816    0.258E-01    0.228E-02    0.622E-03    0.106E-05    0.106E-05    0.468E-06    0.468E-06    0.000E+00    0.000E+00    0.000E+00    0.000E+00
     1.000     0.817    0.254E-01    0.224E-02    0.602E-03    0.102E-05    0.102E-05    0.448E-06    0.448E-06    0.000E+00    0.000E+00    0.000E+00    0.000E+00
     1.000     0.818    0.249E-01    0.219E-02    0.583E-03    0.973E-06    0.973E-06    0.429E-06    0.429E-06    0.000E+00    0.000E+00    0.000E+00    0.000E+00
     1.000     0.819    0.245E-01    0.215E-02    0.564E-03    0.930E-06    0.930E-06    0.411E-06    0.411E-06    0.000E+00    0.000E+00    0.000E+00    0.000E+00
     1.000     0.820    0.241E-01    0.211E-02    0.545E-03    0.889E-06    0.889E-06    0.394E-06    0.394E-06    0.000E+00    0.000E+00    0.000E+00    0.000E+00
     1.000     0.821    0.236E-01    0.207E-02    0.527E-03    0.850E-06    0.850E-06    0.377E-06    0.377E-06    0.000E+00    0.000E+00    0.000E+00    0.000E+00
     1.000     0.822    0.232E-01    0.202E-02    0.509E-03    0.812E-06    0.812E-06    0.361E-06    0.361E-06    0.000E+00    0.000E+00    0.000E+00    0.000E+00
     1.000     0.823    0.228E-01    0.198E-02    0.492E-03    0.776E-06    0.776E-06    0.345E-06    0.345E-06    0.000E+00    0.000E+00    0.000E+00    0.000E+00
     1.000     0.824    0.224E-01    0.194E-02    0.476E-03    0.741E-06    0.741E-06    0.331E-06    0.331E-06    0.000E+00    0.000E+00    0.000E+00    0.000E+00
     1.000     0.825    0.220E-01    0.191E-02    0.460E-03    0.708E-06    0.708E-06    0.316E-06    0.316E-06    0.000E+00    0.000E+00    0.000E+00    0.000E+00
     1.000     0.826    0.216E-01    0.187E-02    0.444E-03    0.677E-06    0.677E-06    0.303E-06    0.303E-06    0.000E+00    0.000E+00    0.000E+00    0.000E+00
     1.000     0.827    0.212E-01    0.183E-02    0.429E-03    0.646E-06    0.646E-06    0.290E-06    0.290E-06    0.000E+00    0.000E+00    0.000E+00    0.000E+00
     1.000     0.828    0.208E-01    0.179E-02    0.414E-03    0.617E-06    0.617E-06    0.277E-06    0.277E-06    0.000E+00    0.000E+00    0.000E+00    0.000E+00
     1.000     0.829    0.205E-01    0.176E-02    0.400E-03    0.590E-06    0.590E-06    0.265E-06    0.265E-06    0.000E+00    0.000E+00    0.000E+00    0.000E+00
     1.000     0.830    0.201E-01    0.172E-02    0.386E-03    0.564E-06    0.564E-06    0.254E-06    0.254E-06    0.000E+00    0.000E+00    0.000E+00    0.000E+00
     1.000     0.831    0.197E-01    0.168E-02    0.373E-03    0.538E-06    0.538E-06    0.243E-06    0.243E-06    0.000E+00    0.000E+00    0.000E+00    0.000E+00
     1.000     0.832    0.193E-01    0.165E-02    0.360E-03    0.515E-06    0.515E-06    0.232E-06    0.232E-06    0.000E+00    0.000E+00    0.000E+00    0.000E+00
     1.000     0.833    0.190E-01    0.162E-02    0.347E-03    0.492E-06    0.492E-06    0.223E-06    0.223E-06    0.000E+00    0.000E+00    0.000E+00    0.000E+00
     1.000     0.834    0.186E-01    0.158E-02    0.335E-03    0.470E-06    0.470E-06    0.213E-06    0.213E-06    0.000E+00    0.000E+00    0.000E+00    0.000E+00
     1.000     0.835    0.182E-01    0.155E-02    0.323E-03    0.449E-06    0.449E-06    0.204E-06    0.204E-06    0.000E+00    0.000E+00    0.000E+00    0.000E+00
     1.000     0.836    0.179E-01    0.152E-02    0.311E-03    0.429E-06    0.429E-06    0.195E-06    0.195E-06    0.000E+00    0.000E+00    0.000E+00    0.000E+00
     1.000     0.837    0.176E-01    0.148E-02    0.299E-03    0.408E-06    0.408E-06    0.186E-06    0.186E-06    0.000E+00    0.000E+00    0.000E+00    0.000E+00
     1.000     0.838    0.172E-01    0.145E-02    0.288E-03    0.388E-06    0.388E-06    0.177E-06    0.177E-06    0.000E+00    0.000E+00    0.000E+00    0.000E+00
     1.000     0.839    0.169E-01    0.142E-02    0.277E-03    0.368E-06    0.368E-06    0.169E-06    0.169E-06    0.000E+00    0.000E+00    0.000E+00    0.000E+00
     1.000     0.840    0.165E-01    0.139E-02    0.267E-03    0.350E-06    0.350E-06    0.160E-06    0.160E-06    0.000E+00    0.000E+00    0.000E+00    0.000E+00
     1.000     0.841    0.162E-01    0.136E-02    0.257E-03    0.332E-06    0.332E-06    0.153E-06    0.153E-06    0.000E+00    0.000E+00    0.000E+00    0.000E+00
     1.000     0.842    0.159E-01    0.133E-02    0.247E-03    0.315E-06    0.315E-06    0.145E-06    0.145E-06    0.000E+00    0.000E+00    0.000E+00    0.000E+00
     1.000     0.843    0.156E-01    0.130E-02    0.237E-03    0.299E-06    0.299E-06    0.138E-06    0.138E-06    0.000E+00    0.000E+00    0.000E+00    0.000E+00
     1.000     0.844    0.152E-01    0.127E-02    0.228E-03    0.284E-06    0.284E-06    0.131E-06    0.131E-06    0.000E+00    0.000E+00    0.000E+00    0.000E+00
     1.000     0.845    0.149E-01    0.125E-02    0.219E-03    0.269E-06    0.269E-06    0.125E-06    0.125E-06    0.000E+00    0.000E+00    0.000E+00    0.000E+00
     1.000     0.846    0.146E-01    0.122E-02    0.211E-03    0.255E-06    0.255E-06    0.119E-06    0.119E-06    0.000E+00    0.000E+00    0.000E+00    0.000E+00
     1.000     0.847    0.143E-01    0.119E-02    0.202E-03    0.242E-06    0.242E-06    0.113E-06    0.113E-06    0.000E+00    0.000E+00    0.000E+00    0.000E+00
     1.000     0.848    0.140E-01    0.117E-02    0.194E-03    0.229E-06    0.229E-06    0.107E-06    0.107E-06    0.000E+00    0.000E+00    0.000E+00    0.000E+00
     1.000     0.849    0.137E-01    0.114E-02    0.186E-03    0.218E-06    0.218E-06    0.102E-06    0.102E-06    0.000E+00    0.000E+00    0.000E+00    0.000E+00
     1.000     0.850    0.134E-01    0.111E-02    0.179E-03    0.206E-06    0.206E-06    0.969E-07    0.969E-07    0.000E+00    0.000E+00    0.000E+00    0.000E+00
     1.000     0.851    0.131E-01    0.109E-02    0.172E-03    0.196E-06    0.196E-06    0.921E-07    0.921E-07    0.000E+00    0.000E+00    0.000E+00    0.000E+00
     1.000     0.852    0.129E-01    0.106E-02    0.165E-03    0.186E-06    0.186E-06    0.876E-07    0.876E-07    0.000E+00    0.000E+00    0.000E+00    0.000E+00
     1.000     0.853    0.126E-01    0.104E-02    0.158E-03    0.176E-06    0.176E-06    0.833E-07    0.833E-07    0.000E+00    0.000E+00    0.000E+00    0.000E+00
     1.000     0.854    0.123E-01    0.102E-02    0.151E-03    0.167E-06    0.167E-06    0.792E-07    0.792E-07    0.000E+00    0.000E+00    0.000E+00    0.000E+00
     1.000     0.855    0.120E-01    0.992E-03    0.145E-03    0.159E-06    0.159E-06    0.753E-07    0.753E-07    0.000E+00    0.000E+00    0.000E+00    0.000E+00
     1.000     0.856    0.118E-01    0.969E-03    0.139E-03    0.151E-06    0.151E-06    0.717E-07    0.717E-07    0.000E+00    0.000E+00    0.000E+00    0.000E+00
     1.000     0.857    0.115E-01    0.947E-03    0.133E-03    0.143E-06    0.143E-06    0.682E-07    0.682E-07    0.000E+00    0.000E+00    0.000E+00    0.000E+00
     1.000     0.858    0.113E-01    0.925E-03    0.128E-03    0.136E-06    0.136E-06    0.650E-07    0.650E-07    0.000E+00    0.000E+00    0.000E+00    0.000E+00
     1.000     0.859    0.110E-01    0.903E-03    0.122E-03    0.130E-06    0.130E-06    0.619E-07    0.619E-07    0.000E+00    0.000E+00    0.000E+00    0.000E+00
     1.000     0.860    0.107E-01    0.882E-03    0.117E-03    0.122E-06    0.122E-06    0.585E-07    0.585E-07    0.000E+00    0.000E+00    0.000E+00    0.000E+00
     1.000     0.861    0.105E-01    0.861E-03    0.112E-03    0.115E-06    0.115E-06    0.553E-07    0.553E-07    0.000E+00    0.000E+00    0.000E+00    0.000E+00
     1.000     0.862    0.103E-01    0.840E-03    0.106E-03    0.108E-06    0.108E-06    0.521E-07    0.521E-07    0.000E+00    0.000E+00    0.000E+00    0.000E+00
     1.000     0.863    0.100E-01    0.819E-03    0.102E-03    0.102E-06    0.102E-06    0.492E-07    0.492E-07    0.000E+00    0.000E+00    0.000E+00    0.000E+00
     1.000     0.864    0.978E-02    0.799E-03    0.969E-04    0.954E-07    0.954E-07    0.463E-07    0.463E-07    0.000E+00    0.000E+00    0.000E+00    0.000E+00
     1.000     0.865    0.955E-02    0.780E-03    0.924E-04    0.896E-07    0.896E-07    0.437E-07    0.437E-07    0.000E+00    0.000E+00    0.000E+00    0.000E+00
     1.000     0.866    0.932E-02    0.761E-03    0.881E-04    0.841E-07    0.841E-07    0.411E-07    0.411E-07    0.000E+00    0.000E+00    0.000E+00    0.000E+00
     1.000     0.867    0.909E-02    0.742E-03    0.839E-04    0.789E-07    0.789E-07    0.387E-07    0.387E-07    0.000E+00    0.000E+00    0.000E+00    0.000E+00
     1.000     0.868    0.887E-02    0.723E-03    0.799E-04    0.740E-07    0.740E-07    0.365E-07    0.365E-07    0.000E+00    0.000E+00    0.000E+00    0.000E+00
     1.000     0.869    0.866E-02    0.705E-03    0.761E-04    0.694E-07    0.694E-07    0.343E-07    0.343E-07    0.000E+00    0.000E+00    0.000E+00    0.000E+00
     1.000     0.870    0.844E-02    0.687E-03    0.724E-04    0.651E-07    0.651E-07    0.323E-07    0.323E-07    0.000E+00    0.000E+00    0.000E+00    0.000E+00
     1.000     0.871    0.823E-02    0.670E-03    0.689E-04    0.611E-07    0.611E-07    0.304E-07    0.304E-07    0.000E+00    0.000E+00    0.000E+00    0.000E+00
     1.000     0.872    0.803E-02    0.653E-03    0.655E-04    0.573E-07    0.573E-07    0.286E-07    0.286E-07    0.000E+00    0.000E+00    0.000E+00    0.000E+00
     1.000     0.873    0.782E-02    0.636E-03    0.623E-04    0.538E-07    0.538E-07    0.269E-07    0.269E-07    0.000E+00    0.000E+00    0.000E+00    0.000E+00
     1.000     0.874    0.762E-02    0.619E-03    0.592E-04    0.505E-07    0.505E-07    0.254E-07    0.254E-07    0.000E+00    0.000E+00    0.000E+00    0.000E+00
     1.000     0.875    0.743E-02    0.603E-03    0.563E-04    0.474E-07    0.474E-07    0.239E-07    0.239E-07    0.000E+00    0.000E+00    0.000E+00    0.000E+00
     1.000     0.876    0.723E-02    0.587E-03    0.535E-04    0.445E-07    0.445E-07    0.225E-07    0.225E-07    0.000E+00    0.000E+00    0.000E+00    0.000E+00
     1.000     0.877    0.704E-02    0.572E-03    0.508E-04    0.419E-07    0.419E-07    0.213E-07    0.213E-07    0.000E+00    0.000E+00    0.000E+00    0.000E+00
     1.000     0.878    0.686E-02    0.557E-03    0.482E-04    0.395E-07    0.395E-07    0.201E-07    0.201E-07    0.000E+00    0.000E+00    0.000E+00    0.000E+00
     1.000     0.879    0.667E-02    0.542E-03    0.458E-04    0.372E-07    0.372E-07    0.190E-07    0.190E-07    0.000E+00    0.000E+00    0.000E+00    0.000E+00
     1.000     0.880    0.650E-02    0.527E-03    0.435E-04    0.351E-07    0.351E-07    0.179E-07    0.179E-07    0.000E+00    0.000E+00    0.000E+00    0.000E+00
     1.000     0.881    0.632E-02    0.513E-03    0.413E-04    0.332E-07    0.332E-07    0.170E-07    0.170E-07    0.000E+00    0.000E+00    0.000E+00    0.000E+00
     1.000     0.882    0.615E-02    0.499E-03    0.392E-04    0.314E-07    0.314E-07    0.161E-07    0.161E-07    0.000E+00    0.000E+00    0.000E+00    0.000E+00
     1.000     0.883    0.598E-02    0.485E-03    0.371E-04    0.294E-07    0.294E-07    0.151E-07    0.151E-07    0.000E+00    0.000E+00    0.000E+00    0.000E+00
     1.000     0.884    0.581E-02    0.472E-03    0.350E-04    0.273E-07    0.273E-07    0.141E-07    0.141E-07    0.000E+00    0.000E+00    0.000E+00    0.000E+00
     1.000     0.885    0.565E-02    0.458E-03    0.330E-04    0.253E-07    0.253E-07    0.131E-07    0.131E-07    0.000E+00    0.000E+00    0.000E+00    0.000E+00
     1.000     0.886    0.549E-02    0.445E-03    0.310E-04    0.234E-07    0.234E-07    0.122E-07    0.122E-07    0.000E+00    0.000E+00    0.000E+00    0.000E+00
     1.000     0.887    0.533E-02    0.432E-03    0.292E-04    0.216E-07    0.216E-07    0.113E-07    0.113E-07    0.000E+00    0.000E+00    0.000E+00    0.000E+00
     1.000     0.888    0.517E-02    0.420E-03    0.275E-04    0.199E-07    0.199E-07    0.105E-07    0.105E-07    0.000E+00    0.000E+00    0.000E+00    0.000E+00
     1.000     0.889    0.502E-02    0.408E-03    0.258E-04    0.183E-07    0.183E-07    0.973E-08    0.973E-08    0.000E+00    0.000E+00    0.000E+00    0.000E+00
     1.000     0.890    0.488E-02    0.396E-03    0.243E-04    0.169E-07    0.169E-07    0.902E-08    0.902E-08    0.000E+00    0.000E+00    0.000E+00    0.000E+00
     1.000     0.891    0.473E-02    0.384E-03    0.228E-04    0.156E-07    0.156E-07    0.836E-08    0.836E-08    0.000E+00    0.000E+00    0.000E+00    0.000E+00
     1.000     0.892    0.459E-02    0.372E-03    0.214E-04    0.143E-07    0.143E-07    0.774E-08    0.774E-08    0.000E+00    0.000E+00    0.000E+00    0.000E+00
     1.000     0.893    0.445E-02    0.361E-03    0.200E-04    0.132E-07    0.132E-07    0.717E-08    0.717E-08    0.000E+00    0.000E+00    0.000E+00    0.000E+00
     1.000     0.894    0.431E-02    0.350E-03    0.188E-04    0.121E-07    0.121E-07    0.664E-08    0.664E-08    0.000E+00    0.000E+00    0.000E+00    0.000E+00
     1.000     0.895    0.418E-02    0.340E-03    0.176E-04    0.112E-07    0.112E-07    0.615E-08    0.615E-08    0.000E+00    0.000E+00    0.000E+00    0.000E+00
     1.000     0.896    0.405E-02    0.329E-03    0.165E-04    0.103E-07    0.103E-07    0.570E-08    0.570E-08    0.000E+00    0.000E+00    0.000E+00    0.000E+00
     1.000     0.897    0.392E-02    0.319E-03    0.154E-04    0.948E-08    0.948E-08    0.529E-08    0.529E-08    0.000E+00    0.000E+00    0.000E+00    0.000E+00
     1.000     0.898    0.380E-02    0.309E-03    0.144E-04    0.876E-08    0.876E-08    0.491E-08    0.491E-08    0.000E+00    0.000E+00    0.000E+00    0.000E+00
     1.000     0.899    0.367E-02    0.299E-03    0.135E-04    0.811E-08    0.811E-08    0.457E-08    0.457E-08    0.000E+00    0.000E+00    0.000E+00    0.000E+00
     1.000     0.900    0.355E-02    0.290E-03    0.127E-04    0.753E-08    0.753E-08    0.425E-08    0.425E-08    0.000E+00    0.000E+00    0.000E+00    0.000E+00
     1.000     0.901    0.344E-02    0.280E-03    0.118E-04    0.701E-08    0.701E-08    0.397E-08    0.397E-08    0.000E+00    0.000E+00    0.000E+00    0.000E+00
     1.000     0.902    0.332E-02    0.271E-03    0.111E-04    0.655E-08    0.655E-08    0.372E-08    0.372E-08    0.000E+00    0.000E+00    0.000E+00    0.000E+00
     1.000     0.903    0.321E-02    0.262E-03    0.104E-04    0.615E-08    0.615E-08    0.349E-08    0.349E-08    0.000E+00    0.000E+00    0.000E+00    0.000E+00
     1.000     0.904    0.310E-02    0.254E-03    0.972E-05    0.580E-08    0.580E-08    0.328E-08    0.328E-08    0.000E+00    0.000E+00    0.000E+00    0.000E+00
     1.000     0.905    0.300E-02    0.245E-03    0.911E-05    0.549E-08    0.549E-08    0.310E-08    0.310E-08    0.000E+00    0.000E+00    0.000E+00    0.000E+00
     1.000     0.906    0.289E-02    0.237E-03    0.852E-05    0.519E-08    0.519E-08    0.292E-08    0.292E-08    0.000E+00    0.000E+00    0.000E+00    0.000E+00
     1.000     0.907    0.279E-02    0.229E-03    0.786E-05    0.468E-08    0.468E-08    0.266E-08    0.266E-08    0.000E+00    0.000E+00    0.000E+00    0.000E+00
     1.000     0.908    0.269E-02    0.221E-03    0.723E-05    0.421E-08    0.421E-08    0.241E-08    0.241E-08    0.000E+00    0.000E+00    0.000E+00    0.000E+00
     1.000     0.909    0.260E-02    0.213E-03    0.664E-05    0.377E-08    0.377E-08    0.217E-08    0.217E-08    0.000E+00    0.000E+00    0.000E+00    0.000E+00
     1.000     0.910    0.250E-02    0.205E-03    0.609E-05    0.337E-08    0.337E-08    0.196E-08    0.196E-08    0.000E+00    0.000E+00    0.000E+00    0.000E+00
     1.000     0.911    0.241E-02    0.198E-03    0.557E-05    0.300E-08    0.300E-08    0.176E-08    0.176E-08    0.000E+00    0.000E+00    0.000E+00    0.000E+00
     1.000     0.912    0.232E-02    0.191E-03    0.509E-05    0.266E-08    0.266E-08    0.157E-08    0.157E-08    0.000E+00    0.000E+00    0.000E+00    0.000E+00
     1.000     0.913    0.223E-02    0.184E-03    0.464E-05    0.235E-08    0.235E-08    0.140E-08    0.140E-08    0.000E+00    0.000E+00    0.000E+00    0.000E+00
     1.000     0.914    0.215E-02    0.177E-03    0.422E-05    0.207E-08    0.207E-08    0.125E-08    0.125E-08    0.000E+00    0.000E+00    0.000E+00    0.000E+00
     1.000     0.915    0.207E-02    0.170E-03    0.384E-05    0.182E-08    0.182E-08    0.111E-08    0.111E-08    0.000E+00    0.000E+00    0.000E+00    0.000E+00
     1.000     0.916    0.199E-02    0.164E-03    0.348E-05    0.160E-08    0.160E-08    0.977E-09    0.977E-09    0.000E+00    0.000E+00    0.000E+00    0.000E+00
     1.000     0.917    0.191E-02    0.157E-03    0.316E-05    0.140E-08    0.140E-08    0.861E-09    0.861E-09    0.000E+00    0.000E+00    0.000E+00    0.000E+00
     1.000     0.918    0.183E-02    0.151E-03    0.286E-05    0.122E-08    0.122E-08    0.758E-09    0.758E-09    0.000E+00    0.000E+00    0.000E+00    0.000E+00
     1.000     0.919    0.176E-02    0.145E-03    0.258E-05    0.107E-08    0.107E-08    0.665E-09    0.665E-09    0.000E+00    0.000E+00    0.000E+00    0.000E+00
     1.000     0.920    0.169E-02    0.140E-03    0.233E-05    0.940E-09    0.940E-09    0.584E-09    0.584E-09    0.000E+00    0.000E+00    0.000E+00    0.000E+00
     1.000     0.921    0.162E-02    0.134E-03    0.211E-05    0.829E-09    0.829E-09    0.513E-09    0.513E-09    0.000E+00    0.000E+00    0.000E+00    0.000E+00
     1.000     0.922    0.155E-02    0.129E-03    0.191E-05    0.738E-09    0.738E-09    0.451E-09    0.451E-09    0.000E+00    0.000E+00    0.000E+00    0.000E+00
     1.000     0.923    0.148E-02    0.123E-03    0.173E-05    0.665E-09    0.665E-09    0.399E-09    0.399E-09    0.000E+00    0.000E+00    0.000E+00    0.000E+00
     1.000     0.924    0.142E-02    0.118E-03    0.157E-05    0.607E-09    0.607E-09    0.355E-09    0.355E-09    0.000E+00    0.000E+00    0.000E+00    0.000E+00
     1.000     0.925    0.136E-02    0.113E-03    0.142E-05    0.565E-09    0.565E-09    0.319E-09    0.319E-09    0.000E+00    0.000E+00    0.000E+00    0.000E+00
     1.000     0.926    0.130E-02    0.108E-03    0.130E-05    0.537E-09    0.537E-09    0.290E-09    0.290E-09    0.000E+00    0.000E+00    0.000E+00    0.000E+00
     1.000     0.927    0.124E-02    0.104E-03    0.119E-05    0.521E-09    0.521E-09    0.268E-09    0.268E-09    0.000E+00    0.000E+00    0.000E+00    0.000E+00
     1.000     0.928    0.118E-02    0.991E-04    0.110E-05    0.516E-09    0.516E-09    0.252E-09    0.252E-09    0.000E+00    0.000E+00    0.000E+00    0.000E+00
     1.000     0.929    0.113E-02    0.946E-04    0.102E-05    0.520E-09    0.520E-09    0.242E-09    0.242E-09    0.000E+00    0.000E+00    0.000E+00    0.000E+00
     1.000     0.930    0.108E-02    0.903E-04    0.902E-06    0.465E-09    0.465E-09    0.207E-09    0.207E-09    0.000E+00    0.000E+00    0.000E+00    0.000E+00
     1.000     0.931    0.102E-02    0.862E-04    0.769E-06    0.387E-09    0.387E-09    0.165E-09    0.165E-09    0.000E+00    0.000E+00    0.000E+00    0.000E+00
     1.000     0.932    0.975E-03    0.821E-04    0.647E-06    0.315E-09    0.315E-09    0.126E-09    0.126E-09    0.000E+00    0.000E+00    0.000E+00    0.000E+00
     1.000     0.933    0.928E-03    0.782E-04    0.536E-06    0.251E-09    0.251E-09    0.916E-10    0.916E-10    0.000E+00    0.000E+00    0.000E+00    0.000E+00
     1.000     0.934    0.881E-03    0.744E-04    0.435E-06    0.194E-09    0.194E-09    0.611E-10    0.611E-10    0.000E+00    0.000E+00    0.000E+00    0.000E+00
     1.000     0.935    0.837E-03    0.707E-04    0.345E-06    0.143E-09    0.143E-09    0.344E-10    0.344E-10    0.000E+00    0.000E+00    0.000E+00    0.000E+00
     1.000     0.936    0.794E-03    0.672E-04    0.265E-06    0.980E-10    0.980E-10    0.112E-10    0.112E-10    0.000E+00    0.000E+00    0.000E+00    0.000E+00
     1.000     0.937    0.752E-03    0.638E-04    0.193E-06    0.590E-10    0.590E-10    0.000E+00    0.000E+00    0.000E+00    0.000E+00    0.000E+00    0.000E+00
     1.000     0.938    0.712E-03    0.605E-04    0.131E-06    0.256E-10    0.256E-10    0.000E+00    0.000E+00    0.000E+00    0.000E+00    0.000E+00    0.000E+00
     1.000     0.939    0.674E-03    0.573E-04    0.769E-07    0.000E+00    0.000E+00    0.000E+00    0.000E+00    0.000E+00    0.000E+00    0.000E+00    0.000E+00
     1.000     0.940    0.637E-03    0.542E-04    0.311E-07    0.000E+00    0.000E+00    0.000E+00    0.000E+00    0.000E+00    0.000E+00    0.000E+00    0.000E+00
     1.000     0.941    0.601E-03    0.513E-04    0.000E+00    0.000E+00    0.000E+00    0.000E+00    0.000E+00    0.000E+00    0.000E+00    0.000E+00    0.000E+00
     1.000     0.942    0.567E-03    0.485E-04    0.000E+00    0.000E+00    0.000E+00    0.000E+00    0.000E+00    0.000E+00    0.000E+00    0.000E+00    0.000E+00
     1.000     0.943    0.534E-03    0.457E-04    0.000E+00    0.000E+00    0.000E+00    0.000E+00    0.000E+00    0.000E+00    0.000E+00    0.000E+00    0.000E+00
     1.000     0.944    0.503E-03    0.431E-04    0.000E+00    0.000E+00    0.000E+00    0.000E+00    0.000E+00    0.000E+00    0.000E+00    0.000E+00    0.000E+00
     1.000     0.945    0.472E-03    0.406E-04    0.000E+00    0.000E+00    0.000E+00    0.000E+00    0.000E+00    0.000E+00    0.000E+00    0.000E+00    0.000E+00
     1.000     0.946    0.443E-03    0.381E-04    0.000E+00    0.000E+00    0.000E+00    0.000E+00    0.000E+00    0.000E+00    0.000E+00    0.000E+00    0.000E+00
     1.000     0.947    0.416E-03    0.358E-04    0.000E+00    0.000E+00    0.000E+00    0.000E+00    0.000E+00    0.000E+00    0.000E+00    0.000E+00    0.000E+00
     1.000     0.948    0.389E-03    0.336E-04    0.000E+00    0.000E+00    0.000E+00    0.000E+00    0.000E+00    0.000E+00    0.000E+00    0.000E+00    0.000E+00
     1.000     0.949    0.364E-03    0.315E-04    0.000E+00    0.000E+00    0.000E+00    0.000E+00    0.000E+00    0.000E+00    0.000E+00    0.000E+00    0.000E+00
     1.000     0.950    0.340E-03    0.294E-04    0.000E+00    0.000E+00    0.000E+00    0.000E+00    0.000E+00    0.000E+00    0.000E+00    0.000E+00    0.000E+00
     1.000     0.951    0.316E-03    0.275E-04    0.000E+00    0.000E+00    0.000E+00    0.000E+00    0.000E+00    0.000E+00    0.000E+00    0.000E+00    0.000E+00
     1.000     0.952    0.294E-03    0.256E-04    0.000E+00    0.000E+00    0.000E+00    0.000E+00    0.000E+00    0.000E+00    0.000E+00    0.000E+00    0.000E+00
     1.000     0.953    0.273E-03    0.238E-04    0.000E+00    0.641E-13    0.641E-13    0.000E+00    0.000E+00    0.000E+00    0.000E+00    0.000E+00    0.000E+00
     1.000     0.954    0.252E-03    0.220E-04    0.000E+00    0.000E+00    0.000E+00    0.000E+00    0.000E+00    0.000E+00    0.000E+00    0.000E+00    0.000E+00
     1.000     0.955    0.231E-03    0.202E-04    0.000E+00    0.000E+00    0.000E+00    0.000E+00    0.000E+00    0.000E+00    0.000E+00    0.000E+00    0.000E+00
     1.000     0.956    0.212E-03    0.186E-04    0.000E+00    0.000E+00    0.000E+00    0.000E+00    0.000E+00    0.000E+00    0.000E+00    0.000E+00    0.000E+00
     1.000     0.957    0.194E-03    0.170E-04    0.000E+00    0.000E+00    0.000E+00    0.000E+00    0.000E+00    0.000E+00    0.000E+00    0.000E+00    0.000E+00
     1.000     0.958    0.176E-03    0.155E-04    0.000E+00    0.000E+00    0.000E+00    0.000E+00    0.000E+00    0.000E+00    0.000E+00    0.000E+00    0.000E+00
     1.000     0.959    0.159E-03    0.141E-04    0.000E+00    0.000E+00    0.000E+00    0.000E+00    0.000E+00    0.000E+00    0.000E+00    0.000E+00    0.000E+00
     1.000     0.960    0.144E-03    0.127E-04    0.000E+00    0.000E+00    0.000E+00    0.000E+00    0.000E+00    0.000E+00    0.000E+00    0.000E+00    0.000E+00
     1.000     0.961    0.129E-03    0.114E-04    0.000E+00    0.000E+00    0.000E+00    0.000E+00    0.000E+00    0.000E+00    0.000E+00    0.000E+00    0.000E+00
     1.000     0.962    0.115E-03    0.102E-04    0.000E+00    0.000E+00    0.000E+00    0.000E+00    0.000E+00    0.000E+00    0.000E+00    0.000E+00    0.000E+00
     1.000     0.963    0.102E-03    0.907E-05    0.000E+00    0.000E+00    0.000E+00    0.000E+00    0.000E+00    0.000E+00    0.000E+00    0.000E+00    0.000E+00
     1.000     0.964    0.892E-04    0.798E-05    0.000E+00    0.000E+00    0.000E+00    0.000E+00    0.000E+00    0.000E+00    0.000E+00    0.000E+00    0.000E+00
     1.000     0.965    0.776E-04    0.696E-05    0.000E+00    0.000E+00    0.000E+00    0.000E+00    0.000E+00    0.000E+00    0.000E+00    0.000E+00    0.000E+00
     1.000     0.966    0.667E-04    0.601E-05    0.000E+00    0.000E+00    0.000E+00    0.000E+00    0.000E+00    0.000E+00    0.000E+00    0.000E+00    0.000E+00
     1.000     0.967    0.566E-04    0.511E-05    0.000E+00    0.000E+00    0.000E+00    0.000E+00    0.000E+00    0.000E+00    0.000E+00    0.000E+00    0.000E+00
     1.000     0.968    0.472E-04    0.428E-05    0.000E+00    0.000E+00    0.000E+00    0.000E+00    0.000E+00    0.000E+00    0.000E+00    0.000E+00    0.000E+00
     1.000     0.969    0.385E-04    0.350E-05    0.000E+00    0.000E+00    0.000E+00    0.000E+00    0.000E+00    0.000E+00    0.000E+00    0.000E+00    0.000E+00
     1.000     0.970    0.305E-04    0.278E-05    0.000E+00    0.000E+00    0.000E+00    0.000E+00    0.000E+00    0.000E+00    0.000E+00    0.000E+00    0.000E+00
     1.000     0.971    0.232E-04    0.212E-05    0.000E+00    0.000E+00    0.000E+00    0.000E+00    0.000E+00    0.000E+00    0.000E+00    0.000E+00    0.000E+00
     1.000     0.972    0.165E-04    0.151E-05    0.000E+00    0.000E+00    0.000E+00    0.000E+00    0.000E+00    0.000E+00    0.000E+00    0.000E+00    0.000E+00
     1.000     0.973    0.104E-04    0.957E-06    0.000E+00    0.000E+00    0.000E+00    0.000E+00    0.000E+00    0.000E+00    0.000E+00    0.000E+00    0.000E+00
     1.000     0.974    0.486E-05    0.452E-06    0.000E+00    0.000E+00    0.000E+00    0.000E+00    0.000E+00    0.000E+00    0.000E+00    0.000E+00    0.000E+00
     1.000     0.975    0.000E+00    0.000E+00    0.222E-08    0.154E-11    0.154E-11    0.154E-11    0.154E-11    0.000E+00    0.000E+00    0.000E+00    0.000E+00
     1.000     0.976    0.000E+00    0.000E+00    0.114E-07    0.555E-11    0.555E-11    0.340E-11    0.340E-11    0.000E+00    0.000E+00    0.000E+00    0.000E+00
     1.000     0.977    0.000E+00    0.000E+00    0.205E-07    0.956E-11    0.956E-11    0.526E-11    0.526E-11    0.000E+00    0.000E+00    0.000E+00    0.000E+00
     1.000     0.978    0.000E+00    0.000E+00    0.295E-07    0.135E-10    0.135E-10    0.709E-11    0.709E-11    0.000E+00    0.000E+00    0.000E+00    0.000E+00
     1.000     0.979    0.000E+00    0.000E+00    0.383E-07    0.174E-10    0.174E-10    0.888E-11    0.888E-11    0.000E+00    0.000E+00    0.000E+00    0.000E+00
     1.000     0.980    0.000E+00    0.000E+00    0.467E-07    0.212E-10    0.212E-10    0.106E-10    0.106E-10    0.000E+00    0.000E+00    0.000E+00    0.000E+00
     1.000     0.981    0.000E+00    0.000E+00    0.547E-07    0.247E-10    0.247E-10    0.123E-10    0.123E-10    0.000E+00    0.000E+00    0.000E+00    0.000E+00
     1.000     0.982    0.000E+00    0.000E+00    0.622E-07    0.281E-10    0.281E-10    0.138E-10    0.138E-10    0.000E+00    0.000E+00    0.000E+00    0.000E+00
     1.000     0.983    0.000E+00    0.000E+00    0.691E-07    0.312E-10    0.312E-10    0.152E-10    0.152E-10    0.000E+00    0.000E+00    0.000E+00    0.000E+00
     1.000     0.984    0.000E+00    0.000E+00    0.752E-07    0.340E-10    0.340E-10    0.165E-10    0.165E-10    0.000E+00    0.000E+00    0.000E+00    0.000E+00
     1.000     0.985    0.000E+00    0.000E+00    0.806E-07    0.364E-10    0.364E-10    0.176E-10    0.176E-10    0.000E+00    0.000E+00    0.000E+00    0.000E+00
     1.000     0.986    0.000E+00    0.000E+00    0.851E-07    0.385E-10    0.385E-10    0.185E-10    0.185E-10    0.000E+00    0.000E+00    0.000E+00    0.000E+00
     1.000     0.987    0.000E+00    0.000E+00    0.886E-07    0.401E-10    0.401E-10    0.192E-10    0.192E-10    0.000E+00    0.000E+00    0.000E+00    0.000E+00
     1.000     0.988    0.000E+00    0.000E+00    0.910E-07    0.412E-10    0.412E-10    0.197E-10    0.197E-10    0.000E+00    0.000E+00    0.000E+00    0.000E+00
     1.000     0.989    0.000E+00    0.000E+00    0.922E-07    0.418E-10    0.418E-10    0.200E-10    0.200E-10    0.000E+00    0.000E+00    0.000E+00    0.000E+00
     1.000     0.990    0.000E+00    0.000E+00    0.921E-07    0.418E-10    0.418E-10    0.199E-10    0.199E-10    0.000E+00    0.000E+00    0.000E+00    0.000E+00
     1.000     0.991    0.000E+00    0.000E+00    0.907E-07    0.412E-10    0.412E-10    0.196E-10    0.196E-10    0.000E+00    0.000E+00    0.000E+00    0.000E+00
     1.000     0.992    0.000E+00    0.000E+00    0.878E-07    0.399E-10    0.399E-10    0.190E-10    0.190E-10    0.000E+00    0.000E+00    0.000E+00    0.000E+00
     1.000     0.993    0.000E+00    0.000E+00    0.834E-07    0.379E-10    0.379E-10    0.180E-10    0.180E-10    0.000E+00    0.000E+00    0.000E+00    0.000E+00
     1.000     0.994    0.000E+00    0.000E+00    0.772E-07    0.352E-10    0.352E-10    0.167E-10    0.167E-10    0.000E+00    0.000E+00    0.000E+00    0.000E+00
     1.000     0.995    0.000E+00    0.000E+00    0.693E-07    0.316E-10    0.316E-10    0.150E-10    0.150E-10    0.000E+00    0.000E+00    0.000E+00    0.000E+00
     1.000     0.996    0.000E+00    0.000E+00    0.596E-07    0.272E-10    0.272E-10    0.128E-10    0.128E-10    0.000E+00    0.000E+00    0.000E+00    0.000E+00
     1.000     0.997    0.000E+00    0.000E+00    0.479E-07    0.219E-10    0.219E-10    0.103E-10    0.103E-10    0.000E+00    0.000E+00    0.000E+00    0.000E+00
     1.000     0.998    0.000E+00    0.000E+00    0.341E-07    0.156E-10    0.156E-10    0.735E-11    0.735E-11    0.000E+00    0.000E+00    0.000E+00    0.000E+00
     1.000     0.999    0.000E+00    0.000E+00    0.182E-07    0.832E-11    0.832E-11    0.392E-11    0.392E-11    0.000E+00    0.000E+00    0.000E+00    0.000E+00

