     Q**2          x         u           d           g          ub          db          sb          s          cb          c          bb          b
     1.400     0.001    0.316E+00    0.295E+00    0.000E+00    0.284E+00    0.289E+00    0.992E-01    0.992E-01    0.000E+00    0.000E+00    0.000E+00    0.000E+00
     1.400     0.002    0.295E+00    0.267E+00    0.228E+00    0.245E+00    0.253E+00    0.859E-01    0.859E-01    0.000E+00    0.000E+00    0.000E+00    0.000E+00
     1.400     0.003    0.288E+00    0.256E+00    0.488E+00    0.224E+00    0.234E+00    0.789E-01    0.789E-01    0.000E+00    0.000E+00    0.000E+00    0.000E+00
     1.400     0.004    0.288E+00    0.253E+00    0.690E+00    0.211E+00    0.223E+00    0.748E-01    0.748E-01    0.000E+00    0.000E+00    0.000E+00    0.000E+00
     1.400     0.005    0.290E+00    0.253E+00    0.859E+00    0.202E+00    0.216E+00    0.720E-01    0.720E-01    0.000E+00    0.000E+00    0.000E+00    0.000E+00
     1.400     0.006    0.293E+00    0.255E+00    0.101E+01    0.194E+00    0.210E+00    0.698E-01    0.698E-01    0.000E+00    0.000E+00    0.000E+00    0.000E+00
     1.400     0.007    0.298E+00    0.258E+00    0.113E+01    0.189E+00    0.206E+00    0.683E-01    0.683E-01    0.000E+00    0.000E+00    0.000E+00    0.000E+00
     1.400     0.008    0.302E+00    0.261E+00    0.124E+01    0.184E+00    0.202E+00    0.668E-01    0.668E-01    0.000E+00    0.000E+00    0.000E+00    0.000E+00
     1.400     0.009    0.308E+00    0.266E+00    0.134E+01    0.180E+00    0.199E+00    0.658E-01    0.658E-01    0.000E+00    0.000E+00    0.000E+00    0.000E+00
     1.400     0.010    0.313E+00    0.270E+00    0.143E+01    0.176E+00    0.196E+00    0.647E-01    0.647E-01    0.000E+00    0.000E+00    0.000E+00    0.000E+00
     1.400     0.011    0.318E+00    0.274E+00    0.152E+01    0.174E+00    0.194E+00    0.641E-01    0.641E-01    0.000E+00    0.000E+00    0.000E+00    0.000E+00
     1.400     0.012    0.324E+00    0.279E+00    0.159E+01    0.171E+00    0.191E+00    0.633E-01    0.633E-01    0.000E+00    0.000E+00    0.000E+00    0.000E+00
     1.400     0.013    0.329E+00    0.283E+00    0.165E+01    0.169E+00    0.189E+00    0.627E-01    0.627E-01    0.000E+00    0.000E+00    0.000E+00    0.000E+00
     1.400     0.014    0.335E+00    0.288E+00    0.171E+01    0.167E+00    0.188E+00    0.623E-01    0.623E-01    0.000E+00    0.000E+00    0.000E+00    0.000E+00
     1.400     0.015    0.340E+00    0.292E+00    0.177E+01    0.165E+00    0.186E+00    0.617E-01    0.617E-01    0.000E+00    0.000E+00    0.000E+00    0.000E+00
     1.400     0.016    0.346E+00    0.297E+00    0.182E+01    0.163E+00    0.185E+00    0.613E-01    0.613E-01    0.000E+00    0.000E+00    0.000E+00    0.000E+00
     1.400     0.017    0.352E+00    0.302E+00    0.186E+01    0.162E+00    0.183E+00    0.610E-01    0.610E-01    0.000E+00    0.000E+00    0.000E+00    0.000E+00
     1.400     0.018    0.357E+00    0.306E+00    0.190E+01    0.161E+00    0.182E+00    0.606E-01    0.606E-01    0.000E+00    0.000E+00    0.000E+00    0.000E+00
     1.400     0.019    0.363E+00    0.310E+00    0.194E+01    0.159E+00    0.181E+00    0.603E-01    0.603E-01    0.000E+00    0.000E+00    0.000E+00    0.000E+00
     1.400     0.020    0.368E+00    0.314E+00    0.198E+01    0.158E+00    0.180E+00    0.600E-01    0.600E-01    0.000E+00    0.000E+00    0.000E+00    0.000E+00
     1.400     0.021    0.374E+00    0.319E+00    0.201E+01    0.158E+00    0.179E+00    0.599E-01    0.599E-01    0.000E+00    0.000E+00    0.000E+00    0.000E+00
     1.400     0.022    0.379E+00    0.323E+00    0.204E+01    0.157E+00    0.177E+00    0.596E-01    0.596E-01    0.000E+00    0.000E+00    0.000E+00    0.000E+00
     1.400     0.023    0.384E+00    0.327E+00    0.206E+01    0.156E+00    0.176E+00    0.593E-01    0.593E-01    0.000E+00    0.000E+00    0.000E+00    0.000E+00
     1.400     0.024    0.390E+00    0.330E+00    0.209E+01    0.155E+00    0.175E+00    0.591E-01    0.591E-01    0.000E+00    0.000E+00    0.000E+00    0.000E+00
     1.400     0.025    0.395E+00    0.334E+00    0.211E+01    0.154E+00    0.174E+00    0.589E-01    0.589E-01    0.000E+00    0.000E+00    0.000E+00    0.000E+00
     1.400     0.026    0.400E+00    0.338E+00    0.213E+01    0.153E+00    0.173E+00    0.587E-01    0.587E-01    0.000E+00    0.000E+00    0.000E+00    0.000E+00
     1.400     0.027    0.405E+00    0.342E+00    0.215E+01    0.152E+00    0.172E+00    0.585E-01    0.585E-01    0.000E+00    0.000E+00    0.000E+00    0.000E+00
     1.400     0.028    0.410E+00    0.345E+00    0.217E+01    0.152E+00    0.172E+00    0.583E-01    0.583E-01    0.000E+00    0.000E+00    0.000E+00    0.000E+00
     1.400     0.029    0.415E+00    0.348E+00    0.218E+01    0.151E+00    0.171E+00    0.581E-01    0.581E-01    0.000E+00    0.000E+00    0.000E+00    0.000E+00
     1.400     0.030    0.420E+00    0.352E+00    0.219E+01    0.150E+00    0.170E+00    0.580E-01    0.580E-01    0.000E+00    0.000E+00    0.000E+00    0.000E+00
     1.400     0.031    0.425E+00    0.355E+00    0.220E+01    0.150E+00    0.169E+00    0.578E-01    0.578E-01    0.000E+00    0.000E+00    0.000E+00    0.000E+00
     1.400     0.032    0.430E+00    0.358E+00    0.221E+01    0.149E+00    0.169E+00    0.577E-01    0.577E-01    0.000E+00    0.000E+00    0.000E+00    0.000E+00
     1.400     0.033    0.435E+00    0.361E+00    0.222E+01    0.149E+00    0.168E+00    0.576E-01    0.576E-01    0.000E+00    0.000E+00    0.000E+00    0.000E+00
     1.400     0.034    0.439E+00    0.364E+00    0.222E+01    0.148E+00    0.167E+00    0.574E-01    0.574E-01    0.000E+00    0.000E+00    0.000E+00    0.000E+00
     1.400     0.035    0.444E+00    0.367E+00    0.222E+01    0.148E+00    0.166E+00    0.573E-01    0.573E-01    0.000E+00    0.000E+00    0.000E+00    0.000E+00
     1.400     0.036    0.449E+00    0.370E+00    0.223E+01    0.147E+00    0.166E+00    0.572E-01    0.572E-01    0.000E+00    0.000E+00    0.000E+00    0.000E+00
     1.400     0.037    0.453E+00    0.373E+00    0.223E+01    0.147E+00    0.165E+00    0.571E-01    0.571E-01    0.000E+00    0.000E+00    0.000E+00    0.000E+00
     1.400     0.038    0.458E+00    0.376E+00    0.223E+01    0.147E+00    0.165E+00    0.570E-01    0.570E-01    0.000E+00    0.000E+00    0.000E+00    0.000E+00
     1.400     0.039    0.462E+00    0.378E+00    0.223E+01    0.146E+00    0.164E+00    0.569E-01    0.569E-01    0.000E+00    0.000E+00    0.000E+00    0.000E+00
     1.400     0.040    0.467E+00    0.381E+00    0.223E+01    0.145E+00    0.163E+00    0.567E-01    0.567E-01    0.000E+00    0.000E+00    0.000E+00    0.000E+00
     1.400     0.041    0.471E+00    0.383E+00    0.222E+01    0.145E+00    0.163E+00    0.566E-01    0.566E-01    0.000E+00    0.000E+00    0.000E+00    0.000E+00
     1.400     0.042    0.475E+00    0.386E+00    0.222E+01    0.144E+00    0.162E+00    0.565E-01    0.565E-01    0.000E+00    0.000E+00    0.000E+00    0.000E+00
     1.400     0.043    0.479E+00    0.388E+00    0.222E+01    0.144E+00    0.162E+00    0.563E-01    0.563E-01    0.000E+00    0.000E+00    0.000E+00    0.000E+00
     1.400     0.044    0.483E+00    0.391E+00    0.222E+01    0.143E+00    0.161E+00    0.562E-01    0.562E-01    0.000E+00    0.000E+00    0.000E+00    0.000E+00
     1.400     0.045    0.487E+00    0.393E+00    0.221E+01    0.143E+00    0.161E+00    0.561E-01    0.561E-01    0.000E+00    0.000E+00    0.000E+00    0.000E+00
     1.400     0.046    0.491E+00    0.395E+00    0.221E+01    0.142E+00    0.160E+00    0.559E-01    0.559E-01    0.000E+00    0.000E+00    0.000E+00    0.000E+00
     1.400     0.047    0.495E+00    0.397E+00    0.220E+01    0.141E+00    0.160E+00    0.558E-01    0.558E-01    0.000E+00    0.000E+00    0.000E+00    0.000E+00
     1.400     0.048    0.499E+00    0.399E+00    0.220E+01    0.141E+00    0.159E+00    0.557E-01    0.557E-01    0.000E+00    0.000E+00    0.000E+00    0.000E+00
     1.400     0.049    0.503E+00    0.401E+00    0.219E+01    0.140E+00    0.159E+00    0.555E-01    0.555E-01    0.000E+00    0.000E+00    0.000E+00    0.000E+00
     1.400     0.050    0.507E+00    0.403E+00    0.219E+01    0.139E+00    0.158E+00    0.554E-01    0.554E-01    0.000E+00    0.000E+00    0.000E+00    0.000E+00
     1.400     0.051    0.510E+00    0.405E+00    0.218E+01    0.139E+00    0.158E+00    0.552E-01    0.552E-01    0.000E+00    0.000E+00    0.000E+00    0.000E+00
     1.400     0.052    0.514E+00    0.407E+00    0.217E+01    0.138E+00    0.157E+00    0.551E-01    0.551E-01    0.000E+00    0.000E+00    0.000E+00    0.000E+00
     1.400     0.053    0.517E+00    0.409E+00    0.216E+01    0.138E+00    0.157E+00    0.550E-01    0.550E-01    0.000E+00    0.000E+00    0.000E+00    0.000E+00
     1.400     0.054    0.521E+00    0.411E+00    0.215E+01    0.137E+00    0.157E+00    0.548E-01    0.548E-01    0.000E+00    0.000E+00    0.000E+00    0.000E+00
     1.400     0.055    0.524E+00    0.412E+00    0.214E+01    0.136E+00    0.156E+00    0.547E-01    0.547E-01    0.000E+00    0.000E+00    0.000E+00    0.000E+00
     1.400     0.056    0.528E+00    0.414E+00    0.213E+01    0.135E+00    0.156E+00    0.545E-01    0.545E-01    0.000E+00    0.000E+00    0.000E+00    0.000E+00
     1.400     0.057    0.531E+00    0.415E+00    0.212E+01    0.135E+00    0.155E+00    0.544E-01    0.544E-01    0.000E+00    0.000E+00    0.000E+00    0.000E+00
     1.400     0.058    0.534E+00    0.417E+00    0.211E+01    0.134E+00    0.155E+00    0.542E-01    0.542E-01    0.000E+00    0.000E+00    0.000E+00    0.000E+00
     1.400     0.059    0.538E+00    0.419E+00    0.210E+01    0.133E+00    0.155E+00    0.540E-01    0.540E-01    0.000E+00    0.000E+00    0.000E+00    0.000E+00
     1.400     0.060    0.541E+00    0.420E+00    0.209E+01    0.133E+00    0.154E+00    0.539E-01    0.539E-01    0.000E+00    0.000E+00    0.000E+00    0.000E+00
     1.400     0.061    0.544E+00    0.421E+00    0.208E+01    0.132E+00    0.154E+00    0.537E-01    0.537E-01    0.000E+00    0.000E+00    0.000E+00    0.000E+00
     1.400     0.062    0.547E+00    0.423E+00    0.207E+01    0.131E+00    0.154E+00    0.536E-01    0.536E-01    0.000E+00    0.000E+00    0.000E+00    0.000E+00
     1.400     0.063    0.550E+00    0.424E+00    0.206E+01    0.131E+00    0.153E+00    0.534E-01    0.534E-01    0.000E+00    0.000E+00    0.000E+00    0.000E+00
     1.400     0.064    0.553E+00    0.426E+00    0.205E+01    0.130E+00    0.153E+00    0.533E-01    0.533E-01    0.000E+00    0.000E+00    0.000E+00    0.000E+00
     1.400     0.065    0.556E+00    0.427E+00    0.204E+01    0.129E+00    0.153E+00    0.531E-01    0.531E-01    0.000E+00    0.000E+00    0.000E+00    0.000E+00
     1.400     0.066    0.559E+00    0.428E+00    0.202E+01    0.128E+00    0.152E+00    0.529E-01    0.529E-01    0.000E+00    0.000E+00    0.000E+00    0.000E+00
     1.400     0.067    0.562E+00    0.429E+00    0.201E+01    0.127E+00    0.152E+00    0.528E-01    0.528E-01    0.000E+00    0.000E+00    0.000E+00    0.000E+00
     1.400     0.068    0.565E+00    0.430E+00    0.200E+01    0.127E+00    0.152E+00    0.526E-01    0.526E-01    0.000E+00    0.000E+00    0.000E+00    0.000E+00
     1.400     0.069    0.568E+00    0.432E+00    0.199E+01    0.126E+00    0.152E+00    0.524E-01    0.524E-01    0.000E+00    0.000E+00    0.000E+00    0.000E+00
     1.400     0.070    0.571E+00    0.433E+00    0.197E+01    0.125E+00    0.151E+00    0.523E-01    0.523E-01    0.000E+00    0.000E+00    0.000E+00    0.000E+00
     1.400     0.071    0.573E+00    0.434E+00    0.196E+01    0.124E+00    0.151E+00    0.521E-01    0.521E-01    0.000E+00    0.000E+00    0.000E+00    0.000E+00
     1.400     0.072    0.576E+00    0.435E+00    0.195E+01    0.123E+00    0.151E+00    0.519E-01    0.519E-01    0.000E+00    0.000E+00    0.000E+00    0.000E+00
     1.400     0.073    0.579E+00    0.436E+00    0.194E+01    0.122E+00    0.150E+00    0.517E-01    0.517E-01    0.000E+00    0.000E+00    0.000E+00    0.000E+00
     1.400     0.074    0.581E+00    0.437E+00    0.193E+01    0.122E+00    0.150E+00    0.515E-01    0.515E-01    0.000E+00    0.000E+00    0.000E+00    0.000E+00
     1.400     0.075    0.584E+00    0.438E+00    0.191E+01    0.121E+00    0.150E+00    0.514E-01    0.514E-01    0.000E+00    0.000E+00    0.000E+00    0.000E+00
     1.400     0.076    0.587E+00    0.439E+00    0.190E+01    0.120E+00    0.149E+00    0.512E-01    0.512E-01    0.000E+00    0.000E+00    0.000E+00    0.000E+00
     1.400     0.077    0.589E+00    0.440E+00    0.189E+01    0.119E+00    0.149E+00    0.510E-01    0.510E-01    0.000E+00    0.000E+00    0.000E+00    0.000E+00
     1.400     0.078    0.592E+00    0.440E+00    0.187E+01    0.118E+00    0.149E+00    0.508E-01    0.508E-01    0.000E+00    0.000E+00    0.000E+00    0.000E+00
     1.400     0.079    0.594E+00    0.441E+00    0.186E+01    0.117E+00    0.149E+00    0.506E-01    0.506E-01    0.000E+00    0.000E+00    0.000E+00    0.000E+00
     1.400     0.080    0.596E+00    0.442E+00    0.185E+01    0.117E+00    0.148E+00    0.504E-01    0.504E-01    0.000E+00    0.000E+00    0.000E+00    0.000E+00
     1.400     0.081    0.599E+00    0.443E+00    0.183E+01    0.116E+00    0.148E+00    0.502E-01    0.502E-01    0.000E+00    0.000E+00    0.000E+00    0.000E+00
     1.400     0.082    0.601E+00    0.443E+00    0.182E+01    0.115E+00    0.148E+00    0.501E-01    0.501E-01    0.000E+00    0.000E+00    0.000E+00    0.000E+00
     1.400     0.083    0.604E+00    0.444E+00    0.181E+01    0.114E+00    0.147E+00    0.499E-01    0.499E-01    0.000E+00    0.000E+00    0.000E+00    0.000E+00
     1.400     0.084    0.606E+00    0.445E+00    0.179E+01    0.113E+00    0.147E+00    0.497E-01    0.497E-01    0.000E+00    0.000E+00    0.000E+00    0.000E+00
     1.400     0.085    0.608E+00    0.446E+00    0.178E+01    0.112E+00    0.147E+00    0.495E-01    0.495E-01    0.000E+00    0.000E+00    0.000E+00    0.000E+00
     1.400     0.086    0.610E+00    0.446E+00    0.177E+01    0.111E+00    0.146E+00    0.493E-01    0.493E-01    0.000E+00    0.000E+00    0.000E+00    0.000E+00
     1.400     0.087    0.613E+00    0.447E+00    0.175E+01    0.111E+00    0.146E+00    0.491E-01    0.491E-01    0.000E+00    0.000E+00    0.000E+00    0.000E+00
     1.400     0.088    0.615E+00    0.447E+00    0.174E+01    0.110E+00    0.146E+00    0.489E-01    0.489E-01    0.000E+00    0.000E+00    0.000E+00    0.000E+00
     1.400     0.089    0.617E+00    0.448E+00    0.172E+01    0.109E+00    0.145E+00    0.487E-01    0.487E-01    0.000E+00    0.000E+00    0.000E+00    0.000E+00
     1.400     0.090    0.619E+00    0.448E+00    0.171E+01    0.108E+00    0.145E+00    0.485E-01    0.485E-01    0.000E+00    0.000E+00    0.000E+00    0.000E+00
     1.400     0.091    0.621E+00    0.449E+00    0.170E+01    0.107E+00    0.145E+00    0.483E-01    0.483E-01    0.000E+00    0.000E+00    0.000E+00    0.000E+00
     1.400     0.092    0.623E+00    0.449E+00    0.168E+01    0.106E+00    0.144E+00    0.481E-01    0.481E-01    0.000E+00    0.000E+00    0.000E+00    0.000E+00
     1.400     0.093    0.625E+00    0.450E+00    0.167E+01    0.106E+00    0.144E+00    0.479E-01    0.479E-01    0.000E+00    0.000E+00    0.000E+00    0.000E+00
     1.400     0.094    0.627E+00    0.450E+00    0.166E+01    0.105E+00    0.144E+00    0.477E-01    0.477E-01    0.000E+00    0.000E+00    0.000E+00    0.000E+00
     1.400     0.095    0.629E+00    0.451E+00    0.164E+01    0.104E+00    0.143E+00    0.475E-01    0.475E-01    0.000E+00    0.000E+00    0.000E+00    0.000E+00
     1.400     0.096    0.631E+00    0.451E+00    0.163E+01    0.103E+00    0.143E+00    0.473E-01    0.473E-01    0.000E+00    0.000E+00    0.000E+00    0.000E+00
     1.400     0.097    0.633E+00    0.451E+00    0.162E+01    0.102E+00    0.143E+00    0.471E-01    0.471E-01    0.000E+00    0.000E+00    0.000E+00    0.000E+00
     1.400     0.098    0.635E+00    0.452E+00    0.160E+01    0.101E+00    0.142E+00    0.468E-01    0.468E-01    0.000E+00    0.000E+00    0.000E+00    0.000E+00
     1.400     0.099    0.637E+00    0.452E+00    0.159E+01    0.101E+00    0.142E+00    0.466E-01    0.466E-01    0.000E+00    0.000E+00    0.000E+00    0.000E+00
     1.400     0.100    0.639E+00    0.452E+00    0.158E+01    0.999E-01    0.142E+00    0.464E-01    0.464E-01    0.000E+00    0.000E+00    0.000E+00    0.000E+00
     1.400     0.101    0.641E+00    0.452E+00    0.157E+01    0.991E-01    0.141E+00    0.462E-01    0.462E-01    0.000E+00    0.000E+00    0.000E+00    0.000E+00
     1.400     0.102    0.643E+00    0.453E+00    0.155E+01    0.983E-01    0.141E+00    0.460E-01    0.460E-01    0.000E+00    0.000E+00    0.000E+00    0.000E+00
     1.400     0.103    0.645E+00    0.453E+00    0.154E+01    0.975E-01    0.140E+00    0.458E-01    0.458E-01    0.000E+00    0.000E+00    0.000E+00    0.000E+00
     1.400     0.104    0.647E+00    0.453E+00    0.153E+01    0.967E-01    0.140E+00    0.456E-01    0.456E-01    0.000E+00    0.000E+00    0.000E+00    0.000E+00
     1.400     0.105    0.648E+00    0.453E+00    0.151E+01    0.959E-01    0.140E+00    0.454E-01    0.454E-01    0.000E+00    0.000E+00    0.000E+00    0.000E+00
     1.400     0.106    0.650E+00    0.453E+00    0.150E+01    0.952E-01    0.139E+00    0.452E-01    0.452E-01    0.000E+00    0.000E+00    0.000E+00    0.000E+00
     1.400     0.107    0.652E+00    0.454E+00    0.149E+01    0.944E-01    0.139E+00    0.449E-01    0.449E-01    0.000E+00    0.000E+00    0.000E+00    0.000E+00
     1.400     0.108    0.654E+00    0.454E+00    0.148E+01    0.937E-01    0.138E+00    0.447E-01    0.447E-01    0.000E+00    0.000E+00    0.000E+00    0.000E+00
     1.400     0.109    0.655E+00    0.454E+00    0.146E+01    0.929E-01    0.138E+00    0.445E-01    0.445E-01    0.000E+00    0.000E+00    0.000E+00    0.000E+00
     1.400     0.110    0.657E+00    0.454E+00    0.145E+01    0.922E-01    0.137E+00    0.443E-01    0.443E-01    0.000E+00    0.000E+00    0.000E+00    0.000E+00
     1.400     0.111    0.659E+00    0.454E+00    0.144E+01    0.914E-01    0.137E+00    0.441E-01    0.441E-01    0.000E+00    0.000E+00    0.000E+00    0.000E+00
     1.400     0.112    0.660E+00    0.454E+00    0.143E+01    0.907E-01    0.136E+00    0.439E-01    0.439E-01    0.000E+00    0.000E+00    0.000E+00    0.000E+00
     1.400     0.113    0.662E+00    0.454E+00    0.141E+01    0.899E-01    0.136E+00    0.436E-01    0.436E-01    0.000E+00    0.000E+00    0.000E+00    0.000E+00
     1.400     0.114    0.664E+00    0.454E+00    0.140E+01    0.892E-01    0.135E+00    0.434E-01    0.434E-01    0.000E+00    0.000E+00    0.000E+00    0.000E+00
     1.400     0.115    0.665E+00    0.454E+00    0.139E+01    0.885E-01    0.135E+00    0.432E-01    0.432E-01    0.000E+00    0.000E+00    0.000E+00    0.000E+00
     1.400     0.116    0.667E+00    0.454E+00    0.138E+01    0.878E-01    0.135E+00    0.430E-01    0.430E-01    0.000E+00    0.000E+00    0.000E+00    0.000E+00
     1.400     0.117    0.668E+00    0.454E+00    0.136E+01    0.871E-01    0.134E+00    0.428E-01    0.428E-01    0.000E+00    0.000E+00    0.000E+00    0.000E+00
     1.400     0.118    0.670E+00    0.454E+00    0.135E+01    0.864E-01    0.134E+00    0.426E-01    0.426E-01    0.000E+00    0.000E+00    0.000E+00    0.000E+00
     1.400     0.119    0.672E+00    0.454E+00    0.134E+01    0.857E-01    0.133E+00    0.423E-01    0.423E-01    0.000E+00    0.000E+00    0.000E+00    0.000E+00
     1.400     0.120    0.673E+00    0.454E+00    0.133E+01    0.850E-01    0.133E+00    0.421E-01    0.421E-01    0.000E+00    0.000E+00    0.000E+00    0.000E+00
     1.400     0.121    0.675E+00    0.454E+00    0.132E+01    0.843E-01    0.132E+00    0.419E-01    0.419E-01    0.000E+00    0.000E+00    0.000E+00    0.000E+00
     1.400     0.122    0.676E+00    0.454E+00    0.130E+01    0.837E-01    0.131E+00    0.417E-01    0.417E-01    0.000E+00    0.000E+00    0.000E+00    0.000E+00
     1.400     0.123    0.678E+00    0.453E+00    0.129E+01    0.830E-01    0.131E+00    0.415E-01    0.415E-01    0.000E+00    0.000E+00    0.000E+00    0.000E+00
     1.400     0.124    0.679E+00    0.453E+00    0.128E+01    0.823E-01    0.130E+00    0.412E-01    0.412E-01    0.000E+00    0.000E+00    0.000E+00    0.000E+00
     1.400     0.125    0.680E+00    0.453E+00    0.127E+01    0.817E-01    0.130E+00    0.410E-01    0.410E-01    0.000E+00    0.000E+00    0.000E+00    0.000E+00
     1.400     0.126    0.682E+00    0.453E+00    0.126E+01    0.810E-01    0.129E+00    0.408E-01    0.408E-01    0.000E+00    0.000E+00    0.000E+00    0.000E+00
     1.400     0.127    0.683E+00    0.453E+00    0.125E+01    0.804E-01    0.129E+00    0.406E-01    0.406E-01    0.000E+00    0.000E+00    0.000E+00    0.000E+00
     1.400     0.128    0.685E+00    0.453E+00    0.124E+01    0.798E-01    0.128E+00    0.404E-01    0.404E-01    0.000E+00    0.000E+00    0.000E+00    0.000E+00
     1.400     0.129    0.686E+00    0.452E+00    0.123E+01    0.791E-01    0.128E+00    0.401E-01    0.401E-01    0.000E+00    0.000E+00    0.000E+00    0.000E+00
     1.400     0.130    0.687E+00    0.452E+00    0.121E+01    0.785E-01    0.127E+00    0.399E-01    0.399E-01    0.000E+00    0.000E+00    0.000E+00    0.000E+00
     1.400     0.131    0.689E+00    0.452E+00    0.120E+01    0.779E-01    0.127E+00    0.397E-01    0.397E-01    0.000E+00    0.000E+00    0.000E+00    0.000E+00
     1.400     0.132    0.690E+00    0.452E+00    0.119E+01    0.773E-01    0.126E+00    0.395E-01    0.395E-01    0.000E+00    0.000E+00    0.000E+00    0.000E+00
     1.400     0.133    0.691E+00    0.451E+00    0.118E+01    0.767E-01    0.125E+00    0.393E-01    0.393E-01    0.000E+00    0.000E+00    0.000E+00    0.000E+00
     1.400     0.134    0.693E+00    0.451E+00    0.117E+01    0.761E-01    0.125E+00    0.390E-01    0.390E-01    0.000E+00    0.000E+00    0.000E+00    0.000E+00
     1.400     0.135    0.694E+00    0.451E+00    0.116E+01    0.755E-01    0.124E+00    0.388E-01    0.388E-01    0.000E+00    0.000E+00    0.000E+00    0.000E+00
     1.400     0.136    0.695E+00    0.451E+00    0.115E+01    0.750E-01    0.124E+00    0.386E-01    0.386E-01    0.000E+00    0.000E+00    0.000E+00    0.000E+00
     1.400     0.137    0.696E+00    0.450E+00    0.114E+01    0.744E-01    0.123E+00    0.384E-01    0.384E-01    0.000E+00    0.000E+00    0.000E+00    0.000E+00
     1.400     0.138    0.698E+00    0.450E+00    0.113E+01    0.738E-01    0.122E+00    0.382E-01    0.382E-01    0.000E+00    0.000E+00    0.000E+00    0.000E+00
     1.400     0.139    0.699E+00    0.450E+00    0.112E+01    0.733E-01    0.122E+00    0.379E-01    0.379E-01    0.000E+00    0.000E+00    0.000E+00    0.000E+00
     1.400     0.140    0.700E+00    0.449E+00    0.111E+01    0.727E-01    0.121E+00    0.377E-01    0.377E-01    0.000E+00    0.000E+00    0.000E+00    0.000E+00
     1.400     0.141    0.701E+00    0.449E+00    0.110E+01    0.722E-01    0.121E+00    0.375E-01    0.375E-01    0.000E+00    0.000E+00    0.000E+00    0.000E+00
     1.400     0.142    0.702E+00    0.449E+00    0.109E+01    0.716E-01    0.120E+00    0.373E-01    0.373E-01    0.000E+00    0.000E+00    0.000E+00    0.000E+00
     1.400     0.143    0.704E+00    0.448E+00    0.108E+01    0.711E-01    0.119E+00    0.371E-01    0.371E-01    0.000E+00    0.000E+00    0.000E+00    0.000E+00
     1.400     0.144    0.705E+00    0.448E+00    0.107E+01    0.705E-01    0.119E+00    0.368E-01    0.368E-01    0.000E+00    0.000E+00    0.000E+00    0.000E+00
     1.400     0.145    0.706E+00    0.447E+00    0.106E+01    0.700E-01    0.118E+00    0.366E-01    0.366E-01    0.000E+00    0.000E+00    0.000E+00    0.000E+00
     1.400     0.146    0.707E+00    0.447E+00    0.105E+01    0.695E-01    0.117E+00    0.364E-01    0.364E-01    0.000E+00    0.000E+00    0.000E+00    0.000E+00
     1.400     0.147    0.708E+00    0.447E+00    0.104E+01    0.690E-01    0.117E+00    0.362E-01    0.362E-01    0.000E+00    0.000E+00    0.000E+00    0.000E+00
     1.400     0.148    0.709E+00    0.446E+00    0.103E+01    0.685E-01    0.116E+00    0.360E-01    0.360E-01    0.000E+00    0.000E+00    0.000E+00    0.000E+00
     1.400     0.149    0.710E+00    0.446E+00    0.102E+01    0.680E-01    0.115E+00    0.357E-01    0.357E-01    0.000E+00    0.000E+00    0.000E+00    0.000E+00
     1.400     0.150    0.711E+00    0.445E+00    0.101E+01    0.675E-01    0.115E+00    0.355E-01    0.355E-01    0.000E+00    0.000E+00    0.000E+00    0.000E+00
     1.400     0.151    0.712E+00    0.445E+00    0.100E+01    0.670E-01    0.114E+00    0.353E-01    0.353E-01    0.000E+00    0.000E+00    0.000E+00    0.000E+00
     1.400     0.152    0.713E+00    0.444E+00    0.994E+00    0.665E-01    0.114E+00    0.351E-01    0.351E-01    0.000E+00    0.000E+00    0.000E+00    0.000E+00
     1.400     0.153    0.714E+00    0.444E+00    0.985E+00    0.660E-01    0.113E+00    0.349E-01    0.349E-01    0.000E+00    0.000E+00    0.000E+00    0.000E+00
     1.400     0.154    0.715E+00    0.444E+00    0.976E+00    0.655E-01    0.112E+00    0.347E-01    0.347E-01    0.000E+00    0.000E+00    0.000E+00    0.000E+00
     1.400     0.155    0.716E+00    0.443E+00    0.967E+00    0.651E-01    0.112E+00    0.345E-01    0.345E-01    0.000E+00    0.000E+00    0.000E+00    0.000E+00
     1.400     0.156    0.717E+00    0.443E+00    0.958E+00    0.646E-01    0.111E+00    0.342E-01    0.342E-01    0.000E+00    0.000E+00    0.000E+00    0.000E+00
     1.400     0.157    0.718E+00    0.442E+00    0.949E+00    0.641E-01    0.110E+00    0.340E-01    0.340E-01    0.000E+00    0.000E+00    0.000E+00    0.000E+00
     1.400     0.158    0.719E+00    0.442E+00    0.941E+00    0.637E-01    0.110E+00    0.338E-01    0.338E-01    0.000E+00    0.000E+00    0.000E+00    0.000E+00
     1.400     0.159    0.720E+00    0.441E+00    0.932E+00    0.632E-01    0.109E+00    0.336E-01    0.336E-01    0.000E+00    0.000E+00    0.000E+00    0.000E+00
     1.400     0.160    0.721E+00    0.441E+00    0.924E+00    0.628E-01    0.108E+00    0.334E-01    0.334E-01    0.000E+00    0.000E+00    0.000E+00    0.000E+00
     1.400     0.161    0.722E+00    0.440E+00    0.915E+00    0.623E-01    0.108E+00    0.332E-01    0.332E-01    0.000E+00    0.000E+00    0.000E+00    0.000E+00
     1.400     0.162    0.722E+00    0.440E+00    0.907E+00    0.619E-01    0.107E+00    0.330E-01    0.330E-01    0.000E+00    0.000E+00    0.000E+00    0.000E+00
     1.400     0.163    0.723E+00    0.439E+00    0.899E+00    0.614E-01    0.106E+00    0.327E-01    0.327E-01    0.000E+00    0.000E+00    0.000E+00    0.000E+00
     1.400     0.164    0.724E+00    0.439E+00    0.891E+00    0.610E-01    0.106E+00    0.325E-01    0.325E-01    0.000E+00    0.000E+00    0.000E+00    0.000E+00
     1.400     0.165    0.725E+00    0.438E+00    0.883E+00    0.606E-01    0.105E+00    0.323E-01    0.323E-01    0.000E+00    0.000E+00    0.000E+00    0.000E+00
     1.400     0.166    0.726E+00    0.438E+00    0.875E+00    0.602E-01    0.104E+00    0.321E-01    0.321E-01    0.000E+00    0.000E+00    0.000E+00    0.000E+00
     1.400     0.167    0.726E+00    0.437E+00    0.867E+00    0.598E-01    0.104E+00    0.319E-01    0.319E-01    0.000E+00    0.000E+00    0.000E+00    0.000E+00
     1.400     0.168    0.727E+00    0.436E+00    0.859E+00    0.594E-01    0.103E+00    0.317E-01    0.317E-01    0.000E+00    0.000E+00    0.000E+00    0.000E+00
     1.400     0.169    0.728E+00    0.436E+00    0.851E+00    0.589E-01    0.102E+00    0.315E-01    0.315E-01    0.000E+00    0.000E+00    0.000E+00    0.000E+00
     1.400     0.170    0.729E+00    0.435E+00    0.844E+00    0.585E-01    0.101E+00    0.313E-01    0.313E-01    0.000E+00    0.000E+00    0.000E+00    0.000E+00
     1.400     0.171    0.729E+00    0.435E+00    0.836E+00    0.581E-01    0.101E+00    0.311E-01    0.311E-01    0.000E+00    0.000E+00    0.000E+00    0.000E+00
     1.400     0.172    0.730E+00    0.434E+00    0.829E+00    0.577E-01    0.100E+00    0.309E-01    0.309E-01    0.000E+00    0.000E+00    0.000E+00    0.000E+00
     1.400     0.173    0.731E+00    0.434E+00    0.821E+00    0.573E-01    0.994E-01    0.307E-01    0.307E-01    0.000E+00    0.000E+00    0.000E+00    0.000E+00
     1.400     0.174    0.731E+00    0.433E+00    0.814E+00    0.570E-01    0.987E-01    0.304E-01    0.304E-01    0.000E+00    0.000E+00    0.000E+00    0.000E+00
     1.400     0.175    0.732E+00    0.432E+00    0.807E+00    0.566E-01    0.981E-01    0.302E-01    0.302E-01    0.000E+00    0.000E+00    0.000E+00    0.000E+00
     1.400     0.176    0.733E+00    0.432E+00    0.799E+00    0.562E-01    0.974E-01    0.300E-01    0.300E-01    0.000E+00    0.000E+00    0.000E+00    0.000E+00
     1.400     0.177    0.733E+00    0.431E+00    0.792E+00    0.558E-01    0.967E-01    0.298E-01    0.298E-01    0.000E+00    0.000E+00    0.000E+00    0.000E+00
     1.400     0.178    0.734E+00    0.431E+00    0.785E+00    0.554E-01    0.960E-01    0.296E-01    0.296E-01    0.000E+00    0.000E+00    0.000E+00    0.000E+00
     1.400     0.179    0.735E+00    0.430E+00    0.778E+00    0.551E-01    0.953E-01    0.294E-01    0.294E-01    0.000E+00    0.000E+00    0.000E+00    0.000E+00
     1.400     0.180    0.735E+00    0.429E+00    0.771E+00    0.547E-01    0.946E-01    0.292E-01    0.292E-01    0.000E+00    0.000E+00    0.000E+00    0.000E+00
     1.400     0.181    0.736E+00    0.429E+00    0.765E+00    0.543E-01    0.940E-01    0.290E-01    0.290E-01    0.000E+00    0.000E+00    0.000E+00    0.000E+00
     1.400     0.182    0.736E+00    0.428E+00    0.758E+00    0.540E-01    0.933E-01    0.288E-01    0.288E-01    0.000E+00    0.000E+00    0.000E+00    0.000E+00
     1.400     0.183    0.737E+00    0.428E+00    0.751E+00    0.536E-01    0.926E-01    0.286E-01    0.286E-01    0.000E+00    0.000E+00    0.000E+00    0.000E+00
     1.400     0.184    0.737E+00    0.427E+00    0.745E+00    0.533E-01    0.919E-01    0.284E-01    0.284E-01    0.000E+00    0.000E+00    0.000E+00    0.000E+00
     1.400     0.185    0.738E+00    0.426E+00    0.738E+00    0.529E-01    0.913E-01    0.282E-01    0.282E-01    0.000E+00    0.000E+00    0.000E+00    0.000E+00
     1.400     0.186    0.738E+00    0.426E+00    0.732E+00    0.526E-01    0.906E-01    0.280E-01    0.280E-01    0.000E+00    0.000E+00    0.000E+00    0.000E+00
     1.400     0.187    0.739E+00    0.425E+00    0.725E+00    0.522E-01    0.899E-01    0.278E-01    0.278E-01    0.000E+00    0.000E+00    0.000E+00    0.000E+00
     1.400     0.188    0.739E+00    0.424E+00    0.719E+00    0.519E-01    0.892E-01    0.276E-01    0.276E-01    0.000E+00    0.000E+00    0.000E+00    0.000E+00
     1.400     0.189    0.740E+00    0.424E+00    0.713E+00    0.516E-01    0.885E-01    0.274E-01    0.274E-01    0.000E+00    0.000E+00    0.000E+00    0.000E+00
     1.400     0.190    0.740E+00    0.423E+00    0.706E+00    0.512E-01    0.879E-01    0.272E-01    0.272E-01    0.000E+00    0.000E+00    0.000E+00    0.000E+00
     1.400     0.191    0.741E+00    0.422E+00    0.700E+00    0.509E-01    0.872E-01    0.270E-01    0.270E-01    0.000E+00    0.000E+00    0.000E+00    0.000E+00
     1.400     0.192    0.741E+00    0.422E+00    0.694E+00    0.506E-01    0.865E-01    0.269E-01    0.269E-01    0.000E+00    0.000E+00    0.000E+00    0.000E+00
     1.400     0.193    0.741E+00    0.421E+00    0.688E+00    0.502E-01    0.859E-01    0.267E-01    0.267E-01    0.000E+00    0.000E+00    0.000E+00    0.000E+00
     1.400     0.194    0.742E+00    0.420E+00    0.682E+00    0.499E-01    0.852E-01    0.265E-01    0.265E-01    0.000E+00    0.000E+00    0.000E+00    0.000E+00
     1.400     0.195    0.742E+00    0.420E+00    0.676E+00    0.496E-01    0.845E-01    0.263E-01    0.263E-01    0.000E+00    0.000E+00    0.000E+00    0.000E+00
     1.400     0.196    0.742E+00    0.419E+00    0.671E+00    0.493E-01    0.839E-01    0.261E-01    0.261E-01    0.000E+00    0.000E+00    0.000E+00    0.000E+00
     1.400     0.197    0.743E+00    0.418E+00    0.665E+00    0.490E-01    0.832E-01    0.259E-01    0.259E-01    0.000E+00    0.000E+00    0.000E+00    0.000E+00
     1.400     0.198    0.743E+00    0.418E+00    0.659E+00    0.486E-01    0.825E-01    0.257E-01    0.257E-01    0.000E+00    0.000E+00    0.000E+00    0.000E+00
     1.400     0.199    0.743E+00    0.417E+00    0.654E+00    0.483E-01    0.819E-01    0.255E-01    0.255E-01    0.000E+00    0.000E+00    0.000E+00    0.000E+00
     1.400     0.200    0.744E+00    0.416E+00    0.648E+00    0.480E-01    0.812E-01    0.253E-01    0.253E-01    0.000E+00    0.000E+00    0.000E+00    0.000E+00
     1.400     0.201    0.744E+00    0.416E+00    0.643E+00    0.477E-01    0.806E-01    0.251E-01    0.251E-01    0.000E+00    0.000E+00    0.000E+00    0.000E+00
     1.400     0.202    0.744E+00    0.415E+00    0.637E+00    0.474E-01    0.799E-01    0.250E-01    0.250E-01    0.000E+00    0.000E+00    0.000E+00    0.000E+00
     1.400     0.203    0.744E+00    0.414E+00    0.632E+00    0.471E-01    0.792E-01    0.248E-01    0.248E-01    0.000E+00    0.000E+00    0.000E+00    0.000E+00
     1.400     0.204    0.745E+00    0.413E+00    0.627E+00    0.468E-01    0.786E-01    0.246E-01    0.246E-01    0.000E+00    0.000E+00    0.000E+00    0.000E+00
     1.400     0.205    0.745E+00    0.413E+00    0.621E+00    0.465E-01    0.779E-01    0.244E-01    0.244E-01    0.000E+00    0.000E+00    0.000E+00    0.000E+00
     1.400     0.206    0.745E+00    0.412E+00    0.616E+00    0.462E-01    0.773E-01    0.242E-01    0.242E-01    0.000E+00    0.000E+00    0.000E+00    0.000E+00
     1.400     0.207    0.745E+00    0.411E+00    0.611E+00    0.459E-01    0.767E-01    0.240E-01    0.240E-01    0.000E+00    0.000E+00    0.000E+00    0.000E+00
     1.400     0.208    0.745E+00    0.411E+00    0.606E+00    0.456E-01    0.760E-01    0.239E-01    0.239E-01    0.000E+00    0.000E+00    0.000E+00    0.000E+00
     1.400     0.209    0.745E+00    0.410E+00    0.601E+00    0.453E-01    0.754E-01    0.237E-01    0.237E-01    0.000E+00    0.000E+00    0.000E+00    0.000E+00
     1.400     0.210    0.746E+00    0.409E+00    0.596E+00    0.451E-01    0.747E-01    0.235E-01    0.235E-01    0.000E+00    0.000E+00    0.000E+00    0.000E+00
     1.400     0.211    0.746E+00    0.408E+00    0.591E+00    0.448E-01    0.741E-01    0.233E-01    0.233E-01    0.000E+00    0.000E+00    0.000E+00    0.000E+00
     1.400     0.212    0.746E+00    0.408E+00    0.586E+00    0.445E-01    0.735E-01    0.231E-01    0.231E-01    0.000E+00    0.000E+00    0.000E+00    0.000E+00
     1.400     0.213    0.746E+00    0.407E+00    0.582E+00    0.442E-01    0.729E-01    0.230E-01    0.230E-01    0.000E+00    0.000E+00    0.000E+00    0.000E+00
     1.400     0.214    0.746E+00    0.406E+00    0.577E+00    0.439E-01    0.722E-01    0.228E-01    0.228E-01    0.000E+00    0.000E+00    0.000E+00    0.000E+00
     1.400     0.215    0.746E+00    0.405E+00    0.572E+00    0.436E-01    0.716E-01    0.226E-01    0.226E-01    0.000E+00    0.000E+00    0.000E+00    0.000E+00
     1.400     0.216    0.746E+00    0.405E+00    0.568E+00    0.434E-01    0.710E-01    0.224E-01    0.224E-01    0.000E+00    0.000E+00    0.000E+00    0.000E+00
     1.400     0.217    0.746E+00    0.404E+00    0.563E+00    0.431E-01    0.704E-01    0.223E-01    0.223E-01    0.000E+00    0.000E+00    0.000E+00    0.000E+00
     1.400     0.218    0.746E+00    0.403E+00    0.559E+00    0.428E-01    0.698E-01    0.221E-01    0.221E-01    0.000E+00    0.000E+00    0.000E+00    0.000E+00
     1.400     0.219    0.746E+00    0.402E+00    0.554E+00    0.426E-01    0.691E-01    0.219E-01    0.219E-01    0.000E+00    0.000E+00    0.000E+00    0.000E+00
     1.400     0.220    0.746E+00    0.402E+00    0.550E+00    0.423E-01    0.685E-01    0.217E-01    0.217E-01    0.000E+00    0.000E+00    0.000E+00    0.000E+00
     1.400     0.221    0.746E+00    0.401E+00    0.545E+00    0.420E-01    0.679E-01    0.216E-01    0.216E-01    0.000E+00    0.000E+00    0.000E+00    0.000E+00
     1.400     0.222    0.746E+00    0.400E+00    0.541E+00    0.418E-01    0.673E-01    0.214E-01    0.214E-01    0.000E+00    0.000E+00    0.000E+00    0.000E+00
     1.400     0.223    0.746E+00    0.399E+00    0.537E+00    0.415E-01    0.667E-01    0.212E-01    0.212E-01    0.000E+00    0.000E+00    0.000E+00    0.000E+00
     1.400     0.224    0.746E+00    0.399E+00    0.532E+00    0.412E-01    0.661E-01    0.211E-01    0.211E-01    0.000E+00    0.000E+00    0.000E+00    0.000E+00
     1.400     0.225    0.746E+00    0.398E+00    0.528E+00    0.410E-01    0.655E-01    0.209E-01    0.209E-01    0.000E+00    0.000E+00    0.000E+00    0.000E+00
     1.400     0.226    0.746E+00    0.397E+00    0.524E+00    0.407E-01    0.649E-01    0.207E-01    0.207E-01    0.000E+00    0.000E+00    0.000E+00    0.000E+00
     1.400     0.227    0.746E+00    0.396E+00    0.520E+00    0.404E-01    0.643E-01    0.206E-01    0.206E-01    0.000E+00    0.000E+00    0.000E+00    0.000E+00
     1.400     0.228    0.746E+00    0.396E+00    0.516E+00    0.402E-01    0.638E-01    0.204E-01    0.204E-01    0.000E+00    0.000E+00    0.000E+00    0.000E+00
     1.400     0.229    0.745E+00    0.395E+00    0.512E+00    0.399E-01    0.632E-01    0.202E-01    0.202E-01    0.000E+00    0.000E+00    0.000E+00    0.000E+00
     1.400     0.230    0.745E+00    0.394E+00    0.508E+00    0.397E-01    0.626E-01    0.201E-01    0.201E-01    0.000E+00    0.000E+00    0.000E+00    0.000E+00
     1.400     0.231    0.745E+00    0.393E+00    0.504E+00    0.394E-01    0.620E-01    0.199E-01    0.199E-01    0.000E+00    0.000E+00    0.000E+00    0.000E+00
     1.400     0.232    0.745E+00    0.392E+00    0.500E+00    0.392E-01    0.614E-01    0.198E-01    0.198E-01    0.000E+00    0.000E+00    0.000E+00    0.000E+00
     1.400     0.233    0.745E+00    0.392E+00    0.497E+00    0.389E-01    0.609E-01    0.196E-01    0.196E-01    0.000E+00    0.000E+00    0.000E+00    0.000E+00
     1.400     0.234    0.744E+00    0.391E+00    0.493E+00    0.387E-01    0.603E-01    0.194E-01    0.194E-01    0.000E+00    0.000E+00    0.000E+00    0.000E+00
     1.400     0.235    0.744E+00    0.390E+00    0.489E+00    0.384E-01    0.598E-01    0.193E-01    0.193E-01    0.000E+00    0.000E+00    0.000E+00    0.000E+00
     1.400     0.236    0.744E+00    0.389E+00    0.485E+00    0.382E-01    0.592E-01    0.191E-01    0.191E-01    0.000E+00    0.000E+00    0.000E+00    0.000E+00
     1.400     0.237    0.744E+00    0.388E+00    0.482E+00    0.379E-01    0.586E-01    0.190E-01    0.190E-01    0.000E+00    0.000E+00    0.000E+00    0.000E+00
     1.400     0.238    0.744E+00    0.388E+00    0.478E+00    0.377E-01    0.581E-01    0.188E-01    0.188E-01    0.000E+00    0.000E+00    0.000E+00    0.000E+00
     1.400     0.239    0.743E+00    0.387E+00    0.475E+00    0.374E-01    0.575E-01    0.187E-01    0.187E-01    0.000E+00    0.000E+00    0.000E+00    0.000E+00
     1.400     0.240    0.743E+00    0.386E+00    0.471E+00    0.372E-01    0.570E-01    0.185E-01    0.185E-01    0.000E+00    0.000E+00    0.000E+00    0.000E+00
     1.400     0.241    0.743E+00    0.385E+00    0.468E+00    0.370E-01    0.564E-01    0.183E-01    0.183E-01    0.000E+00    0.000E+00    0.000E+00    0.000E+00
     1.400     0.242    0.742E+00    0.384E+00    0.464E+00    0.367E-01    0.559E-01    0.182E-01    0.182E-01    0.000E+00    0.000E+00    0.000E+00    0.000E+00
     1.400     0.243    0.742E+00    0.383E+00    0.461E+00    0.365E-01    0.554E-01    0.180E-01    0.180E-01    0.000E+00    0.000E+00    0.000E+00    0.000E+00
     1.400     0.244    0.742E+00    0.383E+00    0.457E+00    0.362E-01    0.548E-01    0.179E-01    0.179E-01    0.000E+00    0.000E+00    0.000E+00    0.000E+00
     1.400     0.245    0.741E+00    0.382E+00    0.454E+00    0.360E-01    0.543E-01    0.177E-01    0.177E-01    0.000E+00    0.000E+00    0.000E+00    0.000E+00
     1.400     0.246    0.741E+00    0.381E+00    0.451E+00    0.358E-01    0.538E-01    0.176E-01    0.176E-01    0.000E+00    0.000E+00    0.000E+00    0.000E+00
     1.400     0.247    0.741E+00    0.380E+00    0.447E+00    0.355E-01    0.533E-01    0.174E-01    0.174E-01    0.000E+00    0.000E+00    0.000E+00    0.000E+00
     1.400     0.248    0.740E+00    0.379E+00    0.444E+00    0.353E-01    0.527E-01    0.173E-01    0.173E-01    0.000E+00    0.000E+00    0.000E+00    0.000E+00
     1.400     0.249    0.740E+00    0.378E+00    0.441E+00    0.351E-01    0.522E-01    0.171E-01    0.171E-01    0.000E+00    0.000E+00    0.000E+00    0.000E+00
     1.400     0.250    0.739E+00    0.378E+00    0.438E+00    0.348E-01    0.517E-01    0.170E-01    0.170E-01    0.000E+00    0.000E+00    0.000E+00    0.000E+00
     1.400     0.251    0.739E+00    0.377E+00    0.435E+00    0.346E-01    0.512E-01    0.169E-01    0.169E-01    0.000E+00    0.000E+00    0.000E+00    0.000E+00
     1.400     0.252    0.738E+00    0.376E+00    0.432E+00    0.344E-01    0.507E-01    0.167E-01    0.167E-01    0.000E+00    0.000E+00    0.000E+00    0.000E+00
     1.400     0.253    0.738E+00    0.375E+00    0.429E+00    0.342E-01    0.502E-01    0.166E-01    0.166E-01    0.000E+00    0.000E+00    0.000E+00    0.000E+00
     1.400     0.254    0.738E+00    0.374E+00    0.426E+00    0.339E-01    0.497E-01    0.164E-01    0.164E-01    0.000E+00    0.000E+00    0.000E+00    0.000E+00
     1.400     0.255    0.737E+00    0.373E+00    0.423E+00    0.337E-01    0.492E-01    0.163E-01    0.163E-01    0.000E+00    0.000E+00    0.000E+00    0.000E+00
     1.400     0.256    0.737E+00    0.372E+00    0.420E+00    0.335E-01    0.487E-01    0.161E-01    0.161E-01    0.000E+00    0.000E+00    0.000E+00    0.000E+00
     1.400     0.257    0.736E+00    0.372E+00    0.417E+00    0.332E-01    0.482E-01    0.160E-01    0.160E-01    0.000E+00    0.000E+00    0.000E+00    0.000E+00
     1.400     0.258    0.735E+00    0.371E+00    0.414E+00    0.330E-01    0.477E-01    0.159E-01    0.159E-01    0.000E+00    0.000E+00    0.000E+00    0.000E+00
     1.400     0.259    0.735E+00    0.370E+00    0.411E+00    0.328E-01    0.473E-01    0.157E-01    0.157E-01    0.000E+00    0.000E+00    0.000E+00    0.000E+00
     1.400     0.260    0.734E+00    0.369E+00    0.408E+00    0.326E-01    0.468E-01    0.156E-01    0.156E-01    0.000E+00    0.000E+00    0.000E+00    0.000E+00
     1.400     0.261    0.734E+00    0.368E+00    0.405E+00    0.324E-01    0.463E-01    0.155E-01    0.155E-01    0.000E+00    0.000E+00    0.000E+00    0.000E+00
     1.400     0.262    0.733E+00    0.367E+00    0.403E+00    0.321E-01    0.458E-01    0.153E-01    0.153E-01    0.000E+00    0.000E+00    0.000E+00    0.000E+00
     1.400     0.263    0.733E+00    0.366E+00    0.400E+00    0.319E-01    0.454E-01    0.152E-01    0.152E-01    0.000E+00    0.000E+00    0.000E+00    0.000E+00
     1.400     0.264    0.732E+00    0.365E+00    0.397E+00    0.317E-01    0.449E-01    0.151E-01    0.151E-01    0.000E+00    0.000E+00    0.000E+00    0.000E+00
     1.400     0.265    0.731E+00    0.365E+00    0.395E+00    0.315E-01    0.445E-01    0.149E-01    0.149E-01    0.000E+00    0.000E+00    0.000E+00    0.000E+00
     1.400     0.266    0.731E+00    0.364E+00    0.392E+00    0.313E-01    0.440E-01    0.148E-01    0.148E-01    0.000E+00    0.000E+00    0.000E+00    0.000E+00
     1.400     0.267    0.730E+00    0.363E+00    0.389E+00    0.310E-01    0.436E-01    0.147E-01    0.147E-01    0.000E+00    0.000E+00    0.000E+00    0.000E+00
     1.400     0.268    0.730E+00    0.362E+00    0.387E+00    0.308E-01    0.431E-01    0.145E-01    0.145E-01    0.000E+00    0.000E+00    0.000E+00    0.000E+00
     1.400     0.269    0.729E+00    0.361E+00    0.384E+00    0.306E-01    0.427E-01    0.144E-01    0.144E-01    0.000E+00    0.000E+00    0.000E+00    0.000E+00
     1.400     0.270    0.728E+00    0.360E+00    0.382E+00    0.304E-01    0.422E-01    0.143E-01    0.143E-01    0.000E+00    0.000E+00    0.000E+00    0.000E+00
     1.400     0.271    0.728E+00    0.359E+00    0.379E+00    0.302E-01    0.418E-01    0.141E-01    0.141E-01    0.000E+00    0.000E+00    0.000E+00    0.000E+00
     1.400     0.272    0.727E+00    0.358E+00    0.377E+00    0.300E-01    0.414E-01    0.140E-01    0.140E-01    0.000E+00    0.000E+00    0.000E+00    0.000E+00
     1.400     0.273    0.726E+00    0.357E+00    0.374E+00    0.297E-01    0.409E-01    0.139E-01    0.139E-01    0.000E+00    0.000E+00    0.000E+00    0.000E+00
     1.400     0.274    0.725E+00    0.356E+00    0.372E+00    0.295E-01    0.405E-01    0.138E-01    0.138E-01    0.000E+00    0.000E+00    0.000E+00    0.000E+00
     1.400     0.275    0.725E+00    0.356E+00    0.369E+00    0.293E-01    0.401E-01    0.136E-01    0.136E-01    0.000E+00    0.000E+00    0.000E+00    0.000E+00
     1.400     0.276    0.724E+00    0.355E+00    0.367E+00    0.291E-01    0.397E-01    0.135E-01    0.135E-01    0.000E+00    0.000E+00    0.000E+00    0.000E+00
     1.400     0.277    0.723E+00    0.354E+00    0.365E+00    0.289E-01    0.392E-01    0.134E-01    0.134E-01    0.000E+00    0.000E+00    0.000E+00    0.000E+00
     1.400     0.278    0.722E+00    0.353E+00    0.362E+00    0.287E-01    0.388E-01    0.133E-01    0.133E-01    0.000E+00    0.000E+00    0.000E+00    0.000E+00
     1.400     0.279    0.722E+00    0.352E+00    0.360E+00    0.285E-01    0.384E-01    0.131E-01    0.131E-01    0.000E+00    0.000E+00    0.000E+00    0.000E+00
     1.400     0.280    0.721E+00    0.351E+00    0.358E+00    0.283E-01    0.380E-01    0.130E-01    0.130E-01    0.000E+00    0.000E+00    0.000E+00    0.000E+00
     1.400     0.281    0.720E+00    0.350E+00    0.356E+00    0.281E-01    0.376E-01    0.129E-01    0.129E-01    0.000E+00    0.000E+00    0.000E+00    0.000E+00
     1.400     0.282    0.719E+00    0.349E+00    0.353E+00    0.279E-01    0.372E-01    0.128E-01    0.128E-01    0.000E+00    0.000E+00    0.000E+00    0.000E+00
     1.400     0.283    0.718E+00    0.348E+00    0.351E+00    0.277E-01    0.368E-01    0.127E-01    0.127E-01    0.000E+00    0.000E+00    0.000E+00    0.000E+00
     1.400     0.284    0.718E+00    0.347E+00    0.349E+00    0.274E-01    0.364E-01    0.126E-01    0.126E-01    0.000E+00    0.000E+00    0.000E+00    0.000E+00
     1.400     0.285    0.717E+00    0.346E+00    0.347E+00    0.272E-01    0.360E-01    0.124E-01    0.124E-01    0.000E+00    0.000E+00    0.000E+00    0.000E+00
     1.400     0.286    0.716E+00    0.345E+00    0.345E+00    0.270E-01    0.357E-01    0.123E-01    0.123E-01    0.000E+00    0.000E+00    0.000E+00    0.000E+00
     1.400     0.287    0.715E+00    0.344E+00    0.342E+00    0.268E-01    0.353E-01    0.122E-01    0.122E-01    0.000E+00    0.000E+00    0.000E+00    0.000E+00
     1.400     0.288    0.714E+00    0.343E+00    0.340E+00    0.266E-01    0.349E-01    0.121E-01    0.121E-01    0.000E+00    0.000E+00    0.000E+00    0.000E+00
     1.400     0.289    0.713E+00    0.342E+00    0.338E+00    0.264E-01    0.345E-01    0.120E-01    0.120E-01    0.000E+00    0.000E+00    0.000E+00    0.000E+00
     1.400     0.290    0.712E+00    0.341E+00    0.336E+00    0.262E-01    0.342E-01    0.119E-01    0.119E-01    0.000E+00    0.000E+00    0.000E+00    0.000E+00
     1.400     0.291    0.712E+00    0.341E+00    0.334E+00    0.260E-01    0.338E-01    0.118E-01    0.118E-01    0.000E+00    0.000E+00    0.000E+00    0.000E+00
     1.400     0.292    0.711E+00    0.340E+00    0.332E+00    0.258E-01    0.334E-01    0.116E-01    0.116E-01    0.000E+00    0.000E+00    0.000E+00    0.000E+00
     1.400     0.293    0.710E+00    0.339E+00    0.330E+00    0.256E-01    0.331E-01    0.115E-01    0.115E-01    0.000E+00    0.000E+00    0.000E+00    0.000E+00
     1.400     0.294    0.709E+00    0.338E+00    0.328E+00    0.254E-01    0.327E-01    0.114E-01    0.114E-01    0.000E+00    0.000E+00    0.000E+00    0.000E+00
     1.400     0.295    0.708E+00    0.337E+00    0.326E+00    0.252E-01    0.324E-01    0.113E-01    0.113E-01    0.000E+00    0.000E+00    0.000E+00    0.000E+00
     1.400     0.296    0.707E+00    0.336E+00    0.324E+00    0.250E-01    0.320E-01    0.112E-01    0.112E-01    0.000E+00    0.000E+00    0.000E+00    0.000E+00
     1.400     0.297    0.706E+00    0.335E+00    0.322E+00    0.248E-01    0.317E-01    0.111E-01    0.111E-01    0.000E+00    0.000E+00    0.000E+00    0.000E+00
     1.400     0.298    0.705E+00    0.334E+00    0.320E+00    0.246E-01    0.313E-01    0.110E-01    0.110E-01    0.000E+00    0.000E+00    0.000E+00    0.000E+00
     1.400     0.299    0.704E+00    0.333E+00    0.318E+00    0.245E-01    0.310E-01    0.109E-01    0.109E-01    0.000E+00    0.000E+00    0.000E+00    0.000E+00
     1.400     0.300    0.703E+00    0.332E+00    0.316E+00    0.243E-01    0.306E-01    0.108E-01    0.108E-01    0.000E+00    0.000E+00    0.000E+00    0.000E+00
     1.400     0.301    0.702E+00    0.331E+00    0.315E+00    0.241E-01    0.303E-01    0.107E-01    0.107E-01    0.000E+00    0.000E+00    0.000E+00    0.000E+00
     1.400     0.302    0.701E+00    0.330E+00    0.313E+00    0.239E-01    0.300E-01    0.106E-01    0.106E-01    0.000E+00    0.000E+00    0.000E+00    0.000E+00
     1.400     0.303    0.700E+00    0.329E+00    0.311E+00    0.237E-01    0.296E-01    0.105E-01    0.105E-01    0.000E+00    0.000E+00    0.000E+00    0.000E+00
     1.400     0.304    0.699E+00    0.328E+00    0.309E+00    0.235E-01    0.293E-01    0.104E-01    0.104E-01    0.000E+00    0.000E+00    0.000E+00    0.000E+00
     1.400     0.305    0.698E+00    0.327E+00    0.307E+00    0.233E-01    0.290E-01    0.103E-01    0.103E-01    0.000E+00    0.000E+00    0.000E+00    0.000E+00
     1.400     0.306    0.697E+00    0.326E+00    0.306E+00    0.231E-01    0.287E-01    0.102E-01    0.102E-01    0.000E+00    0.000E+00    0.000E+00    0.000E+00
     1.400     0.307    0.696E+00    0.325E+00    0.304E+00    0.229E-01    0.284E-01    0.101E-01    0.101E-01    0.000E+00    0.000E+00    0.000E+00    0.000E+00
     1.400     0.308    0.695E+00    0.324E+00    0.302E+00    0.227E-01    0.280E-01    0.998E-02    0.998E-02    0.000E+00    0.000E+00    0.000E+00    0.000E+00
     1.400     0.309    0.693E+00    0.323E+00    0.300E+00    0.225E-01    0.277E-01    0.988E-02    0.988E-02    0.000E+00    0.000E+00    0.000E+00    0.000E+00
     1.400     0.310    0.692E+00    0.322E+00    0.299E+00    0.224E-01    0.274E-01    0.978E-02    0.978E-02    0.000E+00    0.000E+00    0.000E+00    0.000E+00
     1.400     0.311    0.691E+00    0.321E+00    0.297E+00    0.222E-01    0.271E-01    0.969E-02    0.969E-02    0.000E+00    0.000E+00    0.000E+00    0.000E+00
     1.400     0.312    0.690E+00    0.320E+00    0.295E+00    0.220E-01    0.268E-01    0.959E-02    0.959E-02    0.000E+00    0.000E+00    0.000E+00    0.000E+00
     1.400     0.313    0.689E+00    0.319E+00    0.293E+00    0.218E-01    0.265E-01    0.950E-02    0.950E-02    0.000E+00    0.000E+00    0.000E+00    0.000E+00
     1.400     0.314    0.688E+00    0.318E+00    0.292E+00    0.216E-01    0.262E-01    0.940E-02    0.940E-02    0.000E+00    0.000E+00    0.000E+00    0.000E+00
     1.400     0.315    0.687E+00    0.317E+00    0.290E+00    0.214E-01    0.259E-01    0.931E-02    0.931E-02    0.000E+00    0.000E+00    0.000E+00    0.000E+00
     1.400     0.316    0.686E+00    0.316E+00    0.288E+00    0.213E-01    0.256E-01    0.922E-02    0.922E-02    0.000E+00    0.000E+00    0.000E+00    0.000E+00
     1.400     0.317    0.684E+00    0.315E+00    0.287E+00    0.211E-01    0.254E-01    0.913E-02    0.913E-02    0.000E+00    0.000E+00    0.000E+00    0.000E+00
     1.400     0.318    0.683E+00    0.314E+00    0.285E+00    0.209E-01    0.251E-01    0.903E-02    0.903E-02    0.000E+00    0.000E+00    0.000E+00    0.000E+00
     1.400     0.319    0.682E+00    0.313E+00    0.284E+00    0.207E-01    0.248E-01    0.894E-02    0.894E-02    0.000E+00    0.000E+00    0.000E+00    0.000E+00
     1.400     0.320    0.681E+00    0.312E+00    0.282E+00    0.205E-01    0.245E-01    0.885E-02    0.885E-02    0.000E+00    0.000E+00    0.000E+00    0.000E+00
     1.400     0.321    0.680E+00    0.311E+00    0.280E+00    0.204E-01    0.242E-01    0.876E-02    0.876E-02    0.000E+00    0.000E+00    0.000E+00    0.000E+00
     1.400     0.322    0.679E+00    0.309E+00    0.279E+00    0.202E-01    0.240E-01    0.868E-02    0.868E-02    0.000E+00    0.000E+00    0.000E+00    0.000E+00
     1.400     0.323    0.677E+00    0.308E+00    0.277E+00    0.200E-01    0.237E-01    0.859E-02    0.859E-02    0.000E+00    0.000E+00    0.000E+00    0.000E+00
     1.400     0.324    0.676E+00    0.307E+00    0.276E+00    0.198E-01    0.234E-01    0.850E-02    0.850E-02    0.000E+00    0.000E+00    0.000E+00    0.000E+00
     1.400     0.325    0.675E+00    0.306E+00    0.274E+00    0.197E-01    0.232E-01    0.842E-02    0.842E-02    0.000E+00    0.000E+00    0.000E+00    0.000E+00
     1.400     0.326    0.674E+00    0.305E+00    0.273E+00    0.195E-01    0.229E-01    0.833E-02    0.833E-02    0.000E+00    0.000E+00    0.000E+00    0.000E+00
     1.400     0.327    0.672E+00    0.304E+00    0.271E+00    0.193E-01    0.226E-01    0.824E-02    0.824E-02    0.000E+00    0.000E+00    0.000E+00    0.000E+00
     1.400     0.328    0.671E+00    0.303E+00    0.270E+00    0.191E-01    0.224E-01    0.816E-02    0.816E-02    0.000E+00    0.000E+00    0.000E+00    0.000E+00
     1.400     0.329    0.670E+00    0.302E+00    0.268E+00    0.190E-01    0.221E-01    0.808E-02    0.808E-02    0.000E+00    0.000E+00    0.000E+00    0.000E+00
     1.400     0.330    0.669E+00    0.301E+00    0.267E+00    0.188E-01    0.219E-01    0.799E-02    0.799E-02    0.000E+00    0.000E+00    0.000E+00    0.000E+00
     1.400     0.331    0.667E+00    0.300E+00    0.265E+00    0.186E-01    0.216E-01    0.791E-02    0.791E-02    0.000E+00    0.000E+00    0.000E+00    0.000E+00
     1.400     0.332    0.666E+00    0.299E+00    0.264E+00    0.185E-01    0.214E-01    0.783E-02    0.783E-02    0.000E+00    0.000E+00    0.000E+00    0.000E+00
     1.400     0.333    0.665E+00    0.298E+00    0.262E+00    0.183E-01    0.211E-01    0.775E-02    0.775E-02    0.000E+00    0.000E+00    0.000E+00    0.000E+00
     1.400     0.334    0.664E+00    0.297E+00    0.261E+00    0.181E-01    0.209E-01    0.767E-02    0.767E-02    0.000E+00    0.000E+00    0.000E+00    0.000E+00
     1.400     0.335    0.662E+00    0.296E+00    0.260E+00    0.180E-01    0.207E-01    0.759E-02    0.759E-02    0.000E+00    0.000E+00    0.000E+00    0.000E+00
     1.400     0.336    0.661E+00    0.295E+00    0.258E+00    0.178E-01    0.204E-01    0.751E-02    0.751E-02    0.000E+00    0.000E+00    0.000E+00    0.000E+00
     1.400     0.337    0.660E+00    0.294E+00    0.257E+00    0.176E-01    0.202E-01    0.743E-02    0.743E-02    0.000E+00    0.000E+00    0.000E+00    0.000E+00
     1.400     0.338    0.658E+00    0.293E+00    0.255E+00    0.175E-01    0.200E-01    0.735E-02    0.735E-02    0.000E+00    0.000E+00    0.000E+00    0.000E+00
     1.400     0.339    0.657E+00    0.292E+00    0.254E+00    0.173E-01    0.197E-01    0.728E-02    0.728E-02    0.000E+00    0.000E+00    0.000E+00    0.000E+00
     1.400     0.340    0.656E+00    0.290E+00    0.253E+00    0.171E-01    0.195E-01    0.720E-02    0.720E-02    0.000E+00    0.000E+00    0.000E+00    0.000E+00
     1.400     0.341    0.654E+00    0.289E+00    0.251E+00    0.170E-01    0.193E-01    0.712E-02    0.712E-02    0.000E+00    0.000E+00    0.000E+00    0.000E+00
     1.400     0.342    0.653E+00    0.288E+00    0.250E+00    0.168E-01    0.191E-01    0.705E-02    0.705E-02    0.000E+00    0.000E+00    0.000E+00    0.000E+00
     1.400     0.343    0.652E+00    0.287E+00    0.248E+00    0.167E-01    0.188E-01    0.697E-02    0.697E-02    0.000E+00    0.000E+00    0.000E+00    0.000E+00
     1.400     0.344    0.650E+00    0.286E+00    0.247E+00    0.165E-01    0.186E-01    0.690E-02    0.690E-02    0.000E+00    0.000E+00    0.000E+00    0.000E+00
     1.400     0.345    0.649E+00    0.285E+00    0.246E+00    0.163E-01    0.184E-01    0.683E-02    0.683E-02    0.000E+00    0.000E+00    0.000E+00    0.000E+00
     1.400     0.346    0.647E+00    0.284E+00    0.244E+00    0.162E-01    0.182E-01    0.676E-02    0.676E-02    0.000E+00    0.000E+00    0.000E+00    0.000E+00
     1.400     0.347    0.646E+00    0.283E+00    0.243E+00    0.160E-01    0.180E-01    0.668E-02    0.668E-02    0.000E+00    0.000E+00    0.000E+00    0.000E+00
     1.400     0.348    0.645E+00    0.282E+00    0.242E+00    0.159E-01    0.178E-01    0.661E-02    0.661E-02    0.000E+00    0.000E+00    0.000E+00    0.000E+00
     1.400     0.349    0.643E+00    0.281E+00    0.241E+00    0.157E-01    0.176E-01    0.654E-02    0.654E-02    0.000E+00    0.000E+00    0.000E+00    0.000E+00
     1.400     0.350    0.642E+00    0.280E+00    0.239E+00    0.156E-01    0.174E-01    0.647E-02    0.647E-02    0.000E+00    0.000E+00    0.000E+00    0.000E+00
     1.400     0.351    0.640E+00    0.279E+00    0.238E+00    0.154E-01    0.172E-01    0.640E-02    0.640E-02    0.000E+00    0.000E+00    0.000E+00    0.000E+00
     1.400     0.352    0.639E+00    0.277E+00    0.237E+00    0.153E-01    0.170E-01    0.633E-02    0.633E-02    0.000E+00    0.000E+00    0.000E+00    0.000E+00
     1.400     0.353    0.638E+00    0.276E+00    0.235E+00    0.151E-01    0.168E-01    0.626E-02    0.626E-02    0.000E+00    0.000E+00    0.000E+00    0.000E+00
     1.400     0.354    0.636E+00    0.275E+00    0.234E+00    0.150E-01    0.166E-01    0.620E-02    0.620E-02    0.000E+00    0.000E+00    0.000E+00    0.000E+00
     1.400     0.355    0.635E+00    0.274E+00    0.233E+00    0.148E-01    0.164E-01    0.613E-02    0.613E-02    0.000E+00    0.000E+00    0.000E+00    0.000E+00
     1.400     0.356    0.633E+00    0.273E+00    0.232E+00    0.147E-01    0.162E-01    0.606E-02    0.606E-02    0.000E+00    0.000E+00    0.000E+00    0.000E+00
     1.400     0.357    0.632E+00    0.272E+00    0.230E+00    0.145E-01    0.160E-01    0.600E-02    0.600E-02    0.000E+00    0.000E+00    0.000E+00    0.000E+00
     1.400     0.358    0.630E+00    0.271E+00    0.229E+00    0.144E-01    0.158E-01    0.593E-02    0.593E-02    0.000E+00    0.000E+00    0.000E+00    0.000E+00
     1.400     0.359    0.629E+00    0.270E+00    0.228E+00    0.142E-01    0.156E-01    0.587E-02    0.587E-02    0.000E+00    0.000E+00    0.000E+00    0.000E+00
     1.400     0.360    0.627E+00    0.269E+00    0.227E+00    0.141E-01    0.154E-01    0.580E-02    0.580E-02    0.000E+00    0.000E+00    0.000E+00    0.000E+00
     1.400     0.361    0.626E+00    0.268E+00    0.225E+00    0.139E-01    0.152E-01    0.574E-02    0.574E-02    0.000E+00    0.000E+00    0.000E+00    0.000E+00
     1.400     0.362    0.624E+00    0.266E+00    0.224E+00    0.138E-01    0.151E-01    0.567E-02    0.567E-02    0.000E+00    0.000E+00    0.000E+00    0.000E+00
     1.400     0.363    0.623E+00    0.265E+00    0.223E+00    0.137E-01    0.149E-01    0.561E-02    0.561E-02    0.000E+00    0.000E+00    0.000E+00    0.000E+00
     1.400     0.364    0.621E+00    0.264E+00    0.222E+00    0.135E-01    0.147E-01    0.555E-02    0.555E-02    0.000E+00    0.000E+00    0.000E+00    0.000E+00
     1.400     0.365    0.620E+00    0.263E+00    0.221E+00    0.134E-01    0.145E-01    0.549E-02    0.549E-02    0.000E+00    0.000E+00    0.000E+00    0.000E+00
     1.400     0.366    0.618E+00    0.262E+00    0.219E+00    0.132E-01    0.144E-01    0.543E-02    0.543E-02    0.000E+00    0.000E+00    0.000E+00    0.000E+00
     1.400     0.367    0.617E+00    0.261E+00    0.218E+00    0.131E-01    0.142E-01    0.537E-02    0.537E-02    0.000E+00    0.000E+00    0.000E+00    0.000E+00
     1.400     0.368    0.615E+00    0.260E+00    0.217E+00    0.130E-01    0.140E-01    0.531E-02    0.531E-02    0.000E+00    0.000E+00    0.000E+00    0.000E+00
     1.400     0.369    0.614E+00    0.259E+00    0.216E+00    0.128E-01    0.139E-01    0.525E-02    0.525E-02    0.000E+00    0.000E+00    0.000E+00    0.000E+00
     1.400     0.370    0.612E+00    0.257E+00    0.215E+00    0.127E-01    0.137E-01    0.519E-02    0.519E-02    0.000E+00    0.000E+00    0.000E+00    0.000E+00
     1.400     0.371    0.611E+00    0.256E+00    0.214E+00    0.126E-01    0.135E-01    0.513E-02    0.513E-02    0.000E+00    0.000E+00    0.000E+00    0.000E+00
     1.400     0.372    0.609E+00    0.255E+00    0.212E+00    0.124E-01    0.134E-01    0.507E-02    0.507E-02    0.000E+00    0.000E+00    0.000E+00    0.000E+00
     1.400     0.373    0.608E+00    0.254E+00    0.211E+00    0.123E-01    0.132E-01    0.502E-02    0.502E-02    0.000E+00    0.000E+00    0.000E+00    0.000E+00
     1.400     0.374    0.606E+00    0.253E+00    0.210E+00    0.122E-01    0.131E-01    0.496E-02    0.496E-02    0.000E+00    0.000E+00    0.000E+00    0.000E+00
     1.400     0.375    0.605E+00    0.252E+00    0.209E+00    0.121E-01    0.129E-01    0.490E-02    0.490E-02    0.000E+00    0.000E+00    0.000E+00    0.000E+00
     1.400     0.376    0.603E+00    0.251E+00    0.208E+00    0.119E-01    0.127E-01    0.485E-02    0.485E-02    0.000E+00    0.000E+00    0.000E+00    0.000E+00
     1.400     0.377    0.601E+00    0.250E+00    0.207E+00    0.118E-01    0.126E-01    0.479E-02    0.479E-02    0.000E+00    0.000E+00    0.000E+00    0.000E+00
     1.400     0.378    0.600E+00    0.249E+00    0.205E+00    0.117E-01    0.124E-01    0.474E-02    0.474E-02    0.000E+00    0.000E+00    0.000E+00    0.000E+00
     1.400     0.379    0.598E+00    0.247E+00    0.204E+00    0.115E-01    0.123E-01    0.468E-02    0.468E-02    0.000E+00    0.000E+00    0.000E+00    0.000E+00
     1.400     0.380    0.597E+00    0.246E+00    0.203E+00    0.114E-01    0.121E-01    0.463E-02    0.463E-02    0.000E+00    0.000E+00    0.000E+00    0.000E+00
     1.400     0.381    0.595E+00    0.245E+00    0.202E+00    0.113E-01    0.120E-01    0.458E-02    0.458E-02    0.000E+00    0.000E+00    0.000E+00    0.000E+00
     1.400     0.382    0.594E+00    0.244E+00    0.201E+00    0.112E-01    0.119E-01    0.452E-02    0.452E-02    0.000E+00    0.000E+00    0.000E+00    0.000E+00
     1.400     0.383    0.592E+00    0.243E+00    0.200E+00    0.110E-01    0.117E-01    0.447E-02    0.447E-02    0.000E+00    0.000E+00    0.000E+00    0.000E+00
     1.400     0.384    0.590E+00    0.242E+00    0.199E+00    0.109E-01    0.116E-01    0.442E-02    0.442E-02    0.000E+00    0.000E+00    0.000E+00    0.000E+00
     1.400     0.385    0.589E+00    0.241E+00    0.198E+00    0.108E-01    0.114E-01    0.437E-02    0.437E-02    0.000E+00    0.000E+00    0.000E+00    0.000E+00
     1.400     0.386    0.587E+00    0.240E+00    0.197E+00    0.107E-01    0.113E-01    0.432E-02    0.432E-02    0.000E+00    0.000E+00    0.000E+00    0.000E+00
     1.400     0.387    0.586E+00    0.238E+00    0.196E+00    0.106E-01    0.111E-01    0.427E-02    0.427E-02    0.000E+00    0.000E+00    0.000E+00    0.000E+00
     1.400     0.388    0.584E+00    0.237E+00    0.194E+00    0.105E-01    0.110E-01    0.422E-02    0.422E-02    0.000E+00    0.000E+00    0.000E+00    0.000E+00
     1.400     0.389    0.582E+00    0.236E+00    0.193E+00    0.103E-01    0.109E-01    0.417E-02    0.417E-02    0.000E+00    0.000E+00    0.000E+00    0.000E+00
     1.400     0.390    0.581E+00    0.235E+00    0.192E+00    0.102E-01    0.107E-01    0.412E-02    0.412E-02    0.000E+00    0.000E+00    0.000E+00    0.000E+00
     1.400     0.391    0.579E+00    0.234E+00    0.191E+00    0.101E-01    0.106E-01    0.407E-02    0.407E-02    0.000E+00    0.000E+00    0.000E+00    0.000E+00
     1.400     0.392    0.577E+00    0.233E+00    0.190E+00    0.999E-02    0.105E-01    0.402E-02    0.402E-02    0.000E+00    0.000E+00    0.000E+00    0.000E+00
     1.400     0.393    0.576E+00    0.232E+00    0.189E+00    0.988E-02    0.104E-01    0.398E-02    0.398E-02    0.000E+00    0.000E+00    0.000E+00    0.000E+00
     1.400     0.394    0.574E+00    0.231E+00    0.188E+00    0.977E-02    0.102E-01    0.393E-02    0.393E-02    0.000E+00    0.000E+00    0.000E+00    0.000E+00
     1.400     0.395    0.573E+00    0.229E+00    0.187E+00    0.966E-02    0.101E-01    0.388E-02    0.388E-02    0.000E+00    0.000E+00    0.000E+00    0.000E+00
     1.400     0.396    0.571E+00    0.228E+00    0.186E+00    0.955E-02    0.998E-02    0.384E-02    0.384E-02    0.000E+00    0.000E+00    0.000E+00    0.000E+00
     1.400     0.397    0.569E+00    0.227E+00    0.185E+00    0.944E-02    0.986E-02    0.379E-02    0.379E-02    0.000E+00    0.000E+00    0.000E+00    0.000E+00
     1.400     0.398    0.568E+00    0.226E+00    0.184E+00    0.933E-02    0.973E-02    0.375E-02    0.375E-02    0.000E+00    0.000E+00    0.000E+00    0.000E+00
     1.400     0.399    0.566E+00    0.225E+00    0.183E+00    0.923E-02    0.961E-02    0.370E-02    0.370E-02    0.000E+00    0.000E+00    0.000E+00    0.000E+00
     1.400     0.400    0.564E+00    0.224E+00    0.182E+00    0.912E-02    0.949E-02    0.366E-02    0.366E-02    0.000E+00    0.000E+00    0.000E+00    0.000E+00
     1.400     0.401    0.563E+00    0.223E+00    0.181E+00    0.901E-02    0.938E-02    0.361E-02    0.361E-02    0.000E+00    0.000E+00    0.000E+00    0.000E+00
     1.400     0.402    0.561E+00    0.221E+00    0.180E+00    0.891E-02    0.926E-02    0.357E-02    0.357E-02    0.000E+00    0.000E+00    0.000E+00    0.000E+00
     1.400     0.403    0.559E+00    0.220E+00    0.179E+00    0.881E-02    0.914E-02    0.353E-02    0.353E-02    0.000E+00    0.000E+00    0.000E+00    0.000E+00
     1.400     0.404    0.558E+00    0.219E+00    0.178E+00    0.870E-02    0.903E-02    0.348E-02    0.348E-02    0.000E+00    0.000E+00    0.000E+00    0.000E+00
     1.400     0.405    0.556E+00    0.218E+00    0.177E+00    0.860E-02    0.892E-02    0.344E-02    0.344E-02    0.000E+00    0.000E+00    0.000E+00    0.000E+00
     1.400     0.406    0.554E+00    0.217E+00    0.176E+00    0.850E-02    0.881E-02    0.340E-02    0.340E-02    0.000E+00    0.000E+00    0.000E+00    0.000E+00
     1.400     0.407    0.553E+00    0.216E+00    0.175E+00    0.840E-02    0.870E-02    0.336E-02    0.336E-02    0.000E+00    0.000E+00    0.000E+00    0.000E+00
     1.400     0.408    0.551E+00    0.215E+00    0.174E+00    0.830E-02    0.859E-02    0.332E-02    0.332E-02    0.000E+00    0.000E+00    0.000E+00    0.000E+00
     1.400     0.409    0.549E+00    0.214E+00    0.173E+00    0.821E-02    0.848E-02    0.328E-02    0.328E-02    0.000E+00    0.000E+00    0.000E+00    0.000E+00
     1.400     0.410    0.548E+00    0.212E+00    0.172E+00    0.811E-02    0.837E-02    0.324E-02    0.324E-02    0.000E+00    0.000E+00    0.000E+00    0.000E+00
     1.400     0.411    0.546E+00    0.211E+00    0.171E+00    0.801E-02    0.827E-02    0.320E-02    0.320E-02    0.000E+00    0.000E+00    0.000E+00    0.000E+00
     1.400     0.412    0.544E+00    0.210E+00    0.170E+00    0.792E-02    0.816E-02    0.316E-02    0.316E-02    0.000E+00    0.000E+00    0.000E+00    0.000E+00
     1.400     0.413    0.542E+00    0.209E+00    0.169E+00    0.782E-02    0.806E-02    0.312E-02    0.312E-02    0.000E+00    0.000E+00    0.000E+00    0.000E+00
     1.400     0.414    0.541E+00    0.208E+00    0.168E+00    0.773E-02    0.796E-02    0.308E-02    0.308E-02    0.000E+00    0.000E+00    0.000E+00    0.000E+00
     1.400     0.415    0.539E+00    0.207E+00    0.167E+00    0.764E-02    0.786E-02    0.304E-02    0.304E-02    0.000E+00    0.000E+00    0.000E+00    0.000E+00
     1.400     0.416    0.537E+00    0.206E+00    0.166E+00    0.754E-02    0.776E-02    0.301E-02    0.301E-02    0.000E+00    0.000E+00    0.000E+00    0.000E+00
     1.400     0.417    0.536E+00    0.205E+00    0.165E+00    0.745E-02    0.766E-02    0.297E-02    0.297E-02    0.000E+00    0.000E+00    0.000E+00    0.000E+00
     1.400     0.418    0.534E+00    0.204E+00    0.164E+00    0.736E-02    0.756E-02    0.293E-02    0.293E-02    0.000E+00    0.000E+00    0.000E+00    0.000E+00
     1.400     0.419    0.532E+00    0.202E+00    0.163E+00    0.727E-02    0.746E-02    0.289E-02    0.289E-02    0.000E+00    0.000E+00    0.000E+00    0.000E+00
     1.400     0.420    0.530E+00    0.201E+00    0.162E+00    0.718E-02    0.737E-02    0.286E-02    0.286E-02    0.000E+00    0.000E+00    0.000E+00    0.000E+00
     1.400     0.421    0.529E+00    0.200E+00    0.161E+00    0.710E-02    0.727E-02    0.282E-02    0.282E-02    0.000E+00    0.000E+00    0.000E+00    0.000E+00
     1.400     0.422    0.527E+00    0.199E+00    0.160E+00    0.701E-02    0.718E-02    0.279E-02    0.279E-02    0.000E+00    0.000E+00    0.000E+00    0.000E+00
     1.400     0.423    0.525E+00    0.198E+00    0.159E+00    0.692E-02    0.709E-02    0.275E-02    0.275E-02    0.000E+00    0.000E+00    0.000E+00    0.000E+00
     1.400     0.424    0.524E+00    0.197E+00    0.158E+00    0.684E-02    0.700E-02    0.272E-02    0.272E-02    0.000E+00    0.000E+00    0.000E+00    0.000E+00
     1.400     0.425    0.522E+00    0.196E+00    0.157E+00    0.675E-02    0.691E-02    0.268E-02    0.268E-02    0.000E+00    0.000E+00    0.000E+00    0.000E+00
     1.400     0.426    0.520E+00    0.195E+00    0.156E+00    0.667E-02    0.682E-02    0.265E-02    0.265E-02    0.000E+00    0.000E+00    0.000E+00    0.000E+00
     1.400     0.427    0.518E+00    0.194E+00    0.155E+00    0.659E-02    0.673E-02    0.262E-02    0.262E-02    0.000E+00    0.000E+00    0.000E+00    0.000E+00
     1.400     0.428    0.517E+00    0.192E+00    0.154E+00    0.651E-02    0.664E-02    0.258E-02    0.258E-02    0.000E+00    0.000E+00    0.000E+00    0.000E+00
     1.400     0.429    0.515E+00    0.191E+00    0.153E+00    0.642E-02    0.656E-02    0.255E-02    0.255E-02    0.000E+00    0.000E+00    0.000E+00    0.000E+00
     1.400     0.430    0.513E+00    0.190E+00    0.152E+00    0.634E-02    0.647E-02    0.252E-02    0.252E-02    0.000E+00    0.000E+00    0.000E+00    0.000E+00
     1.400     0.431    0.511E+00    0.189E+00    0.151E+00    0.626E-02    0.639E-02    0.249E-02    0.249E-02    0.000E+00    0.000E+00    0.000E+00    0.000E+00
     1.400     0.432    0.510E+00    0.188E+00    0.150E+00    0.619E-02    0.630E-02    0.245E-02    0.245E-02    0.000E+00    0.000E+00    0.000E+00    0.000E+00
     1.400     0.433    0.508E+00    0.187E+00    0.149E+00    0.611E-02    0.622E-02    0.242E-02    0.242E-02    0.000E+00    0.000E+00    0.000E+00    0.000E+00
     1.400     0.434    0.506E+00    0.186E+00    0.149E+00    0.603E-02    0.614E-02    0.239E-02    0.239E-02    0.000E+00    0.000E+00    0.000E+00    0.000E+00
     1.400     0.435    0.504E+00    0.185E+00    0.148E+00    0.595E-02    0.606E-02    0.236E-02    0.236E-02    0.000E+00    0.000E+00    0.000E+00    0.000E+00
     1.400     0.436    0.503E+00    0.184E+00    0.147E+00    0.588E-02    0.598E-02    0.233E-02    0.233E-02    0.000E+00    0.000E+00    0.000E+00    0.000E+00
     1.400     0.437    0.501E+00    0.183E+00    0.146E+00    0.580E-02    0.590E-02    0.230E-02    0.230E-02    0.000E+00    0.000E+00    0.000E+00    0.000E+00
     1.400     0.438    0.499E+00    0.181E+00    0.145E+00    0.573E-02    0.582E-02    0.227E-02    0.227E-02    0.000E+00    0.000E+00    0.000E+00    0.000E+00
     1.400     0.439    0.497E+00    0.180E+00    0.144E+00    0.566E-02    0.575E-02    0.224E-02    0.224E-02    0.000E+00    0.000E+00    0.000E+00    0.000E+00
     1.400     0.440    0.496E+00    0.179E+00    0.143E+00    0.558E-02    0.567E-02    0.221E-02    0.221E-02    0.000E+00    0.000E+00    0.000E+00    0.000E+00
     1.400     0.441    0.494E+00    0.178E+00    0.142E+00    0.551E-02    0.560E-02    0.218E-02    0.218E-02    0.000E+00    0.000E+00    0.000E+00    0.000E+00
     1.400     0.442    0.492E+00    0.177E+00    0.141E+00    0.544E-02    0.552E-02    0.215E-02    0.215E-02    0.000E+00    0.000E+00    0.000E+00    0.000E+00
     1.400     0.443    0.490E+00    0.176E+00    0.140E+00    0.537E-02    0.545E-02    0.212E-02    0.212E-02    0.000E+00    0.000E+00    0.000E+00    0.000E+00
     1.400     0.444    0.489E+00    0.175E+00    0.139E+00    0.530E-02    0.537E-02    0.210E-02    0.210E-02    0.000E+00    0.000E+00    0.000E+00    0.000E+00
     1.400     0.445    0.487E+00    0.174E+00    0.139E+00    0.523E-02    0.530E-02    0.207E-02    0.207E-02    0.000E+00    0.000E+00    0.000E+00    0.000E+00
     1.400     0.446    0.485E+00    0.173E+00    0.138E+00    0.516E-02    0.523E-02    0.204E-02    0.204E-02    0.000E+00    0.000E+00    0.000E+00    0.000E+00
     1.400     0.447    0.483E+00    0.172E+00    0.137E+00    0.510E-02    0.516E-02    0.201E-02    0.201E-02    0.000E+00    0.000E+00    0.000E+00    0.000E+00
     1.400     0.448    0.481E+00    0.171E+00    0.136E+00    0.503E-02    0.509E-02    0.199E-02    0.199E-02    0.000E+00    0.000E+00    0.000E+00    0.000E+00
     1.400     0.449    0.480E+00    0.170E+00    0.135E+00    0.496E-02    0.502E-02    0.196E-02    0.196E-02    0.000E+00    0.000E+00    0.000E+00    0.000E+00
     1.400     0.450    0.478E+00    0.169E+00    0.134E+00    0.490E-02    0.496E-02    0.194E-02    0.194E-02    0.000E+00    0.000E+00    0.000E+00    0.000E+00
     1.400     0.451    0.476E+00    0.167E+00    0.133E+00    0.483E-02    0.489E-02    0.191E-02    0.191E-02    0.000E+00    0.000E+00    0.000E+00    0.000E+00
     1.400     0.452    0.474E+00    0.166E+00    0.132E+00    0.477E-02    0.482E-02    0.188E-02    0.188E-02    0.000E+00    0.000E+00    0.000E+00    0.000E+00
     1.400     0.453    0.473E+00    0.165E+00    0.131E+00    0.471E-02    0.476E-02    0.186E-02    0.186E-02    0.000E+00    0.000E+00    0.000E+00    0.000E+00
     1.400     0.454    0.471E+00    0.164E+00    0.131E+00    0.464E-02    0.469E-02    0.183E-02    0.183E-02    0.000E+00    0.000E+00    0.000E+00    0.000E+00
     1.400     0.455    0.469E+00    0.163E+00    0.130E+00    0.458E-02    0.463E-02    0.181E-02    0.181E-02    0.000E+00    0.000E+00    0.000E+00    0.000E+00
     1.400     0.456    0.467E+00    0.162E+00    0.129E+00    0.452E-02    0.457E-02    0.178E-02    0.178E-02    0.000E+00    0.000E+00    0.000E+00    0.000E+00
     1.400     0.457    0.465E+00    0.161E+00    0.128E+00    0.446E-02    0.450E-02    0.176E-02    0.176E-02    0.000E+00    0.000E+00    0.000E+00    0.000E+00
     1.400     0.458    0.464E+00    0.160E+00    0.127E+00    0.440E-02    0.444E-02    0.174E-02    0.174E-02    0.000E+00    0.000E+00    0.000E+00    0.000E+00
     1.400     0.459    0.462E+00    0.159E+00    0.126E+00    0.434E-02    0.438E-02    0.171E-02    0.171E-02    0.000E+00    0.000E+00    0.000E+00    0.000E+00
     1.400     0.460    0.460E+00    0.158E+00    0.125E+00    0.428E-02    0.432E-02    0.169E-02    0.169E-02    0.000E+00    0.000E+00    0.000E+00    0.000E+00
     1.400     0.461    0.458E+00    0.157E+00    0.125E+00    0.422E-02    0.426E-02    0.167E-02    0.167E-02    0.000E+00    0.000E+00    0.000E+00    0.000E+00
     1.400     0.462    0.457E+00    0.156E+00    0.124E+00    0.417E-02    0.420E-02    0.164E-02    0.164E-02    0.000E+00    0.000E+00    0.000E+00    0.000E+00
     1.400     0.463    0.455E+00    0.155E+00    0.123E+00    0.411E-02    0.414E-02    0.162E-02    0.162E-02    0.000E+00    0.000E+00    0.000E+00    0.000E+00
     1.400     0.464    0.453E+00    0.154E+00    0.122E+00    0.405E-02    0.409E-02    0.160E-02    0.160E-02    0.000E+00    0.000E+00    0.000E+00    0.000E+00
     1.400     0.465    0.451E+00    0.153E+00    0.121E+00    0.400E-02    0.403E-02    0.158E-02    0.158E-02    0.000E+00    0.000E+00    0.000E+00    0.000E+00
     1.400     0.466    0.449E+00    0.152E+00    0.120E+00    0.394E-02    0.397E-02    0.156E-02    0.156E-02    0.000E+00    0.000E+00    0.000E+00    0.000E+00
     1.400     0.467    0.448E+00    0.151E+00    0.120E+00    0.389E-02    0.392E-02    0.153E-02    0.153E-02    0.000E+00    0.000E+00    0.000E+00    0.000E+00
     1.400     0.468    0.446E+00    0.150E+00    0.119E+00    0.384E-02    0.386E-02    0.151E-02    0.151E-02    0.000E+00    0.000E+00    0.000E+00    0.000E+00
     1.400     0.469    0.444E+00    0.149E+00    0.118E+00    0.378E-02    0.381E-02    0.149E-02    0.149E-02    0.000E+00    0.000E+00    0.000E+00    0.000E+00
     1.400     0.470    0.442E+00    0.148E+00    0.117E+00    0.373E-02    0.376E-02    0.147E-02    0.147E-02    0.000E+00    0.000E+00    0.000E+00    0.000E+00
     1.400     0.471    0.441E+00    0.147E+00    0.116E+00    0.368E-02    0.370E-02    0.145E-02    0.145E-02    0.000E+00    0.000E+00    0.000E+00    0.000E+00
     1.400     0.472    0.439E+00    0.146E+00    0.115E+00    0.363E-02    0.365E-02    0.143E-02    0.143E-02    0.000E+00    0.000E+00    0.000E+00    0.000E+00
     1.400     0.473    0.437E+00    0.145E+00    0.115E+00    0.358E-02    0.360E-02    0.141E-02    0.141E-02    0.000E+00    0.000E+00    0.000E+00    0.000E+00
     1.400     0.474    0.435E+00    0.144E+00    0.114E+00    0.353E-02    0.355E-02    0.139E-02    0.139E-02    0.000E+00    0.000E+00    0.000E+00    0.000E+00
     1.400     0.475    0.433E+00    0.143E+00    0.113E+00    0.348E-02    0.350E-02    0.137E-02    0.137E-02    0.000E+00    0.000E+00    0.000E+00    0.000E+00
     1.400     0.476    0.432E+00    0.142E+00    0.112E+00    0.343E-02    0.345E-02    0.135E-02    0.135E-02    0.000E+00    0.000E+00    0.000E+00    0.000E+00
     1.400     0.477    0.430E+00    0.141E+00    0.111E+00    0.338E-02    0.340E-02    0.133E-02    0.133E-02    0.000E+00    0.000E+00    0.000E+00    0.000E+00
     1.400     0.478    0.428E+00    0.140E+00    0.111E+00    0.333E-02    0.335E-02    0.131E-02    0.131E-02    0.000E+00    0.000E+00    0.000E+00    0.000E+00
     1.400     0.479    0.426E+00    0.139E+00    0.110E+00    0.329E-02    0.330E-02    0.129E-02    0.129E-02    0.000E+00    0.000E+00    0.000E+00    0.000E+00
     1.400     0.480    0.425E+00    0.138E+00    0.109E+00    0.324E-02    0.326E-02    0.128E-02    0.128E-02    0.000E+00    0.000E+00    0.000E+00    0.000E+00
     1.400     0.481    0.423E+00    0.137E+00    0.108E+00    0.319E-02    0.321E-02    0.126E-02    0.126E-02    0.000E+00    0.000E+00    0.000E+00    0.000E+00
     1.400     0.482    0.421E+00    0.136E+00    0.107E+00    0.315E-02    0.316E-02    0.124E-02    0.124E-02    0.000E+00    0.000E+00    0.000E+00    0.000E+00
     1.400     0.483    0.419E+00    0.135E+00    0.107E+00    0.310E-02    0.312E-02    0.122E-02    0.122E-02    0.000E+00    0.000E+00    0.000E+00    0.000E+00
     1.400     0.484    0.417E+00    0.134E+00    0.106E+00    0.306E-02    0.307E-02    0.120E-02    0.120E-02    0.000E+00    0.000E+00    0.000E+00    0.000E+00
     1.400     0.485    0.416E+00    0.133E+00    0.105E+00    0.301E-02    0.303E-02    0.119E-02    0.119E-02    0.000E+00    0.000E+00    0.000E+00    0.000E+00
     1.400     0.486    0.414E+00    0.132E+00    0.104E+00    0.297E-02    0.298E-02    0.117E-02    0.117E-02    0.000E+00    0.000E+00    0.000E+00    0.000E+00
     1.400     0.487    0.412E+00    0.131E+00    0.103E+00    0.293E-02    0.294E-02    0.115E-02    0.115E-02    0.000E+00    0.000E+00    0.000E+00    0.000E+00
     1.400     0.488    0.410E+00    0.130E+00    0.103E+00    0.289E-02    0.290E-02    0.114E-02    0.114E-02    0.000E+00    0.000E+00    0.000E+00    0.000E+00
     1.400     0.489    0.408E+00    0.129E+00    0.102E+00    0.284E-02    0.286E-02    0.112E-02    0.112E-02    0.000E+00    0.000E+00    0.000E+00    0.000E+00
     1.400     0.490    0.407E+00    0.128E+00    0.101E+00    0.280E-02    0.281E-02    0.110E-02    0.110E-02    0.000E+00    0.000E+00    0.000E+00    0.000E+00
     1.400     0.491    0.405E+00    0.127E+00    0.100E+00    0.276E-02    0.277E-02    0.109E-02    0.109E-02    0.000E+00    0.000E+00    0.000E+00    0.000E+00
     1.400     0.492    0.403E+00    0.126E+00    0.995E-01    0.272E-02    0.273E-02    0.107E-02    0.107E-02    0.000E+00    0.000E+00    0.000E+00    0.000E+00
     1.400     0.493    0.401E+00    0.125E+00    0.988E-01    0.268E-02    0.269E-02    0.106E-02    0.106E-02    0.000E+00    0.000E+00    0.000E+00    0.000E+00
     1.400     0.494    0.400E+00    0.124E+00    0.980E-01    0.264E-02    0.265E-02    0.104E-02    0.104E-02    0.000E+00    0.000E+00    0.000E+00    0.000E+00
     1.400     0.495    0.398E+00    0.123E+00    0.973E-01    0.260E-02    0.261E-02    0.102E-02    0.102E-02    0.000E+00    0.000E+00    0.000E+00    0.000E+00
     1.400     0.496    0.396E+00    0.122E+00    0.965E-01    0.257E-02    0.257E-02    0.101E-02    0.101E-02    0.000E+00    0.000E+00    0.000E+00    0.000E+00
     1.400     0.497    0.394E+00    0.122E+00    0.958E-01    0.253E-02    0.254E-02    0.995E-03    0.995E-03    0.000E+00    0.000E+00    0.000E+00    0.000E+00
     1.400     0.498    0.393E+00    0.121E+00    0.950E-01    0.249E-02    0.250E-02    0.980E-03    0.980E-03    0.000E+00    0.000E+00    0.000E+00    0.000E+00
     1.400     0.499    0.391E+00    0.120E+00    0.943E-01    0.245E-02    0.246E-02    0.965E-03    0.965E-03    0.000E+00    0.000E+00    0.000E+00    0.000E+00
     1.400     0.500    0.389E+00    0.119E+00    0.935E-01    0.242E-02    0.242E-02    0.951E-03    0.951E-03    0.000E+00    0.000E+00    0.000E+00    0.000E+00
     1.400     0.501    0.387E+00    0.118E+00    0.928E-01    0.238E-02    0.239E-02    0.937E-03    0.937E-03    0.000E+00    0.000E+00    0.000E+00    0.000E+00
     1.400     0.502    0.385E+00    0.117E+00    0.920E-01    0.234E-02    0.235E-02    0.923E-03    0.923E-03    0.000E+00    0.000E+00    0.000E+00    0.000E+00
     1.400     0.503    0.384E+00    0.116E+00    0.913E-01    0.231E-02    0.232E-02    0.909E-03    0.909E-03    0.000E+00    0.000E+00    0.000E+00    0.000E+00
     1.400     0.504    0.382E+00    0.115E+00    0.906E-01    0.228E-02    0.228E-02    0.895E-03    0.895E-03    0.000E+00    0.000E+00    0.000E+00    0.000E+00
     1.400     0.505    0.380E+00    0.114E+00    0.899E-01    0.224E-02    0.225E-02    0.882E-03    0.882E-03    0.000E+00    0.000E+00    0.000E+00    0.000E+00
     1.400     0.506    0.378E+00    0.113E+00    0.891E-01    0.221E-02    0.221E-02    0.868E-03    0.868E-03    0.000E+00    0.000E+00    0.000E+00    0.000E+00
     1.400     0.507    0.377E+00    0.112E+00    0.884E-01    0.217E-02    0.218E-02    0.855E-03    0.855E-03    0.000E+00    0.000E+00    0.000E+00    0.000E+00
     1.400     0.508    0.375E+00    0.112E+00    0.877E-01    0.214E-02    0.215E-02    0.842E-03    0.842E-03    0.000E+00    0.000E+00    0.000E+00    0.000E+00
     1.400     0.509    0.373E+00    0.111E+00    0.870E-01    0.211E-02    0.211E-02    0.829E-03    0.829E-03    0.000E+00    0.000E+00    0.000E+00    0.000E+00
     1.400     0.510    0.371E+00    0.110E+00    0.863E-01    0.208E-02    0.208E-02    0.817E-03    0.817E-03    0.000E+00    0.000E+00    0.000E+00    0.000E+00
     1.400     0.511    0.370E+00    0.109E+00    0.856E-01    0.204E-02    0.205E-02    0.804E-03    0.804E-03    0.000E+00    0.000E+00    0.000E+00    0.000E+00
     1.400     0.512    0.368E+00    0.108E+00    0.849E-01    0.201E-02    0.202E-02    0.792E-03    0.792E-03    0.000E+00    0.000E+00    0.000E+00    0.000E+00
     1.400     0.513    0.366E+00    0.107E+00    0.842E-01    0.198E-02    0.199E-02    0.780E-03    0.780E-03    0.000E+00    0.000E+00    0.000E+00    0.000E+00
     1.400     0.514    0.364E+00    0.106E+00    0.835E-01    0.195E-02    0.195E-02    0.768E-03    0.768E-03    0.000E+00    0.000E+00    0.000E+00    0.000E+00
     1.400     0.515    0.363E+00    0.105E+00    0.828E-01    0.192E-02    0.192E-02    0.756E-03    0.756E-03    0.000E+00    0.000E+00    0.000E+00    0.000E+00
     1.400     0.516    0.361E+00    0.105E+00    0.821E-01    0.189E-02    0.189E-02    0.744E-03    0.744E-03    0.000E+00    0.000E+00    0.000E+00    0.000E+00
     1.400     0.517    0.359E+00    0.104E+00    0.814E-01    0.186E-02    0.187E-02    0.733E-03    0.733E-03    0.000E+00    0.000E+00    0.000E+00    0.000E+00
     1.400     0.518    0.357E+00    0.103E+00    0.807E-01    0.183E-02    0.184E-02    0.721E-03    0.721E-03    0.000E+00    0.000E+00    0.000E+00    0.000E+00
     1.400     0.519    0.356E+00    0.102E+00    0.800E-01    0.181E-02    0.181E-02    0.710E-03    0.710E-03    0.000E+00    0.000E+00    0.000E+00    0.000E+00
     1.400     0.520    0.354E+00    0.101E+00    0.793E-01    0.178E-02    0.178E-02    0.699E-03    0.699E-03    0.000E+00    0.000E+00    0.000E+00    0.000E+00
     1.400     0.521    0.352E+00    0.100E+00    0.787E-01    0.175E-02    0.175E-02    0.688E-03    0.688E-03    0.000E+00    0.000E+00    0.000E+00    0.000E+00
     1.400     0.522    0.350E+00    0.995E-01    0.780E-01    0.172E-02    0.172E-02    0.677E-03    0.677E-03    0.000E+00    0.000E+00    0.000E+00    0.000E+00
     1.400     0.523    0.349E+00    0.987E-01    0.773E-01    0.169E-02    0.170E-02    0.667E-03    0.667E-03    0.000E+00    0.000E+00    0.000E+00    0.000E+00
     1.400     0.524    0.347E+00    0.978E-01    0.767E-01    0.167E-02    0.167E-02    0.656E-03    0.656E-03    0.000E+00    0.000E+00    0.000E+00    0.000E+00
     1.400     0.525    0.345E+00    0.970E-01    0.760E-01    0.164E-02    0.164E-02    0.646E-03    0.646E-03    0.000E+00    0.000E+00    0.000E+00    0.000E+00
     1.400     0.526    0.344E+00    0.962E-01    0.753E-01    0.162E-02    0.162E-02    0.635E-03    0.635E-03    0.000E+00    0.000E+00    0.000E+00    0.000E+00
     1.400     0.527    0.342E+00    0.954E-01    0.747E-01    0.159E-02    0.159E-02    0.625E-03    0.625E-03    0.000E+00    0.000E+00    0.000E+00    0.000E+00
     1.400     0.528    0.340E+00    0.946E-01    0.740E-01    0.156E-02    0.157E-02    0.615E-03    0.615E-03    0.000E+00    0.000E+00    0.000E+00    0.000E+00
     1.400     0.529    0.338E+00    0.938E-01    0.734E-01    0.154E-02    0.154E-02    0.606E-03    0.606E-03    0.000E+00    0.000E+00    0.000E+00    0.000E+00
     1.400     0.530    0.337E+00    0.930E-01    0.727E-01    0.151E-02    0.152E-02    0.596E-03    0.596E-03    0.000E+00    0.000E+00    0.000E+00    0.000E+00
     1.400     0.531    0.335E+00    0.922E-01    0.721E-01    0.149E-02    0.149E-02    0.586E-03    0.586E-03    0.000E+00    0.000E+00    0.000E+00    0.000E+00
     1.400     0.532    0.333E+00    0.914E-01    0.714E-01    0.147E-02    0.147E-02    0.577E-03    0.577E-03    0.000E+00    0.000E+00    0.000E+00    0.000E+00
     1.400     0.533    0.332E+00    0.906E-01    0.708E-01    0.144E-02    0.144E-02    0.568E-03    0.568E-03    0.000E+00    0.000E+00    0.000E+00    0.000E+00
     1.400     0.534    0.330E+00    0.898E-01    0.702E-01    0.142E-02    0.142E-02    0.558E-03    0.558E-03    0.000E+00    0.000E+00    0.000E+00    0.000E+00
     1.400     0.535    0.328E+00    0.890E-01    0.695E-01    0.140E-02    0.140E-02    0.549E-03    0.549E-03    0.000E+00    0.000E+00    0.000E+00    0.000E+00
     1.400     0.536    0.326E+00    0.882E-01    0.689E-01    0.137E-02    0.138E-02    0.540E-03    0.540E-03    0.000E+00    0.000E+00    0.000E+00    0.000E+00
     1.400     0.537    0.325E+00    0.874E-01    0.683E-01    0.135E-02    0.135E-02    0.532E-03    0.532E-03    0.000E+00    0.000E+00    0.000E+00    0.000E+00
     1.400     0.538    0.323E+00    0.867E-01    0.677E-01    0.133E-02    0.133E-02    0.523E-03    0.523E-03    0.000E+00    0.000E+00    0.000E+00    0.000E+00
     1.400     0.539    0.321E+00    0.859E-01    0.670E-01    0.131E-02    0.131E-02    0.515E-03    0.515E-03    0.000E+00    0.000E+00    0.000E+00    0.000E+00
     1.400     0.540    0.320E+00    0.851E-01    0.664E-01    0.129E-02    0.129E-02    0.506E-03    0.506E-03    0.000E+00    0.000E+00    0.000E+00    0.000E+00
     1.400     0.541    0.318E+00    0.844E-01    0.658E-01    0.127E-02    0.127E-02    0.498E-03    0.498E-03    0.000E+00    0.000E+00    0.000E+00    0.000E+00
     1.400     0.542    0.316E+00    0.836E-01    0.652E-01    0.124E-02    0.125E-02    0.490E-03    0.490E-03    0.000E+00    0.000E+00    0.000E+00    0.000E+00
     1.400     0.543    0.315E+00    0.829E-01    0.646E-01    0.122E-02    0.122E-02    0.482E-03    0.482E-03    0.000E+00    0.000E+00    0.000E+00    0.000E+00
     1.400     0.544    0.313E+00    0.821E-01    0.640E-01    0.120E-02    0.120E-02    0.474E-03    0.474E-03    0.000E+00    0.000E+00    0.000E+00    0.000E+00
     1.400     0.545    0.311E+00    0.814E-01    0.634E-01    0.118E-02    0.118E-02    0.466E-03    0.466E-03    0.000E+00    0.000E+00    0.000E+00    0.000E+00
     1.400     0.546    0.310E+00    0.807E-01    0.628E-01    0.116E-02    0.116E-02    0.458E-03    0.458E-03    0.000E+00    0.000E+00    0.000E+00    0.000E+00
     1.400     0.547    0.308E+00    0.799E-01    0.622E-01    0.114E-02    0.115E-02    0.450E-03    0.450E-03    0.000E+00    0.000E+00    0.000E+00    0.000E+00
     1.400     0.548    0.306E+00    0.792E-01    0.616E-01    0.113E-02    0.113E-02    0.443E-03    0.443E-03    0.000E+00    0.000E+00    0.000E+00    0.000E+00
     1.400     0.549    0.305E+00    0.785E-01    0.610E-01    0.111E-02    0.111E-02    0.435E-03    0.435E-03    0.000E+00    0.000E+00    0.000E+00    0.000E+00
     1.400     0.550    0.303E+00    0.777E-01    0.605E-01    0.109E-02    0.109E-02    0.428E-03    0.428E-03    0.000E+00    0.000E+00    0.000E+00    0.000E+00
     1.400     0.551    0.301E+00    0.770E-01    0.599E-01    0.107E-02    0.107E-02    0.421E-03    0.421E-03    0.000E+00    0.000E+00    0.000E+00    0.000E+00
     1.400     0.552    0.300E+00    0.763E-01    0.593E-01    0.105E-02    0.105E-02    0.414E-03    0.414E-03    0.000E+00    0.000E+00    0.000E+00    0.000E+00
     1.400     0.553    0.298E+00    0.756E-01    0.587E-01    0.103E-02    0.103E-02    0.407E-03    0.407E-03    0.000E+00    0.000E+00    0.000E+00    0.000E+00
     1.400     0.554    0.296E+00    0.749E-01    0.582E-01    0.102E-02    0.102E-02    0.400E-03    0.400E-03    0.000E+00    0.000E+00    0.000E+00    0.000E+00
     1.400     0.555    0.295E+00    0.742E-01    0.576E-01    0.999E-03    0.999E-03    0.393E-03    0.393E-03    0.000E+00    0.000E+00    0.000E+00    0.000E+00
     1.400     0.556    0.293E+00    0.735E-01    0.570E-01    0.982E-03    0.982E-03    0.386E-03    0.386E-03    0.000E+00    0.000E+00    0.000E+00    0.000E+00
     1.400     0.557    0.291E+00    0.728E-01    0.565E-01    0.965E-03    0.965E-03    0.380E-03    0.380E-03    0.000E+00    0.000E+00    0.000E+00    0.000E+00
     1.400     0.558    0.290E+00    0.721E-01    0.559E-01    0.948E-03    0.949E-03    0.373E-03    0.373E-03    0.000E+00    0.000E+00    0.000E+00    0.000E+00
     1.400     0.559    0.288E+00    0.714E-01    0.554E-01    0.932E-03    0.933E-03    0.367E-03    0.367E-03    0.000E+00    0.000E+00    0.000E+00    0.000E+00
     1.400     0.560    0.286E+00    0.708E-01    0.548E-01    0.916E-03    0.916E-03    0.361E-03    0.361E-03    0.000E+00    0.000E+00    0.000E+00    0.000E+00
     1.400     0.561    0.285E+00    0.701E-01    0.543E-01    0.900E-03    0.901E-03    0.354E-03    0.354E-03    0.000E+00    0.000E+00    0.000E+00    0.000E+00
     1.400     0.562    0.283E+00    0.694E-01    0.537E-01    0.885E-03    0.885E-03    0.348E-03    0.348E-03    0.000E+00    0.000E+00    0.000E+00    0.000E+00
     1.400     0.563    0.282E+00    0.687E-01    0.532E-01    0.870E-03    0.870E-03    0.342E-03    0.342E-03    0.000E+00    0.000E+00    0.000E+00    0.000E+00
     1.400     0.564    0.280E+00    0.681E-01    0.527E-01    0.854E-03    0.855E-03    0.336E-03    0.336E-03    0.000E+00    0.000E+00    0.000E+00    0.000E+00
     1.400     0.565    0.278E+00    0.674E-01    0.521E-01    0.839E-03    0.840E-03    0.330E-03    0.330E-03    0.000E+00    0.000E+00    0.000E+00    0.000E+00
     1.400     0.566    0.277E+00    0.668E-01    0.516E-01    0.825E-03    0.825E-03    0.325E-03    0.325E-03    0.000E+00    0.000E+00    0.000E+00    0.000E+00
     1.400     0.567    0.275E+00    0.661E-01    0.511E-01    0.810E-03    0.810E-03    0.319E-03    0.319E-03    0.000E+00    0.000E+00    0.000E+00    0.000E+00
     1.400     0.568    0.273E+00    0.655E-01    0.505E-01    0.796E-03    0.796E-03    0.313E-03    0.313E-03    0.000E+00    0.000E+00    0.000E+00    0.000E+00
     1.400     0.569    0.272E+00    0.648E-01    0.500E-01    0.782E-03    0.782E-03    0.308E-03    0.308E-03    0.000E+00    0.000E+00    0.000E+00    0.000E+00
     1.400     0.570    0.270E+00    0.642E-01    0.495E-01    0.768E-03    0.768E-03    0.302E-03    0.302E-03    0.000E+00    0.000E+00    0.000E+00    0.000E+00
     1.400     0.571    0.269E+00    0.636E-01    0.490E-01    0.754E-03    0.755E-03    0.297E-03    0.297E-03    0.000E+00    0.000E+00    0.000E+00    0.000E+00
     1.400     0.572    0.267E+00    0.629E-01    0.485E-01    0.741E-03    0.741E-03    0.292E-03    0.292E-03    0.000E+00    0.000E+00    0.000E+00    0.000E+00
     1.400     0.573    0.265E+00    0.623E-01    0.480E-01    0.728E-03    0.728E-03    0.287E-03    0.287E-03    0.000E+00    0.000E+00    0.000E+00    0.000E+00
     1.400     0.574    0.264E+00    0.617E-01    0.475E-01    0.715E-03    0.715E-03    0.281E-03    0.281E-03    0.000E+00    0.000E+00    0.000E+00    0.000E+00
     1.400     0.575    0.262E+00    0.611E-01    0.470E-01    0.702E-03    0.702E-03    0.276E-03    0.276E-03    0.000E+00    0.000E+00    0.000E+00    0.000E+00
     1.400     0.576    0.261E+00    0.605E-01    0.465E-01    0.689E-03    0.690E-03    0.271E-03    0.271E-03    0.000E+00    0.000E+00    0.000E+00    0.000E+00
     1.400     0.577    0.259E+00    0.598E-01    0.460E-01    0.677E-03    0.677E-03    0.267E-03    0.267E-03    0.000E+00    0.000E+00    0.000E+00    0.000E+00
     1.400     0.578    0.258E+00    0.592E-01    0.455E-01    0.665E-03    0.665E-03    0.262E-03    0.262E-03    0.000E+00    0.000E+00    0.000E+00    0.000E+00
     1.400     0.579    0.256E+00    0.586E-01    0.450E-01    0.653E-03    0.653E-03    0.257E-03    0.257E-03    0.000E+00    0.000E+00    0.000E+00    0.000E+00
     1.400     0.580    0.254E+00    0.580E-01    0.445E-01    0.641E-03    0.641E-03    0.252E-03    0.252E-03    0.000E+00    0.000E+00    0.000E+00    0.000E+00
     1.400     0.581    0.253E+00    0.575E-01    0.441E-01    0.629E-03    0.629E-03    0.248E-03    0.248E-03    0.000E+00    0.000E+00    0.000E+00    0.000E+00
     1.400     0.582    0.251E+00    0.569E-01    0.436E-01    0.618E-03    0.618E-03    0.243E-03    0.243E-03    0.000E+00    0.000E+00    0.000E+00    0.000E+00
     1.400     0.583    0.250E+00    0.563E-01    0.431E-01    0.607E-03    0.607E-03    0.239E-03    0.239E-03    0.000E+00    0.000E+00    0.000E+00    0.000E+00
     1.400     0.584    0.248E+00    0.557E-01    0.426E-01    0.596E-03    0.596E-03    0.235E-03    0.235E-03    0.000E+00    0.000E+00    0.000E+00    0.000E+00
     1.400     0.585    0.247E+00    0.551E-01    0.422E-01    0.585E-03    0.585E-03    0.230E-03    0.230E-03    0.000E+00    0.000E+00    0.000E+00    0.000E+00
     1.400     0.586    0.245E+00    0.546E-01    0.417E-01    0.574E-03    0.574E-03    0.226E-03    0.226E-03    0.000E+00    0.000E+00    0.000E+00    0.000E+00
     1.400     0.587    0.244E+00    0.540E-01    0.412E-01    0.563E-03    0.563E-03    0.222E-03    0.222E-03    0.000E+00    0.000E+00    0.000E+00    0.000E+00
     1.400     0.588    0.242E+00    0.534E-01    0.408E-01    0.553E-03    0.553E-03    0.218E-03    0.218E-03    0.000E+00    0.000E+00    0.000E+00    0.000E+00
     1.400     0.589    0.241E+00    0.529E-01    0.403E-01    0.543E-03    0.543E-03    0.214E-03    0.214E-03    0.000E+00    0.000E+00    0.000E+00    0.000E+00
     1.400     0.590    0.239E+00    0.523E-01    0.399E-01    0.532E-03    0.532E-03    0.210E-03    0.210E-03    0.000E+00    0.000E+00    0.000E+00    0.000E+00
     1.400     0.591    0.238E+00    0.518E-01    0.394E-01    0.522E-03    0.522E-03    0.206E-03    0.206E-03    0.000E+00    0.000E+00    0.000E+00    0.000E+00
     1.400     0.592    0.236E+00    0.512E-01    0.390E-01    0.513E-03    0.513E-03    0.202E-03    0.202E-03    0.000E+00    0.000E+00    0.000E+00    0.000E+00
     1.400     0.593    0.234E+00    0.507E-01    0.386E-01    0.503E-03    0.503E-03    0.198E-03    0.198E-03    0.000E+00    0.000E+00    0.000E+00    0.000E+00
     1.400     0.594    0.233E+00    0.501E-01    0.381E-01    0.493E-03    0.494E-03    0.195E-03    0.195E-03    0.000E+00    0.000E+00    0.000E+00    0.000E+00
     1.400     0.595    0.231E+00    0.496E-01    0.377E-01    0.484E-03    0.484E-03    0.191E-03    0.191E-03    0.000E+00    0.000E+00    0.000E+00    0.000E+00
     1.400     0.596    0.230E+00    0.491E-01    0.373E-01    0.475E-03    0.475E-03    0.187E-03    0.187E-03    0.000E+00    0.000E+00    0.000E+00    0.000E+00
     1.400     0.597    0.228E+00    0.485E-01    0.368E-01    0.466E-03    0.466E-03    0.184E-03    0.184E-03    0.000E+00    0.000E+00    0.000E+00    0.000E+00
     1.400     0.598    0.227E+00    0.480E-01    0.364E-01    0.457E-03    0.457E-03    0.180E-03    0.180E-03    0.000E+00    0.000E+00    0.000E+00    0.000E+00
     1.400     0.599    0.226E+00    0.475E-01    0.360E-01    0.448E-03    0.448E-03    0.177E-03    0.177E-03    0.000E+00    0.000E+00    0.000E+00    0.000E+00
     1.400     0.600    0.224E+00    0.470E-01    0.356E-01    0.440E-03    0.440E-03    0.173E-03    0.173E-03    0.000E+00    0.000E+00    0.000E+00    0.000E+00
     1.400     0.601    0.223E+00    0.465E-01    0.352E-01    0.431E-03    0.431E-03    0.170E-03    0.170E-03    0.000E+00    0.000E+00    0.000E+00    0.000E+00
     1.400     0.602    0.221E+00    0.459E-01    0.347E-01    0.423E-03    0.423E-03    0.167E-03    0.167E-03    0.000E+00    0.000E+00    0.000E+00    0.000E+00
     1.400     0.603    0.220E+00    0.454E-01    0.343E-01    0.415E-03    0.415E-03    0.164E-03    0.164E-03    0.000E+00    0.000E+00    0.000E+00    0.000E+00
     1.400     0.604    0.218E+00    0.449E-01    0.339E-01    0.407E-03    0.407E-03    0.161E-03    0.161E-03    0.000E+00    0.000E+00    0.000E+00    0.000E+00
     1.400     0.605    0.217E+00    0.444E-01    0.335E-01    0.399E-03    0.399E-03    0.157E-03    0.157E-03    0.000E+00    0.000E+00    0.000E+00    0.000E+00
     1.400     0.606    0.215E+00    0.440E-01    0.331E-01    0.391E-03    0.391E-03    0.154E-03    0.154E-03    0.000E+00    0.000E+00    0.000E+00    0.000E+00
     1.400     0.607    0.214E+00    0.435E-01    0.327E-01    0.384E-03    0.384E-03    0.151E-03    0.151E-03    0.000E+00    0.000E+00    0.000E+00    0.000E+00
     1.400     0.608    0.212E+00    0.430E-01    0.323E-01    0.376E-03    0.376E-03    0.148E-03    0.148E-03    0.000E+00    0.000E+00    0.000E+00    0.000E+00
     1.400     0.609    0.211E+00    0.425E-01    0.320E-01    0.369E-03    0.369E-03    0.146E-03    0.146E-03    0.000E+00    0.000E+00    0.000E+00    0.000E+00
     1.400     0.610    0.209E+00    0.420E-01    0.316E-01    0.362E-03    0.362E-03    0.143E-03    0.143E-03    0.000E+00    0.000E+00    0.000E+00    0.000E+00
     1.400     0.611    0.208E+00    0.416E-01    0.312E-01    0.355E-03    0.355E-03    0.140E-03    0.140E-03    0.000E+00    0.000E+00    0.000E+00    0.000E+00
     1.400     0.612    0.207E+00    0.411E-01    0.308E-01    0.348E-03    0.348E-03    0.137E-03    0.137E-03    0.000E+00    0.000E+00    0.000E+00    0.000E+00
     1.400     0.613    0.205E+00    0.406E-01    0.304E-01    0.341E-03    0.341E-03    0.134E-03    0.134E-03    0.000E+00    0.000E+00    0.000E+00    0.000E+00
     1.400     0.614    0.204E+00    0.402E-01    0.301E-01    0.334E-03    0.334E-03    0.132E-03    0.132E-03    0.000E+00    0.000E+00    0.000E+00    0.000E+00
     1.400     0.615    0.202E+00    0.397E-01    0.297E-01    0.327E-03    0.327E-03    0.129E-03    0.129E-03    0.000E+00    0.000E+00    0.000E+00    0.000E+00
     1.400     0.616    0.201E+00    0.392E-01    0.293E-01    0.321E-03    0.321E-03    0.127E-03    0.127E-03    0.000E+00    0.000E+00    0.000E+00    0.000E+00
     1.400     0.617    0.199E+00    0.388E-01    0.290E-01    0.314E-03    0.314E-03    0.124E-03    0.124E-03    0.000E+00    0.000E+00    0.000E+00    0.000E+00
     1.400     0.618    0.198E+00    0.384E-01    0.286E-01    0.308E-03    0.308E-03    0.122E-03    0.122E-03    0.000E+00    0.000E+00    0.000E+00    0.000E+00
     1.400     0.619    0.197E+00    0.379E-01    0.282E-01    0.302E-03    0.302E-03    0.119E-03    0.119E-03    0.000E+00    0.000E+00    0.000E+00    0.000E+00
     1.400     0.620    0.195E+00    0.375E-01    0.279E-01    0.296E-03    0.296E-03    0.117E-03    0.117E-03    0.000E+00    0.000E+00    0.000E+00    0.000E+00
     1.400     0.621    0.194E+00    0.370E-01    0.275E-01    0.290E-03    0.290E-03    0.114E-03    0.114E-03    0.000E+00    0.000E+00    0.000E+00    0.000E+00
     1.400     0.622    0.193E+00    0.366E-01    0.272E-01    0.284E-03    0.284E-03    0.112E-03    0.112E-03    0.000E+00    0.000E+00    0.000E+00    0.000E+00
     1.400     0.623    0.191E+00    0.362E-01    0.268E-01    0.278E-03    0.278E-03    0.110E-03    0.110E-03    0.000E+00    0.000E+00    0.000E+00    0.000E+00
     1.400     0.624    0.190E+00    0.358E-01    0.265E-01    0.272E-03    0.272E-03    0.108E-03    0.108E-03    0.000E+00    0.000E+00    0.000E+00    0.000E+00
     1.400     0.625    0.188E+00    0.353E-01    0.262E-01    0.267E-03    0.267E-03    0.105E-03    0.105E-03    0.000E+00    0.000E+00    0.000E+00    0.000E+00
     1.400     0.626    0.187E+00    0.349E-01    0.258E-01    0.261E-03    0.261E-03    0.103E-03    0.103E-03    0.000E+00    0.000E+00    0.000E+00    0.000E+00
     1.400     0.627    0.186E+00    0.345E-01    0.255E-01    0.256E-03    0.256E-03    0.101E-03    0.101E-03    0.000E+00    0.000E+00    0.000E+00    0.000E+00
     1.400     0.628    0.184E+00    0.341E-01    0.252E-01    0.251E-03    0.251E-03    0.990E-04    0.990E-04    0.000E+00    0.000E+00    0.000E+00    0.000E+00
     1.400     0.629    0.183E+00    0.337E-01    0.248E-01    0.245E-03    0.245E-03    0.970E-04    0.970E-04    0.000E+00    0.000E+00    0.000E+00    0.000E+00
     1.400     0.630    0.182E+00    0.333E-01    0.245E-01    0.240E-03    0.240E-03    0.950E-04    0.950E-04    0.000E+00    0.000E+00    0.000E+00    0.000E+00
     1.400     0.631    0.180E+00    0.329E-01    0.242E-01    0.235E-03    0.235E-03    0.930E-04    0.930E-04    0.000E+00    0.000E+00    0.000E+00    0.000E+00
     1.400     0.632    0.179E+00    0.325E-01    0.239E-01    0.230E-03    0.230E-03    0.911E-04    0.911E-04    0.000E+00    0.000E+00    0.000E+00    0.000E+00
     1.400     0.633    0.178E+00    0.321E-01    0.235E-01    0.226E-03    0.226E-03    0.892E-04    0.892E-04    0.000E+00    0.000E+00    0.000E+00    0.000E+00
     1.400     0.634    0.176E+00    0.317E-01    0.232E-01    0.221E-03    0.221E-03    0.873E-04    0.873E-04    0.000E+00    0.000E+00    0.000E+00    0.000E+00
     1.400     0.635    0.175E+00    0.313E-01    0.229E-01    0.216E-03    0.216E-03    0.854E-04    0.854E-04    0.000E+00    0.000E+00    0.000E+00    0.000E+00
     1.400     0.636    0.174E+00    0.309E-01    0.226E-01    0.212E-03    0.212E-03    0.836E-04    0.836E-04    0.000E+00    0.000E+00    0.000E+00    0.000E+00
     1.400     0.637    0.172E+00    0.306E-01    0.223E-01    0.207E-03    0.207E-03    0.819E-04    0.819E-04    0.000E+00    0.000E+00    0.000E+00    0.000E+00
     1.400     0.638    0.171E+00    0.302E-01    0.220E-01    0.203E-03    0.203E-03    0.801E-04    0.801E-04    0.000E+00    0.000E+00    0.000E+00    0.000E+00
     1.400     0.639    0.170E+00    0.298E-01    0.217E-01    0.198E-03    0.198E-03    0.784E-04    0.784E-04    0.000E+00    0.000E+00    0.000E+00    0.000E+00
     1.400     0.640    0.168E+00    0.295E-01    0.214E-01    0.194E-03    0.194E-03    0.768E-04    0.768E-04    0.000E+00    0.000E+00    0.000E+00    0.000E+00
     1.400     0.641    0.167E+00    0.291E-01    0.211E-01    0.190E-03    0.190E-03    0.751E-04    0.751E-04    0.000E+00    0.000E+00    0.000E+00    0.000E+00
     1.400     0.642    0.166E+00    0.287E-01    0.208E-01    0.186E-03    0.186E-03    0.735E-04    0.735E-04    0.000E+00    0.000E+00    0.000E+00    0.000E+00
     1.400     0.643    0.165E+00    0.284E-01    0.206E-01    0.182E-03    0.182E-03    0.719E-04    0.719E-04    0.000E+00    0.000E+00    0.000E+00    0.000E+00
     1.400     0.644    0.163E+00    0.280E-01    0.203E-01    0.178E-03    0.178E-03    0.704E-04    0.704E-04    0.000E+00    0.000E+00    0.000E+00    0.000E+00
     1.400     0.645    0.162E+00    0.277E-01    0.200E-01    0.174E-03    0.174E-03    0.689E-04    0.689E-04    0.000E+00    0.000E+00    0.000E+00    0.000E+00
     1.400     0.646    0.161E+00    0.273E-01    0.197E-01    0.170E-03    0.170E-03    0.674E-04    0.674E-04    0.000E+00    0.000E+00    0.000E+00    0.000E+00
     1.400     0.647    0.159E+00    0.270E-01    0.194E-01    0.167E-03    0.167E-03    0.659E-04    0.659E-04    0.000E+00    0.000E+00    0.000E+00    0.000E+00
     1.400     0.648    0.158E+00    0.266E-01    0.192E-01    0.163E-03    0.163E-03    0.645E-04    0.645E-04    0.000E+00    0.000E+00    0.000E+00    0.000E+00
     1.400     0.649    0.157E+00    0.263E-01    0.189E-01    0.159E-03    0.159E-03    0.631E-04    0.631E-04    0.000E+00    0.000E+00    0.000E+00    0.000E+00
     1.400     0.650    0.156E+00    0.260E-01    0.186E-01    0.156E-03    0.156E-03    0.617E-04    0.617E-04    0.000E+00    0.000E+00    0.000E+00    0.000E+00
     1.400     0.651    0.154E+00    0.256E-01    0.184E-01    0.152E-03    0.152E-03    0.603E-04    0.603E-04    0.000E+00    0.000E+00    0.000E+00    0.000E+00
     1.400     0.652    0.153E+00    0.253E-01    0.181E-01    0.149E-03    0.149E-03    0.590E-04    0.590E-04    0.000E+00    0.000E+00    0.000E+00    0.000E+00
     1.400     0.653    0.152E+00    0.250E-01    0.178E-01    0.146E-03    0.146E-03    0.577E-04    0.577E-04    0.000E+00    0.000E+00    0.000E+00    0.000E+00
     1.400     0.654    0.151E+00    0.247E-01    0.176E-01    0.142E-03    0.142E-03    0.564E-04    0.564E-04    0.000E+00    0.000E+00    0.000E+00    0.000E+00
     1.400     0.655    0.150E+00    0.244E-01    0.173E-01    0.139E-03    0.139E-03    0.552E-04    0.552E-04    0.000E+00    0.000E+00    0.000E+00    0.000E+00
     1.400     0.656    0.148E+00    0.240E-01    0.171E-01    0.136E-03    0.136E-03    0.539E-04    0.539E-04    0.000E+00    0.000E+00    0.000E+00    0.000E+00
     1.400     0.657    0.147E+00    0.237E-01    0.168E-01    0.133E-03    0.133E-03    0.527E-04    0.527E-04    0.000E+00    0.000E+00    0.000E+00    0.000E+00
     1.400     0.658    0.146E+00    0.234E-01    0.166E-01    0.130E-03    0.130E-03    0.515E-04    0.515E-04    0.000E+00    0.000E+00    0.000E+00    0.000E+00
     1.400     0.659    0.145E+00    0.231E-01    0.163E-01    0.127E-03    0.127E-03    0.504E-04    0.504E-04    0.000E+00    0.000E+00    0.000E+00    0.000E+00
     1.400     0.660    0.143E+00    0.228E-01    0.161E-01    0.124E-03    0.124E-03    0.492E-04    0.492E-04    0.000E+00    0.000E+00    0.000E+00    0.000E+00
     1.400     0.661    0.142E+00    0.225E-01    0.159E-01    0.121E-03    0.121E-03    0.481E-04    0.481E-04    0.000E+00    0.000E+00    0.000E+00    0.000E+00
     1.400     0.662    0.141E+00    0.222E-01    0.156E-01    0.119E-03    0.119E-03    0.470E-04    0.470E-04    0.000E+00    0.000E+00    0.000E+00    0.000E+00
     1.400     0.663    0.140E+00    0.219E-01    0.154E-01    0.116E-03    0.116E-03    0.459E-04    0.459E-04    0.000E+00    0.000E+00    0.000E+00    0.000E+00
     1.400     0.664    0.139E+00    0.216E-01    0.152E-01    0.113E-03    0.113E-03    0.449E-04    0.449E-04    0.000E+00    0.000E+00    0.000E+00    0.000E+00
     1.400     0.665    0.138E+00    0.213E-01    0.149E-01    0.111E-03    0.111E-03    0.439E-04    0.439E-04    0.000E+00    0.000E+00    0.000E+00    0.000E+00
     1.400     0.666    0.136E+00    0.211E-01    0.147E-01    0.108E-03    0.108E-03    0.428E-04    0.428E-04    0.000E+00    0.000E+00    0.000E+00    0.000E+00
     1.400     0.667    0.135E+00    0.208E-01    0.145E-01    0.105E-03    0.105E-03    0.419E-04    0.419E-04    0.000E+00    0.000E+00    0.000E+00    0.000E+00
     1.400     0.668    0.134E+00    0.205E-01    0.143E-01    0.103E-03    0.103E-03    0.409E-04    0.409E-04    0.000E+00    0.000E+00    0.000E+00    0.000E+00
     1.400     0.669    0.133E+00    0.202E-01    0.140E-01    0.101E-03    0.101E-03    0.399E-04    0.399E-04    0.000E+00    0.000E+00    0.000E+00    0.000E+00
     1.400     0.670    0.132E+00    0.200E-01    0.138E-01    0.983E-04    0.983E-04    0.390E-04    0.390E-04    0.000E+00    0.000E+00    0.000E+00    0.000E+00
     1.400     0.671    0.131E+00    0.197E-01    0.136E-01    0.960E-04    0.960E-04    0.381E-04    0.381E-04    0.000E+00    0.000E+00    0.000E+00    0.000E+00
     1.400     0.672    0.130E+00    0.194E-01    0.134E-01    0.937E-04    0.937E-04    0.372E-04    0.372E-04    0.000E+00    0.000E+00    0.000E+00    0.000E+00
     1.400     0.673    0.128E+00    0.192E-01    0.132E-01    0.915E-04    0.915E-04    0.363E-04    0.363E-04    0.000E+00    0.000E+00    0.000E+00    0.000E+00
     1.400     0.674    0.127E+00    0.189E-01    0.130E-01    0.894E-04    0.894E-04    0.355E-04    0.355E-04    0.000E+00    0.000E+00    0.000E+00    0.000E+00
     1.400     0.675    0.126E+00    0.186E-01    0.128E-01    0.873E-04    0.873E-04    0.347E-04    0.347E-04    0.000E+00    0.000E+00    0.000E+00    0.000E+00
     1.400     0.676    0.125E+00    0.184E-01    0.126E-01    0.852E-04    0.852E-04    0.338E-04    0.338E-04    0.000E+00    0.000E+00    0.000E+00    0.000E+00
     1.400     0.677    0.124E+00    0.181E-01    0.124E-01    0.831E-04    0.831E-04    0.330E-04    0.330E-04    0.000E+00    0.000E+00    0.000E+00    0.000E+00
     1.400     0.678    0.123E+00    0.179E-01    0.122E-01    0.811E-04    0.811E-04    0.322E-04    0.322E-04    0.000E+00    0.000E+00    0.000E+00    0.000E+00
     1.400     0.679    0.122E+00    0.176E-01    0.120E-01    0.792E-04    0.792E-04    0.315E-04    0.315E-04    0.000E+00    0.000E+00    0.000E+00    0.000E+00
     1.400     0.680    0.121E+00    0.174E-01    0.118E-01    0.772E-04    0.772E-04    0.307E-04    0.307E-04    0.000E+00    0.000E+00    0.000E+00    0.000E+00
     1.400     0.681    0.120E+00    0.171E-01    0.116E-01    0.753E-04    0.753E-04    0.300E-04    0.300E-04    0.000E+00    0.000E+00    0.000E+00    0.000E+00
     1.400     0.682    0.119E+00    0.169E-01    0.114E-01    0.735E-04    0.735E-04    0.292E-04    0.292E-04    0.000E+00    0.000E+00    0.000E+00    0.000E+00
     1.400     0.683    0.117E+00    0.167E-01    0.112E-01    0.717E-04    0.717E-04    0.285E-04    0.285E-04    0.000E+00    0.000E+00    0.000E+00    0.000E+00
     1.400     0.684    0.116E+00    0.164E-01    0.111E-01    0.699E-04    0.699E-04    0.278E-04    0.278E-04    0.000E+00    0.000E+00    0.000E+00    0.000E+00
     1.400     0.685    0.115E+00    0.162E-01    0.109E-01    0.682E-04    0.682E-04    0.271E-04    0.271E-04    0.000E+00    0.000E+00    0.000E+00    0.000E+00
     1.400     0.686    0.114E+00    0.160E-01    0.107E-01    0.665E-04    0.665E-04    0.265E-04    0.265E-04    0.000E+00    0.000E+00    0.000E+00    0.000E+00
     1.400     0.687    0.113E+00    0.157E-01    0.105E-01    0.649E-04    0.649E-04    0.258E-04    0.258E-04    0.000E+00    0.000E+00    0.000E+00    0.000E+00
     1.400     0.688    0.112E+00    0.155E-01    0.103E-01    0.632E-04    0.632E-04    0.252E-04    0.252E-04    0.000E+00    0.000E+00    0.000E+00    0.000E+00
     1.400     0.689    0.111E+00    0.153E-01    0.102E-01    0.617E-04    0.617E-04    0.245E-04    0.245E-04    0.000E+00    0.000E+00    0.000E+00    0.000E+00
     1.400     0.690    0.110E+00    0.151E-01    0.100E-01    0.601E-04    0.601E-04    0.239E-04    0.239E-04    0.000E+00    0.000E+00    0.000E+00    0.000E+00
     1.400     0.691    0.109E+00    0.149E-01    0.983E-02    0.586E-04    0.586E-04    0.233E-04    0.233E-04    0.000E+00    0.000E+00    0.000E+00    0.000E+00
     1.400     0.692    0.108E+00    0.147E-01    0.967E-02    0.572E-04    0.572E-04    0.228E-04    0.228E-04    0.000E+00    0.000E+00    0.000E+00    0.000E+00
     1.400     0.693    0.107E+00    0.144E-01    0.950E-02    0.557E-04    0.557E-04    0.222E-04    0.222E-04    0.000E+00    0.000E+00    0.000E+00    0.000E+00
     1.400     0.694    0.106E+00    0.142E-01    0.934E-02    0.543E-04    0.543E-04    0.216E-04    0.216E-04    0.000E+00    0.000E+00    0.000E+00    0.000E+00
     1.400     0.695    0.105E+00    0.140E-01    0.918E-02    0.529E-04    0.529E-04    0.211E-04    0.211E-04    0.000E+00    0.000E+00    0.000E+00    0.000E+00
     1.400     0.696    0.104E+00    0.138E-01    0.903E-02    0.516E-04    0.516E-04    0.206E-04    0.206E-04    0.000E+00    0.000E+00    0.000E+00    0.000E+00
     1.400     0.697    0.103E+00    0.136E-01    0.887E-02    0.503E-04    0.503E-04    0.200E-04    0.200E-04    0.000E+00    0.000E+00    0.000E+00    0.000E+00
     1.400     0.698    0.102E+00    0.134E-01    0.872E-02    0.490E-04    0.490E-04    0.195E-04    0.195E-04    0.000E+00    0.000E+00    0.000E+00    0.000E+00
     1.400     0.699    0.101E+00    0.132E-01    0.857E-02    0.477E-04    0.477E-04    0.190E-04    0.190E-04    0.000E+00    0.000E+00    0.000E+00    0.000E+00
     1.400     0.700    0.100E+00    0.130E-01    0.842E-02    0.465E-04    0.465E-04    0.185E-04    0.185E-04    0.000E+00    0.000E+00    0.000E+00    0.000E+00
     1.400     0.701    0.990E-01    0.128E-01    0.827E-02    0.453E-04    0.453E-04    0.181E-04    0.181E-04    0.000E+00    0.000E+00    0.000E+00    0.000E+00
     1.400     0.702    0.981E-01    0.127E-01    0.812E-02    0.441E-04    0.441E-04    0.176E-04    0.176E-04    0.000E+00    0.000E+00    0.000E+00    0.000E+00
     1.400     0.703    0.971E-01    0.125E-01    0.798E-02    0.429E-04    0.429E-04    0.171E-04    0.171E-04    0.000E+00    0.000E+00    0.000E+00    0.000E+00
     1.400     0.704    0.961E-01    0.123E-01    0.784E-02    0.418E-04    0.418E-04    0.167E-04    0.167E-04    0.000E+00    0.000E+00    0.000E+00    0.000E+00
     1.400     0.705    0.952E-01    0.121E-01    0.770E-02    0.407E-04    0.407E-04    0.162E-04    0.162E-04    0.000E+00    0.000E+00    0.000E+00    0.000E+00
     1.400     0.706    0.942E-01    0.119E-01    0.756E-02    0.396E-04    0.396E-04    0.158E-04    0.158E-04    0.000E+00    0.000E+00    0.000E+00    0.000E+00
     1.400     0.707    0.933E-01    0.117E-01    0.742E-02    0.385E-04    0.385E-04    0.154E-04    0.154E-04    0.000E+00    0.000E+00    0.000E+00    0.000E+00
     1.400     0.708    0.924E-01    0.116E-01    0.729E-02    0.375E-04    0.375E-04    0.150E-04    0.150E-04    0.000E+00    0.000E+00    0.000E+00    0.000E+00
     1.400     0.709    0.914E-01    0.114E-01    0.716E-02    0.365E-04    0.365E-04    0.146E-04    0.146E-04    0.000E+00    0.000E+00    0.000E+00    0.000E+00
     1.400     0.710    0.905E-01    0.112E-01    0.703E-02    0.355E-04    0.355E-04    0.142E-04    0.142E-04    0.000E+00    0.000E+00    0.000E+00    0.000E+00
     1.400     0.711    0.896E-01    0.110E-01    0.690E-02    0.346E-04    0.346E-04    0.138E-04    0.138E-04    0.000E+00    0.000E+00    0.000E+00    0.000E+00
     1.400     0.712    0.887E-01    0.109E-01    0.677E-02    0.336E-04    0.336E-04    0.134E-04    0.134E-04    0.000E+00    0.000E+00    0.000E+00    0.000E+00
     1.400     0.713    0.877E-01    0.107E-01    0.665E-02    0.327E-04    0.327E-04    0.131E-04    0.131E-04    0.000E+00    0.000E+00    0.000E+00    0.000E+00
     1.400     0.714    0.868E-01    0.106E-01    0.652E-02    0.318E-04    0.318E-04    0.127E-04    0.127E-04    0.000E+00    0.000E+00    0.000E+00    0.000E+00
     1.400     0.715    0.859E-01    0.104E-01    0.640E-02    0.310E-04    0.310E-04    0.124E-04    0.124E-04    0.000E+00    0.000E+00    0.000E+00    0.000E+00
     1.400     0.716    0.850E-01    0.102E-01    0.628E-02    0.301E-04    0.301E-04    0.121E-04    0.121E-04    0.000E+00    0.000E+00    0.000E+00    0.000E+00
     1.400     0.717    0.842E-01    0.101E-01    0.617E-02    0.293E-04    0.293E-04    0.117E-04    0.117E-04    0.000E+00    0.000E+00    0.000E+00    0.000E+00
     1.400     0.718    0.833E-01    0.992E-02    0.605E-02    0.285E-04    0.285E-04    0.114E-04    0.114E-04    0.000E+00    0.000E+00    0.000E+00    0.000E+00
     1.400     0.719    0.824E-01    0.977E-02    0.593E-02    0.277E-04    0.277E-04    0.111E-04    0.111E-04    0.000E+00    0.000E+00    0.000E+00    0.000E+00
     1.400     0.720    0.815E-01    0.961E-02    0.582E-02    0.270E-04    0.270E-04    0.108E-04    0.108E-04    0.000E+00    0.000E+00    0.000E+00    0.000E+00
     1.400     0.721    0.807E-01    0.946E-02    0.571E-02    0.262E-04    0.262E-04    0.105E-04    0.105E-04    0.282E-09    0.282E-09    0.000E+00    0.000E+00
     1.400     0.722    0.798E-01    0.932E-02    0.560E-02    0.255E-04    0.255E-04    0.102E-04    0.102E-04    0.182E-08    0.182E-08    0.000E+00    0.000E+00
     1.400     0.723    0.789E-01    0.917E-02    0.549E-02    0.247E-04    0.247E-04    0.992E-05    0.992E-05    0.315E-08    0.315E-08    0.000E+00    0.000E+00
     1.400     0.724    0.781E-01    0.903E-02    0.539E-02    0.240E-04    0.240E-04    0.964E-05    0.964E-05    0.428E-08    0.428E-08    0.000E+00    0.000E+00
     1.400     0.725    0.772E-01    0.888E-02    0.528E-02    0.234E-04    0.234E-04    0.936E-05    0.936E-05    0.523E-08    0.523E-08    0.000E+00    0.000E+00
     1.400     0.726    0.764E-01    0.874E-02    0.518E-02    0.227E-04    0.227E-04    0.910E-05    0.910E-05    0.599E-08    0.599E-08    0.000E+00    0.000E+00
     1.400     0.727    0.756E-01    0.861E-02    0.507E-02    0.220E-04    0.220E-04    0.884E-05    0.884E-05    0.659E-08    0.659E-08    0.000E+00    0.000E+00
     1.400     0.728    0.747E-01    0.847E-02    0.497E-02    0.214E-04    0.214E-04    0.858E-05    0.858E-05    0.703E-08    0.703E-08    0.000E+00    0.000E+00
     1.400     0.729    0.739E-01    0.833E-02    0.488E-02    0.208E-04    0.208E-04    0.834E-05    0.834E-05    0.731E-08    0.731E-08    0.000E+00    0.000E+00
     1.400     0.730    0.731E-01    0.820E-02    0.478E-02    0.202E-04    0.202E-04    0.810E-05    0.810E-05    0.746E-08    0.746E-08    0.000E+00    0.000E+00
     1.400     0.731    0.723E-01    0.807E-02    0.468E-02    0.196E-04    0.196E-04    0.786E-05    0.786E-05    0.747E-08    0.747E-08    0.000E+00    0.000E+00
     1.400     0.732    0.715E-01    0.794E-02    0.459E-02    0.190E-04    0.190E-04    0.764E-05    0.764E-05    0.735E-08    0.735E-08    0.000E+00    0.000E+00
     1.400     0.733    0.707E-01    0.781E-02    0.450E-02    0.185E-04    0.185E-04    0.742E-05    0.742E-05    0.712E-08    0.712E-08    0.000E+00    0.000E+00
     1.400     0.734    0.699E-01    0.769E-02    0.440E-02    0.179E-04    0.179E-04    0.720E-05    0.720E-05    0.679E-08    0.679E-08    0.000E+00    0.000E+00
     1.400     0.735    0.691E-01    0.756E-02    0.431E-02    0.174E-04    0.174E-04    0.699E-05    0.699E-05    0.636E-08    0.636E-08    0.000E+00    0.000E+00
     1.400     0.736    0.683E-01    0.744E-02    0.423E-02    0.169E-04    0.169E-04    0.679E-05    0.679E-05    0.584E-08    0.584E-08    0.000E+00    0.000E+00
     1.400     0.737    0.675E-01    0.732E-02    0.414E-02    0.164E-04    0.164E-04    0.659E-05    0.659E-05    0.524E-08    0.524E-08    0.000E+00    0.000E+00
     1.400     0.738    0.667E-01    0.720E-02    0.405E-02    0.159E-04    0.159E-04    0.639E-05    0.639E-05    0.458E-08    0.458E-08    0.000E+00    0.000E+00
     1.400     0.739    0.660E-01    0.708E-02    0.397E-02    0.154E-04    0.154E-04    0.621E-05    0.621E-05    0.386E-08    0.386E-08    0.000E+00    0.000E+00
     1.400     0.740    0.652E-01    0.697E-02    0.389E-02    0.150E-04    0.150E-04    0.602E-05    0.602E-05    0.309E-08    0.309E-08    0.000E+00    0.000E+00
     1.400     0.741    0.645E-01    0.685E-02    0.381E-02    0.145E-04    0.145E-04    0.585E-05    0.585E-05    0.228E-08    0.228E-08    0.000E+00    0.000E+00
     1.400     0.742    0.637E-01    0.674E-02    0.373E-02    0.141E-04    0.141E-04    0.567E-05    0.567E-05    0.145E-08    0.145E-08    0.000E+00    0.000E+00
     1.400     0.743    0.630E-01    0.663E-02    0.365E-02    0.137E-04    0.137E-04    0.551E-05    0.551E-05    0.591E-09    0.591E-09    0.000E+00    0.000E+00
     1.400     0.744    0.622E-01    0.652E-02    0.357E-02    0.133E-04    0.133E-04    0.534E-05    0.534E-05    0.000E+00    0.000E+00    0.000E+00    0.000E+00
     1.400     0.745    0.615E-01    0.641E-02    0.349E-02    0.128E-04    0.128E-04    0.518E-05    0.518E-05    0.000E+00    0.000E+00    0.000E+00    0.000E+00
     1.400     0.746    0.607E-01    0.630E-02    0.342E-02    0.124E-04    0.124E-04    0.502E-05    0.502E-05    0.000E+00    0.000E+00    0.000E+00    0.000E+00
     1.400     0.747    0.600E-01    0.620E-02    0.334E-02    0.121E-04    0.121E-04    0.486E-05    0.486E-05    0.000E+00    0.000E+00    0.000E+00    0.000E+00
     1.400     0.748    0.593E-01    0.609E-02    0.327E-02    0.117E-04    0.117E-04    0.471E-05    0.471E-05    0.000E+00    0.000E+00    0.000E+00    0.000E+00
     1.400     0.749    0.586E-01    0.599E-02    0.320E-02    0.113E-04    0.113E-04    0.456E-05    0.456E-05    0.000E+00    0.000E+00    0.000E+00    0.000E+00
     1.400     0.750    0.579E-01    0.589E-02    0.313E-02    0.110E-04    0.110E-04    0.442E-05    0.442E-05    0.000E+00    0.000E+00    0.000E+00    0.000E+00
     1.400     0.751    0.572E-01    0.579E-02    0.306E-02    0.106E-04    0.106E-04    0.428E-05    0.428E-05    0.000E+00    0.000E+00    0.000E+00    0.000E+00
     1.400     0.752    0.565E-01    0.569E-02    0.299E-02    0.103E-04    0.103E-04    0.415E-05    0.415E-05    0.000E+00    0.000E+00    0.000E+00    0.000E+00
     1.400     0.753    0.558E-01    0.560E-02    0.293E-02    0.994E-05    0.994E-05    0.402E-05    0.402E-05    0.000E+00    0.000E+00    0.000E+00    0.000E+00
     1.400     0.754    0.551E-01    0.550E-02    0.286E-02    0.962E-05    0.962E-05    0.389E-05    0.389E-05    0.000E+00    0.000E+00    0.000E+00    0.000E+00
     1.400     0.755    0.544E-01    0.541E-02    0.280E-02    0.932E-05    0.932E-05    0.377E-05    0.377E-05    0.000E+00    0.000E+00    0.000E+00    0.000E+00
     1.400     0.756    0.537E-01    0.531E-02    0.273E-02    0.902E-05    0.902E-05    0.365E-05    0.365E-05    0.000E+00    0.000E+00    0.000E+00    0.000E+00
     1.400     0.757    0.530E-01    0.522E-02    0.267E-02    0.873E-05    0.873E-05    0.353E-05    0.353E-05    0.000E+00    0.000E+00    0.000E+00    0.000E+00
     1.400     0.758    0.524E-01    0.513E-02    0.261E-02    0.845E-05    0.845E-05    0.342E-05    0.342E-05    0.000E+00    0.000E+00    0.000E+00    0.000E+00
     1.400     0.759    0.517E-01    0.504E-02    0.255E-02    0.817E-05    0.817E-05    0.331E-05    0.331E-05    0.000E+00    0.000E+00    0.000E+00    0.000E+00
     1.400     0.760    0.510E-01    0.496E-02    0.249E-02    0.791E-05    0.791E-05    0.320E-05    0.320E-05    0.000E+00    0.000E+00    0.000E+00    0.000E+00
     1.400     0.761    0.504E-01    0.487E-02    0.243E-02    0.765E-05    0.765E-05    0.310E-05    0.310E-05    0.000E+00    0.000E+00    0.000E+00    0.000E+00
     1.400     0.762    0.497E-01    0.479E-02    0.238E-02    0.740E-05    0.740E-05    0.300E-05    0.300E-05    0.000E+00    0.000E+00    0.000E+00    0.000E+00
     1.400     0.763    0.491E-01    0.470E-02    0.232E-02    0.716E-05    0.716E-05    0.290E-05    0.290E-05    0.000E+00    0.000E+00    0.000E+00    0.000E+00
     1.400     0.764    0.485E-01    0.462E-02    0.227E-02    0.693E-05    0.693E-05    0.281E-05    0.281E-05    0.000E+00    0.000E+00    0.000E+00    0.000E+00
     1.400     0.765    0.478E-01    0.454E-02    0.221E-02    0.670E-05    0.670E-05    0.272E-05    0.272E-05    0.000E+00    0.000E+00    0.000E+00    0.000E+00
     1.400     0.766    0.472E-01    0.446E-02    0.216E-02    0.648E-05    0.648E-05    0.263E-05    0.263E-05    0.000E+00    0.000E+00    0.000E+00    0.000E+00
     1.400     0.767    0.466E-01    0.438E-02    0.211E-02    0.627E-05    0.627E-05    0.255E-05    0.255E-05    0.000E+00    0.000E+00    0.000E+00    0.000E+00
     1.400     0.768    0.460E-01    0.430E-02    0.206E-02    0.605E-05    0.605E-05    0.246E-05    0.246E-05    0.000E+00    0.000E+00    0.000E+00    0.000E+00
     1.400     0.769    0.454E-01    0.423E-02    0.201E-02    0.585E-05    0.585E-05    0.238E-05    0.238E-05    0.000E+00    0.000E+00    0.000E+00    0.000E+00
     1.400     0.770    0.447E-01    0.415E-02    0.196E-02    0.564E-05    0.564E-05    0.229E-05    0.229E-05    0.000E+00    0.000E+00    0.000E+00    0.000E+00
     1.400     0.771    0.441E-01    0.408E-02    0.191E-02    0.545E-05    0.545E-05    0.222E-05    0.222E-05    0.000E+00    0.000E+00    0.000E+00    0.000E+00
     1.400     0.772    0.436E-01    0.401E-02    0.187E-02    0.526E-05    0.526E-05    0.214E-05    0.214E-05    0.000E+00    0.000E+00    0.000E+00    0.000E+00
     1.400     0.773    0.430E-01    0.393E-02    0.182E-02    0.507E-05    0.507E-05    0.207E-05    0.207E-05    0.000E+00    0.000E+00    0.000E+00    0.000E+00
     1.400     0.774    0.424E-01    0.386E-02    0.178E-02    0.490E-05    0.490E-05    0.199E-05    0.199E-05    0.000E+00    0.000E+00    0.000E+00    0.000E+00
     1.400     0.775    0.418E-01    0.379E-02    0.173E-02    0.472E-05    0.472E-05    0.193E-05    0.193E-05    0.000E+00    0.000E+00    0.000E+00    0.000E+00
     1.400     0.776    0.412E-01    0.372E-02    0.169E-02    0.456E-05    0.456E-05    0.186E-05    0.186E-05    0.000E+00    0.000E+00    0.000E+00    0.000E+00
     1.400     0.777    0.406E-01    0.366E-02    0.165E-02    0.440E-05    0.440E-05    0.179E-05    0.179E-05    0.000E+00    0.000E+00    0.000E+00    0.000E+00
     1.400     0.778    0.401E-01    0.359E-02    0.160E-02    0.424E-05    0.424E-05    0.173E-05    0.173E-05    0.000E+00    0.000E+00    0.000E+00    0.000E+00
     1.400     0.779    0.395E-01    0.352E-02    0.156E-02    0.409E-05    0.409E-05    0.167E-05    0.167E-05    0.000E+00    0.000E+00    0.000E+00    0.000E+00
     1.400     0.780    0.390E-01    0.346E-02    0.152E-02    0.394E-05    0.394E-05    0.161E-05    0.161E-05    0.000E+00    0.000E+00    0.000E+00    0.000E+00
     1.400     0.781    0.384E-01    0.340E-02    0.148E-02    0.380E-05    0.380E-05    0.155E-05    0.155E-05    0.000E+00    0.000E+00    0.000E+00    0.000E+00
     1.400     0.782    0.379E-01    0.333E-02    0.145E-02    0.367E-05    0.367E-05    0.150E-05    0.150E-05    0.000E+00    0.000E+00    0.000E+00    0.000E+00
     1.400     0.783    0.373E-01    0.327E-02    0.141E-02    0.354E-05    0.354E-05    0.145E-05    0.145E-05    0.000E+00    0.000E+00    0.000E+00    0.000E+00
     1.400     0.784    0.368E-01    0.321E-02    0.137E-02    0.341E-05    0.341E-05    0.140E-05    0.140E-05    0.000E+00    0.000E+00    0.000E+00    0.000E+00
     1.400     0.785    0.363E-01    0.315E-02    0.134E-02    0.329E-05    0.329E-05    0.135E-05    0.135E-05    0.000E+00    0.000E+00    0.000E+00    0.000E+00
     1.400     0.786    0.357E-01    0.309E-02    0.130E-02    0.317E-05    0.317E-05    0.130E-05    0.130E-05    0.000E+00    0.000E+00    0.000E+00    0.000E+00
     1.400     0.787    0.352E-01    0.304E-02    0.127E-02    0.306E-05    0.306E-05    0.125E-05    0.125E-05    0.000E+00    0.000E+00    0.000E+00    0.000E+00
     1.400     0.788    0.347E-01    0.298E-02    0.123E-02    0.295E-05    0.295E-05    0.121E-05    0.121E-05    0.000E+00    0.000E+00    0.000E+00    0.000E+00
     1.400     0.789    0.342E-01    0.292E-02    0.120E-02    0.284E-05    0.284E-05    0.116E-05    0.116E-05    0.000E+00    0.000E+00    0.000E+00    0.000E+00
     1.400     0.790    0.337E-01    0.287E-02    0.117E-02    0.274E-05    0.274E-05    0.112E-05    0.112E-05    0.000E+00    0.000E+00    0.000E+00    0.000E+00
     1.400     0.791    0.332E-01    0.281E-02    0.114E-02    0.263E-05    0.263E-05    0.108E-05    0.108E-05    0.000E+00    0.000E+00    0.000E+00    0.000E+00
     1.400     0.792    0.327E-01    0.276E-02    0.111E-02    0.253E-05    0.253E-05    0.104E-05    0.104E-05    0.000E+00    0.000E+00    0.000E+00    0.000E+00
     1.400     0.793    0.322E-01    0.271E-02    0.108E-02    0.243E-05    0.243E-05    0.999E-06    0.999E-06    0.000E+00    0.000E+00    0.000E+00    0.000E+00
     1.400     0.794    0.317E-01    0.266E-02    0.105E-02    0.234E-05    0.234E-05    0.961E-06    0.961E-06    0.000E+00    0.000E+00    0.000E+00    0.000E+00
     1.400     0.795    0.312E-01    0.261E-02    0.102E-02    0.225E-05    0.225E-05    0.924E-06    0.924E-06    0.000E+00    0.000E+00    0.000E+00    0.000E+00
     1.400     0.796    0.307E-01    0.256E-02    0.988E-03    0.216E-05    0.216E-05    0.888E-06    0.888E-06    0.000E+00    0.000E+00    0.000E+00    0.000E+00
     1.400     0.797    0.303E-01    0.251E-02    0.961E-03    0.207E-05    0.207E-05    0.854E-06    0.854E-06    0.000E+00    0.000E+00    0.000E+00    0.000E+00
     1.400     0.798    0.298E-01    0.246E-02    0.933E-03    0.199E-05    0.199E-05    0.821E-06    0.821E-06    0.000E+00    0.000E+00    0.000E+00    0.000E+00
     1.400     0.799    0.293E-01    0.241E-02    0.907E-03    0.191E-05    0.191E-05    0.789E-06    0.789E-06    0.000E+00    0.000E+00    0.000E+00    0.000E+00
     1.400     0.800    0.289E-01    0.236E-02    0.881E-03    0.184E-05    0.184E-05    0.758E-06    0.758E-06    0.000E+00    0.000E+00    0.000E+00    0.000E+00
     1.400     0.801    0.284E-01    0.232E-02    0.856E-03    0.176E-05    0.176E-05    0.728E-06    0.728E-06    0.000E+00    0.000E+00    0.000E+00    0.000E+00
     1.400     0.802    0.280E-01    0.227E-02    0.831E-03    0.169E-05    0.169E-05    0.700E-06    0.700E-06    0.000E+00    0.000E+00    0.000E+00    0.000E+00
     1.400     0.803    0.275E-01    0.223E-02    0.807E-03    0.163E-05    0.163E-05    0.672E-06    0.672E-06    0.000E+00    0.000E+00    0.000E+00    0.000E+00
     1.400     0.804    0.271E-01    0.218E-02    0.784E-03    0.156E-05    0.156E-05    0.646E-06    0.646E-06    0.000E+00    0.000E+00    0.000E+00    0.000E+00
     1.400     0.805    0.266E-01    0.214E-02    0.761E-03    0.150E-05    0.150E-05    0.620E-06    0.620E-06    0.000E+00    0.000E+00    0.000E+00    0.000E+00
     1.400     0.806    0.262E-01    0.210E-02    0.738E-03    0.144E-05    0.144E-05    0.596E-06    0.596E-06    0.000E+00    0.000E+00    0.000E+00    0.000E+00
     1.400     0.807    0.258E-01    0.206E-02    0.717E-03    0.138E-05    0.138E-05    0.573E-06    0.573E-06    0.000E+00    0.000E+00    0.000E+00    0.000E+00
     1.400     0.808    0.253E-01    0.202E-02    0.695E-03    0.133E-05    0.133E-05    0.550E-06    0.550E-06    0.000E+00    0.000E+00    0.000E+00    0.000E+00
     1.400     0.809    0.249E-01    0.198E-02    0.675E-03    0.127E-05    0.127E-05    0.528E-06    0.528E-06    0.000E+00    0.000E+00    0.000E+00    0.000E+00
     1.400     0.810    0.245E-01    0.194E-02    0.654E-03    0.122E-05    0.122E-05    0.507E-06    0.507E-06    0.000E+00    0.000E+00    0.000E+00    0.000E+00
     1.400     0.811    0.241E-01    0.190E-02    0.635E-03    0.117E-05    0.117E-05    0.488E-06    0.488E-06    0.000E+00    0.000E+00    0.000E+00    0.000E+00
     1.400     0.812    0.237E-01    0.186E-02    0.615E-03    0.113E-05    0.113E-05    0.468E-06    0.468E-06    0.000E+00    0.000E+00    0.000E+00    0.000E+00
     1.400     0.813    0.233E-01    0.182E-02    0.597E-03    0.108E-05    0.108E-05    0.450E-06    0.450E-06    0.000E+00    0.000E+00    0.000E+00    0.000E+00
     1.400     0.814    0.229E-01    0.179E-02    0.578E-03    0.103E-05    0.103E-05    0.430E-06    0.430E-06    0.000E+00    0.000E+00    0.000E+00    0.000E+00
     1.400     0.815    0.225E-01    0.175E-02    0.560E-03    0.989E-06    0.989E-06    0.412E-06    0.412E-06    0.000E+00    0.000E+00    0.000E+00    0.000E+00
     1.400     0.816    0.221E-01    0.171E-02    0.542E-03    0.946E-06    0.946E-06    0.394E-06    0.394E-06    0.000E+00    0.000E+00    0.000E+00    0.000E+00
     1.400     0.817    0.217E-01    0.168E-02    0.525E-03    0.904E-06    0.904E-06    0.377E-06    0.377E-06    0.000E+00    0.000E+00    0.000E+00    0.000E+00
     1.400     0.818    0.214E-01    0.164E-02    0.508E-03    0.864E-06    0.864E-06    0.361E-06    0.361E-06    0.000E+00    0.000E+00    0.000E+00    0.000E+00
     1.400     0.819    0.210E-01    0.161E-02    0.492E-03    0.825E-06    0.825E-06    0.345E-06    0.345E-06    0.000E+00    0.000E+00    0.000E+00    0.000E+00
     1.400     0.820    0.206E-01    0.158E-02    0.476E-03    0.788E-06    0.788E-06    0.330E-06    0.330E-06    0.000E+00    0.000E+00    0.000E+00    0.000E+00
     1.400     0.821    0.203E-01    0.154E-02    0.461E-03    0.753E-06    0.753E-06    0.315E-06    0.315E-06    0.000E+00    0.000E+00    0.000E+00    0.000E+00
     1.400     0.822    0.199E-01    0.151E-02    0.446E-03    0.719E-06    0.719E-06    0.301E-06    0.301E-06    0.000E+00    0.000E+00    0.000E+00    0.000E+00
     1.400     0.823    0.195E-01    0.148E-02    0.431E-03    0.687E-06    0.687E-06    0.288E-06    0.288E-06    0.000E+00    0.000E+00    0.000E+00    0.000E+00
     1.400     0.824    0.192E-01    0.145E-02    0.417E-03    0.656E-06    0.656E-06    0.275E-06    0.275E-06    0.000E+00    0.000E+00    0.000E+00    0.000E+00
     1.400     0.825    0.188E-01    0.142E-02    0.403E-03    0.626E-06    0.626E-06    0.263E-06    0.263E-06    0.000E+00    0.000E+00    0.000E+00    0.000E+00
     1.400     0.826    0.185E-01    0.139E-02    0.390E-03    0.598E-06    0.598E-06    0.251E-06    0.251E-06    0.000E+00    0.000E+00    0.000E+00    0.000E+00
     1.400     0.827    0.181E-01    0.136E-02    0.376E-03    0.571E-06    0.571E-06    0.240E-06    0.240E-06    0.000E+00    0.000E+00    0.000E+00    0.000E+00
     1.400     0.828    0.178E-01    0.133E-02    0.364E-03    0.545E-06    0.545E-06    0.229E-06    0.229E-06    0.000E+00    0.000E+00    0.000E+00    0.000E+00
     1.400     0.829    0.175E-01    0.130E-02    0.351E-03    0.520E-06    0.520E-06    0.219E-06    0.219E-06    0.000E+00    0.000E+00    0.000E+00    0.000E+00
     1.400     0.830    0.172E-01    0.127E-02    0.340E-03    0.497E-06    0.497E-06    0.209E-06    0.209E-06    0.000E+00    0.000E+00    0.000E+00    0.000E+00
     1.400     0.831    0.168E-01    0.125E-02    0.328E-03    0.474E-06    0.474E-06    0.200E-06    0.200E-06    0.000E+00    0.000E+00    0.000E+00    0.000E+00
     1.400     0.832    0.165E-01    0.122E-02    0.317E-03    0.453E-06    0.453E-06    0.191E-06    0.191E-06    0.000E+00    0.000E+00    0.000E+00    0.000E+00
     1.400     0.833    0.162E-01    0.119E-02    0.306E-03    0.432E-06    0.432E-06    0.183E-06    0.183E-06    0.000E+00    0.000E+00    0.000E+00    0.000E+00
     1.400     0.834    0.159E-01    0.117E-02    0.295E-03    0.413E-06    0.413E-06    0.175E-06    0.175E-06    0.000E+00    0.000E+00    0.000E+00    0.000E+00
     1.400     0.835    0.156E-01    0.114E-02    0.285E-03    0.395E-06    0.395E-06    0.167E-06    0.167E-06    0.000E+00    0.000E+00    0.000E+00    0.000E+00
     1.400     0.836    0.153E-01    0.112E-02    0.275E-03    0.377E-06    0.377E-06    0.160E-06    0.160E-06    0.000E+00    0.000E+00    0.000E+00    0.000E+00
     1.400     0.837    0.150E-01    0.109E-02    0.265E-03    0.358E-06    0.358E-06    0.152E-06    0.152E-06    0.000E+00    0.000E+00    0.000E+00    0.000E+00
     1.400     0.838    0.147E-01    0.107E-02    0.255E-03    0.340E-06    0.340E-06    0.144E-06    0.144E-06    0.000E+00    0.000E+00    0.000E+00    0.000E+00
     1.400     0.839    0.144E-01    0.104E-02    0.246E-03    0.323E-06    0.323E-06    0.137E-06    0.137E-06    0.000E+00    0.000E+00    0.000E+00    0.000E+00
     1.400     0.840    0.141E-01    0.102E-02    0.237E-03    0.306E-06    0.306E-06    0.130E-06    0.130E-06    0.000E+00    0.000E+00    0.000E+00    0.000E+00
     1.400     0.841    0.138E-01    0.997E-03    0.228E-03    0.290E-06    0.290E-06    0.124E-06    0.124E-06    0.000E+00    0.000E+00    0.000E+00    0.000E+00
     1.400     0.842    0.135E-01    0.974E-03    0.219E-03    0.275E-06    0.275E-06    0.117E-06    0.117E-06    0.000E+00    0.000E+00    0.000E+00    0.000E+00
     1.400     0.843    0.133E-01    0.952E-03    0.211E-03    0.261E-06    0.261E-06    0.111E-06    0.111E-06    0.000E+00    0.000E+00    0.000E+00    0.000E+00
     1.400     0.844    0.130E-01    0.930E-03    0.203E-03    0.247E-06    0.247E-06    0.106E-06    0.106E-06    0.000E+00    0.000E+00    0.000E+00    0.000E+00
     1.400     0.845    0.127E-01    0.909E-03    0.195E-03    0.234E-06    0.234E-06    0.100E-06    0.100E-06    0.000E+00    0.000E+00    0.000E+00    0.000E+00
     1.400     0.846    0.124E-01    0.888E-03    0.188E-03    0.222E-06    0.222E-06    0.951E-07    0.951E-07    0.000E+00    0.000E+00    0.000E+00    0.000E+00
     1.400     0.847    0.122E-01    0.868E-03    0.180E-03    0.210E-06    0.210E-06    0.902E-07    0.902E-07    0.000E+00    0.000E+00    0.000E+00    0.000E+00
     1.400     0.848    0.119E-01    0.847E-03    0.173E-03    0.199E-06    0.199E-06    0.856E-07    0.856E-07    0.000E+00    0.000E+00    0.000E+00    0.000E+00
     1.400     0.849    0.117E-01    0.828E-03    0.167E-03    0.189E-06    0.189E-06    0.812E-07    0.812E-07    0.000E+00    0.000E+00    0.000E+00    0.000E+00
     1.400     0.850    0.114E-01    0.808E-03    0.160E-03    0.179E-06    0.179E-06    0.770E-07    0.770E-07    0.000E+00    0.000E+00    0.000E+00    0.000E+00
     1.400     0.851    0.112E-01    0.789E-03    0.154E-03    0.169E-06    0.169E-06    0.730E-07    0.730E-07    0.000E+00    0.000E+00    0.000E+00    0.000E+00
     1.400     0.852    0.109E-01    0.771E-03    0.148E-03    0.161E-06    0.161E-06    0.693E-07    0.693E-07    0.000E+00    0.000E+00    0.000E+00    0.000E+00
     1.400     0.853    0.107E-01    0.753E-03    0.142E-03    0.152E-06    0.152E-06    0.658E-07    0.658E-07    0.000E+00    0.000E+00    0.000E+00    0.000E+00
     1.400     0.854    0.105E-01    0.735E-03    0.136E-03    0.144E-06    0.144E-06    0.624E-07    0.624E-07    0.000E+00    0.000E+00    0.000E+00    0.000E+00
     1.400     0.855    0.102E-01    0.717E-03    0.131E-03    0.137E-06    0.137E-06    0.593E-07    0.593E-07    0.000E+00    0.000E+00    0.000E+00    0.000E+00
     1.400     0.856    0.999E-02    0.700E-03    0.125E-03    0.130E-06    0.130E-06    0.563E-07    0.563E-07    0.000E+00    0.000E+00    0.000E+00    0.000E+00
     1.400     0.857    0.976E-02    0.683E-03    0.120E-03    0.123E-06    0.123E-06    0.535E-07    0.535E-07    0.000E+00    0.000E+00    0.000E+00    0.000E+00
     1.400     0.858    0.954E-02    0.666E-03    0.115E-03    0.117E-06    0.117E-06    0.509E-07    0.509E-07    0.000E+00    0.000E+00    0.000E+00    0.000E+00
     1.400     0.859    0.932E-02    0.650E-03    0.111E-03    0.111E-06    0.111E-06    0.484E-07    0.484E-07    0.000E+00    0.000E+00    0.000E+00    0.000E+00
     1.400     0.860    0.911E-02    0.634E-03    0.106E-03    0.105E-06    0.105E-06    0.457E-07    0.457E-07    0.000E+00    0.000E+00    0.000E+00    0.000E+00
     1.400     0.861    0.890E-02    0.618E-03    0.101E-03    0.986E-07    0.986E-07    0.430E-07    0.430E-07    0.000E+00    0.000E+00    0.000E+00    0.000E+00
     1.400     0.862    0.869E-02    0.603E-03    0.968E-04    0.926E-07    0.926E-07    0.405E-07    0.405E-07    0.000E+00    0.000E+00    0.000E+00    0.000E+00
     1.400     0.863    0.848E-02    0.588E-03    0.925E-04    0.869E-07    0.869E-07    0.380E-07    0.380E-07    0.000E+00    0.000E+00    0.000E+00    0.000E+00
     1.400     0.864    0.828E-02    0.573E-03    0.884E-04    0.815E-07    0.815E-07    0.358E-07    0.358E-07    0.000E+00    0.000E+00    0.000E+00    0.000E+00
     1.400     0.865    0.808E-02    0.558E-03    0.844E-04    0.764E-07    0.764E-07    0.336E-07    0.336E-07    0.000E+00    0.000E+00    0.000E+00    0.000E+00
     1.400     0.866    0.788E-02    0.544E-03    0.806E-04    0.716E-07    0.716E-07    0.315E-07    0.315E-07    0.000E+00    0.000E+00    0.000E+00    0.000E+00
     1.400     0.867    0.769E-02    0.530E-03    0.769E-04    0.671E-07    0.671E-07    0.296E-07    0.296E-07    0.000E+00    0.000E+00    0.000E+00    0.000E+00
     1.400     0.868    0.750E-02    0.516E-03    0.734E-04    0.628E-07    0.628E-07    0.278E-07    0.278E-07    0.000E+00    0.000E+00    0.000E+00    0.000E+00
     1.400     0.869    0.732E-02    0.503E-03    0.700E-04    0.588E-07    0.588E-07    0.261E-07    0.261E-07    0.000E+00    0.000E+00    0.000E+00    0.000E+00
     1.400     0.870    0.713E-02    0.490E-03    0.667E-04    0.551E-07    0.551E-07    0.244E-07    0.244E-07    0.000E+00    0.000E+00    0.000E+00    0.000E+00
     1.400     0.871    0.695E-02    0.477E-03    0.636E-04    0.516E-07    0.516E-07    0.229E-07    0.229E-07    0.000E+00    0.000E+00    0.000E+00    0.000E+00
     1.400     0.872    0.678E-02    0.464E-03    0.606E-04    0.483E-07    0.483E-07    0.215E-07    0.215E-07    0.000E+00    0.000E+00    0.000E+00    0.000E+00
     1.400     0.873    0.660E-02    0.452E-03    0.577E-04    0.453E-07    0.453E-07    0.202E-07    0.202E-07    0.000E+00    0.000E+00    0.000E+00    0.000E+00
     1.400     0.874    0.643E-02    0.440E-03    0.550E-04    0.424E-07    0.424E-07    0.190E-07    0.190E-07    0.000E+00    0.000E+00    0.000E+00    0.000E+00
     1.400     0.875    0.626E-02    0.428E-03    0.523E-04    0.398E-07    0.398E-07    0.178E-07    0.178E-07    0.000E+00    0.000E+00    0.000E+00    0.000E+00
     1.400     0.876    0.610E-02    0.416E-03    0.498E-04    0.373E-07    0.373E-07    0.168E-07    0.168E-07    0.000E+00    0.000E+00    0.000E+00    0.000E+00
     1.400     0.877    0.594E-02    0.405E-03    0.474E-04    0.351E-07    0.351E-07    0.158E-07    0.158E-07    0.000E+00    0.000E+00    0.000E+00    0.000E+00
     1.400     0.878    0.578E-02    0.394E-03    0.451E-04    0.330E-07    0.330E-07    0.148E-07    0.148E-07    0.000E+00    0.000E+00    0.000E+00    0.000E+00
     1.400     0.879    0.562E-02    0.383E-03    0.429E-04    0.311E-07    0.311E-07    0.140E-07    0.140E-07    0.000E+00    0.000E+00    0.000E+00    0.000E+00
     1.400     0.880    0.547E-02    0.372E-03    0.409E-04    0.293E-07    0.293E-07    0.132E-07    0.132E-07    0.000E+00    0.000E+00    0.000E+00    0.000E+00
     1.400     0.881    0.532E-02    0.362E-03    0.389E-04    0.277E-07    0.277E-07    0.125E-07    0.125E-07    0.000E+00    0.000E+00    0.000E+00    0.000E+00
     1.400     0.882    0.517E-02    0.352E-03    0.370E-04    0.262E-07    0.262E-07    0.118E-07    0.118E-07    0.000E+00    0.000E+00    0.000E+00    0.000E+00
     1.400     0.883    0.503E-02    0.342E-03    0.351E-04    0.245E-07    0.245E-07    0.111E-07    0.111E-07    0.000E+00    0.000E+00    0.000E+00    0.000E+00
     1.400     0.884    0.489E-02    0.332E-03    0.332E-04    0.227E-07    0.227E-07    0.103E-07    0.103E-07    0.000E+00    0.000E+00    0.000E+00    0.000E+00
     1.400     0.885    0.475E-02    0.322E-03    0.313E-04    0.209E-07    0.209E-07    0.952E-08    0.952E-08    0.000E+00    0.000E+00    0.000E+00    0.000E+00
     1.400     0.886    0.461E-02    0.313E-03    0.296E-04    0.193E-07    0.193E-07    0.881E-08    0.881E-08    0.000E+00    0.000E+00    0.000E+00    0.000E+00
     1.400     0.887    0.448E-02    0.304E-03    0.280E-04    0.178E-07    0.178E-07    0.814E-08    0.814E-08    0.000E+00    0.000E+00    0.000E+00    0.000E+00
     1.400     0.888    0.435E-02    0.295E-03    0.264E-04    0.163E-07    0.163E-07    0.752E-08    0.752E-08    0.000E+00    0.000E+00    0.000E+00    0.000E+00
     1.400     0.889    0.422E-02    0.286E-03    0.249E-04    0.150E-07    0.150E-07    0.693E-08    0.693E-08    0.000E+00    0.000E+00    0.000E+00    0.000E+00
     1.400     0.890    0.409E-02    0.277E-03    0.235E-04    0.138E-07    0.138E-07    0.639E-08    0.639E-08    0.000E+00    0.000E+00    0.000E+00    0.000E+00
     1.400     0.891    0.397E-02    0.269E-03    0.221E-04    0.126E-07    0.126E-07    0.589E-08    0.589E-08    0.000E+00    0.000E+00    0.000E+00    0.000E+00
     1.400     0.892    0.385E-02    0.261E-03    0.208E-04    0.116E-07    0.116E-07    0.542E-08    0.542E-08    0.000E+00    0.000E+00    0.000E+00    0.000E+00
     1.400     0.893    0.373E-02    0.252E-03    0.196E-04    0.106E-07    0.106E-07    0.499E-08    0.499E-08    0.000E+00    0.000E+00    0.000E+00    0.000E+00
     1.400     0.894    0.362E-02    0.245E-03    0.184E-04    0.975E-08    0.975E-08    0.460E-08    0.460E-08    0.000E+00    0.000E+00    0.000E+00    0.000E+00
     1.400     0.895    0.350E-02    0.237E-03    0.173E-04    0.895E-08    0.895E-08    0.423E-08    0.423E-08    0.000E+00    0.000E+00    0.000E+00    0.000E+00
     1.400     0.896    0.339E-02    0.229E-03    0.163E-04    0.821E-08    0.821E-08    0.390E-08    0.390E-08    0.000E+00    0.000E+00    0.000E+00    0.000E+00
     1.400     0.897    0.328E-02    0.222E-03    0.153E-04    0.755E-08    0.755E-08    0.360E-08    0.360E-08    0.000E+00    0.000E+00    0.000E+00    0.000E+00
     1.400     0.898    0.318E-02    0.215E-03    0.144E-04    0.695E-08    0.695E-08    0.333E-08    0.333E-08    0.000E+00    0.000E+00    0.000E+00    0.000E+00
     1.400     0.899    0.307E-02    0.208E-03    0.135E-04    0.642E-08    0.642E-08    0.308E-08    0.308E-08    0.000E+00    0.000E+00    0.000E+00    0.000E+00
     1.400     0.900    0.297E-02    0.201E-03    0.127E-04    0.595E-08    0.595E-08    0.286E-08    0.286E-08    0.000E+00    0.000E+00    0.000E+00    0.000E+00
     1.400     0.901    0.287E-02    0.195E-03    0.120E-04    0.553E-08    0.553E-08    0.267E-08    0.267E-08    0.000E+00    0.000E+00    0.000E+00    0.000E+00
     1.400     0.902    0.278E-02    0.188E-03    0.112E-04    0.516E-08    0.516E-08    0.249E-08    0.249E-08    0.000E+00    0.000E+00    0.000E+00    0.000E+00
     1.400     0.903    0.268E-02    0.182E-03    0.106E-04    0.484E-08    0.484E-08    0.234E-08    0.234E-08    0.000E+00    0.000E+00    0.000E+00    0.000E+00
     1.400     0.904    0.259E-02    0.176E-03    0.993E-05    0.456E-08    0.456E-08    0.220E-08    0.220E-08    0.000E+00    0.000E+00    0.000E+00    0.000E+00
     1.400     0.905    0.250E-02    0.170E-03    0.934E-05    0.433E-08    0.433E-08    0.209E-08    0.209E-08    0.000E+00    0.000E+00    0.000E+00    0.000E+00
     1.400     0.906    0.241E-02    0.164E-03    0.878E-05    0.409E-08    0.409E-08    0.197E-08    0.197E-08    0.000E+00    0.000E+00    0.000E+00    0.000E+00
     1.400     0.907    0.233E-02    0.158E-03    0.815E-05    0.367E-08    0.367E-08    0.178E-08    0.178E-08    0.000E+00    0.000E+00    0.000E+00    0.000E+00
     1.400     0.908    0.225E-02    0.152E-03    0.755E-05    0.328E-08    0.328E-08    0.160E-08    0.160E-08    0.000E+00    0.000E+00    0.000E+00    0.000E+00
     1.400     0.909    0.216E-02    0.147E-03    0.699E-05    0.292E-08    0.292E-08    0.143E-08    0.143E-08    0.000E+00    0.000E+00    0.000E+00    0.000E+00
     1.400     0.910    0.208E-02    0.142E-03    0.646E-05    0.259E-08    0.259E-08    0.128E-08    0.128E-08    0.000E+00    0.000E+00    0.000E+00    0.000E+00
     1.400     0.911    0.201E-02    0.136E-03    0.597E-05    0.229E-08    0.229E-08    0.113E-08    0.113E-08    0.000E+00    0.000E+00    0.000E+00    0.000E+00
     1.400     0.912    0.193E-02    0.131E-03    0.550E-05    0.201E-08    0.201E-08    0.100E-08    0.100E-08    0.000E+00    0.000E+00    0.000E+00    0.000E+00
     1.400     0.913    0.186E-02    0.126E-03    0.507E-05    0.176E-08    0.176E-08    0.886E-09    0.886E-09    0.000E+00    0.000E+00    0.000E+00    0.000E+00
     1.400     0.914    0.179E-02    0.122E-03    0.466E-05    0.153E-08    0.153E-08    0.779E-09    0.779E-09    0.000E+00    0.000E+00    0.000E+00    0.000E+00
     1.400     0.915    0.172E-02    0.117E-03    0.429E-05    0.133E-08    0.133E-08    0.682E-09    0.682E-09    0.000E+00    0.000E+00    0.000E+00    0.000E+00
     1.400     0.916    0.165E-02    0.112E-03    0.394E-05    0.115E-08    0.115E-08    0.595E-09    0.595E-09    0.000E+00    0.000E+00    0.000E+00    0.000E+00
     1.400     0.917    0.158E-02    0.108E-03    0.361E-05    0.992E-09    0.992E-09    0.518E-09    0.518E-09    0.000E+00    0.000E+00    0.000E+00    0.000E+00
     1.400     0.918    0.152E-02    0.104E-03    0.331E-05    0.854E-09    0.854E-09    0.449E-09    0.449E-09    0.000E+00    0.000E+00    0.000E+00    0.000E+00
     1.400     0.919    0.146E-02    0.996E-04    0.304E-05    0.736E-09    0.736E-09    0.390E-09    0.390E-09    0.000E+00    0.000E+00    0.000E+00    0.000E+00
     1.400     0.920    0.140E-02    0.956E-04    0.278E-05    0.635E-09    0.635E-09    0.338E-09    0.338E-09    0.000E+00    0.000E+00    0.000E+00    0.000E+00
     1.400     0.921    0.134E-02    0.917E-04    0.255E-05    0.552E-09    0.552E-09    0.295E-09    0.295E-09    0.000E+00    0.000E+00    0.000E+00    0.000E+00
     1.400     0.922    0.128E-02    0.879E-04    0.234E-05    0.485E-09    0.485E-09    0.258E-09    0.258E-09    0.000E+00    0.000E+00    0.000E+00    0.000E+00
     1.400     0.923    0.123E-02    0.842E-04    0.215E-05    0.433E-09    0.433E-09    0.228E-09    0.228E-09    0.000E+00    0.000E+00    0.000E+00    0.000E+00
     1.400     0.924    0.118E-02    0.806E-04    0.198E-05    0.394E-09    0.394E-09    0.205E-09    0.205E-09    0.000E+00    0.000E+00    0.000E+00    0.000E+00
     1.400     0.925    0.112E-02    0.772E-04    0.182E-05    0.368E-09    0.368E-09    0.187E-09    0.187E-09    0.000E+00    0.000E+00    0.000E+00    0.000E+00
     1.400     0.926    0.107E-02    0.738E-04    0.168E-05    0.353E-09    0.353E-09    0.174E-09    0.174E-09    0.000E+00    0.000E+00    0.000E+00    0.000E+00
     1.400     0.927    0.103E-02    0.706E-04    0.156E-05    0.349E-09    0.349E-09    0.166E-09    0.166E-09    0.000E+00    0.000E+00    0.000E+00    0.000E+00
     1.400     0.928    0.978E-03    0.675E-04    0.145E-05    0.354E-09    0.354E-09    0.163E-09    0.163E-09    0.000E+00    0.000E+00    0.000E+00    0.000E+00
     1.400     0.929    0.933E-03    0.644E-04    0.135E-05    0.367E-09    0.367E-09    0.163E-09    0.163E-09    0.000E+00    0.000E+00    0.000E+00    0.000E+00
     1.400     0.930    0.889E-03    0.614E-04    0.122E-05    0.327E-09    0.327E-09    0.142E-09    0.142E-09    0.000E+00    0.000E+00    0.000E+00    0.000E+00
     1.400     0.931    0.846E-03    0.585E-04    0.108E-05    0.266E-09    0.266E-09    0.113E-09    0.113E-09    0.000E+00    0.000E+00    0.000E+00    0.000E+00
     1.400     0.932    0.805E-03    0.557E-04    0.952E-06    0.211E-09    0.211E-09    0.873E-10    0.873E-10    0.000E+00    0.000E+00    0.000E+00    0.000E+00
     1.400     0.933    0.765E-03    0.530E-04    0.833E-06    0.161E-09    0.161E-09    0.640E-10    0.640E-10    0.000E+00    0.000E+00    0.000E+00    0.000E+00
     1.400     0.934    0.726E-03    0.504E-04    0.724E-06    0.117E-09    0.117E-09    0.434E-10    0.434E-10    0.000E+00    0.000E+00    0.000E+00    0.000E+00
     1.400     0.935    0.689E-03    0.479E-04    0.624E-06    0.786E-10    0.786E-10    0.253E-10    0.253E-10    0.000E+00    0.000E+00    0.000E+00    0.000E+00
     1.400     0.936    0.653E-03    0.455E-04    0.534E-06    0.448E-10    0.448E-10    0.965E-11    0.965E-11    0.000E+00    0.000E+00    0.000E+00    0.000E+00
     1.400     0.937    0.619E-03    0.431E-04    0.453E-06    0.158E-10    0.158E-10    0.000E+00    0.000E+00    0.000E+00    0.000E+00    0.000E+00    0.000E+00
     1.400     0.938    0.586E-03    0.409E-04    0.381E-06    0.000E+00    0.000E+00    0.000E+00    0.000E+00    0.000E+00    0.000E+00    0.000E+00    0.000E+00
     1.400     0.939    0.554E-03    0.387E-04    0.316E-06    0.000E+00    0.000E+00    0.000E+00    0.000E+00    0.000E+00    0.000E+00    0.000E+00    0.000E+00
     1.400     0.940    0.523E-03    0.366E-04    0.260E-06    0.000E+00    0.000E+00    0.000E+00    0.000E+00    0.000E+00    0.000E+00    0.000E+00    0.000E+00
     1.400     0.941    0.493E-03    0.346E-04    0.211E-06    0.000E+00    0.000E+00    0.000E+00    0.000E+00    0.000E+00    0.000E+00    0.000E+00    0.000E+00
     1.400     0.942    0.465E-03    0.326E-04    0.169E-06    0.000E+00    0.000E+00    0.000E+00    0.000E+00    0.000E+00    0.000E+00    0.000E+00    0.000E+00
     1.400     0.943    0.438E-03    0.308E-04    0.134E-06    0.000E+00    0.000E+00    0.000E+00    0.000E+00    0.000E+00    0.000E+00    0.000E+00    0.000E+00
     1.400     0.944    0.412E-03    0.290E-04    0.105E-06    0.000E+00    0.000E+00    0.000E+00    0.000E+00    0.000E+00    0.000E+00    0.000E+00    0.000E+00
     1.400     0.945    0.387E-03    0.273E-04    0.815E-07    0.000E+00    0.000E+00    0.000E+00    0.000E+00    0.000E+00    0.000E+00    0.000E+00    0.000E+00
     1.400     0.946    0.363E-03    0.256E-04    0.638E-07    0.000E+00    0.000E+00    0.000E+00    0.000E+00    0.000E+00    0.000E+00    0.000E+00    0.000E+00
     1.400     0.947    0.340E-03    0.240E-04    0.511E-07    0.000E+00    0.000E+00    0.000E+00    0.000E+00    0.000E+00    0.000E+00    0.000E+00    0.000E+00
     1.400     0.948    0.318E-03    0.225E-04    0.431E-07    0.000E+00    0.000E+00    0.000E+00    0.000E+00    0.000E+00    0.000E+00    0.000E+00    0.000E+00
     1.400     0.949    0.297E-03    0.211E-04    0.394E-07    0.000E+00    0.000E+00    0.000E+00    0.000E+00    0.000E+00    0.000E+00    0.000E+00    0.000E+00
     1.400     0.950    0.277E-03    0.197E-04    0.395E-07    0.000E+00    0.000E+00    0.000E+00    0.000E+00    0.000E+00    0.000E+00    0.000E+00    0.000E+00
     1.400     0.951    0.258E-03    0.184E-04    0.431E-07    0.000E+00    0.000E+00    0.000E+00    0.000E+00    0.000E+00    0.000E+00    0.000E+00    0.000E+00
     1.400     0.952    0.240E-03    0.171E-04    0.497E-07    0.000E+00    0.000E+00    0.000E+00    0.000E+00    0.000E+00    0.000E+00    0.000E+00    0.000E+00
     1.400     0.953    0.223E-03    0.159E-04    0.535E-07    0.934E-12    0.934E-12    0.338E-12    0.338E-12    0.000E+00    0.000E+00    0.000E+00    0.000E+00
     1.400     0.954    0.205E-03    0.147E-04    0.350E-07    0.000E+00    0.000E+00    0.000E+00    0.000E+00    0.000E+00    0.000E+00    0.000E+00    0.000E+00
     1.400     0.955    0.188E-03    0.135E-04    0.187E-07    0.000E+00    0.000E+00    0.000E+00    0.000E+00    0.000E+00    0.000E+00    0.000E+00    0.000E+00
     1.400     0.956    0.173E-03    0.124E-04    0.441E-08    0.000E+00    0.000E+00    0.000E+00    0.000E+00    0.000E+00    0.000E+00    0.000E+00    0.000E+00
     1.400     0.957    0.157E-03    0.113E-04    0.000E+00    0.000E+00    0.000E+00    0.000E+00    0.000E+00    0.000E+00    0.000E+00    0.000E+00    0.000E+00
     1.400     0.958    0.143E-03    0.103E-04    0.000E+00    0.000E+00    0.000E+00    0.000E+00    0.000E+00    0.000E+00    0.000E+00    0.000E+00    0.000E+00
     1.400     0.959    0.129E-03    0.936E-05    0.000E+00    0.000E+00    0.000E+00    0.000E+00    0.000E+00    0.000E+00    0.000E+00    0.000E+00    0.000E+00
     1.400     0.960    0.117E-03    0.845E-05    0.000E+00    0.000E+00    0.000E+00    0.000E+00    0.000E+00    0.000E+00    0.000E+00    0.000E+00    0.000E+00
     1.400     0.961    0.104E-03    0.759E-05    0.000E+00    0.000E+00    0.000E+00    0.000E+00    0.000E+00    0.000E+00    0.000E+00    0.000E+00    0.000E+00
     1.400     0.962    0.929E-04    0.677E-05    0.000E+00    0.000E+00    0.000E+00    0.000E+00    0.000E+00    0.000E+00    0.000E+00    0.000E+00    0.000E+00
     1.400     0.963    0.821E-04    0.600E-05    0.000E+00    0.000E+00    0.000E+00    0.000E+00    0.000E+00    0.000E+00    0.000E+00    0.000E+00    0.000E+00
     1.400     0.964    0.720E-04    0.528E-05    0.000E+00    0.000E+00    0.000E+00    0.000E+00    0.000E+00    0.000E+00    0.000E+00    0.000E+00    0.000E+00
     1.400     0.965    0.626E-04    0.460E-05    0.000E+00    0.000E+00    0.000E+00    0.000E+00    0.000E+00    0.000E+00    0.000E+00    0.000E+00    0.000E+00
     1.400     0.966    0.538E-04    0.396E-05    0.000E+00    0.000E+00    0.000E+00    0.000E+00    0.000E+00    0.000E+00    0.000E+00    0.000E+00    0.000E+00
     1.400     0.967    0.456E-04    0.337E-05    0.000E+00    0.000E+00    0.000E+00    0.000E+00    0.000E+00    0.000E+00    0.000E+00    0.000E+00    0.000E+00
     1.400     0.968    0.380E-04    0.281E-05    0.000E+00    0.000E+00    0.000E+00    0.000E+00    0.000E+00    0.000E+00    0.000E+00    0.000E+00    0.000E+00
     1.400     0.969    0.309E-04    0.230E-05    0.000E+00    0.000E+00    0.000E+00    0.000E+00    0.000E+00    0.000E+00    0.000E+00    0.000E+00    0.000E+00
     1.400     0.970    0.245E-04    0.183E-05    0.000E+00    0.000E+00    0.000E+00    0.000E+00    0.000E+00    0.000E+00    0.000E+00    0.000E+00    0.000E+00
     1.400     0.971    0.186E-04    0.139E-05    0.000E+00    0.000E+00    0.000E+00    0.000E+00    0.000E+00    0.000E+00    0.000E+00    0.000E+00    0.000E+00
     1.400     0.972    0.132E-04    0.989E-06    0.000E+00    0.000E+00    0.000E+00    0.000E+00    0.000E+00    0.000E+00    0.000E+00    0.000E+00    0.000E+00
     1.400     0.973    0.827E-05    0.625E-06    0.000E+00    0.000E+00    0.000E+00    0.000E+00    0.000E+00    0.000E+00    0.000E+00    0.000E+00    0.000E+00
     1.400     0.974    0.387E-05    0.294E-06    0.000E+00    0.000E+00    0.000E+00    0.000E+00    0.000E+00    0.000E+00    0.000E+00    0.000E+00    0.000E+00
     1.400     0.975    0.000E+00    0.000E+00    0.185E-08    0.161E-11    0.161E-11    0.976E-12    0.976E-12    0.000E+00    0.000E+00    0.000E+00    0.000E+00
     1.400     0.976    0.000E+00    0.000E+00    0.944E-08    0.443E-11    0.443E-11    0.223E-11    0.223E-11    0.000E+00    0.000E+00    0.000E+00    0.000E+00
     1.400     0.977    0.000E+00    0.000E+00    0.171E-07    0.725E-11    0.725E-11    0.348E-11    0.348E-11    0.000E+00    0.000E+00    0.000E+00    0.000E+00
     1.400     0.978    0.000E+00    0.000E+00    0.249E-07    0.100E-10    0.100E-10    0.472E-11    0.472E-11    0.000E+00    0.000E+00    0.000E+00    0.000E+00
     1.400     0.979    0.000E+00    0.000E+00    0.325E-07    0.128E-10    0.128E-10    0.593E-11    0.593E-11    0.000E+00    0.000E+00    0.000E+00    0.000E+00
     1.400     0.980    0.000E+00    0.000E+00    0.400E-07    0.154E-10    0.154E-10    0.710E-11    0.710E-11    0.000E+00    0.000E+00    0.000E+00    0.000E+00
     1.400     0.981    0.000E+00    0.000E+00    0.472E-07    0.179E-10    0.179E-10    0.821E-11    0.821E-11    0.000E+00    0.000E+00    0.000E+00    0.000E+00
     1.400     0.982    0.000E+00    0.000E+00    0.540E-07    0.203E-10    0.203E-10    0.925E-11    0.925E-11    0.000E+00    0.000E+00    0.000E+00    0.000E+00
     1.400     0.983    0.000E+00    0.000E+00    0.604E-07    0.225E-10    0.225E-10    0.102E-10    0.102E-10    0.000E+00    0.000E+00    0.000E+00    0.000E+00
     1.400     0.984    0.000E+00    0.000E+00    0.662E-07    0.244E-10    0.244E-10    0.111E-10    0.111E-10    0.000E+00    0.000E+00    0.000E+00    0.000E+00
     1.400     0.985    0.000E+00    0.000E+00    0.713E-07    0.261E-10    0.261E-10    0.118E-10    0.118E-10    0.000E+00    0.000E+00    0.000E+00    0.000E+00
     1.400     0.986    0.000E+00    0.000E+00    0.756E-07    0.276E-10    0.276E-10    0.125E-10    0.125E-10    0.000E+00    0.000E+00    0.000E+00    0.000E+00
     1.400     0.987    0.000E+00    0.000E+00    0.791E-07    0.287E-10    0.287E-10    0.129E-10    0.129E-10    0.000E+00    0.000E+00    0.000E+00    0.000E+00
     1.400     0.988    0.000E+00    0.000E+00    0.817E-07    0.295E-10    0.295E-10    0.133E-10    0.133E-10    0.000E+00    0.000E+00    0.000E+00    0.000E+00
     1.400     0.989    0.000E+00    0.000E+00    0.832E-07    0.299E-10    0.299E-10    0.134E-10    0.134E-10    0.000E+00    0.000E+00    0.000E+00    0.000E+00
     1.400     0.990    0.000E+00    0.000E+00    0.835E-07    0.298E-10    0.298E-10    0.134E-10    0.134E-10    0.000E+00    0.000E+00    0.000E+00    0.000E+00
     1.400     0.991    0.000E+00    0.000E+00    0.825E-07    0.294E-10    0.294E-10    0.132E-10    0.132E-10    0.000E+00    0.000E+00    0.000E+00    0.000E+00
     1.400     0.992    0.000E+00    0.000E+00    0.802E-07    0.285E-10    0.285E-10    0.128E-10    0.128E-10    0.000E+00    0.000E+00    0.000E+00    0.000E+00
     1.400     0.993    0.000E+00    0.000E+00    0.764E-07    0.270E-10    0.270E-10    0.121E-10    0.121E-10    0.000E+00    0.000E+00    0.000E+00    0.000E+00
     1.400     0.994    0.000E+00    0.000E+00    0.710E-07    0.251E-10    0.251E-10    0.112E-10    0.112E-10    0.000E+00    0.000E+00    0.000E+00    0.000E+00
     1.400     0.995    0.000E+00    0.000E+00    0.640E-07    0.225E-10    0.225E-10    0.101E-10    0.101E-10    0.000E+00    0.000E+00    0.000E+00    0.000E+00
     1.400     0.996    0.000E+00    0.000E+00    0.551E-07    0.193E-10    0.193E-10    0.867E-11    0.867E-11    0.000E+00    0.000E+00    0.000E+00    0.000E+00
     1.400     0.997    0.000E+00    0.000E+00    0.444E-07    0.156E-10    0.156E-10    0.697E-11    0.697E-11    0.000E+00    0.000E+00    0.000E+00    0.000E+00
     1.400     0.998    0.000E+00    0.000E+00    0.318E-07    0.111E-10    0.111E-10    0.496E-11    0.496E-11    0.000E+00    0.000E+00    0.000E+00    0.000E+00
     1.400     0.999    0.000E+00    0.000E+00    0.170E-07    0.591E-11    0.591E-11    0.265E-11    0.265E-11    0.000E+00    0.000E+00    0.000E+00    0.000E+00

