     Q**2          x         u           d           g          ub          db          sb          s          cb          c          bb          b
     2.500     0.001    0.389E+00    0.367E+00    0.217E+01    0.352E+00    0.357E+00    0.172E+00    0.172E+00    0.508E-01    0.508E-01    0.000E+00    0.000E+00
     2.500     0.002    0.361E+00    0.332E+00    0.226E+01    0.304E+00    0.313E+00    0.150E+00    0.150E+00    0.446E-01    0.446E-01    0.000E+00    0.000E+00
     2.500     0.003    0.351E+00    0.318E+00    0.234E+01    0.279E+00    0.290E+00    0.139E+00    0.139E+00    0.413E-01    0.413E-01    0.000E+00    0.000E+00
     2.500     0.004    0.350E+00    0.313E+00    0.242E+01    0.263E+00    0.276E+00    0.131E+00    0.131E+00    0.390E-01    0.390E-01    0.000E+00    0.000E+00
     2.500     0.005    0.351E+00    0.312E+00    0.248E+01    0.252E+00    0.267E+00    0.126E+00    0.126E+00    0.372E-01    0.372E-01    0.000E+00    0.000E+00
     2.500     0.006    0.353E+00    0.312E+00    0.253E+01    0.242E+00    0.259E+00    0.122E+00    0.122E+00    0.356E-01    0.356E-01    0.000E+00    0.000E+00
     2.500     0.007    0.357E+00    0.314E+00    0.258E+01    0.235E+00    0.253E+00    0.118E+00    0.118E+00    0.344E-01    0.344E-01    0.000E+00    0.000E+00
     2.500     0.008    0.360E+00    0.316E+00    0.261E+01    0.228E+00    0.247E+00    0.115E+00    0.115E+00    0.331E-01    0.331E-01    0.000E+00    0.000E+00
     2.500     0.009    0.364E+00    0.319E+00    0.264E+01    0.223E+00    0.242E+00    0.112E+00    0.112E+00    0.320E-01    0.320E-01    0.000E+00    0.000E+00
     2.500     0.010    0.368E+00    0.322E+00    0.267E+01    0.218E+00    0.238E+00    0.110E+00    0.110E+00    0.310E-01    0.310E-01    0.000E+00    0.000E+00
     2.500     0.011    0.373E+00    0.325E+00    0.269E+01    0.214E+00    0.234E+00    0.108E+00    0.108E+00    0.301E-01    0.301E-01    0.000E+00    0.000E+00
     2.500     0.012    0.378E+00    0.329E+00    0.271E+01    0.210E+00    0.231E+00    0.106E+00    0.106E+00    0.292E-01    0.292E-01    0.000E+00    0.000E+00
     2.500     0.013    0.383E+00    0.332E+00    0.272E+01    0.207E+00    0.227E+00    0.104E+00    0.104E+00    0.284E-01    0.284E-01    0.000E+00    0.000E+00
     2.500     0.014    0.388E+00    0.336E+00    0.273E+01    0.204E+00    0.225E+00    0.102E+00    0.102E+00    0.277E-01    0.277E-01    0.000E+00    0.000E+00
     2.500     0.015    0.393E+00    0.339E+00    0.274E+01    0.201E+00    0.222E+00    0.101E+00    0.101E+00    0.270E-01    0.270E-01    0.000E+00    0.000E+00
     2.500     0.016    0.397E+00    0.343E+00    0.275E+01    0.198E+00    0.219E+00    0.993E-01    0.993E-01    0.263E-01    0.263E-01    0.000E+00    0.000E+00
     2.500     0.017    0.403E+00    0.346E+00    0.276E+01    0.196E+00    0.217E+00    0.981E-01    0.981E-01    0.257E-01    0.257E-01    0.000E+00    0.000E+00
     2.500     0.018    0.407E+00    0.350E+00    0.276E+01    0.194E+00    0.215E+00    0.968E-01    0.968E-01    0.251E-01    0.251E-01    0.000E+00    0.000E+00
     2.500     0.019    0.412E+00    0.353E+00    0.276E+01    0.191E+00    0.213E+00    0.955E-01    0.955E-01    0.245E-01    0.245E-01    0.000E+00    0.000E+00
     2.500     0.020    0.417E+00    0.356E+00    0.276E+01    0.190E+00    0.211E+00    0.944E-01    0.944E-01    0.239E-01    0.239E-01    0.000E+00    0.000E+00
     2.500     0.021    0.422E+00    0.360E+00    0.276E+01    0.188E+00    0.209E+00    0.935E-01    0.935E-01    0.234E-01    0.234E-01    0.000E+00    0.000E+00
     2.500     0.022    0.427E+00    0.363E+00    0.275E+01    0.186E+00    0.207E+00    0.923E-01    0.923E-01    0.229E-01    0.229E-01    0.000E+00    0.000E+00
     2.500     0.023    0.431E+00    0.366E+00    0.275E+01    0.184E+00    0.205E+00    0.913E-01    0.913E-01    0.223E-01    0.223E-01    0.000E+00    0.000E+00
     2.500     0.024    0.436E+00    0.368E+00    0.274E+01    0.182E+00    0.203E+00    0.903E-01    0.903E-01    0.218E-01    0.218E-01    0.000E+00    0.000E+00
     2.500     0.025    0.441E+00    0.371E+00    0.274E+01    0.181E+00    0.202E+00    0.893E-01    0.893E-01    0.214E-01    0.214E-01    0.000E+00    0.000E+00
     2.500     0.026    0.445E+00    0.374E+00    0.273E+01    0.179E+00    0.200E+00    0.885E-01    0.885E-01    0.209E-01    0.209E-01    0.000E+00    0.000E+00
     2.500     0.027    0.450E+00    0.377E+00    0.272E+01    0.178E+00    0.198E+00    0.875E-01    0.875E-01    0.205E-01    0.205E-01    0.000E+00    0.000E+00
     2.500     0.028    0.454E+00    0.379E+00    0.271E+01    0.176E+00    0.197E+00    0.867E-01    0.867E-01    0.200E-01    0.200E-01    0.000E+00    0.000E+00
     2.500     0.029    0.458E+00    0.382E+00    0.270E+01    0.175E+00    0.195E+00    0.858E-01    0.858E-01    0.196E-01    0.196E-01    0.000E+00    0.000E+00
     2.500     0.030    0.463E+00    0.385E+00    0.269E+01    0.174E+00    0.194E+00    0.851E-01    0.851E-01    0.192E-01    0.192E-01    0.000E+00    0.000E+00
     2.500     0.031    0.467E+00    0.387E+00    0.268E+01    0.173E+00    0.193E+00    0.844E-01    0.844E-01    0.188E-01    0.188E-01    0.000E+00    0.000E+00
     2.500     0.032    0.471E+00    0.389E+00    0.267E+01    0.171E+00    0.191E+00    0.836E-01    0.836E-01    0.185E-01    0.185E-01    0.000E+00    0.000E+00
     2.500     0.033    0.476E+00    0.392E+00    0.265E+01    0.170E+00    0.190E+00    0.829E-01    0.829E-01    0.181E-01    0.181E-01    0.000E+00    0.000E+00
     2.500     0.034    0.480E+00    0.394E+00    0.264E+01    0.169E+00    0.189E+00    0.822E-01    0.822E-01    0.177E-01    0.177E-01    0.000E+00    0.000E+00
     2.500     0.035    0.484E+00    0.396E+00    0.262E+01    0.168E+00    0.187E+00    0.816E-01    0.816E-01    0.174E-01    0.174E-01    0.000E+00    0.000E+00
     2.500     0.036    0.488E+00    0.398E+00    0.261E+01    0.167E+00    0.186E+00    0.809E-01    0.809E-01    0.171E-01    0.171E-01    0.000E+00    0.000E+00
     2.500     0.037    0.492E+00    0.400E+00    0.260E+01    0.166E+00    0.185E+00    0.804E-01    0.804E-01    0.168E-01    0.168E-01    0.000E+00    0.000E+00
     2.500     0.038    0.496E+00    0.402E+00    0.258E+01    0.165E+00    0.184E+00    0.798E-01    0.798E-01    0.165E-01    0.165E-01    0.000E+00    0.000E+00
     2.500     0.039    0.499E+00    0.404E+00    0.256E+01    0.164E+00    0.183E+00    0.791E-01    0.791E-01    0.162E-01    0.162E-01    0.000E+00    0.000E+00
     2.500     0.040    0.503E+00    0.406E+00    0.255E+01    0.163E+00    0.182E+00    0.785E-01    0.785E-01    0.159E-01    0.159E-01    0.000E+00    0.000E+00
     2.500     0.041    0.507E+00    0.408E+00    0.253E+01    0.162E+00    0.181E+00    0.779E-01    0.779E-01    0.156E-01    0.156E-01    0.000E+00    0.000E+00
     2.500     0.042    0.510E+00    0.409E+00    0.252E+01    0.161E+00    0.180E+00    0.773E-01    0.773E-01    0.153E-01    0.153E-01    0.000E+00    0.000E+00
     2.500     0.043    0.514E+00    0.411E+00    0.250E+01    0.160E+00    0.179E+00    0.767E-01    0.767E-01    0.150E-01    0.150E-01    0.000E+00    0.000E+00
     2.500     0.044    0.517E+00    0.413E+00    0.248E+01    0.158E+00    0.178E+00    0.762E-01    0.762E-01    0.147E-01    0.147E-01    0.000E+00    0.000E+00
     2.500     0.045    0.521E+00    0.415E+00    0.247E+01    0.157E+00    0.177E+00    0.756E-01    0.756E-01    0.145E-01    0.145E-01    0.000E+00    0.000E+00
     2.500     0.046    0.524E+00    0.416E+00    0.245E+01    0.156E+00    0.176E+00    0.750E-01    0.750E-01    0.142E-01    0.142E-01    0.000E+00    0.000E+00
     2.500     0.047    0.528E+00    0.417E+00    0.243E+01    0.155E+00    0.175E+00    0.745E-01    0.745E-01    0.139E-01    0.139E-01    0.000E+00    0.000E+00
     2.500     0.048    0.531E+00    0.419E+00    0.242E+01    0.154E+00    0.174E+00    0.739E-01    0.739E-01    0.137E-01    0.137E-01    0.000E+00    0.000E+00
     2.500     0.049    0.534E+00    0.420E+00    0.240E+01    0.153E+00    0.174E+00    0.734E-01    0.734E-01    0.134E-01    0.134E-01    0.000E+00    0.000E+00
     2.500     0.050    0.537E+00    0.422E+00    0.238E+01    0.152E+00    0.173E+00    0.728E-01    0.728E-01    0.132E-01    0.132E-01    0.000E+00    0.000E+00
     2.500     0.051    0.540E+00    0.423E+00    0.236E+01    0.151E+00    0.172E+00    0.723E-01    0.723E-01    0.130E-01    0.130E-01    0.000E+00    0.000E+00
     2.500     0.052    0.543E+00    0.424E+00    0.235E+01    0.150E+00    0.171E+00    0.718E-01    0.718E-01    0.127E-01    0.127E-01    0.000E+00    0.000E+00
     2.500     0.053    0.547E+00    0.425E+00    0.233E+01    0.149E+00    0.170E+00    0.713E-01    0.713E-01    0.125E-01    0.125E-01    0.000E+00    0.000E+00
     2.500     0.054    0.550E+00    0.427E+00    0.231E+01    0.148E+00    0.170E+00    0.709E-01    0.709E-01    0.123E-01    0.123E-01    0.000E+00    0.000E+00
     2.500     0.055    0.552E+00    0.428E+00    0.229E+01    0.147E+00    0.169E+00    0.703E-01    0.703E-01    0.121E-01    0.121E-01    0.000E+00    0.000E+00
     2.500     0.056    0.555E+00    0.429E+00    0.228E+01    0.145E+00    0.168E+00    0.699E-01    0.699E-01    0.119E-01    0.119E-01    0.000E+00    0.000E+00
     2.500     0.057    0.558E+00    0.430E+00    0.226E+01    0.144E+00    0.167E+00    0.694E-01    0.694E-01    0.117E-01    0.117E-01    0.000E+00    0.000E+00
     2.500     0.058    0.561E+00    0.431E+00    0.224E+01    0.143E+00    0.167E+00    0.689E-01    0.689E-01    0.115E-01    0.115E-01    0.000E+00    0.000E+00
     2.500     0.059    0.564E+00    0.432E+00    0.222E+01    0.142E+00    0.166E+00    0.684E-01    0.684E-01    0.113E-01    0.113E-01    0.000E+00    0.000E+00
     2.500     0.060    0.566E+00    0.433E+00    0.220E+01    0.141E+00    0.165E+00    0.680E-01    0.680E-01    0.111E-01    0.111E-01    0.000E+00    0.000E+00
     2.500     0.061    0.569E+00    0.434E+00    0.219E+01    0.140E+00    0.165E+00    0.675E-01    0.675E-01    0.109E-01    0.109E-01    0.000E+00    0.000E+00
     2.500     0.062    0.572E+00    0.434E+00    0.217E+01    0.139E+00    0.164E+00    0.671E-01    0.671E-01    0.107E-01    0.107E-01    0.000E+00    0.000E+00
     2.500     0.063    0.574E+00    0.435E+00    0.215E+01    0.138E+00    0.163E+00    0.666E-01    0.666E-01    0.106E-01    0.106E-01    0.000E+00    0.000E+00
     2.500     0.064    0.577E+00    0.436E+00    0.213E+01    0.137E+00    0.163E+00    0.662E-01    0.662E-01    0.104E-01    0.104E-01    0.000E+00    0.000E+00
     2.500     0.065    0.579E+00    0.437E+00    0.211E+01    0.136E+00    0.162E+00    0.657E-01    0.657E-01    0.102E-01    0.102E-01    0.000E+00    0.000E+00
     2.500     0.066    0.582E+00    0.438E+00    0.210E+01    0.135E+00    0.161E+00    0.653E-01    0.653E-01    0.100E-01    0.100E-01    0.000E+00    0.000E+00
     2.500     0.067    0.584E+00    0.438E+00    0.208E+01    0.134E+00    0.161E+00    0.648E-01    0.648E-01    0.986E-02    0.986E-02    0.000E+00    0.000E+00
     2.500     0.068    0.586E+00    0.439E+00    0.206E+01    0.133E+00    0.160E+00    0.644E-01    0.644E-01    0.970E-02    0.970E-02    0.000E+00    0.000E+00
     2.500     0.069    0.589E+00    0.440E+00    0.204E+01    0.132E+00    0.160E+00    0.640E-01    0.640E-01    0.954E-02    0.954E-02    0.000E+00    0.000E+00
     2.500     0.070    0.591E+00    0.440E+00    0.203E+01    0.130E+00    0.159E+00    0.635E-01    0.635E-01    0.938E-02    0.938E-02    0.000E+00    0.000E+00
     2.500     0.071    0.593E+00    0.441E+00    0.201E+01    0.129E+00    0.158E+00    0.631E-01    0.631E-01    0.923E-02    0.923E-02    0.000E+00    0.000E+00
     2.500     0.072    0.596E+00    0.441E+00    0.199E+01    0.128E+00    0.158E+00    0.627E-01    0.627E-01    0.908E-02    0.908E-02    0.000E+00    0.000E+00
     2.500     0.073    0.598E+00    0.442E+00    0.198E+01    0.127E+00    0.157E+00    0.623E-01    0.623E-01    0.894E-02    0.894E-02    0.000E+00    0.000E+00
     2.500     0.074    0.600E+00    0.443E+00    0.196E+01    0.126E+00    0.157E+00    0.619E-01    0.619E-01    0.879E-02    0.879E-02    0.000E+00    0.000E+00
     2.500     0.075    0.602E+00    0.443E+00    0.194E+01    0.125E+00    0.156E+00    0.614E-01    0.614E-01    0.865E-02    0.865E-02    0.000E+00    0.000E+00
     2.500     0.076    0.604E+00    0.443E+00    0.192E+01    0.124E+00    0.156E+00    0.610E-01    0.610E-01    0.851E-02    0.851E-02    0.000E+00    0.000E+00
     2.500     0.077    0.606E+00    0.444E+00    0.191E+01    0.123E+00    0.155E+00    0.606E-01    0.606E-01    0.837E-02    0.837E-02    0.000E+00    0.000E+00
     2.500     0.078    0.608E+00    0.444E+00    0.189E+01    0.122E+00    0.154E+00    0.602E-01    0.602E-01    0.824E-02    0.824E-02    0.000E+00    0.000E+00
     2.500     0.079    0.610E+00    0.445E+00    0.187E+01    0.121E+00    0.154E+00    0.598E-01    0.598E-01    0.811E-02    0.811E-02    0.000E+00    0.000E+00
     2.500     0.080    0.612E+00    0.445E+00    0.186E+01    0.120E+00    0.153E+00    0.594E-01    0.594E-01    0.798E-02    0.798E-02    0.000E+00    0.000E+00
     2.500     0.081    0.614E+00    0.445E+00    0.184E+01    0.119E+00    0.153E+00    0.590E-01    0.590E-01    0.785E-02    0.785E-02    0.000E+00    0.000E+00
     2.500     0.082    0.616E+00    0.446E+00    0.182E+01    0.118E+00    0.152E+00    0.586E-01    0.586E-01    0.773E-02    0.773E-02    0.000E+00    0.000E+00
     2.500     0.083    0.618E+00    0.446E+00    0.181E+01    0.117E+00    0.152E+00    0.582E-01    0.582E-01    0.761E-02    0.761E-02    0.000E+00    0.000E+00
     2.500     0.084    0.620E+00    0.446E+00    0.179E+01    0.116E+00    0.151E+00    0.579E-01    0.579E-01    0.750E-02    0.750E-02    0.000E+00    0.000E+00
     2.500     0.085    0.622E+00    0.446E+00    0.177E+01    0.115E+00    0.150E+00    0.575E-01    0.575E-01    0.738E-02    0.738E-02    0.000E+00    0.000E+00
     2.500     0.086    0.624E+00    0.447E+00    0.176E+01    0.114E+00    0.150E+00    0.571E-01    0.571E-01    0.726E-02    0.726E-02    0.000E+00    0.000E+00
     2.500     0.087    0.625E+00    0.447E+00    0.174E+01    0.113E+00    0.149E+00    0.567E-01    0.567E-01    0.715E-02    0.715E-02    0.000E+00    0.000E+00
     2.500     0.088    0.627E+00    0.447E+00    0.173E+01    0.112E+00    0.149E+00    0.563E-01    0.563E-01    0.704E-02    0.704E-02    0.000E+00    0.000E+00
     2.500     0.089    0.629E+00    0.447E+00    0.171E+01    0.111E+00    0.148E+00    0.559E-01    0.559E-01    0.693E-02    0.693E-02    0.000E+00    0.000E+00
     2.500     0.090    0.631E+00    0.447E+00    0.169E+01    0.110E+00    0.148E+00    0.556E-01    0.556E-01    0.682E-02    0.682E-02    0.000E+00    0.000E+00
     2.500     0.091    0.632E+00    0.447E+00    0.168E+01    0.109E+00    0.147E+00    0.552E-01    0.552E-01    0.672E-02    0.672E-02    0.000E+00    0.000E+00
     2.500     0.092    0.634E+00    0.448E+00    0.166E+01    0.108E+00    0.146E+00    0.548E-01    0.548E-01    0.661E-02    0.661E-02    0.000E+00    0.000E+00
     2.500     0.093    0.636E+00    0.448E+00    0.165E+01    0.107E+00    0.146E+00    0.545E-01    0.545E-01    0.651E-02    0.651E-02    0.000E+00    0.000E+00
     2.500     0.094    0.637E+00    0.448E+00    0.163E+01    0.106E+00    0.145E+00    0.541E-01    0.541E-01    0.642E-02    0.642E-02    0.000E+00    0.000E+00
     2.500     0.095    0.639E+00    0.448E+00    0.162E+01    0.105E+00    0.145E+00    0.537E-01    0.537E-01    0.632E-02    0.632E-02    0.000E+00    0.000E+00
     2.500     0.096    0.640E+00    0.448E+00    0.160E+01    0.104E+00    0.144E+00    0.534E-01    0.534E-01    0.623E-02    0.623E-02    0.000E+00    0.000E+00
     2.500     0.097    0.642E+00    0.448E+00    0.159E+01    0.103E+00    0.143E+00    0.530E-01    0.530E-01    0.613E-02    0.613E-02    0.000E+00    0.000E+00
     2.500     0.098    0.644E+00    0.448E+00    0.157E+01    0.102E+00    0.143E+00    0.527E-01    0.527E-01    0.604E-02    0.604E-02    0.000E+00    0.000E+00
     2.500     0.099    0.645E+00    0.448E+00    0.156E+01    0.101E+00    0.142E+00    0.523E-01    0.523E-01    0.595E-02    0.595E-02    0.000E+00    0.000E+00
     2.500     0.100    0.647E+00    0.448E+00    0.154E+01    0.100E+00    0.142E+00    0.519E-01    0.519E-01    0.586E-02    0.586E-02    0.000E+00    0.000E+00
     2.500     0.101    0.648E+00    0.447E+00    0.153E+01    0.996E-01    0.141E+00    0.516E-01    0.516E-01    0.577E-02    0.577E-02    0.000E+00    0.000E+00
     2.500     0.102    0.650E+00    0.447E+00    0.152E+01    0.987E-01    0.140E+00    0.512E-01    0.512E-01    0.568E-02    0.568E-02    0.000E+00    0.000E+00
     2.500     0.103    0.651E+00    0.447E+00    0.150E+01    0.978E-01    0.140E+00    0.509E-01    0.509E-01    0.560E-02    0.560E-02    0.000E+00    0.000E+00
     2.500     0.104    0.652E+00    0.447E+00    0.149E+01    0.970E-01    0.139E+00    0.506E-01    0.506E-01    0.552E-02    0.552E-02    0.000E+00    0.000E+00
     2.500     0.105    0.654E+00    0.447E+00    0.147E+01    0.961E-01    0.139E+00    0.502E-01    0.502E-01    0.544E-02    0.544E-02    0.000E+00    0.000E+00
     2.500     0.106    0.655E+00    0.447E+00    0.146E+01    0.953E-01    0.138E+00    0.499E-01    0.499E-01    0.536E-02    0.536E-02    0.000E+00    0.000E+00
     2.500     0.107    0.657E+00    0.447E+00    0.145E+01    0.945E-01    0.137E+00    0.495E-01    0.495E-01    0.528E-02    0.528E-02    0.000E+00    0.000E+00
     2.500     0.108    0.658E+00    0.446E+00    0.143E+01    0.936E-01    0.137E+00    0.492E-01    0.492E-01    0.520E-02    0.520E-02    0.000E+00    0.000E+00
     2.500     0.109    0.659E+00    0.446E+00    0.142E+01    0.928E-01    0.136E+00    0.489E-01    0.489E-01    0.513E-02    0.513E-02    0.000E+00    0.000E+00
     2.500     0.110    0.661E+00    0.446E+00    0.141E+01    0.920E-01    0.135E+00    0.485E-01    0.485E-01    0.505E-02    0.505E-02    0.000E+00    0.000E+00
     2.500     0.111    0.662E+00    0.446E+00    0.139E+01    0.912E-01    0.135E+00    0.482E-01    0.482E-01    0.498E-02    0.498E-02    0.000E+00    0.000E+00
     2.500     0.112    0.663E+00    0.446E+00    0.138E+01    0.904E-01    0.134E+00    0.479E-01    0.479E-01    0.491E-02    0.491E-02    0.000E+00    0.000E+00
     2.500     0.113    0.665E+00    0.445E+00    0.137E+01    0.896E-01    0.134E+00    0.475E-01    0.475E-01    0.484E-02    0.484E-02    0.000E+00    0.000E+00
     2.500     0.114    0.666E+00    0.445E+00    0.135E+01    0.888E-01    0.133E+00    0.472E-01    0.472E-01    0.477E-02    0.477E-02    0.000E+00    0.000E+00
     2.500     0.115    0.667E+00    0.445E+00    0.134E+01    0.881E-01    0.132E+00    0.469E-01    0.469E-01    0.470E-02    0.470E-02    0.000E+00    0.000E+00
     2.500     0.116    0.668E+00    0.444E+00    0.133E+01    0.873E-01    0.132E+00    0.466E-01    0.466E-01    0.463E-02    0.463E-02    0.000E+00    0.000E+00
     2.500     0.117    0.669E+00    0.444E+00    0.132E+01    0.866E-01    0.131E+00    0.462E-01    0.462E-01    0.457E-02    0.457E-02    0.000E+00    0.000E+00
     2.500     0.118    0.671E+00    0.444E+00    0.130E+01    0.858E-01    0.130E+00    0.459E-01    0.459E-01    0.450E-02    0.450E-02    0.000E+00    0.000E+00
     2.500     0.119    0.672E+00    0.443E+00    0.129E+01    0.851E-01    0.130E+00    0.456E-01    0.456E-01    0.444E-02    0.444E-02    0.000E+00    0.000E+00
     2.500     0.120    0.673E+00    0.443E+00    0.128E+01    0.844E-01    0.129E+00    0.453E-01    0.453E-01    0.438E-02    0.438E-02    0.000E+00    0.000E+00
     2.500     0.121    0.674E+00    0.443E+00    0.127E+01    0.836E-01    0.128E+00    0.450E-01    0.450E-01    0.432E-02    0.432E-02    0.000E+00    0.000E+00
     2.500     0.122    0.675E+00    0.442E+00    0.125E+01    0.829E-01    0.128E+00    0.447E-01    0.447E-01    0.426E-02    0.426E-02    0.000E+00    0.000E+00
     2.500     0.123    0.676E+00    0.442E+00    0.124E+01    0.822E-01    0.127E+00    0.444E-01    0.444E-01    0.420E-02    0.420E-02    0.000E+00    0.000E+00
     2.500     0.124    0.677E+00    0.441E+00    0.123E+01    0.815E-01    0.126E+00    0.440E-01    0.440E-01    0.414E-02    0.414E-02    0.000E+00    0.000E+00
     2.500     0.125    0.678E+00    0.441E+00    0.122E+01    0.808E-01    0.126E+00    0.437E-01    0.437E-01    0.408E-02    0.408E-02    0.000E+00    0.000E+00
     2.500     0.126    0.679E+00    0.441E+00    0.121E+01    0.802E-01    0.125E+00    0.434E-01    0.434E-01    0.403E-02    0.403E-02    0.000E+00    0.000E+00
     2.500     0.127    0.681E+00    0.440E+00    0.120E+01    0.795E-01    0.124E+00    0.431E-01    0.431E-01    0.397E-02    0.397E-02    0.000E+00    0.000E+00
     2.500     0.128    0.682E+00    0.440E+00    0.118E+01    0.788E-01    0.124E+00    0.428E-01    0.428E-01    0.391E-02    0.391E-02    0.000E+00    0.000E+00
     2.500     0.129    0.683E+00    0.439E+00    0.117E+01    0.782E-01    0.123E+00    0.425E-01    0.425E-01    0.386E-02    0.386E-02    0.000E+00    0.000E+00
     2.500     0.130    0.684E+00    0.439E+00    0.116E+01    0.775E-01    0.122E+00    0.422E-01    0.422E-01    0.381E-02    0.381E-02    0.000E+00    0.000E+00
     2.500     0.131    0.685E+00    0.438E+00    0.115E+01    0.769E-01    0.121E+00    0.419E-01    0.419E-01    0.375E-02    0.375E-02    0.000E+00    0.000E+00
     2.500     0.132    0.685E+00    0.438E+00    0.114E+01    0.762E-01    0.121E+00    0.416E-01    0.416E-01    0.370E-02    0.370E-02    0.000E+00    0.000E+00
     2.500     0.133    0.686E+00    0.437E+00    0.113E+01    0.756E-01    0.120E+00    0.413E-01    0.413E-01    0.365E-02    0.365E-02    0.000E+00    0.000E+00
     2.500     0.134    0.687E+00    0.437E+00    0.112E+01    0.750E-01    0.119E+00    0.410E-01    0.410E-01    0.360E-02    0.360E-02    0.000E+00    0.000E+00
     2.500     0.135    0.688E+00    0.436E+00    0.111E+01    0.744E-01    0.119E+00    0.407E-01    0.407E-01    0.356E-02    0.356E-02    0.000E+00    0.000E+00
     2.500     0.136    0.689E+00    0.436E+00    0.110E+01    0.738E-01    0.118E+00    0.405E-01    0.405E-01    0.351E-02    0.351E-02    0.000E+00    0.000E+00
     2.500     0.137    0.690E+00    0.435E+00    0.109E+01    0.732E-01    0.117E+00    0.402E-01    0.402E-01    0.346E-02    0.346E-02    0.000E+00    0.000E+00
     2.500     0.138    0.691E+00    0.435E+00    0.108E+01    0.726E-01    0.117E+00    0.399E-01    0.399E-01    0.341E-02    0.341E-02    0.000E+00    0.000E+00
     2.500     0.139    0.692E+00    0.434E+00    0.107E+01    0.720E-01    0.116E+00    0.396E-01    0.396E-01    0.337E-02    0.337E-02    0.000E+00    0.000E+00
     2.500     0.140    0.693E+00    0.434E+00    0.106E+01    0.715E-01    0.115E+00    0.393E-01    0.393E-01    0.332E-02    0.332E-02    0.000E+00    0.000E+00
     2.500     0.141    0.693E+00    0.433E+00    0.105E+01    0.709E-01    0.114E+00    0.390E-01    0.390E-01    0.328E-02    0.328E-02    0.000E+00    0.000E+00
     2.500     0.142    0.694E+00    0.433E+00    0.104E+01    0.703E-01    0.114E+00    0.387E-01    0.387E-01    0.324E-02    0.324E-02    0.000E+00    0.000E+00
     2.500     0.143    0.695E+00    0.432E+00    0.103E+01    0.698E-01    0.113E+00    0.385E-01    0.385E-01    0.319E-02    0.319E-02    0.000E+00    0.000E+00
     2.500     0.144    0.696E+00    0.431E+00    0.102E+01    0.692E-01    0.112E+00    0.382E-01    0.382E-01    0.315E-02    0.315E-02    0.000E+00    0.000E+00
     2.500     0.145    0.697E+00    0.431E+00    0.101E+01    0.687E-01    0.111E+00    0.379E-01    0.379E-01    0.311E-02    0.311E-02    0.000E+00    0.000E+00
     2.500     0.146    0.697E+00    0.430E+00    0.998E+00    0.681E-01    0.111E+00    0.376E-01    0.376E-01    0.307E-02    0.307E-02    0.000E+00    0.000E+00
     2.500     0.147    0.698E+00    0.430E+00    0.989E+00    0.676E-01    0.110E+00    0.373E-01    0.373E-01    0.303E-02    0.303E-02    0.000E+00    0.000E+00
     2.500     0.148    0.699E+00    0.429E+00    0.980E+00    0.671E-01    0.109E+00    0.371E-01    0.371E-01    0.299E-02    0.299E-02    0.000E+00    0.000E+00
     2.500     0.149    0.699E+00    0.428E+00    0.971E+00    0.666E-01    0.109E+00    0.368E-01    0.368E-01    0.295E-02    0.295E-02    0.000E+00    0.000E+00
     2.500     0.150    0.700E+00    0.428E+00    0.961E+00    0.660E-01    0.108E+00    0.365E-01    0.365E-01    0.291E-02    0.291E-02    0.000E+00    0.000E+00
     2.500     0.151    0.701E+00    0.427E+00    0.952E+00    0.655E-01    0.107E+00    0.363E-01    0.363E-01    0.288E-02    0.288E-02    0.000E+00    0.000E+00
     2.500     0.152    0.701E+00    0.427E+00    0.944E+00    0.650E-01    0.106E+00    0.360E-01    0.360E-01    0.284E-02    0.284E-02    0.000E+00    0.000E+00
     2.500     0.153    0.702E+00    0.426E+00    0.935E+00    0.645E-01    0.106E+00    0.357E-01    0.357E-01    0.280E-02    0.280E-02    0.000E+00    0.000E+00
     2.500     0.154    0.703E+00    0.425E+00    0.926E+00    0.640E-01    0.105E+00    0.355E-01    0.355E-01    0.277E-02    0.277E-02    0.000E+00    0.000E+00
     2.500     0.155    0.703E+00    0.425E+00    0.917E+00    0.636E-01    0.104E+00    0.352E-01    0.352E-01    0.273E-02    0.273E-02    0.000E+00    0.000E+00
     2.500     0.156    0.704E+00    0.424E+00    0.909E+00    0.631E-01    0.104E+00    0.349E-01    0.349E-01    0.270E-02    0.270E-02    0.000E+00    0.000E+00
     2.500     0.157    0.704E+00    0.423E+00    0.900E+00    0.626E-01    0.103E+00    0.347E-01    0.347E-01    0.266E-02    0.266E-02    0.000E+00    0.000E+00
     2.500     0.158    0.705E+00    0.423E+00    0.892E+00    0.621E-01    0.102E+00    0.344E-01    0.344E-01    0.263E-02    0.263E-02    0.000E+00    0.000E+00
     2.500     0.159    0.706E+00    0.422E+00    0.883E+00    0.617E-01    0.101E+00    0.342E-01    0.342E-01    0.259E-02    0.259E-02    0.000E+00    0.000E+00
     2.500     0.160    0.706E+00    0.421E+00    0.875E+00    0.612E-01    0.101E+00    0.339E-01    0.339E-01    0.256E-02    0.256E-02    0.000E+00    0.000E+00
     2.500     0.161    0.707E+00    0.421E+00    0.867E+00    0.607E-01    0.999E-01    0.337E-01    0.337E-01    0.253E-02    0.253E-02    0.000E+00    0.000E+00
     2.500     0.162    0.707E+00    0.420E+00    0.859E+00    0.603E-01    0.992E-01    0.334E-01    0.334E-01    0.250E-02    0.250E-02    0.000E+00    0.000E+00
     2.500     0.163    0.708E+00    0.419E+00    0.851E+00    0.598E-01    0.985E-01    0.331E-01    0.331E-01    0.247E-02    0.247E-02    0.000E+00    0.000E+00
     2.500     0.164    0.708E+00    0.419E+00    0.843E+00    0.594E-01    0.978E-01    0.329E-01    0.329E-01    0.243E-02    0.243E-02    0.000E+00    0.000E+00
     2.500     0.165    0.708E+00    0.418E+00    0.835E+00    0.590E-01    0.971E-01    0.326E-01    0.326E-01    0.240E-02    0.240E-02    0.000E+00    0.000E+00
     2.500     0.166    0.709E+00    0.417E+00    0.828E+00    0.585E-01    0.963E-01    0.324E-01    0.324E-01    0.237E-02    0.237E-02    0.000E+00    0.000E+00
     2.500     0.167    0.709E+00    0.416E+00    0.820E+00    0.581E-01    0.956E-01    0.322E-01    0.322E-01    0.235E-02    0.235E-02    0.000E+00    0.000E+00
     2.500     0.168    0.710E+00    0.416E+00    0.813E+00    0.577E-01    0.949E-01    0.319E-01    0.319E-01    0.232E-02    0.232E-02    0.000E+00    0.000E+00
     2.500     0.169    0.710E+00    0.415E+00    0.805E+00    0.573E-01    0.942E-01    0.317E-01    0.317E-01    0.229E-02    0.229E-02    0.000E+00    0.000E+00
     2.500     0.170    0.711E+00    0.414E+00    0.798E+00    0.569E-01    0.935E-01    0.314E-01    0.314E-01    0.226E-02    0.226E-02    0.000E+00    0.000E+00
     2.500     0.171    0.711E+00    0.414E+00    0.790E+00    0.564E-01    0.928E-01    0.312E-01    0.312E-01    0.223E-02    0.223E-02    0.000E+00    0.000E+00
     2.500     0.172    0.711E+00    0.413E+00    0.783E+00    0.560E-01    0.921E-01    0.309E-01    0.309E-01    0.220E-02    0.220E-02    0.000E+00    0.000E+00
     2.500     0.173    0.712E+00    0.412E+00    0.776E+00    0.556E-01    0.914E-01    0.307E-01    0.307E-01    0.218E-02    0.218E-02    0.000E+00    0.000E+00
     2.500     0.174    0.712E+00    0.411E+00    0.769E+00    0.552E-01    0.906E-01    0.305E-01    0.305E-01    0.215E-02    0.215E-02    0.000E+00    0.000E+00
     2.500     0.175    0.712E+00    0.411E+00    0.762E+00    0.548E-01    0.899E-01    0.302E-01    0.302E-01    0.212E-02    0.212E-02    0.000E+00    0.000E+00
     2.500     0.176    0.713E+00    0.410E+00    0.755E+00    0.544E-01    0.892E-01    0.300E-01    0.300E-01    0.210E-02    0.210E-02    0.000E+00    0.000E+00
     2.500     0.177    0.713E+00    0.409E+00    0.748E+00    0.541E-01    0.885E-01    0.298E-01    0.298E-01    0.207E-02    0.207E-02    0.000E+00    0.000E+00
     2.500     0.178    0.713E+00    0.408E+00    0.741E+00    0.537E-01    0.878E-01    0.295E-01    0.295E-01    0.205E-02    0.205E-02    0.000E+00    0.000E+00
     2.500     0.179    0.713E+00    0.408E+00    0.734E+00    0.533E-01    0.871E-01    0.293E-01    0.293E-01    0.202E-02    0.202E-02    0.000E+00    0.000E+00
     2.500     0.180    0.714E+00    0.407E+00    0.728E+00    0.529E-01    0.864E-01    0.291E-01    0.291E-01    0.200E-02    0.200E-02    0.000E+00    0.000E+00
     2.500     0.181    0.714E+00    0.406E+00    0.721E+00    0.526E-01    0.857E-01    0.288E-01    0.288E-01    0.198E-02    0.198E-02    0.000E+00    0.000E+00
     2.500     0.182    0.714E+00    0.405E+00    0.715E+00    0.522E-01    0.851E-01    0.286E-01    0.286E-01    0.195E-02    0.195E-02    0.000E+00    0.000E+00
     2.500     0.183    0.714E+00    0.405E+00    0.708E+00    0.518E-01    0.844E-01    0.284E-01    0.284E-01    0.193E-02    0.193E-02    0.000E+00    0.000E+00
     2.500     0.184    0.714E+00    0.404E+00    0.702E+00    0.515E-01    0.837E-01    0.282E-01    0.282E-01    0.191E-02    0.191E-02    0.000E+00    0.000E+00
     2.500     0.185    0.715E+00    0.403E+00    0.696E+00    0.511E-01    0.830E-01    0.279E-01    0.279E-01    0.188E-02    0.188E-02    0.000E+00    0.000E+00
     2.500     0.186    0.715E+00    0.402E+00    0.689E+00    0.507E-01    0.823E-01    0.277E-01    0.277E-01    0.186E-02    0.186E-02    0.000E+00    0.000E+00
     2.500     0.187    0.715E+00    0.402E+00    0.683E+00    0.504E-01    0.816E-01    0.275E-01    0.275E-01    0.184E-02    0.184E-02    0.000E+00    0.000E+00
     2.500     0.188    0.715E+00    0.401E+00    0.677E+00    0.500E-01    0.809E-01    0.273E-01    0.273E-01    0.182E-02    0.182E-02    0.000E+00    0.000E+00
     2.500     0.189    0.715E+00    0.400E+00    0.671E+00    0.497E-01    0.803E-01    0.271E-01    0.271E-01    0.180E-02    0.180E-02    0.000E+00    0.000E+00
     2.500     0.190    0.715E+00    0.399E+00    0.665E+00    0.493E-01    0.796E-01    0.269E-01    0.269E-01    0.177E-02    0.177E-02    0.000E+00    0.000E+00
     2.500     0.191    0.715E+00    0.398E+00    0.659E+00    0.490E-01    0.789E-01    0.266E-01    0.266E-01    0.175E-02    0.175E-02    0.000E+00    0.000E+00
     2.500     0.192    0.715E+00    0.398E+00    0.653E+00    0.487E-01    0.782E-01    0.264E-01    0.264E-01    0.173E-02    0.173E-02    0.000E+00    0.000E+00
     2.500     0.193    0.715E+00    0.397E+00    0.648E+00    0.483E-01    0.776E-01    0.262E-01    0.262E-01    0.171E-02    0.171E-02    0.000E+00    0.000E+00
     2.500     0.194    0.715E+00    0.396E+00    0.642E+00    0.480E-01    0.769E-01    0.260E-01    0.260E-01    0.169E-02    0.169E-02    0.000E+00    0.000E+00
     2.500     0.195    0.715E+00    0.395E+00    0.636E+00    0.477E-01    0.763E-01    0.258E-01    0.258E-01    0.167E-02    0.167E-02    0.000E+00    0.000E+00
     2.500     0.196    0.715E+00    0.394E+00    0.631E+00    0.473E-01    0.756E-01    0.256E-01    0.256E-01    0.165E-02    0.165E-02    0.000E+00    0.000E+00
     2.500     0.197    0.715E+00    0.394E+00    0.625E+00    0.470E-01    0.749E-01    0.254E-01    0.254E-01    0.163E-02    0.163E-02    0.000E+00    0.000E+00
     2.500     0.198    0.715E+00    0.393E+00    0.620E+00    0.467E-01    0.743E-01    0.252E-01    0.252E-01    0.162E-02    0.162E-02    0.000E+00    0.000E+00
     2.500     0.199    0.715E+00    0.392E+00    0.614E+00    0.464E-01    0.736E-01    0.250E-01    0.250E-01    0.160E-02    0.160E-02    0.000E+00    0.000E+00
     2.500     0.200    0.715E+00    0.391E+00    0.609E+00    0.461E-01    0.730E-01    0.248E-01    0.248E-01    0.158E-02    0.158E-02    0.000E+00    0.000E+00
     2.500     0.201    0.715E+00    0.390E+00    0.603E+00    0.457E-01    0.724E-01    0.246E-01    0.246E-01    0.156E-02    0.156E-02    0.000E+00    0.000E+00
     2.500     0.202    0.715E+00    0.390E+00    0.598E+00    0.454E-01    0.717E-01    0.244E-01    0.244E-01    0.154E-02    0.154E-02    0.000E+00    0.000E+00
     2.500     0.203    0.715E+00    0.389E+00    0.593E+00    0.451E-01    0.711E-01    0.242E-01    0.242E-01    0.153E-02    0.153E-02    0.000E+00    0.000E+00
     2.500     0.204    0.715E+00    0.388E+00    0.588E+00    0.448E-01    0.704E-01    0.240E-01    0.240E-01    0.151E-02    0.151E-02    0.000E+00    0.000E+00
     2.500     0.205    0.715E+00    0.387E+00    0.583E+00    0.445E-01    0.698E-01    0.238E-01    0.238E-01    0.149E-02    0.149E-02    0.000E+00    0.000E+00
     2.500     0.206    0.715E+00    0.386E+00    0.578E+00    0.442E-01    0.692E-01    0.236E-01    0.236E-01    0.147E-02    0.147E-02    0.000E+00    0.000E+00
     2.500     0.207    0.715E+00    0.386E+00    0.573E+00    0.439E-01    0.686E-01    0.234E-01    0.234E-01    0.146E-02    0.146E-02    0.000E+00    0.000E+00
     2.500     0.208    0.714E+00    0.385E+00    0.568E+00    0.436E-01    0.679E-01    0.232E-01    0.232E-01    0.144E-02    0.144E-02    0.000E+00    0.000E+00
     2.500     0.209    0.714E+00    0.384E+00    0.563E+00    0.433E-01    0.673E-01    0.230E-01    0.230E-01    0.142E-02    0.142E-02    0.000E+00    0.000E+00
     2.500     0.210    0.714E+00    0.383E+00    0.558E+00    0.430E-01    0.667E-01    0.228E-01    0.228E-01    0.141E-02    0.141E-02    0.000E+00    0.000E+00
     2.500     0.211    0.714E+00    0.382E+00    0.553E+00    0.427E-01    0.661E-01    0.226E-01    0.226E-01    0.139E-02    0.139E-02    0.000E+00    0.000E+00
     2.500     0.212    0.714E+00    0.381E+00    0.549E+00    0.424E-01    0.655E-01    0.224E-01    0.224E-01    0.138E-02    0.138E-02    0.000E+00    0.000E+00
     2.500     0.213    0.713E+00    0.381E+00    0.544E+00    0.421E-01    0.649E-01    0.222E-01    0.222E-01    0.136E-02    0.136E-02    0.000E+00    0.000E+00
     2.500     0.214    0.713E+00    0.380E+00    0.539E+00    0.418E-01    0.643E-01    0.220E-01    0.220E-01    0.135E-02    0.135E-02    0.000E+00    0.000E+00
     2.500     0.215    0.713E+00    0.379E+00    0.535E+00    0.416E-01    0.637E-01    0.218E-01    0.218E-01    0.133E-02    0.133E-02    0.000E+00    0.000E+00
     2.500     0.216    0.713E+00    0.378E+00    0.530E+00    0.413E-01    0.631E-01    0.217E-01    0.217E-01    0.132E-02    0.132E-02    0.000E+00    0.000E+00
     2.500     0.217    0.712E+00    0.377E+00    0.526E+00    0.410E-01    0.625E-01    0.215E-01    0.215E-01    0.130E-02    0.130E-02    0.000E+00    0.000E+00
     2.500     0.218    0.712E+00    0.376E+00    0.521E+00    0.407E-01    0.619E-01    0.213E-01    0.213E-01    0.129E-02    0.129E-02    0.000E+00    0.000E+00
     2.500     0.219    0.712E+00    0.375E+00    0.517E+00    0.404E-01    0.613E-01    0.211E-01    0.211E-01    0.127E-02    0.127E-02    0.000E+00    0.000E+00
     2.500     0.220    0.711E+00    0.375E+00    0.513E+00    0.402E-01    0.608E-01    0.209E-01    0.209E-01    0.126E-02    0.126E-02    0.000E+00    0.000E+00
     2.500     0.221    0.711E+00    0.374E+00    0.508E+00    0.399E-01    0.602E-01    0.208E-01    0.208E-01    0.124E-02    0.124E-02    0.000E+00    0.000E+00
     2.500     0.222    0.711E+00    0.373E+00    0.504E+00    0.396E-01    0.596E-01    0.206E-01    0.206E-01    0.123E-02    0.123E-02    0.000E+00    0.000E+00
     2.500     0.223    0.710E+00    0.372E+00    0.500E+00    0.393E-01    0.590E-01    0.204E-01    0.204E-01    0.122E-02    0.122E-02    0.000E+00    0.000E+00
     2.500     0.224    0.710E+00    0.371E+00    0.496E+00    0.391E-01    0.585E-01    0.202E-01    0.202E-01    0.120E-02    0.120E-02    0.000E+00    0.000E+00
     2.500     0.225    0.710E+00    0.370E+00    0.491E+00    0.388E-01    0.579E-01    0.201E-01    0.201E-01    0.119E-02    0.119E-02    0.000E+00    0.000E+00
     2.500     0.226    0.709E+00    0.369E+00    0.487E+00    0.385E-01    0.574E-01    0.199E-01    0.199E-01    0.118E-02    0.118E-02    0.000E+00    0.000E+00
     2.500     0.227    0.709E+00    0.369E+00    0.483E+00    0.382E-01    0.568E-01    0.197E-01    0.197E-01    0.116E-02    0.116E-02    0.000E+00    0.000E+00
     2.500     0.228    0.708E+00    0.368E+00    0.479E+00    0.380E-01    0.563E-01    0.195E-01    0.195E-01    0.115E-02    0.115E-02    0.000E+00    0.000E+00
     2.500     0.229    0.708E+00    0.367E+00    0.475E+00    0.377E-01    0.557E-01    0.194E-01    0.194E-01    0.114E-02    0.114E-02    0.000E+00    0.000E+00
     2.500     0.230    0.707E+00    0.366E+00    0.471E+00    0.375E-01    0.552E-01    0.192E-01    0.192E-01    0.113E-02    0.113E-02    0.000E+00    0.000E+00
     2.500     0.231    0.707E+00    0.365E+00    0.468E+00    0.372E-01    0.546E-01    0.190E-01    0.190E-01    0.111E-02    0.111E-02    0.000E+00    0.000E+00
     2.500     0.232    0.707E+00    0.364E+00    0.464E+00    0.369E-01    0.541E-01    0.189E-01    0.189E-01    0.110E-02    0.110E-02    0.000E+00    0.000E+00
     2.500     0.233    0.706E+00    0.363E+00    0.460E+00    0.367E-01    0.536E-01    0.187E-01    0.187E-01    0.109E-02    0.109E-02    0.000E+00    0.000E+00
     2.500     0.234    0.706E+00    0.362E+00    0.456E+00    0.364E-01    0.530E-01    0.185E-01    0.185E-01    0.108E-02    0.108E-02    0.000E+00    0.000E+00
     2.500     0.235    0.705E+00    0.362E+00    0.453E+00    0.362E-01    0.525E-01    0.184E-01    0.184E-01    0.107E-02    0.107E-02    0.000E+00    0.000E+00
     2.500     0.236    0.705E+00    0.361E+00    0.449E+00    0.359E-01    0.520E-01    0.182E-01    0.182E-01    0.105E-02    0.105E-02    0.000E+00    0.000E+00
     2.500     0.237    0.704E+00    0.360E+00    0.445E+00    0.357E-01    0.515E-01    0.181E-01    0.181E-01    0.104E-02    0.104E-02    0.000E+00    0.000E+00
     2.500     0.238    0.703E+00    0.359E+00    0.442E+00    0.354E-01    0.510E-01    0.179E-01    0.179E-01    0.103E-02    0.103E-02    0.000E+00    0.000E+00
     2.500     0.239    0.703E+00    0.358E+00    0.438E+00    0.352E-01    0.505E-01    0.177E-01    0.177E-01    0.102E-02    0.102E-02    0.000E+00    0.000E+00
     2.500     0.240    0.702E+00    0.357E+00    0.435E+00    0.349E-01    0.499E-01    0.176E-01    0.176E-01    0.101E-02    0.101E-02    0.000E+00    0.000E+00
     2.500     0.241    0.702E+00    0.356E+00    0.431E+00    0.347E-01    0.494E-01    0.174E-01    0.174E-01    0.998E-03    0.998E-03    0.000E+00    0.000E+00
     2.500     0.242    0.701E+00    0.355E+00    0.428E+00    0.344E-01    0.489E-01    0.173E-01    0.173E-01    0.988E-03    0.988E-03    0.000E+00    0.000E+00
     2.500     0.243    0.701E+00    0.354E+00    0.424E+00    0.342E-01    0.484E-01    0.171E-01    0.171E-01    0.977E-03    0.977E-03    0.000E+00    0.000E+00
     2.500     0.244    0.700E+00    0.353E+00    0.421E+00    0.339E-01    0.480E-01    0.170E-01    0.170E-01    0.966E-03    0.966E-03    0.000E+00    0.000E+00
     2.500     0.245    0.699E+00    0.353E+00    0.417E+00    0.337E-01    0.475E-01    0.168E-01    0.168E-01    0.956E-03    0.956E-03    0.000E+00    0.000E+00
     2.500     0.246    0.699E+00    0.352E+00    0.414E+00    0.334E-01    0.470E-01    0.167E-01    0.167E-01    0.946E-03    0.946E-03    0.000E+00    0.000E+00
     2.500     0.247    0.698E+00    0.351E+00    0.411E+00    0.332E-01    0.465E-01    0.165E-01    0.165E-01    0.936E-03    0.936E-03    0.000E+00    0.000E+00
     2.500     0.248    0.697E+00    0.350E+00    0.408E+00    0.330E-01    0.460E-01    0.164E-01    0.164E-01    0.926E-03    0.926E-03    0.000E+00    0.000E+00
     2.500     0.249    0.697E+00    0.349E+00    0.404E+00    0.327E-01    0.456E-01    0.162E-01    0.162E-01    0.916E-03    0.916E-03    0.000E+00    0.000E+00
     2.500     0.250    0.696E+00    0.348E+00    0.401E+00    0.325E-01    0.451E-01    0.161E-01    0.161E-01    0.906E-03    0.906E-03    0.000E+00    0.000E+00
     2.500     0.251    0.695E+00    0.347E+00    0.398E+00    0.323E-01    0.446E-01    0.159E-01    0.159E-01    0.896E-03    0.896E-03    0.000E+00    0.000E+00
     2.500     0.252    0.695E+00    0.346E+00    0.395E+00    0.320E-01    0.442E-01    0.158E-01    0.158E-01    0.887E-03    0.887E-03    0.000E+00    0.000E+00
     2.500     0.253    0.694E+00    0.345E+00    0.392E+00    0.318E-01    0.437E-01    0.156E-01    0.156E-01    0.877E-03    0.877E-03    0.000E+00    0.000E+00
     2.500     0.254    0.693E+00    0.344E+00    0.389E+00    0.316E-01    0.433E-01    0.155E-01    0.155E-01    0.868E-03    0.868E-03    0.000E+00    0.000E+00
     2.500     0.255    0.692E+00    0.343E+00    0.386E+00    0.313E-01    0.428E-01    0.153E-01    0.153E-01    0.859E-03    0.859E-03    0.000E+00    0.000E+00
     2.500     0.256    0.692E+00    0.342E+00    0.383E+00    0.311E-01    0.424E-01    0.152E-01    0.152E-01    0.849E-03    0.849E-03    0.000E+00    0.000E+00
     2.500     0.257    0.691E+00    0.342E+00    0.380E+00    0.309E-01    0.419E-01    0.151E-01    0.151E-01    0.840E-03    0.840E-03    0.000E+00    0.000E+00
     2.500     0.258    0.690E+00    0.341E+00    0.377E+00    0.306E-01    0.415E-01    0.149E-01    0.149E-01    0.831E-03    0.831E-03    0.000E+00    0.000E+00
     2.500     0.259    0.689E+00    0.340E+00    0.374E+00    0.304E-01    0.410E-01    0.148E-01    0.148E-01    0.822E-03    0.822E-03    0.000E+00    0.000E+00
     2.500     0.260    0.689E+00    0.339E+00    0.371E+00    0.302E-01    0.406E-01    0.146E-01    0.146E-01    0.814E-03    0.814E-03    0.000E+00    0.000E+00
     2.500     0.261    0.688E+00    0.338E+00    0.368E+00    0.299E-01    0.402E-01    0.145E-01    0.145E-01    0.805E-03    0.805E-03    0.000E+00    0.000E+00
     2.500     0.262    0.687E+00    0.337E+00    0.365E+00    0.297E-01    0.398E-01    0.144E-01    0.144E-01    0.796E-03    0.796E-03    0.000E+00    0.000E+00
     2.500     0.263    0.686E+00    0.336E+00    0.362E+00    0.295E-01    0.393E-01    0.142E-01    0.142E-01    0.788E-03    0.788E-03    0.000E+00    0.000E+00
     2.500     0.264    0.685E+00    0.335E+00    0.360E+00    0.293E-01    0.389E-01    0.141E-01    0.141E-01    0.779E-03    0.779E-03    0.000E+00    0.000E+00
     2.500     0.265    0.684E+00    0.334E+00    0.357E+00    0.291E-01    0.385E-01    0.140E-01    0.140E-01    0.771E-03    0.771E-03    0.000E+00    0.000E+00
     2.500     0.266    0.683E+00    0.333E+00    0.354E+00    0.288E-01    0.381E-01    0.138E-01    0.138E-01    0.763E-03    0.763E-03    0.000E+00    0.000E+00
     2.500     0.267    0.683E+00    0.332E+00    0.351E+00    0.286E-01    0.377E-01    0.137E-01    0.137E-01    0.755E-03    0.755E-03    0.000E+00    0.000E+00
     2.500     0.268    0.682E+00    0.331E+00    0.349E+00    0.284E-01    0.373E-01    0.136E-01    0.136E-01    0.747E-03    0.747E-03    0.000E+00    0.000E+00
     2.500     0.269    0.681E+00    0.330E+00    0.346E+00    0.282E-01    0.369E-01    0.135E-01    0.135E-01    0.739E-03    0.739E-03    0.000E+00    0.000E+00
     2.500     0.270    0.680E+00    0.329E+00    0.344E+00    0.280E-01    0.365E-01    0.133E-01    0.133E-01    0.731E-03    0.731E-03    0.000E+00    0.000E+00
     2.500     0.271    0.679E+00    0.328E+00    0.341E+00    0.277E-01    0.361E-01    0.132E-01    0.132E-01    0.723E-03    0.723E-03    0.000E+00    0.000E+00
     2.500     0.272    0.678E+00    0.327E+00    0.338E+00    0.275E-01    0.357E-01    0.131E-01    0.131E-01    0.716E-03    0.716E-03    0.000E+00    0.000E+00
     2.500     0.273    0.677E+00    0.326E+00    0.336E+00    0.273E-01    0.353E-01    0.130E-01    0.130E-01    0.708E-03    0.708E-03    0.000E+00    0.000E+00
     2.500     0.274    0.676E+00    0.325E+00    0.333E+00    0.271E-01    0.350E-01    0.128E-01    0.128E-01    0.701E-03    0.701E-03    0.000E+00    0.000E+00
     2.500     0.275    0.675E+00    0.324E+00    0.331E+00    0.269E-01    0.346E-01    0.127E-01    0.127E-01    0.693E-03    0.693E-03    0.000E+00    0.000E+00
     2.500     0.276    0.674E+00    0.324E+00    0.328E+00    0.267E-01    0.342E-01    0.126E-01    0.126E-01    0.686E-03    0.686E-03    0.000E+00    0.000E+00
     2.500     0.277    0.673E+00    0.323E+00    0.326E+00    0.265E-01    0.338E-01    0.125E-01    0.125E-01    0.678E-03    0.678E-03    0.000E+00    0.000E+00
     2.500     0.278    0.672E+00    0.322E+00    0.323E+00    0.262E-01    0.335E-01    0.123E-01    0.123E-01    0.671E-03    0.671E-03    0.000E+00    0.000E+00
     2.500     0.279    0.671E+00    0.321E+00    0.321E+00    0.260E-01    0.331E-01    0.122E-01    0.122E-01    0.664E-03    0.664E-03    0.000E+00    0.000E+00
     2.500     0.280    0.670E+00    0.320E+00    0.319E+00    0.258E-01    0.327E-01    0.121E-01    0.121E-01    0.657E-03    0.657E-03    0.000E+00    0.000E+00
     2.500     0.281    0.669E+00    0.319E+00    0.316E+00    0.256E-01    0.324E-01    0.120E-01    0.120E-01    0.650E-03    0.650E-03    0.000E+00    0.000E+00
     2.500     0.282    0.668E+00    0.318E+00    0.314E+00    0.254E-01    0.320E-01    0.119E-01    0.119E-01    0.643E-03    0.643E-03    0.000E+00    0.000E+00
     2.500     0.283    0.667E+00    0.317E+00    0.312E+00    0.252E-01    0.317E-01    0.118E-01    0.118E-01    0.636E-03    0.636E-03    0.000E+00    0.000E+00
     2.500     0.284    0.666E+00    0.316E+00    0.309E+00    0.250E-01    0.313E-01    0.116E-01    0.116E-01    0.630E-03    0.630E-03    0.000E+00    0.000E+00
     2.500     0.285    0.665E+00    0.315E+00    0.307E+00    0.248E-01    0.310E-01    0.115E-01    0.115E-01    0.623E-03    0.623E-03    0.000E+00    0.000E+00
     2.500     0.286    0.664E+00    0.314E+00    0.305E+00    0.246E-01    0.306E-01    0.114E-01    0.114E-01    0.616E-03    0.616E-03    0.000E+00    0.000E+00
     2.500     0.287    0.663E+00    0.313E+00    0.302E+00    0.244E-01    0.303E-01    0.113E-01    0.113E-01    0.610E-03    0.610E-03    0.000E+00    0.000E+00
     2.500     0.288    0.662E+00    0.312E+00    0.300E+00    0.242E-01    0.300E-01    0.112E-01    0.112E-01    0.603E-03    0.603E-03    0.000E+00    0.000E+00
     2.500     0.289    0.661E+00    0.311E+00    0.298E+00    0.240E-01    0.296E-01    0.111E-01    0.111E-01    0.597E-03    0.597E-03    0.000E+00    0.000E+00
     2.500     0.290    0.660E+00    0.310E+00    0.296E+00    0.238E-01    0.293E-01    0.110E-01    0.110E-01    0.590E-03    0.590E-03    0.000E+00    0.000E+00
     2.500     0.291    0.659E+00    0.309E+00    0.294E+00    0.236E-01    0.290E-01    0.109E-01    0.109E-01    0.584E-03    0.584E-03    0.000E+00    0.000E+00
     2.500     0.292    0.658E+00    0.308E+00    0.291E+00    0.234E-01    0.287E-01    0.108E-01    0.108E-01    0.578E-03    0.578E-03    0.000E+00    0.000E+00
     2.500     0.293    0.657E+00    0.307E+00    0.289E+00    0.232E-01    0.284E-01    0.107E-01    0.107E-01    0.572E-03    0.572E-03    0.000E+00    0.000E+00
     2.500     0.294    0.655E+00    0.306E+00    0.287E+00    0.230E-01    0.280E-01    0.105E-01    0.105E-01    0.566E-03    0.566E-03    0.000E+00    0.000E+00
     2.500     0.295    0.654E+00    0.305E+00    0.285E+00    0.228E-01    0.277E-01    0.104E-01    0.104E-01    0.560E-03    0.560E-03    0.000E+00    0.000E+00
     2.500     0.296    0.653E+00    0.304E+00    0.283E+00    0.226E-01    0.274E-01    0.103E-01    0.103E-01    0.554E-03    0.554E-03    0.000E+00    0.000E+00
     2.500     0.297    0.652E+00    0.303E+00    0.281E+00    0.224E-01    0.271E-01    0.102E-01    0.102E-01    0.548E-03    0.548E-03    0.000E+00    0.000E+00
     2.500     0.298    0.651E+00    0.302E+00    0.279E+00    0.222E-01    0.268E-01    0.101E-01    0.101E-01    0.542E-03    0.542E-03    0.000E+00    0.000E+00
     2.500     0.299    0.650E+00    0.301E+00    0.277E+00    0.220E-01    0.265E-01    0.100E-01    0.100E-01    0.536E-03    0.536E-03    0.000E+00    0.000E+00
     2.500     0.300    0.649E+00    0.300E+00    0.275E+00    0.218E-01    0.262E-01    0.993E-02    0.993E-02    0.530E-03    0.530E-03    0.000E+00    0.000E+00
     2.500     0.301    0.647E+00    0.299E+00    0.273E+00    0.217E-01    0.259E-01    0.983E-02    0.983E-02    0.525E-03    0.525E-03    0.000E+00    0.000E+00
     2.500     0.302    0.646E+00    0.298E+00    0.271E+00    0.215E-01    0.256E-01    0.973E-02    0.973E-02    0.519E-03    0.519E-03    0.000E+00    0.000E+00
     2.500     0.303    0.645E+00    0.297E+00    0.269E+00    0.213E-01    0.253E-01    0.963E-02    0.963E-02    0.513E-03    0.513E-03    0.000E+00    0.000E+00
     2.500     0.304    0.644E+00    0.296E+00    0.267E+00    0.211E-01    0.251E-01    0.953E-02    0.953E-02    0.508E-03    0.508E-03    0.000E+00    0.000E+00
     2.500     0.305    0.643E+00    0.295E+00    0.265E+00    0.209E-01    0.248E-01    0.944E-02    0.944E-02    0.503E-03    0.503E-03    0.000E+00    0.000E+00
     2.500     0.306    0.641E+00    0.294E+00    0.263E+00    0.207E-01    0.245E-01    0.934E-02    0.934E-02    0.497E-03    0.497E-03    0.000E+00    0.000E+00
     2.500     0.307    0.640E+00    0.293E+00    0.261E+00    0.205E-01    0.242E-01    0.925E-02    0.925E-02    0.492E-03    0.492E-03    0.000E+00    0.000E+00
     2.500     0.308    0.639E+00    0.292E+00    0.259E+00    0.204E-01    0.239E-01    0.915E-02    0.915E-02    0.487E-03    0.487E-03    0.000E+00    0.000E+00
     2.500     0.309    0.638E+00    0.291E+00    0.258E+00    0.202E-01    0.237E-01    0.906E-02    0.906E-02    0.481E-03    0.481E-03    0.000E+00    0.000E+00
     2.500     0.310    0.636E+00    0.290E+00    0.256E+00    0.200E-01    0.234E-01    0.896E-02    0.896E-02    0.476E-03    0.476E-03    0.000E+00    0.000E+00
     2.500     0.311    0.635E+00    0.289E+00    0.254E+00    0.198E-01    0.231E-01    0.887E-02    0.887E-02    0.471E-03    0.471E-03    0.000E+00    0.000E+00
     2.500     0.312    0.634E+00    0.288E+00    0.252E+00    0.196E-01    0.229E-01    0.878E-02    0.878E-02    0.466E-03    0.466E-03    0.000E+00    0.000E+00
     2.500     0.313    0.633E+00    0.287E+00    0.250E+00    0.195E-01    0.226E-01    0.869E-02    0.869E-02    0.461E-03    0.461E-03    0.000E+00    0.000E+00
     2.500     0.314    0.631E+00    0.286E+00    0.249E+00    0.193E-01    0.224E-01    0.860E-02    0.860E-02    0.456E-03    0.456E-03    0.000E+00    0.000E+00
     2.500     0.315    0.630E+00    0.285E+00    0.247E+00    0.191E-01    0.221E-01    0.851E-02    0.851E-02    0.451E-03    0.451E-03    0.000E+00    0.000E+00
     2.500     0.316    0.629E+00    0.283E+00    0.245E+00    0.189E-01    0.218E-01    0.842E-02    0.842E-02    0.446E-03    0.446E-03    0.000E+00    0.000E+00
     2.500     0.317    0.627E+00    0.282E+00    0.243E+00    0.188E-01    0.216E-01    0.833E-02    0.833E-02    0.441E-03    0.441E-03    0.000E+00    0.000E+00
     2.500     0.318    0.626E+00    0.281E+00    0.242E+00    0.186E-01    0.213E-01    0.825E-02    0.825E-02    0.437E-03    0.437E-03    0.000E+00    0.000E+00
     2.500     0.319    0.625E+00    0.280E+00    0.240E+00    0.184E-01    0.211E-01    0.816E-02    0.816E-02    0.432E-03    0.432E-03    0.000E+00    0.000E+00
     2.500     0.320    0.623E+00    0.279E+00    0.238E+00    0.182E-01    0.209E-01    0.808E-02    0.808E-02    0.427E-03    0.427E-03    0.000E+00    0.000E+00
     2.500     0.321    0.622E+00    0.278E+00    0.236E+00    0.181E-01    0.206E-01    0.799E-02    0.799E-02    0.422E-03    0.422E-03    0.000E+00    0.000E+00
     2.500     0.322    0.621E+00    0.277E+00    0.235E+00    0.179E-01    0.204E-01    0.791E-02    0.791E-02    0.418E-03    0.418E-03    0.000E+00    0.000E+00
     2.500     0.323    0.619E+00    0.276E+00    0.233E+00    0.177E-01    0.201E-01    0.782E-02    0.782E-02    0.413E-03    0.413E-03    0.000E+00    0.000E+00
     2.500     0.324    0.618E+00    0.275E+00    0.231E+00    0.176E-01    0.199E-01    0.774E-02    0.774E-02    0.409E-03    0.409E-03    0.000E+00    0.000E+00
     2.500     0.325    0.617E+00    0.274E+00    0.230E+00    0.174E-01    0.197E-01    0.766E-02    0.766E-02    0.404E-03    0.404E-03    0.000E+00    0.000E+00
     2.500     0.326    0.615E+00    0.273E+00    0.228E+00    0.172E-01    0.195E-01    0.758E-02    0.758E-02    0.400E-03    0.400E-03    0.000E+00    0.000E+00
     2.500     0.327    0.614E+00    0.272E+00    0.227E+00    0.171E-01    0.192E-01    0.750E-02    0.750E-02    0.396E-03    0.396E-03    0.000E+00    0.000E+00
     2.500     0.328    0.613E+00    0.271E+00    0.225E+00    0.169E-01    0.190E-01    0.742E-02    0.742E-02    0.391E-03    0.391E-03    0.000E+00    0.000E+00
     2.500     0.329    0.611E+00    0.270E+00    0.223E+00    0.167E-01    0.188E-01    0.734E-02    0.734E-02    0.387E-03    0.387E-03    0.000E+00    0.000E+00
     2.500     0.330    0.610E+00    0.269E+00    0.222E+00    0.166E-01    0.186E-01    0.726E-02    0.726E-02    0.383E-03    0.383E-03    0.000E+00    0.000E+00
     2.500     0.331    0.609E+00    0.268E+00    0.220E+00    0.164E-01    0.184E-01    0.718E-02    0.718E-02    0.379E-03    0.379E-03    0.000E+00    0.000E+00
     2.500     0.332    0.607E+00    0.267E+00    0.219E+00    0.163E-01    0.181E-01    0.710E-02    0.710E-02    0.374E-03    0.374E-03    0.000E+00    0.000E+00
     2.500     0.333    0.606E+00    0.266E+00    0.217E+00    0.161E-01    0.179E-01    0.703E-02    0.703E-02    0.370E-03    0.370E-03    0.000E+00    0.000E+00
     2.500     0.334    0.604E+00    0.265E+00    0.216E+00    0.159E-01    0.177E-01    0.695E-02    0.695E-02    0.366E-03    0.366E-03    0.000E+00    0.000E+00
     2.500     0.335    0.603E+00    0.264E+00    0.214E+00    0.158E-01    0.175E-01    0.688E-02    0.688E-02    0.362E-03    0.362E-03    0.000E+00    0.000E+00
     2.500     0.336    0.602E+00    0.263E+00    0.213E+00    0.156E-01    0.173E-01    0.680E-02    0.680E-02    0.358E-03    0.358E-03    0.000E+00    0.000E+00
     2.500     0.337    0.600E+00    0.262E+00    0.211E+00    0.155E-01    0.171E-01    0.673E-02    0.673E-02    0.354E-03    0.354E-03    0.000E+00    0.000E+00
     2.500     0.338    0.599E+00    0.260E+00    0.210E+00    0.153E-01    0.169E-01    0.666E-02    0.666E-02    0.350E-03    0.350E-03    0.000E+00    0.000E+00
     2.500     0.339    0.597E+00    0.259E+00    0.208E+00    0.152E-01    0.167E-01    0.658E-02    0.658E-02    0.346E-03    0.346E-03    0.000E+00    0.000E+00
     2.500     0.340    0.596E+00    0.258E+00    0.207E+00    0.150E-01    0.165E-01    0.651E-02    0.651E-02    0.342E-03    0.342E-03    0.000E+00    0.000E+00
     2.500     0.341    0.594E+00    0.257E+00    0.205E+00    0.149E-01    0.163E-01    0.644E-02    0.644E-02    0.339E-03    0.339E-03    0.000E+00    0.000E+00
     2.500     0.342    0.593E+00    0.256E+00    0.204E+00    0.147E-01    0.161E-01    0.637E-02    0.637E-02    0.335E-03    0.335E-03    0.000E+00    0.000E+00
     2.500     0.343    0.591E+00    0.255E+00    0.202E+00    0.146E-01    0.159E-01    0.630E-02    0.630E-02    0.331E-03    0.331E-03    0.000E+00    0.000E+00
     2.500     0.344    0.590E+00    0.254E+00    0.201E+00    0.144E-01    0.158E-01    0.623E-02    0.623E-02    0.327E-03    0.327E-03    0.000E+00    0.000E+00
     2.500     0.345    0.588E+00    0.253E+00    0.199E+00    0.143E-01    0.156E-01    0.616E-02    0.616E-02    0.324E-03    0.324E-03    0.000E+00    0.000E+00
     2.500     0.346    0.587E+00    0.252E+00    0.198E+00    0.141E-01    0.154E-01    0.609E-02    0.609E-02    0.320E-03    0.320E-03    0.000E+00    0.000E+00
     2.500     0.347    0.586E+00    0.251E+00    0.197E+00    0.140E-01    0.152E-01    0.603E-02    0.603E-02    0.317E-03    0.317E-03    0.000E+00    0.000E+00
     2.500     0.348    0.584E+00    0.250E+00    0.195E+00    0.138E-01    0.150E-01    0.596E-02    0.596E-02    0.313E-03    0.313E-03    0.000E+00    0.000E+00
     2.500     0.349    0.583E+00    0.249E+00    0.194E+00    0.137E-01    0.148E-01    0.589E-02    0.589E-02    0.309E-03    0.309E-03    0.000E+00    0.000E+00
     2.500     0.350    0.581E+00    0.248E+00    0.192E+00    0.135E-01    0.147E-01    0.583E-02    0.583E-02    0.306E-03    0.306E-03    0.000E+00    0.000E+00
     2.500     0.351    0.580E+00    0.247E+00    0.191E+00    0.134E-01    0.145E-01    0.576E-02    0.576E-02    0.303E-03    0.303E-03    0.000E+00    0.000E+00
     2.500     0.352    0.578E+00    0.246E+00    0.190E+00    0.133E-01    0.143E-01    0.570E-02    0.570E-02    0.299E-03    0.299E-03    0.000E+00    0.000E+00
     2.500     0.353    0.577E+00    0.245E+00    0.188E+00    0.131E-01    0.142E-01    0.563E-02    0.563E-02    0.296E-03    0.296E-03    0.000E+00    0.000E+00
     2.500     0.354    0.575E+00    0.243E+00    0.187E+00    0.130E-01    0.140E-01    0.557E-02    0.557E-02    0.292E-03    0.292E-03    0.000E+00    0.000E+00
     2.500     0.355    0.574E+00    0.242E+00    0.186E+00    0.129E-01    0.138E-01    0.551E-02    0.551E-02    0.289E-03    0.289E-03    0.000E+00    0.000E+00
     2.500     0.356    0.572E+00    0.241E+00    0.184E+00    0.127E-01    0.137E-01    0.544E-02    0.544E-02    0.286E-03    0.286E-03    0.000E+00    0.000E+00
     2.500     0.357    0.571E+00    0.240E+00    0.183E+00    0.126E-01    0.135E-01    0.538E-02    0.538E-02    0.282E-03    0.282E-03    0.000E+00    0.000E+00
     2.500     0.358    0.569E+00    0.239E+00    0.182E+00    0.124E-01    0.133E-01    0.532E-02    0.532E-02    0.279E-03    0.279E-03    0.000E+00    0.000E+00
     2.500     0.359    0.567E+00    0.238E+00    0.181E+00    0.123E-01    0.132E-01    0.526E-02    0.526E-02    0.276E-03    0.276E-03    0.000E+00    0.000E+00
     2.500     0.360    0.566E+00    0.237E+00    0.179E+00    0.122E-01    0.130E-01    0.520E-02    0.520E-02    0.273E-03    0.273E-03    0.000E+00    0.000E+00
     2.500     0.361    0.564E+00    0.236E+00    0.178E+00    0.121E-01    0.129E-01    0.514E-02    0.514E-02    0.270E-03    0.270E-03    0.000E+00    0.000E+00
     2.500     0.362    0.563E+00    0.235E+00    0.177E+00    0.119E-01    0.127E-01    0.508E-02    0.508E-02    0.267E-03    0.267E-03    0.000E+00    0.000E+00
     2.500     0.363    0.561E+00    0.234E+00    0.175E+00    0.118E-01    0.125E-01    0.503E-02    0.503E-02    0.264E-03    0.264E-03    0.000E+00    0.000E+00
     2.500     0.364    0.560E+00    0.233E+00    0.174E+00    0.117E-01    0.124E-01    0.497E-02    0.497E-02    0.260E-03    0.260E-03    0.000E+00    0.000E+00
     2.500     0.365    0.558E+00    0.232E+00    0.173E+00    0.115E-01    0.122E-01    0.491E-02    0.491E-02    0.257E-03    0.257E-03    0.000E+00    0.000E+00
     2.500     0.366    0.557E+00    0.231E+00    0.172E+00    0.114E-01    0.121E-01    0.485E-02    0.485E-02    0.254E-03    0.254E-03    0.000E+00    0.000E+00
     2.500     0.367    0.555E+00    0.230E+00    0.171E+00    0.113E-01    0.119E-01    0.480E-02    0.480E-02    0.252E-03    0.252E-03    0.000E+00    0.000E+00
     2.500     0.368    0.554E+00    0.229E+00    0.169E+00    0.112E-01    0.118E-01    0.474E-02    0.474E-02    0.249E-03    0.249E-03    0.000E+00    0.000E+00
     2.500     0.369    0.552E+00    0.227E+00    0.168E+00    0.110E-01    0.117E-01    0.469E-02    0.469E-02    0.246E-03    0.246E-03    0.000E+00    0.000E+00
     2.500     0.370    0.550E+00    0.226E+00    0.167E+00    0.109E-01    0.115E-01    0.463E-02    0.463E-02    0.243E-03    0.243E-03    0.000E+00    0.000E+00
     2.500     0.371    0.549E+00    0.225E+00    0.166E+00    0.108E-01    0.114E-01    0.458E-02    0.458E-02    0.240E-03    0.240E-03    0.000E+00    0.000E+00
     2.500     0.372    0.547E+00    0.224E+00    0.165E+00    0.107E-01    0.112E-01    0.453E-02    0.453E-02    0.237E-03    0.237E-03    0.000E+00    0.000E+00
     2.500     0.373    0.546E+00    0.223E+00    0.163E+00    0.106E-01    0.111E-01    0.447E-02    0.447E-02    0.234E-03    0.234E-03    0.000E+00    0.000E+00
     2.500     0.374    0.544E+00    0.222E+00    0.162E+00    0.104E-01    0.110E-01    0.442E-02    0.442E-02    0.232E-03    0.232E-03    0.000E+00    0.000E+00
     2.500     0.375    0.542E+00    0.221E+00    0.161E+00    0.103E-01    0.108E-01    0.437E-02    0.437E-02    0.229E-03    0.229E-03    0.000E+00    0.000E+00
     2.500     0.376    0.541E+00    0.220E+00    0.160E+00    0.102E-01    0.107E-01    0.432E-02    0.432E-02    0.226E-03    0.226E-03    0.000E+00    0.000E+00
     2.500     0.377    0.539E+00    0.219E+00    0.159E+00    0.101E-01    0.106E-01    0.427E-02    0.427E-02    0.223E-03    0.223E-03    0.000E+00    0.000E+00
     2.500     0.378    0.538E+00    0.218E+00    0.158E+00    0.998E-02    0.104E-01    0.422E-02    0.422E-02    0.221E-03    0.221E-03    0.000E+00    0.000E+00
     2.500     0.379    0.536E+00    0.217E+00    0.156E+00    0.986E-02    0.103E-01    0.417E-02    0.417E-02    0.218E-03    0.218E-03    0.000E+00    0.000E+00
     2.500     0.380    0.534E+00    0.216E+00    0.155E+00    0.975E-02    0.102E-01    0.412E-02    0.412E-02    0.216E-03    0.216E-03    0.000E+00    0.000E+00
     2.500     0.381    0.533E+00    0.215E+00    0.154E+00    0.964E-02    0.101E-01    0.407E-02    0.407E-02    0.213E-03    0.213E-03    0.000E+00    0.000E+00
     2.500     0.382    0.531E+00    0.214E+00    0.153E+00    0.953E-02    0.993E-02    0.402E-02    0.402E-02    0.210E-03    0.210E-03    0.000E+00    0.000E+00
     2.500     0.383    0.530E+00    0.212E+00    0.152E+00    0.942E-02    0.981E-02    0.397E-02    0.397E-02    0.208E-03    0.208E-03    0.000E+00    0.000E+00
     2.500     0.384    0.528E+00    0.211E+00    0.151E+00    0.931E-02    0.969E-02    0.392E-02    0.392E-02    0.205E-03    0.205E-03    0.000E+00    0.000E+00
     2.500     0.385    0.526E+00    0.210E+00    0.150E+00    0.920E-02    0.957E-02    0.388E-02    0.388E-02    0.203E-03    0.203E-03    0.000E+00    0.000E+00
     2.500     0.386    0.525E+00    0.209E+00    0.149E+00    0.910E-02    0.945E-02    0.383E-02    0.383E-02    0.201E-03    0.201E-03    0.000E+00    0.000E+00
     2.500     0.387    0.523E+00    0.208E+00    0.148E+00    0.899E-02    0.933E-02    0.378E-02    0.378E-02    0.198E-03    0.198E-03    0.000E+00    0.000E+00
     2.500     0.388    0.522E+00    0.207E+00    0.146E+00    0.889E-02    0.922E-02    0.374E-02    0.374E-02    0.196E-03    0.196E-03    0.000E+00    0.000E+00
     2.500     0.389    0.520E+00    0.206E+00    0.145E+00    0.878E-02    0.910E-02    0.369E-02    0.369E-02    0.193E-03    0.193E-03    0.000E+00    0.000E+00
     2.500     0.390    0.518E+00    0.205E+00    0.144E+00    0.868E-02    0.899E-02    0.365E-02    0.365E-02    0.191E-03    0.191E-03    0.000E+00    0.000E+00
     2.500     0.391    0.517E+00    0.204E+00    0.143E+00    0.858E-02    0.888E-02    0.360E-02    0.360E-02    0.189E-03    0.189E-03    0.000E+00    0.000E+00
     2.500     0.392    0.515E+00    0.203E+00    0.142E+00    0.848E-02    0.876E-02    0.356E-02    0.356E-02    0.186E-03    0.186E-03    0.000E+00    0.000E+00
     2.500     0.393    0.513E+00    0.202E+00    0.141E+00    0.838E-02    0.865E-02    0.352E-02    0.352E-02    0.184E-03    0.184E-03    0.000E+00    0.000E+00
     2.500     0.394    0.512E+00    0.201E+00    0.140E+00    0.828E-02    0.855E-02    0.347E-02    0.347E-02    0.182E-03    0.182E-03    0.000E+00    0.000E+00
     2.500     0.395    0.510E+00    0.200E+00    0.139E+00    0.818E-02    0.844E-02    0.343E-02    0.343E-02    0.180E-03    0.180E-03    0.000E+00    0.000E+00
     2.500     0.396    0.508E+00    0.199E+00    0.138E+00    0.808E-02    0.833E-02    0.339E-02    0.339E-02    0.177E-03    0.177E-03    0.000E+00    0.000E+00
     2.500     0.397    0.507E+00    0.198E+00    0.137E+00    0.799E-02    0.823E-02    0.335E-02    0.335E-02    0.175E-03    0.175E-03    0.000E+00    0.000E+00
     2.500     0.398    0.505E+00    0.197E+00    0.136E+00    0.789E-02    0.812E-02    0.331E-02    0.331E-02    0.173E-03    0.173E-03    0.000E+00    0.000E+00
     2.500     0.399    0.503E+00    0.195E+00    0.135E+00    0.780E-02    0.802E-02    0.327E-02    0.327E-02    0.171E-03    0.171E-03    0.000E+00    0.000E+00
     2.500     0.400    0.502E+00    0.194E+00    0.134E+00    0.770E-02    0.792E-02    0.322E-02    0.322E-02    0.169E-03    0.169E-03    0.000E+00    0.000E+00
     2.500     0.401    0.500E+00    0.193E+00    0.133E+00    0.761E-02    0.782E-02    0.318E-02    0.318E-02    0.167E-03    0.167E-03    0.000E+00    0.000E+00
     2.500     0.402    0.498E+00    0.192E+00    0.132E+00    0.752E-02    0.772E-02    0.315E-02    0.315E-02    0.165E-03    0.165E-03    0.000E+00    0.000E+00
     2.500     0.403    0.497E+00    0.191E+00    0.131E+00    0.743E-02    0.762E-02    0.311E-02    0.311E-02    0.163E-03    0.163E-03    0.000E+00    0.000E+00
     2.500     0.404    0.495E+00    0.190E+00    0.130E+00    0.734E-02    0.752E-02    0.307E-02    0.307E-02    0.160E-03    0.160E-03    0.000E+00    0.000E+00
     2.500     0.405    0.493E+00    0.189E+00    0.129E+00    0.725E-02    0.742E-02    0.303E-02    0.303E-02    0.158E-03    0.158E-03    0.000E+00    0.000E+00
     2.500     0.406    0.492E+00    0.188E+00    0.128E+00    0.716E-02    0.733E-02    0.299E-02    0.299E-02    0.156E-03    0.156E-03    0.000E+00    0.000E+00
     2.500     0.407    0.490E+00    0.187E+00    0.127E+00    0.707E-02    0.724E-02    0.295E-02    0.295E-02    0.154E-03    0.154E-03    0.000E+00    0.000E+00
     2.500     0.408    0.488E+00    0.186E+00    0.126E+00    0.698E-02    0.714E-02    0.292E-02    0.292E-02    0.153E-03    0.153E-03    0.000E+00    0.000E+00
     2.500     0.409    0.487E+00    0.185E+00    0.125E+00    0.690E-02    0.705E-02    0.288E-02    0.288E-02    0.151E-03    0.151E-03    0.000E+00    0.000E+00
     2.500     0.410    0.485E+00    0.184E+00    0.124E+00    0.681E-02    0.696E-02    0.284E-02    0.284E-02    0.149E-03    0.149E-03    0.000E+00    0.000E+00
     2.500     0.411    0.483E+00    0.183E+00    0.123E+00    0.673E-02    0.687E-02    0.281E-02    0.281E-02    0.147E-03    0.147E-03    0.000E+00    0.000E+00
     2.500     0.412    0.482E+00    0.182E+00    0.122E+00    0.664E-02    0.678E-02    0.277E-02    0.277E-02    0.145E-03    0.145E-03    0.000E+00    0.000E+00
     2.500     0.413    0.480E+00    0.181E+00    0.122E+00    0.656E-02    0.669E-02    0.274E-02    0.274E-02    0.143E-03    0.143E-03    0.000E+00    0.000E+00
     2.500     0.414    0.478E+00    0.180E+00    0.121E+00    0.648E-02    0.661E-02    0.270E-02    0.270E-02    0.141E-03    0.141E-03    0.000E+00    0.000E+00
     2.500     0.415    0.477E+00    0.179E+00    0.120E+00    0.640E-02    0.652E-02    0.267E-02    0.267E-02    0.139E-03    0.139E-03    0.000E+00    0.000E+00
     2.500     0.416    0.475E+00    0.178E+00    0.119E+00    0.632E-02    0.644E-02    0.263E-02    0.263E-02    0.138E-03    0.138E-03    0.000E+00    0.000E+00
     2.500     0.417    0.473E+00    0.177E+00    0.118E+00    0.624E-02    0.635E-02    0.260E-02    0.260E-02    0.136E-03    0.136E-03    0.000E+00    0.000E+00
     2.500     0.418    0.472E+00    0.176E+00    0.117E+00    0.616E-02    0.627E-02    0.257E-02    0.257E-02    0.134E-03    0.134E-03    0.000E+00    0.000E+00
     2.500     0.419    0.470E+00    0.175E+00    0.116E+00    0.608E-02    0.619E-02    0.253E-02    0.253E-02    0.132E-03    0.132E-03    0.000E+00    0.000E+00
     2.500     0.420    0.468E+00    0.174E+00    0.115E+00    0.600E-02    0.611E-02    0.250E-02    0.250E-02    0.131E-03    0.131E-03    0.000E+00    0.000E+00
     2.500     0.421    0.467E+00    0.173E+00    0.114E+00    0.593E-02    0.603E-02    0.247E-02    0.247E-02    0.129E-03    0.129E-03    0.000E+00    0.000E+00
     2.500     0.422    0.465E+00    0.172E+00    0.113E+00    0.585E-02    0.595E-02    0.244E-02    0.244E-02    0.127E-03    0.127E-03    0.000E+00    0.000E+00
     2.500     0.423    0.463E+00    0.171E+00    0.113E+00    0.578E-02    0.587E-02    0.240E-02    0.240E-02    0.126E-03    0.126E-03    0.000E+00    0.000E+00
     2.500     0.424    0.462E+00    0.170E+00    0.112E+00    0.570E-02    0.579E-02    0.237E-02    0.237E-02    0.124E-03    0.124E-03    0.000E+00    0.000E+00
     2.500     0.425    0.460E+00    0.168E+00    0.111E+00    0.563E-02    0.571E-02    0.234E-02    0.234E-02    0.122E-03    0.122E-03    0.000E+00    0.000E+00
     2.500     0.426    0.458E+00    0.167E+00    0.110E+00    0.556E-02    0.564E-02    0.231E-02    0.231E-02    0.121E-03    0.121E-03    0.000E+00    0.000E+00
     2.500     0.427    0.457E+00    0.166E+00    0.109E+00    0.549E-02    0.556E-02    0.228E-02    0.228E-02    0.119E-03    0.119E-03    0.000E+00    0.000E+00
     2.500     0.428    0.455E+00    0.165E+00    0.108E+00    0.541E-02    0.549E-02    0.225E-02    0.225E-02    0.117E-03    0.117E-03    0.000E+00    0.000E+00
     2.500     0.429    0.453E+00    0.164E+00    0.107E+00    0.534E-02    0.542E-02    0.222E-02    0.222E-02    0.116E-03    0.116E-03    0.000E+00    0.000E+00
     2.500     0.430    0.451E+00    0.163E+00    0.107E+00    0.527E-02    0.534E-02    0.219E-02    0.219E-02    0.114E-03    0.114E-03    0.000E+00    0.000E+00
     2.500     0.431    0.450E+00    0.162E+00    0.106E+00    0.521E-02    0.527E-02    0.216E-02    0.216E-02    0.113E-03    0.113E-03    0.000E+00    0.000E+00
     2.500     0.432    0.448E+00    0.161E+00    0.105E+00    0.514E-02    0.520E-02    0.213E-02    0.213E-02    0.111E-03    0.111E-03    0.000E+00    0.000E+00
     2.500     0.433    0.446E+00    0.160E+00    0.104E+00    0.507E-02    0.513E-02    0.211E-02    0.211E-02    0.110E-03    0.110E-03    0.000E+00    0.000E+00
     2.500     0.434    0.445E+00    0.159E+00    0.103E+00    0.500E-02    0.506E-02    0.208E-02    0.208E-02    0.108E-03    0.108E-03    0.000E+00    0.000E+00
     2.500     0.435    0.443E+00    0.158E+00    0.102E+00    0.494E-02    0.500E-02    0.205E-02    0.205E-02    0.107E-03    0.107E-03    0.000E+00    0.000E+00
     2.500     0.436    0.441E+00    0.157E+00    0.102E+00    0.487E-02    0.493E-02    0.202E-02    0.202E-02    0.105E-03    0.105E-03    0.000E+00    0.000E+00
     2.500     0.437    0.440E+00    0.156E+00    0.101E+00    0.481E-02    0.486E-02    0.200E-02    0.200E-02    0.104E-03    0.104E-03    0.000E+00    0.000E+00
     2.500     0.438    0.438E+00    0.155E+00    0.999E-01    0.474E-02    0.480E-02    0.197E-02    0.197E-02    0.103E-03    0.103E-03    0.000E+00    0.000E+00
     2.500     0.439    0.436E+00    0.154E+00    0.991E-01    0.468E-02    0.473E-02    0.194E-02    0.194E-02    0.101E-03    0.101E-03    0.000E+00    0.000E+00
     2.500     0.440    0.434E+00    0.153E+00    0.983E-01    0.462E-02    0.467E-02    0.192E-02    0.192E-02    0.998E-04    0.998E-04    0.000E+00    0.000E+00
     2.500     0.441    0.433E+00    0.152E+00    0.975E-01    0.456E-02    0.460E-02    0.189E-02    0.189E-02    0.984E-04    0.984E-04    0.000E+00    0.000E+00
     2.500     0.442    0.431E+00    0.152E+00    0.967E-01    0.450E-02    0.454E-02    0.187E-02    0.187E-02    0.971E-04    0.971E-04    0.000E+00    0.000E+00
     2.500     0.443    0.429E+00    0.151E+00    0.960E-01    0.444E-02    0.448E-02    0.184E-02    0.184E-02    0.957E-04    0.957E-04    0.000E+00    0.000E+00
     2.500     0.444    0.428E+00    0.150E+00    0.952E-01    0.438E-02    0.442E-02    0.181E-02    0.181E-02    0.944E-04    0.944E-04    0.000E+00    0.000E+00
     2.500     0.445    0.426E+00    0.149E+00    0.944E-01    0.432E-02    0.435E-02    0.179E-02    0.179E-02    0.931E-04    0.931E-04    0.000E+00    0.000E+00
     2.500     0.446    0.424E+00    0.148E+00    0.936E-01    0.426E-02    0.429E-02    0.177E-02    0.177E-02    0.918E-04    0.918E-04    0.000E+00    0.000E+00
     2.500     0.447    0.423E+00    0.147E+00    0.929E-01    0.420E-02    0.424E-02    0.174E-02    0.174E-02    0.905E-04    0.905E-04    0.000E+00    0.000E+00
     2.500     0.448    0.421E+00    0.146E+00    0.921E-01    0.414E-02    0.418E-02    0.172E-02    0.172E-02    0.893E-04    0.893E-04    0.000E+00    0.000E+00
     2.500     0.449    0.419E+00    0.145E+00    0.914E-01    0.409E-02    0.412E-02    0.169E-02    0.169E-02    0.880E-04    0.880E-04    0.000E+00    0.000E+00
     2.500     0.450    0.418E+00    0.144E+00    0.906E-01    0.403E-02    0.406E-02    0.167E-02    0.167E-02    0.868E-04    0.868E-04    0.000E+00    0.000E+00
     2.500     0.451    0.416E+00    0.143E+00    0.899E-01    0.398E-02    0.401E-02    0.165E-02    0.165E-02    0.856E-04    0.856E-04    0.000E+00    0.000E+00
     2.500     0.452    0.414E+00    0.142E+00    0.891E-01    0.392E-02    0.395E-02    0.163E-02    0.163E-02    0.844E-04    0.844E-04    0.000E+00    0.000E+00
     2.500     0.453    0.412E+00    0.141E+00    0.884E-01    0.387E-02    0.390E-02    0.160E-02    0.160E-02    0.832E-04    0.832E-04    0.000E+00    0.000E+00
     2.500     0.454    0.411E+00    0.140E+00    0.876E-01    0.381E-02    0.384E-02    0.158E-02    0.158E-02    0.820E-04    0.820E-04    0.000E+00    0.000E+00
     2.500     0.455    0.409E+00    0.139E+00    0.869E-01    0.376E-02    0.379E-02    0.156E-02    0.156E-02    0.808E-04    0.808E-04    0.000E+00    0.000E+00
     2.500     0.456    0.407E+00    0.138E+00    0.862E-01    0.371E-02    0.373E-02    0.154E-02    0.154E-02    0.797E-04    0.797E-04    0.000E+00    0.000E+00
     2.500     0.457    0.406E+00    0.137E+00    0.855E-01    0.366E-02    0.368E-02    0.152E-02    0.152E-02    0.785E-04    0.785E-04    0.000E+00    0.000E+00
     2.500     0.458    0.404E+00    0.136E+00    0.847E-01    0.361E-02    0.363E-02    0.149E-02    0.149E-02    0.774E-04    0.774E-04    0.000E+00    0.000E+00
     2.500     0.459    0.402E+00    0.135E+00    0.840E-01    0.356E-02    0.358E-02    0.147E-02    0.147E-02    0.763E-04    0.763E-04    0.000E+00    0.000E+00
     2.500     0.460    0.401E+00    0.134E+00    0.833E-01    0.351E-02    0.353E-02    0.145E-02    0.145E-02    0.752E-04    0.752E-04    0.000E+00    0.000E+00
     2.500     0.461    0.399E+00    0.133E+00    0.826E-01    0.346E-02    0.348E-02    0.143E-02    0.143E-02    0.741E-04    0.741E-04    0.000E+00    0.000E+00
     2.500     0.462    0.397E+00    0.132E+00    0.819E-01    0.341E-02    0.343E-02    0.141E-02    0.141E-02    0.730E-04    0.730E-04    0.000E+00    0.000E+00
     2.500     0.463    0.396E+00    0.132E+00    0.812E-01    0.336E-02    0.338E-02    0.139E-02    0.139E-02    0.719E-04    0.719E-04    0.000E+00    0.000E+00
     2.500     0.464    0.394E+00    0.131E+00    0.805E-01    0.331E-02    0.333E-02    0.137E-02    0.137E-02    0.709E-04    0.709E-04    0.000E+00    0.000E+00
     2.500     0.465    0.392E+00    0.130E+00    0.798E-01    0.327E-02    0.328E-02    0.135E-02    0.135E-02    0.699E-04    0.699E-04    0.000E+00    0.000E+00
     2.500     0.466    0.390E+00    0.129E+00    0.791E-01    0.322E-02    0.324E-02    0.133E-02    0.133E-02    0.688E-04    0.688E-04    0.000E+00    0.000E+00
     2.500     0.467    0.389E+00    0.128E+00    0.785E-01    0.318E-02    0.319E-02    0.131E-02    0.131E-02    0.678E-04    0.678E-04    0.000E+00    0.000E+00
     2.500     0.468    0.387E+00    0.127E+00    0.778E-01    0.313E-02    0.314E-02    0.129E-02    0.129E-02    0.668E-04    0.668E-04    0.000E+00    0.000E+00
     2.500     0.469    0.385E+00    0.126E+00    0.771E-01    0.309E-02    0.310E-02    0.128E-02    0.128E-02    0.658E-04    0.658E-04    0.000E+00    0.000E+00
     2.500     0.470    0.384E+00    0.125E+00    0.764E-01    0.304E-02    0.305E-02    0.126E-02    0.126E-02    0.648E-04    0.648E-04    0.000E+00    0.000E+00
     2.500     0.471    0.382E+00    0.124E+00    0.758E-01    0.300E-02    0.301E-02    0.124E-02    0.124E-02    0.639E-04    0.639E-04    0.000E+00    0.000E+00
     2.500     0.472    0.380E+00    0.123E+00    0.751E-01    0.295E-02    0.297E-02    0.122E-02    0.122E-02    0.629E-04    0.629E-04    0.000E+00    0.000E+00
     2.500     0.473    0.379E+00    0.122E+00    0.745E-01    0.291E-02    0.292E-02    0.120E-02    0.120E-02    0.620E-04    0.620E-04    0.000E+00    0.000E+00
     2.500     0.474    0.377E+00    0.122E+00    0.738E-01    0.287E-02    0.288E-02    0.119E-02    0.119E-02    0.611E-04    0.611E-04    0.000E+00    0.000E+00
     2.500     0.475    0.375E+00    0.121E+00    0.732E-01    0.283E-02    0.284E-02    0.117E-02    0.117E-02    0.601E-04    0.601E-04    0.000E+00    0.000E+00
     2.500     0.476    0.374E+00    0.120E+00    0.725E-01    0.279E-02    0.280E-02    0.115E-02    0.115E-02    0.592E-04    0.592E-04    0.000E+00    0.000E+00
     2.500     0.477    0.372E+00    0.119E+00    0.719E-01    0.275E-02    0.276E-02    0.114E-02    0.114E-02    0.583E-04    0.583E-04    0.000E+00    0.000E+00
     2.500     0.478    0.370E+00    0.118E+00    0.712E-01    0.271E-02    0.272E-02    0.112E-02    0.112E-02    0.575E-04    0.575E-04    0.000E+00    0.000E+00
     2.500     0.479    0.369E+00    0.117E+00    0.706E-01    0.267E-02    0.268E-02    0.110E-02    0.110E-02    0.566E-04    0.566E-04    0.000E+00    0.000E+00
     2.500     0.480    0.367E+00    0.116E+00    0.700E-01    0.263E-02    0.264E-02    0.109E-02    0.109E-02    0.557E-04    0.557E-04    0.000E+00    0.000E+00
     2.500     0.481    0.365E+00    0.115E+00    0.693E-01    0.259E-02    0.260E-02    0.107E-02    0.107E-02    0.549E-04    0.549E-04    0.000E+00    0.000E+00
     2.500     0.482    0.364E+00    0.115E+00    0.687E-01    0.255E-02    0.256E-02    0.105E-02    0.105E-02    0.540E-04    0.540E-04    0.000E+00    0.000E+00
     2.500     0.483    0.362E+00    0.114E+00    0.681E-01    0.251E-02    0.252E-02    0.104E-02    0.104E-02    0.532E-04    0.532E-04    0.000E+00    0.000E+00
     2.500     0.484    0.360E+00    0.113E+00    0.675E-01    0.248E-02    0.248E-02    0.102E-02    0.102E-02    0.523E-04    0.523E-04    0.000E+00    0.000E+00
     2.500     0.485    0.359E+00    0.112E+00    0.669E-01    0.244E-02    0.245E-02    0.101E-02    0.101E-02    0.515E-04    0.515E-04    0.000E+00    0.000E+00
     2.500     0.486    0.357E+00    0.111E+00    0.663E-01    0.240E-02    0.241E-02    0.993E-03    0.993E-03    0.507E-04    0.507E-04    0.000E+00    0.000E+00
     2.500     0.487    0.355E+00    0.110E+00    0.657E-01    0.237E-02    0.237E-02    0.978E-03    0.978E-03    0.499E-04    0.499E-04    0.000E+00    0.000E+00
     2.500     0.488    0.354E+00    0.109E+00    0.651E-01    0.233E-02    0.234E-02    0.964E-03    0.964E-03    0.492E-04    0.492E-04    0.000E+00    0.000E+00
     2.500     0.489    0.352E+00    0.109E+00    0.645E-01    0.230E-02    0.230E-02    0.949E-03    0.949E-03    0.484E-04    0.484E-04    0.000E+00    0.000E+00
     2.500     0.490    0.350E+00    0.108E+00    0.639E-01    0.226E-02    0.227E-02    0.935E-03    0.935E-03    0.476E-04    0.476E-04    0.000E+00    0.000E+00
     2.500     0.491    0.349E+00    0.107E+00    0.633E-01    0.223E-02    0.223E-02    0.921E-03    0.921E-03    0.469E-04    0.469E-04    0.000E+00    0.000E+00
     2.500     0.492    0.347E+00    0.106E+00    0.627E-01    0.220E-02    0.220E-02    0.907E-03    0.907E-03    0.461E-04    0.461E-04    0.000E+00    0.000E+00
     2.500     0.493    0.345E+00    0.105E+00    0.621E-01    0.216E-02    0.217E-02    0.893E-03    0.893E-03    0.454E-04    0.454E-04    0.000E+00    0.000E+00
     2.500     0.494    0.344E+00    0.104E+00    0.616E-01    0.213E-02    0.213E-02    0.880E-03    0.880E-03    0.447E-04    0.447E-04    0.000E+00    0.000E+00
     2.500     0.495    0.342E+00    0.104E+00    0.610E-01    0.210E-02    0.210E-02    0.866E-03    0.866E-03    0.440E-04    0.440E-04    0.000E+00    0.000E+00
     2.500     0.496    0.340E+00    0.103E+00    0.604E-01    0.207E-02    0.207E-02    0.853E-03    0.853E-03    0.433E-04    0.433E-04    0.000E+00    0.000E+00
     2.500     0.497    0.339E+00    0.102E+00    0.598E-01    0.203E-02    0.204E-02    0.840E-03    0.840E-03    0.426E-04    0.426E-04    0.000E+00    0.000E+00
     2.500     0.498    0.337E+00    0.101E+00    0.593E-01    0.200E-02    0.201E-02    0.827E-03    0.827E-03    0.419E-04    0.419E-04    0.000E+00    0.000E+00
     2.500     0.499    0.335E+00    0.100E+00    0.587E-01    0.197E-02    0.198E-02    0.814E-03    0.814E-03    0.412E-04    0.412E-04    0.000E+00    0.000E+00
     2.500     0.500    0.334E+00    0.995E-01    0.582E-01    0.194E-02    0.195E-02    0.802E-03    0.802E-03    0.405E-04    0.405E-04    0.000E+00    0.000E+00
     2.500     0.501    0.332E+00    0.987E-01    0.576E-01    0.191E-02    0.192E-02    0.789E-03    0.789E-03    0.399E-04    0.399E-04    0.000E+00    0.000E+00
     2.500     0.502    0.331E+00    0.979E-01    0.571E-01    0.188E-02    0.189E-02    0.777E-03    0.777E-03    0.392E-04    0.392E-04    0.000E+00    0.000E+00
     2.500     0.503    0.329E+00    0.971E-01    0.565E-01    0.185E-02    0.186E-02    0.765E-03    0.765E-03    0.386E-04    0.386E-04    0.000E+00    0.000E+00
     2.500     0.504    0.327E+00    0.964E-01    0.560E-01    0.182E-02    0.183E-02    0.753E-03    0.753E-03    0.379E-04    0.379E-04    0.000E+00    0.000E+00
     2.500     0.505    0.326E+00    0.956E-01    0.555E-01    0.180E-02    0.180E-02    0.741E-03    0.741E-03    0.373E-04    0.373E-04    0.000E+00    0.000E+00
     2.500     0.506    0.324E+00    0.948E-01    0.549E-01    0.177E-02    0.177E-02    0.730E-03    0.730E-03    0.367E-04    0.367E-04    0.000E+00    0.000E+00
     2.500     0.507    0.322E+00    0.940E-01    0.544E-01    0.174E-02    0.174E-02    0.718E-03    0.718E-03    0.361E-04    0.361E-04    0.000E+00    0.000E+00
     2.500     0.508    0.321E+00    0.932E-01    0.539E-01    0.171E-02    0.172E-02    0.707E-03    0.707E-03    0.355E-04    0.355E-04    0.000E+00    0.000E+00
     2.500     0.509    0.319E+00    0.925E-01    0.533E-01    0.169E-02    0.169E-02    0.696E-03    0.696E-03    0.349E-04    0.349E-04    0.000E+00    0.000E+00
     2.500     0.510    0.318E+00    0.917E-01    0.528E-01    0.166E-02    0.166E-02    0.685E-03    0.685E-03    0.343E-04    0.343E-04    0.000E+00    0.000E+00
     2.500     0.511    0.316E+00    0.909E-01    0.523E-01    0.163E-02    0.164E-02    0.674E-03    0.674E-03    0.337E-04    0.337E-04    0.000E+00    0.000E+00
     2.500     0.512    0.314E+00    0.902E-01    0.518E-01    0.161E-02    0.161E-02    0.664E-03    0.664E-03    0.332E-04    0.332E-04    0.000E+00    0.000E+00
     2.500     0.513    0.313E+00    0.894E-01    0.513E-01    0.158E-02    0.158E-02    0.653E-03    0.653E-03    0.326E-04    0.326E-04    0.000E+00    0.000E+00
     2.500     0.514    0.311E+00    0.887E-01    0.508E-01    0.156E-02    0.156E-02    0.643E-03    0.643E-03    0.320E-04    0.320E-04    0.000E+00    0.000E+00
     2.500     0.515    0.310E+00    0.879E-01    0.503E-01    0.153E-02    0.153E-02    0.632E-03    0.632E-03    0.315E-04    0.315E-04    0.000E+00    0.000E+00
     2.500     0.516    0.308E+00    0.872E-01    0.498E-01    0.151E-02    0.151E-02    0.622E-03    0.622E-03    0.310E-04    0.310E-04    0.000E+00    0.000E+00
     2.500     0.517    0.306E+00    0.864E-01    0.493E-01    0.148E-02    0.149E-02    0.612E-03    0.612E-03    0.304E-04    0.304E-04    0.000E+00    0.000E+00
     2.500     0.518    0.305E+00    0.857E-01    0.488E-01    0.146E-02    0.146E-02    0.602E-03    0.602E-03    0.299E-04    0.299E-04    0.000E+00    0.000E+00
     2.500     0.519    0.303E+00    0.850E-01    0.483E-01    0.144E-02    0.144E-02    0.593E-03    0.593E-03    0.294E-04    0.294E-04    0.000E+00    0.000E+00
     2.500     0.520    0.302E+00    0.842E-01    0.478E-01    0.141E-02    0.142E-02    0.583E-03    0.583E-03    0.289E-04    0.289E-04    0.000E+00    0.000E+00
     2.500     0.521    0.300E+00    0.835E-01    0.473E-01    0.139E-02    0.139E-02    0.574E-03    0.574E-03    0.284E-04    0.284E-04    0.000E+00    0.000E+00
     2.500     0.522    0.298E+00    0.828E-01    0.469E-01    0.137E-02    0.137E-02    0.564E-03    0.564E-03    0.279E-04    0.279E-04    0.000E+00    0.000E+00
     2.500     0.523    0.297E+00    0.821E-01    0.464E-01    0.135E-02    0.135E-02    0.555E-03    0.555E-03    0.274E-04    0.274E-04    0.000E+00    0.000E+00
     2.500     0.524    0.295E+00    0.814E-01    0.459E-01    0.132E-02    0.133E-02    0.546E-03    0.546E-03    0.269E-04    0.269E-04    0.000E+00    0.000E+00
     2.500     0.525    0.294E+00    0.806E-01    0.455E-01    0.130E-02    0.130E-02    0.537E-03    0.537E-03    0.264E-04    0.264E-04    0.000E+00    0.000E+00
     2.500     0.526    0.292E+00    0.799E-01    0.450E-01    0.128E-02    0.128E-02    0.528E-03    0.528E-03    0.260E-04    0.260E-04    0.000E+00    0.000E+00
     2.500     0.527    0.291E+00    0.792E-01    0.445E-01    0.126E-02    0.126E-02    0.520E-03    0.520E-03    0.255E-04    0.255E-04    0.000E+00    0.000E+00
     2.500     0.528    0.289E+00    0.785E-01    0.441E-01    0.124E-02    0.124E-02    0.511E-03    0.511E-03    0.250E-04    0.250E-04    0.000E+00    0.000E+00
     2.500     0.529    0.287E+00    0.778E-01    0.436E-01    0.122E-02    0.122E-02    0.503E-03    0.503E-03    0.246E-04    0.246E-04    0.000E+00    0.000E+00
     2.500     0.530    0.286E+00    0.772E-01    0.432E-01    0.120E-02    0.120E-02    0.494E-03    0.494E-03    0.242E-04    0.242E-04    0.000E+00    0.000E+00
     2.500     0.531    0.284E+00    0.765E-01    0.427E-01    0.118E-02    0.118E-02    0.486E-03    0.486E-03    0.237E-04    0.237E-04    0.000E+00    0.000E+00
     2.500     0.532    0.283E+00    0.758E-01    0.423E-01    0.116E-02    0.116E-02    0.478E-03    0.478E-03    0.233E-04    0.233E-04    0.000E+00    0.000E+00
     2.500     0.533    0.281E+00    0.751E-01    0.418E-01    0.114E-02    0.114E-02    0.470E-03    0.470E-03    0.229E-04    0.229E-04    0.000E+00    0.000E+00
     2.500     0.534    0.280E+00    0.744E-01    0.414E-01    0.112E-02    0.112E-02    0.462E-03    0.462E-03    0.225E-04    0.225E-04    0.000E+00    0.000E+00
     2.500     0.535    0.278E+00    0.738E-01    0.410E-01    0.110E-02    0.110E-02    0.455E-03    0.455E-03    0.221E-04    0.221E-04    0.000E+00    0.000E+00
     2.500     0.536    0.277E+00    0.731E-01    0.405E-01    0.108E-02    0.109E-02    0.447E-03    0.447E-03    0.216E-04    0.216E-04    0.000E+00    0.000E+00
     2.500     0.537    0.275E+00    0.724E-01    0.401E-01    0.107E-02    0.107E-02    0.439E-03    0.439E-03    0.212E-04    0.212E-04    0.000E+00    0.000E+00
     2.500     0.538    0.273E+00    0.718E-01    0.397E-01    0.105E-02    0.105E-02    0.432E-03    0.432E-03    0.209E-04    0.209E-04    0.000E+00    0.000E+00
     2.500     0.539    0.272E+00    0.711E-01    0.393E-01    0.103E-02    0.103E-02    0.425E-03    0.425E-03    0.205E-04    0.205E-04    0.000E+00    0.000E+00
     2.500     0.540    0.270E+00    0.705E-01    0.388E-01    0.101E-02    0.101E-02    0.418E-03    0.418E-03    0.201E-04    0.201E-04    0.000E+00    0.000E+00
     2.500     0.541    0.269E+00    0.698E-01    0.384E-01    0.996E-03    0.997E-03    0.410E-03    0.410E-03    0.197E-04    0.197E-04    0.000E+00    0.000E+00
     2.500     0.542    0.267E+00    0.692E-01    0.380E-01    0.980E-03    0.980E-03    0.404E-03    0.404E-03    0.194E-04    0.194E-04    0.000E+00    0.000E+00
     2.500     0.543    0.266E+00    0.685E-01    0.376E-01    0.963E-03    0.963E-03    0.397E-03    0.397E-03    0.190E-04    0.190E-04    0.000E+00    0.000E+00
     2.500     0.544    0.264E+00    0.679E-01    0.372E-01    0.946E-03    0.947E-03    0.390E-03    0.390E-03    0.186E-04    0.186E-04    0.000E+00    0.000E+00
     2.500     0.545    0.263E+00    0.672E-01    0.368E-01    0.930E-03    0.930E-03    0.383E-03    0.383E-03    0.183E-04    0.183E-04    0.000E+00    0.000E+00
     2.500     0.546    0.261E+00    0.666E-01    0.364E-01    0.914E-03    0.914E-03    0.376E-03    0.376E-03    0.179E-04    0.179E-04    0.000E+00    0.000E+00
     2.500     0.547    0.260E+00    0.660E-01    0.360E-01    0.898E-03    0.899E-03    0.370E-03    0.370E-03    0.176E-04    0.176E-04    0.000E+00    0.000E+00
     2.500     0.548    0.258E+00    0.654E-01    0.356E-01    0.883E-03    0.883E-03    0.364E-03    0.364E-03    0.173E-04    0.173E-04    0.000E+00    0.000E+00
     2.500     0.549    0.257E+00    0.648E-01    0.352E-01    0.868E-03    0.868E-03    0.357E-03    0.357E-03    0.169E-04    0.169E-04    0.000E+00    0.000E+00
     2.500     0.550    0.255E+00    0.641E-01    0.348E-01    0.853E-03    0.853E-03    0.351E-03    0.351E-03    0.166E-04    0.166E-04    0.000E+00    0.000E+00
     2.500     0.551    0.254E+00    0.635E-01    0.344E-01    0.838E-03    0.838E-03    0.345E-03    0.345E-03    0.163E-04    0.163E-04    0.000E+00    0.000E+00
     2.500     0.552    0.252E+00    0.629E-01    0.341E-01    0.823E-03    0.823E-03    0.339E-03    0.339E-03    0.160E-04    0.160E-04    0.000E+00    0.000E+00
     2.500     0.553    0.251E+00    0.623E-01    0.337E-01    0.809E-03    0.809E-03    0.333E-03    0.333E-03    0.156E-04    0.156E-04    0.000E+00    0.000E+00
     2.500     0.554    0.249E+00    0.617E-01    0.333E-01    0.795E-03    0.795E-03    0.327E-03    0.327E-03    0.153E-04    0.153E-04    0.000E+00    0.000E+00
     2.500     0.555    0.248E+00    0.611E-01    0.329E-01    0.781E-03    0.781E-03    0.321E-03    0.321E-03    0.150E-04    0.150E-04    0.000E+00    0.000E+00
     2.500     0.556    0.246E+00    0.605E-01    0.326E-01    0.767E-03    0.767E-03    0.316E-03    0.316E-03    0.147E-04    0.147E-04    0.000E+00    0.000E+00
     2.500     0.557    0.245E+00    0.599E-01    0.322E-01    0.753E-03    0.754E-03    0.310E-03    0.310E-03    0.145E-04    0.145E-04    0.000E+00    0.000E+00
     2.500     0.558    0.243E+00    0.594E-01    0.318E-01    0.740E-03    0.740E-03    0.305E-03    0.305E-03    0.142E-04    0.142E-04    0.000E+00    0.000E+00
     2.500     0.559    0.242E+00    0.588E-01    0.315E-01    0.727E-03    0.727E-03    0.299E-03    0.299E-03    0.139E-04    0.139E-04    0.000E+00    0.000E+00
     2.500     0.560    0.241E+00    0.582E-01    0.311E-01    0.714E-03    0.714E-03    0.294E-03    0.294E-03    0.136E-04    0.136E-04    0.000E+00    0.000E+00
     2.500     0.561    0.239E+00    0.576E-01    0.308E-01    0.702E-03    0.702E-03    0.289E-03    0.289E-03    0.133E-04    0.133E-04    0.000E+00    0.000E+00
     2.500     0.562    0.238E+00    0.571E-01    0.304E-01    0.689E-03    0.689E-03    0.283E-03    0.283E-03    0.131E-04    0.131E-04    0.000E+00    0.000E+00
     2.500     0.563    0.236E+00    0.565E-01    0.301E-01    0.677E-03    0.677E-03    0.278E-03    0.278E-03    0.128E-04    0.128E-04    0.000E+00    0.000E+00
     2.500     0.564    0.235E+00    0.559E-01    0.297E-01    0.665E-03    0.665E-03    0.273E-03    0.273E-03    0.125E-04    0.125E-04    0.000E+00    0.000E+00
     2.500     0.565    0.233E+00    0.554E-01    0.294E-01    0.653E-03    0.653E-03    0.268E-03    0.268E-03    0.123E-04    0.123E-04    0.000E+00    0.000E+00
     2.500     0.566    0.232E+00    0.548E-01    0.290E-01    0.641E-03    0.641E-03    0.264E-03    0.264E-03    0.120E-04    0.120E-04    0.000E+00    0.000E+00
     2.500     0.567    0.230E+00    0.543E-01    0.287E-01    0.629E-03    0.629E-03    0.259E-03    0.259E-03    0.118E-04    0.118E-04    0.000E+00    0.000E+00
     2.500     0.568    0.229E+00    0.537E-01    0.284E-01    0.618E-03    0.618E-03    0.254E-03    0.254E-03    0.115E-04    0.115E-04    0.000E+00    0.000E+00
     2.500     0.569    0.228E+00    0.532E-01    0.280E-01    0.607E-03    0.607E-03    0.249E-03    0.249E-03    0.113E-04    0.113E-04    0.000E+00    0.000E+00
     2.500     0.570    0.226E+00    0.526E-01    0.277E-01    0.596E-03    0.596E-03    0.245E-03    0.245E-03    0.111E-04    0.111E-04    0.000E+00    0.000E+00
     2.500     0.571    0.225E+00    0.521E-01    0.274E-01    0.585E-03    0.585E-03    0.240E-03    0.240E-03    0.108E-04    0.108E-04    0.000E+00    0.000E+00
     2.500     0.572    0.223E+00    0.516E-01    0.270E-01    0.574E-03    0.574E-03    0.236E-03    0.236E-03    0.106E-04    0.106E-04    0.000E+00    0.000E+00
     2.500     0.573    0.222E+00    0.511E-01    0.267E-01    0.563E-03    0.563E-03    0.232E-03    0.232E-03    0.104E-04    0.104E-04    0.000E+00    0.000E+00
     2.500     0.574    0.220E+00    0.505E-01    0.264E-01    0.553E-03    0.553E-03    0.227E-03    0.227E-03    0.102E-04    0.102E-04    0.000E+00    0.000E+00
     2.500     0.575    0.219E+00    0.500E-01    0.261E-01    0.543E-03    0.543E-03    0.223E-03    0.223E-03    0.994E-05    0.994E-05    0.000E+00    0.000E+00
     2.500     0.576    0.218E+00    0.495E-01    0.258E-01    0.533E-03    0.533E-03    0.219E-03    0.219E-03    0.973E-05    0.973E-05    0.000E+00    0.000E+00
     2.500     0.577    0.216E+00    0.490E-01    0.255E-01    0.523E-03    0.523E-03    0.215E-03    0.215E-03    0.952E-05    0.952E-05    0.000E+00    0.000E+00
     2.500     0.578    0.215E+00    0.485E-01    0.252E-01    0.513E-03    0.513E-03    0.211E-03    0.211E-03    0.932E-05    0.932E-05    0.000E+00    0.000E+00
     2.500     0.579    0.213E+00    0.480E-01    0.249E-01    0.504E-03    0.504E-03    0.207E-03    0.207E-03    0.912E-05    0.912E-05    0.000E+00    0.000E+00
     2.500     0.580    0.212E+00    0.475E-01    0.246E-01    0.494E-03    0.494E-03    0.203E-03    0.203E-03    0.892E-05    0.892E-05    0.000E+00    0.000E+00
     2.500     0.581    0.211E+00    0.470E-01    0.243E-01    0.485E-03    0.485E-03    0.199E-03    0.199E-03    0.873E-05    0.873E-05    0.000E+00    0.000E+00
     2.500     0.582    0.209E+00    0.465E-01    0.240E-01    0.476E-03    0.476E-03    0.195E-03    0.195E-03    0.853E-05    0.853E-05    0.000E+00    0.000E+00
     2.500     0.583    0.208E+00    0.460E-01    0.237E-01    0.467E-03    0.467E-03    0.192E-03    0.192E-03    0.835E-05    0.835E-05    0.000E+00    0.000E+00
     2.500     0.584    0.207E+00    0.455E-01    0.234E-01    0.458E-03    0.458E-03    0.188E-03    0.188E-03    0.816E-05    0.816E-05    0.000E+00    0.000E+00
     2.500     0.585    0.205E+00    0.450E-01    0.231E-01    0.449E-03    0.450E-03    0.185E-03    0.185E-03    0.798E-05    0.798E-05    0.000E+00    0.000E+00
     2.500     0.586    0.204E+00    0.445E-01    0.228E-01    0.441E-03    0.441E-03    0.181E-03    0.181E-03    0.781E-05    0.781E-05    0.000E+00    0.000E+00
     2.500     0.587    0.202E+00    0.441E-01    0.225E-01    0.433E-03    0.433E-03    0.178E-03    0.178E-03    0.763E-05    0.763E-05    0.000E+00    0.000E+00
     2.500     0.588    0.201E+00    0.436E-01    0.222E-01    0.424E-03    0.424E-03    0.174E-03    0.174E-03    0.746E-05    0.746E-05    0.000E+00    0.000E+00
     2.500     0.589    0.200E+00    0.431E-01    0.220E-01    0.416E-03    0.416E-03    0.171E-03    0.171E-03    0.729E-05    0.729E-05    0.000E+00    0.000E+00
     2.500     0.590    0.198E+00    0.427E-01    0.217E-01    0.408E-03    0.408E-03    0.168E-03    0.168E-03    0.712E-05    0.712E-05    0.000E+00    0.000E+00
     2.500     0.591    0.197E+00    0.422E-01    0.214E-01    0.400E-03    0.400E-03    0.164E-03    0.164E-03    0.696E-05    0.696E-05    0.000E+00    0.000E+00
     2.500     0.592    0.196E+00    0.417E-01    0.211E-01    0.393E-03    0.393E-03    0.161E-03    0.161E-03    0.680E-05    0.680E-05    0.000E+00    0.000E+00
     2.500     0.593    0.194E+00    0.413E-01    0.209E-01    0.385E-03    0.385E-03    0.158E-03    0.158E-03    0.664E-05    0.664E-05    0.000E+00    0.000E+00
     2.500     0.594    0.193E+00    0.408E-01    0.206E-01    0.377E-03    0.377E-03    0.155E-03    0.155E-03    0.649E-05    0.649E-05    0.000E+00    0.000E+00
     2.500     0.595    0.192E+00    0.404E-01    0.203E-01    0.370E-03    0.370E-03    0.152E-03    0.152E-03    0.634E-05    0.634E-05    0.000E+00    0.000E+00
     2.500     0.596    0.190E+00    0.399E-01    0.201E-01    0.363E-03    0.363E-03    0.149E-03    0.149E-03    0.619E-05    0.619E-05    0.000E+00    0.000E+00
     2.500     0.597    0.189E+00    0.395E-01    0.198E-01    0.356E-03    0.356E-03    0.146E-03    0.146E-03    0.604E-05    0.604E-05    0.000E+00    0.000E+00
     2.500     0.598    0.188E+00    0.391E-01    0.196E-01    0.349E-03    0.349E-03    0.143E-03    0.143E-03    0.590E-05    0.590E-05    0.000E+00    0.000E+00
     2.500     0.599    0.187E+00    0.386E-01    0.193E-01    0.342E-03    0.342E-03    0.140E-03    0.140E-03    0.576E-05    0.576E-05    0.000E+00    0.000E+00
     2.500     0.600    0.185E+00    0.382E-01    0.191E-01    0.335E-03    0.335E-03    0.137E-03    0.137E-03    0.562E-05    0.562E-05    0.000E+00    0.000E+00
     2.500     0.601    0.184E+00    0.378E-01    0.188E-01    0.329E-03    0.329E-03    0.135E-03    0.135E-03    0.549E-05    0.549E-05    0.000E+00    0.000E+00
     2.500     0.602    0.183E+00    0.373E-01    0.186E-01    0.322E-03    0.322E-03    0.132E-03    0.132E-03    0.536E-05    0.536E-05    0.000E+00    0.000E+00
     2.500     0.603    0.181E+00    0.369E-01    0.183E-01    0.316E-03    0.316E-03    0.129E-03    0.129E-03    0.523E-05    0.523E-05    0.000E+00    0.000E+00
     2.500     0.604    0.180E+00    0.365E-01    0.181E-01    0.309E-03    0.309E-03    0.127E-03    0.127E-03    0.510E-05    0.510E-05    0.000E+00    0.000E+00
     2.500     0.605    0.179E+00    0.361E-01    0.178E-01    0.303E-03    0.303E-03    0.124E-03    0.124E-03    0.498E-05    0.498E-05    0.000E+00    0.000E+00
     2.500     0.606    0.178E+00    0.357E-01    0.176E-01    0.297E-03    0.297E-03    0.122E-03    0.122E-03    0.486E-05    0.486E-05    0.000E+00    0.000E+00
     2.500     0.607    0.176E+00    0.353E-01    0.174E-01    0.291E-03    0.291E-03    0.119E-03    0.119E-03    0.474E-05    0.474E-05    0.000E+00    0.000E+00
     2.500     0.608    0.175E+00    0.349E-01    0.171E-01    0.285E-03    0.285E-03    0.117E-03    0.117E-03    0.462E-05    0.462E-05    0.000E+00    0.000E+00
     2.500     0.609    0.174E+00    0.345E-01    0.169E-01    0.280E-03    0.280E-03    0.115E-03    0.115E-03    0.451E-05    0.451E-05    0.000E+00    0.000E+00
     2.500     0.610    0.173E+00    0.341E-01    0.167E-01    0.274E-03    0.274E-03    0.112E-03    0.112E-03    0.439E-05    0.439E-05    0.000E+00    0.000E+00
     2.500     0.611    0.171E+00    0.337E-01    0.165E-01    0.268E-03    0.268E-03    0.110E-03    0.110E-03    0.428E-05    0.428E-05    0.000E+00    0.000E+00
     2.500     0.612    0.170E+00    0.333E-01    0.162E-01    0.263E-03    0.263E-03    0.108E-03    0.108E-03    0.417E-05    0.417E-05    0.000E+00    0.000E+00
     2.500     0.613    0.169E+00    0.329E-01    0.160E-01    0.257E-03    0.257E-03    0.105E-03    0.105E-03    0.407E-05    0.407E-05    0.000E+00    0.000E+00
     2.500     0.614    0.168E+00    0.325E-01    0.158E-01    0.252E-03    0.252E-03    0.103E-03    0.103E-03    0.396E-05    0.396E-05    0.000E+00    0.000E+00
     2.500     0.615    0.166E+00    0.322E-01    0.156E-01    0.247E-03    0.247E-03    0.101E-03    0.101E-03    0.386E-05    0.386E-05    0.000E+00    0.000E+00
     2.500     0.616    0.165E+00    0.318E-01    0.154E-01    0.242E-03    0.242E-03    0.990E-04    0.990E-04    0.376E-05    0.376E-05    0.000E+00    0.000E+00
     2.500     0.617    0.164E+00    0.314E-01    0.152E-01    0.237E-03    0.237E-03    0.970E-04    0.970E-04    0.366E-05    0.366E-05    0.000E+00    0.000E+00
     2.500     0.618    0.163E+00    0.310E-01    0.150E-01    0.232E-03    0.232E-03    0.949E-04    0.949E-04    0.356E-05    0.356E-05    0.000E+00    0.000E+00
     2.500     0.619    0.161E+00    0.307E-01    0.147E-01    0.227E-03    0.227E-03    0.929E-04    0.929E-04    0.347E-05    0.347E-05    0.000E+00    0.000E+00
     2.500     0.620    0.160E+00    0.303E-01    0.145E-01    0.222E-03    0.222E-03    0.910E-04    0.910E-04    0.338E-05    0.338E-05    0.000E+00    0.000E+00
     2.500     0.621    0.159E+00    0.300E-01    0.143E-01    0.218E-03    0.218E-03    0.891E-04    0.891E-04    0.329E-05    0.329E-05    0.000E+00    0.000E+00
     2.500     0.622    0.158E+00    0.296E-01    0.141E-01    0.213E-03    0.213E-03    0.872E-04    0.872E-04    0.320E-05    0.320E-05    0.000E+00    0.000E+00
     2.500     0.623    0.157E+00    0.292E-01    0.139E-01    0.209E-03    0.209E-03    0.854E-04    0.854E-04    0.311E-05    0.311E-05    0.000E+00    0.000E+00
     2.500     0.624    0.155E+00    0.289E-01    0.137E-01    0.204E-03    0.204E-03    0.836E-04    0.836E-04    0.303E-05    0.303E-05    0.000E+00    0.000E+00
     2.500     0.625    0.154E+00    0.286E-01    0.135E-01    0.200E-03    0.200E-03    0.818E-04    0.818E-04    0.295E-05    0.295E-05    0.000E+00    0.000E+00
     2.500     0.626    0.153E+00    0.282E-01    0.134E-01    0.196E-03    0.196E-03    0.801E-04    0.801E-04    0.287E-05    0.287E-05    0.000E+00    0.000E+00
     2.500     0.627    0.152E+00    0.279E-01    0.132E-01    0.192E-03    0.192E-03    0.783E-04    0.783E-04    0.279E-05    0.279E-05    0.000E+00    0.000E+00
     2.500     0.628    0.151E+00    0.275E-01    0.130E-01    0.188E-03    0.188E-03    0.767E-04    0.767E-04    0.271E-05    0.271E-05    0.000E+00    0.000E+00
     2.500     0.629    0.150E+00    0.272E-01    0.128E-01    0.184E-03    0.184E-03    0.750E-04    0.750E-04    0.264E-05    0.264E-05    0.000E+00    0.000E+00
     2.500     0.630    0.148E+00    0.269E-01    0.126E-01    0.180E-03    0.180E-03    0.734E-04    0.734E-04    0.256E-05    0.256E-05    0.000E+00    0.000E+00
     2.500     0.631    0.147E+00    0.265E-01    0.124E-01    0.176E-03    0.176E-03    0.718E-04    0.718E-04    0.249E-05    0.249E-05    0.000E+00    0.000E+00
     2.500     0.632    0.146E+00    0.262E-01    0.122E-01    0.172E-03    0.172E-03    0.703E-04    0.703E-04    0.242E-05    0.242E-05    0.000E+00    0.000E+00
     2.500     0.633    0.145E+00    0.259E-01    0.121E-01    0.168E-03    0.168E-03    0.687E-04    0.687E-04    0.235E-05    0.235E-05    0.000E+00    0.000E+00
     2.500     0.634    0.144E+00    0.256E-01    0.119E-01    0.165E-03    0.165E-03    0.672E-04    0.672E-04    0.228E-05    0.228E-05    0.000E+00    0.000E+00
     2.500     0.635    0.143E+00    0.253E-01    0.117E-01    0.161E-03    0.161E-03    0.657E-04    0.657E-04    0.221E-05    0.221E-05    0.000E+00    0.000E+00
     2.500     0.636    0.142E+00    0.249E-01    0.115E-01    0.158E-03    0.158E-03    0.643E-04    0.643E-04    0.215E-05    0.215E-05    0.000E+00    0.000E+00
     2.500     0.637    0.140E+00    0.246E-01    0.114E-01    0.154E-03    0.154E-03    0.629E-04    0.629E-04    0.209E-05    0.209E-05    0.000E+00    0.000E+00
     2.500     0.638    0.139E+00    0.243E-01    0.112E-01    0.151E-03    0.151E-03    0.615E-04    0.615E-04    0.202E-05    0.202E-05    0.000E+00    0.000E+00
     2.500     0.639    0.138E+00    0.240E-01    0.110E-01    0.147E-03    0.147E-03    0.601E-04    0.601E-04    0.196E-05    0.196E-05    0.000E+00    0.000E+00
     2.500     0.640    0.137E+00    0.237E-01    0.109E-01    0.144E-03    0.144E-03    0.588E-04    0.588E-04    0.190E-05    0.190E-05    0.000E+00    0.000E+00
     2.500     0.641    0.136E+00    0.234E-01    0.107E-01    0.141E-03    0.141E-03    0.575E-04    0.575E-04    0.185E-05    0.185E-05    0.000E+00    0.000E+00
     2.500     0.642    0.135E+00    0.231E-01    0.106E-01    0.138E-03    0.138E-03    0.562E-04    0.562E-04    0.179E-05    0.179E-05    0.000E+00    0.000E+00
     2.500     0.643    0.134E+00    0.228E-01    0.104E-01    0.135E-03    0.135E-03    0.549E-04    0.549E-04    0.173E-05    0.173E-05    0.000E+00    0.000E+00
     2.500     0.644    0.133E+00    0.225E-01    0.102E-01    0.132E-03    0.132E-03    0.537E-04    0.537E-04    0.168E-05    0.168E-05    0.000E+00    0.000E+00
     2.500     0.645    0.132E+00    0.223E-01    0.101E-01    0.129E-03    0.129E-03    0.525E-04    0.525E-04    0.163E-05    0.163E-05    0.000E+00    0.000E+00
     2.500     0.646    0.130E+00    0.220E-01    0.993E-02    0.126E-03    0.126E-03    0.513E-04    0.513E-04    0.158E-05    0.158E-05    0.000E+00    0.000E+00
     2.500     0.647    0.129E+00    0.217E-01    0.978E-02    0.123E-03    0.123E-03    0.501E-04    0.501E-04    0.153E-05    0.153E-05    0.000E+00    0.000E+00
     2.500     0.648    0.128E+00    0.214E-01    0.963E-02    0.120E-03    0.120E-03    0.490E-04    0.490E-04    0.148E-05    0.148E-05    0.000E+00    0.000E+00
     2.500     0.649    0.127E+00    0.211E-01    0.948E-02    0.118E-03    0.118E-03    0.479E-04    0.479E-04    0.143E-05    0.143E-05    0.000E+00    0.000E+00
     2.500     0.650    0.126E+00    0.209E-01    0.933E-02    0.115E-03    0.115E-03    0.468E-04    0.468E-04    0.138E-05    0.138E-05    0.000E+00    0.000E+00
     2.500     0.651    0.125E+00    0.206E-01    0.919E-02    0.112E-03    0.112E-03    0.457E-04    0.457E-04    0.134E-05    0.134E-05    0.000E+00    0.000E+00
     2.500     0.652    0.124E+00    0.203E-01    0.905E-02    0.110E-03    0.110E-03    0.447E-04    0.447E-04    0.130E-05    0.130E-05    0.000E+00    0.000E+00
     2.500     0.653    0.123E+00    0.201E-01    0.891E-02    0.107E-03    0.107E-03    0.436E-04    0.436E-04    0.125E-05    0.125E-05    0.000E+00    0.000E+00
     2.500     0.654    0.122E+00    0.198E-01    0.877E-02    0.105E-03    0.105E-03    0.426E-04    0.426E-04    0.121E-05    0.121E-05    0.000E+00    0.000E+00
     2.500     0.655    0.121E+00    0.195E-01    0.863E-02    0.102E-03    0.102E-03    0.416E-04    0.416E-04    0.117E-05    0.117E-05    0.000E+00    0.000E+00
     2.500     0.656    0.120E+00    0.193E-01    0.849E-02    0.999E-04    0.999E-04    0.406E-04    0.406E-04    0.113E-05    0.113E-05    0.000E+00    0.000E+00
     2.500     0.657    0.119E+00    0.190E-01    0.836E-02    0.976E-04    0.976E-04    0.397E-04    0.397E-04    0.109E-05    0.109E-05    0.000E+00    0.000E+00
     2.500     0.658    0.118E+00    0.188E-01    0.822E-02    0.953E-04    0.953E-04    0.388E-04    0.388E-04    0.105E-05    0.105E-05    0.000E+00    0.000E+00
     2.500     0.659    0.117E+00    0.185E-01    0.809E-02    0.931E-04    0.931E-04    0.378E-04    0.378E-04    0.101E-05    0.101E-05    0.000E+00    0.000E+00
     2.500     0.660    0.116E+00    0.183E-01    0.796E-02    0.909E-04    0.909E-04    0.369E-04    0.369E-04    0.977E-06    0.977E-06    0.000E+00    0.000E+00
     2.500     0.661    0.115E+00    0.180E-01    0.783E-02    0.887E-04    0.887E-04    0.361E-04    0.361E-04    0.941E-06    0.941E-06    0.000E+00    0.000E+00
     2.500     0.662    0.114E+00    0.178E-01    0.771E-02    0.866E-04    0.866E-04    0.352E-04    0.352E-04    0.907E-06    0.907E-06    0.000E+00    0.000E+00
     2.500     0.663    0.113E+00    0.176E-01    0.758E-02    0.846E-04    0.846E-04    0.344E-04    0.344E-04    0.873E-06    0.873E-06    0.000E+00    0.000E+00
     2.500     0.664    0.112E+00    0.173E-01    0.746E-02    0.826E-04    0.826E-04    0.335E-04    0.335E-04    0.841E-06    0.841E-06    0.000E+00    0.000E+00
     2.500     0.665    0.111E+00    0.171E-01    0.734E-02    0.806E-04    0.806E-04    0.327E-04    0.327E-04    0.809E-06    0.809E-06    0.000E+00    0.000E+00
     2.500     0.666    0.110E+00    0.169E-01    0.722E-02    0.787E-04    0.787E-04    0.319E-04    0.319E-04    0.779E-06    0.779E-06    0.000E+00    0.000E+00
     2.500     0.667    0.109E+00    0.166E-01    0.710E-02    0.768E-04    0.768E-04    0.312E-04    0.312E-04    0.749E-06    0.749E-06    0.000E+00    0.000E+00
     2.500     0.668    0.108E+00    0.164E-01    0.698E-02    0.749E-04    0.749E-04    0.304E-04    0.304E-04    0.720E-06    0.720E-06    0.000E+00    0.000E+00
     2.500     0.669    0.107E+00    0.162E-01    0.687E-02    0.731E-04    0.731E-04    0.297E-04    0.297E-04    0.691E-06    0.691E-06    0.000E+00    0.000E+00
     2.500     0.670    0.106E+00    0.160E-01    0.675E-02    0.714E-04    0.714E-04    0.289E-04    0.289E-04    0.664E-06    0.664E-06    0.000E+00    0.000E+00
     2.500     0.671    0.105E+00    0.157E-01    0.664E-02    0.697E-04    0.697E-04    0.282E-04    0.282E-04    0.637E-06    0.637E-06    0.000E+00    0.000E+00
     2.500     0.672    0.104E+00    0.155E-01    0.653E-02    0.680E-04    0.680E-04    0.276E-04    0.276E-04    0.612E-06    0.612E-06    0.000E+00    0.000E+00
     2.500     0.673    0.103E+00    0.153E-01    0.642E-02    0.663E-04    0.663E-04    0.269E-04    0.269E-04    0.587E-06    0.587E-06    0.000E+00    0.000E+00
     2.500     0.674    0.102E+00    0.151E-01    0.631E-02    0.647E-04    0.647E-04    0.262E-04    0.262E-04    0.562E-06    0.562E-06    0.000E+00    0.000E+00
     2.500     0.675    0.101E+00    0.149E-01    0.621E-02    0.631E-04    0.631E-04    0.256E-04    0.256E-04    0.539E-06    0.539E-06    0.000E+00    0.000E+00
     2.500     0.676    0.100E+00    0.147E-01    0.610E-02    0.616E-04    0.616E-04    0.249E-04    0.249E-04    0.515E-06    0.515E-06    0.000E+00    0.000E+00
     2.500     0.677    0.993E-01    0.145E-01    0.600E-02    0.600E-04    0.600E-04    0.243E-04    0.243E-04    0.492E-06    0.492E-06    0.000E+00    0.000E+00
     2.500     0.678    0.984E-01    0.143E-01    0.589E-02    0.585E-04    0.585E-04    0.237E-04    0.237E-04    0.470E-06    0.470E-06    0.000E+00    0.000E+00
     2.500     0.679    0.975E-01    0.141E-01    0.579E-02    0.571E-04    0.571E-04    0.231E-04    0.231E-04    0.448E-06    0.448E-06    0.000E+00    0.000E+00
     2.500     0.680    0.966E-01    0.139E-01    0.569E-02    0.556E-04    0.556E-04    0.225E-04    0.225E-04    0.427E-06    0.427E-06    0.000E+00    0.000E+00
     2.500     0.681    0.957E-01    0.137E-01    0.559E-02    0.542E-04    0.542E-04    0.219E-04    0.219E-04    0.407E-06    0.407E-06    0.000E+00    0.000E+00
     2.500     0.682    0.948E-01    0.135E-01    0.550E-02    0.528E-04    0.528E-04    0.214E-04    0.214E-04    0.387E-06    0.387E-06    0.000E+00    0.000E+00
     2.500     0.683    0.939E-01    0.133E-01    0.540E-02    0.515E-04    0.515E-04    0.208E-04    0.208E-04    0.368E-06    0.368E-06    0.000E+00    0.000E+00
     2.500     0.684    0.930E-01    0.131E-01    0.531E-02    0.502E-04    0.502E-04    0.203E-04    0.203E-04    0.349E-06    0.349E-06    0.000E+00    0.000E+00
     2.500     0.685    0.921E-01    0.129E-01    0.521E-02    0.489E-04    0.489E-04    0.198E-04    0.198E-04    0.331E-06    0.331E-06    0.000E+00    0.000E+00
     2.500     0.686    0.912E-01    0.127E-01    0.512E-02    0.477E-04    0.477E-04    0.193E-04    0.193E-04    0.314E-06    0.314E-06    0.000E+00    0.000E+00
     2.500     0.687    0.903E-01    0.126E-01    0.503E-02    0.464E-04    0.464E-04    0.188E-04    0.188E-04    0.298E-06    0.298E-06    0.000E+00    0.000E+00
     2.500     0.688    0.894E-01    0.124E-01    0.494E-02    0.452E-04    0.452E-04    0.183E-04    0.183E-04    0.281E-06    0.281E-06    0.000E+00    0.000E+00
     2.500     0.689    0.886E-01    0.122E-01    0.485E-02    0.441E-04    0.441E-04    0.178E-04    0.178E-04    0.266E-06    0.266E-06    0.000E+00    0.000E+00
     2.500     0.690    0.877E-01    0.120E-01    0.477E-02    0.429E-04    0.429E-04    0.173E-04    0.173E-04    0.251E-06    0.251E-06    0.000E+00    0.000E+00
     2.500     0.691    0.868E-01    0.118E-01    0.468E-02    0.418E-04    0.418E-04    0.169E-04    0.169E-04    0.236E-06    0.236E-06    0.000E+00    0.000E+00
     2.500     0.692    0.860E-01    0.117E-01    0.460E-02    0.407E-04    0.407E-04    0.164E-04    0.164E-04    0.222E-06    0.222E-06    0.000E+00    0.000E+00
     2.500     0.693    0.851E-01    0.115E-01    0.451E-02    0.397E-04    0.397E-04    0.160E-04    0.160E-04    0.209E-06    0.209E-06    0.000E+00    0.000E+00
     2.500     0.694    0.843E-01    0.113E-01    0.443E-02    0.386E-04    0.386E-04    0.156E-04    0.156E-04    0.196E-06    0.196E-06    0.000E+00    0.000E+00
     2.500     0.695    0.835E-01    0.112E-01    0.435E-02    0.376E-04    0.376E-04    0.152E-04    0.152E-04    0.184E-06    0.184E-06    0.000E+00    0.000E+00
     2.500     0.696    0.826E-01    0.110E-01    0.427E-02    0.366E-04    0.366E-04    0.148E-04    0.148E-04    0.172E-06    0.172E-06    0.000E+00    0.000E+00
     2.500     0.697    0.818E-01    0.108E-01    0.419E-02    0.357E-04    0.357E-04    0.144E-04    0.144E-04    0.161E-06    0.161E-06    0.000E+00    0.000E+00
     2.500     0.698    0.810E-01    0.107E-01    0.411E-02    0.347E-04    0.347E-04    0.140E-04    0.140E-04    0.150E-06    0.150E-06    0.000E+00    0.000E+00
     2.500     0.699    0.801E-01    0.105E-01    0.404E-02    0.338E-04    0.338E-04    0.136E-04    0.136E-04    0.139E-06    0.139E-06    0.000E+00    0.000E+00
     2.500     0.700    0.793E-01    0.104E-01    0.396E-02    0.329E-04    0.329E-04    0.132E-04    0.132E-04    0.129E-06    0.129E-06    0.000E+00    0.000E+00
     2.500     0.701    0.785E-01    0.102E-01    0.389E-02    0.320E-04    0.320E-04    0.129E-04    0.129E-04    0.119E-06    0.119E-06    0.000E+00    0.000E+00
     2.500     0.702    0.777E-01    0.101E-01    0.381E-02    0.311E-04    0.311E-04    0.125E-04    0.125E-04    0.109E-06    0.109E-06    0.000E+00    0.000E+00
     2.500     0.703    0.769E-01    0.991E-02    0.374E-02    0.303E-04    0.303E-04    0.122E-04    0.122E-04    0.100E-06    0.100E-06    0.000E+00    0.000E+00
     2.500     0.704    0.761E-01    0.976E-02    0.367E-02    0.295E-04    0.295E-04    0.118E-04    0.118E-04    0.919E-07    0.919E-07    0.000E+00    0.000E+00
     2.500     0.705    0.753E-01    0.961E-02    0.360E-02    0.286E-04    0.286E-04    0.115E-04    0.115E-04    0.837E-07    0.837E-07    0.000E+00    0.000E+00
     2.500     0.706    0.745E-01    0.946E-02    0.353E-02    0.279E-04    0.279E-04    0.112E-04    0.112E-04    0.760E-07    0.760E-07    0.000E+00    0.000E+00
     2.500     0.707    0.738E-01    0.932E-02    0.347E-02    0.271E-04    0.271E-04    0.109E-04    0.109E-04    0.687E-07    0.687E-07    0.000E+00    0.000E+00
     2.500     0.708    0.730E-01    0.918E-02    0.340E-02    0.263E-04    0.263E-04    0.106E-04    0.106E-04    0.617E-07    0.617E-07    0.000E+00    0.000E+00
     2.500     0.709    0.722E-01    0.904E-02    0.333E-02    0.256E-04    0.256E-04    0.103E-04    0.103E-04    0.551E-07    0.551E-07    0.000E+00    0.000E+00
     2.500     0.710    0.715E-01    0.890E-02    0.327E-02    0.249E-04    0.249E-04    0.998E-05    0.998E-05    0.490E-07    0.490E-07    0.000E+00    0.000E+00
     2.500     0.711    0.707E-01    0.876E-02    0.321E-02    0.242E-04    0.242E-04    0.970E-05    0.970E-05    0.431E-07    0.431E-07    0.000E+00    0.000E+00
     2.500     0.712    0.699E-01    0.863E-02    0.314E-02    0.235E-04    0.235E-04    0.942E-05    0.942E-05    0.377E-07    0.377E-07    0.000E+00    0.000E+00
     2.500     0.713    0.692E-01    0.850E-02    0.308E-02    0.229E-04    0.229E-04    0.916E-05    0.916E-05    0.326E-07    0.326E-07    0.000E+00    0.000E+00
     2.500     0.714    0.684E-01    0.837E-02    0.302E-02    0.222E-04    0.222E-04    0.890E-05    0.890E-05    0.278E-07    0.278E-07    0.000E+00    0.000E+00
     2.500     0.715    0.677E-01    0.824E-02    0.296E-02    0.216E-04    0.216E-04    0.864E-05    0.864E-05    0.234E-07    0.234E-07    0.000E+00    0.000E+00
     2.500     0.716    0.670E-01    0.811E-02    0.290E-02    0.210E-04    0.210E-04    0.839E-05    0.839E-05    0.192E-07    0.192E-07    0.000E+00    0.000E+00
     2.500     0.717    0.662E-01    0.798E-02    0.284E-02    0.204E-04    0.204E-04    0.815E-05    0.815E-05    0.154E-07    0.154E-07    0.000E+00    0.000E+00
     2.500     0.718    0.655E-01    0.786E-02    0.279E-02    0.198E-04    0.198E-04    0.792E-05    0.792E-05    0.120E-07    0.120E-07    0.000E+00    0.000E+00
     2.500     0.719    0.648E-01    0.774E-02    0.273E-02    0.193E-04    0.193E-04    0.769E-05    0.769E-05    0.877E-08    0.877E-08    0.000E+00    0.000E+00
     2.500     0.720    0.641E-01    0.761E-02    0.268E-02    0.187E-04    0.187E-04    0.747E-05    0.747E-05    0.588E-08    0.588E-08    0.000E+00    0.000E+00
     2.500     0.721    0.634E-01    0.749E-02    0.262E-02    0.182E-04    0.182E-04    0.725E-05    0.725E-05    0.330E-08    0.330E-08    0.000E+00    0.000E+00
     2.500     0.722    0.627E-01    0.738E-02    0.257E-02    0.176E-04    0.176E-04    0.704E-05    0.704E-05    0.114E-08    0.114E-08    0.000E+00    0.000E+00
     2.500     0.723    0.619E-01    0.726E-02    0.252E-02    0.171E-04    0.171E-04    0.683E-05    0.683E-05    0.000E+00    0.000E+00    0.000E+00    0.000E+00
     2.500     0.724    0.613E-01    0.714E-02    0.246E-02    0.166E-04    0.166E-04    0.662E-05    0.662E-05    0.000E+00    0.000E+00    0.000E+00    0.000E+00
     2.500     0.725    0.606E-01    0.703E-02    0.241E-02    0.161E-04    0.161E-04    0.642E-05    0.642E-05    0.000E+00    0.000E+00    0.000E+00    0.000E+00
     2.500     0.726    0.599E-01    0.692E-02    0.236E-02    0.156E-04    0.156E-04    0.623E-05    0.623E-05    0.000E+00    0.000E+00    0.000E+00    0.000E+00
     2.500     0.727    0.592E-01    0.681E-02    0.231E-02    0.152E-04    0.152E-04    0.604E-05    0.604E-05    0.000E+00    0.000E+00    0.000E+00    0.000E+00
     2.500     0.728    0.585E-01    0.670E-02    0.227E-02    0.147E-04    0.147E-04    0.586E-05    0.586E-05    0.000E+00    0.000E+00    0.000E+00    0.000E+00
     2.500     0.729    0.578E-01    0.659E-02    0.222E-02    0.143E-04    0.143E-04    0.568E-05    0.568E-05    0.000E+00    0.000E+00    0.000E+00    0.000E+00
     2.500     0.730    0.572E-01    0.648E-02    0.217E-02    0.138E-04    0.138E-04    0.550E-05    0.550E-05    0.000E+00    0.000E+00    0.000E+00    0.000E+00
     2.500     0.731    0.565E-01    0.638E-02    0.213E-02    0.134E-04    0.134E-04    0.534E-05    0.534E-05    0.000E+00    0.000E+00    0.000E+00    0.000E+00
     2.500     0.732    0.559E-01    0.627E-02    0.208E-02    0.130E-04    0.130E-04    0.517E-05    0.517E-05    0.000E+00    0.000E+00    0.000E+00    0.000E+00
     2.500     0.733    0.552E-01    0.617E-02    0.204E-02    0.126E-04    0.126E-04    0.501E-05    0.501E-05    0.000E+00    0.000E+00    0.000E+00    0.000E+00
     2.500     0.734    0.545E-01    0.607E-02    0.199E-02    0.122E-04    0.122E-04    0.486E-05    0.486E-05    0.000E+00    0.000E+00    0.000E+00    0.000E+00
     2.500     0.735    0.539E-01    0.597E-02    0.195E-02    0.119E-04    0.119E-04    0.471E-05    0.471E-05    0.000E+00    0.000E+00    0.000E+00    0.000E+00
     2.500     0.736    0.533E-01    0.587E-02    0.191E-02    0.115E-04    0.115E-04    0.456E-05    0.456E-05    0.000E+00    0.000E+00    0.000E+00    0.000E+00
     2.500     0.737    0.526E-01    0.578E-02    0.187E-02    0.111E-04    0.111E-04    0.442E-05    0.442E-05    0.000E+00    0.000E+00    0.000E+00    0.000E+00
     2.500     0.738    0.520E-01    0.568E-02    0.183E-02    0.108E-04    0.108E-04    0.428E-05    0.428E-05    0.000E+00    0.000E+00    0.000E+00    0.000E+00
     2.500     0.739    0.514E-01    0.559E-02    0.179E-02    0.105E-04    0.105E-04    0.415E-05    0.415E-05    0.000E+00    0.000E+00    0.000E+00    0.000E+00
     2.500     0.740    0.508E-01    0.550E-02    0.175E-02    0.102E-04    0.102E-04    0.402E-05    0.402E-05    0.000E+00    0.000E+00    0.000E+00    0.000E+00
     2.500     0.741    0.501E-01    0.541E-02    0.171E-02    0.984E-05    0.984E-05    0.389E-05    0.389E-05    0.000E+00    0.000E+00    0.000E+00    0.000E+00
     2.500     0.742    0.495E-01    0.532E-02    0.167E-02    0.953E-05    0.953E-05    0.377E-05    0.377E-05    0.000E+00    0.000E+00    0.000E+00    0.000E+00
     2.500     0.743    0.489E-01    0.523E-02    0.163E-02    0.924E-05    0.924E-05    0.365E-05    0.365E-05    0.000E+00    0.000E+00    0.000E+00    0.000E+00
     2.500     0.744    0.483E-01    0.514E-02    0.160E-02    0.895E-05    0.895E-05    0.353E-05    0.353E-05    0.000E+00    0.000E+00    0.000E+00    0.000E+00
     2.500     0.745    0.477E-01    0.505E-02    0.156E-02    0.866E-05    0.866E-05    0.342E-05    0.342E-05    0.000E+00    0.000E+00    0.000E+00    0.000E+00
     2.500     0.746    0.471E-01    0.497E-02    0.153E-02    0.838E-05    0.838E-05    0.331E-05    0.331E-05    0.000E+00    0.000E+00    0.000E+00    0.000E+00
     2.500     0.747    0.465E-01    0.488E-02    0.149E-02    0.811E-05    0.811E-05    0.320E-05    0.320E-05    0.000E+00    0.000E+00    0.000E+00    0.000E+00
     2.500     0.748    0.460E-01    0.480E-02    0.146E-02    0.784E-05    0.784E-05    0.309E-05    0.309E-05    0.000E+00    0.000E+00    0.000E+00    0.000E+00
     2.500     0.749    0.454E-01    0.472E-02    0.143E-02    0.758E-05    0.758E-05    0.299E-05    0.299E-05    0.000E+00    0.000E+00    0.000E+00    0.000E+00
     2.500     0.750    0.448E-01    0.464E-02    0.139E-02    0.734E-05    0.734E-05    0.289E-05    0.289E-05    0.000E+00    0.000E+00    0.000E+00    0.000E+00
     2.500     0.751    0.442E-01    0.456E-02    0.136E-02    0.709E-05    0.709E-05    0.279E-05    0.279E-05    0.000E+00    0.000E+00    0.000E+00    0.000E+00
     2.500     0.752    0.437E-01    0.448E-02    0.133E-02    0.686E-05    0.686E-05    0.270E-05    0.270E-05    0.000E+00    0.000E+00    0.000E+00    0.000E+00
     2.500     0.753    0.431E-01    0.440E-02    0.130E-02    0.663E-05    0.663E-05    0.260E-05    0.260E-05    0.000E+00    0.000E+00    0.000E+00    0.000E+00
     2.500     0.754    0.426E-01    0.433E-02    0.127E-02    0.641E-05    0.641E-05    0.252E-05    0.252E-05    0.000E+00    0.000E+00    0.000E+00    0.000E+00
     2.500     0.755    0.420E-01    0.425E-02    0.124E-02    0.620E-05    0.620E-05    0.243E-05    0.243E-05    0.000E+00    0.000E+00    0.000E+00    0.000E+00
     2.500     0.756    0.415E-01    0.418E-02    0.121E-02    0.599E-05    0.599E-05    0.235E-05    0.235E-05    0.000E+00    0.000E+00    0.000E+00    0.000E+00
     2.500     0.757    0.409E-01    0.411E-02    0.118E-02    0.579E-05    0.579E-05    0.227E-05    0.227E-05    0.000E+00    0.000E+00    0.000E+00    0.000E+00
     2.500     0.758    0.404E-01    0.404E-02    0.115E-02    0.559E-05    0.559E-05    0.219E-05    0.219E-05    0.000E+00    0.000E+00    0.000E+00    0.000E+00
     2.500     0.759    0.399E-01    0.397E-02    0.112E-02    0.541E-05    0.541E-05    0.212E-05    0.212E-05    0.000E+00    0.000E+00    0.000E+00    0.000E+00
     2.500     0.760    0.393E-01    0.390E-02    0.110E-02    0.522E-05    0.522E-05    0.204E-05    0.204E-05    0.000E+00    0.000E+00    0.000E+00    0.000E+00
     2.500     0.761    0.388E-01    0.383E-02    0.107E-02    0.505E-05    0.505E-05    0.197E-05    0.197E-05    0.000E+00    0.000E+00    0.000E+00    0.000E+00
     2.500     0.762    0.383E-01    0.376E-02    0.105E-02    0.488E-05    0.488E-05    0.190E-05    0.190E-05    0.000E+00    0.000E+00    0.000E+00    0.000E+00
     2.500     0.763    0.378E-01    0.369E-02    0.102E-02    0.471E-05    0.471E-05    0.184E-05    0.184E-05    0.000E+00    0.000E+00    0.000E+00    0.000E+00
     2.500     0.764    0.373E-01    0.363E-02    0.996E-03    0.455E-05    0.455E-05    0.178E-05    0.178E-05    0.000E+00    0.000E+00    0.000E+00    0.000E+00
     2.500     0.765    0.368E-01    0.356E-02    0.971E-03    0.440E-05    0.440E-05    0.171E-05    0.171E-05    0.000E+00    0.000E+00    0.000E+00    0.000E+00
     2.500     0.766    0.363E-01    0.350E-02    0.948E-03    0.425E-05    0.425E-05    0.166E-05    0.166E-05    0.000E+00    0.000E+00    0.000E+00    0.000E+00
     2.500     0.767    0.358E-01    0.344E-02    0.924E-03    0.410E-05    0.410E-05    0.160E-05    0.160E-05    0.000E+00    0.000E+00    0.000E+00    0.000E+00
     2.500     0.768    0.353E-01    0.338E-02    0.901E-03    0.396E-05    0.396E-05    0.154E-05    0.154E-05    0.000E+00    0.000E+00    0.000E+00    0.000E+00
     2.500     0.769    0.348E-01    0.332E-02    0.878E-03    0.381E-05    0.381E-05    0.148E-05    0.148E-05    0.000E+00    0.000E+00    0.000E+00    0.000E+00
     2.500     0.770    0.343E-01    0.326E-02    0.856E-03    0.368E-05    0.368E-05    0.143E-05    0.143E-05    0.000E+00    0.000E+00    0.000E+00    0.000E+00
     2.500     0.771    0.338E-01    0.320E-02    0.835E-03    0.354E-05    0.354E-05    0.137E-05    0.137E-05    0.000E+00    0.000E+00    0.000E+00    0.000E+00
     2.500     0.772    0.333E-01    0.314E-02    0.813E-03    0.341E-05    0.341E-05    0.132E-05    0.132E-05    0.000E+00    0.000E+00    0.000E+00    0.000E+00
     2.500     0.773    0.329E-01    0.308E-02    0.793E-03    0.329E-05    0.329E-05    0.127E-05    0.127E-05    0.000E+00    0.000E+00    0.000E+00    0.000E+00
     2.500     0.774    0.324E-01    0.303E-02    0.772E-03    0.317E-05    0.317E-05    0.123E-05    0.123E-05    0.000E+00    0.000E+00    0.000E+00    0.000E+00
     2.500     0.775    0.319E-01    0.297E-02    0.753E-03    0.305E-05    0.305E-05    0.118E-05    0.118E-05    0.000E+00    0.000E+00    0.000E+00    0.000E+00
     2.500     0.776    0.315E-01    0.292E-02    0.733E-03    0.294E-05    0.294E-05    0.114E-05    0.114E-05    0.000E+00    0.000E+00    0.000E+00    0.000E+00
     2.500     0.777    0.310E-01    0.286E-02    0.714E-03    0.283E-05    0.283E-05    0.109E-05    0.109E-05    0.000E+00    0.000E+00    0.000E+00    0.000E+00
     2.500     0.778    0.306E-01    0.281E-02    0.695E-03    0.273E-05    0.273E-05    0.105E-05    0.105E-05    0.000E+00    0.000E+00    0.000E+00    0.000E+00
     2.500     0.779    0.301E-01    0.276E-02    0.677E-03    0.262E-05    0.262E-05    0.101E-05    0.101E-05    0.000E+00    0.000E+00    0.000E+00    0.000E+00
     2.500     0.780    0.297E-01    0.271E-02    0.659E-03    0.253E-05    0.253E-05    0.972E-06    0.972E-06    0.000E+00    0.000E+00    0.000E+00    0.000E+00
     2.500     0.781    0.293E-01    0.266E-02    0.642E-03    0.243E-05    0.243E-05    0.935E-06    0.935E-06    0.000E+00    0.000E+00    0.000E+00    0.000E+00
     2.500     0.782    0.288E-01    0.261E-02    0.625E-03    0.234E-05    0.234E-05    0.899E-06    0.899E-06    0.000E+00    0.000E+00    0.000E+00    0.000E+00
     2.500     0.783    0.284E-01    0.256E-02    0.608E-03    0.225E-05    0.225E-05    0.865E-06    0.865E-06    0.000E+00    0.000E+00    0.000E+00    0.000E+00
     2.500     0.784    0.280E-01    0.251E-02    0.592E-03    0.217E-05    0.217E-05    0.832E-06    0.832E-06    0.000E+00    0.000E+00    0.000E+00    0.000E+00
     2.500     0.785    0.275E-01    0.246E-02    0.576E-03    0.209E-05    0.209E-05    0.800E-06    0.800E-06    0.000E+00    0.000E+00    0.000E+00    0.000E+00
     2.500     0.786    0.271E-01    0.242E-02    0.561E-03    0.201E-05    0.201E-05    0.769E-06    0.769E-06    0.000E+00    0.000E+00    0.000E+00    0.000E+00
     2.500     0.787    0.267E-01    0.237E-02    0.546E-03    0.193E-05    0.193E-05    0.740E-06    0.740E-06    0.000E+00    0.000E+00    0.000E+00    0.000E+00
     2.500     0.788    0.263E-01    0.233E-02    0.531E-03    0.186E-05    0.186E-05    0.711E-06    0.711E-06    0.000E+00    0.000E+00    0.000E+00    0.000E+00
     2.500     0.789    0.259E-01    0.228E-02    0.516E-03    0.179E-05    0.179E-05    0.684E-06    0.684E-06    0.000E+00    0.000E+00    0.000E+00    0.000E+00
     2.500     0.790    0.255E-01    0.224E-02    0.502E-03    0.172E-05    0.172E-05    0.657E-06    0.657E-06    0.000E+00    0.000E+00    0.000E+00    0.000E+00
     2.500     0.791    0.251E-01    0.220E-02    0.488E-03    0.165E-05    0.165E-05    0.630E-06    0.630E-06    0.000E+00    0.000E+00    0.000E+00    0.000E+00
     2.500     0.792    0.247E-01    0.216E-02    0.474E-03    0.159E-05    0.159E-05    0.604E-06    0.604E-06    0.000E+00    0.000E+00    0.000E+00    0.000E+00
     2.500     0.793    0.243E-01    0.211E-02    0.461E-03    0.152E-05    0.152E-05    0.579E-06    0.579E-06    0.000E+00    0.000E+00    0.000E+00    0.000E+00
     2.500     0.794    0.240E-01    0.207E-02    0.448E-03    0.146E-05    0.146E-05    0.554E-06    0.554E-06    0.000E+00    0.000E+00    0.000E+00    0.000E+00
     2.500     0.795    0.236E-01    0.203E-02    0.435E-03    0.140E-05    0.140E-05    0.531E-06    0.531E-06    0.000E+00    0.000E+00    0.000E+00    0.000E+00
     2.500     0.796    0.232E-01    0.199E-02    0.423E-03    0.134E-05    0.134E-05    0.508E-06    0.508E-06    0.000E+00    0.000E+00    0.000E+00    0.000E+00
     2.500     0.797    0.228E-01    0.195E-02    0.411E-03    0.129E-05    0.129E-05    0.487E-06    0.487E-06    0.000E+00    0.000E+00    0.000E+00    0.000E+00
     2.500     0.798    0.225E-01    0.192E-02    0.399E-03    0.123E-05    0.123E-05    0.466E-06    0.466E-06    0.000E+00    0.000E+00    0.000E+00    0.000E+00
     2.500     0.799    0.221E-01    0.188E-02    0.387E-03    0.118E-05    0.118E-05    0.446E-06    0.446E-06    0.000E+00    0.000E+00    0.000E+00    0.000E+00
     2.500     0.800    0.217E-01    0.184E-02    0.376E-03    0.113E-05    0.113E-05    0.427E-06    0.427E-06    0.000E+00    0.000E+00    0.000E+00    0.000E+00
     2.500     0.801    0.214E-01    0.180E-02    0.365E-03    0.109E-05    0.109E-05    0.408E-06    0.408E-06    0.000E+00    0.000E+00    0.000E+00    0.000E+00
     2.500     0.802    0.210E-01    0.177E-02    0.354E-03    0.104E-05    0.104E-05    0.391E-06    0.391E-06    0.000E+00    0.000E+00    0.000E+00    0.000E+00
     2.500     0.803    0.207E-01    0.173E-02    0.344E-03    0.997E-06    0.997E-06    0.374E-06    0.374E-06    0.000E+00    0.000E+00    0.000E+00    0.000E+00
     2.500     0.804    0.203E-01    0.170E-02    0.334E-03    0.955E-06    0.955E-06    0.358E-06    0.358E-06    0.000E+00    0.000E+00    0.000E+00    0.000E+00
     2.500     0.805    0.200E-01    0.167E-02    0.324E-03    0.915E-06    0.915E-06    0.342E-06    0.342E-06    0.000E+00    0.000E+00    0.000E+00    0.000E+00
     2.500     0.806    0.197E-01    0.163E-02    0.314E-03    0.877E-06    0.877E-06    0.327E-06    0.327E-06    0.000E+00    0.000E+00    0.000E+00    0.000E+00
     2.500     0.807    0.193E-01    0.160E-02    0.305E-03    0.840E-06    0.840E-06    0.313E-06    0.313E-06    0.000E+00    0.000E+00    0.000E+00    0.000E+00
     2.500     0.808    0.190E-01    0.157E-02    0.295E-03    0.805E-06    0.805E-06    0.300E-06    0.300E-06    0.000E+00    0.000E+00    0.000E+00    0.000E+00
     2.500     0.809    0.187E-01    0.154E-02    0.287E-03    0.771E-06    0.771E-06    0.287E-06    0.287E-06    0.000E+00    0.000E+00    0.000E+00    0.000E+00
     2.500     0.810    0.184E-01    0.150E-02    0.278E-03    0.739E-06    0.739E-06    0.274E-06    0.274E-06    0.000E+00    0.000E+00    0.000E+00    0.000E+00
     2.500     0.811    0.180E-01    0.147E-02    0.269E-03    0.708E-06    0.708E-06    0.263E-06    0.263E-06    0.000E+00    0.000E+00    0.000E+00    0.000E+00
     2.500     0.812    0.177E-01    0.144E-02    0.261E-03    0.678E-06    0.678E-06    0.251E-06    0.251E-06    0.000E+00    0.000E+00    0.000E+00    0.000E+00
     2.500     0.813    0.174E-01    0.141E-02    0.253E-03    0.650E-06    0.650E-06    0.240E-06    0.240E-06    0.000E+00    0.000E+00    0.000E+00    0.000E+00
     2.500     0.814    0.171E-01    0.138E-02    0.245E-03    0.620E-06    0.620E-06    0.229E-06    0.229E-06    0.000E+00    0.000E+00    0.000E+00    0.000E+00
     2.500     0.815    0.168E-01    0.136E-02    0.237E-03    0.591E-06    0.591E-06    0.218E-06    0.218E-06    0.000E+00    0.000E+00    0.000E+00    0.000E+00
     2.500     0.816    0.165E-01    0.133E-02    0.230E-03    0.563E-06    0.563E-06    0.207E-06    0.207E-06    0.000E+00    0.000E+00    0.000E+00    0.000E+00
     2.500     0.817    0.162E-01    0.130E-02    0.222E-03    0.537E-06    0.537E-06    0.197E-06    0.197E-06    0.000E+00    0.000E+00    0.000E+00    0.000E+00
     2.500     0.818    0.159E-01    0.127E-02    0.215E-03    0.512E-06    0.512E-06    0.188E-06    0.188E-06    0.000E+00    0.000E+00    0.000E+00    0.000E+00
     2.500     0.819    0.156E-01    0.125E-02    0.208E-03    0.488E-06    0.488E-06    0.178E-06    0.178E-06    0.000E+00    0.000E+00    0.000E+00    0.000E+00
     2.500     0.820    0.153E-01    0.122E-02    0.201E-03    0.464E-06    0.464E-06    0.170E-06    0.170E-06    0.000E+00    0.000E+00    0.000E+00    0.000E+00
     2.500     0.821    0.151E-01    0.119E-02    0.195E-03    0.442E-06    0.442E-06    0.161E-06    0.161E-06    0.000E+00    0.000E+00    0.000E+00    0.000E+00
     2.500     0.822    0.148E-01    0.117E-02    0.189E-03    0.421E-06    0.421E-06    0.153E-06    0.153E-06    0.000E+00    0.000E+00    0.000E+00    0.000E+00
     2.500     0.823    0.145E-01    0.114E-02    0.182E-03    0.401E-06    0.401E-06    0.145E-06    0.145E-06    0.000E+00    0.000E+00    0.000E+00    0.000E+00
     2.500     0.824    0.142E-01    0.112E-02    0.176E-03    0.382E-06    0.382E-06    0.138E-06    0.138E-06    0.000E+00    0.000E+00    0.000E+00    0.000E+00
     2.500     0.825    0.140E-01    0.109E-02    0.170E-03    0.363E-06    0.363E-06    0.131E-06    0.131E-06    0.000E+00    0.000E+00    0.000E+00    0.000E+00
     2.500     0.826    0.137E-01    0.107E-02    0.165E-03    0.346E-06    0.346E-06    0.125E-06    0.125E-06    0.000E+00    0.000E+00    0.000E+00    0.000E+00
     2.500     0.827    0.134E-01    0.105E-02    0.159E-03    0.329E-06    0.329E-06    0.118E-06    0.118E-06    0.000E+00    0.000E+00    0.000E+00    0.000E+00
     2.500     0.828    0.132E-01    0.103E-02    0.154E-03    0.314E-06    0.314E-06    0.112E-06    0.112E-06    0.000E+00    0.000E+00    0.000E+00    0.000E+00
     2.500     0.829    0.129E-01    0.100E-02    0.149E-03    0.298E-06    0.298E-06    0.107E-06    0.107E-06    0.000E+00    0.000E+00    0.000E+00    0.000E+00
     2.500     0.830    0.127E-01    0.981E-03    0.144E-03    0.284E-06    0.284E-06    0.102E-06    0.102E-06    0.000E+00    0.000E+00    0.000E+00    0.000E+00
     2.500     0.831    0.124E-01    0.960E-03    0.139E-03    0.271E-06    0.271E-06    0.965E-07    0.965E-07    0.000E+00    0.000E+00    0.000E+00    0.000E+00
     2.500     0.832    0.122E-01    0.939E-03    0.134E-03    0.258E-06    0.258E-06    0.917E-07    0.917E-07    0.000E+00    0.000E+00    0.000E+00    0.000E+00
     2.500     0.833    0.119E-01    0.918E-03    0.129E-03    0.246E-06    0.246E-06    0.872E-07    0.872E-07    0.000E+00    0.000E+00    0.000E+00    0.000E+00
     2.500     0.834    0.117E-01    0.898E-03    0.125E-03    0.234E-06    0.234E-06    0.829E-07    0.829E-07    0.000E+00    0.000E+00    0.000E+00    0.000E+00
     2.500     0.835    0.115E-01    0.878E-03    0.121E-03    0.223E-06    0.223E-06    0.789E-07    0.789E-07    0.000E+00    0.000E+00    0.000E+00    0.000E+00
     2.500     0.836    0.112E-01    0.858E-03    0.116E-03    0.213E-06    0.213E-06    0.750E-07    0.750E-07    0.000E+00    0.000E+00    0.000E+00    0.000E+00
     2.500     0.837    0.110E-01    0.839E-03    0.112E-03    0.201E-06    0.201E-06    0.707E-07    0.707E-07    0.000E+00    0.000E+00    0.000E+00    0.000E+00
     2.500     0.838    0.108E-01    0.820E-03    0.108E-03    0.190E-06    0.190E-06    0.667E-07    0.667E-07    0.000E+00    0.000E+00    0.000E+00    0.000E+00
     2.500     0.839    0.106E-01    0.801E-03    0.104E-03    0.180E-06    0.180E-06    0.628E-07    0.628E-07    0.000E+00    0.000E+00    0.000E+00    0.000E+00
     2.500     0.840    0.103E-01    0.783E-03    0.100E-03    0.170E-06    0.170E-06    0.592E-07    0.592E-07    0.000E+00    0.000E+00    0.000E+00    0.000E+00
     2.500     0.841    0.101E-01    0.765E-03    0.966E-04    0.160E-06    0.160E-06    0.557E-07    0.557E-07    0.000E+00    0.000E+00    0.000E+00    0.000E+00
     2.500     0.842    0.991E-02    0.747E-03    0.930E-04    0.152E-06    0.152E-06    0.524E-07    0.524E-07    0.000E+00    0.000E+00    0.000E+00    0.000E+00
     2.500     0.843    0.970E-02    0.730E-03    0.895E-04    0.143E-06    0.143E-06    0.493E-07    0.493E-07    0.000E+00    0.000E+00    0.000E+00    0.000E+00
     2.500     0.844    0.949E-02    0.713E-03    0.862E-04    0.135E-06    0.135E-06    0.463E-07    0.463E-07    0.000E+00    0.000E+00    0.000E+00    0.000E+00
     2.500     0.845    0.929E-02    0.696E-03    0.829E-04    0.127E-06    0.127E-06    0.435E-07    0.435E-07    0.000E+00    0.000E+00    0.000E+00    0.000E+00
     2.500     0.846    0.909E-02    0.680E-03    0.798E-04    0.120E-06    0.120E-06    0.409E-07    0.409E-07    0.000E+00    0.000E+00    0.000E+00    0.000E+00
     2.500     0.847    0.889E-02    0.664E-03    0.767E-04    0.113E-06    0.113E-06    0.384E-07    0.384E-07    0.000E+00    0.000E+00    0.000E+00    0.000E+00
     2.500     0.848    0.870E-02    0.648E-03    0.738E-04    0.107E-06    0.107E-06    0.361E-07    0.361E-07    0.000E+00    0.000E+00    0.000E+00    0.000E+00
     2.500     0.849    0.850E-02    0.633E-03    0.710E-04    0.101E-06    0.101E-06    0.339E-07    0.339E-07    0.000E+00    0.000E+00    0.000E+00    0.000E+00
     2.500     0.850    0.832E-02    0.617E-03    0.682E-04    0.951E-07    0.951E-07    0.318E-07    0.318E-07    0.000E+00    0.000E+00    0.000E+00    0.000E+00
     2.500     0.851    0.813E-02    0.603E-03    0.656E-04    0.897E-07    0.897E-07    0.299E-07    0.299E-07    0.000E+00    0.000E+00    0.000E+00    0.000E+00
     2.500     0.852    0.795E-02    0.588E-03    0.630E-04    0.847E-07    0.847E-07    0.281E-07    0.281E-07    0.000E+00    0.000E+00    0.000E+00    0.000E+00
     2.500     0.853    0.777E-02    0.574E-03    0.606E-04    0.799E-07    0.799E-07    0.265E-07    0.265E-07    0.000E+00    0.000E+00    0.000E+00    0.000E+00
     2.500     0.854    0.759E-02    0.560E-03    0.582E-04    0.755E-07    0.755E-07    0.249E-07    0.249E-07    0.000E+00    0.000E+00    0.000E+00    0.000E+00
     2.500     0.855    0.741E-02    0.546E-03    0.559E-04    0.714E-07    0.714E-07    0.235E-07    0.235E-07    0.000E+00    0.000E+00    0.000E+00    0.000E+00
     2.500     0.856    0.724E-02    0.533E-03    0.537E-04    0.675E-07    0.675E-07    0.221E-07    0.221E-07    0.000E+00    0.000E+00    0.000E+00    0.000E+00
     2.500     0.857    0.707E-02    0.520E-03    0.516E-04    0.639E-07    0.639E-07    0.209E-07    0.209E-07    0.000E+00    0.000E+00    0.000E+00    0.000E+00
     2.500     0.858    0.691E-02    0.507E-03    0.496E-04    0.605E-07    0.605E-07    0.197E-07    0.197E-07    0.000E+00    0.000E+00    0.000E+00    0.000E+00
     2.500     0.859    0.674E-02    0.494E-03    0.476E-04    0.574E-07    0.574E-07    0.186E-07    0.186E-07    0.000E+00    0.000E+00    0.000E+00    0.000E+00
     2.500     0.860    0.658E-02    0.482E-03    0.456E-04    0.538E-07    0.538E-07    0.173E-07    0.173E-07    0.000E+00    0.000E+00    0.000E+00    0.000E+00
     2.500     0.861    0.642E-02    0.469E-03    0.437E-04    0.502E-07    0.502E-07    0.161E-07    0.161E-07    0.000E+00    0.000E+00    0.000E+00    0.000E+00
     2.500     0.862    0.627E-02    0.457E-03    0.418E-04    0.468E-07    0.468E-07    0.149E-07    0.149E-07    0.000E+00    0.000E+00    0.000E+00    0.000E+00
     2.500     0.863    0.611E-02    0.446E-03    0.400E-04    0.437E-07    0.437E-07    0.138E-07    0.138E-07    0.000E+00    0.000E+00    0.000E+00    0.000E+00
     2.500     0.864    0.596E-02    0.434E-03    0.383E-04    0.407E-07    0.407E-07    0.127E-07    0.127E-07    0.000E+00    0.000E+00    0.000E+00    0.000E+00
     2.500     0.865    0.581E-02    0.423E-03    0.366E-04    0.378E-07    0.378E-07    0.118E-07    0.118E-07    0.000E+00    0.000E+00    0.000E+00    0.000E+00
     2.500     0.866    0.567E-02    0.412E-03    0.350E-04    0.352E-07    0.352E-07    0.108E-07    0.108E-07    0.000E+00    0.000E+00    0.000E+00    0.000E+00
     2.500     0.867    0.552E-02    0.401E-03    0.335E-04    0.327E-07    0.327E-07    0.100E-07    0.100E-07    0.000E+00    0.000E+00    0.000E+00    0.000E+00
     2.500     0.868    0.538E-02    0.390E-03    0.320E-04    0.304E-07    0.304E-07    0.920E-08    0.920E-08    0.000E+00    0.000E+00    0.000E+00    0.000E+00
     2.500     0.869    0.525E-02    0.380E-03    0.306E-04    0.283E-07    0.283E-07    0.847E-08    0.847E-08    0.000E+00    0.000E+00    0.000E+00    0.000E+00
     2.500     0.870    0.511E-02    0.369E-03    0.292E-04    0.262E-07    0.262E-07    0.779E-08    0.779E-08    0.000E+00    0.000E+00    0.000E+00    0.000E+00
     2.500     0.871    0.498E-02    0.359E-03    0.279E-04    0.244E-07    0.244E-07    0.716E-08    0.716E-08    0.000E+00    0.000E+00    0.000E+00    0.000E+00
     2.500     0.872    0.485E-02    0.350E-03    0.267E-04    0.227E-07    0.227E-07    0.659E-08    0.659E-08    0.000E+00    0.000E+00    0.000E+00    0.000E+00
     2.500     0.873    0.472E-02    0.340E-03    0.255E-04    0.211E-07    0.211E-07    0.606E-08    0.606E-08    0.000E+00    0.000E+00    0.000E+00    0.000E+00
     2.500     0.874    0.459E-02    0.331E-03    0.243E-04    0.196E-07    0.196E-07    0.558E-08    0.558E-08    0.000E+00    0.000E+00    0.000E+00    0.000E+00
     2.500     0.875    0.447E-02    0.322E-03    0.232E-04    0.182E-07    0.182E-07    0.515E-08    0.515E-08    0.000E+00    0.000E+00    0.000E+00    0.000E+00
     2.500     0.876    0.435E-02    0.313E-03    0.222E-04    0.170E-07    0.170E-07    0.475E-08    0.475E-08    0.000E+00    0.000E+00    0.000E+00    0.000E+00
     2.500     0.877    0.423E-02    0.304E-03    0.212E-04    0.159E-07    0.159E-07    0.440E-08    0.440E-08    0.000E+00    0.000E+00    0.000E+00    0.000E+00
     2.500     0.878    0.411E-02    0.296E-03    0.202E-04    0.149E-07    0.149E-07    0.408E-08    0.408E-08    0.000E+00    0.000E+00    0.000E+00    0.000E+00
     2.500     0.879    0.400E-02    0.287E-03    0.193E-04    0.139E-07    0.139E-07    0.380E-08    0.380E-08    0.000E+00    0.000E+00    0.000E+00    0.000E+00
     2.500     0.880    0.388E-02    0.279E-03    0.184E-04    0.131E-07    0.131E-07    0.354E-08    0.354E-08    0.000E+00    0.000E+00    0.000E+00    0.000E+00
     2.500     0.881    0.377E-02    0.271E-03    0.175E-04    0.123E-07    0.123E-07    0.332E-08    0.332E-08    0.000E+00    0.000E+00    0.000E+00    0.000E+00
     2.500     0.882    0.367E-02    0.263E-03    0.167E-04    0.116E-07    0.116E-07    0.313E-08    0.313E-08    0.000E+00    0.000E+00    0.000E+00    0.000E+00
     2.500     0.883    0.356E-02    0.255E-03    0.159E-04    0.108E-07    0.108E-07    0.288E-08    0.288E-08    0.000E+00    0.000E+00    0.000E+00    0.000E+00
     2.500     0.884    0.346E-02    0.248E-03    0.151E-04    0.988E-08    0.988E-08    0.258E-08    0.258E-08    0.000E+00    0.000E+00    0.000E+00    0.000E+00
     2.500     0.885    0.336E-02    0.240E-03    0.144E-04    0.900E-08    0.900E-08    0.230E-08    0.230E-08    0.000E+00    0.000E+00    0.000E+00    0.000E+00
     2.500     0.886    0.326E-02    0.233E-03    0.136E-04    0.818E-08    0.818E-08    0.204E-08    0.204E-08    0.000E+00    0.000E+00    0.000E+00    0.000E+00
     2.500     0.887    0.316E-02    0.226E-03    0.129E-04    0.742E-08    0.742E-08    0.181E-08    0.181E-08    0.000E+00    0.000E+00    0.000E+00    0.000E+00
     2.500     0.888    0.306E-02    0.219E-03    0.122E-04    0.671E-08    0.671E-08    0.159E-08    0.159E-08    0.000E+00    0.000E+00    0.000E+00    0.000E+00
     2.500     0.889    0.297E-02    0.212E-03    0.116E-04    0.606E-08    0.606E-08    0.140E-08    0.140E-08    0.000E+00    0.000E+00    0.000E+00    0.000E+00
     2.500     0.890    0.288E-02    0.206E-03    0.110E-04    0.547E-08    0.547E-08    0.122E-08    0.122E-08    0.000E+00    0.000E+00    0.000E+00    0.000E+00
     2.500     0.891    0.279E-02    0.199E-03    0.104E-04    0.492E-08    0.492E-08    0.106E-08    0.106E-08    0.000E+00    0.000E+00    0.000E+00    0.000E+00
     2.500     0.892    0.270E-02    0.193E-03    0.984E-05    0.443E-08    0.443E-08    0.912E-09    0.912E-09    0.000E+00    0.000E+00    0.000E+00    0.000E+00
     2.500     0.893    0.262E-02    0.187E-03    0.931E-05    0.397E-08    0.397E-08    0.784E-09    0.784E-09    0.000E+00    0.000E+00    0.000E+00    0.000E+00
     2.500     0.894    0.253E-02    0.181E-03    0.881E-05    0.357E-08    0.357E-08    0.671E-09    0.671E-09    0.000E+00    0.000E+00    0.000E+00    0.000E+00
     2.500     0.895    0.245E-02    0.175E-03    0.833E-05    0.320E-08    0.320E-08    0.573E-09    0.573E-09    0.000E+00    0.000E+00    0.000E+00    0.000E+00
     2.500     0.896    0.237E-02    0.169E-03    0.788E-05    0.288E-08    0.288E-08    0.489E-09    0.489E-09    0.000E+00    0.000E+00    0.000E+00    0.000E+00
     2.500     0.897    0.229E-02    0.164E-03    0.745E-05    0.259E-08    0.259E-08    0.417E-09    0.417E-09    0.000E+00    0.000E+00    0.000E+00    0.000E+00
     2.500     0.898    0.222E-02    0.158E-03    0.705E-05    0.234E-08    0.234E-08    0.358E-09    0.358E-09    0.000E+00    0.000E+00    0.000E+00    0.000E+00
     2.500     0.899    0.214E-02    0.153E-03    0.666E-05    0.213E-08    0.213E-08    0.310E-09    0.310E-09    0.000E+00    0.000E+00    0.000E+00    0.000E+00
     2.500     0.900    0.207E-02    0.148E-03    0.630E-05    0.194E-08    0.194E-08    0.273E-09    0.273E-09    0.000E+00    0.000E+00    0.000E+00    0.000E+00
     2.500     0.901    0.200E-02    0.143E-03    0.596E-05    0.178E-08    0.178E-08    0.245E-09    0.245E-09    0.000E+00    0.000E+00    0.000E+00    0.000E+00
     2.500     0.902    0.193E-02    0.138E-03    0.564E-05    0.165E-08    0.165E-08    0.226E-09    0.226E-09    0.000E+00    0.000E+00    0.000E+00    0.000E+00
     2.500     0.903    0.186E-02    0.133E-03    0.534E-05    0.155E-08    0.155E-08    0.216E-09    0.216E-09    0.000E+00    0.000E+00    0.000E+00    0.000E+00
     2.500     0.904    0.180E-02    0.129E-03    0.505E-05    0.147E-08    0.147E-08    0.212E-09    0.212E-09    0.000E+00    0.000E+00    0.000E+00    0.000E+00
     2.500     0.905    0.173E-02    0.124E-03    0.479E-05    0.141E-08    0.141E-08    0.216E-09    0.216E-09    0.000E+00    0.000E+00    0.000E+00    0.000E+00
     2.500     0.906    0.167E-02    0.120E-03    0.453E-05    0.134E-08    0.134E-08    0.216E-09    0.216E-09    0.000E+00    0.000E+00    0.000E+00    0.000E+00
     2.500     0.907    0.161E-02    0.115E-03    0.424E-05    0.116E-08    0.116E-08    0.170E-09    0.170E-09    0.000E+00    0.000E+00    0.000E+00    0.000E+00
     2.500     0.908    0.155E-02    0.111E-03    0.397E-05    0.995E-09    0.995E-09    0.129E-09    0.129E-09    0.000E+00    0.000E+00    0.000E+00    0.000E+00
     2.500     0.909    0.149E-02    0.107E-03    0.372E-05    0.843E-09    0.843E-09    0.915E-10    0.915E-10    0.000E+00    0.000E+00    0.000E+00    0.000E+00
     2.500     0.910    0.143E-02    0.103E-03    0.347E-05    0.706E-09    0.706E-09    0.586E-10    0.586E-10    0.000E+00    0.000E+00    0.000E+00    0.000E+00
     2.500     0.911    0.138E-02    0.992E-04    0.324E-05    0.582E-09    0.582E-09    0.298E-10    0.298E-10    0.000E+00    0.000E+00    0.000E+00    0.000E+00
     2.500     0.912    0.133E-02    0.954E-04    0.303E-05    0.471E-09    0.471E-09    0.482E-11    0.482E-11    0.000E+00    0.000E+00    0.000E+00    0.000E+00
     2.500     0.913    0.127E-02    0.917E-04    0.283E-05    0.373E-09    0.373E-09    0.000E+00    0.000E+00    0.000E+00    0.000E+00    0.000E+00    0.000E+00
     2.500     0.914    0.122E-02    0.881E-04    0.263E-05    0.287E-09    0.287E-09    0.000E+00    0.000E+00    0.000E+00    0.000E+00    0.000E+00    0.000E+00
     2.500     0.915    0.117E-02    0.846E-04    0.246E-05    0.212E-09    0.212E-09    0.000E+00    0.000E+00    0.000E+00    0.000E+00    0.000E+00    0.000E+00
     2.500     0.916    0.113E-02    0.812E-04    0.229E-05    0.148E-09    0.148E-09    0.000E+00    0.000E+00    0.000E+00    0.000E+00    0.000E+00    0.000E+00
     2.500     0.917    0.108E-02    0.780E-04    0.213E-05    0.939E-10    0.939E-10    0.000E+00    0.000E+00    0.000E+00    0.000E+00    0.000E+00    0.000E+00
     2.500     0.918    0.104E-02    0.748E-04    0.198E-05    0.498E-10    0.498E-10    0.000E+00    0.000E+00    0.000E+00    0.000E+00    0.000E+00    0.000E+00
     2.500     0.919    0.993E-03    0.717E-04    0.185E-05    0.149E-10    0.149E-10    0.000E+00    0.000E+00    0.000E+00    0.000E+00    0.000E+00    0.000E+00
     2.500     0.920    0.950E-03    0.687E-04    0.172E-05    0.000E+00    0.000E+00    0.000E+00    0.000E+00    0.000E+00    0.000E+00    0.000E+00    0.000E+00
     2.500     0.921    0.909E-03    0.658E-04    0.160E-05    0.000E+00    0.000E+00    0.000E+00    0.000E+00    0.000E+00    0.000E+00    0.000E+00    0.000E+00
     2.500     0.922    0.870E-03    0.630E-04    0.149E-05    0.000E+00    0.000E+00    0.000E+00    0.000E+00    0.000E+00    0.000E+00    0.000E+00    0.000E+00
     2.500     0.923    0.831E-03    0.603E-04    0.139E-05    0.000E+00    0.000E+00    0.000E+00    0.000E+00    0.000E+00    0.000E+00    0.000E+00    0.000E+00
     2.500     0.924    0.794E-03    0.576E-04    0.130E-05    0.000E+00    0.000E+00    0.000E+00    0.000E+00    0.000E+00    0.000E+00    0.000E+00    0.000E+00
     2.500     0.925    0.758E-03    0.551E-04    0.122E-05    0.000E+00    0.000E+00    0.000E+00    0.000E+00    0.000E+00    0.000E+00    0.000E+00    0.000E+00
     2.500     0.926    0.724E-03    0.526E-04    0.114E-05    0.000E+00    0.000E+00    0.000E+00    0.000E+00    0.000E+00    0.000E+00    0.000E+00    0.000E+00
     2.500     0.927    0.690E-03    0.503E-04    0.107E-05    0.000E+00    0.000E+00    0.000E+00    0.000E+00    0.000E+00    0.000E+00    0.000E+00    0.000E+00
     2.500     0.928    0.657E-03    0.480E-04    0.100E-05    0.155E-10    0.155E-10    0.000E+00    0.000E+00    0.000E+00    0.000E+00    0.000E+00    0.000E+00
     2.500     0.929    0.626E-03    0.457E-04    0.945E-06    0.397E-10    0.397E-10    0.000E+00    0.000E+00    0.000E+00    0.000E+00    0.000E+00    0.000E+00
     2.500     0.930    0.596E-03    0.436E-04    0.873E-06    0.339E-10    0.339E-10    0.000E+00    0.000E+00    0.000E+00    0.000E+00    0.000E+00    0.000E+00
     2.500     0.931    0.566E-03    0.414E-04    0.798E-06    0.156E-10    0.156E-10    0.000E+00    0.000E+00    0.000E+00    0.000E+00    0.000E+00    0.000E+00
     2.500     0.932    0.537E-03    0.394E-04    0.729E-06    0.000E+00    0.000E+00    0.000E+00    0.000E+00    0.000E+00    0.000E+00    0.000E+00    0.000E+00
     2.500     0.933    0.510E-03    0.374E-04    0.663E-06    0.000E+00    0.000E+00    0.000E+00    0.000E+00    0.000E+00    0.000E+00    0.000E+00    0.000E+00
     2.500     0.934    0.483E-03    0.355E-04    0.603E-06    0.000E+00    0.000E+00    0.000E+00    0.000E+00    0.000E+00    0.000E+00    0.000E+00    0.000E+00
     2.500     0.935    0.458E-03    0.337E-04    0.547E-06    0.000E+00    0.000E+00    0.000E+00    0.000E+00    0.000E+00    0.000E+00    0.000E+00    0.000E+00
     2.500     0.936    0.433E-03    0.319E-04    0.495E-06    0.000E+00    0.000E+00    0.000E+00    0.000E+00    0.000E+00    0.000E+00    0.000E+00    0.000E+00
     2.500     0.937    0.410E-03    0.302E-04    0.447E-06    0.000E+00    0.000E+00    0.000E+00    0.000E+00    0.000E+00    0.000E+00    0.000E+00    0.000E+00
     2.500     0.938    0.387E-03    0.286E-04    0.403E-06    0.000E+00    0.000E+00    0.000E+00    0.000E+00    0.000E+00    0.000E+00    0.000E+00    0.000E+00
     2.500     0.939    0.365E-03    0.270E-04    0.363E-06    0.000E+00    0.000E+00    0.000E+00    0.000E+00    0.000E+00    0.000E+00    0.000E+00    0.000E+00
     2.500     0.940    0.344E-03    0.255E-04    0.327E-06    0.000E+00    0.000E+00    0.000E+00    0.000E+00    0.000E+00    0.000E+00    0.000E+00    0.000E+00
     2.500     0.941    0.324E-03    0.240E-04    0.294E-06    0.000E+00    0.000E+00    0.000E+00    0.000E+00    0.000E+00    0.000E+00    0.000E+00    0.000E+00
     2.500     0.942    0.305E-03    0.226E-04    0.265E-06    0.000E+00    0.000E+00    0.000E+00    0.000E+00    0.000E+00    0.000E+00    0.000E+00    0.000E+00
     2.500     0.943    0.287E-03    0.213E-04    0.238E-06    0.000E+00    0.000E+00    0.000E+00    0.000E+00    0.000E+00    0.000E+00    0.000E+00    0.000E+00
     2.500     0.944    0.269E-03    0.200E-04    0.215E-06    0.000E+00    0.000E+00    0.000E+00    0.000E+00    0.000E+00    0.000E+00    0.000E+00    0.000E+00
     2.500     0.945    0.252E-03    0.188E-04    0.194E-06    0.000E+00    0.000E+00    0.000E+00    0.000E+00    0.000E+00    0.000E+00    0.000E+00    0.000E+00
     2.500     0.946    0.236E-03    0.176E-04    0.176E-06    0.000E+00    0.000E+00    0.000E+00    0.000E+00    0.000E+00    0.000E+00    0.000E+00    0.000E+00
     2.500     0.947    0.221E-03    0.165E-04    0.161E-06    0.000E+00    0.000E+00    0.000E+00    0.000E+00    0.000E+00    0.000E+00    0.000E+00    0.000E+00
     2.500     0.948    0.206E-03    0.155E-04    0.147E-06    0.000E+00    0.000E+00    0.000E+00    0.000E+00    0.000E+00    0.000E+00    0.000E+00    0.000E+00
     2.500     0.949    0.192E-03    0.144E-04    0.136E-06    0.000E+00    0.000E+00    0.000E+00    0.000E+00    0.000E+00    0.000E+00    0.000E+00    0.000E+00
     2.500     0.950    0.179E-03    0.135E-04    0.127E-06    0.000E+00    0.000E+00    0.000E+00    0.000E+00    0.000E+00    0.000E+00    0.000E+00    0.000E+00
     2.500     0.951    0.167E-03    0.126E-04    0.120E-06    0.000E+00    0.000E+00    0.000E+00    0.000E+00    0.000E+00    0.000E+00    0.000E+00    0.000E+00
     2.500     0.952    0.155E-03    0.117E-04    0.114E-06    0.000E+00    0.000E+00    0.000E+00    0.000E+00    0.000E+00    0.000E+00    0.000E+00    0.000E+00
     2.500     0.953    0.143E-03    0.108E-04    0.108E-06    0.000E+00    0.000E+00    0.185E-14    0.185E-14    0.000E+00    0.000E+00    0.000E+00    0.000E+00
     2.500     0.954    0.132E-03    0.997E-05    0.933E-07    0.000E+00    0.000E+00    0.122E-13    0.122E-13    0.000E+00    0.000E+00    0.000E+00    0.000E+00
     2.500     0.955    0.120E-03    0.915E-05    0.798E-07    0.000E+00    0.000E+00    0.230E-13    0.230E-13    0.000E+00    0.000E+00    0.000E+00    0.000E+00
     2.500     0.956    0.110E-03    0.837E-05    0.675E-07    0.000E+00    0.000E+00    0.341E-13    0.341E-13    0.000E+00    0.000E+00    0.000E+00    0.000E+00
     2.500     0.957    0.100E-03    0.763E-05    0.564E-07    0.000E+00    0.000E+00    0.455E-13    0.455E-13    0.000E+00    0.000E+00    0.000E+00    0.000E+00
     2.500     0.958    0.907E-04    0.693E-05    0.463E-07    0.000E+00    0.000E+00    0.571E-13    0.571E-13    0.000E+00    0.000E+00    0.000E+00    0.000E+00
     2.500     0.959    0.818E-04    0.627E-05    0.373E-07    0.000E+00    0.000E+00    0.689E-13    0.689E-13    0.000E+00    0.000E+00    0.000E+00    0.000E+00
     2.500     0.960    0.734E-04    0.564E-05    0.294E-07    0.000E+00    0.000E+00    0.808E-13    0.808E-13    0.000E+00    0.000E+00    0.000E+00    0.000E+00
     2.500     0.961    0.656E-04    0.505E-05    0.224E-07    0.000E+00    0.000E+00    0.928E-13    0.928E-13    0.000E+00    0.000E+00    0.000E+00    0.000E+00
     2.500     0.962    0.582E-04    0.449E-05    0.164E-07    0.000E+00    0.000E+00    0.105E-12    0.105E-12    0.000E+00    0.000E+00    0.000E+00    0.000E+00
     2.500     0.963    0.512E-04    0.397E-05    0.112E-07    0.000E+00    0.000E+00    0.117E-12    0.117E-12    0.000E+00    0.000E+00    0.000E+00    0.000E+00
     2.500     0.964    0.448E-04    0.348E-05    0.683E-08    0.000E+00    0.000E+00    0.129E-12    0.129E-12    0.000E+00    0.000E+00    0.000E+00    0.000E+00
     2.500     0.965    0.388E-04    0.302E-05    0.327E-08    0.000E+00    0.000E+00    0.140E-12    0.140E-12    0.000E+00    0.000E+00    0.000E+00    0.000E+00
     2.500     0.966    0.332E-04    0.259E-05    0.454E-09    0.000E+00    0.000E+00    0.152E-12    0.152E-12    0.000E+00    0.000E+00    0.000E+00    0.000E+00
     2.500     0.967    0.280E-04    0.220E-05    0.000E+00    0.000E+00    0.000E+00    0.163E-12    0.163E-12    0.000E+00    0.000E+00    0.000E+00    0.000E+00
     2.500     0.968    0.232E-04    0.183E-05    0.000E+00    0.000E+00    0.000E+00    0.174E-12    0.174E-12    0.000E+00    0.000E+00    0.000E+00    0.000E+00
     2.500     0.969    0.188E-04    0.149E-05    0.000E+00    0.000E+00    0.000E+00    0.184E-12    0.184E-12    0.000E+00    0.000E+00    0.000E+00    0.000E+00
     2.500     0.970    0.148E-04    0.118E-05    0.000E+00    0.000E+00    0.000E+00    0.194E-12    0.194E-12    0.000E+00    0.000E+00    0.000E+00    0.000E+00
     2.500     0.971    0.112E-04    0.891E-06    0.000E+00    0.000E+00    0.000E+00    0.204E-12    0.204E-12    0.000E+00    0.000E+00    0.000E+00    0.000E+00
     2.500     0.972    0.789E-05    0.631E-06    0.000E+00    0.314E-14    0.314E-14    0.213E-12    0.213E-12    0.000E+00    0.000E+00    0.000E+00    0.000E+00
     2.500     0.973    0.493E-05    0.397E-06    0.000E+00    0.388E-12    0.388E-12    0.221E-12    0.221E-12    0.000E+00    0.000E+00    0.000E+00    0.000E+00
     2.500     0.974    0.229E-05    0.186E-06    0.000E+00    0.781E-12    0.781E-12    0.229E-12    0.229E-12    0.000E+00    0.000E+00    0.000E+00    0.000E+00
     2.500     0.975    0.000E+00    0.000E+00    0.652E-09    0.118E-11    0.118E-11    0.236E-12    0.236E-12    0.000E+00    0.000E+00    0.000E+00    0.000E+00
     2.500     0.976    0.000E+00    0.000E+00    0.264E-08    0.158E-11    0.158E-11    0.242E-12    0.242E-12    0.000E+00    0.000E+00    0.000E+00    0.000E+00
     2.500     0.977    0.000E+00    0.000E+00    0.484E-08    0.197E-11    0.197E-11    0.247E-12    0.247E-12    0.000E+00    0.000E+00    0.000E+00    0.000E+00
     2.500     0.978    0.000E+00    0.000E+00    0.721E-08    0.236E-11    0.236E-11    0.252E-12    0.252E-12    0.000E+00    0.000E+00    0.000E+00    0.000E+00
     2.500     0.979    0.000E+00    0.000E+00    0.970E-08    0.274E-11    0.274E-11    0.255E-12    0.255E-12    0.000E+00    0.000E+00    0.000E+00    0.000E+00
     2.500     0.980    0.000E+00    0.000E+00    0.123E-07    0.309E-11    0.309E-11    0.258E-12    0.258E-12    0.000E+00    0.000E+00    0.000E+00    0.000E+00
     2.500     0.981    0.000E+00    0.000E+00    0.148E-07    0.343E-11    0.343E-11    0.259E-12    0.259E-12    0.000E+00    0.000E+00    0.000E+00    0.000E+00
     2.500     0.982    0.000E+00    0.000E+00    0.174E-07    0.374E-11    0.374E-11    0.259E-12    0.259E-12    0.000E+00    0.000E+00    0.000E+00    0.000E+00
     2.500     0.983    0.000E+00    0.000E+00    0.198E-07    0.403E-11    0.403E-11    0.258E-12    0.258E-12    0.000E+00    0.000E+00    0.000E+00    0.000E+00
     2.500     0.984    0.000E+00    0.000E+00    0.222E-07    0.428E-11    0.428E-11    0.256E-12    0.256E-12    0.000E+00    0.000E+00    0.000E+00    0.000E+00
     2.500     0.985    0.000E+00    0.000E+00    0.243E-07    0.449E-11    0.449E-11    0.253E-12    0.253E-12    0.000E+00    0.000E+00    0.000E+00    0.000E+00
     2.500     0.986    0.000E+00    0.000E+00    0.262E-07    0.465E-11    0.465E-11    0.248E-12    0.248E-12    0.000E+00    0.000E+00    0.000E+00    0.000E+00
     2.500     0.987    0.000E+00    0.000E+00    0.279E-07    0.477E-11    0.477E-11    0.242E-12    0.242E-12    0.000E+00    0.000E+00    0.000E+00    0.000E+00
     2.500     0.988    0.000E+00    0.000E+00    0.292E-07    0.484E-11    0.484E-11    0.234E-12    0.234E-12    0.000E+00    0.000E+00    0.000E+00    0.000E+00
     2.500     0.989    0.000E+00    0.000E+00    0.301E-07    0.486E-11    0.486E-11    0.224E-12    0.224E-12    0.000E+00    0.000E+00    0.000E+00    0.000E+00
     2.500     0.990    0.000E+00    0.000E+00    0.306E-07    0.481E-11    0.481E-11    0.213E-12    0.213E-12    0.000E+00    0.000E+00    0.000E+00    0.000E+00
     2.500     0.991    0.000E+00    0.000E+00    0.306E-07    0.469E-11    0.469E-11    0.201E-12    0.201E-12    0.000E+00    0.000E+00    0.000E+00    0.000E+00
     2.500     0.992    0.000E+00    0.000E+00    0.300E-07    0.451E-11    0.451E-11    0.186E-12    0.186E-12    0.000E+00    0.000E+00    0.000E+00    0.000E+00
     2.500     0.993    0.000E+00    0.000E+00    0.289E-07    0.426E-11    0.426E-11    0.170E-12    0.170E-12    0.000E+00    0.000E+00    0.000E+00    0.000E+00
     2.500     0.994    0.000E+00    0.000E+00    0.271E-07    0.392E-11    0.392E-11    0.152E-12    0.152E-12    0.000E+00    0.000E+00    0.000E+00    0.000E+00
     2.500     0.995    0.000E+00    0.000E+00    0.247E-07    0.350E-11    0.350E-11    0.132E-12    0.132E-12    0.000E+00    0.000E+00    0.000E+00    0.000E+00
     2.500     0.996    0.000E+00    0.000E+00    0.214E-07    0.300E-11    0.300E-11    0.110E-12    0.110E-12    0.000E+00    0.000E+00    0.000E+00    0.000E+00
     2.500     0.997    0.000E+00    0.000E+00    0.174E-07    0.240E-11    0.240E-11    0.854E-13    0.854E-13    0.000E+00    0.000E+00    0.000E+00    0.000E+00
     2.500     0.998    0.000E+00    0.000E+00    0.125E-07    0.170E-11    0.170E-11    0.591E-13    0.591E-13    0.000E+00    0.000E+00    0.000E+00    0.000E+00
     2.500     0.999    0.000E+00    0.000E+00    0.674E-08    0.904E-12    0.904E-12    0.307E-13    0.307E-13    0.000E+00    0.000E+00    0.000E+00    0.000E+00

