     Q**2          x         u           d           g          ub          db          sb          s          cb          c          bb          b
     1.690     0.001    0.341E+00    0.319E+00    0.711E+00    0.307E+00    0.312E+00    0.124E+00    0.124E+00    0.000E+00    0.000E+00    0.000E+00    0.000E+00
     1.690     0.002    0.317E+00    0.289E+00    0.100E+01    0.265E+00    0.273E+00    0.108E+00    0.108E+00    0.000E+00    0.000E+00    0.000E+00    0.000E+00
     1.690     0.003    0.310E+00    0.277E+00    0.121E+01    0.243E+00    0.253E+00    0.992E-01    0.992E-01    0.000E+00    0.000E+00    0.000E+00    0.000E+00
     1.690     0.004    0.309E+00    0.274E+00    0.138E+01    0.229E+00    0.242E+00    0.942E-01    0.942E-01    0.000E+00    0.000E+00    0.000E+00    0.000E+00
     1.690     0.005    0.311E+00    0.274E+00    0.151E+01    0.219E+00    0.234E+00    0.905E-01    0.905E-01    0.000E+00    0.000E+00    0.000E+00    0.000E+00
     1.690     0.006    0.314E+00    0.275E+00    0.163E+01    0.211E+00    0.227E+00    0.877E-01    0.877E-01    0.000E+00    0.000E+00    0.000E+00    0.000E+00
     1.690     0.007    0.319E+00    0.278E+00    0.173E+01    0.205E+00    0.222E+00    0.856E-01    0.856E-01    0.000E+00    0.000E+00    0.000E+00    0.000E+00
     1.690     0.008    0.323E+00    0.280E+00    0.181E+01    0.200E+00    0.218E+00    0.834E-01    0.834E-01    0.000E+00    0.000E+00    0.000E+00    0.000E+00
     1.690     0.009    0.328E+00    0.284E+00    0.189E+01    0.195E+00    0.214E+00    0.819E-01    0.819E-01    0.000E+00    0.000E+00    0.000E+00    0.000E+00
     1.690     0.010    0.332E+00    0.288E+00    0.196E+01    0.191E+00    0.211E+00    0.804E-01    0.804E-01    0.000E+00    0.000E+00    0.000E+00    0.000E+00
     1.690     0.011    0.338E+00    0.292E+00    0.202E+01    0.188E+00    0.208E+00    0.793E-01    0.793E-01    0.000E+00    0.000E+00    0.000E+00    0.000E+00
     1.690     0.012    0.343E+00    0.296E+00    0.207E+01    0.185E+00    0.205E+00    0.781E-01    0.781E-01    0.000E+00    0.000E+00    0.000E+00    0.000E+00
     1.690     0.013    0.348E+00    0.300E+00    0.212E+01    0.182E+00    0.203E+00    0.771E-01    0.771E-01    0.000E+00    0.000E+00    0.000E+00    0.000E+00
     1.690     0.014    0.354E+00    0.305E+00    0.217E+01    0.180E+00    0.201E+00    0.763E-01    0.763E-01    0.000E+00    0.000E+00    0.000E+00    0.000E+00
     1.690     0.015    0.359E+00    0.309E+00    0.220E+01    0.178E+00    0.199E+00    0.754E-01    0.754E-01    0.000E+00    0.000E+00    0.000E+00    0.000E+00
     1.690     0.016    0.364E+00    0.313E+00    0.224E+01    0.176E+00    0.197E+00    0.746E-01    0.746E-01    0.000E+00    0.000E+00    0.000E+00    0.000E+00
     1.690     0.017    0.370E+00    0.318E+00    0.227E+01    0.174E+00    0.196E+00    0.740E-01    0.740E-01    0.000E+00    0.000E+00    0.000E+00    0.000E+00
     1.690     0.018    0.375E+00    0.321E+00    0.230E+01    0.173E+00    0.194E+00    0.733E-01    0.733E-01    0.000E+00    0.000E+00    0.000E+00    0.000E+00
     1.690     0.019    0.380E+00    0.325E+00    0.232E+01    0.171E+00    0.192E+00    0.727E-01    0.727E-01    0.000E+00    0.000E+00    0.000E+00    0.000E+00
     1.690     0.020    0.386E+00    0.329E+00    0.234E+01    0.170E+00    0.191E+00    0.722E-01    0.722E-01    0.000E+00    0.000E+00    0.000E+00    0.000E+00
     1.690     0.021    0.391E+00    0.333E+00    0.236E+01    0.169E+00    0.190E+00    0.717E-01    0.717E-01    0.000E+00    0.000E+00    0.000E+00    0.000E+00
     1.690     0.022    0.396E+00    0.337E+00    0.238E+01    0.167E+00    0.188E+00    0.711E-01    0.711E-01    0.000E+00    0.000E+00    0.000E+00    0.000E+00
     1.690     0.023    0.401E+00    0.341E+00    0.240E+01    0.166E+00    0.187E+00    0.706E-01    0.706E-01    0.000E+00    0.000E+00    0.000E+00    0.000E+00
     1.690     0.024    0.406E+00    0.344E+00    0.241E+01    0.165E+00    0.186E+00    0.701E-01    0.701E-01    0.000E+00    0.000E+00    0.000E+00    0.000E+00
     1.690     0.025    0.411E+00    0.348E+00    0.242E+01    0.164E+00    0.184E+00    0.696E-01    0.696E-01    0.000E+00    0.000E+00    0.000E+00    0.000E+00
     1.690     0.026    0.416E+00    0.351E+00    0.244E+01    0.163E+00    0.183E+00    0.692E-01    0.692E-01    0.000E+00    0.000E+00    0.000E+00    0.000E+00
     1.690     0.027    0.421E+00    0.354E+00    0.244E+01    0.162E+00    0.182E+00    0.688E-01    0.688E-01    0.000E+00    0.000E+00    0.000E+00    0.000E+00
     1.690     0.028    0.426E+00    0.357E+00    0.245E+01    0.161E+00    0.181E+00    0.683E-01    0.683E-01    0.000E+00    0.000E+00    0.000E+00    0.000E+00
     1.690     0.029    0.431E+00    0.361E+00    0.246E+01    0.160E+00    0.180E+00    0.679E-01    0.679E-01    0.000E+00    0.000E+00    0.000E+00    0.000E+00
     1.690     0.030    0.435E+00    0.364E+00    0.246E+01    0.159E+00    0.179E+00    0.676E-01    0.676E-01    0.000E+00    0.000E+00    0.000E+00    0.000E+00
     1.690     0.031    0.440E+00    0.367E+00    0.246E+01    0.158E+00    0.178E+00    0.673E-01    0.673E-01    0.000E+00    0.000E+00    0.000E+00    0.000E+00
     1.690     0.032    0.445E+00    0.370E+00    0.246E+01    0.158E+00    0.177E+00    0.669E-01    0.669E-01    0.000E+00    0.000E+00    0.000E+00    0.000E+00
     1.690     0.033    0.449E+00    0.372E+00    0.246E+01    0.157E+00    0.176E+00    0.666E-01    0.666E-01    0.000E+00    0.000E+00    0.000E+00    0.000E+00
     1.690     0.034    0.454E+00    0.375E+00    0.246E+01    0.156E+00    0.175E+00    0.662E-01    0.662E-01    0.000E+00    0.000E+00    0.000E+00    0.000E+00
     1.690     0.035    0.458E+00    0.378E+00    0.246E+01    0.155E+00    0.174E+00    0.659E-01    0.659E-01    0.000E+00    0.000E+00    0.000E+00    0.000E+00
     1.690     0.036    0.462E+00    0.380E+00    0.245E+01    0.155E+00    0.174E+00    0.656E-01    0.656E-01    0.000E+00    0.000E+00    0.000E+00    0.000E+00
     1.690     0.037    0.467E+00    0.383E+00    0.245E+01    0.154E+00    0.173E+00    0.654E-01    0.654E-01    0.000E+00    0.000E+00    0.000E+00    0.000E+00
     1.690     0.038    0.471E+00    0.386E+00    0.244E+01    0.153E+00    0.172E+00    0.651E-01    0.651E-01    0.000E+00    0.000E+00    0.000E+00    0.000E+00
     1.690     0.039    0.475E+00    0.388E+00    0.244E+01    0.153E+00    0.171E+00    0.648E-01    0.648E-01    0.000E+00    0.000E+00    0.000E+00    0.000E+00
     1.690     0.040    0.479E+00    0.390E+00    0.243E+01    0.152E+00    0.171E+00    0.645E-01    0.645E-01    0.000E+00    0.000E+00    0.000E+00    0.000E+00
     1.690     0.041    0.483E+00    0.393E+00    0.242E+01    0.151E+00    0.170E+00    0.642E-01    0.642E-01    0.000E+00    0.000E+00    0.000E+00    0.000E+00
     1.690     0.042    0.487E+00    0.395E+00    0.242E+01    0.150E+00    0.169E+00    0.639E-01    0.639E-01    0.000E+00    0.000E+00    0.000E+00    0.000E+00
     1.690     0.043    0.491E+00    0.397E+00    0.241E+01    0.150E+00    0.168E+00    0.636E-01    0.636E-01    0.000E+00    0.000E+00    0.000E+00    0.000E+00
     1.690     0.044    0.495E+00    0.399E+00    0.240E+01    0.149E+00    0.168E+00    0.633E-01    0.633E-01    0.000E+00    0.000E+00    0.000E+00    0.000E+00
     1.690     0.045    0.499E+00    0.401E+00    0.240E+01    0.148E+00    0.167E+00    0.631E-01    0.631E-01    0.000E+00    0.000E+00    0.000E+00    0.000E+00
     1.690     0.046    0.503E+00    0.403E+00    0.239E+01    0.147E+00    0.167E+00    0.628E-01    0.628E-01    0.000E+00    0.000E+00    0.000E+00    0.000E+00
     1.690     0.047    0.506E+00    0.405E+00    0.238E+01    0.147E+00    0.166E+00    0.625E-01    0.625E-01    0.000E+00    0.000E+00    0.000E+00    0.000E+00
     1.690     0.048    0.510E+00    0.407E+00    0.237E+01    0.146E+00    0.165E+00    0.622E-01    0.622E-01    0.000E+00    0.000E+00    0.000E+00    0.000E+00
     1.690     0.049    0.514E+00    0.409E+00    0.236E+01    0.145E+00    0.165E+00    0.619E-01    0.619E-01    0.000E+00    0.000E+00    0.000E+00    0.000E+00
     1.690     0.050    0.517E+00    0.410E+00    0.235E+01    0.144E+00    0.164E+00    0.616E-01    0.616E-01    0.000E+00    0.000E+00    0.000E+00    0.000E+00
     1.690     0.051    0.521E+00    0.412E+00    0.233E+01    0.143E+00    0.163E+00    0.613E-01    0.613E-01    0.000E+00    0.000E+00    0.000E+00    0.000E+00
     1.690     0.052    0.524E+00    0.414E+00    0.232E+01    0.142E+00    0.163E+00    0.611E-01    0.611E-01    0.000E+00    0.000E+00    0.000E+00    0.000E+00
     1.690     0.053    0.527E+00    0.415E+00    0.231E+01    0.142E+00    0.162E+00    0.608E-01    0.608E-01    0.000E+00    0.000E+00    0.000E+00    0.000E+00
     1.690     0.054    0.531E+00    0.417E+00    0.230E+01    0.141E+00    0.162E+00    0.605E-01    0.605E-01    0.000E+00    0.000E+00    0.000E+00    0.000E+00
     1.690     0.055    0.534E+00    0.418E+00    0.229E+01    0.140E+00    0.161E+00    0.603E-01    0.603E-01    0.000E+00    0.000E+00    0.000E+00    0.000E+00
     1.690     0.056    0.537E+00    0.420E+00    0.227E+01    0.139E+00    0.161E+00    0.600E-01    0.600E-01    0.000E+00    0.000E+00    0.000E+00    0.000E+00
     1.690     0.057    0.540E+00    0.421E+00    0.226E+01    0.138E+00    0.160E+00    0.597E-01    0.597E-01    0.000E+00    0.000E+00    0.000E+00    0.000E+00
     1.690     0.058    0.544E+00    0.423E+00    0.225E+01    0.138E+00    0.160E+00    0.595E-01    0.595E-01    0.000E+00    0.000E+00    0.000E+00    0.000E+00
     1.690     0.059    0.547E+00    0.424E+00    0.223E+01    0.137E+00    0.159E+00    0.592E-01    0.592E-01    0.000E+00    0.000E+00    0.000E+00    0.000E+00
     1.690     0.060    0.550E+00    0.425E+00    0.222E+01    0.136E+00    0.159E+00    0.589E-01    0.589E-01    0.000E+00    0.000E+00    0.000E+00    0.000E+00
     1.690     0.061    0.553E+00    0.426E+00    0.221E+01    0.135E+00    0.158E+00    0.587E-01    0.587E-01    0.000E+00    0.000E+00    0.000E+00    0.000E+00
     1.690     0.062    0.556E+00    0.428E+00    0.219E+01    0.134E+00    0.158E+00    0.584E-01    0.584E-01    0.000E+00    0.000E+00    0.000E+00    0.000E+00
     1.690     0.063    0.559E+00    0.429E+00    0.218E+01    0.133E+00    0.158E+00    0.582E-01    0.582E-01    0.000E+00    0.000E+00    0.000E+00    0.000E+00
     1.690     0.064    0.561E+00    0.430E+00    0.216E+01    0.132E+00    0.157E+00    0.579E-01    0.579E-01    0.000E+00    0.000E+00    0.000E+00    0.000E+00
     1.690     0.065    0.564E+00    0.431E+00    0.215E+01    0.132E+00    0.157E+00    0.576E-01    0.576E-01    0.000E+00    0.000E+00    0.000E+00    0.000E+00
     1.690     0.066    0.567E+00    0.432E+00    0.214E+01    0.131E+00    0.156E+00    0.574E-01    0.574E-01    0.000E+00    0.000E+00    0.000E+00    0.000E+00
     1.690     0.067    0.570E+00    0.433E+00    0.212E+01    0.130E+00    0.156E+00    0.571E-01    0.571E-01    0.000E+00    0.000E+00    0.000E+00    0.000E+00
     1.690     0.068    0.572E+00    0.434E+00    0.211E+01    0.129E+00    0.155E+00    0.568E-01    0.568E-01    0.000E+00    0.000E+00    0.000E+00    0.000E+00
     1.690     0.069    0.575E+00    0.435E+00    0.209E+01    0.128E+00    0.155E+00    0.565E-01    0.565E-01    0.000E+00    0.000E+00    0.000E+00    0.000E+00
     1.690     0.070    0.578E+00    0.436E+00    0.208E+01    0.127E+00    0.154E+00    0.563E-01    0.563E-01    0.000E+00    0.000E+00    0.000E+00    0.000E+00
     1.690     0.071    0.580E+00    0.437E+00    0.206E+01    0.126E+00    0.154E+00    0.560E-01    0.560E-01    0.000E+00    0.000E+00    0.000E+00    0.000E+00
     1.690     0.072    0.583E+00    0.438E+00    0.205E+01    0.125E+00    0.154E+00    0.558E-01    0.558E-01    0.000E+00    0.000E+00    0.000E+00    0.000E+00
     1.690     0.073    0.585E+00    0.439E+00    0.203E+01    0.124E+00    0.153E+00    0.555E-01    0.555E-01    0.000E+00    0.000E+00    0.000E+00    0.000E+00
     1.690     0.074    0.588E+00    0.440E+00    0.202E+01    0.123E+00    0.153E+00    0.552E-01    0.552E-01    0.000E+00    0.000E+00    0.000E+00    0.000E+00
     1.690     0.075    0.590E+00    0.440E+00    0.200E+01    0.122E+00    0.152E+00    0.550E-01    0.550E-01    0.000E+00    0.000E+00    0.000E+00    0.000E+00
     1.690     0.076    0.592E+00    0.441E+00    0.199E+01    0.121E+00    0.152E+00    0.547E-01    0.547E-01    0.000E+00    0.000E+00    0.000E+00    0.000E+00
     1.690     0.077    0.595E+00    0.442E+00    0.197E+01    0.121E+00    0.152E+00    0.544E-01    0.544E-01    0.000E+00    0.000E+00    0.000E+00    0.000E+00
     1.690     0.078    0.597E+00    0.443E+00    0.196E+01    0.120E+00    0.151E+00    0.542E-01    0.542E-01    0.000E+00    0.000E+00    0.000E+00    0.000E+00
     1.690     0.079    0.599E+00    0.443E+00    0.194E+01    0.119E+00    0.151E+00    0.539E-01    0.539E-01    0.000E+00    0.000E+00    0.000E+00    0.000E+00
     1.690     0.080    0.602E+00    0.444E+00    0.193E+01    0.118E+00    0.150E+00    0.536E-01    0.536E-01    0.000E+00    0.000E+00    0.000E+00    0.000E+00
     1.690     0.081    0.604E+00    0.444E+00    0.191E+01    0.117E+00    0.150E+00    0.534E-01    0.534E-01    0.000E+00    0.000E+00    0.000E+00    0.000E+00
     1.690     0.082    0.606E+00    0.445E+00    0.190E+01    0.116E+00    0.150E+00    0.531E-01    0.531E-01    0.000E+00    0.000E+00    0.000E+00    0.000E+00
     1.690     0.083    0.608E+00    0.446E+00    0.188E+01    0.115E+00    0.149E+00    0.529E-01    0.529E-01    0.000E+00    0.000E+00    0.000E+00    0.000E+00
     1.690     0.084    0.611E+00    0.446E+00    0.187E+01    0.114E+00    0.149E+00    0.526E-01    0.526E-01    0.000E+00    0.000E+00    0.000E+00    0.000E+00
     1.690     0.085    0.613E+00    0.447E+00    0.185E+01    0.113E+00    0.148E+00    0.523E-01    0.523E-01    0.000E+00    0.000E+00    0.000E+00    0.000E+00
     1.690     0.086    0.615E+00    0.447E+00    0.184E+01    0.112E+00    0.148E+00    0.521E-01    0.521E-01    0.000E+00    0.000E+00    0.000E+00    0.000E+00
     1.690     0.087    0.617E+00    0.447E+00    0.182E+01    0.112E+00    0.147E+00    0.518E-01    0.518E-01    0.000E+00    0.000E+00    0.000E+00    0.000E+00
     1.690     0.088    0.619E+00    0.448E+00    0.181E+01    0.111E+00    0.147E+00    0.515E-01    0.515E-01    0.000E+00    0.000E+00    0.000E+00    0.000E+00
     1.690     0.089    0.621E+00    0.448E+00    0.179E+01    0.110E+00    0.147E+00    0.513E-01    0.513E-01    0.000E+00    0.000E+00    0.000E+00    0.000E+00
     1.690     0.090    0.623E+00    0.449E+00    0.178E+01    0.109E+00    0.146E+00    0.510E-01    0.510E-01    0.000E+00    0.000E+00    0.000E+00    0.000E+00
     1.690     0.091    0.625E+00    0.449E+00    0.176E+01    0.108E+00    0.146E+00    0.507E-01    0.507E-01    0.000E+00    0.000E+00    0.000E+00    0.000E+00
     1.690     0.092    0.627E+00    0.449E+00    0.175E+01    0.107E+00    0.145E+00    0.505E-01    0.505E-01    0.000E+00    0.000E+00    0.000E+00    0.000E+00
     1.690     0.093    0.629E+00    0.450E+00    0.173E+01    0.106E+00    0.145E+00    0.502E-01    0.502E-01    0.000E+00    0.000E+00    0.000E+00    0.000E+00
     1.690     0.094    0.631E+00    0.450E+00    0.172E+01    0.105E+00    0.144E+00    0.500E-01    0.500E-01    0.000E+00    0.000E+00    0.000E+00    0.000E+00
     1.690     0.095    0.633E+00    0.450E+00    0.170E+01    0.105E+00    0.144E+00    0.497E-01    0.497E-01    0.000E+00    0.000E+00    0.000E+00    0.000E+00
     1.690     0.096    0.634E+00    0.450E+00    0.169E+01    0.104E+00    0.143E+00    0.494E-01    0.494E-01    0.000E+00    0.000E+00    0.000E+00    0.000E+00
     1.690     0.097    0.636E+00    0.451E+00    0.167E+01    0.103E+00    0.143E+00    0.492E-01    0.492E-01    0.000E+00    0.000E+00    0.000E+00    0.000E+00
     1.690     0.098    0.638E+00    0.451E+00    0.166E+01    0.102E+00    0.142E+00    0.489E-01    0.489E-01    0.000E+00    0.000E+00    0.000E+00    0.000E+00
     1.690     0.099    0.640E+00    0.451E+00    0.164E+01    0.101E+00    0.142E+00    0.486E-01    0.486E-01    0.000E+00    0.000E+00    0.000E+00    0.000E+00
     1.690     0.100    0.642E+00    0.451E+00    0.163E+01    0.100E+00    0.142E+00    0.484E-01    0.484E-01    0.000E+00    0.000E+00    0.000E+00    0.000E+00
     1.690     0.101    0.643E+00    0.451E+00    0.162E+01    0.996E-01    0.141E+00    0.481E-01    0.481E-01    0.000E+00    0.000E+00    0.000E+00    0.000E+00
     1.690     0.102    0.645E+00    0.451E+00    0.160E+01    0.987E-01    0.141E+00    0.479E-01    0.479E-01    0.000E+00    0.000E+00    0.000E+00    0.000E+00
     1.690     0.103    0.647E+00    0.451E+00    0.159E+01    0.979E-01    0.140E+00    0.476E-01    0.476E-01    0.000E+00    0.000E+00    0.000E+00    0.000E+00
     1.690     0.104    0.649E+00    0.451E+00    0.157E+01    0.971E-01    0.140E+00    0.473E-01    0.473E-01    0.000E+00    0.000E+00    0.000E+00    0.000E+00
     1.690     0.105    0.650E+00    0.451E+00    0.156E+01    0.963E-01    0.139E+00    0.471E-01    0.471E-01    0.000E+00    0.000E+00    0.000E+00    0.000E+00
     1.690     0.106    0.652E+00    0.451E+00    0.154E+01    0.956E-01    0.138E+00    0.468E-01    0.468E-01    0.000E+00    0.000E+00    0.000E+00    0.000E+00
     1.690     0.107    0.653E+00    0.452E+00    0.153E+01    0.948E-01    0.138E+00    0.466E-01    0.466E-01    0.000E+00    0.000E+00    0.000E+00    0.000E+00
     1.690     0.108    0.655E+00    0.452E+00    0.152E+01    0.940E-01    0.137E+00    0.463E-01    0.463E-01    0.000E+00    0.000E+00    0.000E+00    0.000E+00
     1.690     0.109    0.657E+00    0.451E+00    0.150E+01    0.933E-01    0.137E+00    0.460E-01    0.460E-01    0.000E+00    0.000E+00    0.000E+00    0.000E+00
     1.690     0.110    0.658E+00    0.451E+00    0.149E+01    0.925E-01    0.136E+00    0.458E-01    0.458E-01    0.000E+00    0.000E+00    0.000E+00    0.000E+00
     1.690     0.111    0.660E+00    0.451E+00    0.147E+01    0.917E-01    0.136E+00    0.455E-01    0.455E-01    0.000E+00    0.000E+00    0.000E+00    0.000E+00
     1.690     0.112    0.661E+00    0.451E+00    0.146E+01    0.910E-01    0.135E+00    0.453E-01    0.453E-01    0.000E+00    0.000E+00    0.000E+00    0.000E+00
     1.690     0.113    0.663E+00    0.451E+00    0.145E+01    0.903E-01    0.135E+00    0.450E-01    0.450E-01    0.000E+00    0.000E+00    0.000E+00    0.000E+00
     1.690     0.114    0.664E+00    0.451E+00    0.143E+01    0.895E-01    0.134E+00    0.447E-01    0.447E-01    0.000E+00    0.000E+00    0.000E+00    0.000E+00
     1.690     0.115    0.666E+00    0.451E+00    0.142E+01    0.888E-01    0.134E+00    0.445E-01    0.445E-01    0.000E+00    0.000E+00    0.000E+00    0.000E+00
     1.690     0.116    0.667E+00    0.451E+00    0.141E+01    0.881E-01    0.133E+00    0.442E-01    0.442E-01    0.000E+00    0.000E+00    0.000E+00    0.000E+00
     1.690     0.117    0.669E+00    0.451E+00    0.139E+01    0.874E-01    0.132E+00    0.440E-01    0.440E-01    0.000E+00    0.000E+00    0.000E+00    0.000E+00
     1.690     0.118    0.670E+00    0.450E+00    0.138E+01    0.867E-01    0.132E+00    0.437E-01    0.437E-01    0.000E+00    0.000E+00    0.000E+00    0.000E+00
     1.690     0.119    0.672E+00    0.450E+00    0.137E+01    0.860E-01    0.131E+00    0.435E-01    0.435E-01    0.000E+00    0.000E+00    0.000E+00    0.000E+00
     1.690     0.120    0.673E+00    0.450E+00    0.135E+01    0.853E-01    0.131E+00    0.432E-01    0.432E-01    0.000E+00    0.000E+00    0.000E+00    0.000E+00
     1.690     0.121    0.675E+00    0.450E+00    0.134E+01    0.846E-01    0.130E+00    0.430E-01    0.430E-01    0.000E+00    0.000E+00    0.000E+00    0.000E+00
     1.690     0.122    0.676E+00    0.450E+00    0.133E+01    0.839E-01    0.130E+00    0.427E-01    0.427E-01    0.000E+00    0.000E+00    0.000E+00    0.000E+00
     1.690     0.123    0.677E+00    0.449E+00    0.131E+01    0.833E-01    0.129E+00    0.424E-01    0.424E-01    0.000E+00    0.000E+00    0.000E+00    0.000E+00
     1.690     0.124    0.679E+00    0.449E+00    0.130E+01    0.826E-01    0.128E+00    0.422E-01    0.422E-01    0.000E+00    0.000E+00    0.000E+00    0.000E+00
     1.690     0.125    0.680E+00    0.449E+00    0.129E+01    0.820E-01    0.128E+00    0.419E-01    0.419E-01    0.000E+00    0.000E+00    0.000E+00    0.000E+00
     1.690     0.126    0.681E+00    0.449E+00    0.128E+01    0.813E-01    0.127E+00    0.417E-01    0.417E-01    0.000E+00    0.000E+00    0.000E+00    0.000E+00
     1.690     0.127    0.682E+00    0.448E+00    0.126E+01    0.807E-01    0.127E+00    0.414E-01    0.414E-01    0.000E+00    0.000E+00    0.000E+00    0.000E+00
     1.690     0.128    0.684E+00    0.448E+00    0.125E+01    0.800E-01    0.126E+00    0.412E-01    0.412E-01    0.000E+00    0.000E+00    0.000E+00    0.000E+00
     1.690     0.129    0.685E+00    0.448E+00    0.124E+01    0.794E-01    0.125E+00    0.409E-01    0.409E-01    0.000E+00    0.000E+00    0.000E+00    0.000E+00
     1.690     0.130    0.686E+00    0.447E+00    0.123E+01    0.788E-01    0.125E+00    0.407E-01    0.407E-01    0.000E+00    0.000E+00    0.000E+00    0.000E+00
     1.690     0.131    0.687E+00    0.447E+00    0.121E+01    0.782E-01    0.124E+00    0.404E-01    0.404E-01    0.000E+00    0.000E+00    0.000E+00    0.000E+00
     1.690     0.132    0.689E+00    0.447E+00    0.120E+01    0.776E-01    0.123E+00    0.402E-01    0.402E-01    0.000E+00    0.000E+00    0.000E+00    0.000E+00
     1.690     0.133    0.690E+00    0.446E+00    0.119E+01    0.770E-01    0.123E+00    0.399E-01    0.399E-01    0.000E+00    0.000E+00    0.000E+00    0.000E+00
     1.690     0.134    0.691E+00    0.446E+00    0.118E+01    0.764E-01    0.122E+00    0.397E-01    0.397E-01    0.000E+00    0.000E+00    0.000E+00    0.000E+00
     1.690     0.135    0.692E+00    0.446E+00    0.117E+01    0.758E-01    0.121E+00    0.394E-01    0.394E-01    0.000E+00    0.000E+00    0.000E+00    0.000E+00
     1.690     0.136    0.693E+00    0.445E+00    0.116E+01    0.752E-01    0.121E+00    0.392E-01    0.392E-01    0.000E+00    0.000E+00    0.000E+00    0.000E+00
     1.690     0.137    0.695E+00    0.445E+00    0.114E+01    0.747E-01    0.120E+00    0.390E-01    0.390E-01    0.000E+00    0.000E+00    0.000E+00    0.000E+00
     1.690     0.138    0.696E+00    0.444E+00    0.113E+01    0.741E-01    0.119E+00    0.387E-01    0.387E-01    0.000E+00    0.000E+00    0.000E+00    0.000E+00
     1.690     0.139    0.697E+00    0.444E+00    0.112E+01    0.735E-01    0.119E+00    0.385E-01    0.385E-01    0.000E+00    0.000E+00    0.000E+00    0.000E+00
     1.690     0.140    0.698E+00    0.443E+00    0.111E+01    0.730E-01    0.118E+00    0.382E-01    0.382E-01    0.000E+00    0.000E+00    0.000E+00    0.000E+00
     1.690     0.141    0.699E+00    0.443E+00    0.110E+01    0.724E-01    0.117E+00    0.380E-01    0.380E-01    0.000E+00    0.000E+00    0.000E+00    0.000E+00
     1.690     0.142    0.700E+00    0.443E+00    0.109E+01    0.719E-01    0.117E+00    0.377E-01    0.377E-01    0.000E+00    0.000E+00    0.000E+00    0.000E+00
     1.690     0.143    0.701E+00    0.442E+00    0.108E+01    0.713E-01    0.116E+00    0.375E-01    0.375E-01    0.000E+00    0.000E+00    0.000E+00    0.000E+00
     1.690     0.144    0.702E+00    0.442E+00    0.107E+01    0.708E-01    0.115E+00    0.372E-01    0.372E-01    0.000E+00    0.000E+00    0.000E+00    0.000E+00
     1.690     0.145    0.703E+00    0.441E+00    0.105E+01    0.703E-01    0.115E+00    0.370E-01    0.370E-01    0.000E+00    0.000E+00    0.000E+00    0.000E+00
     1.690     0.146    0.704E+00    0.441E+00    0.104E+01    0.698E-01    0.114E+00    0.368E-01    0.368E-01    0.000E+00    0.000E+00    0.000E+00    0.000E+00
     1.690     0.147    0.705E+00    0.440E+00    0.103E+01    0.693E-01    0.113E+00    0.365E-01    0.365E-01    0.000E+00    0.000E+00    0.000E+00    0.000E+00
     1.690     0.148    0.706E+00    0.440E+00    0.102E+01    0.687E-01    0.113E+00    0.363E-01    0.363E-01    0.000E+00    0.000E+00    0.000E+00    0.000E+00
     1.690     0.149    0.707E+00    0.439E+00    0.101E+01    0.682E-01    0.112E+00    0.360E-01    0.360E-01    0.000E+00    0.000E+00    0.000E+00    0.000E+00
     1.690     0.150    0.708E+00    0.439E+00    0.100E+01    0.677E-01    0.111E+00    0.358E-01    0.358E-01    0.000E+00    0.000E+00    0.000E+00    0.000E+00
     1.690     0.151    0.709E+00    0.438E+00    0.992E+00    0.673E-01    0.111E+00    0.356E-01    0.356E-01    0.000E+00    0.000E+00    0.000E+00    0.000E+00
     1.690     0.152    0.710E+00    0.438E+00    0.982E+00    0.668E-01    0.110E+00    0.353E-01    0.353E-01    0.000E+00    0.000E+00    0.000E+00    0.000E+00
     1.690     0.153    0.710E+00    0.437E+00    0.972E+00    0.663E-01    0.109E+00    0.351E-01    0.351E-01    0.000E+00    0.000E+00    0.000E+00    0.000E+00
     1.690     0.154    0.711E+00    0.437E+00    0.962E+00    0.658E-01    0.109E+00    0.349E-01    0.349E-01    0.000E+00    0.000E+00    0.000E+00    0.000E+00
     1.690     0.155    0.712E+00    0.436E+00    0.952E+00    0.653E-01    0.108E+00    0.346E-01    0.346E-01    0.000E+00    0.000E+00    0.000E+00    0.000E+00
     1.690     0.156    0.713E+00    0.435E+00    0.942E+00    0.649E-01    0.107E+00    0.344E-01    0.344E-01    0.000E+00    0.000E+00    0.000E+00    0.000E+00
     1.690     0.157    0.714E+00    0.435E+00    0.932E+00    0.644E-01    0.106E+00    0.342E-01    0.342E-01    0.000E+00    0.000E+00    0.000E+00    0.000E+00
     1.690     0.158    0.715E+00    0.434E+00    0.922E+00    0.639E-01    0.106E+00    0.339E-01    0.339E-01    0.000E+00    0.000E+00    0.000E+00    0.000E+00
     1.690     0.159    0.715E+00    0.434E+00    0.913E+00    0.635E-01    0.105E+00    0.337E-01    0.337E-01    0.000E+00    0.000E+00    0.000E+00    0.000E+00
     1.690     0.160    0.716E+00    0.433E+00    0.903E+00    0.630E-01    0.104E+00    0.335E-01    0.335E-01    0.000E+00    0.000E+00    0.000E+00    0.000E+00
     1.690     0.161    0.717E+00    0.433E+00    0.894E+00    0.626E-01    0.104E+00    0.332E-01    0.332E-01    0.000E+00    0.000E+00    0.000E+00    0.000E+00
     1.690     0.162    0.718E+00    0.432E+00    0.885E+00    0.622E-01    0.103E+00    0.330E-01    0.330E-01    0.000E+00    0.000E+00    0.000E+00    0.000E+00
     1.690     0.163    0.718E+00    0.431E+00    0.876E+00    0.617E-01    0.102E+00    0.328E-01    0.328E-01    0.000E+00    0.000E+00    0.000E+00    0.000E+00
     1.690     0.164    0.719E+00    0.431E+00    0.867E+00    0.613E-01    0.102E+00    0.326E-01    0.326E-01    0.000E+00    0.000E+00    0.000E+00    0.000E+00
     1.690     0.165    0.720E+00    0.430E+00    0.858E+00    0.609E-01    0.101E+00    0.323E-01    0.323E-01    0.000E+00    0.000E+00    0.000E+00    0.000E+00
     1.690     0.166    0.720E+00    0.430E+00    0.849E+00    0.605E-01    0.100E+00    0.321E-01    0.321E-01    0.000E+00    0.000E+00    0.000E+00    0.000E+00
     1.690     0.167    0.721E+00    0.429E+00    0.840E+00    0.601E-01    0.994E-01    0.319E-01    0.319E-01    0.000E+00    0.000E+00    0.000E+00    0.000E+00
     1.690     0.168    0.722E+00    0.428E+00    0.831E+00    0.596E-01    0.987E-01    0.317E-01    0.317E-01    0.000E+00    0.000E+00    0.000E+00    0.000E+00
     1.690     0.169    0.722E+00    0.428E+00    0.822E+00    0.592E-01    0.980E-01    0.315E-01    0.315E-01    0.000E+00    0.000E+00    0.000E+00    0.000E+00
     1.690     0.170    0.723E+00    0.427E+00    0.814E+00    0.588E-01    0.973E-01    0.312E-01    0.312E-01    0.000E+00    0.000E+00    0.000E+00    0.000E+00
     1.690     0.171    0.724E+00    0.426E+00    0.805E+00    0.584E-01    0.966E-01    0.310E-01    0.310E-01    0.000E+00    0.000E+00    0.000E+00    0.000E+00
     1.690     0.172    0.724E+00    0.426E+00    0.797E+00    0.580E-01    0.959E-01    0.308E-01    0.308E-01    0.000E+00    0.000E+00    0.000E+00    0.000E+00
     1.690     0.173    0.725E+00    0.425E+00    0.788E+00    0.576E-01    0.952E-01    0.306E-01    0.306E-01    0.000E+00    0.000E+00    0.000E+00    0.000E+00
     1.690     0.174    0.725E+00    0.425E+00    0.780E+00    0.572E-01    0.945E-01    0.304E-01    0.304E-01    0.000E+00    0.000E+00    0.000E+00    0.000E+00
     1.690     0.175    0.726E+00    0.424E+00    0.772E+00    0.568E-01    0.938E-01    0.301E-01    0.301E-01    0.000E+00    0.000E+00    0.000E+00    0.000E+00
     1.690     0.176    0.726E+00    0.423E+00    0.764E+00    0.565E-01    0.931E-01    0.299E-01    0.299E-01    0.000E+00    0.000E+00    0.000E+00    0.000E+00
     1.690     0.177    0.727E+00    0.423E+00    0.756E+00    0.561E-01    0.924E-01    0.297E-01    0.297E-01    0.000E+00    0.000E+00    0.000E+00    0.000E+00
     1.690     0.178    0.727E+00    0.422E+00    0.748E+00    0.557E-01    0.917E-01    0.295E-01    0.295E-01    0.000E+00    0.000E+00    0.000E+00    0.000E+00
     1.690     0.179    0.728E+00    0.421E+00    0.740E+00    0.553E-01    0.910E-01    0.293E-01    0.293E-01    0.000E+00    0.000E+00    0.000E+00    0.000E+00
     1.690     0.180    0.728E+00    0.421E+00    0.732E+00    0.550E-01    0.904E-01    0.291E-01    0.291E-01    0.000E+00    0.000E+00    0.000E+00    0.000E+00
     1.690     0.181    0.729E+00    0.420E+00    0.724E+00    0.546E-01    0.897E-01    0.289E-01    0.289E-01    0.000E+00    0.000E+00    0.000E+00    0.000E+00
     1.690     0.182    0.729E+00    0.419E+00    0.717E+00    0.542E-01    0.890E-01    0.286E-01    0.286E-01    0.000E+00    0.000E+00    0.000E+00    0.000E+00
     1.690     0.183    0.730E+00    0.419E+00    0.709E+00    0.539E-01    0.883E-01    0.284E-01    0.284E-01    0.000E+00    0.000E+00    0.000E+00    0.000E+00
     1.690     0.184    0.730E+00    0.418E+00    0.702E+00    0.535E-01    0.876E-01    0.282E-01    0.282E-01    0.000E+00    0.000E+00    0.000E+00    0.000E+00
     1.690     0.185    0.730E+00    0.417E+00    0.695E+00    0.532E-01    0.869E-01    0.280E-01    0.280E-01    0.000E+00    0.000E+00    0.000E+00    0.000E+00
     1.690     0.186    0.731E+00    0.416E+00    0.687E+00    0.528E-01    0.862E-01    0.278E-01    0.278E-01    0.000E+00    0.000E+00    0.000E+00    0.000E+00
     1.690     0.187    0.731E+00    0.416E+00    0.680E+00    0.525E-01    0.855E-01    0.276E-01    0.276E-01    0.000E+00    0.000E+00    0.000E+00    0.000E+00
     1.690     0.188    0.732E+00    0.415E+00    0.673E+00    0.521E-01    0.849E-01    0.274E-01    0.274E-01    0.000E+00    0.000E+00    0.000E+00    0.000E+00
     1.690     0.189    0.732E+00    0.414E+00    0.666E+00    0.518E-01    0.842E-01    0.272E-01    0.272E-01    0.000E+00    0.000E+00    0.000E+00    0.000E+00
     1.690     0.190    0.732E+00    0.414E+00    0.659E+00    0.514E-01    0.835E-01    0.270E-01    0.270E-01    0.000E+00    0.000E+00    0.000E+00    0.000E+00
     1.690     0.191    0.732E+00    0.413E+00    0.652E+00    0.511E-01    0.828E-01    0.268E-01    0.268E-01    0.000E+00    0.000E+00    0.000E+00    0.000E+00
     1.690     0.192    0.733E+00    0.412E+00    0.645E+00    0.508E-01    0.822E-01    0.266E-01    0.266E-01    0.000E+00    0.000E+00    0.000E+00    0.000E+00
     1.690     0.193    0.733E+00    0.411E+00    0.638E+00    0.504E-01    0.815E-01    0.264E-01    0.264E-01    0.000E+00    0.000E+00    0.000E+00    0.000E+00
     1.690     0.194    0.733E+00    0.411E+00    0.631E+00    0.501E-01    0.808E-01    0.262E-01    0.262E-01    0.000E+00    0.000E+00    0.000E+00    0.000E+00
     1.690     0.195    0.733E+00    0.410E+00    0.625E+00    0.498E-01    0.801E-01    0.260E-01    0.260E-01    0.000E+00    0.000E+00    0.000E+00    0.000E+00
     1.690     0.196    0.734E+00    0.409E+00    0.618E+00    0.495E-01    0.795E-01    0.258E-01    0.258E-01    0.000E+00    0.000E+00    0.000E+00    0.000E+00
     1.690     0.197    0.734E+00    0.409E+00    0.612E+00    0.491E-01    0.788E-01    0.256E-01    0.256E-01    0.000E+00    0.000E+00    0.000E+00    0.000E+00
     1.690     0.198    0.734E+00    0.408E+00    0.605E+00    0.488E-01    0.782E-01    0.254E-01    0.254E-01    0.000E+00    0.000E+00    0.000E+00    0.000E+00
     1.690     0.199    0.734E+00    0.407E+00    0.599E+00    0.485E-01    0.775E-01    0.252E-01    0.252E-01    0.000E+00    0.000E+00    0.000E+00    0.000E+00
     1.690     0.200    0.734E+00    0.406E+00    0.593E+00    0.482E-01    0.768E-01    0.250E-01    0.250E-01    0.000E+00    0.000E+00    0.000E+00    0.000E+00
     1.690     0.201    0.735E+00    0.406E+00    0.587E+00    0.479E-01    0.762E-01    0.248E-01    0.248E-01    0.000E+00    0.000E+00    0.000E+00    0.000E+00
     1.690     0.202    0.735E+00    0.405E+00    0.581E+00    0.476E-01    0.755E-01    0.246E-01    0.246E-01    0.000E+00    0.000E+00    0.000E+00    0.000E+00
     1.690     0.203    0.735E+00    0.404E+00    0.574E+00    0.473E-01    0.749E-01    0.244E-01    0.244E-01    0.000E+00    0.000E+00    0.000E+00    0.000E+00
     1.690     0.204    0.735E+00    0.403E+00    0.568E+00    0.470E-01    0.743E-01    0.242E-01    0.242E-01    0.000E+00    0.000E+00    0.000E+00    0.000E+00
     1.690     0.205    0.735E+00    0.403E+00    0.562E+00    0.467E-01    0.736E-01    0.241E-01    0.241E-01    0.000E+00    0.000E+00    0.000E+00    0.000E+00
     1.690     0.206    0.735E+00    0.402E+00    0.557E+00    0.464E-01    0.730E-01    0.239E-01    0.239E-01    0.000E+00    0.000E+00    0.000E+00    0.000E+00
     1.690     0.207    0.735E+00    0.401E+00    0.551E+00    0.461E-01    0.723E-01    0.237E-01    0.237E-01    0.000E+00    0.000E+00    0.000E+00    0.000E+00
     1.690     0.208    0.735E+00    0.400E+00    0.545E+00    0.458E-01    0.717E-01    0.235E-01    0.235E-01    0.000E+00    0.000E+00    0.000E+00    0.000E+00
     1.690     0.209    0.735E+00    0.400E+00    0.539E+00    0.455E-01    0.711E-01    0.233E-01    0.233E-01    0.000E+00    0.000E+00    0.000E+00    0.000E+00
     1.690     0.210    0.735E+00    0.399E+00    0.534E+00    0.452E-01    0.704E-01    0.231E-01    0.231E-01    0.000E+00    0.000E+00    0.000E+00    0.000E+00
     1.690     0.211    0.735E+00    0.398E+00    0.528E+00    0.449E-01    0.698E-01    0.229E-01    0.229E-01    0.000E+00    0.000E+00    0.000E+00    0.000E+00
     1.690     0.212    0.735E+00    0.397E+00    0.523E+00    0.446E-01    0.692E-01    0.228E-01    0.228E-01    0.000E+00    0.000E+00    0.000E+00    0.000E+00
     1.690     0.213    0.735E+00    0.396E+00    0.517E+00    0.443E-01    0.686E-01    0.226E-01    0.226E-01    0.000E+00    0.000E+00    0.000E+00    0.000E+00
     1.690     0.214    0.735E+00    0.396E+00    0.512E+00    0.440E-01    0.680E-01    0.224E-01    0.224E-01    0.000E+00    0.000E+00    0.000E+00    0.000E+00
     1.690     0.215    0.735E+00    0.395E+00    0.507E+00    0.437E-01    0.674E-01    0.222E-01    0.222E-01    0.000E+00    0.000E+00    0.000E+00    0.000E+00
     1.690     0.216    0.735E+00    0.394E+00    0.502E+00    0.434E-01    0.668E-01    0.220E-01    0.220E-01    0.000E+00    0.000E+00    0.000E+00    0.000E+00
     1.690     0.217    0.735E+00    0.393E+00    0.496E+00    0.432E-01    0.662E-01    0.219E-01    0.219E-01    0.000E+00    0.000E+00    0.000E+00    0.000E+00
     1.690     0.218    0.735E+00    0.393E+00    0.491E+00    0.429E-01    0.656E-01    0.217E-01    0.217E-01    0.000E+00    0.000E+00    0.000E+00    0.000E+00
     1.690     0.219    0.735E+00    0.392E+00    0.486E+00    0.426E-01    0.650E-01    0.215E-01    0.215E-01    0.000E+00    0.000E+00    0.000E+00    0.000E+00
     1.690     0.220    0.735E+00    0.391E+00    0.481E+00    0.423E-01    0.644E-01    0.213E-01    0.213E-01    0.000E+00    0.000E+00    0.000E+00    0.000E+00
     1.690     0.221    0.735E+00    0.390E+00    0.476E+00    0.420E-01    0.638E-01    0.212E-01    0.212E-01    0.000E+00    0.000E+00    0.000E+00    0.000E+00
     1.690     0.222    0.734E+00    0.389E+00    0.471E+00    0.418E-01    0.632E-01    0.210E-01    0.210E-01    0.000E+00    0.000E+00    0.000E+00    0.000E+00
     1.690     0.223    0.734E+00    0.389E+00    0.467E+00    0.415E-01    0.626E-01    0.208E-01    0.208E-01    0.000E+00    0.000E+00    0.000E+00    0.000E+00
     1.690     0.224    0.734E+00    0.388E+00    0.462E+00    0.412E-01    0.620E-01    0.206E-01    0.206E-01    0.000E+00    0.000E+00    0.000E+00    0.000E+00
     1.690     0.225    0.734E+00    0.387E+00    0.457E+00    0.409E-01    0.614E-01    0.205E-01    0.205E-01    0.000E+00    0.000E+00    0.000E+00    0.000E+00
     1.690     0.226    0.734E+00    0.386E+00    0.453E+00    0.407E-01    0.609E-01    0.203E-01    0.203E-01    0.000E+00    0.000E+00    0.000E+00    0.000E+00
     1.690     0.227    0.734E+00    0.385E+00    0.448E+00    0.404E-01    0.603E-01    0.201E-01    0.201E-01    0.000E+00    0.000E+00    0.000E+00    0.000E+00
     1.690     0.228    0.733E+00    0.385E+00    0.443E+00    0.401E-01    0.597E-01    0.200E-01    0.200E-01    0.000E+00    0.000E+00    0.000E+00    0.000E+00
     1.690     0.229    0.733E+00    0.384E+00    0.439E+00    0.399E-01    0.592E-01    0.198E-01    0.198E-01    0.000E+00    0.000E+00    0.000E+00    0.000E+00
     1.690     0.230    0.733E+00    0.383E+00    0.435E+00    0.396E-01    0.586E-01    0.196E-01    0.196E-01    0.000E+00    0.000E+00    0.000E+00    0.000E+00
     1.690     0.231    0.733E+00    0.382E+00    0.430E+00    0.394E-01    0.580E-01    0.195E-01    0.195E-01    0.000E+00    0.000E+00    0.000E+00    0.000E+00
     1.690     0.232    0.732E+00    0.381E+00    0.426E+00    0.391E-01    0.575E-01    0.193E-01    0.193E-01    0.000E+00    0.000E+00    0.000E+00    0.000E+00
     1.690     0.233    0.732E+00    0.380E+00    0.422E+00    0.388E-01    0.569E-01    0.192E-01    0.192E-01    0.000E+00    0.000E+00    0.000E+00    0.000E+00
     1.690     0.234    0.732E+00    0.380E+00    0.417E+00    0.386E-01    0.564E-01    0.190E-01    0.190E-01    0.000E+00    0.000E+00    0.000E+00    0.000E+00
     1.690     0.235    0.731E+00    0.379E+00    0.413E+00    0.383E-01    0.558E-01    0.188E-01    0.188E-01    0.000E+00    0.000E+00    0.000E+00    0.000E+00
     1.690     0.236    0.731E+00    0.378E+00    0.409E+00    0.381E-01    0.553E-01    0.187E-01    0.187E-01    0.000E+00    0.000E+00    0.000E+00    0.000E+00
     1.690     0.237    0.731E+00    0.377E+00    0.405E+00    0.378E-01    0.548E-01    0.185E-01    0.185E-01    0.000E+00    0.000E+00    0.000E+00    0.000E+00
     1.690     0.238    0.730E+00    0.376E+00    0.401E+00    0.375E-01    0.542E-01    0.184E-01    0.184E-01    0.000E+00    0.000E+00    0.000E+00    0.000E+00
     1.690     0.239    0.730E+00    0.375E+00    0.397E+00    0.373E-01    0.537E-01    0.182E-01    0.182E-01    0.000E+00    0.000E+00    0.000E+00    0.000E+00
     1.690     0.240    0.729E+00    0.375E+00    0.393E+00    0.370E-01    0.532E-01    0.180E-01    0.180E-01    0.000E+00    0.000E+00    0.000E+00    0.000E+00
     1.690     0.241    0.729E+00    0.374E+00    0.389E+00    0.368E-01    0.527E-01    0.179E-01    0.179E-01    0.000E+00    0.000E+00    0.000E+00    0.000E+00
     1.690     0.242    0.729E+00    0.373E+00    0.386E+00    0.365E-01    0.521E-01    0.177E-01    0.177E-01    0.000E+00    0.000E+00    0.000E+00    0.000E+00
     1.690     0.243    0.728E+00    0.372E+00    0.382E+00    0.363E-01    0.516E-01    0.176E-01    0.176E-01    0.000E+00    0.000E+00    0.000E+00    0.000E+00
     1.690     0.244    0.728E+00    0.371E+00    0.378E+00    0.360E-01    0.511E-01    0.174E-01    0.174E-01    0.000E+00    0.000E+00    0.000E+00    0.000E+00
     1.690     0.245    0.727E+00    0.370E+00    0.374E+00    0.358E-01    0.506E-01    0.173E-01    0.173E-01    0.000E+00    0.000E+00    0.000E+00    0.000E+00
     1.690     0.246    0.727E+00    0.369E+00    0.371E+00    0.356E-01    0.501E-01    0.171E-01    0.171E-01    0.000E+00    0.000E+00    0.000E+00    0.000E+00
     1.690     0.247    0.726E+00    0.369E+00    0.367E+00    0.353E-01    0.496E-01    0.170E-01    0.170E-01    0.000E+00    0.000E+00    0.000E+00    0.000E+00
     1.690     0.248    0.726E+00    0.368E+00    0.364E+00    0.351E-01    0.491E-01    0.168E-01    0.168E-01    0.000E+00    0.000E+00    0.000E+00    0.000E+00
     1.690     0.249    0.725E+00    0.367E+00    0.360E+00    0.348E-01    0.486E-01    0.167E-01    0.167E-01    0.000E+00    0.000E+00    0.000E+00    0.000E+00
     1.690     0.250    0.725E+00    0.366E+00    0.357E+00    0.346E-01    0.481E-01    0.165E-01    0.165E-01    0.000E+00    0.000E+00    0.000E+00    0.000E+00
     1.690     0.251    0.724E+00    0.365E+00    0.353E+00    0.343E-01    0.476E-01    0.164E-01    0.164E-01    0.000E+00    0.000E+00    0.000E+00    0.000E+00
     1.690     0.252    0.724E+00    0.364E+00    0.350E+00    0.341E-01    0.472E-01    0.163E-01    0.163E-01    0.000E+00    0.000E+00    0.000E+00    0.000E+00
     1.690     0.253    0.723E+00    0.363E+00    0.347E+00    0.339E-01    0.467E-01    0.161E-01    0.161E-01    0.000E+00    0.000E+00    0.000E+00    0.000E+00
     1.690     0.254    0.723E+00    0.363E+00    0.344E+00    0.336E-01    0.462E-01    0.160E-01    0.160E-01    0.000E+00    0.000E+00    0.000E+00    0.000E+00
     1.690     0.255    0.722E+00    0.362E+00    0.340E+00    0.334E-01    0.457E-01    0.158E-01    0.158E-01    0.000E+00    0.000E+00    0.000E+00    0.000E+00
     1.690     0.256    0.721E+00    0.361E+00    0.337E+00    0.331E-01    0.453E-01    0.157E-01    0.157E-01    0.000E+00    0.000E+00    0.000E+00    0.000E+00
     1.690     0.257    0.721E+00    0.360E+00    0.334E+00    0.329E-01    0.448E-01    0.155E-01    0.155E-01    0.000E+00    0.000E+00    0.000E+00    0.000E+00
     1.690     0.258    0.720E+00    0.359E+00    0.331E+00    0.327E-01    0.444E-01    0.154E-01    0.154E-01    0.000E+00    0.000E+00    0.000E+00    0.000E+00
     1.690     0.259    0.720E+00    0.358E+00    0.328E+00    0.324E-01    0.439E-01    0.153E-01    0.153E-01    0.000E+00    0.000E+00    0.000E+00    0.000E+00
     1.690     0.260    0.719E+00    0.357E+00    0.325E+00    0.322E-01    0.435E-01    0.151E-01    0.151E-01    0.000E+00    0.000E+00    0.000E+00    0.000E+00
     1.690     0.261    0.718E+00    0.356E+00    0.322E+00    0.320E-01    0.430E-01    0.150E-01    0.150E-01    0.000E+00    0.000E+00    0.000E+00    0.000E+00
     1.690     0.262    0.718E+00    0.355E+00    0.319E+00    0.317E-01    0.426E-01    0.149E-01    0.149E-01    0.000E+00    0.000E+00    0.000E+00    0.000E+00
     1.690     0.263    0.717E+00    0.355E+00    0.316E+00    0.315E-01    0.421E-01    0.147E-01    0.147E-01    0.000E+00    0.000E+00    0.000E+00    0.000E+00
     1.690     0.264    0.716E+00    0.354E+00    0.313E+00    0.313E-01    0.417E-01    0.146E-01    0.146E-01    0.000E+00    0.000E+00    0.000E+00    0.000E+00
     1.690     0.265    0.716E+00    0.353E+00    0.310E+00    0.311E-01    0.412E-01    0.145E-01    0.145E-01    0.000E+00    0.000E+00    0.000E+00    0.000E+00
     1.690     0.266    0.715E+00    0.352E+00    0.307E+00    0.308E-01    0.408E-01    0.143E-01    0.143E-01    0.000E+00    0.000E+00    0.000E+00    0.000E+00
     1.690     0.267    0.714E+00    0.351E+00    0.305E+00    0.306E-01    0.404E-01    0.142E-01    0.142E-01    0.000E+00    0.000E+00    0.000E+00    0.000E+00
     1.690     0.268    0.713E+00    0.350E+00    0.302E+00    0.304E-01    0.400E-01    0.141E-01    0.141E-01    0.000E+00    0.000E+00    0.000E+00    0.000E+00
     1.690     0.269    0.713E+00    0.349E+00    0.299E+00    0.301E-01    0.396E-01    0.139E-01    0.139E-01    0.000E+00    0.000E+00    0.000E+00    0.000E+00
     1.690     0.270    0.712E+00    0.348E+00    0.297E+00    0.299E-01    0.391E-01    0.138E-01    0.138E-01    0.000E+00    0.000E+00    0.000E+00    0.000E+00
     1.690     0.271    0.711E+00    0.347E+00    0.294E+00    0.297E-01    0.387E-01    0.137E-01    0.137E-01    0.000E+00    0.000E+00    0.000E+00    0.000E+00
     1.690     0.272    0.710E+00    0.346E+00    0.292E+00    0.295E-01    0.383E-01    0.136E-01    0.136E-01    0.000E+00    0.000E+00    0.000E+00    0.000E+00
     1.690     0.273    0.710E+00    0.345E+00    0.289E+00    0.293E-01    0.379E-01    0.134E-01    0.134E-01    0.000E+00    0.000E+00    0.000E+00    0.000E+00
     1.690     0.274    0.709E+00    0.344E+00    0.286E+00    0.290E-01    0.375E-01    0.133E-01    0.133E-01    0.000E+00    0.000E+00    0.000E+00    0.000E+00
     1.690     0.275    0.708E+00    0.344E+00    0.284E+00    0.288E-01    0.371E-01    0.132E-01    0.132E-01    0.000E+00    0.000E+00    0.000E+00    0.000E+00
     1.690     0.276    0.707E+00    0.343E+00    0.282E+00    0.286E-01    0.367E-01    0.131E-01    0.131E-01    0.000E+00    0.000E+00    0.000E+00    0.000E+00
     1.690     0.277    0.706E+00    0.342E+00    0.279E+00    0.284E-01    0.363E-01    0.129E-01    0.129E-01    0.000E+00    0.000E+00    0.000E+00    0.000E+00
     1.690     0.278    0.705E+00    0.341E+00    0.277E+00    0.282E-01    0.359E-01    0.128E-01    0.128E-01    0.000E+00    0.000E+00    0.000E+00    0.000E+00
     1.690     0.279    0.705E+00    0.340E+00    0.274E+00    0.279E-01    0.356E-01    0.127E-01    0.127E-01    0.000E+00    0.000E+00    0.000E+00    0.000E+00
     1.690     0.280    0.704E+00    0.339E+00    0.272E+00    0.277E-01    0.352E-01    0.126E-01    0.126E-01    0.000E+00    0.000E+00    0.000E+00    0.000E+00
     1.690     0.281    0.703E+00    0.338E+00    0.270E+00    0.275E-01    0.348E-01    0.125E-01    0.125E-01    0.000E+00    0.000E+00    0.000E+00    0.000E+00
     1.690     0.282    0.702E+00    0.337E+00    0.268E+00    0.273E-01    0.344E-01    0.123E-01    0.123E-01    0.000E+00    0.000E+00    0.000E+00    0.000E+00
     1.690     0.283    0.701E+00    0.336E+00    0.265E+00    0.271E-01    0.341E-01    0.122E-01    0.122E-01    0.000E+00    0.000E+00    0.000E+00    0.000E+00
     1.690     0.284    0.700E+00    0.335E+00    0.263E+00    0.269E-01    0.337E-01    0.121E-01    0.121E-01    0.000E+00    0.000E+00    0.000E+00    0.000E+00
     1.690     0.285    0.699E+00    0.334E+00    0.261E+00    0.267E-01    0.333E-01    0.120E-01    0.120E-01    0.000E+00    0.000E+00    0.000E+00    0.000E+00
     1.690     0.286    0.698E+00    0.333E+00    0.259E+00    0.264E-01    0.330E-01    0.119E-01    0.119E-01    0.000E+00    0.000E+00    0.000E+00    0.000E+00
     1.690     0.287    0.697E+00    0.332E+00    0.257E+00    0.262E-01    0.326E-01    0.118E-01    0.118E-01    0.000E+00    0.000E+00    0.000E+00    0.000E+00
     1.690     0.288    0.696E+00    0.331E+00    0.255E+00    0.260E-01    0.323E-01    0.117E-01    0.117E-01    0.000E+00    0.000E+00    0.000E+00    0.000E+00
     1.690     0.289    0.695E+00    0.330E+00    0.253E+00    0.258E-01    0.319E-01    0.115E-01    0.115E-01    0.000E+00    0.000E+00    0.000E+00    0.000E+00
     1.690     0.290    0.695E+00    0.329E+00    0.251E+00    0.256E-01    0.316E-01    0.114E-01    0.114E-01    0.000E+00    0.000E+00    0.000E+00    0.000E+00
     1.690     0.291    0.694E+00    0.328E+00    0.249E+00    0.254E-01    0.312E-01    0.113E-01    0.113E-01    0.000E+00    0.000E+00    0.000E+00    0.000E+00
     1.690     0.292    0.693E+00    0.327E+00    0.247E+00    0.252E-01    0.309E-01    0.112E-01    0.112E-01    0.000E+00    0.000E+00    0.000E+00    0.000E+00
     1.690     0.293    0.692E+00    0.326E+00    0.245E+00    0.250E-01    0.306E-01    0.111E-01    0.111E-01    0.000E+00    0.000E+00    0.000E+00    0.000E+00
     1.690     0.294    0.691E+00    0.326E+00    0.243E+00    0.248E-01    0.302E-01    0.110E-01    0.110E-01    0.000E+00    0.000E+00    0.000E+00    0.000E+00
     1.690     0.295    0.690E+00    0.325E+00    0.241E+00    0.246E-01    0.299E-01    0.109E-01    0.109E-01    0.000E+00    0.000E+00    0.000E+00    0.000E+00
     1.690     0.296    0.689E+00    0.324E+00    0.239E+00    0.244E-01    0.296E-01    0.108E-01    0.108E-01    0.000E+00    0.000E+00    0.000E+00    0.000E+00
     1.690     0.297    0.687E+00    0.323E+00    0.237E+00    0.242E-01    0.292E-01    0.107E-01    0.107E-01    0.000E+00    0.000E+00    0.000E+00    0.000E+00
     1.690     0.298    0.686E+00    0.322E+00    0.235E+00    0.240E-01    0.289E-01    0.106E-01    0.106E-01    0.000E+00    0.000E+00    0.000E+00    0.000E+00
     1.690     0.299    0.685E+00    0.321E+00    0.234E+00    0.238E-01    0.286E-01    0.105E-01    0.105E-01    0.000E+00    0.000E+00    0.000E+00    0.000E+00
     1.690     0.300    0.684E+00    0.320E+00    0.232E+00    0.236E-01    0.283E-01    0.104E-01    0.104E-01    0.000E+00    0.000E+00    0.000E+00    0.000E+00
     1.690     0.301    0.683E+00    0.319E+00    0.230E+00    0.234E-01    0.280E-01    0.103E-01    0.103E-01    0.000E+00    0.000E+00    0.000E+00    0.000E+00
     1.690     0.302    0.682E+00    0.318E+00    0.228E+00    0.232E-01    0.277E-01    0.102E-01    0.102E-01    0.000E+00    0.000E+00    0.000E+00    0.000E+00
     1.690     0.303    0.681E+00    0.317E+00    0.227E+00    0.230E-01    0.274E-01    0.101E-01    0.101E-01    0.000E+00    0.000E+00    0.000E+00    0.000E+00
     1.690     0.304    0.680E+00    0.316E+00    0.225E+00    0.228E-01    0.271E-01    0.997E-02    0.997E-02    0.000E+00    0.000E+00    0.000E+00    0.000E+00
     1.690     0.305    0.679E+00    0.315E+00    0.223E+00    0.226E-01    0.268E-01    0.987E-02    0.987E-02    0.000E+00    0.000E+00    0.000E+00    0.000E+00
     1.690     0.306    0.678E+00    0.314E+00    0.222E+00    0.224E-01    0.265E-01    0.977E-02    0.977E-02    0.000E+00    0.000E+00    0.000E+00    0.000E+00
     1.690     0.307    0.677E+00    0.313E+00    0.220E+00    0.222E-01    0.262E-01    0.967E-02    0.967E-02    0.000E+00    0.000E+00    0.000E+00    0.000E+00
     1.690     0.308    0.675E+00    0.312E+00    0.219E+00    0.220E-01    0.259E-01    0.958E-02    0.958E-02    0.000E+00    0.000E+00    0.000E+00    0.000E+00
     1.690     0.309    0.674E+00    0.311E+00    0.217E+00    0.218E-01    0.256E-01    0.948E-02    0.948E-02    0.000E+00    0.000E+00    0.000E+00    0.000E+00
     1.690     0.310    0.673E+00    0.310E+00    0.215E+00    0.216E-01    0.253E-01    0.938E-02    0.938E-02    0.000E+00    0.000E+00    0.000E+00    0.000E+00
     1.690     0.311    0.672E+00    0.309E+00    0.214E+00    0.214E-01    0.250E-01    0.929E-02    0.929E-02    0.000E+00    0.000E+00    0.000E+00    0.000E+00
     1.690     0.312    0.671E+00    0.308E+00    0.212E+00    0.212E-01    0.247E-01    0.920E-02    0.920E-02    0.000E+00    0.000E+00    0.000E+00    0.000E+00
     1.690     0.313    0.670E+00    0.307E+00    0.211E+00    0.211E-01    0.245E-01    0.910E-02    0.910E-02    0.000E+00    0.000E+00    0.000E+00    0.000E+00
     1.690     0.314    0.668E+00    0.306E+00    0.210E+00    0.209E-01    0.242E-01    0.901E-02    0.901E-02    0.000E+00    0.000E+00    0.000E+00    0.000E+00
     1.690     0.315    0.667E+00    0.305E+00    0.208E+00    0.207E-01    0.239E-01    0.892E-02    0.892E-02    0.000E+00    0.000E+00    0.000E+00    0.000E+00
     1.690     0.316    0.666E+00    0.304E+00    0.207E+00    0.205E-01    0.236E-01    0.883E-02    0.883E-02    0.000E+00    0.000E+00    0.000E+00    0.000E+00
     1.690     0.317    0.665E+00    0.303E+00    0.205E+00    0.203E-01    0.234E-01    0.874E-02    0.874E-02    0.000E+00    0.000E+00    0.000E+00    0.000E+00
     1.690     0.318    0.664E+00    0.302E+00    0.204E+00    0.201E-01    0.231E-01    0.865E-02    0.865E-02    0.000E+00    0.000E+00    0.000E+00    0.000E+00
     1.690     0.319    0.662E+00    0.300E+00    0.203E+00    0.199E-01    0.229E-01    0.856E-02    0.856E-02    0.000E+00    0.000E+00    0.000E+00    0.000E+00
     1.690     0.320    0.661E+00    0.299E+00    0.201E+00    0.198E-01    0.226E-01    0.847E-02    0.847E-02    0.000E+00    0.000E+00    0.000E+00    0.000E+00
     1.690     0.321    0.660E+00    0.298E+00    0.200E+00    0.196E-01    0.223E-01    0.839E-02    0.839E-02    0.000E+00    0.000E+00    0.000E+00    0.000E+00
     1.690     0.322    0.659E+00    0.297E+00    0.199E+00    0.194E-01    0.221E-01    0.830E-02    0.830E-02    0.000E+00    0.000E+00    0.000E+00    0.000E+00
     1.690     0.323    0.657E+00    0.296E+00    0.197E+00    0.192E-01    0.218E-01    0.821E-02    0.821E-02    0.000E+00    0.000E+00    0.000E+00    0.000E+00
     1.690     0.324    0.656E+00    0.295E+00    0.196E+00    0.190E-01    0.216E-01    0.813E-02    0.813E-02    0.000E+00    0.000E+00    0.000E+00    0.000E+00
     1.690     0.325    0.655E+00    0.294E+00    0.195E+00    0.189E-01    0.214E-01    0.804E-02    0.804E-02    0.000E+00    0.000E+00    0.000E+00    0.000E+00
     1.690     0.326    0.654E+00    0.293E+00    0.194E+00    0.187E-01    0.211E-01    0.796E-02    0.796E-02    0.000E+00    0.000E+00    0.000E+00    0.000E+00
     1.690     0.327    0.652E+00    0.292E+00    0.192E+00    0.185E-01    0.209E-01    0.788E-02    0.788E-02    0.000E+00    0.000E+00    0.000E+00    0.000E+00
     1.690     0.328    0.651E+00    0.291E+00    0.191E+00    0.183E-01    0.206E-01    0.780E-02    0.780E-02    0.000E+00    0.000E+00    0.000E+00    0.000E+00
     1.690     0.329    0.650E+00    0.290E+00    0.190E+00    0.182E-01    0.204E-01    0.771E-02    0.771E-02    0.000E+00    0.000E+00    0.000E+00    0.000E+00
     1.690     0.330    0.648E+00    0.289E+00    0.189E+00    0.180E-01    0.202E-01    0.763E-02    0.763E-02    0.000E+00    0.000E+00    0.000E+00    0.000E+00
     1.690     0.331    0.647E+00    0.288E+00    0.188E+00    0.178E-01    0.199E-01    0.755E-02    0.755E-02    0.000E+00    0.000E+00    0.000E+00    0.000E+00
     1.690     0.332    0.646E+00    0.287E+00    0.186E+00    0.177E-01    0.197E-01    0.747E-02    0.747E-02    0.000E+00    0.000E+00    0.000E+00    0.000E+00
     1.690     0.333    0.644E+00    0.286E+00    0.185E+00    0.175E-01    0.195E-01    0.739E-02    0.739E-02    0.000E+00    0.000E+00    0.000E+00    0.000E+00
     1.690     0.334    0.643E+00    0.285E+00    0.184E+00    0.173E-01    0.193E-01    0.732E-02    0.732E-02    0.000E+00    0.000E+00    0.000E+00    0.000E+00
     1.690     0.335    0.642E+00    0.284E+00    0.183E+00    0.172E-01    0.190E-01    0.724E-02    0.724E-02    0.000E+00    0.000E+00    0.000E+00    0.000E+00
     1.690     0.336    0.640E+00    0.283E+00    0.182E+00    0.170E-01    0.188E-01    0.716E-02    0.716E-02    0.000E+00    0.000E+00    0.000E+00    0.000E+00
     1.690     0.337    0.639E+00    0.282E+00    0.181E+00    0.168E-01    0.186E-01    0.709E-02    0.709E-02    0.000E+00    0.000E+00    0.000E+00    0.000E+00
     1.690     0.338    0.638E+00    0.281E+00    0.180E+00    0.167E-01    0.184E-01    0.701E-02    0.701E-02    0.000E+00    0.000E+00    0.000E+00    0.000E+00
     1.690     0.339    0.636E+00    0.280E+00    0.179E+00    0.165E-01    0.182E-01    0.693E-02    0.693E-02    0.000E+00    0.000E+00    0.000E+00    0.000E+00
     1.690     0.340    0.635E+00    0.279E+00    0.178E+00    0.163E-01    0.180E-01    0.686E-02    0.686E-02    0.000E+00    0.000E+00    0.000E+00    0.000E+00
     1.690     0.341    0.634E+00    0.277E+00    0.177E+00    0.162E-01    0.178E-01    0.679E-02    0.679E-02    0.000E+00    0.000E+00    0.000E+00    0.000E+00
     1.690     0.342    0.632E+00    0.276E+00    0.176E+00    0.160E-01    0.176E-01    0.671E-02    0.671E-02    0.000E+00    0.000E+00    0.000E+00    0.000E+00
     1.690     0.343    0.631E+00    0.275E+00    0.175E+00    0.159E-01    0.173E-01    0.664E-02    0.664E-02    0.000E+00    0.000E+00    0.000E+00    0.000E+00
     1.690     0.344    0.629E+00    0.274E+00    0.174E+00    0.157E-01    0.171E-01    0.657E-02    0.657E-02    0.000E+00    0.000E+00    0.000E+00    0.000E+00
     1.690     0.345    0.628E+00    0.273E+00    0.173E+00    0.155E-01    0.169E-01    0.650E-02    0.650E-02    0.000E+00    0.000E+00    0.000E+00    0.000E+00
     1.690     0.346    0.627E+00    0.272E+00    0.172E+00    0.154E-01    0.168E-01    0.643E-02    0.643E-02    0.000E+00    0.000E+00    0.000E+00    0.000E+00
     1.690     0.347    0.625E+00    0.271E+00    0.171E+00    0.152E-01    0.166E-01    0.636E-02    0.636E-02    0.000E+00    0.000E+00    0.000E+00    0.000E+00
     1.690     0.348    0.624E+00    0.270E+00    0.170E+00    0.151E-01    0.164E-01    0.629E-02    0.629E-02    0.000E+00    0.000E+00    0.000E+00    0.000E+00
     1.690     0.349    0.622E+00    0.269E+00    0.169E+00    0.149E-01    0.162E-01    0.622E-02    0.622E-02    0.000E+00    0.000E+00    0.000E+00    0.000E+00
     1.690     0.350    0.621E+00    0.268E+00    0.168E+00    0.148E-01    0.160E-01    0.615E-02    0.615E-02    0.000E+00    0.000E+00    0.000E+00    0.000E+00
     1.690     0.351    0.619E+00    0.267E+00    0.167E+00    0.146E-01    0.158E-01    0.608E-02    0.608E-02    0.000E+00    0.000E+00    0.000E+00    0.000E+00
     1.690     0.352    0.618E+00    0.266E+00    0.166E+00    0.145E-01    0.156E-01    0.602E-02    0.602E-02    0.000E+00    0.000E+00    0.000E+00    0.000E+00
     1.690     0.353    0.616E+00    0.265E+00    0.166E+00    0.143E-01    0.154E-01    0.595E-02    0.595E-02    0.000E+00    0.000E+00    0.000E+00    0.000E+00
     1.690     0.354    0.615E+00    0.263E+00    0.165E+00    0.142E-01    0.153E-01    0.589E-02    0.589E-02    0.000E+00    0.000E+00    0.000E+00    0.000E+00
     1.690     0.355    0.614E+00    0.262E+00    0.164E+00    0.140E-01    0.151E-01    0.582E-02    0.582E-02    0.000E+00    0.000E+00    0.000E+00    0.000E+00
     1.690     0.356    0.612E+00    0.261E+00    0.163E+00    0.139E-01    0.149E-01    0.576E-02    0.576E-02    0.000E+00    0.000E+00    0.000E+00    0.000E+00
     1.690     0.357    0.611E+00    0.260E+00    0.162E+00    0.137E-01    0.147E-01    0.569E-02    0.569E-02    0.000E+00    0.000E+00    0.000E+00    0.000E+00
     1.690     0.358    0.609E+00    0.259E+00    0.161E+00    0.136E-01    0.145E-01    0.563E-02    0.563E-02    0.000E+00    0.000E+00    0.000E+00    0.000E+00
     1.690     0.359    0.608E+00    0.258E+00    0.161E+00    0.135E-01    0.144E-01    0.557E-02    0.557E-02    0.000E+00    0.000E+00    0.000E+00    0.000E+00
     1.690     0.360    0.606E+00    0.257E+00    0.160E+00    0.133E-01    0.142E-01    0.550E-02    0.550E-02    0.000E+00    0.000E+00    0.000E+00    0.000E+00
     1.690     0.361    0.605E+00    0.256E+00    0.159E+00    0.132E-01    0.140E-01    0.544E-02    0.544E-02    0.000E+00    0.000E+00    0.000E+00    0.000E+00
     1.690     0.362    0.603E+00    0.255E+00    0.158E+00    0.130E-01    0.139E-01    0.538E-02    0.538E-02    0.000E+00    0.000E+00    0.000E+00    0.000E+00
     1.690     0.363    0.602E+00    0.254E+00    0.157E+00    0.129E-01    0.137E-01    0.532E-02    0.532E-02    0.000E+00    0.000E+00    0.000E+00    0.000E+00
     1.690     0.364    0.600E+00    0.253E+00    0.157E+00    0.128E-01    0.135E-01    0.526E-02    0.526E-02    0.000E+00    0.000E+00    0.000E+00    0.000E+00
     1.690     0.365    0.599E+00    0.252E+00    0.156E+00    0.126E-01    0.134E-01    0.520E-02    0.520E-02    0.000E+00    0.000E+00    0.000E+00    0.000E+00
     1.690     0.366    0.597E+00    0.250E+00    0.155E+00    0.125E-01    0.132E-01    0.514E-02    0.514E-02    0.000E+00    0.000E+00    0.000E+00    0.000E+00
     1.690     0.367    0.596E+00    0.249E+00    0.154E+00    0.123E-01    0.131E-01    0.508E-02    0.508E-02    0.000E+00    0.000E+00    0.000E+00    0.000E+00
     1.690     0.368    0.594E+00    0.248E+00    0.154E+00    0.122E-01    0.129E-01    0.503E-02    0.503E-02    0.000E+00    0.000E+00    0.000E+00    0.000E+00
     1.690     0.369    0.592E+00    0.247E+00    0.153E+00    0.121E-01    0.128E-01    0.497E-02    0.497E-02    0.000E+00    0.000E+00    0.000E+00    0.000E+00
     1.690     0.370    0.591E+00    0.246E+00    0.152E+00    0.120E-01    0.126E-01    0.491E-02    0.491E-02    0.000E+00    0.000E+00    0.000E+00    0.000E+00
     1.690     0.371    0.589E+00    0.245E+00    0.151E+00    0.118E-01    0.125E-01    0.485E-02    0.485E-02    0.000E+00    0.000E+00    0.000E+00    0.000E+00
     1.690     0.372    0.588E+00    0.244E+00    0.151E+00    0.117E-01    0.123E-01    0.480E-02    0.480E-02    0.000E+00    0.000E+00    0.000E+00    0.000E+00
     1.690     0.373    0.586E+00    0.243E+00    0.150E+00    0.116E-01    0.122E-01    0.474E-02    0.474E-02    0.000E+00    0.000E+00    0.000E+00    0.000E+00
     1.690     0.374    0.585E+00    0.242E+00    0.149E+00    0.114E-01    0.120E-01    0.469E-02    0.469E-02    0.000E+00    0.000E+00    0.000E+00    0.000E+00
     1.690     0.375    0.583E+00    0.241E+00    0.149E+00    0.113E-01    0.119E-01    0.464E-02    0.464E-02    0.000E+00    0.000E+00    0.000E+00    0.000E+00
     1.690     0.376    0.582E+00    0.239E+00    0.148E+00    0.112E-01    0.117E-01    0.458E-02    0.458E-02    0.000E+00    0.000E+00    0.000E+00    0.000E+00
     1.690     0.377    0.580E+00    0.238E+00    0.147E+00    0.111E-01    0.116E-01    0.453E-02    0.453E-02    0.000E+00    0.000E+00    0.000E+00    0.000E+00
     1.690     0.378    0.578E+00    0.237E+00    0.147E+00    0.109E-01    0.114E-01    0.448E-02    0.448E-02    0.000E+00    0.000E+00    0.000E+00    0.000E+00
     1.690     0.379    0.577E+00    0.236E+00    0.146E+00    0.108E-01    0.113E-01    0.442E-02    0.442E-02    0.000E+00    0.000E+00    0.000E+00    0.000E+00
     1.690     0.380    0.575E+00    0.235E+00    0.145E+00    0.107E-01    0.112E-01    0.437E-02    0.437E-02    0.000E+00    0.000E+00    0.000E+00    0.000E+00
     1.690     0.381    0.574E+00    0.234E+00    0.145E+00    0.106E-01    0.110E-01    0.432E-02    0.432E-02    0.000E+00    0.000E+00    0.000E+00    0.000E+00
     1.690     0.382    0.572E+00    0.233E+00    0.144E+00    0.105E-01    0.109E-01    0.427E-02    0.427E-02    0.000E+00    0.000E+00    0.000E+00    0.000E+00
     1.690     0.383    0.570E+00    0.232E+00    0.143E+00    0.103E-01    0.108E-01    0.422E-02    0.422E-02    0.000E+00    0.000E+00    0.000E+00    0.000E+00
     1.690     0.384    0.569E+00    0.231E+00    0.143E+00    0.102E-01    0.106E-01    0.417E-02    0.417E-02    0.000E+00    0.000E+00    0.000E+00    0.000E+00
     1.690     0.385    0.567E+00    0.230E+00    0.142E+00    0.101E-01    0.105E-01    0.412E-02    0.412E-02    0.000E+00    0.000E+00    0.000E+00    0.000E+00
     1.690     0.386    0.566E+00    0.228E+00    0.142E+00    0.999E-02    0.104E-01    0.407E-02    0.407E-02    0.000E+00    0.000E+00    0.000E+00    0.000E+00
     1.690     0.387    0.564E+00    0.227E+00    0.141E+00    0.988E-02    0.102E-01    0.402E-02    0.402E-02    0.000E+00    0.000E+00    0.000E+00    0.000E+00
     1.690     0.388    0.562E+00    0.226E+00    0.140E+00    0.976E-02    0.101E-01    0.398E-02    0.398E-02    0.000E+00    0.000E+00    0.000E+00    0.000E+00
     1.690     0.389    0.561E+00    0.225E+00    0.140E+00    0.965E-02    0.999E-02    0.393E-02    0.393E-02    0.000E+00    0.000E+00    0.000E+00    0.000E+00
     1.690     0.390    0.559E+00    0.224E+00    0.139E+00    0.954E-02    0.987E-02    0.388E-02    0.388E-02    0.000E+00    0.000E+00    0.000E+00    0.000E+00
     1.690     0.391    0.558E+00    0.223E+00    0.139E+00    0.943E-02    0.975E-02    0.384E-02    0.384E-02    0.000E+00    0.000E+00    0.000E+00    0.000E+00
     1.690     0.392    0.556E+00    0.222E+00    0.138E+00    0.932E-02    0.963E-02    0.379E-02    0.379E-02    0.000E+00    0.000E+00    0.000E+00    0.000E+00
     1.690     0.393    0.554E+00    0.221E+00    0.137E+00    0.921E-02    0.951E-02    0.374E-02    0.374E-02    0.000E+00    0.000E+00    0.000E+00    0.000E+00
     1.690     0.394    0.553E+00    0.220E+00    0.137E+00    0.910E-02    0.939E-02    0.370E-02    0.370E-02    0.000E+00    0.000E+00    0.000E+00    0.000E+00
     1.690     0.395    0.551E+00    0.219E+00    0.136E+00    0.900E-02    0.928E-02    0.365E-02    0.365E-02    0.000E+00    0.000E+00    0.000E+00    0.000E+00
     1.690     0.396    0.549E+00    0.217E+00    0.136E+00    0.889E-02    0.916E-02    0.361E-02    0.361E-02    0.000E+00    0.000E+00    0.000E+00    0.000E+00
     1.690     0.397    0.548E+00    0.216E+00    0.135E+00    0.879E-02    0.905E-02    0.357E-02    0.357E-02    0.000E+00    0.000E+00    0.000E+00    0.000E+00
     1.690     0.398    0.546E+00    0.215E+00    0.135E+00    0.868E-02    0.893E-02    0.352E-02    0.352E-02    0.000E+00    0.000E+00    0.000E+00    0.000E+00
     1.690     0.399    0.544E+00    0.214E+00    0.134E+00    0.858E-02    0.882E-02    0.348E-02    0.348E-02    0.000E+00    0.000E+00    0.000E+00    0.000E+00
     1.690     0.400    0.543E+00    0.213E+00    0.133E+00    0.848E-02    0.871E-02    0.344E-02    0.344E-02    0.000E+00    0.000E+00    0.000E+00    0.000E+00
     1.690     0.401    0.541E+00    0.212E+00    0.133E+00    0.838E-02    0.860E-02    0.340E-02    0.340E-02    0.000E+00    0.000E+00    0.000E+00    0.000E+00
     1.690     0.402    0.539E+00    0.211E+00    0.132E+00    0.828E-02    0.849E-02    0.335E-02    0.335E-02    0.000E+00    0.000E+00    0.000E+00    0.000E+00
     1.690     0.403    0.538E+00    0.210E+00    0.132E+00    0.818E-02    0.839E-02    0.331E-02    0.331E-02    0.000E+00    0.000E+00    0.000E+00    0.000E+00
     1.690     0.404    0.536E+00    0.209E+00    0.131E+00    0.808E-02    0.828E-02    0.327E-02    0.327E-02    0.000E+00    0.000E+00    0.000E+00    0.000E+00
     1.690     0.405    0.534E+00    0.208E+00    0.131E+00    0.798E-02    0.818E-02    0.323E-02    0.323E-02    0.000E+00    0.000E+00    0.000E+00    0.000E+00
     1.690     0.406    0.533E+00    0.207E+00    0.130E+00    0.789E-02    0.807E-02    0.319E-02    0.319E-02    0.000E+00    0.000E+00    0.000E+00    0.000E+00
     1.690     0.407    0.531E+00    0.205E+00    0.130E+00    0.779E-02    0.797E-02    0.315E-02    0.315E-02    0.000E+00    0.000E+00    0.000E+00    0.000E+00
     1.690     0.408    0.529E+00    0.204E+00    0.129E+00    0.770E-02    0.787E-02    0.311E-02    0.311E-02    0.000E+00    0.000E+00    0.000E+00    0.000E+00
     1.690     0.409    0.528E+00    0.203E+00    0.129E+00    0.761E-02    0.777E-02    0.308E-02    0.308E-02    0.000E+00    0.000E+00    0.000E+00    0.000E+00
     1.690     0.410    0.526E+00    0.202E+00    0.128E+00    0.751E-02    0.767E-02    0.304E-02    0.304E-02    0.000E+00    0.000E+00    0.000E+00    0.000E+00
     1.690     0.411    0.524E+00    0.201E+00    0.128E+00    0.742E-02    0.758E-02    0.300E-02    0.300E-02    0.000E+00    0.000E+00    0.000E+00    0.000E+00
     1.690     0.412    0.523E+00    0.200E+00    0.127E+00    0.733E-02    0.748E-02    0.296E-02    0.296E-02    0.000E+00    0.000E+00    0.000E+00    0.000E+00
     1.690     0.413    0.521E+00    0.199E+00    0.127E+00    0.724E-02    0.738E-02    0.292E-02    0.292E-02    0.000E+00    0.000E+00    0.000E+00    0.000E+00
     1.690     0.414    0.519E+00    0.198E+00    0.126E+00    0.715E-02    0.729E-02    0.289E-02    0.289E-02    0.000E+00    0.000E+00    0.000E+00    0.000E+00
     1.690     0.415    0.518E+00    0.197E+00    0.126E+00    0.706E-02    0.720E-02    0.285E-02    0.285E-02    0.000E+00    0.000E+00    0.000E+00    0.000E+00
     1.690     0.416    0.516E+00    0.196E+00    0.125E+00    0.697E-02    0.710E-02    0.282E-02    0.282E-02    0.000E+00    0.000E+00    0.000E+00    0.000E+00
     1.690     0.417    0.514E+00    0.195E+00    0.125E+00    0.689E-02    0.701E-02    0.278E-02    0.278E-02    0.000E+00    0.000E+00    0.000E+00    0.000E+00
     1.690     0.418    0.512E+00    0.193E+00    0.124E+00    0.680E-02    0.692E-02    0.274E-02    0.274E-02    0.000E+00    0.000E+00    0.000E+00    0.000E+00
     1.690     0.419    0.511E+00    0.192E+00    0.124E+00    0.672E-02    0.683E-02    0.271E-02    0.271E-02    0.000E+00    0.000E+00    0.000E+00    0.000E+00
     1.690     0.420    0.509E+00    0.191E+00    0.123E+00    0.663E-02    0.674E-02    0.268E-02    0.268E-02    0.000E+00    0.000E+00    0.000E+00    0.000E+00
     1.690     0.421    0.507E+00    0.190E+00    0.123E+00    0.655E-02    0.666E-02    0.264E-02    0.264E-02    0.000E+00    0.000E+00    0.000E+00    0.000E+00
     1.690     0.422    0.506E+00    0.189E+00    0.122E+00    0.647E-02    0.657E-02    0.261E-02    0.261E-02    0.000E+00    0.000E+00    0.000E+00    0.000E+00
     1.690     0.423    0.504E+00    0.188E+00    0.122E+00    0.639E-02    0.648E-02    0.257E-02    0.257E-02    0.000E+00    0.000E+00    0.000E+00    0.000E+00
     1.690     0.424    0.502E+00    0.187E+00    0.121E+00    0.631E-02    0.640E-02    0.254E-02    0.254E-02    0.000E+00    0.000E+00    0.000E+00    0.000E+00
     1.690     0.425    0.500E+00    0.186E+00    0.121E+00    0.623E-02    0.632E-02    0.251E-02    0.251E-02    0.000E+00    0.000E+00    0.000E+00    0.000E+00
     1.690     0.426    0.499E+00    0.185E+00    0.120E+00    0.615E-02    0.623E-02    0.248E-02    0.248E-02    0.000E+00    0.000E+00    0.000E+00    0.000E+00
     1.690     0.427    0.497E+00    0.184E+00    0.120E+00    0.607E-02    0.615E-02    0.244E-02    0.244E-02    0.000E+00    0.000E+00    0.000E+00    0.000E+00
     1.690     0.428    0.495E+00    0.183E+00    0.119E+00    0.599E-02    0.607E-02    0.241E-02    0.241E-02    0.000E+00    0.000E+00    0.000E+00    0.000E+00
     1.690     0.429    0.494E+00    0.182E+00    0.119E+00    0.591E-02    0.599E-02    0.238E-02    0.238E-02    0.000E+00    0.000E+00    0.000E+00    0.000E+00
     1.690     0.430    0.492E+00    0.181E+00    0.118E+00    0.584E-02    0.591E-02    0.235E-02    0.235E-02    0.000E+00    0.000E+00    0.000E+00    0.000E+00
     1.690     0.431    0.490E+00    0.180E+00    0.118E+00    0.576E-02    0.584E-02    0.232E-02    0.232E-02    0.000E+00    0.000E+00    0.000E+00    0.000E+00
     1.690     0.432    0.488E+00    0.178E+00    0.118E+00    0.569E-02    0.576E-02    0.229E-02    0.229E-02    0.000E+00    0.000E+00    0.000E+00    0.000E+00
     1.690     0.433    0.487E+00    0.177E+00    0.117E+00    0.562E-02    0.568E-02    0.226E-02    0.226E-02    0.000E+00    0.000E+00    0.000E+00    0.000E+00
     1.690     0.434    0.485E+00    0.176E+00    0.117E+00    0.554E-02    0.561E-02    0.223E-02    0.223E-02    0.000E+00    0.000E+00    0.000E+00    0.000E+00
     1.690     0.435    0.483E+00    0.175E+00    0.116E+00    0.547E-02    0.553E-02    0.220E-02    0.220E-02    0.000E+00    0.000E+00    0.000E+00    0.000E+00
     1.690     0.436    0.481E+00    0.174E+00    0.116E+00    0.540E-02    0.546E-02    0.217E-02    0.217E-02    0.000E+00    0.000E+00    0.000E+00    0.000E+00
     1.690     0.437    0.480E+00    0.173E+00    0.115E+00    0.533E-02    0.539E-02    0.214E-02    0.214E-02    0.000E+00    0.000E+00    0.000E+00    0.000E+00
     1.690     0.438    0.478E+00    0.172E+00    0.115E+00    0.526E-02    0.531E-02    0.211E-02    0.211E-02    0.000E+00    0.000E+00    0.000E+00    0.000E+00
     1.690     0.439    0.476E+00    0.171E+00    0.114E+00    0.519E-02    0.524E-02    0.209E-02    0.209E-02    0.000E+00    0.000E+00    0.000E+00    0.000E+00
     1.690     0.440    0.475E+00    0.170E+00    0.114E+00    0.512E-02    0.517E-02    0.206E-02    0.206E-02    0.000E+00    0.000E+00    0.000E+00    0.000E+00
     1.690     0.441    0.473E+00    0.169E+00    0.113E+00    0.505E-02    0.510E-02    0.203E-02    0.203E-02    0.000E+00    0.000E+00    0.000E+00    0.000E+00
     1.690     0.442    0.471E+00    0.168E+00    0.113E+00    0.499E-02    0.503E-02    0.200E-02    0.200E-02    0.000E+00    0.000E+00    0.000E+00    0.000E+00
     1.690     0.443    0.469E+00    0.167E+00    0.113E+00    0.492E-02    0.497E-02    0.198E-02    0.198E-02    0.000E+00    0.000E+00    0.000E+00    0.000E+00
     1.690     0.444    0.468E+00    0.166E+00    0.112E+00    0.486E-02    0.490E-02    0.195E-02    0.195E-02    0.000E+00    0.000E+00    0.000E+00    0.000E+00
     1.690     0.445    0.466E+00    0.165E+00    0.112E+00    0.479E-02    0.483E-02    0.192E-02    0.192E-02    0.000E+00    0.000E+00    0.000E+00    0.000E+00
     1.690     0.446    0.464E+00    0.164E+00    0.111E+00    0.473E-02    0.477E-02    0.190E-02    0.190E-02    0.000E+00    0.000E+00    0.000E+00    0.000E+00
     1.690     0.447    0.462E+00    0.163E+00    0.111E+00    0.466E-02    0.470E-02    0.187E-02    0.187E-02    0.000E+00    0.000E+00    0.000E+00    0.000E+00
     1.690     0.448    0.461E+00    0.162E+00    0.110E+00    0.460E-02    0.464E-02    0.185E-02    0.185E-02    0.000E+00    0.000E+00    0.000E+00    0.000E+00
     1.690     0.449    0.459E+00    0.161E+00    0.110E+00    0.454E-02    0.458E-02    0.182E-02    0.182E-02    0.000E+00    0.000E+00    0.000E+00    0.000E+00
     1.690     0.450    0.457E+00    0.160E+00    0.109E+00    0.448E-02    0.451E-02    0.180E-02    0.180E-02    0.000E+00    0.000E+00    0.000E+00    0.000E+00
     1.690     0.451    0.455E+00    0.159E+00    0.109E+00    0.442E-02    0.445E-02    0.177E-02    0.177E-02    0.000E+00    0.000E+00    0.000E+00    0.000E+00
     1.690     0.452    0.454E+00    0.158E+00    0.109E+00    0.436E-02    0.439E-02    0.175E-02    0.175E-02    0.000E+00    0.000E+00    0.000E+00    0.000E+00
     1.690     0.453    0.452E+00    0.157E+00    0.108E+00    0.430E-02    0.433E-02    0.173E-02    0.173E-02    0.000E+00    0.000E+00    0.000E+00    0.000E+00
     1.690     0.454    0.450E+00    0.156E+00    0.108E+00    0.424E-02    0.427E-02    0.170E-02    0.170E-02    0.000E+00    0.000E+00    0.000E+00    0.000E+00
     1.690     0.455    0.448E+00    0.155E+00    0.107E+00    0.418E-02    0.421E-02    0.168E-02    0.168E-02    0.000E+00    0.000E+00    0.000E+00    0.000E+00
     1.690     0.456    0.447E+00    0.154E+00    0.107E+00    0.413E-02    0.415E-02    0.166E-02    0.166E-02    0.000E+00    0.000E+00    0.000E+00    0.000E+00
     1.690     0.457    0.445E+00    0.153E+00    0.106E+00    0.407E-02    0.410E-02    0.163E-02    0.163E-02    0.000E+00    0.000E+00    0.000E+00    0.000E+00
     1.690     0.458    0.443E+00    0.152E+00    0.106E+00    0.401E-02    0.404E-02    0.161E-02    0.161E-02    0.000E+00    0.000E+00    0.000E+00    0.000E+00
     1.690     0.459    0.441E+00    0.151E+00    0.106E+00    0.396E-02    0.398E-02    0.159E-02    0.159E-02    0.000E+00    0.000E+00    0.000E+00    0.000E+00
     1.690     0.460    0.440E+00    0.150E+00    0.105E+00    0.390E-02    0.393E-02    0.157E-02    0.157E-02    0.000E+00    0.000E+00    0.000E+00    0.000E+00
     1.690     0.461    0.438E+00    0.149E+00    0.105E+00    0.385E-02    0.387E-02    0.154E-02    0.154E-02    0.000E+00    0.000E+00    0.000E+00    0.000E+00
     1.690     0.462    0.436E+00    0.148E+00    0.104E+00    0.380E-02    0.382E-02    0.152E-02    0.152E-02    0.000E+00    0.000E+00    0.000E+00    0.000E+00
     1.690     0.463    0.434E+00    0.147E+00    0.104E+00    0.374E-02    0.376E-02    0.150E-02    0.150E-02    0.000E+00    0.000E+00    0.000E+00    0.000E+00
     1.690     0.464    0.433E+00    0.146E+00    0.103E+00    0.369E-02    0.371E-02    0.148E-02    0.148E-02    0.000E+00    0.000E+00    0.000E+00    0.000E+00
     1.690     0.465    0.431E+00    0.145E+00    0.103E+00    0.364E-02    0.366E-02    0.146E-02    0.146E-02    0.000E+00    0.000E+00    0.000E+00    0.000E+00
     1.690     0.466    0.429E+00    0.144E+00    0.103E+00    0.359E-02    0.361E-02    0.144E-02    0.144E-02    0.000E+00    0.000E+00    0.000E+00    0.000E+00
     1.690     0.467    0.427E+00    0.143E+00    0.102E+00    0.354E-02    0.356E-02    0.142E-02    0.142E-02    0.000E+00    0.000E+00    0.000E+00    0.000E+00
     1.690     0.468    0.426E+00    0.142E+00    0.102E+00    0.349E-02    0.350E-02    0.140E-02    0.140E-02    0.000E+00    0.000E+00    0.000E+00    0.000E+00
     1.690     0.469    0.424E+00    0.141E+00    0.101E+00    0.344E-02    0.345E-02    0.138E-02    0.138E-02    0.000E+00    0.000E+00    0.000E+00    0.000E+00
     1.690     0.470    0.422E+00    0.140E+00    0.101E+00    0.339E-02    0.341E-02    0.136E-02    0.136E-02    0.000E+00    0.000E+00    0.000E+00    0.000E+00
     1.690     0.471    0.420E+00    0.139E+00    0.100E+00    0.334E-02    0.336E-02    0.134E-02    0.134E-02    0.000E+00    0.000E+00    0.000E+00    0.000E+00
     1.690     0.472    0.419E+00    0.138E+00    0.100E+00    0.330E-02    0.331E-02    0.132E-02    0.132E-02    0.000E+00    0.000E+00    0.000E+00    0.000E+00
     1.690     0.473    0.417E+00    0.137E+00    0.995E-01    0.325E-02    0.326E-02    0.130E-02    0.130E-02    0.000E+00    0.000E+00    0.000E+00    0.000E+00
     1.690     0.474    0.415E+00    0.136E+00    0.991E-01    0.320E-02    0.322E-02    0.128E-02    0.128E-02    0.000E+00    0.000E+00    0.000E+00    0.000E+00
     1.690     0.475    0.413E+00    0.135E+00    0.987E-01    0.316E-02    0.317E-02    0.127E-02    0.127E-02    0.000E+00    0.000E+00    0.000E+00    0.000E+00
     1.690     0.476    0.412E+00    0.134E+00    0.983E-01    0.311E-02    0.312E-02    0.125E-02    0.125E-02    0.000E+00    0.000E+00    0.000E+00    0.000E+00
     1.690     0.477    0.410E+00    0.133E+00    0.978E-01    0.307E-02    0.308E-02    0.123E-02    0.123E-02    0.000E+00    0.000E+00    0.000E+00    0.000E+00
     1.690     0.478    0.408E+00    0.132E+00    0.974E-01    0.302E-02    0.303E-02    0.121E-02    0.121E-02    0.000E+00    0.000E+00    0.000E+00    0.000E+00
     1.690     0.479    0.406E+00    0.131E+00    0.970E-01    0.298E-02    0.299E-02    0.119E-02    0.119E-02    0.000E+00    0.000E+00    0.000E+00    0.000E+00
     1.690     0.480    0.405E+00    0.130E+00    0.966E-01    0.294E-02    0.295E-02    0.118E-02    0.118E-02    0.000E+00    0.000E+00    0.000E+00    0.000E+00
     1.690     0.481    0.403E+00    0.129E+00    0.961E-01    0.289E-02    0.290E-02    0.116E-02    0.116E-02    0.000E+00    0.000E+00    0.000E+00    0.000E+00
     1.690     0.482    0.401E+00    0.128E+00    0.957E-01    0.285E-02    0.286E-02    0.114E-02    0.114E-02    0.000E+00    0.000E+00    0.000E+00    0.000E+00
     1.690     0.483    0.399E+00    0.127E+00    0.953E-01    0.281E-02    0.282E-02    0.113E-02    0.113E-02    0.000E+00    0.000E+00    0.000E+00    0.000E+00
     1.690     0.484    0.398E+00    0.126E+00    0.948E-01    0.277E-02    0.278E-02    0.111E-02    0.111E-02    0.000E+00    0.000E+00    0.000E+00    0.000E+00
     1.690     0.485    0.396E+00    0.126E+00    0.944E-01    0.273E-02    0.274E-02    0.109E-02    0.109E-02    0.000E+00    0.000E+00    0.000E+00    0.000E+00
     1.690     0.486    0.394E+00    0.125E+00    0.940E-01    0.269E-02    0.270E-02    0.108E-02    0.108E-02    0.000E+00    0.000E+00    0.000E+00    0.000E+00
     1.690     0.487    0.393E+00    0.124E+00    0.936E-01    0.265E-02    0.266E-02    0.106E-02    0.106E-02    0.000E+00    0.000E+00    0.000E+00    0.000E+00
     1.690     0.488    0.391E+00    0.123E+00    0.931E-01    0.261E-02    0.262E-02    0.105E-02    0.105E-02    0.000E+00    0.000E+00    0.000E+00    0.000E+00
     1.690     0.489    0.389E+00    0.122E+00    0.927E-01    0.257E-02    0.258E-02    0.103E-02    0.103E-02    0.000E+00    0.000E+00    0.000E+00    0.000E+00
     1.690     0.490    0.387E+00    0.121E+00    0.923E-01    0.253E-02    0.254E-02    0.101E-02    0.101E-02    0.000E+00    0.000E+00    0.000E+00    0.000E+00
     1.690     0.491    0.386E+00    0.120E+00    0.919E-01    0.250E-02    0.250E-02    0.999E-03    0.999E-03    0.000E+00    0.000E+00    0.000E+00    0.000E+00
     1.690     0.492    0.384E+00    0.119E+00    0.914E-01    0.246E-02    0.246E-02    0.985E-03    0.985E-03    0.000E+00    0.000E+00    0.000E+00    0.000E+00
     1.690     0.493    0.382E+00    0.118E+00    0.910E-01    0.242E-02    0.243E-02    0.970E-03    0.970E-03    0.000E+00    0.000E+00    0.000E+00    0.000E+00
     1.690     0.494    0.380E+00    0.117E+00    0.906E-01    0.239E-02    0.239E-02    0.955E-03    0.955E-03    0.000E+00    0.000E+00    0.000E+00    0.000E+00
     1.690     0.495    0.379E+00    0.116E+00    0.902E-01    0.235E-02    0.235E-02    0.941E-03    0.941E-03    0.000E+00    0.000E+00    0.000E+00    0.000E+00
     1.690     0.496    0.377E+00    0.116E+00    0.897E-01    0.232E-02    0.232E-02    0.927E-03    0.927E-03    0.000E+00    0.000E+00    0.000E+00    0.000E+00
     1.690     0.497    0.375E+00    0.115E+00    0.893E-01    0.228E-02    0.228E-02    0.913E-03    0.913E-03    0.000E+00    0.000E+00    0.000E+00    0.000E+00
     1.690     0.498    0.373E+00    0.114E+00    0.889E-01    0.225E-02    0.225E-02    0.899E-03    0.899E-03    0.000E+00    0.000E+00    0.000E+00    0.000E+00
     1.690     0.499    0.372E+00    0.113E+00    0.885E-01    0.221E-02    0.222E-02    0.886E-03    0.886E-03    0.000E+00    0.000E+00    0.000E+00    0.000E+00
     1.690     0.500    0.370E+00    0.112E+00    0.880E-01    0.218E-02    0.218E-02    0.872E-03    0.872E-03    0.000E+00    0.000E+00    0.000E+00    0.000E+00
     1.690     0.501    0.368E+00    0.111E+00    0.876E-01    0.215E-02    0.215E-02    0.859E-03    0.859E-03    0.000E+00    0.000E+00    0.000E+00    0.000E+00
     1.690     0.502    0.367E+00    0.110E+00    0.872E-01    0.211E-02    0.212E-02    0.846E-03    0.846E-03    0.000E+00    0.000E+00    0.000E+00    0.000E+00
     1.690     0.503    0.365E+00    0.109E+00    0.868E-01    0.208E-02    0.208E-02    0.833E-03    0.833E-03    0.000E+00    0.000E+00    0.000E+00    0.000E+00
     1.690     0.504    0.363E+00    0.109E+00    0.863E-01    0.205E-02    0.205E-02    0.820E-03    0.820E-03    0.000E+00    0.000E+00    0.000E+00    0.000E+00
     1.690     0.505    0.361E+00    0.108E+00    0.859E-01    0.202E-02    0.202E-02    0.807E-03    0.807E-03    0.000E+00    0.000E+00    0.000E+00    0.000E+00
     1.690     0.506    0.360E+00    0.107E+00    0.855E-01    0.199E-02    0.199E-02    0.795E-03    0.795E-03    0.000E+00    0.000E+00    0.000E+00    0.000E+00
     1.690     0.507    0.358E+00    0.106E+00    0.851E-01    0.196E-02    0.196E-02    0.783E-03    0.783E-03    0.000E+00    0.000E+00    0.000E+00    0.000E+00
     1.690     0.508    0.356E+00    0.105E+00    0.847E-01    0.192E-02    0.193E-02    0.770E-03    0.770E-03    0.000E+00    0.000E+00    0.000E+00    0.000E+00
     1.690     0.509    0.355E+00    0.104E+00    0.842E-01    0.190E-02    0.190E-02    0.758E-03    0.758E-03    0.000E+00    0.000E+00    0.000E+00    0.000E+00
     1.690     0.510    0.353E+00    0.104E+00    0.838E-01    0.187E-02    0.187E-02    0.747E-03    0.747E-03    0.000E+00    0.000E+00    0.000E+00    0.000E+00
     1.690     0.511    0.351E+00    0.103E+00    0.834E-01    0.184E-02    0.184E-02    0.735E-03    0.735E-03    0.000E+00    0.000E+00    0.000E+00    0.000E+00
     1.690     0.512    0.349E+00    0.102E+00    0.830E-01    0.181E-02    0.181E-02    0.724E-03    0.724E-03    0.000E+00    0.000E+00    0.000E+00    0.000E+00
     1.690     0.513    0.348E+00    0.101E+00    0.825E-01    0.178E-02    0.178E-02    0.712E-03    0.712E-03    0.000E+00    0.000E+00    0.000E+00    0.000E+00
     1.690     0.514    0.346E+00    0.100E+00    0.821E-01    0.175E-02    0.175E-02    0.701E-03    0.701E-03    0.000E+00    0.000E+00    0.000E+00    0.000E+00
     1.690     0.515    0.344E+00    0.994E-01    0.817E-01    0.172E-02    0.173E-02    0.690E-03    0.690E-03    0.000E+00    0.000E+00    0.000E+00    0.000E+00
     1.690     0.516    0.343E+00    0.986E-01    0.813E-01    0.170E-02    0.170E-02    0.679E-03    0.679E-03    0.000E+00    0.000E+00    0.000E+00    0.000E+00
     1.690     0.517    0.341E+00    0.977E-01    0.808E-01    0.167E-02    0.167E-02    0.669E-03    0.669E-03    0.000E+00    0.000E+00    0.000E+00    0.000E+00
     1.690     0.518    0.339E+00    0.969E-01    0.804E-01    0.164E-02    0.165E-02    0.658E-03    0.658E-03    0.000E+00    0.000E+00    0.000E+00    0.000E+00
     1.690     0.519    0.338E+00    0.961E-01    0.800E-01    0.162E-02    0.162E-02    0.648E-03    0.648E-03    0.000E+00    0.000E+00    0.000E+00    0.000E+00
     1.690     0.520    0.336E+00    0.953E-01    0.796E-01    0.159E-02    0.159E-02    0.637E-03    0.637E-03    0.000E+00    0.000E+00    0.000E+00    0.000E+00
     1.690     0.521    0.334E+00    0.945E-01    0.791E-01    0.157E-02    0.157E-02    0.627E-03    0.627E-03    0.000E+00    0.000E+00    0.000E+00    0.000E+00
     1.690     0.522    0.333E+00    0.937E-01    0.787E-01    0.154E-02    0.154E-02    0.617E-03    0.617E-03    0.000E+00    0.000E+00    0.000E+00    0.000E+00
     1.690     0.523    0.331E+00    0.929E-01    0.783E-01    0.152E-02    0.152E-02    0.607E-03    0.607E-03    0.000E+00    0.000E+00    0.000E+00    0.000E+00
     1.690     0.524    0.329E+00    0.922E-01    0.779E-01    0.149E-02    0.149E-02    0.597E-03    0.597E-03    0.000E+00    0.000E+00    0.000E+00    0.000E+00
     1.690     0.525    0.328E+00    0.914E-01    0.775E-01    0.147E-02    0.147E-02    0.588E-03    0.588E-03    0.000E+00    0.000E+00    0.000E+00    0.000E+00
     1.690     0.526    0.326E+00    0.906E-01    0.770E-01    0.145E-02    0.145E-02    0.578E-03    0.578E-03    0.000E+00    0.000E+00    0.000E+00    0.000E+00
     1.690     0.527    0.324E+00    0.898E-01    0.766E-01    0.142E-02    0.142E-02    0.569E-03    0.569E-03    0.000E+00    0.000E+00    0.000E+00    0.000E+00
     1.690     0.528    0.323E+00    0.891E-01    0.762E-01    0.140E-02    0.140E-02    0.560E-03    0.560E-03    0.000E+00    0.000E+00    0.000E+00    0.000E+00
     1.690     0.529    0.321E+00    0.883E-01    0.758E-01    0.138E-02    0.138E-02    0.550E-03    0.550E-03    0.000E+00    0.000E+00    0.000E+00    0.000E+00
     1.690     0.530    0.319E+00    0.875E-01    0.753E-01    0.135E-02    0.135E-02    0.542E-03    0.542E-03    0.000E+00    0.000E+00    0.000E+00    0.000E+00
     1.690     0.531    0.318E+00    0.868E-01    0.749E-01    0.133E-02    0.133E-02    0.533E-03    0.533E-03    0.000E+00    0.000E+00    0.000E+00    0.000E+00
     1.690     0.532    0.316E+00    0.860E-01    0.745E-01    0.131E-02    0.131E-02    0.524E-03    0.524E-03    0.000E+00    0.000E+00    0.000E+00    0.000E+00
     1.690     0.533    0.314E+00    0.853E-01    0.741E-01    0.129E-02    0.129E-02    0.515E-03    0.515E-03    0.000E+00    0.000E+00    0.000E+00    0.000E+00
     1.690     0.534    0.313E+00    0.845E-01    0.737E-01    0.127E-02    0.127E-02    0.507E-03    0.507E-03    0.000E+00    0.000E+00    0.000E+00    0.000E+00
     1.690     0.535    0.311E+00    0.838E-01    0.732E-01    0.125E-02    0.125E-02    0.499E-03    0.499E-03    0.000E+00    0.000E+00    0.000E+00    0.000E+00
     1.690     0.536    0.309E+00    0.831E-01    0.728E-01    0.123E-02    0.123E-02    0.490E-03    0.490E-03    0.000E+00    0.000E+00    0.000E+00    0.000E+00
     1.690     0.537    0.308E+00    0.823E-01    0.724E-01    0.121E-02    0.121E-02    0.482E-03    0.482E-03    0.000E+00    0.000E+00    0.000E+00    0.000E+00
     1.690     0.538    0.306E+00    0.816E-01    0.720E-01    0.119E-02    0.119E-02    0.474E-03    0.474E-03    0.000E+00    0.000E+00    0.000E+00    0.000E+00
     1.690     0.539    0.304E+00    0.809E-01    0.716E-01    0.117E-02    0.117E-02    0.466E-03    0.466E-03    0.000E+00    0.000E+00    0.000E+00    0.000E+00
     1.690     0.540    0.303E+00    0.801E-01    0.712E-01    0.115E-02    0.115E-02    0.459E-03    0.459E-03    0.000E+00    0.000E+00    0.000E+00    0.000E+00
     1.690     0.541    0.301E+00    0.794E-01    0.707E-01    0.113E-02    0.113E-02    0.451E-03    0.451E-03    0.000E+00    0.000E+00    0.000E+00    0.000E+00
     1.690     0.542    0.299E+00    0.787E-01    0.703E-01    0.111E-02    0.111E-02    0.443E-03    0.443E-03    0.000E+00    0.000E+00    0.000E+00    0.000E+00
     1.690     0.543    0.298E+00    0.780E-01    0.699E-01    0.109E-02    0.109E-02    0.436E-03    0.436E-03    0.000E+00    0.000E+00    0.000E+00    0.000E+00
     1.690     0.544    0.296E+00    0.773E-01    0.695E-01    0.107E-02    0.107E-02    0.428E-03    0.428E-03    0.000E+00    0.000E+00    0.000E+00    0.000E+00
     1.690     0.545    0.295E+00    0.766E-01    0.691E-01    0.105E-02    0.105E-02    0.421E-03    0.421E-03    0.000E+00    0.000E+00    0.000E+00    0.000E+00
     1.690     0.546    0.293E+00    0.759E-01    0.686E-01    0.104E-02    0.104E-02    0.414E-03    0.414E-03    0.000E+00    0.000E+00    0.000E+00    0.000E+00
     1.690     0.547    0.291E+00    0.752E-01    0.682E-01    0.102E-02    0.102E-02    0.407E-03    0.407E-03    0.000E+00    0.000E+00    0.000E+00    0.000E+00
     1.690     0.548    0.290E+00    0.745E-01    0.678E-01    0.100E-02    0.100E-02    0.400E-03    0.400E-03    0.000E+00    0.000E+00    0.000E+00    0.000E+00
     1.690     0.549    0.288E+00    0.738E-01    0.674E-01    0.983E-03    0.983E-03    0.393E-03    0.393E-03    0.000E+00    0.000E+00    0.000E+00    0.000E+00
     1.690     0.550    0.287E+00    0.731E-01    0.670E-01    0.966E-03    0.966E-03    0.387E-03    0.387E-03    0.000E+00    0.000E+00    0.000E+00    0.000E+00
     1.690     0.551    0.285E+00    0.725E-01    0.666E-01    0.950E-03    0.950E-03    0.380E-03    0.380E-03    0.000E+00    0.000E+00    0.000E+00    0.000E+00
     1.690     0.552    0.283E+00    0.718E-01    0.662E-01    0.933E-03    0.933E-03    0.373E-03    0.373E-03    0.000E+00    0.000E+00    0.000E+00    0.000E+00
     1.690     0.553    0.282E+00    0.711E-01    0.657E-01    0.917E-03    0.917E-03    0.367E-03    0.367E-03    0.000E+00    0.000E+00    0.000E+00    0.000E+00
     1.690     0.554    0.280E+00    0.705E-01    0.653E-01    0.901E-03    0.901E-03    0.361E-03    0.361E-03    0.000E+00    0.000E+00    0.000E+00    0.000E+00
     1.690     0.555    0.279E+00    0.698E-01    0.649E-01    0.886E-03    0.886E-03    0.354E-03    0.354E-03    0.000E+00    0.000E+00    0.000E+00    0.000E+00
     1.690     0.556    0.277E+00    0.691E-01    0.645E-01    0.870E-03    0.870E-03    0.348E-03    0.348E-03    0.000E+00    0.000E+00    0.000E+00    0.000E+00
     1.690     0.557    0.275E+00    0.685E-01    0.641E-01    0.855E-03    0.855E-03    0.342E-03    0.342E-03    0.000E+00    0.000E+00    0.000E+00    0.000E+00
     1.690     0.558    0.274E+00    0.678E-01    0.637E-01    0.840E-03    0.840E-03    0.336E-03    0.336E-03    0.000E+00    0.000E+00    0.000E+00    0.000E+00
     1.690     0.559    0.272E+00    0.672E-01    0.633E-01    0.826E-03    0.826E-03    0.330E-03    0.330E-03    0.000E+00    0.000E+00    0.000E+00    0.000E+00
     1.690     0.560    0.271E+00    0.665E-01    0.629E-01    0.811E-03    0.811E-03    0.324E-03    0.324E-03    0.000E+00    0.000E+00    0.000E+00    0.000E+00
     1.690     0.561    0.269E+00    0.659E-01    0.625E-01    0.797E-03    0.797E-03    0.319E-03    0.319E-03    0.000E+00    0.000E+00    0.000E+00    0.000E+00
     1.690     0.562    0.268E+00    0.653E-01    0.620E-01    0.783E-03    0.783E-03    0.313E-03    0.313E-03    0.000E+00    0.000E+00    0.000E+00    0.000E+00
     1.690     0.563    0.266E+00    0.646E-01    0.616E-01    0.769E-03    0.769E-03    0.308E-03    0.308E-03    0.000E+00    0.000E+00    0.000E+00    0.000E+00
     1.690     0.564    0.264E+00    0.640E-01    0.612E-01    0.756E-03    0.756E-03    0.302E-03    0.302E-03    0.000E+00    0.000E+00    0.000E+00    0.000E+00
     1.690     0.565    0.263E+00    0.634E-01    0.608E-01    0.742E-03    0.742E-03    0.297E-03    0.297E-03    0.000E+00    0.000E+00    0.000E+00    0.000E+00
     1.690     0.566    0.261E+00    0.628E-01    0.604E-01    0.729E-03    0.729E-03    0.292E-03    0.292E-03    0.000E+00    0.000E+00    0.000E+00    0.000E+00
     1.690     0.567    0.260E+00    0.622E-01    0.600E-01    0.716E-03    0.716E-03    0.286E-03    0.286E-03    0.000E+00    0.000E+00    0.000E+00    0.000E+00
     1.690     0.568    0.258E+00    0.616E-01    0.596E-01    0.703E-03    0.703E-03    0.281E-03    0.281E-03    0.000E+00    0.000E+00    0.000E+00    0.000E+00
     1.690     0.569    0.257E+00    0.609E-01    0.592E-01    0.690E-03    0.690E-03    0.276E-03    0.276E-03    0.000E+00    0.000E+00    0.000E+00    0.000E+00
     1.690     0.570    0.255E+00    0.603E-01    0.588E-01    0.678E-03    0.678E-03    0.271E-03    0.271E-03    0.000E+00    0.000E+00    0.000E+00    0.000E+00
     1.690     0.571    0.254E+00    0.597E-01    0.584E-01    0.666E-03    0.666E-03    0.266E-03    0.266E-03    0.000E+00    0.000E+00    0.000E+00    0.000E+00
     1.690     0.572    0.252E+00    0.592E-01    0.580E-01    0.654E-03    0.654E-03    0.261E-03    0.261E-03    0.000E+00    0.000E+00    0.000E+00    0.000E+00
     1.690     0.573    0.251E+00    0.586E-01    0.576E-01    0.642E-03    0.642E-03    0.257E-03    0.257E-03    0.000E+00    0.000E+00    0.000E+00    0.000E+00
     1.690     0.574    0.249E+00    0.580E-01    0.572E-01    0.630E-03    0.630E-03    0.252E-03    0.252E-03    0.000E+00    0.000E+00    0.000E+00    0.000E+00
     1.690     0.575    0.247E+00    0.574E-01    0.568E-01    0.619E-03    0.619E-03    0.247E-03    0.247E-03    0.000E+00    0.000E+00    0.000E+00    0.000E+00
     1.690     0.576    0.246E+00    0.568E-01    0.564E-01    0.607E-03    0.607E-03    0.243E-03    0.243E-03    0.000E+00    0.000E+00    0.000E+00    0.000E+00
     1.690     0.577    0.244E+00    0.562E-01    0.560E-01    0.596E-03    0.596E-03    0.238E-03    0.238E-03    0.000E+00    0.000E+00    0.000E+00    0.000E+00
     1.690     0.578    0.243E+00    0.557E-01    0.556E-01    0.585E-03    0.585E-03    0.234E-03    0.234E-03    0.000E+00    0.000E+00    0.000E+00    0.000E+00
     1.690     0.579    0.241E+00    0.551E-01    0.552E-01    0.574E-03    0.574E-03    0.230E-03    0.230E-03    0.000E+00    0.000E+00    0.000E+00    0.000E+00
     1.690     0.580    0.240E+00    0.545E-01    0.548E-01    0.564E-03    0.564E-03    0.226E-03    0.226E-03    0.000E+00    0.000E+00    0.000E+00    0.000E+00
     1.690     0.581    0.238E+00    0.540E-01    0.544E-01    0.553E-03    0.553E-03    0.221E-03    0.221E-03    0.000E+00    0.000E+00    0.000E+00    0.000E+00
     1.690     0.582    0.237E+00    0.534E-01    0.540E-01    0.543E-03    0.543E-03    0.217E-03    0.217E-03    0.000E+00    0.000E+00    0.000E+00    0.000E+00
     1.690     0.583    0.235E+00    0.529E-01    0.536E-01    0.533E-03    0.533E-03    0.213E-03    0.213E-03    0.000E+00    0.000E+00    0.000E+00    0.000E+00
     1.690     0.584    0.234E+00    0.523E-01    0.532E-01    0.523E-03    0.523E-03    0.209E-03    0.209E-03    0.000E+00    0.000E+00    0.000E+00    0.000E+00
     1.690     0.585    0.232E+00    0.518E-01    0.528E-01    0.513E-03    0.513E-03    0.205E-03    0.205E-03    0.000E+00    0.000E+00    0.000E+00    0.000E+00
     1.690     0.586    0.231E+00    0.513E-01    0.524E-01    0.504E-03    0.504E-03    0.202E-03    0.202E-03    0.000E+00    0.000E+00    0.000E+00    0.000E+00
     1.690     0.587    0.230E+00    0.507E-01    0.521E-01    0.494E-03    0.494E-03    0.198E-03    0.198E-03    0.000E+00    0.000E+00    0.000E+00    0.000E+00
     1.690     0.588    0.228E+00    0.502E-01    0.517E-01    0.485E-03    0.485E-03    0.194E-03    0.194E-03    0.000E+00    0.000E+00    0.000E+00    0.000E+00
     1.690     0.589    0.227E+00    0.497E-01    0.513E-01    0.476E-03    0.476E-03    0.190E-03    0.190E-03    0.000E+00    0.000E+00    0.000E+00    0.000E+00
     1.690     0.590    0.225E+00    0.491E-01    0.509E-01    0.467E-03    0.467E-03    0.187E-03    0.187E-03    0.000E+00    0.000E+00    0.000E+00    0.000E+00
     1.690     0.591    0.224E+00    0.486E-01    0.505E-01    0.458E-03    0.458E-03    0.183E-03    0.183E-03    0.000E+00    0.000E+00    0.000E+00    0.000E+00
     1.690     0.592    0.222E+00    0.481E-01    0.501E-01    0.449E-03    0.449E-03    0.180E-03    0.180E-03    0.000E+00    0.000E+00    0.000E+00    0.000E+00
     1.690     0.593    0.221E+00    0.476E-01    0.497E-01    0.441E-03    0.441E-03    0.176E-03    0.176E-03    0.000E+00    0.000E+00    0.000E+00    0.000E+00
     1.690     0.594    0.219E+00    0.471E-01    0.493E-01    0.432E-03    0.432E-03    0.173E-03    0.173E-03    0.000E+00    0.000E+00    0.000E+00    0.000E+00
     1.690     0.595    0.218E+00    0.466E-01    0.490E-01    0.424E-03    0.424E-03    0.170E-03    0.170E-03    0.000E+00    0.000E+00    0.000E+00    0.000E+00
     1.690     0.596    0.216E+00    0.461E-01    0.486E-01    0.416E-03    0.416E-03    0.166E-03    0.166E-03    0.000E+00    0.000E+00    0.000E+00    0.000E+00
     1.690     0.597    0.215E+00    0.456E-01    0.482E-01    0.408E-03    0.408E-03    0.163E-03    0.163E-03    0.000E+00    0.000E+00    0.000E+00    0.000E+00
     1.690     0.598    0.214E+00    0.451E-01    0.478E-01    0.400E-03    0.400E-03    0.160E-03    0.160E-03    0.000E+00    0.000E+00    0.000E+00    0.000E+00
     1.690     0.599    0.212E+00    0.446E-01    0.475E-01    0.392E-03    0.392E-03    0.157E-03    0.157E-03    0.000E+00    0.000E+00    0.000E+00    0.000E+00
     1.690     0.600    0.211E+00    0.441E-01    0.471E-01    0.384E-03    0.384E-03    0.154E-03    0.154E-03    0.000E+00    0.000E+00    0.000E+00    0.000E+00
     1.690     0.601    0.209E+00    0.436E-01    0.467E-01    0.377E-03    0.377E-03    0.151E-03    0.151E-03    0.000E+00    0.000E+00    0.000E+00    0.000E+00
     1.690     0.602    0.208E+00    0.432E-01    0.463E-01    0.369E-03    0.369E-03    0.148E-03    0.148E-03    0.000E+00    0.000E+00    0.000E+00    0.000E+00
     1.690     0.603    0.206E+00    0.427E-01    0.460E-01    0.362E-03    0.362E-03    0.145E-03    0.145E-03    0.000E+00    0.000E+00    0.000E+00    0.000E+00
     1.690     0.604    0.205E+00    0.422E-01    0.456E-01    0.355E-03    0.355E-03    0.142E-03    0.142E-03    0.000E+00    0.000E+00    0.000E+00    0.000E+00
     1.690     0.605    0.204E+00    0.418E-01    0.452E-01    0.348E-03    0.348E-03    0.139E-03    0.139E-03    0.000E+00    0.000E+00    0.000E+00    0.000E+00
     1.690     0.606    0.202E+00    0.413E-01    0.448E-01    0.341E-03    0.341E-03    0.137E-03    0.137E-03    0.000E+00    0.000E+00    0.000E+00    0.000E+00
     1.690     0.607    0.201E+00    0.408E-01    0.445E-01    0.335E-03    0.335E-03    0.134E-03    0.134E-03    0.000E+00    0.000E+00    0.000E+00    0.000E+00
     1.690     0.608    0.200E+00    0.404E-01    0.441E-01    0.328E-03    0.328E-03    0.131E-03    0.131E-03    0.000E+00    0.000E+00    0.000E+00    0.000E+00
     1.690     0.609    0.198E+00    0.399E-01    0.437E-01    0.321E-03    0.321E-03    0.129E-03    0.129E-03    0.000E+00    0.000E+00    0.000E+00    0.000E+00
     1.690     0.610    0.197E+00    0.395E-01    0.434E-01    0.315E-03    0.315E-03    0.126E-03    0.126E-03    0.000E+00    0.000E+00    0.000E+00    0.000E+00
     1.690     0.611    0.195E+00    0.390E-01    0.430E-01    0.309E-03    0.309E-03    0.123E-03    0.123E-03    0.000E+00    0.000E+00    0.000E+00    0.000E+00
     1.690     0.612    0.194E+00    0.386E-01    0.426E-01    0.302E-03    0.302E-03    0.121E-03    0.121E-03    0.000E+00    0.000E+00    0.000E+00    0.000E+00
     1.690     0.613    0.193E+00    0.382E-01    0.423E-01    0.296E-03    0.296E-03    0.118E-03    0.118E-03    0.000E+00    0.000E+00    0.000E+00    0.000E+00
     1.690     0.614    0.191E+00    0.377E-01    0.419E-01    0.290E-03    0.290E-03    0.116E-03    0.116E-03    0.000E+00    0.000E+00    0.000E+00    0.000E+00
     1.690     0.615    0.190E+00    0.373E-01    0.416E-01    0.284E-03    0.284E-03    0.114E-03    0.114E-03    0.000E+00    0.000E+00    0.000E+00    0.000E+00
     1.690     0.616    0.189E+00    0.369E-01    0.412E-01    0.279E-03    0.279E-03    0.111E-03    0.111E-03    0.000E+00    0.000E+00    0.000E+00    0.000E+00
     1.690     0.617    0.187E+00    0.364E-01    0.409E-01    0.273E-03    0.273E-03    0.109E-03    0.109E-03    0.000E+00    0.000E+00    0.000E+00    0.000E+00
     1.690     0.618    0.186E+00    0.360E-01    0.405E-01    0.267E-03    0.267E-03    0.107E-03    0.107E-03    0.000E+00    0.000E+00    0.000E+00    0.000E+00
     1.690     0.619    0.185E+00    0.356E-01    0.402E-01    0.262E-03    0.262E-03    0.105E-03    0.105E-03    0.000E+00    0.000E+00    0.000E+00    0.000E+00
     1.690     0.620    0.183E+00    0.352E-01    0.398E-01    0.256E-03    0.256E-03    0.103E-03    0.103E-03    0.000E+00    0.000E+00    0.000E+00    0.000E+00
     1.690     0.621    0.182E+00    0.348E-01    0.394E-01    0.251E-03    0.251E-03    0.100E-03    0.100E-03    0.000E+00    0.000E+00    0.000E+00    0.000E+00
     1.690     0.622    0.181E+00    0.344E-01    0.391E-01    0.246E-03    0.246E-03    0.984E-04    0.984E-04    0.000E+00    0.000E+00    0.000E+00    0.000E+00
     1.690     0.623    0.179E+00    0.340E-01    0.388E-01    0.241E-03    0.241E-03    0.963E-04    0.963E-04    0.000E+00    0.000E+00    0.000E+00    0.000E+00
     1.690     0.624    0.178E+00    0.336E-01    0.384E-01    0.236E-03    0.236E-03    0.943E-04    0.943E-04    0.000E+00    0.000E+00    0.000E+00    0.000E+00
     1.690     0.625    0.177E+00    0.332E-01    0.381E-01    0.231E-03    0.231E-03    0.924E-04    0.924E-04    0.000E+00    0.000E+00    0.000E+00    0.000E+00
     1.690     0.626    0.175E+00    0.328E-01    0.377E-01    0.226E-03    0.226E-03    0.904E-04    0.904E-04    0.000E+00    0.000E+00    0.000E+00    0.000E+00
     1.690     0.627    0.174E+00    0.324E-01    0.374E-01    0.221E-03    0.221E-03    0.885E-04    0.885E-04    0.000E+00    0.000E+00    0.000E+00    0.000E+00
     1.690     0.628    0.173E+00    0.320E-01    0.370E-01    0.217E-03    0.217E-03    0.867E-04    0.867E-04    0.000E+00    0.000E+00    0.000E+00    0.000E+00
     1.690     0.629    0.171E+00    0.316E-01    0.367E-01    0.212E-03    0.212E-03    0.849E-04    0.849E-04    0.000E+00    0.000E+00    0.000E+00    0.000E+00
     1.690     0.630    0.170E+00    0.313E-01    0.364E-01    0.208E-03    0.208E-03    0.831E-04    0.831E-04    0.000E+00    0.000E+00    0.000E+00    0.000E+00
     1.690     0.631    0.169E+00    0.309E-01    0.360E-01    0.203E-03    0.203E-03    0.813E-04    0.813E-04    0.000E+00    0.000E+00    0.000E+00    0.000E+00
     1.690     0.632    0.168E+00    0.305E-01    0.357E-01    0.199E-03    0.199E-03    0.796E-04    0.796E-04    0.000E+00    0.000E+00    0.000E+00    0.000E+00
     1.690     0.633    0.166E+00    0.302E-01    0.354E-01    0.195E-03    0.195E-03    0.779E-04    0.779E-04    0.000E+00    0.000E+00    0.000E+00    0.000E+00
     1.690     0.634    0.165E+00    0.298E-01    0.350E-01    0.191E-03    0.191E-03    0.762E-04    0.762E-04    0.000E+00    0.000E+00    0.000E+00    0.000E+00
     1.690     0.635    0.164E+00    0.294E-01    0.347E-01    0.186E-03    0.186E-03    0.746E-04    0.746E-04    0.000E+00    0.000E+00    0.000E+00    0.000E+00
     1.690     0.636    0.163E+00    0.291E-01    0.344E-01    0.182E-03    0.182E-03    0.729E-04    0.729E-04    0.000E+00    0.000E+00    0.000E+00    0.000E+00
     1.690     0.637    0.161E+00    0.287E-01    0.340E-01    0.178E-03    0.178E-03    0.714E-04    0.714E-04    0.000E+00    0.000E+00    0.000E+00    0.000E+00
     1.690     0.638    0.160E+00    0.284E-01    0.337E-01    0.175E-03    0.175E-03    0.698E-04    0.698E-04    0.000E+00    0.000E+00    0.000E+00    0.000E+00
     1.690     0.639    0.159E+00    0.280E-01    0.334E-01    0.171E-03    0.171E-03    0.683E-04    0.683E-04    0.000E+00    0.000E+00    0.000E+00    0.000E+00
     1.690     0.640    0.158E+00    0.277E-01    0.331E-01    0.167E-03    0.167E-03    0.668E-04    0.668E-04    0.000E+00    0.000E+00    0.000E+00    0.000E+00
     1.690     0.641    0.156E+00    0.273E-01    0.327E-01    0.163E-03    0.163E-03    0.653E-04    0.653E-04    0.000E+00    0.000E+00    0.000E+00    0.000E+00
     1.690     0.642    0.155E+00    0.270E-01    0.324E-01    0.160E-03    0.160E-03    0.639E-04    0.639E-04    0.000E+00    0.000E+00    0.000E+00    0.000E+00
     1.690     0.643    0.154E+00    0.267E-01    0.321E-01    0.156E-03    0.156E-03    0.625E-04    0.625E-04    0.000E+00    0.000E+00    0.000E+00    0.000E+00
     1.690     0.644    0.153E+00    0.263E-01    0.318E-01    0.153E-03    0.153E-03    0.611E-04    0.611E-04    0.000E+00    0.000E+00    0.000E+00    0.000E+00
     1.690     0.645    0.152E+00    0.260E-01    0.315E-01    0.149E-03    0.149E-03    0.598E-04    0.598E-04    0.000E+00    0.000E+00    0.000E+00    0.000E+00
     1.690     0.646    0.150E+00    0.257E-01    0.312E-01    0.146E-03    0.146E-03    0.585E-04    0.585E-04    0.000E+00    0.000E+00    0.000E+00    0.000E+00
     1.690     0.647    0.149E+00    0.254E-01    0.309E-01    0.143E-03    0.143E-03    0.572E-04    0.572E-04    0.000E+00    0.000E+00    0.000E+00    0.000E+00
     1.690     0.648    0.148E+00    0.250E-01    0.305E-01    0.140E-03    0.140E-03    0.559E-04    0.559E-04    0.000E+00    0.000E+00    0.000E+00    0.000E+00
     1.690     0.649    0.147E+00    0.247E-01    0.302E-01    0.137E-03    0.137E-03    0.546E-04    0.546E-04    0.000E+00    0.000E+00    0.000E+00    0.000E+00
     1.690     0.650    0.146E+00    0.244E-01    0.299E-01    0.134E-03    0.134E-03    0.534E-04    0.534E-04    0.000E+00    0.000E+00    0.000E+00    0.000E+00
     1.690     0.651    0.144E+00    0.241E-01    0.296E-01    0.131E-03    0.131E-03    0.522E-04    0.522E-04    0.000E+00    0.000E+00    0.000E+00    0.000E+00
     1.690     0.652    0.143E+00    0.238E-01    0.293E-01    0.128E-03    0.128E-03    0.511E-04    0.511E-04    0.000E+00    0.000E+00    0.000E+00    0.000E+00
     1.690     0.653    0.142E+00    0.235E-01    0.290E-01    0.125E-03    0.125E-03    0.499E-04    0.499E-04    0.000E+00    0.000E+00    0.000E+00    0.000E+00
     1.690     0.654    0.141E+00    0.232E-01    0.287E-01    0.122E-03    0.122E-03    0.488E-04    0.488E-04    0.000E+00    0.000E+00    0.000E+00    0.000E+00
     1.690     0.655    0.140E+00    0.229E-01    0.284E-01    0.119E-03    0.119E-03    0.477E-04    0.477E-04    0.000E+00    0.000E+00    0.000E+00    0.000E+00
     1.690     0.656    0.139E+00    0.226E-01    0.281E-01    0.116E-03    0.116E-03    0.466E-04    0.466E-04    0.000E+00    0.000E+00    0.000E+00    0.000E+00
     1.690     0.657    0.137E+00    0.223E-01    0.278E-01    0.114E-03    0.114E-03    0.455E-04    0.455E-04    0.000E+00    0.000E+00    0.000E+00    0.000E+00
     1.690     0.658    0.136E+00    0.220E-01    0.275E-01    0.111E-03    0.111E-03    0.444E-04    0.444E-04    0.000E+00    0.000E+00    0.000E+00    0.000E+00
     1.690     0.659    0.135E+00    0.217E-01    0.272E-01    0.109E-03    0.109E-03    0.434E-04    0.434E-04    0.000E+00    0.000E+00    0.000E+00    0.000E+00
     1.690     0.660    0.134E+00    0.214E-01    0.270E-01    0.106E-03    0.106E-03    0.424E-04    0.424E-04    0.000E+00    0.000E+00    0.000E+00    0.000E+00
     1.690     0.661    0.133E+00    0.212E-01    0.267E-01    0.104E-03    0.104E-03    0.414E-04    0.414E-04    0.000E+00    0.000E+00    0.000E+00    0.000E+00
     1.690     0.662    0.132E+00    0.209E-01    0.264E-01    0.101E-03    0.101E-03    0.404E-04    0.404E-04    0.000E+00    0.000E+00    0.000E+00    0.000E+00
     1.690     0.663    0.131E+00    0.206E-01    0.261E-01    0.988E-04    0.988E-04    0.395E-04    0.395E-04    0.000E+00    0.000E+00    0.000E+00    0.000E+00
     1.690     0.664    0.130E+00    0.203E-01    0.258E-01    0.964E-04    0.964E-04    0.386E-04    0.386E-04    0.000E+00    0.000E+00    0.000E+00    0.000E+00
     1.690     0.665    0.128E+00    0.201E-01    0.255E-01    0.942E-04    0.942E-04    0.377E-04    0.377E-04    0.000E+00    0.000E+00    0.000E+00    0.000E+00
     1.690     0.666    0.127E+00    0.198E-01    0.253E-01    0.920E-04    0.920E-04    0.368E-04    0.368E-04    0.000E+00    0.000E+00    0.000E+00    0.000E+00
     1.690     0.667    0.126E+00    0.195E-01    0.250E-01    0.898E-04    0.898E-04    0.359E-04    0.359E-04    0.000E+00    0.000E+00    0.000E+00    0.000E+00
     1.690     0.668    0.125E+00    0.193E-01    0.247E-01    0.877E-04    0.877E-04    0.351E-04    0.351E-04    0.000E+00    0.000E+00    0.000E+00    0.000E+00
     1.690     0.669    0.124E+00    0.190E-01    0.244E-01    0.856E-04    0.856E-04    0.342E-04    0.342E-04    0.000E+00    0.000E+00    0.000E+00    0.000E+00
     1.690     0.670    0.123E+00    0.188E-01    0.241E-01    0.835E-04    0.835E-04    0.334E-04    0.334E-04    0.000E+00    0.000E+00    0.000E+00    0.000E+00
     1.690     0.671    0.122E+00    0.185E-01    0.239E-01    0.816E-04    0.816E-04    0.326E-04    0.326E-04    0.000E+00    0.000E+00    0.000E+00    0.000E+00
     1.690     0.672    0.121E+00    0.183E-01    0.236E-01    0.796E-04    0.796E-04    0.318E-04    0.318E-04    0.000E+00    0.000E+00    0.000E+00    0.000E+00
     1.690     0.673    0.120E+00    0.180E-01    0.233E-01    0.777E-04    0.777E-04    0.311E-04    0.311E-04    0.000E+00    0.000E+00    0.000E+00    0.000E+00
     1.690     0.674    0.119E+00    0.178E-01    0.231E-01    0.758E-04    0.758E-04    0.303E-04    0.303E-04    0.000E+00    0.000E+00    0.000E+00    0.000E+00
     1.690     0.675    0.118E+00    0.175E-01    0.228E-01    0.740E-04    0.740E-04    0.296E-04    0.296E-04    0.000E+00    0.000E+00    0.000E+00    0.000E+00
     1.690     0.676    0.117E+00    0.173E-01    0.225E-01    0.722E-04    0.722E-04    0.289E-04    0.289E-04    0.000E+00    0.000E+00    0.000E+00    0.000E+00
     1.690     0.677    0.116E+00    0.171E-01    0.223E-01    0.704E-04    0.704E-04    0.282E-04    0.282E-04    0.000E+00    0.000E+00    0.000E+00    0.000E+00
     1.690     0.678    0.114E+00    0.168E-01    0.220E-01    0.687E-04    0.687E-04    0.275E-04    0.275E-04    0.000E+00    0.000E+00    0.000E+00    0.000E+00
     1.690     0.679    0.113E+00    0.166E-01    0.218E-01    0.670E-04    0.670E-04    0.268E-04    0.268E-04    0.000E+00    0.000E+00    0.000E+00    0.000E+00
     1.690     0.680    0.112E+00    0.164E-01    0.215E-01    0.653E-04    0.653E-04    0.261E-04    0.261E-04    0.000E+00    0.000E+00    0.000E+00    0.000E+00
     1.690     0.681    0.111E+00    0.161E-01    0.213E-01    0.637E-04    0.637E-04    0.255E-04    0.255E-04    0.000E+00    0.000E+00    0.000E+00    0.000E+00
     1.690     0.682    0.110E+00    0.159E-01    0.210E-01    0.621E-04    0.621E-04    0.248E-04    0.248E-04    0.000E+00    0.000E+00    0.000E+00    0.000E+00
     1.690     0.683    0.109E+00    0.157E-01    0.208E-01    0.606E-04    0.606E-04    0.242E-04    0.242E-04    0.000E+00    0.000E+00    0.000E+00    0.000E+00
     1.690     0.684    0.108E+00    0.155E-01    0.205E-01    0.590E-04    0.590E-04    0.236E-04    0.236E-04    0.000E+00    0.000E+00    0.000E+00    0.000E+00
     1.690     0.685    0.107E+00    0.153E-01    0.203E-01    0.576E-04    0.576E-04    0.230E-04    0.230E-04    0.000E+00    0.000E+00    0.000E+00    0.000E+00
     1.690     0.686    0.106E+00    0.150E-01    0.200E-01    0.561E-04    0.561E-04    0.224E-04    0.224E-04    0.000E+00    0.000E+00    0.000E+00    0.000E+00
     1.690     0.687    0.105E+00    0.148E-01    0.198E-01    0.547E-04    0.547E-04    0.219E-04    0.219E-04    0.000E+00    0.000E+00    0.000E+00    0.000E+00
     1.690     0.688    0.104E+00    0.146E-01    0.195E-01    0.533E-04    0.533E-04    0.213E-04    0.213E-04    0.000E+00    0.000E+00    0.000E+00    0.000E+00
     1.690     0.689    0.103E+00    0.144E-01    0.193E-01    0.519E-04    0.519E-04    0.208E-04    0.208E-04    0.000E+00    0.000E+00    0.000E+00    0.000E+00
     1.690     0.690    0.102E+00    0.142E-01    0.191E-01    0.506E-04    0.506E-04    0.202E-04    0.202E-04    0.000E+00    0.000E+00    0.000E+00    0.000E+00
     1.690     0.691    0.101E+00    0.140E-01    0.188E-01    0.493E-04    0.493E-04    0.197E-04    0.197E-04    0.000E+00    0.000E+00    0.000E+00    0.000E+00
     1.690     0.692    0.100E+00    0.138E-01    0.186E-01    0.481E-04    0.481E-04    0.192E-04    0.192E-04    0.000E+00    0.000E+00    0.000E+00    0.000E+00
     1.690     0.693    0.995E-01    0.136E-01    0.184E-01    0.468E-04    0.468E-04    0.187E-04    0.187E-04    0.000E+00    0.000E+00    0.000E+00    0.000E+00
     1.690     0.694    0.985E-01    0.134E-01    0.181E-01    0.456E-04    0.456E-04    0.183E-04    0.183E-04    0.000E+00    0.000E+00    0.000E+00    0.000E+00
     1.690     0.695    0.976E-01    0.132E-01    0.179E-01    0.445E-04    0.445E-04    0.178E-04    0.178E-04    0.000E+00    0.000E+00    0.000E+00    0.000E+00
     1.690     0.696    0.966E-01    0.130E-01    0.177E-01    0.433E-04    0.433E-04    0.173E-04    0.173E-04    0.000E+00    0.000E+00    0.000E+00    0.000E+00
     1.690     0.697    0.957E-01    0.128E-01    0.175E-01    0.422E-04    0.422E-04    0.169E-04    0.169E-04    0.000E+00    0.000E+00    0.000E+00    0.000E+00
     1.690     0.698    0.948E-01    0.127E-01    0.172E-01    0.411E-04    0.411E-04    0.164E-04    0.164E-04    0.000E+00    0.000E+00    0.000E+00    0.000E+00
     1.690     0.699    0.938E-01    0.125E-01    0.170E-01    0.400E-04    0.400E-04    0.160E-04    0.160E-04    0.000E+00    0.000E+00    0.000E+00    0.000E+00
     1.690     0.700    0.929E-01    0.123E-01    0.168E-01    0.389E-04    0.389E-04    0.156E-04    0.156E-04    0.000E+00    0.000E+00    0.000E+00    0.000E+00
     1.690     0.701    0.920E-01    0.121E-01    0.166E-01    0.379E-04    0.379E-04    0.152E-04    0.152E-04    0.000E+00    0.000E+00    0.000E+00    0.000E+00
     1.690     0.702    0.911E-01    0.119E-01    0.164E-01    0.369E-04    0.369E-04    0.148E-04    0.148E-04    0.000E+00    0.000E+00    0.000E+00    0.000E+00
     1.690     0.703    0.902E-01    0.118E-01    0.161E-01    0.359E-04    0.359E-04    0.144E-04    0.144E-04    0.000E+00    0.000E+00    0.000E+00    0.000E+00
     1.690     0.704    0.893E-01    0.116E-01    0.159E-01    0.349E-04    0.349E-04    0.140E-04    0.140E-04    0.000E+00    0.000E+00    0.000E+00    0.000E+00
     1.690     0.705    0.884E-01    0.114E-01    0.157E-01    0.340E-04    0.340E-04    0.136E-04    0.136E-04    0.000E+00    0.000E+00    0.000E+00    0.000E+00
     1.690     0.706    0.875E-01    0.112E-01    0.155E-01    0.331E-04    0.331E-04    0.132E-04    0.132E-04    0.000E+00    0.000E+00    0.000E+00    0.000E+00
     1.690     0.707    0.866E-01    0.111E-01    0.153E-01    0.322E-04    0.322E-04    0.129E-04    0.129E-04    0.000E+00    0.000E+00    0.000E+00    0.000E+00
     1.690     0.708    0.857E-01    0.109E-01    0.151E-01    0.313E-04    0.313E-04    0.125E-04    0.125E-04    0.000E+00    0.000E+00    0.000E+00    0.000E+00
     1.690     0.709    0.848E-01    0.107E-01    0.149E-01    0.304E-04    0.304E-04    0.122E-04    0.122E-04    0.000E+00    0.000E+00    0.000E+00    0.000E+00
     1.690     0.710    0.839E-01    0.106E-01    0.147E-01    0.296E-04    0.296E-04    0.118E-04    0.118E-04    0.000E+00    0.000E+00    0.000E+00    0.000E+00
     1.690     0.711    0.831E-01    0.104E-01    0.145E-01    0.288E-04    0.288E-04    0.115E-04    0.115E-04    0.000E+00    0.000E+00    0.000E+00    0.000E+00
     1.690     0.712    0.822E-01    0.103E-01    0.143E-01    0.280E-04    0.280E-04    0.112E-04    0.112E-04    0.000E+00    0.000E+00    0.000E+00    0.000E+00
     1.690     0.713    0.814E-01    0.101E-01    0.141E-01    0.272E-04    0.272E-04    0.109E-04    0.109E-04    0.000E+00    0.000E+00    0.000E+00    0.000E+00
     1.690     0.714    0.805E-01    0.996E-02    0.139E-01    0.265E-04    0.265E-04    0.106E-04    0.106E-04    0.000E+00    0.000E+00    0.000E+00    0.000E+00
     1.690     0.715    0.797E-01    0.981E-02    0.137E-01    0.257E-04    0.257E-04    0.103E-04    0.103E-04    0.000E+00    0.000E+00    0.000E+00    0.000E+00
     1.690     0.716    0.788E-01    0.966E-02    0.135E-01    0.250E-04    0.250E-04    0.100E-04    0.100E-04    0.000E+00    0.000E+00    0.000E+00    0.000E+00
     1.690     0.717    0.780E-01    0.951E-02    0.133E-01    0.243E-04    0.243E-04    0.973E-05    0.973E-05    0.000E+00    0.000E+00    0.000E+00    0.000E+00
     1.690     0.718    0.772E-01    0.937E-02    0.131E-01    0.236E-04    0.236E-04    0.946E-05    0.946E-05    0.000E+00    0.000E+00    0.000E+00    0.000E+00
     1.690     0.719    0.763E-01    0.922E-02    0.129E-01    0.230E-04    0.230E-04    0.919E-05    0.919E-05    0.000E+00    0.000E+00    0.000E+00    0.000E+00
     1.690     0.720    0.755E-01    0.908E-02    0.128E-01    0.223E-04    0.223E-04    0.894E-05    0.894E-05    0.000E+00    0.000E+00    0.000E+00    0.000E+00
     1.690     0.721    0.747E-01    0.894E-02    0.126E-01    0.217E-04    0.217E-04    0.868E-05    0.868E-05    0.000E+00    0.000E+00    0.000E+00    0.000E+00
     1.690     0.722    0.739E-01    0.880E-02    0.124E-01    0.211E-04    0.211E-04    0.843E-05    0.843E-05    0.000E+00    0.000E+00    0.000E+00    0.000E+00
     1.690     0.723    0.731E-01    0.867E-02    0.122E-01    0.205E-04    0.205E-04    0.819E-05    0.819E-05    0.000E+00    0.000E+00    0.000E+00    0.000E+00
     1.690     0.724    0.723E-01    0.853E-02    0.120E-01    0.199E-04    0.199E-04    0.795E-05    0.795E-05    0.000E+00    0.000E+00    0.000E+00    0.000E+00
     1.690     0.725    0.715E-01    0.840E-02    0.119E-01    0.193E-04    0.193E-04    0.772E-05    0.772E-05    0.000E+00    0.000E+00    0.000E+00    0.000E+00
     1.690     0.726    0.707E-01    0.827E-02    0.117E-01    0.187E-04    0.187E-04    0.749E-05    0.749E-05    0.000E+00    0.000E+00    0.000E+00    0.000E+00
     1.690     0.727    0.699E-01    0.814E-02    0.115E-01    0.182E-04    0.182E-04    0.727E-05    0.727E-05    0.000E+00    0.000E+00    0.000E+00    0.000E+00
     1.690     0.728    0.692E-01    0.801E-02    0.113E-01    0.176E-04    0.176E-04    0.706E-05    0.706E-05    0.000E+00    0.000E+00    0.000E+00    0.000E+00
     1.690     0.729    0.684E-01    0.788E-02    0.112E-01    0.171E-04    0.171E-04    0.685E-05    0.685E-05    0.000E+00    0.000E+00    0.000E+00    0.000E+00
     1.690     0.730    0.676E-01    0.776E-02    0.110E-01    0.166E-04    0.166E-04    0.665E-05    0.665E-05    0.000E+00    0.000E+00    0.000E+00    0.000E+00
     1.690     0.731    0.669E-01    0.763E-02    0.108E-01    0.161E-04    0.161E-04    0.645E-05    0.645E-05    0.000E+00    0.000E+00    0.000E+00    0.000E+00
     1.690     0.732    0.661E-01    0.751E-02    0.107E-01    0.156E-04    0.156E-04    0.626E-05    0.626E-05    0.000E+00    0.000E+00    0.000E+00    0.000E+00
     1.690     0.733    0.654E-01    0.739E-02    0.105E-01    0.152E-04    0.152E-04    0.607E-05    0.607E-05    0.000E+00    0.000E+00    0.000E+00    0.000E+00
     1.690     0.734    0.646E-01    0.727E-02    0.104E-01    0.147E-04    0.147E-04    0.589E-05    0.589E-05    0.000E+00    0.000E+00    0.000E+00    0.000E+00
     1.690     0.735    0.639E-01    0.716E-02    0.102E-01    0.143E-04    0.143E-04    0.571E-05    0.571E-05    0.000E+00    0.000E+00    0.000E+00    0.000E+00
     1.690     0.736    0.631E-01    0.704E-02    0.100E-01    0.139E-04    0.139E-04    0.554E-05    0.554E-05    0.000E+00    0.000E+00    0.000E+00    0.000E+00
     1.690     0.737    0.624E-01    0.693E-02    0.988E-02    0.134E-04    0.134E-04    0.537E-05    0.537E-05    0.000E+00    0.000E+00    0.000E+00    0.000E+00
     1.690     0.738    0.617E-01    0.682E-02    0.973E-02    0.130E-04    0.130E-04    0.521E-05    0.521E-05    0.000E+00    0.000E+00    0.000E+00    0.000E+00
     1.690     0.739    0.610E-01    0.671E-02    0.957E-02    0.126E-04    0.126E-04    0.505E-05    0.505E-05    0.000E+00    0.000E+00    0.000E+00    0.000E+00
     1.690     0.740    0.602E-01    0.660E-02    0.942E-02    0.123E-04    0.123E-04    0.490E-05    0.490E-05    0.000E+00    0.000E+00    0.000E+00    0.000E+00
     1.690     0.741    0.595E-01    0.649E-02    0.927E-02    0.119E-04    0.119E-04    0.475E-05    0.475E-05    0.000E+00    0.000E+00    0.000E+00    0.000E+00
     1.690     0.742    0.588E-01    0.638E-02    0.912E-02    0.115E-04    0.115E-04    0.461E-05    0.461E-05    0.000E+00    0.000E+00    0.000E+00    0.000E+00
     1.690     0.743    0.581E-01    0.628E-02    0.898E-02    0.112E-04    0.112E-04    0.447E-05    0.447E-05    0.000E+00    0.000E+00    0.000E+00    0.000E+00
     1.690     0.744    0.574E-01    0.618E-02    0.883E-02    0.108E-04    0.108E-04    0.433E-05    0.433E-05    0.000E+00    0.000E+00    0.000E+00    0.000E+00
     1.690     0.745    0.567E-01    0.607E-02    0.869E-02    0.105E-04    0.105E-04    0.419E-05    0.419E-05    0.000E+00    0.000E+00    0.000E+00    0.000E+00
     1.690     0.746    0.561E-01    0.597E-02    0.855E-02    0.101E-04    0.101E-04    0.406E-05    0.406E-05    0.000E+00    0.000E+00    0.000E+00    0.000E+00
     1.690     0.747    0.554E-01    0.587E-02    0.841E-02    0.982E-05    0.982E-05    0.393E-05    0.393E-05    0.000E+00    0.000E+00    0.000E+00    0.000E+00
     1.690     0.748    0.547E-01    0.578E-02    0.827E-02    0.951E-05    0.951E-05    0.380E-05    0.380E-05    0.000E+00    0.000E+00    0.000E+00    0.000E+00
     1.690     0.749    0.540E-01    0.568E-02    0.813E-02    0.920E-05    0.920E-05    0.368E-05    0.368E-05    0.000E+00    0.000E+00    0.000E+00    0.000E+00
     1.690     0.750    0.534E-01    0.559E-02    0.800E-02    0.891E-05    0.891E-05    0.356E-05    0.356E-05    0.000E+00    0.000E+00    0.000E+00    0.000E+00
     1.690     0.751    0.527E-01    0.549E-02    0.786E-02    0.862E-05    0.862E-05    0.345E-05    0.345E-05    0.000E+00    0.000E+00    0.000E+00    0.000E+00
     1.690     0.752    0.521E-01    0.540E-02    0.773E-02    0.834E-05    0.834E-05    0.334E-05    0.334E-05    0.000E+00    0.000E+00    0.000E+00    0.000E+00
     1.690     0.753    0.514E-01    0.531E-02    0.760E-02    0.807E-05    0.807E-05    0.323E-05    0.323E-05    0.000E+00    0.000E+00    0.000E+00    0.000E+00
     1.690     0.754    0.508E-01    0.522E-02    0.747E-02    0.780E-05    0.780E-05    0.312E-05    0.312E-05    0.000E+00    0.000E+00    0.000E+00    0.000E+00
     1.690     0.755    0.501E-01    0.513E-02    0.735E-02    0.755E-05    0.755E-05    0.302E-05    0.302E-05    0.000E+00    0.000E+00    0.000E+00    0.000E+00
     1.690     0.756    0.495E-01    0.504E-02    0.722E-02    0.730E-05    0.730E-05    0.292E-05    0.292E-05    0.000E+00    0.000E+00    0.000E+00    0.000E+00
     1.690     0.757    0.489E-01    0.496E-02    0.709E-02    0.706E-05    0.706E-05    0.282E-05    0.282E-05    0.000E+00    0.000E+00    0.000E+00    0.000E+00
     1.690     0.758    0.482E-01    0.487E-02    0.697E-02    0.683E-05    0.683E-05    0.273E-05    0.273E-05    0.000E+00    0.000E+00    0.000E+00    0.000E+00
     1.690     0.759    0.476E-01    0.479E-02    0.685E-02    0.660E-05    0.660E-05    0.264E-05    0.264E-05    0.000E+00    0.000E+00    0.000E+00    0.000E+00
     1.690     0.760    0.470E-01    0.471E-02    0.673E-02    0.639E-05    0.639E-05    0.255E-05    0.255E-05    0.000E+00    0.000E+00    0.000E+00    0.000E+00
     1.690     0.761    0.464E-01    0.463E-02    0.661E-02    0.617E-05    0.617E-05    0.247E-05    0.247E-05    0.000E+00    0.000E+00    0.000E+00    0.000E+00
     1.690     0.762    0.458E-01    0.455E-02    0.649E-02    0.597E-05    0.597E-05    0.239E-05    0.239E-05    0.000E+00    0.000E+00    0.000E+00    0.000E+00
     1.690     0.763    0.452E-01    0.447E-02    0.638E-02    0.577E-05    0.577E-05    0.231E-05    0.231E-05    0.000E+00    0.000E+00    0.000E+00    0.000E+00
     1.690     0.764    0.446E-01    0.439E-02    0.626E-02    0.558E-05    0.558E-05    0.223E-05    0.223E-05    0.000E+00    0.000E+00    0.000E+00    0.000E+00
     1.690     0.765    0.440E-01    0.431E-02    0.615E-02    0.539E-05    0.539E-05    0.216E-05    0.216E-05    0.000E+00    0.000E+00    0.000E+00    0.000E+00
     1.690     0.766    0.434E-01    0.424E-02    0.604E-02    0.521E-05    0.521E-05    0.209E-05    0.209E-05    0.000E+00    0.000E+00    0.000E+00    0.000E+00
     1.690     0.767    0.429E-01    0.416E-02    0.593E-02    0.504E-05    0.504E-05    0.201E-05    0.201E-05    0.000E+00    0.000E+00    0.000E+00    0.000E+00
     1.690     0.768    0.423E-01    0.409E-02    0.582E-02    0.486E-05    0.486E-05    0.194E-05    0.194E-05    0.000E+00    0.000E+00    0.000E+00    0.000E+00
     1.690     0.769    0.417E-01    0.402E-02    0.571E-02    0.469E-05    0.469E-05    0.188E-05    0.188E-05    0.000E+00    0.000E+00    0.000E+00    0.000E+00
     1.690     0.770    0.411E-01    0.395E-02    0.561E-02    0.452E-05    0.452E-05    0.181E-05    0.181E-05    0.000E+00    0.000E+00    0.000E+00    0.000E+00
     1.690     0.771    0.406E-01    0.388E-02    0.550E-02    0.436E-05    0.436E-05    0.175E-05    0.175E-05    0.000E+00    0.000E+00    0.000E+00    0.000E+00
     1.690     0.772    0.400E-01    0.381E-02    0.540E-02    0.421E-05    0.421E-05    0.168E-05    0.168E-05    0.000E+00    0.000E+00    0.000E+00    0.000E+00
     1.690     0.773    0.395E-01    0.374E-02    0.530E-02    0.406E-05    0.406E-05    0.162E-05    0.162E-05    0.000E+00    0.000E+00    0.000E+00    0.000E+00
     1.690     0.774    0.389E-01    0.367E-02    0.520E-02    0.391E-05    0.391E-05    0.156E-05    0.156E-05    0.000E+00    0.000E+00    0.000E+00    0.000E+00
     1.690     0.775    0.384E-01    0.361E-02    0.510E-02    0.377E-05    0.377E-05    0.151E-05    0.151E-05    0.000E+00    0.000E+00    0.000E+00    0.000E+00
     1.690     0.776    0.379E-01    0.354E-02    0.500E-02    0.363E-05    0.363E-05    0.145E-05    0.145E-05    0.000E+00    0.000E+00    0.000E+00    0.000E+00
     1.690     0.777    0.373E-01    0.348E-02    0.491E-02    0.350E-05    0.350E-05    0.140E-05    0.140E-05    0.000E+00    0.000E+00    0.000E+00    0.000E+00
     1.690     0.778    0.368E-01    0.342E-02    0.481E-02    0.338E-05    0.338E-05    0.135E-05    0.135E-05    0.000E+00    0.000E+00    0.000E+00    0.000E+00
     1.690     0.779    0.363E-01    0.336E-02    0.472E-02    0.325E-05    0.325E-05    0.130E-05    0.130E-05    0.000E+00    0.000E+00    0.000E+00    0.000E+00
     1.690     0.780    0.358E-01    0.329E-02    0.463E-02    0.313E-05    0.313E-05    0.125E-05    0.125E-05    0.000E+00    0.000E+00    0.000E+00    0.000E+00
     1.690     0.781    0.353E-01    0.324E-02    0.453E-02    0.302E-05    0.302E-05    0.121E-05    0.121E-05    0.000E+00    0.000E+00    0.000E+00    0.000E+00
     1.690     0.782    0.347E-01    0.318E-02    0.444E-02    0.291E-05    0.291E-05    0.116E-05    0.116E-05    0.000E+00    0.000E+00    0.000E+00    0.000E+00
     1.690     0.783    0.342E-01    0.312E-02    0.436E-02    0.280E-05    0.280E-05    0.112E-05    0.112E-05    0.000E+00    0.000E+00    0.000E+00    0.000E+00
     1.690     0.784    0.337E-01    0.306E-02    0.427E-02    0.270E-05    0.270E-05    0.108E-05    0.108E-05    0.000E+00    0.000E+00    0.000E+00    0.000E+00
     1.690     0.785    0.333E-01    0.300E-02    0.418E-02    0.260E-05    0.260E-05    0.104E-05    0.104E-05    0.000E+00    0.000E+00    0.000E+00    0.000E+00
     1.690     0.786    0.328E-01    0.295E-02    0.410E-02    0.251E-05    0.251E-05    0.100E-05    0.100E-05    0.000E+00    0.000E+00    0.000E+00    0.000E+00
     1.690     0.787    0.323E-01    0.289E-02    0.402E-02    0.241E-05    0.241E-05    0.966E-06    0.966E-06    0.000E+00    0.000E+00    0.000E+00    0.000E+00
     1.690     0.788    0.318E-01    0.284E-02    0.393E-02    0.233E-05    0.233E-05    0.930E-06    0.930E-06    0.000E+00    0.000E+00    0.000E+00    0.000E+00
     1.690     0.789    0.313E-01    0.279E-02    0.385E-02    0.224E-05    0.224E-05    0.896E-06    0.896E-06    0.000E+00    0.000E+00    0.000E+00    0.000E+00
     1.690     0.790    0.309E-01    0.274E-02    0.377E-02    0.216E-05    0.216E-05    0.862E-06    0.862E-06    0.000E+00    0.000E+00    0.000E+00    0.000E+00
     1.690     0.791    0.304E-01    0.268E-02    0.369E-02    0.207E-05    0.207E-05    0.829E-06    0.829E-06    0.000E+00    0.000E+00    0.000E+00    0.000E+00
     1.690     0.792    0.299E-01    0.263E-02    0.362E-02    0.199E-05    0.199E-05    0.796E-06    0.796E-06    0.000E+00    0.000E+00    0.000E+00    0.000E+00
     1.690     0.793    0.295E-01    0.258E-02    0.354E-02    0.191E-05    0.191E-05    0.764E-06    0.764E-06    0.000E+00    0.000E+00    0.000E+00    0.000E+00
     1.690     0.794    0.290E-01    0.254E-02    0.346E-02    0.183E-05    0.183E-05    0.734E-06    0.734E-06    0.000E+00    0.000E+00    0.000E+00    0.000E+00
     1.690     0.795    0.286E-01    0.249E-02    0.339E-02    0.176E-05    0.176E-05    0.705E-06    0.705E-06    0.000E+00    0.000E+00    0.000E+00    0.000E+00
     1.690     0.796    0.281E-01    0.244E-02    0.332E-02    0.169E-05    0.169E-05    0.676E-06    0.676E-06    0.000E+00    0.000E+00    0.000E+00    0.000E+00
     1.690     0.797    0.277E-01    0.239E-02    0.325E-02    0.162E-05    0.162E-05    0.649E-06    0.649E-06    0.000E+00    0.000E+00    0.000E+00    0.000E+00
     1.690     0.798    0.273E-01    0.235E-02    0.318E-02    0.156E-05    0.156E-05    0.623E-06    0.623E-06    0.000E+00    0.000E+00    0.000E+00    0.000E+00
     1.690     0.799    0.268E-01    0.230E-02    0.311E-02    0.149E-05    0.149E-05    0.598E-06    0.598E-06    0.000E+00    0.000E+00    0.000E+00    0.000E+00
     1.690     0.800    0.264E-01    0.226E-02    0.304E-02    0.143E-05    0.143E-05    0.573E-06    0.573E-06    0.000E+00    0.000E+00    0.000E+00    0.000E+00
     1.690     0.801    0.260E-01    0.221E-02    0.297E-02    0.137E-05    0.137E-05    0.550E-06    0.550E-06    0.000E+00    0.000E+00    0.000E+00    0.000E+00
     1.690     0.802    0.256E-01    0.217E-02    0.291E-02    0.132E-05    0.132E-05    0.528E-06    0.528E-06    0.000E+00    0.000E+00    0.000E+00    0.000E+00
     1.690     0.803    0.252E-01    0.213E-02    0.284E-02    0.127E-05    0.127E-05    0.506E-06    0.506E-06    0.000E+00    0.000E+00    0.000E+00    0.000E+00
     1.690     0.804    0.247E-01    0.209E-02    0.278E-02    0.121E-05    0.121E-05    0.485E-06    0.485E-06    0.000E+00    0.000E+00    0.000E+00    0.000E+00
     1.690     0.805    0.243E-01    0.205E-02    0.271E-02    0.116E-05    0.116E-05    0.465E-06    0.465E-06    0.000E+00    0.000E+00    0.000E+00    0.000E+00
     1.690     0.806    0.239E-01    0.201E-02    0.265E-02    0.112E-05    0.112E-05    0.446E-06    0.446E-06    0.000E+00    0.000E+00    0.000E+00    0.000E+00
     1.690     0.807    0.236E-01    0.197E-02    0.259E-02    0.107E-05    0.107E-05    0.428E-06    0.428E-06    0.000E+00    0.000E+00    0.000E+00    0.000E+00
     1.690     0.808    0.232E-01    0.193E-02    0.253E-02    0.103E-05    0.103E-05    0.411E-06    0.411E-06    0.000E+00    0.000E+00    0.000E+00    0.000E+00
     1.690     0.809    0.228E-01    0.189E-02    0.247E-02    0.985E-06    0.985E-06    0.394E-06    0.394E-06    0.000E+00    0.000E+00    0.000E+00    0.000E+00
     1.690     0.810    0.224E-01    0.185E-02    0.241E-02    0.944E-06    0.944E-06    0.378E-06    0.378E-06    0.000E+00    0.000E+00    0.000E+00    0.000E+00
     1.690     0.811    0.220E-01    0.182E-02    0.236E-02    0.906E-06    0.906E-06    0.362E-06    0.362E-06    0.000E+00    0.000E+00    0.000E+00    0.000E+00
     1.690     0.812    0.216E-01    0.178E-02    0.230E-02    0.869E-06    0.869E-06    0.348E-06    0.348E-06    0.000E+00    0.000E+00    0.000E+00    0.000E+00
     1.690     0.813    0.213E-01    0.174E-02    0.225E-02    0.833E-06    0.833E-06    0.333E-06    0.333E-06    0.000E+00    0.000E+00    0.000E+00    0.000E+00
     1.690     0.814    0.209E-01    0.171E-02    0.219E-02    0.796E-06    0.796E-06    0.318E-06    0.318E-06    0.000E+00    0.000E+00    0.000E+00    0.000E+00
     1.690     0.815    0.205E-01    0.167E-02    0.214E-02    0.760E-06    0.760E-06    0.304E-06    0.304E-06    0.000E+00    0.000E+00    0.000E+00    0.000E+00
     1.690     0.816    0.202E-01    0.164E-02    0.209E-02    0.726E-06    0.726E-06    0.290E-06    0.290E-06    0.000E+00    0.000E+00    0.000E+00    0.000E+00
     1.690     0.817    0.198E-01    0.161E-02    0.204E-02    0.693E-06    0.693E-06    0.277E-06    0.277E-06    0.000E+00    0.000E+00    0.000E+00    0.000E+00
     1.690     0.818    0.195E-01    0.157E-02    0.199E-02    0.661E-06    0.661E-06    0.264E-06    0.264E-06    0.000E+00    0.000E+00    0.000E+00    0.000E+00
     1.690     0.819    0.191E-01    0.154E-02    0.194E-02    0.631E-06    0.631E-06    0.252E-06    0.252E-06    0.000E+00    0.000E+00    0.000E+00    0.000E+00
     1.690     0.820    0.188E-01    0.151E-02    0.189E-02    0.602E-06    0.602E-06    0.241E-06    0.241E-06    0.000E+00    0.000E+00    0.000E+00    0.000E+00
     1.690     0.821    0.185E-01    0.148E-02    0.184E-02    0.574E-06    0.574E-06    0.230E-06    0.230E-06    0.000E+00    0.000E+00    0.000E+00    0.000E+00
     1.690     0.822    0.181E-01    0.145E-02    0.180E-02    0.547E-06    0.547E-06    0.219E-06    0.219E-06    0.000E+00    0.000E+00    0.000E+00    0.000E+00
     1.690     0.823    0.178E-01    0.142E-02    0.175E-02    0.522E-06    0.522E-06    0.209E-06    0.209E-06    0.000E+00    0.000E+00    0.000E+00    0.000E+00
     1.690     0.824    0.175E-01    0.139E-02    0.171E-02    0.498E-06    0.498E-06    0.199E-06    0.199E-06    0.000E+00    0.000E+00    0.000E+00    0.000E+00
     1.690     0.825    0.172E-01    0.136E-02    0.166E-02    0.475E-06    0.475E-06    0.190E-06    0.190E-06    0.000E+00    0.000E+00    0.000E+00    0.000E+00
     1.690     0.826    0.168E-01    0.133E-02    0.162E-02    0.452E-06    0.452E-06    0.181E-06    0.181E-06    0.000E+00    0.000E+00    0.000E+00    0.000E+00
     1.690     0.827    0.165E-01    0.130E-02    0.158E-02    0.431E-06    0.431E-06    0.173E-06    0.173E-06    0.000E+00    0.000E+00    0.000E+00    0.000E+00
     1.690     0.828    0.162E-01    0.127E-02    0.154E-02    0.411E-06    0.411E-06    0.165E-06    0.165E-06    0.000E+00    0.000E+00    0.000E+00    0.000E+00
     1.690     0.829    0.159E-01    0.125E-02    0.150E-02    0.392E-06    0.392E-06    0.157E-06    0.157E-06    0.000E+00    0.000E+00    0.000E+00    0.000E+00
     1.690     0.830    0.156E-01    0.122E-02    0.146E-02    0.374E-06    0.374E-06    0.150E-06    0.150E-06    0.000E+00    0.000E+00    0.000E+00    0.000E+00
     1.690     0.831    0.153E-01    0.119E-02    0.142E-02    0.357E-06    0.357E-06    0.143E-06    0.143E-06    0.000E+00    0.000E+00    0.000E+00    0.000E+00
     1.690     0.832    0.150E-01    0.117E-02    0.138E-02    0.340E-06    0.340E-06    0.136E-06    0.136E-06    0.000E+00    0.000E+00    0.000E+00    0.000E+00
     1.690     0.833    0.147E-01    0.114E-02    0.134E-02    0.325E-06    0.325E-06    0.130E-06    0.130E-06    0.000E+00    0.000E+00    0.000E+00    0.000E+00
     1.690     0.834    0.144E-01    0.112E-02    0.131E-02    0.310E-06    0.310E-06    0.124E-06    0.124E-06    0.000E+00    0.000E+00    0.000E+00    0.000E+00
     1.690     0.835    0.142E-01    0.109E-02    0.127E-02    0.296E-06    0.296E-06    0.118E-06    0.118E-06    0.000E+00    0.000E+00    0.000E+00    0.000E+00
     1.690     0.836    0.139E-01    0.107E-02    0.123E-02    0.282E-06    0.282E-06    0.113E-06    0.113E-06    0.000E+00    0.000E+00    0.000E+00    0.000E+00
     1.690     0.837    0.136E-01    0.105E-02    0.120E-02    0.268E-06    0.268E-06    0.107E-06    0.107E-06    0.000E+00    0.000E+00    0.000E+00    0.000E+00
     1.690     0.838    0.133E-01    0.102E-02    0.117E-02    0.254E-06    0.254E-06    0.101E-06    0.101E-06    0.000E+00    0.000E+00    0.000E+00    0.000E+00
     1.690     0.839    0.131E-01    0.100E-02    0.113E-02    0.240E-06    0.240E-06    0.961E-07    0.961E-07    0.000E+00    0.000E+00    0.000E+00    0.000E+00
     1.690     0.840    0.128E-01    0.978E-03    0.110E-02    0.227E-06    0.227E-06    0.910E-07    0.910E-07    0.000E+00    0.000E+00    0.000E+00    0.000E+00
     1.690     0.841    0.125E-01    0.956E-03    0.107E-02    0.215E-06    0.215E-06    0.861E-07    0.861E-07    0.000E+00    0.000E+00    0.000E+00    0.000E+00
     1.690     0.842    0.123E-01    0.935E-03    0.104E-02    0.204E-06    0.204E-06    0.815E-07    0.815E-07    0.000E+00    0.000E+00    0.000E+00    0.000E+00
     1.690     0.843    0.120E-01    0.913E-03    0.101E-02    0.193E-06    0.193E-06    0.771E-07    0.771E-07    0.000E+00    0.000E+00    0.000E+00    0.000E+00
     1.690     0.844    0.118E-01    0.893E-03    0.978E-03    0.182E-06    0.182E-06    0.730E-07    0.730E-07    0.000E+00    0.000E+00    0.000E+00    0.000E+00
     1.690     0.845    0.115E-01    0.872E-03    0.949E-03    0.173E-06    0.173E-06    0.690E-07    0.690E-07    0.000E+00    0.000E+00    0.000E+00    0.000E+00
     1.690     0.846    0.113E-01    0.852E-03    0.921E-03    0.163E-06    0.163E-06    0.653E-07    0.653E-07    0.000E+00    0.000E+00    0.000E+00    0.000E+00
     1.690     0.847    0.110E-01    0.833E-03    0.894E-03    0.154E-06    0.154E-06    0.617E-07    0.617E-07    0.000E+00    0.000E+00    0.000E+00    0.000E+00
     1.690     0.848    0.108E-01    0.813E-03    0.867E-03    0.146E-06    0.146E-06    0.583E-07    0.583E-07    0.000E+00    0.000E+00    0.000E+00    0.000E+00
     1.690     0.849    0.106E-01    0.794E-03    0.840E-03    0.138E-06    0.138E-06    0.552E-07    0.552E-07    0.000E+00    0.000E+00    0.000E+00    0.000E+00
     1.690     0.850    0.103E-01    0.776E-03    0.815E-03    0.130E-06    0.130E-06    0.522E-07    0.522E-07    0.000E+00    0.000E+00    0.000E+00    0.000E+00
     1.690     0.851    0.101E-01    0.758E-03    0.790E-03    0.123E-06    0.123E-06    0.494E-07    0.494E-07    0.000E+00    0.000E+00    0.000E+00    0.000E+00
     1.690     0.852    0.990E-02    0.740E-03    0.765E-03    0.117E-06    0.117E-06    0.467E-07    0.467E-07    0.000E+00    0.000E+00    0.000E+00    0.000E+00
     1.690     0.853    0.968E-02    0.722E-03    0.741E-03    0.110E-06    0.110E-06    0.442E-07    0.442E-07    0.000E+00    0.000E+00    0.000E+00    0.000E+00
     1.690     0.854    0.946E-02    0.705E-03    0.718E-03    0.105E-06    0.105E-06    0.418E-07    0.418E-07    0.000E+00    0.000E+00    0.000E+00    0.000E+00
     1.690     0.855    0.925E-02    0.688E-03    0.695E-03    0.991E-07    0.991E-07    0.396E-07    0.396E-07    0.000E+00    0.000E+00    0.000E+00    0.000E+00
     1.690     0.856    0.904E-02    0.672E-03    0.673E-03    0.939E-07    0.939E-07    0.376E-07    0.376E-07    0.000E+00    0.000E+00    0.000E+00    0.000E+00
     1.690     0.857    0.884E-02    0.656E-03    0.651E-03    0.891E-07    0.891E-07    0.356E-07    0.356E-07    0.000E+00    0.000E+00    0.000E+00    0.000E+00
     1.690     0.858    0.863E-02    0.640E-03    0.630E-03    0.845E-07    0.845E-07    0.338E-07    0.338E-07    0.000E+00    0.000E+00    0.000E+00    0.000E+00
     1.690     0.859    0.843E-02    0.624E-03    0.610E-03    0.803E-07    0.803E-07    0.321E-07    0.321E-07    0.000E+00    0.000E+00    0.000E+00    0.000E+00
     1.690     0.860    0.824E-02    0.609E-03    0.590E-03    0.755E-07    0.755E-07    0.302E-07    0.302E-07    0.000E+00    0.000E+00    0.000E+00    0.000E+00
     1.690     0.861    0.804E-02    0.594E-03    0.570E-03    0.707E-07    0.707E-07    0.283E-07    0.283E-07    0.000E+00    0.000E+00    0.000E+00    0.000E+00
     1.690     0.862    0.785E-02    0.579E-03    0.551E-03    0.662E-07    0.662E-07    0.265E-07    0.265E-07    0.000E+00    0.000E+00    0.000E+00    0.000E+00
     1.690     0.863    0.766E-02    0.564E-03    0.532E-03    0.620E-07    0.620E-07    0.248E-07    0.248E-07    0.000E+00    0.000E+00    0.000E+00    0.000E+00
     1.690     0.864    0.748E-02    0.550E-03    0.514E-03    0.580E-07    0.580E-07    0.232E-07    0.232E-07    0.000E+00    0.000E+00    0.000E+00    0.000E+00
     1.690     0.865    0.730E-02    0.536E-03    0.496E-03    0.542E-07    0.542E-07    0.217E-07    0.217E-07    0.000E+00    0.000E+00    0.000E+00    0.000E+00
     1.690     0.866    0.712E-02    0.522E-03    0.479E-03    0.507E-07    0.507E-07    0.203E-07    0.203E-07    0.000E+00    0.000E+00    0.000E+00    0.000E+00
     1.690     0.867    0.694E-02    0.509E-03    0.462E-03    0.473E-07    0.473E-07    0.189E-07    0.189E-07    0.000E+00    0.000E+00    0.000E+00    0.000E+00
     1.690     0.868    0.677E-02    0.495E-03    0.446E-03    0.442E-07    0.442E-07    0.177E-07    0.177E-07    0.000E+00    0.000E+00    0.000E+00    0.000E+00
     1.690     0.869    0.660E-02    0.483E-03    0.430E-03    0.412E-07    0.412E-07    0.165E-07    0.165E-07    0.000E+00    0.000E+00    0.000E+00    0.000E+00
     1.690     0.870    0.643E-02    0.470E-03    0.414E-03    0.385E-07    0.385E-07    0.154E-07    0.154E-07    0.000E+00    0.000E+00    0.000E+00    0.000E+00
     1.690     0.871    0.627E-02    0.458E-03    0.399E-03    0.359E-07    0.359E-07    0.144E-07    0.144E-07    0.000E+00    0.000E+00    0.000E+00    0.000E+00
     1.690     0.872    0.611E-02    0.445E-03    0.385E-03    0.336E-07    0.336E-07    0.134E-07    0.134E-07    0.000E+00    0.000E+00    0.000E+00    0.000E+00
     1.690     0.873    0.595E-02    0.434E-03    0.371E-03    0.314E-07    0.314E-07    0.125E-07    0.125E-07    0.000E+00    0.000E+00    0.000E+00    0.000E+00
     1.690     0.874    0.580E-02    0.422E-03    0.357E-03    0.293E-07    0.293E-07    0.117E-07    0.117E-07    0.000E+00    0.000E+00    0.000E+00    0.000E+00
     1.690     0.875    0.564E-02    0.411E-03    0.344E-03    0.274E-07    0.274E-07    0.110E-07    0.110E-07    0.000E+00    0.000E+00    0.000E+00    0.000E+00
     1.690     0.876    0.549E-02    0.399E-03    0.331E-03    0.257E-07    0.257E-07    0.103E-07    0.103E-07    0.000E+00    0.000E+00    0.000E+00    0.000E+00
     1.690     0.877    0.535E-02    0.389E-03    0.318E-03    0.241E-07    0.241E-07    0.963E-08    0.963E-08    0.000E+00    0.000E+00    0.000E+00    0.000E+00
     1.690     0.878    0.520E-02    0.378E-03    0.306E-03    0.226E-07    0.226E-07    0.904E-08    0.904E-08    0.000E+00    0.000E+00    0.000E+00    0.000E+00
     1.690     0.879    0.506E-02    0.367E-03    0.294E-03    0.212E-07    0.212E-07    0.850E-08    0.850E-08    0.000E+00    0.000E+00    0.000E+00    0.000E+00
     1.690     0.880    0.492E-02    0.357E-03    0.283E-03    0.200E-07    0.200E-07    0.800E-08    0.800E-08    0.000E+00    0.000E+00    0.000E+00    0.000E+00
     1.690     0.881    0.479E-02    0.347E-03    0.272E-03    0.189E-07    0.189E-07    0.755E-08    0.755E-08    0.000E+00    0.000E+00    0.000E+00    0.000E+00
     1.690     0.882    0.465E-02    0.337E-03    0.261E-03    0.179E-07    0.179E-07    0.714E-08    0.714E-08    0.000E+00    0.000E+00    0.000E+00    0.000E+00
     1.690     0.883    0.452E-02    0.328E-03    0.251E-03    0.167E-07    0.167E-07    0.667E-08    0.667E-08    0.000E+00    0.000E+00    0.000E+00    0.000E+00
     1.690     0.884    0.439E-02    0.318E-03    0.240E-03    0.154E-07    0.154E-07    0.614E-08    0.614E-08    0.000E+00    0.000E+00    0.000E+00    0.000E+00
     1.690     0.885    0.427E-02    0.309E-03    0.231E-03    0.141E-07    0.141E-07    0.564E-08    0.564E-08    0.000E+00    0.000E+00    0.000E+00    0.000E+00
     1.690     0.886    0.414E-02    0.300E-03    0.221E-03    0.129E-07    0.129E-07    0.518E-08    0.518E-08    0.000E+00    0.000E+00    0.000E+00    0.000E+00
     1.690     0.887    0.402E-02    0.291E-03    0.212E-03    0.119E-07    0.119E-07    0.474E-08    0.474E-08    0.000E+00    0.000E+00    0.000E+00    0.000E+00
     1.690     0.888    0.390E-02    0.282E-03    0.203E-03    0.109E-07    0.109E-07    0.434E-08    0.434E-08    0.000E+00    0.000E+00    0.000E+00    0.000E+00
     1.690     0.889    0.379E-02    0.274E-03    0.194E-03    0.992E-08    0.992E-08    0.397E-08    0.397E-08    0.000E+00    0.000E+00    0.000E+00    0.000E+00
     1.690     0.890    0.367E-02    0.266E-03    0.186E-03    0.905E-08    0.905E-08    0.362E-08    0.362E-08    0.000E+00    0.000E+00    0.000E+00    0.000E+00
     1.690     0.891    0.356E-02    0.257E-03    0.177E-03    0.826E-08    0.826E-08    0.330E-08    0.330E-08    0.000E+00    0.000E+00    0.000E+00    0.000E+00
     1.690     0.892    0.345E-02    0.250E-03    0.170E-03    0.753E-08    0.753E-08    0.301E-08    0.301E-08    0.000E+00    0.000E+00    0.000E+00    0.000E+00
     1.690     0.893    0.335E-02    0.242E-03    0.162E-03    0.686E-08    0.686E-08    0.274E-08    0.274E-08    0.000E+00    0.000E+00    0.000E+00    0.000E+00
     1.690     0.894    0.324E-02    0.234E-03    0.155E-03    0.625E-08    0.625E-08    0.250E-08    0.250E-08    0.000E+00    0.000E+00    0.000E+00    0.000E+00
     1.690     0.895    0.314E-02    0.227E-03    0.148E-03    0.570E-08    0.570E-08    0.228E-08    0.228E-08    0.000E+00    0.000E+00    0.000E+00    0.000E+00
     1.690     0.896    0.304E-02    0.220E-03    0.141E-03    0.520E-08    0.520E-08    0.208E-08    0.208E-08    0.000E+00    0.000E+00    0.000E+00    0.000E+00
     1.690     0.897    0.294E-02    0.213E-03    0.135E-03    0.475E-08    0.475E-08    0.190E-08    0.190E-08    0.000E+00    0.000E+00    0.000E+00    0.000E+00
     1.690     0.898    0.285E-02    0.206E-03    0.128E-03    0.435E-08    0.435E-08    0.174E-08    0.174E-08    0.000E+00    0.000E+00    0.000E+00    0.000E+00
     1.690     0.899    0.275E-02    0.199E-03    0.122E-03    0.400E-08    0.400E-08    0.160E-08    0.160E-08    0.000E+00    0.000E+00    0.000E+00    0.000E+00
     1.690     0.900    0.266E-02    0.192E-03    0.117E-03    0.369E-08    0.369E-08    0.148E-08    0.148E-08    0.000E+00    0.000E+00    0.000E+00    0.000E+00
     1.690     0.901    0.257E-02    0.186E-03    0.111E-03    0.342E-08    0.342E-08    0.137E-08    0.137E-08    0.000E+00    0.000E+00    0.000E+00    0.000E+00
     1.690     0.902    0.248E-02    0.180E-03    0.106E-03    0.319E-08    0.319E-08    0.128E-08    0.128E-08    0.000E+00    0.000E+00    0.000E+00    0.000E+00
     1.690     0.903    0.240E-02    0.174E-03    0.101E-03    0.299E-08    0.299E-08    0.120E-08    0.120E-08    0.000E+00    0.000E+00    0.000E+00    0.000E+00
     1.690     0.904    0.232E-02    0.168E-03    0.958E-04    0.283E-08    0.283E-08    0.113E-08    0.113E-08    0.000E+00    0.000E+00    0.000E+00    0.000E+00
     1.690     0.905    0.224E-02    0.162E-03    0.911E-04    0.269E-08    0.269E-08    0.108E-08    0.108E-08    0.000E+00    0.000E+00    0.000E+00    0.000E+00
     1.690     0.906    0.216E-02    0.157E-03    0.866E-04    0.256E-08    0.256E-08    0.102E-08    0.102E-08    0.000E+00    0.000E+00    0.000E+00    0.000E+00
     1.690     0.907    0.208E-02    0.151E-03    0.821E-04    0.227E-08    0.227E-08    0.908E-09    0.908E-09    0.000E+00    0.000E+00    0.000E+00    0.000E+00
     1.690     0.908    0.200E-02    0.146E-03    0.777E-04    0.201E-08    0.201E-08    0.803E-09    0.803E-09    0.000E+00    0.000E+00    0.000E+00    0.000E+00
     1.690     0.909    0.193E-02    0.140E-03    0.736E-04    0.177E-08    0.177E-08    0.706E-09    0.706E-09    0.000E+00    0.000E+00    0.000E+00    0.000E+00
     1.690     0.910    0.186E-02    0.135E-03    0.696E-04    0.154E-08    0.154E-08    0.618E-09    0.618E-09    0.000E+00    0.000E+00    0.000E+00    0.000E+00
     1.690     0.911    0.179E-02    0.130E-03    0.657E-04    0.134E-08    0.134E-08    0.537E-09    0.537E-09    0.000E+00    0.000E+00    0.000E+00    0.000E+00
     1.690     0.912    0.172E-02    0.125E-03    0.621E-04    0.116E-08    0.116E-08    0.464E-09    0.464E-09    0.000E+00    0.000E+00    0.000E+00    0.000E+00
     1.690     0.913    0.166E-02    0.121E-03    0.586E-04    0.995E-09    0.995E-09    0.398E-09    0.398E-09    0.000E+00    0.000E+00    0.000E+00    0.000E+00
     1.690     0.914    0.159E-02    0.116E-03    0.553E-04    0.848E-09    0.848E-09    0.339E-09    0.339E-09    0.000E+00    0.000E+00    0.000E+00    0.000E+00
     1.690     0.915    0.153E-02    0.112E-03    0.521E-04    0.718E-09    0.718E-09    0.287E-09    0.287E-09    0.000E+00    0.000E+00    0.000E+00    0.000E+00
     1.690     0.916    0.147E-02    0.107E-03    0.491E-04    0.603E-09    0.603E-09    0.241E-09    0.241E-09    0.000E+00    0.000E+00    0.000E+00    0.000E+00
     1.690     0.917    0.141E-02    0.103E-03    0.462E-04    0.503E-09    0.503E-09    0.201E-09    0.201E-09    0.000E+00    0.000E+00    0.000E+00    0.000E+00
     1.690     0.918    0.135E-02    0.989E-04    0.435E-04    0.418E-09    0.418E-09    0.167E-09    0.167E-09    0.000E+00    0.000E+00    0.000E+00    0.000E+00
     1.690     0.919    0.130E-02    0.949E-04    0.409E-04    0.346E-09    0.346E-09    0.138E-09    0.138E-09    0.000E+00    0.000E+00    0.000E+00    0.000E+00
     1.690     0.920    0.124E-02    0.910E-04    0.384E-04    0.287E-09    0.287E-09    0.115E-09    0.115E-09    0.000E+00    0.000E+00    0.000E+00    0.000E+00
     1.690     0.921    0.119E-02    0.873E-04    0.361E-04    0.239E-09    0.239E-09    0.957E-10    0.957E-10    0.000E+00    0.000E+00    0.000E+00    0.000E+00
     1.690     0.922    0.114E-02    0.836E-04    0.338E-04    0.203E-09    0.203E-09    0.811E-10    0.811E-10    0.000E+00    0.000E+00    0.000E+00    0.000E+00
     1.690     0.923    0.109E-02    0.801E-04    0.318E-04    0.177E-09    0.177E-09    0.706E-10    0.706E-10    0.000E+00    0.000E+00    0.000E+00    0.000E+00
     1.690     0.924    0.104E-02    0.767E-04    0.298E-04    0.160E-09    0.160E-09    0.639E-10    0.639E-10    0.000E+00    0.000E+00    0.000E+00    0.000E+00
     1.690     0.925    0.997E-03    0.734E-04    0.279E-04    0.152E-09    0.152E-09    0.606E-10    0.606E-10    0.000E+00    0.000E+00    0.000E+00    0.000E+00
     1.690     0.926    0.952E-03    0.702E-04    0.262E-04    0.151E-09    0.151E-09    0.605E-10    0.605E-10    0.000E+00    0.000E+00    0.000E+00    0.000E+00
     1.690     0.927    0.909E-03    0.671E-04    0.245E-04    0.158E-09    0.158E-09    0.631E-10    0.631E-10    0.000E+00    0.000E+00    0.000E+00    0.000E+00
     1.690     0.928    0.867E-03    0.641E-04    0.230E-04    0.170E-09    0.170E-09    0.681E-10    0.681E-10    0.000E+00    0.000E+00    0.000E+00    0.000E+00
     1.690     0.929    0.827E-03    0.612E-04    0.215E-04    0.188E-09    0.188E-09    0.753E-10    0.753E-10    0.000E+00    0.000E+00    0.000E+00    0.000E+00
     1.690     0.930    0.787E-03    0.583E-04    0.200E-04    0.167E-09    0.167E-09    0.667E-10    0.667E-10    0.000E+00    0.000E+00    0.000E+00    0.000E+00
     1.690     0.931    0.749E-03    0.555E-04    0.185E-04    0.130E-09    0.130E-09    0.519E-10    0.519E-10    0.000E+00    0.000E+00    0.000E+00    0.000E+00
     1.690     0.932    0.712E-03    0.529E-04    0.171E-04    0.963E-10    0.963E-10    0.385E-10    0.385E-10    0.000E+00    0.000E+00    0.000E+00    0.000E+00
     1.690     0.933    0.676E-03    0.503E-04    0.158E-04    0.666E-10    0.666E-10    0.266E-10    0.266E-10    0.000E+00    0.000E+00    0.000E+00    0.000E+00
     1.690     0.934    0.642E-03    0.478E-04    0.145E-04    0.404E-10    0.404E-10    0.162E-10    0.162E-10    0.000E+00    0.000E+00    0.000E+00    0.000E+00
     1.690     0.935    0.609E-03    0.454E-04    0.134E-04    0.175E-10    0.175E-10    0.700E-11    0.700E-11    0.000E+00    0.000E+00    0.000E+00    0.000E+00
     1.690     0.936    0.577E-03    0.431E-04    0.123E-04    0.000E+00    0.000E+00    0.000E+00    0.000E+00    0.000E+00    0.000E+00    0.000E+00    0.000E+00
     1.690     0.937    0.546E-03    0.408E-04    0.113E-04    0.000E+00    0.000E+00    0.000E+00    0.000E+00    0.000E+00    0.000E+00    0.000E+00    0.000E+00
     1.690     0.938    0.517E-03    0.387E-04    0.103E-04    0.000E+00    0.000E+00    0.000E+00    0.000E+00    0.000E+00    0.000E+00    0.000E+00    0.000E+00
     1.690     0.939    0.488E-03    0.366E-04    0.942E-05    0.000E+00    0.000E+00    0.000E+00    0.000E+00    0.000E+00    0.000E+00    0.000E+00    0.000E+00
     1.690     0.940    0.461E-03    0.346E-04    0.860E-05    0.000E+00    0.000E+00    0.000E+00    0.000E+00    0.000E+00    0.000E+00    0.000E+00    0.000E+00
     1.690     0.941    0.435E-03    0.327E-04    0.784E-05    0.000E+00    0.000E+00    0.000E+00    0.000E+00    0.000E+00    0.000E+00    0.000E+00    0.000E+00
     1.690     0.942    0.409E-03    0.308E-04    0.714E-05    0.000E+00    0.000E+00    0.000E+00    0.000E+00    0.000E+00    0.000E+00    0.000E+00    0.000E+00
     1.690     0.943    0.385E-03    0.290E-04    0.649E-05    0.000E+00    0.000E+00    0.000E+00    0.000E+00    0.000E+00    0.000E+00    0.000E+00    0.000E+00
     1.690     0.944    0.362E-03    0.273E-04    0.590E-05    0.000E+00    0.000E+00    0.000E+00    0.000E+00    0.000E+00    0.000E+00    0.000E+00    0.000E+00
     1.690     0.945    0.340E-03    0.257E-04    0.536E-05    0.000E+00    0.000E+00    0.000E+00    0.000E+00    0.000E+00    0.000E+00    0.000E+00    0.000E+00
     1.690     0.946    0.319E-03    0.241E-04    0.487E-05    0.000E+00    0.000E+00    0.000E+00    0.000E+00    0.000E+00    0.000E+00    0.000E+00    0.000E+00
     1.690     0.947    0.299E-03    0.226E-04    0.443E-05    0.000E+00    0.000E+00    0.000E+00    0.000E+00    0.000E+00    0.000E+00    0.000E+00    0.000E+00
     1.690     0.948    0.279E-03    0.212E-04    0.403E-05    0.000E+00    0.000E+00    0.000E+00    0.000E+00    0.000E+00    0.000E+00    0.000E+00    0.000E+00
     1.690     0.949    0.261E-03    0.198E-04    0.367E-05    0.000E+00    0.000E+00    0.000E+00    0.000E+00    0.000E+00    0.000E+00    0.000E+00    0.000E+00
     1.690     0.950    0.243E-03    0.185E-04    0.336E-05    0.000E+00    0.000E+00    0.000E+00    0.000E+00    0.000E+00    0.000E+00    0.000E+00    0.000E+00
     1.690     0.951    0.226E-03    0.173E-04    0.307E-05    0.000E+00    0.000E+00    0.000E+00    0.000E+00    0.000E+00    0.000E+00    0.000E+00    0.000E+00
     1.690     0.952    0.210E-03    0.161E-04    0.283E-05    0.000E+00    0.000E+00    0.000E+00    0.000E+00    0.000E+00    0.000E+00    0.000E+00    0.000E+00
     1.690     0.953    0.195E-03    0.149E-04    0.258E-05    0.000E+00    0.000E+00    0.000E+00    0.000E+00    0.000E+00    0.000E+00    0.000E+00    0.000E+00
     1.690     0.954    0.180E-03    0.138E-04    0.224E-05    0.000E+00    0.000E+00    0.000E+00    0.000E+00    0.000E+00    0.000E+00    0.000E+00    0.000E+00
     1.690     0.955    0.165E-03    0.127E-04    0.193E-05    0.000E+00    0.000E+00    0.000E+00    0.000E+00    0.000E+00    0.000E+00    0.000E+00    0.000E+00
     1.690     0.956    0.151E-03    0.116E-04    0.165E-05    0.000E+00    0.000E+00    0.000E+00    0.000E+00    0.000E+00    0.000E+00    0.000E+00    0.000E+00
     1.690     0.957    0.137E-03    0.106E-04    0.139E-05    0.000E+00    0.000E+00    0.000E+00    0.000E+00    0.000E+00    0.000E+00    0.000E+00    0.000E+00
     1.690     0.958    0.125E-03    0.967E-05    0.116E-05    0.000E+00    0.000E+00    0.000E+00    0.000E+00    0.000E+00    0.000E+00    0.000E+00    0.000E+00
     1.690     0.959    0.113E-03    0.876E-05    0.949E-06    0.000E+00    0.000E+00    0.000E+00    0.000E+00    0.000E+00    0.000E+00    0.000E+00    0.000E+00
     1.690     0.960    0.102E-03    0.790E-05    0.762E-06    0.000E+00    0.000E+00    0.000E+00    0.000E+00    0.000E+00    0.000E+00    0.000E+00    0.000E+00
     1.690     0.961    0.909E-04    0.709E-05    0.597E-06    0.000E+00    0.000E+00    0.000E+00    0.000E+00    0.000E+00    0.000E+00    0.000E+00    0.000E+00
     1.690     0.962    0.808E-04    0.632E-05    0.453E-06    0.000E+00    0.000E+00    0.000E+00    0.000E+00    0.000E+00    0.000E+00    0.000E+00    0.000E+00
     1.690     0.963    0.714E-04    0.560E-05    0.328E-06    0.000E+00    0.000E+00    0.000E+00    0.000E+00    0.000E+00    0.000E+00    0.000E+00    0.000E+00
     1.690     0.964    0.626E-04    0.492E-05    0.223E-06    0.000E+00    0.000E+00    0.000E+00    0.000E+00    0.000E+00    0.000E+00    0.000E+00    0.000E+00
     1.690     0.965    0.543E-04    0.428E-05    0.135E-06    0.000E+00    0.000E+00    0.000E+00    0.000E+00    0.000E+00    0.000E+00    0.000E+00    0.000E+00
     1.690     0.966    0.466E-04    0.369E-05    0.634E-07    0.000E+00    0.000E+00    0.000E+00    0.000E+00    0.000E+00    0.000E+00    0.000E+00    0.000E+00
     1.690     0.967    0.394E-04    0.313E-05    0.795E-08    0.000E+00    0.000E+00    0.000E+00    0.000E+00    0.000E+00    0.000E+00    0.000E+00    0.000E+00
     1.690     0.968    0.328E-04    0.261E-05    0.000E+00    0.000E+00    0.000E+00    0.000E+00    0.000E+00    0.000E+00    0.000E+00    0.000E+00    0.000E+00
     1.690     0.969    0.267E-04    0.213E-05    0.000E+00    0.000E+00    0.000E+00    0.000E+00    0.000E+00    0.000E+00    0.000E+00    0.000E+00    0.000E+00
     1.690     0.970    0.211E-04    0.169E-05    0.000E+00    0.000E+00    0.000E+00    0.000E+00    0.000E+00    0.000E+00    0.000E+00    0.000E+00    0.000E+00
     1.690     0.971    0.160E-04    0.129E-05    0.000E+00    0.000E+00    0.000E+00    0.000E+00    0.000E+00    0.000E+00    0.000E+00    0.000E+00    0.000E+00
     1.690     0.972    0.113E-04    0.915E-06    0.000E+00    0.000E+00    0.000E+00    0.000E+00    0.000E+00    0.000E+00    0.000E+00    0.000E+00    0.000E+00
     1.690     0.973    0.711E-05    0.577E-06    0.000E+00    0.000E+00    0.000E+00    0.000E+00    0.000E+00    0.000E+00    0.000E+00    0.000E+00    0.000E+00
     1.690     0.974    0.332E-05    0.272E-06    0.000E+00    0.000E+00    0.000E+00    0.000E+00    0.000E+00    0.000E+00    0.000E+00    0.000E+00    0.000E+00
     1.690     0.975    0.000E+00    0.000E+00    0.443E-08    0.127E-11    0.127E-11    0.508E-12    0.508E-12    0.000E+00    0.000E+00    0.000E+00    0.000E+00
     1.690     0.976    0.000E+00    0.000E+00    0.433E-07    0.278E-11    0.278E-11    0.111E-11    0.111E-11    0.000E+00    0.000E+00    0.000E+00    0.000E+00
     1.690     0.977    0.000E+00    0.000E+00    0.873E-07    0.429E-11    0.429E-11    0.172E-11    0.172E-11    0.000E+00    0.000E+00    0.000E+00    0.000E+00
     1.690     0.978    0.000E+00    0.000E+00    0.135E-06    0.578E-11    0.578E-11    0.231E-11    0.231E-11    0.000E+00    0.000E+00    0.000E+00    0.000E+00
     1.690     0.979    0.000E+00    0.000E+00    0.187E-06    0.724E-11    0.724E-11    0.290E-11    0.290E-11    0.000E+00    0.000E+00    0.000E+00    0.000E+00
     1.690     0.980    0.000E+00    0.000E+00    0.240E-06    0.865E-11    0.865E-11    0.346E-11    0.346E-11    0.000E+00    0.000E+00    0.000E+00    0.000E+00
     1.690     0.981    0.000E+00    0.000E+00    0.294E-06    0.999E-11    0.999E-11    0.400E-11    0.400E-11    0.000E+00    0.000E+00    0.000E+00    0.000E+00
     1.690     0.982    0.000E+00    0.000E+00    0.347E-06    0.112E-10    0.112E-10    0.450E-11    0.450E-11    0.000E+00    0.000E+00    0.000E+00    0.000E+00
     1.690     0.983    0.000E+00    0.000E+00    0.400E-06    0.124E-10    0.124E-10    0.496E-11    0.496E-11    0.000E+00    0.000E+00    0.000E+00    0.000E+00
     1.690     0.984    0.000E+00    0.000E+00    0.450E-06    0.134E-10    0.134E-10    0.537E-11    0.537E-11    0.000E+00    0.000E+00    0.000E+00    0.000E+00
     1.690     0.985    0.000E+00    0.000E+00    0.496E-06    0.143E-10    0.143E-10    0.573E-11    0.573E-11    0.000E+00    0.000E+00    0.000E+00    0.000E+00
     1.690     0.986    0.000E+00    0.000E+00    0.538E-06    0.151E-10    0.151E-10    0.603E-11    0.603E-11    0.000E+00    0.000E+00    0.000E+00    0.000E+00
     1.690     0.987    0.000E+00    0.000E+00    0.574E-06    0.157E-10    0.157E-10    0.627E-11    0.627E-11    0.000E+00    0.000E+00    0.000E+00    0.000E+00
     1.690     0.988    0.000E+00    0.000E+00    0.603E-06    0.161E-10    0.161E-10    0.642E-11    0.642E-11    0.000E+00    0.000E+00    0.000E+00    0.000E+00
     1.690     0.989    0.000E+00    0.000E+00    0.624E-06    0.163E-10    0.163E-10    0.650E-11    0.650E-11    0.000E+00    0.000E+00    0.000E+00    0.000E+00
     1.690     0.990    0.000E+00    0.000E+00    0.636E-06    0.162E-10    0.162E-10    0.649E-11    0.649E-11    0.000E+00    0.000E+00    0.000E+00    0.000E+00
     1.690     0.991    0.000E+00    0.000E+00    0.637E-06    0.160E-10    0.160E-10    0.638E-11    0.638E-11    0.000E+00    0.000E+00    0.000E+00    0.000E+00
     1.690     0.992    0.000E+00    0.000E+00    0.628E-06    0.154E-10    0.154E-10    0.617E-11    0.617E-11    0.000E+00    0.000E+00    0.000E+00    0.000E+00
     1.690     0.993    0.000E+00    0.000E+00    0.605E-06    0.146E-10    0.146E-10    0.586E-11    0.586E-11    0.000E+00    0.000E+00    0.000E+00    0.000E+00
     1.690     0.994    0.000E+00    0.000E+00    0.569E-06    0.136E-10    0.136E-10    0.543E-11    0.543E-11    0.000E+00    0.000E+00    0.000E+00    0.000E+00
     1.690     0.995    0.000E+00    0.000E+00    0.518E-06    0.122E-10    0.122E-10    0.487E-11    0.487E-11    0.000E+00    0.000E+00    0.000E+00    0.000E+00
     1.690     0.996    0.000E+00    0.000E+00    0.451E-06    0.105E-10    0.105E-10    0.418E-11    0.418E-11    0.000E+00    0.000E+00    0.000E+00    0.000E+00
     1.690     0.997    0.000E+00    0.000E+00    0.367E-06    0.840E-11    0.840E-11    0.336E-11    0.336E-11    0.000E+00    0.000E+00    0.000E+00    0.000E+00
     1.690     0.998    0.000E+00    0.000E+00    0.265E-06    0.599E-11    0.599E-11    0.239E-11    0.239E-11    0.000E+00    0.000E+00    0.000E+00    0.000E+00
     1.690     0.999    0.000E+00    0.000E+00    0.143E-06    0.319E-11    0.319E-11    0.128E-11    0.128E-11    0.000E+00    0.000E+00    0.000E+00    0.000E+00

