     Q**2          x         u           d           g          ub          db          sb          s          cb          c          bb          b
     0.500     0.001    0.149E+00    0.131E+00    0.000E+00    0.129E+00    0.132E+00    0.000E+00    0.000E+00    0.000E+00    0.000E+00    0.000E+00    0.000E+00
     0.500     0.002    0.140E+00    0.116E+00    0.000E+00    0.107E+00    0.113E+00    0.000E+00    0.000E+00    0.000E+00    0.000E+00    0.000E+00    0.000E+00
     0.500     0.003    0.139E+00    0.111E+00    0.000E+00    0.952E-01    0.104E+00    0.000E+00    0.000E+00    0.000E+00    0.000E+00    0.000E+00    0.000E+00
     0.500     0.004    0.142E+00    0.112E+00    0.000E+00    0.886E-01    0.992E-01    0.000E+00    0.000E+00    0.000E+00    0.000E+00    0.000E+00    0.000E+00
     0.500     0.005    0.147E+00    0.115E+00    0.000E+00    0.845E-01    0.970E-01    0.000E+00    0.000E+00    0.000E+00    0.000E+00    0.000E+00    0.000E+00
     0.500     0.006    0.153E+00    0.120E+00    0.000E+00    0.819E-01    0.960E-01    0.000E+00    0.000E+00    0.000E+00    0.000E+00    0.000E+00    0.000E+00
     0.500     0.007    0.160E+00    0.126E+00    0.000E+00    0.804E-01    0.959E-01    0.000E+00    0.000E+00    0.000E+00    0.000E+00    0.000E+00    0.000E+00
     0.500     0.008    0.166E+00    0.133E+00    0.000E+00    0.792E-01    0.958E-01    0.000E+00    0.000E+00    0.000E+00    0.000E+00    0.000E+00    0.000E+00
     0.500     0.009    0.174E+00    0.139E+00    0.000E+00    0.787E-01    0.964E-01    0.000E+00    0.000E+00    0.000E+00    0.000E+00    0.000E+00    0.000E+00
     0.500     0.010    0.181E+00    0.146E+00    0.000E+00    0.783E-01    0.968E-01    0.000E+00    0.000E+00    0.000E+00    0.000E+00    0.000E+00    0.000E+00
     0.500     0.011    0.188E+00    0.153E+00    0.000E+00    0.784E-01    0.977E-01    0.000E+00    0.000E+00    0.000E+00    0.000E+00    0.000E+00    0.000E+00
     0.500     0.012    0.195E+00    0.160E+00    0.000E+00    0.786E-01    0.983E-01    0.000E+00    0.000E+00    0.000E+00    0.000E+00    0.000E+00    0.000E+00
     0.500     0.013    0.202E+00    0.167E+00    0.000E+00    0.790E-01    0.992E-01    0.000E+00    0.000E+00    0.000E+00    0.000E+00    0.000E+00    0.000E+00
     0.500     0.014    0.210E+00    0.175E+00    0.000E+00    0.796E-01    0.100E+00    0.000E+00    0.000E+00    0.000E+00    0.000E+00    0.000E+00    0.000E+00
     0.500     0.015    0.217E+00    0.182E+00    0.000E+00    0.802E-01    0.101E+00    0.000E+00    0.000E+00    0.000E+00    0.000E+00    0.000E+00    0.000E+00
     0.500     0.016    0.224E+00    0.188E+00    0.000E+00    0.809E-01    0.102E+00    0.000E+00    0.000E+00    0.000E+00    0.000E+00    0.000E+00    0.000E+00
     0.500     0.017    0.232E+00    0.195E+00    0.000E+00    0.819E-01    0.103E+00    0.000E+00    0.000E+00    0.000E+00    0.000E+00    0.000E+00    0.000E+00
     0.500     0.018    0.239E+00    0.202E+00    0.000E+00    0.827E-01    0.104E+00    0.000E+00    0.000E+00    0.000E+00    0.000E+00    0.000E+00    0.000E+00
     0.500     0.019    0.246E+00    0.209E+00    0.585E-02    0.836E-01    0.105E+00    0.000E+00    0.000E+00    0.000E+00    0.000E+00    0.000E+00    0.000E+00
     0.500     0.020    0.253E+00    0.215E+00    0.120E+00    0.846E-01    0.106E+00    0.000E+00    0.000E+00    0.000E+00    0.000E+00    0.000E+00    0.000E+00
     0.500     0.021    0.260E+00    0.222E+00    0.224E+00    0.857E-01    0.107E+00    0.000E+00    0.000E+00    0.000E+00    0.000E+00    0.000E+00    0.000E+00
     0.500     0.022    0.267E+00    0.228E+00    0.329E+00    0.867E-01    0.107E+00    0.000E+00    0.000E+00    0.000E+00    0.000E+00    0.000E+00    0.000E+00
     0.500     0.023    0.274E+00    0.234E+00    0.430E+00    0.877E-01    0.108E+00    0.000E+00    0.000E+00    0.000E+00    0.000E+00    0.000E+00    0.000E+00
     0.500     0.024    0.281E+00    0.240E+00    0.525E+00    0.886E-01    0.109E+00    0.000E+00    0.000E+00    0.000E+00    0.000E+00    0.000E+00    0.000E+00
     0.500     0.025    0.287E+00    0.246E+00    0.613E+00    0.896E-01    0.110E+00    0.000E+00    0.000E+00    0.000E+00    0.000E+00    0.000E+00    0.000E+00
     0.500     0.026    0.294E+00    0.252E+00    0.696E+00    0.907E-01    0.111E+00    0.000E+00    0.000E+00    0.000E+00    0.000E+00    0.000E+00    0.000E+00
     0.500     0.027    0.301E+00    0.258E+00    0.777E+00    0.916E-01    0.111E+00    0.000E+00    0.000E+00    0.000E+00    0.000E+00    0.000E+00    0.000E+00
     0.500     0.028    0.307E+00    0.264E+00    0.852E+00    0.926E-01    0.112E+00    0.000E+00    0.000E+00    0.000E+00    0.000E+00    0.000E+00    0.000E+00
     0.500     0.029    0.314E+00    0.269E+00    0.922E+00    0.936E-01    0.113E+00    0.000E+00    0.000E+00    0.000E+00    0.000E+00    0.000E+00    0.000E+00
     0.500     0.030    0.320E+00    0.274E+00    0.987E+00    0.946E-01    0.114E+00    0.000E+00    0.000E+00    0.000E+00    0.000E+00    0.000E+00    0.000E+00
     0.500     0.031    0.327E+00    0.280E+00    0.105E+01    0.956E-01    0.114E+00    0.000E+00    0.000E+00    0.000E+00    0.000E+00    0.000E+00    0.000E+00
     0.500     0.032    0.333E+00    0.285E+00    0.110E+01    0.966E-01    0.115E+00    0.000E+00    0.000E+00    0.000E+00    0.000E+00    0.000E+00    0.000E+00
     0.500     0.033    0.340E+00    0.290E+00    0.116E+01    0.976E-01    0.116E+00    0.000E+00    0.000E+00    0.000E+00    0.000E+00    0.000E+00    0.000E+00
     0.500     0.034    0.346E+00    0.295E+00    0.121E+01    0.985E-01    0.116E+00    0.000E+00    0.000E+00    0.000E+00    0.000E+00    0.000E+00    0.000E+00
     0.500     0.035    0.352E+00    0.300E+00    0.125E+01    0.995E-01    0.117E+00    0.527E-03    0.527E-03    0.000E+00    0.000E+00    0.000E+00    0.000E+00
     0.500     0.036    0.358E+00    0.304E+00    0.130E+01    0.100E+00    0.117E+00    0.163E-02    0.163E-02    0.000E+00    0.000E+00    0.000E+00    0.000E+00
     0.500     0.037    0.364E+00    0.309E+00    0.134E+01    0.101E+00    0.118E+00    0.270E-02    0.270E-02    0.000E+00    0.000E+00    0.000E+00    0.000E+00
     0.500     0.038    0.370E+00    0.314E+00    0.137E+01    0.102E+00    0.119E+00    0.373E-02    0.373E-02    0.000E+00    0.000E+00    0.000E+00    0.000E+00
     0.500     0.039    0.376E+00    0.318E+00    0.141E+01    0.103E+00    0.119E+00    0.478E-02    0.478E-02    0.000E+00    0.000E+00    0.000E+00    0.000E+00
     0.500     0.040    0.382E+00    0.322E+00    0.145E+01    0.104E+00    0.120E+00    0.580E-02    0.580E-02    0.000E+00    0.000E+00    0.000E+00    0.000E+00
     0.500     0.041    0.387E+00    0.327E+00    0.149E+01    0.104E+00    0.120E+00    0.679E-02    0.679E-02    0.000E+00    0.000E+00    0.000E+00    0.000E+00
     0.500     0.042    0.393E+00    0.331E+00    0.152E+01    0.105E+00    0.121E+00    0.775E-02    0.775E-02    0.000E+00    0.000E+00    0.000E+00    0.000E+00
     0.500     0.043    0.398E+00    0.335E+00    0.155E+01    0.106E+00    0.122E+00    0.868E-02    0.868E-02    0.000E+00    0.000E+00    0.000E+00    0.000E+00
     0.500     0.044    0.404E+00    0.339E+00    0.158E+01    0.106E+00    0.122E+00    0.958E-02    0.958E-02    0.000E+00    0.000E+00    0.000E+00    0.000E+00
     0.500     0.045    0.409E+00    0.343E+00    0.161E+01    0.107E+00    0.123E+00    0.104E-01    0.104E-01    0.000E+00    0.000E+00    0.000E+00    0.000E+00
     0.500     0.046    0.415E+00    0.346E+00    0.163E+01    0.107E+00    0.123E+00    0.113E-01    0.113E-01    0.000E+00    0.000E+00    0.000E+00    0.000E+00
     0.500     0.047    0.420E+00    0.350E+00    0.166E+01    0.108E+00    0.124E+00    0.122E-01    0.122E-01    0.000E+00    0.000E+00    0.000E+00    0.000E+00
     0.500     0.048    0.425E+00    0.354E+00    0.168E+01    0.108E+00    0.124E+00    0.130E-01    0.130E-01    0.000E+00    0.000E+00    0.000E+00    0.000E+00
     0.500     0.049    0.430E+00    0.357E+00    0.170E+01    0.109E+00    0.125E+00    0.138E-01    0.138E-01    0.000E+00    0.000E+00    0.000E+00    0.000E+00
     0.500     0.050    0.435E+00    0.361E+00    0.172E+01    0.109E+00    0.125E+00    0.145E-01    0.145E-01    0.000E+00    0.000E+00    0.000E+00    0.000E+00
     0.500     0.051    0.440E+00    0.364E+00    0.174E+01    0.109E+00    0.126E+00    0.153E-01    0.153E-01    0.000E+00    0.000E+00    0.000E+00    0.000E+00
     0.500     0.052    0.445E+00    0.367E+00    0.175E+01    0.110E+00    0.126E+00    0.160E-01    0.160E-01    0.000E+00    0.000E+00    0.000E+00    0.000E+00
     0.500     0.053    0.450E+00    0.371E+00    0.177E+01    0.110E+00    0.127E+00    0.167E-01    0.167E-01    0.000E+00    0.000E+00    0.000E+00    0.000E+00
     0.500     0.054    0.455E+00    0.374E+00    0.178E+01    0.110E+00    0.127E+00    0.174E-01    0.174E-01    0.000E+00    0.000E+00    0.000E+00    0.000E+00
     0.500     0.055    0.460E+00    0.377E+00    0.180E+01    0.110E+00    0.128E+00    0.181E-01    0.181E-01    0.000E+00    0.000E+00    0.000E+00    0.000E+00
     0.500     0.056    0.464E+00    0.380E+00    0.181E+01    0.111E+00    0.128E+00    0.187E-01    0.187E-01    0.000E+00    0.000E+00    0.000E+00    0.000E+00
     0.500     0.057    0.469E+00    0.383E+00    0.182E+01    0.111E+00    0.129E+00    0.193E-01    0.193E-01    0.000E+00    0.000E+00    0.000E+00    0.000E+00
     0.500     0.058    0.474E+00    0.386E+00    0.183E+01    0.111E+00    0.129E+00    0.199E-01    0.199E-01    0.000E+00    0.000E+00    0.000E+00    0.000E+00
     0.500     0.059    0.478E+00    0.389E+00    0.183E+01    0.111E+00    0.130E+00    0.205E-01    0.205E-01    0.000E+00    0.000E+00    0.000E+00    0.000E+00
     0.500     0.060    0.483E+00    0.391E+00    0.184E+01    0.111E+00    0.130E+00    0.211E-01    0.211E-01    0.000E+00    0.000E+00    0.000E+00    0.000E+00
     0.500     0.061    0.487E+00    0.394E+00    0.185E+01    0.111E+00    0.131E+00    0.217E-01    0.217E-01    0.000E+00    0.000E+00    0.000E+00    0.000E+00
     0.500     0.062    0.491E+00    0.397E+00    0.185E+01    0.111E+00    0.131E+00    0.222E-01    0.222E-01    0.000E+00    0.000E+00    0.000E+00    0.000E+00
     0.500     0.063    0.496E+00    0.399E+00    0.186E+01    0.111E+00    0.132E+00    0.227E-01    0.227E-01    0.000E+00    0.000E+00    0.000E+00    0.000E+00
     0.500     0.064    0.500E+00    0.402E+00    0.186E+01    0.111E+00    0.132E+00    0.232E-01    0.232E-01    0.000E+00    0.000E+00    0.000E+00    0.000E+00
     0.500     0.065    0.504E+00    0.404E+00    0.187E+01    0.111E+00    0.133E+00    0.237E-01    0.237E-01    0.000E+00    0.000E+00    0.000E+00    0.000E+00
     0.500     0.066    0.508E+00    0.407E+00    0.187E+01    0.111E+00    0.133E+00    0.242E-01    0.242E-01    0.000E+00    0.000E+00    0.000E+00    0.000E+00
     0.500     0.067    0.512E+00    0.409E+00    0.187E+01    0.111E+00    0.133E+00    0.247E-01    0.247E-01    0.000E+00    0.000E+00    0.000E+00    0.000E+00
     0.500     0.068    0.516E+00    0.412E+00    0.187E+01    0.111E+00    0.134E+00    0.252E-01    0.252E-01    0.000E+00    0.000E+00    0.000E+00    0.000E+00
     0.500     0.069    0.520E+00    0.414E+00    0.187E+01    0.110E+00    0.134E+00    0.256E-01    0.256E-01    0.000E+00    0.000E+00    0.000E+00    0.000E+00
     0.500     0.070    0.524E+00    0.416E+00    0.188E+01    0.110E+00    0.135E+00    0.260E-01    0.260E-01    0.000E+00    0.000E+00    0.000E+00    0.000E+00
     0.500     0.071    0.528E+00    0.418E+00    0.188E+01    0.110E+00    0.135E+00    0.264E-01    0.264E-01    0.000E+00    0.000E+00    0.000E+00    0.000E+00
     0.500     0.072    0.532E+00    0.420E+00    0.188E+01    0.110E+00    0.135E+00    0.268E-01    0.268E-01    0.000E+00    0.000E+00    0.000E+00    0.000E+00
     0.500     0.073    0.536E+00    0.422E+00    0.187E+01    0.109E+00    0.136E+00    0.272E-01    0.272E-01    0.000E+00    0.000E+00    0.000E+00    0.000E+00
     0.500     0.074    0.539E+00    0.424E+00    0.187E+01    0.109E+00    0.136E+00    0.276E-01    0.276E-01    0.000E+00    0.000E+00    0.000E+00    0.000E+00
     0.500     0.075    0.543E+00    0.426E+00    0.187E+01    0.109E+00    0.137E+00    0.280E-01    0.280E-01    0.000E+00    0.000E+00    0.000E+00    0.000E+00
     0.500     0.076    0.547E+00    0.428E+00    0.187E+01    0.108E+00    0.137E+00    0.283E-01    0.283E-01    0.000E+00    0.000E+00    0.000E+00    0.000E+00
     0.500     0.077    0.550E+00    0.430E+00    0.186E+01    0.108E+00    0.137E+00    0.286E-01    0.286E-01    0.000E+00    0.000E+00    0.000E+00    0.000E+00
     0.500     0.078    0.554E+00    0.432E+00    0.186E+01    0.108E+00    0.138E+00    0.290E-01    0.290E-01    0.000E+00    0.000E+00    0.000E+00    0.000E+00
     0.500     0.079    0.557E+00    0.434E+00    0.186E+01    0.107E+00    0.138E+00    0.293E-01    0.293E-01    0.000E+00    0.000E+00    0.000E+00    0.000E+00
     0.500     0.080    0.561E+00    0.436E+00    0.185E+01    0.107E+00    0.138E+00    0.296E-01    0.296E-01    0.000E+00    0.000E+00    0.000E+00    0.000E+00
     0.500     0.081    0.564E+00    0.437E+00    0.185E+01    0.107E+00    0.139E+00    0.299E-01    0.299E-01    0.000E+00    0.000E+00    0.000E+00    0.000E+00
     0.500     0.082    0.568E+00    0.439E+00    0.184E+01    0.106E+00    0.139E+00    0.301E-01    0.301E-01    0.000E+00    0.000E+00    0.000E+00    0.000E+00
     0.500     0.083    0.571E+00    0.441E+00    0.184E+01    0.106E+00    0.139E+00    0.304E-01    0.304E-01    0.000E+00    0.000E+00    0.000E+00    0.000E+00
     0.500     0.084    0.574E+00    0.442E+00    0.183E+01    0.105E+00    0.139E+00    0.307E-01    0.307E-01    0.000E+00    0.000E+00    0.000E+00    0.000E+00
     0.500     0.085    0.578E+00    0.444E+00    0.182E+01    0.105E+00    0.140E+00    0.309E-01    0.309E-01    0.000E+00    0.000E+00    0.000E+00    0.000E+00
     0.500     0.086    0.581E+00    0.445E+00    0.182E+01    0.104E+00    0.140E+00    0.312E-01    0.312E-01    0.000E+00    0.000E+00    0.000E+00    0.000E+00
     0.500     0.087    0.584E+00    0.447E+00    0.181E+01    0.104E+00    0.140E+00    0.314E-01    0.314E-01    0.000E+00    0.000E+00    0.000E+00    0.000E+00
     0.500     0.088    0.587E+00    0.448E+00    0.181E+01    0.103E+00    0.140E+00    0.316E-01    0.316E-01    0.000E+00    0.000E+00    0.000E+00    0.000E+00
     0.500     0.089    0.590E+00    0.449E+00    0.180E+01    0.103E+00    0.141E+00    0.318E-01    0.318E-01    0.000E+00    0.000E+00    0.000E+00    0.000E+00
     0.500     0.090    0.594E+00    0.451E+00    0.179E+01    0.102E+00    0.141E+00    0.320E-01    0.320E-01    0.000E+00    0.000E+00    0.000E+00    0.000E+00
     0.500     0.091    0.597E+00    0.452E+00    0.178E+01    0.102E+00    0.141E+00    0.322E-01    0.322E-01    0.000E+00    0.000E+00    0.000E+00    0.000E+00
     0.500     0.092    0.600E+00    0.453E+00    0.178E+01    0.101E+00    0.141E+00    0.324E-01    0.324E-01    0.000E+00    0.000E+00    0.000E+00    0.000E+00
     0.500     0.093    0.603E+00    0.455E+00    0.177E+01    0.101E+00    0.141E+00    0.326E-01    0.326E-01    0.000E+00    0.000E+00    0.000E+00    0.000E+00
     0.500     0.094    0.606E+00    0.456E+00    0.176E+01    0.100E+00    0.141E+00    0.327E-01    0.327E-01    0.000E+00    0.000E+00    0.000E+00    0.000E+00
     0.500     0.095    0.609E+00    0.457E+00    0.175E+01    0.999E-01    0.142E+00    0.329E-01    0.329E-01    0.000E+00    0.000E+00    0.000E+00    0.000E+00
     0.500     0.096    0.612E+00    0.458E+00    0.174E+01    0.994E-01    0.142E+00    0.330E-01    0.330E-01    0.000E+00    0.000E+00    0.000E+00    0.000E+00
     0.500     0.097    0.615E+00    0.459E+00    0.173E+01    0.988E-01    0.142E+00    0.332E-01    0.332E-01    0.000E+00    0.000E+00    0.000E+00    0.000E+00
     0.500     0.098    0.618E+00    0.460E+00    0.172E+01    0.983E-01    0.142E+00    0.333E-01    0.333E-01    0.000E+00    0.000E+00    0.000E+00    0.000E+00
     0.500     0.099    0.621E+00    0.461E+00    0.171E+01    0.977E-01    0.142E+00    0.335E-01    0.335E-01    0.000E+00    0.000E+00    0.000E+00    0.000E+00
     0.500     0.100    0.623E+00    0.462E+00    0.171E+01    0.972E-01    0.142E+00    0.336E-01    0.336E-01    0.000E+00    0.000E+00    0.000E+00    0.000E+00
     0.500     0.101    0.626E+00    0.463E+00    0.170E+01    0.967E-01    0.142E+00    0.337E-01    0.337E-01    0.000E+00    0.000E+00    0.000E+00    0.000E+00
     0.500     0.102    0.629E+00    0.464E+00    0.169E+01    0.961E-01    0.142E+00    0.338E-01    0.338E-01    0.000E+00    0.000E+00    0.000E+00    0.000E+00
     0.500     0.103    0.632E+00    0.465E+00    0.168E+01    0.956E-01    0.142E+00    0.339E-01    0.339E-01    0.000E+00    0.000E+00    0.000E+00    0.000E+00
     0.500     0.104    0.635E+00    0.466E+00    0.167E+01    0.950E-01    0.142E+00    0.340E-01    0.340E-01    0.000E+00    0.000E+00    0.000E+00    0.000E+00
     0.500     0.105    0.637E+00    0.467E+00    0.166E+01    0.945E-01    0.142E+00    0.341E-01    0.341E-01    0.000E+00    0.000E+00    0.000E+00    0.000E+00
     0.500     0.106    0.640E+00    0.468E+00    0.165E+01    0.939E-01    0.142E+00    0.342E-01    0.342E-01    0.000E+00    0.000E+00    0.000E+00    0.000E+00
     0.500     0.107    0.643E+00    0.469E+00    0.164E+01    0.934E-01    0.142E+00    0.342E-01    0.342E-01    0.000E+00    0.000E+00    0.000E+00    0.000E+00
     0.500     0.108    0.646E+00    0.469E+00    0.163E+01    0.928E-01    0.142E+00    0.343E-01    0.343E-01    0.000E+00    0.000E+00    0.000E+00    0.000E+00
     0.500     0.109    0.648E+00    0.470E+00    0.162E+01    0.923E-01    0.142E+00    0.344E-01    0.344E-01    0.000E+00    0.000E+00    0.000E+00    0.000E+00
     0.500     0.110    0.651E+00    0.471E+00    0.161E+01    0.917E-01    0.142E+00    0.344E-01    0.344E-01    0.000E+00    0.000E+00    0.000E+00    0.000E+00
     0.500     0.111    0.653E+00    0.471E+00    0.160E+01    0.912E-01    0.142E+00    0.345E-01    0.345E-01    0.000E+00    0.000E+00    0.000E+00    0.000E+00
     0.500     0.112    0.656E+00    0.472E+00    0.159E+01    0.906E-01    0.142E+00    0.345E-01    0.345E-01    0.000E+00    0.000E+00    0.000E+00    0.000E+00
     0.500     0.113    0.659E+00    0.473E+00    0.158E+01    0.901E-01    0.142E+00    0.345E-01    0.345E-01    0.000E+00    0.000E+00    0.000E+00    0.000E+00
     0.500     0.114    0.661E+00    0.473E+00    0.157E+01    0.895E-01    0.141E+00    0.346E-01    0.346E-01    0.000E+00    0.000E+00    0.000E+00    0.000E+00
     0.500     0.115    0.664E+00    0.474E+00    0.155E+01    0.890E-01    0.141E+00    0.346E-01    0.346E-01    0.000E+00    0.000E+00    0.000E+00    0.000E+00
     0.500     0.116    0.666E+00    0.474E+00    0.154E+01    0.884E-01    0.141E+00    0.346E-01    0.346E-01    0.000E+00    0.000E+00    0.000E+00    0.000E+00
     0.500     0.117    0.669E+00    0.475E+00    0.153E+01    0.879E-01    0.141E+00    0.346E-01    0.346E-01    0.000E+00    0.000E+00    0.000E+00    0.000E+00
     0.500     0.118    0.671E+00    0.475E+00    0.152E+01    0.874E-01    0.141E+00    0.346E-01    0.346E-01    0.000E+00    0.000E+00    0.000E+00    0.000E+00
     0.500     0.119    0.674E+00    0.476E+00    0.151E+01    0.868E-01    0.141E+00    0.346E-01    0.346E-01    0.000E+00    0.000E+00    0.000E+00    0.000E+00
     0.500     0.120    0.676E+00    0.476E+00    0.150E+01    0.863E-01    0.140E+00    0.346E-01    0.346E-01    0.000E+00    0.000E+00    0.000E+00    0.000E+00
     0.500     0.121    0.678E+00    0.477E+00    0.149E+01    0.857E-01    0.140E+00    0.346E-01    0.346E-01    0.000E+00    0.000E+00    0.000E+00    0.000E+00
     0.500     0.122    0.681E+00    0.477E+00    0.148E+01    0.852E-01    0.140E+00    0.346E-01    0.346E-01    0.000E+00    0.000E+00    0.000E+00    0.000E+00
     0.500     0.123    0.683E+00    0.478E+00    0.147E+01    0.847E-01    0.140E+00    0.346E-01    0.346E-01    0.000E+00    0.000E+00    0.000E+00    0.000E+00
     0.500     0.124    0.686E+00    0.478E+00    0.146E+01    0.842E-01    0.139E+00    0.346E-01    0.346E-01    0.000E+00    0.000E+00    0.000E+00    0.000E+00
     0.500     0.125    0.688E+00    0.478E+00    0.145E+01    0.836E-01    0.139E+00    0.346E-01    0.346E-01    0.000E+00    0.000E+00    0.000E+00    0.000E+00
     0.500     0.126    0.690E+00    0.479E+00    0.144E+01    0.831E-01    0.139E+00    0.346E-01    0.346E-01    0.000E+00    0.000E+00    0.000E+00    0.000E+00
     0.500     0.127    0.692E+00    0.479E+00    0.143E+01    0.826E-01    0.138E+00    0.345E-01    0.345E-01    0.000E+00    0.000E+00    0.000E+00    0.000E+00
     0.500     0.128    0.695E+00    0.479E+00    0.141E+01    0.821E-01    0.138E+00    0.345E-01    0.345E-01    0.000E+00    0.000E+00    0.000E+00    0.000E+00
     0.500     0.129    0.697E+00    0.480E+00    0.140E+01    0.816E-01    0.138E+00    0.345E-01    0.345E-01    0.000E+00    0.000E+00    0.000E+00    0.000E+00
     0.500     0.130    0.699E+00    0.480E+00    0.139E+01    0.811E-01    0.137E+00    0.344E-01    0.344E-01    0.000E+00    0.000E+00    0.000E+00    0.000E+00
     0.500     0.131    0.702E+00    0.480E+00    0.138E+01    0.806E-01    0.137E+00    0.344E-01    0.344E-01    0.000E+00    0.000E+00    0.000E+00    0.000E+00
     0.500     0.132    0.704E+00    0.480E+00    0.137E+01    0.801E-01    0.137E+00    0.343E-01    0.343E-01    0.000E+00    0.000E+00    0.000E+00    0.000E+00
     0.500     0.133    0.706E+00    0.481E+00    0.136E+01    0.796E-01    0.136E+00    0.343E-01    0.343E-01    0.000E+00    0.000E+00    0.000E+00    0.000E+00
     0.500     0.134    0.708E+00    0.481E+00    0.135E+01    0.792E-01    0.136E+00    0.342E-01    0.342E-01    0.000E+00    0.000E+00    0.000E+00    0.000E+00
     0.500     0.135    0.710E+00    0.481E+00    0.134E+01    0.787E-01    0.136E+00    0.342E-01    0.342E-01    0.000E+00    0.000E+00    0.000E+00    0.000E+00
     0.500     0.136    0.712E+00    0.481E+00    0.133E+01    0.782E-01    0.135E+00    0.341E-01    0.341E-01    0.000E+00    0.000E+00    0.000E+00    0.000E+00
     0.500     0.137    0.715E+00    0.481E+00    0.132E+01    0.777E-01    0.135E+00    0.340E-01    0.340E-01    0.000E+00    0.000E+00    0.000E+00    0.000E+00
     0.500     0.138    0.717E+00    0.481E+00    0.131E+01    0.773E-01    0.134E+00    0.340E-01    0.340E-01    0.000E+00    0.000E+00    0.000E+00    0.000E+00
     0.500     0.139    0.719E+00    0.482E+00    0.130E+01    0.768E-01    0.134E+00    0.339E-01    0.339E-01    0.000E+00    0.000E+00    0.000E+00    0.000E+00
     0.500     0.140    0.721E+00    0.482E+00    0.129E+01    0.763E-01    0.133E+00    0.338E-01    0.338E-01    0.000E+00    0.000E+00    0.000E+00    0.000E+00
     0.500     0.141    0.723E+00    0.482E+00    0.128E+01    0.759E-01    0.133E+00    0.337E-01    0.337E-01    0.000E+00    0.000E+00    0.000E+00    0.000E+00
     0.500     0.142    0.725E+00    0.482E+00    0.127E+01    0.754E-01    0.133E+00    0.337E-01    0.337E-01    0.000E+00    0.000E+00    0.000E+00    0.000E+00
     0.500     0.143    0.727E+00    0.482E+00    0.126E+01    0.749E-01    0.132E+00    0.336E-01    0.336E-01    0.000E+00    0.000E+00    0.000E+00    0.000E+00
     0.500     0.144    0.729E+00    0.482E+00    0.125E+01    0.745E-01    0.132E+00    0.335E-01    0.335E-01    0.000E+00    0.000E+00    0.000E+00    0.000E+00
     0.500     0.145    0.731E+00    0.482E+00    0.124E+01    0.741E-01    0.131E+00    0.334E-01    0.334E-01    0.000E+00    0.000E+00    0.000E+00    0.000E+00
     0.500     0.146    0.733E+00    0.482E+00    0.123E+01    0.736E-01    0.131E+00    0.333E-01    0.333E-01    0.000E+00    0.000E+00    0.000E+00    0.000E+00
     0.500     0.147    0.735E+00    0.482E+00    0.122E+01    0.732E-01    0.130E+00    0.332E-01    0.332E-01    0.000E+00    0.000E+00    0.000E+00    0.000E+00
     0.500     0.148    0.737E+00    0.482E+00    0.121E+01    0.727E-01    0.130E+00    0.331E-01    0.331E-01    0.000E+00    0.000E+00    0.000E+00    0.000E+00
     0.500     0.149    0.739E+00    0.482E+00    0.120E+01    0.723E-01    0.129E+00    0.330E-01    0.330E-01    0.000E+00    0.000E+00    0.000E+00    0.000E+00
     0.500     0.150    0.741E+00    0.482E+00    0.119E+01    0.719E-01    0.128E+00    0.329E-01    0.329E-01    0.000E+00    0.000E+00    0.000E+00    0.000E+00
     0.500     0.151    0.743E+00    0.482E+00    0.118E+01    0.715E-01    0.128E+00    0.328E-01    0.328E-01    0.000E+00    0.000E+00    0.000E+00    0.000E+00
     0.500     0.152    0.744E+00    0.482E+00    0.117E+01    0.710E-01    0.127E+00    0.327E-01    0.327E-01    0.000E+00    0.000E+00    0.000E+00    0.000E+00
     0.500     0.153    0.746E+00    0.482E+00    0.116E+01    0.706E-01    0.127E+00    0.326E-01    0.326E-01    0.000E+00    0.000E+00    0.000E+00    0.000E+00
     0.500     0.154    0.748E+00    0.482E+00    0.115E+01    0.702E-01    0.126E+00    0.325E-01    0.325E-01    0.000E+00    0.000E+00    0.000E+00    0.000E+00
     0.500     0.155    0.750E+00    0.482E+00    0.114E+01    0.698E-01    0.126E+00    0.324E-01    0.324E-01    0.000E+00    0.000E+00    0.000E+00    0.000E+00
     0.500     0.156    0.752E+00    0.481E+00    0.113E+01    0.694E-01    0.125E+00    0.323E-01    0.323E-01    0.000E+00    0.000E+00    0.000E+00    0.000E+00
     0.500     0.157    0.753E+00    0.481E+00    0.112E+01    0.690E-01    0.125E+00    0.322E-01    0.322E-01    0.000E+00    0.000E+00    0.000E+00    0.000E+00
     0.500     0.158    0.755E+00    0.481E+00    0.111E+01    0.686E-01    0.124E+00    0.320E-01    0.320E-01    0.000E+00    0.000E+00    0.000E+00    0.000E+00
     0.500     0.159    0.757E+00    0.481E+00    0.110E+01    0.682E-01    0.123E+00    0.319E-01    0.319E-01    0.000E+00    0.000E+00    0.000E+00    0.000E+00
     0.500     0.160    0.759E+00    0.481E+00    0.109E+01    0.678E-01    0.123E+00    0.318E-01    0.318E-01    0.000E+00    0.000E+00    0.000E+00    0.000E+00
     0.500     0.161    0.760E+00    0.481E+00    0.108E+01    0.674E-01    0.122E+00    0.317E-01    0.317E-01    0.000E+00    0.000E+00    0.000E+00    0.000E+00
     0.500     0.162    0.762E+00    0.481E+00    0.107E+01    0.671E-01    0.122E+00    0.316E-01    0.316E-01    0.000E+00    0.000E+00    0.000E+00    0.000E+00
     0.500     0.163    0.764E+00    0.481E+00    0.106E+01    0.667E-01    0.121E+00    0.314E-01    0.314E-01    0.000E+00    0.000E+00    0.000E+00    0.000E+00
     0.500     0.164    0.765E+00    0.480E+00    0.105E+01    0.663E-01    0.120E+00    0.313E-01    0.313E-01    0.000E+00    0.000E+00    0.000E+00    0.000E+00
     0.500     0.165    0.767E+00    0.480E+00    0.105E+01    0.659E-01    0.120E+00    0.312E-01    0.312E-01    0.000E+00    0.000E+00    0.000E+00    0.000E+00
     0.500     0.166    0.769E+00    0.480E+00    0.104E+01    0.656E-01    0.119E+00    0.311E-01    0.311E-01    0.000E+00    0.000E+00    0.000E+00    0.000E+00
     0.500     0.167    0.770E+00    0.480E+00    0.103E+01    0.652E-01    0.118E+00    0.309E-01    0.309E-01    0.000E+00    0.000E+00    0.000E+00    0.000E+00
     0.500     0.168    0.772E+00    0.480E+00    0.102E+01    0.649E-01    0.118E+00    0.308E-01    0.308E-01    0.000E+00    0.000E+00    0.000E+00    0.000E+00
     0.500     0.169    0.774E+00    0.479E+00    0.101E+01    0.645E-01    0.117E+00    0.307E-01    0.307E-01    0.000E+00    0.000E+00    0.000E+00    0.000E+00
     0.500     0.170    0.775E+00    0.479E+00    0.100E+01    0.641E-01    0.117E+00    0.305E-01    0.305E-01    0.000E+00    0.000E+00    0.000E+00    0.000E+00
     0.500     0.171    0.777E+00    0.479E+00    0.994E+00    0.638E-01    0.116E+00    0.304E-01    0.304E-01    0.000E+00    0.000E+00    0.000E+00    0.000E+00
     0.500     0.172    0.778E+00    0.479E+00    0.986E+00    0.634E-01    0.115E+00    0.303E-01    0.303E-01    0.000E+00    0.000E+00    0.000E+00    0.000E+00
     0.500     0.173    0.780E+00    0.478E+00    0.977E+00    0.631E-01    0.115E+00    0.301E-01    0.301E-01    0.000E+00    0.000E+00    0.000E+00    0.000E+00
     0.500     0.174    0.781E+00    0.478E+00    0.969E+00    0.627E-01    0.114E+00    0.300E-01    0.300E-01    0.000E+00    0.000E+00    0.000E+00    0.000E+00
     0.500     0.175    0.783E+00    0.478E+00    0.961E+00    0.624E-01    0.113E+00    0.298E-01    0.298E-01    0.000E+00    0.000E+00    0.000E+00    0.000E+00
     0.500     0.176    0.784E+00    0.478E+00    0.953E+00    0.621E-01    0.113E+00    0.297E-01    0.297E-01    0.000E+00    0.000E+00    0.000E+00    0.000E+00
     0.500     0.177    0.786E+00    0.477E+00    0.945E+00    0.617E-01    0.112E+00    0.296E-01    0.296E-01    0.000E+00    0.000E+00    0.000E+00    0.000E+00
     0.500     0.178    0.787E+00    0.477E+00    0.937E+00    0.614E-01    0.111E+00    0.294E-01    0.294E-01    0.000E+00    0.000E+00    0.000E+00    0.000E+00
     0.500     0.179    0.788E+00    0.477E+00    0.929E+00    0.611E-01    0.111E+00    0.293E-01    0.293E-01    0.000E+00    0.000E+00    0.000E+00    0.000E+00
     0.500     0.180    0.790E+00    0.477E+00    0.921E+00    0.607E-01    0.110E+00    0.291E-01    0.291E-01    0.000E+00    0.000E+00    0.000E+00    0.000E+00
     0.500     0.181    0.791E+00    0.476E+00    0.913E+00    0.604E-01    0.109E+00    0.290E-01    0.290E-01    0.000E+00    0.000E+00    0.000E+00    0.000E+00
     0.500     0.182    0.792E+00    0.476E+00    0.905E+00    0.601E-01    0.108E+00    0.288E-01    0.288E-01    0.000E+00    0.000E+00    0.000E+00    0.000E+00
     0.500     0.183    0.794E+00    0.476E+00    0.898E+00    0.598E-01    0.108E+00    0.287E-01    0.287E-01    0.000E+00    0.000E+00    0.000E+00    0.000E+00
     0.500     0.184    0.795E+00    0.475E+00    0.890E+00    0.594E-01    0.107E+00    0.285E-01    0.285E-01    0.000E+00    0.000E+00    0.000E+00    0.000E+00
     0.500     0.185    0.796E+00    0.475E+00    0.883E+00    0.591E-01    0.106E+00    0.284E-01    0.284E-01    0.000E+00    0.000E+00    0.000E+00    0.000E+00
     0.500     0.186    0.798E+00    0.475E+00    0.875E+00    0.588E-01    0.106E+00    0.282E-01    0.282E-01    0.000E+00    0.000E+00    0.000E+00    0.000E+00
     0.500     0.187    0.799E+00    0.474E+00    0.868E+00    0.585E-01    0.105E+00    0.281E-01    0.281E-01    0.000E+00    0.000E+00    0.000E+00    0.000E+00
     0.500     0.188    0.800E+00    0.474E+00    0.861E+00    0.582E-01    0.104E+00    0.280E-01    0.280E-01    0.000E+00    0.000E+00    0.000E+00    0.000E+00
     0.500     0.189    0.801E+00    0.474E+00    0.854E+00    0.579E-01    0.104E+00    0.278E-01    0.278E-01    0.000E+00    0.000E+00    0.000E+00    0.000E+00
     0.500     0.190    0.803E+00    0.473E+00    0.846E+00    0.576E-01    0.103E+00    0.276E-01    0.276E-01    0.000E+00    0.000E+00    0.000E+00    0.000E+00
     0.500     0.191    0.804E+00    0.473E+00    0.839E+00    0.573E-01    0.102E+00    0.275E-01    0.275E-01    0.000E+00    0.000E+00    0.000E+00    0.000E+00
     0.500     0.192    0.805E+00    0.473E+00    0.832E+00    0.570E-01    0.102E+00    0.273E-01    0.273E-01    0.000E+00    0.000E+00    0.000E+00    0.000E+00
     0.500     0.193    0.806E+00    0.472E+00    0.826E+00    0.567E-01    0.101E+00    0.272E-01    0.272E-01    0.000E+00    0.000E+00    0.000E+00    0.000E+00
     0.500     0.194    0.807E+00    0.472E+00    0.819E+00    0.564E-01    0.100E+00    0.270E-01    0.270E-01    0.000E+00    0.000E+00    0.000E+00    0.000E+00
     0.500     0.195    0.808E+00    0.472E+00    0.812E+00    0.561E-01    0.995E-01    0.269E-01    0.269E-01    0.000E+00    0.000E+00    0.000E+00    0.000E+00
     0.500     0.196    0.810E+00    0.471E+00    0.805E+00    0.558E-01    0.988E-01    0.267E-01    0.267E-01    0.000E+00    0.000E+00    0.000E+00    0.000E+00
     0.500     0.197    0.811E+00    0.471E+00    0.799E+00    0.555E-01    0.981E-01    0.266E-01    0.266E-01    0.000E+00    0.000E+00    0.000E+00    0.000E+00
     0.500     0.198    0.812E+00    0.470E+00    0.792E+00    0.552E-01    0.974E-01    0.264E-01    0.264E-01    0.000E+00    0.000E+00    0.000E+00    0.000E+00
     0.500     0.199    0.813E+00    0.470E+00    0.786E+00    0.549E-01    0.966E-01    0.263E-01    0.263E-01    0.000E+00    0.000E+00    0.000E+00    0.000E+00
     0.500     0.200    0.814E+00    0.470E+00    0.779E+00    0.546E-01    0.959E-01    0.261E-01    0.261E-01    0.000E+00    0.000E+00    0.000E+00    0.000E+00
     0.500     0.201    0.815E+00    0.469E+00    0.773E+00    0.544E-01    0.952E-01    0.260E-01    0.260E-01    0.000E+00    0.000E+00    0.000E+00    0.000E+00
     0.500     0.202    0.816E+00    0.469E+00    0.767E+00    0.541E-01    0.945E-01    0.258E-01    0.258E-01    0.000E+00    0.000E+00    0.000E+00    0.000E+00
     0.500     0.203    0.817E+00    0.468E+00    0.760E+00    0.538E-01    0.938E-01    0.257E-01    0.257E-01    0.000E+00    0.000E+00    0.000E+00    0.000E+00
     0.500     0.204    0.818E+00    0.468E+00    0.754E+00    0.535E-01    0.932E-01    0.255E-01    0.255E-01    0.000E+00    0.000E+00    0.000E+00    0.000E+00
     0.500     0.205    0.819E+00    0.468E+00    0.748E+00    0.532E-01    0.925E-01    0.253E-01    0.253E-01    0.000E+00    0.000E+00    0.000E+00    0.000E+00
     0.500     0.206    0.820E+00    0.467E+00    0.742E+00    0.530E-01    0.918E-01    0.252E-01    0.252E-01    0.000E+00    0.000E+00    0.000E+00    0.000E+00
     0.500     0.207    0.821E+00    0.467E+00    0.736E+00    0.527E-01    0.911E-01    0.250E-01    0.250E-01    0.000E+00    0.000E+00    0.000E+00    0.000E+00
     0.500     0.208    0.821E+00    0.466E+00    0.730E+00    0.524E-01    0.904E-01    0.249E-01    0.249E-01    0.000E+00    0.000E+00    0.000E+00    0.000E+00
     0.500     0.209    0.822E+00    0.466E+00    0.725E+00    0.521E-01    0.897E-01    0.247E-01    0.247E-01    0.000E+00    0.000E+00    0.000E+00    0.000E+00
     0.500     0.210    0.823E+00    0.465E+00    0.719E+00    0.519E-01    0.890E-01    0.246E-01    0.246E-01    0.000E+00    0.000E+00    0.000E+00    0.000E+00
     0.500     0.211    0.824E+00    0.465E+00    0.713E+00    0.516E-01    0.883E-01    0.244E-01    0.244E-01    0.000E+00    0.000E+00    0.000E+00    0.000E+00
     0.500     0.212    0.825E+00    0.464E+00    0.708E+00    0.513E-01    0.876E-01    0.243E-01    0.243E-01    0.000E+00    0.000E+00    0.000E+00    0.000E+00
     0.500     0.213    0.826E+00    0.464E+00    0.702E+00    0.511E-01    0.869E-01    0.241E-01    0.241E-01    0.000E+00    0.000E+00    0.000E+00    0.000E+00
     0.500     0.214    0.826E+00    0.464E+00    0.697E+00    0.508E-01    0.862E-01    0.240E-01    0.240E-01    0.000E+00    0.000E+00    0.000E+00    0.000E+00
     0.500     0.215    0.827E+00    0.463E+00    0.691E+00    0.505E-01    0.855E-01    0.238E-01    0.238E-01    0.000E+00    0.000E+00    0.000E+00    0.000E+00
     0.500     0.216    0.828E+00    0.463E+00    0.686E+00    0.503E-01    0.848E-01    0.236E-01    0.236E-01    0.000E+00    0.000E+00    0.000E+00    0.000E+00
     0.500     0.217    0.829E+00    0.462E+00    0.681E+00    0.500E-01    0.842E-01    0.235E-01    0.235E-01    0.000E+00    0.000E+00    0.000E+00    0.000E+00
     0.500     0.218    0.829E+00    0.462E+00    0.675E+00    0.497E-01    0.835E-01    0.233E-01    0.233E-01    0.000E+00    0.000E+00    0.000E+00    0.000E+00
     0.500     0.219    0.830E+00    0.461E+00    0.670E+00    0.495E-01    0.828E-01    0.232E-01    0.232E-01    0.000E+00    0.000E+00    0.000E+00    0.000E+00
     0.500     0.220    0.831E+00    0.461E+00    0.665E+00    0.492E-01    0.821E-01    0.230E-01    0.230E-01    0.000E+00    0.000E+00    0.000E+00    0.000E+00
     0.500     0.221    0.831E+00    0.460E+00    0.660E+00    0.490E-01    0.815E-01    0.229E-01    0.229E-01    0.000E+00    0.000E+00    0.000E+00    0.000E+00
     0.500     0.222    0.832E+00    0.460E+00    0.655E+00    0.487E-01    0.808E-01    0.227E-01    0.227E-01    0.000E+00    0.000E+00    0.000E+00    0.000E+00
     0.500     0.223    0.833E+00    0.459E+00    0.650E+00    0.484E-01    0.801E-01    0.226E-01    0.226E-01    0.000E+00    0.000E+00    0.000E+00    0.000E+00
     0.500     0.224    0.833E+00    0.459E+00    0.645E+00    0.482E-01    0.794E-01    0.224E-01    0.224E-01    0.000E+00    0.000E+00    0.000E+00    0.000E+00
     0.500     0.225    0.834E+00    0.458E+00    0.640E+00    0.479E-01    0.788E-01    0.223E-01    0.223E-01    0.000E+00    0.000E+00    0.000E+00    0.000E+00
     0.500     0.226    0.834E+00    0.458E+00    0.636E+00    0.477E-01    0.781E-01    0.221E-01    0.221E-01    0.000E+00    0.000E+00    0.000E+00    0.000E+00
     0.500     0.227    0.835E+00    0.457E+00    0.631E+00    0.474E-01    0.775E-01    0.220E-01    0.220E-01    0.000E+00    0.000E+00    0.000E+00    0.000E+00
     0.500     0.228    0.836E+00    0.457E+00    0.626E+00    0.472E-01    0.768E-01    0.218E-01    0.218E-01    0.000E+00    0.000E+00    0.000E+00    0.000E+00
     0.500     0.229    0.836E+00    0.456E+00    0.622E+00    0.469E-01    0.761E-01    0.217E-01    0.217E-01    0.000E+00    0.000E+00    0.000E+00    0.000E+00
     0.500     0.230    0.837E+00    0.456E+00    0.617E+00    0.467E-01    0.755E-01    0.215E-01    0.215E-01    0.000E+00    0.000E+00    0.000E+00    0.000E+00
     0.500     0.231    0.837E+00    0.455E+00    0.613E+00    0.464E-01    0.748E-01    0.214E-01    0.214E-01    0.000E+00    0.000E+00    0.000E+00    0.000E+00
     0.500     0.232    0.838E+00    0.455E+00    0.608E+00    0.462E-01    0.742E-01    0.212E-01    0.212E-01    0.000E+00    0.000E+00    0.000E+00    0.000E+00
     0.500     0.233    0.838E+00    0.454E+00    0.604E+00    0.459E-01    0.735E-01    0.211E-01    0.211E-01    0.000E+00    0.000E+00    0.000E+00    0.000E+00
     0.500     0.234    0.838E+00    0.453E+00    0.600E+00    0.457E-01    0.729E-01    0.209E-01    0.209E-01    0.000E+00    0.000E+00    0.000E+00    0.000E+00
     0.500     0.235    0.839E+00    0.453E+00    0.595E+00    0.454E-01    0.723E-01    0.208E-01    0.208E-01    0.000E+00    0.000E+00    0.000E+00    0.000E+00
     0.500     0.236    0.839E+00    0.452E+00    0.591E+00    0.452E-01    0.716E-01    0.206E-01    0.206E-01    0.000E+00    0.000E+00    0.000E+00    0.000E+00
     0.500     0.237    0.840E+00    0.452E+00    0.587E+00    0.449E-01    0.710E-01    0.205E-01    0.205E-01    0.000E+00    0.000E+00    0.000E+00    0.000E+00
     0.500     0.238    0.840E+00    0.451E+00    0.583E+00    0.447E-01    0.703E-01    0.203E-01    0.203E-01    0.000E+00    0.000E+00    0.000E+00    0.000E+00
     0.500     0.239    0.840E+00    0.451E+00    0.579E+00    0.444E-01    0.697E-01    0.202E-01    0.202E-01    0.000E+00    0.000E+00    0.000E+00    0.000E+00
     0.500     0.240    0.841E+00    0.450E+00    0.575E+00    0.442E-01    0.691E-01    0.200E-01    0.200E-01    0.000E+00    0.000E+00    0.000E+00    0.000E+00
     0.500     0.241    0.841E+00    0.449E+00    0.571E+00    0.440E-01    0.685E-01    0.199E-01    0.199E-01    0.000E+00    0.000E+00    0.000E+00    0.000E+00
     0.500     0.242    0.841E+00    0.449E+00    0.567E+00    0.437E-01    0.679E-01    0.197E-01    0.197E-01    0.000E+00    0.000E+00    0.000E+00    0.000E+00
     0.500     0.243    0.842E+00    0.448E+00    0.563E+00    0.435E-01    0.672E-01    0.196E-01    0.196E-01    0.000E+00    0.000E+00    0.000E+00    0.000E+00
     0.500     0.244    0.842E+00    0.448E+00    0.559E+00    0.432E-01    0.666E-01    0.194E-01    0.194E-01    0.000E+00    0.000E+00    0.000E+00    0.000E+00
     0.500     0.245    0.842E+00    0.447E+00    0.555E+00    0.430E-01    0.660E-01    0.193E-01    0.193E-01    0.000E+00    0.000E+00    0.000E+00    0.000E+00
     0.500     0.246    0.842E+00    0.446E+00    0.552E+00    0.427E-01    0.654E-01    0.191E-01    0.191E-01    0.000E+00    0.000E+00    0.000E+00    0.000E+00
     0.500     0.247    0.843E+00    0.446E+00    0.548E+00    0.425E-01    0.648E-01    0.190E-01    0.190E-01    0.000E+00    0.000E+00    0.000E+00    0.000E+00
     0.500     0.248    0.843E+00    0.445E+00    0.544E+00    0.423E-01    0.642E-01    0.188E-01    0.188E-01    0.000E+00    0.000E+00    0.000E+00    0.000E+00
     0.500     0.249    0.843E+00    0.445E+00    0.541E+00    0.420E-01    0.636E-01    0.187E-01    0.187E-01    0.000E+00    0.000E+00    0.000E+00    0.000E+00
     0.500     0.250    0.843E+00    0.444E+00    0.537E+00    0.418E-01    0.630E-01    0.186E-01    0.186E-01    0.000E+00    0.000E+00    0.000E+00    0.000E+00
     0.500     0.251    0.843E+00    0.443E+00    0.534E+00    0.415E-01    0.624E-01    0.184E-01    0.184E-01    0.000E+00    0.000E+00    0.000E+00    0.000E+00
     0.500     0.252    0.843E+00    0.443E+00    0.530E+00    0.413E-01    0.618E-01    0.183E-01    0.183E-01    0.000E+00    0.000E+00    0.000E+00    0.000E+00
     0.500     0.253    0.843E+00    0.442E+00    0.527E+00    0.411E-01    0.613E-01    0.181E-01    0.181E-01    0.000E+00    0.000E+00    0.000E+00    0.000E+00
     0.500     0.254    0.844E+00    0.441E+00    0.523E+00    0.408E-01    0.607E-01    0.180E-01    0.180E-01    0.000E+00    0.000E+00    0.000E+00    0.000E+00
     0.500     0.255    0.844E+00    0.441E+00    0.520E+00    0.406E-01    0.601E-01    0.179E-01    0.179E-01    0.000E+00    0.000E+00    0.000E+00    0.000E+00
     0.500     0.256    0.844E+00    0.440E+00    0.517E+00    0.404E-01    0.595E-01    0.177E-01    0.177E-01    0.000E+00    0.000E+00    0.000E+00    0.000E+00
     0.500     0.257    0.844E+00    0.440E+00    0.514E+00    0.401E-01    0.590E-01    0.176E-01    0.176E-01    0.000E+00    0.000E+00    0.000E+00    0.000E+00
     0.500     0.258    0.844E+00    0.439E+00    0.510E+00    0.399E-01    0.584E-01    0.174E-01    0.174E-01    0.000E+00    0.000E+00    0.000E+00    0.000E+00
     0.500     0.259    0.844E+00    0.438E+00    0.507E+00    0.396E-01    0.578E-01    0.173E-01    0.173E-01    0.000E+00    0.000E+00    0.000E+00    0.000E+00
     0.500     0.260    0.844E+00    0.438E+00    0.504E+00    0.394E-01    0.573E-01    0.172E-01    0.172E-01    0.000E+00    0.000E+00    0.000E+00    0.000E+00
     0.500     0.261    0.844E+00    0.437E+00    0.501E+00    0.392E-01    0.567E-01    0.170E-01    0.170E-01    0.000E+00    0.000E+00    0.000E+00    0.000E+00
     0.500     0.262    0.844E+00    0.436E+00    0.498E+00    0.389E-01    0.562E-01    0.169E-01    0.169E-01    0.000E+00    0.000E+00    0.000E+00    0.000E+00
     0.500     0.263    0.844E+00    0.435E+00    0.495E+00    0.387E-01    0.556E-01    0.168E-01    0.168E-01    0.000E+00    0.000E+00    0.000E+00    0.000E+00
     0.500     0.264    0.844E+00    0.435E+00    0.492E+00    0.385E-01    0.551E-01    0.166E-01    0.166E-01    0.000E+00    0.000E+00    0.000E+00    0.000E+00
     0.500     0.265    0.843E+00    0.434E+00    0.489E+00    0.382E-01    0.546E-01    0.165E-01    0.165E-01    0.000E+00    0.000E+00    0.000E+00    0.000E+00
     0.500     0.266    0.843E+00    0.433E+00    0.486E+00    0.380E-01    0.540E-01    0.163E-01    0.163E-01    0.000E+00    0.000E+00    0.000E+00    0.000E+00
     0.500     0.267    0.843E+00    0.433E+00    0.483E+00    0.378E-01    0.535E-01    0.162E-01    0.162E-01    0.000E+00    0.000E+00    0.000E+00    0.000E+00
     0.500     0.268    0.843E+00    0.432E+00    0.480E+00    0.375E-01    0.530E-01    0.161E-01    0.161E-01    0.000E+00    0.000E+00    0.000E+00    0.000E+00
     0.500     0.269    0.843E+00    0.431E+00    0.478E+00    0.373E-01    0.524E-01    0.160E-01    0.160E-01    0.000E+00    0.000E+00    0.000E+00    0.000E+00
     0.500     0.270    0.843E+00    0.431E+00    0.475E+00    0.371E-01    0.519E-01    0.158E-01    0.158E-01    0.000E+00    0.000E+00    0.000E+00    0.000E+00
     0.500     0.271    0.843E+00    0.430E+00    0.472E+00    0.368E-01    0.514E-01    0.157E-01    0.157E-01    0.000E+00    0.000E+00    0.000E+00    0.000E+00
     0.500     0.272    0.842E+00    0.429E+00    0.469E+00    0.366E-01    0.509E-01    0.156E-01    0.156E-01    0.000E+00    0.000E+00    0.000E+00    0.000E+00
     0.500     0.273    0.842E+00    0.428E+00    0.467E+00    0.364E-01    0.504E-01    0.154E-01    0.154E-01    0.000E+00    0.000E+00    0.000E+00    0.000E+00
     0.500     0.274    0.842E+00    0.428E+00    0.464E+00    0.361E-01    0.499E-01    0.153E-01    0.153E-01    0.000E+00    0.000E+00    0.000E+00    0.000E+00
     0.500     0.275    0.842E+00    0.427E+00    0.461E+00    0.359E-01    0.494E-01    0.152E-01    0.152E-01    0.000E+00    0.000E+00    0.000E+00    0.000E+00
     0.500     0.276    0.841E+00    0.426E+00    0.459E+00    0.357E-01    0.489E-01    0.150E-01    0.150E-01    0.000E+00    0.000E+00    0.000E+00    0.000E+00
     0.500     0.277    0.841E+00    0.425E+00    0.456E+00    0.354E-01    0.484E-01    0.149E-01    0.149E-01    0.000E+00    0.000E+00    0.000E+00    0.000E+00
     0.500     0.278    0.841E+00    0.425E+00    0.454E+00    0.352E-01    0.479E-01    0.148E-01    0.148E-01    0.000E+00    0.000E+00    0.000E+00    0.000E+00
     0.500     0.279    0.841E+00    0.424E+00    0.451E+00    0.350E-01    0.474E-01    0.147E-01    0.147E-01    0.000E+00    0.000E+00    0.000E+00    0.000E+00
     0.500     0.280    0.840E+00    0.423E+00    0.449E+00    0.347E-01    0.470E-01    0.145E-01    0.145E-01    0.000E+00    0.000E+00    0.000E+00    0.000E+00
     0.500     0.281    0.840E+00    0.422E+00    0.446E+00    0.345E-01    0.465E-01    0.144E-01    0.144E-01    0.000E+00    0.000E+00    0.000E+00    0.000E+00
     0.500     0.282    0.840E+00    0.421E+00    0.444E+00    0.343E-01    0.460E-01    0.143E-01    0.143E-01    0.000E+00    0.000E+00    0.000E+00    0.000E+00
     0.500     0.283    0.839E+00    0.421E+00    0.442E+00    0.340E-01    0.455E-01    0.142E-01    0.142E-01    0.000E+00    0.000E+00    0.000E+00    0.000E+00
     0.500     0.284    0.839E+00    0.420E+00    0.439E+00    0.338E-01    0.451E-01    0.140E-01    0.140E-01    0.000E+00    0.000E+00    0.000E+00    0.000E+00
     0.500     0.285    0.838E+00    0.419E+00    0.437E+00    0.336E-01    0.446E-01    0.139E-01    0.139E-01    0.000E+00    0.000E+00    0.000E+00    0.000E+00
     0.500     0.286    0.838E+00    0.418E+00    0.435E+00    0.334E-01    0.442E-01    0.138E-01    0.138E-01    0.000E+00    0.000E+00    0.000E+00    0.000E+00
     0.500     0.287    0.838E+00    0.418E+00    0.432E+00    0.331E-01    0.437E-01    0.137E-01    0.137E-01    0.000E+00    0.000E+00    0.000E+00    0.000E+00
     0.500     0.288    0.837E+00    0.417E+00    0.430E+00    0.329E-01    0.433E-01    0.136E-01    0.136E-01    0.000E+00    0.000E+00    0.000E+00    0.000E+00
     0.500     0.289    0.837E+00    0.416E+00    0.428E+00    0.327E-01    0.428E-01    0.134E-01    0.134E-01    0.000E+00    0.000E+00    0.000E+00    0.000E+00
     0.500     0.290    0.836E+00    0.415E+00    0.426E+00    0.324E-01    0.424E-01    0.133E-01    0.133E-01    0.000E+00    0.000E+00    0.000E+00    0.000E+00
     0.500     0.291    0.836E+00    0.414E+00    0.424E+00    0.322E-01    0.419E-01    0.132E-01    0.132E-01    0.000E+00    0.000E+00    0.000E+00    0.000E+00
     0.500     0.292    0.835E+00    0.413E+00    0.421E+00    0.320E-01    0.415E-01    0.131E-01    0.131E-01    0.000E+00    0.000E+00    0.000E+00    0.000E+00
     0.500     0.293    0.835E+00    0.413E+00    0.419E+00    0.318E-01    0.411E-01    0.130E-01    0.130E-01    0.000E+00    0.000E+00    0.000E+00    0.000E+00
     0.500     0.294    0.834E+00    0.412E+00    0.417E+00    0.315E-01    0.406E-01    0.129E-01    0.129E-01    0.000E+00    0.000E+00    0.000E+00    0.000E+00
     0.500     0.295    0.834E+00    0.411E+00    0.415E+00    0.313E-01    0.402E-01    0.128E-01    0.128E-01    0.000E+00    0.000E+00    0.000E+00    0.000E+00
     0.500     0.296    0.833E+00    0.410E+00    0.413E+00    0.311E-01    0.398E-01    0.126E-01    0.126E-01    0.000E+00    0.000E+00    0.000E+00    0.000E+00
     0.500     0.297    0.832E+00    0.409E+00    0.411E+00    0.309E-01    0.394E-01    0.125E-01    0.125E-01    0.000E+00    0.000E+00    0.000E+00    0.000E+00
     0.500     0.298    0.832E+00    0.408E+00    0.409E+00    0.306E-01    0.390E-01    0.124E-01    0.124E-01    0.000E+00    0.000E+00    0.000E+00    0.000E+00
     0.500     0.299    0.831E+00    0.407E+00    0.407E+00    0.304E-01    0.385E-01    0.123E-01    0.123E-01    0.000E+00    0.000E+00    0.000E+00    0.000E+00
     0.500     0.300    0.831E+00    0.407E+00    0.405E+00    0.302E-01    0.381E-01    0.122E-01    0.122E-01    0.000E+00    0.000E+00    0.000E+00    0.000E+00
     0.500     0.301    0.830E+00    0.406E+00    0.403E+00    0.300E-01    0.377E-01    0.121E-01    0.121E-01    0.000E+00    0.000E+00    0.000E+00    0.000E+00
     0.500     0.302    0.829E+00    0.405E+00    0.401E+00    0.298E-01    0.373E-01    0.120E-01    0.120E-01    0.000E+00    0.000E+00    0.000E+00    0.000E+00
     0.500     0.303    0.829E+00    0.404E+00    0.399E+00    0.295E-01    0.369E-01    0.119E-01    0.119E-01    0.000E+00    0.000E+00    0.000E+00    0.000E+00
     0.500     0.304    0.828E+00    0.403E+00    0.397E+00    0.293E-01    0.366E-01    0.118E-01    0.118E-01    0.000E+00    0.000E+00    0.000E+00    0.000E+00
     0.500     0.305    0.827E+00    0.402E+00    0.396E+00    0.291E-01    0.362E-01    0.116E-01    0.116E-01    0.000E+00    0.000E+00    0.000E+00    0.000E+00
     0.500     0.306    0.827E+00    0.401E+00    0.394E+00    0.289E-01    0.358E-01    0.115E-01    0.115E-01    0.000E+00    0.000E+00    0.000E+00    0.000E+00
     0.500     0.307    0.826E+00    0.400E+00    0.392E+00    0.287E-01    0.354E-01    0.114E-01    0.114E-01    0.000E+00    0.000E+00    0.000E+00    0.000E+00
     0.500     0.308    0.825E+00    0.399E+00    0.390E+00    0.284E-01    0.350E-01    0.113E-01    0.113E-01    0.000E+00    0.000E+00    0.000E+00    0.000E+00
     0.500     0.309    0.824E+00    0.398E+00    0.388E+00    0.282E-01    0.347E-01    0.112E-01    0.112E-01    0.000E+00    0.000E+00    0.000E+00    0.000E+00
     0.500     0.310    0.824E+00    0.397E+00    0.387E+00    0.280E-01    0.343E-01    0.111E-01    0.111E-01    0.000E+00    0.000E+00    0.000E+00    0.000E+00
     0.500     0.311    0.823E+00    0.397E+00    0.385E+00    0.278E-01    0.339E-01    0.110E-01    0.110E-01    0.000E+00    0.000E+00    0.000E+00    0.000E+00
     0.500     0.312    0.822E+00    0.396E+00    0.383E+00    0.276E-01    0.336E-01    0.109E-01    0.109E-01    0.000E+00    0.000E+00    0.000E+00    0.000E+00
     0.500     0.313    0.821E+00    0.395E+00    0.381E+00    0.273E-01    0.332E-01    0.108E-01    0.108E-01    0.000E+00    0.000E+00    0.000E+00    0.000E+00
     0.500     0.314    0.821E+00    0.394E+00    0.380E+00    0.271E-01    0.328E-01    0.107E-01    0.107E-01    0.000E+00    0.000E+00    0.000E+00    0.000E+00
     0.500     0.315    0.820E+00    0.393E+00    0.378E+00    0.269E-01    0.325E-01    0.106E-01    0.106E-01    0.000E+00    0.000E+00    0.000E+00    0.000E+00
     0.500     0.316    0.819E+00    0.392E+00    0.376E+00    0.267E-01    0.321E-01    0.105E-01    0.105E-01    0.000E+00    0.000E+00    0.000E+00    0.000E+00
     0.500     0.317    0.818E+00    0.391E+00    0.375E+00    0.265E-01    0.318E-01    0.104E-01    0.104E-01    0.000E+00    0.000E+00    0.000E+00    0.000E+00
     0.500     0.318    0.817E+00    0.390E+00    0.373E+00    0.263E-01    0.314E-01    0.103E-01    0.103E-01    0.000E+00    0.000E+00    0.000E+00    0.000E+00
     0.500     0.319    0.816E+00    0.389E+00    0.371E+00    0.261E-01    0.311E-01    0.102E-01    0.102E-01    0.000E+00    0.000E+00    0.000E+00    0.000E+00
     0.500     0.320    0.815E+00    0.388E+00    0.370E+00    0.259E-01    0.308E-01    0.101E-01    0.101E-01    0.000E+00    0.000E+00    0.000E+00    0.000E+00
     0.500     0.321    0.814E+00    0.387E+00    0.368E+00    0.256E-01    0.304E-01    0.100E-01    0.100E-01    0.000E+00    0.000E+00    0.000E+00    0.000E+00
     0.500     0.322    0.814E+00    0.386E+00    0.366E+00    0.254E-01    0.301E-01    0.992E-02    0.992E-02    0.000E+00    0.000E+00    0.000E+00    0.000E+00
     0.500     0.323    0.813E+00    0.385E+00    0.365E+00    0.252E-01    0.298E-01    0.982E-02    0.982E-02    0.000E+00    0.000E+00    0.000E+00    0.000E+00
     0.500     0.324    0.812E+00    0.384E+00    0.363E+00    0.250E-01    0.294E-01    0.973E-02    0.973E-02    0.000E+00    0.000E+00    0.000E+00    0.000E+00
     0.500     0.325    0.811E+00    0.383E+00    0.362E+00    0.248E-01    0.291E-01    0.963E-02    0.963E-02    0.000E+00    0.000E+00    0.000E+00    0.000E+00
     0.500     0.326    0.810E+00    0.382E+00    0.360E+00    0.246E-01    0.288E-01    0.954E-02    0.954E-02    0.000E+00    0.000E+00    0.000E+00    0.000E+00
     0.500     0.327    0.809E+00    0.381E+00    0.359E+00    0.244E-01    0.285E-01    0.944E-02    0.944E-02    0.000E+00    0.000E+00    0.000E+00    0.000E+00
     0.500     0.328    0.808E+00    0.380E+00    0.357E+00    0.242E-01    0.282E-01    0.935E-02    0.935E-02    0.000E+00    0.000E+00    0.000E+00    0.000E+00
     0.500     0.329    0.807E+00    0.379E+00    0.356E+00    0.240E-01    0.279E-01    0.926E-02    0.926E-02    0.000E+00    0.000E+00    0.000E+00    0.000E+00
     0.500     0.330    0.806E+00    0.378E+00    0.354E+00    0.238E-01    0.276E-01    0.917E-02    0.917E-02    0.000E+00    0.000E+00    0.000E+00    0.000E+00
     0.500     0.331    0.805E+00    0.377E+00    0.353E+00    0.236E-01    0.273E-01    0.908E-02    0.908E-02    0.000E+00    0.000E+00    0.000E+00    0.000E+00
     0.500     0.332    0.804E+00    0.376E+00    0.351E+00    0.234E-01    0.270E-01    0.899E-02    0.899E-02    0.000E+00    0.000E+00    0.000E+00    0.000E+00
     0.500     0.333    0.803E+00    0.375E+00    0.350E+00    0.232E-01    0.267E-01    0.890E-02    0.890E-02    0.000E+00    0.000E+00    0.000E+00    0.000E+00
     0.500     0.334    0.802E+00    0.374E+00    0.348E+00    0.230E-01    0.264E-01    0.881E-02    0.881E-02    0.000E+00    0.000E+00    0.000E+00    0.000E+00
     0.500     0.335    0.801E+00    0.373E+00    0.347E+00    0.228E-01    0.261E-01    0.873E-02    0.873E-02    0.000E+00    0.000E+00    0.000E+00    0.000E+00
     0.500     0.336    0.799E+00    0.371E+00    0.345E+00    0.226E-01    0.258E-01    0.864E-02    0.864E-02    0.000E+00    0.000E+00    0.000E+00    0.000E+00
     0.500     0.337    0.798E+00    0.370E+00    0.344E+00    0.224E-01    0.255E-01    0.855E-02    0.855E-02    0.000E+00    0.000E+00    0.000E+00    0.000E+00
     0.500     0.338    0.797E+00    0.369E+00    0.343E+00    0.222E-01    0.252E-01    0.847E-02    0.847E-02    0.000E+00    0.000E+00    0.000E+00    0.000E+00
     0.500     0.339    0.796E+00    0.368E+00    0.341E+00    0.220E-01    0.249E-01    0.838E-02    0.838E-02    0.000E+00    0.000E+00    0.000E+00    0.000E+00
     0.500     0.340    0.795E+00    0.367E+00    0.340E+00    0.218E-01    0.247E-01    0.830E-02    0.830E-02    0.000E+00    0.000E+00    0.000E+00    0.000E+00
     0.500     0.341    0.794E+00    0.366E+00    0.338E+00    0.216E-01    0.244E-01    0.821E-02    0.821E-02    0.000E+00    0.000E+00    0.000E+00    0.000E+00
     0.500     0.342    0.793E+00    0.365E+00    0.337E+00    0.214E-01    0.241E-01    0.813E-02    0.813E-02    0.000E+00    0.000E+00    0.000E+00    0.000E+00
     0.500     0.343    0.792E+00    0.364E+00    0.336E+00    0.212E-01    0.239E-01    0.805E-02    0.805E-02    0.000E+00    0.000E+00    0.000E+00    0.000E+00
     0.500     0.344    0.790E+00    0.363E+00    0.334E+00    0.210E-01    0.236E-01    0.797E-02    0.797E-02    0.000E+00    0.000E+00    0.000E+00    0.000E+00
     0.500     0.345    0.789E+00    0.362E+00    0.333E+00    0.208E-01    0.233E-01    0.789E-02    0.789E-02    0.000E+00    0.000E+00    0.000E+00    0.000E+00
     0.500     0.346    0.788E+00    0.361E+00    0.332E+00    0.206E-01    0.231E-01    0.780E-02    0.780E-02    0.000E+00    0.000E+00    0.000E+00    0.000E+00
     0.500     0.347    0.787E+00    0.359E+00    0.330E+00    0.204E-01    0.228E-01    0.772E-02    0.772E-02    0.000E+00    0.000E+00    0.000E+00    0.000E+00
     0.500     0.348    0.786E+00    0.358E+00    0.329E+00    0.202E-01    0.225E-01    0.765E-02    0.765E-02    0.000E+00    0.000E+00    0.000E+00    0.000E+00
     0.500     0.349    0.784E+00    0.357E+00    0.328E+00    0.201E-01    0.223E-01    0.757E-02    0.757E-02    0.000E+00    0.000E+00    0.000E+00    0.000E+00
     0.500     0.350    0.783E+00    0.356E+00    0.326E+00    0.199E-01    0.220E-01    0.749E-02    0.749E-02    0.000E+00    0.000E+00    0.000E+00    0.000E+00
     0.500     0.351    0.782E+00    0.355E+00    0.325E+00    0.197E-01    0.218E-01    0.741E-02    0.741E-02    0.000E+00    0.000E+00    0.000E+00    0.000E+00
     0.500     0.352    0.781E+00    0.354E+00    0.324E+00    0.195E-01    0.216E-01    0.733E-02    0.733E-02    0.000E+00    0.000E+00    0.000E+00    0.000E+00
     0.500     0.353    0.779E+00    0.353E+00    0.322E+00    0.193E-01    0.213E-01    0.726E-02    0.726E-02    0.000E+00    0.000E+00    0.000E+00    0.000E+00
     0.500     0.354    0.778E+00    0.351E+00    0.321E+00    0.191E-01    0.211E-01    0.718E-02    0.718E-02    0.000E+00    0.000E+00    0.000E+00    0.000E+00
     0.500     0.355    0.777E+00    0.350E+00    0.320E+00    0.189E-01    0.208E-01    0.711E-02    0.711E-02    0.000E+00    0.000E+00    0.000E+00    0.000E+00
     0.500     0.356    0.776E+00    0.349E+00    0.318E+00    0.188E-01    0.206E-01    0.703E-02    0.703E-02    0.000E+00    0.000E+00    0.000E+00    0.000E+00
     0.500     0.357    0.774E+00    0.348E+00    0.317E+00    0.186E-01    0.204E-01    0.696E-02    0.696E-02    0.000E+00    0.000E+00    0.000E+00    0.000E+00
     0.500     0.358    0.773E+00    0.347E+00    0.316E+00    0.184E-01    0.201E-01    0.689E-02    0.689E-02    0.000E+00    0.000E+00    0.000E+00    0.000E+00
     0.500     0.359    0.772E+00    0.346E+00    0.315E+00    0.182E-01    0.199E-01    0.681E-02    0.681E-02    0.000E+00    0.000E+00    0.000E+00    0.000E+00
     0.500     0.360    0.770E+00    0.345E+00    0.313E+00    0.181E-01    0.197E-01    0.674E-02    0.674E-02    0.000E+00    0.000E+00    0.000E+00    0.000E+00
     0.500     0.361    0.769E+00    0.343E+00    0.312E+00    0.179E-01    0.195E-01    0.667E-02    0.667E-02    0.000E+00    0.000E+00    0.000E+00    0.000E+00
     0.500     0.362    0.768E+00    0.342E+00    0.311E+00    0.177E-01    0.192E-01    0.660E-02    0.660E-02    0.000E+00    0.000E+00    0.000E+00    0.000E+00
     0.500     0.363    0.766E+00    0.341E+00    0.310E+00    0.175E-01    0.190E-01    0.653E-02    0.653E-02    0.000E+00    0.000E+00    0.000E+00    0.000E+00
     0.500     0.364    0.765E+00    0.340E+00    0.308E+00    0.174E-01    0.188E-01    0.646E-02    0.646E-02    0.000E+00    0.000E+00    0.000E+00    0.000E+00
     0.500     0.365    0.763E+00    0.339E+00    0.307E+00    0.172E-01    0.186E-01    0.639E-02    0.639E-02    0.000E+00    0.000E+00    0.000E+00    0.000E+00
     0.500     0.366    0.762E+00    0.337E+00    0.306E+00    0.170E-01    0.184E-01    0.632E-02    0.632E-02    0.000E+00    0.000E+00    0.000E+00    0.000E+00
     0.500     0.367    0.761E+00    0.336E+00    0.305E+00    0.168E-01    0.182E-01    0.625E-02    0.625E-02    0.000E+00    0.000E+00    0.000E+00    0.000E+00
     0.500     0.368    0.759E+00    0.335E+00    0.303E+00    0.167E-01    0.179E-01    0.619E-02    0.619E-02    0.000E+00    0.000E+00    0.000E+00    0.000E+00
     0.500     0.369    0.758E+00    0.334E+00    0.302E+00    0.165E-01    0.177E-01    0.612E-02    0.612E-02    0.000E+00    0.000E+00    0.000E+00    0.000E+00
     0.500     0.370    0.756E+00    0.333E+00    0.301E+00    0.163E-01    0.175E-01    0.605E-02    0.605E-02    0.000E+00    0.000E+00    0.000E+00    0.000E+00
     0.500     0.371    0.755E+00    0.331E+00    0.300E+00    0.162E-01    0.173E-01    0.599E-02    0.599E-02    0.000E+00    0.000E+00    0.000E+00    0.000E+00
     0.500     0.372    0.753E+00    0.330E+00    0.299E+00    0.160E-01    0.171E-01    0.592E-02    0.592E-02    0.000E+00    0.000E+00    0.000E+00    0.000E+00
     0.500     0.373    0.752E+00    0.329E+00    0.297E+00    0.159E-01    0.169E-01    0.586E-02    0.586E-02    0.000E+00    0.000E+00    0.000E+00    0.000E+00
     0.500     0.374    0.751E+00    0.328E+00    0.296E+00    0.157E-01    0.167E-01    0.579E-02    0.579E-02    0.000E+00    0.000E+00    0.000E+00    0.000E+00
     0.500     0.375    0.749E+00    0.326E+00    0.295E+00    0.155E-01    0.165E-01    0.573E-02    0.573E-02    0.000E+00    0.000E+00    0.000E+00    0.000E+00
     0.500     0.376    0.748E+00    0.325E+00    0.294E+00    0.154E-01    0.164E-01    0.567E-02    0.567E-02    0.000E+00    0.000E+00    0.000E+00    0.000E+00
     0.500     0.377    0.746E+00    0.324E+00    0.293E+00    0.152E-01    0.162E-01    0.561E-02    0.561E-02    0.000E+00    0.000E+00    0.000E+00    0.000E+00
     0.500     0.378    0.745E+00    0.323E+00    0.291E+00    0.151E-01    0.160E-01    0.554E-02    0.554E-02    0.000E+00    0.000E+00    0.000E+00    0.000E+00
     0.500     0.379    0.743E+00    0.321E+00    0.290E+00    0.149E-01    0.158E-01    0.548E-02    0.548E-02    0.000E+00    0.000E+00    0.000E+00    0.000E+00
     0.500     0.380    0.742E+00    0.320E+00    0.289E+00    0.147E-01    0.156E-01    0.542E-02    0.542E-02    0.000E+00    0.000E+00    0.000E+00    0.000E+00
     0.500     0.381    0.740E+00    0.319E+00    0.288E+00    0.146E-01    0.154E-01    0.536E-02    0.536E-02    0.000E+00    0.000E+00    0.000E+00    0.000E+00
     0.500     0.382    0.739E+00    0.318E+00    0.287E+00    0.144E-01    0.152E-01    0.530E-02    0.530E-02    0.000E+00    0.000E+00    0.000E+00    0.000E+00
     0.500     0.383    0.737E+00    0.316E+00    0.285E+00    0.143E-01    0.151E-01    0.524E-02    0.524E-02    0.000E+00    0.000E+00    0.000E+00    0.000E+00
     0.500     0.384    0.735E+00    0.315E+00    0.284E+00    0.141E-01    0.149E-01    0.518E-02    0.518E-02    0.000E+00    0.000E+00    0.000E+00    0.000E+00
     0.500     0.385    0.734E+00    0.314E+00    0.283E+00    0.140E-01    0.147E-01    0.513E-02    0.513E-02    0.000E+00    0.000E+00    0.000E+00    0.000E+00
     0.500     0.386    0.732E+00    0.313E+00    0.282E+00    0.138E-01    0.145E-01    0.507E-02    0.507E-02    0.000E+00    0.000E+00    0.000E+00    0.000E+00
     0.500     0.387    0.731E+00    0.311E+00    0.281E+00    0.137E-01    0.144E-01    0.501E-02    0.501E-02    0.000E+00    0.000E+00    0.000E+00    0.000E+00
     0.500     0.388    0.729E+00    0.310E+00    0.280E+00    0.135E-01    0.142E-01    0.496E-02    0.496E-02    0.000E+00    0.000E+00    0.000E+00    0.000E+00
     0.500     0.389    0.728E+00    0.309E+00    0.278E+00    0.134E-01    0.140E-01    0.490E-02    0.490E-02    0.000E+00    0.000E+00    0.000E+00    0.000E+00
     0.500     0.390    0.726E+00    0.308E+00    0.277E+00    0.132E-01    0.139E-01    0.484E-02    0.484E-02    0.000E+00    0.000E+00    0.000E+00    0.000E+00
     0.500     0.391    0.724E+00    0.306E+00    0.276E+00    0.131E-01    0.137E-01    0.479E-02    0.479E-02    0.000E+00    0.000E+00    0.000E+00    0.000E+00
     0.500     0.392    0.723E+00    0.305E+00    0.275E+00    0.130E-01    0.135E-01    0.474E-02    0.474E-02    0.000E+00    0.000E+00    0.000E+00    0.000E+00
     0.500     0.393    0.721E+00    0.304E+00    0.274E+00    0.128E-01    0.134E-01    0.468E-02    0.468E-02    0.000E+00    0.000E+00    0.000E+00    0.000E+00
     0.500     0.394    0.719E+00    0.302E+00    0.273E+00    0.127E-01    0.132E-01    0.463E-02    0.463E-02    0.000E+00    0.000E+00    0.000E+00    0.000E+00
     0.500     0.395    0.718E+00    0.301E+00    0.271E+00    0.125E-01    0.131E-01    0.457E-02    0.457E-02    0.000E+00    0.000E+00    0.000E+00    0.000E+00
     0.500     0.396    0.716E+00    0.300E+00    0.270E+00    0.124E-01    0.129E-01    0.452E-02    0.452E-02    0.000E+00    0.000E+00    0.000E+00    0.000E+00
     0.500     0.397    0.715E+00    0.299E+00    0.269E+00    0.123E-01    0.127E-01    0.447E-02    0.447E-02    0.000E+00    0.000E+00    0.000E+00    0.000E+00
     0.500     0.398    0.713E+00    0.297E+00    0.268E+00    0.121E-01    0.126E-01    0.442E-02    0.442E-02    0.000E+00    0.000E+00    0.000E+00    0.000E+00
     0.500     0.399    0.711E+00    0.296E+00    0.267E+00    0.120E-01    0.124E-01    0.437E-02    0.437E-02    0.000E+00    0.000E+00    0.000E+00    0.000E+00
     0.500     0.400    0.710E+00    0.295E+00    0.266E+00    0.119E-01    0.123E-01    0.432E-02    0.432E-02    0.000E+00    0.000E+00    0.000E+00    0.000E+00
     0.500     0.401    0.708E+00    0.293E+00    0.264E+00    0.117E-01    0.121E-01    0.427E-02    0.427E-02    0.000E+00    0.000E+00    0.000E+00    0.000E+00
     0.500     0.402    0.706E+00    0.292E+00    0.263E+00    0.116E-01    0.120E-01    0.422E-02    0.422E-02    0.000E+00    0.000E+00    0.000E+00    0.000E+00
     0.500     0.403    0.704E+00    0.291E+00    0.262E+00    0.115E-01    0.119E-01    0.417E-02    0.417E-02    0.000E+00    0.000E+00    0.000E+00    0.000E+00
     0.500     0.404    0.703E+00    0.290E+00    0.261E+00    0.113E-01    0.117E-01    0.412E-02    0.412E-02    0.000E+00    0.000E+00    0.000E+00    0.000E+00
     0.500     0.405    0.701E+00    0.288E+00    0.260E+00    0.112E-01    0.116E-01    0.407E-02    0.407E-02    0.000E+00    0.000E+00    0.000E+00    0.000E+00
     0.500     0.406    0.699E+00    0.287E+00    0.259E+00    0.111E-01    0.114E-01    0.402E-02    0.402E-02    0.000E+00    0.000E+00    0.000E+00    0.000E+00
     0.500     0.407    0.698E+00    0.286E+00    0.258E+00    0.109E-01    0.113E-01    0.398E-02    0.398E-02    0.000E+00    0.000E+00    0.000E+00    0.000E+00
     0.500     0.408    0.696E+00    0.284E+00    0.256E+00    0.108E-01    0.112E-01    0.393E-02    0.393E-02    0.000E+00    0.000E+00    0.000E+00    0.000E+00
     0.500     0.409    0.694E+00    0.283E+00    0.255E+00    0.107E-01    0.110E-01    0.388E-02    0.388E-02    0.000E+00    0.000E+00    0.000E+00    0.000E+00
     0.500     0.410    0.692E+00    0.282E+00    0.254E+00    0.106E-01    0.109E-01    0.384E-02    0.384E-02    0.000E+00    0.000E+00    0.000E+00    0.000E+00
     0.500     0.411    0.691E+00    0.280E+00    0.253E+00    0.105E-01    0.108E-01    0.379E-02    0.379E-02    0.000E+00    0.000E+00    0.000E+00    0.000E+00
     0.500     0.412    0.689E+00    0.279E+00    0.252E+00    0.103E-01    0.106E-01    0.375E-02    0.375E-02    0.000E+00    0.000E+00    0.000E+00    0.000E+00
     0.500     0.413    0.687E+00    0.278E+00    0.251E+00    0.102E-01    0.105E-01    0.370E-02    0.370E-02    0.000E+00    0.000E+00    0.000E+00    0.000E+00
     0.500     0.414    0.685E+00    0.276E+00    0.250E+00    0.101E-01    0.104E-01    0.366E-02    0.366E-02    0.000E+00    0.000E+00    0.000E+00    0.000E+00
     0.500     0.415    0.684E+00    0.275E+00    0.248E+00    0.998E-02    0.102E-01    0.361E-02    0.361E-02    0.000E+00    0.000E+00    0.000E+00    0.000E+00
     0.500     0.416    0.682E+00    0.274E+00    0.247E+00    0.986E-02    0.101E-01    0.357E-02    0.357E-02    0.000E+00    0.000E+00    0.000E+00    0.000E+00
     0.500     0.417    0.680E+00    0.272E+00    0.246E+00    0.974E-02    0.998E-02    0.353E-02    0.353E-02    0.000E+00    0.000E+00    0.000E+00    0.000E+00
     0.500     0.418    0.678E+00    0.271E+00    0.245E+00    0.963E-02    0.986E-02    0.348E-02    0.348E-02    0.000E+00    0.000E+00    0.000E+00    0.000E+00
     0.500     0.419    0.676E+00    0.270E+00    0.244E+00    0.952E-02    0.974E-02    0.344E-02    0.344E-02    0.000E+00    0.000E+00    0.000E+00    0.000E+00
     0.500     0.420    0.675E+00    0.268E+00    0.243E+00    0.940E-02    0.962E-02    0.340E-02    0.340E-02    0.000E+00    0.000E+00    0.000E+00    0.000E+00
     0.500     0.421    0.673E+00    0.267E+00    0.242E+00    0.929E-02    0.950E-02    0.336E-02    0.336E-02    0.000E+00    0.000E+00    0.000E+00    0.000E+00
     0.500     0.422    0.671E+00    0.266E+00    0.240E+00    0.918E-02    0.938E-02    0.332E-02    0.332E-02    0.000E+00    0.000E+00    0.000E+00    0.000E+00
     0.500     0.423    0.669E+00    0.264E+00    0.239E+00    0.907E-02    0.926E-02    0.328E-02    0.328E-02    0.000E+00    0.000E+00    0.000E+00    0.000E+00
     0.500     0.424    0.667E+00    0.263E+00    0.238E+00    0.896E-02    0.914E-02    0.324E-02    0.324E-02    0.000E+00    0.000E+00    0.000E+00    0.000E+00
     0.500     0.425    0.666E+00    0.262E+00    0.237E+00    0.885E-02    0.903E-02    0.320E-02    0.320E-02    0.000E+00    0.000E+00    0.000E+00    0.000E+00
     0.500     0.426    0.664E+00    0.260E+00    0.236E+00    0.875E-02    0.892E-02    0.316E-02    0.316E-02    0.000E+00    0.000E+00    0.000E+00    0.000E+00
     0.500     0.427    0.662E+00    0.259E+00    0.235E+00    0.864E-02    0.881E-02    0.312E-02    0.312E-02    0.000E+00    0.000E+00    0.000E+00    0.000E+00
     0.500     0.428    0.660E+00    0.258E+00    0.234E+00    0.854E-02    0.869E-02    0.308E-02    0.308E-02    0.000E+00    0.000E+00    0.000E+00    0.000E+00
     0.500     0.429    0.658E+00    0.256E+00    0.232E+00    0.843E-02    0.858E-02    0.304E-02    0.304E-02    0.000E+00    0.000E+00    0.000E+00    0.000E+00
     0.500     0.430    0.656E+00    0.255E+00    0.231E+00    0.833E-02    0.848E-02    0.301E-02    0.301E-02    0.000E+00    0.000E+00    0.000E+00    0.000E+00
     0.500     0.431    0.654E+00    0.254E+00    0.230E+00    0.823E-02    0.837E-02    0.297E-02    0.297E-02    0.000E+00    0.000E+00    0.000E+00    0.000E+00
     0.500     0.432    0.653E+00    0.252E+00    0.229E+00    0.813E-02    0.826E-02    0.293E-02    0.293E-02    0.000E+00    0.000E+00    0.000E+00    0.000E+00
     0.500     0.433    0.651E+00    0.251E+00    0.228E+00    0.803E-02    0.816E-02    0.290E-02    0.290E-02    0.000E+00    0.000E+00    0.000E+00    0.000E+00
     0.500     0.434    0.649E+00    0.250E+00    0.227E+00    0.793E-02    0.806E-02    0.286E-02    0.286E-02    0.000E+00    0.000E+00    0.000E+00    0.000E+00
     0.500     0.435    0.647E+00    0.248E+00    0.226E+00    0.783E-02    0.795E-02    0.282E-02    0.282E-02    0.000E+00    0.000E+00    0.000E+00    0.000E+00
     0.500     0.436    0.645E+00    0.247E+00    0.225E+00    0.773E-02    0.785E-02    0.279E-02    0.279E-02    0.000E+00    0.000E+00    0.000E+00    0.000E+00
     0.500     0.437    0.643E+00    0.246E+00    0.223E+00    0.764E-02    0.775E-02    0.275E-02    0.275E-02    0.000E+00    0.000E+00    0.000E+00    0.000E+00
     0.500     0.438    0.641E+00    0.244E+00    0.222E+00    0.754E-02    0.765E-02    0.272E-02    0.272E-02    0.000E+00    0.000E+00    0.000E+00    0.000E+00
     0.500     0.439    0.639E+00    0.243E+00    0.221E+00    0.745E-02    0.755E-02    0.268E-02    0.268E-02    0.000E+00    0.000E+00    0.000E+00    0.000E+00
     0.500     0.440    0.638E+00    0.242E+00    0.220E+00    0.736E-02    0.745E-02    0.265E-02    0.265E-02    0.000E+00    0.000E+00    0.000E+00    0.000E+00
     0.500     0.441    0.636E+00    0.241E+00    0.219E+00    0.726E-02    0.736E-02    0.262E-02    0.262E-02    0.000E+00    0.000E+00    0.000E+00    0.000E+00
     0.500     0.442    0.634E+00    0.239E+00    0.218E+00    0.717E-02    0.726E-02    0.258E-02    0.258E-02    0.000E+00    0.000E+00    0.000E+00    0.000E+00
     0.500     0.443    0.632E+00    0.238E+00    0.217E+00    0.708E-02    0.717E-02    0.255E-02    0.255E-02    0.000E+00    0.000E+00    0.000E+00    0.000E+00
     0.500     0.444    0.630E+00    0.237E+00    0.215E+00    0.699E-02    0.708E-02    0.252E-02    0.252E-02    0.000E+00    0.000E+00    0.000E+00    0.000E+00
     0.500     0.445    0.628E+00    0.235E+00    0.214E+00    0.690E-02    0.698E-02    0.249E-02    0.249E-02    0.000E+00    0.000E+00    0.000E+00    0.000E+00
     0.500     0.446    0.626E+00    0.234E+00    0.213E+00    0.682E-02    0.689E-02    0.245E-02    0.245E-02    0.000E+00    0.000E+00    0.000E+00    0.000E+00
     0.500     0.447    0.624E+00    0.233E+00    0.212E+00    0.673E-02    0.680E-02    0.242E-02    0.242E-02    0.000E+00    0.000E+00    0.000E+00    0.000E+00
     0.500     0.448    0.622E+00    0.231E+00    0.211E+00    0.664E-02    0.671E-02    0.239E-02    0.239E-02    0.000E+00    0.000E+00    0.000E+00    0.000E+00
     0.500     0.449    0.620E+00    0.230E+00    0.210E+00    0.656E-02    0.663E-02    0.236E-02    0.236E-02    0.000E+00    0.000E+00    0.000E+00    0.000E+00
     0.500     0.450    0.618E+00    0.229E+00    0.209E+00    0.647E-02    0.654E-02    0.233E-02    0.233E-02    0.000E+00    0.000E+00    0.000E+00    0.000E+00
     0.500     0.451    0.616E+00    0.227E+00    0.208E+00    0.639E-02    0.645E-02    0.230E-02    0.230E-02    0.000E+00    0.000E+00    0.000E+00    0.000E+00
     0.500     0.452    0.614E+00    0.226E+00    0.206E+00    0.631E-02    0.637E-02    0.227E-02    0.227E-02    0.000E+00    0.000E+00    0.000E+00    0.000E+00
     0.500     0.453    0.612E+00    0.225E+00    0.205E+00    0.623E-02    0.628E-02    0.224E-02    0.224E-02    0.000E+00    0.000E+00    0.000E+00    0.000E+00
     0.500     0.454    0.610E+00    0.223E+00    0.204E+00    0.615E-02    0.620E-02    0.221E-02    0.221E-02    0.000E+00    0.000E+00    0.000E+00    0.000E+00
     0.500     0.455    0.608E+00    0.222E+00    0.203E+00    0.607E-02    0.612E-02    0.218E-02    0.218E-02    0.000E+00    0.000E+00    0.000E+00    0.000E+00
     0.500     0.456    0.607E+00    0.221E+00    0.202E+00    0.599E-02    0.604E-02    0.215E-02    0.215E-02    0.000E+00    0.000E+00    0.000E+00    0.000E+00
     0.500     0.457    0.605E+00    0.219E+00    0.201E+00    0.591E-02    0.596E-02    0.212E-02    0.212E-02    0.000E+00    0.000E+00    0.000E+00    0.000E+00
     0.500     0.458    0.603E+00    0.218E+00    0.200E+00    0.583E-02    0.588E-02    0.210E-02    0.210E-02    0.000E+00    0.000E+00    0.000E+00    0.000E+00
     0.500     0.459    0.601E+00    0.217E+00    0.199E+00    0.575E-02    0.580E-02    0.207E-02    0.207E-02    0.000E+00    0.000E+00    0.000E+00    0.000E+00
     0.500     0.460    0.599E+00    0.215E+00    0.198E+00    0.568E-02    0.572E-02    0.204E-02    0.204E-02    0.000E+00    0.000E+00    0.000E+00    0.000E+00
     0.500     0.461    0.597E+00    0.214E+00    0.196E+00    0.560E-02    0.564E-02    0.201E-02    0.201E-02    0.000E+00    0.000E+00    0.000E+00    0.000E+00
     0.500     0.462    0.595E+00    0.213E+00    0.195E+00    0.553E-02    0.557E-02    0.199E-02    0.199E-02    0.000E+00    0.000E+00    0.000E+00    0.000E+00
     0.500     0.463    0.593E+00    0.212E+00    0.194E+00    0.546E-02    0.549E-02    0.196E-02    0.196E-02    0.000E+00    0.000E+00    0.000E+00    0.000E+00
     0.500     0.464    0.591E+00    0.210E+00    0.193E+00    0.538E-02    0.542E-02    0.194E-02    0.194E-02    0.000E+00    0.000E+00    0.000E+00    0.000E+00
     0.500     0.465    0.589E+00    0.209E+00    0.192E+00    0.531E-02    0.535E-02    0.191E-02    0.191E-02    0.000E+00    0.000E+00    0.000E+00    0.000E+00
     0.500     0.466    0.587E+00    0.208E+00    0.191E+00    0.524E-02    0.527E-02    0.188E-02    0.188E-02    0.000E+00    0.000E+00    0.000E+00    0.000E+00
     0.500     0.467    0.585E+00    0.206E+00    0.190E+00    0.517E-02    0.520E-02    0.186E-02    0.186E-02    0.000E+00    0.000E+00    0.000E+00    0.000E+00
     0.500     0.468    0.583E+00    0.205E+00    0.189E+00    0.510E-02    0.513E-02    0.183E-02    0.183E-02    0.000E+00    0.000E+00    0.000E+00    0.000E+00
     0.500     0.469    0.581E+00    0.204E+00    0.187E+00    0.503E-02    0.506E-02    0.181E-02    0.181E-02    0.000E+00    0.000E+00    0.000E+00    0.000E+00
     0.500     0.470    0.579E+00    0.203E+00    0.186E+00    0.496E-02    0.499E-02    0.178E-02    0.178E-02    0.000E+00    0.000E+00    0.000E+00    0.000E+00
     0.500     0.471    0.577E+00    0.201E+00    0.185E+00    0.490E-02    0.492E-02    0.176E-02    0.176E-02    0.000E+00    0.000E+00    0.000E+00    0.000E+00
     0.500     0.472    0.575E+00    0.200E+00    0.184E+00    0.483E-02    0.486E-02    0.174E-02    0.174E-02    0.000E+00    0.000E+00    0.000E+00    0.000E+00
     0.500     0.473    0.573E+00    0.199E+00    0.183E+00    0.476E-02    0.479E-02    0.171E-02    0.171E-02    0.000E+00    0.000E+00    0.000E+00    0.000E+00
     0.500     0.474    0.571E+00    0.197E+00    0.182E+00    0.470E-02    0.472E-02    0.169E-02    0.169E-02    0.000E+00    0.000E+00    0.000E+00    0.000E+00
     0.500     0.475    0.569E+00    0.196E+00    0.181E+00    0.463E-02    0.466E-02    0.167E-02    0.167E-02    0.000E+00    0.000E+00    0.000E+00    0.000E+00
     0.500     0.476    0.567E+00    0.195E+00    0.180E+00    0.457E-02    0.459E-02    0.164E-02    0.164E-02    0.000E+00    0.000E+00    0.000E+00    0.000E+00
     0.500     0.477    0.564E+00    0.194E+00    0.179E+00    0.451E-02    0.453E-02    0.162E-02    0.162E-02    0.000E+00    0.000E+00    0.000E+00    0.000E+00
     0.500     0.478    0.562E+00    0.192E+00    0.178E+00    0.445E-02    0.447E-02    0.160E-02    0.160E-02    0.000E+00    0.000E+00    0.000E+00    0.000E+00
     0.500     0.479    0.560E+00    0.191E+00    0.176E+00    0.439E-02    0.440E-02    0.158E-02    0.158E-02    0.000E+00    0.000E+00    0.000E+00    0.000E+00
     0.500     0.480    0.558E+00    0.190E+00    0.175E+00    0.432E-02    0.434E-02    0.155E-02    0.155E-02    0.000E+00    0.000E+00    0.000E+00    0.000E+00
     0.500     0.481    0.556E+00    0.189E+00    0.174E+00    0.426E-02    0.428E-02    0.153E-02    0.153E-02    0.000E+00    0.000E+00    0.000E+00    0.000E+00
     0.500     0.482    0.554E+00    0.187E+00    0.173E+00    0.420E-02    0.422E-02    0.151E-02    0.151E-02    0.000E+00    0.000E+00    0.000E+00    0.000E+00
     0.500     0.483    0.552E+00    0.186E+00    0.172E+00    0.415E-02    0.416E-02    0.149E-02    0.149E-02    0.000E+00    0.000E+00    0.000E+00    0.000E+00
     0.500     0.484    0.550E+00    0.185E+00    0.171E+00    0.409E-02    0.410E-02    0.147E-02    0.147E-02    0.000E+00    0.000E+00    0.000E+00    0.000E+00
     0.500     0.485    0.548E+00    0.184E+00    0.170E+00    0.403E-02    0.405E-02    0.145E-02    0.145E-02    0.000E+00    0.000E+00    0.000E+00    0.000E+00
     0.500     0.486    0.546E+00    0.182E+00    0.169E+00    0.397E-02    0.399E-02    0.143E-02    0.143E-02    0.000E+00    0.000E+00    0.000E+00    0.000E+00
     0.500     0.487    0.544E+00    0.181E+00    0.168E+00    0.392E-02    0.393E-02    0.141E-02    0.141E-02    0.000E+00    0.000E+00    0.000E+00    0.000E+00
     0.500     0.488    0.542E+00    0.180E+00    0.167E+00    0.386E-02    0.388E-02    0.139E-02    0.139E-02    0.000E+00    0.000E+00    0.000E+00    0.000E+00
     0.500     0.489    0.540E+00    0.179E+00    0.165E+00    0.381E-02    0.382E-02    0.137E-02    0.137E-02    0.000E+00    0.000E+00    0.000E+00    0.000E+00
     0.500     0.490    0.538E+00    0.177E+00    0.164E+00    0.375E-02    0.377E-02    0.135E-02    0.135E-02    0.000E+00    0.000E+00    0.000E+00    0.000E+00
     0.500     0.491    0.536E+00    0.176E+00    0.163E+00    0.370E-02    0.371E-02    0.133E-02    0.133E-02    0.000E+00    0.000E+00    0.000E+00    0.000E+00
     0.500     0.492    0.534E+00    0.175E+00    0.162E+00    0.365E-02    0.366E-02    0.131E-02    0.131E-02    0.000E+00    0.000E+00    0.000E+00    0.000E+00
     0.500     0.493    0.532E+00    0.174E+00    0.161E+00    0.360E-02    0.361E-02    0.129E-02    0.129E-02    0.000E+00    0.000E+00    0.000E+00    0.000E+00
     0.500     0.494    0.530E+00    0.172E+00    0.160E+00    0.354E-02    0.355E-02    0.128E-02    0.128E-02    0.000E+00    0.000E+00    0.000E+00    0.000E+00
     0.500     0.495    0.528E+00    0.171E+00    0.159E+00    0.349E-02    0.350E-02    0.126E-02    0.126E-02    0.000E+00    0.000E+00    0.000E+00    0.000E+00
     0.500     0.496    0.526E+00    0.170E+00    0.158E+00    0.344E-02    0.345E-02    0.124E-02    0.124E-02    0.000E+00    0.000E+00    0.000E+00    0.000E+00
     0.500     0.497    0.524E+00    0.169E+00    0.157E+00    0.339E-02    0.340E-02    0.122E-02    0.122E-02    0.000E+00    0.000E+00    0.000E+00    0.000E+00
     0.500     0.498    0.521E+00    0.168E+00    0.156E+00    0.334E-02    0.335E-02    0.120E-02    0.120E-02    0.000E+00    0.000E+00    0.000E+00    0.000E+00
     0.500     0.499    0.519E+00    0.166E+00    0.155E+00    0.330E-02    0.330E-02    0.119E-02    0.119E-02    0.000E+00    0.000E+00    0.000E+00    0.000E+00
     0.500     0.500    0.517E+00    0.165E+00    0.154E+00    0.325E-02    0.326E-02    0.117E-02    0.117E-02    0.000E+00    0.000E+00    0.000E+00    0.000E+00
     0.500     0.501    0.515E+00    0.164E+00    0.153E+00    0.320E-02    0.321E-02    0.115E-02    0.115E-02    0.000E+00    0.000E+00    0.000E+00    0.000E+00
     0.500     0.502    0.513E+00    0.163E+00    0.152E+00    0.315E-02    0.316E-02    0.114E-02    0.114E-02    0.000E+00    0.000E+00    0.000E+00    0.000E+00
     0.500     0.503    0.511E+00    0.162E+00    0.150E+00    0.311E-02    0.311E-02    0.112E-02    0.112E-02    0.000E+00    0.000E+00    0.000E+00    0.000E+00
     0.500     0.504    0.509E+00    0.160E+00    0.149E+00    0.306E-02    0.307E-02    0.110E-02    0.110E-02    0.000E+00    0.000E+00    0.000E+00    0.000E+00
     0.500     0.505    0.507E+00    0.159E+00    0.148E+00    0.302E-02    0.302E-02    0.109E-02    0.109E-02    0.000E+00    0.000E+00    0.000E+00    0.000E+00
     0.500     0.506    0.505E+00    0.158E+00    0.147E+00    0.297E-02    0.298E-02    0.107E-02    0.107E-02    0.000E+00    0.000E+00    0.000E+00    0.000E+00
     0.500     0.507    0.503E+00    0.157E+00    0.146E+00    0.293E-02    0.293E-02    0.106E-02    0.106E-02    0.000E+00    0.000E+00    0.000E+00    0.000E+00
     0.500     0.508    0.501E+00    0.156E+00    0.145E+00    0.289E-02    0.289E-02    0.104E-02    0.104E-02    0.000E+00    0.000E+00    0.000E+00    0.000E+00
     0.500     0.509    0.499E+00    0.155E+00    0.144E+00    0.284E-02    0.285E-02    0.102E-02    0.102E-02    0.000E+00    0.000E+00    0.000E+00    0.000E+00
     0.500     0.510    0.497E+00    0.153E+00    0.143E+00    0.280E-02    0.280E-02    0.101E-02    0.101E-02    0.000E+00    0.000E+00    0.000E+00    0.000E+00
     0.500     0.511    0.495E+00    0.152E+00    0.142E+00    0.276E-02    0.276E-02    0.994E-03    0.994E-03    0.000E+00    0.000E+00    0.000E+00    0.000E+00
     0.500     0.512    0.492E+00    0.151E+00    0.141E+00    0.272E-02    0.272E-02    0.979E-03    0.979E-03    0.000E+00    0.000E+00    0.000E+00    0.000E+00
     0.500     0.513    0.490E+00    0.150E+00    0.140E+00    0.268E-02    0.268E-02    0.965E-03    0.965E-03    0.000E+00    0.000E+00    0.000E+00    0.000E+00
     0.500     0.514    0.488E+00    0.149E+00    0.139E+00    0.264E-02    0.264E-02    0.951E-03    0.951E-03    0.000E+00    0.000E+00    0.000E+00    0.000E+00
     0.500     0.515    0.486E+00    0.148E+00    0.138E+00    0.260E-02    0.260E-02    0.936E-03    0.936E-03    0.000E+00    0.000E+00    0.000E+00    0.000E+00
     0.500     0.516    0.484E+00    0.147E+00    0.137E+00    0.256E-02    0.256E-02    0.922E-03    0.922E-03    0.000E+00    0.000E+00    0.000E+00    0.000E+00
     0.500     0.517    0.482E+00    0.145E+00    0.136E+00    0.252E-02    0.252E-02    0.909E-03    0.909E-03    0.000E+00    0.000E+00    0.000E+00    0.000E+00
     0.500     0.518    0.480E+00    0.144E+00    0.135E+00    0.248E-02    0.248E-02    0.895E-03    0.895E-03    0.000E+00    0.000E+00    0.000E+00    0.000E+00
     0.500     0.519    0.478E+00    0.143E+00    0.134E+00    0.244E-02    0.245E-02    0.881E-03    0.881E-03    0.000E+00    0.000E+00    0.000E+00    0.000E+00
     0.500     0.520    0.476E+00    0.142E+00    0.133E+00    0.241E-02    0.241E-02    0.868E-03    0.868E-03    0.000E+00    0.000E+00    0.000E+00    0.000E+00
     0.500     0.521    0.474E+00    0.141E+00    0.132E+00    0.237E-02    0.237E-02    0.855E-03    0.855E-03    0.000E+00    0.000E+00    0.000E+00    0.000E+00
     0.500     0.522    0.472E+00    0.140E+00    0.131E+00    0.233E-02    0.233E-02    0.842E-03    0.842E-03    0.000E+00    0.000E+00    0.000E+00    0.000E+00
     0.500     0.523    0.470E+00    0.139E+00    0.130E+00    0.230E-02    0.230E-02    0.829E-03    0.829E-03    0.000E+00    0.000E+00    0.000E+00    0.000E+00
     0.500     0.524    0.468E+00    0.138E+00    0.129E+00    0.226E-02    0.226E-02    0.817E-03    0.817E-03    0.000E+00    0.000E+00    0.000E+00    0.000E+00
     0.500     0.525    0.465E+00    0.137E+00    0.128E+00    0.223E-02    0.223E-02    0.804E-03    0.804E-03    0.000E+00    0.000E+00    0.000E+00    0.000E+00
     0.500     0.526    0.463E+00    0.136E+00    0.127E+00    0.219E-02    0.219E-02    0.792E-03    0.792E-03    0.000E+00    0.000E+00    0.000E+00    0.000E+00
     0.500     0.527    0.461E+00    0.134E+00    0.126E+00    0.216E-02    0.216E-02    0.780E-03    0.780E-03    0.000E+00    0.000E+00    0.000E+00    0.000E+00
     0.500     0.528    0.459E+00    0.133E+00    0.125E+00    0.212E-02    0.213E-02    0.768E-03    0.768E-03    0.000E+00    0.000E+00    0.000E+00    0.000E+00
     0.500     0.529    0.457E+00    0.132E+00    0.124E+00    0.209E-02    0.209E-02    0.756E-03    0.756E-03    0.000E+00    0.000E+00    0.000E+00    0.000E+00
     0.500     0.530    0.455E+00    0.131E+00    0.123E+00    0.206E-02    0.206E-02    0.744E-03    0.744E-03    0.000E+00    0.000E+00    0.000E+00    0.000E+00
     0.500     0.531    0.453E+00    0.130E+00    0.122E+00    0.203E-02    0.203E-02    0.732E-03    0.732E-03    0.000E+00    0.000E+00    0.000E+00    0.000E+00
     0.500     0.532    0.451E+00    0.129E+00    0.121E+00    0.199E-02    0.200E-02    0.721E-03    0.721E-03    0.000E+00    0.000E+00    0.000E+00    0.000E+00
     0.500     0.533    0.449E+00    0.128E+00    0.120E+00    0.196E-02    0.196E-02    0.710E-03    0.710E-03    0.000E+00    0.000E+00    0.000E+00    0.000E+00
     0.500     0.534    0.447E+00    0.127E+00    0.119E+00    0.193E-02    0.193E-02    0.699E-03    0.699E-03    0.000E+00    0.000E+00    0.000E+00    0.000E+00
     0.500     0.535    0.445E+00    0.126E+00    0.118E+00    0.190E-02    0.190E-02    0.688E-03    0.688E-03    0.000E+00    0.000E+00    0.000E+00    0.000E+00
     0.500     0.536    0.443E+00    0.125E+00    0.117E+00    0.187E-02    0.187E-02    0.677E-03    0.677E-03    0.000E+00    0.000E+00    0.000E+00    0.000E+00
     0.500     0.537    0.441E+00    0.124E+00    0.116E+00    0.184E-02    0.184E-02    0.666E-03    0.666E-03    0.000E+00    0.000E+00    0.000E+00    0.000E+00
     0.500     0.538    0.439E+00    0.123E+00    0.115E+00    0.181E-02    0.181E-02    0.656E-03    0.656E-03    0.000E+00    0.000E+00    0.000E+00    0.000E+00
     0.500     0.539    0.437E+00    0.122E+00    0.114E+00    0.178E-02    0.178E-02    0.646E-03    0.646E-03    0.000E+00    0.000E+00    0.000E+00    0.000E+00
     0.500     0.540    0.434E+00    0.121E+00    0.113E+00    0.175E-02    0.176E-02    0.636E-03    0.636E-03    0.000E+00    0.000E+00    0.000E+00    0.000E+00
     0.500     0.541    0.432E+00    0.120E+00    0.112E+00    0.173E-02    0.173E-02    0.625E-03    0.625E-03    0.000E+00    0.000E+00    0.000E+00    0.000E+00
     0.500     0.542    0.430E+00    0.119E+00    0.111E+00    0.170E-02    0.170E-02    0.616E-03    0.616E-03    0.000E+00    0.000E+00    0.000E+00    0.000E+00
     0.500     0.543    0.428E+00    0.118E+00    0.110E+00    0.167E-02    0.167E-02    0.606E-03    0.606E-03    0.000E+00    0.000E+00    0.000E+00    0.000E+00
     0.500     0.544    0.426E+00    0.117E+00    0.109E+00    0.164E-02    0.164E-02    0.596E-03    0.596E-03    0.000E+00    0.000E+00    0.000E+00    0.000E+00
     0.500     0.545    0.424E+00    0.116E+00    0.109E+00    0.162E-02    0.162E-02    0.586E-03    0.586E-03    0.000E+00    0.000E+00    0.000E+00    0.000E+00
     0.500     0.546    0.422E+00    0.115E+00    0.108E+00    0.159E-02    0.159E-02    0.577E-03    0.577E-03    0.000E+00    0.000E+00    0.000E+00    0.000E+00
     0.500     0.547    0.420E+00    0.114E+00    0.107E+00    0.156E-02    0.157E-02    0.568E-03    0.568E-03    0.000E+00    0.000E+00    0.000E+00    0.000E+00
     0.500     0.548    0.418E+00    0.113E+00    0.106E+00    0.154E-02    0.154E-02    0.559E-03    0.559E-03    0.000E+00    0.000E+00    0.000E+00    0.000E+00
     0.500     0.549    0.416E+00    0.112E+00    0.105E+00    0.151E-02    0.151E-02    0.550E-03    0.550E-03    0.000E+00    0.000E+00    0.000E+00    0.000E+00
     0.500     0.550    0.414E+00    0.111E+00    0.104E+00    0.149E-02    0.149E-02    0.541E-03    0.541E-03    0.000E+00    0.000E+00    0.000E+00    0.000E+00
     0.500     0.551    0.412E+00    0.110E+00    0.103E+00    0.146E-02    0.147E-02    0.532E-03    0.532E-03    0.000E+00    0.000E+00    0.000E+00    0.000E+00
     0.500     0.552    0.410E+00    0.109E+00    0.102E+00    0.144E-02    0.144E-02    0.523E-03    0.523E-03    0.000E+00    0.000E+00    0.000E+00    0.000E+00
     0.500     0.553    0.408E+00    0.108E+00    0.101E+00    0.142E-02    0.142E-02    0.515E-03    0.515E-03    0.000E+00    0.000E+00    0.000E+00    0.000E+00
     0.500     0.554    0.406E+00    0.107E+00    0.100E+00    0.139E-02    0.139E-02    0.506E-03    0.506E-03    0.000E+00    0.000E+00    0.000E+00    0.000E+00
     0.500     0.555    0.404E+00    0.106E+00    0.994E-01    0.137E-02    0.137E-02    0.498E-03    0.498E-03    0.000E+00    0.000E+00    0.000E+00    0.000E+00
     0.500     0.556    0.402E+00    0.105E+00    0.985E-01    0.135E-02    0.135E-02    0.490E-03    0.490E-03    0.000E+00    0.000E+00    0.000E+00    0.000E+00
     0.500     0.557    0.400E+00    0.104E+00    0.976E-01    0.132E-02    0.132E-02    0.482E-03    0.482E-03    0.000E+00    0.000E+00    0.000E+00    0.000E+00
     0.500     0.558    0.398E+00    0.103E+00    0.967E-01    0.130E-02    0.130E-02    0.474E-03    0.474E-03    0.000E+00    0.000E+00    0.000E+00    0.000E+00
     0.500     0.559    0.396E+00    0.102E+00    0.959E-01    0.128E-02    0.128E-02    0.466E-03    0.466E-03    0.000E+00    0.000E+00    0.000E+00    0.000E+00
     0.500     0.560    0.394E+00    0.101E+00    0.950E-01    0.126E-02    0.126E-02    0.458E-03    0.458E-03    0.000E+00    0.000E+00    0.000E+00    0.000E+00
     0.500     0.561    0.391E+00    0.100E+00    0.941E-01    0.124E-02    0.124E-02    0.451E-03    0.451E-03    0.000E+00    0.000E+00    0.000E+00    0.000E+00
     0.500     0.562    0.389E+00    0.995E-01    0.932E-01    0.122E-02    0.122E-02    0.443E-03    0.443E-03    0.000E+00    0.000E+00    0.000E+00    0.000E+00
     0.500     0.563    0.387E+00    0.985E-01    0.924E-01    0.120E-02    0.120E-02    0.436E-03    0.436E-03    0.000E+00    0.000E+00    0.000E+00    0.000E+00
     0.500     0.564    0.385E+00    0.976E-01    0.915E-01    0.118E-02    0.118E-02    0.429E-03    0.429E-03    0.000E+00    0.000E+00    0.000E+00    0.000E+00
     0.500     0.565    0.383E+00    0.967E-01    0.907E-01    0.116E-02    0.116E-02    0.421E-03    0.421E-03    0.000E+00    0.000E+00    0.000E+00    0.000E+00
     0.500     0.566    0.381E+00    0.959E-01    0.898E-01    0.114E-02    0.114E-02    0.414E-03    0.414E-03    0.000E+00    0.000E+00    0.000E+00    0.000E+00
     0.500     0.567    0.379E+00    0.950E-01    0.890E-01    0.112E-02    0.112E-02    0.407E-03    0.407E-03    0.000E+00    0.000E+00    0.000E+00    0.000E+00
     0.500     0.568    0.377E+00    0.941E-01    0.881E-01    0.110E-02    0.110E-02    0.400E-03    0.400E-03    0.000E+00    0.000E+00    0.000E+00    0.000E+00
     0.500     0.569    0.375E+00    0.932E-01    0.873E-01    0.108E-02    0.108E-02    0.394E-03    0.394E-03    0.000E+00    0.000E+00    0.000E+00    0.000E+00
     0.500     0.570    0.373E+00    0.923E-01    0.864E-01    0.106E-02    0.106E-02    0.387E-03    0.387E-03    0.000E+00    0.000E+00    0.000E+00    0.000E+00
     0.500     0.571    0.371E+00    0.915E-01    0.856E-01    0.104E-02    0.104E-02    0.380E-03    0.380E-03    0.000E+00    0.000E+00    0.000E+00    0.000E+00
     0.500     0.572    0.369E+00    0.906E-01    0.848E-01    0.102E-02    0.102E-02    0.374E-03    0.374E-03    0.000E+00    0.000E+00    0.000E+00    0.000E+00
     0.500     0.573    0.367E+00    0.897E-01    0.840E-01    0.101E-02    0.101E-02    0.367E-03    0.367E-03    0.000E+00    0.000E+00    0.000E+00    0.000E+00
     0.500     0.574    0.365E+00    0.889E-01    0.831E-01    0.988E-03    0.988E-03    0.361E-03    0.361E-03    0.000E+00    0.000E+00    0.000E+00    0.000E+00
     0.500     0.575    0.363E+00    0.880E-01    0.823E-01    0.971E-03    0.971E-03    0.355E-03    0.355E-03    0.000E+00    0.000E+00    0.000E+00    0.000E+00
     0.500     0.576    0.361E+00    0.872E-01    0.815E-01    0.954E-03    0.954E-03    0.349E-03    0.349E-03    0.000E+00    0.000E+00    0.000E+00    0.000E+00
     0.500     0.577    0.359E+00    0.864E-01    0.807E-01    0.937E-03    0.937E-03    0.343E-03    0.343E-03    0.000E+00    0.000E+00    0.000E+00    0.000E+00
     0.500     0.578    0.357E+00    0.855E-01    0.799E-01    0.920E-03    0.920E-03    0.337E-03    0.337E-03    0.000E+00    0.000E+00    0.000E+00    0.000E+00
     0.500     0.579    0.355E+00    0.847E-01    0.791E-01    0.904E-03    0.904E-03    0.331E-03    0.331E-03    0.000E+00    0.000E+00    0.000E+00    0.000E+00
     0.500     0.580    0.353E+00    0.839E-01    0.783E-01    0.888E-03    0.888E-03    0.325E-03    0.325E-03    0.000E+00    0.000E+00    0.000E+00    0.000E+00
     0.500     0.581    0.351E+00    0.831E-01    0.775E-01    0.872E-03    0.872E-03    0.320E-03    0.320E-03    0.000E+00    0.000E+00    0.000E+00    0.000E+00
     0.500     0.582    0.349E+00    0.823E-01    0.768E-01    0.857E-03    0.857E-03    0.314E-03    0.314E-03    0.000E+00    0.000E+00    0.000E+00    0.000E+00
     0.500     0.583    0.347E+00    0.815E-01    0.760E-01    0.841E-03    0.842E-03    0.309E-03    0.309E-03    0.000E+00    0.000E+00    0.000E+00    0.000E+00
     0.500     0.584    0.346E+00    0.807E-01    0.752E-01    0.826E-03    0.827E-03    0.303E-03    0.303E-03    0.000E+00    0.000E+00    0.000E+00    0.000E+00
     0.500     0.585    0.344E+00    0.799E-01    0.744E-01    0.812E-03    0.812E-03    0.298E-03    0.298E-03    0.000E+00    0.000E+00    0.000E+00    0.000E+00
     0.500     0.586    0.342E+00    0.791E-01    0.737E-01    0.797E-03    0.797E-03    0.293E-03    0.293E-03    0.000E+00    0.000E+00    0.000E+00    0.000E+00
     0.500     0.587    0.340E+00    0.783E-01    0.729E-01    0.783E-03    0.783E-03    0.287E-03    0.287E-03    0.000E+00    0.000E+00    0.000E+00    0.000E+00
     0.500     0.588    0.338E+00    0.775E-01    0.722E-01    0.768E-03    0.769E-03    0.282E-03    0.282E-03    0.000E+00    0.000E+00    0.000E+00    0.000E+00
     0.500     0.589    0.336E+00    0.767E-01    0.714E-01    0.754E-03    0.755E-03    0.277E-03    0.277E-03    0.000E+00    0.000E+00    0.000E+00    0.000E+00
     0.500     0.590    0.334E+00    0.760E-01    0.707E-01    0.741E-03    0.741E-03    0.272E-03    0.272E-03    0.000E+00    0.000E+00    0.000E+00    0.000E+00
     0.500     0.591    0.332E+00    0.752E-01    0.699E-01    0.727E-03    0.727E-03    0.267E-03    0.267E-03    0.000E+00    0.000E+00    0.000E+00    0.000E+00
     0.500     0.592    0.330E+00    0.744E-01    0.692E-01    0.714E-03    0.714E-03    0.263E-03    0.263E-03    0.000E+00    0.000E+00    0.000E+00    0.000E+00
     0.500     0.593    0.328E+00    0.737E-01    0.684E-01    0.701E-03    0.701E-03    0.258E-03    0.258E-03    0.000E+00    0.000E+00    0.000E+00    0.000E+00
     0.500     0.594    0.326E+00    0.729E-01    0.677E-01    0.688E-03    0.688E-03    0.253E-03    0.253E-03    0.000E+00    0.000E+00    0.000E+00    0.000E+00
     0.500     0.595    0.324E+00    0.722E-01    0.670E-01    0.675E-03    0.675E-03    0.249E-03    0.249E-03    0.000E+00    0.000E+00    0.000E+00    0.000E+00
     0.500     0.596    0.322E+00    0.715E-01    0.663E-01    0.663E-03    0.663E-03    0.244E-03    0.244E-03    0.000E+00    0.000E+00    0.000E+00    0.000E+00
     0.500     0.597    0.320E+00    0.707E-01    0.656E-01    0.650E-03    0.650E-03    0.240E-03    0.240E-03    0.000E+00    0.000E+00    0.000E+00    0.000E+00
     0.500     0.598    0.318E+00    0.700E-01    0.648E-01    0.638E-03    0.638E-03    0.235E-03    0.235E-03    0.000E+00    0.000E+00    0.000E+00    0.000E+00
     0.500     0.599    0.316E+00    0.693E-01    0.641E-01    0.626E-03    0.626E-03    0.231E-03    0.231E-03    0.000E+00    0.000E+00    0.000E+00    0.000E+00
     0.500     0.600    0.315E+00    0.686E-01    0.634E-01    0.615E-03    0.615E-03    0.227E-03    0.227E-03    0.000E+00    0.000E+00    0.000E+00    0.000E+00
     0.500     0.601    0.313E+00    0.678E-01    0.627E-01    0.603E-03    0.603E-03    0.223E-03    0.223E-03    0.000E+00    0.000E+00    0.000E+00    0.000E+00
     0.500     0.602    0.311E+00    0.671E-01    0.620E-01    0.592E-03    0.592E-03    0.219E-03    0.219E-03    0.000E+00    0.000E+00    0.000E+00    0.000E+00
     0.500     0.603    0.309E+00    0.664E-01    0.614E-01    0.581E-03    0.581E-03    0.215E-03    0.215E-03    0.000E+00    0.000E+00    0.000E+00    0.000E+00
     0.500     0.604    0.307E+00    0.657E-01    0.607E-01    0.570E-03    0.570E-03    0.211E-03    0.211E-03    0.000E+00    0.000E+00    0.000E+00    0.000E+00
     0.500     0.605    0.305E+00    0.650E-01    0.600E-01    0.559E-03    0.559E-03    0.207E-03    0.207E-03    0.000E+00    0.000E+00    0.000E+00    0.000E+00
     0.500     0.606    0.303E+00    0.644E-01    0.593E-01    0.548E-03    0.548E-03    0.203E-03    0.203E-03    0.000E+00    0.000E+00    0.000E+00    0.000E+00
     0.500     0.607    0.301E+00    0.637E-01    0.587E-01    0.538E-03    0.538E-03    0.199E-03    0.199E-03    0.000E+00    0.000E+00    0.000E+00    0.000E+00
     0.500     0.608    0.299E+00    0.630E-01    0.580E-01    0.528E-03    0.528E-03    0.195E-03    0.195E-03    0.000E+00    0.000E+00    0.000E+00    0.000E+00
     0.500     0.609    0.297E+00    0.623E-01    0.573E-01    0.518E-03    0.518E-03    0.192E-03    0.192E-03    0.000E+00    0.000E+00    0.000E+00    0.000E+00
     0.500     0.610    0.296E+00    0.617E-01    0.567E-01    0.508E-03    0.508E-03    0.188E-03    0.188E-03    0.000E+00    0.000E+00    0.000E+00    0.000E+00
     0.500     0.611    0.294E+00    0.610E-01    0.560E-01    0.498E-03    0.498E-03    0.185E-03    0.185E-03    0.000E+00    0.000E+00    0.000E+00    0.000E+00
     0.500     0.612    0.292E+00    0.603E-01    0.554E-01    0.488E-03    0.488E-03    0.181E-03    0.181E-03    0.000E+00    0.000E+00    0.000E+00    0.000E+00
     0.500     0.613    0.290E+00    0.597E-01    0.547E-01    0.479E-03    0.479E-03    0.178E-03    0.178E-03    0.000E+00    0.000E+00    0.000E+00    0.000E+00
     0.500     0.614    0.288E+00    0.590E-01    0.541E-01    0.469E-03    0.470E-03    0.174E-03    0.174E-03    0.000E+00    0.000E+00    0.000E+00    0.000E+00
     0.500     0.615    0.286E+00    0.584E-01    0.535E-01    0.460E-03    0.460E-03    0.171E-03    0.171E-03    0.000E+00    0.000E+00    0.000E+00    0.000E+00
     0.500     0.616    0.284E+00    0.578E-01    0.528E-01    0.451E-03    0.451E-03    0.168E-03    0.168E-03    0.000E+00    0.000E+00    0.000E+00    0.000E+00
     0.500     0.617    0.283E+00    0.571E-01    0.522E-01    0.442E-03    0.442E-03    0.165E-03    0.165E-03    0.000E+00    0.000E+00    0.000E+00    0.000E+00
     0.500     0.618    0.281E+00    0.565E-01    0.516E-01    0.434E-03    0.434E-03    0.161E-03    0.161E-03    0.000E+00    0.000E+00    0.000E+00    0.000E+00
     0.500     0.619    0.279E+00    0.559E-01    0.510E-01    0.425E-03    0.425E-03    0.158E-03    0.158E-03    0.000E+00    0.000E+00    0.000E+00    0.000E+00
     0.500     0.620    0.277E+00    0.553E-01    0.504E-01    0.417E-03    0.417E-03    0.155E-03    0.155E-03    0.000E+00    0.000E+00    0.000E+00    0.000E+00
     0.500     0.621    0.275E+00    0.547E-01    0.498E-01    0.409E-03    0.409E-03    0.152E-03    0.152E-03    0.000E+00    0.000E+00    0.000E+00    0.000E+00
     0.500     0.622    0.274E+00    0.541E-01    0.492E-01    0.401E-03    0.401E-03    0.149E-03    0.149E-03    0.000E+00    0.000E+00    0.000E+00    0.000E+00
     0.500     0.623    0.272E+00    0.535E-01    0.486E-01    0.393E-03    0.393E-03    0.146E-03    0.146E-03    0.000E+00    0.000E+00    0.000E+00    0.000E+00
     0.500     0.624    0.270E+00    0.529E-01    0.480E-01    0.385E-03    0.385E-03    0.144E-03    0.144E-03    0.000E+00    0.000E+00    0.000E+00    0.000E+00
     0.500     0.625    0.268E+00    0.523E-01    0.474E-01    0.377E-03    0.377E-03    0.141E-03    0.141E-03    0.000E+00    0.000E+00    0.000E+00    0.000E+00
     0.500     0.626    0.266E+00    0.517E-01    0.468E-01    0.370E-03    0.370E-03    0.138E-03    0.138E-03    0.000E+00    0.000E+00    0.000E+00    0.000E+00
     0.500     0.627    0.264E+00    0.511E-01    0.462E-01    0.362E-03    0.362E-03    0.135E-03    0.135E-03    0.000E+00    0.000E+00    0.000E+00    0.000E+00
     0.500     0.628    0.263E+00    0.505E-01    0.457E-01    0.355E-03    0.355E-03    0.133E-03    0.133E-03    0.000E+00    0.000E+00    0.000E+00    0.000E+00
     0.500     0.629    0.261E+00    0.500E-01    0.451E-01    0.348E-03    0.348E-03    0.130E-03    0.130E-03    0.000E+00    0.000E+00    0.000E+00    0.000E+00
     0.500     0.630    0.259E+00    0.494E-01    0.445E-01    0.341E-03    0.341E-03    0.128E-03    0.128E-03    0.000E+00    0.000E+00    0.000E+00    0.000E+00
     0.500     0.631    0.257E+00    0.488E-01    0.440E-01    0.334E-03    0.334E-03    0.125E-03    0.125E-03    0.000E+00    0.000E+00    0.000E+00    0.000E+00
     0.500     0.632    0.256E+00    0.483E-01    0.434E-01    0.327E-03    0.327E-03    0.123E-03    0.123E-03    0.000E+00    0.000E+00    0.000E+00    0.000E+00
     0.500     0.633    0.254E+00    0.477E-01    0.429E-01    0.320E-03    0.320E-03    0.120E-03    0.120E-03    0.000E+00    0.000E+00    0.000E+00    0.000E+00
     0.500     0.634    0.252E+00    0.472E-01    0.423E-01    0.314E-03    0.314E-03    0.118E-03    0.118E-03    0.000E+00    0.000E+00    0.000E+00    0.000E+00
     0.500     0.635    0.250E+00    0.466E-01    0.418E-01    0.307E-03    0.307E-03    0.115E-03    0.115E-03    0.000E+00    0.000E+00    0.000E+00    0.000E+00
     0.500     0.636    0.249E+00    0.461E-01    0.413E-01    0.301E-03    0.301E-03    0.113E-03    0.113E-03    0.000E+00    0.000E+00    0.000E+00    0.000E+00
     0.500     0.637    0.247E+00    0.455E-01    0.407E-01    0.295E-03    0.295E-03    0.111E-03    0.111E-03    0.000E+00    0.000E+00    0.000E+00    0.000E+00
     0.500     0.638    0.245E+00    0.450E-01    0.402E-01    0.288E-03    0.288E-03    0.108E-03    0.108E-03    0.000E+00    0.000E+00    0.000E+00    0.000E+00
     0.500     0.639    0.243E+00    0.445E-01    0.397E-01    0.282E-03    0.282E-03    0.106E-03    0.106E-03    0.000E+00    0.000E+00    0.000E+00    0.000E+00
     0.500     0.640    0.242E+00    0.440E-01    0.392E-01    0.276E-03    0.276E-03    0.104E-03    0.104E-03    0.000E+00    0.000E+00    0.000E+00    0.000E+00
     0.500     0.641    0.240E+00    0.435E-01    0.386E-01    0.271E-03    0.271E-03    0.102E-03    0.102E-03    0.000E+00    0.000E+00    0.000E+00    0.000E+00
     0.500     0.642    0.238E+00    0.429E-01    0.381E-01    0.265E-03    0.265E-03    0.999E-04    0.999E-04    0.000E+00    0.000E+00    0.000E+00    0.000E+00
     0.500     0.643    0.236E+00    0.424E-01    0.376E-01    0.259E-03    0.259E-03    0.978E-04    0.978E-04    0.000E+00    0.000E+00    0.000E+00    0.000E+00
     0.500     0.644    0.235E+00    0.419E-01    0.371E-01    0.254E-03    0.254E-03    0.958E-04    0.958E-04    0.000E+00    0.000E+00    0.000E+00    0.000E+00
     0.500     0.645    0.233E+00    0.414E-01    0.366E-01    0.249E-03    0.249E-03    0.939E-04    0.939E-04    0.000E+00    0.000E+00    0.000E+00    0.000E+00
     0.500     0.646    0.231E+00    0.409E-01    0.361E-01    0.243E-03    0.243E-03    0.919E-04    0.919E-04    0.000E+00    0.000E+00    0.000E+00    0.000E+00
     0.500     0.647    0.230E+00    0.404E-01    0.357E-01    0.238E-03    0.238E-03    0.900E-04    0.900E-04    0.000E+00    0.000E+00    0.000E+00    0.000E+00
     0.500     0.648    0.228E+00    0.400E-01    0.352E-01    0.233E-03    0.233E-03    0.882E-04    0.882E-04    0.000E+00    0.000E+00    0.000E+00    0.000E+00
     0.500     0.649    0.226E+00    0.395E-01    0.347E-01    0.228E-03    0.228E-03    0.863E-04    0.863E-04    0.000E+00    0.000E+00    0.000E+00    0.000E+00
     0.500     0.650    0.225E+00    0.390E-01    0.342E-01    0.223E-03    0.223E-03    0.845E-04    0.845E-04    0.000E+00    0.000E+00    0.000E+00    0.000E+00
     0.500     0.651    0.223E+00    0.385E-01    0.338E-01    0.218E-03    0.218E-03    0.828E-04    0.828E-04    0.000E+00    0.000E+00    0.000E+00    0.000E+00
     0.500     0.652    0.221E+00    0.381E-01    0.333E-01    0.214E-03    0.214E-03    0.811E-04    0.811E-04    0.000E+00    0.000E+00    0.000E+00    0.000E+00
     0.500     0.653    0.220E+00    0.376E-01    0.328E-01    0.209E-03    0.209E-03    0.794E-04    0.794E-04    0.000E+00    0.000E+00    0.000E+00    0.000E+00
     0.500     0.654    0.218E+00    0.372E-01    0.324E-01    0.205E-03    0.204E-03    0.777E-04    0.777E-04    0.000E+00    0.000E+00    0.000E+00    0.000E+00
     0.500     0.655    0.216E+00    0.367E-01    0.319E-01    0.200E-03    0.200E-03    0.760E-04    0.760E-04    0.000E+00    0.000E+00    0.000E+00    0.000E+00
     0.500     0.656    0.215E+00    0.362E-01    0.315E-01    0.196E-03    0.196E-03    0.744E-04    0.744E-04    0.000E+00    0.000E+00    0.000E+00    0.000E+00
     0.500     0.657    0.213E+00    0.358E-01    0.310E-01    0.191E-03    0.191E-03    0.728E-04    0.728E-04    0.000E+00    0.000E+00    0.000E+00    0.000E+00
     0.500     0.658    0.211E+00    0.354E-01    0.306E-01    0.187E-03    0.187E-03    0.713E-04    0.713E-04    0.000E+00    0.000E+00    0.000E+00    0.000E+00
     0.500     0.659    0.210E+00    0.349E-01    0.302E-01    0.183E-03    0.183E-03    0.697E-04    0.697E-04    0.000E+00    0.000E+00    0.000E+00    0.000E+00
     0.500     0.660    0.208E+00    0.345E-01    0.297E-01    0.179E-03    0.179E-03    0.682E-04    0.682E-04    0.000E+00    0.000E+00    0.000E+00    0.000E+00
     0.500     0.661    0.207E+00    0.341E-01    0.293E-01    0.175E-03    0.175E-03    0.668E-04    0.668E-04    0.000E+00    0.000E+00    0.000E+00    0.000E+00
     0.500     0.662    0.205E+00    0.336E-01    0.289E-01    0.171E-03    0.171E-03    0.653E-04    0.653E-04    0.000E+00    0.000E+00    0.000E+00    0.000E+00
     0.500     0.663    0.203E+00    0.332E-01    0.285E-01    0.167E-03    0.167E-03    0.639E-04    0.639E-04    0.000E+00    0.000E+00    0.000E+00    0.000E+00
     0.500     0.664    0.202E+00    0.328E-01    0.281E-01    0.163E-03    0.163E-03    0.625E-04    0.625E-04    0.000E+00    0.000E+00    0.000E+00    0.000E+00
     0.500     0.665    0.200E+00    0.324E-01    0.276E-01    0.160E-03    0.160E-03    0.611E-04    0.611E-04    0.000E+00    0.000E+00    0.000E+00    0.000E+00
     0.500     0.666    0.199E+00    0.320E-01    0.272E-01    0.156E-03    0.156E-03    0.598E-04    0.598E-04    0.000E+00    0.000E+00    0.000E+00    0.000E+00
     0.500     0.667    0.197E+00    0.316E-01    0.268E-01    0.153E-03    0.153E-03    0.585E-04    0.585E-04    0.000E+00    0.000E+00    0.000E+00    0.000E+00
     0.500     0.668    0.195E+00    0.312E-01    0.264E-01    0.149E-03    0.149E-03    0.572E-04    0.572E-04    0.000E+00    0.000E+00    0.000E+00    0.000E+00
     0.500     0.669    0.194E+00    0.308E-01    0.261E-01    0.146E-03    0.146E-03    0.560E-04    0.560E-04    0.000E+00    0.000E+00    0.000E+00    0.000E+00
     0.500     0.670    0.192E+00    0.304E-01    0.257E-01    0.142E-03    0.142E-03    0.547E-04    0.547E-04    0.000E+00    0.000E+00    0.000E+00    0.000E+00
     0.500     0.671    0.191E+00    0.300E-01    0.253E-01    0.139E-03    0.139E-03    0.535E-04    0.535E-04    0.000E+00    0.000E+00    0.000E+00    0.000E+00
     0.500     0.672    0.189E+00    0.296E-01    0.249E-01    0.136E-03    0.136E-03    0.523E-04    0.523E-04    0.000E+00    0.000E+00    0.000E+00    0.000E+00
     0.500     0.673    0.188E+00    0.292E-01    0.245E-01    0.133E-03    0.133E-03    0.512E-04    0.512E-04    0.000E+00    0.000E+00    0.000E+00    0.000E+00
     0.500     0.674    0.186E+00    0.289E-01    0.242E-01    0.130E-03    0.130E-03    0.500E-04    0.500E-04    0.000E+00    0.000E+00    0.000E+00    0.000E+00
     0.500     0.675    0.185E+00    0.285E-01    0.238E-01    0.127E-03    0.127E-03    0.489E-04    0.489E-04    0.000E+00    0.000E+00    0.000E+00    0.000E+00
     0.500     0.676    0.183E+00    0.281E-01    0.234E-01    0.124E-03    0.124E-03    0.478E-04    0.478E-04    0.000E+00    0.000E+00    0.000E+00    0.000E+00
     0.500     0.677    0.182E+00    0.278E-01    0.231E-01    0.121E-03    0.121E-03    0.467E-04    0.467E-04    0.000E+00    0.000E+00    0.000E+00    0.000E+00
     0.500     0.678    0.180E+00    0.274E-01    0.227E-01    0.118E-03    0.118E-03    0.457E-04    0.457E-04    0.000E+00    0.000E+00    0.000E+00    0.000E+00
     0.500     0.679    0.179E+00    0.270E-01    0.224E-01    0.115E-03    0.115E-03    0.446E-04    0.446E-04    0.000E+00    0.000E+00    0.000E+00    0.000E+00
     0.500     0.680    0.177E+00    0.267E-01    0.220E-01    0.113E-03    0.113E-03    0.436E-04    0.436E-04    0.000E+00    0.000E+00    0.000E+00    0.000E+00
     0.500     0.681    0.176E+00    0.263E-01    0.217E-01    0.110E-03    0.110E-03    0.426E-04    0.426E-04    0.000E+00    0.000E+00    0.000E+00    0.000E+00
     0.500     0.682    0.174E+00    0.260E-01    0.213E-01    0.107E-03    0.107E-03    0.416E-04    0.416E-04    0.000E+00    0.000E+00    0.000E+00    0.000E+00
     0.500     0.683    0.173E+00    0.256E-01    0.210E-01    0.105E-03    0.105E-03    0.407E-04    0.407E-04    0.000E+00    0.000E+00    0.000E+00    0.000E+00
     0.500     0.684    0.171E+00    0.253E-01    0.206E-01    0.102E-03    0.102E-03    0.397E-04    0.397E-04    0.000E+00    0.000E+00    0.000E+00    0.000E+00
     0.500     0.685    0.170E+00    0.250E-01    0.203E-01    0.998E-04    0.998E-04    0.388E-04    0.388E-04    0.000E+00    0.000E+00    0.000E+00    0.000E+00
     0.500     0.686    0.168E+00    0.246E-01    0.200E-01    0.974E-04    0.974E-04    0.379E-04    0.379E-04    0.000E+00    0.000E+00    0.000E+00    0.000E+00
     0.500     0.687    0.167E+00    0.243E-01    0.197E-01    0.950E-04    0.950E-04    0.370E-04    0.370E-04    0.000E+00    0.000E+00    0.000E+00    0.000E+00
     0.500     0.688    0.165E+00    0.240E-01    0.194E-01    0.927E-04    0.927E-04    0.362E-04    0.362E-04    0.000E+00    0.000E+00    0.000E+00    0.000E+00
     0.500     0.689    0.164E+00    0.237E-01    0.190E-01    0.905E-04    0.905E-04    0.353E-04    0.353E-04    0.000E+00    0.000E+00    0.000E+00    0.000E+00
     0.500     0.690    0.162E+00    0.233E-01    0.187E-01    0.883E-04    0.882E-04    0.345E-04    0.345E-04    0.000E+00    0.000E+00    0.000E+00    0.000E+00
     0.500     0.691    0.161E+00    0.230E-01    0.184E-01    0.861E-04    0.861E-04    0.337E-04    0.337E-04    0.000E+00    0.000E+00    0.000E+00    0.000E+00
     0.500     0.692    0.160E+00    0.227E-01    0.181E-01    0.840E-04    0.840E-04    0.329E-04    0.329E-04    0.000E+00    0.000E+00    0.000E+00    0.000E+00
     0.500     0.693    0.158E+00    0.224E-01    0.178E-01    0.819E-04    0.819E-04    0.321E-04    0.321E-04    0.000E+00    0.000E+00    0.000E+00    0.000E+00
     0.500     0.694    0.157E+00    0.221E-01    0.175E-01    0.799E-04    0.799E-04    0.313E-04    0.313E-04    0.000E+00    0.000E+00    0.000E+00    0.000E+00
     0.500     0.695    0.155E+00    0.218E-01    0.172E-01    0.780E-04    0.780E-04    0.306E-04    0.306E-04    0.000E+00    0.000E+00    0.000E+00    0.000E+00
     0.500     0.696    0.154E+00    0.215E-01    0.169E-01    0.760E-04    0.760E-04    0.299E-04    0.299E-04    0.000E+00    0.000E+00    0.000E+00    0.000E+00
     0.500     0.697    0.153E+00    0.212E-01    0.167E-01    0.742E-04    0.741E-04    0.292E-04    0.292E-04    0.000E+00    0.000E+00    0.000E+00    0.000E+00
     0.500     0.698    0.151E+00    0.209E-01    0.164E-01    0.723E-04    0.723E-04    0.285E-04    0.285E-04    0.000E+00    0.000E+00    0.000E+00    0.000E+00
     0.500     0.699    0.150E+00    0.206E-01    0.161E-01    0.705E-04    0.705E-04    0.278E-04    0.278E-04    0.000E+00    0.000E+00    0.000E+00    0.000E+00
     0.500     0.700    0.148E+00    0.204E-01    0.158E-01    0.687E-04    0.687E-04    0.271E-04    0.271E-04    0.000E+00    0.000E+00    0.000E+00    0.000E+00
     0.500     0.701    0.147E+00    0.201E-01    0.156E-01    0.669E-04    0.669E-04    0.264E-04    0.264E-04    0.000E+00    0.000E+00    0.000E+00    0.000E+00
     0.500     0.702    0.146E+00    0.198E-01    0.153E-01    0.652E-04    0.652E-04    0.258E-04    0.258E-04    0.000E+00    0.000E+00    0.000E+00    0.000E+00
     0.500     0.703    0.144E+00    0.195E-01    0.150E-01    0.636E-04    0.636E-04    0.251E-04    0.251E-04    0.000E+00    0.000E+00    0.000E+00    0.000E+00
     0.500     0.704    0.143E+00    0.193E-01    0.148E-01    0.619E-04    0.619E-04    0.245E-04    0.245E-04    0.000E+00    0.000E+00    0.000E+00    0.000E+00
     0.500     0.705    0.142E+00    0.190E-01    0.145E-01    0.603E-04    0.603E-04    0.239E-04    0.239E-04    0.000E+00    0.000E+00    0.000E+00    0.000E+00
     0.500     0.706    0.140E+00    0.187E-01    0.142E-01    0.588E-04    0.588E-04    0.233E-04    0.233E-04    0.000E+00    0.000E+00    0.000E+00    0.000E+00
     0.500     0.707    0.139E+00    0.185E-01    0.140E-01    0.573E-04    0.573E-04    0.227E-04    0.227E-04    0.000E+00    0.000E+00    0.000E+00    0.000E+00
     0.500     0.708    0.138E+00    0.182E-01    0.137E-01    0.558E-04    0.558E-04    0.222E-04    0.222E-04    0.000E+00    0.000E+00    0.000E+00    0.000E+00
     0.500     0.709    0.136E+00    0.179E-01    0.135E-01    0.543E-04    0.543E-04    0.216E-04    0.216E-04    0.000E+00    0.000E+00    0.000E+00    0.000E+00
     0.500     0.710    0.135E+00    0.177E-01    0.133E-01    0.529E-04    0.529E-04    0.211E-04    0.211E-04    0.000E+00    0.000E+00    0.000E+00    0.000E+00
     0.500     0.711    0.134E+00    0.174E-01    0.130E-01    0.515E-04    0.515E-04    0.205E-04    0.205E-04    0.000E+00    0.000E+00    0.000E+00    0.000E+00
     0.500     0.712    0.133E+00    0.172E-01    0.128E-01    0.502E-04    0.502E-04    0.200E-04    0.200E-04    0.000E+00    0.000E+00    0.000E+00    0.000E+00
     0.500     0.713    0.131E+00    0.169E-01    0.126E-01    0.488E-04    0.488E-04    0.195E-04    0.195E-04    0.000E+00    0.000E+00    0.000E+00    0.000E+00
     0.500     0.714    0.130E+00    0.167E-01    0.123E-01    0.476E-04    0.476E-04    0.190E-04    0.190E-04    0.000E+00    0.000E+00    0.000E+00    0.000E+00
     0.500     0.715    0.129E+00    0.165E-01    0.121E-01    0.463E-04    0.463E-04    0.185E-04    0.185E-04    0.000E+00    0.000E+00    0.000E+00    0.000E+00
     0.500     0.716    0.127E+00    0.162E-01    0.119E-01    0.451E-04    0.451E-04    0.181E-04    0.181E-04    0.000E+00    0.000E+00    0.000E+00    0.000E+00
     0.500     0.717    0.126E+00    0.160E-01    0.117E-01    0.439E-04    0.439E-04    0.176E-04    0.176E-04    0.000E+00    0.000E+00    0.000E+00    0.000E+00
     0.500     0.718    0.125E+00    0.158E-01    0.114E-01    0.427E-04    0.427E-04    0.172E-04    0.172E-04    0.000E+00    0.000E+00    0.000E+00    0.000E+00
     0.500     0.719    0.124E+00    0.155E-01    0.112E-01    0.416E-04    0.416E-04    0.167E-04    0.167E-04    0.000E+00    0.000E+00    0.000E+00    0.000E+00
     0.500     0.720    0.122E+00    0.153E-01    0.110E-01    0.405E-04    0.405E-04    0.163E-04    0.163E-04    0.000E+00    0.000E+00    0.000E+00    0.000E+00
     0.500     0.721    0.121E+00    0.151E-01    0.108E-01    0.394E-04    0.394E-04    0.159E-04    0.159E-04    0.197E-08    0.197E-08    0.000E+00    0.000E+00
     0.500     0.722    0.120E+00    0.149E-01    0.106E-01    0.383E-04    0.383E-04    0.155E-04    0.155E-04    0.127E-07    0.127E-07    0.000E+00    0.000E+00
     0.500     0.723    0.119E+00    0.147E-01    0.104E-01    0.372E-04    0.372E-04    0.150E-04    0.150E-04    0.220E-07    0.220E-07    0.000E+00    0.000E+00
     0.500     0.724    0.118E+00    0.144E-01    0.102E-01    0.362E-04    0.362E-04    0.146E-04    0.146E-04    0.300E-07    0.300E-07    0.000E+00    0.000E+00
     0.500     0.725    0.116E+00    0.142E-01    0.100E-01    0.352E-04    0.352E-04    0.143E-04    0.143E-04    0.366E-07    0.366E-07    0.000E+00    0.000E+00
     0.500     0.726    0.115E+00    0.140E-01    0.982E-02    0.342E-04    0.342E-04    0.139E-04    0.139E-04    0.419E-07    0.419E-07    0.000E+00    0.000E+00
     0.500     0.727    0.114E+00    0.138E-01    0.963E-02    0.333E-04    0.333E-04    0.135E-04    0.135E-04    0.461E-07    0.461E-07    0.000E+00    0.000E+00
     0.500     0.728    0.113E+00    0.136E-01    0.944E-02    0.323E-04    0.323E-04    0.131E-04    0.131E-04    0.492E-07    0.492E-07    0.000E+00    0.000E+00
     0.500     0.729    0.112E+00    0.134E-01    0.926E-02    0.314E-04    0.314E-04    0.128E-04    0.128E-04    0.512E-07    0.512E-07    0.000E+00    0.000E+00
     0.500     0.730    0.110E+00    0.132E-01    0.907E-02    0.305E-04    0.305E-04    0.124E-04    0.124E-04    0.522E-07    0.522E-07    0.000E+00    0.000E+00
     0.500     0.731    0.109E+00    0.130E-01    0.890E-02    0.297E-04    0.297E-04    0.121E-04    0.121E-04    0.522E-07    0.522E-07    0.000E+00    0.000E+00
     0.500     0.732    0.108E+00    0.128E-01    0.872E-02    0.288E-04    0.288E-04    0.118E-04    0.118E-04    0.514E-07    0.514E-07    0.000E+00    0.000E+00
     0.500     0.733    0.107E+00    0.126E-01    0.854E-02    0.280E-04    0.280E-04    0.115E-04    0.115E-04    0.498E-07    0.498E-07    0.000E+00    0.000E+00
     0.500     0.734    0.106E+00    0.124E-01    0.837E-02    0.272E-04    0.272E-04    0.112E-04    0.112E-04    0.475E-07    0.475E-07    0.000E+00    0.000E+00
     0.500     0.735    0.105E+00    0.123E-01    0.820E-02    0.264E-04    0.264E-04    0.108E-04    0.108E-04    0.445E-07    0.445E-07    0.000E+00    0.000E+00
     0.500     0.736    0.104E+00    0.121E-01    0.804E-02    0.257E-04    0.257E-04    0.106E-04    0.106E-04    0.409E-07    0.409E-07    0.000E+00    0.000E+00
     0.500     0.737    0.102E+00    0.119E-01    0.788E-02    0.250E-04    0.250E-04    0.103E-04    0.103E-04    0.367E-07    0.367E-07    0.000E+00    0.000E+00
     0.500     0.738    0.101E+00    0.117E-01    0.771E-02    0.242E-04    0.242E-04    0.998E-05    0.998E-05    0.321E-07    0.321E-07    0.000E+00    0.000E+00
     0.500     0.739    0.100E+00    0.115E-01    0.756E-02    0.235E-04    0.235E-04    0.971E-05    0.971E-05    0.270E-07    0.270E-07    0.000E+00    0.000E+00
     0.500     0.740    0.991E-01    0.114E-01    0.740E-02    0.229E-04    0.229E-04    0.944E-05    0.944E-05    0.216E-07    0.216E-07    0.000E+00    0.000E+00
     0.500     0.741    0.980E-01    0.112E-01    0.725E-02    0.222E-04    0.222E-04    0.918E-05    0.918E-05    0.160E-07    0.160E-07    0.000E+00    0.000E+00
     0.500     0.742    0.970E-01    0.110E-01    0.710E-02    0.216E-04    0.216E-04    0.892E-05    0.892E-05    0.101E-07    0.101E-07    0.000E+00    0.000E+00
     0.500     0.743    0.959E-01    0.108E-01    0.695E-02    0.209E-04    0.209E-04    0.868E-05    0.868E-05    0.413E-08    0.413E-08    0.000E+00    0.000E+00
     0.500     0.744    0.948E-01    0.107E-01    0.680E-02    0.203E-04    0.203E-04    0.843E-05    0.843E-05    0.000E+00    0.000E+00    0.000E+00    0.000E+00
     0.500     0.745    0.937E-01    0.105E-01    0.666E-02    0.197E-04    0.197E-04    0.819E-05    0.819E-05    0.000E+00    0.000E+00    0.000E+00    0.000E+00
     0.500     0.746    0.927E-01    0.104E-01    0.651E-02    0.191E-04    0.191E-04    0.796E-05    0.796E-05    0.000E+00    0.000E+00    0.000E+00    0.000E+00
     0.500     0.747    0.916E-01    0.102E-01    0.637E-02    0.185E-04    0.185E-04    0.773E-05    0.773E-05    0.000E+00    0.000E+00    0.000E+00    0.000E+00
     0.500     0.748    0.906E-01    0.100E-01    0.624E-02    0.180E-04    0.180E-04    0.750E-05    0.750E-05    0.000E+00    0.000E+00    0.000E+00    0.000E+00
     0.500     0.749    0.895E-01    0.988E-02    0.610E-02    0.174E-04    0.174E-04    0.729E-05    0.729E-05    0.000E+00    0.000E+00    0.000E+00    0.000E+00
     0.500     0.750    0.885E-01    0.973E-02    0.597E-02    0.169E-04    0.169E-04    0.707E-05    0.707E-05    0.000E+00    0.000E+00    0.000E+00    0.000E+00
     0.500     0.751    0.875E-01    0.958E-02    0.584E-02    0.164E-04    0.164E-04    0.687E-05    0.687E-05    0.000E+00    0.000E+00    0.000E+00    0.000E+00
     0.500     0.752    0.865E-01    0.943E-02    0.571E-02    0.159E-04    0.159E-04    0.667E-05    0.667E-05    0.000E+00    0.000E+00    0.000E+00    0.000E+00
     0.500     0.753    0.855E-01    0.928E-02    0.558E-02    0.154E-04    0.154E-04    0.647E-05    0.647E-05    0.000E+00    0.000E+00    0.000E+00    0.000E+00
     0.500     0.754    0.845E-01    0.913E-02    0.546E-02    0.149E-04    0.149E-04    0.628E-05    0.628E-05    0.000E+00    0.000E+00    0.000E+00    0.000E+00
     0.500     0.755    0.835E-01    0.899E-02    0.534E-02    0.144E-04    0.144E-04    0.609E-05    0.609E-05    0.000E+00    0.000E+00    0.000E+00    0.000E+00
     0.500     0.756    0.825E-01    0.885E-02    0.522E-02    0.140E-04    0.140E-04    0.591E-05    0.591E-05    0.000E+00    0.000E+00    0.000E+00    0.000E+00
     0.500     0.757    0.815E-01    0.871E-02    0.510E-02    0.136E-04    0.136E-04    0.574E-05    0.574E-05    0.000E+00    0.000E+00    0.000E+00    0.000E+00
     0.500     0.758    0.805E-01    0.857E-02    0.499E-02    0.131E-04    0.131E-04    0.557E-05    0.557E-05    0.000E+00    0.000E+00    0.000E+00    0.000E+00
     0.500     0.759    0.795E-01    0.844E-02    0.487E-02    0.127E-04    0.127E-04    0.540E-05    0.540E-05    0.000E+00    0.000E+00    0.000E+00    0.000E+00
     0.500     0.760    0.786E-01    0.830E-02    0.476E-02    0.123E-04    0.123E-04    0.524E-05    0.524E-05    0.000E+00    0.000E+00    0.000E+00    0.000E+00
     0.500     0.761    0.776E-01    0.817E-02    0.465E-02    0.119E-04    0.119E-04    0.508E-05    0.508E-05    0.000E+00    0.000E+00    0.000E+00    0.000E+00
     0.500     0.762    0.767E-01    0.804E-02    0.454E-02    0.116E-04    0.116E-04    0.493E-05    0.493E-05    0.000E+00    0.000E+00    0.000E+00    0.000E+00
     0.500     0.763    0.757E-01    0.791E-02    0.444E-02    0.112E-04    0.112E-04    0.478E-05    0.478E-05    0.000E+00    0.000E+00    0.000E+00    0.000E+00
     0.500     0.764    0.748E-01    0.778E-02    0.434E-02    0.109E-04    0.109E-04    0.464E-05    0.464E-05    0.000E+00    0.000E+00    0.000E+00    0.000E+00
     0.500     0.765    0.739E-01    0.766E-02    0.423E-02    0.105E-04    0.105E-04    0.450E-05    0.450E-05    0.000E+00    0.000E+00    0.000E+00    0.000E+00
     0.500     0.766    0.729E-01    0.754E-02    0.413E-02    0.102E-04    0.102E-04    0.436E-05    0.436E-05    0.000E+00    0.000E+00    0.000E+00    0.000E+00
     0.500     0.767    0.720E-01    0.741E-02    0.404E-02    0.985E-05    0.985E-05    0.423E-05    0.423E-05    0.000E+00    0.000E+00    0.000E+00    0.000E+00
     0.500     0.768    0.711E-01    0.729E-02    0.394E-02    0.952E-05    0.952E-05    0.410E-05    0.410E-05    0.000E+00    0.000E+00    0.000E+00    0.000E+00
     0.500     0.769    0.702E-01    0.718E-02    0.384E-02    0.921E-05    0.921E-05    0.397E-05    0.397E-05    0.000E+00    0.000E+00    0.000E+00    0.000E+00
     0.500     0.770    0.693E-01    0.706E-02    0.375E-02    0.890E-05    0.890E-05    0.384E-05    0.384E-05    0.000E+00    0.000E+00    0.000E+00    0.000E+00
     0.500     0.771    0.684E-01    0.694E-02    0.366E-02    0.860E-05    0.860E-05    0.372E-05    0.372E-05    0.000E+00    0.000E+00    0.000E+00    0.000E+00
     0.500     0.772    0.676E-01    0.683E-02    0.357E-02    0.831E-05    0.831E-05    0.360E-05    0.360E-05    0.000E+00    0.000E+00    0.000E+00    0.000E+00
     0.500     0.773    0.667E-01    0.672E-02    0.348E-02    0.803E-05    0.803E-05    0.349E-05    0.349E-05    0.000E+00    0.000E+00    0.000E+00    0.000E+00
     0.500     0.774    0.658E-01    0.661E-02    0.340E-02    0.776E-05    0.776E-05    0.338E-05    0.338E-05    0.000E+00    0.000E+00    0.000E+00    0.000E+00
     0.500     0.775    0.650E-01    0.650E-02    0.331E-02    0.750E-05    0.750E-05    0.327E-05    0.327E-05    0.000E+00    0.000E+00    0.000E+00    0.000E+00
     0.500     0.776    0.641E-01    0.639E-02    0.323E-02    0.724E-05    0.724E-05    0.316E-05    0.316E-05    0.000E+00    0.000E+00    0.000E+00    0.000E+00
     0.500     0.777    0.633E-01    0.628E-02    0.315E-02    0.700E-05    0.700E-05    0.306E-05    0.306E-05    0.000E+00    0.000E+00    0.000E+00    0.000E+00
     0.500     0.778    0.624E-01    0.618E-02    0.307E-02    0.676E-05    0.676E-05    0.296E-05    0.296E-05    0.000E+00    0.000E+00    0.000E+00    0.000E+00
     0.500     0.779    0.616E-01    0.608E-02    0.299E-02    0.653E-05    0.653E-05    0.286E-05    0.286E-05    0.000E+00    0.000E+00    0.000E+00    0.000E+00
     0.500     0.780    0.608E-01    0.598E-02    0.292E-02    0.630E-05    0.630E-05    0.277E-05    0.277E-05    0.000E+00    0.000E+00    0.000E+00    0.000E+00
     0.500     0.781    0.599E-01    0.588E-02    0.284E-02    0.609E-05    0.609E-05    0.268E-05    0.268E-05    0.000E+00    0.000E+00    0.000E+00    0.000E+00
     0.500     0.782    0.591E-01    0.578E-02    0.277E-02    0.588E-05    0.588E-05    0.259E-05    0.259E-05    0.000E+00    0.000E+00    0.000E+00    0.000E+00
     0.500     0.783    0.583E-01    0.568E-02    0.270E-02    0.567E-05    0.567E-05    0.251E-05    0.251E-05    0.000E+00    0.000E+00    0.000E+00    0.000E+00
     0.500     0.784    0.575E-01    0.558E-02    0.263E-02    0.548E-05    0.548E-05    0.243E-05    0.243E-05    0.000E+00    0.000E+00    0.000E+00    0.000E+00
     0.500     0.785    0.567E-01    0.549E-02    0.256E-02    0.529E-05    0.529E-05    0.235E-05    0.235E-05    0.000E+00    0.000E+00    0.000E+00    0.000E+00
     0.500     0.786    0.559E-01    0.540E-02    0.249E-02    0.510E-05    0.510E-05    0.227E-05    0.227E-05    0.000E+00    0.000E+00    0.000E+00    0.000E+00
     0.500     0.787    0.552E-01    0.530E-02    0.242E-02    0.493E-05    0.493E-05    0.219E-05    0.219E-05    0.000E+00    0.000E+00    0.000E+00    0.000E+00
     0.500     0.788    0.544E-01    0.521E-02    0.236E-02    0.476E-05    0.476E-05    0.212E-05    0.212E-05    0.000E+00    0.000E+00    0.000E+00    0.000E+00
     0.500     0.789    0.536E-01    0.513E-02    0.230E-02    0.459E-05    0.459E-05    0.205E-05    0.205E-05    0.000E+00    0.000E+00    0.000E+00    0.000E+00
     0.500     0.790    0.529E-01    0.504E-02    0.223E-02    0.443E-05    0.443E-05    0.198E-05    0.198E-05    0.000E+00    0.000E+00    0.000E+00    0.000E+00
     0.500     0.791    0.521E-01    0.495E-02    0.217E-02    0.426E-05    0.426E-05    0.191E-05    0.191E-05    0.000E+00    0.000E+00    0.000E+00    0.000E+00
     0.500     0.792    0.514E-01    0.487E-02    0.211E-02    0.411E-05    0.411E-05    0.185E-05    0.185E-05    0.000E+00    0.000E+00    0.000E+00    0.000E+00
     0.500     0.793    0.506E-01    0.478E-02    0.206E-02    0.395E-05    0.395E-05    0.178E-05    0.178E-05    0.000E+00    0.000E+00    0.000E+00    0.000E+00
     0.500     0.794    0.499E-01    0.470E-02    0.200E-02    0.381E-05    0.381E-05    0.172E-05    0.172E-05    0.000E+00    0.000E+00    0.000E+00    0.000E+00
     0.500     0.795    0.492E-01    0.462E-02    0.194E-02    0.366E-05    0.366E-05    0.166E-05    0.166E-05    0.000E+00    0.000E+00    0.000E+00    0.000E+00
     0.500     0.796    0.484E-01    0.453E-02    0.189E-02    0.353E-05    0.353E-05    0.160E-05    0.160E-05    0.000E+00    0.000E+00    0.000E+00    0.000E+00
     0.500     0.797    0.477E-01    0.446E-02    0.183E-02    0.339E-05    0.339E-05    0.154E-05    0.154E-05    0.000E+00    0.000E+00    0.000E+00    0.000E+00
     0.500     0.798    0.470E-01    0.438E-02    0.178E-02    0.327E-05    0.327E-05    0.149E-05    0.149E-05    0.000E+00    0.000E+00    0.000E+00    0.000E+00
     0.500     0.799    0.463E-01    0.430E-02    0.173E-02    0.314E-05    0.314E-05    0.143E-05    0.143E-05    0.000E+00    0.000E+00    0.000E+00    0.000E+00
     0.500     0.800    0.456E-01    0.422E-02    0.168E-02    0.302E-05    0.302E-05    0.138E-05    0.138E-05    0.000E+00    0.000E+00    0.000E+00    0.000E+00
     0.500     0.801    0.449E-01    0.415E-02    0.163E-02    0.291E-05    0.291E-05    0.133E-05    0.133E-05    0.000E+00    0.000E+00    0.000E+00    0.000E+00
     0.500     0.802    0.443E-01    0.408E-02    0.159E-02    0.280E-05    0.280E-05    0.128E-05    0.128E-05    0.000E+00    0.000E+00    0.000E+00    0.000E+00
     0.500     0.803    0.436E-01    0.400E-02    0.154E-02    0.269E-05    0.269E-05    0.124E-05    0.124E-05    0.000E+00    0.000E+00    0.000E+00    0.000E+00
     0.500     0.804    0.429E-01    0.393E-02    0.149E-02    0.259E-05    0.259E-05    0.119E-05    0.119E-05    0.000E+00    0.000E+00    0.000E+00    0.000E+00
     0.500     0.805    0.422E-01    0.386E-02    0.145E-02    0.249E-05    0.249E-05    0.115E-05    0.115E-05    0.000E+00    0.000E+00    0.000E+00    0.000E+00
     0.500     0.806    0.416E-01    0.379E-02    0.141E-02    0.239E-05    0.239E-05    0.111E-05    0.111E-05    0.000E+00    0.000E+00    0.000E+00    0.000E+00
     0.500     0.807    0.409E-01    0.372E-02    0.137E-02    0.230E-05    0.230E-05    0.107E-05    0.107E-05    0.000E+00    0.000E+00    0.000E+00    0.000E+00
     0.500     0.808    0.403E-01    0.366E-02    0.132E-02    0.221E-05    0.221E-05    0.103E-05    0.103E-05    0.000E+00    0.000E+00    0.000E+00    0.000E+00
     0.500     0.809    0.397E-01    0.359E-02    0.128E-02    0.213E-05    0.213E-05    0.991E-06    0.991E-06    0.000E+00    0.000E+00    0.000E+00    0.000E+00
     0.500     0.810    0.390E-01    0.352E-02    0.125E-02    0.204E-05    0.204E-05    0.955E-06    0.955E-06    0.000E+00    0.000E+00    0.000E+00    0.000E+00
     0.500     0.811    0.384E-01    0.346E-02    0.121E-02    0.196E-05    0.196E-05    0.920E-06    0.920E-06    0.000E+00    0.000E+00    0.000E+00    0.000E+00
     0.500     0.812    0.378E-01    0.340E-02    0.117E-02    0.189E-05    0.189E-05    0.887E-06    0.887E-06    0.000E+00    0.000E+00    0.000E+00    0.000E+00
     0.500     0.813    0.372E-01    0.333E-02    0.113E-02    0.182E-05    0.182E-05    0.854E-06    0.854E-06    0.000E+00    0.000E+00    0.000E+00    0.000E+00
     0.500     0.814    0.366E-01    0.327E-02    0.110E-02    0.174E-05    0.174E-05    0.820E-06    0.820E-06    0.000E+00    0.000E+00    0.000E+00    0.000E+00
     0.500     0.815    0.360E-01    0.321E-02    0.106E-02    0.167E-05    0.167E-05    0.788E-06    0.788E-06    0.000E+00    0.000E+00    0.000E+00    0.000E+00
     0.500     0.816    0.354E-01    0.315E-02    0.103E-02    0.160E-05    0.160E-05    0.757E-06    0.757E-06    0.000E+00    0.000E+00    0.000E+00    0.000E+00
     0.500     0.817    0.348E-01    0.309E-02    0.997E-03    0.153E-05    0.153E-05    0.727E-06    0.727E-06    0.000E+00    0.000E+00    0.000E+00    0.000E+00
     0.500     0.818    0.342E-01    0.303E-02    0.965E-03    0.147E-05    0.147E-05    0.698E-06    0.698E-06    0.000E+00    0.000E+00    0.000E+00    0.000E+00
     0.500     0.819    0.336E-01    0.298E-02    0.933E-03    0.140E-05    0.140E-05    0.670E-06    0.670E-06    0.000E+00    0.000E+00    0.000E+00    0.000E+00
     0.500     0.820    0.331E-01    0.292E-02    0.903E-03    0.134E-05    0.134E-05    0.644E-06    0.644E-06    0.000E+00    0.000E+00    0.000E+00    0.000E+00
     0.500     0.821    0.325E-01    0.287E-02    0.873E-03    0.129E-05    0.129E-05    0.618E-06    0.618E-06    0.000E+00    0.000E+00    0.000E+00    0.000E+00
     0.500     0.822    0.319E-01    0.281E-02    0.844E-03    0.123E-05    0.123E-05    0.593E-06    0.593E-06    0.000E+00    0.000E+00    0.000E+00    0.000E+00
     0.500     0.823    0.314E-01    0.276E-02    0.816E-03    0.118E-05    0.118E-05    0.569E-06    0.569E-06    0.000E+00    0.000E+00    0.000E+00    0.000E+00
     0.500     0.824    0.309E-01    0.271E-02    0.789E-03    0.113E-05    0.113E-05    0.546E-06    0.546E-06    0.000E+00    0.000E+00    0.000E+00    0.000E+00
     0.500     0.825    0.303E-01    0.265E-02    0.762E-03    0.108E-05    0.108E-05    0.524E-06    0.524E-06    0.000E+00    0.000E+00    0.000E+00    0.000E+00
     0.500     0.826    0.298E-01    0.260E-02    0.736E-03    0.103E-05    0.103E-05    0.502E-06    0.502E-06    0.000E+00    0.000E+00    0.000E+00    0.000E+00
     0.500     0.827    0.293E-01    0.255E-02    0.711E-03    0.987E-06    0.987E-06    0.482E-06    0.482E-06    0.000E+00    0.000E+00    0.000E+00    0.000E+00
     0.500     0.828    0.287E-01    0.250E-02    0.687E-03    0.944E-06    0.944E-06    0.462E-06    0.462E-06    0.000E+00    0.000E+00    0.000E+00    0.000E+00
     0.500     0.829    0.282E-01    0.245E-02    0.663E-03    0.903E-06    0.903E-06    0.443E-06    0.443E-06    0.000E+00    0.000E+00    0.000E+00    0.000E+00
     0.500     0.830    0.277E-01    0.241E-02    0.640E-03    0.864E-06    0.864E-06    0.425E-06    0.425E-06    0.000E+00    0.000E+00    0.000E+00    0.000E+00
     0.500     0.831    0.272E-01    0.236E-02    0.618E-03    0.827E-06    0.827E-06    0.408E-06    0.408E-06    0.000E+00    0.000E+00    0.000E+00    0.000E+00
     0.500     0.832    0.267E-01    0.231E-02    0.596E-03    0.791E-06    0.791E-06    0.391E-06    0.391E-06    0.000E+00    0.000E+00    0.000E+00    0.000E+00
     0.500     0.833    0.262E-01    0.227E-02    0.575E-03    0.757E-06    0.757E-06    0.375E-06    0.375E-06    0.000E+00    0.000E+00    0.000E+00    0.000E+00
     0.500     0.834    0.257E-01    0.222E-02    0.554E-03    0.724E-06    0.724E-06    0.360E-06    0.360E-06    0.000E+00    0.000E+00    0.000E+00    0.000E+00
     0.500     0.835    0.253E-01    0.218E-02    0.535E-03    0.693E-06    0.693E-06    0.345E-06    0.345E-06    0.000E+00    0.000E+00    0.000E+00    0.000E+00
     0.500     0.836    0.248E-01    0.213E-02    0.515E-03    0.663E-06    0.663E-06    0.331E-06    0.331E-06    0.000E+00    0.000E+00    0.000E+00    0.000E+00
     0.500     0.837    0.243E-01    0.209E-02    0.496E-03    0.632E-06    0.632E-06    0.316E-06    0.316E-06    0.000E+00    0.000E+00    0.000E+00    0.000E+00
     0.500     0.838    0.239E-01    0.205E-02    0.478E-03    0.602E-06    0.602E-06    0.302E-06    0.302E-06    0.000E+00    0.000E+00    0.000E+00    0.000E+00
     0.500     0.839    0.234E-01    0.201E-02    0.460E-03    0.573E-06    0.573E-06    0.288E-06    0.288E-06    0.000E+00    0.000E+00    0.000E+00    0.000E+00
     0.500     0.840    0.229E-01    0.197E-02    0.442E-03    0.545E-06    0.545E-06    0.275E-06    0.275E-06    0.000E+00    0.000E+00    0.000E+00    0.000E+00
     0.500     0.841    0.225E-01    0.193E-02    0.425E-03    0.518E-06    0.518E-06    0.263E-06    0.263E-06    0.000E+00    0.000E+00    0.000E+00    0.000E+00
     0.500     0.842    0.221E-01    0.189E-02    0.409E-03    0.493E-06    0.493E-06    0.251E-06    0.251E-06    0.000E+00    0.000E+00    0.000E+00    0.000E+00
     0.500     0.843    0.216E-01    0.185E-02    0.393E-03    0.469E-06    0.469E-06    0.239E-06    0.239E-06    0.000E+00    0.000E+00    0.000E+00    0.000E+00
     0.500     0.844    0.212E-01    0.181E-02    0.378E-03    0.445E-06    0.445E-06    0.228E-06    0.228E-06    0.000E+00    0.000E+00    0.000E+00    0.000E+00
     0.500     0.845    0.208E-01    0.177E-02    0.363E-03    0.423E-06    0.423E-06    0.218E-06    0.218E-06    0.000E+00    0.000E+00    0.000E+00    0.000E+00
     0.500     0.846    0.204E-01    0.173E-02    0.349E-03    0.402E-06    0.402E-06    0.208E-06    0.208E-06    0.000E+00    0.000E+00    0.000E+00    0.000E+00
     0.500     0.847    0.199E-01    0.170E-02    0.335E-03    0.382E-06    0.382E-06    0.198E-06    0.198E-06    0.000E+00    0.000E+00    0.000E+00    0.000E+00
     0.500     0.848    0.195E-01    0.166E-02    0.321E-03    0.363E-06    0.363E-06    0.189E-06    0.189E-06    0.000E+00    0.000E+00    0.000E+00    0.000E+00
     0.500     0.849    0.191E-01    0.162E-02    0.308E-03    0.345E-06    0.345E-06    0.180E-06    0.180E-06    0.000E+00    0.000E+00    0.000E+00    0.000E+00
     0.500     0.850    0.187E-01    0.159E-02    0.296E-03    0.328E-06    0.328E-06    0.171E-06    0.171E-06    0.000E+00    0.000E+00    0.000E+00    0.000E+00
     0.500     0.851    0.184E-01    0.155E-02    0.284E-03    0.312E-06    0.312E-06    0.163E-06    0.163E-06    0.000E+00    0.000E+00    0.000E+00    0.000E+00
     0.500     0.852    0.180E-01    0.152E-02    0.272E-03    0.296E-06    0.296E-06    0.156E-06    0.156E-06    0.000E+00    0.000E+00    0.000E+00    0.000E+00
     0.500     0.853    0.176E-01    0.149E-02    0.261E-03    0.281E-06    0.281E-06    0.149E-06    0.149E-06    0.000E+00    0.000E+00    0.000E+00    0.000E+00
     0.500     0.854    0.172E-01    0.146E-02    0.250E-03    0.268E-06    0.268E-06    0.142E-06    0.142E-06    0.000E+00    0.000E+00    0.000E+00    0.000E+00
     0.500     0.855    0.168E-01    0.142E-02    0.240E-03    0.254E-06    0.254E-06    0.135E-06    0.135E-06    0.000E+00    0.000E+00    0.000E+00    0.000E+00
     0.500     0.856    0.165E-01    0.139E-02    0.230E-03    0.242E-06    0.242E-06    0.129E-06    0.129E-06    0.000E+00    0.000E+00    0.000E+00    0.000E+00
     0.500     0.857    0.161E-01    0.136E-02    0.220E-03    0.230E-06    0.230E-06    0.123E-06    0.123E-06    0.000E+00    0.000E+00    0.000E+00    0.000E+00
     0.500     0.858    0.158E-01    0.133E-02    0.211E-03    0.219E-06    0.219E-06    0.117E-06    0.117E-06    0.000E+00    0.000E+00    0.000E+00    0.000E+00
     0.500     0.859    0.154E-01    0.130E-02    0.202E-03    0.209E-06    0.209E-06    0.112E-06    0.112E-06    0.000E+00    0.000E+00    0.000E+00    0.000E+00
     0.500     0.860    0.151E-01    0.127E-02    0.193E-03    0.197E-06    0.197E-06    0.106E-06    0.106E-06    0.000E+00    0.000E+00    0.000E+00    0.000E+00
     0.500     0.861    0.147E-01    0.124E-02    0.184E-03    0.186E-06    0.186E-06    0.101E-06    0.101E-06    0.000E+00    0.000E+00    0.000E+00    0.000E+00
     0.500     0.862    0.144E-01    0.121E-02    0.176E-03    0.176E-06    0.176E-06    0.952E-07    0.952E-07    0.000E+00    0.000E+00    0.000E+00    0.000E+00
     0.500     0.863    0.141E-01    0.119E-02    0.167E-03    0.166E-06    0.166E-06    0.902E-07    0.902E-07    0.000E+00    0.000E+00    0.000E+00    0.000E+00
     0.500     0.864    0.138E-01    0.116E-02    0.160E-03    0.156E-06    0.156E-06    0.853E-07    0.853E-07    0.000E+00    0.000E+00    0.000E+00    0.000E+00
     0.500     0.865    0.134E-01    0.113E-02    0.152E-03    0.147E-06    0.147E-06    0.807E-07    0.807E-07    0.000E+00    0.000E+00    0.000E+00    0.000E+00
     0.500     0.866    0.131E-01    0.110E-02    0.145E-03    0.138E-06    0.138E-06    0.763E-07    0.763E-07    0.000E+00    0.000E+00    0.000E+00    0.000E+00
     0.500     0.867    0.128E-01    0.108E-02    0.138E-03    0.130E-06    0.130E-06    0.722E-07    0.722E-07    0.000E+00    0.000E+00    0.000E+00    0.000E+00
     0.500     0.868    0.125E-01    0.105E-02    0.131E-03    0.122E-06    0.122E-06    0.682E-07    0.682E-07    0.000E+00    0.000E+00    0.000E+00    0.000E+00
     0.500     0.869    0.122E-01    0.103E-02    0.125E-03    0.115E-06    0.115E-06    0.645E-07    0.645E-07    0.000E+00    0.000E+00    0.000E+00    0.000E+00
     0.500     0.870    0.119E-01    0.100E-02    0.119E-03    0.108E-06    0.108E-06    0.609E-07    0.609E-07    0.000E+00    0.000E+00    0.000E+00    0.000E+00
     0.500     0.871    0.116E-01    0.977E-03    0.113E-03    0.102E-06    0.102E-06    0.576E-07    0.576E-07    0.000E+00    0.000E+00    0.000E+00    0.000E+00
     0.500     0.872    0.113E-01    0.953E-03    0.107E-03    0.958E-07    0.958E-07    0.544E-07    0.544E-07    0.000E+00    0.000E+00    0.000E+00    0.000E+00
     0.500     0.873    0.111E-01    0.929E-03    0.102E-03    0.902E-07    0.902E-07    0.514E-07    0.514E-07    0.000E+00    0.000E+00    0.000E+00    0.000E+00
     0.500     0.874    0.108E-01    0.906E-03    0.969E-04    0.849E-07    0.849E-07    0.486E-07    0.486E-07    0.000E+00    0.000E+00    0.000E+00    0.000E+00
     0.500     0.875    0.105E-01    0.884E-03    0.920E-04    0.799E-07    0.799E-07    0.459E-07    0.459E-07    0.000E+00    0.000E+00    0.000E+00    0.000E+00
     0.500     0.876    0.102E-01    0.861E-03    0.873E-04    0.753E-07    0.753E-07    0.434E-07    0.434E-07    0.000E+00    0.000E+00    0.000E+00    0.000E+00
     0.500     0.877    0.998E-02    0.840E-03    0.829E-04    0.710E-07    0.710E-07    0.410E-07    0.410E-07    0.000E+00    0.000E+00    0.000E+00    0.000E+00
     0.500     0.878    0.972E-02    0.818E-03    0.786E-04    0.670E-07    0.670E-07    0.388E-07    0.388E-07    0.000E+00    0.000E+00    0.000E+00    0.000E+00
     0.500     0.879    0.947E-02    0.797E-03    0.746E-04    0.632E-07    0.632E-07    0.368E-07    0.368E-07    0.000E+00    0.000E+00    0.000E+00    0.000E+00
     0.500     0.880    0.922E-02    0.776E-03    0.707E-04    0.598E-07    0.598E-07    0.348E-07    0.348E-07    0.000E+00    0.000E+00    0.000E+00    0.000E+00
     0.500     0.881    0.898E-02    0.756E-03    0.670E-04    0.565E-07    0.565E-07    0.330E-07    0.330E-07    0.000E+00    0.000E+00    0.000E+00    0.000E+00
     0.500     0.882    0.873E-02    0.736E-03    0.635E-04    0.536E-07    0.536E-07    0.313E-07    0.313E-07    0.000E+00    0.000E+00    0.000E+00    0.000E+00
     0.500     0.883    0.850E-02    0.717E-03    0.601E-04    0.503E-07    0.503E-07    0.295E-07    0.295E-07    0.000E+00    0.000E+00    0.000E+00    0.000E+00
     0.500     0.884    0.827E-02    0.697E-03    0.566E-04    0.468E-07    0.468E-07    0.276E-07    0.276E-07    0.000E+00    0.000E+00    0.000E+00    0.000E+00
     0.500     0.885    0.804E-02    0.678E-03    0.532E-04    0.435E-07    0.435E-07    0.258E-07    0.258E-07    0.000E+00    0.000E+00    0.000E+00    0.000E+00
     0.500     0.886    0.782E-02    0.660E-03    0.501E-04    0.404E-07    0.404E-07    0.241E-07    0.241E-07    0.000E+00    0.000E+00    0.000E+00    0.000E+00
     0.500     0.887    0.760E-02    0.642E-03    0.470E-04    0.375E-07    0.375E-07    0.225E-07    0.225E-07    0.000E+00    0.000E+00    0.000E+00    0.000E+00
     0.500     0.888    0.738E-02    0.624E-03    0.442E-04    0.348E-07    0.348E-07    0.210E-07    0.210E-07    0.000E+00    0.000E+00    0.000E+00    0.000E+00
     0.500     0.889    0.717E-02    0.606E-03    0.414E-04    0.322E-07    0.322E-07    0.196E-07    0.196E-07    0.000E+00    0.000E+00    0.000E+00    0.000E+00
     0.500     0.890    0.697E-02    0.589E-03    0.389E-04    0.298E-07    0.298E-07    0.183E-07    0.183E-07    0.000E+00    0.000E+00    0.000E+00    0.000E+00
     0.500     0.891    0.676E-02    0.572E-03    0.364E-04    0.276E-07    0.276E-07    0.171E-07    0.171E-07    0.000E+00    0.000E+00    0.000E+00    0.000E+00
     0.500     0.892    0.656E-02    0.556E-03    0.341E-04    0.255E-07    0.255E-07    0.159E-07    0.159E-07    0.000E+00    0.000E+00    0.000E+00    0.000E+00
     0.500     0.893    0.637E-02    0.540E-03    0.319E-04    0.236E-07    0.236E-07    0.148E-07    0.148E-07    0.000E+00    0.000E+00    0.000E+00    0.000E+00
     0.500     0.894    0.618E-02    0.524E-03    0.298E-04    0.219E-07    0.219E-07    0.138E-07    0.138E-07    0.000E+00    0.000E+00    0.000E+00    0.000E+00
     0.500     0.895    0.599E-02    0.508E-03    0.279E-04    0.202E-07    0.202E-07    0.128E-07    0.128E-07    0.000E+00    0.000E+00    0.000E+00    0.000E+00
     0.500     0.896    0.581E-02    0.493E-03    0.260E-04    0.187E-07    0.187E-07    0.120E-07    0.120E-07    0.000E+00    0.000E+00    0.000E+00    0.000E+00
     0.500     0.897    0.563E-02    0.478E-03    0.243E-04    0.173E-07    0.173E-07    0.112E-07    0.112E-07    0.000E+00    0.000E+00    0.000E+00    0.000E+00
     0.500     0.898    0.545E-02    0.464E-03    0.227E-04    0.161E-07    0.161E-07    0.104E-07    0.104E-07    0.000E+00    0.000E+00    0.000E+00    0.000E+00
     0.500     0.899    0.528E-02    0.450E-03    0.212E-04    0.150E-07    0.150E-07    0.971E-08    0.971E-08    0.000E+00    0.000E+00    0.000E+00    0.000E+00
     0.500     0.900    0.511E-02    0.436E-03    0.198E-04    0.139E-07    0.139E-07    0.907E-08    0.907E-08    0.000E+00    0.000E+00    0.000E+00    0.000E+00
     0.500     0.901    0.495E-02    0.422E-03    0.184E-04    0.130E-07    0.130E-07    0.849E-08    0.849E-08    0.000E+00    0.000E+00    0.000E+00    0.000E+00
     0.500     0.902    0.479E-02    0.409E-03    0.172E-04    0.122E-07    0.122E-07    0.796E-08    0.796E-08    0.000E+00    0.000E+00    0.000E+00    0.000E+00
     0.500     0.903    0.463E-02    0.396E-03    0.160E-04    0.114E-07    0.114E-07    0.747E-08    0.747E-08    0.000E+00    0.000E+00    0.000E+00    0.000E+00
     0.500     0.904    0.448E-02    0.383E-03    0.150E-04    0.107E-07    0.107E-07    0.702E-08    0.702E-08    0.000E+00    0.000E+00    0.000E+00    0.000E+00
     0.500     0.905    0.433E-02    0.371E-03    0.140E-04    0.102E-07    0.102E-07    0.662E-08    0.662E-08    0.000E+00    0.000E+00    0.000E+00    0.000E+00
     0.500     0.906    0.418E-02    0.359E-03    0.130E-04    0.958E-08    0.958E-08    0.623E-08    0.623E-08    0.000E+00    0.000E+00    0.000E+00    0.000E+00
     0.500     0.907    0.404E-02    0.347E-03    0.120E-04    0.870E-08    0.870E-08    0.569E-08    0.569E-08    0.000E+00    0.000E+00    0.000E+00    0.000E+00
     0.500     0.908    0.390E-02    0.335E-03    0.109E-04    0.789E-08    0.789E-08    0.519E-08    0.519E-08    0.000E+00    0.000E+00    0.000E+00    0.000E+00
     0.500     0.909    0.376E-02    0.324E-03    0.998E-05    0.713E-08    0.713E-08    0.472E-08    0.472E-08    0.000E+00    0.000E+00    0.000E+00    0.000E+00
     0.500     0.910    0.363E-02    0.312E-03    0.909E-05    0.643E-08    0.643E-08    0.429E-08    0.429E-08    0.000E+00    0.000E+00    0.000E+00    0.000E+00
     0.500     0.911    0.350E-02    0.301E-03    0.826E-05    0.578E-08    0.578E-08    0.388E-08    0.388E-08    0.000E+00    0.000E+00    0.000E+00    0.000E+00
     0.500     0.912    0.337E-02    0.291E-03    0.748E-05    0.518E-08    0.518E-08    0.350E-08    0.350E-08    0.000E+00    0.000E+00    0.000E+00    0.000E+00
     0.500     0.913    0.325E-02    0.280E-03    0.676E-05    0.464E-08    0.464E-08    0.315E-08    0.315E-08    0.000E+00    0.000E+00    0.000E+00    0.000E+00
     0.500     0.914    0.312E-02    0.270E-03    0.610E-05    0.414E-08    0.414E-08    0.283E-08    0.283E-08    0.000E+00    0.000E+00    0.000E+00    0.000E+00
     0.500     0.915    0.301E-02    0.261E-03    0.548E-05    0.369E-08    0.369E-08    0.253E-08    0.253E-08    0.000E+00    0.000E+00    0.000E+00    0.000E+00
     0.500     0.916    0.289E-02    0.251E-03    0.492E-05    0.328E-08    0.328E-08    0.226E-08    0.226E-08    0.000E+00    0.000E+00    0.000E+00    0.000E+00
     0.500     0.917    0.278E-02    0.242E-03    0.440E-05    0.292E-08    0.292E-08    0.201E-08    0.201E-08    0.000E+00    0.000E+00    0.000E+00    0.000E+00
     0.500     0.918    0.267E-02    0.232E-03    0.393E-05    0.259E-08    0.259E-08    0.178E-08    0.178E-08    0.000E+00    0.000E+00    0.000E+00    0.000E+00
     0.500     0.919    0.257E-02    0.224E-03    0.351E-05    0.231E-08    0.231E-08    0.157E-08    0.157E-08    0.000E+00    0.000E+00    0.000E+00    0.000E+00
     0.500     0.920    0.246E-02    0.215E-03    0.312E-05    0.206E-08    0.206E-08    0.139E-08    0.139E-08    0.000E+00    0.000E+00    0.000E+00    0.000E+00
     0.500     0.921    0.236E-02    0.206E-03    0.277E-05    0.184E-08    0.184E-08    0.123E-08    0.123E-08    0.000E+00    0.000E+00    0.000E+00    0.000E+00
     0.500     0.922    0.227E-02    0.198E-03    0.247E-05    0.166E-08    0.166E-08    0.108E-08    0.108E-08    0.000E+00    0.000E+00    0.000E+00    0.000E+00
     0.500     0.923    0.217E-02    0.190E-03    0.219E-05    0.150E-08    0.150E-08    0.953E-09    0.953E-09    0.000E+00    0.000E+00    0.000E+00    0.000E+00
     0.500     0.924    0.208E-02    0.183E-03    0.195E-05    0.138E-08    0.138E-08    0.841E-09    0.841E-09    0.000E+00    0.000E+00    0.000E+00    0.000E+00
     0.500     0.925    0.199E-02    0.175E-03    0.174E-05    0.128E-08    0.128E-08    0.746E-09    0.746E-09    0.000E+00    0.000E+00    0.000E+00    0.000E+00
     0.500     0.926    0.191E-02    0.168E-03    0.156E-05    0.120E-08    0.120E-08    0.665E-09    0.665E-09    0.000E+00    0.000E+00    0.000E+00    0.000E+00
     0.500     0.927    0.182E-02    0.161E-03    0.141E-05    0.114E-08    0.114E-08    0.597E-09    0.597E-09    0.000E+00    0.000E+00    0.000E+00    0.000E+00
     0.500     0.928    0.174E-02    0.154E-03    0.128E-05    0.111E-08    0.111E-08    0.542E-09    0.542E-09    0.000E+00    0.000E+00    0.000E+00    0.000E+00
     0.500     0.929    0.166E-02    0.147E-03    0.118E-05    0.109E-08    0.109E-08    0.498E-09    0.498E-09    0.000E+00    0.000E+00    0.000E+00    0.000E+00
     0.500     0.930    0.159E-02    0.141E-03    0.999E-06    0.973E-09    0.973E-09    0.418E-09    0.418E-09    0.000E+00    0.000E+00    0.000E+00    0.000E+00
     0.500     0.931    0.151E-02    0.134E-03    0.798E-06    0.825E-09    0.825E-09    0.328E-09    0.328E-09    0.000E+00    0.000E+00    0.000E+00    0.000E+00
     0.500     0.932    0.144E-02    0.128E-03    0.616E-06    0.691E-09    0.691E-09    0.246E-09    0.246E-09    0.000E+00    0.000E+00    0.000E+00    0.000E+00
     0.500     0.933    0.137E-02    0.122E-03    0.452E-06    0.569E-09    0.569E-09    0.174E-09    0.174E-09    0.000E+00    0.000E+00    0.000E+00    0.000E+00
     0.500     0.934    0.130E-02    0.116E-03    0.305E-06    0.459E-09    0.459E-09    0.110E-09    0.110E-09    0.000E+00    0.000E+00    0.000E+00    0.000E+00
     0.500     0.935    0.124E-02    0.111E-03    0.175E-06    0.360E-09    0.360E-09    0.537E-10    0.537E-10    0.000E+00    0.000E+00    0.000E+00    0.000E+00
     0.500     0.936    0.118E-02    0.105E-03    0.597E-07    0.273E-09    0.273E-09    0.542E-11    0.542E-11    0.000E+00    0.000E+00    0.000E+00    0.000E+00
     0.500     0.937    0.112E-02    0.100E-03    0.000E+00    0.197E-09    0.197E-09    0.000E+00    0.000E+00    0.000E+00    0.000E+00    0.000E+00    0.000E+00
     0.500     0.938    0.106E-02    0.951E-04    0.000E+00    0.130E-09    0.130E-09    0.000E+00    0.000E+00    0.000E+00    0.000E+00    0.000E+00    0.000E+00
     0.500     0.939    0.100E-02    0.902E-04    0.000E+00    0.732E-10    0.732E-10    0.000E+00    0.000E+00    0.000E+00    0.000E+00    0.000E+00    0.000E+00
     0.500     0.940    0.948E-03    0.855E-04    0.000E+00    0.254E-10    0.254E-10    0.000E+00    0.000E+00    0.000E+00    0.000E+00    0.000E+00    0.000E+00
     0.500     0.941    0.896E-03    0.810E-04    0.000E+00    0.000E+00    0.000E+00    0.000E+00    0.000E+00    0.000E+00    0.000E+00    0.000E+00    0.000E+00
     0.500     0.942    0.846E-03    0.766E-04    0.000E+00    0.000E+00    0.000E+00    0.000E+00    0.000E+00    0.000E+00    0.000E+00    0.000E+00    0.000E+00
     0.500     0.943    0.798E-03    0.724E-04    0.000E+00    0.000E+00    0.000E+00    0.000E+00    0.000E+00    0.000E+00    0.000E+00    0.000E+00    0.000E+00
     0.500     0.944    0.752E-03    0.683E-04    0.000E+00    0.000E+00    0.000E+00    0.000E+00    0.000E+00    0.000E+00    0.000E+00    0.000E+00    0.000E+00
     0.500     0.945    0.707E-03    0.644E-04    0.000E+00    0.000E+00    0.000E+00    0.000E+00    0.000E+00    0.000E+00    0.000E+00    0.000E+00    0.000E+00
     0.500     0.946    0.665E-03    0.606E-04    0.000E+00    0.000E+00    0.000E+00    0.000E+00    0.000E+00    0.000E+00    0.000E+00    0.000E+00    0.000E+00
     0.500     0.947    0.624E-03    0.570E-04    0.000E+00    0.000E+00    0.000E+00    0.000E+00    0.000E+00    0.000E+00    0.000E+00    0.000E+00    0.000E+00
     0.500     0.948    0.585E-03    0.535E-04    0.000E+00    0.000E+00    0.000E+00    0.000E+00    0.000E+00    0.000E+00    0.000E+00    0.000E+00    0.000E+00
     0.500     0.949    0.547E-03    0.502E-04    0.000E+00    0.000E+00    0.000E+00    0.000E+00    0.000E+00    0.000E+00    0.000E+00    0.000E+00    0.000E+00
     0.500     0.950    0.511E-03    0.470E-04    0.000E+00    0.000E+00    0.000E+00    0.000E+00    0.000E+00    0.000E+00    0.000E+00    0.000E+00    0.000E+00
     0.500     0.951    0.477E-03    0.439E-04    0.000E+00    0.000E+00    0.000E+00    0.000E+00    0.000E+00    0.000E+00    0.000E+00    0.000E+00    0.000E+00
     0.500     0.952    0.444E-03    0.409E-04    0.000E+00    0.000E+00    0.000E+00    0.000E+00    0.000E+00    0.000E+00    0.000E+00    0.000E+00    0.000E+00
     0.500     0.953    0.412E-03    0.381E-04    0.000E+00    0.000E+00    0.000E+00    0.000E+00    0.000E+00    0.000E+00    0.000E+00    0.000E+00    0.000E+00
     0.500     0.954    0.381E-03    0.352E-04    0.000E+00    0.000E+00    0.000E+00    0.000E+00    0.000E+00    0.000E+00    0.000E+00    0.000E+00    0.000E+00
     0.500     0.955    0.350E-03    0.325E-04    0.000E+00    0.000E+00    0.000E+00    0.000E+00    0.000E+00    0.000E+00    0.000E+00    0.000E+00    0.000E+00
     0.500     0.956    0.322E-03    0.299E-04    0.000E+00    0.000E+00    0.000E+00    0.000E+00    0.000E+00    0.000E+00    0.000E+00    0.000E+00    0.000E+00
     0.500     0.957    0.294E-03    0.274E-04    0.000E+00    0.000E+00    0.000E+00    0.000E+00    0.000E+00    0.000E+00    0.000E+00    0.000E+00    0.000E+00
     0.500     0.958    0.268E-03    0.250E-04    0.000E+00    0.000E+00    0.000E+00    0.000E+00    0.000E+00    0.000E+00    0.000E+00    0.000E+00    0.000E+00
     0.500     0.959    0.243E-03    0.228E-04    0.000E+00    0.000E+00    0.000E+00    0.000E+00    0.000E+00    0.000E+00    0.000E+00    0.000E+00    0.000E+00
     0.500     0.960    0.219E-03    0.206E-04    0.000E+00    0.000E+00    0.000E+00    0.000E+00    0.000E+00    0.000E+00    0.000E+00    0.000E+00    0.000E+00
     0.500     0.961    0.197E-03    0.186E-04    0.000E+00    0.000E+00    0.000E+00    0.000E+00    0.000E+00    0.000E+00    0.000E+00    0.000E+00    0.000E+00
     0.500     0.962    0.176E-03    0.166E-04    0.000E+00    0.000E+00    0.000E+00    0.000E+00    0.000E+00    0.000E+00    0.000E+00    0.000E+00    0.000E+00
     0.500     0.963    0.156E-03    0.148E-04    0.000E+00    0.000E+00    0.000E+00    0.000E+00    0.000E+00    0.000E+00    0.000E+00    0.000E+00    0.000E+00
     0.500     0.964    0.137E-03    0.130E-04    0.000E+00    0.000E+00    0.000E+00    0.000E+00    0.000E+00    0.000E+00    0.000E+00    0.000E+00    0.000E+00
     0.500     0.965    0.120E-03    0.114E-04    0.000E+00    0.000E+00    0.000E+00    0.000E+00    0.000E+00    0.000E+00    0.000E+00    0.000E+00    0.000E+00
     0.500     0.966    0.103E-03    0.985E-05    0.000E+00    0.000E+00    0.000E+00    0.000E+00    0.000E+00    0.000E+00    0.000E+00    0.000E+00    0.000E+00
     0.500     0.967    0.876E-04    0.840E-05    0.000E+00    0.000E+00    0.000E+00    0.000E+00    0.000E+00    0.000E+00    0.000E+00    0.000E+00    0.000E+00
     0.500     0.968    0.732E-04    0.705E-05    0.000E+00    0.000E+00    0.000E+00    0.000E+00    0.000E+00    0.000E+00    0.000E+00    0.000E+00    0.000E+00
     0.500     0.969    0.599E-04    0.578E-05    0.000E+00    0.000E+00    0.000E+00    0.000E+00    0.000E+00    0.000E+00    0.000E+00    0.000E+00    0.000E+00
     0.500     0.970    0.475E-04    0.461E-05    0.000E+00    0.000E+00    0.000E+00    0.000E+00    0.000E+00    0.000E+00    0.000E+00    0.000E+00    0.000E+00
     0.500     0.971    0.362E-04    0.352E-05    0.000E+00    0.000E+00    0.000E+00    0.000E+00    0.000E+00    0.000E+00    0.000E+00    0.000E+00    0.000E+00
     0.500     0.972    0.258E-04    0.252E-05    0.000E+00    0.000E+00    0.000E+00    0.000E+00    0.000E+00    0.000E+00    0.000E+00    0.000E+00    0.000E+00
     0.500     0.973    0.163E-04    0.160E-05    0.000E+00    0.000E+00    0.000E+00    0.000E+00    0.000E+00    0.000E+00    0.000E+00    0.000E+00    0.000E+00
     0.500     0.974    0.766E-05    0.756E-06    0.000E+00    0.000E+00    0.000E+00    0.000E+00    0.000E+00    0.000E+00    0.000E+00    0.000E+00    0.000E+00
     0.500     0.975    0.000E+00    0.000E+00    0.386E-08    0.192E-11    0.192E-11    0.319E-11    0.319E-11    0.000E+00    0.000E+00    0.000E+00    0.000E+00
     0.500     0.976    0.000E+00    0.000E+00    0.210E-07    0.102E-10    0.102E-10    0.698E-11    0.698E-11    0.000E+00    0.000E+00    0.000E+00    0.000E+00
     0.500     0.977    0.000E+00    0.000E+00    0.378E-07    0.185E-10    0.185E-10    0.108E-10    0.108E-10    0.000E+00    0.000E+00    0.000E+00    0.000E+00
     0.500     0.978    0.000E+00    0.000E+00    0.541E-07    0.267E-10    0.267E-10    0.145E-10    0.145E-10    0.000E+00    0.000E+00    0.000E+00    0.000E+00
     0.500     0.979    0.000E+00    0.000E+00    0.698E-07    0.347E-10    0.347E-10    0.181E-10    0.181E-10    0.000E+00    0.000E+00    0.000E+00    0.000E+00
     0.500     0.980    0.000E+00    0.000E+00    0.847E-07    0.424E-10    0.424E-10    0.217E-10    0.217E-10    0.000E+00    0.000E+00    0.000E+00    0.000E+00
     0.500     0.981    0.000E+00    0.000E+00    0.988E-07    0.499E-10    0.499E-10    0.250E-10    0.250E-10    0.000E+00    0.000E+00    0.000E+00    0.000E+00
     0.500     0.982    0.000E+00    0.000E+00    0.112E-06    0.568E-10    0.568E-10    0.281E-10    0.281E-10    0.000E+00    0.000E+00    0.000E+00    0.000E+00
     0.500     0.983    0.000E+00    0.000E+00    0.124E-06    0.633E-10    0.633E-10    0.310E-10    0.310E-10    0.000E+00    0.000E+00    0.000E+00    0.000E+00
     0.500     0.984    0.000E+00    0.000E+00    0.134E-06    0.691E-10    0.691E-10    0.336E-10    0.336E-10    0.000E+00    0.000E+00    0.000E+00    0.000E+00
     0.500     0.985    0.000E+00    0.000E+00    0.143E-06    0.741E-10    0.741E-10    0.359E-10    0.359E-10    0.000E+00    0.000E+00    0.000E+00    0.000E+00
     0.500     0.986    0.000E+00    0.000E+00    0.150E-06    0.784E-10    0.784E-10    0.377E-10    0.377E-10    0.000E+00    0.000E+00    0.000E+00    0.000E+00
     0.500     0.987    0.000E+00    0.000E+00    0.156E-06    0.818E-10    0.818E-10    0.392E-10    0.392E-10    0.000E+00    0.000E+00    0.000E+00    0.000E+00
     0.500     0.988    0.000E+00    0.000E+00    0.160E-06    0.841E-10    0.841E-10    0.402E-10    0.402E-10    0.000E+00    0.000E+00    0.000E+00    0.000E+00
     0.500     0.989    0.000E+00    0.000E+00    0.161E-06    0.854E-10    0.854E-10    0.407E-10    0.407E-10    0.000E+00    0.000E+00    0.000E+00    0.000E+00
     0.500     0.990    0.000E+00    0.000E+00    0.161E-06    0.855E-10    0.855E-10    0.406E-10    0.406E-10    0.000E+00    0.000E+00    0.000E+00    0.000E+00
     0.500     0.991    0.000E+00    0.000E+00    0.158E-06    0.843E-10    0.843E-10    0.399E-10    0.399E-10    0.000E+00    0.000E+00    0.000E+00    0.000E+00
     0.500     0.992    0.000E+00    0.000E+00    0.152E-06    0.817E-10    0.817E-10    0.386E-10    0.386E-10    0.000E+00    0.000E+00    0.000E+00    0.000E+00
     0.500     0.993    0.000E+00    0.000E+00    0.144E-06    0.777E-10    0.777E-10    0.366E-10    0.366E-10    0.000E+00    0.000E+00    0.000E+00    0.000E+00
     0.500     0.994    0.000E+00    0.000E+00    0.133E-06    0.721E-10    0.721E-10    0.339E-10    0.339E-10    0.000E+00    0.000E+00    0.000E+00    0.000E+00
     0.500     0.995    0.000E+00    0.000E+00    0.119E-06    0.648E-10    0.648E-10    0.304E-10    0.304E-10    0.000E+00    0.000E+00    0.000E+00    0.000E+00
     0.500     0.996    0.000E+00    0.000E+00    0.102E-06    0.557E-10    0.557E-10    0.262E-10    0.262E-10    0.000E+00    0.000E+00    0.000E+00    0.000E+00
     0.500     0.997    0.000E+00    0.000E+00    0.820E-07    0.448E-10    0.448E-10    0.210E-10    0.210E-10    0.000E+00    0.000E+00    0.000E+00    0.000E+00
     0.500     0.998    0.000E+00    0.000E+00    0.583E-07    0.320E-10    0.320E-10    0.150E-10    0.150E-10    0.000E+00    0.000E+00    0.000E+00    0.000E+00
     0.500     0.999    0.000E+00    0.000E+00    0.310E-07    0.171E-10    0.171E-10    0.798E-11    0.798E-11    0.000E+00    0.000E+00    0.000E+00    0.000E+00

