     Q**2          x         u           d           g          ub          db          sb          s          cb          c          bb          b
    15.000     0.001    0.653E+00    0.614E+00    0.136E+02    0.582E+00    0.590E+00    0.376E+00    0.376E+00    0.236E+00    0.236E+00    0.000E+00    0.000E+00
    15.000     0.002    0.582E+00    0.542E+00    0.105E+02    0.490E+00    0.502E+00    0.312E+00    0.312E+00    0.189E+00    0.189E+00    0.576E-17    0.576E-17
    15.000     0.003    0.548E+00    0.508E+00    0.885E+01    0.441E+00    0.455E+00    0.278E+00    0.278E+00    0.165E+00    0.165E+00    0.133E-16    0.133E-16
    15.000     0.004    0.529E+00    0.490E+00    0.793E+01    0.410E+00    0.426E+00    0.257E+00    0.257E+00    0.150E+00    0.150E+00    0.249E-17    0.249E-17
    15.000     0.005    0.517E+00    0.479E+00    0.727E+01    0.387E+00    0.405E+00    0.242E+00    0.242E+00    0.140E+00    0.140E+00    0.582E-17    0.582E-17
    15.000     0.006    0.508E+00    0.470E+00    0.673E+01    0.368E+00    0.387E+00    0.229E+00    0.229E+00    0.131E+00    0.131E+00    0.110E-17    0.110E-17
    15.000     0.007    0.503E+00    0.464E+00    0.632E+01    0.353E+00    0.373E+00    0.220E+00    0.220E+00    0.124E+00    0.124E+00    0.878E-17    0.878E-17
    15.000     0.008    0.497E+00    0.458E+00    0.594E+01    0.339E+00    0.359E+00    0.210E+00    0.210E+00    0.118E+00    0.118E+00    0.587E-17    0.587E-17
    15.000     0.009    0.494E+00    0.455E+00    0.566E+01    0.328E+00    0.348E+00    0.203E+00    0.203E+00    0.113E+00    0.113E+00    0.000E+00    0.000E+00
    15.000     0.010    0.490E+00    0.451E+00    0.538E+01    0.317E+00    0.337E+00    0.195E+00    0.195E+00    0.108E+00    0.108E+00    0.000E+00    0.000E+00
    15.000     0.011    0.489E+00    0.449E+00    0.516E+01    0.308E+00    0.329E+00    0.190E+00    0.190E+00    0.104E+00    0.104E+00    0.000E+00    0.000E+00
    15.000     0.012    0.487E+00    0.447E+00    0.494E+01    0.299E+00    0.320E+00    0.184E+00    0.184E+00    0.999E-01    0.999E-01    0.000E+00    0.000E+00
    15.000     0.013    0.486E+00    0.445E+00    0.476E+01    0.292E+00    0.312E+00    0.179E+00    0.179E+00    0.965E-01    0.965E-01    0.000E+00    0.000E+00
    15.000     0.014    0.486E+00    0.444E+00    0.460E+01    0.286E+00    0.306E+00    0.174E+00    0.174E+00    0.936E-01    0.936E-01    0.000E+00    0.000E+00
    15.000     0.015    0.485E+00    0.442E+00    0.444E+01    0.279E+00    0.299E+00    0.170E+00    0.170E+00    0.907E-01    0.907E-01    0.000E+00    0.000E+00
    15.000     0.016    0.485E+00    0.440E+00    0.430E+01    0.273E+00    0.292E+00    0.166E+00    0.166E+00    0.880E-01    0.880E-01    0.000E+00    0.000E+00
    15.000     0.017    0.486E+00    0.440E+00    0.418E+01    0.268E+00    0.287E+00    0.162E+00    0.162E+00    0.858E-01    0.858E-01    0.000E+00    0.000E+00
    15.000     0.018    0.486E+00    0.439E+00    0.406E+01    0.262E+00    0.281E+00    0.159E+00    0.159E+00    0.834E-01    0.834E-01    0.000E+00    0.000E+00
    15.000     0.019    0.486E+00    0.437E+00    0.395E+01    0.257E+00    0.276E+00    0.155E+00    0.155E+00    0.812E-01    0.812E-01    0.000E+00    0.000E+00
    15.000     0.020    0.487E+00    0.437E+00    0.385E+01    0.253E+00    0.271E+00    0.152E+00    0.152E+00    0.792E-01    0.792E-01    0.000E+00    0.000E+00
    15.000     0.021    0.488E+00    0.436E+00    0.376E+01    0.249E+00    0.266E+00    0.149E+00    0.149E+00    0.775E-01    0.775E-01    0.000E+00    0.000E+00
    15.000     0.022    0.489E+00    0.435E+00    0.366E+01    0.244E+00    0.262E+00    0.147E+00    0.147E+00    0.756E-01    0.756E-01    0.000E+00    0.000E+00
    15.000     0.023    0.490E+00    0.434E+00    0.357E+01    0.240E+00    0.257E+00    0.144E+00    0.144E+00    0.738E-01    0.738E-01    0.000E+00    0.000E+00
    15.000     0.024    0.491E+00    0.434E+00    0.348E+01    0.236E+00    0.253E+00    0.141E+00    0.141E+00    0.721E-01    0.721E-01    0.000E+00    0.000E+00
    15.000     0.025    0.492E+00    0.433E+00    0.340E+01    0.232E+00    0.249E+00    0.138E+00    0.138E+00    0.705E-01    0.705E-01    0.000E+00    0.000E+00
    15.000     0.026    0.493E+00    0.433E+00    0.333E+01    0.229E+00    0.245E+00    0.136E+00    0.136E+00    0.690E-01    0.690E-01    0.000E+00    0.000E+00
    15.000     0.027    0.494E+00    0.432E+00    0.326E+01    0.225E+00    0.241E+00    0.134E+00    0.134E+00    0.675E-01    0.675E-01    0.000E+00    0.000E+00
    15.000     0.028    0.495E+00    0.431E+00    0.319E+01    0.221E+00    0.237E+00    0.131E+00    0.131E+00    0.661E-01    0.661E-01    0.000E+00    0.000E+00
    15.000     0.029    0.497E+00    0.431E+00    0.312E+01    0.218E+00    0.234E+00    0.129E+00    0.129E+00    0.648E-01    0.648E-01    0.000E+00    0.000E+00
    15.000     0.030    0.498E+00    0.431E+00    0.307E+01    0.215E+00    0.231E+00    0.127E+00    0.127E+00    0.636E-01    0.636E-01    0.000E+00    0.000E+00
    15.000     0.031    0.500E+00    0.430E+00    0.301E+01    0.213E+00    0.228E+00    0.126E+00    0.126E+00    0.625E-01    0.625E-01    0.000E+00    0.000E+00
    15.000     0.032    0.501E+00    0.430E+00    0.296E+01    0.210E+00    0.225E+00    0.124E+00    0.124E+00    0.614E-01    0.614E-01    0.000E+00    0.000E+00
    15.000     0.033    0.502E+00    0.429E+00    0.291E+01    0.207E+00    0.222E+00    0.122E+00    0.122E+00    0.603E-01    0.603E-01    0.000E+00    0.000E+00
    15.000     0.034    0.504E+00    0.429E+00    0.287E+01    0.204E+00    0.219E+00    0.120E+00    0.120E+00    0.593E-01    0.593E-01    0.000E+00    0.000E+00
    15.000     0.035    0.505E+00    0.429E+00    0.282E+01    0.202E+00    0.216E+00    0.119E+00    0.119E+00    0.583E-01    0.583E-01    0.000E+00    0.000E+00
    15.000     0.036    0.507E+00    0.428E+00    0.278E+01    0.200E+00    0.214E+00    0.117E+00    0.117E+00    0.575E-01    0.575E-01    0.000E+00    0.000E+00
    15.000     0.037    0.509E+00    0.428E+00    0.275E+01    0.197E+00    0.212E+00    0.116E+00    0.116E+00    0.566E-01    0.566E-01    0.000E+00    0.000E+00
    15.000     0.038    0.510E+00    0.428E+00    0.271E+01    0.195E+00    0.209E+00    0.114E+00    0.114E+00    0.558E-01    0.558E-01    0.168E-19    0.168E-19
    15.000     0.039    0.512E+00    0.428E+00    0.267E+01    0.193E+00    0.207E+00    0.113E+00    0.113E+00    0.549E-01    0.549E-01    0.512E-18    0.512E-18
    15.000     0.040    0.513E+00    0.427E+00    0.263E+01    0.191E+00    0.205E+00    0.111E+00    0.111E+00    0.541E-01    0.541E-01    0.109E-17    0.109E-17
    15.000     0.041    0.514E+00    0.427E+00    0.259E+01    0.188E+00    0.202E+00    0.110E+00    0.110E+00    0.532E-01    0.532E-01    0.172E-17    0.172E-17
    15.000     0.042    0.516E+00    0.426E+00    0.255E+01    0.186E+00    0.200E+00    0.109E+00    0.109E+00    0.524E-01    0.524E-01    0.239E-17    0.239E-17
    15.000     0.043    0.517E+00    0.426E+00    0.252E+01    0.184E+00    0.198E+00    0.107E+00    0.107E+00    0.516E-01    0.516E-01    0.306E-17    0.306E-17
    15.000     0.044    0.519E+00    0.426E+00    0.248E+01    0.182E+00    0.196E+00    0.106E+00    0.106E+00    0.508E-01    0.508E-01    0.370E-17    0.370E-17
    15.000     0.045    0.520E+00    0.425E+00    0.245E+01    0.180E+00    0.194E+00    0.105E+00    0.105E+00    0.501E-01    0.501E-01    0.427E-17    0.427E-17
    15.000     0.046    0.522E+00    0.425E+00    0.241E+01    0.178E+00    0.192E+00    0.103E+00    0.103E+00    0.493E-01    0.493E-01    0.435E-17    0.435E-17
    15.000     0.047    0.523E+00    0.425E+00    0.238E+01    0.175E+00    0.190E+00    0.102E+00    0.102E+00    0.486E-01    0.486E-01    0.409E-17    0.409E-17
    15.000     0.048    0.524E+00    0.424E+00    0.235E+01    0.173E+00    0.188E+00    0.101E+00    0.101E+00    0.478E-01    0.478E-01    0.370E-17    0.370E-17
    15.000     0.049    0.525E+00    0.424E+00    0.232E+01    0.171E+00    0.186E+00    0.997E-01    0.997E-01    0.471E-01    0.471E-01    0.319E-17    0.319E-17
    15.000     0.050    0.527E+00    0.423E+00    0.229E+01    0.169E+00    0.184E+00    0.985E-01    0.985E-01    0.465E-01    0.465E-01    0.259E-17    0.259E-17
    15.000     0.051    0.528E+00    0.423E+00    0.226E+01    0.167E+00    0.182E+00    0.974E-01    0.974E-01    0.458E-01    0.458E-01    0.192E-17    0.192E-17
    15.000     0.052    0.530E+00    0.423E+00    0.223E+01    0.166E+00    0.180E+00    0.963E-01    0.963E-01    0.452E-01    0.452E-01    0.121E-17    0.121E-17
    15.000     0.053    0.531E+00    0.422E+00    0.220E+01    0.164E+00    0.179E+00    0.952E-01    0.952E-01    0.445E-01    0.445E-01    0.484E-18    0.484E-18
    15.000     0.054    0.532E+00    0.422E+00    0.217E+01    0.162E+00    0.177E+00    0.942E-01    0.942E-01    0.439E-01    0.439E-01    0.000E+00    0.000E+00
    15.000     0.055    0.533E+00    0.421E+00    0.215E+01    0.160E+00    0.175E+00    0.931E-01    0.931E-01    0.433E-01    0.433E-01    0.000E+00    0.000E+00
    15.000     0.056    0.535E+00    0.421E+00    0.212E+01    0.158E+00    0.174E+00    0.921E-01    0.921E-01    0.427E-01    0.427E-01    0.000E+00    0.000E+00
    15.000     0.057    0.536E+00    0.421E+00    0.210E+01    0.156E+00    0.172E+00    0.910E-01    0.910E-01    0.422E-01    0.422E-01    0.000E+00    0.000E+00
    15.000     0.058    0.537E+00    0.420E+00    0.207E+01    0.155E+00    0.171E+00    0.901E-01    0.901E-01    0.416E-01    0.416E-01    0.000E+00    0.000E+00
    15.000     0.059    0.538E+00    0.420E+00    0.205E+01    0.153E+00    0.169E+00    0.891E-01    0.891E-01    0.410E-01    0.410E-01    0.000E+00    0.000E+00
    15.000     0.060    0.540E+00    0.419E+00    0.202E+01    0.151E+00    0.168E+00    0.882E-01    0.882E-01    0.405E-01    0.405E-01    0.000E+00    0.000E+00
    15.000     0.061    0.541E+00    0.419E+00    0.200E+01    0.150E+00    0.166E+00    0.872E-01    0.872E-01    0.400E-01    0.400E-01    0.000E+00    0.000E+00
    15.000     0.062    0.542E+00    0.419E+00    0.198E+01    0.148E+00    0.165E+00    0.864E-01    0.864E-01    0.395E-01    0.395E-01    0.000E+00    0.000E+00
    15.000     0.063    0.544E+00    0.418E+00    0.196E+01    0.147E+00    0.164E+00    0.855E-01    0.855E-01    0.390E-01    0.390E-01    0.000E+00    0.000E+00
    15.000     0.064    0.545E+00    0.418E+00    0.194E+01    0.145E+00    0.162E+00    0.846E-01    0.846E-01    0.385E-01    0.385E-01    0.000E+00    0.000E+00
    15.000     0.065    0.546E+00    0.417E+00    0.191E+01    0.143E+00    0.161E+00    0.837E-01    0.837E-01    0.380E-01    0.380E-01    0.000E+00    0.000E+00
    15.000     0.066    0.547E+00    0.417E+00    0.189E+01    0.142E+00    0.160E+00    0.828E-01    0.828E-01    0.375E-01    0.375E-01    0.000E+00    0.000E+00
    15.000     0.067    0.548E+00    0.416E+00    0.187E+01    0.140E+00    0.158E+00    0.819E-01    0.819E-01    0.370E-01    0.370E-01    0.000E+00    0.000E+00
    15.000     0.068    0.549E+00    0.416E+00    0.185E+01    0.139E+00    0.157E+00    0.811E-01    0.811E-01    0.365E-01    0.365E-01    0.000E+00    0.000E+00
    15.000     0.069    0.550E+00    0.415E+00    0.183E+01    0.137E+00    0.156E+00    0.802E-01    0.802E-01    0.361E-01    0.361E-01    0.000E+00    0.000E+00
    15.000     0.070    0.551E+00    0.415E+00    0.181E+01    0.136E+00    0.154E+00    0.794E-01    0.794E-01    0.356E-01    0.356E-01    0.000E+00    0.000E+00
    15.000     0.071    0.553E+00    0.415E+00    0.179E+01    0.134E+00    0.153E+00    0.786E-01    0.786E-01    0.352E-01    0.352E-01    0.000E+00    0.000E+00
    15.000     0.072    0.554E+00    0.414E+00    0.177E+01    0.133E+00    0.152E+00    0.778E-01    0.778E-01    0.347E-01    0.347E-01    0.000E+00    0.000E+00
    15.000     0.073    0.555E+00    0.414E+00    0.175E+01    0.131E+00    0.151E+00    0.770E-01    0.770E-01    0.343E-01    0.343E-01    0.000E+00    0.000E+00
    15.000     0.074    0.556E+00    0.413E+00    0.173E+01    0.130E+00    0.150E+00    0.762E-01    0.762E-01    0.339E-01    0.339E-01    0.000E+00    0.000E+00
    15.000     0.075    0.557E+00    0.413E+00    0.171E+01    0.129E+00    0.148E+00    0.755E-01    0.755E-01    0.334E-01    0.334E-01    0.000E+00    0.000E+00
    15.000     0.076    0.558E+00    0.412E+00    0.170E+01    0.127E+00    0.147E+00    0.747E-01    0.747E-01    0.330E-01    0.330E-01    0.000E+00    0.000E+00
    15.000     0.077    0.559E+00    0.412E+00    0.168E+01    0.126E+00    0.146E+00    0.740E-01    0.740E-01    0.326E-01    0.326E-01    0.000E+00    0.000E+00
    15.000     0.078    0.560E+00    0.411E+00    0.166E+01    0.125E+00    0.145E+00    0.732E-01    0.732E-01    0.322E-01    0.322E-01    0.000E+00    0.000E+00
    15.000     0.079    0.561E+00    0.411E+00    0.164E+01    0.123E+00    0.144E+00    0.725E-01    0.725E-01    0.318E-01    0.318E-01    0.000E+00    0.000E+00
    15.000     0.080    0.562E+00    0.410E+00    0.163E+01    0.122E+00    0.143E+00    0.718E-01    0.718E-01    0.314E-01    0.314E-01    0.000E+00    0.000E+00
    15.000     0.081    0.563E+00    0.410E+00    0.161E+01    0.121E+00    0.142E+00    0.711E-01    0.711E-01    0.311E-01    0.311E-01    0.000E+00    0.000E+00
    15.000     0.082    0.564E+00    0.409E+00    0.159E+01    0.119E+00    0.141E+00    0.704E-01    0.704E-01    0.307E-01    0.307E-01    0.000E+00    0.000E+00
    15.000     0.083    0.565E+00    0.409E+00    0.158E+01    0.118E+00    0.140E+00    0.697E-01    0.697E-01    0.303E-01    0.303E-01    0.000E+00    0.000E+00
    15.000     0.084    0.566E+00    0.408E+00    0.156E+01    0.117E+00    0.139E+00    0.691E-01    0.691E-01    0.300E-01    0.300E-01    0.000E+00    0.000E+00
    15.000     0.085    0.567E+00    0.408E+00    0.155E+01    0.116E+00    0.138E+00    0.684E-01    0.684E-01    0.296E-01    0.296E-01    0.000E+00    0.000E+00
    15.000     0.086    0.568E+00    0.407E+00    0.153E+01    0.115E+00    0.137E+00    0.678E-01    0.678E-01    0.293E-01    0.293E-01    0.000E+00    0.000E+00
    15.000     0.087    0.569E+00    0.406E+00    0.152E+01    0.113E+00    0.135E+00    0.671E-01    0.671E-01    0.289E-01    0.289E-01    0.000E+00    0.000E+00
    15.000     0.088    0.570E+00    0.406E+00    0.150E+01    0.112E+00    0.134E+00    0.665E-01    0.665E-01    0.286E-01    0.286E-01    0.000E+00    0.000E+00
    15.000     0.089    0.570E+00    0.405E+00    0.149E+01    0.111E+00    0.133E+00    0.658E-01    0.658E-01    0.282E-01    0.282E-01    0.000E+00    0.000E+00
    15.000     0.090    0.571E+00    0.405E+00    0.147E+01    0.110E+00    0.132E+00    0.652E-01    0.652E-01    0.279E-01    0.279E-01    0.000E+00    0.000E+00
    15.000     0.091    0.572E+00    0.404E+00    0.146E+01    0.109E+00    0.132E+00    0.646E-01    0.646E-01    0.276E-01    0.276E-01    0.000E+00    0.000E+00
    15.000     0.092    0.573E+00    0.404E+00    0.144E+01    0.108E+00    0.131E+00    0.640E-01    0.640E-01    0.272E-01    0.272E-01    0.000E+00    0.000E+00
    15.000     0.093    0.574E+00    0.403E+00    0.143E+01    0.107E+00    0.130E+00    0.634E-01    0.634E-01    0.269E-01    0.269E-01    0.000E+00    0.000E+00
    15.000     0.094    0.575E+00    0.402E+00    0.141E+01    0.105E+00    0.129E+00    0.628E-01    0.628E-01    0.266E-01    0.266E-01    0.000E+00    0.000E+00
    15.000     0.095    0.576E+00    0.402E+00    0.140E+01    0.104E+00    0.128E+00    0.622E-01    0.622E-01    0.263E-01    0.263E-01    0.000E+00    0.000E+00
    15.000     0.096    0.577E+00    0.401E+00    0.139E+01    0.103E+00    0.127E+00    0.616E-01    0.616E-01    0.260E-01    0.260E-01    0.000E+00    0.000E+00
    15.000     0.097    0.577E+00    0.401E+00    0.137E+01    0.102E+00    0.126E+00    0.611E-01    0.611E-01    0.257E-01    0.257E-01    0.000E+00    0.000E+00
    15.000     0.098    0.578E+00    0.400E+00    0.136E+01    0.101E+00    0.125E+00    0.605E-01    0.605E-01    0.254E-01    0.254E-01    0.000E+00    0.000E+00
    15.000     0.099    0.579E+00    0.399E+00    0.135E+01    0.100E+00    0.124E+00    0.599E-01    0.599E-01    0.251E-01    0.251E-01    0.000E+00    0.000E+00
    15.000     0.100    0.580E+00    0.399E+00    0.133E+01    0.993E-01    0.123E+00    0.594E-01    0.594E-01    0.248E-01    0.248E-01    0.000E+00    0.000E+00
    15.000     0.101    0.581E+00    0.398E+00    0.132E+01    0.983E-01    0.122E+00    0.588E-01    0.588E-01    0.245E-01    0.245E-01    0.000E+00    0.000E+00
    15.000     0.102    0.581E+00    0.397E+00    0.131E+01    0.973E-01    0.121E+00    0.583E-01    0.583E-01    0.242E-01    0.242E-01    0.000E+00    0.000E+00
    15.000     0.103    0.582E+00    0.397E+00    0.130E+01    0.964E-01    0.120E+00    0.577E-01    0.577E-01    0.240E-01    0.240E-01    0.000E+00    0.000E+00
    15.000     0.104    0.583E+00    0.396E+00    0.128E+01    0.954E-01    0.120E+00    0.572E-01    0.572E-01    0.237E-01    0.237E-01    0.000E+00    0.000E+00
    15.000     0.105    0.584E+00    0.396E+00    0.127E+01    0.945E-01    0.119E+00    0.567E-01    0.567E-01    0.234E-01    0.234E-01    0.000E+00    0.000E+00
    15.000     0.106    0.584E+00    0.395E+00    0.126E+01    0.936E-01    0.118E+00    0.562E-01    0.562E-01    0.232E-01    0.232E-01    0.000E+00    0.000E+00
    15.000     0.107    0.585E+00    0.394E+00    0.125E+01    0.927E-01    0.117E+00    0.557E-01    0.557E-01    0.229E-01    0.229E-01    0.000E+00    0.000E+00
    15.000     0.108    0.586E+00    0.394E+00    0.124E+01    0.918E-01    0.116E+00    0.552E-01    0.552E-01    0.226E-01    0.226E-01    0.000E+00    0.000E+00
    15.000     0.109    0.586E+00    0.393E+00    0.122E+01    0.909E-01    0.115E+00    0.547E-01    0.547E-01    0.224E-01    0.224E-01    0.000E+00    0.000E+00
    15.000     0.110    0.587E+00    0.392E+00    0.121E+01    0.901E-01    0.114E+00    0.542E-01    0.542E-01    0.221E-01    0.221E-01    0.000E+00    0.000E+00
    15.000     0.111    0.588E+00    0.392E+00    0.120E+01    0.892E-01    0.114E+00    0.537E-01    0.537E-01    0.219E-01    0.219E-01    0.000E+00    0.000E+00
    15.000     0.112    0.588E+00    0.391E+00    0.119E+01    0.884E-01    0.113E+00    0.532E-01    0.532E-01    0.216E-01    0.216E-01    0.000E+00    0.000E+00
    15.000     0.113    0.589E+00    0.390E+00    0.118E+01    0.875E-01    0.112E+00    0.527E-01    0.527E-01    0.214E-01    0.214E-01    0.000E+00    0.000E+00
    15.000     0.114    0.590E+00    0.390E+00    0.117E+01    0.867E-01    0.111E+00    0.522E-01    0.522E-01    0.211E-01    0.211E-01    0.000E+00    0.000E+00
    15.000     0.115    0.590E+00    0.389E+00    0.116E+01    0.859E-01    0.110E+00    0.518E-01    0.518E-01    0.209E-01    0.209E-01    0.000E+00    0.000E+00
    15.000     0.116    0.591E+00    0.388E+00    0.115E+01    0.851E-01    0.110E+00    0.513E-01    0.513E-01    0.207E-01    0.207E-01    0.000E+00    0.000E+00
    15.000     0.117    0.592E+00    0.387E+00    0.114E+01    0.843E-01    0.109E+00    0.509E-01    0.509E-01    0.204E-01    0.204E-01    0.000E+00    0.000E+00
    15.000     0.118    0.592E+00    0.387E+00    0.113E+01    0.835E-01    0.108E+00    0.504E-01    0.504E-01    0.202E-01    0.202E-01    0.000E+00    0.000E+00
    15.000     0.119    0.593E+00    0.386E+00    0.112E+01    0.827E-01    0.107E+00    0.500E-01    0.500E-01    0.200E-01    0.200E-01    0.000E+00    0.000E+00
    15.000     0.120    0.593E+00    0.385E+00    0.111E+01    0.820E-01    0.106E+00    0.495E-01    0.495E-01    0.198E-01    0.198E-01    0.000E+00    0.000E+00
    15.000     0.121    0.594E+00    0.385E+00    0.109E+01    0.812E-01    0.106E+00    0.491E-01    0.491E-01    0.195E-01    0.195E-01    0.000E+00    0.000E+00
    15.000     0.122    0.594E+00    0.384E+00    0.109E+01    0.805E-01    0.105E+00    0.487E-01    0.487E-01    0.193E-01    0.193E-01    0.000E+00    0.000E+00
    15.000     0.123    0.595E+00    0.383E+00    0.108E+01    0.798E-01    0.104E+00    0.482E-01    0.482E-01    0.191E-01    0.191E-01    0.000E+00    0.000E+00
    15.000     0.124    0.596E+00    0.382E+00    0.107E+01    0.791E-01    0.103E+00    0.478E-01    0.478E-01    0.189E-01    0.189E-01    0.000E+00    0.000E+00
    15.000     0.125    0.596E+00    0.382E+00    0.106E+01    0.783E-01    0.103E+00    0.474E-01    0.474E-01    0.187E-01    0.187E-01    0.000E+00    0.000E+00
    15.000     0.126    0.597E+00    0.381E+00    0.105E+01    0.776E-01    0.102E+00    0.470E-01    0.470E-01    0.185E-01    0.185E-01    0.000E+00    0.000E+00
    15.000     0.127    0.597E+00    0.380E+00    0.104E+01    0.769E-01    0.101E+00    0.466E-01    0.466E-01    0.183E-01    0.183E-01    0.000E+00    0.000E+00
    15.000     0.128    0.598E+00    0.379E+00    0.103E+01    0.763E-01    0.100E+00    0.461E-01    0.461E-01    0.181E-01    0.181E-01    0.000E+00    0.000E+00
    15.000     0.129    0.598E+00    0.379E+00    0.102E+01    0.756E-01    0.995E-01    0.457E-01    0.457E-01    0.179E-01    0.179E-01    0.000E+00    0.000E+00
    15.000     0.130    0.598E+00    0.378E+00    0.101E+01    0.749E-01    0.987E-01    0.453E-01    0.453E-01    0.177E-01    0.177E-01    0.000E+00    0.000E+00
    15.000     0.131    0.599E+00    0.377E+00    0.999E+00    0.743E-01    0.980E-01    0.449E-01    0.449E-01    0.175E-01    0.175E-01    0.000E+00    0.000E+00
    15.000     0.132    0.599E+00    0.376E+00    0.990E+00    0.736E-01    0.973E-01    0.445E-01    0.445E-01    0.173E-01    0.173E-01    0.000E+00    0.000E+00
    15.000     0.133    0.600E+00    0.376E+00    0.981E+00    0.730E-01    0.965E-01    0.442E-01    0.442E-01    0.171E-01    0.171E-01    0.000E+00    0.000E+00
    15.000     0.134    0.600E+00    0.375E+00    0.972E+00    0.723E-01    0.958E-01    0.438E-01    0.438E-01    0.169E-01    0.169E-01    0.000E+00    0.000E+00
    15.000     0.135    0.601E+00    0.374E+00    0.964E+00    0.717E-01    0.951E-01    0.434E-01    0.434E-01    0.167E-01    0.167E-01    0.000E+00    0.000E+00
    15.000     0.136    0.601E+00    0.373E+00    0.955E+00    0.711E-01    0.944E-01    0.430E-01    0.430E-01    0.165E-01    0.165E-01    0.000E+00    0.000E+00
    15.000     0.137    0.601E+00    0.373E+00    0.946E+00    0.705E-01    0.937E-01    0.426E-01    0.426E-01    0.164E-01    0.164E-01    0.000E+00    0.000E+00
    15.000     0.138    0.602E+00    0.372E+00    0.938E+00    0.699E-01    0.930E-01    0.423E-01    0.423E-01    0.162E-01    0.162E-01    0.282E-19    0.282E-19
    15.000     0.139    0.602E+00    0.371E+00    0.929E+00    0.693E-01    0.923E-01    0.419E-01    0.419E-01    0.160E-01    0.160E-01    0.928E-19    0.928E-19
    15.000     0.140    0.602E+00    0.370E+00    0.921E+00    0.687E-01    0.915E-01    0.415E-01    0.415E-01    0.158E-01    0.158E-01    0.168E-18    0.168E-18
    15.000     0.141    0.603E+00    0.369E+00    0.913E+00    0.681E-01    0.908E-01    0.412E-01    0.412E-01    0.156E-01    0.156E-01    0.254E-18    0.254E-18
    15.000     0.142    0.603E+00    0.369E+00    0.905E+00    0.676E-01    0.902E-01    0.408E-01    0.408E-01    0.155E-01    0.155E-01    0.351E-18    0.351E-18
    15.000     0.143    0.603E+00    0.368E+00    0.896E+00    0.670E-01    0.895E-01    0.405E-01    0.405E-01    0.153E-01    0.153E-01    0.460E-18    0.460E-18
    15.000     0.144    0.604E+00    0.367E+00    0.888E+00    0.664E-01    0.888E-01    0.401E-01    0.401E-01    0.151E-01    0.151E-01    0.581E-18    0.581E-18
    15.000     0.145    0.604E+00    0.366E+00    0.880E+00    0.659E-01    0.881E-01    0.398E-01    0.398E-01    0.150E-01    0.150E-01    0.715E-18    0.715E-18
    15.000     0.146    0.604E+00    0.365E+00    0.873E+00    0.653E-01    0.874E-01    0.394E-01    0.394E-01    0.148E-01    0.148E-01    0.863E-18    0.863E-18
    15.000     0.147    0.605E+00    0.365E+00    0.865E+00    0.648E-01    0.868E-01    0.391E-01    0.391E-01    0.146E-01    0.146E-01    0.102E-17    0.102E-17
    15.000     0.148    0.605E+00    0.364E+00    0.857E+00    0.643E-01    0.861E-01    0.388E-01    0.388E-01    0.145E-01    0.145E-01    0.120E-17    0.120E-17
    15.000     0.149    0.605E+00    0.363E+00    0.849E+00    0.637E-01    0.854E-01    0.384E-01    0.384E-01    0.143E-01    0.143E-01    0.139E-17    0.139E-17
    15.000     0.150    0.605E+00    0.362E+00    0.842E+00    0.632E-01    0.848E-01    0.381E-01    0.381E-01    0.142E-01    0.142E-01    0.160E-17    0.160E-17
    15.000     0.151    0.606E+00    0.361E+00    0.834E+00    0.627E-01    0.841E-01    0.378E-01    0.378E-01    0.140E-01    0.140E-01    0.182E-17    0.182E-17
    15.000     0.152    0.606E+00    0.361E+00    0.827E+00    0.622E-01    0.835E-01    0.375E-01    0.375E-01    0.139E-01    0.139E-01    0.206E-17    0.206E-17
    15.000     0.153    0.606E+00    0.360E+00    0.820E+00    0.617E-01    0.828E-01    0.371E-01    0.371E-01    0.137E-01    0.137E-01    0.236E-17    0.236E-17
    15.000     0.154    0.606E+00    0.359E+00    0.812E+00    0.612E-01    0.822E-01    0.368E-01    0.368E-01    0.136E-01    0.136E-01    0.277E-17    0.277E-17
    15.000     0.155    0.606E+00    0.358E+00    0.805E+00    0.607E-01    0.815E-01    0.365E-01    0.365E-01    0.134E-01    0.134E-01    0.319E-17    0.319E-17
    15.000     0.156    0.607E+00    0.357E+00    0.798E+00    0.602E-01    0.809E-01    0.362E-01    0.362E-01    0.133E-01    0.133E-01    0.362E-17    0.362E-17
    15.000     0.157    0.607E+00    0.356E+00    0.791E+00    0.598E-01    0.803E-01    0.359E-01    0.359E-01    0.131E-01    0.131E-01    0.407E-17    0.407E-17
    15.000     0.158    0.607E+00    0.356E+00    0.784E+00    0.593E-01    0.796E-01    0.356E-01    0.356E-01    0.130E-01    0.130E-01    0.452E-17    0.452E-17
    15.000     0.159    0.607E+00    0.355E+00    0.777E+00    0.588E-01    0.790E-01    0.353E-01    0.353E-01    0.128E-01    0.128E-01    0.498E-17    0.498E-17
    15.000     0.160    0.607E+00    0.354E+00    0.770E+00    0.584E-01    0.784E-01    0.350E-01    0.350E-01    0.127E-01    0.127E-01    0.544E-17    0.544E-17
    15.000     0.161    0.607E+00    0.353E+00    0.763E+00    0.579E-01    0.778E-01    0.347E-01    0.347E-01    0.126E-01    0.126E-01    0.589E-17    0.589E-17
    15.000     0.162    0.607E+00    0.352E+00    0.756E+00    0.575E-01    0.771E-01    0.344E-01    0.344E-01    0.124E-01    0.124E-01    0.634E-17    0.634E-17
    15.000     0.163    0.607E+00    0.351E+00    0.749E+00    0.570E-01    0.765E-01    0.341E-01    0.341E-01    0.123E-01    0.123E-01    0.679E-17    0.679E-17
    15.000     0.164    0.607E+00    0.351E+00    0.743E+00    0.566E-01    0.759E-01    0.338E-01    0.338E-01    0.122E-01    0.122E-01    0.722E-17    0.722E-17
    15.000     0.165    0.608E+00    0.350E+00    0.736E+00    0.561E-01    0.753E-01    0.335E-01    0.335E-01    0.120E-01    0.120E-01    0.763E-17    0.763E-17
    15.000     0.166    0.608E+00    0.349E+00    0.730E+00    0.557E-01    0.747E-01    0.332E-01    0.332E-01    0.119E-01    0.119E-01    0.803E-17    0.803E-17
    15.000     0.167    0.608E+00    0.348E+00    0.723E+00    0.553E-01    0.741E-01    0.329E-01    0.329E-01    0.118E-01    0.118E-01    0.840E-17    0.840E-17
    15.000     0.168    0.608E+00    0.347E+00    0.717E+00    0.549E-01    0.735E-01    0.327E-01    0.327E-01    0.116E-01    0.116E-01    0.874E-17    0.874E-17
    15.000     0.169    0.608E+00    0.346E+00    0.710E+00    0.544E-01    0.730E-01    0.324E-01    0.324E-01    0.115E-01    0.115E-01    0.894E-17    0.894E-17
    15.000     0.170    0.608E+00    0.345E+00    0.704E+00    0.540E-01    0.724E-01    0.321E-01    0.321E-01    0.114E-01    0.114E-01    0.901E-17    0.901E-17
    15.000     0.171    0.608E+00    0.345E+00    0.698E+00    0.536E-01    0.718E-01    0.318E-01    0.318E-01    0.113E-01    0.113E-01    0.905E-17    0.905E-17
    15.000     0.172    0.608E+00    0.344E+00    0.692E+00    0.532E-01    0.712E-01    0.316E-01    0.316E-01    0.111E-01    0.111E-01    0.905E-17    0.905E-17
    15.000     0.173    0.608E+00    0.343E+00    0.685E+00    0.528E-01    0.706E-01    0.313E-01    0.313E-01    0.110E-01    0.110E-01    0.903E-17    0.903E-17
    15.000     0.174    0.608E+00    0.342E+00    0.679E+00    0.524E-01    0.701E-01    0.310E-01    0.310E-01    0.109E-01    0.109E-01    0.897E-17    0.897E-17
    15.000     0.175    0.608E+00    0.341E+00    0.673E+00    0.520E-01    0.695E-01    0.308E-01    0.308E-01    0.108E-01    0.108E-01    0.888E-17    0.888E-17
    15.000     0.176    0.607E+00    0.340E+00    0.667E+00    0.516E-01    0.689E-01    0.305E-01    0.305E-01    0.107E-01    0.107E-01    0.876E-17    0.876E-17
    15.000     0.177    0.607E+00    0.339E+00    0.661E+00    0.512E-01    0.684E-01    0.302E-01    0.302E-01    0.105E-01    0.105E-01    0.862E-17    0.862E-17
    15.000     0.178    0.607E+00    0.339E+00    0.655E+00    0.509E-01    0.678E-01    0.300E-01    0.300E-01    0.104E-01    0.104E-01    0.845E-17    0.845E-17
    15.000     0.179    0.607E+00    0.338E+00    0.650E+00    0.505E-01    0.673E-01    0.297E-01    0.297E-01    0.103E-01    0.103E-01    0.825E-17    0.825E-17
    15.000     0.180    0.607E+00    0.337E+00    0.644E+00    0.501E-01    0.667E-01    0.295E-01    0.295E-01    0.102E-01    0.102E-01    0.802E-17    0.802E-17
    15.000     0.181    0.607E+00    0.336E+00    0.638E+00    0.497E-01    0.662E-01    0.292E-01    0.292E-01    0.101E-01    0.101E-01    0.778E-17    0.778E-17
    15.000     0.182    0.607E+00    0.335E+00    0.633E+00    0.494E-01    0.656E-01    0.290E-01    0.290E-01    0.998E-02    0.998E-02    0.751E-17    0.751E-17
    15.000     0.183    0.607E+00    0.334E+00    0.627E+00    0.490E-01    0.651E-01    0.287E-01    0.287E-01    0.987E-02    0.987E-02    0.722E-17    0.722E-17
    15.000     0.184    0.607E+00    0.333E+00    0.621E+00    0.487E-01    0.646E-01    0.285E-01    0.285E-01    0.976E-02    0.976E-02    0.692E-17    0.692E-17
    15.000     0.185    0.606E+00    0.333E+00    0.616E+00    0.483E-01    0.640E-01    0.283E-01    0.283E-01    0.966E-02    0.966E-02    0.658E-17    0.658E-17
    15.000     0.186    0.606E+00    0.332E+00    0.610E+00    0.480E-01    0.635E-01    0.280E-01    0.280E-01    0.955E-02    0.955E-02    0.618E-17    0.618E-17
    15.000     0.187    0.606E+00    0.331E+00    0.605E+00    0.476E-01    0.630E-01    0.278E-01    0.278E-01    0.944E-02    0.944E-02    0.577E-17    0.577E-17
    15.000     0.188    0.606E+00    0.330E+00    0.599E+00    0.473E-01    0.625E-01    0.276E-01    0.276E-01    0.934E-02    0.934E-02    0.535E-17    0.535E-17
    15.000     0.189    0.606E+00    0.329E+00    0.594E+00    0.469E-01    0.620E-01    0.273E-01    0.273E-01    0.924E-02    0.924E-02    0.492E-17    0.492E-17
    15.000     0.190    0.605E+00    0.328E+00    0.589E+00    0.466E-01    0.614E-01    0.271E-01    0.271E-01    0.914E-02    0.914E-02    0.449E-17    0.449E-17
    15.000     0.191    0.605E+00    0.327E+00    0.584E+00    0.463E-01    0.609E-01    0.269E-01    0.269E-01    0.904E-02    0.904E-02    0.405E-17    0.405E-17
    15.000     0.192    0.605E+00    0.326E+00    0.578E+00    0.459E-01    0.604E-01    0.266E-01    0.266E-01    0.894E-02    0.894E-02    0.361E-17    0.361E-17
    15.000     0.193    0.605E+00    0.325E+00    0.573E+00    0.456E-01    0.599E-01    0.264E-01    0.264E-01    0.884E-02    0.884E-02    0.317E-17    0.317E-17
    15.000     0.194    0.604E+00    0.325E+00    0.568E+00    0.453E-01    0.594E-01    0.262E-01    0.262E-01    0.874E-02    0.874E-02    0.275E-17    0.275E-17
    15.000     0.195    0.604E+00    0.324E+00    0.563E+00    0.449E-01    0.589E-01    0.260E-01    0.260E-01    0.865E-02    0.865E-02    0.233E-17    0.233E-17
    15.000     0.196    0.604E+00    0.323E+00    0.558E+00    0.446E-01    0.584E-01    0.257E-01    0.257E-01    0.855E-02    0.855E-02    0.192E-17    0.192E-17
    15.000     0.197    0.604E+00    0.322E+00    0.553E+00    0.443E-01    0.580E-01    0.255E-01    0.255E-01    0.846E-02    0.846E-02    0.153E-17    0.153E-17
    15.000     0.198    0.603E+00    0.321E+00    0.548E+00    0.440E-01    0.575E-01    0.253E-01    0.253E-01    0.837E-02    0.837E-02    0.116E-17    0.116E-17
    15.000     0.199    0.603E+00    0.320E+00    0.543E+00    0.437E-01    0.570E-01    0.251E-01    0.251E-01    0.828E-02    0.828E-02    0.808E-18    0.808E-18
    15.000     0.200    0.603E+00    0.319E+00    0.538E+00    0.434E-01    0.565E-01    0.249E-01    0.249E-01    0.819E-02    0.819E-02    0.486E-18    0.486E-18
    15.000     0.201    0.602E+00    0.318E+00    0.534E+00    0.431E-01    0.560E-01    0.247E-01    0.247E-01    0.810E-02    0.810E-02    0.193E-18    0.193E-18
    15.000     0.202    0.602E+00    0.317E+00    0.529E+00    0.428E-01    0.556E-01    0.245E-01    0.245E-01    0.801E-02    0.801E-02    0.194E-19    0.194E-19
    15.000     0.203    0.602E+00    0.317E+00    0.524E+00    0.425E-01    0.551E-01    0.243E-01    0.243E-01    0.792E-02    0.792E-02    0.116E-18    0.116E-18
    15.000     0.204    0.601E+00    0.316E+00    0.519E+00    0.422E-01    0.546E-01    0.241E-01    0.241E-01    0.783E-02    0.783E-02    0.249E-18    0.249E-18
    15.000     0.205    0.601E+00    0.315E+00    0.515E+00    0.419E-01    0.542E-01    0.239E-01    0.239E-01    0.774E-02    0.774E-02    0.415E-18    0.415E-18
    15.000     0.206    0.601E+00    0.314E+00    0.510E+00    0.416E-01    0.537E-01    0.237E-01    0.237E-01    0.766E-02    0.766E-02    0.612E-18    0.612E-18
    15.000     0.207    0.600E+00    0.313E+00    0.505E+00    0.413E-01    0.533E-01    0.235E-01    0.235E-01    0.757E-02    0.757E-02    0.835E-18    0.835E-18
    15.000     0.208    0.600E+00    0.312E+00    0.501E+00    0.410E-01    0.528E-01    0.233E-01    0.233E-01    0.749E-02    0.749E-02    0.108E-17    0.108E-17
    15.000     0.209    0.599E+00    0.311E+00    0.496E+00    0.407E-01    0.524E-01    0.231E-01    0.231E-01    0.741E-02    0.741E-02    0.135E-17    0.135E-17
    15.000     0.210    0.599E+00    0.310E+00    0.492E+00    0.404E-01    0.519E-01    0.229E-01    0.229E-01    0.733E-02    0.733E-02    0.164E-17    0.164E-17
    15.000     0.211    0.599E+00    0.309E+00    0.487E+00    0.401E-01    0.515E-01    0.227E-01    0.227E-01    0.725E-02    0.725E-02    0.194E-17    0.194E-17
    15.000     0.212    0.598E+00    0.309E+00    0.483E+00    0.399E-01    0.510E-01    0.225E-01    0.225E-01    0.717E-02    0.717E-02    0.225E-17    0.225E-17
    15.000     0.213    0.598E+00    0.308E+00    0.479E+00    0.396E-01    0.506E-01    0.223E-01    0.223E-01    0.709E-02    0.709E-02    0.257E-17    0.257E-17
    15.000     0.214    0.597E+00    0.307E+00    0.474E+00    0.393E-01    0.502E-01    0.221E-01    0.221E-01    0.701E-02    0.701E-02    0.289E-17    0.289E-17
    15.000     0.215    0.597E+00    0.306E+00    0.470E+00    0.390E-01    0.498E-01    0.219E-01    0.219E-01    0.693E-02    0.693E-02    0.322E-17    0.322E-17
    15.000     0.216    0.596E+00    0.305E+00    0.466E+00    0.388E-01    0.493E-01    0.217E-01    0.217E-01    0.685E-02    0.685E-02    0.354E-17    0.354E-17
    15.000     0.217    0.596E+00    0.304E+00    0.462E+00    0.385E-01    0.489E-01    0.215E-01    0.215E-01    0.678E-02    0.678E-02    0.385E-17    0.385E-17
    15.000     0.218    0.595E+00    0.303E+00    0.458E+00    0.382E-01    0.485E-01    0.214E-01    0.214E-01    0.670E-02    0.670E-02    0.415E-17    0.415E-17
    15.000     0.219    0.595E+00    0.302E+00    0.453E+00    0.380E-01    0.481E-01    0.212E-01    0.212E-01    0.663E-02    0.663E-02    0.444E-17    0.444E-17
    15.000     0.220    0.594E+00    0.301E+00    0.449E+00    0.377E-01    0.477E-01    0.210E-01    0.210E-01    0.656E-02    0.656E-02    0.441E-17    0.441E-17
    15.000     0.221    0.594E+00    0.300E+00    0.445E+00    0.374E-01    0.473E-01    0.208E-01    0.208E-01    0.648E-02    0.648E-02    0.437E-17    0.437E-17
    15.000     0.222    0.593E+00    0.299E+00    0.441E+00    0.372E-01    0.469E-01    0.207E-01    0.207E-01    0.641E-02    0.641E-02    0.430E-17    0.430E-17
    15.000     0.223    0.593E+00    0.299E+00    0.437E+00    0.369E-01    0.464E-01    0.205E-01    0.205E-01    0.634E-02    0.634E-02    0.422E-17    0.422E-17
    15.000     0.224    0.592E+00    0.298E+00    0.433E+00    0.367E-01    0.460E-01    0.203E-01    0.203E-01    0.627E-02    0.627E-02    0.411E-17    0.411E-17
    15.000     0.225    0.591E+00    0.297E+00    0.429E+00    0.364E-01    0.457E-01    0.201E-01    0.201E-01    0.620E-02    0.620E-02    0.400E-17    0.400E-17
    15.000     0.226    0.591E+00    0.296E+00    0.425E+00    0.362E-01    0.453E-01    0.200E-01    0.200E-01    0.613E-02    0.613E-02    0.387E-17    0.387E-17
    15.000     0.227    0.590E+00    0.295E+00    0.422E+00    0.359E-01    0.449E-01    0.198E-01    0.198E-01    0.606E-02    0.606E-02    0.373E-17    0.373E-17
    15.000     0.228    0.590E+00    0.294E+00    0.418E+00    0.357E-01    0.445E-01    0.196E-01    0.196E-01    0.599E-02    0.599E-02    0.359E-17    0.359E-17
    15.000     0.229    0.589E+00    0.293E+00    0.414E+00    0.354E-01    0.441E-01    0.195E-01    0.195E-01    0.593E-02    0.593E-02    0.344E-17    0.344E-17
    15.000     0.230    0.588E+00    0.292E+00    0.410E+00    0.352E-01    0.437E-01    0.193E-01    0.193E-01    0.586E-02    0.586E-02    0.328E-17    0.328E-17
    15.000     0.231    0.588E+00    0.291E+00    0.406E+00    0.349E-01    0.433E-01    0.191E-01    0.191E-01    0.580E-02    0.580E-02    0.312E-17    0.312E-17
    15.000     0.232    0.587E+00    0.290E+00    0.403E+00    0.347E-01    0.430E-01    0.190E-01    0.190E-01    0.573E-02    0.573E-02    0.296E-17    0.296E-17
    15.000     0.233    0.587E+00    0.289E+00    0.399E+00    0.345E-01    0.426E-01    0.188E-01    0.188E-01    0.567E-02    0.567E-02    0.280E-17    0.280E-17
    15.000     0.234    0.586E+00    0.289E+00    0.395E+00    0.342E-01    0.422E-01    0.186E-01    0.186E-01    0.560E-02    0.560E-02    0.264E-17    0.264E-17
    15.000     0.235    0.585E+00    0.288E+00    0.392E+00    0.340E-01    0.419E-01    0.185E-01    0.185E-01    0.554E-02    0.554E-02    0.249E-17    0.249E-17
    15.000     0.236    0.585E+00    0.287E+00    0.388E+00    0.337E-01    0.415E-01    0.183E-01    0.183E-01    0.548E-02    0.548E-02    0.235E-17    0.235E-17
    15.000     0.237    0.584E+00    0.286E+00    0.385E+00    0.335E-01    0.411E-01    0.182E-01    0.182E-01    0.542E-02    0.542E-02    0.222E-17    0.222E-17
    15.000     0.238    0.583E+00    0.285E+00    0.381E+00    0.333E-01    0.408E-01    0.180E-01    0.180E-01    0.536E-02    0.536E-02    0.231E-17    0.231E-17
    15.000     0.239    0.583E+00    0.284E+00    0.378E+00    0.331E-01    0.404E-01    0.179E-01    0.179E-01    0.530E-02    0.530E-02    0.242E-17    0.242E-17
    15.000     0.240    0.582E+00    0.283E+00    0.374E+00    0.328E-01    0.401E-01    0.177E-01    0.177E-01    0.524E-02    0.524E-02    0.253E-17    0.253E-17
    15.000     0.241    0.581E+00    0.282E+00    0.371E+00    0.326E-01    0.397E-01    0.176E-01    0.176E-01    0.518E-02    0.518E-02    0.265E-17    0.265E-17
    15.000     0.242    0.580E+00    0.281E+00    0.367E+00    0.324E-01    0.394E-01    0.174E-01    0.174E-01    0.512E-02    0.512E-02    0.278E-17    0.278E-17
    15.000     0.243    0.580E+00    0.280E+00    0.364E+00    0.321E-01    0.390E-01    0.173E-01    0.173E-01    0.506E-02    0.506E-02    0.292E-17    0.292E-17
    15.000     0.244    0.579E+00    0.279E+00    0.361E+00    0.319E-01    0.387E-01    0.171E-01    0.171E-01    0.500E-02    0.500E-02    0.306E-17    0.306E-17
    15.000     0.245    0.578E+00    0.279E+00    0.357E+00    0.317E-01    0.383E-01    0.170E-01    0.170E-01    0.495E-02    0.495E-02    0.321E-17    0.321E-17
    15.000     0.246    0.577E+00    0.278E+00    0.354E+00    0.315E-01    0.380E-01    0.168E-01    0.168E-01    0.489E-02    0.489E-02    0.335E-17    0.335E-17
    15.000     0.247    0.577E+00    0.277E+00    0.351E+00    0.313E-01    0.377E-01    0.167E-01    0.167E-01    0.484E-02    0.484E-02    0.350E-17    0.350E-17
    15.000     0.248    0.576E+00    0.276E+00    0.347E+00    0.310E-01    0.373E-01    0.165E-01    0.165E-01    0.478E-02    0.478E-02    0.364E-17    0.364E-17
    15.000     0.249    0.575E+00    0.275E+00    0.344E+00    0.308E-01    0.370E-01    0.164E-01    0.164E-01    0.473E-02    0.473E-02    0.378E-17    0.378E-17
    15.000     0.250    0.574E+00    0.274E+00    0.341E+00    0.306E-01    0.367E-01    0.163E-01    0.163E-01    0.468E-02    0.468E-02    0.392E-17    0.392E-17
    15.000     0.251    0.574E+00    0.273E+00    0.338E+00    0.304E-01    0.364E-01    0.161E-01    0.161E-01    0.462E-02    0.462E-02    0.404E-17    0.404E-17
    15.000     0.252    0.573E+00    0.272E+00    0.335E+00    0.302E-01    0.361E-01    0.160E-01    0.160E-01    0.457E-02    0.457E-02    0.416E-17    0.416E-17
    15.000     0.253    0.572E+00    0.271E+00    0.332E+00    0.300E-01    0.357E-01    0.159E-01    0.159E-01    0.452E-02    0.452E-02    0.426E-17    0.426E-17
    15.000     0.254    0.571E+00    0.270E+00    0.329E+00    0.298E-01    0.354E-01    0.157E-01    0.157E-01    0.447E-02    0.447E-02    0.435E-17    0.435E-17
    15.000     0.255    0.570E+00    0.269E+00    0.326E+00    0.296E-01    0.351E-01    0.156E-01    0.156E-01    0.442E-02    0.442E-02    0.442E-17    0.442E-17
    15.000     0.256    0.569E+00    0.268E+00    0.323E+00    0.294E-01    0.348E-01    0.155E-01    0.155E-01    0.437E-02    0.437E-02    0.433E-17    0.433E-17
    15.000     0.257    0.569E+00    0.268E+00    0.320E+00    0.292E-01    0.345E-01    0.153E-01    0.153E-01    0.432E-02    0.432E-02    0.416E-17    0.416E-17
    15.000     0.258    0.568E+00    0.267E+00    0.317E+00    0.289E-01    0.342E-01    0.152E-01    0.152E-01    0.427E-02    0.427E-02    0.398E-17    0.398E-17
    15.000     0.259    0.567E+00    0.266E+00    0.314E+00    0.287E-01    0.339E-01    0.151E-01    0.151E-01    0.422E-02    0.422E-02    0.378E-17    0.378E-17
    15.000     0.260    0.566E+00    0.265E+00    0.311E+00    0.285E-01    0.336E-01    0.149E-01    0.149E-01    0.417E-02    0.417E-02    0.357E-17    0.357E-17
    15.000     0.261    0.565E+00    0.264E+00    0.308E+00    0.283E-01    0.333E-01    0.148E-01    0.148E-01    0.412E-02    0.412E-02    0.335E-17    0.335E-17
    15.000     0.262    0.564E+00    0.263E+00    0.305E+00    0.281E-01    0.330E-01    0.147E-01    0.147E-01    0.408E-02    0.408E-02    0.311E-17    0.311E-17
    15.000     0.263    0.563E+00    0.262E+00    0.302E+00    0.279E-01    0.327E-01    0.145E-01    0.145E-01    0.403E-02    0.403E-02    0.286E-17    0.286E-17
    15.000     0.264    0.562E+00    0.261E+00    0.299E+00    0.277E-01    0.324E-01    0.144E-01    0.144E-01    0.398E-02    0.398E-02    0.261E-17    0.261E-17
    15.000     0.265    0.562E+00    0.260E+00    0.296E+00    0.276E-01    0.321E-01    0.143E-01    0.143E-01    0.394E-02    0.394E-02    0.234E-17    0.234E-17
    15.000     0.266    0.561E+00    0.259E+00    0.294E+00    0.274E-01    0.319E-01    0.142E-01    0.142E-01    0.389E-02    0.389E-02    0.208E-17    0.208E-17
    15.000     0.267    0.560E+00    0.258E+00    0.291E+00    0.272E-01    0.316E-01    0.141E-01    0.141E-01    0.385E-02    0.385E-02    0.181E-17    0.181E-17
    15.000     0.268    0.559E+00    0.257E+00    0.288E+00    0.270E-01    0.313E-01    0.139E-01    0.139E-01    0.380E-02    0.380E-02    0.154E-17    0.154E-17
    15.000     0.269    0.558E+00    0.257E+00    0.285E+00    0.268E-01    0.310E-01    0.138E-01    0.138E-01    0.376E-02    0.376E-02    0.127E-17    0.127E-17
    15.000     0.270    0.557E+00    0.256E+00    0.283E+00    0.266E-01    0.307E-01    0.137E-01    0.137E-01    0.372E-02    0.372E-02    0.997E-18    0.997E-18
    15.000     0.271    0.556E+00    0.255E+00    0.280E+00    0.264E-01    0.305E-01    0.136E-01    0.136E-01    0.367E-02    0.367E-02    0.732E-18    0.732E-18
    15.000     0.272    0.555E+00    0.254E+00    0.277E+00    0.262E-01    0.302E-01    0.135E-01    0.135E-01    0.363E-02    0.363E-02    0.474E-18    0.474E-18
    15.000     0.273    0.554E+00    0.253E+00    0.275E+00    0.260E-01    0.299E-01    0.133E-01    0.133E-01    0.359E-02    0.359E-02    0.223E-18    0.223E-18
    15.000     0.274    0.553E+00    0.252E+00    0.272E+00    0.258E-01    0.297E-01    0.132E-01    0.132E-01    0.355E-02    0.355E-02    0.000E+00    0.000E+00
    15.000     0.275    0.552E+00    0.251E+00    0.270E+00    0.257E-01    0.294E-01    0.131E-01    0.131E-01    0.351E-02    0.351E-02    0.000E+00    0.000E+00
    15.000     0.276    0.551E+00    0.250E+00    0.267E+00    0.255E-01    0.291E-01    0.130E-01    0.130E-01    0.347E-02    0.347E-02    0.000E+00    0.000E+00
    15.000     0.277    0.550E+00    0.249E+00    0.265E+00    0.253E-01    0.289E-01    0.129E-01    0.129E-01    0.343E-02    0.343E-02    0.000E+00    0.000E+00
    15.000     0.278    0.549E+00    0.248E+00    0.262E+00    0.251E-01    0.286E-01    0.128E-01    0.128E-01    0.339E-02    0.339E-02    0.000E+00    0.000E+00
    15.000     0.279    0.548E+00    0.247E+00    0.260E+00    0.249E-01    0.284E-01    0.127E-01    0.127E-01    0.335E-02    0.335E-02    0.000E+00    0.000E+00
    15.000     0.280    0.547E+00    0.246E+00    0.257E+00    0.247E-01    0.281E-01    0.126E-01    0.126E-01    0.331E-02    0.331E-02    0.000E+00    0.000E+00
    15.000     0.281    0.546E+00    0.246E+00    0.255E+00    0.246E-01    0.279E-01    0.125E-01    0.125E-01    0.327E-02    0.327E-02    0.000E+00    0.000E+00
    15.000     0.282    0.545E+00    0.245E+00    0.252E+00    0.244E-01    0.276E-01    0.123E-01    0.123E-01    0.323E-02    0.323E-02    0.000E+00    0.000E+00
    15.000     0.283    0.544E+00    0.244E+00    0.250E+00    0.242E-01    0.274E-01    0.122E-01    0.122E-01    0.319E-02    0.319E-02    0.000E+00    0.000E+00
    15.000     0.284    0.543E+00    0.243E+00    0.247E+00    0.240E-01    0.271E-01    0.121E-01    0.121E-01    0.316E-02    0.316E-02    0.000E+00    0.000E+00
    15.000     0.285    0.542E+00    0.242E+00    0.245E+00    0.239E-01    0.269E-01    0.120E-01    0.120E-01    0.312E-02    0.312E-02    0.000E+00    0.000E+00
    15.000     0.286    0.541E+00    0.241E+00    0.243E+00    0.237E-01    0.267E-01    0.119E-01    0.119E-01    0.308E-02    0.308E-02    0.000E+00    0.000E+00
    15.000     0.287    0.540E+00    0.240E+00    0.240E+00    0.235E-01    0.264E-01    0.118E-01    0.118E-01    0.305E-02    0.305E-02    0.000E+00    0.000E+00
    15.000     0.288    0.539E+00    0.239E+00    0.238E+00    0.233E-01    0.262E-01    0.117E-01    0.117E-01    0.301E-02    0.301E-02    0.000E+00    0.000E+00
    15.000     0.289    0.538E+00    0.238E+00    0.236E+00    0.232E-01    0.260E-01    0.116E-01    0.116E-01    0.298E-02    0.298E-02    0.000E+00    0.000E+00
    15.000     0.290    0.537E+00    0.237E+00    0.234E+00    0.230E-01    0.257E-01    0.115E-01    0.115E-01    0.294E-02    0.294E-02    0.000E+00    0.000E+00
    15.000     0.291    0.536E+00    0.236E+00    0.231E+00    0.228E-01    0.255E-01    0.114E-01    0.114E-01    0.291E-02    0.291E-02    0.000E+00    0.000E+00
    15.000     0.292    0.535E+00    0.235E+00    0.229E+00    0.227E-01    0.253E-01    0.113E-01    0.113E-01    0.287E-02    0.287E-02    0.000E+00    0.000E+00
    15.000     0.293    0.534E+00    0.235E+00    0.227E+00    0.225E-01    0.250E-01    0.112E-01    0.112E-01    0.284E-02    0.284E-02    0.000E+00    0.000E+00
    15.000     0.294    0.532E+00    0.234E+00    0.225E+00    0.223E-01    0.248E-01    0.111E-01    0.111E-01    0.281E-02    0.281E-02    0.000E+00    0.000E+00
    15.000     0.295    0.531E+00    0.233E+00    0.223E+00    0.222E-01    0.246E-01    0.110E-01    0.110E-01    0.277E-02    0.277E-02    0.000E+00    0.000E+00
    15.000     0.296    0.530E+00    0.232E+00    0.220E+00    0.220E-01    0.244E-01    0.109E-01    0.109E-01    0.274E-02    0.274E-02    0.000E+00    0.000E+00
    15.000     0.297    0.529E+00    0.231E+00    0.218E+00    0.218E-01    0.242E-01    0.108E-01    0.108E-01    0.271E-02    0.271E-02    0.000E+00    0.000E+00
    15.000     0.298    0.528E+00    0.230E+00    0.216E+00    0.217E-01    0.239E-01    0.107E-01    0.107E-01    0.268E-02    0.268E-02    0.000E+00    0.000E+00
    15.000     0.299    0.527E+00    0.229E+00    0.214E+00    0.215E-01    0.237E-01    0.106E-01    0.106E-01    0.264E-02    0.264E-02    0.000E+00    0.000E+00
    15.000     0.300    0.526E+00    0.228E+00    0.212E+00    0.213E-01    0.235E-01    0.105E-01    0.105E-01    0.261E-02    0.261E-02    0.000E+00    0.000E+00
    15.000     0.301    0.525E+00    0.227E+00    0.210E+00    0.212E-01    0.233E-01    0.104E-01    0.104E-01    0.258E-02    0.258E-02    0.000E+00    0.000E+00
    15.000     0.302    0.524E+00    0.226E+00    0.208E+00    0.210E-01    0.231E-01    0.104E-01    0.104E-01    0.255E-02    0.255E-02    0.000E+00    0.000E+00
    15.000     0.303    0.522E+00    0.225E+00    0.206E+00    0.209E-01    0.229E-01    0.103E-01    0.103E-01    0.252E-02    0.252E-02    0.000E+00    0.000E+00
    15.000     0.304    0.521E+00    0.225E+00    0.204E+00    0.207E-01    0.227E-01    0.102E-01    0.102E-01    0.249E-02    0.249E-02    0.000E+00    0.000E+00
    15.000     0.305    0.520E+00    0.224E+00    0.202E+00    0.206E-01    0.225E-01    0.101E-01    0.101E-01    0.246E-02    0.246E-02    0.000E+00    0.000E+00
    15.000     0.306    0.519E+00    0.223E+00    0.200E+00    0.204E-01    0.223E-01    0.100E-01    0.100E-01    0.243E-02    0.243E-02    0.000E+00    0.000E+00
    15.000     0.307    0.518E+00    0.222E+00    0.198E+00    0.202E-01    0.221E-01    0.991E-02    0.991E-02    0.240E-02    0.240E-02    0.000E+00    0.000E+00
    15.000     0.308    0.517E+00    0.221E+00    0.196E+00    0.201E-01    0.219E-01    0.982E-02    0.982E-02    0.237E-02    0.237E-02    0.000E+00    0.000E+00
    15.000     0.309    0.516E+00    0.220E+00    0.194E+00    0.199E-01    0.217E-01    0.974E-02    0.974E-02    0.235E-02    0.235E-02    0.000E+00    0.000E+00
    15.000     0.310    0.514E+00    0.219E+00    0.192E+00    0.198E-01    0.215E-01    0.965E-02    0.965E-02    0.232E-02    0.232E-02    0.000E+00    0.000E+00
    15.000     0.311    0.513E+00    0.218E+00    0.190E+00    0.196E-01    0.213E-01    0.956E-02    0.956E-02    0.229E-02    0.229E-02    0.000E+00    0.000E+00
    15.000     0.312    0.512E+00    0.217E+00    0.188E+00    0.195E-01    0.211E-01    0.948E-02    0.948E-02    0.226E-02    0.226E-02    0.000E+00    0.000E+00
    15.000     0.313    0.511E+00    0.216E+00    0.187E+00    0.193E-01    0.209E-01    0.940E-02    0.940E-02    0.224E-02    0.224E-02    0.249E-18    0.249E-18
    15.000     0.314    0.510E+00    0.215E+00    0.185E+00    0.192E-01    0.207E-01    0.931E-02    0.931E-02    0.221E-02    0.221E-02    0.645E-18    0.645E-18
    15.000     0.315    0.508E+00    0.215E+00    0.183E+00    0.190E-01    0.206E-01    0.923E-02    0.923E-02    0.218E-02    0.218E-02    0.106E-17    0.106E-17
    15.000     0.316    0.507E+00    0.214E+00    0.181E+00    0.189E-01    0.204E-01    0.915E-02    0.915E-02    0.216E-02    0.216E-02    0.150E-17    0.150E-17
    15.000     0.317    0.506E+00    0.213E+00    0.179E+00    0.187E-01    0.202E-01    0.907E-02    0.907E-02    0.213E-02    0.213E-02    0.195E-17    0.195E-17
    15.000     0.318    0.505E+00    0.212E+00    0.177E+00    0.186E-01    0.200E-01    0.899E-02    0.899E-02    0.210E-02    0.210E-02    0.241E-17    0.241E-17
    15.000     0.319    0.504E+00    0.211E+00    0.176E+00    0.185E-01    0.198E-01    0.891E-02    0.891E-02    0.208E-02    0.208E-02    0.289E-17    0.289E-17
    15.000     0.320    0.502E+00    0.210E+00    0.174E+00    0.183E-01    0.197E-01    0.883E-02    0.883E-02    0.205E-02    0.205E-02    0.337E-17    0.337E-17
    15.000     0.321    0.501E+00    0.209E+00    0.172E+00    0.182E-01    0.195E-01    0.875E-02    0.875E-02    0.203E-02    0.203E-02    0.386E-17    0.386E-17
    15.000     0.322    0.500E+00    0.208E+00    0.171E+00    0.180E-01    0.193E-01    0.867E-02    0.867E-02    0.200E-02    0.200E-02    0.435E-17    0.435E-17
    15.000     0.323    0.499E+00    0.207E+00    0.169E+00    0.179E-01    0.191E-01    0.859E-02    0.859E-02    0.198E-02    0.198E-02    0.484E-17    0.484E-17
    15.000     0.324    0.497E+00    0.206E+00    0.167E+00    0.177E-01    0.190E-01    0.852E-02    0.852E-02    0.196E-02    0.196E-02    0.533E-17    0.533E-17
    15.000     0.325    0.496E+00    0.206E+00    0.165E+00    0.176E-01    0.188E-01    0.844E-02    0.844E-02    0.193E-02    0.193E-02    0.582E-17    0.582E-17
    15.000     0.326    0.495E+00    0.205E+00    0.164E+00    0.175E-01    0.186E-01    0.836E-02    0.836E-02    0.191E-02    0.191E-02    0.630E-17    0.630E-17
    15.000     0.327    0.494E+00    0.204E+00    0.162E+00    0.173E-01    0.185E-01    0.829E-02    0.829E-02    0.188E-02    0.188E-02    0.677E-17    0.677E-17
    15.000     0.328    0.492E+00    0.203E+00    0.161E+00    0.172E-01    0.183E-01    0.821E-02    0.821E-02    0.186E-02    0.186E-02    0.722E-17    0.722E-17
    15.000     0.329    0.491E+00    0.202E+00    0.159E+00    0.171E-01    0.181E-01    0.814E-02    0.814E-02    0.184E-02    0.184E-02    0.766E-17    0.766E-17
    15.000     0.330    0.490E+00    0.201E+00    0.157E+00    0.169E-01    0.180E-01    0.807E-02    0.807E-02    0.182E-02    0.182E-02    0.809E-17    0.809E-17
    15.000     0.331    0.489E+00    0.200E+00    0.156E+00    0.168E-01    0.178E-01    0.800E-02    0.800E-02    0.179E-02    0.179E-02    0.849E-17    0.849E-17
    15.000     0.332    0.487E+00    0.199E+00    0.154E+00    0.167E-01    0.176E-01    0.792E-02    0.792E-02    0.177E-02    0.177E-02    0.887E-17    0.887E-17
    15.000     0.333    0.486E+00    0.198E+00    0.153E+00    0.165E-01    0.175E-01    0.785E-02    0.785E-02    0.175E-02    0.175E-02    0.895E-17    0.895E-17
    15.000     0.334    0.485E+00    0.198E+00    0.151E+00    0.164E-01    0.173E-01    0.778E-02    0.778E-02    0.173E-02    0.173E-02    0.899E-17    0.899E-17
    15.000     0.335    0.484E+00    0.197E+00    0.150E+00    0.163E-01    0.172E-01    0.771E-02    0.771E-02    0.171E-02    0.171E-02    0.900E-17    0.900E-17
    15.000     0.336    0.482E+00    0.196E+00    0.148E+00    0.161E-01    0.170E-01    0.764E-02    0.764E-02    0.169E-02    0.169E-02    0.899E-17    0.899E-17
    15.000     0.337    0.481E+00    0.195E+00    0.147E+00    0.160E-01    0.169E-01    0.757E-02    0.757E-02    0.167E-02    0.167E-02    0.896E-17    0.896E-17
    15.000     0.338    0.480E+00    0.194E+00    0.145E+00    0.159E-01    0.167E-01    0.750E-02    0.750E-02    0.165E-02    0.165E-02    0.890E-17    0.890E-17
    15.000     0.339    0.479E+00    0.193E+00    0.144E+00    0.157E-01    0.166E-01    0.743E-02    0.743E-02    0.163E-02    0.163E-02    0.883E-17    0.883E-17
    15.000     0.340    0.477E+00    0.192E+00    0.142E+00    0.156E-01    0.164E-01    0.737E-02    0.737E-02    0.160E-02    0.160E-02    0.873E-17    0.873E-17
    15.000     0.341    0.476E+00    0.191E+00    0.141E+00    0.155E-01    0.163E-01    0.730E-02    0.730E-02    0.159E-02    0.159E-02    0.862E-17    0.862E-17
    15.000     0.342    0.475E+00    0.190E+00    0.139E+00    0.154E-01    0.161E-01    0.723E-02    0.723E-02    0.157E-02    0.157E-02    0.849E-17    0.849E-17
    15.000     0.343    0.473E+00    0.190E+00    0.138E+00    0.152E-01    0.160E-01    0.717E-02    0.717E-02    0.155E-02    0.155E-02    0.835E-17    0.835E-17
    15.000     0.344    0.472E+00    0.189E+00    0.136E+00    0.151E-01    0.158E-01    0.710E-02    0.710E-02    0.153E-02    0.153E-02    0.819E-17    0.819E-17
    15.000     0.345    0.471E+00    0.188E+00    0.135E+00    0.150E-01    0.157E-01    0.704E-02    0.704E-02    0.151E-02    0.151E-02    0.802E-17    0.802E-17
    15.000     0.346    0.469E+00    0.187E+00    0.134E+00    0.149E-01    0.155E-01    0.697E-02    0.697E-02    0.149E-02    0.149E-02    0.784E-17    0.784E-17
    15.000     0.347    0.468E+00    0.186E+00    0.132E+00    0.147E-01    0.154E-01    0.691E-02    0.691E-02    0.147E-02    0.147E-02    0.766E-17    0.766E-17
    15.000     0.348    0.467E+00    0.185E+00    0.131E+00    0.146E-01    0.153E-01    0.685E-02    0.685E-02    0.145E-02    0.145E-02    0.747E-17    0.747E-17
    15.000     0.349    0.465E+00    0.184E+00    0.130E+00    0.145E-01    0.151E-01    0.679E-02    0.679E-02    0.143E-02    0.143E-02    0.727E-17    0.727E-17
    15.000     0.350    0.464E+00    0.183E+00    0.128E+00    0.144E-01    0.150E-01    0.672E-02    0.672E-02    0.142E-02    0.142E-02    0.707E-17    0.707E-17
    15.000     0.351    0.463E+00    0.183E+00    0.127E+00    0.143E-01    0.149E-01    0.666E-02    0.666E-02    0.140E-02    0.140E-02    0.687E-17    0.687E-17
    15.000     0.352    0.461E+00    0.182E+00    0.126E+00    0.141E-01    0.147E-01    0.660E-02    0.660E-02    0.138E-02    0.138E-02    0.666E-17    0.666E-17
    15.000     0.353    0.460E+00    0.181E+00    0.124E+00    0.140E-01    0.146E-01    0.654E-02    0.654E-02    0.136E-02    0.136E-02    0.662E-17    0.662E-17
    15.000     0.354    0.459E+00    0.180E+00    0.123E+00    0.139E-01    0.144E-01    0.648E-02    0.648E-02    0.135E-02    0.135E-02    0.658E-17    0.658E-17
    15.000     0.355    0.457E+00    0.179E+00    0.122E+00    0.138E-01    0.143E-01    0.642E-02    0.642E-02    0.133E-02    0.133E-02    0.654E-17    0.654E-17
    15.000     0.356    0.456E+00    0.178E+00    0.121E+00    0.137E-01    0.142E-01    0.636E-02    0.636E-02    0.131E-02    0.131E-02    0.651E-17    0.651E-17
    15.000     0.357    0.455E+00    0.177E+00    0.119E+00    0.136E-01    0.141E-01    0.630E-02    0.630E-02    0.130E-02    0.130E-02    0.647E-17    0.647E-17
    15.000     0.358    0.453E+00    0.177E+00    0.118E+00    0.134E-01    0.139E-01    0.624E-02    0.624E-02    0.128E-02    0.128E-02    0.643E-17    0.643E-17
    15.000     0.359    0.452E+00    0.176E+00    0.117E+00    0.133E-01    0.138E-01    0.619E-02    0.619E-02    0.126E-02    0.126E-02    0.640E-17    0.640E-17
    15.000     0.360    0.451E+00    0.175E+00    0.116E+00    0.132E-01    0.137E-01    0.613E-02    0.613E-02    0.125E-02    0.125E-02    0.636E-17    0.636E-17
    15.000     0.361    0.449E+00    0.174E+00    0.114E+00    0.131E-01    0.136E-01    0.607E-02    0.607E-02    0.123E-02    0.123E-02    0.632E-17    0.632E-17
    15.000     0.362    0.448E+00    0.173E+00    0.113E+00    0.130E-01    0.134E-01    0.602E-02    0.602E-02    0.122E-02    0.122E-02    0.628E-17    0.628E-17
    15.000     0.363    0.447E+00    0.172E+00    0.112E+00    0.129E-01    0.133E-01    0.596E-02    0.596E-02    0.120E-02    0.120E-02    0.624E-17    0.624E-17
    15.000     0.364    0.445E+00    0.171E+00    0.111E+00    0.128E-01    0.132E-01    0.590E-02    0.590E-02    0.119E-02    0.119E-02    0.619E-17    0.619E-17
    15.000     0.365    0.444E+00    0.171E+00    0.110E+00    0.127E-01    0.131E-01    0.585E-02    0.585E-02    0.117E-02    0.117E-02    0.613E-17    0.613E-17
    15.000     0.366    0.443E+00    0.170E+00    0.108E+00    0.126E-01    0.129E-01    0.579E-02    0.579E-02    0.115E-02    0.115E-02    0.608E-17    0.608E-17
    15.000     0.367    0.441E+00    0.169E+00    0.107E+00    0.125E-01    0.128E-01    0.574E-02    0.574E-02    0.114E-02    0.114E-02    0.601E-17    0.601E-17
    15.000     0.368    0.440E+00    0.168E+00    0.106E+00    0.123E-01    0.127E-01    0.569E-02    0.569E-02    0.113E-02    0.113E-02    0.594E-17    0.594E-17
    15.000     0.369    0.439E+00    0.167E+00    0.105E+00    0.122E-01    0.126E-01    0.563E-02    0.563E-02    0.111E-02    0.111E-02    0.586E-17    0.586E-17
    15.000     0.370    0.437E+00    0.166E+00    0.104E+00    0.121E-01    0.125E-01    0.558E-02    0.558E-02    0.110E-02    0.110E-02    0.578E-17    0.578E-17
    15.000     0.371    0.436E+00    0.165E+00    0.103E+00    0.120E-01    0.124E-01    0.553E-02    0.553E-02    0.108E-02    0.108E-02    0.568E-17    0.568E-17
    15.000     0.372    0.434E+00    0.165E+00    0.102E+00    0.119E-01    0.122E-01    0.548E-02    0.548E-02    0.107E-02    0.107E-02    0.558E-17    0.558E-17
    15.000     0.373    0.433E+00    0.164E+00    0.101E+00    0.118E-01    0.121E-01    0.543E-02    0.543E-02    0.106E-02    0.106E-02    0.538E-17    0.538E-17
    15.000     0.374    0.432E+00    0.163E+00    0.997E-01    0.117E-01    0.120E-01    0.537E-02    0.537E-02    0.104E-02    0.104E-02    0.513E-17    0.513E-17
    15.000     0.375    0.430E+00    0.162E+00    0.986E-01    0.116E-01    0.119E-01    0.532E-02    0.532E-02    0.103E-02    0.103E-02    0.488E-17    0.488E-17
    15.000     0.376    0.429E+00    0.161E+00    0.976E-01    0.115E-01    0.118E-01    0.527E-02    0.527E-02    0.101E-02    0.101E-02    0.461E-17    0.461E-17
    15.000     0.377    0.428E+00    0.160E+00    0.965E-01    0.114E-01    0.117E-01    0.522E-02    0.522E-02    0.100E-02    0.100E-02    0.434E-17    0.434E-17
    15.000     0.378    0.426E+00    0.160E+00    0.955E-01    0.113E-01    0.116E-01    0.517E-02    0.517E-02    0.989E-03    0.989E-03    0.406E-17    0.406E-17
    15.000     0.379    0.425E+00    0.159E+00    0.945E-01    0.112E-01    0.115E-01    0.513E-02    0.513E-02    0.976E-03    0.976E-03    0.378E-17    0.378E-17
    15.000     0.380    0.423E+00    0.158E+00    0.934E-01    0.111E-01    0.114E-01    0.508E-02    0.508E-02    0.963E-03    0.963E-03    0.350E-17    0.350E-17
    15.000     0.381    0.422E+00    0.157E+00    0.924E-01    0.110E-01    0.113E-01    0.503E-02    0.503E-02    0.951E-03    0.951E-03    0.321E-17    0.321E-17
    15.000     0.382    0.421E+00    0.156E+00    0.915E-01    0.109E-01    0.112E-01    0.498E-02    0.498E-02    0.938E-03    0.938E-03    0.292E-17    0.292E-17
    15.000     0.383    0.419E+00    0.155E+00    0.905E-01    0.108E-01    0.111E-01    0.493E-02    0.493E-02    0.926E-03    0.926E-03    0.263E-17    0.263E-17
    15.000     0.384    0.418E+00    0.155E+00    0.895E-01    0.107E-01    0.110E-01    0.489E-02    0.489E-02    0.914E-03    0.914E-03    0.233E-17    0.233E-17
    15.000     0.385    0.416E+00    0.154E+00    0.885E-01    0.106E-01    0.109E-01    0.484E-02    0.484E-02    0.902E-03    0.902E-03    0.205E-17    0.205E-17
    15.000     0.386    0.415E+00    0.153E+00    0.876E-01    0.105E-01    0.108E-01    0.479E-02    0.479E-02    0.890E-03    0.890E-03    0.176E-17    0.176E-17
    15.000     0.387    0.414E+00    0.152E+00    0.866E-01    0.105E-01    0.107E-01    0.475E-02    0.475E-02    0.878E-03    0.878E-03    0.148E-17    0.148E-17
    15.000     0.388    0.412E+00    0.151E+00    0.857E-01    0.104E-01    0.106E-01    0.470E-02    0.470E-02    0.867E-03    0.867E-03    0.120E-17    0.120E-17
    15.000     0.389    0.411E+00    0.150E+00    0.848E-01    0.103E-01    0.105E-01    0.466E-02    0.466E-02    0.855E-03    0.855E-03    0.935E-18    0.935E-18
    15.000     0.390    0.410E+00    0.150E+00    0.839E-01    0.102E-01    0.104E-01    0.461E-02    0.461E-02    0.844E-03    0.844E-03    0.673E-18    0.673E-18
    15.000     0.391    0.408E+00    0.149E+00    0.830E-01    0.101E-01    0.103E-01    0.457E-02    0.457E-02    0.833E-03    0.833E-03    0.421E-18    0.421E-18
    15.000     0.392    0.407E+00    0.148E+00    0.821E-01    0.999E-02    0.102E-01    0.452E-02    0.452E-02    0.822E-03    0.822E-03    0.179E-18    0.179E-18
    15.000     0.393    0.405E+00    0.147E+00    0.812E-01    0.990E-02    0.101E-01    0.448E-02    0.448E-02    0.811E-03    0.811E-03    0.000E+00    0.000E+00
    15.000     0.394    0.404E+00    0.146E+00    0.803E-01    0.982E-02    0.997E-02    0.444E-02    0.444E-02    0.800E-03    0.800E-03    0.000E+00    0.000E+00
    15.000     0.395    0.403E+00    0.146E+00    0.794E-01    0.973E-02    0.988E-02    0.440E-02    0.440E-02    0.790E-03    0.790E-03    0.000E+00    0.000E+00
    15.000     0.396    0.401E+00    0.145E+00    0.785E-01    0.964E-02    0.979E-02    0.435E-02    0.435E-02    0.779E-03    0.779E-03    0.000E+00    0.000E+00
    15.000     0.397    0.400E+00    0.144E+00    0.777E-01    0.955E-02    0.970E-02    0.431E-02    0.431E-02    0.769E-03    0.769E-03    0.000E+00    0.000E+00
    15.000     0.398    0.398E+00    0.143E+00    0.768E-01    0.946E-02    0.960E-02    0.427E-02    0.427E-02    0.759E-03    0.759E-03    0.000E+00    0.000E+00
    15.000     0.399    0.397E+00    0.142E+00    0.760E-01    0.938E-02    0.951E-02    0.423E-02    0.423E-02    0.749E-03    0.749E-03    0.000E+00    0.000E+00
    15.000     0.400    0.395E+00    0.142E+00    0.751E-01    0.929E-02    0.942E-02    0.419E-02    0.419E-02    0.739E-03    0.739E-03    0.000E+00    0.000E+00
    15.000     0.401    0.394E+00    0.141E+00    0.743E-01    0.921E-02    0.933E-02    0.415E-02    0.415E-02    0.729E-03    0.729E-03    0.000E+00    0.000E+00
    15.000     0.402    0.393E+00    0.140E+00    0.735E-01    0.912E-02    0.925E-02    0.411E-02    0.411E-02    0.719E-03    0.719E-03    0.000E+00    0.000E+00
    15.000     0.403    0.391E+00    0.139E+00    0.727E-01    0.904E-02    0.916E-02    0.407E-02    0.407E-02    0.709E-03    0.709E-03    0.000E+00    0.000E+00
    15.000     0.404    0.390E+00    0.138E+00    0.719E-01    0.896E-02    0.907E-02    0.403E-02    0.403E-02    0.700E-03    0.700E-03    0.000E+00    0.000E+00
    15.000     0.405    0.388E+00    0.138E+00    0.711E-01    0.887E-02    0.898E-02    0.399E-02    0.399E-02    0.690E-03    0.690E-03    0.000E+00    0.000E+00
    15.000     0.406    0.387E+00    0.137E+00    0.703E-01    0.879E-02    0.890E-02    0.395E-02    0.395E-02    0.681E-03    0.681E-03    0.000E+00    0.000E+00
    15.000     0.407    0.386E+00    0.136E+00    0.695E-01    0.871E-02    0.881E-02    0.391E-02    0.391E-02    0.672E-03    0.672E-03    0.000E+00    0.000E+00
    15.000     0.408    0.384E+00    0.135E+00    0.687E-01    0.863E-02    0.873E-02    0.387E-02    0.387E-02    0.663E-03    0.663E-03    0.000E+00    0.000E+00
    15.000     0.409    0.383E+00    0.134E+00    0.680E-01    0.855E-02    0.865E-02    0.383E-02    0.383E-02    0.654E-03    0.654E-03    0.000E+00    0.000E+00
    15.000     0.410    0.381E+00    0.134E+00    0.672E-01    0.847E-02    0.856E-02    0.379E-02    0.379E-02    0.645E-03    0.645E-03    0.000E+00    0.000E+00
    15.000     0.411    0.380E+00    0.133E+00    0.665E-01    0.839E-02    0.848E-02    0.376E-02    0.376E-02    0.636E-03    0.636E-03    0.000E+00    0.000E+00
    15.000     0.412    0.379E+00    0.132E+00    0.657E-01    0.831E-02    0.840E-02    0.372E-02    0.372E-02    0.628E-03    0.628E-03    0.000E+00    0.000E+00
    15.000     0.413    0.377E+00    0.131E+00    0.650E-01    0.824E-02    0.832E-02    0.368E-02    0.368E-02    0.619E-03    0.619E-03    0.000E+00    0.000E+00
    15.000     0.414    0.376E+00    0.131E+00    0.643E-01    0.816E-02    0.824E-02    0.365E-02    0.365E-02    0.611E-03    0.611E-03    0.000E+00    0.000E+00
    15.000     0.415    0.374E+00    0.130E+00    0.636E-01    0.808E-02    0.816E-02    0.361E-02    0.361E-02    0.602E-03    0.602E-03    0.000E+00    0.000E+00
    15.000     0.416    0.373E+00    0.129E+00    0.628E-01    0.801E-02    0.808E-02    0.357E-02    0.357E-02    0.594E-03    0.594E-03    0.000E+00    0.000E+00
    15.000     0.417    0.372E+00    0.128E+00    0.621E-01    0.793E-02    0.800E-02    0.354E-02    0.354E-02    0.586E-03    0.586E-03    0.000E+00    0.000E+00
    15.000     0.418    0.370E+00    0.127E+00    0.614E-01    0.786E-02    0.793E-02    0.350E-02    0.350E-02    0.578E-03    0.578E-03    0.000E+00    0.000E+00
    15.000     0.419    0.369E+00    0.127E+00    0.607E-01    0.778E-02    0.785E-02    0.347E-02    0.347E-02    0.570E-03    0.570E-03    0.000E+00    0.000E+00
    15.000     0.420    0.367E+00    0.126E+00    0.600E-01    0.771E-02    0.777E-02    0.343E-02    0.343E-02    0.562E-03    0.562E-03    0.000E+00    0.000E+00
    15.000     0.421    0.366E+00    0.125E+00    0.594E-01    0.764E-02    0.770E-02    0.340E-02    0.340E-02    0.554E-03    0.554E-03    0.000E+00    0.000E+00
    15.000     0.422    0.365E+00    0.124E+00    0.587E-01    0.756E-02    0.762E-02    0.337E-02    0.337E-02    0.547E-03    0.547E-03    0.000E+00    0.000E+00
    15.000     0.423    0.363E+00    0.124E+00    0.580E-01    0.749E-02    0.755E-02    0.333E-02    0.333E-02    0.539E-03    0.539E-03    0.000E+00    0.000E+00
    15.000     0.424    0.362E+00    0.123E+00    0.574E-01    0.742E-02    0.748E-02    0.330E-02    0.330E-02    0.532E-03    0.532E-03    0.000E+00    0.000E+00
    15.000     0.425    0.360E+00    0.122E+00    0.567E-01    0.735E-02    0.740E-02    0.326E-02    0.326E-02    0.524E-03    0.524E-03    0.000E+00    0.000E+00
    15.000     0.426    0.359E+00    0.121E+00    0.561E-01    0.728E-02    0.733E-02    0.323E-02    0.323E-02    0.517E-03    0.517E-03    0.000E+00    0.000E+00
    15.000     0.427    0.357E+00    0.121E+00    0.554E-01    0.721E-02    0.726E-02    0.320E-02    0.320E-02    0.510E-03    0.510E-03    0.000E+00    0.000E+00
    15.000     0.428    0.356E+00    0.120E+00    0.548E-01    0.714E-02    0.719E-02    0.317E-02    0.317E-02    0.503E-03    0.503E-03    0.000E+00    0.000E+00
    15.000     0.429    0.355E+00    0.119E+00    0.542E-01    0.707E-02    0.712E-02    0.313E-02    0.313E-02    0.496E-03    0.496E-03    0.000E+00    0.000E+00
    15.000     0.430    0.353E+00    0.118E+00    0.536E-01    0.700E-02    0.705E-02    0.310E-02    0.310E-02    0.489E-03    0.489E-03    0.000E+00    0.000E+00
    15.000     0.431    0.352E+00    0.118E+00    0.529E-01    0.693E-02    0.698E-02    0.307E-02    0.307E-02    0.482E-03    0.482E-03    0.000E+00    0.000E+00
    15.000     0.432    0.350E+00    0.117E+00    0.523E-01    0.687E-02    0.691E-02    0.304E-02    0.304E-02    0.476E-03    0.476E-03    0.000E+00    0.000E+00
    15.000     0.433    0.349E+00    0.116E+00    0.517E-01    0.680E-02    0.684E-02    0.301E-02    0.301E-02    0.469E-03    0.469E-03    0.000E+00    0.000E+00
    15.000     0.434    0.348E+00    0.115E+00    0.511E-01    0.673E-02    0.677E-02    0.298E-02    0.298E-02    0.462E-03    0.462E-03    0.000E+00    0.000E+00
    15.000     0.435    0.346E+00    0.115E+00    0.505E-01    0.667E-02    0.671E-02    0.295E-02    0.295E-02    0.456E-03    0.456E-03    0.338E-19    0.338E-19
    15.000     0.436    0.345E+00    0.114E+00    0.500E-01    0.660E-02    0.664E-02    0.292E-02    0.292E-02    0.449E-03    0.449E-03    0.861E-19    0.861E-19
    15.000     0.437    0.343E+00    0.113E+00    0.494E-01    0.654E-02    0.657E-02    0.289E-02    0.289E-02    0.443E-03    0.443E-03    0.140E-18    0.140E-18
    15.000     0.438    0.342E+00    0.113E+00    0.488E-01    0.647E-02    0.651E-02    0.286E-02    0.286E-02    0.437E-03    0.437E-03    0.197E-18    0.197E-18
    15.000     0.439    0.341E+00    0.112E+00    0.482E-01    0.641E-02    0.644E-02    0.283E-02    0.283E-02    0.431E-03    0.431E-03    0.254E-18    0.254E-18
    15.000     0.440    0.339E+00    0.111E+00    0.477E-01    0.635E-02    0.638E-02    0.280E-02    0.280E-02    0.425E-03    0.425E-03    0.313E-18    0.313E-18
    15.000     0.441    0.338E+00    0.110E+00    0.471E-01    0.628E-02    0.631E-02    0.277E-02    0.277E-02    0.419E-03    0.419E-03    0.372E-18    0.372E-18
    15.000     0.442    0.336E+00    0.110E+00    0.466E-01    0.622E-02    0.625E-02    0.274E-02    0.274E-02    0.413E-03    0.413E-03    0.432E-18    0.432E-18
    15.000     0.443    0.335E+00    0.109E+00    0.460E-01    0.616E-02    0.619E-02    0.271E-02    0.271E-02    0.407E-03    0.407E-03    0.492E-18    0.492E-18
    15.000     0.444    0.334E+00    0.108E+00    0.455E-01    0.610E-02    0.613E-02    0.269E-02    0.269E-02    0.401E-03    0.401E-03    0.552E-18    0.552E-18
    15.000     0.445    0.332E+00    0.108E+00    0.450E-01    0.604E-02    0.606E-02    0.266E-02    0.266E-02    0.395E-03    0.395E-03    0.612E-18    0.612E-18
    15.000     0.446    0.331E+00    0.107E+00    0.444E-01    0.598E-02    0.600E-02    0.263E-02    0.263E-02    0.390E-03    0.390E-03    0.670E-18    0.670E-18
    15.000     0.447    0.329E+00    0.106E+00    0.439E-01    0.592E-02    0.594E-02    0.260E-02    0.260E-02    0.384E-03    0.384E-03    0.727E-18    0.727E-18
    15.000     0.448    0.328E+00    0.105E+00    0.434E-01    0.586E-02    0.588E-02    0.258E-02    0.258E-02    0.379E-03    0.379E-03    0.783E-18    0.783E-18
    15.000     0.449    0.327E+00    0.105E+00    0.429E-01    0.580E-02    0.582E-02    0.255E-02    0.255E-02    0.373E-03    0.373E-03    0.836E-18    0.836E-18
    15.000     0.450    0.325E+00    0.104E+00    0.424E-01    0.574E-02    0.576E-02    0.252E-02    0.252E-02    0.368E-03    0.368E-03    0.887E-18    0.887E-18
    15.000     0.451    0.324E+00    0.103E+00    0.419E-01    0.568E-02    0.571E-02    0.250E-02    0.250E-02    0.363E-03    0.363E-03    0.936E-18    0.936E-18
    15.000     0.452    0.322E+00    0.103E+00    0.414E-01    0.563E-02    0.565E-02    0.247E-02    0.247E-02    0.357E-03    0.357E-03    0.981E-18    0.981E-18
    15.000     0.453    0.321E+00    0.102E+00    0.409E-01    0.557E-02    0.559E-02    0.244E-02    0.244E-02    0.352E-03    0.352E-03    0.102E-17    0.102E-17
    15.000     0.454    0.320E+00    0.101E+00    0.404E-01    0.551E-02    0.553E-02    0.242E-02    0.242E-02    0.347E-03    0.347E-03    0.106E-17    0.106E-17
    15.000     0.455    0.318E+00    0.101E+00    0.399E-01    0.546E-02    0.548E-02    0.239E-02    0.239E-02    0.342E-03    0.342E-03    0.109E-17    0.109E-17
    15.000     0.456    0.317E+00    0.100E+00    0.395E-01    0.540E-02    0.542E-02    0.237E-02    0.237E-02    0.337E-03    0.337E-03    0.110E-17    0.110E-17
    15.000     0.457    0.315E+00    0.993E-01    0.390E-01    0.535E-02    0.536E-02    0.234E-02    0.234E-02    0.332E-03    0.332E-03    0.107E-17    0.107E-17
    15.000     0.458    0.314E+00    0.986E-01    0.385E-01    0.529E-02    0.531E-02    0.232E-02    0.232E-02    0.327E-03    0.327E-03    0.104E-17    0.104E-17
    15.000     0.459    0.313E+00    0.979E-01    0.381E-01    0.524E-02    0.525E-02    0.229E-02    0.229E-02    0.323E-03    0.323E-03    0.100E-17    0.100E-17
    15.000     0.460    0.311E+00    0.973E-01    0.376E-01    0.518E-02    0.520E-02    0.227E-02    0.227E-02    0.318E-03    0.318E-03    0.960E-18    0.960E-18
    15.000     0.461    0.310E+00    0.966E-01    0.371E-01    0.513E-02    0.515E-02    0.224E-02    0.224E-02    0.313E-03    0.313E-03    0.915E-18    0.915E-18
    15.000     0.462    0.309E+00    0.959E-01    0.367E-01    0.508E-02    0.509E-02    0.222E-02    0.222E-02    0.309E-03    0.309E-03    0.868E-18    0.868E-18
    15.000     0.463    0.307E+00    0.953E-01    0.363E-01    0.503E-02    0.504E-02    0.220E-02    0.220E-02    0.304E-03    0.304E-03    0.817E-18    0.817E-18
    15.000     0.464    0.306E+00    0.946E-01    0.358E-01    0.497E-02    0.499E-02    0.217E-02    0.217E-02    0.300E-03    0.300E-03    0.764E-18    0.764E-18
    15.000     0.465    0.304E+00    0.939E-01    0.354E-01    0.492E-02    0.493E-02    0.215E-02    0.215E-02    0.295E-03    0.295E-03    0.709E-18    0.709E-18
    15.000     0.466    0.303E+00    0.933E-01    0.350E-01    0.487E-02    0.488E-02    0.213E-02    0.213E-02    0.291E-03    0.291E-03    0.651E-18    0.651E-18
    15.000     0.467    0.302E+00    0.926E-01    0.345E-01    0.482E-02    0.483E-02    0.210E-02    0.210E-02    0.287E-03    0.287E-03    0.592E-18    0.592E-18
    15.000     0.468    0.300E+00    0.920E-01    0.341E-01    0.477E-02    0.478E-02    0.208E-02    0.208E-02    0.282E-03    0.282E-03    0.532E-18    0.532E-18
    15.000     0.469    0.299E+00    0.913E-01    0.337E-01    0.472E-02    0.473E-02    0.206E-02    0.206E-02    0.278E-03    0.278E-03    0.471E-18    0.471E-18
    15.000     0.470    0.298E+00    0.907E-01    0.333E-01    0.467E-02    0.468E-02    0.203E-02    0.203E-02    0.274E-03    0.274E-03    0.409E-18    0.409E-18
    15.000     0.471    0.296E+00    0.900E-01    0.329E-01    0.462E-02    0.463E-02    0.201E-02    0.201E-02    0.270E-03    0.270E-03    0.347E-18    0.347E-18
    15.000     0.472    0.295E+00    0.894E-01    0.325E-01    0.457E-02    0.458E-02    0.199E-02    0.199E-02    0.266E-03    0.266E-03    0.285E-18    0.285E-18
    15.000     0.473    0.294E+00    0.888E-01    0.321E-01    0.452E-02    0.453E-02    0.197E-02    0.197E-02    0.262E-03    0.262E-03    0.224E-18    0.224E-18
    15.000     0.474    0.292E+00    0.881E-01    0.317E-01    0.448E-02    0.449E-02    0.195E-02    0.195E-02    0.258E-03    0.258E-03    0.163E-18    0.163E-18
    15.000     0.475    0.291E+00    0.875E-01    0.313E-01    0.443E-02    0.444E-02    0.193E-02    0.193E-02    0.254E-03    0.254E-03    0.104E-18    0.104E-18
    15.000     0.476    0.289E+00    0.868E-01    0.309E-01    0.438E-02    0.439E-02    0.190E-02    0.190E-02    0.251E-03    0.251E-03    0.466E-19    0.466E-19
    15.000     0.477    0.288E+00    0.862E-01    0.306E-01    0.434E-02    0.434E-02    0.188E-02    0.188E-02    0.247E-03    0.247E-03    0.000E+00    0.000E+00
    15.000     0.478    0.287E+00    0.856E-01    0.302E-01    0.429E-02    0.430E-02    0.186E-02    0.186E-02    0.243E-03    0.243E-03    0.000E+00    0.000E+00
    15.000     0.479    0.285E+00    0.850E-01    0.298E-01    0.424E-02    0.425E-02    0.184E-02    0.184E-02    0.239E-03    0.239E-03    0.000E+00    0.000E+00
    15.000     0.480    0.284E+00    0.843E-01    0.294E-01    0.420E-02    0.420E-02    0.182E-02    0.182E-02    0.236E-03    0.236E-03    0.000E+00    0.000E+00
    15.000     0.481    0.283E+00    0.837E-01    0.291E-01    0.415E-02    0.416E-02    0.180E-02    0.180E-02    0.232E-03    0.232E-03    0.000E+00    0.000E+00
    15.000     0.482    0.281E+00    0.831E-01    0.287E-01    0.411E-02    0.411E-02    0.178E-02    0.178E-02    0.229E-03    0.229E-03    0.000E+00    0.000E+00
    15.000     0.483    0.280E+00    0.825E-01    0.284E-01    0.406E-02    0.407E-02    0.176E-02    0.176E-02    0.225E-03    0.225E-03    0.000E+00    0.000E+00
    15.000     0.484    0.279E+00    0.819E-01    0.280E-01    0.402E-02    0.403E-02    0.174E-02    0.174E-02    0.222E-03    0.222E-03    0.000E+00    0.000E+00
    15.000     0.485    0.277E+00    0.813E-01    0.277E-01    0.398E-02    0.398E-02    0.172E-02    0.172E-02    0.219E-03    0.219E-03    0.000E+00    0.000E+00
    15.000     0.486    0.276E+00    0.807E-01    0.273E-01    0.393E-02    0.394E-02    0.170E-02    0.170E-02    0.215E-03    0.215E-03    0.000E+00    0.000E+00
    15.000     0.487    0.275E+00    0.801E-01    0.270E-01    0.389E-02    0.390E-02    0.168E-02    0.168E-02    0.212E-03    0.212E-03    0.000E+00    0.000E+00
    15.000     0.488    0.273E+00    0.795E-01    0.266E-01    0.385E-02    0.385E-02    0.167E-02    0.167E-02    0.209E-03    0.209E-03    0.000E+00    0.000E+00
    15.000     0.489    0.272E+00    0.789E-01    0.263E-01    0.381E-02    0.381E-02    0.165E-02    0.165E-02    0.206E-03    0.206E-03    0.000E+00    0.000E+00
    15.000     0.490    0.271E+00    0.783E-01    0.260E-01    0.376E-02    0.377E-02    0.163E-02    0.163E-02    0.202E-03    0.202E-03    0.000E+00    0.000E+00
    15.000     0.491    0.269E+00    0.777E-01    0.256E-01    0.372E-02    0.373E-02    0.161E-02    0.161E-02    0.199E-03    0.199E-03    0.000E+00    0.000E+00
    15.000     0.492    0.268E+00    0.771E-01    0.253E-01    0.368E-02    0.369E-02    0.159E-02    0.159E-02    0.196E-03    0.196E-03    0.000E+00    0.000E+00
    15.000     0.493    0.267E+00    0.765E-01    0.250E-01    0.364E-02    0.364E-02    0.157E-02    0.157E-02    0.193E-03    0.193E-03    0.000E+00    0.000E+00
    15.000     0.494    0.265E+00    0.759E-01    0.247E-01    0.360E-02    0.360E-02    0.156E-02    0.156E-02    0.190E-03    0.190E-03    0.000E+00    0.000E+00
    15.000     0.495    0.264E+00    0.753E-01    0.244E-01    0.356E-02    0.356E-02    0.154E-02    0.154E-02    0.187E-03    0.187E-03    0.000E+00    0.000E+00
    15.000     0.496    0.263E+00    0.747E-01    0.241E-01    0.352E-02    0.352E-02    0.152E-02    0.152E-02    0.184E-03    0.184E-03    0.000E+00    0.000E+00
    15.000     0.497    0.261E+00    0.742E-01    0.238E-01    0.348E-02    0.349E-02    0.150E-02    0.150E-02    0.182E-03    0.182E-03    0.000E+00    0.000E+00
    15.000     0.498    0.260E+00    0.736E-01    0.235E-01    0.344E-02    0.345E-02    0.149E-02    0.149E-02    0.179E-03    0.179E-03    0.000E+00    0.000E+00
    15.000     0.499    0.259E+00    0.730E-01    0.232E-01    0.340E-02    0.341E-02    0.147E-02    0.147E-02    0.176E-03    0.176E-03    0.000E+00    0.000E+00
    15.000     0.500    0.257E+00    0.724E-01    0.229E-01    0.337E-02    0.337E-02    0.145E-02    0.145E-02    0.173E-03    0.173E-03    0.000E+00    0.000E+00
    15.000     0.501    0.256E+00    0.719E-01    0.226E-01    0.333E-02    0.333E-02    0.143E-02    0.143E-02    0.171E-03    0.171E-03    0.000E+00    0.000E+00
    15.000     0.502    0.255E+00    0.713E-01    0.223E-01    0.329E-02    0.329E-02    0.142E-02    0.142E-02    0.168E-03    0.168E-03    0.000E+00    0.000E+00
    15.000     0.503    0.254E+00    0.708E-01    0.220E-01    0.325E-02    0.326E-02    0.140E-02    0.140E-02    0.165E-03    0.165E-03    0.000E+00    0.000E+00
    15.000     0.504    0.252E+00    0.702E-01    0.217E-01    0.322E-02    0.322E-02    0.138E-02    0.138E-02    0.163E-03    0.163E-03    0.000E+00    0.000E+00
    15.000     0.505    0.251E+00    0.696E-01    0.214E-01    0.318E-02    0.318E-02    0.137E-02    0.137E-02    0.160E-03    0.160E-03    0.000E+00    0.000E+00
    15.000     0.506    0.250E+00    0.691E-01    0.212E-01    0.314E-02    0.315E-02    0.135E-02    0.135E-02    0.158E-03    0.158E-03    0.000E+00    0.000E+00
    15.000     0.507    0.248E+00    0.685E-01    0.209E-01    0.311E-02    0.311E-02    0.134E-02    0.134E-02    0.155E-03    0.155E-03    0.000E+00    0.000E+00
    15.000     0.508    0.247E+00    0.680E-01    0.206E-01    0.307E-02    0.307E-02    0.132E-02    0.132E-02    0.153E-03    0.153E-03    0.000E+00    0.000E+00
    15.000     0.509    0.246E+00    0.674E-01    0.203E-01    0.304E-02    0.304E-02    0.131E-02    0.131E-02    0.150E-03    0.150E-03    0.000E+00    0.000E+00
    15.000     0.510    0.244E+00    0.669E-01    0.201E-01    0.300E-02    0.300E-02    0.129E-02    0.129E-02    0.148E-03    0.148E-03    0.000E+00    0.000E+00
    15.000     0.511    0.243E+00    0.664E-01    0.198E-01    0.297E-02    0.297E-02    0.127E-02    0.127E-02    0.146E-03    0.146E-03    0.000E+00    0.000E+00
    15.000     0.512    0.242E+00    0.658E-01    0.196E-01    0.293E-02    0.293E-02    0.126E-02    0.126E-02    0.143E-03    0.143E-03    0.000E+00    0.000E+00
    15.000     0.513    0.241E+00    0.653E-01    0.193E-01    0.290E-02    0.290E-02    0.124E-02    0.124E-02    0.141E-03    0.141E-03    0.000E+00    0.000E+00
    15.000     0.514    0.239E+00    0.647E-01    0.191E-01    0.287E-02    0.287E-02    0.123E-02    0.123E-02    0.139E-03    0.139E-03    0.000E+00    0.000E+00
    15.000     0.515    0.238E+00    0.642E-01    0.188E-01    0.283E-02    0.283E-02    0.122E-02    0.122E-02    0.137E-03    0.137E-03    0.000E+00    0.000E+00
    15.000     0.516    0.237E+00    0.637E-01    0.186E-01    0.280E-02    0.280E-02    0.120E-02    0.120E-02    0.134E-03    0.134E-03    0.000E+00    0.000E+00
    15.000     0.517    0.236E+00    0.632E-01    0.183E-01    0.277E-02    0.277E-02    0.119E-02    0.119E-02    0.132E-03    0.132E-03    0.000E+00    0.000E+00
    15.000     0.518    0.234E+00    0.626E-01    0.181E-01    0.273E-02    0.274E-02    0.117E-02    0.117E-02    0.130E-03    0.130E-03    0.000E+00    0.000E+00
    15.000     0.519    0.233E+00    0.621E-01    0.178E-01    0.270E-02    0.270E-02    0.116E-02    0.116E-02    0.128E-03    0.128E-03    0.000E+00    0.000E+00
    15.000     0.520    0.232E+00    0.616E-01    0.176E-01    0.267E-02    0.267E-02    0.114E-02    0.114E-02    0.126E-03    0.126E-03    0.000E+00    0.000E+00
    15.000     0.521    0.230E+00    0.611E-01    0.174E-01    0.264E-02    0.264E-02    0.113E-02    0.113E-02    0.124E-03    0.124E-03    0.000E+00    0.000E+00
    15.000     0.522    0.229E+00    0.606E-01    0.171E-01    0.261E-02    0.261E-02    0.112E-02    0.112E-02    0.122E-03    0.122E-03    0.000E+00    0.000E+00
    15.000     0.523    0.228E+00    0.601E-01    0.169E-01    0.258E-02    0.258E-02    0.110E-02    0.110E-02    0.120E-03    0.120E-03    0.000E+00    0.000E+00
    15.000     0.524    0.227E+00    0.596E-01    0.167E-01    0.255E-02    0.255E-02    0.109E-02    0.109E-02    0.118E-03    0.118E-03    0.000E+00    0.000E+00
    15.000     0.525    0.225E+00    0.591E-01    0.165E-01    0.251E-02    0.252E-02    0.108E-02    0.108E-02    0.116E-03    0.116E-03    0.000E+00    0.000E+00
    15.000     0.526    0.224E+00    0.586E-01    0.163E-01    0.248E-02    0.249E-02    0.106E-02    0.106E-02    0.114E-03    0.114E-03    0.000E+00    0.000E+00
    15.000     0.527    0.223E+00    0.581E-01    0.160E-01    0.245E-02    0.246E-02    0.105E-02    0.105E-02    0.112E-03    0.112E-03    0.000E+00    0.000E+00
    15.000     0.528    0.222E+00    0.576E-01    0.158E-01    0.242E-02    0.243E-02    0.104E-02    0.104E-02    0.110E-03    0.110E-03    0.000E+00    0.000E+00
    15.000     0.529    0.221E+00    0.571E-01    0.156E-01    0.240E-02    0.240E-02    0.102E-02    0.102E-02    0.109E-03    0.109E-03    0.000E+00    0.000E+00
    15.000     0.530    0.219E+00    0.566E-01    0.154E-01    0.237E-02    0.237E-02    0.101E-02    0.101E-02    0.107E-03    0.107E-03    0.000E+00    0.000E+00
    15.000     0.531    0.218E+00    0.561E-01    0.152E-01    0.234E-02    0.234E-02    0.998E-03    0.998E-03    0.105E-03    0.105E-03    0.000E+00    0.000E+00
    15.000     0.532    0.217E+00    0.556E-01    0.150E-01    0.231E-02    0.231E-02    0.986E-03    0.986E-03    0.103E-03    0.103E-03    0.000E+00    0.000E+00
    15.000     0.533    0.216E+00    0.551E-01    0.148E-01    0.228E-02    0.228E-02    0.974E-03    0.974E-03    0.102E-03    0.102E-03    0.000E+00    0.000E+00
    15.000     0.534    0.214E+00    0.546E-01    0.146E-01    0.225E-02    0.225E-02    0.961E-03    0.961E-03    0.100E-03    0.100E-03    0.000E+00    0.000E+00
    15.000     0.535    0.213E+00    0.542E-01    0.144E-01    0.223E-02    0.223E-02    0.949E-03    0.949E-03    0.983E-04    0.983E-04    0.000E+00    0.000E+00
    15.000     0.536    0.212E+00    0.537E-01    0.142E-01    0.220E-02    0.220E-02    0.937E-03    0.937E-03    0.967E-04    0.967E-04    0.000E+00    0.000E+00
    15.000     0.537    0.211E+00    0.532E-01    0.140E-01    0.217E-02    0.217E-02    0.925E-03    0.925E-03    0.951E-04    0.951E-04    0.000E+00    0.000E+00
    15.000     0.538    0.210E+00    0.527E-01    0.138E-01    0.214E-02    0.214E-02    0.914E-03    0.914E-03    0.935E-04    0.935E-04    0.000E+00    0.000E+00
    15.000     0.539    0.208E+00    0.523E-01    0.136E-01    0.212E-02    0.212E-02    0.902E-03    0.902E-03    0.920E-04    0.920E-04    0.000E+00    0.000E+00
    15.000     0.540    0.207E+00    0.518E-01    0.134E-01    0.209E-02    0.209E-02    0.891E-03    0.891E-03    0.905E-04    0.905E-04    0.000E+00    0.000E+00
    15.000     0.541    0.206E+00    0.514E-01    0.133E-01    0.206E-02    0.207E-02    0.879E-03    0.879E-03    0.890E-04    0.890E-04    0.000E+00    0.000E+00
    15.000     0.542    0.205E+00    0.509E-01    0.131E-01    0.204E-02    0.204E-02    0.868E-03    0.868E-03    0.875E-04    0.875E-04    0.000E+00    0.000E+00
    15.000     0.543    0.204E+00    0.504E-01    0.129E-01    0.201E-02    0.201E-02    0.857E-03    0.857E-03    0.860E-04    0.860E-04    0.000E+00    0.000E+00
    15.000     0.544    0.202E+00    0.500E-01    0.127E-01    0.199E-02    0.199E-02    0.846E-03    0.846E-03    0.845E-04    0.845E-04    0.000E+00    0.000E+00
    15.000     0.545    0.201E+00    0.495E-01    0.125E-01    0.196E-02    0.196E-02    0.835E-03    0.835E-03    0.831E-04    0.831E-04    0.000E+00    0.000E+00
    15.000     0.546    0.200E+00    0.491E-01    0.124E-01    0.194E-02    0.194E-02    0.824E-03    0.824E-03    0.817E-04    0.817E-04    0.000E+00    0.000E+00
    15.000     0.547    0.199E+00    0.486E-01    0.122E-01    0.191E-02    0.191E-02    0.813E-03    0.813E-03    0.803E-04    0.803E-04    0.000E+00    0.000E+00
    15.000     0.548    0.198E+00    0.482E-01    0.120E-01    0.189E-02    0.189E-02    0.803E-03    0.803E-03    0.790E-04    0.790E-04    0.000E+00    0.000E+00
    15.000     0.549    0.196E+00    0.478E-01    0.119E-01    0.186E-02    0.186E-02    0.792E-03    0.792E-03    0.776E-04    0.776E-04    0.000E+00    0.000E+00
    15.000     0.550    0.195E+00    0.473E-01    0.117E-01    0.184E-02    0.184E-02    0.782E-03    0.782E-03    0.763E-04    0.763E-04    0.000E+00    0.000E+00
    15.000     0.551    0.194E+00    0.469E-01    0.115E-01    0.182E-02    0.182E-02    0.772E-03    0.772E-03    0.750E-04    0.750E-04    0.000E+00    0.000E+00
    15.000     0.552    0.193E+00    0.464E-01    0.114E-01    0.179E-02    0.179E-02    0.762E-03    0.762E-03    0.737E-04    0.737E-04    0.000E+00    0.000E+00
    15.000     0.553    0.192E+00    0.460E-01    0.112E-01    0.177E-02    0.177E-02    0.751E-03    0.751E-03    0.725E-04    0.725E-04    0.000E+00    0.000E+00
    15.000     0.554    0.191E+00    0.456E-01    0.111E-01    0.175E-02    0.175E-02    0.741E-03    0.741E-03    0.712E-04    0.712E-04    0.000E+00    0.000E+00
    15.000     0.555    0.189E+00    0.452E-01    0.109E-01    0.172E-02    0.172E-02    0.732E-03    0.732E-03    0.700E-04    0.700E-04    0.000E+00    0.000E+00
    15.000     0.556    0.188E+00    0.447E-01    0.108E-01    0.170E-02    0.170E-02    0.722E-03    0.722E-03    0.688E-04    0.688E-04    0.000E+00    0.000E+00
    15.000     0.557    0.187E+00    0.443E-01    0.106E-01    0.168E-02    0.168E-02    0.712E-03    0.712E-03    0.676E-04    0.676E-04    0.000E+00    0.000E+00
    15.000     0.558    0.186E+00    0.439E-01    0.105E-01    0.166E-02    0.166E-02    0.703E-03    0.703E-03    0.664E-04    0.664E-04    0.000E+00    0.000E+00
    15.000     0.559    0.185E+00    0.435E-01    0.103E-01    0.164E-02    0.164E-02    0.693E-03    0.693E-03    0.653E-04    0.653E-04    0.000E+00    0.000E+00
    15.000     0.560    0.184E+00    0.431E-01    0.102E-01    0.161E-02    0.161E-02    0.684E-03    0.684E-03    0.642E-04    0.642E-04    0.000E+00    0.000E+00
    15.000     0.561    0.183E+00    0.427E-01    0.100E-01    0.159E-02    0.159E-02    0.675E-03    0.675E-03    0.631E-04    0.631E-04    0.000E+00    0.000E+00
    15.000     0.562    0.181E+00    0.423E-01    0.988E-02    0.157E-02    0.157E-02    0.666E-03    0.666E-03    0.620E-04    0.620E-04    0.000E+00    0.000E+00
    15.000     0.563    0.180E+00    0.419E-01    0.974E-02    0.155E-02    0.155E-02    0.657E-03    0.657E-03    0.609E-04    0.609E-04    0.000E+00    0.000E+00
    15.000     0.564    0.179E+00    0.415E-01    0.961E-02    0.153E-02    0.153E-02    0.648E-03    0.648E-03    0.598E-04    0.598E-04    0.110E-19    0.110E-19
    15.000     0.565    0.178E+00    0.411E-01    0.947E-02    0.151E-02    0.151E-02    0.639E-03    0.639E-03    0.588E-04    0.588E-04    0.607E-19    0.607E-19
    15.000     0.566    0.177E+00    0.407E-01    0.933E-02    0.149E-02    0.149E-02    0.630E-03    0.630E-03    0.578E-04    0.578E-04    0.112E-18    0.112E-18
    15.000     0.567    0.176E+00    0.403E-01    0.920E-02    0.147E-02    0.147E-02    0.621E-03    0.621E-03    0.567E-04    0.567E-04    0.166E-18    0.166E-18
    15.000     0.568    0.175E+00    0.399E-01    0.907E-02    0.145E-02    0.145E-02    0.613E-03    0.613E-03    0.557E-04    0.557E-04    0.221E-18    0.221E-18
    15.000     0.569    0.174E+00    0.395E-01    0.894E-02    0.143E-02    0.143E-02    0.604E-03    0.604E-03    0.548E-04    0.548E-04    0.277E-18    0.277E-18
    15.000     0.570    0.173E+00    0.391E-01    0.881E-02    0.141E-02    0.141E-02    0.596E-03    0.596E-03    0.538E-04    0.538E-04    0.334E-18    0.334E-18
    15.000     0.571    0.171E+00    0.387E-01    0.868E-02    0.139E-02    0.139E-02    0.587E-03    0.587E-03    0.528E-04    0.528E-04    0.391E-18    0.391E-18
    15.000     0.572    0.170E+00    0.383E-01    0.856E-02    0.137E-02    0.137E-02    0.579E-03    0.579E-03    0.519E-04    0.519E-04    0.449E-18    0.449E-18
    15.000     0.573    0.169E+00    0.380E-01    0.843E-02    0.135E-02    0.135E-02    0.571E-03    0.571E-03    0.510E-04    0.510E-04    0.507E-18    0.507E-18
    15.000     0.574    0.168E+00    0.376E-01    0.831E-02    0.133E-02    0.133E-02    0.563E-03    0.563E-03    0.501E-04    0.501E-04    0.564E-18    0.564E-18
    15.000     0.575    0.167E+00    0.372E-01    0.819E-02    0.131E-02    0.131E-02    0.555E-03    0.555E-03    0.492E-04    0.492E-04    0.621E-18    0.621E-18
    15.000     0.576    0.166E+00    0.368E-01    0.807E-02    0.130E-02    0.130E-02    0.547E-03    0.547E-03    0.483E-04    0.483E-04    0.677E-18    0.677E-18
    15.000     0.577    0.165E+00    0.365E-01    0.796E-02    0.128E-02    0.128E-02    0.539E-03    0.539E-03    0.474E-04    0.474E-04    0.731E-18    0.731E-18
    15.000     0.578    0.164E+00    0.361E-01    0.784E-02    0.126E-02    0.126E-02    0.532E-03    0.532E-03    0.466E-04    0.466E-04    0.784E-18    0.784E-18
    15.000     0.579    0.163E+00    0.357E-01    0.773E-02    0.124E-02    0.124E-02    0.524E-03    0.524E-03    0.457E-04    0.457E-04    0.836E-18    0.836E-18
    15.000     0.580    0.162E+00    0.354E-01    0.761E-02    0.122E-02    0.122E-02    0.516E-03    0.516E-03    0.449E-04    0.449E-04    0.884E-18    0.884E-18
    15.000     0.581    0.161E+00    0.350E-01    0.750E-02    0.121E-02    0.121E-02    0.509E-03    0.509E-03    0.441E-04    0.441E-04    0.931E-18    0.931E-18
    15.000     0.582    0.160E+00    0.347E-01    0.739E-02    0.119E-02    0.119E-02    0.502E-03    0.502E-03    0.433E-04    0.433E-04    0.974E-18    0.974E-18
    15.000     0.583    0.158E+00    0.343E-01    0.728E-02    0.117E-02    0.117E-02    0.494E-03    0.494E-03    0.425E-04    0.425E-04    0.101E-17    0.101E-17
    15.000     0.584    0.157E+00    0.339E-01    0.718E-02    0.116E-02    0.116E-02    0.487E-03    0.487E-03    0.418E-04    0.418E-04    0.105E-17    0.105E-17
    15.000     0.585    0.156E+00    0.336E-01    0.707E-02    0.114E-02    0.114E-02    0.480E-03    0.480E-03    0.410E-04    0.410E-04    0.108E-17    0.108E-17
    15.000     0.586    0.155E+00    0.333E-01    0.697E-02    0.112E-02    0.112E-02    0.473E-03    0.473E-03    0.403E-04    0.403E-04    0.111E-17    0.111E-17
    15.000     0.587    0.154E+00    0.329E-01    0.686E-02    0.111E-02    0.111E-02    0.466E-03    0.466E-03    0.395E-04    0.395E-04    0.107E-17    0.107E-17
    15.000     0.588    0.153E+00    0.326E-01    0.676E-02    0.109E-02    0.109E-02    0.459E-03    0.459E-03    0.388E-04    0.388E-04    0.104E-17    0.104E-17
    15.000     0.589    0.152E+00    0.322E-01    0.666E-02    0.107E-02    0.107E-02    0.452E-03    0.452E-03    0.381E-04    0.381E-04    0.994E-18    0.994E-18
    15.000     0.590    0.151E+00    0.319E-01    0.656E-02    0.106E-02    0.106E-02    0.445E-03    0.445E-03    0.374E-04    0.374E-04    0.949E-18    0.949E-18
    15.000     0.591    0.150E+00    0.316E-01    0.646E-02    0.104E-02    0.104E-02    0.439E-03    0.439E-03    0.367E-04    0.367E-04    0.901E-18    0.901E-18
    15.000     0.592    0.149E+00    0.312E-01    0.637E-02    0.103E-02    0.103E-02    0.432E-03    0.432E-03    0.360E-04    0.360E-04    0.851E-18    0.851E-18
    15.000     0.593    0.148E+00    0.309E-01    0.627E-02    0.101E-02    0.101E-02    0.426E-03    0.426E-03    0.354E-04    0.354E-04    0.798E-18    0.798E-18
    15.000     0.594    0.147E+00    0.306E-01    0.618E-02    0.996E-03    0.996E-03    0.419E-03    0.419E-03    0.347E-04    0.347E-04    0.743E-18    0.743E-18
    15.000     0.595    0.146E+00    0.302E-01    0.608E-02    0.981E-03    0.981E-03    0.413E-03    0.413E-03    0.341E-04    0.341E-04    0.687E-18    0.687E-18
    15.000     0.596    0.145E+00    0.299E-01    0.599E-02    0.966E-03    0.966E-03    0.407E-03    0.407E-03    0.334E-04    0.334E-04    0.630E-18    0.630E-18
    15.000     0.597    0.144E+00    0.296E-01    0.590E-02    0.952E-03    0.952E-03    0.400E-03    0.400E-03    0.328E-04    0.328E-04    0.572E-18    0.572E-18
    15.000     0.598    0.143E+00    0.293E-01    0.581E-02    0.937E-03    0.937E-03    0.394E-03    0.394E-03    0.322E-04    0.322E-04    0.513E-18    0.513E-18
    15.000     0.599    0.142E+00    0.290E-01    0.572E-02    0.923E-03    0.923E-03    0.388E-03    0.388E-03    0.316E-04    0.316E-04    0.455E-18    0.455E-18
    15.000     0.600    0.141E+00    0.287E-01    0.564E-02    0.909E-03    0.909E-03    0.382E-03    0.382E-03    0.310E-04    0.310E-04    0.397E-18    0.397E-18
    15.000     0.601    0.140E+00    0.283E-01    0.555E-02    0.895E-03    0.895E-03    0.376E-03    0.376E-03    0.304E-04    0.304E-04    0.340E-18    0.340E-18
    15.000     0.602    0.139E+00    0.280E-01    0.547E-02    0.881E-03    0.881E-03    0.370E-03    0.370E-03    0.298E-04    0.298E-04    0.285E-18    0.285E-18
    15.000     0.603    0.138E+00    0.277E-01    0.538E-02    0.867E-03    0.867E-03    0.364E-03    0.364E-03    0.293E-04    0.293E-04    0.231E-18    0.231E-18
    15.000     0.604    0.137E+00    0.274E-01    0.530E-02    0.854E-03    0.854E-03    0.359E-03    0.359E-03    0.287E-04    0.287E-04    0.179E-18    0.179E-18
    15.000     0.605    0.136E+00    0.271E-01    0.522E-02    0.840E-03    0.840E-03    0.353E-03    0.353E-03    0.282E-04    0.282E-04    0.130E-18    0.130E-18
    15.000     0.606    0.135E+00    0.268E-01    0.514E-02    0.827E-03    0.827E-03    0.347E-03    0.347E-03    0.277E-04    0.277E-04    0.842E-19    0.842E-19
    15.000     0.607    0.134E+00    0.265E-01    0.506E-02    0.814E-03    0.814E-03    0.342E-03    0.342E-03    0.271E-04    0.271E-04    0.416E-19    0.416E-19
    15.000     0.608    0.133E+00    0.262E-01    0.498E-02    0.801E-03    0.801E-03    0.336E-03    0.336E-03    0.266E-04    0.266E-04    0.281E-20    0.281E-20
    15.000     0.609    0.132E+00    0.259E-01    0.491E-02    0.788E-03    0.788E-03    0.331E-03    0.331E-03    0.261E-04    0.261E-04    0.299E-19    0.299E-19
    15.000     0.610    0.131E+00    0.256E-01    0.483E-02    0.776E-03    0.776E-03    0.326E-03    0.326E-03    0.256E-04    0.256E-04    0.663E-19    0.663E-19
    15.000     0.611    0.130E+00    0.254E-01    0.476E-02    0.763E-03    0.763E-03    0.320E-03    0.320E-03    0.251E-04    0.251E-04    0.107E-18    0.107E-18
    15.000     0.612    0.129E+00    0.251E-01    0.468E-02    0.751E-03    0.751E-03    0.315E-03    0.315E-03    0.246E-04    0.246E-04    0.150E-18    0.150E-18
    15.000     0.613    0.128E+00    0.248E-01    0.461E-02    0.739E-03    0.739E-03    0.310E-03    0.310E-03    0.242E-04    0.242E-04    0.197E-18    0.197E-18
    15.000     0.614    0.127E+00    0.245E-01    0.454E-02    0.727E-03    0.727E-03    0.305E-03    0.305E-03    0.237E-04    0.237E-04    0.247E-18    0.247E-18
    15.000     0.615    0.126E+00    0.242E-01    0.447E-02    0.715E-03    0.715E-03    0.300E-03    0.300E-03    0.232E-04    0.232E-04    0.299E-18    0.299E-18
    15.000     0.616    0.125E+00    0.240E-01    0.440E-02    0.703E-03    0.703E-03    0.295E-03    0.295E-03    0.228E-04    0.228E-04    0.353E-18    0.353E-18
    15.000     0.617    0.125E+00    0.237E-01    0.433E-02    0.691E-03    0.691E-03    0.290E-03    0.290E-03    0.223E-04    0.223E-04    0.409E-18    0.409E-18
    15.000     0.618    0.124E+00    0.234E-01    0.426E-02    0.680E-03    0.680E-03    0.285E-03    0.285E-03    0.219E-04    0.219E-04    0.466E-18    0.466E-18
    15.000     0.619    0.123E+00    0.231E-01    0.419E-02    0.669E-03    0.669E-03    0.280E-03    0.280E-03    0.215E-04    0.215E-04    0.523E-18    0.523E-18
    15.000     0.620    0.122E+00    0.229E-01    0.413E-02    0.657E-03    0.657E-03    0.276E-03    0.276E-03    0.210E-04    0.210E-04    0.581E-18    0.581E-18
    15.000     0.621    0.121E+00    0.226E-01    0.406E-02    0.646E-03    0.646E-03    0.271E-03    0.271E-03    0.206E-04    0.206E-04    0.639E-18    0.639E-18
    15.000     0.622    0.120E+00    0.223E-01    0.400E-02    0.635E-03    0.635E-03    0.266E-03    0.266E-03    0.202E-04    0.202E-04    0.697E-18    0.697E-18
    15.000     0.623    0.119E+00    0.221E-01    0.393E-02    0.625E-03    0.625E-03    0.262E-03    0.262E-03    0.198E-04    0.198E-04    0.753E-18    0.753E-18
    15.000     0.624    0.118E+00    0.218E-01    0.387E-02    0.614E-03    0.614E-03    0.257E-03    0.257E-03    0.194E-04    0.194E-04    0.809E-18    0.809E-18
    15.000     0.625    0.117E+00    0.216E-01    0.381E-02    0.603E-03    0.603E-03    0.253E-03    0.253E-03    0.191E-04    0.191E-04    0.863E-18    0.863E-18
    15.000     0.626    0.116E+00    0.213E-01    0.375E-02    0.593E-03    0.593E-03    0.248E-03    0.248E-03    0.187E-04    0.187E-04    0.915E-18    0.915E-18
    15.000     0.627    0.115E+00    0.211E-01    0.369E-02    0.583E-03    0.583E-03    0.244E-03    0.244E-03    0.183E-04    0.183E-04    0.964E-18    0.964E-18
    15.000     0.628    0.114E+00    0.208E-01    0.363E-02    0.573E-03    0.573E-03    0.240E-03    0.240E-03    0.180E-04    0.180E-04    0.101E-17    0.101E-17
    15.000     0.629    0.114E+00    0.206E-01    0.357E-02    0.562E-03    0.562E-03    0.236E-03    0.236E-03    0.176E-04    0.176E-04    0.105E-17    0.105E-17
    15.000     0.630    0.113E+00    0.203E-01    0.351E-02    0.553E-03    0.553E-03    0.231E-03    0.231E-03    0.172E-04    0.172E-04    0.109E-17    0.109E-17
    15.000     0.631    0.112E+00    0.201E-01    0.346E-02    0.543E-03    0.543E-03    0.227E-03    0.227E-03    0.169E-04    0.169E-04    0.110E-17    0.110E-17
    15.000     0.632    0.111E+00    0.198E-01    0.340E-02    0.533E-03    0.533E-03    0.223E-03    0.223E-03    0.166E-04    0.166E-04    0.107E-17    0.107E-17
    15.000     0.633    0.110E+00    0.196E-01    0.335E-02    0.524E-03    0.524E-03    0.219E-03    0.219E-03    0.162E-04    0.162E-04    0.104E-17    0.104E-17
    15.000     0.634    0.109E+00    0.193E-01    0.329E-02    0.514E-03    0.514E-03    0.215E-03    0.215E-03    0.159E-04    0.159E-04    0.100E-17    0.100E-17
    15.000     0.635    0.108E+00    0.191E-01    0.324E-02    0.505E-03    0.505E-03    0.211E-03    0.211E-03    0.156E-04    0.156E-04    0.963E-18    0.963E-18
    15.000     0.636    0.107E+00    0.189E-01    0.319E-02    0.496E-03    0.496E-03    0.207E-03    0.207E-03    0.153E-04    0.153E-04    0.921E-18    0.921E-18
    15.000     0.637    0.107E+00    0.186E-01    0.313E-02    0.486E-03    0.486E-03    0.204E-03    0.204E-03    0.149E-04    0.149E-04    0.876E-18    0.876E-18
    15.000     0.638    0.106E+00    0.184E-01    0.308E-02    0.478E-03    0.478E-03    0.200E-03    0.200E-03    0.146E-04    0.146E-04    0.828E-18    0.828E-18
    15.000     0.639    0.105E+00    0.182E-01    0.303E-02    0.469E-03    0.469E-03    0.196E-03    0.196E-03    0.143E-04    0.143E-04    0.778E-18    0.778E-18
    15.000     0.640    0.104E+00    0.180E-01    0.298E-02    0.460E-03    0.460E-03    0.192E-03    0.192E-03    0.140E-04    0.140E-04    0.725E-18    0.725E-18
    15.000     0.641    0.103E+00    0.177E-01    0.293E-02    0.451E-03    0.451E-03    0.189E-03    0.189E-03    0.138E-04    0.138E-04    0.671E-18    0.671E-18
    15.000     0.642    0.102E+00    0.175E-01    0.288E-02    0.443E-03    0.443E-03    0.185E-03    0.185E-03    0.135E-04    0.135E-04    0.615E-18    0.615E-18
    15.000     0.643    0.102E+00    0.173E-01    0.284E-02    0.434E-03    0.434E-03    0.182E-03    0.182E-03    0.132E-04    0.132E-04    0.559E-18    0.559E-18
    15.000     0.644    0.101E+00    0.171E-01    0.279E-02    0.426E-03    0.426E-03    0.178E-03    0.178E-03    0.129E-04    0.129E-04    0.501E-18    0.501E-18
    15.000     0.645    0.999E-01    0.169E-01    0.274E-02    0.418E-03    0.418E-03    0.175E-03    0.175E-03    0.127E-04    0.127E-04    0.442E-18    0.442E-18
    15.000     0.646    0.991E-01    0.167E-01    0.270E-02    0.410E-03    0.410E-03    0.171E-03    0.171E-03    0.124E-04    0.124E-04    0.384E-18    0.384E-18
    15.000     0.647    0.982E-01    0.164E-01    0.265E-02    0.402E-03    0.402E-03    0.168E-03    0.168E-03    0.121E-04    0.121E-04    0.325E-18    0.325E-18
    15.000     0.648    0.974E-01    0.162E-01    0.261E-02    0.394E-03    0.394E-03    0.165E-03    0.165E-03    0.119E-04    0.119E-04    0.267E-18    0.267E-18
    15.000     0.649    0.966E-01    0.160E-01    0.257E-02    0.386E-03    0.386E-03    0.162E-03    0.162E-03    0.116E-04    0.116E-04    0.209E-18    0.209E-18
    15.000     0.650    0.958E-01    0.158E-01    0.252E-02    0.379E-03    0.379E-03    0.158E-03    0.158E-03    0.114E-04    0.114E-04    0.152E-18    0.152E-18
    15.000     0.651    0.950E-01    0.156E-01    0.248E-02    0.371E-03    0.371E-03    0.155E-03    0.155E-03    0.112E-04    0.112E-04    0.961E-19    0.961E-19
    15.000     0.652    0.942E-01    0.154E-01    0.244E-02    0.364E-03    0.364E-03    0.152E-03    0.152E-03    0.109E-04    0.109E-04    0.420E-19    0.420E-19
    15.000     0.653    0.934E-01    0.152E-01    0.240E-02    0.356E-03    0.356E-03    0.149E-03    0.149E-03    0.107E-04    0.107E-04    0.000E+00    0.000E+00
    15.000     0.654    0.926E-01    0.150E-01    0.236E-02    0.349E-03    0.349E-03    0.146E-03    0.146E-03    0.105E-04    0.105E-04    0.000E+00    0.000E+00
    15.000     0.655    0.918E-01    0.148E-01    0.232E-02    0.342E-03    0.342E-03    0.143E-03    0.143E-03    0.103E-04    0.103E-04    0.000E+00    0.000E+00
    15.000     0.656    0.910E-01    0.146E-01    0.228E-02    0.335E-03    0.335E-03    0.140E-03    0.140E-03    0.100E-04    0.100E-04    0.000E+00    0.000E+00
    15.000     0.657    0.903E-01    0.144E-01    0.224E-02    0.328E-03    0.328E-03    0.137E-03    0.137E-03    0.982E-05    0.982E-05    0.000E+00    0.000E+00
    15.000     0.658    0.895E-01    0.142E-01    0.220E-02    0.321E-03    0.321E-03    0.134E-03    0.134E-03    0.961E-05    0.961E-05    0.000E+00    0.000E+00
    15.000     0.659    0.887E-01    0.140E-01    0.216E-02    0.314E-03    0.314E-03    0.131E-03    0.131E-03    0.941E-05    0.941E-05    0.000E+00    0.000E+00
    15.000     0.660    0.879E-01    0.139E-01    0.213E-02    0.308E-03    0.308E-03    0.129E-03    0.129E-03    0.920E-05    0.920E-05    0.000E+00    0.000E+00
    15.000     0.661    0.872E-01    0.137E-01    0.209E-02    0.301E-03    0.301E-03    0.126E-03    0.126E-03    0.901E-05    0.901E-05    0.000E+00    0.000E+00
    15.000     0.662    0.864E-01    0.135E-01    0.205E-02    0.295E-03    0.295E-03    0.123E-03    0.123E-03    0.881E-05    0.881E-05    0.000E+00    0.000E+00
    15.000     0.663    0.857E-01    0.133E-01    0.202E-02    0.288E-03    0.288E-03    0.120E-03    0.120E-03    0.862E-05    0.862E-05    0.000E+00    0.000E+00
    15.000     0.664    0.849E-01    0.131E-01    0.198E-02    0.282E-03    0.282E-03    0.118E-03    0.118E-03    0.844E-05    0.844E-05    0.000E+00    0.000E+00
    15.000     0.665    0.841E-01    0.130E-01    0.195E-02    0.276E-03    0.276E-03    0.115E-03    0.115E-03    0.825E-05    0.825E-05    0.000E+00    0.000E+00
    15.000     0.666    0.834E-01    0.128E-01    0.191E-02    0.270E-03    0.270E-03    0.113E-03    0.113E-03    0.807E-05    0.807E-05    0.000E+00    0.000E+00
    15.000     0.667    0.827E-01    0.126E-01    0.188E-02    0.264E-03    0.264E-03    0.110E-03    0.110E-03    0.790E-05    0.790E-05    0.000E+00    0.000E+00
    15.000     0.668    0.819E-01    0.124E-01    0.185E-02    0.258E-03    0.258E-03    0.108E-03    0.108E-03    0.773E-05    0.773E-05    0.000E+00    0.000E+00
    15.000     0.669    0.812E-01    0.123E-01    0.182E-02    0.252E-03    0.252E-03    0.105E-03    0.105E-03    0.756E-05    0.756E-05    0.000E+00    0.000E+00
    15.000     0.670    0.805E-01    0.121E-01    0.178E-02    0.246E-03    0.246E-03    0.103E-03    0.103E-03    0.739E-05    0.739E-05    0.000E+00    0.000E+00
    15.000     0.671    0.797E-01    0.119E-01    0.175E-02    0.240E-03    0.240E-03    0.100E-03    0.100E-03    0.723E-05    0.723E-05    0.000E+00    0.000E+00
    15.000     0.672    0.790E-01    0.118E-01    0.172E-02    0.235E-03    0.235E-03    0.981E-04    0.981E-04    0.707E-05    0.707E-05    0.000E+00    0.000E+00
    15.000     0.673    0.783E-01    0.116E-01    0.169E-02    0.229E-03    0.229E-03    0.958E-04    0.958E-04    0.692E-05    0.692E-05    0.000E+00    0.000E+00
    15.000     0.674    0.776E-01    0.114E-01    0.166E-02    0.224E-03    0.224E-03    0.936E-04    0.936E-04    0.677E-05    0.677E-05    0.000E+00    0.000E+00
    15.000     0.675    0.769E-01    0.113E-01    0.163E-02    0.218E-03    0.218E-03    0.914E-04    0.914E-04    0.662E-05    0.662E-05    0.000E+00    0.000E+00
    15.000     0.676    0.762E-01    0.111E-01    0.160E-02    0.213E-03    0.213E-03    0.892E-04    0.892E-04    0.647E-05    0.647E-05    0.193E-20    0.193E-20
    15.000     0.677    0.754E-01    0.110E-01    0.158E-02    0.208E-03    0.208E-03    0.870E-04    0.870E-04    0.632E-05    0.632E-05    0.529E-20    0.529E-20
    15.000     0.678    0.748E-01    0.108E-01    0.155E-02    0.203E-03    0.203E-03    0.848E-04    0.848E-04    0.618E-05    0.618E-05    0.892E-20    0.892E-20
    15.000     0.679    0.741E-01    0.106E-01    0.152E-02    0.198E-03    0.198E-03    0.827E-04    0.827E-04    0.604E-05    0.604E-05    0.128E-19    0.128E-19
    15.000     0.680    0.734E-01    0.105E-01    0.149E-02    0.193E-03    0.193E-03    0.807E-04    0.807E-04    0.591E-05    0.591E-05    0.170E-19    0.170E-19
    15.000     0.681    0.727E-01    0.103E-01    0.147E-02    0.188E-03    0.188E-03    0.786E-04    0.786E-04    0.577E-05    0.577E-05    0.214E-19    0.214E-19
    15.000     0.682    0.720E-01    0.102E-01    0.144E-02    0.183E-03    0.183E-03    0.766E-04    0.766E-04    0.564E-05    0.564E-05    0.261E-19    0.261E-19
    15.000     0.683    0.713E-01    0.100E-01    0.141E-02    0.178E-03    0.178E-03    0.747E-04    0.747E-04    0.551E-05    0.551E-05    0.311E-19    0.311E-19
    15.000     0.684    0.706E-01    0.989E-02    0.139E-02    0.174E-03    0.174E-03    0.727E-04    0.727E-04    0.539E-05    0.539E-05    0.364E-19    0.364E-19
    15.000     0.685    0.700E-01    0.975E-02    0.136E-02    0.169E-03    0.169E-03    0.708E-04    0.708E-04    0.526E-05    0.526E-05    0.419E-19    0.419E-19
    15.000     0.686    0.693E-01    0.961E-02    0.134E-02    0.165E-03    0.165E-03    0.689E-04    0.689E-04    0.514E-05    0.514E-05    0.477E-19    0.477E-19
    15.000     0.687    0.686E-01    0.947E-02    0.131E-02    0.160E-03    0.160E-03    0.671E-04    0.671E-04    0.503E-05    0.503E-05    0.537E-19    0.537E-19
    15.000     0.688    0.680E-01    0.933E-02    0.129E-02    0.156E-03    0.156E-03    0.653E-04    0.653E-04    0.491E-05    0.491E-05    0.601E-19    0.601E-19
    15.000     0.689    0.673E-01    0.919E-02    0.127E-02    0.152E-03    0.152E-03    0.635E-04    0.635E-04    0.480E-05    0.480E-05    0.667E-19    0.667E-19
    15.000     0.690    0.667E-01    0.905E-02    0.124E-02    0.147E-03    0.147E-03    0.617E-04    0.617E-04    0.469E-05    0.469E-05    0.735E-19    0.735E-19
    15.000     0.691    0.660E-01    0.892E-02    0.122E-02    0.143E-03    0.143E-03    0.600E-04    0.600E-04    0.458E-05    0.458E-05    0.807E-19    0.807E-19
    15.000     0.692    0.654E-01    0.878E-02    0.120E-02    0.139E-03    0.139E-03    0.583E-04    0.583E-04    0.447E-05    0.447E-05    0.881E-19    0.881E-19
    15.000     0.693    0.647E-01    0.865E-02    0.118E-02    0.135E-03    0.135E-03    0.566E-04    0.566E-04    0.437E-05    0.437E-05    0.958E-19    0.958E-19
    15.000     0.694    0.641E-01    0.852E-02    0.115E-02    0.131E-03    0.131E-03    0.550E-04    0.550E-04    0.427E-05    0.427E-05    0.104E-18    0.104E-18
    15.000     0.695    0.634E-01    0.839E-02    0.113E-02    0.127E-03    0.127E-03    0.534E-04    0.534E-04    0.417E-05    0.417E-05    0.112E-18    0.112E-18
    15.000     0.696    0.628E-01    0.826E-02    0.111E-02    0.123E-03    0.123E-03    0.518E-04    0.518E-04    0.407E-05    0.407E-05    0.120E-18    0.120E-18
    15.000     0.697    0.622E-01    0.814E-02    0.109E-02    0.120E-03    0.120E-03    0.502E-04    0.502E-04    0.398E-05    0.398E-05    0.129E-18    0.129E-18
    15.000     0.698    0.616E-01    0.801E-02    0.107E-02    0.116E-03    0.116E-03    0.487E-04    0.487E-04    0.388E-05    0.388E-05    0.138E-18    0.138E-18
    15.000     0.699    0.610E-01    0.789E-02    0.105E-02    0.112E-03    0.112E-03    0.472E-04    0.472E-04    0.379E-05    0.379E-05    0.153E-18    0.153E-18
    15.000     0.700    0.603E-01    0.776E-02    0.103E-02    0.109E-03    0.109E-03    0.457E-04    0.457E-04    0.370E-05    0.370E-05    0.168E-18    0.168E-18
    15.000     0.701    0.597E-01    0.764E-02    0.101E-02    0.105E-03    0.105E-03    0.442E-04    0.442E-04    0.361E-05    0.361E-05    0.183E-18    0.183E-18
    15.000     0.702    0.591E-01    0.752E-02    0.992E-03    0.102E-03    0.102E-03    0.428E-04    0.428E-04    0.353E-05    0.353E-05    0.199E-18    0.199E-18
    15.000     0.703    0.585E-01    0.741E-02    0.973E-03    0.983E-04    0.983E-04    0.414E-04    0.414E-04    0.344E-05    0.344E-05    0.214E-18    0.214E-18
    15.000     0.704    0.579E-01    0.729E-02    0.954E-03    0.950E-04    0.950E-04    0.400E-04    0.400E-04    0.336E-05    0.336E-05    0.229E-18    0.229E-18
    15.000     0.705    0.573E-01    0.718E-02    0.936E-03    0.917E-04    0.917E-04    0.387E-04    0.387E-04    0.328E-05    0.328E-05    0.245E-18    0.245E-18
    15.000     0.706    0.567E-01    0.706E-02    0.918E-03    0.885E-04    0.885E-04    0.373E-04    0.373E-04    0.320E-05    0.320E-05    0.260E-18    0.260E-18
    15.000     0.707    0.561E-01    0.695E-02    0.901E-03    0.853E-04    0.853E-04    0.360E-04    0.360E-04    0.312E-05    0.312E-05    0.275E-18    0.275E-18
    15.000     0.708    0.556E-01    0.684E-02    0.883E-03    0.822E-04    0.822E-04    0.347E-04    0.347E-04    0.305E-05    0.305E-05    0.289E-18    0.289E-18
    15.000     0.709    0.550E-01    0.673E-02    0.866E-03    0.792E-04    0.792E-04    0.335E-04    0.335E-04    0.297E-05    0.297E-05    0.303E-18    0.303E-18
    15.000     0.710    0.544E-01    0.662E-02    0.850E-03    0.762E-04    0.762E-04    0.322E-04    0.322E-04    0.290E-05    0.290E-05    0.317E-18    0.317E-18
    15.000     0.711    0.538E-01    0.651E-02    0.833E-03    0.733E-04    0.733E-04    0.310E-04    0.310E-04    0.283E-05    0.283E-05    0.330E-18    0.330E-18
    15.000     0.712    0.533E-01    0.641E-02    0.817E-03    0.704E-04    0.704E-04    0.298E-04    0.298E-04    0.276E-05    0.276E-05    0.343E-18    0.343E-18
    15.000     0.713    0.527E-01    0.630E-02    0.801E-03    0.676E-04    0.676E-04    0.287E-04    0.287E-04    0.269E-05    0.269E-05    0.355E-18    0.355E-18
    15.000     0.714    0.521E-01    0.620E-02    0.786E-03    0.648E-04    0.648E-04    0.275E-04    0.275E-04    0.263E-05    0.263E-05    0.366E-18    0.366E-18
    15.000     0.715    0.516E-01    0.610E-02    0.770E-03    0.621E-04    0.621E-04    0.264E-04    0.264E-04    0.256E-05    0.256E-05    0.376E-18    0.376E-18
    15.000     0.716    0.510E-01    0.600E-02    0.755E-03    0.595E-04    0.595E-04    0.253E-04    0.253E-04    0.250E-05    0.250E-05    0.385E-18    0.385E-18
    15.000     0.717    0.505E-01    0.590E-02    0.740E-03    0.569E-04    0.569E-04    0.242E-04    0.242E-04    0.244E-05    0.244E-05    0.394E-18    0.394E-18
    15.000     0.718    0.499E-01    0.580E-02    0.726E-03    0.543E-04    0.543E-04    0.232E-04    0.232E-04    0.238E-05    0.238E-05    0.401E-18    0.401E-18
    15.000     0.719    0.494E-01    0.570E-02    0.712E-03    0.518E-04    0.518E-04    0.221E-04    0.221E-04    0.232E-05    0.232E-05    0.408E-18    0.408E-18
    15.000     0.720    0.488E-01    0.561E-02    0.698E-03    0.494E-04    0.494E-04    0.211E-04    0.211E-04    0.226E-05    0.226E-05    0.413E-18    0.413E-18
    15.000     0.721    0.483E-01    0.551E-02    0.684E-03    0.469E-04    0.469E-04    0.201E-04    0.201E-04    0.220E-05    0.220E-05    0.414E-18    0.414E-18
    15.000     0.722    0.478E-01    0.542E-02    0.670E-03    0.444E-04    0.444E-04    0.191E-04    0.191E-04    0.215E-05    0.215E-05    0.403E-18    0.403E-18
    15.000     0.723    0.472E-01    0.533E-02    0.657E-03    0.420E-04    0.420E-04    0.181E-04    0.181E-04    0.209E-05    0.209E-05    0.390E-18    0.390E-18
    15.000     0.724    0.467E-01    0.524E-02    0.644E-03    0.396E-04    0.396E-04    0.171E-04    0.171E-04    0.204E-05    0.204E-05    0.376E-18    0.376E-18
    15.000     0.725    0.462E-01    0.515E-02    0.631E-03    0.372E-04    0.372E-04    0.161E-04    0.161E-04    0.199E-05    0.199E-05    0.361E-18    0.361E-18
    15.000     0.726    0.457E-01    0.506E-02    0.618E-03    0.349E-04    0.349E-04    0.151E-04    0.151E-04    0.194E-05    0.194E-05    0.346E-18    0.346E-18
    15.000     0.727    0.452E-01    0.497E-02    0.606E-03    0.327E-04    0.327E-04    0.142E-04    0.142E-04    0.189E-05    0.189E-05    0.329E-18    0.329E-18
    15.000     0.728    0.446E-01    0.488E-02    0.593E-03    0.305E-04    0.305E-04    0.133E-04    0.133E-04    0.184E-05    0.184E-05    0.311E-18    0.311E-18
    15.000     0.729    0.441E-01    0.480E-02    0.581E-03    0.283E-04    0.283E-04    0.124E-04    0.124E-04    0.179E-05    0.179E-05    0.293E-18    0.293E-18
    15.000     0.730    0.436E-01    0.472E-02    0.569E-03    0.263E-04    0.263E-04    0.116E-04    0.116E-04    0.175E-05    0.175E-05    0.274E-18    0.274E-18
    15.000     0.731    0.431E-01    0.463E-02    0.558E-03    0.242E-04    0.242E-04    0.107E-04    0.107E-04    0.170E-05    0.170E-05    0.254E-18    0.254E-18
    15.000     0.732    0.426E-01    0.455E-02    0.546E-03    0.223E-04    0.223E-04    0.993E-05    0.993E-05    0.166E-05    0.166E-05    0.234E-18    0.234E-18
    15.000     0.733    0.421E-01    0.447E-02    0.535E-03    0.204E-04    0.204E-04    0.914E-05    0.914E-05    0.161E-05    0.161E-05    0.214E-18    0.214E-18
    15.000     0.734    0.417E-01    0.439E-02    0.524E-03    0.185E-04    0.185E-04    0.838E-05    0.838E-05    0.157E-05    0.157E-05    0.193E-18    0.193E-18
    15.000     0.735    0.412E-01    0.431E-02    0.513E-03    0.168E-04    0.168E-04    0.765E-05    0.765E-05    0.153E-05    0.153E-05    0.173E-18    0.173E-18
    15.000     0.736    0.407E-01    0.424E-02    0.503E-03    0.151E-04    0.151E-04    0.694E-05    0.694E-05    0.149E-05    0.149E-05    0.152E-18    0.152E-18
    15.000     0.737    0.402E-01    0.416E-02    0.492E-03    0.134E-04    0.134E-04    0.626E-05    0.626E-05    0.145E-05    0.145E-05    0.131E-18    0.131E-18
    15.000     0.738    0.397E-01    0.408E-02    0.482E-03    0.118E-04    0.118E-04    0.560E-05    0.560E-05    0.141E-05    0.141E-05    0.110E-18    0.110E-18
    15.000     0.739    0.393E-01    0.401E-02    0.472E-03    0.103E-04    0.103E-04    0.497E-05    0.497E-05    0.138E-05    0.138E-05    0.900E-19    0.900E-19
    15.000     0.740    0.388E-01    0.394E-02    0.462E-03    0.888E-05    0.888E-05    0.437E-05    0.437E-05    0.134E-05    0.134E-05    0.699E-19    0.699E-19
    15.000     0.741    0.383E-01    0.386E-02    0.453E-03    0.751E-05    0.751E-05    0.380E-05    0.380E-05    0.130E-05    0.130E-05    0.501E-19    0.501E-19
    15.000     0.742    0.379E-01    0.379E-02    0.443E-03    0.621E-05    0.621E-05    0.325E-05    0.325E-05    0.127E-05    0.127E-05    0.309E-19    0.309E-19
    15.000     0.743    0.374E-01    0.372E-02    0.434E-03    0.498E-05    0.498E-05    0.274E-05    0.274E-05    0.124E-05    0.124E-05    0.123E-19    0.123E-19
    15.000     0.744    0.370E-01    0.365E-02    0.425E-03    0.394E-05    0.394E-05    0.229E-05    0.229E-05    0.120E-05    0.120E-05    0.000E+00    0.000E+00
    15.000     0.745    0.365E-01    0.359E-02    0.416E-03    0.320E-05    0.320E-05    0.196E-05    0.196E-05    0.117E-05    0.117E-05    0.000E+00    0.000E+00
    15.000     0.746    0.361E-01    0.352E-02    0.407E-03    0.253E-05    0.253E-05    0.166E-05    0.166E-05    0.114E-05    0.114E-05    0.000E+00    0.000E+00
    15.000     0.747    0.356E-01    0.345E-02    0.398E-03    0.193E-05    0.193E-05    0.138E-05    0.138E-05    0.111E-05    0.111E-05    0.000E+00    0.000E+00
    15.000     0.748    0.352E-01    0.339E-02    0.390E-03    0.140E-05    0.140E-05    0.114E-05    0.114E-05    0.108E-05    0.108E-05    0.000E+00    0.000E+00
    15.000     0.749    0.348E-01    0.332E-02    0.381E-03    0.929E-06    0.929E-06    0.913E-06    0.913E-06    0.105E-05    0.105E-05    0.000E+00    0.000E+00
    15.000     0.750    0.343E-01    0.326E-02    0.373E-03    0.520E-06    0.520E-06    0.715E-06    0.715E-06    0.102E-05    0.102E-05    0.000E+00    0.000E+00
    15.000     0.751    0.339E-01    0.320E-02    0.365E-03    0.170E-06    0.170E-06    0.539E-06    0.539E-06    0.991E-06    0.991E-06    0.000E+00    0.000E+00
    15.000     0.752    0.335E-01    0.314E-02    0.357E-03    0.000E+00    0.000E+00    0.386E-06    0.386E-06    0.964E-06    0.964E-06    0.000E+00    0.000E+00
    15.000     0.753    0.330E-01    0.307E-02    0.349E-03    0.000E+00    0.000E+00    0.254E-06    0.254E-06    0.937E-06    0.937E-06    0.000E+00    0.000E+00
    15.000     0.754    0.326E-01    0.302E-02    0.342E-03    0.000E+00    0.000E+00    0.142E-06    0.142E-06    0.911E-06    0.911E-06    0.000E+00    0.000E+00
    15.000     0.755    0.322E-01    0.296E-02    0.334E-03    0.000E+00    0.000E+00    0.497E-07    0.497E-07    0.885E-06    0.885E-06    0.000E+00    0.000E+00
    15.000     0.756    0.318E-01    0.290E-02    0.327E-03    0.000E+00    0.000E+00    0.000E+00    0.000E+00    0.861E-06    0.861E-06    0.000E+00    0.000E+00
    15.000     0.757    0.314E-01    0.284E-02    0.320E-03    0.000E+00    0.000E+00    0.000E+00    0.000E+00    0.837E-06    0.837E-06    0.000E+00    0.000E+00
    15.000     0.758    0.310E-01    0.279E-02    0.313E-03    0.000E+00    0.000E+00    0.000E+00    0.000E+00    0.813E-06    0.813E-06    0.000E+00    0.000E+00
    15.000     0.759    0.306E-01    0.273E-02    0.306E-03    0.000E+00    0.000E+00    0.000E+00    0.000E+00    0.790E-06    0.790E-06    0.000E+00    0.000E+00
    15.000     0.760    0.302E-01    0.268E-02    0.299E-03    0.000E+00    0.000E+00    0.000E+00    0.000E+00    0.768E-06    0.768E-06    0.000E+00    0.000E+00
    15.000     0.761    0.298E-01    0.262E-02    0.292E-03    0.000E+00    0.000E+00    0.000E+00    0.000E+00    0.747E-06    0.747E-06    0.000E+00    0.000E+00
    15.000     0.762    0.294E-01    0.257E-02    0.286E-03    0.000E+00    0.000E+00    0.000E+00    0.000E+00    0.726E-06    0.726E-06    0.000E+00    0.000E+00
    15.000     0.763    0.290E-01    0.252E-02    0.279E-03    0.000E+00    0.000E+00    0.000E+00    0.000E+00    0.705E-06    0.705E-06    0.000E+00    0.000E+00
    15.000     0.764    0.286E-01    0.247E-02    0.273E-03    0.000E+00    0.000E+00    0.000E+00    0.000E+00    0.685E-06    0.685E-06    0.000E+00    0.000E+00
    15.000     0.765    0.282E-01    0.242E-02    0.267E-03    0.000E+00    0.000E+00    0.000E+00    0.000E+00    0.666E-06    0.666E-06    0.000E+00    0.000E+00
    15.000     0.766    0.279E-01    0.237E-02    0.261E-03    0.000E+00    0.000E+00    0.000E+00    0.000E+00    0.647E-06    0.647E-06    0.000E+00    0.000E+00
    15.000     0.767    0.275E-01    0.232E-02    0.255E-03    0.000E+00    0.000E+00    0.000E+00    0.000E+00    0.629E-06    0.629E-06    0.332E-20    0.332E-20
    15.000     0.768    0.271E-01    0.227E-02    0.249E-03    0.000E+00    0.000E+00    0.000E+00    0.000E+00    0.610E-06    0.610E-06    0.124E-19    0.124E-19
    15.000     0.769    0.267E-01    0.222E-02    0.244E-03    0.000E+00    0.000E+00    0.000E+00    0.000E+00    0.592E-06    0.592E-06    0.218E-19    0.218E-19
    15.000     0.770    0.264E-01    0.217E-02    0.238E-03    0.000E+00    0.000E+00    0.000E+00    0.000E+00    0.575E-06    0.575E-06    0.315E-19    0.315E-19
    15.000     0.771    0.260E-01    0.213E-02    0.232E-03    0.000E+00    0.000E+00    0.000E+00    0.000E+00    0.558E-06    0.558E-06    0.415E-19    0.415E-19
    15.000     0.772    0.257E-01    0.208E-02    0.227E-03    0.000E+00    0.000E+00    0.000E+00    0.000E+00    0.541E-06    0.541E-06    0.516E-19    0.516E-19
    15.000     0.773    0.253E-01    0.204E-02    0.222E-03    0.000E+00    0.000E+00    0.000E+00    0.000E+00    0.525E-06    0.525E-06    0.619E-19    0.619E-19
    15.000     0.774    0.250E-01    0.200E-02    0.217E-03    0.000E+00    0.000E+00    0.000E+00    0.000E+00    0.509E-06    0.509E-06    0.723E-19    0.723E-19
    15.000     0.775    0.246E-01    0.195E-02    0.212E-03    0.000E+00    0.000E+00    0.000E+00    0.000E+00    0.494E-06    0.494E-06    0.827E-19    0.827E-19
    15.000     0.776    0.243E-01    0.191E-02    0.207E-03    0.000E+00    0.000E+00    0.000E+00    0.000E+00    0.479E-06    0.479E-06    0.931E-19    0.931E-19
    15.000     0.777    0.239E-01    0.187E-02    0.202E-03    0.000E+00    0.000E+00    0.000E+00    0.000E+00    0.465E-06    0.465E-06    0.103E-18    0.103E-18
    15.000     0.778    0.236E-01    0.183E-02    0.197E-03    0.000E+00    0.000E+00    0.000E+00    0.000E+00    0.451E-06    0.451E-06    0.114E-18    0.114E-18
    15.000     0.779    0.232E-01    0.179E-02    0.192E-03    0.000E+00    0.000E+00    0.000E+00    0.000E+00    0.437E-06    0.437E-06    0.124E-18    0.124E-18
    15.000     0.780    0.229E-01    0.175E-02    0.188E-03    0.000E+00    0.000E+00    0.000E+00    0.000E+00    0.424E-06    0.424E-06    0.134E-18    0.134E-18
    15.000     0.781    0.226E-01    0.171E-02    0.183E-03    0.000E+00    0.000E+00    0.000E+00    0.000E+00    0.411E-06    0.411E-06    0.143E-18    0.143E-18
    15.000     0.782    0.223E-01    0.167E-02    0.179E-03    0.000E+00    0.000E+00    0.000E+00    0.000E+00    0.399E-06    0.399E-06    0.153E-18    0.153E-18
    15.000     0.783    0.219E-01    0.164E-02    0.175E-03    0.000E+00    0.000E+00    0.000E+00    0.000E+00    0.387E-06    0.387E-06    0.162E-18    0.162E-18
    15.000     0.784    0.216E-01    0.160E-02    0.170E-03    0.000E+00    0.000E+00    0.000E+00    0.000E+00    0.375E-06    0.375E-06    0.170E-18    0.170E-18
    15.000     0.785    0.213E-01    0.156E-02    0.166E-03    0.000E+00    0.000E+00    0.000E+00    0.000E+00    0.364E-06    0.364E-06    0.178E-18    0.178E-18
    15.000     0.786    0.210E-01    0.153E-02    0.162E-03    0.000E+00    0.000E+00    0.000E+00    0.000E+00    0.352E-06    0.352E-06    0.186E-18    0.186E-18
    15.000     0.787    0.207E-01    0.149E-02    0.158E-03    0.000E+00    0.000E+00    0.000E+00    0.000E+00    0.342E-06    0.342E-06    0.193E-18    0.193E-18
    15.000     0.788    0.204E-01    0.146E-02    0.155E-03    0.000E+00    0.000E+00    0.000E+00    0.000E+00    0.331E-06    0.331E-06    0.199E-18    0.199E-18
    15.000     0.789    0.200E-01    0.143E-02    0.151E-03    0.000E+00    0.000E+00    0.000E+00    0.000E+00    0.321E-06    0.321E-06    0.205E-18    0.205E-18
    15.000     0.790    0.197E-01    0.139E-02    0.147E-03    0.000E+00    0.000E+00    0.000E+00    0.000E+00    0.311E-06    0.311E-06    0.207E-18    0.207E-18
    15.000     0.791    0.194E-01    0.136E-02    0.143E-03    0.000E+00    0.000E+00    0.000E+00    0.000E+00    0.301E-06    0.301E-06    0.202E-18    0.202E-18
    15.000     0.792    0.192E-01    0.133E-02    0.140E-03    0.000E+00    0.000E+00    0.000E+00    0.000E+00    0.292E-06    0.292E-06    0.196E-18    0.196E-18
    15.000     0.793    0.189E-01    0.130E-02    0.136E-03    0.000E+00    0.000E+00    0.000E+00    0.000E+00    0.282E-06    0.282E-06    0.190E-18    0.190E-18
    15.000     0.794    0.186E-01    0.127E-02    0.133E-03    0.000E+00    0.000E+00    0.000E+00    0.000E+00    0.273E-06    0.273E-06    0.183E-18    0.183E-18
    15.000     0.795    0.183E-01    0.124E-02    0.130E-03    0.000E+00    0.000E+00    0.000E+00    0.000E+00    0.264E-06    0.264E-06    0.176E-18    0.176E-18
    15.000     0.796    0.180E-01    0.122E-02    0.126E-03    0.000E+00    0.000E+00    0.000E+00    0.000E+00    0.256E-06    0.256E-06    0.168E-18    0.168E-18
    15.000     0.797    0.177E-01    0.119E-02    0.123E-03    0.000E+00    0.000E+00    0.000E+00    0.000E+00    0.247E-06    0.247E-06    0.159E-18    0.159E-18
    15.000     0.798    0.174E-01    0.116E-02    0.120E-03    0.000E+00    0.000E+00    0.000E+00    0.000E+00    0.239E-06    0.239E-06    0.150E-18    0.150E-18
    15.000     0.799    0.172E-01    0.114E-02    0.117E-03    0.000E+00    0.000E+00    0.000E+00    0.000E+00    0.232E-06    0.232E-06    0.141E-18    0.141E-18
    15.000     0.800    0.169E-01    0.111E-02    0.114E-03    0.000E+00    0.000E+00    0.000E+00    0.000E+00    0.224E-06    0.224E-06    0.131E-18    0.131E-18
    15.000     0.801    0.166E-01    0.108E-02    0.111E-03    0.000E+00    0.000E+00    0.000E+00    0.000E+00    0.217E-06    0.217E-06    0.121E-18    0.121E-18
    15.000     0.802    0.164E-01    0.106E-02    0.108E-03    0.000E+00    0.000E+00    0.000E+00    0.000E+00    0.209E-06    0.209E-06    0.111E-18    0.111E-18
    15.000     0.803    0.161E-01    0.104E-02    0.105E-03    0.000E+00    0.000E+00    0.000E+00    0.000E+00    0.203E-06    0.203E-06    0.101E-18    0.101E-18
    15.000     0.804    0.158E-01    0.101E-02    0.103E-03    0.000E+00    0.000E+00    0.000E+00    0.000E+00    0.196E-06    0.196E-06    0.901E-19    0.901E-19
    15.000     0.805    0.156E-01    0.988E-03    0.999E-04    0.000E+00    0.000E+00    0.000E+00    0.000E+00    0.189E-06    0.189E-06    0.795E-19    0.795E-19
    15.000     0.806    0.153E-01    0.966E-03    0.973E-04    0.000E+00    0.000E+00    0.000E+00    0.000E+00    0.183E-06    0.183E-06    0.689E-19    0.689E-19
    15.000     0.807    0.151E-01    0.943E-03    0.948E-04    0.000E+00    0.000E+00    0.000E+00    0.000E+00    0.177E-06    0.177E-06    0.583E-19    0.583E-19
    15.000     0.808    0.148E-01    0.921E-03    0.923E-04    0.000E+00    0.000E+00    0.000E+00    0.000E+00    0.171E-06    0.171E-06    0.478E-19    0.478E-19
    15.000     0.809    0.146E-01    0.900E-03    0.898E-04    0.000E+00    0.000E+00    0.000E+00    0.000E+00    0.166E-06    0.166E-06    0.374E-19    0.374E-19
    15.000     0.810    0.143E-01    0.879E-03    0.875E-04    0.000E+00    0.000E+00    0.000E+00    0.000E+00    0.160E-06    0.160E-06    0.272E-19    0.272E-19
    15.000     0.811    0.141E-01    0.858E-03    0.852E-04    0.000E+00    0.000E+00    0.000E+00    0.000E+00    0.155E-06    0.155E-06    0.172E-19    0.172E-19
    15.000     0.812    0.139E-01    0.838E-03    0.829E-04    0.000E+00    0.000E+00    0.000E+00    0.000E+00    0.150E-06    0.150E-06    0.745E-20    0.745E-20
    15.000     0.813    0.136E-01    0.818E-03    0.807E-04    0.000E+00    0.000E+00    0.000E+00    0.000E+00    0.145E-06    0.145E-06    0.000E+00    0.000E+00
    15.000     0.814    0.134E-01    0.798E-03    0.785E-04    0.000E+00    0.000E+00    0.000E+00    0.000E+00    0.139E-06    0.139E-06    0.000E+00    0.000E+00
    15.000     0.815    0.132E-01    0.778E-03    0.763E-04    0.000E+00    0.000E+00    0.000E+00    0.000E+00    0.135E-06    0.135E-06    0.000E+00    0.000E+00
    15.000     0.816    0.129E-01    0.758E-03    0.742E-04    0.000E+00    0.000E+00    0.000E+00    0.000E+00    0.130E-06    0.130E-06    0.000E+00    0.000E+00
    15.000     0.817    0.127E-01    0.739E-03    0.722E-04    0.000E+00    0.000E+00    0.000E+00    0.000E+00    0.125E-06    0.125E-06    0.000E+00    0.000E+00
    15.000     0.818    0.125E-01    0.720E-03    0.702E-04    0.000E+00    0.000E+00    0.000E+00    0.000E+00    0.121E-06    0.121E-06    0.000E+00    0.000E+00
    15.000     0.819    0.123E-01    0.701E-03    0.682E-04    0.000E+00    0.000E+00    0.000E+00    0.000E+00    0.116E-06    0.116E-06    0.000E+00    0.000E+00
    15.000     0.820    0.120E-01    0.683E-03    0.663E-04    0.000E+00    0.000E+00    0.000E+00    0.000E+00    0.112E-06    0.112E-06    0.000E+00    0.000E+00
    15.000     0.821    0.118E-01    0.665E-03    0.644E-04    0.000E+00    0.000E+00    0.000E+00    0.000E+00    0.108E-06    0.108E-06    0.000E+00    0.000E+00
    15.000     0.822    0.116E-01    0.648E-03    0.626E-04    0.000E+00    0.000E+00    0.000E+00    0.000E+00    0.104E-06    0.104E-06    0.000E+00    0.000E+00
    15.000     0.823    0.114E-01    0.630E-03    0.608E-04    0.000E+00    0.000E+00    0.000E+00    0.000E+00    0.101E-06    0.101E-06    0.000E+00    0.000E+00
    15.000     0.824    0.112E-01    0.614E-03    0.591E-04    0.000E+00    0.000E+00    0.000E+00    0.000E+00    0.969E-07    0.969E-07    0.000E+00    0.000E+00
    15.000     0.825    0.110E-01    0.597E-03    0.574E-04    0.000E+00    0.000E+00    0.000E+00    0.000E+00    0.933E-07    0.933E-07    0.000E+00    0.000E+00
    15.000     0.826    0.108E-01    0.581E-03    0.558E-04    0.000E+00    0.000E+00    0.000E+00    0.000E+00    0.899E-07    0.899E-07    0.000E+00    0.000E+00
    15.000     0.827    0.106E-01    0.565E-03    0.542E-04    0.000E+00    0.000E+00    0.000E+00    0.000E+00    0.867E-07    0.867E-07    0.000E+00    0.000E+00
    15.000     0.828    0.104E-01    0.549E-03    0.526E-04    0.000E+00    0.000E+00    0.000E+00    0.000E+00    0.835E-07    0.835E-07    0.000E+00    0.000E+00
    15.000     0.829    0.102E-01    0.534E-03    0.511E-04    0.000E+00    0.000E+00    0.000E+00    0.000E+00    0.805E-07    0.805E-07    0.000E+00    0.000E+00
    15.000     0.830    0.100E-01    0.519E-03    0.496E-04    0.000E+00    0.000E+00    0.000E+00    0.000E+00    0.775E-07    0.775E-07    0.000E+00    0.000E+00
    15.000     0.831    0.982E-02    0.505E-03    0.482E-04    0.000E+00    0.000E+00    0.000E+00    0.000E+00    0.747E-07    0.747E-07    0.000E+00    0.000E+00
    15.000     0.832    0.963E-02    0.491E-03    0.468E-04    0.000E+00    0.000E+00    0.000E+00    0.000E+00    0.719E-07    0.719E-07    0.000E+00    0.000E+00
    15.000     0.833    0.944E-02    0.477E-03    0.454E-04    0.000E+00    0.000E+00    0.000E+00    0.000E+00    0.693E-07    0.693E-07    0.000E+00    0.000E+00
    15.000     0.834    0.926E-02    0.463E-03    0.441E-04    0.000E+00    0.000E+00    0.000E+00    0.000E+00    0.668E-07    0.668E-07    0.000E+00    0.000E+00
    15.000     0.835    0.908E-02    0.450E-03    0.428E-04    0.000E+00    0.000E+00    0.000E+00    0.000E+00    0.643E-07    0.643E-07    0.000E+00    0.000E+00
    15.000     0.836    0.890E-02    0.437E-03    0.415E-04    0.000E+00    0.000E+00    0.000E+00    0.000E+00    0.620E-07    0.620E-07    0.000E+00    0.000E+00
    15.000     0.837    0.873E-02    0.424E-03    0.402E-04    0.000E+00    0.000E+00    0.000E+00    0.000E+00    0.595E-07    0.595E-07    0.000E+00    0.000E+00
    15.000     0.838    0.855E-02    0.412E-03    0.390E-04    0.000E+00    0.000E+00    0.000E+00    0.000E+00    0.572E-07    0.572E-07    0.000E+00    0.000E+00
    15.000     0.839    0.838E-02    0.400E-03    0.378E-04    0.000E+00    0.000E+00    0.000E+00    0.000E+00    0.549E-07    0.549E-07    0.000E+00    0.000E+00
    15.000     0.840    0.821E-02    0.388E-03    0.366E-04    0.000E+00    0.000E+00    0.000E+00    0.000E+00    0.527E-07    0.527E-07    0.000E+00    0.000E+00
    15.000     0.841    0.805E-02    0.376E-03    0.355E-04    0.000E+00    0.000E+00    0.000E+00    0.000E+00    0.506E-07    0.506E-07    0.000E+00    0.000E+00
    15.000     0.842    0.788E-02    0.365E-03    0.344E-04    0.000E+00    0.000E+00    0.000E+00    0.000E+00    0.486E-07    0.486E-07    0.000E+00    0.000E+00
    15.000     0.843    0.772E-02    0.354E-03    0.333E-04    0.000E+00    0.000E+00    0.000E+00    0.000E+00    0.466E-07    0.466E-07    0.000E+00    0.000E+00
    15.000     0.844    0.756E-02    0.344E-03    0.322E-04    0.000E+00    0.000E+00    0.000E+00    0.000E+00    0.447E-07    0.447E-07    0.000E+00    0.000E+00
    15.000     0.845    0.740E-02    0.333E-03    0.312E-04    0.000E+00    0.000E+00    0.000E+00    0.000E+00    0.429E-07    0.429E-07    0.000E+00    0.000E+00
    15.000     0.846    0.725E-02    0.323E-03    0.302E-04    0.000E+00    0.000E+00    0.000E+00    0.000E+00    0.412E-07    0.412E-07    0.000E+00    0.000E+00
    15.000     0.847    0.709E-02    0.313E-03    0.293E-04    0.000E+00    0.000E+00    0.000E+00    0.000E+00    0.395E-07    0.395E-07    0.000E+00    0.000E+00
    15.000     0.848    0.694E-02    0.303E-03    0.283E-04    0.000E+00    0.000E+00    0.000E+00    0.000E+00    0.379E-07    0.379E-07    0.000E+00    0.000E+00
    15.000     0.849    0.679E-02    0.294E-03    0.274E-04    0.000E+00    0.000E+00    0.000E+00    0.000E+00    0.363E-07    0.363E-07    0.000E+00    0.000E+00
    15.000     0.850    0.665E-02    0.285E-03    0.265E-04    0.000E+00    0.000E+00    0.000E+00    0.000E+00    0.348E-07    0.348E-07    0.000E+00    0.000E+00
    15.000     0.851    0.650E-02    0.276E-03    0.257E-04    0.000E+00    0.000E+00    0.000E+00    0.000E+00    0.334E-07    0.334E-07    0.000E+00    0.000E+00
    15.000     0.852    0.636E-02    0.267E-03    0.248E-04    0.000E+00    0.000E+00    0.000E+00    0.000E+00    0.320E-07    0.320E-07    0.000E+00    0.000E+00
    15.000     0.853    0.622E-02    0.259E-03    0.240E-04    0.000E+00    0.000E+00    0.000E+00    0.000E+00    0.307E-07    0.307E-07    0.000E+00    0.000E+00
    15.000     0.854    0.608E-02    0.251E-03    0.232E-04    0.000E+00    0.000E+00    0.000E+00    0.000E+00    0.295E-07    0.295E-07    0.000E+00    0.000E+00
    15.000     0.855    0.595E-02    0.243E-03    0.224E-04    0.000E+00    0.000E+00    0.000E+00    0.000E+00    0.283E-07    0.283E-07    0.000E+00    0.000E+00
    15.000     0.856    0.581E-02    0.235E-03    0.217E-04    0.000E+00    0.000E+00    0.000E+00    0.000E+00    0.271E-07    0.271E-07    0.000E+00    0.000E+00
    15.000     0.857    0.568E-02    0.227E-03    0.210E-04    0.000E+00    0.000E+00    0.000E+00    0.000E+00    0.260E-07    0.260E-07    0.000E+00    0.000E+00
    15.000     0.858    0.555E-02    0.220E-03    0.203E-04    0.000E+00    0.000E+00    0.000E+00    0.000E+00    0.249E-07    0.249E-07    0.000E+00    0.000E+00
    15.000     0.859    0.543E-02    0.213E-03    0.196E-04    0.000E+00    0.000E+00    0.000E+00    0.000E+00    0.239E-07    0.239E-07    0.000E+00    0.000E+00
    15.000     0.860    0.530E-02    0.206E-03    0.189E-04    0.000E+00    0.000E+00    0.000E+00    0.000E+00    0.228E-07    0.228E-07    0.294E-20    0.294E-20
    15.000     0.861    0.518E-02    0.199E-03    0.183E-04    0.000E+00    0.000E+00    0.000E+00    0.000E+00    0.218E-07    0.218E-07    0.663E-20    0.663E-20
    15.000     0.862    0.505E-02    0.192E-03    0.176E-04    0.000E+00    0.000E+00    0.000E+00    0.000E+00    0.208E-07    0.208E-07    0.105E-19    0.105E-19
    15.000     0.863    0.493E-02    0.185E-03    0.170E-04    0.000E+00    0.000E+00    0.000E+00    0.000E+00    0.199E-07    0.199E-07    0.144E-19    0.144E-19
    15.000     0.864    0.482E-02    0.179E-03    0.164E-04    0.000E+00    0.000E+00    0.000E+00    0.000E+00    0.190E-07    0.190E-07    0.184E-19    0.184E-19
    15.000     0.865    0.470E-02    0.173E-03    0.158E-04    0.000E+00    0.000E+00    0.000E+00    0.000E+00    0.181E-07    0.181E-07    0.225E-19    0.225E-19
    15.000     0.866    0.459E-02    0.167E-03    0.152E-04    0.000E+00    0.000E+00    0.000E+00    0.000E+00    0.172E-07    0.172E-07    0.267E-19    0.267E-19
    15.000     0.867    0.447E-02    0.161E-03    0.147E-04    0.000E+00    0.000E+00    0.000E+00    0.000E+00    0.164E-07    0.164E-07    0.309E-19    0.309E-19
    15.000     0.868    0.436E-02    0.155E-03    0.141E-04    0.000E+00    0.000E+00    0.000E+00    0.000E+00    0.157E-07    0.157E-07    0.351E-19    0.351E-19
    15.000     0.869    0.426E-02    0.150E-03    0.136E-04    0.000E+00    0.000E+00    0.000E+00    0.000E+00    0.149E-07    0.149E-07    0.394E-19    0.394E-19
    15.000     0.870    0.415E-02    0.145E-03    0.131E-04    0.000E+00    0.000E+00    0.000E+00    0.000E+00    0.142E-07    0.142E-07    0.436E-19    0.436E-19
    15.000     0.871    0.404E-02    0.139E-03    0.126E-04    0.000E+00    0.000E+00    0.000E+00    0.000E+00    0.136E-07    0.136E-07    0.477E-19    0.477E-19
    15.000     0.872    0.394E-02    0.134E-03    0.122E-04    0.000E+00    0.000E+00    0.000E+00    0.000E+00    0.129E-07    0.129E-07    0.518E-19    0.518E-19
    15.000     0.873    0.384E-02    0.129E-03    0.117E-04    0.000E+00    0.000E+00    0.000E+00    0.000E+00    0.123E-07    0.123E-07    0.559E-19    0.559E-19
    15.000     0.874    0.374E-02    0.125E-03    0.113E-04    0.000E+00    0.000E+00    0.000E+00    0.000E+00    0.117E-07    0.117E-07    0.598E-19    0.598E-19
    15.000     0.875    0.364E-02    0.120E-03    0.108E-04    0.000E+00    0.000E+00    0.000E+00    0.000E+00    0.112E-07    0.112E-07    0.636E-19    0.636E-19
    15.000     0.876    0.355E-02    0.116E-03    0.104E-04    0.000E+00    0.000E+00    0.000E+00    0.000E+00    0.106E-07    0.106E-07    0.673E-19    0.673E-19
    15.000     0.877    0.345E-02    0.111E-03    0.100E-04    0.000E+00    0.000E+00    0.000E+00    0.000E+00    0.101E-07    0.101E-07    0.709E-19    0.709E-19
    15.000     0.878    0.336E-02    0.107E-03    0.964E-05    0.000E+00    0.000E+00    0.000E+00    0.000E+00    0.966E-08    0.966E-08    0.743E-19    0.743E-19
    15.000     0.879    0.327E-02    0.103E-03    0.926E-05    0.000E+00    0.000E+00    0.000E+00    0.000E+00    0.921E-08    0.921E-08    0.774E-19    0.774E-19
    15.000     0.880    0.318E-02    0.994E-04    0.891E-05    0.000E+00    0.000E+00    0.000E+00    0.000E+00    0.878E-08    0.878E-08    0.804E-19    0.804E-19
    15.000     0.881    0.310E-02    0.957E-04    0.856E-05    0.000E+00    0.000E+00    0.000E+00    0.000E+00    0.837E-08    0.837E-08    0.831E-19    0.831E-19
    15.000     0.882    0.301E-02    0.921E-04    0.822E-05    0.000E+00    0.000E+00    0.000E+00    0.000E+00    0.798E-08    0.798E-08    0.856E-19    0.856E-19
    15.000     0.883    0.293E-02    0.885E-04    0.789E-05    0.000E+00    0.000E+00    0.000E+00    0.000E+00    0.758E-08    0.758E-08    0.861E-19    0.861E-19
    15.000     0.884    0.284E-02    0.850E-04    0.757E-05    0.000E+00    0.000E+00    0.000E+00    0.000E+00    0.718E-08    0.718E-08    0.848E-19    0.848E-19
    15.000     0.885    0.276E-02    0.816E-04    0.725E-05    0.000E+00    0.000E+00    0.000E+00    0.000E+00    0.679E-08    0.679E-08    0.833E-19    0.833E-19
    15.000     0.886    0.268E-02    0.783E-04    0.695E-05    0.000E+00    0.000E+00    0.000E+00    0.000E+00    0.642E-08    0.642E-08    0.814E-19    0.814E-19
    15.000     0.887    0.261E-02    0.751E-04    0.665E-05    0.000E+00    0.000E+00    0.000E+00    0.000E+00    0.607E-08    0.607E-08    0.794E-19    0.794E-19
    15.000     0.888    0.253E-02    0.720E-04    0.637E-05    0.000E+00    0.000E+00    0.000E+00    0.000E+00    0.573E-08    0.573E-08    0.771E-19    0.771E-19
    15.000     0.889    0.246E-02    0.690E-04    0.609E-05    0.000E+00    0.000E+00    0.000E+00    0.000E+00    0.542E-08    0.542E-08    0.746E-19    0.746E-19
    15.000     0.890    0.238E-02    0.662E-04    0.583E-05    0.000E+00    0.000E+00    0.000E+00    0.000E+00    0.511E-08    0.511E-08    0.719E-19    0.719E-19
    15.000     0.891    0.231E-02    0.634E-04    0.557E-05    0.000E+00    0.000E+00    0.000E+00    0.000E+00    0.483E-08    0.483E-08    0.691E-19    0.691E-19
    15.000     0.892    0.224E-02    0.607E-04    0.533E-05    0.000E+00    0.000E+00    0.000E+00    0.000E+00    0.455E-08    0.455E-08    0.661E-19    0.661E-19
    15.000     0.893    0.217E-02    0.582E-04    0.509E-05    0.000E+00    0.000E+00    0.000E+00    0.000E+00    0.430E-08    0.430E-08    0.630E-19    0.630E-19
    15.000     0.894    0.211E-02    0.557E-04    0.487E-05    0.000E+00    0.000E+00    0.000E+00    0.000E+00    0.405E-08    0.405E-08    0.597E-19    0.597E-19
    15.000     0.895    0.204E-02    0.533E-04    0.465E-05    0.000E+00    0.000E+00    0.000E+00    0.000E+00    0.382E-08    0.382E-08    0.563E-19    0.563E-19
    15.000     0.896    0.198E-02    0.510E-04    0.444E-05    0.000E+00    0.000E+00    0.000E+00    0.000E+00    0.361E-08    0.361E-08    0.529E-19    0.529E-19
    15.000     0.897    0.191E-02    0.488E-04    0.424E-05    0.000E+00    0.000E+00    0.000E+00    0.000E+00    0.340E-08    0.340E-08    0.493E-19    0.493E-19
    15.000     0.898    0.185E-02    0.467E-04    0.405E-05    0.000E+00    0.000E+00    0.000E+00    0.000E+00    0.321E-08    0.321E-08    0.457E-19    0.457E-19
    15.000     0.899    0.179E-02    0.446E-04    0.386E-05    0.000E+00    0.000E+00    0.000E+00    0.000E+00    0.303E-08    0.303E-08    0.421E-19    0.421E-19
    15.000     0.900    0.173E-02    0.427E-04    0.368E-05    0.000E+00    0.000E+00    0.000E+00    0.000E+00    0.286E-08    0.286E-08    0.384E-19    0.384E-19
    15.000     0.901    0.168E-02    0.408E-04    0.351E-05    0.000E+00    0.000E+00    0.000E+00    0.000E+00    0.270E-08    0.270E-08    0.348E-19    0.348E-19
    15.000     0.902    0.162E-02    0.390E-04    0.335E-05    0.000E+00    0.000E+00    0.000E+00    0.000E+00    0.255E-08    0.255E-08    0.311E-19    0.311E-19
    15.000     0.903    0.157E-02    0.372E-04    0.319E-05    0.000E+00    0.000E+00    0.000E+00    0.000E+00    0.241E-08    0.241E-08    0.275E-19    0.275E-19
    15.000     0.904    0.151E-02    0.356E-04    0.304E-05    0.000E+00    0.000E+00    0.000E+00    0.000E+00    0.228E-08    0.228E-08    0.239E-19    0.239E-19
    15.000     0.905    0.146E-02    0.340E-04    0.290E-05    0.000E+00    0.000E+00    0.000E+00    0.000E+00    0.215E-08    0.215E-08    0.203E-19    0.203E-19
    15.000     0.906    0.141E-02    0.324E-04    0.276E-05    0.000E+00    0.000E+00    0.000E+00    0.000E+00    0.203E-08    0.203E-08    0.171E-19    0.171E-19
    15.000     0.907    0.136E-02    0.308E-04    0.262E-05    0.000E+00    0.000E+00    0.000E+00    0.000E+00    0.190E-08    0.190E-08    0.155E-19    0.155E-19
    15.000     0.908    0.131E-02    0.293E-04    0.248E-05    0.000E+00    0.000E+00    0.000E+00    0.000E+00    0.177E-08    0.177E-08    0.141E-19    0.141E-19
    15.000     0.909    0.126E-02    0.279E-04    0.235E-05    0.000E+00    0.000E+00    0.000E+00    0.000E+00    0.165E-08    0.165E-08    0.127E-19    0.127E-19
    15.000     0.910    0.122E-02    0.265E-04    0.223E-05    0.000E+00    0.000E+00    0.000E+00    0.000E+00    0.154E-08    0.154E-08    0.114E-19    0.114E-19
    15.000     0.911    0.117E-02    0.252E-04    0.211E-05    0.000E+00    0.000E+00    0.000E+00    0.000E+00    0.143E-08    0.143E-08    0.101E-19    0.101E-19
    15.000     0.912    0.113E-02    0.239E-04    0.200E-05    0.000E+00    0.000E+00    0.000E+00    0.000E+00    0.133E-08    0.133E-08    0.899E-20    0.899E-20
    15.000     0.913    0.109E-02    0.227E-04    0.189E-05    0.000E+00    0.000E+00    0.000E+00    0.000E+00    0.123E-08    0.123E-08    0.793E-20    0.793E-20
    15.000     0.914    0.104E-02    0.215E-04    0.178E-05    0.000E+00    0.000E+00    0.000E+00    0.000E+00    0.114E-08    0.114E-08    0.695E-20    0.695E-20
    15.000     0.915    0.100E-02    0.204E-04    0.168E-05    0.000E+00    0.000E+00    0.000E+00    0.000E+00    0.106E-08    0.106E-08    0.605E-20    0.605E-20
    15.000     0.916    0.965E-03    0.193E-04    0.159E-05    0.000E+00    0.000E+00    0.000E+00    0.000E+00    0.985E-09    0.985E-09    0.522E-20    0.522E-20
    15.000     0.917    0.927E-03    0.183E-04    0.150E-05    0.000E+00    0.000E+00    0.000E+00    0.000E+00    0.913E-09    0.913E-09    0.446E-20    0.446E-20
    15.000     0.918    0.890E-03    0.173E-04    0.141E-05    0.000E+00    0.000E+00    0.000E+00    0.000E+00    0.847E-09    0.847E-09    0.377E-20    0.377E-20
    15.000     0.919    0.854E-03    0.164E-04    0.133E-05    0.000E+00    0.000E+00    0.000E+00    0.000E+00    0.785E-09    0.785E-09    0.315E-20    0.315E-20
    15.000     0.920    0.819E-03    0.155E-04    0.126E-05    0.000E+00    0.000E+00    0.000E+00    0.000E+00    0.728E-09    0.728E-09    0.259E-20    0.259E-20
    15.000     0.921    0.785E-03    0.147E-04    0.118E-05    0.000E+00    0.000E+00    0.000E+00    0.000E+00    0.676E-09    0.676E-09    0.209E-20    0.209E-20
    15.000     0.922    0.752E-03    0.139E-04    0.111E-05    0.000E+00    0.000E+00    0.000E+00    0.000E+00    0.628E-09    0.628E-09    0.166E-20    0.166E-20
    15.000     0.923    0.720E-03    0.132E-04    0.105E-05    0.000E+00    0.000E+00    0.000E+00    0.000E+00    0.584E-09    0.584E-09    0.127E-20    0.127E-20
    15.000     0.924    0.689E-03    0.124E-04    0.987E-06    0.000E+00    0.000E+00    0.000E+00    0.000E+00    0.544E-09    0.544E-09    0.946E-21    0.946E-21
    15.000     0.925    0.659E-03    0.118E-04    0.929E-06    0.000E+00    0.000E+00    0.000E+00    0.000E+00    0.508E-09    0.508E-09    0.669E-21    0.669E-21
    15.000     0.926    0.630E-03    0.111E-04    0.874E-06    0.000E+00    0.000E+00    0.000E+00    0.000E+00    0.475E-09    0.475E-09    0.441E-21    0.441E-21
    15.000     0.927    0.602E-03    0.105E-04    0.822E-06    0.000E+00    0.000E+00    0.000E+00    0.000E+00    0.445E-09    0.445E-09    0.259E-21    0.259E-21
    15.000     0.928    0.574E-03    0.994E-05    0.774E-06    0.000E+00    0.000E+00    0.000E+00    0.000E+00    0.418E-09    0.418E-09    0.120E-21    0.120E-21
    15.000     0.929    0.548E-03    0.940E-05    0.728E-06    0.000E+00    0.000E+00    0.000E+00    0.000E+00    0.394E-09    0.394E-09    0.224E-22    0.224E-22
    15.000     0.930    0.522E-03    0.884E-05    0.680E-06    0.000E+00    0.000E+00    0.000E+00    0.000E+00    0.363E-09    0.363E-09    0.000E+00    0.000E+00
    15.000     0.931    0.497E-03    0.828E-05    0.632E-06    0.000E+00    0.000E+00    0.000E+00    0.000E+00    0.331E-09    0.331E-09    0.000E+00    0.000E+00
    15.000     0.932    0.473E-03    0.775E-05    0.588E-06    0.000E+00    0.000E+00    0.000E+00    0.000E+00    0.300E-09    0.300E-09    0.000E+00    0.000E+00
    15.000     0.933    0.450E-03    0.725E-05    0.545E-06    0.000E+00    0.000E+00    0.000E+00    0.000E+00    0.272E-09    0.272E-09    0.000E+00    0.000E+00
    15.000     0.934    0.428E-03    0.678E-05    0.505E-06    0.000E+00    0.000E+00    0.000E+00    0.000E+00    0.246E-09    0.246E-09    0.000E+00    0.000E+00
    15.000     0.935    0.406E-03    0.633E-05    0.468E-06    0.000E+00    0.000E+00    0.000E+00    0.000E+00    0.222E-09    0.222E-09    0.000E+00    0.000E+00
    15.000     0.936    0.385E-03    0.590E-05    0.432E-06    0.000E+00    0.000E+00    0.000E+00    0.000E+00    0.200E-09    0.200E-09    0.000E+00    0.000E+00
    15.000     0.937    0.365E-03    0.550E-05    0.399E-06    0.000E+00    0.000E+00    0.000E+00    0.000E+00    0.180E-09    0.180E-09    0.000E+00    0.000E+00
    15.000     0.938    0.345E-03    0.512E-05    0.368E-06    0.000E+00    0.000E+00    0.000E+00    0.000E+00    0.162E-09    0.162E-09    0.658E-22    0.658E-22
    15.000     0.939    0.327E-03    0.477E-05    0.339E-06    0.000E+00    0.000E+00    0.000E+00    0.000E+00    0.146E-09    0.146E-09    0.196E-21    0.196E-21
    15.000     0.940    0.309E-03    0.443E-05    0.312E-06    0.000E+00    0.000E+00    0.000E+00    0.000E+00    0.131E-09    0.131E-09    0.345E-21    0.345E-21
    15.000     0.941    0.292E-03    0.412E-05    0.287E-06    0.000E+00    0.000E+00    0.000E+00    0.000E+00    0.118E-09    0.118E-09    0.510E-21    0.510E-21
    15.000     0.942    0.275E-03    0.383E-05    0.264E-06    0.000E+00    0.000E+00    0.000E+00    0.000E+00    0.106E-09    0.106E-09    0.690E-21    0.690E-21
    15.000     0.943    0.259E-03    0.356E-05    0.242E-06    0.000E+00    0.000E+00    0.000E+00    0.000E+00    0.956E-10    0.956E-10    0.881E-21    0.881E-21
    15.000     0.944    0.244E-03    0.330E-05    0.222E-06    0.000E+00    0.000E+00    0.000E+00    0.000E+00    0.868E-10    0.868E-10    0.108E-20    0.108E-20
    15.000     0.945    0.229E-03    0.307E-05    0.204E-06    0.000E+00    0.000E+00    0.000E+00    0.000E+00    0.791E-10    0.791E-10    0.129E-20    0.129E-20
    15.000     0.946    0.215E-03    0.285E-05    0.187E-06    0.000E+00    0.000E+00    0.000E+00    0.000E+00    0.727E-10    0.727E-10    0.151E-20    0.151E-20
    15.000     0.947    0.202E-03    0.264E-05    0.172E-06    0.000E+00    0.000E+00    0.000E+00    0.000E+00    0.674E-10    0.674E-10    0.173E-20    0.173E-20
    15.000     0.948    0.189E-03    0.245E-05    0.158E-06    0.000E+00    0.000E+00    0.000E+00    0.000E+00    0.631E-10    0.631E-10    0.195E-20    0.195E-20
    15.000     0.949    0.177E-03    0.228E-05    0.145E-06    0.000E+00    0.000E+00    0.000E+00    0.000E+00    0.597E-10    0.597E-10    0.217E-20    0.217E-20
    15.000     0.950    0.165E-03    0.212E-05    0.134E-06    0.000E+00    0.000E+00    0.000E+00    0.000E+00    0.572E-10    0.572E-10    0.239E-20    0.239E-20
    15.000     0.951    0.154E-03    0.197E-05    0.124E-06    0.000E+00    0.000E+00    0.000E+00    0.000E+00    0.554E-10    0.554E-10    0.261E-20    0.261E-20
    15.000     0.952    0.143E-03    0.184E-05    0.114E-06    0.000E+00    0.000E+00    0.000E+00    0.000E+00    0.543E-10    0.543E-10    0.282E-20    0.282E-20
    15.000     0.953    0.133E-03    0.171E-05    0.105E-06    0.261E-09    0.261E-09    0.104E-09    0.104E-09    0.527E-10    0.527E-10    0.297E-20    0.297E-20
    15.000     0.954    0.122E-03    0.154E-05    0.935E-07    0.172E-08    0.172E-08    0.689E-09    0.689E-09    0.463E-10    0.463E-10    0.290E-20    0.290E-20
    15.000     0.955    0.112E-03    0.139E-05    0.825E-07    0.324E-08    0.324E-08    0.130E-08    0.130E-08    0.405E-10    0.405E-10    0.283E-20    0.283E-20
    15.000     0.956    0.103E-03    0.125E-05    0.723E-07    0.481E-08    0.481E-08    0.192E-08    0.192E-08    0.351E-10    0.351E-10    0.274E-20    0.274E-20
    15.000     0.957    0.941E-04    0.112E-05    0.629E-07    0.641E-08    0.641E-08    0.256E-08    0.256E-08    0.302E-10    0.302E-10    0.264E-20    0.264E-20
    15.000     0.958    0.856E-04    0.991E-06    0.543E-07    0.805E-08    0.805E-08    0.322E-08    0.322E-08    0.257E-10    0.257E-10    0.254E-20    0.254E-20
    15.000     0.959    0.775E-04    0.876E-06    0.465E-07    0.971E-08    0.971E-08    0.388E-08    0.388E-08    0.217E-10    0.217E-10    0.243E-20    0.243E-20
    15.000     0.960    0.699E-04    0.769E-06    0.394E-07    0.114E-07    0.114E-07    0.455E-08    0.455E-08    0.180E-10    0.180E-10    0.231E-20    0.231E-20
    15.000     0.961    0.626E-04    0.671E-06    0.330E-07    0.131E-07    0.131E-07    0.523E-08    0.523E-08    0.148E-10    0.148E-10    0.219E-20    0.219E-20
    15.000     0.962    0.558E-04    0.581E-06    0.273E-07    0.148E-07    0.148E-07    0.590E-08    0.590E-08    0.119E-10    0.119E-10    0.206E-20    0.206E-20
    15.000     0.963    0.494E-04    0.499E-06    0.222E-07    0.164E-07    0.164E-07    0.657E-08    0.657E-08    0.940E-11    0.940E-11    0.192E-20    0.192E-20
    15.000     0.964    0.434E-04    0.424E-06    0.177E-07    0.181E-07    0.181E-07    0.724E-08    0.724E-08    0.721E-11    0.721E-11    0.178E-20    0.178E-20
    15.000     0.965    0.377E-04    0.356E-06    0.138E-07    0.197E-07    0.197E-07    0.790E-08    0.790E-08    0.535E-11    0.535E-11    0.164E-20    0.164E-20
    15.000     0.966    0.325E-04    0.295E-06    0.105E-07    0.214E-07    0.214E-07    0.854E-08    0.854E-08    0.379E-11    0.379E-11    0.150E-20    0.150E-20
    15.000     0.967    0.275E-04    0.240E-06    0.766E-08    0.229E-07    0.229E-07    0.918E-08    0.918E-08    0.251E-11    0.251E-11    0.135E-20    0.135E-20
    15.000     0.968    0.230E-04    0.192E-06    0.533E-08    0.245E-07    0.245E-07    0.979E-08    0.979E-08    0.150E-11    0.150E-11    0.120E-20    0.120E-20
    15.000     0.969    0.187E-04    0.150E-06    0.346E-08    0.259E-07    0.259E-07    0.104E-07    0.104E-07    0.739E-12    0.739E-12    0.105E-20    0.105E-20
    15.000     0.970    0.149E-04    0.113E-06    0.202E-08    0.274E-07    0.274E-07    0.109E-07    0.109E-07    0.210E-12    0.210E-12    0.905E-21    0.905E-21
    15.000     0.971    0.113E-04    0.814E-07    0.970E-09    0.287E-07    0.287E-07    0.115E-07    0.115E-07    0.000E+00    0.000E+00    0.757E-21    0.757E-21
    15.000     0.972    0.801E-05    0.548E-07    0.292E-09    0.300E-07    0.300E-07    0.120E-07    0.120E-07    0.000E+00    0.000E+00    0.610E-21    0.610E-21
    15.000     0.973    0.505E-05    0.329E-07    0.000E+00    0.311E-07    0.311E-07    0.125E-07    0.125E-07    0.000E+00    0.000E+00    0.465E-21    0.465E-21
    15.000     0.974    0.237E-05    0.153E-07    0.000E+00    0.322E-07    0.322E-07    0.129E-07    0.129E-07    0.467E-13    0.467E-13    0.323E-21    0.323E-21
    15.000     0.975    0.000E+00    0.166E-08    0.145E-09    0.332E-07    0.332E-07    0.133E-07    0.133E-07    0.403E-12    0.403E-12    0.185E-21    0.185E-21
    15.000     0.976    0.000E+00    0.000E+00    0.621E-09    0.341E-07    0.341E-07    0.136E-07    0.136E-07    0.882E-12    0.882E-12    0.506E-22    0.506E-22
    15.000     0.977    0.000E+00    0.000E+00    0.131E-08    0.348E-07    0.348E-07    0.139E-07    0.139E-07    0.147E-11    0.147E-11    0.000E+00    0.000E+00
    15.000     0.978    0.000E+00    0.000E+00    0.217E-08    0.355E-07    0.355E-07    0.142E-07    0.142E-07    0.213E-11    0.213E-11    0.000E+00    0.000E+00
    15.000     0.979    0.000E+00    0.000E+00    0.318E-08    0.360E-07    0.360E-07    0.144E-07    0.144E-07    0.287E-11    0.287E-11    0.000E+00    0.000E+00
    15.000     0.980    0.000E+00    0.000E+00    0.430E-08    0.363E-07    0.363E-07    0.145E-07    0.145E-07    0.365E-11    0.365E-11    0.000E+00    0.000E+00
    15.000     0.981    0.000E+00    0.000E+00    0.550E-08    0.365E-07    0.365E-07    0.146E-07    0.146E-07    0.447E-11    0.447E-11    0.000E+00    0.000E+00
    15.000     0.982    0.000E+00    0.000E+00    0.676E-08    0.365E-07    0.365E-07    0.146E-07    0.146E-07    0.529E-11    0.529E-11    0.000E+00    0.000E+00
    15.000     0.983    0.000E+00    0.000E+00    0.802E-08    0.364E-07    0.364E-07    0.146E-07    0.146E-07    0.610E-11    0.610E-11    0.000E+00    0.000E+00
    15.000     0.984    0.000E+00    0.583E-08    0.928E-08    0.361E-07    0.361E-07    0.144E-07    0.144E-07    0.689E-11    0.689E-11    0.000E+00    0.000E+00
    15.000     0.985    0.000E+00    0.144E-07    0.105E-07    0.356E-07    0.356E-07    0.142E-07    0.142E-07    0.763E-11    0.763E-11    0.000E+00    0.000E+00
    15.000     0.986    0.000E+00    0.233E-07    0.116E-07    0.349E-07    0.349E-07    0.140E-07    0.140E-07    0.831E-11    0.831E-11    0.000E+00    0.000E+00
    15.000     0.987    0.000E+00    0.323E-07    0.126E-07    0.340E-07    0.340E-07    0.136E-07    0.136E-07    0.890E-11    0.890E-11    0.000E+00    0.000E+00
    15.000     0.988    0.000E+00    0.410E-07    0.135E-07    0.329E-07    0.329E-07    0.132E-07    0.132E-07    0.939E-11    0.939E-11    0.000E+00    0.000E+00
    15.000     0.989    0.000E+00    0.492E-07    0.141E-07    0.316E-07    0.316E-07    0.126E-07    0.126E-07    0.975E-11    0.975E-11    0.000E+00    0.000E+00
    15.000     0.990    0.000E+00    0.563E-07    0.146E-07    0.300E-07    0.300E-07    0.120E-07    0.120E-07    0.997E-11    0.997E-11    0.000E+00    0.000E+00
    15.000     0.991    0.000E+00    0.622E-07    0.148E-07    0.282E-07    0.282E-07    0.113E-07    0.113E-07    0.100E-10    0.100E-10    0.000E+00    0.000E+00
    15.000     0.992    0.000E+00    0.664E-07    0.148E-07    0.262E-07    0.262E-07    0.105E-07    0.105E-07    0.991E-11    0.991E-11    0.000E+00    0.000E+00
    15.000     0.993    0.000E+00    0.687E-07    0.144E-07    0.239E-07    0.239E-07    0.957E-08    0.957E-08    0.958E-11    0.958E-11    0.000E+00    0.000E+00
    15.000     0.994    0.000E+00    0.686E-07    0.136E-07    0.214E-07    0.214E-07    0.855E-08    0.855E-08    0.904E-11    0.904E-11    0.000E+00    0.000E+00
    15.000     0.995    0.000E+00    0.659E-07    0.125E-07    0.185E-07    0.185E-07    0.742E-08    0.742E-08    0.825E-11    0.825E-11    0.000E+00    0.000E+00
    15.000     0.996    0.000E+00    0.602E-07    0.110E-07    0.154E-07    0.154E-07    0.617E-08    0.617E-08    0.720E-11    0.720E-11    0.000E+00    0.000E+00
    15.000     0.997    0.000E+00    0.511E-07    0.902E-08    0.120E-07    0.120E-07    0.481E-08    0.481E-08    0.587E-11    0.587E-11    0.000E+00    0.000E+00
    15.000     0.998    0.000E+00    0.382E-07    0.654E-08    0.833E-08    0.833E-08    0.333E-08    0.333E-08    0.424E-11    0.424E-11    0.000E+00    0.000E+00
    15.000     0.999    0.000E+00    0.213E-07    0.355E-08    0.432E-08    0.432E-08    0.173E-08    0.173E-08    0.229E-11    0.229E-11    0.000E+00    0.000E+00

