     Q**2          x         u           d           g          ub          db          sb          s          cb          c          bb          b
    15.000     0.001    0.652E+00    0.612E+00    0.135E+02    0.581E+00    0.589E+00    0.375E+00    0.375E+00    0.235E+00    0.235E+00    0.793E-17    0.793E-17
    15.000     0.002    0.581E+00    0.540E+00    0.104E+02    0.490E+00    0.502E+00    0.312E+00    0.312E+00    0.189E+00    0.189E+00    0.386E-17    0.386E-17
    15.000     0.003    0.547E+00    0.506E+00    0.885E+01    0.440E+00    0.454E+00    0.278E+00    0.278E+00    0.165E+00    0.165E+00    0.257E-17    0.257E-17
    15.000     0.004    0.529E+00    0.488E+00    0.793E+01    0.409E+00    0.426E+00    0.257E+00    0.257E+00    0.150E+00    0.150E+00    0.152E-16    0.152E-16
    15.000     0.005    0.517E+00    0.477E+00    0.726E+01    0.386E+00    0.404E+00    0.242E+00    0.242E+00    0.140E+00    0.140E+00    0.109E-16    0.109E-16
    15.000     0.006    0.508E+00    0.468E+00    0.673E+01    0.367E+00    0.386E+00    0.229E+00    0.229E+00    0.131E+00    0.131E+00    0.000E+00    0.000E+00
    15.000     0.007    0.502E+00    0.463E+00    0.632E+01    0.352E+00    0.372E+00    0.219E+00    0.219E+00    0.124E+00    0.124E+00    0.000E+00    0.000E+00
    15.000     0.008    0.496E+00    0.457E+00    0.594E+01    0.338E+00    0.358E+00    0.210E+00    0.210E+00    0.117E+00    0.117E+00    0.000E+00    0.000E+00
    15.000     0.009    0.493E+00    0.454E+00    0.565E+01    0.327E+00    0.347E+00    0.202E+00    0.202E+00    0.112E+00    0.112E+00    0.000E+00    0.000E+00
    15.000     0.010    0.489E+00    0.451E+00    0.537E+01    0.316E+00    0.336E+00    0.195E+00    0.195E+00    0.107E+00    0.107E+00    0.000E+00    0.000E+00
    15.000     0.011    0.488E+00    0.449E+00    0.516E+01    0.307E+00    0.328E+00    0.189E+00    0.189E+00    0.104E+00    0.104E+00    0.000E+00    0.000E+00
    15.000     0.012    0.486E+00    0.446E+00    0.494E+01    0.299E+00    0.319E+00    0.183E+00    0.183E+00    0.997E-01    0.997E-01    0.000E+00    0.000E+00
    15.000     0.013    0.485E+00    0.445E+00    0.476E+01    0.291E+00    0.311E+00    0.178E+00    0.178E+00    0.964E-01    0.964E-01    0.000E+00    0.000E+00
    15.000     0.014    0.485E+00    0.444E+00    0.460E+01    0.285E+00    0.305E+00    0.174E+00    0.174E+00    0.935E-01    0.935E-01    0.000E+00    0.000E+00
    15.000     0.015    0.485E+00    0.442E+00    0.444E+01    0.278E+00    0.298E+00    0.169E+00    0.169E+00    0.905E-01    0.905E-01    0.000E+00    0.000E+00
    15.000     0.016    0.485E+00    0.441E+00    0.430E+01    0.272E+00    0.291E+00    0.165E+00    0.165E+00    0.879E-01    0.879E-01    0.000E+00    0.000E+00
    15.000     0.017    0.485E+00    0.441E+00    0.418E+01    0.267E+00    0.286E+00    0.162E+00    0.162E+00    0.856E-01    0.856E-01    0.000E+00    0.000E+00
    15.000     0.018    0.486E+00    0.440E+00    0.406E+01    0.261E+00    0.280E+00    0.158E+00    0.158E+00    0.832E-01    0.832E-01    0.224E-17    0.224E-17
    15.000     0.019    0.486E+00    0.439E+00    0.394E+01    0.256E+00    0.275E+00    0.155E+00    0.155E+00    0.810E-01    0.810E-01    0.561E-17    0.561E-17
    15.000     0.020    0.487E+00    0.438E+00    0.384E+01    0.252E+00    0.270E+00    0.152E+00    0.152E+00    0.791E-01    0.791E-01    0.932E-17    0.932E-17
    15.000     0.021    0.488E+00    0.438E+00    0.375E+01    0.248E+00    0.265E+00    0.149E+00    0.149E+00    0.773E-01    0.773E-01    0.128E-16    0.128E-16
    15.000     0.022    0.489E+00    0.437E+00    0.366E+01    0.243E+00    0.261E+00    0.146E+00    0.146E+00    0.754E-01    0.754E-01    0.126E-16    0.126E-16
    15.000     0.023    0.489E+00    0.436E+00    0.356E+01    0.239E+00    0.256E+00    0.143E+00    0.143E+00    0.736E-01    0.736E-01    0.104E-16    0.104E-16
    15.000     0.024    0.490E+00    0.436E+00    0.348E+01    0.235E+00    0.252E+00    0.140E+00    0.140E+00    0.719E-01    0.719E-01    0.730E-17    0.730E-17
    15.000     0.025    0.492E+00    0.435E+00    0.340E+01    0.231E+00    0.248E+00    0.138E+00    0.138E+00    0.703E-01    0.703E-01    0.357E-17    0.357E-17
    15.000     0.026    0.493E+00    0.435E+00    0.333E+01    0.228E+00    0.244E+00    0.136E+00    0.136E+00    0.688E-01    0.688E-01    0.000E+00    0.000E+00
    15.000     0.027    0.494E+00    0.434E+00    0.325E+01    0.224E+00    0.240E+00    0.133E+00    0.133E+00    0.673E-01    0.673E-01    0.312E-18    0.312E-18
    15.000     0.028    0.495E+00    0.434E+00    0.318E+01    0.221E+00    0.236E+00    0.131E+00    0.131E+00    0.659E-01    0.659E-01    0.145E-17    0.145E-17
    15.000     0.029    0.496E+00    0.433E+00    0.312E+01    0.218E+00    0.233E+00    0.129E+00    0.129E+00    0.646E-01    0.646E-01    0.321E-17    0.321E-17
    15.000     0.030    0.498E+00    0.433E+00    0.306E+01    0.215E+00    0.230E+00    0.127E+00    0.127E+00    0.634E-01    0.634E-01    0.539E-17    0.539E-17
    15.000     0.031    0.499E+00    0.433E+00    0.301E+01    0.212E+00    0.227E+00    0.125E+00    0.125E+00    0.623E-01    0.623E-01    0.772E-17    0.772E-17
    15.000     0.032    0.501E+00    0.432E+00    0.296E+01    0.209E+00    0.224E+00    0.123E+00    0.123E+00    0.612E-01    0.612E-01    0.874E-17    0.874E-17
    15.000     0.033    0.502E+00    0.432E+00    0.291E+01    0.207E+00    0.221E+00    0.122E+00    0.122E+00    0.601E-01    0.601E-01    0.809E-17    0.809E-17
    15.000     0.034    0.504E+00    0.432E+00    0.286E+01    0.204E+00    0.218E+00    0.120E+00    0.120E+00    0.591E-01    0.591E-01    0.698E-17    0.698E-17
    15.000     0.035    0.505E+00    0.431E+00    0.282E+01    0.202E+00    0.215E+00    0.118E+00    0.118E+00    0.582E-01    0.582E-01    0.551E-17    0.551E-17
    15.000     0.036    0.507E+00    0.431E+00    0.278E+01    0.199E+00    0.213E+00    0.117E+00    0.117E+00    0.573E-01    0.573E-01    0.376E-17    0.376E-17
    15.000     0.037    0.509E+00    0.431E+00    0.274E+01    0.197E+00    0.210E+00    0.115E+00    0.115E+00    0.565E-01    0.565E-01    0.186E-17    0.186E-17
    15.000     0.038    0.510E+00    0.431E+00    0.270E+01    0.195E+00    0.208E+00    0.114E+00    0.114E+00    0.557E-01    0.557E-01    0.000E+00    0.000E+00
    15.000     0.039    0.512E+00    0.430E+00    0.266E+01    0.193E+00    0.206E+00    0.113E+00    0.113E+00    0.548E-01    0.548E-01    0.000E+00    0.000E+00
    15.000     0.040    0.513E+00    0.430E+00    0.262E+01    0.190E+00    0.203E+00    0.111E+00    0.111E+00    0.539E-01    0.539E-01    0.000E+00    0.000E+00
    15.000     0.041    0.515E+00    0.430E+00    0.258E+01    0.188E+00    0.201E+00    0.110E+00    0.110E+00    0.531E-01    0.531E-01    0.000E+00    0.000E+00
    15.000     0.042    0.516E+00    0.429E+00    0.255E+01    0.186E+00    0.199E+00    0.108E+00    0.108E+00    0.523E-01    0.523E-01    0.000E+00    0.000E+00
    15.000     0.043    0.517E+00    0.429E+00    0.251E+01    0.184E+00    0.197E+00    0.107E+00    0.107E+00    0.515E-01    0.515E-01    0.000E+00    0.000E+00
    15.000     0.044    0.519E+00    0.429E+00    0.248E+01    0.182E+00    0.194E+00    0.106E+00    0.106E+00    0.507E-01    0.507E-01    0.000E+00    0.000E+00
    15.000     0.045    0.520E+00    0.428E+00    0.244E+01    0.179E+00    0.192E+00    0.104E+00    0.104E+00    0.500E-01    0.500E-01    0.000E+00    0.000E+00
    15.000     0.046    0.522E+00    0.428E+00    0.241E+01    0.177E+00    0.190E+00    0.103E+00    0.103E+00    0.492E-01    0.492E-01    0.000E+00    0.000E+00
    15.000     0.047    0.523E+00    0.427E+00    0.237E+01    0.175E+00    0.188E+00    0.102E+00    0.102E+00    0.485E-01    0.485E-01    0.000E+00    0.000E+00
    15.000     0.048    0.524E+00    0.427E+00    0.234E+01    0.173E+00    0.186E+00    0.101E+00    0.101E+00    0.477E-01    0.477E-01    0.000E+00    0.000E+00
    15.000     0.049    0.526E+00    0.427E+00    0.231E+01    0.171E+00    0.184E+00    0.994E-01    0.994E-01    0.470E-01    0.470E-01    0.000E+00    0.000E+00
    15.000     0.050    0.527E+00    0.426E+00    0.228E+01    0.169E+00    0.183E+00    0.982E-01    0.982E-01    0.464E-01    0.464E-01    0.000E+00    0.000E+00
    15.000     0.051    0.529E+00    0.426E+00    0.225E+01    0.167E+00    0.181E+00    0.971E-01    0.971E-01    0.457E-01    0.457E-01    0.000E+00    0.000E+00
    15.000     0.052    0.530E+00    0.425E+00    0.222E+01    0.166E+00    0.179E+00    0.960E-01    0.960E-01    0.451E-01    0.451E-01    0.000E+00    0.000E+00
    15.000     0.053    0.531E+00    0.425E+00    0.220E+01    0.164E+00    0.177E+00    0.949E-01    0.949E-01    0.445E-01    0.445E-01    0.000E+00    0.000E+00
    15.000     0.054    0.533E+00    0.425E+00    0.217E+01    0.162E+00    0.176E+00    0.939E-01    0.939E-01    0.439E-01    0.439E-01    0.245E-18    0.245E-18
    15.000     0.055    0.534E+00    0.424E+00    0.214E+01    0.160E+00    0.174E+00    0.928E-01    0.928E-01    0.432E-01    0.432E-01    0.108E-17    0.108E-17
    15.000     0.056    0.535E+00    0.424E+00    0.212E+01    0.158E+00    0.172E+00    0.918E-01    0.918E-01    0.427E-01    0.427E-01    0.201E-17    0.201E-17
    15.000     0.057    0.536E+00    0.423E+00    0.209E+01    0.157E+00    0.171E+00    0.908E-01    0.908E-01    0.421E-01    0.421E-01    0.301E-17    0.301E-17
    15.000     0.058    0.538E+00    0.423E+00    0.207E+01    0.155E+00    0.169E+00    0.898E-01    0.898E-01    0.415E-01    0.415E-01    0.406E-17    0.406E-17
    15.000     0.059    0.539E+00    0.422E+00    0.204E+01    0.153E+00    0.168E+00    0.888E-01    0.888E-01    0.410E-01    0.410E-01    0.512E-17    0.512E-17
    15.000     0.060    0.540E+00    0.422E+00    0.202E+01    0.152E+00    0.166E+00    0.879E-01    0.879E-01    0.405E-01    0.405E-01    0.617E-17    0.617E-17
    15.000     0.061    0.542E+00    0.422E+00    0.200E+01    0.150E+00    0.165E+00    0.870E-01    0.870E-01    0.400E-01    0.400E-01    0.718E-17    0.718E-17
    15.000     0.062    0.543E+00    0.421E+00    0.198E+01    0.148E+00    0.164E+00    0.861E-01    0.861E-01    0.395E-01    0.395E-01    0.810E-17    0.810E-17
    15.000     0.063    0.544E+00    0.421E+00    0.196E+01    0.147E+00    0.162E+00    0.852E-01    0.852E-01    0.390E-01    0.390E-01    0.887E-17    0.887E-17
    15.000     0.064    0.545E+00    0.420E+00    0.193E+01    0.145E+00    0.161E+00    0.843E-01    0.843E-01    0.385E-01    0.385E-01    0.845E-17    0.845E-17
    15.000     0.065    0.546E+00    0.420E+00    0.191E+01    0.144E+00    0.160E+00    0.834E-01    0.834E-01    0.380E-01    0.380E-01    0.784E-17    0.784E-17
    15.000     0.066    0.548E+00    0.419E+00    0.189E+01    0.142E+00    0.158E+00    0.825E-01    0.825E-01    0.375E-01    0.375E-01    0.708E-17    0.708E-17
    15.000     0.067    0.549E+00    0.419E+00    0.187E+01    0.141E+00    0.157E+00    0.817E-01    0.817E-01    0.370E-01    0.370E-01    0.619E-17    0.619E-17
    15.000     0.068    0.550E+00    0.418E+00    0.185E+01    0.139E+00    0.156E+00    0.808E-01    0.808E-01    0.365E-01    0.365E-01    0.521E-17    0.521E-17
    15.000     0.069    0.551E+00    0.418E+00    0.183E+01    0.137E+00    0.154E+00    0.800E-01    0.800E-01    0.360E-01    0.360E-01    0.417E-17    0.417E-17
    15.000     0.070    0.552E+00    0.417E+00    0.181E+01    0.136E+00    0.153E+00    0.792E-01    0.792E-01    0.356E-01    0.356E-01    0.311E-17    0.311E-17
    15.000     0.071    0.553E+00    0.417E+00    0.179E+01    0.135E+00    0.152E+00    0.784E-01    0.784E-01    0.351E-01    0.351E-01    0.206E-17    0.206E-17
    15.000     0.072    0.554E+00    0.416E+00    0.177E+01    0.133E+00    0.151E+00    0.776E-01    0.776E-01    0.347E-01    0.347E-01    0.107E-17    0.107E-17
    15.000     0.073    0.555E+00    0.416E+00    0.175E+01    0.132E+00    0.150E+00    0.768E-01    0.768E-01    0.343E-01    0.343E-01    0.179E-18    0.179E-18
    15.000     0.074    0.557E+00    0.415E+00    0.173E+01    0.130E+00    0.148E+00    0.760E-01    0.760E-01    0.339E-01    0.339E-01    0.456E-18    0.456E-18
    15.000     0.075    0.558E+00    0.415E+00    0.171E+01    0.129E+00    0.147E+00    0.753E-01    0.753E-01    0.334E-01    0.334E-01    0.122E-17    0.122E-17
    15.000     0.076    0.559E+00    0.414E+00    0.169E+01    0.128E+00    0.146E+00    0.745E-01    0.745E-01    0.330E-01    0.330E-01    0.215E-17    0.215E-17
    15.000     0.077    0.560E+00    0.414E+00    0.168E+01    0.126E+00    0.145E+00    0.738E-01    0.738E-01    0.326E-01    0.326E-01    0.324E-17    0.324E-17
    15.000     0.078    0.561E+00    0.413E+00    0.166E+01    0.125E+00    0.144E+00    0.730E-01    0.730E-01    0.322E-01    0.322E-01    0.445E-17    0.445E-17
    15.000     0.079    0.562E+00    0.413E+00    0.164E+01    0.123E+00    0.143E+00    0.723E-01    0.723E-01    0.318E-01    0.318E-01    0.576E-17    0.576E-17
    15.000     0.080    0.563E+00    0.412E+00    0.162E+01    0.122E+00    0.142E+00    0.716E-01    0.716E-01    0.314E-01    0.314E-01    0.715E-17    0.715E-17
    15.000     0.081    0.564E+00    0.411E+00    0.161E+01    0.121E+00    0.141E+00    0.709E-01    0.709E-01    0.311E-01    0.311E-01    0.857E-17    0.857E-17
    15.000     0.082    0.565E+00    0.411E+00    0.159E+01    0.120E+00    0.140E+00    0.703E-01    0.703E-01    0.307E-01    0.307E-01    0.100E-16    0.100E-16
    15.000     0.083    0.566E+00    0.410E+00    0.158E+01    0.118E+00    0.139E+00    0.696E-01    0.696E-01    0.303E-01    0.303E-01    0.114E-16    0.114E-16
    15.000     0.084    0.567E+00    0.410E+00    0.156E+01    0.117E+00    0.138E+00    0.689E-01    0.689E-01    0.300E-01    0.300E-01    0.128E-16    0.128E-16
    15.000     0.085    0.568E+00    0.409E+00    0.155E+01    0.116E+00    0.137E+00    0.683E-01    0.683E-01    0.296E-01    0.296E-01    0.135E-16    0.135E-16
    15.000     0.086    0.568E+00    0.409E+00    0.153E+01    0.115E+00    0.136E+00    0.676E-01    0.676E-01    0.293E-01    0.293E-01    0.136E-16    0.136E-16
    15.000     0.087    0.569E+00    0.408E+00    0.151E+01    0.114E+00    0.134E+00    0.670E-01    0.670E-01    0.289E-01    0.289E-01    0.136E-16    0.136E-16
    15.000     0.088    0.570E+00    0.407E+00    0.150E+01    0.112E+00    0.134E+00    0.663E-01    0.663E-01    0.286E-01    0.286E-01    0.134E-16    0.134E-16
    15.000     0.089    0.571E+00    0.407E+00    0.148E+01    0.111E+00    0.133E+00    0.657E-01    0.657E-01    0.282E-01    0.282E-01    0.132E-16    0.132E-16
    15.000     0.090    0.572E+00    0.406E+00    0.147E+01    0.110E+00    0.132E+00    0.651E-01    0.651E-01    0.279E-01    0.279E-01    0.128E-16    0.128E-16
    15.000     0.091    0.573E+00    0.405E+00    0.145E+01    0.109E+00    0.131E+00    0.645E-01    0.645E-01    0.276E-01    0.276E-01    0.124E-16    0.124E-16
    15.000     0.092    0.574E+00    0.405E+00    0.144E+01    0.108E+00    0.130E+00    0.639E-01    0.639E-01    0.273E-01    0.273E-01    0.119E-16    0.119E-16
    15.000     0.093    0.575E+00    0.404E+00    0.143E+01    0.107E+00    0.129E+00    0.633E-01    0.633E-01    0.270E-01    0.270E-01    0.113E-16    0.113E-16
    15.000     0.094    0.575E+00    0.404E+00    0.141E+01    0.106E+00    0.128E+00    0.627E-01    0.627E-01    0.266E-01    0.266E-01    0.106E-16    0.106E-16
    15.000     0.095    0.576E+00    0.403E+00    0.140E+01    0.105E+00    0.127E+00    0.621E-01    0.621E-01    0.263E-01    0.263E-01    0.995E-17    0.995E-17
    15.000     0.096    0.577E+00    0.402E+00    0.139E+01    0.104E+00    0.126E+00    0.615E-01    0.615E-01    0.260E-01    0.260E-01    0.923E-17    0.923E-17
    15.000     0.097    0.578E+00    0.402E+00    0.137E+01    0.102E+00    0.125E+00    0.610E-01    0.610E-01    0.257E-01    0.257E-01    0.867E-17    0.867E-17
    15.000     0.098    0.579E+00    0.401E+00    0.136E+01    0.101E+00    0.124E+00    0.604E-01    0.604E-01    0.254E-01    0.254E-01    0.828E-17    0.828E-17
    15.000     0.099    0.580E+00    0.400E+00    0.135E+01    0.100E+00    0.123E+00    0.598E-01    0.598E-01    0.252E-01    0.252E-01    0.789E-17    0.789E-17
    15.000     0.100    0.580E+00    0.400E+00    0.133E+01    0.994E-01    0.122E+00    0.593E-01    0.593E-01    0.249E-01    0.249E-01    0.750E-17    0.750E-17
    15.000     0.101    0.581E+00    0.399E+00    0.132E+01    0.984E-01    0.122E+00    0.587E-01    0.587E-01    0.246E-01    0.246E-01    0.712E-17    0.712E-17
    15.000     0.102    0.582E+00    0.398E+00    0.131E+01    0.974E-01    0.121E+00    0.582E-01    0.582E-01    0.243E-01    0.243E-01    0.674E-17    0.674E-17
    15.000     0.103    0.583E+00    0.398E+00    0.130E+01    0.964E-01    0.120E+00    0.577E-01    0.577E-01    0.240E-01    0.240E-01    0.638E-17    0.638E-17
    15.000     0.104    0.583E+00    0.397E+00    0.128E+01    0.955E-01    0.119E+00    0.571E-01    0.571E-01    0.237E-01    0.237E-01    0.603E-17    0.603E-17
    15.000     0.105    0.584E+00    0.396E+00    0.127E+01    0.945E-01    0.118E+00    0.566E-01    0.566E-01    0.235E-01    0.235E-01    0.569E-17    0.569E-17
    15.000     0.106    0.585E+00    0.396E+00    0.126E+01    0.936E-01    0.117E+00    0.561E-01    0.561E-01    0.232E-01    0.232E-01    0.537E-17    0.537E-17
    15.000     0.107    0.585E+00    0.395E+00    0.125E+01    0.927E-01    0.116E+00    0.556E-01    0.556E-01    0.230E-01    0.230E-01    0.507E-17    0.507E-17
    15.000     0.108    0.586E+00    0.394E+00    0.124E+01    0.918E-01    0.116E+00    0.551E-01    0.551E-01    0.227E-01    0.227E-01    0.478E-17    0.478E-17
    15.000     0.109    0.587E+00    0.394E+00    0.122E+01    0.909E-01    0.115E+00    0.546E-01    0.546E-01    0.224E-01    0.224E-01    0.452E-17    0.452E-17
    15.000     0.110    0.587E+00    0.393E+00    0.121E+01    0.900E-01    0.114E+00    0.541E-01    0.541E-01    0.222E-01    0.222E-01    0.434E-17    0.434E-17
    15.000     0.111    0.588E+00    0.392E+00    0.120E+01    0.891E-01    0.113E+00    0.536E-01    0.536E-01    0.219E-01    0.219E-01    0.421E-17    0.421E-17
    15.000     0.112    0.589E+00    0.391E+00    0.119E+01    0.882E-01    0.112E+00    0.532E-01    0.532E-01    0.217E-01    0.217E-01    0.411E-17    0.411E-17
    15.000     0.113    0.589E+00    0.391E+00    0.118E+01    0.874E-01    0.112E+00    0.527E-01    0.527E-01    0.215E-01    0.215E-01    0.404E-17    0.404E-17
    15.000     0.114    0.590E+00    0.390E+00    0.117E+01    0.865E-01    0.111E+00    0.522E-01    0.522E-01    0.212E-01    0.212E-01    0.399E-17    0.399E-17
    15.000     0.115    0.591E+00    0.389E+00    0.116E+01    0.857E-01    0.110E+00    0.517E-01    0.517E-01    0.210E-01    0.210E-01    0.396E-17    0.396E-17
    15.000     0.116    0.591E+00    0.389E+00    0.115E+01    0.849E-01    0.109E+00    0.513E-01    0.513E-01    0.207E-01    0.207E-01    0.395E-17    0.395E-17
    15.000     0.117    0.592E+00    0.388E+00    0.114E+01    0.841E-01    0.108E+00    0.508E-01    0.508E-01    0.205E-01    0.205E-01    0.396E-17    0.396E-17
    15.000     0.118    0.592E+00    0.387E+00    0.113E+01    0.833E-01    0.108E+00    0.504E-01    0.504E-01    0.203E-01    0.203E-01    0.400E-17    0.400E-17
    15.000     0.119    0.593E+00    0.386E+00    0.112E+01    0.825E-01    0.107E+00    0.499E-01    0.499E-01    0.201E-01    0.201E-01    0.405E-17    0.405E-17
    15.000     0.120    0.593E+00    0.386E+00    0.111E+01    0.817E-01    0.106E+00    0.495E-01    0.495E-01    0.198E-01    0.198E-01    0.412E-17    0.412E-17
    15.000     0.121    0.594E+00    0.385E+00    0.110E+01    0.810E-01    0.105E+00    0.491E-01    0.491E-01    0.196E-01    0.196E-01    0.421E-17    0.421E-17
    15.000     0.122    0.595E+00    0.384E+00    0.109E+01    0.802E-01    0.105E+00    0.486E-01    0.486E-01    0.194E-01    0.194E-01    0.431E-17    0.431E-17
    15.000     0.123    0.595E+00    0.383E+00    0.108E+01    0.795E-01    0.104E+00    0.482E-01    0.482E-01    0.192E-01    0.192E-01    0.443E-17    0.443E-17
    15.000     0.124    0.596E+00    0.383E+00    0.107E+01    0.787E-01    0.103E+00    0.478E-01    0.478E-01    0.190E-01    0.190E-01    0.460E-17    0.460E-17
    15.000     0.125    0.596E+00    0.382E+00    0.106E+01    0.780E-01    0.102E+00    0.474E-01    0.474E-01    0.188E-01    0.188E-01    0.478E-17    0.478E-17
    15.000     0.126    0.597E+00    0.381E+00    0.105E+01    0.773E-01    0.102E+00    0.470E-01    0.470E-01    0.186E-01    0.186E-01    0.498E-17    0.498E-17
    15.000     0.127    0.597E+00    0.380E+00    0.104E+01    0.766E-01    0.101E+00    0.465E-01    0.465E-01    0.184E-01    0.184E-01    0.517E-17    0.517E-17
    15.000     0.128    0.598E+00    0.379E+00    0.103E+01    0.759E-01    0.100E+00    0.461E-01    0.461E-01    0.182E-01    0.182E-01    0.537E-17    0.537E-17
    15.000     0.129    0.598E+00    0.379E+00    0.102E+01    0.752E-01    0.996E-01    0.457E-01    0.457E-01    0.180E-01    0.180E-01    0.556E-17    0.556E-17
    15.000     0.130    0.598E+00    0.378E+00    0.101E+01    0.745E-01    0.988E-01    0.453E-01    0.453E-01    0.178E-01    0.178E-01    0.576E-17    0.576E-17
    15.000     0.131    0.599E+00    0.377E+00    0.100E+01    0.738E-01    0.981E-01    0.449E-01    0.449E-01    0.176E-01    0.176E-01    0.594E-17    0.594E-17
    15.000     0.132    0.599E+00    0.376E+00    0.992E+00    0.732E-01    0.974E-01    0.445E-01    0.445E-01    0.174E-01    0.174E-01    0.611E-17    0.611E-17
    15.000     0.133    0.600E+00    0.375E+00    0.983E+00    0.725E-01    0.967E-01    0.442E-01    0.442E-01    0.172E-01    0.172E-01    0.626E-17    0.626E-17
    15.000     0.134    0.600E+00    0.375E+00    0.975E+00    0.719E-01    0.960E-01    0.438E-01    0.438E-01    0.170E-01    0.170E-01    0.640E-17    0.640E-17
    15.000     0.135    0.601E+00    0.374E+00    0.966E+00    0.712E-01    0.953E-01    0.434E-01    0.434E-01    0.168E-01    0.168E-01    0.651E-17    0.651E-17
    15.000     0.136    0.601E+00    0.373E+00    0.957E+00    0.706E-01    0.946E-01    0.430E-01    0.430E-01    0.166E-01    0.166E-01    0.659E-17    0.659E-17
    15.000     0.137    0.601E+00    0.372E+00    0.949E+00    0.700E-01    0.940E-01    0.427E-01    0.427E-01    0.165E-01    0.165E-01    0.665E-17    0.665E-17
    15.000     0.138    0.602E+00    0.372E+00    0.940E+00    0.694E-01    0.933E-01    0.423E-01    0.423E-01    0.163E-01    0.163E-01    0.652E-17    0.652E-17
    15.000     0.139    0.602E+00    0.371E+00    0.932E+00    0.687E-01    0.926E-01    0.419E-01    0.419E-01    0.161E-01    0.161E-01    0.622E-17    0.622E-17
    15.000     0.140    0.602E+00    0.370E+00    0.924E+00    0.681E-01    0.919E-01    0.416E-01    0.416E-01    0.159E-01    0.159E-01    0.587E-17    0.587E-17
    15.000     0.141    0.603E+00    0.369E+00    0.915E+00    0.675E-01    0.912E-01    0.412E-01    0.412E-01    0.157E-01    0.157E-01    0.549E-17    0.549E-17
    15.000     0.142    0.603E+00    0.368E+00    0.907E+00    0.669E-01    0.905E-01    0.408E-01    0.408E-01    0.156E-01    0.156E-01    0.508E-17    0.508E-17
    15.000     0.143    0.603E+00    0.367E+00    0.899E+00    0.664E-01    0.899E-01    0.405E-01    0.405E-01    0.154E-01    0.154E-01    0.465E-17    0.465E-17
    15.000     0.144    0.603E+00    0.367E+00    0.891E+00    0.658E-01    0.892E-01    0.401E-01    0.401E-01    0.152E-01    0.152E-01    0.419E-17    0.419E-17
    15.000     0.145    0.604E+00    0.366E+00    0.883E+00    0.652E-01    0.886E-01    0.398E-01    0.398E-01    0.151E-01    0.151E-01    0.372E-17    0.372E-17
    15.000     0.146    0.604E+00    0.365E+00    0.876E+00    0.647E-01    0.879E-01    0.395E-01    0.395E-01    0.149E-01    0.149E-01    0.323E-17    0.323E-17
    15.000     0.147    0.604E+00    0.364E+00    0.868E+00    0.641E-01    0.873E-01    0.391E-01    0.391E-01    0.147E-01    0.147E-01    0.273E-17    0.273E-17
    15.000     0.148    0.605E+00    0.363E+00    0.860E+00    0.636E-01    0.866E-01    0.388E-01    0.388E-01    0.146E-01    0.146E-01    0.223E-17    0.223E-17
    15.000     0.149    0.605E+00    0.362E+00    0.853E+00    0.630E-01    0.860E-01    0.385E-01    0.385E-01    0.144E-01    0.144E-01    0.173E-17    0.173E-17
    15.000     0.150    0.605E+00    0.362E+00    0.845E+00    0.625E-01    0.853E-01    0.381E-01    0.381E-01    0.143E-01    0.143E-01    0.124E-17    0.124E-17
    15.000     0.151    0.605E+00    0.361E+00    0.838E+00    0.620E-01    0.847E-01    0.378E-01    0.378E-01    0.141E-01    0.141E-01    0.755E-18    0.755E-18
    15.000     0.152    0.605E+00    0.360E+00    0.830E+00    0.615E-01    0.841E-01    0.375E-01    0.375E-01    0.140E-01    0.140E-01    0.288E-18    0.288E-18
    15.000     0.153    0.606E+00    0.359E+00    0.823E+00    0.610E-01    0.834E-01    0.372E-01    0.372E-01    0.138E-01    0.138E-01    0.000E+00    0.000E+00
    15.000     0.154    0.606E+00    0.358E+00    0.816E+00    0.605E-01    0.828E-01    0.369E-01    0.369E-01    0.137E-01    0.137E-01    0.000E+00    0.000E+00
    15.000     0.155    0.606E+00    0.357E+00    0.808E+00    0.600E-01    0.822E-01    0.365E-01    0.365E-01    0.135E-01    0.135E-01    0.000E+00    0.000E+00
    15.000     0.156    0.606E+00    0.357E+00    0.801E+00    0.595E-01    0.816E-01    0.362E-01    0.362E-01    0.134E-01    0.134E-01    0.000E+00    0.000E+00
    15.000     0.157    0.606E+00    0.356E+00    0.794E+00    0.590E-01    0.809E-01    0.359E-01    0.359E-01    0.132E-01    0.132E-01    0.000E+00    0.000E+00
    15.000     0.158    0.606E+00    0.355E+00    0.787E+00    0.585E-01    0.803E-01    0.356E-01    0.356E-01    0.131E-01    0.131E-01    0.000E+00    0.000E+00
    15.000     0.159    0.606E+00    0.354E+00    0.780E+00    0.580E-01    0.797E-01    0.353E-01    0.353E-01    0.129E-01    0.129E-01    0.000E+00    0.000E+00
    15.000     0.160    0.607E+00    0.353E+00    0.773E+00    0.575E-01    0.791E-01    0.350E-01    0.350E-01    0.128E-01    0.128E-01    0.000E+00    0.000E+00
    15.000     0.161    0.607E+00    0.352E+00    0.766E+00    0.571E-01    0.785E-01    0.347E-01    0.347E-01    0.127E-01    0.127E-01    0.000E+00    0.000E+00
    15.000     0.162    0.607E+00    0.351E+00    0.760E+00    0.566E-01    0.779E-01    0.344E-01    0.344E-01    0.125E-01    0.125E-01    0.000E+00    0.000E+00
    15.000     0.163    0.607E+00    0.351E+00    0.753E+00    0.561E-01    0.773E-01    0.341E-01    0.341E-01    0.124E-01    0.124E-01    0.000E+00    0.000E+00
    15.000     0.164    0.607E+00    0.350E+00    0.746E+00    0.557E-01    0.767E-01    0.338E-01    0.338E-01    0.123E-01    0.123E-01    0.000E+00    0.000E+00
    15.000     0.165    0.607E+00    0.349E+00    0.740E+00    0.553E-01    0.761E-01    0.335E-01    0.335E-01    0.121E-01    0.121E-01    0.000E+00    0.000E+00
    15.000     0.166    0.607E+00    0.348E+00    0.733E+00    0.548E-01    0.755E-01    0.333E-01    0.333E-01    0.120E-01    0.120E-01    0.000E+00    0.000E+00
    15.000     0.167    0.607E+00    0.347E+00    0.727E+00    0.544E-01    0.750E-01    0.330E-01    0.330E-01    0.119E-01    0.119E-01    0.000E+00    0.000E+00
    15.000     0.168    0.607E+00    0.346E+00    0.721E+00    0.540E-01    0.744E-01    0.327E-01    0.327E-01    0.117E-01    0.117E-01    0.000E+00    0.000E+00
    15.000     0.169    0.607E+00    0.345E+00    0.714E+00    0.535E-01    0.738E-01    0.324E-01    0.324E-01    0.116E-01    0.116E-01    0.000E+00    0.000E+00
    15.000     0.170    0.607E+00    0.345E+00    0.708E+00    0.531E-01    0.732E-01    0.322E-01    0.322E-01    0.115E-01    0.115E-01    0.000E+00    0.000E+00
    15.000     0.171    0.607E+00    0.344E+00    0.702E+00    0.527E-01    0.727E-01    0.319E-01    0.319E-01    0.114E-01    0.114E-01    0.000E+00    0.000E+00
    15.000     0.172    0.607E+00    0.343E+00    0.695E+00    0.523E-01    0.721E-01    0.316E-01    0.316E-01    0.112E-01    0.112E-01    0.000E+00    0.000E+00
    15.000     0.173    0.607E+00    0.342E+00    0.689E+00    0.519E-01    0.715E-01    0.313E-01    0.313E-01    0.111E-01    0.111E-01    0.000E+00    0.000E+00
    15.000     0.174    0.607E+00    0.341E+00    0.683E+00    0.515E-01    0.710E-01    0.311E-01    0.311E-01    0.110E-01    0.110E-01    0.000E+00    0.000E+00
    15.000     0.175    0.607E+00    0.340E+00    0.677E+00    0.511E-01    0.704E-01    0.308E-01    0.308E-01    0.109E-01    0.109E-01    0.000E+00    0.000E+00
    15.000     0.176    0.607E+00    0.339E+00    0.671E+00    0.507E-01    0.699E-01    0.306E-01    0.306E-01    0.108E-01    0.108E-01    0.000E+00    0.000E+00
    15.000     0.177    0.607E+00    0.338E+00    0.665E+00    0.503E-01    0.693E-01    0.303E-01    0.303E-01    0.106E-01    0.106E-01    0.000E+00    0.000E+00
    15.000     0.178    0.607E+00    0.338E+00    0.659E+00    0.499E-01    0.688E-01    0.300E-01    0.300E-01    0.105E-01    0.105E-01    0.000E+00    0.000E+00
    15.000     0.179    0.607E+00    0.337E+00    0.654E+00    0.495E-01    0.682E-01    0.298E-01    0.298E-01    0.104E-01    0.104E-01    0.000E+00    0.000E+00
    15.000     0.180    0.606E+00    0.336E+00    0.648E+00    0.491E-01    0.677E-01    0.295E-01    0.295E-01    0.103E-01    0.103E-01    0.000E+00    0.000E+00
    15.000     0.181    0.606E+00    0.335E+00    0.642E+00    0.488E-01    0.671E-01    0.293E-01    0.293E-01    0.102E-01    0.102E-01    0.000E+00    0.000E+00
    15.000     0.182    0.606E+00    0.334E+00    0.636E+00    0.484E-01    0.666E-01    0.290E-01    0.290E-01    0.101E-01    0.101E-01    0.000E+00    0.000E+00
    15.000     0.183    0.606E+00    0.333E+00    0.631E+00    0.480E-01    0.661E-01    0.288E-01    0.288E-01    0.997E-02    0.997E-02    0.000E+00    0.000E+00
    15.000     0.184    0.606E+00    0.332E+00    0.625E+00    0.477E-01    0.656E-01    0.286E-01    0.286E-01    0.986E-02    0.986E-02    0.000E+00    0.000E+00
    15.000     0.185    0.606E+00    0.331E+00    0.620E+00    0.473E-01    0.650E-01    0.283E-01    0.283E-01    0.975E-02    0.975E-02    0.000E+00    0.000E+00
    15.000     0.186    0.606E+00    0.330E+00    0.614E+00    0.470E-01    0.645E-01    0.281E-01    0.281E-01    0.965E-02    0.965E-02    0.000E+00    0.000E+00
    15.000     0.187    0.605E+00    0.330E+00    0.609E+00    0.466E-01    0.640E-01    0.278E-01    0.278E-01    0.954E-02    0.954E-02    0.000E+00    0.000E+00
    15.000     0.188    0.605E+00    0.329E+00    0.604E+00    0.463E-01    0.635E-01    0.276E-01    0.276E-01    0.944E-02    0.944E-02    0.000E+00    0.000E+00
    15.000     0.189    0.605E+00    0.328E+00    0.598E+00    0.459E-01    0.630E-01    0.274E-01    0.274E-01    0.934E-02    0.934E-02    0.000E+00    0.000E+00
    15.000     0.190    0.605E+00    0.327E+00    0.593E+00    0.456E-01    0.625E-01    0.272E-01    0.272E-01    0.923E-02    0.923E-02    0.000E+00    0.000E+00
    15.000     0.191    0.605E+00    0.326E+00    0.588E+00    0.452E-01    0.620E-01    0.269E-01    0.269E-01    0.913E-02    0.913E-02    0.000E+00    0.000E+00
    15.000     0.192    0.604E+00    0.325E+00    0.582E+00    0.449E-01    0.615E-01    0.267E-01    0.267E-01    0.903E-02    0.903E-02    0.000E+00    0.000E+00
    15.000     0.193    0.604E+00    0.324E+00    0.577E+00    0.446E-01    0.610E-01    0.265E-01    0.265E-01    0.894E-02    0.894E-02    0.000E+00    0.000E+00
    15.000     0.194    0.604E+00    0.323E+00    0.572E+00    0.442E-01    0.605E-01    0.262E-01    0.262E-01    0.884E-02    0.884E-02    0.000E+00    0.000E+00
    15.000     0.195    0.604E+00    0.322E+00    0.567E+00    0.439E-01    0.600E-01    0.260E-01    0.260E-01    0.874E-02    0.874E-02    0.000E+00    0.000E+00
    15.000     0.196    0.603E+00    0.322E+00    0.562E+00    0.436E-01    0.595E-01    0.258E-01    0.258E-01    0.865E-02    0.865E-02    0.000E+00    0.000E+00
    15.000     0.197    0.603E+00    0.321E+00    0.557E+00    0.433E-01    0.590E-01    0.256E-01    0.256E-01    0.855E-02    0.855E-02    0.000E+00    0.000E+00
    15.000     0.198    0.603E+00    0.320E+00    0.552E+00    0.430E-01    0.585E-01    0.254E-01    0.254E-01    0.846E-02    0.846E-02    0.000E+00    0.000E+00
    15.000     0.199    0.602E+00    0.319E+00    0.547E+00    0.427E-01    0.581E-01    0.252E-01    0.252E-01    0.837E-02    0.837E-02    0.000E+00    0.000E+00
    15.000     0.200    0.602E+00    0.318E+00    0.542E+00    0.424E-01    0.576E-01    0.250E-01    0.250E-01    0.828E-02    0.828E-02    0.000E+00    0.000E+00
    15.000     0.201    0.602E+00    0.317E+00    0.538E+00    0.421E-01    0.571E-01    0.247E-01    0.247E-01    0.819E-02    0.819E-02    0.000E+00    0.000E+00
    15.000     0.202    0.601E+00    0.316E+00    0.533E+00    0.418E-01    0.566E-01    0.245E-01    0.245E-01    0.810E-02    0.810E-02    0.624E-19    0.624E-19
    15.000     0.203    0.601E+00    0.315E+00    0.528E+00    0.415E-01    0.562E-01    0.243E-01    0.243E-01    0.801E-02    0.801E-02    0.304E-18    0.304E-18
    15.000     0.204    0.601E+00    0.314E+00    0.523E+00    0.412E-01    0.557E-01    0.241E-01    0.241E-01    0.792E-02    0.792E-02    0.560E-18    0.560E-18
    15.000     0.205    0.600E+00    0.313E+00    0.519E+00    0.409E-01    0.553E-01    0.239E-01    0.239E-01    0.784E-02    0.784E-02    0.827E-18    0.827E-18
    15.000     0.206    0.600E+00    0.312E+00    0.514E+00    0.406E-01    0.548E-01    0.237E-01    0.237E-01    0.775E-02    0.775E-02    0.110E-17    0.110E-17
    15.000     0.207    0.599E+00    0.312E+00    0.510E+00    0.403E-01    0.543E-01    0.235E-01    0.235E-01    0.767E-02    0.767E-02    0.139E-17    0.139E-17
    15.000     0.208    0.599E+00    0.311E+00    0.505E+00    0.400E-01    0.539E-01    0.233E-01    0.233E-01    0.758E-02    0.758E-02    0.167E-17    0.167E-17
    15.000     0.209    0.599E+00    0.310E+00    0.500E+00    0.397E-01    0.535E-01    0.231E-01    0.231E-01    0.750E-02    0.750E-02    0.196E-17    0.196E-17
    15.000     0.210    0.598E+00    0.309E+00    0.496E+00    0.394E-01    0.530E-01    0.229E-01    0.229E-01    0.742E-02    0.742E-02    0.225E-17    0.225E-17
    15.000     0.211    0.598E+00    0.308E+00    0.492E+00    0.391E-01    0.526E-01    0.227E-01    0.227E-01    0.733E-02    0.733E-02    0.254E-17    0.254E-17
    15.000     0.212    0.597E+00    0.307E+00    0.487E+00    0.389E-01    0.521E-01    0.226E-01    0.226E-01    0.725E-02    0.725E-02    0.282E-17    0.282E-17
    15.000     0.213    0.597E+00    0.306E+00    0.483E+00    0.386E-01    0.517E-01    0.224E-01    0.224E-01    0.717E-02    0.717E-02    0.310E-17    0.310E-17
    15.000     0.214    0.596E+00    0.305E+00    0.479E+00    0.383E-01    0.513E-01    0.222E-01    0.222E-01    0.710E-02    0.710E-02    0.336E-17    0.336E-17
    15.000     0.215    0.596E+00    0.304E+00    0.474E+00    0.380E-01    0.508E-01    0.220E-01    0.220E-01    0.702E-02    0.702E-02    0.361E-17    0.361E-17
    15.000     0.216    0.596E+00    0.303E+00    0.470E+00    0.378E-01    0.504E-01    0.218E-01    0.218E-01    0.694E-02    0.694E-02    0.385E-17    0.385E-17
    15.000     0.217    0.595E+00    0.303E+00    0.466E+00    0.375E-01    0.500E-01    0.216E-01    0.216E-01    0.687E-02    0.687E-02    0.407E-17    0.407E-17
    15.000     0.218    0.595E+00    0.302E+00    0.462E+00    0.373E-01    0.496E-01    0.214E-01    0.214E-01    0.679E-02    0.679E-02    0.426E-17    0.426E-17
    15.000     0.219    0.594E+00    0.301E+00    0.458E+00    0.370E-01    0.492E-01    0.213E-01    0.213E-01    0.672E-02    0.672E-02    0.444E-17    0.444E-17
    15.000     0.220    0.593E+00    0.300E+00    0.453E+00    0.367E-01    0.487E-01    0.211E-01    0.211E-01    0.664E-02    0.664E-02    0.432E-17    0.432E-17
    15.000     0.221    0.593E+00    0.299E+00    0.449E+00    0.365E-01    0.483E-01    0.209E-01    0.209E-01    0.657E-02    0.657E-02    0.417E-17    0.417E-17
    15.000     0.222    0.592E+00    0.298E+00    0.445E+00    0.362E-01    0.479E-01    0.207E-01    0.207E-01    0.649E-02    0.649E-02    0.399E-17    0.399E-17
    15.000     0.223    0.592E+00    0.297E+00    0.441E+00    0.360E-01    0.475E-01    0.205E-01    0.205E-01    0.642E-02    0.642E-02    0.379E-17    0.379E-17
    15.000     0.224    0.591E+00    0.296E+00    0.437E+00    0.357E-01    0.471E-01    0.204E-01    0.204E-01    0.635E-02    0.635E-02    0.356E-17    0.356E-17
    15.000     0.225    0.591E+00    0.295E+00    0.433E+00    0.355E-01    0.467E-01    0.202E-01    0.202E-01    0.628E-02    0.628E-02    0.332E-17    0.332E-17
    15.000     0.226    0.590E+00    0.294E+00    0.429E+00    0.352E-01    0.463E-01    0.200E-01    0.200E-01    0.621E-02    0.621E-02    0.307E-17    0.307E-17
    15.000     0.227    0.590E+00    0.293E+00    0.426E+00    0.350E-01    0.459E-01    0.199E-01    0.199E-01    0.614E-02    0.614E-02    0.280E-17    0.280E-17
    15.000     0.228    0.589E+00    0.292E+00    0.422E+00    0.347E-01    0.455E-01    0.197E-01    0.197E-01    0.608E-02    0.608E-02    0.252E-17    0.252E-17
    15.000     0.229    0.588E+00    0.292E+00    0.418E+00    0.345E-01    0.451E-01    0.195E-01    0.195E-01    0.601E-02    0.601E-02    0.223E-17    0.223E-17
    15.000     0.230    0.588E+00    0.291E+00    0.414E+00    0.343E-01    0.448E-01    0.194E-01    0.194E-01    0.594E-02    0.594E-02    0.194E-17    0.194E-17
    15.000     0.231    0.587E+00    0.290E+00    0.410E+00    0.340E-01    0.444E-01    0.192E-01    0.192E-01    0.588E-02    0.588E-02    0.164E-17    0.164E-17
    15.000     0.232    0.587E+00    0.289E+00    0.407E+00    0.338E-01    0.440E-01    0.190E-01    0.190E-01    0.581E-02    0.581E-02    0.135E-17    0.135E-17
    15.000     0.233    0.586E+00    0.288E+00    0.403E+00    0.335E-01    0.436E-01    0.189E-01    0.189E-01    0.575E-02    0.575E-02    0.106E-17    0.106E-17
    15.000     0.234    0.585E+00    0.287E+00    0.399E+00    0.333E-01    0.432E-01    0.187E-01    0.187E-01    0.568E-02    0.568E-02    0.772E-18    0.772E-18
    15.000     0.235    0.585E+00    0.286E+00    0.396E+00    0.331E-01    0.429E-01    0.186E-01    0.186E-01    0.562E-02    0.562E-02    0.497E-18    0.497E-18
    15.000     0.236    0.584E+00    0.285E+00    0.392E+00    0.329E-01    0.425E-01    0.184E-01    0.184E-01    0.556E-02    0.556E-02    0.234E-18    0.234E-18
    15.000     0.237    0.583E+00    0.284E+00    0.389E+00    0.326E-01    0.421E-01    0.183E-01    0.183E-01    0.550E-02    0.550E-02    0.103E-20    0.103E-20
    15.000     0.238    0.583E+00    0.283E+00    0.385E+00    0.324E-01    0.418E-01    0.181E-01    0.181E-01    0.543E-02    0.543E-02    0.318E-19    0.318E-19
    15.000     0.239    0.582E+00    0.282E+00    0.382E+00    0.322E-01    0.414E-01    0.179E-01    0.179E-01    0.537E-02    0.537E-02    0.823E-19    0.823E-19
    15.000     0.240    0.581E+00    0.282E+00    0.378E+00    0.320E-01    0.411E-01    0.178E-01    0.178E-01    0.531E-02    0.531E-02    0.151E-18    0.151E-18
    15.000     0.241    0.580E+00    0.281E+00    0.375E+00    0.317E-01    0.407E-01    0.176E-01    0.176E-01    0.525E-02    0.525E-02    0.236E-18    0.236E-18
    15.000     0.242    0.580E+00    0.280E+00    0.371E+00    0.315E-01    0.404E-01    0.175E-01    0.175E-01    0.519E-02    0.519E-02    0.336E-18    0.336E-18
    15.000     0.243    0.579E+00    0.279E+00    0.368E+00    0.313E-01    0.400E-01    0.173E-01    0.173E-01    0.514E-02    0.514E-02    0.450E-18    0.450E-18
    15.000     0.244    0.578E+00    0.278E+00    0.364E+00    0.311E-01    0.397E-01    0.172E-01    0.172E-01    0.508E-02    0.508E-02    0.575E-18    0.575E-18
    15.000     0.245    0.578E+00    0.277E+00    0.361E+00    0.309E-01    0.393E-01    0.171E-01    0.171E-01    0.502E-02    0.502E-02    0.709E-18    0.709E-18
    15.000     0.246    0.577E+00    0.276E+00    0.358E+00    0.307E-01    0.390E-01    0.169E-01    0.169E-01    0.497E-02    0.497E-02    0.852E-18    0.852E-18
    15.000     0.247    0.576E+00    0.275E+00    0.355E+00    0.305E-01    0.386E-01    0.168E-01    0.168E-01    0.491E-02    0.491E-02    0.100E-17    0.100E-17
    15.000     0.248    0.575E+00    0.274E+00    0.351E+00    0.302E-01    0.383E-01    0.166E-01    0.166E-01    0.485E-02    0.485E-02    0.115E-17    0.115E-17
    15.000     0.249    0.575E+00    0.273E+00    0.348E+00    0.300E-01    0.380E-01    0.165E-01    0.165E-01    0.480E-02    0.480E-02    0.131E-17    0.131E-17
    15.000     0.250    0.574E+00    0.272E+00    0.345E+00    0.298E-01    0.376E-01    0.163E-01    0.163E-01    0.475E-02    0.475E-02    0.147E-17    0.147E-17
    15.000     0.251    0.573E+00    0.271E+00    0.342E+00    0.296E-01    0.373E-01    0.162E-01    0.162E-01    0.469E-02    0.469E-02    0.162E-17    0.162E-17
    15.000     0.252    0.572E+00    0.271E+00    0.339E+00    0.294E-01    0.370E-01    0.161E-01    0.161E-01    0.464E-02    0.464E-02    0.177E-17    0.177E-17
    15.000     0.253    0.571E+00    0.270E+00    0.335E+00    0.292E-01    0.367E-01    0.159E-01    0.159E-01    0.459E-02    0.459E-02    0.192E-17    0.192E-17
    15.000     0.254    0.571E+00    0.269E+00    0.332E+00    0.290E-01    0.363E-01    0.158E-01    0.158E-01    0.454E-02    0.454E-02    0.206E-17    0.206E-17
    15.000     0.255    0.570E+00    0.268E+00    0.329E+00    0.288E-01    0.360E-01    0.157E-01    0.157E-01    0.448E-02    0.448E-02    0.219E-17    0.219E-17
    15.000     0.256    0.569E+00    0.267E+00    0.326E+00    0.286E-01    0.357E-01    0.155E-01    0.155E-01    0.443E-02    0.443E-02    0.218E-17    0.218E-17
    15.000     0.257    0.568E+00    0.266E+00    0.323E+00    0.284E-01    0.354E-01    0.154E-01    0.154E-01    0.438E-02    0.438E-02    0.212E-17    0.212E-17
    15.000     0.258    0.567E+00    0.265E+00    0.320E+00    0.282E-01    0.351E-01    0.153E-01    0.153E-01    0.433E-02    0.433E-02    0.204E-17    0.204E-17
    15.000     0.259    0.566E+00    0.264E+00    0.317E+00    0.280E-01    0.348E-01    0.151E-01    0.151E-01    0.428E-02    0.428E-02    0.195E-17    0.195E-17
    15.000     0.260    0.565E+00    0.263E+00    0.314E+00    0.278E-01    0.345E-01    0.150E-01    0.150E-01    0.424E-02    0.424E-02    0.186E-17    0.186E-17
    15.000     0.261    0.565E+00    0.262E+00    0.311E+00    0.276E-01    0.342E-01    0.149E-01    0.149E-01    0.419E-02    0.419E-02    0.175E-17    0.175E-17
    15.000     0.262    0.564E+00    0.261E+00    0.308E+00    0.274E-01    0.339E-01    0.147E-01    0.147E-01    0.414E-02    0.414E-02    0.163E-17    0.163E-17
    15.000     0.263    0.563E+00    0.260E+00    0.306E+00    0.273E-01    0.336E-01    0.146E-01    0.146E-01    0.409E-02    0.409E-02    0.151E-17    0.151E-17
    15.000     0.264    0.562E+00    0.260E+00    0.303E+00    0.271E-01    0.333E-01    0.145E-01    0.145E-01    0.405E-02    0.405E-02    0.138E-17    0.138E-17
    15.000     0.265    0.561E+00    0.259E+00    0.300E+00    0.269E-01    0.330E-01    0.144E-01    0.144E-01    0.400E-02    0.400E-02    0.125E-17    0.125E-17
    15.000     0.266    0.560E+00    0.258E+00    0.297E+00    0.267E-01    0.327E-01    0.142E-01    0.142E-01    0.395E-02    0.395E-02    0.111E-17    0.111E-17
    15.000     0.267    0.559E+00    0.257E+00    0.294E+00    0.265E-01    0.324E-01    0.141E-01    0.141E-01    0.391E-02    0.391E-02    0.973E-18    0.973E-18
    15.000     0.268    0.558E+00    0.256E+00    0.292E+00    0.263E-01    0.321E-01    0.140E-01    0.140E-01    0.387E-02    0.387E-02    0.830E-18    0.830E-18
    15.000     0.269    0.557E+00    0.255E+00    0.289E+00    0.261E-01    0.318E-01    0.139E-01    0.139E-01    0.382E-02    0.382E-02    0.687E-18    0.687E-18
    15.000     0.270    0.556E+00    0.254E+00    0.286E+00    0.260E-01    0.315E-01    0.138E-01    0.138E-01    0.378E-02    0.378E-02    0.543E-18    0.543E-18
    15.000     0.271    0.556E+00    0.253E+00    0.284E+00    0.258E-01    0.313E-01    0.136E-01    0.136E-01    0.373E-02    0.373E-02    0.400E-18    0.400E-18
    15.000     0.272    0.555E+00    0.252E+00    0.281E+00    0.256E-01    0.310E-01    0.135E-01    0.135E-01    0.369E-02    0.369E-02    0.260E-18    0.260E-18
    15.000     0.273    0.554E+00    0.251E+00    0.278E+00    0.254E-01    0.307E-01    0.134E-01    0.134E-01    0.365E-02    0.365E-02    0.123E-18    0.123E-18
    15.000     0.274    0.553E+00    0.250E+00    0.276E+00    0.252E-01    0.304E-01    0.133E-01    0.133E-01    0.361E-02    0.361E-02    0.000E+00    0.000E+00
    15.000     0.275    0.552E+00    0.249E+00    0.273E+00    0.251E-01    0.302E-01    0.132E-01    0.132E-01    0.357E-02    0.357E-02    0.000E+00    0.000E+00
    15.000     0.276    0.551E+00    0.249E+00    0.270E+00    0.249E-01    0.299E-01    0.131E-01    0.131E-01    0.352E-02    0.352E-02    0.000E+00    0.000E+00
    15.000     0.277    0.550E+00    0.248E+00    0.268E+00    0.247E-01    0.296E-01    0.130E-01    0.130E-01    0.348E-02    0.348E-02    0.000E+00    0.000E+00
    15.000     0.278    0.549E+00    0.247E+00    0.265E+00    0.245E-01    0.294E-01    0.128E-01    0.128E-01    0.344E-02    0.344E-02    0.000E+00    0.000E+00
    15.000     0.279    0.548E+00    0.246E+00    0.263E+00    0.244E-01    0.291E-01    0.127E-01    0.127E-01    0.340E-02    0.340E-02    0.000E+00    0.000E+00
    15.000     0.280    0.547E+00    0.245E+00    0.260E+00    0.242E-01    0.289E-01    0.126E-01    0.126E-01    0.336E-02    0.336E-02    0.000E+00    0.000E+00
    15.000     0.281    0.546E+00    0.244E+00    0.258E+00    0.240E-01    0.286E-01    0.125E-01    0.125E-01    0.333E-02    0.333E-02    0.000E+00    0.000E+00
    15.000     0.282    0.545E+00    0.243E+00    0.255E+00    0.239E-01    0.283E-01    0.124E-01    0.124E-01    0.329E-02    0.329E-02    0.000E+00    0.000E+00
    15.000     0.283    0.544E+00    0.242E+00    0.253E+00    0.237E-01    0.281E-01    0.123E-01    0.123E-01    0.325E-02    0.325E-02    0.000E+00    0.000E+00
    15.000     0.284    0.543E+00    0.241E+00    0.251E+00    0.235E-01    0.278E-01    0.122E-01    0.122E-01    0.321E-02    0.321E-02    0.000E+00    0.000E+00
    15.000     0.285    0.542E+00    0.240E+00    0.248E+00    0.233E-01    0.276E-01    0.121E-01    0.121E-01    0.317E-02    0.317E-02    0.000E+00    0.000E+00
    15.000     0.286    0.541E+00    0.239E+00    0.246E+00    0.232E-01    0.273E-01    0.120E-01    0.120E-01    0.314E-02    0.314E-02    0.000E+00    0.000E+00
    15.000     0.287    0.540E+00    0.238E+00    0.244E+00    0.230E-01    0.271E-01    0.119E-01    0.119E-01    0.310E-02    0.310E-02    0.000E+00    0.000E+00
    15.000     0.288    0.539E+00    0.238E+00    0.241E+00    0.229E-01    0.269E-01    0.118E-01    0.118E-01    0.306E-02    0.306E-02    0.000E+00    0.000E+00
    15.000     0.289    0.538E+00    0.237E+00    0.239E+00    0.227E-01    0.266E-01    0.117E-01    0.117E-01    0.303E-02    0.303E-02    0.000E+00    0.000E+00
    15.000     0.290    0.536E+00    0.236E+00    0.237E+00    0.225E-01    0.264E-01    0.116E-01    0.116E-01    0.299E-02    0.299E-02    0.000E+00    0.000E+00
    15.000     0.291    0.535E+00    0.235E+00    0.234E+00    0.224E-01    0.261E-01    0.115E-01    0.115E-01    0.296E-02    0.296E-02    0.000E+00    0.000E+00
    15.000     0.292    0.534E+00    0.234E+00    0.232E+00    0.222E-01    0.259E-01    0.114E-01    0.114E-01    0.292E-02    0.292E-02    0.000E+00    0.000E+00
    15.000     0.293    0.533E+00    0.233E+00    0.230E+00    0.220E-01    0.257E-01    0.113E-01    0.113E-01    0.289E-02    0.289E-02    0.000E+00    0.000E+00
    15.000     0.294    0.532E+00    0.232E+00    0.228E+00    0.219E-01    0.254E-01    0.112E-01    0.112E-01    0.286E-02    0.286E-02    0.000E+00    0.000E+00
    15.000     0.295    0.531E+00    0.231E+00    0.226E+00    0.217E-01    0.252E-01    0.111E-01    0.111E-01    0.282E-02    0.282E-02    0.000E+00    0.000E+00
    15.000     0.296    0.530E+00    0.230E+00    0.223E+00    0.216E-01    0.250E-01    0.110E-01    0.110E-01    0.279E-02    0.279E-02    0.000E+00    0.000E+00
    15.000     0.297    0.529E+00    0.229E+00    0.221E+00    0.214E-01    0.248E-01    0.109E-01    0.109E-01    0.276E-02    0.276E-02    0.000E+00    0.000E+00
    15.000     0.298    0.528E+00    0.229E+00    0.219E+00    0.213E-01    0.245E-01    0.108E-01    0.108E-01    0.272E-02    0.272E-02    0.000E+00    0.000E+00
    15.000     0.299    0.527E+00    0.228E+00    0.217E+00    0.211E-01    0.243E-01    0.107E-01    0.107E-01    0.269E-02    0.269E-02    0.000E+00    0.000E+00
    15.000     0.300    0.526E+00    0.227E+00    0.215E+00    0.210E-01    0.241E-01    0.106E-01    0.106E-01    0.266E-02    0.266E-02    0.000E+00    0.000E+00
    15.000     0.301    0.524E+00    0.226E+00    0.213E+00    0.208E-01    0.239E-01    0.105E-01    0.105E-01    0.263E-02    0.263E-02    0.000E+00    0.000E+00
    15.000     0.302    0.523E+00    0.225E+00    0.211E+00    0.207E-01    0.237E-01    0.104E-01    0.104E-01    0.260E-02    0.260E-02    0.000E+00    0.000E+00
    15.000     0.303    0.522E+00    0.224E+00    0.209E+00    0.205E-01    0.235E-01    0.103E-01    0.103E-01    0.257E-02    0.257E-02    0.000E+00    0.000E+00
    15.000     0.304    0.521E+00    0.223E+00    0.207E+00    0.204E-01    0.232E-01    0.102E-01    0.102E-01    0.254E-02    0.254E-02    0.000E+00    0.000E+00
    15.000     0.305    0.520E+00    0.222E+00    0.205E+00    0.202E-01    0.230E-01    0.102E-01    0.102E-01    0.251E-02    0.251E-02    0.000E+00    0.000E+00
    15.000     0.306    0.519E+00    0.221E+00    0.203E+00    0.201E-01    0.228E-01    0.101E-01    0.101E-01    0.248E-02    0.248E-02    0.000E+00    0.000E+00
    15.000     0.307    0.518E+00    0.220E+00    0.201E+00    0.199E-01    0.226E-01    0.997E-02    0.997E-02    0.245E-02    0.245E-02    0.000E+00    0.000E+00
    15.000     0.308    0.516E+00    0.219E+00    0.199E+00    0.198E-01    0.224E-01    0.989E-02    0.989E-02    0.242E-02    0.242E-02    0.000E+00    0.000E+00
    15.000     0.309    0.515E+00    0.219E+00    0.197E+00    0.196E-01    0.222E-01    0.980E-02    0.980E-02    0.239E-02    0.239E-02    0.000E+00    0.000E+00
    15.000     0.310    0.514E+00    0.218E+00    0.195E+00    0.195E-01    0.220E-01    0.971E-02    0.971E-02    0.236E-02    0.236E-02    0.000E+00    0.000E+00
    15.000     0.311    0.513E+00    0.217E+00    0.193E+00    0.193E-01    0.218E-01    0.963E-02    0.963E-02    0.233E-02    0.233E-02    0.000E+00    0.000E+00
    15.000     0.312    0.512E+00    0.216E+00    0.191E+00    0.192E-01    0.216E-01    0.954E-02    0.954E-02    0.230E-02    0.230E-02    0.000E+00    0.000E+00
    15.000     0.313    0.511E+00    0.215E+00    0.189E+00    0.190E-01    0.214E-01    0.946E-02    0.946E-02    0.228E-02    0.228E-02    0.200E-18    0.200E-18
    15.000     0.314    0.509E+00    0.214E+00    0.187E+00    0.189E-01    0.212E-01    0.938E-02    0.938E-02    0.225E-02    0.225E-02    0.517E-18    0.517E-18
    15.000     0.315    0.508E+00    0.213E+00    0.185E+00    0.188E-01    0.210E-01    0.929E-02    0.929E-02    0.222E-02    0.222E-02    0.849E-18    0.849E-18
    15.000     0.316    0.507E+00    0.212E+00    0.184E+00    0.186E-01    0.209E-01    0.921E-02    0.921E-02    0.220E-02    0.220E-02    0.119E-17    0.119E-17
    15.000     0.317    0.506E+00    0.211E+00    0.182E+00    0.185E-01    0.207E-01    0.913E-02    0.913E-02    0.217E-02    0.217E-02    0.155E-17    0.155E-17
    15.000     0.318    0.505E+00    0.211E+00    0.180E+00    0.183E-01    0.205E-01    0.905E-02    0.905E-02    0.214E-02    0.214E-02    0.191E-17    0.191E-17
    15.000     0.319    0.503E+00    0.210E+00    0.178E+00    0.182E-01    0.203E-01    0.897E-02    0.897E-02    0.212E-02    0.212E-02    0.229E-17    0.229E-17
    15.000     0.320    0.502E+00    0.209E+00    0.177E+00    0.181E-01    0.201E-01    0.889E-02    0.889E-02    0.209E-02    0.209E-02    0.266E-17    0.266E-17
    15.000     0.321    0.501E+00    0.208E+00    0.175E+00    0.179E-01    0.199E-01    0.881E-02    0.881E-02    0.207E-02    0.207E-02    0.304E-17    0.304E-17
    15.000     0.322    0.500E+00    0.207E+00    0.173E+00    0.178E-01    0.197E-01    0.873E-02    0.873E-02    0.204E-02    0.204E-02    0.341E-17    0.341E-17
    15.000     0.323    0.499E+00    0.206E+00    0.171E+00    0.177E-01    0.196E-01    0.865E-02    0.865E-02    0.202E-02    0.202E-02    0.379E-17    0.379E-17
    15.000     0.324    0.497E+00    0.205E+00    0.170E+00    0.175E-01    0.194E-01    0.858E-02    0.858E-02    0.199E-02    0.199E-02    0.416E-17    0.416E-17
    15.000     0.325    0.496E+00    0.204E+00    0.168E+00    0.174E-01    0.192E-01    0.850E-02    0.850E-02    0.197E-02    0.197E-02    0.452E-17    0.452E-17
    15.000     0.326    0.495E+00    0.203E+00    0.166E+00    0.173E-01    0.190E-01    0.842E-02    0.842E-02    0.194E-02    0.194E-02    0.487E-17    0.487E-17
    15.000     0.327    0.494E+00    0.202E+00    0.165E+00    0.171E-01    0.189E-01    0.835E-02    0.835E-02    0.192E-02    0.192E-02    0.521E-17    0.521E-17
    15.000     0.328    0.492E+00    0.202E+00    0.163E+00    0.170E-01    0.187E-01    0.828E-02    0.828E-02    0.190E-02    0.190E-02    0.554E-17    0.554E-17
    15.000     0.329    0.491E+00    0.201E+00    0.161E+00    0.169E-01    0.185E-01    0.820E-02    0.820E-02    0.187E-02    0.187E-02    0.585E-17    0.585E-17
    15.000     0.330    0.490E+00    0.200E+00    0.160E+00    0.167E-01    0.184E-01    0.813E-02    0.813E-02    0.185E-02    0.185E-02    0.614E-17    0.614E-17
    15.000     0.331    0.489E+00    0.199E+00    0.158E+00    0.166E-01    0.182E-01    0.806E-02    0.806E-02    0.183E-02    0.183E-02    0.641E-17    0.641E-17
    15.000     0.332    0.487E+00    0.198E+00    0.157E+00    0.165E-01    0.180E-01    0.798E-02    0.798E-02    0.181E-02    0.181E-02    0.665E-17    0.665E-17
    15.000     0.333    0.486E+00    0.197E+00    0.155E+00    0.163E-01    0.179E-01    0.791E-02    0.791E-02    0.179E-02    0.179E-02    0.658E-17    0.658E-17
    15.000     0.334    0.485E+00    0.196E+00    0.153E+00    0.162E-01    0.177E-01    0.784E-02    0.784E-02    0.176E-02    0.176E-02    0.647E-17    0.647E-17
    15.000     0.335    0.484E+00    0.195E+00    0.152E+00    0.161E-01    0.175E-01    0.777E-02    0.777E-02    0.174E-02    0.174E-02    0.633E-17    0.633E-17
    15.000     0.336    0.482E+00    0.195E+00    0.150E+00    0.160E-01    0.174E-01    0.770E-02    0.770E-02    0.172E-02    0.172E-02    0.618E-17    0.618E-17
    15.000     0.337    0.481E+00    0.194E+00    0.149E+00    0.158E-01    0.172E-01    0.763E-02    0.763E-02    0.170E-02    0.170E-02    0.600E-17    0.600E-17
    15.000     0.338    0.480E+00    0.193E+00    0.147E+00    0.157E-01    0.171E-01    0.756E-02    0.756E-02    0.168E-02    0.168E-02    0.580E-17    0.580E-17
    15.000     0.339    0.478E+00    0.192E+00    0.146E+00    0.156E-01    0.169E-01    0.749E-02    0.749E-02    0.166E-02    0.166E-02    0.558E-17    0.558E-17
    15.000     0.340    0.477E+00    0.191E+00    0.144E+00    0.155E-01    0.167E-01    0.743E-02    0.743E-02    0.164E-02    0.164E-02    0.535E-17    0.535E-17
    15.000     0.341    0.476E+00    0.190E+00    0.143E+00    0.153E-01    0.166E-01    0.736E-02    0.736E-02    0.162E-02    0.162E-02    0.511E-17    0.511E-17
    15.000     0.342    0.475E+00    0.189E+00    0.141E+00    0.152E-01    0.164E-01    0.729E-02    0.729E-02    0.160E-02    0.160E-02    0.485E-17    0.485E-17
    15.000     0.343    0.473E+00    0.188E+00    0.140E+00    0.151E-01    0.163E-01    0.723E-02    0.723E-02    0.158E-02    0.158E-02    0.459E-17    0.459E-17
    15.000     0.344    0.472E+00    0.188E+00    0.139E+00    0.150E-01    0.161E-01    0.716E-02    0.716E-02    0.156E-02    0.156E-02    0.432E-17    0.432E-17
    15.000     0.345    0.471E+00    0.187E+00    0.137E+00    0.149E-01    0.160E-01    0.710E-02    0.710E-02    0.154E-02    0.154E-02    0.405E-17    0.405E-17
    15.000     0.346    0.469E+00    0.186E+00    0.136E+00    0.147E-01    0.159E-01    0.703E-02    0.703E-02    0.152E-02    0.152E-02    0.377E-17    0.377E-17
    15.000     0.347    0.468E+00    0.185E+00    0.134E+00    0.146E-01    0.157E-01    0.697E-02    0.697E-02    0.150E-02    0.150E-02    0.350E-17    0.350E-17
    15.000     0.348    0.467E+00    0.184E+00    0.133E+00    0.145E-01    0.156E-01    0.690E-02    0.690E-02    0.148E-02    0.148E-02    0.323E-17    0.323E-17
    15.000     0.349    0.465E+00    0.183E+00    0.132E+00    0.144E-01    0.154E-01    0.684E-02    0.684E-02    0.146E-02    0.146E-02    0.296E-17    0.296E-17
    15.000     0.350    0.464E+00    0.182E+00    0.130E+00    0.143E-01    0.153E-01    0.678E-02    0.678E-02    0.144E-02    0.144E-02    0.270E-17    0.270E-17
    15.000     0.351    0.463E+00    0.181E+00    0.129E+00    0.142E-01    0.151E-01    0.672E-02    0.672E-02    0.143E-02    0.143E-02    0.246E-17    0.246E-17
    15.000     0.352    0.461E+00    0.181E+00    0.128E+00    0.141E-01    0.150E-01    0.666E-02    0.666E-02    0.141E-02    0.141E-02    0.222E-17    0.222E-17
    15.000     0.353    0.460E+00    0.180E+00    0.126E+00    0.139E-01    0.149E-01    0.660E-02    0.660E-02    0.139E-02    0.139E-02    0.225E-17    0.225E-17
    15.000     0.354    0.459E+00    0.179E+00    0.125E+00    0.138E-01    0.147E-01    0.654E-02    0.654E-02    0.137E-02    0.137E-02    0.230E-17    0.230E-17
    15.000     0.355    0.457E+00    0.178E+00    0.124E+00    0.137E-01    0.146E-01    0.648E-02    0.648E-02    0.136E-02    0.136E-02    0.236E-17    0.236E-17
    15.000     0.356    0.456E+00    0.177E+00    0.122E+00    0.136E-01    0.145E-01    0.642E-02    0.642E-02    0.134E-02    0.134E-02    0.243E-17    0.243E-17
    15.000     0.357    0.455E+00    0.176E+00    0.121E+00    0.135E-01    0.143E-01    0.636E-02    0.636E-02    0.132E-02    0.132E-02    0.252E-17    0.252E-17
    15.000     0.358    0.453E+00    0.175E+00    0.120E+00    0.134E-01    0.142E-01    0.630E-02    0.630E-02    0.131E-02    0.131E-02    0.262E-17    0.262E-17
    15.000     0.359    0.452E+00    0.175E+00    0.119E+00    0.133E-01    0.141E-01    0.624E-02    0.624E-02    0.129E-02    0.129E-02    0.273E-17    0.273E-17
    15.000     0.360    0.451E+00    0.174E+00    0.117E+00    0.132E-01    0.139E-01    0.618E-02    0.618E-02    0.127E-02    0.127E-02    0.284E-17    0.284E-17
    15.000     0.361    0.449E+00    0.173E+00    0.116E+00    0.131E-01    0.138E-01    0.613E-02    0.613E-02    0.126E-02    0.126E-02    0.297E-17    0.297E-17
    15.000     0.362    0.448E+00    0.172E+00    0.115E+00    0.129E-01    0.137E-01    0.607E-02    0.607E-02    0.124E-02    0.124E-02    0.310E-17    0.310E-17
    15.000     0.363    0.447E+00    0.171E+00    0.114E+00    0.128E-01    0.136E-01    0.601E-02    0.601E-02    0.123E-02    0.123E-02    0.323E-17    0.323E-17
    15.000     0.364    0.445E+00    0.170E+00    0.113E+00    0.127E-01    0.134E-01    0.596E-02    0.596E-02    0.121E-02    0.121E-02    0.337E-17    0.337E-17
    15.000     0.365    0.444E+00    0.170E+00    0.111E+00    0.126E-01    0.133E-01    0.590E-02    0.590E-02    0.119E-02    0.119E-02    0.351E-17    0.351E-17
    15.000     0.366    0.443E+00    0.169E+00    0.110E+00    0.125E-01    0.132E-01    0.585E-02    0.585E-02    0.118E-02    0.118E-02    0.364E-17    0.364E-17
    15.000     0.367    0.441E+00    0.168E+00    0.109E+00    0.124E-01    0.131E-01    0.579E-02    0.579E-02    0.116E-02    0.116E-02    0.378E-17    0.378E-17
    15.000     0.368    0.440E+00    0.167E+00    0.108E+00    0.123E-01    0.129E-01    0.574E-02    0.574E-02    0.115E-02    0.115E-02    0.392E-17    0.392E-17
    15.000     0.369    0.439E+00    0.166E+00    0.107E+00    0.122E-01    0.128E-01    0.569E-02    0.569E-02    0.113E-02    0.113E-02    0.405E-17    0.405E-17
    15.000     0.370    0.437E+00    0.165E+00    0.106E+00    0.121E-01    0.127E-01    0.563E-02    0.563E-02    0.112E-02    0.112E-02    0.418E-17    0.418E-17
    15.000     0.371    0.436E+00    0.164E+00    0.105E+00    0.120E-01    0.126E-01    0.558E-02    0.558E-02    0.111E-02    0.111E-02    0.430E-17    0.430E-17
    15.000     0.372    0.434E+00    0.164E+00    0.103E+00    0.119E-01    0.125E-01    0.553E-02    0.553E-02    0.109E-02    0.109E-02    0.441E-17    0.441E-17
    15.000     0.373    0.433E+00    0.163E+00    0.102E+00    0.118E-01    0.123E-01    0.548E-02    0.548E-02    0.108E-02    0.108E-02    0.441E-17    0.441E-17
    15.000     0.374    0.432E+00    0.162E+00    0.101E+00    0.117E-01    0.122E-01    0.543E-02    0.543E-02    0.106E-02    0.106E-02    0.437E-17    0.437E-17
    15.000     0.375    0.430E+00    0.161E+00    0.100E+00    0.116E-01    0.121E-01    0.538E-02    0.538E-02    0.105E-02    0.105E-02    0.432E-17    0.432E-17
    15.000     0.376    0.429E+00    0.160E+00    0.992E-01    0.115E-01    0.120E-01    0.533E-02    0.533E-02    0.104E-02    0.104E-02    0.425E-17    0.425E-17
    15.000     0.377    0.428E+00    0.159E+00    0.981E-01    0.114E-01    0.119E-01    0.528E-02    0.528E-02    0.102E-02    0.102E-02    0.418E-17    0.418E-17
    15.000     0.378    0.426E+00    0.159E+00    0.971E-01    0.113E-01    0.118E-01    0.523E-02    0.523E-02    0.101E-02    0.101E-02    0.410E-17    0.410E-17
    15.000     0.379    0.425E+00    0.158E+00    0.960E-01    0.112E-01    0.117E-01    0.518E-02    0.518E-02    0.996E-03    0.996E-03    0.401E-17    0.401E-17
    15.000     0.380    0.423E+00    0.157E+00    0.950E-01    0.111E-01    0.116E-01    0.513E-02    0.513E-02    0.983E-03    0.983E-03    0.391E-17    0.391E-17
    15.000     0.381    0.422E+00    0.156E+00    0.940E-01    0.110E-01    0.115E-01    0.508E-02    0.508E-02    0.971E-03    0.971E-03    0.381E-17    0.381E-17
    15.000     0.382    0.421E+00    0.155E+00    0.930E-01    0.109E-01    0.114E-01    0.503E-02    0.503E-02    0.958E-03    0.958E-03    0.370E-17    0.370E-17
    15.000     0.383    0.419E+00    0.155E+00    0.920E-01    0.108E-01    0.112E-01    0.498E-02    0.498E-02    0.945E-03    0.945E-03    0.358E-17    0.358E-17
    15.000     0.384    0.418E+00    0.154E+00    0.910E-01    0.107E-01    0.111E-01    0.494E-02    0.494E-02    0.933E-03    0.933E-03    0.346E-17    0.346E-17
    15.000     0.385    0.416E+00    0.153E+00    0.900E-01    0.107E-01    0.110E-01    0.489E-02    0.489E-02    0.921E-03    0.921E-03    0.333E-17    0.333E-17
    15.000     0.386    0.415E+00    0.152E+00    0.890E-01    0.106E-01    0.109E-01    0.484E-02    0.484E-02    0.909E-03    0.909E-03    0.320E-17    0.320E-17
    15.000     0.387    0.414E+00    0.151E+00    0.881E-01    0.105E-01    0.108E-01    0.480E-02    0.480E-02    0.897E-03    0.897E-03    0.306E-17    0.306E-17
    15.000     0.388    0.412E+00    0.150E+00    0.871E-01    0.104E-01    0.107E-01    0.475E-02    0.475E-02    0.885E-03    0.885E-03    0.292E-17    0.292E-17
    15.000     0.389    0.411E+00    0.150E+00    0.862E-01    0.103E-01    0.106E-01    0.471E-02    0.471E-02    0.874E-03    0.874E-03    0.278E-17    0.278E-17
    15.000     0.390    0.410E+00    0.149E+00    0.853E-01    0.102E-01    0.105E-01    0.466E-02    0.466E-02    0.862E-03    0.862E-03    0.263E-17    0.263E-17
    15.000     0.391    0.408E+00    0.148E+00    0.843E-01    0.101E-01    0.104E-01    0.462E-02    0.462E-02    0.851E-03    0.851E-03    0.248E-17    0.248E-17
    15.000     0.392    0.407E+00    0.147E+00    0.834E-01    0.100E-01    0.103E-01    0.457E-02    0.457E-02    0.840E-03    0.840E-03    0.233E-17    0.233E-17
    15.000     0.393    0.405E+00    0.146E+00    0.825E-01    0.993E-02    0.102E-01    0.453E-02    0.453E-02    0.829E-03    0.829E-03    0.219E-17    0.219E-17
    15.000     0.394    0.404E+00    0.146E+00    0.816E-01    0.984E-02    0.101E-01    0.449E-02    0.449E-02    0.818E-03    0.818E-03    0.207E-17    0.207E-17
    15.000     0.395    0.403E+00    0.145E+00    0.807E-01    0.975E-02    0.100E-01    0.444E-02    0.444E-02    0.807E-03    0.807E-03    0.195E-17    0.195E-17
    15.000     0.396    0.401E+00    0.144E+00    0.799E-01    0.967E-02    0.995E-02    0.440E-02    0.440E-02    0.796E-03    0.796E-03    0.182E-17    0.182E-17
    15.000     0.397    0.400E+00    0.143E+00    0.790E-01    0.958E-02    0.985E-02    0.436E-02    0.436E-02    0.785E-03    0.785E-03    0.170E-17    0.170E-17
    15.000     0.398    0.398E+00    0.142E+00    0.781E-01    0.950E-02    0.976E-02    0.432E-02    0.432E-02    0.775E-03    0.775E-03    0.158E-17    0.158E-17
    15.000     0.399    0.397E+00    0.142E+00    0.773E-01    0.941E-02    0.967E-02    0.427E-02    0.427E-02    0.765E-03    0.765E-03    0.146E-17    0.146E-17
    15.000     0.400    0.395E+00    0.141E+00    0.764E-01    0.933E-02    0.958E-02    0.423E-02    0.423E-02    0.754E-03    0.754E-03    0.134E-17    0.134E-17
    15.000     0.401    0.394E+00    0.140E+00    0.756E-01    0.924E-02    0.948E-02    0.419E-02    0.419E-02    0.744E-03    0.744E-03    0.122E-17    0.122E-17
    15.000     0.402    0.393E+00    0.139E+00    0.747E-01    0.916E-02    0.939E-02    0.415E-02    0.415E-02    0.734E-03    0.734E-03    0.111E-17    0.111E-17
    15.000     0.403    0.391E+00    0.138E+00    0.739E-01    0.908E-02    0.930E-02    0.411E-02    0.411E-02    0.725E-03    0.725E-03    0.997E-18    0.997E-18
    15.000     0.404    0.390E+00    0.138E+00    0.731E-01    0.900E-02    0.922E-02    0.407E-02    0.407E-02    0.715E-03    0.715E-03    0.886E-18    0.886E-18
    15.000     0.405    0.388E+00    0.137E+00    0.723E-01    0.892E-02    0.913E-02    0.403E-02    0.403E-02    0.705E-03    0.705E-03    0.778E-18    0.778E-18
    15.000     0.406    0.387E+00    0.136E+00    0.715E-01    0.884E-02    0.904E-02    0.399E-02    0.399E-02    0.696E-03    0.696E-03    0.673E-18    0.673E-18
    15.000     0.407    0.386E+00    0.135E+00    0.707E-01    0.876E-02    0.896E-02    0.395E-02    0.395E-02    0.686E-03    0.686E-03    0.571E-18    0.571E-18
    15.000     0.408    0.384E+00    0.135E+00    0.699E-01    0.868E-02    0.887E-02    0.392E-02    0.392E-02    0.677E-03    0.677E-03    0.473E-18    0.473E-18
    15.000     0.409    0.383E+00    0.134E+00    0.691E-01    0.860E-02    0.878E-02    0.388E-02    0.388E-02    0.668E-03    0.668E-03    0.378E-18    0.378E-18
    15.000     0.410    0.381E+00    0.133E+00    0.684E-01    0.852E-02    0.870E-02    0.384E-02    0.384E-02    0.659E-03    0.659E-03    0.287E-18    0.287E-18
    15.000     0.411    0.380E+00    0.132E+00    0.676E-01    0.844E-02    0.862E-02    0.380E-02    0.380E-02    0.650E-03    0.650E-03    0.200E-18    0.200E-18
    15.000     0.412    0.379E+00    0.131E+00    0.669E-01    0.836E-02    0.854E-02    0.376E-02    0.376E-02    0.641E-03    0.641E-03    0.117E-18    0.117E-18
    15.000     0.413    0.377E+00    0.131E+00    0.661E-01    0.829E-02    0.845E-02    0.373E-02    0.373E-02    0.633E-03    0.633E-03    0.395E-19    0.395E-19
    15.000     0.414    0.376E+00    0.130E+00    0.654E-01    0.821E-02    0.837E-02    0.369E-02    0.369E-02    0.624E-03    0.624E-03    0.000E+00    0.000E+00
    15.000     0.415    0.374E+00    0.129E+00    0.646E-01    0.814E-02    0.829E-02    0.365E-02    0.365E-02    0.616E-03    0.616E-03    0.000E+00    0.000E+00
    15.000     0.416    0.373E+00    0.128E+00    0.639E-01    0.806E-02    0.821E-02    0.362E-02    0.362E-02    0.607E-03    0.607E-03    0.000E+00    0.000E+00
    15.000     0.417    0.372E+00    0.128E+00    0.632E-01    0.799E-02    0.813E-02    0.358E-02    0.358E-02    0.599E-03    0.599E-03    0.000E+00    0.000E+00
    15.000     0.418    0.370E+00    0.127E+00    0.625E-01    0.791E-02    0.805E-02    0.355E-02    0.355E-02    0.591E-03    0.591E-03    0.000E+00    0.000E+00
    15.000     0.419    0.369E+00    0.126E+00    0.618E-01    0.784E-02    0.798E-02    0.351E-02    0.351E-02    0.582E-03    0.582E-03    0.000E+00    0.000E+00
    15.000     0.420    0.367E+00    0.125E+00    0.611E-01    0.777E-02    0.790E-02    0.348E-02    0.348E-02    0.574E-03    0.574E-03    0.000E+00    0.000E+00
    15.000     0.421    0.366E+00    0.125E+00    0.604E-01    0.769E-02    0.782E-02    0.344E-02    0.344E-02    0.567E-03    0.567E-03    0.000E+00    0.000E+00
    15.000     0.422    0.365E+00    0.124E+00    0.597E-01    0.762E-02    0.775E-02    0.341E-02    0.341E-02    0.559E-03    0.559E-03    0.000E+00    0.000E+00
    15.000     0.423    0.363E+00    0.123E+00    0.590E-01    0.755E-02    0.767E-02    0.337E-02    0.337E-02    0.551E-03    0.551E-03    0.000E+00    0.000E+00
    15.000     0.424    0.362E+00    0.122E+00    0.584E-01    0.748E-02    0.760E-02    0.334E-02    0.334E-02    0.543E-03    0.543E-03    0.000E+00    0.000E+00
    15.000     0.425    0.360E+00    0.122E+00    0.577E-01    0.741E-02    0.752E-02    0.331E-02    0.331E-02    0.536E-03    0.536E-03    0.000E+00    0.000E+00
    15.000     0.426    0.359E+00    0.121E+00    0.570E-01    0.734E-02    0.745E-02    0.327E-02    0.327E-02    0.529E-03    0.529E-03    0.000E+00    0.000E+00
    15.000     0.427    0.357E+00    0.120E+00    0.564E-01    0.727E-02    0.737E-02    0.324E-02    0.324E-02    0.521E-03    0.521E-03    0.000E+00    0.000E+00
    15.000     0.428    0.356E+00    0.119E+00    0.557E-01    0.720E-02    0.730E-02    0.321E-02    0.321E-02    0.514E-03    0.514E-03    0.000E+00    0.000E+00
    15.000     0.429    0.355E+00    0.119E+00    0.551E-01    0.713E-02    0.723E-02    0.318E-02    0.318E-02    0.507E-03    0.507E-03    0.000E+00    0.000E+00
    15.000     0.430    0.353E+00    0.118E+00    0.545E-01    0.707E-02    0.716E-02    0.315E-02    0.315E-02    0.500E-03    0.500E-03    0.000E+00    0.000E+00
    15.000     0.431    0.352E+00    0.117E+00    0.539E-01    0.700E-02    0.709E-02    0.311E-02    0.311E-02    0.493E-03    0.493E-03    0.000E+00    0.000E+00
    15.000     0.432    0.350E+00    0.116E+00    0.532E-01    0.693E-02    0.702E-02    0.308E-02    0.308E-02    0.486E-03    0.486E-03    0.000E+00    0.000E+00
    15.000     0.433    0.349E+00    0.116E+00    0.526E-01    0.687E-02    0.695E-02    0.305E-02    0.305E-02    0.479E-03    0.479E-03    0.000E+00    0.000E+00
    15.000     0.434    0.348E+00    0.115E+00    0.520E-01    0.680E-02    0.688E-02    0.302E-02    0.302E-02    0.473E-03    0.473E-03    0.000E+00    0.000E+00
    15.000     0.435    0.346E+00    0.114E+00    0.514E-01    0.673E-02    0.682E-02    0.299E-02    0.299E-02    0.466E-03    0.466E-03    0.000E+00    0.000E+00
    15.000     0.436    0.345E+00    0.114E+00    0.508E-01    0.667E-02    0.675E-02    0.296E-02    0.296E-02    0.459E-03    0.459E-03    0.000E+00    0.000E+00
    15.000     0.437    0.343E+00    0.113E+00    0.502E-01    0.661E-02    0.668E-02    0.293E-02    0.293E-02    0.453E-03    0.453E-03    0.000E+00    0.000E+00
    15.000     0.438    0.342E+00    0.112E+00    0.497E-01    0.654E-02    0.661E-02    0.290E-02    0.290E-02    0.446E-03    0.446E-03    0.000E+00    0.000E+00
    15.000     0.439    0.341E+00    0.111E+00    0.491E-01    0.648E-02    0.655E-02    0.287E-02    0.287E-02    0.440E-03    0.440E-03    0.000E+00    0.000E+00
    15.000     0.440    0.339E+00    0.111E+00    0.485E-01    0.642E-02    0.648E-02    0.284E-02    0.284E-02    0.434E-03    0.434E-03    0.000E+00    0.000E+00
    15.000     0.441    0.338E+00    0.110E+00    0.479E-01    0.635E-02    0.642E-02    0.281E-02    0.281E-02    0.428E-03    0.428E-03    0.000E+00    0.000E+00
    15.000     0.442    0.336E+00    0.109E+00    0.474E-01    0.629E-02    0.635E-02    0.278E-02    0.278E-02    0.422E-03    0.422E-03    0.000E+00    0.000E+00
    15.000     0.443    0.335E+00    0.109E+00    0.468E-01    0.623E-02    0.629E-02    0.275E-02    0.275E-02    0.416E-03    0.416E-03    0.000E+00    0.000E+00
    15.000     0.444    0.334E+00    0.108E+00    0.463E-01    0.617E-02    0.623E-02    0.273E-02    0.273E-02    0.410E-03    0.410E-03    0.000E+00    0.000E+00
    15.000     0.445    0.332E+00    0.107E+00    0.457E-01    0.611E-02    0.617E-02    0.270E-02    0.270E-02    0.404E-03    0.404E-03    0.000E+00    0.000E+00
    15.000     0.446    0.331E+00    0.106E+00    0.452E-01    0.605E-02    0.610E-02    0.267E-02    0.267E-02    0.398E-03    0.398E-03    0.000E+00    0.000E+00
    15.000     0.447    0.329E+00    0.106E+00    0.447E-01    0.599E-02    0.604E-02    0.264E-02    0.264E-02    0.393E-03    0.393E-03    0.000E+00    0.000E+00
    15.000     0.448    0.328E+00    0.105E+00    0.441E-01    0.593E-02    0.598E-02    0.261E-02    0.261E-02    0.387E-03    0.387E-03    0.000E+00    0.000E+00
    15.000     0.449    0.327E+00    0.104E+00    0.436E-01    0.587E-02    0.592E-02    0.259E-02    0.259E-02    0.381E-03    0.381E-03    0.000E+00    0.000E+00
    15.000     0.450    0.325E+00    0.104E+00    0.431E-01    0.581E-02    0.586E-02    0.256E-02    0.256E-02    0.376E-03    0.376E-03    0.000E+00    0.000E+00
    15.000     0.451    0.324E+00    0.103E+00    0.426E-01    0.576E-02    0.580E-02    0.253E-02    0.253E-02    0.371E-03    0.371E-03    0.000E+00    0.000E+00
    15.000     0.452    0.322E+00    0.102E+00    0.421E-01    0.570E-02    0.574E-02    0.251E-02    0.251E-02    0.365E-03    0.365E-03    0.000E+00    0.000E+00
    15.000     0.453    0.321E+00    0.102E+00    0.416E-01    0.564E-02    0.568E-02    0.248E-02    0.248E-02    0.360E-03    0.360E-03    0.000E+00    0.000E+00
    15.000     0.454    0.320E+00    0.101E+00    0.411E-01    0.559E-02    0.563E-02    0.246E-02    0.246E-02    0.355E-03    0.355E-03    0.000E+00    0.000E+00
    15.000     0.455    0.318E+00    0.100E+00    0.406E-01    0.553E-02    0.557E-02    0.243E-02    0.243E-02    0.350E-03    0.350E-03    0.000E+00    0.000E+00
    15.000     0.456    0.317E+00    0.996E-01    0.401E-01    0.547E-02    0.551E-02    0.240E-02    0.240E-02    0.345E-03    0.345E-03    0.000E+00    0.000E+00
    15.000     0.457    0.315E+00    0.989E-01    0.397E-01    0.542E-02    0.546E-02    0.238E-02    0.238E-02    0.340E-03    0.340E-03    0.000E+00    0.000E+00
    15.000     0.458    0.314E+00    0.982E-01    0.392E-01    0.536E-02    0.540E-02    0.235E-02    0.235E-02    0.335E-03    0.335E-03    0.000E+00    0.000E+00
    15.000     0.459    0.313E+00    0.975E-01    0.387E-01    0.531E-02    0.535E-02    0.233E-02    0.233E-02    0.330E-03    0.330E-03    0.000E+00    0.000E+00
    15.000     0.460    0.311E+00    0.969E-01    0.382E-01    0.526E-02    0.529E-02    0.230E-02    0.230E-02    0.325E-03    0.325E-03    0.000E+00    0.000E+00
    15.000     0.461    0.310E+00    0.962E-01    0.378E-01    0.520E-02    0.524E-02    0.228E-02    0.228E-02    0.320E-03    0.320E-03    0.000E+00    0.000E+00
    15.000     0.462    0.309E+00    0.955E-01    0.373E-01    0.515E-02    0.518E-02    0.226E-02    0.226E-02    0.316E-03    0.316E-03    0.000E+00    0.000E+00
    15.000     0.463    0.307E+00    0.949E-01    0.369E-01    0.510E-02    0.513E-02    0.223E-02    0.223E-02    0.311E-03    0.311E-03    0.000E+00    0.000E+00
    15.000     0.464    0.306E+00    0.942E-01    0.364E-01    0.505E-02    0.508E-02    0.221E-02    0.221E-02    0.306E-03    0.306E-03    0.000E+00    0.000E+00
    15.000     0.465    0.304E+00    0.936E-01    0.360E-01    0.499E-02    0.502E-02    0.218E-02    0.218E-02    0.302E-03    0.302E-03    0.000E+00    0.000E+00
    15.000     0.466    0.303E+00    0.929E-01    0.356E-01    0.494E-02    0.497E-02    0.216E-02    0.216E-02    0.297E-03    0.297E-03    0.000E+00    0.000E+00
    15.000     0.467    0.302E+00    0.923E-01    0.351E-01    0.489E-02    0.492E-02    0.214E-02    0.214E-02    0.293E-03    0.293E-03    0.000E+00    0.000E+00
    15.000     0.468    0.300E+00    0.916E-01    0.347E-01    0.484E-02    0.487E-02    0.212E-02    0.212E-02    0.289E-03    0.289E-03    0.000E+00    0.000E+00
    15.000     0.469    0.299E+00    0.910E-01    0.343E-01    0.479E-02    0.482E-02    0.209E-02    0.209E-02    0.284E-03    0.284E-03    0.000E+00    0.000E+00
    15.000     0.470    0.298E+00    0.903E-01    0.339E-01    0.474E-02    0.477E-02    0.207E-02    0.207E-02    0.280E-03    0.280E-03    0.000E+00    0.000E+00
    15.000     0.471    0.296E+00    0.897E-01    0.335E-01    0.469E-02    0.472E-02    0.205E-02    0.205E-02    0.276E-03    0.276E-03    0.000E+00    0.000E+00
    15.000     0.472    0.295E+00    0.891E-01    0.330E-01    0.465E-02    0.467E-02    0.203E-02    0.203E-02    0.272E-03    0.272E-03    0.000E+00    0.000E+00
    15.000     0.473    0.293E+00    0.884E-01    0.326E-01    0.460E-02    0.462E-02    0.200E-02    0.200E-02    0.268E-03    0.268E-03    0.000E+00    0.000E+00
    15.000     0.474    0.292E+00    0.878E-01    0.322E-01    0.455E-02    0.457E-02    0.198E-02    0.198E-02    0.264E-03    0.264E-03    0.000E+00    0.000E+00
    15.000     0.475    0.291E+00    0.872E-01    0.319E-01    0.450E-02    0.452E-02    0.196E-02    0.196E-02    0.260E-03    0.260E-03    0.000E+00    0.000E+00
    15.000     0.476    0.289E+00    0.865E-01    0.315E-01    0.446E-02    0.447E-02    0.194E-02    0.194E-02    0.256E-03    0.256E-03    0.000E+00    0.000E+00
    15.000     0.477    0.288E+00    0.859E-01    0.311E-01    0.441E-02    0.443E-02    0.192E-02    0.192E-02    0.252E-03    0.252E-03    0.744E-20    0.744E-20
    15.000     0.478    0.287E+00    0.853E-01    0.307E-01    0.436E-02    0.438E-02    0.190E-02    0.190E-02    0.249E-03    0.249E-03    0.542E-19    0.542E-19
    15.000     0.479    0.285E+00    0.846E-01    0.303E-01    0.432E-02    0.433E-02    0.188E-02    0.188E-02    0.245E-03    0.245E-03    0.103E-18    0.103E-18
    15.000     0.480    0.284E+00    0.840E-01    0.299E-01    0.427E-02    0.429E-02    0.186E-02    0.186E-02    0.241E-03    0.241E-03    0.154E-18    0.154E-18
    15.000     0.481    0.283E+00    0.834E-01    0.296E-01    0.423E-02    0.424E-02    0.184E-02    0.184E-02    0.237E-03    0.237E-03    0.207E-18    0.207E-18
    15.000     0.482    0.281E+00    0.828E-01    0.292E-01    0.418E-02    0.419E-02    0.182E-02    0.182E-02    0.234E-03    0.234E-03    0.261E-18    0.261E-18
    15.000     0.483    0.280E+00    0.822E-01    0.288E-01    0.414E-02    0.415E-02    0.180E-02    0.180E-02    0.230E-03    0.230E-03    0.316E-18    0.316E-18
    15.000     0.484    0.279E+00    0.816E-01    0.285E-01    0.409E-02    0.411E-02    0.178E-02    0.178E-02    0.227E-03    0.227E-03    0.372E-18    0.372E-18
    15.000     0.485    0.277E+00    0.810E-01    0.281E-01    0.405E-02    0.406E-02    0.176E-02    0.176E-02    0.223E-03    0.223E-03    0.429E-18    0.429E-18
    15.000     0.486    0.276E+00    0.804E-01    0.278E-01    0.400E-02    0.402E-02    0.174E-02    0.174E-02    0.220E-03    0.220E-03    0.486E-18    0.486E-18
    15.000     0.487    0.275E+00    0.798E-01    0.274E-01    0.396E-02    0.397E-02    0.172E-02    0.172E-02    0.217E-03    0.217E-03    0.543E-18    0.543E-18
    15.000     0.488    0.273E+00    0.792E-01    0.271E-01    0.392E-02    0.393E-02    0.170E-02    0.170E-02    0.213E-03    0.213E-03    0.600E-18    0.600E-18
    15.000     0.489    0.272E+00    0.786E-01    0.267E-01    0.388E-02    0.389E-02    0.168E-02    0.168E-02    0.210E-03    0.210E-03    0.656E-18    0.656E-18
    15.000     0.490    0.271E+00    0.780E-01    0.264E-01    0.384E-02    0.385E-02    0.166E-02    0.166E-02    0.207E-03    0.207E-03    0.712E-18    0.712E-18
    15.000     0.491    0.269E+00    0.774E-01    0.261E-01    0.379E-02    0.380E-02    0.164E-02    0.164E-02    0.204E-03    0.204E-03    0.767E-18    0.767E-18
    15.000     0.492    0.268E+00    0.768E-01    0.257E-01    0.375E-02    0.376E-02    0.162E-02    0.162E-02    0.201E-03    0.201E-03    0.820E-18    0.820E-18
    15.000     0.493    0.267E+00    0.762E-01    0.254E-01    0.371E-02    0.372E-02    0.161E-02    0.161E-02    0.197E-03    0.197E-03    0.872E-18    0.872E-18
    15.000     0.494    0.265E+00    0.756E-01    0.251E-01    0.367E-02    0.368E-02    0.159E-02    0.159E-02    0.194E-03    0.194E-03    0.922E-18    0.922E-18
    15.000     0.495    0.264E+00    0.750E-01    0.248E-01    0.363E-02    0.364E-02    0.157E-02    0.157E-02    0.191E-03    0.191E-03    0.970E-18    0.970E-18
    15.000     0.496    0.263E+00    0.745E-01    0.245E-01    0.359E-02    0.360E-02    0.155E-02    0.155E-02    0.188E-03    0.188E-03    0.102E-17    0.102E-17
    15.000     0.497    0.261E+00    0.739E-01    0.242E-01    0.355E-02    0.356E-02    0.153E-02    0.153E-02    0.186E-03    0.186E-03    0.106E-17    0.106E-17
    15.000     0.498    0.260E+00    0.733E-01    0.239E-01    0.351E-02    0.352E-02    0.152E-02    0.152E-02    0.183E-03    0.183E-03    0.110E-17    0.110E-17
    15.000     0.499    0.259E+00    0.728E-01    0.235E-01    0.347E-02    0.348E-02    0.150E-02    0.150E-02    0.180E-03    0.180E-03    0.111E-17    0.111E-17
    15.000     0.500    0.257E+00    0.722E-01    0.232E-01    0.344E-02    0.344E-02    0.148E-02    0.148E-02    0.177E-03    0.177E-03    0.110E-17    0.110E-17
    15.000     0.501    0.256E+00    0.716E-01    0.229E-01    0.340E-02    0.340E-02    0.147E-02    0.147E-02    0.174E-03    0.174E-03    0.109E-17    0.109E-17
    15.000     0.502    0.255E+00    0.711E-01    0.227E-01    0.336E-02    0.337E-02    0.145E-02    0.145E-02    0.172E-03    0.172E-03    0.108E-17    0.108E-17
    15.000     0.503    0.253E+00    0.705E-01    0.224E-01    0.332E-02    0.333E-02    0.143E-02    0.143E-02    0.169E-03    0.169E-03    0.106E-17    0.106E-17
    15.000     0.504    0.252E+00    0.699E-01    0.221E-01    0.329E-02    0.329E-02    0.142E-02    0.142E-02    0.166E-03    0.166E-03    0.104E-17    0.104E-17
    15.000     0.505    0.251E+00    0.694E-01    0.218E-01    0.325E-02    0.325E-02    0.140E-02    0.140E-02    0.164E-03    0.164E-03    0.102E-17    0.102E-17
    15.000     0.506    0.250E+00    0.688E-01    0.215E-01    0.321E-02    0.322E-02    0.138E-02    0.138E-02    0.161E-03    0.161E-03    0.999E-18    0.999E-18
    15.000     0.507    0.248E+00    0.683E-01    0.212E-01    0.318E-02    0.318E-02    0.137E-02    0.137E-02    0.158E-03    0.158E-03    0.974E-18    0.974E-18
    15.000     0.508    0.247E+00    0.677E-01    0.210E-01    0.314E-02    0.315E-02    0.135E-02    0.135E-02    0.156E-03    0.156E-03    0.947E-18    0.947E-18
    15.000     0.509    0.246E+00    0.672E-01    0.207E-01    0.311E-02    0.311E-02    0.134E-02    0.134E-02    0.154E-03    0.154E-03    0.918E-18    0.918E-18
    15.000     0.510    0.244E+00    0.666E-01    0.204E-01    0.307E-02    0.307E-02    0.132E-02    0.132E-02    0.151E-03    0.151E-03    0.888E-18    0.888E-18
    15.000     0.511    0.243E+00    0.661E-01    0.202E-01    0.304E-02    0.304E-02    0.130E-02    0.130E-02    0.149E-03    0.149E-03    0.856E-18    0.856E-18
    15.000     0.512    0.242E+00    0.656E-01    0.199E-01    0.300E-02    0.300E-02    0.129E-02    0.129E-02    0.146E-03    0.146E-03    0.823E-18    0.823E-18
    15.000     0.513    0.241E+00    0.650E-01    0.196E-01    0.297E-02    0.297E-02    0.127E-02    0.127E-02    0.144E-03    0.144E-03    0.790E-18    0.790E-18
    15.000     0.514    0.239E+00    0.645E-01    0.194E-01    0.293E-02    0.294E-02    0.126E-02    0.126E-02    0.142E-03    0.142E-03    0.756E-18    0.756E-18
    15.000     0.515    0.238E+00    0.640E-01    0.191E-01    0.290E-02    0.290E-02    0.124E-02    0.124E-02    0.139E-03    0.139E-03    0.722E-18    0.722E-18
    15.000     0.516    0.237E+00    0.634E-01    0.189E-01    0.287E-02    0.287E-02    0.123E-02    0.123E-02    0.137E-03    0.137E-03    0.688E-18    0.688E-18
    15.000     0.517    0.235E+00    0.629E-01    0.186E-01    0.283E-02    0.284E-02    0.121E-02    0.121E-02    0.135E-03    0.135E-03    0.654E-18    0.654E-18
    15.000     0.518    0.234E+00    0.624E-01    0.184E-01    0.280E-02    0.280E-02    0.120E-02    0.120E-02    0.133E-03    0.133E-03    0.620E-18    0.620E-18
    15.000     0.519    0.233E+00    0.619E-01    0.181E-01    0.277E-02    0.277E-02    0.119E-02    0.119E-02    0.131E-03    0.131E-03    0.587E-18    0.587E-18
    15.000     0.520    0.232E+00    0.614E-01    0.179E-01    0.274E-02    0.274E-02    0.117E-02    0.117E-02    0.129E-03    0.129E-03    0.555E-18    0.555E-18
    15.000     0.521    0.230E+00    0.609E-01    0.177E-01    0.270E-02    0.271E-02    0.116E-02    0.116E-02    0.127E-03    0.127E-03    0.550E-18    0.550E-18
    15.000     0.522    0.229E+00    0.603E-01    0.174E-01    0.267E-02    0.267E-02    0.114E-02    0.114E-02    0.125E-03    0.125E-03    0.547E-18    0.547E-18
    15.000     0.523    0.228E+00    0.598E-01    0.172E-01    0.264E-02    0.264E-02    0.113E-02    0.113E-02    0.122E-03    0.122E-03    0.545E-18    0.545E-18
    15.000     0.524    0.227E+00    0.593E-01    0.170E-01    0.261E-02    0.261E-02    0.112E-02    0.112E-02    0.120E-03    0.120E-03    0.543E-18    0.543E-18
    15.000     0.525    0.225E+00    0.588E-01    0.167E-01    0.258E-02    0.258E-02    0.110E-02    0.110E-02    0.119E-03    0.119E-03    0.542E-18    0.542E-18
    15.000     0.526    0.224E+00    0.583E-01    0.165E-01    0.255E-02    0.255E-02    0.109E-02    0.109E-02    0.117E-03    0.117E-03    0.543E-18    0.543E-18
    15.000     0.527    0.223E+00    0.578E-01    0.163E-01    0.252E-02    0.252E-02    0.108E-02    0.108E-02    0.115E-03    0.115E-03    0.543E-18    0.543E-18
    15.000     0.528    0.222E+00    0.573E-01    0.161E-01    0.249E-02    0.249E-02    0.106E-02    0.106E-02    0.113E-03    0.113E-03    0.544E-18    0.544E-18
    15.000     0.529    0.220E+00    0.568E-01    0.159E-01    0.246E-02    0.246E-02    0.105E-02    0.105E-02    0.111E-03    0.111E-03    0.546E-18    0.546E-18
    15.000     0.530    0.219E+00    0.564E-01    0.157E-01    0.243E-02    0.243E-02    0.104E-02    0.104E-02    0.109E-03    0.109E-03    0.548E-18    0.548E-18
    15.000     0.531    0.218E+00    0.559E-01    0.154E-01    0.240E-02    0.240E-02    0.103E-02    0.103E-02    0.107E-03    0.107E-03    0.550E-18    0.550E-18
    15.000     0.532    0.217E+00    0.554E-01    0.152E-01    0.237E-02    0.237E-02    0.101E-02    0.101E-02    0.106E-03    0.106E-03    0.552E-18    0.552E-18
    15.000     0.533    0.216E+00    0.549E-01    0.150E-01    0.234E-02    0.235E-02    0.100E-02    0.100E-02    0.104E-03    0.104E-03    0.554E-18    0.554E-18
    15.000     0.534    0.214E+00    0.544E-01    0.148E-01    0.232E-02    0.232E-02    0.988E-03    0.988E-03    0.102E-03    0.102E-03    0.556E-18    0.556E-18
    15.000     0.535    0.213E+00    0.539E-01    0.146E-01    0.229E-02    0.229E-02    0.975E-03    0.975E-03    0.100E-03    0.100E-03    0.558E-18    0.558E-18
    15.000     0.536    0.212E+00    0.535E-01    0.144E-01    0.226E-02    0.226E-02    0.963E-03    0.963E-03    0.988E-04    0.988E-04    0.559E-18    0.559E-18
    15.000     0.537    0.211E+00    0.530E-01    0.142E-01    0.223E-02    0.223E-02    0.951E-03    0.951E-03    0.971E-04    0.971E-04    0.560E-18    0.560E-18
    15.000     0.538    0.209E+00    0.525E-01    0.140E-01    0.221E-02    0.221E-02    0.940E-03    0.940E-03    0.955E-04    0.955E-04    0.561E-18    0.561E-18
    15.000     0.539    0.208E+00    0.521E-01    0.138E-01    0.218E-02    0.218E-02    0.928E-03    0.928E-03    0.939E-04    0.939E-04    0.560E-18    0.560E-18
    15.000     0.540    0.207E+00    0.516E-01    0.137E-01    0.215E-02    0.215E-02    0.916E-03    0.916E-03    0.924E-04    0.924E-04    0.559E-18    0.559E-18
    15.000     0.541    0.206E+00    0.511E-01    0.135E-01    0.213E-02    0.213E-02    0.905E-03    0.905E-03    0.908E-04    0.908E-04    0.557E-18    0.557E-18
    15.000     0.542    0.205E+00    0.507E-01    0.133E-01    0.210E-02    0.210E-02    0.893E-03    0.893E-03    0.893E-04    0.893E-04    0.551E-18    0.551E-18
    15.000     0.543    0.203E+00    0.502E-01    0.131E-01    0.207E-02    0.207E-02    0.882E-03    0.882E-03    0.878E-04    0.878E-04    0.530E-18    0.530E-18
    15.000     0.544    0.202E+00    0.498E-01    0.129E-01    0.205E-02    0.205E-02    0.871E-03    0.871E-03    0.863E-04    0.863E-04    0.508E-18    0.508E-18
    15.000     0.545    0.201E+00    0.493E-01    0.127E-01    0.202E-02    0.202E-02    0.860E-03    0.860E-03    0.848E-04    0.848E-04    0.485E-18    0.485E-18
    15.000     0.546    0.200E+00    0.489E-01    0.126E-01    0.200E-02    0.200E-02    0.849E-03    0.849E-03    0.834E-04    0.834E-04    0.461E-18    0.461E-18
    15.000     0.547    0.199E+00    0.484E-01    0.124E-01    0.197E-02    0.197E-02    0.838E-03    0.838E-03    0.820E-04    0.820E-04    0.436E-18    0.436E-18
    15.000     0.548    0.198E+00    0.480E-01    0.122E-01    0.195E-02    0.195E-02    0.827E-03    0.827E-03    0.806E-04    0.806E-04    0.411E-18    0.411E-18
    15.000     0.549    0.196E+00    0.475E-01    0.121E-01    0.192E-02    0.192E-02    0.817E-03    0.817E-03    0.792E-04    0.792E-04    0.384E-18    0.384E-18
    15.000     0.550    0.195E+00    0.471E-01    0.119E-01    0.190E-02    0.190E-02    0.806E-03    0.806E-03    0.779E-04    0.779E-04    0.358E-18    0.358E-18
    15.000     0.551    0.194E+00    0.467E-01    0.117E-01    0.187E-02    0.188E-02    0.796E-03    0.796E-03    0.765E-04    0.765E-04    0.331E-18    0.331E-18
    15.000     0.552    0.193E+00    0.462E-01    0.116E-01    0.185E-02    0.185E-02    0.786E-03    0.786E-03    0.752E-04    0.752E-04    0.304E-18    0.304E-18
    15.000     0.553    0.192E+00    0.458E-01    0.114E-01    0.183E-02    0.183E-02    0.775E-03    0.775E-03    0.740E-04    0.740E-04    0.277E-18    0.277E-18
    15.000     0.554    0.191E+00    0.454E-01    0.112E-01    0.180E-02    0.180E-02    0.765E-03    0.765E-03    0.727E-04    0.727E-04    0.249E-18    0.249E-18
    15.000     0.555    0.189E+00    0.450E-01    0.111E-01    0.178E-02    0.178E-02    0.755E-03    0.755E-03    0.714E-04    0.714E-04    0.222E-18    0.222E-18
    15.000     0.556    0.188E+00    0.445E-01    0.109E-01    0.176E-02    0.176E-02    0.745E-03    0.745E-03    0.702E-04    0.702E-04    0.195E-18    0.195E-18
    15.000     0.557    0.187E+00    0.441E-01    0.108E-01    0.174E-02    0.174E-02    0.736E-03    0.736E-03    0.690E-04    0.690E-04    0.168E-18    0.168E-18
    15.000     0.558    0.186E+00    0.437E-01    0.106E-01    0.171E-02    0.171E-02    0.726E-03    0.726E-03    0.678E-04    0.678E-04    0.141E-18    0.141E-18
    15.000     0.559    0.185E+00    0.433E-01    0.105E-01    0.169E-02    0.169E-02    0.716E-03    0.716E-03    0.666E-04    0.666E-04    0.115E-18    0.115E-18
    15.000     0.560    0.184E+00    0.429E-01    0.103E-01    0.167E-02    0.167E-02    0.707E-03    0.707E-03    0.655E-04    0.655E-04    0.893E-19    0.893E-19
    15.000     0.561    0.183E+00    0.425E-01    0.102E-01    0.165E-02    0.165E-02    0.698E-03    0.698E-03    0.643E-04    0.643E-04    0.644E-19    0.644E-19
    15.000     0.562    0.181E+00    0.421E-01    0.100E-01    0.163E-02    0.163E-02    0.688E-03    0.688E-03    0.632E-04    0.632E-04    0.403E-19    0.403E-19
    15.000     0.563    0.180E+00    0.417E-01    0.989E-02    0.160E-02    0.160E-02    0.679E-03    0.679E-03    0.621E-04    0.621E-04    0.172E-19    0.172E-19
    15.000     0.564    0.179E+00    0.413E-01    0.975E-02    0.158E-02    0.158E-02    0.670E-03    0.670E-03    0.610E-04    0.610E-04    0.000E+00    0.000E+00
    15.000     0.565    0.178E+00    0.409E-01    0.961E-02    0.156E-02    0.156E-02    0.661E-03    0.661E-03    0.600E-04    0.600E-04    0.000E+00    0.000E+00
    15.000     0.566    0.177E+00    0.405E-01    0.947E-02    0.154E-02    0.154E-02    0.652E-03    0.652E-03    0.589E-04    0.589E-04    0.000E+00    0.000E+00
    15.000     0.567    0.176E+00    0.401E-01    0.934E-02    0.152E-02    0.152E-02    0.643E-03    0.643E-03    0.579E-04    0.579E-04    0.000E+00    0.000E+00
    15.000     0.568    0.175E+00    0.397E-01    0.920E-02    0.150E-02    0.150E-02    0.635E-03    0.635E-03    0.569E-04    0.569E-04    0.000E+00    0.000E+00
    15.000     0.569    0.174E+00    0.393E-01    0.907E-02    0.148E-02    0.148E-02    0.626E-03    0.626E-03    0.558E-04    0.558E-04    0.000E+00    0.000E+00
    15.000     0.570    0.172E+00    0.389E-01    0.894E-02    0.146E-02    0.146E-02    0.617E-03    0.617E-03    0.549E-04    0.549E-04    0.000E+00    0.000E+00
    15.000     0.571    0.171E+00    0.385E-01    0.881E-02    0.144E-02    0.144E-02    0.609E-03    0.609E-03    0.539E-04    0.539E-04    0.000E+00    0.000E+00
    15.000     0.572    0.170E+00    0.381E-01    0.868E-02    0.142E-02    0.142E-02    0.601E-03    0.601E-03    0.529E-04    0.529E-04    0.000E+00    0.000E+00
    15.000     0.573    0.169E+00    0.378E-01    0.856E-02    0.140E-02    0.140E-02    0.592E-03    0.592E-03    0.520E-04    0.520E-04    0.000E+00    0.000E+00
    15.000     0.574    0.168E+00    0.374E-01    0.843E-02    0.138E-02    0.138E-02    0.584E-03    0.584E-03    0.511E-04    0.511E-04    0.000E+00    0.000E+00
    15.000     0.575    0.167E+00    0.370E-01    0.831E-02    0.137E-02    0.137E-02    0.576E-03    0.576E-03    0.501E-04    0.501E-04    0.000E+00    0.000E+00
    15.000     0.576    0.166E+00    0.366E-01    0.819E-02    0.135E-02    0.135E-02    0.568E-03    0.568E-03    0.492E-04    0.492E-04    0.000E+00    0.000E+00
    15.000     0.577    0.165E+00    0.363E-01    0.807E-02    0.133E-02    0.133E-02    0.560E-03    0.560E-03    0.484E-04    0.484E-04    0.000E+00    0.000E+00
    15.000     0.578    0.164E+00    0.359E-01    0.795E-02    0.131E-02    0.131E-02    0.552E-03    0.552E-03    0.475E-04    0.475E-04    0.000E+00    0.000E+00
    15.000     0.579    0.163E+00    0.355E-01    0.784E-02    0.129E-02    0.129E-02    0.545E-03    0.545E-03    0.466E-04    0.466E-04    0.000E+00    0.000E+00
    15.000     0.580    0.162E+00    0.352E-01    0.772E-02    0.127E-02    0.127E-02    0.537E-03    0.537E-03    0.458E-04    0.458E-04    0.000E+00    0.000E+00
    15.000     0.581    0.160E+00    0.348E-01    0.761E-02    0.126E-02    0.126E-02    0.529E-03    0.529E-03    0.450E-04    0.450E-04    0.000E+00    0.000E+00
    15.000     0.582    0.159E+00    0.345E-01    0.750E-02    0.124E-02    0.124E-02    0.522E-03    0.522E-03    0.442E-04    0.442E-04    0.000E+00    0.000E+00
    15.000     0.583    0.158E+00    0.341E-01    0.739E-02    0.122E-02    0.122E-02    0.515E-03    0.515E-03    0.434E-04    0.434E-04    0.000E+00    0.000E+00
    15.000     0.584    0.157E+00    0.338E-01    0.728E-02    0.120E-02    0.120E-02    0.507E-03    0.507E-03    0.426E-04    0.426E-04    0.000E+00    0.000E+00
    15.000     0.585    0.156E+00    0.334E-01    0.717E-02    0.119E-02    0.119E-02    0.500E-03    0.500E-03    0.418E-04    0.418E-04    0.000E+00    0.000E+00
    15.000     0.586    0.155E+00    0.331E-01    0.706E-02    0.117E-02    0.117E-02    0.493E-03    0.493E-03    0.410E-04    0.410E-04    0.000E+00    0.000E+00
    15.000     0.587    0.154E+00    0.327E-01    0.696E-02    0.115E-02    0.115E-02    0.486E-03    0.486E-03    0.403E-04    0.403E-04    0.000E+00    0.000E+00
    15.000     0.588    0.153E+00    0.324E-01    0.685E-02    0.114E-02    0.114E-02    0.479E-03    0.479E-03    0.396E-04    0.396E-04    0.000E+00    0.000E+00
    15.000     0.589    0.152E+00    0.320E-01    0.675E-02    0.112E-02    0.112E-02    0.472E-03    0.472E-03    0.388E-04    0.388E-04    0.000E+00    0.000E+00
    15.000     0.590    0.151E+00    0.317E-01    0.665E-02    0.111E-02    0.111E-02    0.465E-03    0.465E-03    0.381E-04    0.381E-04    0.000E+00    0.000E+00
    15.000     0.591    0.150E+00    0.314E-01    0.655E-02    0.109E-02    0.109E-02    0.458E-03    0.458E-03    0.374E-04    0.374E-04    0.000E+00    0.000E+00
    15.000     0.592    0.149E+00    0.310E-01    0.645E-02    0.107E-02    0.107E-02    0.451E-03    0.451E-03    0.367E-04    0.367E-04    0.000E+00    0.000E+00
    15.000     0.593    0.148E+00    0.307E-01    0.636E-02    0.106E-02    0.106E-02    0.445E-03    0.445E-03    0.360E-04    0.360E-04    0.000E+00    0.000E+00
    15.000     0.594    0.147E+00    0.304E-01    0.626E-02    0.104E-02    0.104E-02    0.438E-03    0.438E-03    0.354E-04    0.354E-04    0.000E+00    0.000E+00
    15.000     0.595    0.146E+00    0.301E-01    0.617E-02    0.103E-02    0.103E-02    0.432E-03    0.432E-03    0.347E-04    0.347E-04    0.000E+00    0.000E+00
    15.000     0.596    0.145E+00    0.297E-01    0.607E-02    0.101E-02    0.101E-02    0.425E-03    0.425E-03    0.340E-04    0.340E-04    0.000E+00    0.000E+00
    15.000     0.597    0.144E+00    0.294E-01    0.598E-02    0.997E-03    0.997E-03    0.419E-03    0.419E-03    0.334E-04    0.334E-04    0.000E+00    0.000E+00
    15.000     0.598    0.143E+00    0.291E-01    0.589E-02    0.982E-03    0.983E-03    0.413E-03    0.413E-03    0.328E-04    0.328E-04    0.000E+00    0.000E+00
    15.000     0.599    0.142E+00    0.288E-01    0.580E-02    0.968E-03    0.968E-03    0.406E-03    0.406E-03    0.322E-04    0.322E-04    0.000E+00    0.000E+00
    15.000     0.600    0.141E+00    0.285E-01    0.571E-02    0.953E-03    0.954E-03    0.400E-03    0.400E-03    0.316E-04    0.316E-04    0.000E+00    0.000E+00
    15.000     0.601    0.140E+00    0.282E-01    0.562E-02    0.939E-03    0.939E-03    0.394E-03    0.394E-03    0.310E-04    0.310E-04    0.000E+00    0.000E+00
    15.000     0.602    0.139E+00    0.278E-01    0.554E-02    0.925E-03    0.925E-03    0.388E-03    0.388E-03    0.304E-04    0.304E-04    0.000E+00    0.000E+00
    15.000     0.603    0.138E+00    0.275E-01    0.545E-02    0.911E-03    0.911E-03    0.382E-03    0.382E-03    0.298E-04    0.298E-04    0.000E+00    0.000E+00
    15.000     0.604    0.137E+00    0.272E-01    0.537E-02    0.897E-03    0.898E-03    0.377E-03    0.377E-03    0.293E-04    0.293E-04    0.000E+00    0.000E+00
    15.000     0.605    0.136E+00    0.269E-01    0.529E-02    0.884E-03    0.884E-03    0.371E-03    0.371E-03    0.287E-04    0.287E-04    0.000E+00    0.000E+00
    15.000     0.606    0.135E+00    0.266E-01    0.521E-02    0.870E-03    0.870E-03    0.365E-03    0.365E-03    0.282E-04    0.282E-04    0.000E+00    0.000E+00
    15.000     0.607    0.134E+00    0.263E-01    0.513E-02    0.857E-03    0.857E-03    0.359E-03    0.359E-03    0.276E-04    0.276E-04    0.000E+00    0.000E+00
    15.000     0.608    0.133E+00    0.260E-01    0.505E-02    0.844E-03    0.844E-03    0.354E-03    0.354E-03    0.271E-04    0.271E-04    0.000E+00    0.000E+00
    15.000     0.609    0.132E+00    0.258E-01    0.497E-02    0.831E-03    0.831E-03    0.348E-03    0.348E-03    0.266E-04    0.266E-04    0.000E+00    0.000E+00
    15.000     0.610    0.131E+00    0.255E-01    0.489E-02    0.818E-03    0.818E-03    0.343E-03    0.343E-03    0.261E-04    0.261E-04    0.000E+00    0.000E+00
    15.000     0.611    0.130E+00    0.252E-01    0.482E-02    0.805E-03    0.805E-03    0.337E-03    0.337E-03    0.256E-04    0.256E-04    0.000E+00    0.000E+00
    15.000     0.612    0.129E+00    0.249E-01    0.474E-02    0.793E-03    0.793E-03    0.332E-03    0.332E-03    0.251E-04    0.251E-04    0.000E+00    0.000E+00
    15.000     0.613    0.128E+00    0.246E-01    0.467E-02    0.780E-03    0.780E-03    0.327E-03    0.327E-03    0.246E-04    0.246E-04    0.000E+00    0.000E+00
    15.000     0.614    0.127E+00    0.243E-01    0.459E-02    0.768E-03    0.768E-03    0.322E-03    0.322E-03    0.241E-04    0.241E-04    0.000E+00    0.000E+00
    15.000     0.615    0.126E+00    0.240E-01    0.452E-02    0.756E-03    0.756E-03    0.316E-03    0.316E-03    0.236E-04    0.236E-04    0.000E+00    0.000E+00
    15.000     0.616    0.125E+00    0.238E-01    0.445E-02    0.744E-03    0.744E-03    0.311E-03    0.311E-03    0.232E-04    0.232E-04    0.000E+00    0.000E+00
    15.000     0.617    0.124E+00    0.235E-01    0.438E-02    0.732E-03    0.732E-03    0.306E-03    0.306E-03    0.227E-04    0.227E-04    0.000E+00    0.000E+00
    15.000     0.618    0.124E+00    0.232E-01    0.431E-02    0.720E-03    0.720E-03    0.301E-03    0.301E-03    0.223E-04    0.223E-04    0.000E+00    0.000E+00
    15.000     0.619    0.123E+00    0.230E-01    0.424E-02    0.709E-03    0.709E-03    0.297E-03    0.297E-03    0.218E-04    0.218E-04    0.000E+00    0.000E+00
    15.000     0.620    0.122E+00    0.227E-01    0.418E-02    0.697E-03    0.697E-03    0.292E-03    0.292E-03    0.214E-04    0.214E-04    0.000E+00    0.000E+00
    15.000     0.621    0.121E+00    0.224E-01    0.411E-02    0.686E-03    0.686E-03    0.287E-03    0.287E-03    0.210E-04    0.210E-04    0.000E+00    0.000E+00
    15.000     0.622    0.120E+00    0.222E-01    0.404E-02    0.675E-03    0.675E-03    0.282E-03    0.282E-03    0.206E-04    0.206E-04    0.000E+00    0.000E+00
    15.000     0.623    0.119E+00    0.219E-01    0.398E-02    0.664E-03    0.664E-03    0.278E-03    0.278E-03    0.202E-04    0.202E-04    0.000E+00    0.000E+00
    15.000     0.624    0.118E+00    0.216E-01    0.392E-02    0.653E-03    0.653E-03    0.273E-03    0.273E-03    0.198E-04    0.198E-04    0.000E+00    0.000E+00
    15.000     0.625    0.117E+00    0.214E-01    0.385E-02    0.642E-03    0.642E-03    0.268E-03    0.268E-03    0.194E-04    0.194E-04    0.000E+00    0.000E+00
    15.000     0.626    0.116E+00    0.211E-01    0.379E-02    0.631E-03    0.631E-03    0.264E-03    0.264E-03    0.190E-04    0.190E-04    0.000E+00    0.000E+00
    15.000     0.627    0.115E+00    0.209E-01    0.373E-02    0.621E-03    0.621E-03    0.259E-03    0.259E-03    0.186E-04    0.186E-04    0.000E+00    0.000E+00
    15.000     0.628    0.114E+00    0.206E-01    0.367E-02    0.610E-03    0.610E-03    0.255E-03    0.255E-03    0.183E-04    0.183E-04    0.000E+00    0.000E+00
    15.000     0.629    0.114E+00    0.204E-01    0.361E-02    0.600E-03    0.600E-03    0.251E-03    0.251E-03    0.179E-04    0.179E-04    0.000E+00    0.000E+00
    15.000     0.630    0.113E+00    0.201E-01    0.355E-02    0.590E-03    0.590E-03    0.246E-03    0.246E-03    0.175E-04    0.175E-04    0.000E+00    0.000E+00
    15.000     0.631    0.112E+00    0.199E-01    0.350E-02    0.580E-03    0.580E-03    0.242E-03    0.242E-03    0.172E-04    0.172E-04    0.307E-19    0.307E-19
    15.000     0.632    0.111E+00    0.196E-01    0.344E-02    0.570E-03    0.570E-03    0.238E-03    0.238E-03    0.168E-04    0.168E-04    0.894E-19    0.894E-19
    15.000     0.633    0.110E+00    0.194E-01    0.338E-02    0.560E-03    0.560E-03    0.234E-03    0.234E-03    0.165E-04    0.165E-04    0.150E-18    0.150E-18
    15.000     0.634    0.109E+00    0.192E-01    0.333E-02    0.550E-03    0.550E-03    0.230E-03    0.230E-03    0.162E-04    0.162E-04    0.214E-18    0.214E-18
    15.000     0.635    0.108E+00    0.189E-01    0.327E-02    0.541E-03    0.541E-03    0.226E-03    0.226E-03    0.158E-04    0.158E-04    0.279E-18    0.279E-18
    15.000     0.636    0.107E+00    0.187E-01    0.322E-02    0.531E-03    0.531E-03    0.222E-03    0.222E-03    0.155E-04    0.155E-04    0.345E-18    0.345E-18
    15.000     0.637    0.107E+00    0.185E-01    0.317E-02    0.522E-03    0.522E-03    0.218E-03    0.218E-03    0.152E-04    0.152E-04    0.413E-18    0.413E-18
    15.000     0.638    0.106E+00    0.182E-01    0.312E-02    0.513E-03    0.513E-03    0.214E-03    0.214E-03    0.149E-04    0.149E-04    0.481E-18    0.481E-18
    15.000     0.639    0.105E+00    0.180E-01    0.306E-02    0.504E-03    0.504E-03    0.210E-03    0.210E-03    0.146E-04    0.146E-04    0.550E-18    0.550E-18
    15.000     0.640    0.104E+00    0.178E-01    0.301E-02    0.495E-03    0.495E-03    0.206E-03    0.206E-03    0.143E-04    0.143E-04    0.620E-18    0.620E-18
    15.000     0.641    0.103E+00    0.176E-01    0.296E-02    0.486E-03    0.486E-03    0.203E-03    0.203E-03    0.140E-04    0.140E-04    0.689E-18    0.689E-18
    15.000     0.642    0.102E+00    0.173E-01    0.292E-02    0.477E-03    0.477E-03    0.199E-03    0.199E-03    0.137E-04    0.137E-04    0.758E-18    0.758E-18
    15.000     0.643    0.101E+00    0.171E-01    0.287E-02    0.469E-03    0.469E-03    0.195E-03    0.195E-03    0.134E-04    0.134E-04    0.826E-18    0.826E-18
    15.000     0.644    0.101E+00    0.169E-01    0.282E-02    0.460E-03    0.460E-03    0.192E-03    0.192E-03    0.131E-04    0.131E-04    0.893E-18    0.893E-18
    15.000     0.645    0.998E-01    0.167E-01    0.277E-02    0.452E-03    0.452E-03    0.188E-03    0.188E-03    0.129E-04    0.129E-04    0.959E-18    0.959E-18
    15.000     0.646    0.990E-01    0.165E-01    0.273E-02    0.443E-03    0.443E-03    0.185E-03    0.185E-03    0.126E-04    0.126E-04    0.102E-17    0.102E-17
    15.000     0.647    0.982E-01    0.163E-01    0.268E-02    0.435E-03    0.435E-03    0.181E-03    0.181E-03    0.123E-04    0.123E-04    0.108E-17    0.108E-17
    15.000     0.648    0.973E-01    0.161E-01    0.264E-02    0.427E-03    0.427E-03    0.178E-03    0.178E-03    0.121E-04    0.121E-04    0.114E-17    0.114E-17
    15.000     0.649    0.965E-01    0.158E-01    0.259E-02    0.419E-03    0.419E-03    0.175E-03    0.175E-03    0.118E-04    0.118E-04    0.120E-17    0.120E-17
    15.000     0.650    0.957E-01    0.156E-01    0.255E-02    0.411E-03    0.411E-03    0.171E-03    0.171E-03    0.116E-04    0.116E-04    0.126E-17    0.126E-17
    15.000     0.651    0.949E-01    0.154E-01    0.251E-02    0.403E-03    0.403E-03    0.168E-03    0.168E-03    0.113E-04    0.113E-04    0.131E-17    0.131E-17
    15.000     0.652    0.941E-01    0.152E-01    0.246E-02    0.396E-03    0.396E-03    0.165E-03    0.165E-03    0.111E-04    0.111E-04    0.135E-17    0.135E-17
    15.000     0.653    0.933E-01    0.150E-01    0.242E-02    0.388E-03    0.388E-03    0.162E-03    0.162E-03    0.109E-04    0.109E-04    0.139E-17    0.139E-17
    15.000     0.654    0.925E-01    0.148E-01    0.238E-02    0.381E-03    0.381E-03    0.159E-03    0.159E-03    0.106E-04    0.106E-04    0.138E-17    0.138E-17
    15.000     0.655    0.917E-01    0.146E-01    0.234E-02    0.373E-03    0.373E-03    0.156E-03    0.156E-03    0.104E-04    0.104E-04    0.136E-17    0.136E-17
    15.000     0.656    0.910E-01    0.145E-01    0.230E-02    0.366E-03    0.366E-03    0.153E-03    0.153E-03    0.102E-04    0.102E-04    0.135E-17    0.135E-17
    15.000     0.657    0.902E-01    0.143E-01    0.226E-02    0.359E-03    0.359E-03    0.150E-03    0.150E-03    0.997E-05    0.997E-05    0.132E-17    0.132E-17
    15.000     0.658    0.894E-01    0.141E-01    0.222E-02    0.352E-03    0.352E-03    0.147E-03    0.147E-03    0.976E-05    0.976E-05    0.130E-17    0.130E-17
    15.000     0.659    0.886E-01    0.139E-01    0.218E-02    0.345E-03    0.345E-03    0.144E-03    0.144E-03    0.955E-05    0.955E-05    0.127E-17    0.127E-17
    15.000     0.660    0.878E-01    0.137E-01    0.215E-02    0.338E-03    0.338E-03    0.141E-03    0.141E-03    0.934E-05    0.934E-05    0.124E-17    0.124E-17
    15.000     0.661    0.871E-01    0.135E-01    0.211E-02    0.331E-03    0.331E-03    0.138E-03    0.138E-03    0.914E-05    0.914E-05    0.121E-17    0.121E-17
    15.000     0.662    0.863E-01    0.133E-01    0.207E-02    0.324E-03    0.324E-03    0.135E-03    0.135E-03    0.894E-05    0.894E-05    0.117E-17    0.117E-17
    15.000     0.663    0.856E-01    0.131E-01    0.204E-02    0.318E-03    0.318E-03    0.132E-03    0.132E-03    0.875E-05    0.875E-05    0.113E-17    0.113E-17
    15.000     0.664    0.848E-01    0.130E-01    0.200E-02    0.311E-03    0.311E-03    0.130E-03    0.130E-03    0.856E-05    0.856E-05    0.109E-17    0.109E-17
    15.000     0.665    0.841E-01    0.128E-01    0.197E-02    0.305E-03    0.305E-03    0.127E-03    0.127E-03    0.837E-05    0.837E-05    0.105E-17    0.105E-17
    15.000     0.666    0.833E-01    0.126E-01    0.193E-02    0.298E-03    0.298E-03    0.124E-03    0.124E-03    0.819E-05    0.819E-05    0.100E-17    0.100E-17
    15.000     0.667    0.826E-01    0.124E-01    0.190E-02    0.292E-03    0.292E-03    0.122E-03    0.122E-03    0.801E-05    0.801E-05    0.958E-18    0.958E-18
    15.000     0.668    0.818E-01    0.123E-01    0.186E-02    0.286E-03    0.286E-03    0.119E-03    0.119E-03    0.784E-05    0.784E-05    0.911E-18    0.911E-18
    15.000     0.669    0.811E-01    0.121E-01    0.183E-02    0.280E-03    0.280E-03    0.117E-03    0.117E-03    0.766E-05    0.766E-05    0.864E-18    0.864E-18
    15.000     0.670    0.804E-01    0.119E-01    0.180E-02    0.274E-03    0.274E-03    0.114E-03    0.114E-03    0.750E-05    0.750E-05    0.815E-18    0.815E-18
    15.000     0.671    0.796E-01    0.118E-01    0.177E-02    0.268E-03    0.268E-03    0.112E-03    0.112E-03    0.733E-05    0.733E-05    0.767E-18    0.767E-18
    15.000     0.672    0.789E-01    0.116E-01    0.174E-02    0.262E-03    0.262E-03    0.109E-03    0.109E-03    0.717E-05    0.717E-05    0.718E-18    0.718E-18
    15.000     0.673    0.782E-01    0.114E-01    0.171E-02    0.257E-03    0.257E-03    0.107E-03    0.107E-03    0.701E-05    0.701E-05    0.669E-18    0.669E-18
    15.000     0.674    0.775E-01    0.113E-01    0.168E-02    0.251E-03    0.251E-03    0.104E-03    0.104E-03    0.686E-05    0.686E-05    0.621E-18    0.621E-18
    15.000     0.675    0.768E-01    0.111E-01    0.165E-02    0.245E-03    0.245E-03    0.102E-03    0.102E-03    0.671E-05    0.671E-05    0.573E-18    0.573E-18
    15.000     0.676    0.761E-01    0.109E-01    0.162E-02    0.240E-03    0.240E-03    0.999E-04    0.999E-04    0.656E-05    0.656E-05    0.538E-18    0.538E-18
    15.000     0.677    0.754E-01    0.108E-01    0.159E-02    0.234E-03    0.234E-03    0.976E-04    0.976E-04    0.641E-05    0.641E-05    0.511E-18    0.511E-18
    15.000     0.678    0.747E-01    0.106E-01    0.156E-02    0.229E-03    0.229E-03    0.954E-04    0.954E-04    0.626E-05    0.626E-05    0.485E-18    0.485E-18
    15.000     0.679    0.740E-01    0.105E-01    0.153E-02    0.224E-03    0.224E-03    0.932E-04    0.932E-04    0.612E-05    0.612E-05    0.460E-18    0.460E-18
    15.000     0.680    0.733E-01    0.103E-01    0.150E-02    0.219E-03    0.219E-03    0.910E-04    0.910E-04    0.598E-05    0.598E-05    0.436E-18    0.436E-18
    15.000     0.681    0.726E-01    0.102E-01    0.148E-02    0.214E-03    0.214E-03    0.889E-04    0.889E-04    0.585E-05    0.585E-05    0.414E-18    0.414E-18
    15.000     0.682    0.719E-01    0.100E-01    0.145E-02    0.208E-03    0.208E-03    0.868E-04    0.868E-04    0.571E-05    0.571E-05    0.393E-18    0.393E-18
    15.000     0.683    0.712E-01    0.989E-02    0.142E-02    0.204E-03    0.204E-03    0.848E-04    0.848E-04    0.558E-05    0.558E-05    0.374E-18    0.374E-18
    15.000     0.684    0.706E-01    0.974E-02    0.140E-02    0.199E-03    0.199E-03    0.827E-04    0.827E-04    0.546E-05    0.546E-05    0.356E-18    0.356E-18
    15.000     0.685    0.699E-01    0.960E-02    0.137E-02    0.194E-03    0.194E-03    0.807E-04    0.807E-04    0.533E-05    0.533E-05    0.339E-18    0.339E-18
    15.000     0.686    0.692E-01    0.945E-02    0.135E-02    0.189E-03    0.189E-03    0.788E-04    0.788E-04    0.521E-05    0.521E-05    0.324E-18    0.324E-18
    15.000     0.687    0.685E-01    0.931E-02    0.132E-02    0.185E-03    0.185E-03    0.769E-04    0.769E-04    0.509E-05    0.509E-05    0.310E-18    0.310E-18
    15.000     0.688    0.679E-01    0.917E-02    0.130E-02    0.180E-03    0.180E-03    0.750E-04    0.750E-04    0.497E-05    0.497E-05    0.298E-18    0.298E-18
    15.000     0.689    0.672E-01    0.904E-02    0.127E-02    0.175E-03    0.175E-03    0.731E-04    0.731E-04    0.486E-05    0.486E-05    0.288E-18    0.288E-18
    15.000     0.690    0.666E-01    0.890E-02    0.125E-02    0.171E-03    0.171E-03    0.712E-04    0.712E-04    0.475E-05    0.475E-05    0.279E-18    0.279E-18
    15.000     0.691    0.659E-01    0.877E-02    0.123E-02    0.167E-03    0.167E-03    0.694E-04    0.694E-04    0.464E-05    0.464E-05    0.272E-18    0.272E-18
    15.000     0.692    0.653E-01    0.863E-02    0.121E-02    0.162E-03    0.162E-03    0.677E-04    0.677E-04    0.453E-05    0.453E-05    0.267E-18    0.267E-18
    15.000     0.693    0.646E-01    0.850E-02    0.118E-02    0.158E-03    0.158E-03    0.659E-04    0.659E-04    0.442E-05    0.442E-05    0.264E-18    0.264E-18
    15.000     0.694    0.640E-01    0.837E-02    0.116E-02    0.154E-03    0.154E-03    0.642E-04    0.642E-04    0.432E-05    0.432E-05    0.263E-18    0.263E-18
    15.000     0.695    0.634E-01    0.824E-02    0.114E-02    0.150E-03    0.150E-03    0.625E-04    0.625E-04    0.422E-05    0.422E-05    0.263E-18    0.263E-18
    15.000     0.696    0.627E-01    0.811E-02    0.112E-02    0.146E-03    0.146E-03    0.608E-04    0.608E-04    0.412E-05    0.412E-05    0.266E-18    0.266E-18
    15.000     0.697    0.621E-01    0.799E-02    0.110E-02    0.142E-03    0.142E-03    0.592E-04    0.592E-04    0.402E-05    0.402E-05    0.270E-18    0.270E-18
    15.000     0.698    0.615E-01    0.787E-02    0.108E-02    0.138E-03    0.138E-03    0.576E-04    0.576E-04    0.393E-05    0.393E-05    0.277E-18    0.277E-18
    15.000     0.699    0.609E-01    0.774E-02    0.106E-02    0.134E-03    0.134E-03    0.560E-04    0.560E-04    0.384E-05    0.384E-05    0.307E-18    0.307E-18
    15.000     0.700    0.603E-01    0.762E-02    0.104E-02    0.130E-03    0.130E-03    0.544E-04    0.544E-04    0.374E-05    0.374E-05    0.340E-18    0.340E-18
    15.000     0.701    0.596E-01    0.750E-02    0.102E-02    0.127E-03    0.127E-03    0.529E-04    0.529E-04    0.365E-05    0.365E-05    0.375E-18    0.375E-18
    15.000     0.702    0.590E-01    0.738E-02    0.998E-03    0.123E-03    0.123E-03    0.514E-04    0.514E-04    0.357E-05    0.357E-05    0.411E-18    0.411E-18
    15.000     0.703    0.584E-01    0.727E-02    0.979E-03    0.119E-03    0.119E-03    0.499E-04    0.499E-04    0.348E-05    0.348E-05    0.449E-18    0.449E-18
    15.000     0.704    0.578E-01    0.715E-02    0.960E-03    0.116E-03    0.116E-03    0.484E-04    0.484E-04    0.340E-05    0.340E-05    0.488E-18    0.488E-18
    15.000     0.705    0.572E-01    0.703E-02    0.941E-03    0.112E-03    0.112E-03    0.470E-04    0.470E-04    0.331E-05    0.331E-05    0.528E-18    0.528E-18
    15.000     0.706    0.567E-01    0.692E-02    0.923E-03    0.109E-03    0.109E-03    0.456E-04    0.456E-04    0.323E-05    0.323E-05    0.568E-18    0.568E-18
    15.000     0.707    0.561E-01    0.681E-02    0.906E-03    0.106E-03    0.106E-03    0.442E-04    0.442E-04    0.316E-05    0.316E-05    0.609E-18    0.609E-18
    15.000     0.708    0.555E-01    0.670E-02    0.888E-03    0.102E-03    0.102E-03    0.428E-04    0.428E-04    0.308E-05    0.308E-05    0.651E-18    0.651E-18
    15.000     0.709    0.549E-01    0.659E-02    0.871E-03    0.992E-04    0.992E-04    0.415E-04    0.415E-04    0.300E-05    0.300E-05    0.692E-18    0.692E-18
    15.000     0.710    0.543E-01    0.648E-02    0.854E-03    0.961E-04    0.961E-04    0.402E-04    0.402E-04    0.293E-05    0.293E-05    0.734E-18    0.734E-18
    15.000     0.711    0.537E-01    0.638E-02    0.838E-03    0.930E-04    0.930E-04    0.389E-04    0.389E-04    0.286E-05    0.286E-05    0.775E-18    0.775E-18
    15.000     0.712    0.532E-01    0.627E-02    0.821E-03    0.899E-04    0.899E-04    0.376E-04    0.376E-04    0.279E-05    0.279E-05    0.815E-18    0.815E-18
    15.000     0.713    0.526E-01    0.617E-02    0.805E-03    0.869E-04    0.869E-04    0.364E-04    0.364E-04    0.272E-05    0.272E-05    0.855E-18    0.855E-18
    15.000     0.714    0.521E-01    0.607E-02    0.790E-03    0.840E-04    0.840E-04    0.352E-04    0.352E-04    0.265E-05    0.265E-05    0.893E-18    0.893E-18
    15.000     0.715    0.515E-01    0.597E-02    0.774E-03    0.811E-04    0.811E-04    0.340E-04    0.340E-04    0.259E-05    0.259E-05    0.930E-18    0.930E-18
    15.000     0.716    0.509E-01    0.587E-02    0.759E-03    0.782E-04    0.782E-04    0.328E-04    0.328E-04    0.252E-05    0.252E-05    0.966E-18    0.966E-18
    15.000     0.717    0.504E-01    0.577E-02    0.744E-03    0.754E-04    0.754E-04    0.317E-04    0.317E-04    0.246E-05    0.246E-05    0.100E-17    0.100E-17
    15.000     0.718    0.498E-01    0.567E-02    0.729E-03    0.727E-04    0.727E-04    0.305E-04    0.305E-04    0.240E-05    0.240E-05    0.103E-17    0.103E-17
    15.000     0.719    0.493E-01    0.557E-02    0.715E-03    0.700E-04    0.700E-04    0.294E-04    0.294E-04    0.234E-05    0.234E-05    0.106E-17    0.106E-17
    15.000     0.720    0.488E-01    0.548E-02    0.701E-03    0.674E-04    0.674E-04    0.283E-04    0.283E-04    0.228E-05    0.228E-05    0.109E-17    0.109E-17
    15.000     0.721    0.482E-01    0.539E-02    0.687E-03    0.648E-04    0.648E-04    0.273E-04    0.273E-04    0.223E-05    0.223E-05    0.111E-17    0.111E-17
    15.000     0.722    0.477E-01    0.529E-02    0.673E-03    0.622E-04    0.622E-04    0.262E-04    0.262E-04    0.217E-05    0.217E-05    0.110E-17    0.110E-17
    15.000     0.723    0.472E-01    0.520E-02    0.660E-03    0.597E-04    0.597E-04    0.251E-04    0.251E-04    0.211E-05    0.211E-05    0.108E-17    0.108E-17
    15.000     0.724    0.466E-01    0.511E-02    0.646E-03    0.571E-04    0.571E-04    0.241E-04    0.241E-04    0.206E-05    0.206E-05    0.106E-17    0.106E-17
    15.000     0.725    0.461E-01    0.502E-02    0.633E-03    0.547E-04    0.547E-04    0.231E-04    0.231E-04    0.201E-05    0.201E-05    0.104E-17    0.104E-17
    15.000     0.726    0.456E-01    0.494E-02    0.621E-03    0.523E-04    0.523E-04    0.221E-04    0.221E-04    0.196E-05    0.196E-05    0.102E-17    0.102E-17
    15.000     0.727    0.451E-01    0.485E-02    0.608E-03    0.499E-04    0.499E-04    0.211E-04    0.211E-04    0.190E-05    0.190E-05    0.994E-18    0.994E-18
    15.000     0.728    0.446E-01    0.476E-02    0.596E-03    0.476E-04    0.476E-04    0.202E-04    0.202E-04    0.186E-05    0.186E-05    0.968E-18    0.968E-18
    15.000     0.729    0.441E-01    0.468E-02    0.583E-03    0.454E-04    0.454E-04    0.193E-04    0.193E-04    0.181E-05    0.181E-05    0.939E-18    0.939E-18
    15.000     0.730    0.436E-01    0.460E-02    0.572E-03    0.432E-04    0.432E-04    0.183E-04    0.183E-04    0.176E-05    0.176E-05    0.909E-18    0.909E-18
    15.000     0.731    0.431E-01    0.451E-02    0.560E-03    0.410E-04    0.410E-04    0.175E-04    0.175E-04    0.171E-05    0.171E-05    0.877E-18    0.877E-18
    15.000     0.732    0.426E-01    0.443E-02    0.548E-03    0.389E-04    0.389E-04    0.166E-04    0.166E-04    0.167E-05    0.167E-05    0.844E-18    0.844E-18
    15.000     0.733    0.421E-01    0.435E-02    0.537E-03    0.369E-04    0.369E-04    0.157E-04    0.157E-04    0.163E-05    0.163E-05    0.809E-18    0.809E-18
    15.000     0.734    0.416E-01    0.427E-02    0.526E-03    0.349E-04    0.349E-04    0.149E-04    0.149E-04    0.158E-05    0.158E-05    0.774E-18    0.774E-18
    15.000     0.735    0.411E-01    0.420E-02    0.515E-03    0.329E-04    0.329E-04    0.141E-04    0.141E-04    0.154E-05    0.154E-05    0.738E-18    0.738E-18
    15.000     0.736    0.406E-01    0.412E-02    0.504E-03    0.310E-04    0.310E-04    0.133E-04    0.133E-04    0.150E-05    0.150E-05    0.701E-18    0.701E-18
    15.000     0.737    0.401E-01    0.405E-02    0.494E-03    0.292E-04    0.292E-04    0.126E-04    0.126E-04    0.146E-05    0.146E-05    0.664E-18    0.664E-18
    15.000     0.738    0.397E-01    0.397E-02    0.484E-03    0.274E-04    0.274E-04    0.118E-04    0.118E-04    0.142E-05    0.142E-05    0.626E-18    0.626E-18
    15.000     0.739    0.392E-01    0.390E-02    0.474E-03    0.257E-04    0.257E-04    0.111E-04    0.111E-04    0.139E-05    0.139E-05    0.589E-18    0.589E-18
    15.000     0.740    0.387E-01    0.383E-02    0.464E-03    0.240E-04    0.240E-04    0.104E-04    0.104E-04    0.135E-05    0.135E-05    0.551E-18    0.551E-18
    15.000     0.741    0.383E-01    0.375E-02    0.454E-03    0.224E-04    0.224E-04    0.976E-05    0.976E-05    0.131E-05    0.131E-05    0.514E-18    0.514E-18
    15.000     0.742    0.378E-01    0.368E-02    0.444E-03    0.208E-04    0.208E-04    0.911E-05    0.911E-05    0.128E-05    0.128E-05    0.477E-18    0.477E-18
    15.000     0.743    0.374E-01    0.362E-02    0.435E-03    0.193E-04    0.193E-04    0.848E-05    0.848E-05    0.125E-05    0.125E-05    0.441E-18    0.441E-18
    15.000     0.744    0.369E-01    0.355E-02    0.426E-03    0.179E-04    0.179E-04    0.788E-05    0.788E-05    0.121E-05    0.121E-05    0.411E-18    0.411E-18
    15.000     0.745    0.365E-01    0.348E-02    0.417E-03    0.166E-04    0.166E-04    0.732E-05    0.732E-05    0.118E-05    0.118E-05    0.395E-18    0.395E-18
    15.000     0.746    0.360E-01    0.341E-02    0.408E-03    0.153E-04    0.153E-04    0.679E-05    0.679E-05    0.115E-05    0.115E-05    0.381E-18    0.381E-18
    15.000     0.747    0.356E-01    0.335E-02    0.399E-03    0.141E-04    0.141E-04    0.627E-05    0.627E-05    0.112E-05    0.112E-05    0.367E-18    0.367E-18
    15.000     0.748    0.351E-01    0.328E-02    0.390E-03    0.130E-04    0.130E-04    0.577E-05    0.577E-05    0.108E-05    0.108E-05    0.354E-18    0.354E-18
    15.000     0.749    0.347E-01    0.322E-02    0.382E-03    0.119E-04    0.119E-04    0.529E-05    0.529E-05    0.105E-05    0.105E-05    0.341E-18    0.341E-18
    15.000     0.750    0.343E-01    0.316E-02    0.374E-03    0.108E-04    0.108E-04    0.484E-05    0.484E-05    0.103E-05    0.103E-05    0.330E-18    0.330E-18
    15.000     0.751    0.338E-01    0.310E-02    0.366E-03    0.982E-05    0.982E-05    0.440E-05    0.440E-05    0.997E-06    0.997E-06    0.319E-18    0.319E-18
    15.000     0.752    0.334E-01    0.304E-02    0.358E-03    0.887E-05    0.887E-05    0.399E-05    0.399E-05    0.970E-06    0.970E-06    0.308E-18    0.308E-18
    15.000     0.753    0.330E-01    0.298E-02    0.350E-03    0.797E-05    0.797E-05    0.359E-05    0.359E-05    0.943E-06    0.943E-06    0.299E-18    0.299E-18
    15.000     0.754    0.326E-01    0.292E-02    0.342E-03    0.711E-05    0.711E-05    0.321E-05    0.321E-05    0.916E-06    0.916E-06    0.290E-18    0.290E-18
    15.000     0.755    0.322E-01    0.286E-02    0.335E-03    0.630E-05    0.630E-05    0.286E-05    0.286E-05    0.891E-06    0.891E-06    0.281E-18    0.281E-18
    15.000     0.756    0.317E-01    0.280E-02    0.327E-03    0.554E-05    0.554E-05    0.252E-05    0.252E-05    0.866E-06    0.866E-06    0.273E-18    0.273E-18
    15.000     0.757    0.313E-01    0.275E-02    0.320E-03    0.482E-05    0.482E-05    0.220E-05    0.220E-05    0.841E-06    0.841E-06    0.266E-18    0.266E-18
    15.000     0.758    0.309E-01    0.269E-02    0.313E-03    0.414E-05    0.414E-05    0.189E-05    0.189E-05    0.818E-06    0.818E-06    0.259E-18    0.259E-18
    15.000     0.759    0.305E-01    0.264E-02    0.306E-03    0.351E-05    0.351E-05    0.161E-05    0.161E-05    0.795E-06    0.795E-06    0.252E-18    0.252E-18
    15.000     0.760    0.301E-01    0.258E-02    0.299E-03    0.292E-05    0.292E-05    0.134E-05    0.134E-05    0.772E-06    0.772E-06    0.245E-18    0.245E-18
    15.000     0.761    0.297E-01    0.253E-02    0.293E-03    0.237E-05    0.237E-05    0.109E-05    0.109E-05    0.751E-06    0.751E-06    0.239E-18    0.239E-18
    15.000     0.762    0.293E-01    0.248E-02    0.286E-03    0.186E-05    0.186E-05    0.862E-06    0.862E-06    0.729E-06    0.729E-06    0.233E-18    0.233E-18
    15.000     0.763    0.290E-01    0.243E-02    0.280E-03    0.139E-05    0.139E-05    0.646E-06    0.646E-06    0.709E-06    0.709E-06    0.228E-18    0.228E-18
    15.000     0.764    0.286E-01    0.238E-02    0.273E-03    0.957E-06    0.957E-06    0.447E-06    0.447E-06    0.689E-06    0.689E-06    0.222E-18    0.222E-18
    15.000     0.765    0.282E-01    0.233E-02    0.267E-03    0.562E-06    0.562E-06    0.263E-06    0.263E-06    0.669E-06    0.669E-06    0.217E-18    0.217E-18
    15.000     0.766    0.278E-01    0.228E-02    0.261E-03    0.205E-06    0.205E-06    0.963E-07    0.963E-07    0.650E-06    0.650E-06    0.211E-18    0.211E-18
    15.000     0.767    0.274E-01    0.223E-02    0.255E-03    0.000E+00    0.000E+00    0.000E+00    0.000E+00    0.631E-06    0.631E-06    0.204E-18    0.204E-18
    15.000     0.768    0.271E-01    0.218E-02    0.249E-03    0.000E+00    0.000E+00    0.000E+00    0.000E+00    0.613E-06    0.613E-06    0.194E-18    0.194E-18
    15.000     0.769    0.267E-01    0.214E-02    0.244E-03    0.000E+00    0.000E+00    0.000E+00    0.000E+00    0.595E-06    0.595E-06    0.183E-18    0.183E-18
    15.000     0.770    0.263E-01    0.209E-02    0.238E-03    0.000E+00    0.000E+00    0.000E+00    0.000E+00    0.577E-06    0.577E-06    0.173E-18    0.173E-18
    15.000     0.771    0.260E-01    0.205E-02    0.233E-03    0.000E+00    0.000E+00    0.000E+00    0.000E+00    0.560E-06    0.560E-06    0.163E-18    0.163E-18
    15.000     0.772    0.256E-01    0.200E-02    0.227E-03    0.000E+00    0.000E+00    0.000E+00    0.000E+00    0.543E-06    0.543E-06    0.152E-18    0.152E-18
    15.000     0.773    0.253E-01    0.196E-02    0.222E-03    0.000E+00    0.000E+00    0.000E+00    0.000E+00    0.527E-06    0.527E-06    0.142E-18    0.142E-18
    15.000     0.774    0.249E-01    0.191E-02    0.217E-03    0.000E+00    0.000E+00    0.000E+00    0.000E+00    0.511E-06    0.511E-06    0.132E-18    0.132E-18
    15.000     0.775    0.246E-01    0.187E-02    0.212E-03    0.000E+00    0.000E+00    0.000E+00    0.000E+00    0.496E-06    0.496E-06    0.122E-18    0.122E-18
    15.000     0.776    0.242E-01    0.183E-02    0.207E-03    0.000E+00    0.000E+00    0.000E+00    0.000E+00    0.481E-06    0.481E-06    0.112E-18    0.112E-18
    15.000     0.777    0.239E-01    0.179E-02    0.202E-03    0.000E+00    0.000E+00    0.000E+00    0.000E+00    0.466E-06    0.466E-06    0.102E-18    0.102E-18
    15.000     0.778    0.235E-01    0.175E-02    0.197E-03    0.000E+00    0.000E+00    0.000E+00    0.000E+00    0.452E-06    0.452E-06    0.929E-19    0.929E-19
    15.000     0.779    0.232E-01    0.171E-02    0.192E-03    0.000E+00    0.000E+00    0.000E+00    0.000E+00    0.439E-06    0.439E-06    0.835E-19    0.835E-19
    15.000     0.780    0.229E-01    0.167E-02    0.188E-03    0.000E+00    0.000E+00    0.000E+00    0.000E+00    0.425E-06    0.425E-06    0.744E-19    0.744E-19
    15.000     0.781    0.225E-01    0.164E-02    0.183E-03    0.000E+00    0.000E+00    0.000E+00    0.000E+00    0.412E-06    0.412E-06    0.654E-19    0.654E-19
    15.000     0.782    0.222E-01    0.160E-02    0.179E-03    0.000E+00    0.000E+00    0.000E+00    0.000E+00    0.400E-06    0.400E-06    0.567E-19    0.567E-19
    15.000     0.783    0.219E-01    0.156E-02    0.175E-03    0.000E+00    0.000E+00    0.000E+00    0.000E+00    0.388E-06    0.388E-06    0.483E-19    0.483E-19
    15.000     0.784    0.216E-01    0.153E-02    0.170E-03    0.000E+00    0.000E+00    0.000E+00    0.000E+00    0.376E-06    0.376E-06    0.401E-19    0.401E-19
    15.000     0.785    0.212E-01    0.149E-02    0.166E-03    0.000E+00    0.000E+00    0.000E+00    0.000E+00    0.364E-06    0.364E-06    0.323E-19    0.323E-19
    15.000     0.786    0.209E-01    0.146E-02    0.162E-03    0.000E+00    0.000E+00    0.000E+00    0.000E+00    0.353E-06    0.353E-06    0.247E-19    0.247E-19
    15.000     0.787    0.206E-01    0.142E-02    0.158E-03    0.000E+00    0.000E+00    0.000E+00    0.000E+00    0.343E-06    0.343E-06    0.174E-19    0.174E-19
    15.000     0.788    0.203E-01    0.139E-02    0.154E-03    0.000E+00    0.000E+00    0.000E+00    0.000E+00    0.332E-06    0.332E-06    0.105E-19    0.105E-19
    15.000     0.789    0.200E-01    0.136E-02    0.151E-03    0.000E+00    0.000E+00    0.000E+00    0.000E+00    0.322E-06    0.322E-06    0.397E-20    0.397E-20
    15.000     0.790    0.197E-01    0.133E-02    0.147E-03    0.000E+00    0.000E+00    0.000E+00    0.000E+00    0.312E-06    0.312E-06    0.000E+00    0.000E+00
    15.000     0.791    0.194E-01    0.130E-02    0.143E-03    0.000E+00    0.000E+00    0.000E+00    0.000E+00    0.302E-06    0.302E-06    0.000E+00    0.000E+00
    15.000     0.792    0.191E-01    0.127E-02    0.140E-03    0.000E+00    0.000E+00    0.000E+00    0.000E+00    0.292E-06    0.292E-06    0.000E+00    0.000E+00
    15.000     0.793    0.188E-01    0.124E-02    0.136E-03    0.000E+00    0.000E+00    0.000E+00    0.000E+00    0.283E-06    0.283E-06    0.000E+00    0.000E+00
    15.000     0.794    0.185E-01    0.121E-02    0.133E-03    0.000E+00    0.000E+00    0.000E+00    0.000E+00    0.274E-06    0.274E-06    0.000E+00    0.000E+00
    15.000     0.795    0.182E-01    0.118E-02    0.129E-03    0.000E+00    0.000E+00    0.000E+00    0.000E+00    0.265E-06    0.265E-06    0.000E+00    0.000E+00
    15.000     0.796    0.180E-01    0.115E-02    0.126E-03    0.000E+00    0.000E+00    0.000E+00    0.000E+00    0.256E-06    0.256E-06    0.000E+00    0.000E+00
    15.000     0.797    0.177E-01    0.113E-02    0.123E-03    0.000E+00    0.000E+00    0.000E+00    0.000E+00    0.248E-06    0.248E-06    0.000E+00    0.000E+00
    15.000     0.798    0.174E-01    0.110E-02    0.120E-03    0.000E+00    0.000E+00    0.000E+00    0.000E+00    0.240E-06    0.240E-06    0.000E+00    0.000E+00
    15.000     0.799    0.171E-01    0.107E-02    0.117E-03    0.000E+00    0.000E+00    0.000E+00    0.000E+00    0.232E-06    0.232E-06    0.000E+00    0.000E+00
    15.000     0.800    0.169E-01    0.105E-02    0.114E-03    0.000E+00    0.000E+00    0.000E+00    0.000E+00    0.224E-06    0.224E-06    0.000E+00    0.000E+00
    15.000     0.801    0.166E-01    0.102E-02    0.111E-03    0.000E+00    0.000E+00    0.000E+00    0.000E+00    0.217E-06    0.217E-06    0.000E+00    0.000E+00
    15.000     0.802    0.163E-01    0.999E-03    0.108E-03    0.000E+00    0.000E+00    0.000E+00    0.000E+00    0.210E-06    0.210E-06    0.000E+00    0.000E+00
    15.000     0.803    0.161E-01    0.976E-03    0.105E-03    0.000E+00    0.000E+00    0.000E+00    0.000E+00    0.203E-06    0.203E-06    0.000E+00    0.000E+00
    15.000     0.804    0.158E-01    0.952E-03    0.102E-03    0.000E+00    0.000E+00    0.000E+00    0.000E+00    0.196E-06    0.196E-06    0.000E+00    0.000E+00
    15.000     0.805    0.155E-01    0.930E-03    0.997E-04    0.000E+00    0.000E+00    0.000E+00    0.000E+00    0.189E-06    0.189E-06    0.000E+00    0.000E+00
    15.000     0.806    0.153E-01    0.907E-03    0.971E-04    0.000E+00    0.000E+00    0.000E+00    0.000E+00    0.183E-06    0.183E-06    0.000E+00    0.000E+00
    15.000     0.807    0.150E-01    0.886E-03    0.945E-04    0.000E+00    0.000E+00    0.000E+00    0.000E+00    0.177E-06    0.177E-06    0.000E+00    0.000E+00
    15.000     0.808    0.148E-01    0.864E-03    0.921E-04    0.000E+00    0.000E+00    0.000E+00    0.000E+00    0.171E-06    0.171E-06    0.000E+00    0.000E+00
    15.000     0.809    0.145E-01    0.843E-03    0.896E-04    0.000E+00    0.000E+00    0.000E+00    0.000E+00    0.166E-06    0.166E-06    0.000E+00    0.000E+00
    15.000     0.810    0.143E-01    0.823E-03    0.873E-04    0.000E+00    0.000E+00    0.000E+00    0.000E+00    0.160E-06    0.160E-06    0.000E+00    0.000E+00
    15.000     0.811    0.141E-01    0.803E-03    0.849E-04    0.000E+00    0.000E+00    0.000E+00    0.000E+00    0.155E-06    0.155E-06    0.000E+00    0.000E+00
    15.000     0.812    0.138E-01    0.783E-03    0.827E-04    0.000E+00    0.000E+00    0.000E+00    0.000E+00    0.150E-06    0.150E-06    0.000E+00    0.000E+00
    15.000     0.813    0.136E-01    0.764E-03    0.805E-04    0.000E+00    0.000E+00    0.000E+00    0.000E+00    0.144E-06    0.144E-06    0.000E+00    0.000E+00
    15.000     0.814    0.134E-01    0.744E-03    0.783E-04    0.000E+00    0.000E+00    0.000E+00    0.000E+00    0.139E-06    0.139E-06    0.000E+00    0.000E+00
    15.000     0.815    0.131E-01    0.725E-03    0.761E-04    0.000E+00    0.000E+00    0.000E+00    0.000E+00    0.134E-06    0.134E-06    0.000E+00    0.000E+00
    15.000     0.816    0.129E-01    0.706E-03    0.740E-04    0.000E+00    0.000E+00    0.000E+00    0.000E+00    0.130E-06    0.130E-06    0.000E+00    0.000E+00
    15.000     0.817    0.127E-01    0.687E-03    0.719E-04    0.000E+00    0.000E+00    0.000E+00    0.000E+00    0.125E-06    0.125E-06    0.000E+00    0.000E+00
    15.000     0.818    0.124E-01    0.669E-03    0.699E-04    0.000E+00    0.000E+00    0.000E+00    0.000E+00    0.121E-06    0.121E-06    0.000E+00    0.000E+00
    15.000     0.819    0.122E-01    0.651E-03    0.680E-04    0.000E+00    0.000E+00    0.000E+00    0.000E+00    0.116E-06    0.116E-06    0.000E+00    0.000E+00
    15.000     0.820    0.120E-01    0.634E-03    0.661E-04    0.000E+00    0.000E+00    0.000E+00    0.000E+00    0.112E-06    0.112E-06    0.000E+00    0.000E+00
    15.000     0.821    0.118E-01    0.616E-03    0.642E-04    0.000E+00    0.000E+00    0.000E+00    0.000E+00    0.108E-06    0.108E-06    0.000E+00    0.000E+00
    15.000     0.822    0.116E-01    0.600E-03    0.624E-04    0.000E+00    0.000E+00    0.000E+00    0.000E+00    0.104E-06    0.104E-06    0.000E+00    0.000E+00
    15.000     0.823    0.114E-01    0.583E-03    0.606E-04    0.000E+00    0.000E+00    0.000E+00    0.000E+00    0.100E-06    0.100E-06    0.000E+00    0.000E+00
    15.000     0.824    0.112E-01    0.567E-03    0.589E-04    0.000E+00    0.000E+00    0.000E+00    0.000E+00    0.967E-07    0.967E-07    0.000E+00    0.000E+00
    15.000     0.825    0.110E-01    0.551E-03    0.572E-04    0.000E+00    0.000E+00    0.000E+00    0.000E+00    0.932E-07    0.932E-07    0.000E+00    0.000E+00
    15.000     0.826    0.108E-01    0.536E-03    0.556E-04    0.000E+00    0.000E+00    0.000E+00    0.000E+00    0.898E-07    0.898E-07    0.000E+00    0.000E+00
    15.000     0.827    0.106E-01    0.521E-03    0.540E-04    0.000E+00    0.000E+00    0.000E+00    0.000E+00    0.865E-07    0.865E-07    0.000E+00    0.000E+00
    15.000     0.828    0.104E-01    0.506E-03    0.524E-04    0.000E+00    0.000E+00    0.000E+00    0.000E+00    0.833E-07    0.833E-07    0.000E+00    0.000E+00
    15.000     0.829    0.102E-01    0.492E-03    0.509E-04    0.000E+00    0.000E+00    0.000E+00    0.000E+00    0.803E-07    0.803E-07    0.000E+00    0.000E+00
    15.000     0.830    0.998E-02    0.478E-03    0.494E-04    0.000E+00    0.000E+00    0.000E+00    0.000E+00    0.773E-07    0.773E-07    0.000E+00    0.000E+00
    15.000     0.831    0.979E-02    0.464E-03    0.480E-04    0.000E+00    0.000E+00    0.000E+00    0.000E+00    0.745E-07    0.745E-07    0.000E+00    0.000E+00
    15.000     0.832    0.960E-02    0.450E-03    0.466E-04    0.000E+00    0.000E+00    0.000E+00    0.000E+00    0.718E-07    0.718E-07    0.000E+00    0.000E+00
    15.000     0.833    0.941E-02    0.437E-03    0.452E-04    0.000E+00    0.000E+00    0.000E+00    0.000E+00    0.691E-07    0.691E-07    0.000E+00    0.000E+00
    15.000     0.834    0.923E-02    0.424E-03    0.439E-04    0.000E+00    0.000E+00    0.000E+00    0.000E+00    0.666E-07    0.666E-07    0.000E+00    0.000E+00
    15.000     0.835    0.905E-02    0.412E-03    0.426E-04    0.000E+00    0.000E+00    0.000E+00    0.000E+00    0.641E-07    0.641E-07    0.000E+00    0.000E+00
    15.000     0.836    0.887E-02    0.399E-03    0.413E-04    0.000E+00    0.000E+00    0.000E+00    0.000E+00    0.618E-07    0.618E-07    0.000E+00    0.000E+00
    15.000     0.837    0.870E-02    0.388E-03    0.401E-04    0.000E+00    0.000E+00    0.000E+00    0.000E+00    0.593E-07    0.593E-07    0.000E+00    0.000E+00
    15.000     0.838    0.852E-02    0.376E-03    0.388E-04    0.000E+00    0.000E+00    0.000E+00    0.000E+00    0.570E-07    0.570E-07    0.000E+00    0.000E+00
    15.000     0.839    0.835E-02    0.364E-03    0.376E-04    0.000E+00    0.000E+00    0.000E+00    0.000E+00    0.547E-07    0.547E-07    0.000E+00    0.000E+00
    15.000     0.840    0.819E-02    0.353E-03    0.365E-04    0.000E+00    0.000E+00    0.000E+00    0.000E+00    0.525E-07    0.525E-07    0.000E+00    0.000E+00
    15.000     0.841    0.802E-02    0.342E-03    0.353E-04    0.000E+00    0.000E+00    0.000E+00    0.000E+00    0.504E-07    0.504E-07    0.000E+00    0.000E+00
    15.000     0.842    0.786E-02    0.332E-03    0.342E-04    0.000E+00    0.000E+00    0.000E+00    0.000E+00    0.484E-07    0.484E-07    0.000E+00    0.000E+00
    15.000     0.843    0.769E-02    0.322E-03    0.331E-04    0.000E+00    0.000E+00    0.000E+00    0.000E+00    0.464E-07    0.464E-07    0.000E+00    0.000E+00
    15.000     0.844    0.753E-02    0.312E-03    0.321E-04    0.000E+00    0.000E+00    0.000E+00    0.000E+00    0.446E-07    0.446E-07    0.000E+00    0.000E+00
    15.000     0.845    0.738E-02    0.302E-03    0.311E-04    0.000E+00    0.000E+00    0.000E+00    0.000E+00    0.428E-07    0.428E-07    0.000E+00    0.000E+00
    15.000     0.846    0.722E-02    0.292E-03    0.301E-04    0.000E+00    0.000E+00    0.000E+00    0.000E+00    0.410E-07    0.410E-07    0.000E+00    0.000E+00
    15.000     0.847    0.707E-02    0.283E-03    0.291E-04    0.000E+00    0.000E+00    0.000E+00    0.000E+00    0.393E-07    0.393E-07    0.000E+00    0.000E+00
    15.000     0.848    0.692E-02    0.274E-03    0.282E-04    0.000E+00    0.000E+00    0.000E+00    0.000E+00    0.377E-07    0.377E-07    0.000E+00    0.000E+00
    15.000     0.849    0.677E-02    0.265E-03    0.273E-04    0.000E+00    0.000E+00    0.000E+00    0.000E+00    0.362E-07    0.362E-07    0.000E+00    0.000E+00
    15.000     0.850    0.663E-02    0.257E-03    0.264E-04    0.000E+00    0.000E+00    0.000E+00    0.000E+00    0.347E-07    0.347E-07    0.000E+00    0.000E+00
    15.000     0.851    0.648E-02    0.248E-03    0.255E-04    0.000E+00    0.000E+00    0.000E+00    0.000E+00    0.333E-07    0.333E-07    0.000E+00    0.000E+00
    15.000     0.852    0.634E-02    0.240E-03    0.247E-04    0.000E+00    0.000E+00    0.000E+00    0.000E+00    0.319E-07    0.319E-07    0.000E+00    0.000E+00
    15.000     0.853    0.620E-02    0.232E-03    0.239E-04    0.000E+00    0.000E+00    0.000E+00    0.000E+00    0.306E-07    0.306E-07    0.000E+00    0.000E+00
    15.000     0.854    0.606E-02    0.225E-03    0.231E-04    0.000E+00    0.000E+00    0.000E+00    0.000E+00    0.293E-07    0.293E-07    0.000E+00    0.000E+00
    15.000     0.855    0.593E-02    0.217E-03    0.223E-04    0.000E+00    0.000E+00    0.000E+00    0.000E+00    0.281E-07    0.281E-07    0.000E+00    0.000E+00
    15.000     0.856    0.579E-02    0.210E-03    0.216E-04    0.000E+00    0.000E+00    0.000E+00    0.000E+00    0.270E-07    0.270E-07    0.000E+00    0.000E+00
    15.000     0.857    0.566E-02    0.203E-03    0.209E-04    0.000E+00    0.000E+00    0.000E+00    0.000E+00    0.259E-07    0.259E-07    0.000E+00    0.000E+00
    15.000     0.858    0.553E-02    0.196E-03    0.202E-04    0.000E+00    0.000E+00    0.000E+00    0.000E+00    0.248E-07    0.248E-07    0.000E+00    0.000E+00
    15.000     0.859    0.541E-02    0.189E-03    0.195E-04    0.000E+00    0.000E+00    0.000E+00    0.000E+00    0.238E-07    0.238E-07    0.000E+00    0.000E+00
    15.000     0.860    0.528E-02    0.183E-03    0.188E-04    0.000E+00    0.000E+00    0.000E+00    0.000E+00    0.227E-07    0.227E-07    0.000E+00    0.000E+00
    15.000     0.861    0.516E-02    0.176E-03    0.182E-04    0.000E+00    0.000E+00    0.000E+00    0.000E+00    0.217E-07    0.217E-07    0.000E+00    0.000E+00
    15.000     0.862    0.504E-02    0.170E-03    0.175E-04    0.000E+00    0.000E+00    0.000E+00    0.000E+00    0.207E-07    0.207E-07    0.000E+00    0.000E+00
    15.000     0.863    0.492E-02    0.164E-03    0.169E-04    0.000E+00    0.000E+00    0.000E+00    0.000E+00    0.198E-07    0.198E-07    0.000E+00    0.000E+00
    15.000     0.864    0.480E-02    0.158E-03    0.163E-04    0.000E+00    0.000E+00    0.000E+00    0.000E+00    0.188E-07    0.188E-07    0.000E+00    0.000E+00
    15.000     0.865    0.468E-02    0.152E-03    0.157E-04    0.000E+00    0.000E+00    0.000E+00    0.000E+00    0.180E-07    0.180E-07    0.000E+00    0.000E+00
    15.000     0.866    0.457E-02    0.147E-03    0.151E-04    0.000E+00    0.000E+00    0.000E+00    0.000E+00    0.171E-07    0.171E-07    0.000E+00    0.000E+00
    15.000     0.867    0.446E-02    0.142E-03    0.146E-04    0.000E+00    0.000E+00    0.000E+00    0.000E+00    0.163E-07    0.163E-07    0.000E+00    0.000E+00
    15.000     0.868    0.435E-02    0.136E-03    0.140E-04    0.000E+00    0.000E+00    0.000E+00    0.000E+00    0.156E-07    0.156E-07    0.000E+00    0.000E+00
    15.000     0.869    0.424E-02    0.131E-03    0.135E-04    0.000E+00    0.000E+00    0.000E+00    0.000E+00    0.148E-07    0.148E-07    0.000E+00    0.000E+00
    15.000     0.870    0.413E-02    0.126E-03    0.130E-04    0.000E+00    0.000E+00    0.000E+00    0.000E+00    0.141E-07    0.141E-07    0.000E+00    0.000E+00
    15.000     0.871    0.403E-02    0.122E-03    0.125E-04    0.000E+00    0.000E+00    0.000E+00    0.000E+00    0.135E-07    0.135E-07    0.000E+00    0.000E+00
    15.000     0.872    0.393E-02    0.117E-03    0.121E-04    0.000E+00    0.000E+00    0.000E+00    0.000E+00    0.128E-07    0.128E-07    0.000E+00    0.000E+00
    15.000     0.873    0.383E-02    0.113E-03    0.116E-04    0.000E+00    0.000E+00    0.000E+00    0.000E+00    0.122E-07    0.122E-07    0.000E+00    0.000E+00
    15.000     0.874    0.373E-02    0.108E-03    0.112E-04    0.000E+00    0.000E+00    0.000E+00    0.000E+00    0.116E-07    0.116E-07    0.000E+00    0.000E+00
    15.000     0.875    0.363E-02    0.104E-03    0.108E-04    0.000E+00    0.000E+00    0.000E+00    0.000E+00    0.111E-07    0.111E-07    0.000E+00    0.000E+00
    15.000     0.876    0.353E-02    0.100E-03    0.104E-04    0.000E+00    0.000E+00    0.000E+00    0.000E+00    0.106E-07    0.106E-07    0.000E+00    0.000E+00
    15.000     0.877    0.344E-02    0.963E-04    0.996E-05    0.000E+00    0.000E+00    0.000E+00    0.000E+00    0.101E-07    0.101E-07    0.000E+00    0.000E+00
    15.000     0.878    0.335E-02    0.925E-04    0.957E-05    0.000E+00    0.000E+00    0.000E+00    0.000E+00    0.960E-08    0.960E-08    0.000E+00    0.000E+00
    15.000     0.879    0.326E-02    0.889E-04    0.920E-05    0.000E+00    0.000E+00    0.000E+00    0.000E+00    0.914E-08    0.914E-08    0.000E+00    0.000E+00
    15.000     0.880    0.317E-02    0.854E-04    0.885E-05    0.000E+00    0.000E+00    0.000E+00    0.000E+00    0.872E-08    0.872E-08    0.000E+00    0.000E+00
    15.000     0.881    0.308E-02    0.820E-04    0.850E-05    0.000E+00    0.000E+00    0.000E+00    0.000E+00    0.831E-08    0.831E-08    0.000E+00    0.000E+00
    15.000     0.882    0.300E-02    0.788E-04    0.817E-05    0.000E+00    0.000E+00    0.000E+00    0.000E+00    0.792E-08    0.792E-08    0.000E+00    0.000E+00
    15.000     0.883    0.291E-02    0.755E-04    0.784E-05    0.000E+00    0.000E+00    0.000E+00    0.000E+00    0.753E-08    0.753E-08    0.000E+00    0.000E+00
    15.000     0.884    0.283E-02    0.724E-04    0.752E-05    0.000E+00    0.000E+00    0.000E+00    0.000E+00    0.712E-08    0.712E-08    0.000E+00    0.000E+00
    15.000     0.885    0.275E-02    0.693E-04    0.720E-05    0.000E+00    0.000E+00    0.000E+00    0.000E+00    0.674E-08    0.674E-08    0.000E+00    0.000E+00
    15.000     0.886    0.267E-02    0.664E-04    0.690E-05    0.000E+00    0.000E+00    0.000E+00    0.000E+00    0.637E-08    0.637E-08    0.000E+00    0.000E+00
    15.000     0.887    0.260E-02    0.635E-04    0.661E-05    0.000E+00    0.000E+00    0.000E+00    0.000E+00    0.602E-08    0.602E-08    0.000E+00    0.000E+00
    15.000     0.888    0.252E-02    0.608E-04    0.632E-05    0.000E+00    0.000E+00    0.000E+00    0.000E+00    0.569E-08    0.569E-08    0.000E+00    0.000E+00
    15.000     0.889    0.245E-02    0.581E-04    0.605E-05    0.000E+00    0.000E+00    0.000E+00    0.000E+00    0.537E-08    0.537E-08    0.000E+00    0.000E+00
    15.000     0.890    0.237E-02    0.556E-04    0.579E-05    0.000E+00    0.000E+00    0.000E+00    0.000E+00    0.507E-08    0.507E-08    0.000E+00    0.000E+00
    15.000     0.891    0.230E-02    0.531E-04    0.554E-05    0.000E+00    0.000E+00    0.000E+00    0.000E+00    0.479E-08    0.479E-08    0.000E+00    0.000E+00
    15.000     0.892    0.223E-02    0.508E-04    0.529E-05    0.000E+00    0.000E+00    0.000E+00    0.000E+00    0.452E-08    0.452E-08    0.000E+00    0.000E+00
    15.000     0.893    0.216E-02    0.485E-04    0.506E-05    0.000E+00    0.000E+00    0.000E+00    0.000E+00    0.426E-08    0.426E-08    0.000E+00    0.000E+00
    15.000     0.894    0.210E-02    0.463E-04    0.483E-05    0.000E+00    0.000E+00    0.000E+00    0.000E+00    0.402E-08    0.402E-08    0.000E+00    0.000E+00
    15.000     0.895    0.203E-02    0.442E-04    0.462E-05    0.000E+00    0.000E+00    0.000E+00    0.000E+00    0.379E-08    0.379E-08    0.000E+00    0.000E+00
    15.000     0.896    0.197E-02    0.422E-04    0.441E-05    0.000E+00    0.000E+00    0.000E+00    0.000E+00    0.358E-08    0.358E-08    0.000E+00    0.000E+00
    15.000     0.897    0.190E-02    0.402E-04    0.421E-05    0.000E+00    0.000E+00    0.000E+00    0.000E+00    0.337E-08    0.337E-08    0.000E+00    0.000E+00
    15.000     0.898    0.184E-02    0.384E-04    0.402E-05    0.000E+00    0.000E+00    0.000E+00    0.000E+00    0.318E-08    0.318E-08    0.000E+00    0.000E+00
    15.000     0.899    0.178E-02    0.366E-04    0.383E-05    0.000E+00    0.000E+00    0.000E+00    0.000E+00    0.300E-08    0.300E-08    0.000E+00    0.000E+00
    15.000     0.900    0.173E-02    0.349E-04    0.366E-05    0.000E+00    0.000E+00    0.000E+00    0.000E+00    0.283E-08    0.283E-08    0.000E+00    0.000E+00
    15.000     0.901    0.167E-02    0.333E-04    0.349E-05    0.000E+00    0.000E+00    0.000E+00    0.000E+00    0.267E-08    0.267E-08    0.000E+00    0.000E+00
    15.000     0.902    0.161E-02    0.317E-04    0.332E-05    0.000E+00    0.000E+00    0.000E+00    0.000E+00    0.252E-08    0.252E-08    0.000E+00    0.000E+00
    15.000     0.903    0.156E-02    0.302E-04    0.317E-05    0.000E+00    0.000E+00    0.000E+00    0.000E+00    0.239E-08    0.239E-08    0.000E+00    0.000E+00
    15.000     0.904    0.150E-02    0.288E-04    0.302E-05    0.000E+00    0.000E+00    0.000E+00    0.000E+00    0.226E-08    0.226E-08    0.000E+00    0.000E+00
    15.000     0.905    0.145E-02    0.274E-04    0.288E-05    0.000E+00    0.000E+00    0.000E+00    0.000E+00    0.213E-08    0.213E-08    0.000E+00    0.000E+00
    15.000     0.906    0.140E-02    0.261E-04    0.274E-05    0.000E+00    0.000E+00    0.000E+00    0.000E+00    0.202E-08    0.202E-08    0.114E-22    0.114E-22
    15.000     0.907    0.135E-02    0.247E-04    0.260E-05    0.000E+00    0.000E+00    0.000E+00    0.000E+00    0.188E-08    0.188E-08    0.983E-22    0.983E-22
    15.000     0.908    0.130E-02    0.235E-04    0.247E-05    0.000E+00    0.000E+00    0.000E+00    0.000E+00    0.176E-08    0.176E-08    0.189E-21    0.189E-21
    15.000     0.909    0.126E-02    0.222E-04    0.234E-05    0.000E+00    0.000E+00    0.000E+00    0.000E+00    0.164E-08    0.164E-08    0.282E-21    0.282E-21
    15.000     0.910    0.121E-02    0.210E-04    0.221E-05    0.000E+00    0.000E+00    0.000E+00    0.000E+00    0.152E-08    0.152E-08    0.379E-21    0.379E-21
    15.000     0.911    0.117E-02    0.199E-04    0.209E-05    0.000E+00    0.000E+00    0.000E+00    0.000E+00    0.142E-08    0.142E-08    0.477E-21    0.477E-21
    15.000     0.912    0.112E-02    0.188E-04    0.198E-05    0.000E+00    0.000E+00    0.000E+00    0.000E+00    0.132E-08    0.132E-08    0.578E-21    0.578E-21
    15.000     0.913    0.108E-02    0.178E-04    0.187E-05    0.000E+00    0.000E+00    0.000E+00    0.000E+00    0.122E-08    0.122E-08    0.680E-21    0.680E-21
    15.000     0.914    0.104E-02    0.168E-04    0.177E-05    0.000E+00    0.000E+00    0.000E+00    0.000E+00    0.113E-08    0.113E-08    0.783E-21    0.783E-21
    15.000     0.915    0.100E-02    0.159E-04    0.167E-05    0.000E+00    0.000E+00    0.000E+00    0.000E+00    0.105E-08    0.105E-08    0.886E-21    0.886E-21
    15.000     0.916    0.960E-03    0.150E-04    0.158E-05    0.000E+00    0.000E+00    0.000E+00    0.000E+00    0.976E-09    0.976E-09    0.990E-21    0.990E-21
    15.000     0.917    0.922E-03    0.141E-04    0.149E-05    0.000E+00    0.000E+00    0.000E+00    0.000E+00    0.904E-09    0.904E-09    0.109E-20    0.109E-20
    15.000     0.918    0.886E-03    0.133E-04    0.140E-05    0.000E+00    0.000E+00    0.000E+00    0.000E+00    0.838E-09    0.838E-09    0.120E-20    0.120E-20
    15.000     0.919    0.850E-03    0.126E-04    0.132E-05    0.000E+00    0.000E+00    0.000E+00    0.000E+00    0.777E-09    0.777E-09    0.130E-20    0.130E-20
    15.000     0.920    0.815E-03    0.118E-04    0.125E-05    0.000E+00    0.000E+00    0.000E+00    0.000E+00    0.721E-09    0.721E-09    0.140E-20    0.140E-20
    15.000     0.921    0.781E-03    0.112E-04    0.117E-05    0.000E+00    0.000E+00    0.000E+00    0.000E+00    0.669E-09    0.669E-09    0.149E-20    0.149E-20
    15.000     0.922    0.748E-03    0.105E-04    0.111E-05    0.000E+00    0.000E+00    0.000E+00    0.000E+00    0.622E-09    0.622E-09    0.159E-20    0.159E-20
    15.000     0.923    0.716E-03    0.991E-05    0.104E-05    0.000E+00    0.000E+00    0.000E+00    0.000E+00    0.578E-09    0.578E-09    0.168E-20    0.168E-20
    15.000     0.924    0.686E-03    0.933E-05    0.979E-06    0.000E+00    0.000E+00    0.000E+00    0.000E+00    0.539E-09    0.539E-09    0.177E-20    0.177E-20
    15.000     0.925    0.656E-03    0.879E-05    0.921E-06    0.000E+00    0.000E+00    0.000E+00    0.000E+00    0.503E-09    0.503E-09    0.186E-20    0.186E-20
    15.000     0.926    0.627E-03    0.828E-05    0.867E-06    0.000E+00    0.000E+00    0.000E+00    0.000E+00    0.470E-09    0.470E-09    0.194E-20    0.194E-20
    15.000     0.927    0.599E-03    0.780E-05    0.816E-06    0.000E+00    0.000E+00    0.000E+00    0.000E+00    0.441E-09    0.441E-09    0.201E-20    0.201E-20
    15.000     0.928    0.571E-03    0.735E-05    0.767E-06    0.000E+00    0.000E+00    0.000E+00    0.000E+00    0.414E-09    0.414E-09    0.208E-20    0.208E-20
    15.000     0.929    0.545E-03    0.693E-05    0.722E-06    0.000E+00    0.000E+00    0.000E+00    0.000E+00    0.391E-09    0.391E-09    0.215E-20    0.215E-20
    15.000     0.930    0.520E-03    0.648E-05    0.674E-06    0.000E+00    0.000E+00    0.000E+00    0.000E+00    0.360E-09    0.360E-09    0.216E-20    0.216E-20
    15.000     0.931    0.495E-03    0.604E-05    0.627E-06    0.000E+00    0.000E+00    0.000E+00    0.000E+00    0.328E-09    0.328E-09    0.214E-20    0.214E-20
    15.000     0.932    0.471E-03    0.562E-05    0.583E-06    0.000E+00    0.000E+00    0.000E+00    0.000E+00    0.298E-09    0.298E-09    0.212E-20    0.212E-20
    15.000     0.933    0.448E-03    0.522E-05    0.541E-06    0.000E+00    0.000E+00    0.000E+00    0.000E+00    0.270E-09    0.270E-09    0.209E-20    0.209E-20
    15.000     0.934    0.425E-03    0.484E-05    0.501E-06    0.000E+00    0.000E+00    0.000E+00    0.000E+00    0.244E-09    0.244E-09    0.206E-20    0.206E-20
    15.000     0.935    0.404E-03    0.449E-05    0.464E-06    0.000E+00    0.000E+00    0.000E+00    0.000E+00    0.220E-09    0.220E-09    0.202E-20    0.202E-20
    15.000     0.936    0.383E-03    0.416E-05    0.429E-06    0.000E+00    0.000E+00    0.000E+00    0.000E+00    0.198E-09    0.198E-09    0.197E-20    0.197E-20
    15.000     0.937    0.363E-03    0.385E-05    0.396E-06    0.000E+00    0.000E+00    0.000E+00    0.000E+00    0.178E-09    0.178E-09    0.192E-20    0.192E-20
    15.000     0.938    0.343E-03    0.356E-05    0.365E-06    0.000E+00    0.000E+00    0.000E+00    0.000E+00    0.160E-09    0.160E-09    0.187E-20    0.187E-20
    15.000     0.939    0.325E-03    0.329E-05    0.336E-06    0.000E+00    0.000E+00    0.000E+00    0.000E+00    0.144E-09    0.144E-09    0.181E-20    0.181E-20
    15.000     0.940    0.307E-03    0.304E-05    0.309E-06    0.000E+00    0.000E+00    0.000E+00    0.000E+00    0.129E-09    0.129E-09    0.175E-20    0.175E-20
    15.000     0.941    0.290E-03    0.280E-05    0.284E-06    0.000E+00    0.000E+00    0.000E+00    0.000E+00    0.116E-09    0.116E-09    0.169E-20    0.169E-20
    15.000     0.942    0.273E-03    0.259E-05    0.261E-06    0.000E+00    0.000E+00    0.000E+00    0.000E+00    0.105E-09    0.105E-09    0.163E-20    0.163E-20
    15.000     0.943    0.257E-03    0.239E-05    0.240E-06    0.000E+00    0.000E+00    0.000E+00    0.000E+00    0.947E-10    0.947E-10    0.156E-20    0.156E-20
    15.000     0.944    0.242E-03    0.220E-05    0.220E-06    0.000E+00    0.000E+00    0.000E+00    0.000E+00    0.859E-10    0.859E-10    0.149E-20    0.149E-20
    15.000     0.945    0.228E-03    0.203E-05    0.202E-06    0.000E+00    0.000E+00    0.000E+00    0.000E+00    0.784E-10    0.784E-10    0.141E-20    0.141E-20
    15.000     0.946    0.214E-03    0.187E-05    0.186E-06    0.000E+00    0.000E+00    0.000E+00    0.000E+00    0.720E-10    0.720E-10    0.134E-20    0.134E-20
    15.000     0.947    0.200E-03    0.173E-05    0.170E-06    0.000E+00    0.000E+00    0.000E+00    0.000E+00    0.667E-10    0.667E-10    0.126E-20    0.126E-20
    15.000     0.948    0.188E-03    0.160E-05    0.157E-06    0.000E+00    0.000E+00    0.000E+00    0.000E+00    0.625E-10    0.625E-10    0.119E-20    0.119E-20
    15.000     0.949    0.175E-03    0.148E-05    0.144E-06    0.000E+00    0.000E+00    0.000E+00    0.000E+00    0.592E-10    0.592E-10    0.111E-20    0.111E-20
    15.000     0.950    0.164E-03    0.138E-05    0.133E-06    0.000E+00    0.000E+00    0.000E+00    0.000E+00    0.567E-10    0.567E-10    0.103E-20    0.103E-20
    15.000     0.951    0.153E-03    0.128E-05    0.123E-06    0.000E+00    0.000E+00    0.000E+00    0.000E+00    0.549E-10    0.549E-10    0.953E-21    0.953E-21
    15.000     0.952    0.142E-03    0.119E-05    0.113E-06    0.000E+00    0.000E+00    0.000E+00    0.000E+00    0.539E-10    0.539E-10    0.876E-21    0.876E-21
    15.000     0.953    0.132E-03    0.111E-05    0.105E-06    0.245E-09    0.245E-09    0.981E-10    0.981E-10    0.523E-10    0.523E-10    0.804E-21    0.804E-21
    15.000     0.954    0.122E-03    0.991E-06    0.927E-07    0.162E-08    0.162E-08    0.647E-09    0.647E-09    0.460E-10    0.460E-10    0.757E-21    0.757E-21
    15.000     0.955    0.112E-03    0.883E-06    0.817E-07    0.304E-08    0.304E-08    0.122E-08    0.122E-08    0.402E-10    0.402E-10    0.711E-21    0.711E-21
    15.000     0.956    0.102E-03    0.782E-06    0.716E-07    0.451E-08    0.451E-08    0.180E-08    0.180E-08    0.349E-10    0.349E-10    0.666E-21    0.666E-21
    15.000     0.957    0.935E-04    0.689E-06    0.623E-07    0.601E-08    0.601E-08    0.241E-08    0.241E-08    0.300E-10    0.300E-10    0.621E-21    0.621E-21
    15.000     0.958    0.850E-04    0.604E-06    0.538E-07    0.755E-08    0.755E-08    0.302E-08    0.302E-08    0.256E-10    0.256E-10    0.578E-21    0.578E-21
    15.000     0.959    0.770E-04    0.525E-06    0.461E-07    0.911E-08    0.911E-08    0.364E-08    0.364E-08    0.215E-10    0.215E-10    0.536E-21    0.536E-21
    15.000     0.960    0.694E-04    0.453E-06    0.390E-07    0.107E-07    0.107E-07    0.427E-08    0.427E-08    0.179E-10    0.179E-10    0.495E-21    0.495E-21
    15.000     0.961    0.622E-04    0.388E-06    0.327E-07    0.123E-07    0.123E-07    0.491E-08    0.491E-08    0.147E-10    0.147E-10    0.456E-21    0.456E-21
    15.000     0.962    0.554E-04    0.328E-06    0.270E-07    0.138E-07    0.138E-07    0.554E-08    0.554E-08    0.119E-10    0.119E-10    0.417E-21    0.417E-21
    15.000     0.963    0.491E-04    0.275E-06    0.220E-07    0.154E-07    0.154E-07    0.617E-08    0.617E-08    0.936E-11    0.936E-11    0.380E-21    0.380E-21
    15.000     0.964    0.431E-04    0.227E-06    0.175E-07    0.170E-07    0.170E-07    0.680E-08    0.680E-08    0.719E-11    0.719E-11    0.343E-21    0.343E-21
    15.000     0.965    0.375E-04    0.185E-06    0.137E-07    0.185E-07    0.185E-07    0.741E-08    0.741E-08    0.534E-11    0.534E-11    0.308E-21    0.308E-21
    15.000     0.966    0.322E-04    0.148E-06    0.104E-07    0.200E-07    0.200E-07    0.802E-08    0.802E-08    0.379E-11    0.379E-11    0.274E-21    0.274E-21
    15.000     0.967    0.273E-04    0.116E-06    0.757E-08    0.215E-07    0.215E-07    0.861E-08    0.861E-08    0.252E-11    0.252E-11    0.242E-21    0.242E-21
    15.000     0.968    0.228E-04    0.880E-07    0.527E-08    0.230E-07    0.230E-07    0.919E-08    0.919E-08    0.152E-11    0.152E-11    0.210E-21    0.210E-21
    15.000     0.969    0.186E-04    0.648E-07    0.341E-08    0.243E-07    0.243E-07    0.974E-08    0.974E-08    0.758E-12    0.758E-12    0.180E-21    0.180E-21
    15.000     0.970    0.147E-04    0.456E-07    0.199E-08    0.257E-07    0.257E-07    0.103E-07    0.103E-07    0.230E-12    0.230E-12    0.152E-21    0.152E-21
    15.000     0.971    0.112E-04    0.303E-07    0.952E-09    0.269E-07    0.269E-07    0.108E-07    0.108E-07    0.000E+00    0.000E+00    0.124E-21    0.124E-21
    15.000     0.972    0.795E-05    0.185E-07    0.283E-09    0.281E-07    0.281E-07    0.113E-07    0.113E-07    0.000E+00    0.000E+00    0.980E-22    0.980E-22
    15.000     0.973    0.500E-05    0.100E-07    0.000E+00    0.292E-07    0.292E-07    0.117E-07    0.117E-07    0.000E+00    0.000E+00    0.733E-22    0.733E-22
    15.000     0.974    0.235E-05    0.454E-08    0.000E+00    0.303E-07    0.303E-07    0.121E-07    0.121E-07    0.519E-13    0.519E-13    0.500E-22    0.500E-22
    15.000     0.975    0.000E+00    0.180E-08    0.145E-09    0.312E-07    0.312E-07    0.125E-07    0.125E-07    0.401E-12    0.401E-12    0.280E-22    0.280E-22
    15.000     0.976    0.000E+00    0.152E-08    0.620E-09    0.320E-07    0.320E-07    0.128E-07    0.128E-07    0.872E-12    0.872E-12    0.755E-23    0.755E-23
    15.000     0.977    0.000E+00    0.343E-08    0.130E-08    0.327E-07    0.327E-07    0.131E-07    0.131E-07    0.145E-11    0.145E-11    0.000E+00    0.000E+00
    15.000     0.978    0.000E+00    0.725E-08    0.216E-08    0.333E-07    0.333E-07    0.133E-07    0.133E-07    0.211E-11    0.211E-11    0.000E+00    0.000E+00
    15.000     0.979    0.000E+00    0.127E-07    0.316E-08    0.338E-07    0.338E-07    0.135E-07    0.135E-07    0.283E-11    0.283E-11    0.000E+00    0.000E+00
    15.000     0.980    0.000E+00    0.195E-07    0.428E-08    0.341E-07    0.341E-07    0.136E-07    0.136E-07    0.360E-11    0.360E-11    0.000E+00    0.000E+00
    15.000     0.981    0.000E+00    0.274E-07    0.547E-08    0.343E-07    0.343E-07    0.137E-07    0.137E-07    0.441E-11    0.441E-11    0.000E+00    0.000E+00
    15.000     0.982    0.000E+00    0.361E-07    0.672E-08    0.343E-07    0.343E-07    0.137E-07    0.137E-07    0.522E-11    0.522E-11    0.000E+00    0.000E+00
    15.000     0.983    0.000E+00    0.452E-07    0.798E-08    0.342E-07    0.342E-07    0.137E-07    0.137E-07    0.602E-11    0.602E-11    0.000E+00    0.000E+00
    15.000     0.984    0.000E+00    0.547E-07    0.922E-08    0.339E-07    0.339E-07    0.136E-07    0.136E-07    0.680E-11    0.680E-11    0.000E+00    0.000E+00
    15.000     0.985    0.000E+00    0.640E-07    0.104E-07    0.334E-07    0.334E-07    0.134E-07    0.134E-07    0.754E-11    0.754E-11    0.000E+00    0.000E+00
    15.000     0.986    0.000E+00    0.730E-07    0.115E-07    0.328E-07    0.328E-07    0.131E-07    0.131E-07    0.820E-11    0.820E-11    0.000E+00    0.000E+00
    15.000     0.987    0.000E+00    0.814E-07    0.125E-07    0.319E-07    0.319E-07    0.128E-07    0.128E-07    0.879E-11    0.879E-11    0.000E+00    0.000E+00
    15.000     0.988    0.000E+00    0.888E-07    0.134E-07    0.309E-07    0.309E-07    0.124E-07    0.124E-07    0.927E-11    0.927E-11    0.000E+00    0.000E+00
    15.000     0.989    0.000E+00    0.951E-07    0.141E-07    0.297E-07    0.297E-07    0.119E-07    0.119E-07    0.963E-11    0.963E-11    0.000E+00    0.000E+00
    15.000     0.990    0.000E+00    0.998E-07    0.145E-07    0.282E-07    0.282E-07    0.113E-07    0.113E-07    0.985E-11    0.985E-11    0.000E+00    0.000E+00
    15.000     0.991    0.000E+00    0.103E-06    0.147E-07    0.265E-07    0.265E-07    0.106E-07    0.106E-07    0.991E-11    0.991E-11    0.000E+00    0.000E+00
    15.000     0.992    0.000E+00    0.104E-06    0.147E-07    0.246E-07    0.246E-07    0.984E-08    0.984E-08    0.979E-11    0.979E-11    0.000E+00    0.000E+00
    15.000     0.993    0.000E+00    0.102E-06    0.143E-07    0.224E-07    0.224E-07    0.898E-08    0.898E-08    0.947E-11    0.947E-11    0.000E+00    0.000E+00
    15.000     0.994    0.000E+00    0.980E-07    0.136E-07    0.201E-07    0.201E-07    0.802E-08    0.802E-08    0.893E-11    0.893E-11    0.000E+00    0.000E+00
    15.000     0.995    0.000E+00    0.908E-07    0.124E-07    0.174E-07    0.174E-07    0.696E-08    0.696E-08    0.815E-11    0.815E-11    0.000E+00    0.000E+00
    15.000     0.996    0.000E+00    0.804E-07    0.109E-07    0.145E-07    0.145E-07    0.579E-08    0.579E-08    0.712E-11    0.712E-11    0.000E+00    0.000E+00
    15.000     0.997    0.000E+00    0.664E-07    0.895E-08    0.113E-07    0.113E-07    0.452E-08    0.452E-08    0.581E-11    0.581E-11    0.000E+00    0.000E+00
    15.000     0.998    0.000E+00    0.485E-07    0.650E-08    0.782E-08    0.782E-08    0.313E-08    0.313E-08    0.419E-11    0.419E-11    0.000E+00    0.000E+00
    15.000     0.999    0.000E+00    0.265E-07    0.352E-08    0.406E-08    0.406E-08    0.162E-08    0.162E-08    0.227E-11    0.227E-11    0.000E+00    0.000E+00

