     Q**2          x         u           d           g          ub          db          sb          s          cb          c          bb          b
    15.000     0.001    0.647E+00    0.620E+00    0.967E+01    0.598E+00    0.604E+00    0.427E+00    0.427E+00    0.311E+00    0.311E+00    0.000E+00    0.000E+00
    15.000     0.002    0.576E+00    0.542E+00    0.814E+01    0.502E+00    0.513E+00    0.356E+00    0.356E+00    0.255E+00    0.255E+00    0.000E+00    0.000E+00
    15.000     0.003    0.544E+00    0.505E+00    0.733E+01    0.451E+00    0.464E+00    0.318E+00    0.318E+00    0.225E+00    0.225E+00    0.000E+00    0.000E+00
    15.000     0.004    0.529E+00    0.486E+00    0.683E+01    0.420E+00    0.435E+00    0.294E+00    0.294E+00    0.206E+00    0.206E+00    0.000E+00    0.000E+00
    15.000     0.005    0.520E+00    0.474E+00    0.646E+01    0.396E+00    0.412E+00    0.277E+00    0.277E+00    0.192E+00    0.192E+00    0.000E+00    0.000E+00
    15.000     0.006    0.514E+00    0.466E+00    0.615E+01    0.377E+00    0.394E+00    0.262E+00    0.262E+00    0.180E+00    0.180E+00    0.000E+00    0.000E+00
    15.000     0.007    0.511E+00    0.461E+00    0.591E+01    0.361E+00    0.380E+00    0.250E+00    0.250E+00    0.170E+00    0.170E+00    0.000E+00    0.000E+00
    15.000     0.008    0.508E+00    0.455E+00    0.568E+01    0.347E+00    0.366E+00    0.239E+00    0.239E+00    0.161E+00    0.161E+00    0.000E+00    0.000E+00
    15.000     0.009    0.508E+00    0.453E+00    0.550E+01    0.336E+00    0.356E+00    0.231E+00    0.231E+00    0.154E+00    0.154E+00    0.000E+00    0.000E+00
    15.000     0.010    0.507E+00    0.450E+00    0.531E+01    0.325E+00    0.345E+00    0.222E+00    0.222E+00    0.147E+00    0.147E+00    0.000E+00    0.000E+00
    15.000     0.011    0.508E+00    0.449E+00    0.517E+01    0.316E+00    0.337E+00    0.215E+00    0.215E+00    0.141E+00    0.141E+00    0.000E+00    0.000E+00
    15.000     0.012    0.508E+00    0.448E+00    0.502E+01    0.307E+00    0.328E+00    0.208E+00    0.208E+00    0.135E+00    0.135E+00    0.000E+00    0.000E+00
    15.000     0.013    0.510E+00    0.447E+00    0.489E+01    0.299E+00    0.321E+00    0.202E+00    0.202E+00    0.130E+00    0.130E+00    0.000E+00    0.000E+00
    15.000     0.014    0.512E+00    0.447E+00    0.478E+01    0.293E+00    0.314E+00    0.197E+00    0.197E+00    0.126E+00    0.126E+00    0.000E+00    0.000E+00
    15.000     0.015    0.513E+00    0.447E+00    0.466E+01    0.286E+00    0.307E+00    0.191E+00    0.191E+00    0.121E+00    0.121E+00    0.000E+00    0.000E+00
    15.000     0.016    0.515E+00    0.447E+00    0.455E+01    0.280E+00    0.301E+00    0.186E+00    0.186E+00    0.117E+00    0.117E+00    0.000E+00    0.000E+00
    15.000     0.017    0.517E+00    0.447E+00    0.446E+01    0.274E+00    0.296E+00    0.182E+00    0.182E+00    0.113E+00    0.113E+00    0.000E+00    0.000E+00
    15.000     0.018    0.519E+00    0.447E+00    0.436E+01    0.269E+00    0.290E+00    0.178E+00    0.178E+00    0.110E+00    0.110E+00    0.122E-17    0.122E-17
    15.000     0.019    0.521E+00    0.447E+00    0.427E+01    0.264E+00    0.285E+00    0.174E+00    0.174E+00    0.106E+00    0.106E+00    0.321E-17    0.321E-17
    15.000     0.020    0.524E+00    0.448E+00    0.418E+01    0.259E+00    0.280E+00    0.170E+00    0.170E+00    0.103E+00    0.103E+00    0.566E-17    0.566E-17
    15.000     0.021    0.527E+00    0.449E+00    0.410E+01    0.255E+00    0.276E+00    0.166E+00    0.166E+00    0.100E+00    0.100E+00    0.840E-17    0.840E-17
    15.000     0.022    0.529E+00    0.449E+00    0.402E+01    0.250E+00    0.272E+00    0.163E+00    0.163E+00    0.972E-01    0.972E-01    0.107E-16    0.107E-16
    15.000     0.023    0.531E+00    0.449E+00    0.394E+01    0.246E+00    0.267E+00    0.159E+00    0.159E+00    0.942E-01    0.942E-01    0.128E-16    0.128E-16
    15.000     0.024    0.533E+00    0.449E+00    0.386E+01    0.242E+00    0.263E+00    0.156E+00    0.156E+00    0.915E-01    0.915E-01    0.147E-16    0.147E-16
    15.000     0.025    0.536E+00    0.450E+00    0.379E+01    0.238E+00    0.259E+00    0.153E+00    0.153E+00    0.890E-01    0.890E-01    0.164E-16    0.164E-16
    15.000     0.026    0.538E+00    0.450E+00    0.373E+01    0.235E+00    0.256E+00    0.150E+00    0.150E+00    0.866E-01    0.866E-01    0.178E-16    0.178E-16
    15.000     0.027    0.540E+00    0.450E+00    0.366E+01    0.231E+00    0.252E+00    0.147E+00    0.147E+00    0.841E-01    0.841E-01    0.187E-16    0.187E-16
    15.000     0.028    0.543E+00    0.450E+00    0.359E+01    0.227E+00    0.248E+00    0.144E+00    0.144E+00    0.818E-01    0.818E-01    0.193E-16    0.193E-16
    15.000     0.029    0.545E+00    0.451E+00    0.353E+01    0.224E+00    0.245E+00    0.142E+00    0.142E+00    0.797E-01    0.797E-01    0.194E-16    0.194E-16
    15.000     0.030    0.548E+00    0.451E+00    0.347E+01    0.221E+00    0.242E+00    0.139E+00    0.139E+00    0.777E-01    0.777E-01    0.191E-16    0.191E-16
    15.000     0.031    0.550E+00    0.452E+00    0.341E+01    0.218E+00    0.239E+00    0.137E+00    0.137E+00    0.759E-01    0.759E-01    0.183E-16    0.183E-16
    15.000     0.032    0.553E+00    0.452E+00    0.336E+01    0.215E+00    0.236E+00    0.135E+00    0.135E+00    0.741E-01    0.741E-01    0.168E-16    0.168E-16
    15.000     0.033    0.555E+00    0.452E+00    0.330E+01    0.213E+00    0.233E+00    0.133E+00    0.133E+00    0.723E-01    0.723E-01    0.146E-16    0.146E-16
    15.000     0.034    0.557E+00    0.453E+00    0.325E+01    0.210E+00    0.231E+00    0.131E+00    0.131E+00    0.706E-01    0.706E-01    0.120E-16    0.120E-16
    15.000     0.035    0.560E+00    0.453E+00    0.320E+01    0.207E+00    0.228E+00    0.129E+00    0.129E+00    0.690E-01    0.690E-01    0.904E-17    0.904E-17
    15.000     0.036    0.562E+00    0.453E+00    0.315E+01    0.205E+00    0.226E+00    0.127E+00    0.127E+00    0.675E-01    0.675E-01    0.596E-17    0.596E-17
    15.000     0.037    0.564E+00    0.454E+00    0.311E+01    0.203E+00    0.224E+00    0.125E+00    0.125E+00    0.661E-01    0.661E-01    0.286E-17    0.286E-17
    15.000     0.038    0.567E+00    0.454E+00    0.307E+01    0.201E+00    0.221E+00    0.123E+00    0.123E+00    0.648E-01    0.648E-01    0.000E+00    0.000E+00
    15.000     0.039    0.569E+00    0.454E+00    0.302E+01    0.198E+00    0.219E+00    0.121E+00    0.121E+00    0.633E-01    0.633E-01    0.000E+00    0.000E+00
    15.000     0.040    0.571E+00    0.454E+00    0.297E+01    0.196E+00    0.217E+00    0.120E+00    0.120E+00    0.619E-01    0.619E-01    0.000E+00    0.000E+00
    15.000     0.041    0.573E+00    0.454E+00    0.293E+01    0.193E+00    0.214E+00    0.118E+00    0.118E+00    0.605E-01    0.605E-01    0.000E+00    0.000E+00
    15.000     0.042    0.575E+00    0.454E+00    0.288E+01    0.191E+00    0.212E+00    0.116E+00    0.116E+00    0.592E-01    0.592E-01    0.000E+00    0.000E+00
    15.000     0.043    0.577E+00    0.455E+00    0.284E+01    0.189E+00    0.210E+00    0.115E+00    0.115E+00    0.579E-01    0.579E-01    0.000E+00    0.000E+00
    15.000     0.044    0.579E+00    0.455E+00    0.280E+01    0.187E+00    0.208E+00    0.113E+00    0.113E+00    0.567E-01    0.567E-01    0.000E+00    0.000E+00
    15.000     0.045    0.581E+00    0.455E+00    0.276E+01    0.185E+00    0.206E+00    0.111E+00    0.111E+00    0.555E-01    0.555E-01    0.000E+00    0.000E+00
    15.000     0.046    0.583E+00    0.455E+00    0.272E+01    0.182E+00    0.204E+00    0.110E+00    0.110E+00    0.543E-01    0.543E-01    0.000E+00    0.000E+00
    15.000     0.047    0.585E+00    0.455E+00    0.268E+01    0.180E+00    0.202E+00    0.108E+00    0.108E+00    0.531E-01    0.531E-01    0.000E+00    0.000E+00
    15.000     0.048    0.587E+00    0.455E+00    0.264E+01    0.178E+00    0.200E+00    0.107E+00    0.107E+00    0.520E-01    0.520E-01    0.000E+00    0.000E+00
    15.000     0.049    0.589E+00    0.455E+00    0.260E+01    0.176E+00    0.199E+00    0.105E+00    0.105E+00    0.509E-01    0.509E-01    0.000E+00    0.000E+00
    15.000     0.050    0.591E+00    0.454E+00    0.256E+01    0.174E+00    0.197E+00    0.104E+00    0.104E+00    0.499E-01    0.499E-01    0.000E+00    0.000E+00
    15.000     0.051    0.592E+00    0.454E+00    0.253E+01    0.172E+00    0.195E+00    0.103E+00    0.103E+00    0.489E-01    0.489E-01    0.000E+00    0.000E+00
    15.000     0.052    0.594E+00    0.454E+00    0.249E+01    0.170E+00    0.194E+00    0.101E+00    0.101E+00    0.479E-01    0.479E-01    0.000E+00    0.000E+00
    15.000     0.053    0.596E+00    0.454E+00    0.246E+01    0.168E+00    0.192E+00    0.100E+00    0.100E+00    0.469E-01    0.469E-01    0.000E+00    0.000E+00
    15.000     0.054    0.598E+00    0.454E+00    0.242E+01    0.166E+00    0.190E+00    0.990E-01    0.990E-01    0.460E-01    0.460E-01    0.000E+00    0.000E+00
    15.000     0.055    0.599E+00    0.454E+00    0.239E+01    0.164E+00    0.189E+00    0.977E-01    0.977E-01    0.451E-01    0.451E-01    0.000E+00    0.000E+00
    15.000     0.056    0.601E+00    0.454E+00    0.235E+01    0.162E+00    0.187E+00    0.965E-01    0.965E-01    0.442E-01    0.442E-01    0.000E+00    0.000E+00
    15.000     0.057    0.602E+00    0.453E+00    0.232E+01    0.161E+00    0.186E+00    0.953E-01    0.953E-01    0.434E-01    0.434E-01    0.000E+00    0.000E+00
    15.000     0.058    0.604E+00    0.453E+00    0.229E+01    0.159E+00    0.184E+00    0.941E-01    0.941E-01    0.425E-01    0.425E-01    0.000E+00    0.000E+00
    15.000     0.059    0.605E+00    0.453E+00    0.226E+01    0.157E+00    0.183E+00    0.930E-01    0.930E-01    0.417E-01    0.417E-01    0.000E+00    0.000E+00
    15.000     0.060    0.607E+00    0.453E+00    0.223E+01    0.155E+00    0.181E+00    0.919E-01    0.919E-01    0.410E-01    0.410E-01    0.000E+00    0.000E+00
    15.000     0.061    0.608E+00    0.452E+00    0.220E+01    0.154E+00    0.180E+00    0.909E-01    0.909E-01    0.402E-01    0.402E-01    0.000E+00    0.000E+00
    15.000     0.062    0.610E+00    0.452E+00    0.217E+01    0.152E+00    0.179E+00    0.898E-01    0.898E-01    0.395E-01    0.395E-01    0.000E+00    0.000E+00
    15.000     0.063    0.611E+00    0.452E+00    0.214E+01    0.150E+00    0.177E+00    0.888E-01    0.888E-01    0.388E-01    0.388E-01    0.000E+00    0.000E+00
    15.000     0.064    0.613E+00    0.451E+00    0.211E+01    0.149E+00    0.176E+00    0.878E-01    0.878E-01    0.380E-01    0.380E-01    0.000E+00    0.000E+00
    15.000     0.065    0.614E+00    0.451E+00    0.208E+01    0.147E+00    0.175E+00    0.867E-01    0.867E-01    0.373E-01    0.373E-01    0.000E+00    0.000E+00
    15.000     0.066    0.615E+00    0.451E+00    0.206E+01    0.145E+00    0.173E+00    0.857E-01    0.857E-01    0.366E-01    0.366E-01    0.000E+00    0.000E+00
    15.000     0.067    0.616E+00    0.450E+00    0.203E+01    0.144E+00    0.172E+00    0.847E-01    0.847E-01    0.359E-01    0.359E-01    0.000E+00    0.000E+00
    15.000     0.068    0.618E+00    0.450E+00    0.200E+01    0.142E+00    0.171E+00    0.837E-01    0.837E-01    0.353E-01    0.353E-01    0.000E+00    0.000E+00
    15.000     0.069    0.619E+00    0.449E+00    0.197E+01    0.140E+00    0.170E+00    0.828E-01    0.828E-01    0.346E-01    0.346E-01    0.000E+00    0.000E+00
    15.000     0.070    0.620E+00    0.449E+00    0.195E+01    0.139E+00    0.168E+00    0.818E-01    0.818E-01    0.340E-01    0.340E-01    0.000E+00    0.000E+00
    15.000     0.071    0.621E+00    0.449E+00    0.192E+01    0.137E+00    0.167E+00    0.809E-01    0.809E-01    0.334E-01    0.334E-01    0.000E+00    0.000E+00
    15.000     0.072    0.623E+00    0.448E+00    0.190E+01    0.136E+00    0.166E+00    0.800E-01    0.800E-01    0.328E-01    0.328E-01    0.000E+00    0.000E+00
    15.000     0.073    0.624E+00    0.448E+00    0.187E+01    0.134E+00    0.165E+00    0.791E-01    0.791E-01    0.322E-01    0.322E-01    0.000E+00    0.000E+00
    15.000     0.074    0.625E+00    0.447E+00    0.185E+01    0.133E+00    0.164E+00    0.782E-01    0.782E-01    0.316E-01    0.316E-01    0.000E+00    0.000E+00
    15.000     0.075    0.626E+00    0.447E+00    0.182E+01    0.131E+00    0.162E+00    0.774E-01    0.774E-01    0.310E-01    0.310E-01    0.000E+00    0.000E+00
    15.000     0.076    0.627E+00    0.446E+00    0.180E+01    0.130E+00    0.161E+00    0.765E-01    0.765E-01    0.305E-01    0.305E-01    0.000E+00    0.000E+00
    15.000     0.077    0.628E+00    0.446E+00    0.178E+01    0.128E+00    0.160E+00    0.757E-01    0.757E-01    0.299E-01    0.299E-01    0.000E+00    0.000E+00
    15.000     0.078    0.629E+00    0.445E+00    0.175E+01    0.127E+00    0.159E+00    0.748E-01    0.748E-01    0.294E-01    0.294E-01    0.000E+00    0.000E+00
    15.000     0.079    0.630E+00    0.445E+00    0.173E+01    0.125E+00    0.158E+00    0.740E-01    0.740E-01    0.289E-01    0.289E-01    0.000E+00    0.000E+00
    15.000     0.080    0.631E+00    0.444E+00    0.171E+01    0.124E+00    0.157E+00    0.732E-01    0.732E-01    0.284E-01    0.284E-01    0.000E+00    0.000E+00
    15.000     0.081    0.632E+00    0.444E+00    0.169E+01    0.123E+00    0.156E+00    0.725E-01    0.725E-01    0.279E-01    0.279E-01    0.000E+00    0.000E+00
    15.000     0.082    0.633E+00    0.443E+00    0.167E+01    0.121E+00    0.155E+00    0.717E-01    0.717E-01    0.275E-01    0.275E-01    0.000E+00    0.000E+00
    15.000     0.083    0.634E+00    0.442E+00    0.165E+01    0.120E+00    0.154E+00    0.710E-01    0.710E-01    0.270E-01    0.270E-01    0.000E+00    0.000E+00
    15.000     0.084    0.635E+00    0.442E+00    0.163E+01    0.119E+00    0.153E+00    0.702E-01    0.702E-01    0.265E-01    0.265E-01    0.000E+00    0.000E+00
    15.000     0.085    0.636E+00    0.441E+00    0.161E+01    0.117E+00    0.152E+00    0.695E-01    0.695E-01    0.261E-01    0.261E-01    0.370E-18    0.370E-18
    15.000     0.086    0.637E+00    0.441E+00    0.158E+01    0.116E+00    0.151E+00    0.687E-01    0.687E-01    0.257E-01    0.257E-01    0.104E-17    0.104E-17
    15.000     0.087    0.637E+00    0.440E+00    0.156E+01    0.115E+00    0.150E+00    0.680E-01    0.680E-01    0.252E-01    0.252E-01    0.177E-17    0.177E-17
    15.000     0.088    0.638E+00    0.439E+00    0.155E+01    0.114E+00    0.149E+00    0.673E-01    0.673E-01    0.248E-01    0.248E-01    0.254E-17    0.254E-17
    15.000     0.089    0.639E+00    0.439E+00    0.153E+01    0.112E+00    0.148E+00    0.666E-01    0.666E-01    0.244E-01    0.244E-01    0.335E-17    0.335E-17
    15.000     0.090    0.640E+00    0.438E+00    0.151E+01    0.111E+00    0.147E+00    0.659E-01    0.659E-01    0.240E-01    0.240E-01    0.417E-17    0.417E-17
    15.000     0.091    0.641E+00    0.437E+00    0.149E+01    0.110E+00    0.146E+00    0.652E-01    0.652E-01    0.236E-01    0.236E-01    0.499E-17    0.499E-17
    15.000     0.092    0.641E+00    0.437E+00    0.147E+01    0.109E+00    0.145E+00    0.645E-01    0.645E-01    0.232E-01    0.232E-01    0.580E-17    0.580E-17
    15.000     0.093    0.642E+00    0.436E+00    0.145E+01    0.107E+00    0.144E+00    0.639E-01    0.639E-01    0.228E-01    0.228E-01    0.658E-17    0.658E-17
    15.000     0.094    0.643E+00    0.435E+00    0.143E+01    0.106E+00    0.143E+00    0.632E-01    0.632E-01    0.224E-01    0.224E-01    0.733E-17    0.733E-17
    15.000     0.095    0.644E+00    0.435E+00    0.142E+01    0.105E+00    0.142E+00    0.626E-01    0.626E-01    0.221E-01    0.221E-01    0.801E-17    0.801E-17
    15.000     0.096    0.644E+00    0.434E+00    0.140E+01    0.104E+00    0.141E+00    0.620E-01    0.620E-01    0.217E-01    0.217E-01    0.862E-17    0.862E-17
    15.000     0.097    0.645E+00    0.433E+00    0.138E+01    0.103E+00    0.140E+00    0.614E-01    0.614E-01    0.214E-01    0.214E-01    0.866E-17    0.866E-17
    15.000     0.098    0.646E+00    0.432E+00    0.136E+01    0.102E+00    0.139E+00    0.607E-01    0.607E-01    0.210E-01    0.210E-01    0.815E-17    0.815E-17
    15.000     0.099    0.646E+00    0.432E+00    0.135E+01    0.101E+00    0.138E+00    0.601E-01    0.601E-01    0.207E-01    0.207E-01    0.753E-17    0.753E-17
    15.000     0.100    0.647E+00    0.431E+00    0.133E+01    0.996E-01    0.137E+00    0.595E-01    0.595E-01    0.204E-01    0.204E-01    0.683E-17    0.683E-17
    15.000     0.101    0.647E+00    0.430E+00    0.132E+01    0.986E-01    0.136E+00    0.589E-01    0.589E-01    0.200E-01    0.200E-01    0.607E-17    0.607E-17
    15.000     0.102    0.648E+00    0.429E+00    0.130E+01    0.975E-01    0.135E+00    0.583E-01    0.583E-01    0.197E-01    0.197E-01    0.526E-17    0.526E-17
    15.000     0.103    0.649E+00    0.428E+00    0.128E+01    0.965E-01    0.134E+00    0.577E-01    0.577E-01    0.194E-01    0.194E-01    0.442E-17    0.442E-17
    15.000     0.104    0.649E+00    0.428E+00    0.127E+01    0.955E-01    0.133E+00    0.571E-01    0.571E-01    0.191E-01    0.191E-01    0.358E-17    0.358E-17
    15.000     0.105    0.650E+00    0.427E+00    0.125E+01    0.945E-01    0.132E+00    0.566E-01    0.566E-01    0.188E-01    0.188E-01    0.276E-17    0.276E-17
    15.000     0.106    0.650E+00    0.426E+00    0.124E+01    0.935E-01    0.131E+00    0.560E-01    0.560E-01    0.185E-01    0.185E-01    0.198E-17    0.198E-17
    15.000     0.107    0.651E+00    0.425E+00    0.122E+01    0.925E-01    0.130E+00    0.555E-01    0.555E-01    0.182E-01    0.182E-01    0.126E-17    0.126E-17
    15.000     0.108    0.651E+00    0.425E+00    0.121E+01    0.916E-01    0.129E+00    0.549E-01    0.549E-01    0.179E-01    0.179E-01    0.641E-18    0.641E-18
    15.000     0.109    0.652E+00    0.424E+00    0.120E+01    0.906E-01    0.128E+00    0.544E-01    0.544E-01    0.177E-01    0.177E-01    0.137E-18    0.137E-18
    15.000     0.110    0.652E+00    0.423E+00    0.118E+01    0.897E-01    0.127E+00    0.539E-01    0.539E-01    0.174E-01    0.174E-01    0.711E-18    0.711E-18
    15.000     0.111    0.653E+00    0.422E+00    0.117E+01    0.888E-01    0.126E+00    0.533E-01    0.533E-01    0.171E-01    0.171E-01    0.192E-17    0.192E-17
    15.000     0.112    0.653E+00    0.421E+00    0.115E+01    0.878E-01    0.126E+00    0.528E-01    0.528E-01    0.169E-01    0.169E-01    0.329E-17    0.329E-17
    15.000     0.113    0.654E+00    0.420E+00    0.114E+01    0.869E-01    0.125E+00    0.523E-01    0.523E-01    0.166E-01    0.166E-01    0.480E-17    0.480E-17
    15.000     0.114    0.654E+00    0.419E+00    0.113E+01    0.860E-01    0.124E+00    0.518E-01    0.518E-01    0.164E-01    0.164E-01    0.643E-17    0.643E-17
    15.000     0.115    0.654E+00    0.419E+00    0.111E+01    0.852E-01    0.123E+00    0.513E-01    0.513E-01    0.161E-01    0.161E-01    0.814E-17    0.814E-17
    15.000     0.116    0.655E+00    0.418E+00    0.110E+01    0.843E-01    0.122E+00    0.508E-01    0.508E-01    0.159E-01    0.159E-01    0.992E-17    0.992E-17
    15.000     0.117    0.655E+00    0.417E+00    0.109E+01    0.834E-01    0.121E+00    0.503E-01    0.503E-01    0.156E-01    0.156E-01    0.117E-16    0.117E-16
    15.000     0.118    0.656E+00    0.416E+00    0.107E+01    0.826E-01    0.120E+00    0.498E-01    0.498E-01    0.154E-01    0.154E-01    0.136E-16    0.136E-16
    15.000     0.119    0.656E+00    0.415E+00    0.106E+01    0.818E-01    0.119E+00    0.493E-01    0.493E-01    0.152E-01    0.152E-01    0.154E-16    0.154E-16
    15.000     0.120    0.656E+00    0.414E+00    0.105E+01    0.810E-01    0.118E+00    0.489E-01    0.489E-01    0.150E-01    0.150E-01    0.172E-16    0.172E-16
    15.000     0.121    0.657E+00    0.413E+00    0.104E+01    0.802E-01    0.118E+00    0.484E-01    0.484E-01    0.147E-01    0.147E-01    0.190E-16    0.190E-16
    15.000     0.122    0.657E+00    0.412E+00    0.103E+01    0.794E-01    0.117E+00    0.479E-01    0.479E-01    0.145E-01    0.145E-01    0.206E-16    0.206E-16
    15.000     0.123    0.657E+00    0.412E+00    0.102E+01    0.786E-01    0.116E+00    0.475E-01    0.475E-01    0.143E-01    0.143E-01    0.221E-16    0.221E-16
    15.000     0.124    0.658E+00    0.411E+00    0.100E+01    0.778E-01    0.115E+00    0.470E-01    0.470E-01    0.141E-01    0.141E-01    0.221E-16    0.221E-16
    15.000     0.125    0.658E+00    0.410E+00    0.992E+00    0.771E-01    0.114E+00    0.466E-01    0.466E-01    0.139E-01    0.139E-01    0.219E-16    0.219E-16
    15.000     0.126    0.658E+00    0.409E+00    0.981E+00    0.763E-01    0.113E+00    0.461E-01    0.461E-01    0.137E-01    0.137E-01    0.215E-16    0.215E-16
    15.000     0.127    0.658E+00    0.408E+00    0.969E+00    0.756E-01    0.112E+00    0.457E-01    0.457E-01    0.135E-01    0.135E-01    0.210E-16    0.210E-16
    15.000     0.128    0.659E+00    0.407E+00    0.958E+00    0.748E-01    0.111E+00    0.452E-01    0.452E-01    0.133E-01    0.133E-01    0.203E-16    0.203E-16
    15.000     0.129    0.659E+00    0.406E+00    0.948E+00    0.741E-01    0.111E+00    0.448E-01    0.448E-01    0.131E-01    0.131E-01    0.194E-16    0.194E-16
    15.000     0.130    0.659E+00    0.405E+00    0.937E+00    0.734E-01    0.110E+00    0.444E-01    0.444E-01    0.129E-01    0.129E-01    0.185E-16    0.185E-16
    15.000     0.131    0.659E+00    0.404E+00    0.926E+00    0.727E-01    0.109E+00    0.439E-01    0.439E-01    0.128E-01    0.128E-01    0.174E-16    0.174E-16
    15.000     0.132    0.659E+00    0.403E+00    0.916E+00    0.720E-01    0.108E+00    0.435E-01    0.435E-01    0.126E-01    0.126E-01    0.162E-16    0.162E-16
    15.000     0.133    0.659E+00    0.402E+00    0.906E+00    0.713E-01    0.107E+00    0.431E-01    0.431E-01    0.124E-01    0.124E-01    0.150E-16    0.150E-16
    15.000     0.134    0.660E+00    0.401E+00    0.896E+00    0.706E-01    0.106E+00    0.427E-01    0.427E-01    0.122E-01    0.122E-01    0.137E-16    0.137E-16
    15.000     0.135    0.660E+00    0.401E+00    0.886E+00    0.699E-01    0.105E+00    0.423E-01    0.423E-01    0.120E-01    0.120E-01    0.124E-16    0.124E-16
    15.000     0.136    0.660E+00    0.400E+00    0.876E+00    0.693E-01    0.105E+00    0.419E-01    0.419E-01    0.119E-01    0.119E-01    0.110E-16    0.110E-16
    15.000     0.137    0.660E+00    0.399E+00    0.867E+00    0.686E-01    0.104E+00    0.415E-01    0.415E-01    0.117E-01    0.117E-01    0.959E-17    0.959E-17
    15.000     0.138    0.660E+00    0.398E+00    0.857E+00    0.680E-01    0.103E+00    0.411E-01    0.411E-01    0.116E-01    0.116E-01    0.846E-17    0.846E-17
    15.000     0.139    0.660E+00    0.397E+00    0.848E+00    0.674E-01    0.102E+00    0.407E-01    0.407E-01    0.114E-01    0.114E-01    0.764E-17    0.764E-17
    15.000     0.140    0.660E+00    0.396E+00    0.839E+00    0.667E-01    0.101E+00    0.403E-01    0.403E-01    0.112E-01    0.112E-01    0.684E-17    0.684E-17
    15.000     0.141    0.660E+00    0.395E+00    0.829E+00    0.661E-01    0.100E+00    0.400E-01    0.400E-01    0.111E-01    0.111E-01    0.607E-17    0.607E-17
    15.000     0.142    0.660E+00    0.394E+00    0.820E+00    0.655E-01    0.996E-01    0.396E-01    0.396E-01    0.109E-01    0.109E-01    0.532E-17    0.532E-17
    15.000     0.143    0.660E+00    0.393E+00    0.811E+00    0.649E-01    0.988E-01    0.392E-01    0.392E-01    0.108E-01    0.108E-01    0.461E-17    0.461E-17
    15.000     0.144    0.660E+00    0.392E+00    0.803E+00    0.643E-01    0.980E-01    0.388E-01    0.388E-01    0.106E-01    0.106E-01    0.394E-17    0.394E-17
    15.000     0.145    0.660E+00    0.391E+00    0.794E+00    0.637E-01    0.971E-01    0.385E-01    0.385E-01    0.105E-01    0.105E-01    0.330E-17    0.330E-17
    15.000     0.146    0.660E+00    0.390E+00    0.785E+00    0.631E-01    0.963E-01    0.381E-01    0.381E-01    0.104E-01    0.104E-01    0.271E-17    0.271E-17
    15.000     0.147    0.660E+00    0.389E+00    0.777E+00    0.626E-01    0.955E-01    0.378E-01    0.378E-01    0.102E-01    0.102E-01    0.216E-17    0.216E-17
    15.000     0.148    0.660E+00    0.388E+00    0.769E+00    0.620E-01    0.947E-01    0.374E-01    0.374E-01    0.101E-01    0.101E-01    0.165E-17    0.165E-17
    15.000     0.149    0.660E+00    0.387E+00    0.761E+00    0.614E-01    0.939E-01    0.371E-01    0.371E-01    0.995E-02    0.995E-02    0.119E-17    0.119E-17
    15.000     0.150    0.660E+00    0.386E+00    0.753E+00    0.609E-01    0.932E-01    0.367E-01    0.367E-01    0.982E-02    0.982E-02    0.791E-18    0.791E-18
    15.000     0.151    0.660E+00    0.385E+00    0.745E+00    0.604E-01    0.924E-01    0.364E-01    0.364E-01    0.969E-02    0.969E-02    0.443E-18    0.443E-18
    15.000     0.152    0.660E+00    0.384E+00    0.737E+00    0.598E-01    0.916E-01    0.360E-01    0.360E-01    0.957E-02    0.957E-02    0.153E-18    0.153E-18
    15.000     0.153    0.660E+00    0.383E+00    0.729E+00    0.593E-01    0.908E-01    0.357E-01    0.357E-01    0.944E-02    0.944E-02    0.557E-19    0.557E-19
    15.000     0.154    0.660E+00    0.382E+00    0.721E+00    0.588E-01    0.900E-01    0.353E-01    0.353E-01    0.932E-02    0.932E-02    0.255E-18    0.255E-18
    15.000     0.155    0.660E+00    0.381E+00    0.714E+00    0.582E-01    0.892E-01    0.350E-01    0.350E-01    0.919E-02    0.919E-02    0.517E-18    0.517E-18
    15.000     0.156    0.660E+00    0.380E+00    0.706E+00    0.577E-01    0.885E-01    0.347E-01    0.347E-01    0.907E-02    0.907E-02    0.835E-18    0.835E-18
    15.000     0.157    0.659E+00    0.379E+00    0.699E+00    0.572E-01    0.877E-01    0.344E-01    0.344E-01    0.895E-02    0.895E-02    0.120E-17    0.120E-17
    15.000     0.158    0.659E+00    0.378E+00    0.692E+00    0.567E-01    0.869E-01    0.340E-01    0.340E-01    0.884E-02    0.884E-02    0.161E-17    0.161E-17
    15.000     0.159    0.659E+00    0.377E+00    0.684E+00    0.562E-01    0.862E-01    0.337E-01    0.337E-01    0.872E-02    0.872E-02    0.206E-17    0.206E-17
    15.000     0.160    0.659E+00    0.376E+00    0.677E+00    0.557E-01    0.854E-01    0.334E-01    0.334E-01    0.861E-02    0.861E-02    0.253E-17    0.253E-17
    15.000     0.161    0.659E+00    0.375E+00    0.670E+00    0.552E-01    0.847E-01    0.331E-01    0.331E-01    0.850E-02    0.850E-02    0.303E-17    0.303E-17
    15.000     0.162    0.658E+00    0.374E+00    0.663E+00    0.548E-01    0.839E-01    0.328E-01    0.328E-01    0.839E-02    0.839E-02    0.354E-17    0.354E-17
    15.000     0.163    0.658E+00    0.373E+00    0.657E+00    0.543E-01    0.832E-01    0.325E-01    0.325E-01    0.828E-02    0.828E-02    0.406E-17    0.406E-17
    15.000     0.164    0.658E+00    0.372E+00    0.650E+00    0.538E-01    0.824E-01    0.322E-01    0.322E-01    0.818E-02    0.818E-02    0.458E-17    0.458E-17
    15.000     0.165    0.658E+00    0.371E+00    0.643E+00    0.534E-01    0.817E-01    0.319E-01    0.319E-01    0.808E-02    0.808E-02    0.509E-17    0.509E-17
    15.000     0.166    0.657E+00    0.370E+00    0.637E+00    0.529E-01    0.810E-01    0.316E-01    0.316E-01    0.797E-02    0.797E-02    0.559E-17    0.559E-17
    15.000     0.167    0.657E+00    0.369E+00    0.630E+00    0.525E-01    0.802E-01    0.313E-01    0.313E-01    0.787E-02    0.787E-02    0.605E-17    0.605E-17
    15.000     0.168    0.657E+00    0.368E+00    0.624E+00    0.520E-01    0.795E-01    0.310E-01    0.310E-01    0.778E-02    0.778E-02    0.649E-17    0.649E-17
    15.000     0.169    0.657E+00    0.367E+00    0.618E+00    0.516E-01    0.788E-01    0.307E-01    0.307E-01    0.768E-02    0.768E-02    0.655E-17    0.655E-17
    15.000     0.170    0.656E+00    0.366E+00    0.611E+00    0.511E-01    0.781E-01    0.304E-01    0.304E-01    0.758E-02    0.758E-02    0.631E-17    0.631E-17
    15.000     0.171    0.656E+00    0.365E+00    0.605E+00    0.507E-01    0.773E-01    0.301E-01    0.301E-01    0.749E-02    0.749E-02    0.602E-17    0.602E-17
    15.000     0.172    0.656E+00    0.364E+00    0.599E+00    0.503E-01    0.766E-01    0.298E-01    0.298E-01    0.739E-02    0.739E-02    0.570E-17    0.570E-17
    15.000     0.173    0.655E+00    0.363E+00    0.593E+00    0.498E-01    0.759E-01    0.295E-01    0.295E-01    0.730E-02    0.730E-02    0.533E-17    0.533E-17
    15.000     0.174    0.655E+00    0.362E+00    0.587E+00    0.494E-01    0.752E-01    0.293E-01    0.293E-01    0.721E-02    0.721E-02    0.493E-17    0.493E-17
    15.000     0.175    0.654E+00    0.361E+00    0.581E+00    0.490E-01    0.745E-01    0.290E-01    0.290E-01    0.712E-02    0.712E-02    0.451E-17    0.451E-17
    15.000     0.176    0.654E+00    0.360E+00    0.575E+00    0.486E-01    0.738E-01    0.287E-01    0.287E-01    0.703E-02    0.703E-02    0.406E-17    0.406E-17
    15.000     0.177    0.654E+00    0.359E+00    0.570E+00    0.482E-01    0.731E-01    0.284E-01    0.284E-01    0.695E-02    0.695E-02    0.359E-17    0.359E-17
    15.000     0.178    0.653E+00    0.358E+00    0.564E+00    0.478E-01    0.725E-01    0.282E-01    0.282E-01    0.686E-02    0.686E-02    0.311E-17    0.311E-17
    15.000     0.179    0.653E+00    0.357E+00    0.559E+00    0.474E-01    0.718E-01    0.279E-01    0.279E-01    0.678E-02    0.678E-02    0.262E-17    0.262E-17
    15.000     0.180    0.652E+00    0.356E+00    0.553E+00    0.470E-01    0.711E-01    0.276E-01    0.276E-01    0.670E-02    0.670E-02    0.214E-17    0.214E-17
    15.000     0.181    0.652E+00    0.355E+00    0.548E+00    0.466E-01    0.704E-01    0.274E-01    0.274E-01    0.661E-02    0.661E-02    0.166E-17    0.166E-17
    15.000     0.182    0.652E+00    0.354E+00    0.542E+00    0.462E-01    0.698E-01    0.271E-01    0.271E-01    0.653E-02    0.653E-02    0.119E-17    0.119E-17
    15.000     0.183    0.651E+00    0.353E+00    0.537E+00    0.458E-01    0.691E-01    0.269E-01    0.269E-01    0.646E-02    0.646E-02    0.742E-18    0.742E-18
    15.000     0.184    0.651E+00    0.352E+00    0.532E+00    0.455E-01    0.684E-01    0.266E-01    0.266E-01    0.638E-02    0.638E-02    0.316E-18    0.316E-18
    15.000     0.185    0.650E+00    0.351E+00    0.527E+00    0.451E-01    0.678E-01    0.264E-01    0.264E-01    0.630E-02    0.630E-02    0.174E-19    0.174E-19
    15.000     0.186    0.650E+00    0.350E+00    0.522E+00    0.447E-01    0.671E-01    0.261E-01    0.261E-01    0.623E-02    0.623E-02    0.127E-18    0.127E-18
    15.000     0.187    0.649E+00    0.349E+00    0.517E+00    0.444E-01    0.665E-01    0.259E-01    0.259E-01    0.615E-02    0.615E-02    0.275E-18    0.275E-18
    15.000     0.188    0.649E+00    0.348E+00    0.512E+00    0.440E-01    0.658E-01    0.256E-01    0.256E-01    0.608E-02    0.608E-02    0.458E-18    0.458E-18
    15.000     0.189    0.648E+00    0.347E+00    0.507E+00    0.436E-01    0.652E-01    0.254E-01    0.254E-01    0.601E-02    0.601E-02    0.673E-18    0.673E-18
    15.000     0.190    0.647E+00    0.346E+00    0.502E+00    0.433E-01    0.646E-01    0.251E-01    0.251E-01    0.593E-02    0.593E-02    0.916E-18    0.916E-18
    15.000     0.191    0.647E+00    0.345E+00    0.497E+00    0.429E-01    0.639E-01    0.249E-01    0.249E-01    0.586E-02    0.586E-02    0.118E-17    0.118E-17
    15.000     0.192    0.646E+00    0.344E+00    0.492E+00    0.426E-01    0.633E-01    0.247E-01    0.247E-01    0.579E-02    0.579E-02    0.147E-17    0.147E-17
    15.000     0.193    0.646E+00    0.343E+00    0.488E+00    0.422E-01    0.627E-01    0.244E-01    0.244E-01    0.573E-02    0.573E-02    0.177E-17    0.177E-17
    15.000     0.194    0.645E+00    0.342E+00    0.483E+00    0.419E-01    0.621E-01    0.242E-01    0.242E-01    0.566E-02    0.566E-02    0.208E-17    0.208E-17
    15.000     0.195    0.645E+00    0.341E+00    0.478E+00    0.415E-01    0.615E-01    0.240E-01    0.240E-01    0.559E-02    0.559E-02    0.241E-17    0.241E-17
    15.000     0.196    0.644E+00    0.340E+00    0.474E+00    0.412E-01    0.608E-01    0.237E-01    0.237E-01    0.553E-02    0.553E-02    0.273E-17    0.273E-17
    15.000     0.197    0.643E+00    0.339E+00    0.470E+00    0.409E-01    0.602E-01    0.235E-01    0.235E-01    0.546E-02    0.546E-02    0.306E-17    0.306E-17
    15.000     0.198    0.643E+00    0.338E+00    0.465E+00    0.405E-01    0.596E-01    0.233E-01    0.233E-01    0.540E-02    0.540E-02    0.337E-17    0.337E-17
    15.000     0.199    0.642E+00    0.337E+00    0.461E+00    0.402E-01    0.591E-01    0.231E-01    0.231E-01    0.534E-02    0.534E-02    0.368E-17    0.368E-17
    15.000     0.200    0.641E+00    0.336E+00    0.457E+00    0.399E-01    0.585E-01    0.228E-01    0.228E-01    0.528E-02    0.528E-02    0.398E-17    0.398E-17
    15.000     0.201    0.641E+00    0.335E+00    0.452E+00    0.396E-01    0.579E-01    0.226E-01    0.226E-01    0.522E-02    0.522E-02    0.425E-17    0.425E-17
    15.000     0.202    0.640E+00    0.334E+00    0.448E+00    0.392E-01    0.573E-01    0.224E-01    0.224E-01    0.516E-02    0.516E-02    0.441E-17    0.441E-17
    15.000     0.203    0.639E+00    0.333E+00    0.444E+00    0.389E-01    0.567E-01    0.222E-01    0.222E-01    0.510E-02    0.510E-02    0.429E-17    0.429E-17
    15.000     0.204    0.639E+00    0.332E+00    0.440E+00    0.386E-01    0.561E-01    0.220E-01    0.220E-01    0.504E-02    0.504E-02    0.414E-17    0.414E-17
    15.000     0.205    0.638E+00    0.331E+00    0.436E+00    0.383E-01    0.556E-01    0.218E-01    0.218E-01    0.498E-02    0.498E-02    0.396E-17    0.396E-17
    15.000     0.206    0.637E+00    0.330E+00    0.432E+00    0.380E-01    0.550E-01    0.215E-01    0.215E-01    0.492E-02    0.492E-02    0.376E-17    0.376E-17
    15.000     0.207    0.636E+00    0.329E+00    0.428E+00    0.377E-01    0.544E-01    0.213E-01    0.213E-01    0.486E-02    0.486E-02    0.353E-17    0.353E-17
    15.000     0.208    0.636E+00    0.328E+00    0.424E+00    0.374E-01    0.539E-01    0.211E-01    0.211E-01    0.481E-02    0.481E-02    0.329E-17    0.329E-17
    15.000     0.209    0.635E+00    0.327E+00    0.420E+00    0.370E-01    0.533E-01    0.209E-01    0.209E-01    0.475E-02    0.475E-02    0.302E-17    0.302E-17
    15.000     0.210    0.634E+00    0.326E+00    0.416E+00    0.367E-01    0.528E-01    0.207E-01    0.207E-01    0.470E-02    0.470E-02    0.275E-17    0.275E-17
    15.000     0.211    0.633E+00    0.325E+00    0.412E+00    0.364E-01    0.522E-01    0.205E-01    0.205E-01    0.464E-02    0.464E-02    0.246E-17    0.246E-17
    15.000     0.212    0.633E+00    0.324E+00    0.409E+00    0.362E-01    0.517E-01    0.203E-01    0.203E-01    0.459E-02    0.459E-02    0.216E-17    0.216E-17
    15.000     0.213    0.632E+00    0.323E+00    0.405E+00    0.359E-01    0.512E-01    0.201E-01    0.201E-01    0.454E-02    0.454E-02    0.185E-17    0.185E-17
    15.000     0.214    0.631E+00    0.322E+00    0.401E+00    0.356E-01    0.506E-01    0.199E-01    0.199E-01    0.449E-02    0.449E-02    0.154E-17    0.154E-17
    15.000     0.215    0.630E+00    0.321E+00    0.398E+00    0.353E-01    0.501E-01    0.197E-01    0.197E-01    0.444E-02    0.444E-02    0.122E-17    0.122E-17
    15.000     0.216    0.629E+00    0.320E+00    0.394E+00    0.350E-01    0.496E-01    0.195E-01    0.195E-01    0.439E-02    0.439E-02    0.909E-18    0.909E-18
    15.000     0.217    0.629E+00    0.319E+00    0.391E+00    0.347E-01    0.491E-01    0.194E-01    0.194E-01    0.434E-02    0.434E-02    0.600E-18    0.600E-18
    15.000     0.218    0.628E+00    0.318E+00    0.387E+00    0.344E-01    0.486E-01    0.192E-01    0.192E-01    0.429E-02    0.429E-02    0.297E-18    0.297E-18
    15.000     0.219    0.627E+00    0.317E+00    0.384E+00    0.341E-01    0.480E-01    0.190E-01    0.190E-01    0.424E-02    0.424E-02    0.459E-20    0.459E-20
    15.000     0.220    0.626E+00    0.316E+00    0.380E+00    0.339E-01    0.475E-01    0.188E-01    0.188E-01    0.419E-02    0.419E-02    0.000E+00    0.000E+00
    15.000     0.221    0.625E+00    0.315E+00    0.377E+00    0.336E-01    0.470E-01    0.186E-01    0.186E-01    0.415E-02    0.415E-02    0.000E+00    0.000E+00
    15.000     0.222    0.624E+00    0.314E+00    0.373E+00    0.333E-01    0.465E-01    0.184E-01    0.184E-01    0.410E-02    0.410E-02    0.000E+00    0.000E+00
    15.000     0.223    0.623E+00    0.313E+00    0.370E+00    0.330E-01    0.460E-01    0.182E-01    0.182E-01    0.405E-02    0.405E-02    0.000E+00    0.000E+00
    15.000     0.224    0.622E+00    0.312E+00    0.367E+00    0.328E-01    0.456E-01    0.181E-01    0.181E-01    0.401E-02    0.401E-02    0.000E+00    0.000E+00
    15.000     0.225    0.622E+00    0.311E+00    0.364E+00    0.325E-01    0.451E-01    0.179E-01    0.179E-01    0.396E-02    0.396E-02    0.000E+00    0.000E+00
    15.000     0.226    0.621E+00    0.310E+00    0.360E+00    0.322E-01    0.446E-01    0.177E-01    0.177E-01    0.392E-02    0.392E-02    0.000E+00    0.000E+00
    15.000     0.227    0.620E+00    0.309E+00    0.357E+00    0.320E-01    0.441E-01    0.175E-01    0.175E-01    0.387E-02    0.387E-02    0.000E+00    0.000E+00
    15.000     0.228    0.619E+00    0.308E+00    0.354E+00    0.317E-01    0.436E-01    0.174E-01    0.174E-01    0.383E-02    0.383E-02    0.000E+00    0.000E+00
    15.000     0.229    0.618E+00    0.307E+00    0.351E+00    0.314E-01    0.432E-01    0.172E-01    0.172E-01    0.379E-02    0.379E-02    0.000E+00    0.000E+00
    15.000     0.230    0.617E+00    0.306E+00    0.348E+00    0.312E-01    0.427E-01    0.170E-01    0.170E-01    0.375E-02    0.375E-02    0.000E+00    0.000E+00
    15.000     0.231    0.616E+00    0.305E+00    0.345E+00    0.309E-01    0.422E-01    0.169E-01    0.169E-01    0.371E-02    0.371E-02    0.000E+00    0.000E+00
    15.000     0.232    0.615E+00    0.304E+00    0.342E+00    0.307E-01    0.418E-01    0.167E-01    0.167E-01    0.366E-02    0.366E-02    0.000E+00    0.000E+00
    15.000     0.233    0.614E+00    0.303E+00    0.339E+00    0.304E-01    0.413E-01    0.165E-01    0.165E-01    0.362E-02    0.362E-02    0.000E+00    0.000E+00
    15.000     0.234    0.613E+00    0.302E+00    0.336E+00    0.302E-01    0.409E-01    0.164E-01    0.164E-01    0.358E-02    0.358E-02    0.000E+00    0.000E+00
    15.000     0.235    0.612E+00    0.301E+00    0.333E+00    0.299E-01    0.404E-01    0.162E-01    0.162E-01    0.354E-02    0.354E-02    0.000E+00    0.000E+00
    15.000     0.236    0.611E+00    0.300E+00    0.330E+00    0.297E-01    0.400E-01    0.160E-01    0.160E-01    0.351E-02    0.351E-02    0.000E+00    0.000E+00
    15.000     0.237    0.610E+00    0.299E+00    0.327E+00    0.294E-01    0.396E-01    0.159E-01    0.159E-01    0.347E-02    0.347E-02    0.804E-20    0.804E-20
    15.000     0.238    0.609E+00    0.298E+00    0.325E+00    0.292E-01    0.391E-01    0.157E-01    0.157E-01    0.343E-02    0.343E-02    0.170E-18    0.170E-18
    15.000     0.239    0.608E+00    0.297E+00    0.322E+00    0.289E-01    0.387E-01    0.156E-01    0.156E-01    0.339E-02    0.339E-02    0.345E-18    0.345E-18
    15.000     0.240    0.607E+00    0.296E+00    0.319E+00    0.287E-01    0.383E-01    0.154E-01    0.154E-01    0.335E-02    0.335E-02    0.532E-18    0.532E-18
    15.000     0.241    0.606E+00    0.295E+00    0.316E+00    0.284E-01    0.379E-01    0.153E-01    0.153E-01    0.332E-02    0.332E-02    0.732E-18    0.732E-18
    15.000     0.242    0.605E+00    0.294E+00    0.314E+00    0.282E-01    0.374E-01    0.151E-01    0.151E-01    0.328E-02    0.328E-02    0.942E-18    0.942E-18
    15.000     0.243    0.604E+00    0.293E+00    0.311E+00    0.280E-01    0.370E-01    0.149E-01    0.149E-01    0.324E-02    0.324E-02    0.116E-17    0.116E-17
    15.000     0.244    0.603E+00    0.292E+00    0.308E+00    0.277E-01    0.366E-01    0.148E-01    0.148E-01    0.321E-02    0.321E-02    0.139E-17    0.139E-17
    15.000     0.245    0.601E+00    0.291E+00    0.306E+00    0.275E-01    0.362E-01    0.146E-01    0.146E-01    0.317E-02    0.317E-02    0.163E-17    0.163E-17
    15.000     0.246    0.600E+00    0.290E+00    0.303E+00    0.273E-01    0.358E-01    0.145E-01    0.145E-01    0.314E-02    0.314E-02    0.188E-17    0.188E-17
    15.000     0.247    0.599E+00    0.289E+00    0.301E+00    0.270E-01    0.354E-01    0.144E-01    0.144E-01    0.310E-02    0.310E-02    0.214E-17    0.214E-17
    15.000     0.248    0.598E+00    0.288E+00    0.298E+00    0.268E-01    0.350E-01    0.142E-01    0.142E-01    0.307E-02    0.307E-02    0.240E-17    0.240E-17
    15.000     0.249    0.597E+00    0.287E+00    0.295E+00    0.266E-01    0.346E-01    0.141E-01    0.141E-01    0.304E-02    0.304E-02    0.267E-17    0.267E-17
    15.000     0.250    0.596E+00    0.286E+00    0.293E+00    0.263E-01    0.342E-01    0.139E-01    0.139E-01    0.300E-02    0.300E-02    0.295E-17    0.295E-17
    15.000     0.251    0.595E+00    0.285E+00    0.291E+00    0.261E-01    0.339E-01    0.138E-01    0.138E-01    0.297E-02    0.297E-02    0.322E-17    0.322E-17
    15.000     0.252    0.594E+00    0.284E+00    0.288E+00    0.259E-01    0.335E-01    0.136E-01    0.136E-01    0.294E-02    0.294E-02    0.351E-17    0.351E-17
    15.000     0.253    0.593E+00    0.283E+00    0.286E+00    0.257E-01    0.331E-01    0.135E-01    0.135E-01    0.291E-02    0.291E-02    0.379E-17    0.379E-17
    15.000     0.254    0.591E+00    0.282E+00    0.283E+00    0.254E-01    0.327E-01    0.134E-01    0.134E-01    0.288E-02    0.288E-02    0.408E-17    0.408E-17
    15.000     0.255    0.590E+00    0.281E+00    0.281E+00    0.252E-01    0.324E-01    0.132E-01    0.132E-01    0.284E-02    0.284E-02    0.437E-17    0.437E-17
    15.000     0.256    0.589E+00    0.280E+00    0.279E+00    0.250E-01    0.320E-01    0.131E-01    0.131E-01    0.281E-02    0.281E-02    0.467E-17    0.467E-17
    15.000     0.257    0.588E+00    0.279E+00    0.276E+00    0.248E-01    0.316E-01    0.130E-01    0.130E-01    0.278E-02    0.278E-02    0.498E-17    0.498E-17
    15.000     0.258    0.587E+00    0.278E+00    0.274E+00    0.246E-01    0.313E-01    0.128E-01    0.128E-01    0.275E-02    0.275E-02    0.528E-17    0.528E-17
    15.000     0.259    0.586E+00    0.277E+00    0.272E+00    0.244E-01    0.309E-01    0.127E-01    0.127E-01    0.272E-02    0.272E-02    0.558E-17    0.558E-17
    15.000     0.260    0.584E+00    0.276E+00    0.269E+00    0.241E-01    0.306E-01    0.126E-01    0.126E-01    0.269E-02    0.269E-02    0.588E-17    0.588E-17
    15.000     0.261    0.583E+00    0.275E+00    0.267E+00    0.239E-01    0.302E-01    0.124E-01    0.124E-01    0.266E-02    0.266E-02    0.617E-17    0.617E-17
    15.000     0.262    0.582E+00    0.274E+00    0.265E+00    0.237E-01    0.299E-01    0.123E-01    0.123E-01    0.263E-02    0.263E-02    0.646E-17    0.646E-17
    15.000     0.263    0.581E+00    0.273E+00    0.263E+00    0.235E-01    0.295E-01    0.122E-01    0.122E-01    0.260E-02    0.260E-02    0.673E-17    0.673E-17
    15.000     0.264    0.580E+00    0.272E+00    0.261E+00    0.233E-01    0.292E-01    0.120E-01    0.120E-01    0.258E-02    0.258E-02    0.700E-17    0.700E-17
    15.000     0.265    0.578E+00    0.271E+00    0.259E+00    0.231E-01    0.289E-01    0.119E-01    0.119E-01    0.255E-02    0.255E-02    0.726E-17    0.726E-17
    15.000     0.266    0.577E+00    0.270E+00    0.256E+00    0.229E-01    0.285E-01    0.118E-01    0.118E-01    0.252E-02    0.252E-02    0.750E-17    0.750E-17
    15.000     0.267    0.576E+00    0.269E+00    0.254E+00    0.227E-01    0.282E-01    0.117E-01    0.117E-01    0.249E-02    0.249E-02    0.774E-17    0.774E-17
    15.000     0.268    0.575E+00    0.268E+00    0.252E+00    0.225E-01    0.279E-01    0.116E-01    0.116E-01    0.247E-02    0.247E-02    0.796E-17    0.796E-17
    15.000     0.269    0.573E+00    0.267E+00    0.250E+00    0.223E-01    0.276E-01    0.114E-01    0.114E-01    0.244E-02    0.244E-02    0.816E-17    0.816E-17
    15.000     0.270    0.572E+00    0.266E+00    0.248E+00    0.221E-01    0.273E-01    0.113E-01    0.113E-01    0.241E-02    0.241E-02    0.834E-17    0.834E-17
    15.000     0.271    0.571E+00    0.265E+00    0.246E+00    0.219E-01    0.269E-01    0.112E-01    0.112E-01    0.239E-02    0.239E-02    0.851E-17    0.851E-17
    15.000     0.272    0.570E+00    0.264E+00    0.244E+00    0.217E-01    0.266E-01    0.111E-01    0.111E-01    0.236E-02    0.236E-02    0.866E-17    0.866E-17
    15.000     0.273    0.568E+00    0.263E+00    0.242E+00    0.215E-01    0.263E-01    0.110E-01    0.110E-01    0.234E-02    0.234E-02    0.878E-17    0.878E-17
    15.000     0.274    0.567E+00    0.262E+00    0.240E+00    0.213E-01    0.260E-01    0.108E-01    0.108E-01    0.231E-02    0.231E-02    0.887E-17    0.887E-17
    15.000     0.275    0.566E+00    0.261E+00    0.238E+00    0.211E-01    0.257E-01    0.107E-01    0.107E-01    0.228E-02    0.228E-02    0.880E-17    0.880E-17
    15.000     0.276    0.564E+00    0.260E+00    0.236E+00    0.209E-01    0.254E-01    0.106E-01    0.106E-01    0.226E-02    0.226E-02    0.870E-17    0.870E-17
    15.000     0.277    0.563E+00    0.259E+00    0.234E+00    0.207E-01    0.251E-01    0.105E-01    0.105E-01    0.224E-02    0.224E-02    0.857E-17    0.857E-17
    15.000     0.278    0.562E+00    0.258E+00    0.232E+00    0.205E-01    0.248E-01    0.104E-01    0.104E-01    0.221E-02    0.221E-02    0.842E-17    0.842E-17
    15.000     0.279    0.561E+00    0.257E+00    0.230E+00    0.203E-01    0.245E-01    0.103E-01    0.103E-01    0.219E-02    0.219E-02    0.826E-17    0.826E-17
    15.000     0.280    0.559E+00    0.256E+00    0.229E+00    0.201E-01    0.243E-01    0.102E-01    0.102E-01    0.216E-02    0.216E-02    0.807E-17    0.807E-17
    15.000     0.281    0.558E+00    0.255E+00    0.227E+00    0.200E-01    0.240E-01    0.101E-01    0.101E-01    0.214E-02    0.214E-02    0.786E-17    0.786E-17
    15.000     0.282    0.557E+00    0.254E+00    0.225E+00    0.198E-01    0.237E-01    0.996E-02    0.996E-02    0.212E-02    0.212E-02    0.764E-17    0.764E-17
    15.000     0.283    0.555E+00    0.253E+00    0.223E+00    0.196E-01    0.234E-01    0.986E-02    0.986E-02    0.209E-02    0.209E-02    0.740E-17    0.740E-17
    15.000     0.284    0.554E+00    0.252E+00    0.221E+00    0.194E-01    0.231E-01    0.975E-02    0.975E-02    0.207E-02    0.207E-02    0.715E-17    0.715E-17
    15.000     0.285    0.553E+00    0.251E+00    0.219E+00    0.192E-01    0.229E-01    0.965E-02    0.965E-02    0.205E-02    0.205E-02    0.688E-17    0.688E-17
    15.000     0.286    0.551E+00    0.250E+00    0.218E+00    0.190E-01    0.226E-01    0.954E-02    0.954E-02    0.202E-02    0.202E-02    0.660E-17    0.660E-17
    15.000     0.287    0.550E+00    0.249E+00    0.216E+00    0.189E-01    0.223E-01    0.944E-02    0.944E-02    0.200E-02    0.200E-02    0.631E-17    0.631E-17
    15.000     0.288    0.549E+00    0.247E+00    0.214E+00    0.187E-01    0.221E-01    0.934E-02    0.934E-02    0.198E-02    0.198E-02    0.601E-17    0.601E-17
    15.000     0.289    0.547E+00    0.246E+00    0.212E+00    0.185E-01    0.218E-01    0.924E-02    0.924E-02    0.196E-02    0.196E-02    0.570E-17    0.570E-17
    15.000     0.290    0.546E+00    0.245E+00    0.211E+00    0.183E-01    0.216E-01    0.914E-02    0.914E-02    0.194E-02    0.194E-02    0.539E-17    0.539E-17
    15.000     0.291    0.544E+00    0.244E+00    0.209E+00    0.181E-01    0.213E-01    0.904E-02    0.904E-02    0.192E-02    0.192E-02    0.507E-17    0.507E-17
    15.000     0.292    0.543E+00    0.243E+00    0.207E+00    0.180E-01    0.211E-01    0.894E-02    0.894E-02    0.190E-02    0.190E-02    0.475E-17    0.475E-17
    15.000     0.293    0.542E+00    0.242E+00    0.206E+00    0.178E-01    0.208E-01    0.885E-02    0.885E-02    0.187E-02    0.187E-02    0.443E-17    0.443E-17
    15.000     0.294    0.540E+00    0.241E+00    0.204E+00    0.176E-01    0.206E-01    0.875E-02    0.875E-02    0.185E-02    0.185E-02    0.416E-17    0.416E-17
    15.000     0.295    0.539E+00    0.240E+00    0.202E+00    0.175E-01    0.203E-01    0.865E-02    0.865E-02    0.183E-02    0.183E-02    0.390E-17    0.390E-17
    15.000     0.296    0.538E+00    0.239E+00    0.201E+00    0.173E-01    0.201E-01    0.856E-02    0.856E-02    0.181E-02    0.181E-02    0.364E-17    0.364E-17
    15.000     0.297    0.536E+00    0.238E+00    0.199E+00    0.171E-01    0.198E-01    0.847E-02    0.847E-02    0.179E-02    0.179E-02    0.338E-17    0.338E-17
    15.000     0.298    0.535E+00    0.237E+00    0.198E+00    0.169E-01    0.196E-01    0.837E-02    0.837E-02    0.177E-02    0.177E-02    0.312E-17    0.312E-17
    15.000     0.299    0.533E+00    0.236E+00    0.196E+00    0.168E-01    0.194E-01    0.828E-02    0.828E-02    0.175E-02    0.175E-02    0.287E-17    0.287E-17
    15.000     0.300    0.532E+00    0.235E+00    0.194E+00    0.166E-01    0.191E-01    0.819E-02    0.819E-02    0.173E-02    0.173E-02    0.261E-17    0.261E-17
    15.000     0.301    0.531E+00    0.234E+00    0.193E+00    0.165E-01    0.189E-01    0.810E-02    0.810E-02    0.172E-02    0.172E-02    0.236E-17    0.236E-17
    15.000     0.302    0.529E+00    0.233E+00    0.191E+00    0.163E-01    0.187E-01    0.801E-02    0.801E-02    0.170E-02    0.170E-02    0.212E-17    0.212E-17
    15.000     0.303    0.528E+00    0.232E+00    0.190E+00    0.161E-01    0.185E-01    0.792E-02    0.792E-02    0.168E-02    0.168E-02    0.188E-17    0.188E-17
    15.000     0.304    0.526E+00    0.231E+00    0.188E+00    0.160E-01    0.182E-01    0.784E-02    0.784E-02    0.166E-02    0.166E-02    0.165E-17    0.165E-17
    15.000     0.305    0.525E+00    0.230E+00    0.187E+00    0.158E-01    0.180E-01    0.775E-02    0.775E-02    0.164E-02    0.164E-02    0.142E-17    0.142E-17
    15.000     0.306    0.523E+00    0.229E+00    0.185E+00    0.157E-01    0.178E-01    0.766E-02    0.766E-02    0.162E-02    0.162E-02    0.120E-17    0.120E-17
    15.000     0.307    0.522E+00    0.228E+00    0.184E+00    0.155E-01    0.176E-01    0.758E-02    0.758E-02    0.160E-02    0.160E-02    0.987E-18    0.987E-18
    15.000     0.308    0.521E+00    0.227E+00    0.182E+00    0.153E-01    0.174E-01    0.750E-02    0.750E-02    0.159E-02    0.159E-02    0.782E-18    0.782E-18
    15.000     0.309    0.519E+00    0.226E+00    0.181E+00    0.152E-01    0.172E-01    0.741E-02    0.741E-02    0.157E-02    0.157E-02    0.585E-18    0.585E-18
    15.000     0.310    0.518E+00    0.225E+00    0.179E+00    0.150E-01    0.170E-01    0.733E-02    0.733E-02    0.155E-02    0.155E-02    0.398E-18    0.398E-18
    15.000     0.311    0.516E+00    0.224E+00    0.178E+00    0.149E-01    0.168E-01    0.725E-02    0.725E-02    0.153E-02    0.153E-02    0.221E-18    0.221E-18
    15.000     0.312    0.515E+00    0.223E+00    0.176E+00    0.147E-01    0.166E-01    0.717E-02    0.717E-02    0.152E-02    0.152E-02    0.542E-19    0.542E-19
    15.000     0.313    0.513E+00    0.222E+00    0.175E+00    0.146E-01    0.164E-01    0.709E-02    0.709E-02    0.150E-02    0.150E-02    0.000E+00    0.000E+00
    15.000     0.314    0.512E+00    0.221E+00    0.174E+00    0.144E-01    0.162E-01    0.701E-02    0.701E-02    0.148E-02    0.148E-02    0.000E+00    0.000E+00
    15.000     0.315    0.510E+00    0.220E+00    0.172E+00    0.143E-01    0.160E-01    0.693E-02    0.693E-02    0.147E-02    0.147E-02    0.000E+00    0.000E+00
    15.000     0.316    0.509E+00    0.219E+00    0.171E+00    0.141E-01    0.158E-01    0.685E-02    0.685E-02    0.145E-02    0.145E-02    0.000E+00    0.000E+00
    15.000     0.317    0.507E+00    0.218E+00    0.169E+00    0.140E-01    0.156E-01    0.677E-02    0.677E-02    0.143E-02    0.143E-02    0.000E+00    0.000E+00
    15.000     0.318    0.506E+00    0.217E+00    0.168E+00    0.138E-01    0.154E-01    0.670E-02    0.670E-02    0.142E-02    0.142E-02    0.000E+00    0.000E+00
    15.000     0.319    0.504E+00    0.216E+00    0.167E+00    0.137E-01    0.152E-01    0.662E-02    0.662E-02    0.140E-02    0.140E-02    0.000E+00    0.000E+00
    15.000     0.320    0.503E+00    0.215E+00    0.165E+00    0.135E-01    0.150E-01    0.654E-02    0.654E-02    0.139E-02    0.139E-02    0.000E+00    0.000E+00
    15.000     0.321    0.501E+00    0.214E+00    0.164E+00    0.134E-01    0.148E-01    0.647E-02    0.647E-02    0.137E-02    0.137E-02    0.000E+00    0.000E+00
    15.000     0.322    0.500E+00    0.213E+00    0.163E+00    0.133E-01    0.147E-01    0.640E-02    0.640E-02    0.136E-02    0.136E-02    0.000E+00    0.000E+00
    15.000     0.323    0.498E+00    0.212E+00    0.161E+00    0.131E-01    0.145E-01    0.632E-02    0.632E-02    0.134E-02    0.134E-02    0.000E+00    0.000E+00
    15.000     0.324    0.497E+00    0.211E+00    0.160E+00    0.130E-01    0.143E-01    0.625E-02    0.625E-02    0.133E-02    0.133E-02    0.000E+00    0.000E+00
    15.000     0.325    0.495E+00    0.210E+00    0.159E+00    0.128E-01    0.141E-01    0.618E-02    0.618E-02    0.131E-02    0.131E-02    0.000E+00    0.000E+00
    15.000     0.326    0.494E+00    0.209E+00    0.158E+00    0.127E-01    0.139E-01    0.611E-02    0.611E-02    0.130E-02    0.130E-02    0.000E+00    0.000E+00
    15.000     0.327    0.492E+00    0.208E+00    0.156E+00    0.126E-01    0.138E-01    0.604E-02    0.604E-02    0.128E-02    0.128E-02    0.000E+00    0.000E+00
    15.000     0.328    0.491E+00    0.207E+00    0.155E+00    0.124E-01    0.136E-01    0.597E-02    0.597E-02    0.127E-02    0.127E-02    0.000E+00    0.000E+00
    15.000     0.329    0.489E+00    0.206E+00    0.154E+00    0.123E-01    0.134E-01    0.590E-02    0.590E-02    0.125E-02    0.125E-02    0.000E+00    0.000E+00
    15.000     0.330    0.488E+00    0.205E+00    0.153E+00    0.122E-01    0.133E-01    0.583E-02    0.583E-02    0.124E-02    0.124E-02    0.000E+00    0.000E+00
    15.000     0.331    0.486E+00    0.204E+00    0.151E+00    0.120E-01    0.131E-01    0.577E-02    0.577E-02    0.122E-02    0.122E-02    0.000E+00    0.000E+00
    15.000     0.332    0.485E+00    0.203E+00    0.150E+00    0.119E-01    0.130E-01    0.570E-02    0.570E-02    0.121E-02    0.121E-02    0.000E+00    0.000E+00
    15.000     0.333    0.483E+00    0.202E+00    0.149E+00    0.118E-01    0.128E-01    0.563E-02    0.563E-02    0.120E-02    0.120E-02    0.401E-18    0.401E-18
    15.000     0.334    0.482E+00    0.201E+00    0.148E+00    0.117E-01    0.126E-01    0.557E-02    0.557E-02    0.118E-02    0.118E-02    0.838E-18    0.838E-18
    15.000     0.335    0.480E+00    0.200E+00    0.146E+00    0.115E-01    0.125E-01    0.550E-02    0.550E-02    0.117E-02    0.117E-02    0.129E-17    0.129E-17
    15.000     0.336    0.479E+00    0.199E+00    0.145E+00    0.114E-01    0.123E-01    0.544E-02    0.544E-02    0.116E-02    0.116E-02    0.176E-17    0.176E-17
    15.000     0.337    0.477E+00    0.198E+00    0.144E+00    0.113E-01    0.122E-01    0.537E-02    0.537E-02    0.114E-02    0.114E-02    0.225E-17    0.225E-17
    15.000     0.338    0.476E+00    0.197E+00    0.143E+00    0.112E-01    0.120E-01    0.531E-02    0.531E-02    0.113E-02    0.113E-02    0.274E-17    0.274E-17
    15.000     0.339    0.474E+00    0.196E+00    0.142E+00    0.110E-01    0.119E-01    0.525E-02    0.525E-02    0.112E-02    0.112E-02    0.324E-17    0.324E-17
    15.000     0.340    0.473E+00    0.195E+00    0.141E+00    0.109E-01    0.117E-01    0.519E-02    0.519E-02    0.110E-02    0.110E-02    0.374E-17    0.374E-17
    15.000     0.341    0.471E+00    0.194E+00    0.139E+00    0.108E-01    0.116E-01    0.513E-02    0.513E-02    0.109E-02    0.109E-02    0.424E-17    0.424E-17
    15.000     0.342    0.470E+00    0.193E+00    0.138E+00    0.107E-01    0.114E-01    0.507E-02    0.507E-02    0.108E-02    0.108E-02    0.474E-17    0.474E-17
    15.000     0.343    0.468E+00    0.192E+00    0.137E+00    0.105E-01    0.113E-01    0.501E-02    0.501E-02    0.107E-02    0.107E-02    0.524E-17    0.524E-17
    15.000     0.344    0.467E+00    0.191E+00    0.136E+00    0.104E-01    0.111E-01    0.495E-02    0.495E-02    0.105E-02    0.105E-02    0.572E-17    0.572E-17
    15.000     0.345    0.465E+00    0.190E+00    0.135E+00    0.103E-01    0.110E-01    0.489E-02    0.489E-02    0.104E-02    0.104E-02    0.619E-17    0.619E-17
    15.000     0.346    0.464E+00    0.189E+00    0.134E+00    0.102E-01    0.109E-01    0.483E-02    0.483E-02    0.103E-02    0.103E-02    0.665E-17    0.665E-17
    15.000     0.347    0.462E+00    0.188E+00    0.133E+00    0.101E-01    0.107E-01    0.477E-02    0.477E-02    0.102E-02    0.102E-02    0.709E-17    0.709E-17
    15.000     0.348    0.460E+00    0.187E+00    0.132E+00    0.996E-02    0.106E-01    0.472E-02    0.472E-02    0.100E-02    0.100E-02    0.750E-17    0.750E-17
    15.000     0.349    0.459E+00    0.186E+00    0.131E+00    0.985E-02    0.105E-01    0.466E-02    0.466E-02    0.993E-03    0.993E-03    0.789E-17    0.789E-17
    15.000     0.350    0.457E+00    0.185E+00    0.130E+00    0.974E-02    0.103E-01    0.460E-02    0.460E-02    0.981E-03    0.981E-03    0.825E-17    0.825E-17
    15.000     0.351    0.456E+00    0.184E+00    0.129E+00    0.963E-02    0.102E-01    0.455E-02    0.455E-02    0.970E-03    0.970E-03    0.858E-17    0.858E-17
    15.000     0.352    0.454E+00    0.184E+00    0.127E+00    0.951E-02    0.101E-01    0.449E-02    0.449E-02    0.958E-03    0.958E-03    0.887E-17    0.887E-17
    15.000     0.353    0.453E+00    0.183E+00    0.126E+00    0.941E-02    0.995E-02    0.444E-02    0.444E-02    0.947E-03    0.947E-03    0.872E-17    0.872E-17
    15.000     0.354    0.451E+00    0.182E+00    0.125E+00    0.930E-02    0.983E-02    0.439E-02    0.439E-02    0.936E-03    0.936E-03    0.852E-17    0.852E-17
    15.000     0.355    0.450E+00    0.181E+00    0.124E+00    0.919E-02    0.970E-02    0.433E-02    0.433E-02    0.925E-03    0.925E-03    0.827E-17    0.827E-17
    15.000     0.356    0.448E+00    0.180E+00    0.123E+00    0.908E-02    0.958E-02    0.428E-02    0.428E-02    0.914E-03    0.914E-03    0.800E-17    0.800E-17
    15.000     0.357    0.447E+00    0.179E+00    0.122E+00    0.898E-02    0.946E-02    0.423E-02    0.423E-02    0.903E-03    0.903E-03    0.769E-17    0.769E-17
    15.000     0.358    0.445E+00    0.178E+00    0.121E+00    0.887E-02    0.934E-02    0.418E-02    0.418E-02    0.892E-03    0.892E-03    0.736E-17    0.736E-17
    15.000     0.359    0.443E+00    0.177E+00    0.120E+00    0.877E-02    0.922E-02    0.413E-02    0.413E-02    0.882E-03    0.882E-03    0.699E-17    0.699E-17
    15.000     0.360    0.442E+00    0.176E+00    0.119E+00    0.867E-02    0.910E-02    0.408E-02    0.408E-02    0.871E-03    0.871E-03    0.661E-17    0.661E-17
    15.000     0.361    0.440E+00    0.175E+00    0.118E+00    0.856E-02    0.898E-02    0.403E-02    0.403E-02    0.861E-03    0.861E-03    0.620E-17    0.620E-17
    15.000     0.362    0.439E+00    0.174E+00    0.117E+00    0.846E-02    0.887E-02    0.398E-02    0.398E-02    0.850E-03    0.850E-03    0.578E-17    0.578E-17
    15.000     0.363    0.437E+00    0.173E+00    0.116E+00    0.836E-02    0.876E-02    0.393E-02    0.393E-02    0.840E-03    0.840E-03    0.534E-17    0.534E-17
    15.000     0.364    0.436E+00    0.172E+00    0.115E+00    0.826E-02    0.865E-02    0.388E-02    0.388E-02    0.830E-03    0.830E-03    0.489E-17    0.489E-17
    15.000     0.365    0.434E+00    0.171E+00    0.114E+00    0.817E-02    0.853E-02    0.383E-02    0.383E-02    0.820E-03    0.820E-03    0.443E-17    0.443E-17
    15.000     0.366    0.433E+00    0.170E+00    0.113E+00    0.807E-02    0.843E-02    0.378E-02    0.378E-02    0.810E-03    0.810E-03    0.397E-17    0.397E-17
    15.000     0.367    0.431E+00    0.169E+00    0.113E+00    0.797E-02    0.832E-02    0.374E-02    0.374E-02    0.801E-03    0.801E-03    0.350E-17    0.350E-17
    15.000     0.368    0.429E+00    0.168E+00    0.112E+00    0.788E-02    0.821E-02    0.369E-02    0.369E-02    0.791E-03    0.791E-03    0.303E-17    0.303E-17
    15.000     0.369    0.428E+00    0.167E+00    0.111E+00    0.778E-02    0.811E-02    0.365E-02    0.365E-02    0.781E-03    0.781E-03    0.257E-17    0.257E-17
    15.000     0.370    0.426E+00    0.166E+00    0.110E+00    0.769E-02    0.800E-02    0.360E-02    0.360E-02    0.772E-03    0.772E-03    0.211E-17    0.211E-17
    15.000     0.371    0.425E+00    0.165E+00    0.109E+00    0.760E-02    0.790E-02    0.356E-02    0.356E-02    0.763E-03    0.763E-03    0.166E-17    0.166E-17
    15.000     0.372    0.423E+00    0.164E+00    0.108E+00    0.750E-02    0.780E-02    0.351E-02    0.351E-02    0.753E-03    0.753E-03    0.123E-17    0.123E-17
    15.000     0.373    0.422E+00    0.163E+00    0.107E+00    0.741E-02    0.770E-02    0.347E-02    0.347E-02    0.744E-03    0.744E-03    0.102E-17    0.102E-17
    15.000     0.374    0.420E+00    0.162E+00    0.106E+00    0.732E-02    0.760E-02    0.342E-02    0.342E-02    0.735E-03    0.735E-03    0.903E-18    0.903E-18
    15.000     0.375    0.418E+00    0.162E+00    0.105E+00    0.723E-02    0.750E-02    0.338E-02    0.338E-02    0.726E-03    0.726E-03    0.807E-18    0.807E-18
    15.000     0.376    0.417E+00    0.161E+00    0.104E+00    0.714E-02    0.740E-02    0.334E-02    0.334E-02    0.717E-03    0.717E-03    0.728E-18    0.728E-18
    15.000     0.377    0.415E+00    0.160E+00    0.103E+00    0.706E-02    0.730E-02    0.330E-02    0.330E-02    0.708E-03    0.708E-03    0.665E-18    0.665E-18
    15.000     0.378    0.414E+00    0.159E+00    0.103E+00    0.697E-02    0.721E-02    0.326E-02    0.326E-02    0.700E-03    0.700E-03    0.617E-18    0.617E-18
    15.000     0.379    0.412E+00    0.158E+00    0.102E+00    0.688E-02    0.711E-02    0.321E-02    0.321E-02    0.691E-03    0.691E-03    0.584E-18    0.584E-18
    15.000     0.380    0.411E+00    0.157E+00    0.101E+00    0.680E-02    0.702E-02    0.317E-02    0.317E-02    0.682E-03    0.682E-03    0.564E-18    0.564E-18
    15.000     0.381    0.409E+00    0.156E+00    0.999E-01    0.671E-02    0.693E-02    0.313E-02    0.313E-02    0.674E-03    0.674E-03    0.557E-18    0.557E-18
    15.000     0.382    0.408E+00    0.155E+00    0.991E-01    0.663E-02    0.684E-02    0.309E-02    0.309E-02    0.666E-03    0.666E-03    0.562E-18    0.562E-18
    15.000     0.383    0.406E+00    0.154E+00    0.982E-01    0.655E-02    0.675E-02    0.305E-02    0.305E-02    0.657E-03    0.657E-03    0.578E-18    0.578E-18
    15.000     0.384    0.404E+00    0.153E+00    0.974E-01    0.647E-02    0.666E-02    0.301E-02    0.301E-02    0.649E-03    0.649E-03    0.603E-18    0.603E-18
    15.000     0.385    0.403E+00    0.152E+00    0.965E-01    0.639E-02    0.657E-02    0.298E-02    0.298E-02    0.641E-03    0.641E-03    0.638E-18    0.638E-18
    15.000     0.386    0.401E+00    0.151E+00    0.957E-01    0.631E-02    0.649E-02    0.294E-02    0.294E-02    0.633E-03    0.633E-03    0.681E-18    0.681E-18
    15.000     0.387    0.400E+00    0.150E+00    0.949E-01    0.623E-02    0.640E-02    0.290E-02    0.290E-02    0.625E-03    0.625E-03    0.731E-18    0.731E-18
    15.000     0.388    0.398E+00    0.150E+00    0.941E-01    0.615E-02    0.632E-02    0.286E-02    0.286E-02    0.617E-03    0.617E-03    0.787E-18    0.787E-18
    15.000     0.389    0.397E+00    0.149E+00    0.933E-01    0.607E-02    0.623E-02    0.283E-02    0.283E-02    0.610E-03    0.610E-03    0.848E-18    0.848E-18
    15.000     0.390    0.395E+00    0.148E+00    0.925E-01    0.599E-02    0.615E-02    0.279E-02    0.279E-02    0.602E-03    0.602E-03    0.914E-18    0.914E-18
    15.000     0.391    0.393E+00    0.147E+00    0.917E-01    0.592E-02    0.607E-02    0.275E-02    0.275E-02    0.594E-03    0.594E-03    0.983E-18    0.983E-18
    15.000     0.392    0.392E+00    0.146E+00    0.909E-01    0.584E-02    0.599E-02    0.272E-02    0.272E-02    0.587E-03    0.587E-03    0.105E-17    0.105E-17
    15.000     0.393    0.390E+00    0.145E+00    0.901E-01    0.577E-02    0.591E-02    0.268E-02    0.268E-02    0.579E-03    0.579E-03    0.110E-17    0.110E-17
    15.000     0.394    0.389E+00    0.144E+00    0.893E-01    0.569E-02    0.583E-02    0.265E-02    0.265E-02    0.572E-03    0.572E-03    0.108E-17    0.108E-17
    15.000     0.395    0.387E+00    0.143E+00    0.885E-01    0.562E-02    0.575E-02    0.261E-02    0.261E-02    0.565E-03    0.565E-03    0.106E-17    0.106E-17
    15.000     0.396    0.386E+00    0.142E+00    0.877E-01    0.555E-02    0.567E-02    0.258E-02    0.258E-02    0.558E-03    0.558E-03    0.103E-17    0.103E-17
    15.000     0.397    0.384E+00    0.141E+00    0.870E-01    0.548E-02    0.560E-02    0.255E-02    0.255E-02    0.550E-03    0.550E-03    0.101E-17    0.101E-17
    15.000     0.398    0.383E+00    0.141E+00    0.862E-01    0.541E-02    0.552E-02    0.251E-02    0.251E-02    0.543E-03    0.543E-03    0.991E-18    0.991E-18
    15.000     0.399    0.381E+00    0.140E+00    0.855E-01    0.534E-02    0.545E-02    0.248E-02    0.248E-02    0.536E-03    0.536E-03    0.972E-18    0.972E-18
    15.000     0.400    0.379E+00    0.139E+00    0.847E-01    0.527E-02    0.537E-02    0.245E-02    0.245E-02    0.530E-03    0.530E-03    0.955E-18    0.955E-18
    15.000     0.401    0.378E+00    0.138E+00    0.840E-01    0.520E-02    0.530E-02    0.241E-02    0.241E-02    0.523E-03    0.523E-03    0.940E-18    0.940E-18
    15.000     0.402    0.376E+00    0.137E+00    0.832E-01    0.513E-02    0.523E-02    0.238E-02    0.238E-02    0.516E-03    0.516E-03    0.928E-18    0.928E-18
    15.000     0.403    0.375E+00    0.136E+00    0.825E-01    0.506E-02    0.516E-02    0.235E-02    0.235E-02    0.509E-03    0.509E-03    0.919E-18    0.919E-18
    15.000     0.404    0.373E+00    0.135E+00    0.818E-01    0.500E-02    0.509E-02    0.232E-02    0.232E-02    0.503E-03    0.503E-03    0.914E-18    0.914E-18
    15.000     0.405    0.372E+00    0.134E+00    0.810E-01    0.493E-02    0.502E-02    0.229E-02    0.229E-02    0.496E-03    0.496E-03    0.912E-18    0.912E-18
    15.000     0.406    0.370E+00    0.133E+00    0.803E-01    0.487E-02    0.495E-02    0.226E-02    0.226E-02    0.490E-03    0.490E-03    0.915E-18    0.915E-18
    15.000     0.407    0.369E+00    0.133E+00    0.796E-01    0.480E-02    0.489E-02    0.223E-02    0.223E-02    0.483E-03    0.483E-03    0.922E-18    0.922E-18
    15.000     0.408    0.367E+00    0.132E+00    0.789E-01    0.474E-02    0.482E-02    0.220E-02    0.220E-02    0.477E-03    0.477E-03    0.934E-18    0.934E-18
    15.000     0.409    0.365E+00    0.131E+00    0.782E-01    0.468E-02    0.475E-02    0.217E-02    0.217E-02    0.471E-03    0.471E-03    0.952E-18    0.952E-18
    15.000     0.410    0.364E+00    0.130E+00    0.775E-01    0.462E-02    0.469E-02    0.214E-02    0.214E-02    0.465E-03    0.465E-03    0.975E-18    0.975E-18
    15.000     0.411    0.362E+00    0.129E+00    0.768E-01    0.455E-02    0.462E-02    0.211E-02    0.211E-02    0.459E-03    0.459E-03    0.100E-17    0.100E-17
    15.000     0.412    0.361E+00    0.128E+00    0.761E-01    0.449E-02    0.456E-02    0.208E-02    0.208E-02    0.452E-03    0.452E-03    0.104E-17    0.104E-17
    15.000     0.413    0.359E+00    0.127E+00    0.754E-01    0.443E-02    0.450E-02    0.205E-02    0.205E-02    0.447E-03    0.447E-03    0.108E-17    0.108E-17
    15.000     0.414    0.358E+00    0.127E+00    0.747E-01    0.437E-02    0.444E-02    0.203E-02    0.203E-02    0.441E-03    0.441E-03    0.118E-17    0.118E-17
    15.000     0.415    0.356E+00    0.126E+00    0.741E-01    0.431E-02    0.438E-02    0.200E-02    0.200E-02    0.435E-03    0.435E-03    0.135E-17    0.135E-17
    15.000     0.416    0.355E+00    0.125E+00    0.734E-01    0.426E-02    0.431E-02    0.197E-02    0.197E-02    0.429E-03    0.429E-03    0.152E-17    0.152E-17
    15.000     0.417    0.353E+00    0.124E+00    0.727E-01    0.420E-02    0.426E-02    0.194E-02    0.194E-02    0.423E-03    0.423E-03    0.170E-17    0.170E-17
    15.000     0.418    0.352E+00    0.123E+00    0.721E-01    0.414E-02    0.420E-02    0.192E-02    0.192E-02    0.418E-03    0.418E-03    0.188E-17    0.188E-17
    15.000     0.419    0.350E+00    0.122E+00    0.714E-01    0.409E-02    0.414E-02    0.189E-02    0.189E-02    0.412E-03    0.412E-03    0.207E-17    0.207E-17
    15.000     0.420    0.348E+00    0.122E+00    0.707E-01    0.403E-02    0.408E-02    0.187E-02    0.187E-02    0.406E-03    0.406E-03    0.226E-17    0.226E-17
    15.000     0.421    0.347E+00    0.121E+00    0.701E-01    0.398E-02    0.402E-02    0.184E-02    0.184E-02    0.401E-03    0.401E-03    0.244E-17    0.244E-17
    15.000     0.422    0.345E+00    0.120E+00    0.695E-01    0.392E-02    0.397E-02    0.181E-02    0.181E-02    0.396E-03    0.396E-03    0.263E-17    0.263E-17
    15.000     0.423    0.344E+00    0.119E+00    0.688E-01    0.387E-02    0.391E-02    0.179E-02    0.179E-02    0.390E-03    0.390E-03    0.282E-17    0.282E-17
    15.000     0.424    0.342E+00    0.118E+00    0.682E-01    0.381E-02    0.386E-02    0.177E-02    0.177E-02    0.385E-03    0.385E-03    0.300E-17    0.300E-17
    15.000     0.425    0.341E+00    0.117E+00    0.676E-01    0.376E-02    0.380E-02    0.174E-02    0.174E-02    0.380E-03    0.380E-03    0.318E-17    0.318E-17
    15.000     0.426    0.339E+00    0.117E+00    0.669E-01    0.371E-02    0.375E-02    0.172E-02    0.172E-02    0.375E-03    0.375E-03    0.336E-17    0.336E-17
    15.000     0.427    0.338E+00    0.116E+00    0.663E-01    0.366E-02    0.370E-02    0.169E-02    0.169E-02    0.369E-03    0.369E-03    0.352E-17    0.352E-17
    15.000     0.428    0.336E+00    0.115E+00    0.657E-01    0.361E-02    0.364E-02    0.167E-02    0.167E-02    0.364E-03    0.364E-03    0.368E-17    0.368E-17
    15.000     0.429    0.335E+00    0.114E+00    0.651E-01    0.356E-02    0.359E-02    0.165E-02    0.165E-02    0.359E-03    0.359E-03    0.384E-17    0.384E-17
    15.000     0.430    0.333E+00    0.113E+00    0.645E-01    0.351E-02    0.354E-02    0.162E-02    0.162E-02    0.355E-03    0.355E-03    0.398E-17    0.398E-17
    15.000     0.431    0.332E+00    0.113E+00    0.639E-01    0.346E-02    0.349E-02    0.160E-02    0.160E-02    0.350E-03    0.350E-03    0.411E-17    0.411E-17
    15.000     0.432    0.330E+00    0.112E+00    0.633E-01    0.341E-02    0.344E-02    0.158E-02    0.158E-02    0.345E-03    0.345E-03    0.422E-17    0.422E-17
    15.000     0.433    0.329E+00    0.111E+00    0.627E-01    0.336E-02    0.339E-02    0.156E-02    0.156E-02    0.340E-03    0.340E-03    0.433E-17    0.433E-17
    15.000     0.434    0.327E+00    0.110E+00    0.621E-01    0.332E-02    0.335E-02    0.153E-02    0.153E-02    0.335E-03    0.335E-03    0.441E-17    0.441E-17
    15.000     0.435    0.326E+00    0.109E+00    0.615E-01    0.327E-02    0.330E-02    0.151E-02    0.151E-02    0.331E-03    0.331E-03    0.436E-17    0.436E-17
    15.000     0.436    0.324E+00    0.109E+00    0.609E-01    0.322E-02    0.325E-02    0.149E-02    0.149E-02    0.326E-03    0.326E-03    0.422E-17    0.422E-17
    15.000     0.437    0.323E+00    0.108E+00    0.604E-01    0.318E-02    0.320E-02    0.147E-02    0.147E-02    0.322E-03    0.322E-03    0.407E-17    0.407E-17
    15.000     0.438    0.321E+00    0.107E+00    0.598E-01    0.313E-02    0.316E-02    0.145E-02    0.145E-02    0.317E-03    0.317E-03    0.390E-17    0.390E-17
    15.000     0.439    0.320E+00    0.106E+00    0.592E-01    0.309E-02    0.311E-02    0.143E-02    0.143E-02    0.313E-03    0.313E-03    0.371E-17    0.371E-17
    15.000     0.440    0.318E+00    0.105E+00    0.587E-01    0.304E-02    0.307E-02    0.141E-02    0.141E-02    0.308E-03    0.308E-03    0.352E-17    0.352E-17
    15.000     0.441    0.317E+00    0.105E+00    0.581E-01    0.300E-02    0.302E-02    0.139E-02    0.139E-02    0.304E-03    0.304E-03    0.332E-17    0.332E-17
    15.000     0.442    0.315E+00    0.104E+00    0.575E-01    0.296E-02    0.298E-02    0.137E-02    0.137E-02    0.300E-03    0.300E-03    0.310E-17    0.310E-17
    15.000     0.443    0.314E+00    0.103E+00    0.570E-01    0.292E-02    0.294E-02    0.135E-02    0.135E-02    0.295E-03    0.295E-03    0.288E-17    0.288E-17
    15.000     0.444    0.312E+00    0.102E+00    0.564E-01    0.287E-02    0.289E-02    0.133E-02    0.133E-02    0.291E-03    0.291E-03    0.265E-17    0.265E-17
    15.000     0.445    0.311E+00    0.102E+00    0.559E-01    0.283E-02    0.285E-02    0.131E-02    0.131E-02    0.287E-03    0.287E-03    0.242E-17    0.242E-17
    15.000     0.446    0.309E+00    0.101E+00    0.554E-01    0.279E-02    0.281E-02    0.129E-02    0.129E-02    0.283E-03    0.283E-03    0.218E-17    0.218E-17
    15.000     0.447    0.308E+00    0.100E+00    0.548E-01    0.275E-02    0.277E-02    0.127E-02    0.127E-02    0.279E-03    0.279E-03    0.194E-17    0.194E-17
    15.000     0.448    0.306E+00    0.994E-01    0.543E-01    0.271E-02    0.273E-02    0.125E-02    0.125E-02    0.275E-03    0.275E-03    0.169E-17    0.169E-17
    15.000     0.449    0.305E+00    0.986E-01    0.538E-01    0.267E-02    0.269E-02    0.123E-02    0.123E-02    0.271E-03    0.271E-03    0.145E-17    0.145E-17
    15.000     0.450    0.303E+00    0.979E-01    0.532E-01    0.263E-02    0.265E-02    0.122E-02    0.122E-02    0.267E-03    0.267E-03    0.121E-17    0.121E-17
    15.000     0.451    0.302E+00    0.971E-01    0.527E-01    0.260E-02    0.261E-02    0.120E-02    0.120E-02    0.263E-03    0.263E-03    0.978E-18    0.978E-18
    15.000     0.452    0.300E+00    0.964E-01    0.522E-01    0.256E-02    0.257E-02    0.118E-02    0.118E-02    0.259E-03    0.259E-03    0.747E-18    0.747E-18
    15.000     0.453    0.299E+00    0.957E-01    0.517E-01    0.252E-02    0.253E-02    0.116E-02    0.116E-02    0.256E-03    0.256E-03    0.523E-18    0.523E-18
    15.000     0.454    0.297E+00    0.949E-01    0.512E-01    0.248E-02    0.250E-02    0.115E-02    0.115E-02    0.252E-03    0.252E-03    0.306E-18    0.306E-18
    15.000     0.455    0.296E+00    0.942E-01    0.507E-01    0.245E-02    0.246E-02    0.113E-02    0.113E-02    0.248E-03    0.248E-03    0.986E-19    0.986E-19
    15.000     0.456    0.294E+00    0.935E-01    0.502E-01    0.241E-02    0.242E-02    0.111E-02    0.111E-02    0.245E-03    0.245E-03    0.000E+00    0.000E+00
    15.000     0.457    0.293E+00    0.927E-01    0.497E-01    0.238E-02    0.239E-02    0.110E-02    0.110E-02    0.241E-03    0.241E-03    0.000E+00    0.000E+00
    15.000     0.458    0.291E+00    0.920E-01    0.492E-01    0.234E-02    0.235E-02    0.108E-02    0.108E-02    0.238E-03    0.238E-03    0.000E+00    0.000E+00
    15.000     0.459    0.290E+00    0.913E-01    0.487E-01    0.231E-02    0.232E-02    0.106E-02    0.106E-02    0.234E-03    0.234E-03    0.000E+00    0.000E+00
    15.000     0.460    0.289E+00    0.906E-01    0.482E-01    0.227E-02    0.228E-02    0.105E-02    0.105E-02    0.231E-03    0.231E-03    0.601E-20    0.601E-20
    15.000     0.461    0.287E+00    0.899E-01    0.477E-01    0.224E-02    0.225E-02    0.103E-02    0.103E-02    0.227E-03    0.227E-03    0.353E-19    0.353E-19
    15.000     0.462    0.286E+00    0.892E-01    0.473E-01    0.220E-02    0.221E-02    0.102E-02    0.102E-02    0.224E-03    0.224E-03    0.731E-19    0.731E-19
    15.000     0.463    0.284E+00    0.885E-01    0.468E-01    0.217E-02    0.218E-02    0.100E-02    0.100E-02    0.220E-03    0.220E-03    0.119E-18    0.119E-18
    15.000     0.464    0.283E+00    0.878E-01    0.463E-01    0.214E-02    0.215E-02    0.987E-03    0.987E-03    0.217E-03    0.217E-03    0.171E-18    0.171E-18
    15.000     0.465    0.281E+00    0.871E-01    0.459E-01    0.211E-02    0.211E-02    0.972E-03    0.972E-03    0.214E-03    0.214E-03    0.230E-18    0.230E-18
    15.000     0.466    0.280E+00    0.864E-01    0.454E-01    0.207E-02    0.208E-02    0.958E-03    0.958E-03    0.211E-03    0.211E-03    0.294E-18    0.294E-18
    15.000     0.467    0.278E+00    0.857E-01    0.449E-01    0.204E-02    0.205E-02    0.943E-03    0.943E-03    0.208E-03    0.208E-03    0.363E-18    0.363E-18
    15.000     0.468    0.277E+00    0.850E-01    0.445E-01    0.201E-02    0.202E-02    0.929E-03    0.929E-03    0.204E-03    0.204E-03    0.435E-18    0.435E-18
    15.000     0.469    0.276E+00    0.843E-01    0.440E-01    0.198E-02    0.199E-02    0.915E-03    0.915E-03    0.201E-03    0.201E-03    0.510E-18    0.510E-18
    15.000     0.470    0.274E+00    0.836E-01    0.436E-01    0.195E-02    0.196E-02    0.901E-03    0.901E-03    0.198E-03    0.198E-03    0.588E-18    0.588E-18
    15.000     0.471    0.273E+00    0.829E-01    0.431E-01    0.192E-02    0.193E-02    0.887E-03    0.887E-03    0.195E-03    0.195E-03    0.667E-18    0.667E-18
    15.000     0.472    0.271E+00    0.823E-01    0.427E-01    0.189E-02    0.190E-02    0.873E-03    0.873E-03    0.192E-03    0.192E-03    0.746E-18    0.746E-18
    15.000     0.473    0.270E+00    0.816E-01    0.423E-01    0.186E-02    0.187E-02    0.860E-03    0.860E-03    0.189E-03    0.189E-03    0.825E-18    0.825E-18
    15.000     0.474    0.268E+00    0.809E-01    0.418E-01    0.183E-02    0.184E-02    0.847E-03    0.847E-03    0.187E-03    0.187E-03    0.903E-18    0.903E-18
    15.000     0.475    0.267E+00    0.803E-01    0.414E-01    0.181E-02    0.181E-02    0.834E-03    0.834E-03    0.184E-03    0.184E-03    0.979E-18    0.979E-18
    15.000     0.476    0.266E+00    0.796E-01    0.410E-01    0.178E-02    0.178E-02    0.821E-03    0.821E-03    0.181E-03    0.181E-03    0.105E-17    0.105E-17
    15.000     0.477    0.264E+00    0.789E-01    0.405E-01    0.175E-02    0.176E-02    0.808E-03    0.808E-03    0.178E-03    0.178E-03    0.111E-17    0.111E-17
    15.000     0.478    0.263E+00    0.783E-01    0.401E-01    0.172E-02    0.173E-02    0.796E-03    0.796E-03    0.175E-03    0.175E-03    0.108E-17    0.108E-17
    15.000     0.479    0.261E+00    0.776E-01    0.397E-01    0.170E-02    0.170E-02    0.783E-03    0.783E-03    0.173E-03    0.173E-03    0.105E-17    0.105E-17
    15.000     0.480    0.260E+00    0.770E-01    0.393E-01    0.167E-02    0.167E-02    0.771E-03    0.771E-03    0.170E-03    0.170E-03    0.101E-17    0.101E-17
    15.000     0.481    0.259E+00    0.763E-01    0.389E-01    0.165E-02    0.165E-02    0.759E-03    0.759E-03    0.167E-03    0.167E-03    0.975E-18    0.975E-18
    15.000     0.482    0.257E+00    0.757E-01    0.385E-01    0.162E-02    0.162E-02    0.747E-03    0.747E-03    0.165E-03    0.165E-03    0.932E-18    0.932E-18
    15.000     0.483    0.256E+00    0.751E-01    0.381E-01    0.159E-02    0.160E-02    0.736E-03    0.736E-03    0.162E-03    0.162E-03    0.886E-18    0.886E-18
    15.000     0.484    0.254E+00    0.744E-01    0.377E-01    0.157E-02    0.157E-02    0.724E-03    0.724E-03    0.160E-03    0.160E-03    0.837E-18    0.837E-18
    15.000     0.485    0.253E+00    0.738E-01    0.373E-01    0.154E-02    0.155E-02    0.713E-03    0.713E-03    0.157E-03    0.157E-03    0.785E-18    0.785E-18
    15.000     0.486    0.252E+00    0.732E-01    0.369E-01    0.152E-02    0.152E-02    0.701E-03    0.701E-03    0.155E-03    0.155E-03    0.731E-18    0.731E-18
    15.000     0.487    0.250E+00    0.725E-01    0.365E-01    0.150E-02    0.150E-02    0.690E-03    0.690E-03    0.152E-03    0.152E-03    0.675E-18    0.675E-18
    15.000     0.488    0.249E+00    0.719E-01    0.361E-01    0.147E-02    0.147E-02    0.679E-03    0.679E-03    0.150E-03    0.150E-03    0.617E-18    0.617E-18
    15.000     0.489    0.248E+00    0.713E-01    0.357E-01    0.145E-02    0.145E-02    0.668E-03    0.668E-03    0.147E-03    0.147E-03    0.558E-18    0.558E-18
    15.000     0.490    0.246E+00    0.707E-01    0.353E-01    0.143E-02    0.143E-02    0.658E-03    0.658E-03    0.145E-03    0.145E-03    0.497E-18    0.497E-18
    15.000     0.491    0.245E+00    0.701E-01    0.349E-01    0.140E-02    0.141E-02    0.647E-03    0.647E-03    0.143E-03    0.143E-03    0.436E-18    0.436E-18
    15.000     0.492    0.243E+00    0.695E-01    0.346E-01    0.138E-02    0.138E-02    0.637E-03    0.637E-03    0.140E-03    0.140E-03    0.375E-18    0.375E-18
    15.000     0.493    0.242E+00    0.689E-01    0.342E-01    0.136E-02    0.136E-02    0.627E-03    0.627E-03    0.138E-03    0.138E-03    0.313E-18    0.313E-18
    15.000     0.494    0.241E+00    0.683E-01    0.338E-01    0.134E-02    0.134E-02    0.617E-03    0.617E-03    0.136E-03    0.136E-03    0.252E-18    0.252E-18
    15.000     0.495    0.239E+00    0.677E-01    0.335E-01    0.132E-02    0.132E-02    0.607E-03    0.607E-03    0.134E-03    0.134E-03    0.192E-18    0.192E-18
    15.000     0.496    0.238E+00    0.671E-01    0.331E-01    0.129E-02    0.130E-02    0.597E-03    0.597E-03    0.132E-03    0.132E-03    0.133E-18    0.133E-18
    15.000     0.497    0.237E+00    0.665E-01    0.327E-01    0.127E-02    0.128E-02    0.587E-03    0.587E-03    0.129E-03    0.129E-03    0.748E-19    0.748E-19
    15.000     0.498    0.235E+00    0.659E-01    0.324E-01    0.125E-02    0.125E-02    0.578E-03    0.578E-03    0.127E-03    0.127E-03    0.187E-19    0.187E-19
    15.000     0.499    0.234E+00    0.653E-01    0.320E-01    0.123E-02    0.123E-02    0.569E-03    0.569E-03    0.125E-03    0.125E-03    0.000E+00    0.000E+00
    15.000     0.500    0.233E+00    0.647E-01    0.317E-01    0.121E-02    0.121E-02    0.559E-03    0.559E-03    0.123E-03    0.123E-03    0.000E+00    0.000E+00
    15.000     0.501    0.231E+00    0.641E-01    0.313E-01    0.119E-02    0.119E-02    0.550E-03    0.550E-03    0.121E-03    0.121E-03    0.000E+00    0.000E+00
    15.000     0.502    0.230E+00    0.636E-01    0.310E-01    0.117E-02    0.117E-02    0.541E-03    0.541E-03    0.119E-03    0.119E-03    0.000E+00    0.000E+00
    15.000     0.503    0.229E+00    0.630E-01    0.306E-01    0.115E-02    0.116E-02    0.532E-03    0.532E-03    0.117E-03    0.117E-03    0.000E+00    0.000E+00
    15.000     0.504    0.227E+00    0.624E-01    0.303E-01    0.113E-02    0.114E-02    0.523E-03    0.523E-03    0.115E-03    0.115E-03    0.000E+00    0.000E+00
    15.000     0.505    0.226E+00    0.619E-01    0.300E-01    0.112E-02    0.112E-02    0.515E-03    0.515E-03    0.113E-03    0.113E-03    0.000E+00    0.000E+00
    15.000     0.506    0.225E+00    0.613E-01    0.296E-01    0.110E-02    0.110E-02    0.506E-03    0.506E-03    0.112E-03    0.112E-03    0.000E+00    0.000E+00
    15.000     0.507    0.223E+00    0.608E-01    0.293E-01    0.108E-02    0.108E-02    0.498E-03    0.498E-03    0.110E-03    0.110E-03    0.000E+00    0.000E+00
    15.000     0.508    0.222E+00    0.602E-01    0.290E-01    0.106E-02    0.106E-02    0.490E-03    0.490E-03    0.108E-03    0.108E-03    0.000E+00    0.000E+00
    15.000     0.509    0.221E+00    0.596E-01    0.286E-01    0.104E-02    0.104E-02    0.481E-03    0.481E-03    0.106E-03    0.106E-03    0.000E+00    0.000E+00
    15.000     0.510    0.220E+00    0.591E-01    0.283E-01    0.103E-02    0.103E-02    0.473E-03    0.473E-03    0.104E-03    0.104E-03    0.000E+00    0.000E+00
    15.000     0.511    0.218E+00    0.586E-01    0.280E-01    0.101E-02    0.101E-02    0.465E-03    0.465E-03    0.102E-03    0.102E-03    0.000E+00    0.000E+00
    15.000     0.512    0.217E+00    0.580E-01    0.277E-01    0.993E-03    0.993E-03    0.458E-03    0.458E-03    0.101E-03    0.101E-03    0.000E+00    0.000E+00
    15.000     0.513    0.216E+00    0.575E-01    0.274E-01    0.976E-03    0.977E-03    0.450E-03    0.450E-03    0.990E-04    0.990E-04    0.000E+00    0.000E+00
    15.000     0.514    0.214E+00    0.569E-01    0.271E-01    0.960E-03    0.960E-03    0.442E-03    0.442E-03    0.974E-04    0.974E-04    0.000E+00    0.000E+00
    15.000     0.515    0.213E+00    0.564E-01    0.267E-01    0.944E-03    0.944E-03    0.435E-03    0.435E-03    0.957E-04    0.957E-04    0.000E+00    0.000E+00
    15.000     0.516    0.212E+00    0.559E-01    0.264E-01    0.928E-03    0.928E-03    0.428E-03    0.428E-03    0.941E-04    0.941E-04    0.000E+00    0.000E+00
    15.000     0.517    0.211E+00    0.554E-01    0.261E-01    0.912E-03    0.913E-03    0.420E-03    0.420E-03    0.925E-04    0.925E-04    0.000E+00    0.000E+00
    15.000     0.518    0.209E+00    0.548E-01    0.258E-01    0.897E-03    0.897E-03    0.413E-03    0.413E-03    0.909E-04    0.909E-04    0.000E+00    0.000E+00
    15.000     0.519    0.208E+00    0.543E-01    0.255E-01    0.881E-03    0.882E-03    0.406E-03    0.406E-03    0.893E-04    0.893E-04    0.000E+00    0.000E+00
    15.000     0.520    0.207E+00    0.538E-01    0.252E-01    0.866E-03    0.867E-03    0.399E-03    0.399E-03    0.878E-04    0.878E-04    0.000E+00    0.000E+00
    15.000     0.521    0.205E+00    0.533E-01    0.250E-01    0.852E-03    0.852E-03    0.392E-03    0.392E-03    0.862E-04    0.862E-04    0.939E-20    0.939E-20
    15.000     0.522    0.204E+00    0.528E-01    0.247E-01    0.837E-03    0.837E-03    0.386E-03    0.386E-03    0.847E-04    0.847E-04    0.200E-19    0.200E-19
    15.000     0.523    0.203E+00    0.523E-01    0.244E-01    0.823E-03    0.823E-03    0.379E-03    0.379E-03    0.833E-04    0.833E-04    0.319E-19    0.319E-19
    15.000     0.524    0.202E+00    0.518E-01    0.241E-01    0.808E-03    0.809E-03    0.373E-03    0.373E-03    0.818E-04    0.818E-04    0.452E-19    0.452E-19
    15.000     0.525    0.200E+00    0.513E-01    0.238E-01    0.794E-03    0.795E-03    0.366E-03    0.366E-03    0.804E-04    0.804E-04    0.597E-19    0.597E-19
    15.000     0.526    0.199E+00    0.508E-01    0.235E-01    0.781E-03    0.781E-03    0.360E-03    0.360E-03    0.789E-04    0.789E-04    0.757E-19    0.757E-19
    15.000     0.527    0.198E+00    0.503E-01    0.233E-01    0.767E-03    0.767E-03    0.353E-03    0.353E-03    0.775E-04    0.775E-04    0.931E-19    0.931E-19
    15.000     0.528    0.197E+00    0.498E-01    0.230E-01    0.754E-03    0.754E-03    0.347E-03    0.347E-03    0.762E-04    0.762E-04    0.112E-18    0.112E-18
    15.000     0.529    0.196E+00    0.493E-01    0.227E-01    0.741E-03    0.741E-03    0.341E-03    0.341E-03    0.748E-04    0.748E-04    0.132E-18    0.132E-18
    15.000     0.530    0.194E+00    0.489E-01    0.224E-01    0.728E-03    0.728E-03    0.335E-03    0.335E-03    0.735E-04    0.735E-04    0.155E-18    0.155E-18
    15.000     0.531    0.193E+00    0.484E-01    0.222E-01    0.715E-03    0.715E-03    0.329E-03    0.329E-03    0.722E-04    0.722E-04    0.178E-18    0.178E-18
    15.000     0.532    0.192E+00    0.479E-01    0.219E-01    0.702E-03    0.703E-03    0.324E-03    0.324E-03    0.709E-04    0.709E-04    0.204E-18    0.204E-18
    15.000     0.533    0.191E+00    0.474E-01    0.216E-01    0.690E-03    0.690E-03    0.318E-03    0.318E-03    0.696E-04    0.696E-04    0.231E-18    0.231E-18
    15.000     0.534    0.189E+00    0.470E-01    0.214E-01    0.678E-03    0.678E-03    0.312E-03    0.312E-03    0.684E-04    0.684E-04    0.260E-18    0.260E-18
    15.000     0.535    0.188E+00    0.465E-01    0.211E-01    0.666E-03    0.666E-03    0.307E-03    0.307E-03    0.671E-04    0.671E-04    0.291E-18    0.291E-18
    15.000     0.536    0.187E+00    0.460E-01    0.209E-01    0.654E-03    0.654E-03    0.301E-03    0.301E-03    0.659E-04    0.659E-04    0.323E-18    0.323E-18
    15.000     0.537    0.186E+00    0.456E-01    0.206E-01    0.643E-03    0.643E-03    0.296E-03    0.296E-03    0.647E-04    0.647E-04    0.358E-18    0.358E-18
    15.000     0.538    0.185E+00    0.451E-01    0.204E-01    0.631E-03    0.631E-03    0.291E-03    0.291E-03    0.635E-04    0.635E-04    0.395E-18    0.395E-18
    15.000     0.539    0.183E+00    0.447E-01    0.201E-01    0.620E-03    0.620E-03    0.285E-03    0.285E-03    0.624E-04    0.624E-04    0.434E-18    0.434E-18
    15.000     0.540    0.182E+00    0.442E-01    0.199E-01    0.609E-03    0.609E-03    0.280E-03    0.280E-03    0.612E-04    0.612E-04    0.475E-18    0.475E-18
    15.000     0.541    0.181E+00    0.438E-01    0.196E-01    0.598E-03    0.598E-03    0.275E-03    0.275E-03    0.601E-04    0.601E-04    0.518E-18    0.518E-18
    15.000     0.542    0.180E+00    0.433E-01    0.194E-01    0.587E-03    0.588E-03    0.270E-03    0.270E-03    0.590E-04    0.590E-04    0.571E-18    0.571E-18
    15.000     0.543    0.179E+00    0.429E-01    0.192E-01    0.577E-03    0.577E-03    0.266E-03    0.266E-03    0.579E-04    0.579E-04    0.657E-18    0.657E-18
    15.000     0.544    0.178E+00    0.425E-01    0.189E-01    0.566E-03    0.567E-03    0.261E-03    0.261E-03    0.568E-04    0.568E-04    0.746E-18    0.746E-18
    15.000     0.545    0.176E+00    0.420E-01    0.187E-01    0.556E-03    0.556E-03    0.256E-03    0.256E-03    0.558E-04    0.558E-04    0.836E-18    0.836E-18
    15.000     0.546    0.175E+00    0.416E-01    0.185E-01    0.546E-03    0.546E-03    0.251E-03    0.251E-03    0.547E-04    0.547E-04    0.927E-18    0.927E-18
    15.000     0.547    0.174E+00    0.412E-01    0.182E-01    0.536E-03    0.536E-03    0.247E-03    0.247E-03    0.537E-04    0.537E-04    0.102E-17    0.102E-17
    15.000     0.548    0.173E+00    0.408E-01    0.180E-01    0.526E-03    0.526E-03    0.242E-03    0.242E-03    0.527E-04    0.527E-04    0.111E-17    0.111E-17
    15.000     0.549    0.172E+00    0.403E-01    0.178E-01    0.517E-03    0.517E-03    0.238E-03    0.238E-03    0.517E-04    0.517E-04    0.120E-17    0.120E-17
    15.000     0.550    0.171E+00    0.399E-01    0.176E-01    0.507E-03    0.507E-03    0.233E-03    0.233E-03    0.507E-04    0.507E-04    0.129E-17    0.129E-17
    15.000     0.551    0.169E+00    0.395E-01    0.173E-01    0.498E-03    0.498E-03    0.229E-03    0.229E-03    0.498E-04    0.498E-04    0.138E-17    0.138E-17
    15.000     0.552    0.168E+00    0.391E-01    0.171E-01    0.489E-03    0.489E-03    0.225E-03    0.225E-03    0.488E-04    0.488E-04    0.147E-17    0.147E-17
    15.000     0.553    0.167E+00    0.387E-01    0.169E-01    0.480E-03    0.480E-03    0.221E-03    0.221E-03    0.479E-04    0.479E-04    0.156E-17    0.156E-17
    15.000     0.554    0.166E+00    0.383E-01    0.167E-01    0.471E-03    0.471E-03    0.217E-03    0.217E-03    0.470E-04    0.470E-04    0.164E-17    0.164E-17
    15.000     0.555    0.165E+00    0.379E-01    0.165E-01    0.462E-03    0.462E-03    0.213E-03    0.213E-03    0.461E-04    0.461E-04    0.172E-17    0.172E-17
    15.000     0.556    0.164E+00    0.375E-01    0.163E-01    0.454E-03    0.454E-03    0.209E-03    0.209E-03    0.452E-04    0.452E-04    0.180E-17    0.180E-17
    15.000     0.557    0.163E+00    0.371E-01    0.161E-01    0.445E-03    0.445E-03    0.205E-03    0.205E-03    0.443E-04    0.443E-04    0.187E-17    0.187E-17
    15.000     0.558    0.162E+00    0.367E-01    0.159E-01    0.437E-03    0.437E-03    0.201E-03    0.201E-03    0.434E-04    0.434E-04    0.194E-17    0.194E-17
    15.000     0.559    0.160E+00    0.363E-01    0.157E-01    0.429E-03    0.429E-03    0.197E-03    0.197E-03    0.426E-04    0.426E-04    0.200E-17    0.200E-17
    15.000     0.560    0.159E+00    0.359E-01    0.155E-01    0.421E-03    0.421E-03    0.193E-03    0.193E-03    0.418E-04    0.418E-04    0.206E-17    0.206E-17
    15.000     0.561    0.158E+00    0.355E-01    0.153E-01    0.413E-03    0.413E-03    0.190E-03    0.190E-03    0.410E-04    0.410E-04    0.211E-17    0.211E-17
    15.000     0.562    0.157E+00    0.352E-01    0.151E-01    0.405E-03    0.405E-03    0.186E-03    0.186E-03    0.402E-04    0.402E-04    0.216E-17    0.216E-17
    15.000     0.563    0.156E+00    0.348E-01    0.149E-01    0.397E-03    0.397E-03    0.183E-03    0.183E-03    0.394E-04    0.394E-04    0.220E-17    0.220E-17
    15.000     0.564    0.155E+00    0.344E-01    0.147E-01    0.390E-03    0.390E-03    0.179E-03    0.179E-03    0.386E-04    0.386E-04    0.221E-17    0.221E-17
    15.000     0.565    0.154E+00    0.340E-01    0.145E-01    0.382E-03    0.383E-03    0.176E-03    0.176E-03    0.378E-04    0.378E-04    0.215E-17    0.215E-17
    15.000     0.566    0.153E+00    0.337E-01    0.143E-01    0.375E-03    0.375E-03    0.172E-03    0.172E-03    0.371E-04    0.371E-04    0.208E-17    0.208E-17
    15.000     0.567    0.152E+00    0.333E-01    0.141E-01    0.368E-03    0.368E-03    0.169E-03    0.169E-03    0.363E-04    0.363E-04    0.200E-17    0.200E-17
    15.000     0.568    0.151E+00    0.329E-01    0.139E-01    0.361E-03    0.361E-03    0.166E-03    0.166E-03    0.356E-04    0.356E-04    0.192E-17    0.192E-17
    15.000     0.569    0.149E+00    0.326E-01    0.137E-01    0.354E-03    0.354E-03    0.163E-03    0.163E-03    0.349E-04    0.349E-04    0.184E-17    0.184E-17
    15.000     0.570    0.148E+00    0.322E-01    0.136E-01    0.347E-03    0.347E-03    0.159E-03    0.159E-03    0.342E-04    0.342E-04    0.174E-17    0.174E-17
    15.000     0.571    0.147E+00    0.319E-01    0.134E-01    0.340E-03    0.340E-03    0.156E-03    0.156E-03    0.335E-04    0.335E-04    0.165E-17    0.165E-17
    15.000     0.572    0.146E+00    0.315E-01    0.132E-01    0.334E-03    0.334E-03    0.153E-03    0.153E-03    0.328E-04    0.328E-04    0.154E-17    0.154E-17
    15.000     0.573    0.145E+00    0.312E-01    0.130E-01    0.327E-03    0.327E-03    0.150E-03    0.150E-03    0.321E-04    0.321E-04    0.144E-17    0.144E-17
    15.000     0.574    0.144E+00    0.308E-01    0.128E-01    0.321E-03    0.321E-03    0.147E-03    0.147E-03    0.315E-04    0.315E-04    0.133E-17    0.133E-17
    15.000     0.575    0.143E+00    0.305E-01    0.127E-01    0.315E-03    0.315E-03    0.144E-03    0.144E-03    0.308E-04    0.308E-04    0.122E-17    0.122E-17
    15.000     0.576    0.142E+00    0.301E-01    0.125E-01    0.309E-03    0.309E-03    0.142E-03    0.142E-03    0.302E-04    0.302E-04    0.111E-17    0.111E-17
    15.000     0.577    0.141E+00    0.298E-01    0.123E-01    0.303E-03    0.303E-03    0.139E-03    0.139E-03    0.296E-04    0.296E-04    0.991E-18    0.991E-18
    15.000     0.578    0.140E+00    0.295E-01    0.122E-01    0.297E-03    0.297E-03    0.136E-03    0.136E-03    0.290E-04    0.290E-04    0.875E-18    0.875E-18
    15.000     0.579    0.139E+00    0.291E-01    0.120E-01    0.291E-03    0.291E-03    0.133E-03    0.133E-03    0.284E-04    0.284E-04    0.759E-18    0.759E-18
    15.000     0.580    0.138E+00    0.288E-01    0.118E-01    0.285E-03    0.285E-03    0.131E-03    0.131E-03    0.278E-04    0.278E-04    0.643E-18    0.643E-18
    15.000     0.581    0.137E+00    0.285E-01    0.117E-01    0.279E-03    0.279E-03    0.128E-03    0.128E-03    0.272E-04    0.272E-04    0.528E-18    0.528E-18
    15.000     0.582    0.136E+00    0.282E-01    0.115E-01    0.274E-03    0.274E-03    0.126E-03    0.126E-03    0.266E-04    0.266E-04    0.414E-18    0.414E-18
    15.000     0.583    0.135E+00    0.278E-01    0.114E-01    0.268E-03    0.268E-03    0.123E-03    0.123E-03    0.261E-04    0.261E-04    0.303E-18    0.303E-18
    15.000     0.584    0.134E+00    0.275E-01    0.112E-01    0.263E-03    0.263E-03    0.121E-03    0.121E-03    0.255E-04    0.255E-04    0.194E-18    0.194E-18
    15.000     0.585    0.133E+00    0.272E-01    0.111E-01    0.258E-03    0.258E-03    0.118E-03    0.118E-03    0.250E-04    0.250E-04    0.880E-19    0.880E-19
    15.000     0.586    0.132E+00    0.269E-01    0.109E-01    0.253E-03    0.253E-03    0.116E-03    0.116E-03    0.245E-04    0.245E-04    0.000E+00    0.000E+00
    15.000     0.587    0.131E+00    0.266E-01    0.107E-01    0.248E-03    0.248E-03    0.113E-03    0.113E-03    0.239E-04    0.239E-04    0.000E+00    0.000E+00
    15.000     0.588    0.130E+00    0.263E-01    0.106E-01    0.243E-03    0.243E-03    0.111E-03    0.111E-03    0.234E-04    0.234E-04    0.000E+00    0.000E+00
    15.000     0.589    0.129E+00    0.260E-01    0.105E-01    0.238E-03    0.238E-03    0.109E-03    0.109E-03    0.229E-04    0.229E-04    0.000E+00    0.000E+00
    15.000     0.590    0.128E+00    0.257E-01    0.103E-01    0.233E-03    0.233E-03    0.107E-03    0.107E-03    0.224E-04    0.224E-04    0.000E+00    0.000E+00
    15.000     0.591    0.127E+00    0.254E-01    0.102E-01    0.228E-03    0.228E-03    0.104E-03    0.104E-03    0.219E-04    0.219E-04    0.000E+00    0.000E+00
    15.000     0.592    0.126E+00    0.251E-01    0.100E-01    0.223E-03    0.223E-03    0.102E-03    0.102E-03    0.215E-04    0.215E-04    0.000E+00    0.000E+00
    15.000     0.593    0.125E+00    0.248E-01    0.988E-02    0.219E-03    0.219E-03    0.100E-03    0.100E-03    0.210E-04    0.210E-04    0.000E+00    0.000E+00
    15.000     0.594    0.124E+00    0.245E-01    0.974E-02    0.214E-03    0.214E-03    0.981E-04    0.981E-04    0.205E-04    0.205E-04    0.000E+00    0.000E+00
    15.000     0.595    0.123E+00    0.242E-01    0.960E-02    0.210E-03    0.210E-03    0.960E-04    0.960E-04    0.201E-04    0.201E-04    0.000E+00    0.000E+00
    15.000     0.596    0.122E+00    0.239E-01    0.946E-02    0.206E-03    0.206E-03    0.940E-04    0.940E-04    0.196E-04    0.196E-04    0.000E+00    0.000E+00
    15.000     0.597    0.121E+00    0.236E-01    0.933E-02    0.201E-03    0.201E-03    0.921E-04    0.921E-04    0.192E-04    0.192E-04    0.000E+00    0.000E+00
    15.000     0.598    0.120E+00    0.234E-01    0.919E-02    0.197E-03    0.197E-03    0.902E-04    0.902E-04    0.188E-04    0.188E-04    0.000E+00    0.000E+00
    15.000     0.599    0.119E+00    0.231E-01    0.906E-02    0.193E-03    0.193E-03    0.883E-04    0.883E-04    0.183E-04    0.183E-04    0.000E+00    0.000E+00
    15.000     0.600    0.118E+00    0.228E-01    0.893E-02    0.189E-03    0.189E-03    0.864E-04    0.864E-04    0.179E-04    0.179E-04    0.000E+00    0.000E+00
    15.000     0.601    0.117E+00    0.225E-01    0.880E-02    0.185E-03    0.185E-03    0.846E-04    0.846E-04    0.175E-04    0.175E-04    0.000E+00    0.000E+00
    15.000     0.602    0.117E+00    0.223E-01    0.868E-02    0.181E-03    0.181E-03    0.828E-04    0.828E-04    0.171E-04    0.171E-04    0.000E+00    0.000E+00
    15.000     0.603    0.116E+00    0.220E-01    0.855E-02    0.178E-03    0.178E-03    0.811E-04    0.811E-04    0.168E-04    0.168E-04    0.000E+00    0.000E+00
    15.000     0.604    0.115E+00    0.217E-01    0.843E-02    0.174E-03    0.174E-03    0.794E-04    0.794E-04    0.164E-04    0.164E-04    0.000E+00    0.000E+00
    15.000     0.605    0.114E+00    0.215E-01    0.830E-02    0.170E-03    0.170E-03    0.777E-04    0.777E-04    0.160E-04    0.160E-04    0.000E+00    0.000E+00
    15.000     0.606    0.113E+00    0.212E-01    0.818E-02    0.167E-03    0.167E-03    0.760E-04    0.760E-04    0.156E-04    0.156E-04    0.000E+00    0.000E+00
    15.000     0.607    0.112E+00    0.210E-01    0.806E-02    0.163E-03    0.163E-03    0.744E-04    0.744E-04    0.153E-04    0.153E-04    0.000E+00    0.000E+00
    15.000     0.608    0.111E+00    0.207E-01    0.794E-02    0.160E-03    0.160E-03    0.728E-04    0.728E-04    0.149E-04    0.149E-04    0.000E+00    0.000E+00
    15.000     0.609    0.110E+00    0.205E-01    0.783E-02    0.156E-03    0.156E-03    0.712E-04    0.712E-04    0.146E-04    0.146E-04    0.000E+00    0.000E+00
    15.000     0.610    0.109E+00    0.202E-01    0.771E-02    0.153E-03    0.153E-03    0.697E-04    0.697E-04    0.142E-04    0.142E-04    0.000E+00    0.000E+00
    15.000     0.611    0.108E+00    0.200E-01    0.760E-02    0.150E-03    0.150E-03    0.682E-04    0.682E-04    0.139E-04    0.139E-04    0.000E+00    0.000E+00
    15.000     0.612    0.107E+00    0.197E-01    0.748E-02    0.146E-03    0.146E-03    0.667E-04    0.667E-04    0.136E-04    0.136E-04    0.000E+00    0.000E+00
    15.000     0.613    0.107E+00    0.195E-01    0.737E-02    0.143E-03    0.143E-03    0.652E-04    0.652E-04    0.133E-04    0.133E-04    0.000E+00    0.000E+00
    15.000     0.614    0.106E+00    0.192E-01    0.726E-02    0.140E-03    0.140E-03    0.638E-04    0.638E-04    0.130E-04    0.130E-04    0.000E+00    0.000E+00
    15.000     0.615    0.105E+00    0.190E-01    0.715E-02    0.137E-03    0.137E-03    0.624E-04    0.624E-04    0.126E-04    0.126E-04    0.000E+00    0.000E+00
    15.000     0.616    0.104E+00    0.188E-01    0.704E-02    0.134E-03    0.134E-03    0.610E-04    0.610E-04    0.123E-04    0.123E-04    0.000E+00    0.000E+00
    15.000     0.617    0.103E+00    0.185E-01    0.694E-02    0.131E-03    0.131E-03    0.597E-04    0.597E-04    0.121E-04    0.121E-04    0.000E+00    0.000E+00
    15.000     0.618    0.102E+00    0.183E-01    0.683E-02    0.128E-03    0.128E-03    0.583E-04    0.583E-04    0.118E-04    0.118E-04    0.000E+00    0.000E+00
    15.000     0.619    0.101E+00    0.181E-01    0.673E-02    0.125E-03    0.125E-03    0.571E-04    0.571E-04    0.115E-04    0.115E-04    0.000E+00    0.000E+00
    15.000     0.620    0.100E+00    0.178E-01    0.663E-02    0.123E-03    0.123E-03    0.558E-04    0.558E-04    0.112E-04    0.112E-04    0.000E+00    0.000E+00
    15.000     0.621    0.996E-01    0.176E-01    0.653E-02    0.120E-03    0.120E-03    0.545E-04    0.545E-04    0.109E-04    0.109E-04    0.000E+00    0.000E+00
    15.000     0.622    0.988E-01    0.174E-01    0.643E-02    0.117E-03    0.117E-03    0.533E-04    0.533E-04    0.107E-04    0.107E-04    0.000E+00    0.000E+00
    15.000     0.623    0.980E-01    0.172E-01    0.633E-02    0.115E-03    0.115E-03    0.521E-04    0.521E-04    0.104E-04    0.104E-04    0.000E+00    0.000E+00
    15.000     0.624    0.971E-01    0.169E-01    0.623E-02    0.112E-03    0.112E-03    0.510E-04    0.510E-04    0.101E-04    0.101E-04    0.000E+00    0.000E+00
    15.000     0.625    0.963E-01    0.167E-01    0.613E-02    0.110E-03    0.110E-03    0.498E-04    0.498E-04    0.990E-05    0.990E-05    0.000E+00    0.000E+00
    15.000     0.626    0.955E-01    0.165E-01    0.604E-02    0.107E-03    0.107E-03    0.487E-04    0.487E-04    0.966E-05    0.966E-05    0.000E+00    0.000E+00
    15.000     0.627    0.946E-01    0.163E-01    0.594E-02    0.105E-03    0.105E-03    0.476E-04    0.476E-04    0.942E-05    0.942E-05    0.000E+00    0.000E+00
    15.000     0.628    0.938E-01    0.161E-01    0.585E-02    0.102E-03    0.102E-03    0.465E-04    0.465E-04    0.918E-05    0.918E-05    0.000E+00    0.000E+00
    15.000     0.629    0.930E-01    0.159E-01    0.576E-02    0.100E-03    0.100E-03    0.454E-04    0.454E-04    0.896E-05    0.896E-05    0.000E+00    0.000E+00
    15.000     0.630    0.922E-01    0.157E-01    0.567E-02    0.979E-04    0.979E-04    0.444E-04    0.444E-04    0.873E-05    0.873E-05    0.000E+00    0.000E+00
    15.000     0.631    0.914E-01    0.155E-01    0.558E-02    0.957E-04    0.957E-04    0.434E-04    0.434E-04    0.851E-05    0.851E-05    0.000E+00    0.000E+00
    15.000     0.632    0.906E-01    0.153E-01    0.549E-02    0.935E-04    0.935E-04    0.424E-04    0.424E-04    0.830E-05    0.830E-05    0.000E+00    0.000E+00
    15.000     0.633    0.898E-01    0.151E-01    0.541E-02    0.914E-04    0.914E-04    0.414E-04    0.414E-04    0.808E-05    0.808E-05    0.000E+00    0.000E+00
    15.000     0.634    0.890E-01    0.149E-01    0.532E-02    0.893E-04    0.893E-04    0.404E-04    0.404E-04    0.787E-05    0.787E-05    0.000E+00    0.000E+00
    15.000     0.635    0.882E-01    0.147E-01    0.524E-02    0.872E-04    0.872E-04    0.395E-04    0.395E-04    0.767E-05    0.767E-05    0.000E+00    0.000E+00
    15.000     0.636    0.874E-01    0.145E-01    0.515E-02    0.852E-04    0.852E-04    0.386E-04    0.386E-04    0.747E-05    0.747E-05    0.000E+00    0.000E+00
    15.000     0.637    0.866E-01    0.143E-01    0.507E-02    0.832E-04    0.832E-04    0.376E-04    0.376E-04    0.728E-05    0.728E-05    0.000E+00    0.000E+00
    15.000     0.638    0.859E-01    0.141E-01    0.499E-02    0.813E-04    0.813E-04    0.368E-04    0.368E-04    0.709E-05    0.709E-05    0.000E+00    0.000E+00
    15.000     0.639    0.851E-01    0.139E-01    0.491E-02    0.794E-04    0.794E-04    0.359E-04    0.359E-04    0.690E-05    0.690E-05    0.000E+00    0.000E+00
    15.000     0.640    0.843E-01    0.138E-01    0.483E-02    0.775E-04    0.775E-04    0.350E-04    0.350E-04    0.672E-05    0.672E-05    0.000E+00    0.000E+00
    15.000     0.641    0.836E-01    0.136E-01    0.475E-02    0.757E-04    0.757E-04    0.342E-04    0.342E-04    0.654E-05    0.654E-05    0.000E+00    0.000E+00
    15.000     0.642    0.828E-01    0.134E-01    0.467E-02    0.739E-04    0.739E-04    0.334E-04    0.334E-04    0.637E-05    0.637E-05    0.000E+00    0.000E+00
    15.000     0.643    0.821E-01    0.132E-01    0.460E-02    0.722E-04    0.722E-04    0.326E-04    0.326E-04    0.620E-05    0.620E-05    0.000E+00    0.000E+00
    15.000     0.644    0.813E-01    0.130E-01    0.452E-02    0.705E-04    0.705E-04    0.318E-04    0.318E-04    0.603E-05    0.603E-05    0.000E+00    0.000E+00
    15.000     0.645    0.806E-01    0.129E-01    0.445E-02    0.688E-04    0.688E-04    0.311E-04    0.311E-04    0.587E-05    0.587E-05    0.000E+00    0.000E+00
    15.000     0.646    0.798E-01    0.127E-01    0.437E-02    0.672E-04    0.672E-04    0.303E-04    0.303E-04    0.571E-05    0.571E-05    0.000E+00    0.000E+00
    15.000     0.647    0.791E-01    0.125E-01    0.430E-02    0.656E-04    0.656E-04    0.296E-04    0.296E-04    0.556E-05    0.556E-05    0.000E+00    0.000E+00
    15.000     0.648    0.783E-01    0.123E-01    0.423E-02    0.640E-04    0.640E-04    0.289E-04    0.289E-04    0.541E-05    0.541E-05    0.000E+00    0.000E+00
    15.000     0.649    0.776E-01    0.122E-01    0.416E-02    0.625E-04    0.625E-04    0.282E-04    0.282E-04    0.526E-05    0.526E-05    0.000E+00    0.000E+00
    15.000     0.650    0.769E-01    0.120E-01    0.409E-02    0.610E-04    0.610E-04    0.275E-04    0.275E-04    0.512E-05    0.512E-05    0.000E+00    0.000E+00
    15.000     0.651    0.762E-01    0.119E-01    0.402E-02    0.596E-04    0.596E-04    0.268E-04    0.268E-04    0.498E-05    0.498E-05    0.000E+00    0.000E+00
    15.000     0.652    0.755E-01    0.117E-01    0.396E-02    0.581E-04    0.581E-04    0.262E-04    0.262E-04    0.484E-05    0.484E-05    0.000E+00    0.000E+00
    15.000     0.653    0.747E-01    0.115E-01    0.389E-02    0.567E-04    0.567E-04    0.255E-04    0.255E-04    0.471E-05    0.471E-05    0.237E-20    0.237E-20
    15.000     0.654    0.740E-01    0.114E-01    0.382E-02    0.553E-04    0.553E-04    0.249E-04    0.249E-04    0.457E-05    0.457E-05    0.145E-19    0.145E-19
    15.000     0.655    0.733E-01    0.112E-01    0.376E-02    0.540E-04    0.540E-04    0.243E-04    0.243E-04    0.444E-05    0.444E-05    0.272E-19    0.272E-19
    15.000     0.656    0.726E-01    0.111E-01    0.369E-02    0.527E-04    0.527E-04    0.237E-04    0.237E-04    0.432E-05    0.432E-05    0.403E-19    0.403E-19
    15.000     0.657    0.719E-01    0.109E-01    0.363E-02    0.514E-04    0.514E-04    0.231E-04    0.231E-04    0.419E-05    0.419E-05    0.537E-19    0.537E-19
    15.000     0.658    0.712E-01    0.108E-01    0.357E-02    0.501E-04    0.501E-04    0.225E-04    0.225E-04    0.407E-05    0.407E-05    0.674E-19    0.674E-19
    15.000     0.659    0.706E-01    0.106E-01    0.351E-02    0.488E-04    0.488E-04    0.219E-04    0.219E-04    0.395E-05    0.395E-05    0.813E-19    0.813E-19
    15.000     0.660    0.699E-01    0.105E-01    0.345E-02    0.476E-04    0.476E-04    0.214E-04    0.214E-04    0.384E-05    0.384E-05    0.954E-19    0.954E-19
    15.000     0.661    0.692E-01    0.103E-01    0.339E-02    0.464E-04    0.464E-04    0.208E-04    0.208E-04    0.373E-05    0.373E-05    0.110E-18    0.110E-18
    15.000     0.662    0.685E-01    0.102E-01    0.333E-02    0.453E-04    0.453E-04    0.203E-04    0.203E-04    0.362E-05    0.362E-05    0.124E-18    0.124E-18
    15.000     0.663    0.678E-01    0.100E-01    0.327E-02    0.441E-04    0.441E-04    0.198E-04    0.198E-04    0.351E-05    0.351E-05    0.138E-18    0.138E-18
    15.000     0.664    0.672E-01    0.988E-02    0.321E-02    0.430E-04    0.430E-04    0.193E-04    0.193E-04    0.341E-05    0.341E-05    0.152E-18    0.152E-18
    15.000     0.665    0.665E-01    0.974E-02    0.316E-02    0.419E-04    0.419E-04    0.188E-04    0.188E-04    0.330E-05    0.330E-05    0.165E-18    0.165E-18
    15.000     0.666    0.659E-01    0.961E-02    0.310E-02    0.409E-04    0.409E-04    0.183E-04    0.183E-04    0.321E-05    0.321E-05    0.179E-18    0.179E-18
    15.000     0.667    0.652E-01    0.947E-02    0.305E-02    0.398E-04    0.398E-04    0.178E-04    0.178E-04    0.311E-05    0.311E-05    0.192E-18    0.192E-18
    15.000     0.668    0.646E-01    0.934E-02    0.300E-02    0.388E-04    0.388E-04    0.173E-04    0.173E-04    0.302E-05    0.302E-05    0.205E-18    0.205E-18
    15.000     0.669    0.639E-01    0.920E-02    0.294E-02    0.378E-04    0.379E-04    0.169E-04    0.169E-04    0.293E-05    0.293E-05    0.217E-18    0.217E-18
    15.000     0.670    0.633E-01    0.907E-02    0.289E-02    0.369E-04    0.369E-04    0.165E-04    0.165E-04    0.284E-05    0.284E-05    0.228E-18    0.228E-18
    15.000     0.671    0.626E-01    0.894E-02    0.284E-02    0.359E-04    0.359E-04    0.160E-04    0.160E-04    0.275E-05    0.275E-05    0.239E-18    0.239E-18
    15.000     0.672    0.620E-01    0.881E-02    0.279E-02    0.350E-04    0.350E-04    0.156E-04    0.156E-04    0.267E-05    0.267E-05    0.249E-18    0.249E-18
    15.000     0.673    0.614E-01    0.869E-02    0.274E-02    0.341E-04    0.341E-04    0.152E-04    0.152E-04    0.258E-05    0.258E-05    0.259E-18    0.259E-18
    15.000     0.674    0.607E-01    0.856E-02    0.269E-02    0.333E-04    0.333E-04    0.148E-04    0.148E-04    0.250E-05    0.250E-05    0.267E-18    0.267E-18
    15.000     0.675    0.601E-01    0.844E-02    0.264E-02    0.324E-04    0.324E-04    0.144E-04    0.144E-04    0.243E-05    0.243E-05    0.275E-18    0.275E-18
    15.000     0.676    0.595E-01    0.832E-02    0.259E-02    0.315E-04    0.315E-04    0.140E-04    0.140E-04    0.235E-05    0.235E-05    0.274E-18    0.274E-18
    15.000     0.677    0.589E-01    0.819E-02    0.255E-02    0.307E-04    0.307E-04    0.137E-04    0.137E-04    0.227E-05    0.227E-05    0.267E-18    0.267E-18
    15.000     0.678    0.583E-01    0.807E-02    0.250E-02    0.299E-04    0.299E-04    0.133E-04    0.133E-04    0.220E-05    0.220E-05    0.259E-18    0.259E-18
    15.000     0.679    0.577E-01    0.796E-02    0.245E-02    0.291E-04    0.291E-04    0.129E-04    0.129E-04    0.213E-05    0.213E-05    0.250E-18    0.250E-18
    15.000     0.680    0.571E-01    0.784E-02    0.241E-02    0.283E-04    0.283E-04    0.126E-04    0.126E-04    0.206E-05    0.206E-05    0.241E-18    0.241E-18
    15.000     0.681    0.565E-01    0.772E-02    0.236E-02    0.276E-04    0.276E-04    0.122E-04    0.122E-04    0.199E-05    0.199E-05    0.230E-18    0.230E-18
    15.000     0.682    0.559E-01    0.761E-02    0.232E-02    0.268E-04    0.268E-04    0.119E-04    0.119E-04    0.192E-05    0.192E-05    0.219E-18    0.219E-18
    15.000     0.683    0.553E-01    0.750E-02    0.228E-02    0.261E-04    0.261E-04    0.116E-04    0.116E-04    0.186E-05    0.186E-05    0.207E-18    0.207E-18
    15.000     0.684    0.547E-01    0.739E-02    0.224E-02    0.254E-04    0.254E-04    0.112E-04    0.112E-04    0.180E-05    0.180E-05    0.195E-18    0.195E-18
    15.000     0.685    0.541E-01    0.728E-02    0.219E-02    0.247E-04    0.247E-04    0.109E-04    0.109E-04    0.174E-05    0.174E-05    0.182E-18    0.182E-18
    15.000     0.686    0.535E-01    0.717E-02    0.215E-02    0.240E-04    0.240E-04    0.106E-04    0.106E-04    0.168E-05    0.168E-05    0.169E-18    0.169E-18
    15.000     0.687    0.530E-01    0.706E-02    0.211E-02    0.234E-04    0.234E-04    0.103E-04    0.103E-04    0.162E-05    0.162E-05    0.155E-18    0.155E-18
    15.000     0.688    0.524E-01    0.696E-02    0.207E-02    0.228E-04    0.228E-04    0.100E-04    0.100E-04    0.157E-05    0.157E-05    0.141E-18    0.141E-18
    15.000     0.689    0.518E-01    0.685E-02    0.203E-02    0.221E-04    0.221E-04    0.976E-05    0.976E-05    0.151E-05    0.151E-05    0.127E-18    0.127E-18
    15.000     0.690    0.513E-01    0.675E-02    0.200E-02    0.215E-04    0.215E-04    0.949E-05    0.949E-05    0.146E-05    0.146E-05    0.113E-18    0.113E-18
    15.000     0.691    0.507E-01    0.665E-02    0.196E-02    0.209E-04    0.209E-04    0.922E-05    0.922E-05    0.141E-05    0.141E-05    0.982E-19    0.982E-19
    15.000     0.692    0.502E-01    0.655E-02    0.192E-02    0.204E-04    0.204E-04    0.896E-05    0.896E-05    0.136E-05    0.136E-05    0.837E-19    0.837E-19
    15.000     0.693    0.496E-01    0.645E-02    0.188E-02    0.198E-04    0.198E-04    0.871E-05    0.871E-05    0.131E-05    0.131E-05    0.693E-19    0.693E-19
    15.000     0.694    0.491E-01    0.635E-02    0.185E-02    0.193E-04    0.193E-04    0.846E-05    0.846E-05    0.126E-05    0.126E-05    0.550E-19    0.550E-19
    15.000     0.695    0.485E-01    0.625E-02    0.181E-02    0.187E-04    0.187E-04    0.822E-05    0.822E-05    0.122E-05    0.122E-05    0.410E-19    0.410E-19
    15.000     0.696    0.480E-01    0.616E-02    0.178E-02    0.182E-04    0.182E-04    0.799E-05    0.799E-05    0.118E-05    0.118E-05    0.272E-19    0.272E-19
    15.000     0.697    0.475E-01    0.607E-02    0.174E-02    0.177E-04    0.177E-04    0.776E-05    0.776E-05    0.113E-05    0.113E-05    0.138E-19    0.138E-19
    15.000     0.698    0.469E-01    0.597E-02    0.171E-02    0.172E-04    0.172E-04    0.754E-05    0.754E-05    0.109E-05    0.109E-05    0.801E-21    0.801E-21
    15.000     0.699    0.464E-01    0.588E-02    0.168E-02    0.167E-04    0.167E-04    0.732E-05    0.732E-05    0.105E-05    0.105E-05    0.000E+00    0.000E+00
    15.000     0.700    0.459E-01    0.579E-02    0.164E-02    0.162E-04    0.162E-04    0.710E-05    0.710E-05    0.101E-05    0.101E-05    0.000E+00    0.000E+00
    15.000     0.701    0.454E-01    0.570E-02    0.161E-02    0.158E-04    0.158E-04    0.689E-05    0.689E-05    0.972E-06    0.972E-06    0.000E+00    0.000E+00
    15.000     0.702    0.449E-01    0.561E-02    0.158E-02    0.153E-04    0.153E-04    0.668E-05    0.668E-05    0.935E-06    0.935E-06    0.000E+00    0.000E+00
    15.000     0.703    0.443E-01    0.552E-02    0.155E-02    0.149E-04    0.149E-04    0.648E-05    0.648E-05    0.898E-06    0.898E-06    0.000E+00    0.000E+00
    15.000     0.704    0.438E-01    0.544E-02    0.152E-02    0.144E-04    0.144E-04    0.629E-05    0.629E-05    0.863E-06    0.863E-06    0.000E+00    0.000E+00
    15.000     0.705    0.433E-01    0.535E-02    0.149E-02    0.140E-04    0.140E-04    0.610E-05    0.610E-05    0.828E-06    0.828E-06    0.000E+00    0.000E+00
    15.000     0.706    0.428E-01    0.527E-02    0.146E-02    0.136E-04    0.136E-04    0.592E-05    0.592E-05    0.795E-06    0.795E-06    0.000E+00    0.000E+00
    15.000     0.707    0.423E-01    0.519E-02    0.143E-02    0.132E-04    0.132E-04    0.574E-05    0.574E-05    0.763E-06    0.763E-06    0.000E+00    0.000E+00
    15.000     0.708    0.418E-01    0.511E-02    0.140E-02    0.128E-04    0.128E-04    0.556E-05    0.556E-05    0.732E-06    0.732E-06    0.000E+00    0.000E+00
    15.000     0.709    0.414E-01    0.503E-02    0.137E-02    0.124E-04    0.124E-04    0.540E-05    0.540E-05    0.702E-06    0.702E-06    0.000E+00    0.000E+00
    15.000     0.710    0.409E-01    0.495E-02    0.134E-02    0.121E-04    0.121E-04    0.523E-05    0.523E-05    0.673E-06    0.673E-06    0.000E+00    0.000E+00
    15.000     0.711    0.404E-01    0.487E-02    0.132E-02    0.117E-04    0.117E-04    0.507E-05    0.507E-05    0.645E-06    0.645E-06    0.000E+00    0.000E+00
    15.000     0.712    0.399E-01    0.479E-02    0.129E-02    0.114E-04    0.114E-04    0.492E-05    0.492E-05    0.618E-06    0.618E-06    0.000E+00    0.000E+00
    15.000     0.713    0.394E-01    0.471E-02    0.126E-02    0.110E-04    0.110E-04    0.476E-05    0.476E-05    0.592E-06    0.592E-06    0.000E+00    0.000E+00
    15.000     0.714    0.390E-01    0.464E-02    0.124E-02    0.107E-04    0.107E-04    0.462E-05    0.462E-05    0.566E-06    0.566E-06    0.000E+00    0.000E+00
    15.000     0.715    0.385E-01    0.457E-02    0.121E-02    0.104E-04    0.104E-04    0.448E-05    0.448E-05    0.542E-06    0.542E-06    0.000E+00    0.000E+00
    15.000     0.716    0.380E-01    0.449E-02    0.119E-02    0.101E-04    0.101E-04    0.434E-05    0.434E-05    0.519E-06    0.519E-06    0.000E+00    0.000E+00
    15.000     0.717    0.376E-01    0.442E-02    0.116E-02    0.976E-05    0.976E-05    0.420E-05    0.420E-05    0.496E-06    0.496E-06    0.000E+00    0.000E+00
    15.000     0.718    0.371E-01    0.435E-02    0.114E-02    0.947E-05    0.947E-05    0.407E-05    0.407E-05    0.474E-06    0.474E-06    0.000E+00    0.000E+00
    15.000     0.719    0.367E-01    0.428E-02    0.111E-02    0.919E-05    0.919E-05    0.395E-05    0.395E-05    0.453E-06    0.453E-06    0.000E+00    0.000E+00
    15.000     0.720    0.362E-01    0.421E-02    0.109E-02    0.891E-05    0.891E-05    0.382E-05    0.382E-05    0.432E-06    0.432E-06    0.000E+00    0.000E+00
    15.000     0.721    0.358E-01    0.414E-02    0.107E-02    0.864E-05    0.864E-05    0.370E-05    0.370E-05    0.413E-06    0.413E-06    0.000E+00    0.000E+00
    15.000     0.722    0.354E-01    0.407E-02    0.105E-02    0.837E-05    0.837E-05    0.358E-05    0.358E-05    0.393E-06    0.393E-06    0.000E+00    0.000E+00
    15.000     0.723    0.349E-01    0.401E-02    0.102E-02    0.810E-05    0.810E-05    0.347E-05    0.347E-05    0.373E-06    0.373E-06    0.000E+00    0.000E+00
    15.000     0.724    0.345E-01    0.394E-02    0.100E-02    0.785E-05    0.785E-05    0.335E-05    0.335E-05    0.355E-06    0.355E-06    0.000E+00    0.000E+00
    15.000     0.725    0.341E-01    0.388E-02    0.980E-03    0.760E-05    0.760E-05    0.324E-05    0.324E-05    0.337E-06    0.337E-06    0.000E+00    0.000E+00
    15.000     0.726    0.336E-01    0.381E-02    0.959E-03    0.736E-05    0.736E-05    0.314E-05    0.314E-05    0.319E-06    0.319E-06    0.000E+00    0.000E+00
    15.000     0.727    0.332E-01    0.375E-02    0.939E-03    0.712E-05    0.712E-05    0.303E-05    0.303E-05    0.303E-06    0.303E-06    0.000E+00    0.000E+00
    15.000     0.728    0.328E-01    0.369E-02    0.919E-03    0.690E-05    0.690E-05    0.293E-05    0.293E-05    0.287E-06    0.287E-06    0.000E+00    0.000E+00
    15.000     0.729    0.324E-01    0.363E-02    0.899E-03    0.667E-05    0.667E-05    0.283E-05    0.283E-05    0.271E-06    0.271E-06    0.000E+00    0.000E+00
    15.000     0.730    0.320E-01    0.357E-02    0.879E-03    0.646E-05    0.646E-05    0.274E-05    0.274E-05    0.256E-06    0.256E-06    0.000E+00    0.000E+00
    15.000     0.731    0.315E-01    0.351E-02    0.860E-03    0.625E-05    0.625E-05    0.265E-05    0.265E-05    0.242E-06    0.242E-06    0.000E+00    0.000E+00
    15.000     0.732    0.311E-01    0.345E-02    0.841E-03    0.605E-05    0.605E-05    0.256E-05    0.256E-05    0.229E-06    0.229E-06    0.000E+00    0.000E+00
    15.000     0.733    0.307E-01    0.339E-02    0.823E-03    0.585E-05    0.585E-05    0.247E-05    0.247E-05    0.215E-06    0.215E-06    0.000E+00    0.000E+00
    15.000     0.734    0.303E-01    0.334E-02    0.805E-03    0.566E-05    0.566E-05    0.239E-05    0.239E-05    0.203E-06    0.203E-06    0.000E+00    0.000E+00
    15.000     0.735    0.300E-01    0.328E-02    0.787E-03    0.548E-05    0.548E-05    0.231E-05    0.231E-05    0.191E-06    0.191E-06    0.000E+00    0.000E+00
    15.000     0.736    0.296E-01    0.322E-02    0.770E-03    0.530E-05    0.530E-05    0.223E-05    0.223E-05    0.179E-06    0.179E-06    0.000E+00    0.000E+00
    15.000     0.737    0.292E-01    0.317E-02    0.753E-03    0.513E-05    0.513E-05    0.215E-05    0.215E-05    0.168E-06    0.168E-06    0.000E+00    0.000E+00
    15.000     0.738    0.288E-01    0.312E-02    0.736E-03    0.496E-05    0.496E-05    0.208E-05    0.208E-05    0.158E-06    0.158E-06    0.000E+00    0.000E+00
    15.000     0.739    0.284E-01    0.306E-02    0.719E-03    0.480E-05    0.480E-05    0.201E-05    0.201E-05    0.148E-06    0.148E-06    0.000E+00    0.000E+00
    15.000     0.740    0.280E-01    0.301E-02    0.703E-03    0.464E-05    0.464E-05    0.194E-05    0.194E-05    0.138E-06    0.138E-06    0.000E+00    0.000E+00
    15.000     0.741    0.277E-01    0.296E-02    0.687E-03    0.449E-05    0.449E-05    0.187E-05    0.187E-05    0.129E-06    0.129E-06    0.000E+00    0.000E+00
    15.000     0.742    0.273E-01    0.291E-02    0.672E-03    0.434E-05    0.434E-05    0.181E-05    0.181E-05    0.120E-06    0.120E-06    0.000E+00    0.000E+00
    15.000     0.743    0.269E-01    0.286E-02    0.657E-03    0.420E-05    0.420E-05    0.175E-05    0.175E-05    0.112E-06    0.112E-06    0.000E+00    0.000E+00
    15.000     0.744    0.266E-01    0.281E-02    0.642E-03    0.406E-05    0.406E-05    0.169E-05    0.169E-05    0.104E-06    0.104E-06    0.467E-21    0.467E-21
    15.000     0.745    0.262E-01    0.276E-02    0.627E-03    0.392E-05    0.392E-05    0.162E-05    0.162E-05    0.961E-07    0.961E-07    0.198E-20    0.198E-20
    15.000     0.746    0.258E-01    0.271E-02    0.613E-03    0.378E-05    0.378E-05    0.157E-05    0.157E-05    0.884E-07    0.884E-07    0.355E-20    0.355E-20
    15.000     0.747    0.255E-01    0.267E-02    0.598E-03    0.365E-05    0.365E-05    0.151E-05    0.151E-05    0.810E-07    0.810E-07    0.517E-20    0.517E-20
    15.000     0.748    0.251E-01    0.262E-02    0.585E-03    0.352E-05    0.352E-05    0.145E-05    0.145E-05    0.741E-07    0.741E-07    0.684E-20    0.684E-20
    15.000     0.749    0.248E-01    0.258E-02    0.571E-03    0.340E-05    0.340E-05    0.140E-05    0.140E-05    0.675E-07    0.675E-07    0.853E-20    0.853E-20
    15.000     0.750    0.244E-01    0.253E-02    0.558E-03    0.328E-05    0.328E-05    0.135E-05    0.135E-05    0.612E-07    0.612E-07    0.103E-19    0.103E-19
    15.000     0.751    0.241E-01    0.249E-02    0.544E-03    0.316E-05    0.316E-05    0.130E-05    0.130E-05    0.553E-07    0.553E-07    0.120E-19    0.120E-19
    15.000     0.752    0.238E-01    0.244E-02    0.532E-03    0.305E-05    0.305E-05    0.125E-05    0.125E-05    0.497E-07    0.497E-07    0.137E-19    0.137E-19
    15.000     0.753    0.234E-01    0.240E-02    0.519E-03    0.294E-05    0.294E-05    0.120E-05    0.120E-05    0.445E-07    0.445E-07    0.155E-19    0.155E-19
    15.000     0.754    0.231E-01    0.236E-02    0.507E-03    0.284E-05    0.284E-05    0.116E-05    0.116E-05    0.396E-07    0.396E-07    0.172E-19    0.172E-19
    15.000     0.755    0.228E-01    0.232E-02    0.495E-03    0.273E-05    0.273E-05    0.111E-05    0.111E-05    0.349E-07    0.349E-07    0.189E-19    0.189E-19
    15.000     0.756    0.224E-01    0.227E-02    0.483E-03    0.264E-05    0.264E-05    0.107E-05    0.107E-05    0.306E-07    0.306E-07    0.206E-19    0.206E-19
    15.000     0.757    0.221E-01    0.223E-02    0.471E-03    0.254E-05    0.254E-05    0.103E-05    0.103E-05    0.266E-07    0.266E-07    0.223E-19    0.223E-19
    15.000     0.758    0.218E-01    0.219E-02    0.460E-03    0.245E-05    0.245E-05    0.990E-06    0.990E-06    0.229E-07    0.229E-07    0.239E-19    0.239E-19
    15.000     0.759    0.215E-01    0.216E-02    0.449E-03    0.236E-05    0.236E-05    0.953E-06    0.953E-06    0.194E-07    0.194E-07    0.254E-19    0.254E-19
    15.000     0.760    0.212E-01    0.212E-02    0.438E-03    0.228E-05    0.228E-05    0.916E-06    0.916E-06    0.162E-07    0.162E-07    0.269E-19    0.269E-19
    15.000     0.761    0.209E-01    0.208E-02    0.428E-03    0.219E-05    0.219E-05    0.881E-06    0.881E-06    0.132E-07    0.132E-07    0.284E-19    0.284E-19
    15.000     0.762    0.206E-01    0.204E-02    0.417E-03    0.211E-05    0.211E-05    0.847E-06    0.847E-06    0.106E-07    0.106E-07    0.297E-19    0.297E-19
    15.000     0.763    0.203E-01    0.200E-02    0.407E-03    0.204E-05    0.204E-05    0.815E-06    0.815E-06    0.811E-08    0.811E-08    0.310E-19    0.310E-19
    15.000     0.764    0.200E-01    0.197E-02    0.397E-03    0.196E-05    0.196E-05    0.784E-06    0.784E-06    0.589E-08    0.589E-08    0.322E-19    0.322E-19
    15.000     0.765    0.197E-01    0.193E-02    0.387E-03    0.189E-05    0.189E-05    0.753E-06    0.753E-06    0.390E-08    0.390E-08    0.332E-19    0.332E-19
    15.000     0.766    0.194E-01    0.190E-02    0.378E-03    0.182E-05    0.182E-05    0.724E-06    0.724E-06    0.212E-08    0.212E-08    0.342E-19    0.342E-19
    15.000     0.767    0.191E-01    0.186E-02    0.368E-03    0.176E-05    0.176E-05    0.696E-06    0.696E-06    0.521E-09    0.521E-09    0.344E-19    0.344E-19
    15.000     0.768    0.188E-01    0.183E-02    0.359E-03    0.169E-05    0.169E-05    0.667E-06    0.667E-06    0.000E+00    0.000E+00    0.336E-19    0.336E-19
    15.000     0.769    0.185E-01    0.180E-02    0.350E-03    0.162E-05    0.162E-05    0.639E-06    0.639E-06    0.000E+00    0.000E+00    0.327E-19    0.327E-19
    15.000     0.770    0.182E-01    0.176E-02    0.341E-03    0.156E-05    0.156E-05    0.612E-06    0.612E-06    0.000E+00    0.000E+00    0.316E-19    0.316E-19
    15.000     0.771    0.180E-01    0.173E-02    0.333E-03    0.150E-05    0.150E-05    0.587E-06    0.587E-06    0.000E+00    0.000E+00    0.304E-19    0.304E-19
    15.000     0.772    0.177E-01    0.170E-02    0.324E-03    0.144E-05    0.144E-05    0.562E-06    0.562E-06    0.000E+00    0.000E+00    0.292E-19    0.292E-19
    15.000     0.773    0.174E-01    0.167E-02    0.316E-03    0.138E-05    0.138E-05    0.538E-06    0.538E-06    0.000E+00    0.000E+00    0.278E-19    0.278E-19
    15.000     0.774    0.171E-01    0.163E-02    0.308E-03    0.133E-05    0.133E-05    0.515E-06    0.515E-06    0.000E+00    0.000E+00    0.264E-19    0.264E-19
    15.000     0.775    0.169E-01    0.160E-02    0.300E-03    0.127E-05    0.127E-05    0.493E-06    0.493E-06    0.000E+00    0.000E+00    0.249E-19    0.249E-19
    15.000     0.776    0.166E-01    0.157E-02    0.292E-03    0.122E-05    0.122E-05    0.472E-06    0.472E-06    0.000E+00    0.000E+00    0.234E-19    0.234E-19
    15.000     0.777    0.163E-01    0.154E-02    0.284E-03    0.117E-05    0.117E-05    0.451E-06    0.451E-06    0.000E+00    0.000E+00    0.217E-19    0.217E-19
    15.000     0.778    0.161E-01    0.152E-02    0.277E-03    0.113E-05    0.113E-05    0.432E-06    0.432E-06    0.000E+00    0.000E+00    0.201E-19    0.201E-19
    15.000     0.779    0.158E-01    0.149E-02    0.270E-03    0.108E-05    0.108E-05    0.413E-06    0.413E-06    0.000E+00    0.000E+00    0.184E-19    0.184E-19
    15.000     0.780    0.156E-01    0.146E-02    0.263E-03    0.104E-05    0.104E-05    0.395E-06    0.395E-06    0.000E+00    0.000E+00    0.166E-19    0.166E-19
    15.000     0.781    0.153E-01    0.143E-02    0.256E-03    0.996E-06    0.996E-06    0.377E-06    0.377E-06    0.000E+00    0.000E+00    0.149E-19    0.149E-19
    15.000     0.782    0.151E-01    0.140E-02    0.249E-03    0.956E-06    0.956E-06    0.361E-06    0.361E-06    0.000E+00    0.000E+00    0.131E-19    0.131E-19
    15.000     0.783    0.148E-01    0.138E-02    0.243E-03    0.917E-06    0.917E-06    0.345E-06    0.345E-06    0.000E+00    0.000E+00    0.113E-19    0.113E-19
    15.000     0.784    0.146E-01    0.135E-02    0.236E-03    0.880E-06    0.880E-06    0.330E-06    0.330E-06    0.000E+00    0.000E+00    0.952E-20    0.952E-20
    15.000     0.785    0.143E-01    0.132E-02    0.230E-03    0.845E-06    0.845E-06    0.315E-06    0.315E-06    0.000E+00    0.000E+00    0.776E-20    0.776E-20
    15.000     0.786    0.141E-01    0.130E-02    0.224E-03    0.810E-06    0.810E-06    0.301E-06    0.301E-06    0.000E+00    0.000E+00    0.601E-20    0.601E-20
    15.000     0.787    0.139E-01    0.127E-02    0.218E-03    0.778E-06    0.778E-06    0.288E-06    0.288E-06    0.000E+00    0.000E+00    0.430E-20    0.430E-20
    15.000     0.788    0.136E-01    0.125E-02    0.212E-03    0.746E-06    0.746E-06    0.276E-06    0.276E-06    0.000E+00    0.000E+00    0.263E-20    0.263E-20
    15.000     0.789    0.134E-01    0.123E-02    0.206E-03    0.716E-06    0.716E-06    0.263E-06    0.263E-06    0.000E+00    0.000E+00    0.100E-20    0.100E-20
    15.000     0.790    0.132E-01    0.120E-02    0.201E-03    0.686E-06    0.686E-06    0.251E-06    0.251E-06    0.000E+00    0.000E+00    0.000E+00    0.000E+00
    15.000     0.791    0.130E-01    0.118E-02    0.195E-03    0.656E-06    0.656E-06    0.239E-06    0.239E-06    0.000E+00    0.000E+00    0.000E+00    0.000E+00
    15.000     0.792    0.127E-01    0.115E-02    0.190E-03    0.627E-06    0.627E-06    0.227E-06    0.227E-06    0.000E+00    0.000E+00    0.000E+00    0.000E+00
    15.000     0.793    0.125E-01    0.113E-02    0.184E-03    0.599E-06    0.599E-06    0.216E-06    0.216E-06    0.000E+00    0.000E+00    0.000E+00    0.000E+00
    15.000     0.794    0.123E-01    0.111E-02    0.179E-03    0.572E-06    0.572E-06    0.205E-06    0.205E-06    0.000E+00    0.000E+00    0.000E+00    0.000E+00
    15.000     0.795    0.121E-01    0.109E-02    0.174E-03    0.546E-06    0.546E-06    0.195E-06    0.195E-06    0.000E+00    0.000E+00    0.000E+00    0.000E+00
    15.000     0.796    0.119E-01    0.107E-02    0.169E-03    0.521E-06    0.521E-06    0.185E-06    0.185E-06    0.000E+00    0.000E+00    0.000E+00    0.000E+00
    15.000     0.797    0.117E-01    0.104E-02    0.164E-03    0.498E-06    0.498E-06    0.176E-06    0.176E-06    0.000E+00    0.000E+00    0.000E+00    0.000E+00
    15.000     0.798    0.115E-01    0.102E-02    0.160E-03    0.475E-06    0.475E-06    0.167E-06    0.167E-06    0.000E+00    0.000E+00    0.000E+00    0.000E+00
    15.000     0.799    0.113E-01    0.100E-02    0.155E-03    0.453E-06    0.453E-06    0.158E-06    0.158E-06    0.000E+00    0.000E+00    0.000E+00    0.000E+00
    15.000     0.800    0.111E-01    0.982E-03    0.151E-03    0.432E-06    0.432E-06    0.150E-06    0.150E-06    0.000E+00    0.000E+00    0.000E+00    0.000E+00
    15.000     0.801    0.109E-01    0.963E-03    0.146E-03    0.412E-06    0.412E-06    0.142E-06    0.142E-06    0.000E+00    0.000E+00    0.000E+00    0.000E+00
    15.000     0.802    0.107E-01    0.943E-03    0.142E-03    0.393E-06    0.393E-06    0.135E-06    0.135E-06    0.000E+00    0.000E+00    0.000E+00    0.000E+00
    15.000     0.803    0.105E-01    0.924E-03    0.138E-03    0.375E-06    0.375E-06    0.128E-06    0.128E-06    0.000E+00    0.000E+00    0.000E+00    0.000E+00
    15.000     0.804    0.103E-01    0.905E-03    0.134E-03    0.358E-06    0.358E-06    0.121E-06    0.121E-06    0.000E+00    0.000E+00    0.000E+00    0.000E+00
    15.000     0.805    0.101E-01    0.886E-03    0.130E-03    0.341E-06    0.341E-06    0.114E-06    0.114E-06    0.000E+00    0.000E+00    0.000E+00    0.000E+00
    15.000     0.806    0.993E-02    0.868E-03    0.126E-03    0.325E-06    0.325E-06    0.108E-06    0.108E-06    0.000E+00    0.000E+00    0.000E+00    0.000E+00
    15.000     0.807    0.975E-02    0.850E-03    0.123E-03    0.310E-06    0.310E-06    0.103E-06    0.103E-06    0.000E+00    0.000E+00    0.000E+00    0.000E+00
    15.000     0.808    0.957E-02    0.833E-03    0.119E-03    0.296E-06    0.296E-06    0.972E-07    0.972E-07    0.000E+00    0.000E+00    0.000E+00    0.000E+00
    15.000     0.809    0.939E-02    0.815E-03    0.116E-03    0.282E-06    0.282E-06    0.921E-07    0.921E-07    0.000E+00    0.000E+00    0.000E+00    0.000E+00
    15.000     0.810    0.921E-02    0.798E-03    0.112E-03    0.269E-06    0.269E-06    0.872E-07    0.872E-07    0.000E+00    0.000E+00    0.000E+00    0.000E+00
    15.000     0.811    0.904E-02    0.782E-03    0.109E-03    0.257E-06    0.257E-06    0.826E-07    0.826E-07    0.000E+00    0.000E+00    0.000E+00    0.000E+00
    15.000     0.812    0.887E-02    0.765E-03    0.106E-03    0.245E-06    0.245E-06    0.783E-07    0.783E-07    0.000E+00    0.000E+00    0.000E+00    0.000E+00
    15.000     0.813    0.870E-02    0.749E-03    0.103E-03    0.234E-06    0.234E-06    0.741E-07    0.741E-07    0.000E+00    0.000E+00    0.000E+00    0.000E+00
    15.000     0.814    0.853E-02    0.733E-03    0.994E-04    0.222E-06    0.222E-06    0.695E-07    0.695E-07    0.000E+00    0.000E+00    0.000E+00    0.000E+00
    15.000     0.815    0.837E-02    0.718E-03    0.963E-04    0.210E-06    0.210E-06    0.652E-07    0.652E-07    0.000E+00    0.000E+00    0.000E+00    0.000E+00
    15.000     0.816    0.820E-02    0.702E-03    0.934E-04    0.199E-06    0.199E-06    0.611E-07    0.611E-07    0.000E+00    0.000E+00    0.000E+00    0.000E+00
    15.000     0.817    0.804E-02    0.687E-03    0.905E-04    0.189E-06    0.189E-06    0.571E-07    0.571E-07    0.000E+00    0.000E+00    0.000E+00    0.000E+00
    15.000     0.818    0.789E-02    0.672E-03    0.876E-04    0.179E-06    0.179E-06    0.534E-07    0.534E-07    0.000E+00    0.000E+00    0.000E+00    0.000E+00
    15.000     0.819    0.773E-02    0.658E-03    0.849E-04    0.169E-06    0.169E-06    0.499E-07    0.499E-07    0.000E+00    0.000E+00    0.000E+00    0.000E+00
    15.000     0.820    0.758E-02    0.643E-03    0.822E-04    0.160E-06    0.160E-06    0.466E-07    0.466E-07    0.000E+00    0.000E+00    0.000E+00    0.000E+00
    15.000     0.821    0.742E-02    0.629E-03    0.796E-04    0.151E-06    0.151E-06    0.435E-07    0.435E-07    0.000E+00    0.000E+00    0.000E+00    0.000E+00
    15.000     0.822    0.728E-02    0.616E-03    0.771E-04    0.143E-06    0.143E-06    0.405E-07    0.405E-07    0.000E+00    0.000E+00    0.000E+00    0.000E+00
    15.000     0.823    0.713E-02    0.602E-03    0.747E-04    0.135E-06    0.135E-06    0.377E-07    0.377E-07    0.000E+00    0.000E+00    0.000E+00    0.000E+00
    15.000     0.824    0.698E-02    0.589E-03    0.723E-04    0.128E-06    0.128E-06    0.351E-07    0.351E-07    0.000E+00    0.000E+00    0.000E+00    0.000E+00
    15.000     0.825    0.684E-02    0.576E-03    0.700E-04    0.121E-06    0.121E-06    0.326E-07    0.326E-07    0.000E+00    0.000E+00    0.000E+00    0.000E+00
    15.000     0.826    0.670E-02    0.563E-03    0.677E-04    0.114E-06    0.114E-06    0.303E-07    0.303E-07    0.000E+00    0.000E+00    0.000E+00    0.000E+00
    15.000     0.827    0.656E-02    0.550E-03    0.655E-04    0.108E-06    0.108E-06    0.282E-07    0.282E-07    0.000E+00    0.000E+00    0.000E+00    0.000E+00
    15.000     0.828    0.642E-02    0.538E-03    0.634E-04    0.102E-06    0.102E-06    0.262E-07    0.262E-07    0.000E+00    0.000E+00    0.000E+00    0.000E+00
    15.000     0.829    0.629E-02    0.526E-03    0.614E-04    0.964E-07    0.964E-07    0.243E-07    0.243E-07    0.000E+00    0.000E+00    0.000E+00    0.000E+00
    15.000     0.830    0.616E-02    0.514E-03    0.594E-04    0.911E-07    0.911E-07    0.225E-07    0.225E-07    0.000E+00    0.000E+00    0.000E+00    0.000E+00
    15.000     0.831    0.603E-02    0.503E-03    0.574E-04    0.862E-07    0.862E-07    0.209E-07    0.209E-07    0.000E+00    0.000E+00    0.000E+00    0.000E+00
    15.000     0.832    0.590E-02    0.491E-03    0.556E-04    0.816E-07    0.816E-07    0.194E-07    0.194E-07    0.000E+00    0.000E+00    0.000E+00    0.000E+00
    15.000     0.833    0.577E-02    0.480E-03    0.537E-04    0.772E-07    0.772E-07    0.180E-07    0.180E-07    0.000E+00    0.000E+00    0.000E+00    0.000E+00
    15.000     0.834    0.565E-02    0.469E-03    0.520E-04    0.731E-07    0.731E-07    0.167E-07    0.167E-07    0.000E+00    0.000E+00    0.000E+00    0.000E+00
    15.000     0.835    0.552E-02    0.458E-03    0.503E-04    0.692E-07    0.692E-07    0.155E-07    0.155E-07    0.000E+00    0.000E+00    0.000E+00    0.000E+00
    15.000     0.836    0.540E-02    0.448E-03    0.486E-04    0.656E-07    0.656E-07    0.144E-07    0.144E-07    0.000E+00    0.000E+00    0.000E+00    0.000E+00
    15.000     0.837    0.528E-02    0.437E-03    0.469E-04    0.614E-07    0.614E-07    0.131E-07    0.131E-07    0.000E+00    0.000E+00    0.000E+00    0.000E+00
    15.000     0.838    0.516E-02    0.427E-03    0.453E-04    0.574E-07    0.574E-07    0.118E-07    0.118E-07    0.000E+00    0.000E+00    0.000E+00    0.000E+00
    15.000     0.839    0.505E-02    0.417E-03    0.437E-04    0.537E-07    0.537E-07    0.106E-07    0.106E-07    0.000E+00    0.000E+00    0.000E+00    0.000E+00
    15.000     0.840    0.494E-02    0.407E-03    0.422E-04    0.501E-07    0.501E-07    0.949E-08    0.949E-08    0.000E+00    0.000E+00    0.000E+00    0.000E+00
    15.000     0.841    0.482E-02    0.397E-03    0.407E-04    0.468E-07    0.468E-07    0.845E-08    0.845E-08    0.000E+00    0.000E+00    0.000E+00    0.000E+00
    15.000     0.842    0.471E-02    0.388E-03    0.393E-04    0.436E-07    0.436E-07    0.749E-08    0.749E-08    0.000E+00    0.000E+00    0.000E+00    0.000E+00
    15.000     0.843    0.461E-02    0.378E-03    0.379E-04    0.406E-07    0.406E-07    0.660E-08    0.660E-08    0.000E+00    0.000E+00    0.000E+00    0.000E+00
    15.000     0.844    0.450E-02    0.369E-03    0.365E-04    0.378E-07    0.378E-07    0.577E-08    0.577E-08    0.000E+00    0.000E+00    0.000E+00    0.000E+00
    15.000     0.845    0.439E-02    0.360E-03    0.352E-04    0.352E-07    0.352E-07    0.502E-08    0.502E-08    0.000E+00    0.000E+00    0.000E+00    0.000E+00
    15.000     0.846    0.429E-02    0.351E-03    0.340E-04    0.327E-07    0.327E-07    0.432E-08    0.432E-08    0.000E+00    0.000E+00    0.000E+00    0.000E+00
    15.000     0.847    0.419E-02    0.343E-03    0.327E-04    0.304E-07    0.304E-07    0.369E-08    0.369E-08    0.000E+00    0.000E+00    0.000E+00    0.000E+00
    15.000     0.848    0.409E-02    0.334E-03    0.316E-04    0.283E-07    0.283E-07    0.312E-08    0.312E-08    0.000E+00    0.000E+00    0.000E+00    0.000E+00
    15.000     0.849    0.399E-02    0.326E-03    0.304E-04    0.263E-07    0.263E-07    0.261E-08    0.261E-08    0.000E+00    0.000E+00    0.000E+00    0.000E+00
    15.000     0.850    0.390E-02    0.318E-03    0.293E-04    0.244E-07    0.244E-07    0.215E-08    0.215E-08    0.000E+00    0.000E+00    0.000E+00    0.000E+00
    15.000     0.851    0.380E-02    0.310E-03    0.282E-04    0.227E-07    0.227E-07    0.174E-08    0.174E-08    0.000E+00    0.000E+00    0.000E+00    0.000E+00
    15.000     0.852    0.371E-02    0.302E-03    0.272E-04    0.211E-07    0.211E-07    0.138E-08    0.138E-08    0.000E+00    0.000E+00    0.000E+00    0.000E+00
    15.000     0.853    0.362E-02    0.294E-03    0.262E-04    0.197E-07    0.197E-07    0.106E-08    0.106E-08    0.000E+00    0.000E+00    0.000E+00    0.000E+00
    15.000     0.854    0.353E-02    0.287E-03    0.253E-04    0.183E-07    0.183E-07    0.795E-09    0.795E-09    0.000E+00    0.000E+00    0.000E+00    0.000E+00
    15.000     0.855    0.344E-02    0.280E-03    0.243E-04    0.171E-07    0.171E-07    0.566E-09    0.566E-09    0.000E+00    0.000E+00    0.000E+00    0.000E+00
    15.000     0.856    0.335E-02    0.272E-03    0.234E-04    0.159E-07    0.159E-07    0.377E-09    0.377E-09    0.000E+00    0.000E+00    0.000E+00    0.000E+00
    15.000     0.857    0.327E-02    0.265E-03    0.226E-04    0.149E-07    0.149E-07    0.223E-09    0.223E-09    0.000E+00    0.000E+00    0.000E+00    0.000E+00
    15.000     0.858    0.319E-02    0.258E-03    0.217E-04    0.140E-07    0.140E-07    0.102E-09    0.102E-09    0.000E+00    0.000E+00    0.000E+00    0.000E+00
    15.000     0.859    0.310E-02    0.252E-03    0.209E-04    0.131E-07    0.131E-07    0.128E-10    0.128E-10    0.000E+00    0.000E+00    0.000E+00    0.000E+00
    15.000     0.860    0.302E-02    0.245E-03    0.201E-04    0.120E-07    0.120E-07    0.000E+00    0.000E+00    0.000E+00    0.000E+00    0.152E-21    0.152E-21
    15.000     0.861    0.294E-02    0.238E-03    0.193E-04    0.109E-07    0.109E-07    0.000E+00    0.000E+00    0.000E+00    0.000E+00    0.342E-21    0.342E-21
    15.000     0.862    0.287E-02    0.232E-03    0.185E-04    0.987E-08    0.987E-08    0.000E+00    0.000E+00    0.000E+00    0.000E+00    0.539E-21    0.539E-21
    15.000     0.863    0.279E-02    0.226E-03    0.178E-04    0.891E-08    0.891E-08    0.000E+00    0.000E+00    0.000E+00    0.000E+00    0.742E-21    0.742E-21
    15.000     0.864    0.272E-02    0.220E-03    0.171E-04    0.802E-08    0.802E-08    0.000E+00    0.000E+00    0.000E+00    0.000E+00    0.948E-21    0.948E-21
    15.000     0.865    0.264E-02    0.214E-03    0.164E-04    0.719E-08    0.719E-08    0.000E+00    0.000E+00    0.000E+00    0.000E+00    0.116E-20    0.116E-20
    15.000     0.866    0.257E-02    0.208E-03    0.157E-04    0.643E-08    0.643E-08    0.000E+00    0.000E+00    0.000E+00    0.000E+00    0.137E-20    0.137E-20
    15.000     0.867    0.250E-02    0.202E-03    0.151E-04    0.573E-08    0.573E-08    0.000E+00    0.000E+00    0.000E+00    0.000E+00    0.159E-20    0.159E-20
    15.000     0.868    0.243E-02    0.196E-03    0.145E-04    0.508E-08    0.508E-08    0.000E+00    0.000E+00    0.000E+00    0.000E+00    0.180E-20    0.180E-20
    15.000     0.869    0.237E-02    0.191E-03    0.139E-04    0.449E-08    0.449E-08    0.000E+00    0.000E+00    0.000E+00    0.000E+00    0.202E-20    0.202E-20
    15.000     0.870    0.230E-02    0.185E-03    0.133E-04    0.396E-08    0.396E-08    0.000E+00    0.000E+00    0.000E+00    0.000E+00    0.223E-20    0.223E-20
    15.000     0.871    0.223E-02    0.180E-03    0.127E-04    0.348E-08    0.348E-08    0.000E+00    0.000E+00    0.000E+00    0.000E+00    0.244E-20    0.244E-20
    15.000     0.872    0.217E-02    0.175E-03    0.122E-04    0.304E-08    0.304E-08    0.000E+00    0.000E+00    0.000E+00    0.000E+00    0.265E-20    0.265E-20
    15.000     0.873    0.211E-02    0.170E-03    0.117E-04    0.266E-08    0.266E-08    0.000E+00    0.000E+00    0.000E+00    0.000E+00    0.285E-20    0.285E-20
    15.000     0.874    0.205E-02    0.165E-03    0.112E-04    0.231E-08    0.231E-08    0.000E+00    0.000E+00    0.000E+00    0.000E+00    0.304E-20    0.304E-20
    15.000     0.875    0.199E-02    0.160E-03    0.107E-04    0.201E-08    0.201E-08    0.000E+00    0.000E+00    0.000E+00    0.000E+00    0.323E-20    0.323E-20
    15.000     0.876    0.193E-02    0.156E-03    0.103E-04    0.175E-08    0.175E-08    0.000E+00    0.000E+00    0.000E+00    0.000E+00    0.342E-20    0.342E-20
    15.000     0.877    0.187E-02    0.151E-03    0.984E-05    0.153E-08    0.153E-08    0.000E+00    0.000E+00    0.000E+00    0.000E+00    0.359E-20    0.359E-20
    15.000     0.878    0.182E-02    0.147E-03    0.943E-05    0.134E-08    0.134E-08    0.000E+00    0.000E+00    0.000E+00    0.000E+00    0.375E-20    0.375E-20
    15.000     0.879    0.176E-02    0.142E-03    0.903E-05    0.118E-08    0.118E-08    0.000E+00    0.000E+00    0.000E+00    0.000E+00    0.390E-20    0.390E-20
    15.000     0.880    0.171E-02    0.138E-03    0.864E-05    0.106E-08    0.106E-08    0.000E+00    0.000E+00    0.000E+00    0.000E+00    0.404E-20    0.404E-20
    15.000     0.881    0.166E-02    0.134E-03    0.828E-05    0.956E-09    0.956E-09    0.000E+00    0.000E+00    0.000E+00    0.000E+00    0.417E-20    0.417E-20
    15.000     0.882    0.161E-02    0.130E-03    0.792E-05    0.881E-09    0.881E-09    0.000E+00    0.000E+00    0.000E+00    0.000E+00    0.429E-20    0.429E-20
    15.000     0.883    0.156E-02    0.126E-03    0.757E-05    0.748E-09    0.748E-09    0.000E+00    0.000E+00    0.000E+00    0.000E+00    0.429E-20    0.429E-20
    15.000     0.884    0.151E-02    0.122E-03    0.722E-05    0.561E-09    0.561E-09    0.000E+00    0.000E+00    0.000E+00    0.000E+00    0.419E-20    0.419E-20
    15.000     0.885    0.146E-02    0.118E-03    0.688E-05    0.394E-09    0.394E-09    0.000E+00    0.000E+00    0.000E+00    0.000E+00    0.407E-20    0.407E-20
    15.000     0.886    0.141E-02    0.114E-03    0.656E-05    0.245E-09    0.245E-09    0.000E+00    0.000E+00    0.000E+00    0.000E+00    0.394E-20    0.394E-20
    15.000     0.887    0.137E-02    0.110E-03    0.625E-05    0.114E-09    0.114E-09    0.000E+00    0.000E+00    0.000E+00    0.000E+00    0.379E-20    0.379E-20
    15.000     0.888    0.132E-02    0.107E-03    0.595E-05    0.120E-11    0.120E-11    0.000E+00    0.000E+00    0.000E+00    0.000E+00    0.364E-20    0.364E-20
    15.000     0.889    0.128E-02    0.103E-03    0.566E-05    0.000E+00    0.000E+00    0.000E+00    0.000E+00    0.000E+00    0.000E+00    0.347E-20    0.347E-20
    15.000     0.890    0.124E-02    0.999E-04    0.539E-05    0.000E+00    0.000E+00    0.000E+00    0.000E+00    0.000E+00    0.000E+00    0.329E-20    0.329E-20
    15.000     0.891    0.119E-02    0.966E-04    0.512E-05    0.000E+00    0.000E+00    0.000E+00    0.000E+00    0.000E+00    0.000E+00    0.311E-20    0.311E-20
    15.000     0.892    0.115E-02    0.933E-04    0.487E-05    0.000E+00    0.000E+00    0.000E+00    0.000E+00    0.000E+00    0.000E+00    0.292E-20    0.292E-20
    15.000     0.893    0.111E-02    0.902E-04    0.463E-05    0.000E+00    0.000E+00    0.000E+00    0.000E+00    0.000E+00    0.000E+00    0.272E-20    0.272E-20
    15.000     0.894    0.108E-02    0.871E-04    0.440E-05    0.000E+00    0.000E+00    0.000E+00    0.000E+00    0.000E+00    0.000E+00    0.251E-20    0.251E-20
    15.000     0.895    0.104E-02    0.841E-04    0.418E-05    0.000E+00    0.000E+00    0.000E+00    0.000E+00    0.000E+00    0.000E+00    0.230E-20    0.230E-20
    15.000     0.896    0.100E-02    0.812E-04    0.398E-05    0.000E+00    0.000E+00    0.000E+00    0.000E+00    0.000E+00    0.000E+00    0.209E-20    0.209E-20
    15.000     0.897    0.966E-03    0.784E-04    0.378E-05    0.000E+00    0.000E+00    0.000E+00    0.000E+00    0.000E+00    0.000E+00    0.187E-20    0.187E-20
    15.000     0.898    0.932E-03    0.756E-04    0.359E-05    0.000E+00    0.000E+00    0.000E+00    0.000E+00    0.000E+00    0.000E+00    0.165E-20    0.165E-20
    15.000     0.899    0.898E-03    0.729E-04    0.341E-05    0.000E+00    0.000E+00    0.000E+00    0.000E+00    0.000E+00    0.000E+00    0.143E-20    0.143E-20
    15.000     0.900    0.865E-03    0.703E-04    0.324E-05    0.000E+00    0.000E+00    0.000E+00    0.000E+00    0.000E+00    0.000E+00    0.122E-20    0.122E-20
    15.000     0.901    0.833E-03    0.678E-04    0.308E-05    0.000E+00    0.000E+00    0.000E+00    0.000E+00    0.000E+00    0.000E+00    0.999E-21    0.999E-21
    15.000     0.902    0.802E-03    0.653E-04    0.292E-05    0.000E+00    0.000E+00    0.000E+00    0.000E+00    0.000E+00    0.000E+00    0.785E-21    0.785E-21
    15.000     0.903    0.772E-03    0.629E-04    0.277E-05    0.000E+00    0.000E+00    0.000E+00    0.000E+00    0.000E+00    0.000E+00    0.574E-21    0.574E-21
    15.000     0.904    0.743E-03    0.606E-04    0.264E-05    0.000E+00    0.000E+00    0.000E+00    0.000E+00    0.000E+00    0.000E+00    0.368E-21    0.368E-21
    15.000     0.905    0.714E-03    0.583E-04    0.250E-05    0.000E+00    0.000E+00    0.000E+00    0.000E+00    0.000E+00    0.000E+00    0.168E-21    0.168E-21
    15.000     0.906    0.687E-03    0.561E-04    0.238E-05    0.000E+00    0.000E+00    0.000E+00    0.000E+00    0.000E+00    0.000E+00    0.000E+00    0.000E+00
    15.000     0.907    0.659E-03    0.539E-04    0.224E-05    0.000E+00    0.000E+00    0.000E+00    0.000E+00    0.000E+00    0.000E+00    0.000E+00    0.000E+00
    15.000     0.908    0.633E-03    0.518E-04    0.211E-05    0.000E+00    0.000E+00    0.000E+00    0.000E+00    0.000E+00    0.000E+00    0.000E+00    0.000E+00
    15.000     0.909    0.607E-03    0.498E-04    0.199E-05    0.000E+00    0.000E+00    0.000E+00    0.000E+00    0.000E+00    0.000E+00    0.000E+00    0.000E+00
    15.000     0.910    0.583E-03    0.478E-04    0.187E-05    0.000E+00    0.000E+00    0.000E+00    0.000E+00    0.000E+00    0.000E+00    0.000E+00    0.000E+00
    15.000     0.911    0.558E-03    0.458E-04    0.176E-05    0.000E+00    0.000E+00    0.000E+00    0.000E+00    0.000E+00    0.000E+00    0.000E+00    0.000E+00
    15.000     0.912    0.535E-03    0.439E-04    0.165E-05    0.000E+00    0.000E+00    0.000E+00    0.000E+00    0.000E+00    0.000E+00    0.000E+00    0.000E+00
    15.000     0.913    0.512E-03    0.421E-04    0.155E-05    0.000E+00    0.000E+00    0.000E+00    0.000E+00    0.000E+00    0.000E+00    0.000E+00    0.000E+00
    15.000     0.914    0.491E-03    0.404E-04    0.146E-05    0.000E+00    0.000E+00    0.000E+00    0.000E+00    0.000E+00    0.000E+00    0.000E+00    0.000E+00
    15.000     0.915    0.469E-03    0.387E-04    0.137E-05    0.000E+00    0.000E+00    0.000E+00    0.000E+00    0.000E+00    0.000E+00    0.000E+00    0.000E+00
    15.000     0.916    0.449E-03    0.370E-04    0.129E-05    0.000E+00    0.000E+00    0.000E+00    0.000E+00    0.000E+00    0.000E+00    0.000E+00    0.000E+00
    15.000     0.917    0.429E-03    0.354E-04    0.121E-05    0.000E+00    0.000E+00    0.000E+00    0.000E+00    0.000E+00    0.000E+00    0.000E+00    0.000E+00
    15.000     0.918    0.410E-03    0.339E-04    0.113E-05    0.000E+00    0.000E+00    0.000E+00    0.000E+00    0.000E+00    0.000E+00    0.000E+00    0.000E+00
    15.000     0.919    0.391E-03    0.324E-04    0.106E-05    0.000E+00    0.000E+00    0.000E+00    0.000E+00    0.000E+00    0.000E+00    0.000E+00    0.000E+00
    15.000     0.920    0.373E-03    0.309E-04    0.993E-06    0.000E+00    0.000E+00    0.000E+00    0.000E+00    0.000E+00    0.000E+00    0.000E+00    0.000E+00
    15.000     0.921    0.356E-03    0.295E-04    0.930E-06    0.000E+00    0.000E+00    0.000E+00    0.000E+00    0.000E+00    0.000E+00    0.000E+00    0.000E+00
    15.000     0.922    0.339E-03    0.282E-04    0.872E-06    0.000E+00    0.000E+00    0.000E+00    0.000E+00    0.000E+00    0.000E+00    0.000E+00    0.000E+00
    15.000     0.923    0.323E-03    0.269E-04    0.817E-06    0.000E+00    0.000E+00    0.000E+00    0.000E+00    0.000E+00    0.000E+00    0.000E+00    0.000E+00
    15.000     0.924    0.308E-03    0.256E-04    0.767E-06    0.000E+00    0.000E+00    0.000E+00    0.000E+00    0.000E+00    0.000E+00    0.000E+00    0.000E+00
    15.000     0.925    0.293E-03    0.244E-04    0.719E-06    0.000E+00    0.000E+00    0.000E+00    0.000E+00    0.000E+00    0.000E+00    0.000E+00    0.000E+00
    15.000     0.926    0.278E-03    0.232E-04    0.675E-06    0.000E+00    0.000E+00    0.000E+00    0.000E+00    0.000E+00    0.000E+00    0.000E+00    0.000E+00
    15.000     0.927    0.264E-03    0.221E-04    0.634E-06    0.000E+00    0.000E+00    0.000E+00    0.000E+00    0.000E+00    0.000E+00    0.000E+00    0.000E+00
    15.000     0.928    0.251E-03    0.210E-04    0.596E-06    0.000E+00    0.000E+00    0.000E+00    0.000E+00    0.000E+00    0.000E+00    0.000E+00    0.000E+00
    15.000     0.929    0.238E-03    0.200E-04    0.561E-06    0.000E+00    0.000E+00    0.000E+00    0.000E+00    0.000E+00    0.000E+00    0.000E+00    0.000E+00
    15.000     0.930    0.226E-03    0.190E-04    0.521E-06    0.000E+00    0.000E+00    0.000E+00    0.000E+00    0.000E+00    0.000E+00    0.235E-22    0.235E-22
    15.000     0.931    0.214E-03    0.180E-04    0.481E-06    0.000E+00    0.000E+00    0.000E+00    0.000E+00    0.000E+00    0.000E+00    0.588E-22    0.588E-22
    15.000     0.932    0.202E-03    0.170E-04    0.444E-06    0.000E+00    0.000E+00    0.000E+00    0.000E+00    0.000E+00    0.000E+00    0.954E-22    0.954E-22
    15.000     0.933    0.191E-03    0.161E-04    0.409E-06    0.000E+00    0.000E+00    0.000E+00    0.000E+00    0.000E+00    0.000E+00    0.133E-21    0.133E-21
    15.000     0.934    0.180E-03    0.152E-04    0.376E-06    0.000E+00    0.000E+00    0.000E+00    0.000E+00    0.000E+00    0.000E+00    0.171E-21    0.171E-21
    15.000     0.935    0.170E-03    0.144E-04    0.345E-06    0.000E+00    0.000E+00    0.000E+00    0.000E+00    0.000E+00    0.000E+00    0.210E-21    0.210E-21
    15.000     0.936    0.160E-03    0.135E-04    0.316E-06    0.000E+00    0.000E+00    0.000E+00    0.000E+00    0.000E+00    0.000E+00    0.250E-21    0.250E-21
    15.000     0.937    0.150E-03    0.128E-04    0.290E-06    0.000E+00    0.000E+00    0.000E+00    0.000E+00    0.000E+00    0.000E+00    0.290E-21    0.290E-21
    15.000     0.938    0.141E-03    0.120E-04    0.265E-06    0.000E+00    0.000E+00    0.000E+00    0.000E+00    0.000E+00    0.000E+00    0.330E-21    0.330E-21
    15.000     0.939    0.133E-03    0.113E-04    0.242E-06    0.000E+00    0.000E+00    0.000E+00    0.000E+00    0.000E+00    0.000E+00    0.370E-21    0.370E-21
    15.000     0.940    0.124E-03    0.106E-04    0.221E-06    0.000E+00    0.000E+00    0.000E+00    0.000E+00    0.000E+00    0.000E+00    0.409E-21    0.409E-21
    15.000     0.941    0.117E-03    0.997E-05    0.202E-06    0.000E+00    0.000E+00    0.000E+00    0.000E+00    0.000E+00    0.000E+00    0.449E-21    0.449E-21
    15.000     0.942    0.109E-03    0.935E-05    0.184E-06    0.000E+00    0.000E+00    0.000E+00    0.000E+00    0.000E+00    0.000E+00    0.487E-21    0.487E-21
    15.000     0.943    0.102E-03    0.876E-05    0.168E-06    0.000E+00    0.000E+00    0.000E+00    0.000E+00    0.000E+00    0.000E+00    0.525E-21    0.525E-21
    15.000     0.944    0.953E-04    0.819E-05    0.154E-06    0.000E+00    0.000E+00    0.000E+00    0.000E+00    0.000E+00    0.000E+00    0.562E-21    0.562E-21
    15.000     0.945    0.889E-04    0.766E-05    0.141E-06    0.000E+00    0.000E+00    0.000E+00    0.000E+00    0.000E+00    0.000E+00    0.597E-21    0.597E-21
    15.000     0.946    0.829E-04    0.715E-05    0.129E-06    0.000E+00    0.000E+00    0.000E+00    0.000E+00    0.000E+00    0.000E+00    0.632E-21    0.632E-21
    15.000     0.947    0.771E-04    0.666E-05    0.118E-06    0.000E+00    0.000E+00    0.000E+00    0.000E+00    0.000E+00    0.000E+00    0.664E-21    0.664E-21
    15.000     0.948    0.717E-04    0.620E-05    0.109E-06    0.000E+00    0.000E+00    0.000E+00    0.000E+00    0.000E+00    0.000E+00    0.695E-21    0.695E-21
    15.000     0.949    0.666E-04    0.577E-05    0.101E-06    0.000E+00    0.000E+00    0.000E+00    0.000E+00    0.000E+00    0.000E+00    0.724E-21    0.724E-21
    15.000     0.950    0.617E-04    0.536E-05    0.937E-07    0.000E+00    0.000E+00    0.000E+00    0.000E+00    0.000E+00    0.000E+00    0.751E-21    0.751E-21
    15.000     0.951    0.572E-04    0.497E-05    0.875E-07    0.000E+00    0.000E+00    0.000E+00    0.000E+00    0.000E+00    0.000E+00    0.775E-21    0.775E-21
    15.000     0.952    0.529E-04    0.460E-05    0.821E-07    0.000E+00    0.000E+00    0.000E+00    0.000E+00    0.000E+00    0.000E+00    0.797E-21    0.797E-21
    15.000     0.953    0.487E-04    0.425E-05    0.766E-07    0.000E+00    0.000E+00    0.000E+00    0.000E+00    0.000E+00    0.000E+00    0.810E-21    0.810E-21
    15.000     0.954    0.445E-04    0.388E-05    0.676E-07    0.000E+00    0.000E+00    0.000E+00    0.000E+00    0.000E+00    0.000E+00    0.792E-21    0.792E-21
    15.000     0.955    0.404E-04    0.354E-05    0.592E-07    0.000E+00    0.000E+00    0.000E+00    0.000E+00    0.000E+00    0.000E+00    0.771E-21    0.771E-21
    15.000     0.956    0.366E-04    0.322E-05    0.515E-07    0.000E+00    0.000E+00    0.000E+00    0.000E+00    0.000E+00    0.000E+00    0.747E-21    0.747E-21
    15.000     0.957    0.331E-04    0.291E-05    0.444E-07    0.000E+00    0.000E+00    0.000E+00    0.000E+00    0.000E+00    0.000E+00    0.721E-21    0.721E-21
    15.000     0.958    0.297E-04    0.262E-05    0.380E-07    0.000E+00    0.000E+00    0.000E+00    0.000E+00    0.000E+00    0.000E+00    0.693E-21    0.693E-21
    15.000     0.959    0.265E-04    0.235E-05    0.322E-07    0.000E+00    0.000E+00    0.000E+00    0.000E+00    0.000E+00    0.000E+00    0.662E-21    0.662E-21
    15.000     0.960    0.236E-04    0.210E-05    0.269E-07    0.000E+00    0.000E+00    0.000E+00    0.000E+00    0.000E+00    0.000E+00    0.630E-21    0.630E-21
    15.000     0.961    0.209E-04    0.186E-05    0.222E-07    0.000E+00    0.000E+00    0.000E+00    0.000E+00    0.000E+00    0.000E+00    0.596E-21    0.596E-21
    15.000     0.962    0.183E-04    0.164E-05    0.180E-07    0.000E+00    0.000E+00    0.000E+00    0.000E+00    0.000E+00    0.000E+00    0.561E-21    0.561E-21
    15.000     0.963    0.160E-04    0.144E-05    0.143E-07    0.000E+00    0.000E+00    0.000E+00    0.000E+00    0.000E+00    0.000E+00    0.524E-21    0.524E-21
    15.000     0.964    0.138E-04    0.125E-05    0.111E-07    0.000E+00    0.000E+00    0.000E+00    0.000E+00    0.000E+00    0.000E+00    0.487E-21    0.487E-21
    15.000     0.965    0.118E-04    0.107E-05    0.834E-08    0.000E+00    0.000E+00    0.000E+00    0.000E+00    0.000E+00    0.000E+00    0.448E-21    0.448E-21
    15.000     0.966    0.997E-05    0.910E-06    0.601E-08    0.000E+00    0.000E+00    0.000E+00    0.000E+00    0.000E+00    0.000E+00    0.409E-21    0.409E-21
    15.000     0.967    0.830E-05    0.761E-06    0.409E-08    0.000E+00    0.000E+00    0.000E+00    0.000E+00    0.000E+00    0.000E+00    0.368E-21    0.368E-21
    15.000     0.968    0.678E-05    0.626E-06    0.254E-08    0.000E+00    0.000E+00    0.000E+00    0.000E+00    0.000E+00    0.000E+00    0.328E-21    0.328E-21
    15.000     0.969    0.542E-05    0.503E-06    0.135E-08    0.000E+00    0.000E+00    0.000E+00    0.000E+00    0.000E+00    0.000E+00    0.287E-21    0.287E-21
    15.000     0.970    0.420E-05    0.392E-06    0.492E-09    0.000E+00    0.000E+00    0.000E+00    0.000E+00    0.000E+00    0.000E+00    0.247E-21    0.247E-21
    15.000     0.971    0.311E-05    0.293E-06    0.000E+00    0.000E+00    0.000E+00    0.000E+00    0.000E+00    0.000E+00    0.000E+00    0.206E-21    0.206E-21
    15.000     0.972    0.215E-05    0.204E-06    0.000E+00    0.000E+00    0.000E+00    0.000E+00    0.000E+00    0.000E+00    0.000E+00    0.166E-21    0.166E-21
    15.000     0.973    0.132E-05    0.126E-06    0.000E+00    0.000E+00    0.000E+00    0.000E+00    0.000E+00    0.000E+00    0.000E+00    0.127E-21    0.127E-21
    15.000     0.974    0.598E-06    0.578E-07    0.000E+00    0.000E+00    0.000E+00    0.000E+00    0.000E+00    0.000E+00    0.000E+00    0.882E-22    0.882E-22
    15.000     0.975    0.000E+00    0.000E+00    0.249E-09    0.000E+00    0.000E+00    0.000E+00    0.000E+00    0.000E+00    0.000E+00    0.504E-22    0.504E-22
    15.000     0.976    0.000E+00    0.000E+00    0.835E-09    0.000E+00    0.000E+00    0.000E+00    0.000E+00    0.000E+00    0.000E+00    0.138E-22    0.138E-22
    15.000     0.977    0.000E+00    0.000E+00    0.157E-08    0.000E+00    0.000E+00    0.000E+00    0.000E+00    0.000E+00    0.000E+00    0.000E+00    0.000E+00
    15.000     0.978    0.000E+00    0.000E+00    0.244E-08    0.000E+00    0.000E+00    0.000E+00    0.000E+00    0.000E+00    0.000E+00    0.000E+00    0.000E+00
    15.000     0.979    0.000E+00    0.000E+00    0.341E-08    0.000E+00    0.000E+00    0.000E+00    0.000E+00    0.000E+00    0.000E+00    0.000E+00    0.000E+00
    15.000     0.980    0.000E+00    0.000E+00    0.445E-08    0.000E+00    0.000E+00    0.000E+00    0.000E+00    0.000E+00    0.000E+00    0.000E+00    0.000E+00
    15.000     0.981    0.000E+00    0.000E+00    0.554E-08    0.000E+00    0.000E+00    0.000E+00    0.000E+00    0.000E+00    0.000E+00    0.000E+00    0.000E+00
    15.000     0.982    0.000E+00    0.000E+00    0.665E-08    0.000E+00    0.000E+00    0.000E+00    0.000E+00    0.000E+00    0.000E+00    0.000E+00    0.000E+00
    15.000     0.983    0.000E+00    0.000E+00    0.775E-08    0.000E+00    0.000E+00    0.000E+00    0.000E+00    0.000E+00    0.000E+00    0.000E+00    0.000E+00
    15.000     0.984    0.000E+00    0.000E+00    0.883E-08    0.000E+00    0.000E+00    0.000E+00    0.000E+00    0.000E+00    0.000E+00    0.000E+00    0.000E+00
    15.000     0.985    0.000E+00    0.000E+00    0.985E-08    0.000E+00    0.000E+00    0.000E+00    0.000E+00    0.000E+00    0.000E+00    0.000E+00    0.000E+00
    15.000     0.986    0.000E+00    0.000E+00    0.108E-07    0.000E+00    0.000E+00    0.000E+00    0.000E+00    0.000E+00    0.000E+00    0.000E+00    0.000E+00
    15.000     0.987    0.000E+00    0.000E+00    0.116E-07    0.000E+00    0.000E+00    0.000E+00    0.000E+00    0.000E+00    0.000E+00    0.000E+00    0.000E+00
    15.000     0.988    0.000E+00    0.000E+00    0.123E-07    0.000E+00    0.000E+00    0.000E+00    0.000E+00    0.000E+00    0.000E+00    0.000E+00    0.000E+00
    15.000     0.989    0.000E+00    0.000E+00    0.128E-07    0.000E+00    0.000E+00    0.000E+00    0.000E+00    0.000E+00    0.000E+00    0.000E+00    0.000E+00
    15.000     0.990    0.000E+00    0.000E+00    0.132E-07    0.000E+00    0.000E+00    0.000E+00    0.000E+00    0.000E+00    0.000E+00    0.000E+00    0.000E+00
    15.000     0.991    0.000E+00    0.000E+00    0.133E-07    0.000E+00    0.000E+00    0.000E+00    0.000E+00    0.000E+00    0.000E+00    0.000E+00    0.000E+00
    15.000     0.992    0.000E+00    0.000E+00    0.132E-07    0.000E+00    0.000E+00    0.000E+00    0.000E+00    0.000E+00    0.000E+00    0.000E+00    0.000E+00
    15.000     0.993    0.000E+00    0.000E+00    0.128E-07    0.000E+00    0.000E+00    0.000E+00    0.000E+00    0.000E+00    0.000E+00    0.000E+00    0.000E+00
    15.000     0.994    0.207E-08    0.000E+00    0.121E-07    0.000E+00    0.000E+00    0.000E+00    0.000E+00    0.000E+00    0.000E+00    0.000E+00    0.000E+00
    15.000     0.995    0.122E-06    0.000E+00    0.110E-07    0.000E+00    0.000E+00    0.000E+00    0.000E+00    0.000E+00    0.000E+00    0.000E+00    0.000E+00
    15.000     0.996    0.204E-06    0.000E+00    0.965E-08    0.000E+00    0.000E+00    0.000E+00    0.000E+00    0.000E+00    0.000E+00    0.000E+00    0.000E+00
    15.000     0.997    0.240E-06    0.000E+00    0.788E-08    0.000E+00    0.000E+00    0.000E+00    0.000E+00    0.000E+00    0.000E+00    0.000E+00    0.000E+00
    15.000     0.998    0.223E-06    0.000E+00    0.570E-08    0.000E+00    0.000E+00    0.000E+00    0.000E+00    0.000E+00    0.000E+00    0.000E+00    0.000E+00
    15.000     0.999    0.145E-06    0.871E-09    0.308E-08    0.000E+00    0.000E+00    0.000E+00    0.000E+00    0.000E+00    0.000E+00    0.000E+00    0.000E+00

