     Q**2          x         u           d           g          ub          db          sb          s          cb          c          bb          b
     1.800     0.001    0.433E+00    0.394E+00    0.239E+01    0.373E+00    0.379E+00    0.153E+00    0.153E+00    0.409E-02    0.409E-02    0.000E+00    0.000E+00
     1.800     0.002    0.403E+00    0.362E+00    0.225E+01    0.326E+00    0.336E+00    0.135E+00    0.135E+00    0.375E-02    0.375E-02    0.000E+00    0.000E+00
     1.800     0.003    0.389E+00    0.349E+00    0.217E+01    0.299E+00    0.312E+00    0.124E+00    0.124E+00    0.355E-02    0.355E-02    0.000E+00    0.000E+00
     1.800     0.004    0.382E+00    0.343E+00    0.212E+01    0.282E+00    0.297E+00    0.118E+00    0.118E+00    0.341E-02    0.341E-02    0.000E+00    0.000E+00
     1.800     0.005    0.378E+00    0.341E+00    0.208E+01    0.269E+00    0.286E+00    0.113E+00    0.113E+00    0.330E-02    0.330E-02    0.000E+00    0.000E+00
     1.800     0.006    0.376E+00    0.340E+00    0.205E+01    0.259E+00    0.277E+00    0.109E+00    0.109E+00    0.321E-02    0.321E-02    0.000E+00    0.000E+00
     1.800     0.007    0.375E+00    0.340E+00    0.203E+01    0.251E+00    0.270E+00    0.106E+00    0.106E+00    0.314E-02    0.314E-02    0.000E+00    0.000E+00
     1.800     0.008    0.374E+00    0.340E+00    0.200E+01    0.242E+00    0.263E+00    0.103E+00    0.103E+00    0.306E-02    0.306E-02    0.000E+00    0.000E+00
     1.800     0.009    0.374E+00    0.341E+00    0.199E+01    0.236E+00    0.257E+00    0.101E+00    0.101E+00    0.300E-02    0.300E-02    0.000E+00    0.000E+00
     1.800     0.010    0.374E+00    0.342E+00    0.197E+01    0.230E+00    0.251E+00    0.981E-01    0.981E-01    0.294E-02    0.294E-02    0.000E+00    0.000E+00
     1.800     0.011    0.375E+00    0.344E+00    0.196E+01    0.225E+00    0.247E+00    0.962E-01    0.962E-01    0.289E-02    0.289E-02    0.000E+00    0.000E+00
     1.800     0.012    0.376E+00    0.345E+00    0.194E+01    0.220E+00    0.242E+00    0.942E-01    0.942E-01    0.283E-02    0.283E-02    0.000E+00    0.000E+00
     1.800     0.013    0.377E+00    0.346E+00    0.193E+01    0.216E+00    0.238E+00    0.925E-01    0.925E-01    0.279E-02    0.279E-02    0.000E+00    0.000E+00
     1.800     0.014    0.379E+00    0.348E+00    0.192E+01    0.213E+00    0.234E+00    0.910E-01    0.910E-01    0.274E-02    0.274E-02    0.000E+00    0.000E+00
     1.800     0.015    0.381E+00    0.349E+00    0.190E+01    0.209E+00    0.230E+00    0.894E-01    0.894E-01    0.270E-02    0.270E-02    0.000E+00    0.000E+00
     1.800     0.016    0.382E+00    0.351E+00    0.189E+01    0.205E+00    0.227E+00    0.880E-01    0.880E-01    0.266E-02    0.266E-02    0.000E+00    0.000E+00
     1.800     0.017    0.385E+00    0.353E+00    0.189E+01    0.203E+00    0.224E+00    0.868E-01    0.868E-01    0.262E-02    0.262E-02    0.000E+00    0.000E+00
     1.800     0.018    0.386E+00    0.354E+00    0.188E+01    0.200E+00    0.220E+00    0.855E-01    0.855E-01    0.259E-02    0.259E-02    0.000E+00    0.000E+00
     1.800     0.019    0.388E+00    0.355E+00    0.187E+01    0.197E+00    0.217E+00    0.843E-01    0.843E-01    0.255E-02    0.255E-02    0.000E+00    0.000E+00
     1.800     0.020    0.390E+00    0.357E+00    0.186E+01    0.194E+00    0.214E+00    0.832E-01    0.832E-01    0.252E-02    0.252E-02    0.000E+00    0.000E+00
     1.800     0.021    0.393E+00    0.358E+00    0.185E+01    0.192E+00    0.211E+00    0.822E-01    0.822E-01    0.249E-02    0.249E-02    0.000E+00    0.000E+00
     1.800     0.022    0.395E+00    0.360E+00    0.184E+01    0.190E+00    0.209E+00    0.811E-01    0.811E-01    0.245E-02    0.245E-02    0.000E+00    0.000E+00
     1.800     0.023    0.397E+00    0.361E+00    0.183E+01    0.187E+00    0.206E+00    0.800E-01    0.800E-01    0.242E-02    0.242E-02    0.000E+00    0.000E+00
     1.800     0.024    0.399E+00    0.362E+00    0.183E+01    0.185E+00    0.203E+00    0.790E-01    0.790E-01    0.239E-02    0.239E-02    0.000E+00    0.000E+00
     1.800     0.025    0.402E+00    0.363E+00    0.182E+01    0.183E+00    0.201E+00    0.781E-01    0.781E-01    0.236E-02    0.236E-02    0.000E+00    0.000E+00
     1.800     0.026    0.404E+00    0.365E+00    0.181E+01    0.181E+00    0.198E+00    0.773E-01    0.773E-01    0.233E-02    0.233E-02    0.000E+00    0.000E+00
     1.800     0.027    0.406E+00    0.366E+00    0.180E+01    0.179E+00    0.196E+00    0.764E-01    0.764E-01    0.230E-02    0.230E-02    0.000E+00    0.000E+00
     1.800     0.028    0.408E+00    0.367E+00    0.180E+01    0.177E+00    0.194E+00    0.755E-01    0.755E-01    0.228E-02    0.228E-02    0.000E+00    0.000E+00
     1.800     0.029    0.411E+00    0.368E+00    0.179E+01    0.175E+00    0.191E+00    0.747E-01    0.747E-01    0.225E-02    0.225E-02    0.000E+00    0.000E+00
     1.800     0.030    0.413E+00    0.369E+00    0.178E+01    0.174E+00    0.189E+00    0.739E-01    0.739E-01    0.223E-02    0.223E-02    0.000E+00    0.000E+00
     1.800     0.031    0.416E+00    0.370E+00    0.178E+01    0.172E+00    0.187E+00    0.732E-01    0.732E-01    0.220E-02    0.220E-02    0.000E+00    0.000E+00
     1.800     0.032    0.418E+00    0.371E+00    0.177E+01    0.170E+00    0.185E+00    0.725E-01    0.725E-01    0.218E-02    0.218E-02    0.000E+00    0.000E+00
     1.800     0.033    0.420E+00    0.372E+00    0.177E+01    0.169E+00    0.184E+00    0.718E-01    0.718E-01    0.215E-02    0.215E-02    0.000E+00    0.000E+00
     1.800     0.034    0.423E+00    0.373E+00    0.176E+01    0.167E+00    0.182E+00    0.711E-01    0.711E-01    0.213E-02    0.213E-02    0.000E+00    0.000E+00
     1.800     0.035    0.425E+00    0.374E+00    0.175E+01    0.166E+00    0.180E+00    0.704E-01    0.704E-01    0.211E-02    0.211E-02    0.000E+00    0.000E+00
     1.800     0.036    0.428E+00    0.375E+00    0.175E+01    0.165E+00    0.178E+00    0.698E-01    0.698E-01    0.209E-02    0.209E-02    0.000E+00    0.000E+00
     1.800     0.037    0.430E+00    0.376E+00    0.174E+01    0.163E+00    0.177E+00    0.692E-01    0.692E-01    0.207E-02    0.207E-02    0.000E+00    0.000E+00
     1.800     0.038    0.433E+00    0.377E+00    0.174E+01    0.162E+00    0.175E+00    0.687E-01    0.687E-01    0.205E-02    0.205E-02    0.000E+00    0.000E+00
     1.800     0.039    0.435E+00    0.378E+00    0.173E+01    0.161E+00    0.173E+00    0.681E-01    0.681E-01    0.203E-02    0.203E-02    0.000E+00    0.000E+00
     1.800     0.040    0.437E+00    0.379E+00    0.173E+01    0.159E+00    0.172E+00    0.674E-01    0.674E-01    0.201E-02    0.201E-02    0.000E+00    0.000E+00
     1.800     0.041    0.440E+00    0.379E+00    0.172E+01    0.158E+00    0.170E+00    0.668E-01    0.668E-01    0.199E-02    0.199E-02    0.000E+00    0.000E+00
     1.800     0.042    0.442E+00    0.380E+00    0.172E+01    0.157E+00    0.169E+00    0.663E-01    0.663E-01    0.197E-02    0.197E-02    0.000E+00    0.000E+00
     1.800     0.043    0.444E+00    0.381E+00    0.171E+01    0.155E+00    0.167E+00    0.657E-01    0.657E-01    0.195E-02    0.195E-02    0.000E+00    0.000E+00
     1.800     0.044    0.446E+00    0.382E+00    0.170E+01    0.154E+00    0.166E+00    0.652E-01    0.652E-01    0.193E-02    0.193E-02    0.000E+00    0.000E+00
     1.800     0.045    0.449E+00    0.383E+00    0.170E+01    0.153E+00    0.165E+00    0.646E-01    0.646E-01    0.191E-02    0.191E-02    0.000E+00    0.000E+00
     1.800     0.046    0.451E+00    0.384E+00    0.169E+01    0.152E+00    0.163E+00    0.641E-01    0.641E-01    0.189E-02    0.189E-02    0.000E+00    0.000E+00
     1.800     0.047    0.453E+00    0.384E+00    0.169E+01    0.150E+00    0.162E+00    0.636E-01    0.636E-01    0.187E-02    0.187E-02    0.000E+00    0.000E+00
     1.800     0.048    0.455E+00    0.385E+00    0.168E+01    0.149E+00    0.161E+00    0.630E-01    0.630E-01    0.185E-02    0.185E-02    0.000E+00    0.000E+00
     1.800     0.049    0.458E+00    0.386E+00    0.168E+01    0.148E+00    0.159E+00    0.625E-01    0.625E-01    0.184E-02    0.184E-02    0.000E+00    0.000E+00
     1.800     0.050    0.460E+00    0.386E+00    0.167E+01    0.147E+00    0.158E+00    0.620E-01    0.620E-01    0.182E-02    0.182E-02    0.000E+00    0.000E+00
     1.800     0.051    0.462E+00    0.387E+00    0.167E+01    0.145E+00    0.157E+00    0.615E-01    0.615E-01    0.180E-02    0.180E-02    0.000E+00    0.000E+00
     1.800     0.052    0.464E+00    0.388E+00    0.166E+01    0.144E+00    0.156E+00    0.610E-01    0.610E-01    0.178E-02    0.178E-02    0.000E+00    0.000E+00
     1.800     0.053    0.466E+00    0.388E+00    0.166E+01    0.143E+00    0.155E+00    0.606E-01    0.606E-01    0.177E-02    0.177E-02    0.000E+00    0.000E+00
     1.800     0.054    0.469E+00    0.389E+00    0.165E+01    0.142E+00    0.154E+00    0.601E-01    0.601E-01    0.175E-02    0.175E-02    0.000E+00    0.000E+00
     1.800     0.055    0.471E+00    0.390E+00    0.164E+01    0.141E+00    0.152E+00    0.597E-01    0.597E-01    0.174E-02    0.174E-02    0.000E+00    0.000E+00
     1.800     0.056    0.473E+00    0.390E+00    0.164E+01    0.139E+00    0.151E+00    0.592E-01    0.592E-01    0.172E-02    0.172E-02    0.000E+00    0.000E+00
     1.800     0.057    0.475E+00    0.391E+00    0.163E+01    0.138E+00    0.150E+00    0.587E-01    0.587E-01    0.170E-02    0.170E-02    0.000E+00    0.000E+00
     1.800     0.058    0.477E+00    0.391E+00    0.163E+01    0.137E+00    0.149E+00    0.583E-01    0.583E-01    0.169E-02    0.169E-02    0.000E+00    0.000E+00
     1.800     0.059    0.479E+00    0.392E+00    0.162E+01    0.136E+00    0.148E+00    0.579E-01    0.579E-01    0.167E-02    0.167E-02    0.000E+00    0.000E+00
     1.800     0.060    0.481E+00    0.392E+00    0.162E+01    0.135E+00    0.147E+00    0.575E-01    0.575E-01    0.166E-02    0.166E-02    0.000E+00    0.000E+00
     1.800     0.061    0.483E+00    0.393E+00    0.161E+01    0.134E+00    0.146E+00    0.571E-01    0.571E-01    0.164E-02    0.164E-02    0.000E+00    0.000E+00
     1.800     0.062    0.485E+00    0.393E+00    0.161E+01    0.133E+00    0.146E+00    0.566E-01    0.566E-01    0.163E-02    0.163E-02    0.000E+00    0.000E+00
     1.800     0.063    0.487E+00    0.394E+00    0.160E+01    0.132E+00    0.145E+00    0.563E-01    0.563E-01    0.161E-02    0.161E-02    0.000E+00    0.000E+00
     1.800     0.064    0.489E+00    0.394E+00    0.160E+01    0.131E+00    0.144E+00    0.558E-01    0.558E-01    0.160E-02    0.160E-02    0.000E+00    0.000E+00
     1.800     0.065    0.491E+00    0.395E+00    0.159E+01    0.129E+00    0.143E+00    0.554E-01    0.554E-01    0.158E-02    0.158E-02    0.000E+00    0.000E+00
     1.800     0.066    0.493E+00    0.395E+00    0.159E+01    0.128E+00    0.142E+00    0.550E-01    0.550E-01    0.157E-02    0.157E-02    0.000E+00    0.000E+00
     1.800     0.067    0.495E+00    0.396E+00    0.158E+01    0.127E+00    0.141E+00    0.546E-01    0.546E-01    0.155E-02    0.155E-02    0.000E+00    0.000E+00
     1.800     0.068    0.497E+00    0.396E+00    0.157E+01    0.126E+00    0.140E+00    0.542E-01    0.542E-01    0.154E-02    0.154E-02    0.000E+00    0.000E+00
     1.800     0.069    0.499E+00    0.397E+00    0.157E+01    0.125E+00    0.140E+00    0.538E-01    0.538E-01    0.153E-02    0.153E-02    0.000E+00    0.000E+00
     1.800     0.070    0.501E+00    0.397E+00    0.156E+01    0.124E+00    0.139E+00    0.535E-01    0.535E-01    0.151E-02    0.151E-02    0.000E+00    0.000E+00
     1.800     0.071    0.503E+00    0.398E+00    0.156E+01    0.123E+00    0.138E+00    0.531E-01    0.531E-01    0.150E-02    0.150E-02    0.000E+00    0.000E+00
     1.800     0.072    0.505E+00    0.398E+00    0.155E+01    0.122E+00    0.137E+00    0.527E-01    0.527E-01    0.149E-02    0.149E-02    0.000E+00    0.000E+00
     1.800     0.073    0.506E+00    0.398E+00    0.155E+01    0.121E+00    0.137E+00    0.524E-01    0.524E-01    0.147E-02    0.147E-02    0.000E+00    0.000E+00
     1.800     0.074    0.508E+00    0.399E+00    0.154E+01    0.120E+00    0.136E+00    0.520E-01    0.520E-01    0.146E-02    0.146E-02    0.000E+00    0.000E+00
     1.800     0.075    0.510E+00    0.399E+00    0.154E+01    0.119E+00    0.135E+00    0.516E-01    0.516E-01    0.145E-02    0.145E-02    0.000E+00    0.000E+00
     1.800     0.076    0.512E+00    0.400E+00    0.153E+01    0.118E+00    0.134E+00    0.513E-01    0.513E-01    0.143E-02    0.143E-02    0.000E+00    0.000E+00
     1.800     0.077    0.514E+00    0.400E+00    0.153E+01    0.117E+00    0.134E+00    0.509E-01    0.509E-01    0.142E-02    0.142E-02    0.000E+00    0.000E+00
     1.800     0.078    0.516E+00    0.400E+00    0.152E+01    0.116E+00    0.133E+00    0.506E-01    0.506E-01    0.141E-02    0.141E-02    0.000E+00    0.000E+00
     1.800     0.079    0.517E+00    0.401E+00    0.151E+01    0.115E+00    0.132E+00    0.502E-01    0.502E-01    0.140E-02    0.140E-02    0.000E+00    0.000E+00
     1.800     0.080    0.519E+00    0.401E+00    0.151E+01    0.114E+00    0.132E+00    0.499E-01    0.499E-01    0.138E-02    0.138E-02    0.000E+00    0.000E+00
     1.800     0.081    0.521E+00    0.401E+00    0.150E+01    0.113E+00    0.131E+00    0.495E-01    0.495E-01    0.137E-02    0.137E-02    0.000E+00    0.000E+00
     1.800     0.082    0.523E+00    0.401E+00    0.150E+01    0.112E+00    0.130E+00    0.492E-01    0.492E-01    0.136E-02    0.136E-02    0.000E+00    0.000E+00
     1.800     0.083    0.524E+00    0.402E+00    0.149E+01    0.111E+00    0.130E+00    0.489E-01    0.489E-01    0.135E-02    0.135E-02    0.000E+00    0.000E+00
     1.800     0.084    0.526E+00    0.402E+00    0.149E+01    0.110E+00    0.129E+00    0.486E-01    0.486E-01    0.134E-02    0.134E-02    0.000E+00    0.000E+00
     1.800     0.085    0.528E+00    0.402E+00    0.148E+01    0.109E+00    0.128E+00    0.482E-01    0.482E-01    0.133E-02    0.133E-02    0.000E+00    0.000E+00
     1.800     0.086    0.530E+00    0.403E+00    0.148E+01    0.108E+00    0.128E+00    0.479E-01    0.479E-01    0.131E-02    0.131E-02    0.000E+00    0.000E+00
     1.800     0.087    0.531E+00    0.403E+00    0.147E+01    0.107E+00    0.127E+00    0.476E-01    0.476E-01    0.130E-02    0.130E-02    0.000E+00    0.000E+00
     1.800     0.088    0.533E+00    0.403E+00    0.147E+01    0.106E+00    0.127E+00    0.473E-01    0.473E-01    0.129E-02    0.129E-02    0.000E+00    0.000E+00
     1.800     0.089    0.535E+00    0.403E+00    0.146E+01    0.105E+00    0.126E+00    0.469E-01    0.469E-01    0.128E-02    0.128E-02    0.000E+00    0.000E+00
     1.800     0.090    0.536E+00    0.403E+00    0.145E+01    0.104E+00    0.125E+00    0.466E-01    0.466E-01    0.127E-02    0.127E-02    0.000E+00    0.000E+00
     1.800     0.091    0.538E+00    0.404E+00    0.145E+01    0.103E+00    0.125E+00    0.463E-01    0.463E-01    0.126E-02    0.126E-02    0.000E+00    0.000E+00
     1.800     0.092    0.540E+00    0.404E+00    0.144E+01    0.102E+00    0.124E+00    0.460E-01    0.460E-01    0.125E-02    0.125E-02    0.000E+00    0.000E+00
     1.800     0.093    0.541E+00    0.404E+00    0.144E+01    0.101E+00    0.124E+00    0.457E-01    0.457E-01    0.124E-02    0.124E-02    0.000E+00    0.000E+00
     1.800     0.094    0.543E+00    0.404E+00    0.143E+01    0.100E+00    0.123E+00    0.454E-01    0.454E-01    0.122E-02    0.122E-02    0.000E+00    0.000E+00
     1.800     0.095    0.545E+00    0.404E+00    0.143E+01    0.995E-01    0.123E+00    0.451E-01    0.451E-01    0.121E-02    0.121E-02    0.000E+00    0.000E+00
     1.800     0.096    0.546E+00    0.405E+00    0.142E+01    0.986E-01    0.122E+00    0.448E-01    0.448E-01    0.120E-02    0.120E-02    0.000E+00    0.000E+00
     1.800     0.097    0.548E+00    0.405E+00    0.142E+01    0.978E-01    0.121E+00    0.445E-01    0.445E-01    0.119E-02    0.119E-02    0.000E+00    0.000E+00
     1.800     0.098    0.550E+00    0.405E+00    0.141E+01    0.969E-01    0.121E+00    0.443E-01    0.443E-01    0.118E-02    0.118E-02    0.000E+00    0.000E+00
     1.800     0.099    0.551E+00    0.405E+00    0.140E+01    0.960E-01    0.120E+00    0.440E-01    0.440E-01    0.117E-02    0.117E-02    0.000E+00    0.000E+00
     1.800     0.100    0.553E+00    0.405E+00    0.140E+01    0.952E-01    0.120E+00    0.437E-01    0.437E-01    0.116E-02    0.116E-02    0.000E+00    0.000E+00
     1.800     0.101    0.554E+00    0.405E+00    0.139E+01    0.944E-01    0.119E+00    0.434E-01    0.434E-01    0.115E-02    0.115E-02    0.000E+00    0.000E+00
     1.800     0.102    0.556E+00    0.405E+00    0.139E+01    0.935E-01    0.119E+00    0.431E-01    0.431E-01    0.114E-02    0.114E-02    0.000E+00    0.000E+00
     1.800     0.103    0.557E+00    0.405E+00    0.138E+01    0.927E-01    0.118E+00    0.428E-01    0.428E-01    0.113E-02    0.113E-02    0.000E+00    0.000E+00
     1.800     0.104    0.559E+00    0.405E+00    0.138E+01    0.919E-01    0.117E+00    0.426E-01    0.426E-01    0.112E-02    0.112E-02    0.000E+00    0.000E+00
     1.800     0.105    0.561E+00    0.405E+00    0.137E+01    0.911E-01    0.117E+00    0.423E-01    0.423E-01    0.111E-02    0.111E-02    0.000E+00    0.000E+00
     1.800     0.106    0.562E+00    0.406E+00    0.137E+01    0.903E-01    0.116E+00    0.420E-01    0.420E-01    0.110E-02    0.110E-02    0.000E+00    0.000E+00
     1.800     0.107    0.564E+00    0.406E+00    0.136E+01    0.896E-01    0.116E+00    0.417E-01    0.417E-01    0.109E-02    0.109E-02    0.000E+00    0.000E+00
     1.800     0.108    0.565E+00    0.406E+00    0.135E+01    0.888E-01    0.115E+00    0.415E-01    0.415E-01    0.108E-02    0.108E-02    0.000E+00    0.000E+00
     1.800     0.109    0.567E+00    0.406E+00    0.135E+01    0.880E-01    0.115E+00    0.412E-01    0.412E-01    0.108E-02    0.108E-02    0.000E+00    0.000E+00
     1.800     0.110    0.568E+00    0.406E+00    0.134E+01    0.873E-01    0.114E+00    0.410E-01    0.410E-01    0.107E-02    0.107E-02    0.000E+00    0.000E+00
     1.800     0.111    0.570E+00    0.406E+00    0.134E+01    0.865E-01    0.114E+00    0.407E-01    0.407E-01    0.106E-02    0.106E-02    0.000E+00    0.000E+00
     1.800     0.112    0.571E+00    0.406E+00    0.133E+01    0.858E-01    0.113E+00    0.404E-01    0.404E-01    0.105E-02    0.105E-02    0.000E+00    0.000E+00
     1.800     0.113    0.573E+00    0.406E+00    0.133E+01    0.851E-01    0.113E+00    0.402E-01    0.402E-01    0.104E-02    0.104E-02    0.000E+00    0.000E+00
     1.800     0.114    0.574E+00    0.406E+00    0.132E+01    0.843E-01    0.112E+00    0.399E-01    0.399E-01    0.103E-02    0.103E-02    0.000E+00    0.000E+00
     1.800     0.115    0.575E+00    0.406E+00    0.132E+01    0.836E-01    0.112E+00    0.397E-01    0.397E-01    0.102E-02    0.102E-02    0.000E+00    0.000E+00
     1.800     0.116    0.577E+00    0.406E+00    0.131E+01    0.829E-01    0.111E+00    0.394E-01    0.394E-01    0.101E-02    0.101E-02    0.000E+00    0.000E+00
     1.800     0.117    0.578E+00    0.406E+00    0.130E+01    0.822E-01    0.111E+00    0.392E-01    0.392E-01    0.100E-02    0.100E-02    0.000E+00    0.000E+00
     1.800     0.118    0.580E+00    0.405E+00    0.130E+01    0.815E-01    0.110E+00    0.389E-01    0.389E-01    0.994E-03    0.994E-03    0.000E+00    0.000E+00
     1.800     0.119    0.581E+00    0.405E+00    0.129E+01    0.808E-01    0.110E+00    0.387E-01    0.387E-01    0.986E-03    0.986E-03    0.000E+00    0.000E+00
     1.800     0.120    0.583E+00    0.405E+00    0.129E+01    0.802E-01    0.109E+00    0.384E-01    0.384E-01    0.977E-03    0.977E-03    0.000E+00    0.000E+00
     1.800     0.121    0.584E+00    0.405E+00    0.128E+01    0.795E-01    0.109E+00    0.382E-01    0.382E-01    0.969E-03    0.969E-03    0.000E+00    0.000E+00
     1.800     0.122    0.585E+00    0.405E+00    0.128E+01    0.789E-01    0.108E+00    0.380E-01    0.380E-01    0.960E-03    0.960E-03    0.000E+00    0.000E+00
     1.800     0.123    0.587E+00    0.405E+00    0.127E+01    0.782E-01    0.108E+00    0.377E-01    0.377E-01    0.952E-03    0.952E-03    0.000E+00    0.000E+00
     1.800     0.124    0.588E+00    0.405E+00    0.127E+01    0.776E-01    0.107E+00    0.375E-01    0.375E-01    0.944E-03    0.944E-03    0.000E+00    0.000E+00
     1.800     0.125    0.589E+00    0.405E+00    0.126E+01    0.769E-01    0.106E+00    0.372E-01    0.372E-01    0.936E-03    0.936E-03    0.000E+00    0.000E+00
     1.800     0.126    0.591E+00    0.405E+00    0.125E+01    0.763E-01    0.106E+00    0.370E-01    0.370E-01    0.927E-03    0.927E-03    0.000E+00    0.000E+00
     1.800     0.127    0.592E+00    0.405E+00    0.125E+01    0.757E-01    0.105E+00    0.368E-01    0.368E-01    0.919E-03    0.919E-03    0.000E+00    0.000E+00
     1.800     0.128    0.593E+00    0.404E+00    0.124E+01    0.751E-01    0.105E+00    0.365E-01    0.365E-01    0.911E-03    0.911E-03    0.000E+00    0.000E+00
     1.800     0.129    0.595E+00    0.404E+00    0.124E+01    0.745E-01    0.104E+00    0.363E-01    0.363E-01    0.903E-03    0.903E-03    0.000E+00    0.000E+00
     1.800     0.130    0.596E+00    0.404E+00    0.123E+01    0.739E-01    0.104E+00    0.361E-01    0.361E-01    0.896E-03    0.896E-03    0.000E+00    0.000E+00
     1.800     0.131    0.597E+00    0.404E+00    0.123E+01    0.733E-01    0.103E+00    0.359E-01    0.359E-01    0.888E-03    0.888E-03    0.000E+00    0.000E+00
     1.800     0.132    0.599E+00    0.404E+00    0.122E+01    0.727E-01    0.103E+00    0.356E-01    0.356E-01    0.880E-03    0.880E-03    0.000E+00    0.000E+00
     1.800     0.133    0.600E+00    0.404E+00    0.122E+01    0.721E-01    0.102E+00    0.354E-01    0.354E-01    0.872E-03    0.872E-03    0.000E+00    0.000E+00
     1.800     0.134    0.601E+00    0.403E+00    0.121E+01    0.715E-01    0.102E+00    0.352E-01    0.352E-01    0.865E-03    0.865E-03    0.000E+00    0.000E+00
     1.800     0.135    0.603E+00    0.403E+00    0.120E+01    0.710E-01    0.101E+00    0.350E-01    0.350E-01    0.857E-03    0.857E-03    0.000E+00    0.000E+00
     1.800     0.136    0.604E+00    0.403E+00    0.120E+01    0.704E-01    0.101E+00    0.348E-01    0.348E-01    0.850E-03    0.850E-03    0.000E+00    0.000E+00
     1.800     0.137    0.605E+00    0.403E+00    0.119E+01    0.699E-01    0.100E+00    0.345E-01    0.345E-01    0.843E-03    0.843E-03    0.000E+00    0.000E+00
     1.800     0.138    0.606E+00    0.403E+00    0.119E+01    0.694E-01    0.998E-01    0.343E-01    0.343E-01    0.835E-03    0.835E-03    0.000E+00    0.000E+00
     1.800     0.139    0.607E+00    0.402E+00    0.118E+01    0.688E-01    0.993E-01    0.341E-01    0.341E-01    0.828E-03    0.828E-03    0.000E+00    0.000E+00
     1.800     0.140    0.609E+00    0.402E+00    0.118E+01    0.683E-01    0.988E-01    0.339E-01    0.339E-01    0.821E-03    0.821E-03    0.000E+00    0.000E+00
     1.800     0.141    0.610E+00    0.402E+00    0.117E+01    0.678E-01    0.983E-01    0.337E-01    0.337E-01    0.814E-03    0.814E-03    0.000E+00    0.000E+00
     1.800     0.142    0.611E+00    0.402E+00    0.117E+01    0.672E-01    0.978E-01    0.335E-01    0.335E-01    0.806E-03    0.806E-03    0.000E+00    0.000E+00
     1.800     0.143    0.612E+00    0.401E+00    0.116E+01    0.667E-01    0.972E-01    0.333E-01    0.333E-01    0.799E-03    0.799E-03    0.000E+00    0.000E+00
     1.800     0.144    0.613E+00    0.401E+00    0.115E+01    0.662E-01    0.967E-01    0.331E-01    0.331E-01    0.792E-03    0.792E-03    0.000E+00    0.000E+00
     1.800     0.145    0.615E+00    0.401E+00    0.115E+01    0.657E-01    0.962E-01    0.329E-01    0.329E-01    0.785E-03    0.785E-03    0.000E+00    0.000E+00
     1.800     0.146    0.616E+00    0.401E+00    0.114E+01    0.652E-01    0.957E-01    0.327E-01    0.327E-01    0.779E-03    0.779E-03    0.000E+00    0.000E+00
     1.800     0.147    0.617E+00    0.400E+00    0.114E+01    0.648E-01    0.952E-01    0.325E-01    0.325E-01    0.772E-03    0.772E-03    0.000E+00    0.000E+00
     1.800     0.148    0.618E+00    0.400E+00    0.113E+01    0.643E-01    0.947E-01    0.323E-01    0.323E-01    0.765E-03    0.765E-03    0.000E+00    0.000E+00
     1.800     0.149    0.619E+00    0.400E+00    0.113E+01    0.638E-01    0.942E-01    0.321E-01    0.321E-01    0.758E-03    0.758E-03    0.000E+00    0.000E+00
     1.800     0.150    0.620E+00    0.399E+00    0.112E+01    0.633E-01    0.937E-01    0.319E-01    0.319E-01    0.752E-03    0.752E-03    0.000E+00    0.000E+00
     1.800     0.151    0.621E+00    0.399E+00    0.112E+01    0.629E-01    0.932E-01    0.317E-01    0.317E-01    0.745E-03    0.745E-03    0.000E+00    0.000E+00
     1.800     0.152    0.622E+00    0.399E+00    0.111E+01    0.624E-01    0.927E-01    0.315E-01    0.315E-01    0.739E-03    0.739E-03    0.000E+00    0.000E+00
     1.800     0.153    0.624E+00    0.398E+00    0.111E+01    0.620E-01    0.922E-01    0.313E-01    0.313E-01    0.732E-03    0.732E-03    0.000E+00    0.000E+00
     1.800     0.154    0.625E+00    0.398E+00    0.110E+01    0.615E-01    0.917E-01    0.311E-01    0.311E-01    0.726E-03    0.726E-03    0.000E+00    0.000E+00
     1.800     0.155    0.626E+00    0.398E+00    0.110E+01    0.611E-01    0.912E-01    0.309E-01    0.309E-01    0.719E-03    0.719E-03    0.000E+00    0.000E+00
     1.800     0.156    0.627E+00    0.397E+00    0.109E+01    0.607E-01    0.907E-01    0.307E-01    0.307E-01    0.713E-03    0.713E-03    0.000E+00    0.000E+00
     1.800     0.157    0.628E+00    0.397E+00    0.108E+01    0.602E-01    0.902E-01    0.305E-01    0.305E-01    0.707E-03    0.707E-03    0.000E+00    0.000E+00
     1.800     0.158    0.629E+00    0.397E+00    0.108E+01    0.598E-01    0.897E-01    0.303E-01    0.303E-01    0.700E-03    0.700E-03    0.000E+00    0.000E+00
     1.800     0.159    0.630E+00    0.396E+00    0.107E+01    0.594E-01    0.892E-01    0.301E-01    0.301E-01    0.694E-03    0.694E-03    0.000E+00    0.000E+00
     1.800     0.160    0.631E+00    0.396E+00    0.107E+01    0.590E-01    0.887E-01    0.299E-01    0.299E-01    0.688E-03    0.688E-03    0.000E+00    0.000E+00
     1.800     0.161    0.632E+00    0.396E+00    0.106E+01    0.586E-01    0.882E-01    0.298E-01    0.298E-01    0.682E-03    0.682E-03    0.000E+00    0.000E+00
     1.800     0.162    0.633E+00    0.395E+00    0.106E+01    0.582E-01    0.877E-01    0.296E-01    0.296E-01    0.676E-03    0.676E-03    0.000E+00    0.000E+00
     1.800     0.163    0.634E+00    0.395E+00    0.105E+01    0.578E-01    0.872E-01    0.294E-01    0.294E-01    0.670E-03    0.670E-03    0.000E+00    0.000E+00
     1.800     0.164    0.635E+00    0.394E+00    0.105E+01    0.574E-01    0.867E-01    0.292E-01    0.292E-01    0.664E-03    0.664E-03    0.000E+00    0.000E+00
     1.800     0.165    0.636E+00    0.394E+00    0.104E+01    0.570E-01    0.862E-01    0.290E-01    0.290E-01    0.658E-03    0.658E-03    0.000E+00    0.000E+00
     1.800     0.166    0.637E+00    0.394E+00    0.104E+01    0.566E-01    0.857E-01    0.289E-01    0.289E-01    0.652E-03    0.652E-03    0.000E+00    0.000E+00
     1.800     0.167    0.637E+00    0.393E+00    0.103E+01    0.562E-01    0.852E-01    0.287E-01    0.287E-01    0.646E-03    0.646E-03    0.000E+00    0.000E+00
     1.800     0.168    0.638E+00    0.393E+00    0.103E+01    0.559E-01    0.847E-01    0.285E-01    0.285E-01    0.641E-03    0.641E-03    0.000E+00    0.000E+00
     1.800     0.169    0.639E+00    0.392E+00    0.102E+01    0.555E-01    0.842E-01    0.283E-01    0.283E-01    0.635E-03    0.635E-03    0.000E+00    0.000E+00
     1.800     0.170    0.640E+00    0.392E+00    0.102E+01    0.551E-01    0.837E-01    0.281E-01    0.281E-01    0.629E-03    0.629E-03    0.000E+00    0.000E+00
     1.800     0.171    0.641E+00    0.392E+00    0.101E+01    0.548E-01    0.832E-01    0.280E-01    0.280E-01    0.624E-03    0.624E-03    0.000E+00    0.000E+00
     1.800     0.172    0.642E+00    0.391E+00    0.100E+01    0.544E-01    0.827E-01    0.278E-01    0.278E-01    0.618E-03    0.618E-03    0.000E+00    0.000E+00
     1.800     0.173    0.643E+00    0.391E+00    0.999E+00    0.541E-01    0.822E-01    0.276E-01    0.276E-01    0.612E-03    0.612E-03    0.000E+00    0.000E+00
     1.800     0.174    0.644E+00    0.390E+00    0.994E+00    0.537E-01    0.817E-01    0.275E-01    0.275E-01    0.607E-03    0.607E-03    0.000E+00    0.000E+00
     1.800     0.175    0.644E+00    0.390E+00    0.989E+00    0.534E-01    0.812E-01    0.273E-01    0.273E-01    0.602E-03    0.602E-03    0.000E+00    0.000E+00
     1.800     0.176    0.645E+00    0.389E+00    0.984E+00    0.530E-01    0.808E-01    0.271E-01    0.271E-01    0.596E-03    0.596E-03    0.000E+00    0.000E+00
     1.800     0.177    0.646E+00    0.389E+00    0.978E+00    0.527E-01    0.803E-01    0.269E-01    0.269E-01    0.591E-03    0.591E-03    0.000E+00    0.000E+00
     1.800     0.178    0.647E+00    0.389E+00    0.973E+00    0.524E-01    0.798E-01    0.268E-01    0.268E-01    0.585E-03    0.585E-03    0.000E+00    0.000E+00
     1.800     0.179    0.648E+00    0.388E+00    0.968E+00    0.520E-01    0.793E-01    0.266E-01    0.266E-01    0.580E-03    0.580E-03    0.000E+00    0.000E+00
     1.800     0.180    0.648E+00    0.388E+00    0.963E+00    0.517E-01    0.788E-01    0.264E-01    0.264E-01    0.575E-03    0.575E-03    0.000E+00    0.000E+00
     1.800     0.181    0.649E+00    0.387E+00    0.958E+00    0.514E-01    0.783E-01    0.263E-01    0.263E-01    0.570E-03    0.570E-03    0.000E+00    0.000E+00
     1.800     0.182    0.650E+00    0.387E+00    0.953E+00    0.511E-01    0.779E-01    0.261E-01    0.261E-01    0.565E-03    0.565E-03    0.000E+00    0.000E+00
     1.800     0.183    0.651E+00    0.386E+00    0.947E+00    0.508E-01    0.774E-01    0.260E-01    0.260E-01    0.560E-03    0.560E-03    0.000E+00    0.000E+00
     1.800     0.184    0.651E+00    0.386E+00    0.942E+00    0.504E-01    0.769E-01    0.258E-01    0.258E-01    0.555E-03    0.555E-03    0.000E+00    0.000E+00
     1.800     0.185    0.652E+00    0.385E+00    0.937E+00    0.501E-01    0.764E-01    0.256E-01    0.256E-01    0.550E-03    0.550E-03    0.000E+00    0.000E+00
     1.800     0.186    0.653E+00    0.385E+00    0.932E+00    0.498E-01    0.759E-01    0.255E-01    0.255E-01    0.545E-03    0.545E-03    0.000E+00    0.000E+00
     1.800     0.187    0.653E+00    0.384E+00    0.927E+00    0.495E-01    0.755E-01    0.253E-01    0.253E-01    0.540E-03    0.540E-03    0.000E+00    0.000E+00
     1.800     0.188    0.654E+00    0.384E+00    0.922E+00    0.492E-01    0.750E-01    0.252E-01    0.252E-01    0.535E-03    0.535E-03    0.000E+00    0.000E+00
     1.800     0.189    0.655E+00    0.383E+00    0.917E+00    0.489E-01    0.745E-01    0.250E-01    0.250E-01    0.530E-03    0.530E-03    0.000E+00    0.000E+00
     1.800     0.190    0.655E+00    0.383E+00    0.912E+00    0.486E-01    0.741E-01    0.249E-01    0.249E-01    0.525E-03    0.525E-03    0.000E+00    0.000E+00
     1.800     0.191    0.656E+00    0.382E+00    0.907E+00    0.484E-01    0.736E-01    0.247E-01    0.247E-01    0.520E-03    0.520E-03    0.000E+00    0.000E+00
     1.800     0.192    0.657E+00    0.382E+00    0.902E+00    0.481E-01    0.731E-01    0.245E-01    0.245E-01    0.515E-03    0.515E-03    0.000E+00    0.000E+00
     1.800     0.193    0.657E+00    0.381E+00    0.897E+00    0.478E-01    0.726E-01    0.244E-01    0.244E-01    0.511E-03    0.511E-03    0.000E+00    0.000E+00
     1.800     0.194    0.658E+00    0.380E+00    0.892E+00    0.475E-01    0.722E-01    0.242E-01    0.242E-01    0.506E-03    0.506E-03    0.000E+00    0.000E+00
     1.800     0.195    0.659E+00    0.380E+00    0.887E+00    0.472E-01    0.717E-01    0.241E-01    0.241E-01    0.501E-03    0.501E-03    0.000E+00    0.000E+00
     1.800     0.196    0.659E+00    0.379E+00    0.882E+00    0.470E-01    0.713E-01    0.239E-01    0.239E-01    0.497E-03    0.497E-03    0.000E+00    0.000E+00
     1.800     0.197    0.660E+00    0.379E+00    0.877E+00    0.467E-01    0.708E-01    0.238E-01    0.238E-01    0.492E-03    0.492E-03    0.000E+00    0.000E+00
     1.800     0.198    0.660E+00    0.378E+00    0.872E+00    0.464E-01    0.703E-01    0.236E-01    0.236E-01    0.488E-03    0.488E-03    0.000E+00    0.000E+00
     1.800     0.199    0.661E+00    0.378E+00    0.867E+00    0.462E-01    0.699E-01    0.235E-01    0.235E-01    0.483E-03    0.483E-03    0.000E+00    0.000E+00
     1.800     0.200    0.661E+00    0.377E+00    0.862E+00    0.459E-01    0.694E-01    0.234E-01    0.234E-01    0.479E-03    0.479E-03    0.000E+00    0.000E+00
     1.800     0.201    0.662E+00    0.377E+00    0.857E+00    0.456E-01    0.690E-01    0.232E-01    0.232E-01    0.475E-03    0.475E-03    0.000E+00    0.000E+00
     1.800     0.202    0.662E+00    0.376E+00    0.852E+00    0.454E-01    0.685E-01    0.231E-01    0.231E-01    0.470E-03    0.470E-03    0.000E+00    0.000E+00
     1.800     0.203    0.663E+00    0.376E+00    0.847E+00    0.451E-01    0.681E-01    0.229E-01    0.229E-01    0.466E-03    0.466E-03    0.000E+00    0.000E+00
     1.800     0.204    0.663E+00    0.375E+00    0.843E+00    0.449E-01    0.676E-01    0.228E-01    0.228E-01    0.461E-03    0.461E-03    0.000E+00    0.000E+00
     1.800     0.205    0.664E+00    0.374E+00    0.838E+00    0.446E-01    0.672E-01    0.226E-01    0.226E-01    0.457E-03    0.457E-03    0.000E+00    0.000E+00
     1.800     0.206    0.664E+00    0.374E+00    0.833E+00    0.444E-01    0.667E-01    0.225E-01    0.225E-01    0.453E-03    0.453E-03    0.000E+00    0.000E+00
     1.800     0.207    0.665E+00    0.373E+00    0.828E+00    0.441E-01    0.663E-01    0.223E-01    0.223E-01    0.449E-03    0.449E-03    0.000E+00    0.000E+00
     1.800     0.208    0.665E+00    0.373E+00    0.823E+00    0.439E-01    0.658E-01    0.222E-01    0.222E-01    0.445E-03    0.445E-03    0.000E+00    0.000E+00
     1.800     0.209    0.666E+00    0.372E+00    0.818E+00    0.436E-01    0.654E-01    0.221E-01    0.221E-01    0.440E-03    0.440E-03    0.000E+00    0.000E+00
     1.800     0.210    0.666E+00    0.371E+00    0.814E+00    0.434E-01    0.649E-01    0.219E-01    0.219E-01    0.436E-03    0.436E-03    0.000E+00    0.000E+00
     1.800     0.211    0.666E+00    0.371E+00    0.809E+00    0.432E-01    0.645E-01    0.218E-01    0.218E-01    0.432E-03    0.432E-03    0.000E+00    0.000E+00
     1.800     0.212    0.667E+00    0.370E+00    0.804E+00    0.429E-01    0.641E-01    0.217E-01    0.217E-01    0.428E-03    0.428E-03    0.000E+00    0.000E+00
     1.800     0.213    0.667E+00    0.370E+00    0.799E+00    0.427E-01    0.636E-01    0.215E-01    0.215E-01    0.424E-03    0.424E-03    0.000E+00    0.000E+00
     1.800     0.214    0.668E+00    0.369E+00    0.795E+00    0.425E-01    0.632E-01    0.214E-01    0.214E-01    0.420E-03    0.420E-03    0.000E+00    0.000E+00
     1.800     0.215    0.668E+00    0.368E+00    0.790E+00    0.422E-01    0.628E-01    0.212E-01    0.212E-01    0.416E-03    0.416E-03    0.000E+00    0.000E+00
     1.800     0.216    0.668E+00    0.368E+00    0.785E+00    0.420E-01    0.623E-01    0.211E-01    0.211E-01    0.412E-03    0.412E-03    0.000E+00    0.000E+00
     1.800     0.217    0.669E+00    0.367E+00    0.781E+00    0.418E-01    0.619E-01    0.210E-01    0.210E-01    0.409E-03    0.409E-03    0.000E+00    0.000E+00
     1.800     0.218    0.669E+00    0.366E+00    0.776E+00    0.416E-01    0.615E-01    0.209E-01    0.209E-01    0.405E-03    0.405E-03    0.000E+00    0.000E+00
     1.800     0.219    0.669E+00    0.366E+00    0.771E+00    0.413E-01    0.611E-01    0.207E-01    0.207E-01    0.401E-03    0.401E-03    0.000E+00    0.000E+00
     1.800     0.220    0.670E+00    0.365E+00    0.767E+00    0.411E-01    0.606E-01    0.206E-01    0.206E-01    0.397E-03    0.397E-03    0.000E+00    0.000E+00
     1.800     0.221    0.670E+00    0.365E+00    0.762E+00    0.409E-01    0.602E-01    0.205E-01    0.205E-01    0.393E-03    0.393E-03    0.000E+00    0.000E+00
     1.800     0.222    0.670E+00    0.364E+00    0.758E+00    0.407E-01    0.598E-01    0.203E-01    0.203E-01    0.390E-03    0.390E-03    0.000E+00    0.000E+00
     1.800     0.223    0.670E+00    0.363E+00    0.753E+00    0.405E-01    0.594E-01    0.202E-01    0.202E-01    0.386E-03    0.386E-03    0.000E+00    0.000E+00
     1.800     0.224    0.671E+00    0.363E+00    0.748E+00    0.403E-01    0.590E-01    0.201E-01    0.201E-01    0.382E-03    0.382E-03    0.000E+00    0.000E+00
     1.800     0.225    0.671E+00    0.362E+00    0.744E+00    0.400E-01    0.585E-01    0.199E-01    0.199E-01    0.379E-03    0.379E-03    0.000E+00    0.000E+00
     1.800     0.226    0.671E+00    0.361E+00    0.739E+00    0.398E-01    0.581E-01    0.198E-01    0.198E-01    0.375E-03    0.375E-03    0.000E+00    0.000E+00
     1.800     0.227    0.671E+00    0.361E+00    0.735E+00    0.396E-01    0.577E-01    0.197E-01    0.197E-01    0.372E-03    0.372E-03    0.000E+00    0.000E+00
     1.800     0.228    0.671E+00    0.360E+00    0.730E+00    0.394E-01    0.573E-01    0.196E-01    0.196E-01    0.368E-03    0.368E-03    0.000E+00    0.000E+00
     1.800     0.229    0.672E+00    0.359E+00    0.726E+00    0.392E-01    0.569E-01    0.194E-01    0.194E-01    0.365E-03    0.365E-03    0.000E+00    0.000E+00
     1.800     0.230    0.672E+00    0.359E+00    0.721E+00    0.390E-01    0.565E-01    0.193E-01    0.193E-01    0.361E-03    0.361E-03    0.000E+00    0.000E+00
     1.800     0.231    0.672E+00    0.358E+00    0.717E+00    0.388E-01    0.561E-01    0.192E-01    0.192E-01    0.358E-03    0.358E-03    0.000E+00    0.000E+00
     1.800     0.232    0.672E+00    0.357E+00    0.712E+00    0.386E-01    0.557E-01    0.191E-01    0.191E-01    0.354E-03    0.354E-03    0.000E+00    0.000E+00
     1.800     0.233    0.672E+00    0.357E+00    0.708E+00    0.384E-01    0.553E-01    0.190E-01    0.190E-01    0.351E-03    0.351E-03    0.000E+00    0.000E+00
     1.800     0.234    0.672E+00    0.356E+00    0.704E+00    0.382E-01    0.549E-01    0.188E-01    0.188E-01    0.347E-03    0.347E-03    0.000E+00    0.000E+00
     1.800     0.235    0.672E+00    0.355E+00    0.699E+00    0.380E-01    0.545E-01    0.187E-01    0.187E-01    0.344E-03    0.344E-03    0.000E+00    0.000E+00
     1.800     0.236    0.673E+00    0.355E+00    0.695E+00    0.378E-01    0.541E-01    0.186E-01    0.186E-01    0.341E-03    0.341E-03    0.000E+00    0.000E+00
     1.800     0.237    0.673E+00    0.354E+00    0.690E+00    0.376E-01    0.537E-01    0.185E-01    0.185E-01    0.338E-03    0.338E-03    0.000E+00    0.000E+00
     1.800     0.238    0.673E+00    0.353E+00    0.686E+00    0.374E-01    0.534E-01    0.184E-01    0.184E-01    0.334E-03    0.334E-03    0.000E+00    0.000E+00
     1.800     0.239    0.673E+00    0.353E+00    0.682E+00    0.372E-01    0.530E-01    0.182E-01    0.182E-01    0.331E-03    0.331E-03    0.000E+00    0.000E+00
     1.800     0.240    0.673E+00    0.352E+00    0.677E+00    0.371E-01    0.526E-01    0.181E-01    0.181E-01    0.328E-03    0.328E-03    0.000E+00    0.000E+00
     1.800     0.241    0.673E+00    0.351E+00    0.673E+00    0.369E-01    0.522E-01    0.180E-01    0.180E-01    0.325E-03    0.325E-03    0.000E+00    0.000E+00
     1.800     0.242    0.673E+00    0.350E+00    0.669E+00    0.367E-01    0.518E-01    0.179E-01    0.179E-01    0.322E-03    0.322E-03    0.000E+00    0.000E+00
     1.800     0.243    0.673E+00    0.350E+00    0.665E+00    0.365E-01    0.514E-01    0.178E-01    0.178E-01    0.318E-03    0.318E-03    0.000E+00    0.000E+00
     1.800     0.244    0.673E+00    0.349E+00    0.660E+00    0.363E-01    0.511E-01    0.177E-01    0.177E-01    0.315E-03    0.315E-03    0.000E+00    0.000E+00
     1.800     0.245    0.673E+00    0.348E+00    0.656E+00    0.361E-01    0.507E-01    0.175E-01    0.175E-01    0.312E-03    0.312E-03    0.000E+00    0.000E+00
     1.800     0.246    0.673E+00    0.348E+00    0.652E+00    0.359E-01    0.503E-01    0.174E-01    0.174E-01    0.309E-03    0.309E-03    0.000E+00    0.000E+00
     1.800     0.247    0.673E+00    0.347E+00    0.648E+00    0.358E-01    0.499E-01    0.173E-01    0.173E-01    0.306E-03    0.306E-03    0.000E+00    0.000E+00
     1.800     0.248    0.673E+00    0.346E+00    0.643E+00    0.356E-01    0.496E-01    0.172E-01    0.172E-01    0.303E-03    0.303E-03    0.000E+00    0.000E+00
     1.800     0.249    0.673E+00    0.345E+00    0.639E+00    0.354E-01    0.492E-01    0.171E-01    0.171E-01    0.300E-03    0.300E-03    0.000E+00    0.000E+00
     1.800     0.250    0.673E+00    0.345E+00    0.635E+00    0.352E-01    0.489E-01    0.170E-01    0.170E-01    0.297E-03    0.297E-03    0.000E+00    0.000E+00
     1.800     0.251    0.673E+00    0.344E+00    0.631E+00    0.350E-01    0.485E-01    0.169E-01    0.169E-01    0.294E-03    0.294E-03    0.000E+00    0.000E+00
     1.800     0.252    0.673E+00    0.343E+00    0.627E+00    0.349E-01    0.481E-01    0.168E-01    0.168E-01    0.292E-03    0.292E-03    0.000E+00    0.000E+00
     1.800     0.253    0.672E+00    0.343E+00    0.623E+00    0.347E-01    0.478E-01    0.167E-01    0.167E-01    0.289E-03    0.289E-03    0.000E+00    0.000E+00
     1.800     0.254    0.672E+00    0.342E+00    0.619E+00    0.345E-01    0.474E-01    0.166E-01    0.166E-01    0.286E-03    0.286E-03    0.000E+00    0.000E+00
     1.800     0.255    0.672E+00    0.341E+00    0.615E+00    0.343E-01    0.471E-01    0.164E-01    0.164E-01    0.283E-03    0.283E-03    0.000E+00    0.000E+00
     1.800     0.256    0.672E+00    0.340E+00    0.611E+00    0.342E-01    0.467E-01    0.163E-01    0.163E-01    0.280E-03    0.280E-03    0.000E+00    0.000E+00
     1.800     0.257    0.672E+00    0.340E+00    0.607E+00    0.340E-01    0.464E-01    0.162E-01    0.162E-01    0.277E-03    0.277E-03    0.000E+00    0.000E+00
     1.800     0.258    0.672E+00    0.339E+00    0.602E+00    0.338E-01    0.460E-01    0.161E-01    0.161E-01    0.275E-03    0.275E-03    0.000E+00    0.000E+00
     1.800     0.259    0.672E+00    0.338E+00    0.598E+00    0.336E-01    0.457E-01    0.160E-01    0.160E-01    0.272E-03    0.272E-03    0.000E+00    0.000E+00
     1.800     0.260    0.671E+00    0.337E+00    0.594E+00    0.335E-01    0.453E-01    0.159E-01    0.159E-01    0.269E-03    0.269E-03    0.000E+00    0.000E+00
     1.800     0.261    0.671E+00    0.337E+00    0.591E+00    0.333E-01    0.450E-01    0.158E-01    0.158E-01    0.267E-03    0.267E-03    0.000E+00    0.000E+00
     1.800     0.262    0.671E+00    0.336E+00    0.587E+00    0.331E-01    0.446E-01    0.157E-01    0.157E-01    0.264E-03    0.264E-03    0.000E+00    0.000E+00
     1.800     0.263    0.671E+00    0.335E+00    0.583E+00    0.330E-01    0.443E-01    0.156E-01    0.156E-01    0.261E-03    0.261E-03    0.000E+00    0.000E+00
     1.800     0.264    0.671E+00    0.334E+00    0.579E+00    0.328E-01    0.440E-01    0.155E-01    0.155E-01    0.259E-03    0.259E-03    0.000E+00    0.000E+00
     1.800     0.265    0.670E+00    0.333E+00    0.575E+00    0.326E-01    0.436E-01    0.154E-01    0.154E-01    0.256E-03    0.256E-03    0.000E+00    0.000E+00
     1.800     0.266    0.670E+00    0.333E+00    0.571E+00    0.325E-01    0.433E-01    0.153E-01    0.153E-01    0.254E-03    0.254E-03    0.000E+00    0.000E+00
     1.800     0.267    0.670E+00    0.332E+00    0.567E+00    0.323E-01    0.430E-01    0.152E-01    0.152E-01    0.251E-03    0.251E-03    0.000E+00    0.000E+00
     1.800     0.268    0.670E+00    0.331E+00    0.563E+00    0.321E-01    0.427E-01    0.151E-01    0.151E-01    0.249E-03    0.249E-03    0.000E+00    0.000E+00
     1.800     0.269    0.669E+00    0.330E+00    0.559E+00    0.320E-01    0.423E-01    0.150E-01    0.150E-01    0.246E-03    0.246E-03    0.000E+00    0.000E+00
     1.800     0.270    0.669E+00    0.330E+00    0.556E+00    0.318E-01    0.420E-01    0.149E-01    0.149E-01    0.244E-03    0.244E-03    0.000E+00    0.000E+00
     1.800     0.271    0.669E+00    0.329E+00    0.552E+00    0.316E-01    0.417E-01    0.148E-01    0.148E-01    0.241E-03    0.241E-03    0.000E+00    0.000E+00
     1.800     0.272    0.668E+00    0.328E+00    0.548E+00    0.315E-01    0.414E-01    0.147E-01    0.147E-01    0.239E-03    0.239E-03    0.000E+00    0.000E+00
     1.800     0.273    0.668E+00    0.327E+00    0.544E+00    0.313E-01    0.411E-01    0.146E-01    0.146E-01    0.236E-03    0.236E-03    0.000E+00    0.000E+00
     1.800     0.274    0.668E+00    0.326E+00    0.540E+00    0.312E-01    0.407E-01    0.145E-01    0.145E-01    0.234E-03    0.234E-03    0.000E+00    0.000E+00
     1.800     0.275    0.667E+00    0.326E+00    0.537E+00    0.310E-01    0.404E-01    0.144E-01    0.144E-01    0.232E-03    0.232E-03    0.000E+00    0.000E+00
     1.800     0.276    0.667E+00    0.325E+00    0.533E+00    0.308E-01    0.401E-01    0.143E-01    0.143E-01    0.229E-03    0.229E-03    0.000E+00    0.000E+00
     1.800     0.277    0.667E+00    0.324E+00    0.529E+00    0.307E-01    0.398E-01    0.142E-01    0.142E-01    0.227E-03    0.227E-03    0.000E+00    0.000E+00
     1.800     0.278    0.666E+00    0.323E+00    0.526E+00    0.305E-01    0.395E-01    0.141E-01    0.141E-01    0.225E-03    0.225E-03    0.000E+00    0.000E+00
     1.800     0.279    0.666E+00    0.322E+00    0.522E+00    0.304E-01    0.392E-01    0.140E-01    0.140E-01    0.222E-03    0.222E-03    0.000E+00    0.000E+00
     1.800     0.280    0.665E+00    0.322E+00    0.518E+00    0.302E-01    0.389E-01    0.140E-01    0.140E-01    0.220E-03    0.220E-03    0.000E+00    0.000E+00
     1.800     0.281    0.665E+00    0.321E+00    0.515E+00    0.300E-01    0.386E-01    0.139E-01    0.139E-01    0.218E-03    0.218E-03    0.000E+00    0.000E+00
     1.800     0.282    0.665E+00    0.320E+00    0.511E+00    0.299E-01    0.383E-01    0.138E-01    0.138E-01    0.216E-03    0.216E-03    0.000E+00    0.000E+00
     1.800     0.283    0.664E+00    0.319E+00    0.507E+00    0.297E-01    0.380E-01    0.137E-01    0.137E-01    0.213E-03    0.213E-03    0.000E+00    0.000E+00
     1.800     0.284    0.664E+00    0.318E+00    0.504E+00    0.296E-01    0.377E-01    0.136E-01    0.136E-01    0.211E-03    0.211E-03    0.000E+00    0.000E+00
     1.800     0.285    0.663E+00    0.318E+00    0.500E+00    0.294E-01    0.374E-01    0.135E-01    0.135E-01    0.209E-03    0.209E-03    0.000E+00    0.000E+00
     1.800     0.286    0.663E+00    0.317E+00    0.497E+00    0.293E-01    0.371E-01    0.134E-01    0.134E-01    0.207E-03    0.207E-03    0.000E+00    0.000E+00
     1.800     0.287    0.662E+00    0.316E+00    0.493E+00    0.291E-01    0.368E-01    0.133E-01    0.133E-01    0.205E-03    0.205E-03    0.000E+00    0.000E+00
     1.800     0.288    0.662E+00    0.315E+00    0.490E+00    0.290E-01    0.366E-01    0.132E-01    0.132E-01    0.203E-03    0.203E-03    0.000E+00    0.000E+00
     1.800     0.289    0.661E+00    0.314E+00    0.486E+00    0.288E-01    0.363E-01    0.131E-01    0.131E-01    0.200E-03    0.200E-03    0.000E+00    0.000E+00
     1.800     0.290    0.661E+00    0.314E+00    0.483E+00    0.286E-01    0.360E-01    0.130E-01    0.130E-01    0.198E-03    0.198E-03    0.000E+00    0.000E+00
     1.800     0.291    0.660E+00    0.313E+00    0.479E+00    0.285E-01    0.357E-01    0.130E-01    0.130E-01    0.196E-03    0.196E-03    0.000E+00    0.000E+00
     1.800     0.292    0.660E+00    0.312E+00    0.476E+00    0.283E-01    0.354E-01    0.129E-01    0.129E-01    0.194E-03    0.194E-03    0.000E+00    0.000E+00
     1.800     0.293    0.659E+00    0.311E+00    0.472E+00    0.282E-01    0.352E-01    0.128E-01    0.128E-01    0.192E-03    0.192E-03    0.000E+00    0.000E+00
     1.800     0.294    0.659E+00    0.310E+00    0.469E+00    0.280E-01    0.349E-01    0.127E-01    0.127E-01    0.190E-03    0.190E-03    0.000E+00    0.000E+00
     1.800     0.295    0.658E+00    0.309E+00    0.465E+00    0.279E-01    0.346E-01    0.126E-01    0.126E-01    0.188E-03    0.188E-03    0.000E+00    0.000E+00
     1.800     0.296    0.658E+00    0.309E+00    0.462E+00    0.277E-01    0.343E-01    0.125E-01    0.125E-01    0.186E-03    0.186E-03    0.000E+00    0.000E+00
     1.800     0.297    0.657E+00    0.308E+00    0.459E+00    0.276E-01    0.341E-01    0.124E-01    0.124E-01    0.184E-03    0.184E-03    0.000E+00    0.000E+00
     1.800     0.298    0.656E+00    0.307E+00    0.455E+00    0.274E-01    0.338E-01    0.124E-01    0.124E-01    0.182E-03    0.182E-03    0.000E+00    0.000E+00
     1.800     0.299    0.656E+00    0.306E+00    0.452E+00    0.273E-01    0.335E-01    0.123E-01    0.123E-01    0.181E-03    0.181E-03    0.000E+00    0.000E+00
     1.800     0.300    0.655E+00    0.305E+00    0.449E+00    0.271E-01    0.333E-01    0.122E-01    0.122E-01    0.179E-03    0.179E-03    0.000E+00    0.000E+00
     1.800     0.301    0.655E+00    0.304E+00    0.445E+00    0.270E-01    0.330E-01    0.121E-01    0.121E-01    0.177E-03    0.177E-03    0.000E+00    0.000E+00
     1.800     0.302    0.654E+00    0.303E+00    0.442E+00    0.268E-01    0.328E-01    0.120E-01    0.120E-01    0.175E-03    0.175E-03    0.000E+00    0.000E+00
     1.800     0.303    0.653E+00    0.303E+00    0.439E+00    0.267E-01    0.325E-01    0.119E-01    0.119E-01    0.173E-03    0.173E-03    0.000E+00    0.000E+00
     1.800     0.304    0.653E+00    0.302E+00    0.436E+00    0.265E-01    0.322E-01    0.119E-01    0.119E-01    0.171E-03    0.171E-03    0.000E+00    0.000E+00
     1.800     0.305    0.652E+00    0.301E+00    0.432E+00    0.264E-01    0.320E-01    0.118E-01    0.118E-01    0.169E-03    0.169E-03    0.000E+00    0.000E+00
     1.800     0.306    0.651E+00    0.300E+00    0.429E+00    0.263E-01    0.317E-01    0.117E-01    0.117E-01    0.168E-03    0.168E-03    0.000E+00    0.000E+00
     1.800     0.307    0.651E+00    0.299E+00    0.426E+00    0.261E-01    0.315E-01    0.116E-01    0.116E-01    0.166E-03    0.166E-03    0.000E+00    0.000E+00
     1.800     0.308    0.650E+00    0.298E+00    0.423E+00    0.260E-01    0.312E-01    0.115E-01    0.115E-01    0.164E-03    0.164E-03    0.000E+00    0.000E+00
     1.800     0.309    0.649E+00    0.297E+00    0.420E+00    0.258E-01    0.310E-01    0.115E-01    0.115E-01    0.162E-03    0.162E-03    0.000E+00    0.000E+00
     1.800     0.310    0.649E+00    0.297E+00    0.416E+00    0.257E-01    0.307E-01    0.114E-01    0.114E-01    0.161E-03    0.161E-03    0.000E+00    0.000E+00
     1.800     0.311    0.648E+00    0.296E+00    0.413E+00    0.255E-01    0.305E-01    0.113E-01    0.113E-01    0.159E-03    0.159E-03    0.000E+00    0.000E+00
     1.800     0.312    0.647E+00    0.295E+00    0.410E+00    0.254E-01    0.303E-01    0.112E-01    0.112E-01    0.157E-03    0.157E-03    0.000E+00    0.000E+00
     1.800     0.313    0.646E+00    0.294E+00    0.407E+00    0.252E-01    0.300E-01    0.111E-01    0.111E-01    0.156E-03    0.156E-03    0.000E+00    0.000E+00
     1.800     0.314    0.646E+00    0.293E+00    0.404E+00    0.251E-01    0.298E-01    0.111E-01    0.111E-01    0.154E-03    0.154E-03    0.000E+00    0.000E+00
     1.800     0.315    0.645E+00    0.292E+00    0.401E+00    0.250E-01    0.296E-01    0.110E-01    0.110E-01    0.152E-03    0.152E-03    0.000E+00    0.000E+00
     1.800     0.316    0.644E+00    0.291E+00    0.398E+00    0.248E-01    0.293E-01    0.109E-01    0.109E-01    0.151E-03    0.151E-03    0.000E+00    0.000E+00
     1.800     0.317    0.643E+00    0.290E+00    0.395E+00    0.247E-01    0.291E-01    0.108E-01    0.108E-01    0.149E-03    0.149E-03    0.000E+00    0.000E+00
     1.800     0.318    0.643E+00    0.290E+00    0.392E+00    0.245E-01    0.289E-01    0.108E-01    0.108E-01    0.147E-03    0.147E-03    0.000E+00    0.000E+00
     1.800     0.319    0.642E+00    0.289E+00    0.389E+00    0.244E-01    0.286E-01    0.107E-01    0.107E-01    0.146E-03    0.146E-03    0.000E+00    0.000E+00
     1.800     0.320    0.641E+00    0.288E+00    0.386E+00    0.243E-01    0.284E-01    0.106E-01    0.106E-01    0.144E-03    0.144E-03    0.000E+00    0.000E+00
     1.800     0.321    0.640E+00    0.287E+00    0.383E+00    0.241E-01    0.282E-01    0.105E-01    0.105E-01    0.143E-03    0.143E-03    0.000E+00    0.000E+00
     1.800     0.322    0.640E+00    0.286E+00    0.380E+00    0.240E-01    0.279E-01    0.105E-01    0.105E-01    0.141E-03    0.141E-03    0.000E+00    0.000E+00
     1.800     0.323    0.639E+00    0.285E+00    0.377E+00    0.238E-01    0.277E-01    0.104E-01    0.104E-01    0.140E-03    0.140E-03    0.000E+00    0.000E+00
     1.800     0.324    0.638E+00    0.284E+00    0.374E+00    0.237E-01    0.275E-01    0.103E-01    0.103E-01    0.138E-03    0.138E-03    0.000E+00    0.000E+00
     1.800     0.325    0.637E+00    0.283E+00    0.371E+00    0.236E-01    0.273E-01    0.102E-01    0.102E-01    0.137E-03    0.137E-03    0.000E+00    0.000E+00
     1.800     0.326    0.636E+00    0.283E+00    0.368E+00    0.234E-01    0.271E-01    0.102E-01    0.102E-01    0.135E-03    0.135E-03    0.000E+00    0.000E+00
     1.800     0.327    0.635E+00    0.282E+00    0.365E+00    0.233E-01    0.269E-01    0.101E-01    0.101E-01    0.134E-03    0.134E-03    0.000E+00    0.000E+00
     1.800     0.328    0.634E+00    0.281E+00    0.362E+00    0.231E-01    0.266E-01    0.100E-01    0.100E-01    0.132E-03    0.132E-03    0.000E+00    0.000E+00
     1.800     0.329    0.634E+00    0.280E+00    0.360E+00    0.230E-01    0.264E-01    0.996E-02    0.996E-02    0.131E-03    0.131E-03    0.000E+00    0.000E+00
     1.800     0.330    0.633E+00    0.279E+00    0.357E+00    0.229E-01    0.262E-01    0.989E-02    0.989E-02    0.129E-03    0.129E-03    0.000E+00    0.000E+00
     1.800     0.331    0.632E+00    0.278E+00    0.354E+00    0.227E-01    0.260E-01    0.982E-02    0.982E-02    0.128E-03    0.128E-03    0.000E+00    0.000E+00
     1.800     0.332    0.631E+00    0.277E+00    0.351E+00    0.226E-01    0.258E-01    0.975E-02    0.975E-02    0.126E-03    0.126E-03    0.000E+00    0.000E+00
     1.800     0.333    0.630E+00    0.276E+00    0.348E+00    0.225E-01    0.256E-01    0.969E-02    0.969E-02    0.125E-03    0.125E-03    0.000E+00    0.000E+00
     1.800     0.334    0.629E+00    0.275E+00    0.346E+00    0.223E-01    0.254E-01    0.962E-02    0.962E-02    0.124E-03    0.124E-03    0.000E+00    0.000E+00
     1.800     0.335    0.628E+00    0.274E+00    0.343E+00    0.222E-01    0.252E-01    0.955E-02    0.955E-02    0.122E-03    0.122E-03    0.000E+00    0.000E+00
     1.800     0.336    0.627E+00    0.274E+00    0.340E+00    0.220E-01    0.250E-01    0.948E-02    0.948E-02    0.121E-03    0.121E-03    0.000E+00    0.000E+00
     1.800     0.337    0.626E+00    0.273E+00    0.337E+00    0.219E-01    0.248E-01    0.941E-02    0.941E-02    0.120E-03    0.120E-03    0.000E+00    0.000E+00
     1.800     0.338    0.625E+00    0.272E+00    0.335E+00    0.218E-01    0.246E-01    0.935E-02    0.935E-02    0.118E-03    0.118E-03    0.000E+00    0.000E+00
     1.800     0.339    0.624E+00    0.271E+00    0.332E+00    0.216E-01    0.244E-01    0.928E-02    0.928E-02    0.117E-03    0.117E-03    0.000E+00    0.000E+00
     1.800     0.340    0.623E+00    0.270E+00    0.329E+00    0.215E-01    0.242E-01    0.921E-02    0.921E-02    0.116E-03    0.116E-03    0.000E+00    0.000E+00
     1.800     0.341    0.623E+00    0.269E+00    0.327E+00    0.214E-01    0.240E-01    0.915E-02    0.915E-02    0.114E-03    0.114E-03    0.000E+00    0.000E+00
     1.800     0.342    0.622E+00    0.268E+00    0.324E+00    0.212E-01    0.238E-01    0.908E-02    0.908E-02    0.113E-03    0.113E-03    0.000E+00    0.000E+00
     1.800     0.343    0.621E+00    0.267E+00    0.321E+00    0.211E-01    0.236E-01    0.902E-02    0.902E-02    0.112E-03    0.112E-03    0.000E+00    0.000E+00
     1.800     0.344    0.620E+00    0.266E+00    0.319E+00    0.210E-01    0.234E-01    0.895E-02    0.895E-02    0.111E-03    0.111E-03    0.000E+00    0.000E+00
     1.800     0.345    0.619E+00    0.265E+00    0.316E+00    0.208E-01    0.233E-01    0.889E-02    0.889E-02    0.109E-03    0.109E-03    0.000E+00    0.000E+00
     1.800     0.346    0.618E+00    0.264E+00    0.313E+00    0.207E-01    0.231E-01    0.882E-02    0.882E-02    0.108E-03    0.108E-03    0.000E+00    0.000E+00
     1.800     0.347    0.617E+00    0.264E+00    0.311E+00    0.206E-01    0.229E-01    0.876E-02    0.876E-02    0.107E-03    0.107E-03    0.000E+00    0.000E+00
     1.800     0.348    0.616E+00    0.263E+00    0.308E+00    0.205E-01    0.227E-01    0.869E-02    0.869E-02    0.106E-03    0.106E-03    0.000E+00    0.000E+00
     1.800     0.349    0.614E+00    0.262E+00    0.306E+00    0.203E-01    0.225E-01    0.863E-02    0.863E-02    0.104E-03    0.104E-03    0.000E+00    0.000E+00
     1.800     0.350    0.613E+00    0.261E+00    0.303E+00    0.202E-01    0.223E-01    0.857E-02    0.857E-02    0.103E-03    0.103E-03    0.000E+00    0.000E+00
     1.800     0.351    0.612E+00    0.260E+00    0.301E+00    0.201E-01    0.222E-01    0.851E-02    0.851E-02    0.102E-03    0.102E-03    0.000E+00    0.000E+00
     1.800     0.352    0.611E+00    0.259E+00    0.298E+00    0.199E-01    0.220E-01    0.844E-02    0.844E-02    0.101E-03    0.101E-03    0.000E+00    0.000E+00
     1.800     0.353    0.610E+00    0.258E+00    0.296E+00    0.198E-01    0.218E-01    0.838E-02    0.838E-02    0.998E-04    0.998E-04    0.000E+00    0.000E+00
     1.800     0.354    0.609E+00    0.257E+00    0.293E+00    0.197E-01    0.216E-01    0.832E-02    0.832E-02    0.987E-04    0.987E-04    0.000E+00    0.000E+00
     1.800     0.355    0.608E+00    0.256E+00    0.291E+00    0.196E-01    0.215E-01    0.826E-02    0.826E-02    0.976E-04    0.976E-04    0.000E+00    0.000E+00
     1.800     0.356    0.607E+00    0.255E+00    0.289E+00    0.194E-01    0.213E-01    0.820E-02    0.820E-02    0.965E-04    0.965E-04    0.000E+00    0.000E+00
     1.800     0.357    0.606E+00    0.254E+00    0.286E+00    0.193E-01    0.211E-01    0.814E-02    0.814E-02    0.954E-04    0.954E-04    0.000E+00    0.000E+00
     1.800     0.358    0.605E+00    0.253E+00    0.284E+00    0.192E-01    0.209E-01    0.808E-02    0.808E-02    0.943E-04    0.943E-04    0.000E+00    0.000E+00
     1.800     0.359    0.604E+00    0.252E+00    0.281E+00    0.191E-01    0.208E-01    0.802E-02    0.802E-02    0.932E-04    0.932E-04    0.000E+00    0.000E+00
     1.800     0.360    0.603E+00    0.252E+00    0.279E+00    0.189E-01    0.206E-01    0.796E-02    0.796E-02    0.921E-04    0.921E-04    0.000E+00    0.000E+00
     1.800     0.361    0.602E+00    0.251E+00    0.277E+00    0.188E-01    0.204E-01    0.790E-02    0.790E-02    0.910E-04    0.910E-04    0.000E+00    0.000E+00
     1.800     0.362    0.600E+00    0.250E+00    0.274E+00    0.187E-01    0.203E-01    0.784E-02    0.784E-02    0.900E-04    0.900E-04    0.000E+00    0.000E+00
     1.800     0.363    0.599E+00    0.249E+00    0.272E+00    0.186E-01    0.201E-01    0.779E-02    0.779E-02    0.890E-04    0.890E-04    0.000E+00    0.000E+00
     1.800     0.364    0.598E+00    0.248E+00    0.270E+00    0.184E-01    0.199E-01    0.773E-02    0.773E-02    0.879E-04    0.879E-04    0.000E+00    0.000E+00
     1.800     0.365    0.597E+00    0.247E+00    0.267E+00    0.183E-01    0.198E-01    0.767E-02    0.767E-02    0.869E-04    0.869E-04    0.000E+00    0.000E+00
     1.800     0.366    0.596E+00    0.246E+00    0.265E+00    0.182E-01    0.196E-01    0.761E-02    0.761E-02    0.859E-04    0.859E-04    0.000E+00    0.000E+00
     1.800     0.367    0.595E+00    0.245E+00    0.263E+00    0.181E-01    0.195E-01    0.756E-02    0.756E-02    0.849E-04    0.849E-04    0.000E+00    0.000E+00
     1.800     0.368    0.594E+00    0.244E+00    0.260E+00    0.179E-01    0.193E-01    0.750E-02    0.750E-02    0.839E-04    0.839E-04    0.000E+00    0.000E+00
     1.800     0.369    0.592E+00    0.243E+00    0.258E+00    0.178E-01    0.192E-01    0.744E-02    0.744E-02    0.829E-04    0.829E-04    0.000E+00    0.000E+00
     1.800     0.370    0.591E+00    0.242E+00    0.256E+00    0.177E-01    0.190E-01    0.739E-02    0.739E-02    0.820E-04    0.820E-04    0.000E+00    0.000E+00
     1.800     0.371    0.590E+00    0.241E+00    0.254E+00    0.176E-01    0.189E-01    0.733E-02    0.733E-02    0.810E-04    0.810E-04    0.000E+00    0.000E+00
     1.800     0.372    0.589E+00    0.240E+00    0.252E+00    0.175E-01    0.187E-01    0.728E-02    0.728E-02    0.801E-04    0.801E-04    0.000E+00    0.000E+00
     1.800     0.373    0.588E+00    0.239E+00    0.249E+00    0.173E-01    0.185E-01    0.722E-02    0.722E-02    0.791E-04    0.791E-04    0.000E+00    0.000E+00
     1.800     0.374    0.587E+00    0.238E+00    0.247E+00    0.172E-01    0.184E-01    0.717E-02    0.717E-02    0.782E-04    0.782E-04    0.000E+00    0.000E+00
     1.800     0.375    0.585E+00    0.237E+00    0.245E+00    0.171E-01    0.182E-01    0.712E-02    0.712E-02    0.773E-04    0.773E-04    0.000E+00    0.000E+00
     1.800     0.376    0.584E+00    0.237E+00    0.243E+00    0.170E-01    0.181E-01    0.706E-02    0.706E-02    0.764E-04    0.764E-04    0.000E+00    0.000E+00
     1.800     0.377    0.583E+00    0.236E+00    0.241E+00    0.169E-01    0.180E-01    0.701E-02    0.701E-02    0.755E-04    0.755E-04    0.000E+00    0.000E+00
     1.800     0.378    0.582E+00    0.235E+00    0.239E+00    0.167E-01    0.178E-01    0.695E-02    0.695E-02    0.746E-04    0.746E-04    0.000E+00    0.000E+00
     1.800     0.379    0.580E+00    0.234E+00    0.237E+00    0.166E-01    0.177E-01    0.690E-02    0.690E-02    0.737E-04    0.737E-04    0.000E+00    0.000E+00
     1.800     0.380    0.579E+00    0.233E+00    0.235E+00    0.165E-01    0.175E-01    0.685E-02    0.685E-02    0.728E-04    0.728E-04    0.000E+00    0.000E+00
     1.800     0.381    0.578E+00    0.232E+00    0.232E+00    0.164E-01    0.174E-01    0.680E-02    0.680E-02    0.719E-04    0.719E-04    0.000E+00    0.000E+00
     1.800     0.382    0.577E+00    0.231E+00    0.230E+00    0.163E-01    0.172E-01    0.675E-02    0.675E-02    0.711E-04    0.711E-04    0.000E+00    0.000E+00
     1.800     0.383    0.575E+00    0.230E+00    0.228E+00    0.162E-01    0.171E-01    0.669E-02    0.669E-02    0.702E-04    0.702E-04    0.000E+00    0.000E+00
     1.800     0.384    0.574E+00    0.229E+00    0.226E+00    0.161E-01    0.170E-01    0.664E-02    0.664E-02    0.694E-04    0.694E-04    0.000E+00    0.000E+00
     1.800     0.385    0.573E+00    0.228E+00    0.224E+00    0.159E-01    0.168E-01    0.659E-02    0.659E-02    0.686E-04    0.686E-04    0.000E+00    0.000E+00
     1.800     0.386    0.572E+00    0.227E+00    0.222E+00    0.158E-01    0.167E-01    0.654E-02    0.654E-02    0.677E-04    0.677E-04    0.000E+00    0.000E+00
     1.800     0.387    0.570E+00    0.226E+00    0.220E+00    0.157E-01    0.165E-01    0.649E-02    0.649E-02    0.669E-04    0.669E-04    0.000E+00    0.000E+00
     1.800     0.388    0.569E+00    0.225E+00    0.218E+00    0.156E-01    0.164E-01    0.644E-02    0.644E-02    0.661E-04    0.661E-04    0.000E+00    0.000E+00
     1.800     0.389    0.568E+00    0.224E+00    0.216E+00    0.155E-01    0.163E-01    0.639E-02    0.639E-02    0.653E-04    0.653E-04    0.000E+00    0.000E+00
     1.800     0.390    0.567E+00    0.223E+00    0.214E+00    0.154E-01    0.161E-01    0.634E-02    0.634E-02    0.645E-04    0.645E-04    0.000E+00    0.000E+00
     1.800     0.391    0.565E+00    0.222E+00    0.212E+00    0.153E-01    0.160E-01    0.629E-02    0.629E-02    0.638E-04    0.638E-04    0.000E+00    0.000E+00
     1.800     0.392    0.564E+00    0.221E+00    0.211E+00    0.152E-01    0.159E-01    0.624E-02    0.624E-02    0.630E-04    0.630E-04    0.000E+00    0.000E+00
     1.800     0.393    0.563E+00    0.221E+00    0.209E+00    0.150E-01    0.157E-01    0.620E-02    0.620E-02    0.622E-04    0.622E-04    0.000E+00    0.000E+00
     1.800     0.394    0.561E+00    0.220E+00    0.207E+00    0.149E-01    0.156E-01    0.615E-02    0.615E-02    0.615E-04    0.615E-04    0.000E+00    0.000E+00
     1.800     0.395    0.560E+00    0.219E+00    0.205E+00    0.148E-01    0.155E-01    0.610E-02    0.610E-02    0.607E-04    0.607E-04    0.000E+00    0.000E+00
     1.800     0.396    0.559E+00    0.218E+00    0.203E+00    0.147E-01    0.154E-01    0.605E-02    0.605E-02    0.600E-04    0.600E-04    0.000E+00    0.000E+00
     1.800     0.397    0.557E+00    0.217E+00    0.201E+00    0.146E-01    0.152E-01    0.600E-02    0.600E-02    0.592E-04    0.592E-04    0.000E+00    0.000E+00
     1.800     0.398    0.556E+00    0.216E+00    0.199E+00    0.145E-01    0.151E-01    0.596E-02    0.596E-02    0.585E-04    0.585E-04    0.000E+00    0.000E+00
     1.800     0.399    0.555E+00    0.215E+00    0.197E+00    0.144E-01    0.150E-01    0.591E-02    0.591E-02    0.578E-04    0.578E-04    0.000E+00    0.000E+00
     1.800     0.400    0.553E+00    0.214E+00    0.196E+00    0.143E-01    0.149E-01    0.586E-02    0.586E-02    0.571E-04    0.571E-04    0.000E+00    0.000E+00
     1.800     0.401    0.552E+00    0.213E+00    0.194E+00    0.142E-01    0.147E-01    0.582E-02    0.582E-02    0.564E-04    0.564E-04    0.000E+00    0.000E+00
     1.800     0.402    0.551E+00    0.212E+00    0.192E+00    0.141E-01    0.146E-01    0.577E-02    0.577E-02    0.557E-04    0.557E-04    0.000E+00    0.000E+00
     1.800     0.403    0.549E+00    0.211E+00    0.190E+00    0.140E-01    0.145E-01    0.573E-02    0.573E-02    0.550E-04    0.550E-04    0.000E+00    0.000E+00
     1.800     0.404    0.548E+00    0.210E+00    0.188E+00    0.139E-01    0.144E-01    0.568E-02    0.568E-02    0.543E-04    0.543E-04    0.000E+00    0.000E+00
     1.800     0.405    0.547E+00    0.209E+00    0.187E+00    0.138E-01    0.143E-01    0.564E-02    0.564E-02    0.536E-04    0.536E-04    0.000E+00    0.000E+00
     1.800     0.406    0.545E+00    0.208E+00    0.185E+00    0.137E-01    0.141E-01    0.559E-02    0.559E-02    0.530E-04    0.530E-04    0.000E+00    0.000E+00
     1.800     0.407    0.544E+00    0.207E+00    0.183E+00    0.136E-01    0.140E-01    0.555E-02    0.555E-02    0.523E-04    0.523E-04    0.000E+00    0.000E+00
     1.800     0.408    0.543E+00    0.206E+00    0.181E+00    0.134E-01    0.139E-01    0.550E-02    0.550E-02    0.517E-04    0.517E-04    0.000E+00    0.000E+00
     1.800     0.409    0.541E+00    0.205E+00    0.180E+00    0.133E-01    0.138E-01    0.546E-02    0.546E-02    0.510E-04    0.510E-04    0.000E+00    0.000E+00
     1.800     0.410    0.540E+00    0.204E+00    0.178E+00    0.132E-01    0.137E-01    0.541E-02    0.541E-02    0.504E-04    0.504E-04    0.000E+00    0.000E+00
     1.800     0.411    0.538E+00    0.204E+00    0.176E+00    0.131E-01    0.136E-01    0.537E-02    0.537E-02    0.498E-04    0.498E-04    0.000E+00    0.000E+00
     1.800     0.412    0.537E+00    0.203E+00    0.175E+00    0.130E-01    0.135E-01    0.533E-02    0.533E-02    0.491E-04    0.491E-04    0.000E+00    0.000E+00
     1.800     0.413    0.536E+00    0.202E+00    0.173E+00    0.129E-01    0.133E-01    0.529E-02    0.529E-02    0.485E-04    0.485E-04    0.000E+00    0.000E+00
     1.800     0.414    0.534E+00    0.201E+00    0.171E+00    0.128E-01    0.132E-01    0.524E-02    0.524E-02    0.479E-04    0.479E-04    0.000E+00    0.000E+00
     1.800     0.415    0.533E+00    0.200E+00    0.170E+00    0.127E-01    0.131E-01    0.520E-02    0.520E-02    0.473E-04    0.473E-04    0.000E+00    0.000E+00
     1.800     0.416    0.531E+00    0.199E+00    0.168E+00    0.126E-01    0.130E-01    0.516E-02    0.516E-02    0.467E-04    0.467E-04    0.000E+00    0.000E+00
     1.800     0.417    0.530E+00    0.198E+00    0.167E+00    0.125E-01    0.129E-01    0.512E-02    0.512E-02    0.461E-04    0.461E-04    0.000E+00    0.000E+00
     1.800     0.418    0.529E+00    0.197E+00    0.165E+00    0.124E-01    0.128E-01    0.507E-02    0.507E-02    0.455E-04    0.455E-04    0.000E+00    0.000E+00
     1.800     0.419    0.527E+00    0.196E+00    0.163E+00    0.124E-01    0.127E-01    0.503E-02    0.503E-02    0.450E-04    0.450E-04    0.000E+00    0.000E+00
     1.800     0.420    0.526E+00    0.195E+00    0.162E+00    0.123E-01    0.126E-01    0.499E-02    0.499E-02    0.444E-04    0.444E-04    0.000E+00    0.000E+00
     1.800     0.421    0.524E+00    0.194E+00    0.160E+00    0.122E-01    0.125E-01    0.495E-02    0.495E-02    0.438E-04    0.438E-04    0.000E+00    0.000E+00
     1.800     0.422    0.523E+00    0.193E+00    0.159E+00    0.121E-01    0.124E-01    0.491E-02    0.491E-02    0.433E-04    0.433E-04    0.000E+00    0.000E+00
     1.800     0.423    0.521E+00    0.192E+00    0.157E+00    0.120E-01    0.123E-01    0.487E-02    0.487E-02    0.427E-04    0.427E-04    0.000E+00    0.000E+00
     1.800     0.424    0.520E+00    0.191E+00    0.156E+00    0.119E-01    0.122E-01    0.483E-02    0.483E-02    0.422E-04    0.422E-04    0.000E+00    0.000E+00
     1.800     0.425    0.518E+00    0.190E+00    0.154E+00    0.118E-01    0.121E-01    0.479E-02    0.479E-02    0.416E-04    0.416E-04    0.000E+00    0.000E+00
     1.800     0.426    0.517E+00    0.189E+00    0.153E+00    0.117E-01    0.119E-01    0.475E-02    0.475E-02    0.411E-04    0.411E-04    0.000E+00    0.000E+00
     1.800     0.427    0.516E+00    0.189E+00    0.151E+00    0.116E-01    0.118E-01    0.471E-02    0.471E-02    0.406E-04    0.406E-04    0.000E+00    0.000E+00
     1.800     0.428    0.514E+00    0.188E+00    0.150E+00    0.115E-01    0.117E-01    0.467E-02    0.467E-02    0.400E-04    0.400E-04    0.000E+00    0.000E+00
     1.800     0.429    0.513E+00    0.187E+00    0.148E+00    0.114E-01    0.116E-01    0.463E-02    0.463E-02    0.395E-04    0.395E-04    0.000E+00    0.000E+00
     1.800     0.430    0.511E+00    0.186E+00    0.147E+00    0.113E-01    0.115E-01    0.460E-02    0.460E-02    0.390E-04    0.390E-04    0.000E+00    0.000E+00
     1.800     0.431    0.510E+00    0.185E+00    0.145E+00    0.112E-01    0.115E-01    0.456E-02    0.456E-02    0.385E-04    0.385E-04    0.000E+00    0.000E+00
     1.800     0.432    0.508E+00    0.184E+00    0.144E+00    0.111E-01    0.114E-01    0.452E-02    0.452E-02    0.380E-04    0.380E-04    0.000E+00    0.000E+00
     1.800     0.433    0.507E+00    0.183E+00    0.142E+00    0.110E-01    0.113E-01    0.448E-02    0.448E-02    0.375E-04    0.375E-04    0.000E+00    0.000E+00
     1.800     0.434    0.505E+00    0.182E+00    0.141E+00    0.110E-01    0.112E-01    0.444E-02    0.444E-02    0.370E-04    0.370E-04    0.000E+00    0.000E+00
     1.800     0.435    0.504E+00    0.181E+00    0.140E+00    0.109E-01    0.111E-01    0.441E-02    0.441E-02    0.365E-04    0.365E-04    0.000E+00    0.000E+00
     1.800     0.436    0.502E+00    0.180E+00    0.138E+00    0.108E-01    0.110E-01    0.437E-02    0.437E-02    0.361E-04    0.361E-04    0.000E+00    0.000E+00
     1.800     0.437    0.501E+00    0.179E+00    0.137E+00    0.107E-01    0.109E-01    0.433E-02    0.433E-02    0.356E-04    0.356E-04    0.000E+00    0.000E+00
     1.800     0.438    0.499E+00    0.178E+00    0.135E+00    0.106E-01    0.108E-01    0.430E-02    0.430E-02    0.351E-04    0.351E-04    0.000E+00    0.000E+00
     1.800     0.439    0.498E+00    0.177E+00    0.134E+00    0.105E-01    0.107E-01    0.426E-02    0.426E-02    0.347E-04    0.347E-04    0.000E+00    0.000E+00
     1.800     0.440    0.496E+00    0.176E+00    0.133E+00    0.104E-01    0.106E-01    0.422E-02    0.422E-02    0.342E-04    0.342E-04    0.000E+00    0.000E+00
     1.800     0.441    0.495E+00    0.176E+00    0.131E+00    0.103E-01    0.105E-01    0.419E-02    0.419E-02    0.337E-04    0.337E-04    0.000E+00    0.000E+00
     1.800     0.442    0.493E+00    0.175E+00    0.130E+00    0.103E-01    0.104E-01    0.415E-02    0.415E-02    0.333E-04    0.333E-04    0.000E+00    0.000E+00
     1.800     0.443    0.492E+00    0.174E+00    0.129E+00    0.102E-01    0.103E-01    0.412E-02    0.412E-02    0.329E-04    0.329E-04    0.000E+00    0.000E+00
     1.800     0.444    0.490E+00    0.173E+00    0.127E+00    0.101E-01    0.102E-01    0.408E-02    0.408E-02    0.324E-04    0.324E-04    0.000E+00    0.000E+00
     1.800     0.445    0.489E+00    0.172E+00    0.126E+00    0.100E-01    0.101E-01    0.405E-02    0.405E-02    0.320E-04    0.320E-04    0.000E+00    0.000E+00
     1.800     0.446    0.487E+00    0.171E+00    0.125E+00    0.992E-02    0.101E-01    0.401E-02    0.401E-02    0.316E-04    0.316E-04    0.000E+00    0.000E+00
     1.800     0.447    0.486E+00    0.170E+00    0.123E+00    0.983E-02    0.997E-02    0.398E-02    0.398E-02    0.311E-04    0.311E-04    0.000E+00    0.000E+00
     1.800     0.448    0.484E+00    0.169E+00    0.122E+00    0.975E-02    0.988E-02    0.394E-02    0.394E-02    0.307E-04    0.307E-04    0.000E+00    0.000E+00
     1.800     0.449    0.483E+00    0.168E+00    0.121E+00    0.967E-02    0.979E-02    0.391E-02    0.391E-02    0.303E-04    0.303E-04    0.000E+00    0.000E+00
     1.800     0.450    0.481E+00    0.167E+00    0.120E+00    0.959E-02    0.971E-02    0.388E-02    0.388E-02    0.299E-04    0.299E-04    0.000E+00    0.000E+00
     1.800     0.451    0.480E+00    0.166E+00    0.118E+00    0.950E-02    0.962E-02    0.384E-02    0.384E-02    0.295E-04    0.295E-04    0.000E+00    0.000E+00
     1.800     0.452    0.478E+00    0.165E+00    0.117E+00    0.942E-02    0.954E-02    0.381E-02    0.381E-02    0.291E-04    0.291E-04    0.000E+00    0.000E+00
     1.800     0.453    0.477E+00    0.165E+00    0.116E+00    0.934E-02    0.945E-02    0.378E-02    0.378E-02    0.287E-04    0.287E-04    0.000E+00    0.000E+00
     1.800     0.454    0.475E+00    0.164E+00    0.115E+00    0.926E-02    0.937E-02    0.374E-02    0.374E-02    0.283E-04    0.283E-04    0.000E+00    0.000E+00
     1.800     0.455    0.474E+00    0.163E+00    0.114E+00    0.918E-02    0.929E-02    0.371E-02    0.371E-02    0.280E-04    0.280E-04    0.000E+00    0.000E+00
     1.800     0.456    0.472E+00    0.162E+00    0.112E+00    0.911E-02    0.920E-02    0.368E-02    0.368E-02    0.276E-04    0.276E-04    0.000E+00    0.000E+00
     1.800     0.457    0.471E+00    0.161E+00    0.111E+00    0.903E-02    0.912E-02    0.365E-02    0.365E-02    0.272E-04    0.272E-04    0.000E+00    0.000E+00
     1.800     0.458    0.469E+00    0.160E+00    0.110E+00    0.895E-02    0.904E-02    0.361E-02    0.361E-02    0.268E-04    0.268E-04    0.000E+00    0.000E+00
     1.800     0.459    0.468E+00    0.159E+00    0.109E+00    0.887E-02    0.896E-02    0.358E-02    0.358E-02    0.265E-04    0.265E-04    0.000E+00    0.000E+00
     1.800     0.460    0.466E+00    0.158E+00    0.108E+00    0.879E-02    0.888E-02    0.355E-02    0.355E-02    0.261E-04    0.261E-04    0.000E+00    0.000E+00
     1.800     0.461    0.465E+00    0.157E+00    0.107E+00    0.872E-02    0.880E-02    0.352E-02    0.352E-02    0.257E-04    0.257E-04    0.000E+00    0.000E+00
     1.800     0.462    0.463E+00    0.156E+00    0.105E+00    0.864E-02    0.872E-02    0.349E-02    0.349E-02    0.254E-04    0.254E-04    0.000E+00    0.000E+00
     1.800     0.463    0.461E+00    0.156E+00    0.104E+00    0.857E-02    0.864E-02    0.346E-02    0.346E-02    0.250E-04    0.250E-04    0.000E+00    0.000E+00
     1.800     0.464    0.460E+00    0.155E+00    0.103E+00    0.849E-02    0.857E-02    0.343E-02    0.343E-02    0.247E-04    0.247E-04    0.000E+00    0.000E+00
     1.800     0.465    0.458E+00    0.154E+00    0.102E+00    0.842E-02    0.849E-02    0.340E-02    0.340E-02    0.244E-04    0.244E-04    0.000E+00    0.000E+00
     1.800     0.466    0.457E+00    0.153E+00    0.101E+00    0.834E-02    0.841E-02    0.337E-02    0.337E-02    0.240E-04    0.240E-04    0.000E+00    0.000E+00
     1.800     0.467    0.455E+00    0.152E+00    0.999E-01    0.827E-02    0.834E-02    0.334E-02    0.334E-02    0.237E-04    0.237E-04    0.000E+00    0.000E+00
     1.800     0.468    0.454E+00    0.151E+00    0.989E-01    0.820E-02    0.826E-02    0.331E-02    0.331E-02    0.234E-04    0.234E-04    0.000E+00    0.000E+00
     1.800     0.469    0.452E+00    0.150E+00    0.978E-01    0.812E-02    0.819E-02    0.328E-02    0.328E-02    0.230E-04    0.230E-04    0.000E+00    0.000E+00
     1.800     0.470    0.451E+00    0.149E+00    0.967E-01    0.805E-02    0.811E-02    0.325E-02    0.325E-02    0.227E-04    0.227E-04    0.000E+00    0.000E+00
     1.800     0.471    0.449E+00    0.149E+00    0.957E-01    0.798E-02    0.804E-02    0.322E-02    0.322E-02    0.224E-04    0.224E-04    0.000E+00    0.000E+00
     1.800     0.472    0.447E+00    0.148E+00    0.947E-01    0.791E-02    0.796E-02    0.319E-02    0.319E-02    0.221E-04    0.221E-04    0.000E+00    0.000E+00
     1.800     0.473    0.446E+00    0.147E+00    0.936E-01    0.784E-02    0.789E-02    0.316E-02    0.316E-02    0.218E-04    0.218E-04    0.000E+00    0.000E+00
     1.800     0.474    0.444E+00    0.146E+00    0.926E-01    0.777E-02    0.782E-02    0.313E-02    0.313E-02    0.215E-04    0.215E-04    0.000E+00    0.000E+00
     1.800     0.475    0.443E+00    0.145E+00    0.916E-01    0.770E-02    0.775E-02    0.310E-02    0.310E-02    0.212E-04    0.212E-04    0.000E+00    0.000E+00
     1.800     0.476    0.441E+00    0.144E+00    0.906E-01    0.763E-02    0.768E-02    0.307E-02    0.307E-02    0.209E-04    0.209E-04    0.000E+00    0.000E+00
     1.800     0.477    0.440E+00    0.143E+00    0.896E-01    0.756E-02    0.761E-02    0.305E-02    0.305E-02    0.206E-04    0.206E-04    0.000E+00    0.000E+00
     1.800     0.478    0.438E+00    0.142E+00    0.886E-01    0.749E-02    0.754E-02    0.302E-02    0.302E-02    0.203E-04    0.203E-04    0.000E+00    0.000E+00
     1.800     0.479    0.436E+00    0.142E+00    0.876E-01    0.742E-02    0.747E-02    0.299E-02    0.299E-02    0.200E-04    0.200E-04    0.000E+00    0.000E+00
     1.800     0.480    0.435E+00    0.141E+00    0.867E-01    0.735E-02    0.740E-02    0.296E-02    0.296E-02    0.197E-04    0.197E-04    0.000E+00    0.000E+00
     1.800     0.481    0.433E+00    0.140E+00    0.857E-01    0.729E-02    0.733E-02    0.293E-02    0.293E-02    0.194E-04    0.194E-04    0.000E+00    0.000E+00
     1.800     0.482    0.432E+00    0.139E+00    0.847E-01    0.722E-02    0.726E-02    0.291E-02    0.291E-02    0.192E-04    0.192E-04    0.000E+00    0.000E+00
     1.800     0.483    0.430E+00    0.138E+00    0.838E-01    0.715E-02    0.719E-02    0.288E-02    0.288E-02    0.189E-04    0.189E-04    0.000E+00    0.000E+00
     1.800     0.484    0.429E+00    0.137E+00    0.829E-01    0.709E-02    0.712E-02    0.285E-02    0.285E-02    0.186E-04    0.186E-04    0.000E+00    0.000E+00
     1.800     0.485    0.427E+00    0.136E+00    0.819E-01    0.702E-02    0.706E-02    0.283E-02    0.283E-02    0.183E-04    0.183E-04    0.000E+00    0.000E+00
     1.800     0.486    0.425E+00    0.136E+00    0.810E-01    0.696E-02    0.699E-02    0.280E-02    0.280E-02    0.181E-04    0.181E-04    0.000E+00    0.000E+00
     1.800     0.487    0.424E+00    0.135E+00    0.801E-01    0.689E-02    0.693E-02    0.277E-02    0.277E-02    0.178E-04    0.178E-04    0.000E+00    0.000E+00
     1.800     0.488    0.422E+00    0.134E+00    0.792E-01    0.683E-02    0.686E-02    0.275E-02    0.275E-02    0.176E-04    0.176E-04    0.000E+00    0.000E+00
     1.800     0.489    0.421E+00    0.133E+00    0.783E-01    0.677E-02    0.680E-02    0.272E-02    0.272E-02    0.173E-04    0.173E-04    0.000E+00    0.000E+00
     1.800     0.490    0.419E+00    0.132E+00    0.774E-01    0.670E-02    0.673E-02    0.270E-02    0.270E-02    0.171E-04    0.171E-04    0.000E+00    0.000E+00
     1.800     0.491    0.418E+00    0.131E+00    0.765E-01    0.664E-02    0.667E-02    0.267E-02    0.267E-02    0.168E-04    0.168E-04    0.000E+00    0.000E+00
     1.800     0.492    0.416E+00    0.131E+00    0.757E-01    0.658E-02    0.660E-02    0.265E-02    0.265E-02    0.166E-04    0.166E-04    0.000E+00    0.000E+00
     1.800     0.493    0.414E+00    0.130E+00    0.748E-01    0.651E-02    0.654E-02    0.262E-02    0.262E-02    0.163E-04    0.163E-04    0.000E+00    0.000E+00
     1.800     0.494    0.413E+00    0.129E+00    0.739E-01    0.645E-02    0.648E-02    0.260E-02    0.260E-02    0.161E-04    0.161E-04    0.000E+00    0.000E+00
     1.800     0.495    0.411E+00    0.128E+00    0.731E-01    0.639E-02    0.642E-02    0.257E-02    0.257E-02    0.159E-04    0.159E-04    0.000E+00    0.000E+00
     1.800     0.496    0.410E+00    0.127E+00    0.723E-01    0.633E-02    0.635E-02    0.255E-02    0.255E-02    0.156E-04    0.156E-04    0.000E+00    0.000E+00
     1.800     0.497    0.408E+00    0.126E+00    0.714E-01    0.627E-02    0.629E-02    0.252E-02    0.252E-02    0.154E-04    0.154E-04    0.000E+00    0.000E+00
     1.800     0.498    0.406E+00    0.126E+00    0.706E-01    0.621E-02    0.623E-02    0.250E-02    0.250E-02    0.152E-04    0.152E-04    0.000E+00    0.000E+00
     1.800     0.499    0.405E+00    0.125E+00    0.698E-01    0.615E-02    0.617E-02    0.247E-02    0.247E-02    0.149E-04    0.149E-04    0.000E+00    0.000E+00
     1.800     0.500    0.403E+00    0.124E+00    0.690E-01    0.609E-02    0.611E-02    0.245E-02    0.245E-02    0.147E-04    0.147E-04    0.000E+00    0.000E+00
     1.800     0.501    0.402E+00    0.123E+00    0.682E-01    0.603E-02    0.605E-02    0.243E-02    0.243E-02    0.145E-04    0.145E-04    0.000E+00    0.000E+00
     1.800     0.502    0.400E+00    0.122E+00    0.674E-01    0.598E-02    0.599E-02    0.240E-02    0.240E-02    0.143E-04    0.143E-04    0.000E+00    0.000E+00
     1.800     0.503    0.399E+00    0.121E+00    0.666E-01    0.592E-02    0.594E-02    0.238E-02    0.238E-02    0.141E-04    0.141E-04    0.000E+00    0.000E+00
     1.800     0.504    0.397E+00    0.121E+00    0.658E-01    0.586E-02    0.588E-02    0.236E-02    0.236E-02    0.139E-04    0.139E-04    0.000E+00    0.000E+00
     1.800     0.505    0.395E+00    0.120E+00    0.650E-01    0.580E-02    0.582E-02    0.233E-02    0.233E-02    0.137E-04    0.137E-04    0.000E+00    0.000E+00
     1.800     0.506    0.394E+00    0.119E+00    0.643E-01    0.575E-02    0.576E-02    0.231E-02    0.231E-02    0.135E-04    0.135E-04    0.000E+00    0.000E+00
     1.800     0.507    0.392E+00    0.118E+00    0.635E-01    0.569E-02    0.571E-02    0.229E-02    0.229E-02    0.133E-04    0.133E-04    0.000E+00    0.000E+00
     1.800     0.508    0.391E+00    0.117E+00    0.628E-01    0.564E-02    0.565E-02    0.226E-02    0.226E-02    0.131E-04    0.131E-04    0.000E+00    0.000E+00
     1.800     0.509    0.389E+00    0.117E+00    0.620E-01    0.558E-02    0.559E-02    0.224E-02    0.224E-02    0.129E-04    0.129E-04    0.000E+00    0.000E+00
     1.800     0.510    0.387E+00    0.116E+00    0.613E-01    0.553E-02    0.554E-02    0.222E-02    0.222E-02    0.127E-04    0.127E-04    0.000E+00    0.000E+00
     1.800     0.511    0.386E+00    0.115E+00    0.605E-01    0.547E-02    0.548E-02    0.220E-02    0.220E-02    0.125E-04    0.125E-04    0.000E+00    0.000E+00
     1.800     0.512    0.384E+00    0.114E+00    0.598E-01    0.542E-02    0.543E-02    0.218E-02    0.218E-02    0.123E-04    0.123E-04    0.000E+00    0.000E+00
     1.800     0.513    0.383E+00    0.113E+00    0.591E-01    0.536E-02    0.537E-02    0.215E-02    0.215E-02    0.121E-04    0.121E-04    0.000E+00    0.000E+00
     1.800     0.514    0.381E+00    0.113E+00    0.584E-01    0.531E-02    0.532E-02    0.213E-02    0.213E-02    0.119E-04    0.119E-04    0.000E+00    0.000E+00
     1.800     0.515    0.379E+00    0.112E+00    0.577E-01    0.526E-02    0.527E-02    0.211E-02    0.211E-02    0.117E-04    0.117E-04    0.000E+00    0.000E+00
     1.800     0.516    0.378E+00    0.111E+00    0.570E-01    0.520E-02    0.521E-02    0.209E-02    0.209E-02    0.116E-04    0.116E-04    0.000E+00    0.000E+00
     1.800     0.517    0.376E+00    0.110E+00    0.563E-01    0.515E-02    0.516E-02    0.207E-02    0.207E-02    0.114E-04    0.114E-04    0.000E+00    0.000E+00
     1.800     0.518    0.375E+00    0.110E+00    0.556E-01    0.510E-02    0.511E-02    0.205E-02    0.205E-02    0.112E-04    0.112E-04    0.000E+00    0.000E+00
     1.800     0.519    0.373E+00    0.109E+00    0.549E-01    0.505E-02    0.506E-02    0.203E-02    0.203E-02    0.110E-04    0.110E-04    0.000E+00    0.000E+00
     1.800     0.520    0.372E+00    0.108E+00    0.543E-01    0.500E-02    0.501E-02    0.201E-02    0.201E-02    0.109E-04    0.109E-04    0.000E+00    0.000E+00
     1.800     0.521    0.370E+00    0.107E+00    0.536E-01    0.495E-02    0.496E-02    0.199E-02    0.199E-02    0.107E-04    0.107E-04    0.000E+00    0.000E+00
     1.800     0.522    0.368E+00    0.106E+00    0.530E-01    0.490E-02    0.490E-02    0.197E-02    0.197E-02    0.105E-04    0.105E-04    0.000E+00    0.000E+00
     1.800     0.523    0.367E+00    0.106E+00    0.523E-01    0.485E-02    0.485E-02    0.195E-02    0.195E-02    0.104E-04    0.104E-04    0.000E+00    0.000E+00
     1.800     0.524    0.365E+00    0.105E+00    0.517E-01    0.480E-02    0.480E-02    0.193E-02    0.193E-02    0.102E-04    0.102E-04    0.000E+00    0.000E+00
     1.800     0.525    0.364E+00    0.104E+00    0.510E-01    0.475E-02    0.475E-02    0.191E-02    0.191E-02    0.100E-04    0.100E-04    0.000E+00    0.000E+00
     1.800     0.526    0.362E+00    0.103E+00    0.504E-01    0.470E-02    0.471E-02    0.189E-02    0.189E-02    0.989E-05    0.989E-05    0.000E+00    0.000E+00
     1.800     0.527    0.360E+00    0.103E+00    0.498E-01    0.465E-02    0.466E-02    0.187E-02    0.187E-02    0.973E-05    0.973E-05    0.000E+00    0.000E+00
     1.800     0.528    0.359E+00    0.102E+00    0.492E-01    0.460E-02    0.461E-02    0.185E-02    0.185E-02    0.958E-05    0.958E-05    0.000E+00    0.000E+00
     1.800     0.529    0.357E+00    0.101E+00    0.485E-01    0.455E-02    0.456E-02    0.183E-02    0.183E-02    0.943E-05    0.943E-05    0.000E+00    0.000E+00
     1.800     0.530    0.356E+00    0.100E+00    0.479E-01    0.451E-02    0.451E-02    0.181E-02    0.181E-02    0.928E-05    0.928E-05    0.000E+00    0.000E+00
     1.800     0.531    0.354E+00    0.997E-01    0.473E-01    0.446E-02    0.447E-02    0.179E-02    0.179E-02    0.914E-05    0.914E-05    0.000E+00    0.000E+00
     1.800     0.532    0.353E+00    0.989E-01    0.467E-01    0.441E-02    0.442E-02    0.177E-02    0.177E-02    0.899E-05    0.899E-05    0.000E+00    0.000E+00
     1.800     0.533    0.351E+00    0.982E-01    0.462E-01    0.437E-02    0.437E-02    0.175E-02    0.175E-02    0.885E-05    0.885E-05    0.000E+00    0.000E+00
     1.800     0.534    0.349E+00    0.975E-01    0.456E-01    0.432E-02    0.433E-02    0.173E-02    0.173E-02    0.871E-05    0.871E-05    0.000E+00    0.000E+00
     1.800     0.535    0.348E+00    0.967E-01    0.450E-01    0.428E-02    0.428E-02    0.172E-02    0.172E-02    0.857E-05    0.857E-05    0.000E+00    0.000E+00
     1.800     0.536    0.346E+00    0.960E-01    0.444E-01    0.423E-02    0.424E-02    0.170E-02    0.170E-02    0.843E-05    0.843E-05    0.000E+00    0.000E+00
     1.800     0.537    0.345E+00    0.953E-01    0.439E-01    0.419E-02    0.419E-02    0.168E-02    0.168E-02    0.830E-05    0.830E-05    0.000E+00    0.000E+00
     1.800     0.538    0.343E+00    0.945E-01    0.433E-01    0.414E-02    0.415E-02    0.166E-02    0.166E-02    0.817E-05    0.817E-05    0.000E+00    0.000E+00
     1.800     0.539    0.341E+00    0.938E-01    0.428E-01    0.410E-02    0.410E-02    0.164E-02    0.164E-02    0.804E-05    0.804E-05    0.000E+00    0.000E+00
     1.800     0.540    0.340E+00    0.931E-01    0.422E-01    0.405E-02    0.406E-02    0.163E-02    0.163E-02    0.791E-05    0.791E-05    0.000E+00    0.000E+00
     1.800     0.541    0.338E+00    0.924E-01    0.417E-01    0.401E-02    0.401E-02    0.161E-02    0.161E-02    0.778E-05    0.778E-05    0.000E+00    0.000E+00
     1.800     0.542    0.337E+00    0.917E-01    0.411E-01    0.397E-02    0.397E-02    0.159E-02    0.159E-02    0.766E-05    0.766E-05    0.000E+00    0.000E+00
     1.800     0.543    0.335E+00    0.910E-01    0.406E-01    0.392E-02    0.393E-02    0.157E-02    0.157E-02    0.753E-05    0.753E-05    0.000E+00    0.000E+00
     1.800     0.544    0.334E+00    0.903E-01    0.401E-01    0.388E-02    0.388E-02    0.156E-02    0.156E-02    0.741E-05    0.741E-05    0.000E+00    0.000E+00
     1.800     0.545    0.332E+00    0.896E-01    0.396E-01    0.384E-02    0.384E-02    0.154E-02    0.154E-02    0.729E-05    0.729E-05    0.000E+00    0.000E+00
     1.800     0.546    0.331E+00    0.889E-01    0.390E-01    0.380E-02    0.380E-02    0.152E-02    0.152E-02    0.717E-05    0.717E-05    0.000E+00    0.000E+00
     1.800     0.547    0.329E+00    0.882E-01    0.385E-01    0.376E-02    0.376E-02    0.151E-02    0.151E-02    0.705E-05    0.705E-05    0.000E+00    0.000E+00
     1.800     0.548    0.327E+00    0.875E-01    0.380E-01    0.372E-02    0.372E-02    0.149E-02    0.149E-02    0.694E-05    0.694E-05    0.000E+00    0.000E+00
     1.800     0.549    0.326E+00    0.868E-01    0.375E-01    0.367E-02    0.368E-02    0.147E-02    0.147E-02    0.682E-05    0.682E-05    0.000E+00    0.000E+00
     1.800     0.550    0.324E+00    0.861E-01    0.370E-01    0.363E-02    0.364E-02    0.146E-02    0.146E-02    0.671E-05    0.671E-05    0.000E+00    0.000E+00
     1.800     0.551    0.323E+00    0.854E-01    0.365E-01    0.359E-02    0.360E-02    0.144E-02    0.144E-02    0.660E-05    0.660E-05    0.000E+00    0.000E+00
     1.800     0.552    0.321E+00    0.847E-01    0.361E-01    0.355E-02    0.356E-02    0.143E-02    0.143E-02    0.649E-05    0.649E-05    0.000E+00    0.000E+00
     1.800     0.553    0.320E+00    0.840E-01    0.356E-01    0.351E-02    0.352E-02    0.141E-02    0.141E-02    0.639E-05    0.639E-05    0.000E+00    0.000E+00
     1.800     0.554    0.318E+00    0.834E-01    0.351E-01    0.348E-02    0.348E-02    0.139E-02    0.139E-02    0.628E-05    0.628E-05    0.000E+00    0.000E+00
     1.800     0.555    0.316E+00    0.827E-01    0.347E-01    0.344E-02    0.344E-02    0.138E-02    0.138E-02    0.618E-05    0.618E-05    0.000E+00    0.000E+00
     1.800     0.556    0.315E+00    0.820E-01    0.342E-01    0.340E-02    0.340E-02    0.136E-02    0.136E-02    0.607E-05    0.607E-05    0.000E+00    0.000E+00
     1.800     0.557    0.313E+00    0.814E-01    0.337E-01    0.336E-02    0.336E-02    0.135E-02    0.135E-02    0.597E-05    0.597E-05    0.000E+00    0.000E+00
     1.800     0.558    0.312E+00    0.807E-01    0.333E-01    0.332E-02    0.332E-02    0.133E-02    0.133E-02    0.587E-05    0.587E-05    0.000E+00    0.000E+00
     1.800     0.559    0.310E+00    0.800E-01    0.328E-01    0.328E-02    0.329E-02    0.132E-02    0.132E-02    0.578E-05    0.578E-05    0.000E+00    0.000E+00
     1.800     0.560    0.309E+00    0.794E-01    0.324E-01    0.325E-02    0.325E-02    0.130E-02    0.130E-02    0.568E-05    0.568E-05    0.000E+00    0.000E+00
     1.800     0.561    0.307E+00    0.787E-01    0.320E-01    0.321E-02    0.321E-02    0.129E-02    0.129E-02    0.558E-05    0.558E-05    0.000E+00    0.000E+00
     1.800     0.562    0.306E+00    0.781E-01    0.315E-01    0.317E-02    0.317E-02    0.127E-02    0.127E-02    0.549E-05    0.549E-05    0.000E+00    0.000E+00
     1.800     0.563    0.304E+00    0.774E-01    0.311E-01    0.314E-02    0.314E-02    0.126E-02    0.126E-02    0.540E-05    0.540E-05    0.000E+00    0.000E+00
     1.800     0.564    0.303E+00    0.768E-01    0.307E-01    0.310E-02    0.310E-02    0.124E-02    0.124E-02    0.531E-05    0.531E-05    0.000E+00    0.000E+00
     1.800     0.565    0.301E+00    0.761E-01    0.303E-01    0.307E-02    0.307E-02    0.123E-02    0.123E-02    0.522E-05    0.522E-05    0.000E+00    0.000E+00
     1.800     0.566    0.300E+00    0.755E-01    0.298E-01    0.303E-02    0.303E-02    0.122E-02    0.122E-02    0.513E-05    0.513E-05    0.000E+00    0.000E+00
     1.800     0.567    0.298E+00    0.748E-01    0.294E-01    0.299E-02    0.300E-02    0.120E-02    0.120E-02    0.504E-05    0.504E-05    0.000E+00    0.000E+00
     1.800     0.568    0.296E+00    0.742E-01    0.290E-01    0.296E-02    0.296E-02    0.119E-02    0.119E-02    0.495E-05    0.495E-05    0.000E+00    0.000E+00
     1.800     0.569    0.295E+00    0.736E-01    0.286E-01    0.292E-02    0.293E-02    0.117E-02    0.117E-02    0.487E-05    0.487E-05    0.000E+00    0.000E+00
     1.800     0.570    0.293E+00    0.729E-01    0.282E-01    0.289E-02    0.289E-02    0.116E-02    0.116E-02    0.478E-05    0.478E-05    0.000E+00    0.000E+00
     1.800     0.571    0.292E+00    0.723E-01    0.278E-01    0.286E-02    0.286E-02    0.115E-02    0.115E-02    0.470E-05    0.470E-05    0.000E+00    0.000E+00
     1.800     0.572    0.290E+00    0.717E-01    0.275E-01    0.282E-02    0.282E-02    0.113E-02    0.113E-02    0.462E-05    0.462E-05    0.000E+00    0.000E+00
     1.800     0.573    0.289E+00    0.711E-01    0.271E-01    0.279E-02    0.279E-02    0.112E-02    0.112E-02    0.454E-05    0.454E-05    0.000E+00    0.000E+00
     1.800     0.574    0.287E+00    0.705E-01    0.267E-01    0.276E-02    0.276E-02    0.111E-02    0.111E-02    0.446E-05    0.446E-05    0.000E+00    0.000E+00
     1.800     0.575    0.286E+00    0.698E-01    0.263E-01    0.272E-02    0.272E-02    0.109E-02    0.109E-02    0.438E-05    0.438E-05    0.000E+00    0.000E+00
     1.800     0.576    0.284E+00    0.692E-01    0.259E-01    0.269E-02    0.269E-02    0.108E-02    0.108E-02    0.431E-05    0.431E-05    0.000E+00    0.000E+00
     1.800     0.577    0.283E+00    0.686E-01    0.256E-01    0.266E-02    0.266E-02    0.107E-02    0.107E-02    0.423E-05    0.423E-05    0.000E+00    0.000E+00
     1.800     0.578    0.281E+00    0.680E-01    0.252E-01    0.263E-02    0.263E-02    0.105E-02    0.105E-02    0.416E-05    0.416E-05    0.000E+00    0.000E+00
     1.800     0.579    0.280E+00    0.674E-01    0.249E-01    0.259E-02    0.260E-02    0.104E-02    0.104E-02    0.409E-05    0.409E-05    0.000E+00    0.000E+00
     1.800     0.580    0.278E+00    0.668E-01    0.245E-01    0.256E-02    0.256E-02    0.103E-02    0.103E-02    0.401E-05    0.401E-05    0.000E+00    0.000E+00
     1.800     0.581    0.277E+00    0.662E-01    0.242E-01    0.253E-02    0.253E-02    0.102E-02    0.102E-02    0.394E-05    0.394E-05    0.000E+00    0.000E+00
     1.800     0.582    0.275E+00    0.656E-01    0.238E-01    0.250E-02    0.250E-02    0.100E-02    0.100E-02    0.387E-05    0.387E-05    0.000E+00    0.000E+00
     1.800     0.583    0.274E+00    0.650E-01    0.235E-01    0.247E-02    0.247E-02    0.991E-03    0.991E-03    0.381E-05    0.381E-05    0.000E+00    0.000E+00
     1.800     0.584    0.272E+00    0.645E-01    0.231E-01    0.244E-02    0.244E-02    0.979E-03    0.979E-03    0.374E-05    0.374E-05    0.000E+00    0.000E+00
     1.800     0.585    0.271E+00    0.639E-01    0.228E-01    0.241E-02    0.241E-02    0.966E-03    0.966E-03    0.367E-05    0.367E-05    0.000E+00    0.000E+00
     1.800     0.586    0.269E+00    0.633E-01    0.225E-01    0.238E-02    0.238E-02    0.954E-03    0.954E-03    0.361E-05    0.361E-05    0.000E+00    0.000E+00
     1.800     0.587    0.268E+00    0.627E-01    0.222E-01    0.235E-02    0.235E-02    0.943E-03    0.943E-03    0.354E-05    0.354E-05    0.000E+00    0.000E+00
     1.800     0.588    0.266E+00    0.621E-01    0.218E-01    0.232E-02    0.232E-02    0.931E-03    0.931E-03    0.348E-05    0.348E-05    0.000E+00    0.000E+00
     1.800     0.589    0.265E+00    0.616E-01    0.215E-01    0.229E-02    0.229E-02    0.919E-03    0.919E-03    0.342E-05    0.342E-05    0.000E+00    0.000E+00
     1.800     0.590    0.263E+00    0.610E-01    0.212E-01    0.226E-02    0.226E-02    0.908E-03    0.908E-03    0.336E-05    0.336E-05    0.000E+00    0.000E+00
     1.800     0.591    0.262E+00    0.604E-01    0.209E-01    0.224E-02    0.224E-02    0.896E-03    0.896E-03    0.329E-05    0.329E-05    0.000E+00    0.000E+00
     1.800     0.592    0.260E+00    0.599E-01    0.206E-01    0.221E-02    0.221E-02    0.885E-03    0.885E-03    0.324E-05    0.324E-05    0.000E+00    0.000E+00
     1.800     0.593    0.259E+00    0.593E-01    0.203E-01    0.218E-02    0.218E-02    0.874E-03    0.874E-03    0.318E-05    0.318E-05    0.000E+00    0.000E+00
     1.800     0.594    0.258E+00    0.588E-01    0.200E-01    0.215E-02    0.215E-02    0.862E-03    0.862E-03    0.312E-05    0.312E-05    0.000E+00    0.000E+00
     1.800     0.595    0.256E+00    0.582E-01    0.197E-01    0.212E-02    0.212E-02    0.851E-03    0.851E-03    0.306E-05    0.306E-05    0.000E+00    0.000E+00
     1.800     0.596    0.255E+00    0.577E-01    0.194E-01    0.210E-02    0.210E-02    0.840E-03    0.840E-03    0.301E-05    0.301E-05    0.000E+00    0.000E+00
     1.800     0.597    0.253E+00    0.571E-01    0.191E-01    0.207E-02    0.207E-02    0.830E-03    0.830E-03    0.295E-05    0.295E-05    0.000E+00    0.000E+00
     1.800     0.598    0.252E+00    0.566E-01    0.188E-01    0.204E-02    0.204E-02    0.819E-03    0.819E-03    0.290E-05    0.290E-05    0.000E+00    0.000E+00
     1.800     0.599    0.250E+00    0.560E-01    0.185E-01    0.202E-02    0.202E-02    0.808E-03    0.808E-03    0.284E-05    0.284E-05    0.000E+00    0.000E+00
     1.800     0.600    0.249E+00    0.555E-01    0.183E-01    0.199E-02    0.199E-02    0.798E-03    0.798E-03    0.279E-05    0.279E-05    0.000E+00    0.000E+00
     1.800     0.601    0.247E+00    0.550E-01    0.180E-01    0.196E-02    0.196E-02    0.787E-03    0.787E-03    0.274E-05    0.274E-05    0.000E+00    0.000E+00
     1.800     0.602    0.246E+00    0.545E-01    0.177E-01    0.194E-02    0.194E-02    0.777E-03    0.777E-03    0.269E-05    0.269E-05    0.000E+00    0.000E+00
     1.800     0.603    0.244E+00    0.539E-01    0.175E-01    0.191E-02    0.191E-02    0.767E-03    0.767E-03    0.264E-05    0.264E-05    0.000E+00    0.000E+00
     1.800     0.604    0.243E+00    0.534E-01    0.172E-01    0.189E-02    0.189E-02    0.757E-03    0.757E-03    0.259E-05    0.259E-05    0.000E+00    0.000E+00
     1.800     0.605    0.242E+00    0.529E-01    0.169E-01    0.186E-02    0.186E-02    0.747E-03    0.747E-03    0.254E-05    0.254E-05    0.000E+00    0.000E+00
     1.800     0.606    0.240E+00    0.524E-01    0.167E-01    0.184E-02    0.184E-02    0.737E-03    0.737E-03    0.249E-05    0.249E-05    0.000E+00    0.000E+00
     1.800     0.607    0.239E+00    0.518E-01    0.164E-01    0.181E-02    0.181E-02    0.727E-03    0.727E-03    0.245E-05    0.245E-05    0.000E+00    0.000E+00
     1.800     0.608    0.237E+00    0.513E-01    0.162E-01    0.179E-02    0.179E-02    0.717E-03    0.717E-03    0.240E-05    0.240E-05    0.000E+00    0.000E+00
     1.800     0.609    0.236E+00    0.508E-01    0.159E-01    0.176E-02    0.176E-02    0.707E-03    0.707E-03    0.236E-05    0.236E-05    0.000E+00    0.000E+00
     1.800     0.610    0.234E+00    0.503E-01    0.157E-01    0.174E-02    0.174E-02    0.698E-03    0.698E-03    0.231E-05    0.231E-05    0.000E+00    0.000E+00
     1.800     0.611    0.233E+00    0.498E-01    0.154E-01    0.172E-02    0.172E-02    0.688E-03    0.688E-03    0.227E-05    0.227E-05    0.000E+00    0.000E+00
     1.800     0.612    0.232E+00    0.493E-01    0.152E-01    0.169E-02    0.169E-02    0.679E-03    0.679E-03    0.223E-05    0.223E-05    0.000E+00    0.000E+00
     1.800     0.613    0.230E+00    0.488E-01    0.150E-01    0.167E-02    0.167E-02    0.670E-03    0.670E-03    0.218E-05    0.218E-05    0.000E+00    0.000E+00
     1.800     0.614    0.229E+00    0.483E-01    0.147E-01    0.165E-02    0.165E-02    0.660E-03    0.660E-03    0.214E-05    0.214E-05    0.000E+00    0.000E+00
     1.800     0.615    0.227E+00    0.479E-01    0.145E-01    0.162E-02    0.162E-02    0.651E-03    0.651E-03    0.210E-05    0.210E-05    0.000E+00    0.000E+00
     1.800     0.616    0.226E+00    0.474E-01    0.143E-01    0.160E-02    0.160E-02    0.642E-03    0.642E-03    0.206E-05    0.206E-05    0.000E+00    0.000E+00
     1.800     0.617    0.225E+00    0.469E-01    0.140E-01    0.158E-02    0.158E-02    0.633E-03    0.633E-03    0.202E-05    0.202E-05    0.000E+00    0.000E+00
     1.800     0.618    0.223E+00    0.464E-01    0.138E-01    0.156E-02    0.156E-02    0.624E-03    0.624E-03    0.198E-05    0.198E-05    0.000E+00    0.000E+00
     1.800     0.619    0.222E+00    0.459E-01    0.136E-01    0.154E-02    0.154E-02    0.616E-03    0.616E-03    0.194E-05    0.194E-05    0.000E+00    0.000E+00
     1.800     0.620    0.220E+00    0.455E-01    0.134E-01    0.151E-02    0.151E-02    0.607E-03    0.607E-03    0.191E-05    0.191E-05    0.000E+00    0.000E+00
     1.800     0.621    0.219E+00    0.450E-01    0.132E-01    0.149E-02    0.149E-02    0.598E-03    0.598E-03    0.187E-05    0.187E-05    0.000E+00    0.000E+00
     1.800     0.622    0.218E+00    0.445E-01    0.130E-01    0.147E-02    0.147E-02    0.590E-03    0.590E-03    0.183E-05    0.183E-05    0.000E+00    0.000E+00
     1.800     0.623    0.216E+00    0.441E-01    0.128E-01    0.145E-02    0.145E-02    0.581E-03    0.581E-03    0.180E-05    0.180E-05    0.000E+00    0.000E+00
     1.800     0.624    0.215E+00    0.436E-01    0.126E-01    0.143E-02    0.143E-02    0.573E-03    0.573E-03    0.176E-05    0.176E-05    0.000E+00    0.000E+00
     1.800     0.625    0.214E+00    0.431E-01    0.124E-01    0.141E-02    0.141E-02    0.565E-03    0.565E-03    0.173E-05    0.173E-05    0.000E+00    0.000E+00
     1.800     0.626    0.212E+00    0.427E-01    0.122E-01    0.139E-02    0.139E-02    0.557E-03    0.557E-03    0.169E-05    0.169E-05    0.000E+00    0.000E+00
     1.800     0.627    0.211E+00    0.422E-01    0.120E-01    0.137E-02    0.137E-02    0.548E-03    0.548E-03    0.166E-05    0.166E-05    0.000E+00    0.000E+00
     1.800     0.628    0.209E+00    0.418E-01    0.118E-01    0.135E-02    0.135E-02    0.540E-03    0.540E-03    0.163E-05    0.163E-05    0.000E+00    0.000E+00
     1.800     0.629    0.208E+00    0.413E-01    0.116E-01    0.133E-02    0.133E-02    0.533E-03    0.533E-03    0.159E-05    0.159E-05    0.000E+00    0.000E+00
     1.800     0.630    0.207E+00    0.409E-01    0.114E-01    0.131E-02    0.131E-02    0.525E-03    0.525E-03    0.156E-05    0.156E-05    0.000E+00    0.000E+00
     1.800     0.631    0.205E+00    0.404E-01    0.112E-01    0.129E-02    0.129E-02    0.517E-03    0.517E-03    0.153E-05    0.153E-05    0.000E+00    0.000E+00
     1.800     0.632    0.204E+00    0.400E-01    0.110E-01    0.127E-02    0.127E-02    0.509E-03    0.509E-03    0.150E-05    0.150E-05    0.000E+00    0.000E+00
     1.800     0.633    0.203E+00    0.396E-01    0.108E-01    0.125E-02    0.125E-02    0.502E-03    0.502E-03    0.147E-05    0.147E-05    0.000E+00    0.000E+00
     1.800     0.634    0.201E+00    0.391E-01    0.107E-01    0.123E-02    0.123E-02    0.494E-03    0.494E-03    0.144E-05    0.144E-05    0.000E+00    0.000E+00
     1.800     0.635    0.200E+00    0.387E-01    0.105E-01    0.121E-02    0.121E-02    0.487E-03    0.487E-03    0.141E-05    0.141E-05    0.000E+00    0.000E+00
     1.800     0.636    0.199E+00    0.383E-01    0.103E-01    0.120E-02    0.120E-02    0.479E-03    0.479E-03    0.138E-05    0.138E-05    0.000E+00    0.000E+00
     1.800     0.637    0.197E+00    0.379E-01    0.101E-01    0.118E-02    0.118E-02    0.472E-03    0.472E-03    0.136E-05    0.136E-05    0.000E+00    0.000E+00
     1.800     0.638    0.196E+00    0.375E-01    0.996E-02    0.116E-02    0.116E-02    0.465E-03    0.465E-03    0.133E-05    0.133E-05    0.000E+00    0.000E+00
     1.800     0.639    0.195E+00    0.370E-01    0.979E-02    0.114E-02    0.114E-02    0.458E-03    0.458E-03    0.130E-05    0.130E-05    0.000E+00    0.000E+00
     1.800     0.640    0.193E+00    0.366E-01    0.963E-02    0.112E-02    0.112E-02    0.450E-03    0.450E-03    0.127E-05    0.127E-05    0.000E+00    0.000E+00
     1.800     0.641    0.192E+00    0.362E-01    0.947E-02    0.111E-02    0.111E-02    0.443E-03    0.443E-03    0.125E-05    0.125E-05    0.000E+00    0.000E+00
     1.800     0.642    0.191E+00    0.358E-01    0.931E-02    0.109E-02    0.109E-02    0.437E-03    0.437E-03    0.122E-05    0.122E-05    0.000E+00    0.000E+00
     1.800     0.643    0.189E+00    0.354E-01    0.915E-02    0.107E-02    0.107E-02    0.430E-03    0.430E-03    0.120E-05    0.120E-05    0.000E+00    0.000E+00
     1.800     0.644    0.188E+00    0.350E-01    0.899E-02    0.106E-02    0.106E-02    0.423E-03    0.423E-03    0.117E-05    0.117E-05    0.000E+00    0.000E+00
     1.800     0.645    0.187E+00    0.346E-01    0.884E-02    0.104E-02    0.104E-02    0.416E-03    0.416E-03    0.115E-05    0.115E-05    0.000E+00    0.000E+00
     1.800     0.646    0.186E+00    0.342E-01    0.869E-02    0.102E-02    0.102E-02    0.410E-03    0.410E-03    0.112E-05    0.112E-05    0.000E+00    0.000E+00
     1.800     0.647    0.184E+00    0.338E-01    0.854E-02    0.101E-02    0.101E-02    0.403E-03    0.403E-03    0.110E-05    0.110E-05    0.000E+00    0.000E+00
     1.800     0.648    0.183E+00    0.334E-01    0.839E-02    0.990E-03    0.990E-03    0.397E-03    0.397E-03    0.108E-05    0.108E-05    0.000E+00    0.000E+00
     1.800     0.649    0.182E+00    0.331E-01    0.825E-02    0.974E-03    0.974E-03    0.390E-03    0.390E-03    0.106E-05    0.106E-05    0.000E+00    0.000E+00
     1.800     0.650    0.180E+00    0.327E-01    0.811E-02    0.958E-03    0.958E-03    0.384E-03    0.384E-03    0.103E-05    0.103E-05    0.000E+00    0.000E+00
     1.800     0.651    0.179E+00    0.323E-01    0.797E-02    0.943E-03    0.943E-03    0.378E-03    0.378E-03    0.101E-05    0.101E-05    0.000E+00    0.000E+00
     1.800     0.652    0.178E+00    0.319E-01    0.783E-02    0.927E-03    0.927E-03    0.371E-03    0.371E-03    0.991E-06    0.991E-06    0.000E+00    0.000E+00
     1.800     0.653    0.177E+00    0.315E-01    0.769E-02    0.912E-03    0.912E-03    0.365E-03    0.365E-03    0.971E-06    0.971E-06    0.000E+00    0.000E+00
     1.800     0.654    0.175E+00    0.312E-01    0.756E-02    0.897E-03    0.897E-03    0.359E-03    0.359E-03    0.950E-06    0.950E-06    0.000E+00    0.000E+00
     1.800     0.655    0.174E+00    0.308E-01    0.742E-02    0.882E-03    0.882E-03    0.353E-03    0.353E-03    0.930E-06    0.930E-06    0.000E+00    0.000E+00
     1.800     0.656    0.173E+00    0.304E-01    0.729E-02    0.867E-03    0.867E-03    0.347E-03    0.347E-03    0.910E-06    0.910E-06    0.000E+00    0.000E+00
     1.800     0.657    0.172E+00    0.301E-01    0.716E-02    0.852E-03    0.852E-03    0.341E-03    0.341E-03    0.890E-06    0.890E-06    0.000E+00    0.000E+00
     1.800     0.658    0.170E+00    0.297E-01    0.704E-02    0.838E-03    0.838E-03    0.336E-03    0.336E-03    0.871E-06    0.871E-06    0.000E+00    0.000E+00
     1.800     0.659    0.169E+00    0.294E-01    0.691E-02    0.824E-03    0.824E-03    0.330E-03    0.330E-03    0.852E-06    0.852E-06    0.000E+00    0.000E+00
     1.800     0.660    0.168E+00    0.290E-01    0.679E-02    0.809E-03    0.809E-03    0.324E-03    0.324E-03    0.834E-06    0.834E-06    0.000E+00    0.000E+00
     1.800     0.661    0.167E+00    0.287E-01    0.667E-02    0.795E-03    0.795E-03    0.319E-03    0.319E-03    0.816E-06    0.816E-06    0.000E+00    0.000E+00
     1.800     0.662    0.165E+00    0.283E-01    0.655E-02    0.782E-03    0.782E-03    0.313E-03    0.313E-03    0.798E-06    0.798E-06    0.000E+00    0.000E+00
     1.800     0.663    0.164E+00    0.280E-01    0.643E-02    0.768E-03    0.768E-03    0.308E-03    0.308E-03    0.781E-06    0.781E-06    0.000E+00    0.000E+00
     1.800     0.664    0.163E+00    0.276E-01    0.631E-02    0.755E-03    0.755E-03    0.302E-03    0.302E-03    0.764E-06    0.764E-06    0.000E+00    0.000E+00
     1.800     0.665    0.162E+00    0.273E-01    0.620E-02    0.741E-03    0.741E-03    0.297E-03    0.297E-03    0.747E-06    0.747E-06    0.000E+00    0.000E+00
     1.800     0.666    0.161E+00    0.269E-01    0.608E-02    0.728E-03    0.728E-03    0.292E-03    0.292E-03    0.730E-06    0.730E-06    0.000E+00    0.000E+00
     1.800     0.667    0.159E+00    0.266E-01    0.597E-02    0.715E-03    0.715E-03    0.286E-03    0.286E-03    0.714E-06    0.714E-06    0.000E+00    0.000E+00
     1.800     0.668    0.158E+00    0.263E-01    0.586E-02    0.702E-03    0.702E-03    0.281E-03    0.281E-03    0.699E-06    0.699E-06    0.000E+00    0.000E+00
     1.800     0.669    0.157E+00    0.260E-01    0.576E-02    0.690E-03    0.690E-03    0.276E-03    0.276E-03    0.683E-06    0.683E-06    0.000E+00    0.000E+00
     1.800     0.670    0.156E+00    0.256E-01    0.565E-02    0.677E-03    0.677E-03    0.271E-03    0.271E-03    0.668E-06    0.668E-06    0.000E+00    0.000E+00
     1.800     0.671    0.155E+00    0.253E-01    0.555E-02    0.665E-03    0.665E-03    0.266E-03    0.266E-03    0.653E-06    0.653E-06    0.000E+00    0.000E+00
     1.800     0.672    0.153E+00    0.250E-01    0.544E-02    0.652E-03    0.652E-03    0.261E-03    0.261E-03    0.639E-06    0.639E-06    0.000E+00    0.000E+00
     1.800     0.673    0.152E+00    0.247E-01    0.534E-02    0.640E-03    0.640E-03    0.256E-03    0.256E-03    0.625E-06    0.625E-06    0.000E+00    0.000E+00
     1.800     0.674    0.151E+00    0.244E-01    0.524E-02    0.628E-03    0.628E-03    0.252E-03    0.252E-03    0.611E-06    0.611E-06    0.000E+00    0.000E+00
     1.800     0.675    0.150E+00    0.240E-01    0.515E-02    0.617E-03    0.617E-03    0.247E-03    0.247E-03    0.597E-06    0.597E-06    0.000E+00    0.000E+00
     1.800     0.676    0.149E+00    0.237E-01    0.505E-02    0.605E-03    0.605E-03    0.242E-03    0.242E-03    0.584E-06    0.584E-06    0.000E+00    0.000E+00
     1.800     0.677    0.147E+00    0.234E-01    0.495E-02    0.593E-03    0.593E-03    0.238E-03    0.238E-03    0.570E-06    0.570E-06    0.000E+00    0.000E+00
     1.800     0.678    0.146E+00    0.231E-01    0.486E-02    0.582E-03    0.582E-03    0.233E-03    0.233E-03    0.557E-06    0.557E-06    0.000E+00    0.000E+00
     1.800     0.679    0.145E+00    0.228E-01    0.477E-02    0.571E-03    0.571E-03    0.229E-03    0.229E-03    0.544E-06    0.544E-06    0.000E+00    0.000E+00
     1.800     0.680    0.144E+00    0.225E-01    0.468E-02    0.560E-03    0.560E-03    0.224E-03    0.224E-03    0.532E-06    0.532E-06    0.000E+00    0.000E+00
     1.800     0.681    0.143E+00    0.222E-01    0.459E-02    0.549E-03    0.549E-03    0.220E-03    0.220E-03    0.520E-06    0.520E-06    0.000E+00    0.000E+00
     1.800     0.682    0.142E+00    0.219E-01    0.450E-02    0.538E-03    0.538E-03    0.215E-03    0.215E-03    0.508E-06    0.508E-06    0.000E+00    0.000E+00
     1.800     0.683    0.141E+00    0.217E-01    0.441E-02    0.527E-03    0.527E-03    0.211E-03    0.211E-03    0.496E-06    0.496E-06    0.000E+00    0.000E+00
     1.800     0.684    0.139E+00    0.214E-01    0.433E-02    0.517E-03    0.517E-03    0.207E-03    0.207E-03    0.484E-06    0.484E-06    0.000E+00    0.000E+00
     1.800     0.685    0.138E+00    0.211E-01    0.424E-02    0.506E-03    0.506E-03    0.203E-03    0.203E-03    0.473E-06    0.473E-06    0.000E+00    0.000E+00
     1.800     0.686    0.137E+00    0.208E-01    0.416E-02    0.496E-03    0.496E-03    0.199E-03    0.199E-03    0.462E-06    0.462E-06    0.000E+00    0.000E+00
     1.800     0.687    0.136E+00    0.205E-01    0.408E-02    0.486E-03    0.486E-03    0.195E-03    0.195E-03    0.451E-06    0.451E-06    0.000E+00    0.000E+00
     1.800     0.688    0.135E+00    0.202E-01    0.400E-02    0.476E-03    0.476E-03    0.191E-03    0.191E-03    0.441E-06    0.441E-06    0.000E+00    0.000E+00
     1.800     0.689    0.134E+00    0.200E-01    0.392E-02    0.466E-03    0.466E-03    0.187E-03    0.187E-03    0.430E-06    0.430E-06    0.000E+00    0.000E+00
     1.800     0.690    0.133E+00    0.197E-01    0.384E-02    0.456E-03    0.456E-03    0.183E-03    0.183E-03    0.420E-06    0.420E-06    0.000E+00    0.000E+00
     1.800     0.691    0.132E+00    0.194E-01    0.377E-02    0.447E-03    0.447E-03    0.179E-03    0.179E-03    0.410E-06    0.410E-06    0.000E+00    0.000E+00
     1.800     0.692    0.131E+00    0.192E-01    0.369E-02    0.437E-03    0.437E-03    0.175E-03    0.175E-03    0.401E-06    0.401E-06    0.000E+00    0.000E+00
     1.800     0.693    0.129E+00    0.189E-01    0.362E-02    0.428E-03    0.428E-03    0.171E-03    0.171E-03    0.391E-06    0.391E-06    0.000E+00    0.000E+00
     1.800     0.694    0.128E+00    0.186E-01    0.355E-02    0.419E-03    0.419E-03    0.168E-03    0.168E-03    0.382E-06    0.382E-06    0.000E+00    0.000E+00
     1.800     0.695    0.127E+00    0.184E-01    0.348E-02    0.409E-03    0.409E-03    0.164E-03    0.164E-03    0.373E-06    0.373E-06    0.000E+00    0.000E+00
     1.800     0.696    0.126E+00    0.181E-01    0.341E-02    0.400E-03    0.400E-03    0.160E-03    0.160E-03    0.364E-06    0.364E-06    0.000E+00    0.000E+00
     1.800     0.697    0.125E+00    0.179E-01    0.334E-02    0.392E-03    0.392E-03    0.157E-03    0.157E-03    0.355E-06    0.355E-06    0.000E+00    0.000E+00
     1.800     0.698    0.124E+00    0.176E-01    0.327E-02    0.383E-03    0.383E-03    0.153E-03    0.153E-03    0.347E-06    0.347E-06    0.000E+00    0.000E+00
     1.800     0.699    0.123E+00    0.174E-01    0.321E-02    0.374E-03    0.374E-03    0.150E-03    0.150E-03    0.338E-06    0.338E-06    0.000E+00    0.000E+00
     1.800     0.700    0.122E+00    0.171E-01    0.314E-02    0.366E-03    0.366E-03    0.147E-03    0.147E-03    0.330E-06    0.330E-06    0.000E+00    0.000E+00
     1.800     0.701    0.121E+00    0.169E-01    0.308E-02    0.357E-03    0.357E-03    0.143E-03    0.143E-03    0.322E-06    0.322E-06    0.000E+00    0.000E+00
     1.800     0.702    0.120E+00    0.166E-01    0.301E-02    0.349E-03    0.349E-03    0.140E-03    0.140E-03    0.314E-06    0.314E-06    0.000E+00    0.000E+00
     1.800     0.703    0.119E+00    0.164E-01    0.295E-02    0.341E-03    0.341E-03    0.137E-03    0.137E-03    0.306E-06    0.306E-06    0.000E+00    0.000E+00
     1.800     0.704    0.118E+00    0.162E-01    0.289E-02    0.333E-03    0.333E-03    0.133E-03    0.133E-03    0.299E-06    0.299E-06    0.000E+00    0.000E+00
     1.800     0.705    0.117E+00    0.159E-01    0.283E-02    0.325E-03    0.325E-03    0.130E-03    0.130E-03    0.291E-06    0.291E-06    0.000E+00    0.000E+00
     1.800     0.706    0.116E+00    0.157E-01    0.277E-02    0.317E-03    0.317E-03    0.127E-03    0.127E-03    0.284E-06    0.284E-06    0.000E+00    0.000E+00
     1.800     0.707    0.115E+00    0.155E-01    0.271E-02    0.309E-03    0.309E-03    0.124E-03    0.124E-03    0.277E-06    0.277E-06    0.000E+00    0.000E+00
     1.800     0.708    0.114E+00    0.152E-01    0.265E-02    0.302E-03    0.302E-03    0.121E-03    0.121E-03    0.270E-06    0.270E-06    0.000E+00    0.000E+00
     1.800     0.709    0.113E+00    0.150E-01    0.260E-02    0.294E-03    0.294E-03    0.118E-03    0.118E-03    0.263E-06    0.263E-06    0.000E+00    0.000E+00
     1.800     0.710    0.112E+00    0.148E-01    0.254E-02    0.287E-03    0.287E-03    0.115E-03    0.115E-03    0.256E-06    0.256E-06    0.000E+00    0.000E+00
     1.800     0.711    0.111E+00    0.146E-01    0.249E-02    0.280E-03    0.280E-03    0.112E-03    0.112E-03    0.250E-06    0.250E-06    0.000E+00    0.000E+00
     1.800     0.712    0.110E+00    0.144E-01    0.244E-02    0.273E-03    0.273E-03    0.109E-03    0.109E-03    0.244E-06    0.244E-06    0.000E+00    0.000E+00
     1.800     0.713    0.109E+00    0.141E-01    0.239E-02    0.266E-03    0.266E-03    0.106E-03    0.106E-03    0.238E-06    0.238E-06    0.000E+00    0.000E+00
     1.800     0.714    0.108E+00    0.139E-01    0.233E-02    0.259E-03    0.259E-03    0.104E-03    0.104E-03    0.232E-06    0.232E-06    0.000E+00    0.000E+00
     1.800     0.715    0.107E+00    0.137E-01    0.228E-02    0.252E-03    0.252E-03    0.101E-03    0.101E-03    0.226E-06    0.226E-06    0.000E+00    0.000E+00
     1.800     0.716    0.106E+00    0.135E-01    0.224E-02    0.245E-03    0.245E-03    0.982E-04    0.982E-04    0.220E-06    0.220E-06    0.000E+00    0.000E+00
     1.800     0.717    0.105E+00    0.133E-01    0.219E-02    0.238E-03    0.238E-03    0.955E-04    0.955E-04    0.214E-06    0.214E-06    0.000E+00    0.000E+00
     1.800     0.718    0.104E+00    0.131E-01    0.214E-02    0.232E-03    0.232E-03    0.929E-04    0.929E-04    0.209E-06    0.209E-06    0.000E+00    0.000E+00
     1.800     0.719    0.103E+00    0.129E-01    0.209E-02    0.226E-03    0.226E-03    0.903E-04    0.903E-04    0.203E-06    0.203E-06    0.000E+00    0.000E+00
     1.800     0.720    0.102E+00    0.127E-01    0.205E-02    0.219E-03    0.219E-03    0.878E-04    0.878E-04    0.198E-06    0.198E-06    0.000E+00    0.000E+00
     1.800     0.721    0.101E+00    0.125E-01    0.200E-02    0.213E-03    0.213E-03    0.853E-04    0.853E-04    0.193E-06    0.193E-06    0.000E+00    0.000E+00
     1.800     0.722    0.998E-01    0.123E-01    0.196E-02    0.207E-03    0.207E-03    0.829E-04    0.829E-04    0.188E-06    0.188E-06    0.000E+00    0.000E+00
     1.800     0.723    0.989E-01    0.121E-01    0.192E-02    0.201E-03    0.201E-03    0.805E-04    0.805E-04    0.183E-06    0.183E-06    0.000E+00    0.000E+00
     1.800     0.724    0.979E-01    0.119E-01    0.187E-02    0.195E-03    0.195E-03    0.781E-04    0.781E-04    0.178E-06    0.178E-06    0.000E+00    0.000E+00
     1.800     0.725    0.970E-01    0.117E-01    0.183E-02    0.189E-03    0.189E-03    0.757E-04    0.757E-04    0.173E-06    0.173E-06    0.000E+00    0.000E+00
     1.800     0.726    0.961E-01    0.115E-01    0.179E-02    0.183E-03    0.183E-03    0.734E-04    0.734E-04    0.169E-06    0.169E-06    0.000E+00    0.000E+00
     1.800     0.727    0.951E-01    0.114E-01    0.175E-02    0.178E-03    0.178E-03    0.712E-04    0.712E-04    0.164E-06    0.164E-06    0.000E+00    0.000E+00
     1.800     0.728    0.942E-01    0.112E-01    0.171E-02    0.172E-03    0.172E-03    0.689E-04    0.689E-04    0.160E-06    0.160E-06    0.000E+00    0.000E+00
     1.800     0.729    0.933E-01    0.110E-01    0.167E-02    0.167E-03    0.167E-03    0.667E-04    0.667E-04    0.156E-06    0.156E-06    0.000E+00    0.000E+00
     1.800     0.730    0.924E-01    0.108E-01    0.163E-02    0.161E-03    0.161E-03    0.646E-04    0.646E-04    0.151E-06    0.151E-06    0.000E+00    0.000E+00
     1.800     0.731    0.915E-01    0.106E-01    0.160E-02    0.156E-03    0.156E-03    0.625E-04    0.625E-04    0.147E-06    0.147E-06    0.000E+00    0.000E+00
     1.800     0.732    0.905E-01    0.105E-01    0.156E-02    0.151E-03    0.151E-03    0.604E-04    0.604E-04    0.143E-06    0.143E-06    0.000E+00    0.000E+00
     1.800     0.733    0.896E-01    0.103E-01    0.152E-02    0.146E-03    0.146E-03    0.583E-04    0.583E-04    0.139E-06    0.139E-06    0.000E+00    0.000E+00
     1.800     0.734    0.887E-01    0.101E-01    0.149E-02    0.141E-03    0.141E-03    0.563E-04    0.563E-04    0.136E-06    0.136E-06    0.000E+00    0.000E+00
     1.800     0.735    0.879E-01    0.996E-02    0.145E-02    0.136E-03    0.136E-03    0.544E-04    0.544E-04    0.132E-06    0.132E-06    0.000E+00    0.000E+00
     1.800     0.736    0.870E-01    0.980E-02    0.142E-02    0.131E-03    0.131E-03    0.524E-04    0.524E-04    0.128E-06    0.128E-06    0.000E+00    0.000E+00
     1.800     0.737    0.861E-01    0.963E-02    0.139E-02    0.126E-03    0.126E-03    0.505E-04    0.505E-04    0.125E-06    0.125E-06    0.000E+00    0.000E+00
     1.800     0.738    0.852E-01    0.947E-02    0.135E-02    0.121E-03    0.121E-03    0.486E-04    0.486E-04    0.121E-06    0.121E-06    0.000E+00    0.000E+00
     1.800     0.739    0.843E-01    0.931E-02    0.132E-02    0.117E-03    0.117E-03    0.468E-04    0.468E-04    0.118E-06    0.118E-06    0.000E+00    0.000E+00
     1.800     0.740    0.835E-01    0.916E-02    0.129E-02    0.112E-03    0.112E-03    0.450E-04    0.450E-04    0.115E-06    0.115E-06    0.000E+00    0.000E+00
     1.800     0.741    0.826E-01    0.900E-02    0.126E-02    0.108E-03    0.108E-03    0.432E-04    0.432E-04    0.112E-06    0.112E-06    0.000E+00    0.000E+00
     1.800     0.742    0.818E-01    0.885E-02    0.123E-02    0.104E-03    0.104E-03    0.415E-04    0.415E-04    0.108E-06    0.108E-06    0.000E+00    0.000E+00
     1.800     0.743    0.809E-01    0.869E-02    0.120E-02    0.993E-04    0.993E-04    0.398E-04    0.398E-04    0.105E-06    0.105E-06    0.000E+00    0.000E+00
     1.800     0.744    0.801E-01    0.854E-02    0.117E-02    0.951E-04    0.951E-04    0.381E-04    0.381E-04    0.103E-06    0.103E-06    0.000E+00    0.000E+00
     1.800     0.745    0.792E-01    0.840E-02    0.114E-02    0.908E-04    0.908E-04    0.364E-04    0.364E-04    0.996E-07    0.996E-07    0.000E+00    0.000E+00
     1.800     0.746    0.784E-01    0.825E-02    0.112E-02    0.865E-04    0.865E-04    0.347E-04    0.347E-04    0.967E-07    0.967E-07    0.000E+00    0.000E+00
     1.800     0.747    0.775E-01    0.810E-02    0.109E-02    0.824E-04    0.824E-04    0.330E-04    0.330E-04    0.939E-07    0.939E-07    0.000E+00    0.000E+00
     1.800     0.748    0.767E-01    0.796E-02    0.106E-02    0.783E-04    0.783E-04    0.314E-04    0.314E-04    0.912E-07    0.912E-07    0.000E+00    0.000E+00
     1.800     0.749    0.759E-01    0.782E-02    0.104E-02    0.744E-04    0.744E-04    0.298E-04    0.298E-04    0.886E-07    0.886E-07    0.000E+00    0.000E+00
     1.800     0.750    0.751E-01    0.768E-02    0.101E-02    0.705E-04    0.705E-04    0.282E-04    0.282E-04    0.860E-07    0.860E-07    0.000E+00    0.000E+00
     1.800     0.751    0.743E-01    0.754E-02    0.986E-03    0.667E-04    0.667E-04    0.267E-04    0.267E-04    0.835E-07    0.835E-07    0.000E+00    0.000E+00
     1.800     0.752    0.735E-01    0.741E-02    0.962E-03    0.630E-04    0.630E-04    0.252E-04    0.252E-04    0.810E-07    0.810E-07    0.000E+00    0.000E+00
     1.800     0.753    0.727E-01    0.728E-02    0.938E-03    0.593E-04    0.593E-04    0.238E-04    0.238E-04    0.787E-07    0.787E-07    0.000E+00    0.000E+00
     1.800     0.754    0.719E-01    0.714E-02    0.914E-03    0.558E-04    0.558E-04    0.224E-04    0.224E-04    0.763E-07    0.763E-07    0.000E+00    0.000E+00
     1.800     0.755    0.711E-01    0.701E-02    0.891E-03    0.524E-04    0.524E-04    0.210E-04    0.210E-04    0.741E-07    0.741E-07    0.000E+00    0.000E+00
     1.800     0.756    0.703E-01    0.689E-02    0.869E-03    0.490E-04    0.490E-04    0.196E-04    0.196E-04    0.719E-07    0.719E-07    0.000E+00    0.000E+00
     1.800     0.757    0.695E-01    0.676E-02    0.847E-03    0.458E-04    0.458E-04    0.183E-04    0.183E-04    0.698E-07    0.698E-07    0.000E+00    0.000E+00
     1.800     0.758    0.687E-01    0.663E-02    0.825E-03    0.426E-04    0.426E-04    0.171E-04    0.171E-04    0.677E-07    0.677E-07    0.000E+00    0.000E+00
     1.800     0.759    0.679E-01    0.651E-02    0.804E-03    0.395E-04    0.395E-04    0.159E-04    0.159E-04    0.657E-07    0.657E-07    0.000E+00    0.000E+00
     1.800     0.760    0.672E-01    0.639E-02    0.784E-03    0.366E-04    0.366E-04    0.147E-04    0.147E-04    0.637E-07    0.637E-07    0.000E+00    0.000E+00
     1.800     0.761    0.664E-01    0.627E-02    0.764E-03    0.337E-04    0.337E-04    0.135E-04    0.135E-04    0.618E-07    0.618E-07    0.000E+00    0.000E+00
     1.800     0.762    0.657E-01    0.615E-02    0.744E-03    0.309E-04    0.309E-04    0.124E-04    0.124E-04    0.600E-07    0.600E-07    0.000E+00    0.000E+00
     1.800     0.763    0.649E-01    0.603E-02    0.725E-03    0.283E-04    0.283E-04    0.113E-04    0.113E-04    0.582E-07    0.582E-07    0.000E+00    0.000E+00
     1.800     0.764    0.642E-01    0.592E-02    0.706E-03    0.257E-04    0.257E-04    0.103E-04    0.103E-04    0.564E-07    0.564E-07    0.000E+00    0.000E+00
     1.800     0.765    0.634E-01    0.581E-02    0.688E-03    0.233E-04    0.233E-04    0.934E-05    0.934E-05    0.547E-07    0.547E-07    0.000E+00    0.000E+00
     1.800     0.766    0.627E-01    0.570E-02    0.670E-03    0.209E-04    0.209E-04    0.840E-05    0.840E-05    0.531E-07    0.531E-07    0.000E+00    0.000E+00
     1.800     0.767    0.619E-01    0.559E-02    0.652E-03    0.188E-04    0.188E-04    0.756E-05    0.756E-05    0.515E-07    0.515E-07    0.000E+00    0.000E+00
     1.800     0.768    0.612E-01    0.548E-02    0.635E-03    0.171E-04    0.171E-04    0.686E-05    0.686E-05    0.498E-07    0.498E-07    0.000E+00    0.000E+00
     1.800     0.769    0.605E-01    0.537E-02    0.618E-03    0.154E-04    0.154E-04    0.620E-05    0.620E-05    0.483E-07    0.483E-07    0.000E+00    0.000E+00
     1.800     0.770    0.598E-01    0.526E-02    0.601E-03    0.139E-04    0.139E-04    0.558E-05    0.558E-05    0.467E-07    0.467E-07    0.000E+00    0.000E+00
     1.800     0.771    0.591E-01    0.516E-02    0.585E-03    0.124E-04    0.124E-04    0.500E-05    0.500E-05    0.453E-07    0.453E-07    0.000E+00    0.000E+00
     1.800     0.772    0.584E-01    0.506E-02    0.569E-03    0.111E-04    0.111E-04    0.446E-05    0.446E-05    0.438E-07    0.438E-07    0.000E+00    0.000E+00
     1.800     0.773    0.576E-01    0.495E-02    0.553E-03    0.985E-05    0.985E-05    0.396E-05    0.396E-05    0.424E-07    0.424E-07    0.000E+00    0.000E+00
     1.800     0.774    0.569E-01    0.485E-02    0.538E-03    0.869E-05    0.869E-05    0.350E-05    0.350E-05    0.411E-07    0.411E-07    0.000E+00    0.000E+00
     1.800     0.775    0.563E-01    0.476E-02    0.524E-03    0.762E-05    0.762E-05    0.307E-05    0.307E-05    0.398E-07    0.398E-07    0.000E+00    0.000E+00
     1.800     0.776    0.556E-01    0.466E-02    0.509E-03    0.664E-05    0.664E-05    0.267E-05    0.267E-05    0.385E-07    0.385E-07    0.000E+00    0.000E+00
     1.800     0.777    0.549E-01    0.456E-02    0.495E-03    0.573E-05    0.573E-05    0.231E-05    0.231E-05    0.372E-07    0.372E-07    0.000E+00    0.000E+00
     1.800     0.778    0.542E-01    0.447E-02    0.481E-03    0.490E-05    0.490E-05    0.198E-05    0.198E-05    0.360E-07    0.360E-07    0.000E+00    0.000E+00
     1.800     0.779    0.535E-01    0.438E-02    0.468E-03    0.415E-05    0.415E-05    0.167E-05    0.167E-05    0.349E-07    0.349E-07    0.000E+00    0.000E+00
     1.800     0.780    0.529E-01    0.429E-02    0.455E-03    0.348E-05    0.348E-05    0.140E-05    0.140E-05    0.337E-07    0.337E-07    0.000E+00    0.000E+00
     1.800     0.781    0.522E-01    0.420E-02    0.442E-03    0.287E-05    0.287E-05    0.116E-05    0.116E-05    0.326E-07    0.326E-07    0.000E+00    0.000E+00
     1.800     0.782    0.515E-01    0.411E-02    0.430E-03    0.232E-05    0.232E-05    0.937E-06    0.937E-06    0.316E-07    0.316E-07    0.000E+00    0.000E+00
     1.800     0.783    0.509E-01    0.402E-02    0.417E-03    0.184E-05    0.184E-05    0.744E-06    0.744E-06    0.305E-07    0.305E-07    0.000E+00    0.000E+00
     1.800     0.784    0.502E-01    0.394E-02    0.406E-03    0.142E-05    0.142E-05    0.574E-06    0.574E-06    0.295E-07    0.295E-07    0.000E+00    0.000E+00
     1.800     0.785    0.496E-01    0.386E-02    0.394E-03    0.105E-05    0.105E-05    0.426E-06    0.426E-06    0.286E-07    0.286E-07    0.000E+00    0.000E+00
     1.800     0.786    0.490E-01    0.377E-02    0.383E-03    0.741E-06    0.741E-06    0.300E-06    0.300E-06    0.276E-07    0.276E-07    0.000E+00    0.000E+00
     1.800     0.787    0.483E-01    0.369E-02    0.372E-03    0.479E-06    0.479E-06    0.194E-06    0.194E-06    0.267E-07    0.267E-07    0.000E+00    0.000E+00
     1.800     0.788    0.477E-01    0.361E-02    0.361E-03    0.262E-06    0.262E-06    0.107E-06    0.107E-06    0.259E-07    0.259E-07    0.000E+00    0.000E+00
     1.800     0.789    0.471E-01    0.354E-02    0.351E-03    0.892E-07    0.892E-07    0.363E-07    0.363E-07    0.250E-07    0.250E-07    0.000E+00    0.000E+00
     1.800     0.790    0.464E-01    0.346E-02    0.341E-03    0.000E+00    0.000E+00    0.000E+00    0.000E+00    0.242E-07    0.242E-07    0.000E+00    0.000E+00
     1.800     0.791    0.458E-01    0.339E-02    0.330E-03    0.000E+00    0.000E+00    0.000E+00    0.000E+00    0.233E-07    0.233E-07    0.000E+00    0.000E+00
     1.800     0.792    0.452E-01    0.331E-02    0.321E-03    0.000E+00    0.000E+00    0.000E+00    0.000E+00    0.225E-07    0.225E-07    0.000E+00    0.000E+00
     1.800     0.793    0.446E-01    0.324E-02    0.311E-03    0.000E+00    0.000E+00    0.000E+00    0.000E+00    0.217E-07    0.217E-07    0.000E+00    0.000E+00
     1.800     0.794    0.440E-01    0.317E-02    0.302E-03    0.000E+00    0.000E+00    0.000E+00    0.000E+00    0.210E-07    0.210E-07    0.000E+00    0.000E+00
     1.800     0.795    0.434E-01    0.310E-02    0.293E-03    0.000E+00    0.000E+00    0.000E+00    0.000E+00    0.202E-07    0.202E-07    0.000E+00    0.000E+00
     1.800     0.796    0.428E-01    0.303E-02    0.284E-03    0.000E+00    0.000E+00    0.000E+00    0.000E+00    0.195E-07    0.195E-07    0.000E+00    0.000E+00
     1.800     0.797    0.423E-01    0.297E-02    0.275E-03    0.000E+00    0.000E+00    0.000E+00    0.000E+00    0.188E-07    0.188E-07    0.000E+00    0.000E+00
     1.800     0.798    0.417E-01    0.290E-02    0.267E-03    0.000E+00    0.000E+00    0.000E+00    0.000E+00    0.182E-07    0.182E-07    0.000E+00    0.000E+00
     1.800     0.799    0.411E-01    0.284E-02    0.258E-03    0.000E+00    0.000E+00    0.000E+00    0.000E+00    0.175E-07    0.175E-07    0.000E+00    0.000E+00
     1.800     0.800    0.405E-01    0.277E-02    0.250E-03    0.000E+00    0.000E+00    0.000E+00    0.000E+00    0.169E-07    0.169E-07    0.000E+00    0.000E+00
     1.800     0.801    0.400E-01    0.271E-02    0.243E-03    0.000E+00    0.000E+00    0.000E+00    0.000E+00    0.163E-07    0.163E-07    0.000E+00    0.000E+00
     1.800     0.802    0.394E-01    0.265E-02    0.235E-03    0.000E+00    0.000E+00    0.000E+00    0.000E+00    0.157E-07    0.157E-07    0.000E+00    0.000E+00
     1.800     0.803    0.388E-01    0.259E-02    0.228E-03    0.000E+00    0.000E+00    0.000E+00    0.000E+00    0.151E-07    0.151E-07    0.000E+00    0.000E+00
     1.800     0.804    0.383E-01    0.253E-02    0.221E-03    0.000E+00    0.000E+00    0.000E+00    0.000E+00    0.146E-07    0.146E-07    0.000E+00    0.000E+00
     1.800     0.805    0.378E-01    0.247E-02    0.214E-03    0.000E+00    0.000E+00    0.000E+00    0.000E+00    0.141E-07    0.141E-07    0.000E+00    0.000E+00
     1.800     0.806    0.372E-01    0.242E-02    0.207E-03    0.000E+00    0.000E+00    0.000E+00    0.000E+00    0.136E-07    0.136E-07    0.000E+00    0.000E+00
     1.800     0.807    0.367E-01    0.236E-02    0.200E-03    0.000E+00    0.000E+00    0.000E+00    0.000E+00    0.131E-07    0.131E-07    0.000E+00    0.000E+00
     1.800     0.808    0.361E-01    0.231E-02    0.194E-03    0.000E+00    0.000E+00    0.000E+00    0.000E+00    0.126E-07    0.126E-07    0.000E+00    0.000E+00
     1.800     0.809    0.356E-01    0.226E-02    0.188E-03    0.000E+00    0.000E+00    0.000E+00    0.000E+00    0.121E-07    0.121E-07    0.000E+00    0.000E+00
     1.800     0.810    0.351E-01    0.220E-02    0.182E-03    0.000E+00    0.000E+00    0.000E+00    0.000E+00    0.117E-07    0.117E-07    0.000E+00    0.000E+00
     1.800     0.811    0.346E-01    0.215E-02    0.176E-03    0.000E+00    0.000E+00    0.000E+00    0.000E+00    0.113E-07    0.113E-07    0.000E+00    0.000E+00
     1.800     0.812    0.341E-01    0.210E-02    0.170E-03    0.000E+00    0.000E+00    0.000E+00    0.000E+00    0.109E-07    0.109E-07    0.000E+00    0.000E+00
     1.800     0.813    0.336E-01    0.205E-02    0.165E-03    0.000E+00    0.000E+00    0.000E+00    0.000E+00    0.105E-07    0.105E-07    0.000E+00    0.000E+00
     1.800     0.814    0.330E-01    0.200E-02    0.159E-03    0.000E+00    0.000E+00    0.000E+00    0.000E+00    0.101E-07    0.101E-07    0.000E+00    0.000E+00
     1.800     0.815    0.325E-01    0.195E-02    0.154E-03    0.000E+00    0.000E+00    0.000E+00    0.000E+00    0.968E-08    0.968E-08    0.000E+00    0.000E+00
     1.800     0.816    0.321E-01    0.190E-02    0.149E-03    0.000E+00    0.000E+00    0.000E+00    0.000E+00    0.931E-08    0.931E-08    0.000E+00    0.000E+00
     1.800     0.817    0.316E-01    0.186E-02    0.144E-03    0.000E+00    0.000E+00    0.000E+00    0.000E+00    0.894E-08    0.894E-08    0.000E+00    0.000E+00
     1.800     0.818    0.311E-01    0.181E-02    0.139E-03    0.000E+00    0.000E+00    0.000E+00    0.000E+00    0.859E-08    0.859E-08    0.000E+00    0.000E+00
     1.800     0.819    0.306E-01    0.177E-02    0.134E-03    0.000E+00    0.000E+00    0.000E+00    0.000E+00    0.825E-08    0.825E-08    0.000E+00    0.000E+00
     1.800     0.820    0.301E-01    0.172E-02    0.129E-03    0.000E+00    0.000E+00    0.000E+00    0.000E+00    0.793E-08    0.793E-08    0.000E+00    0.000E+00
     1.800     0.821    0.296E-01    0.168E-02    0.125E-03    0.000E+00    0.000E+00    0.000E+00    0.000E+00    0.761E-08    0.761E-08    0.000E+00    0.000E+00
     1.800     0.822    0.292E-01    0.163E-02    0.121E-03    0.000E+00    0.000E+00    0.000E+00    0.000E+00    0.731E-08    0.731E-08    0.000E+00    0.000E+00
     1.800     0.823    0.287E-01    0.159E-02    0.116E-03    0.000E+00    0.000E+00    0.000E+00    0.000E+00    0.702E-08    0.702E-08    0.000E+00    0.000E+00
     1.800     0.824    0.282E-01    0.155E-02    0.112E-03    0.000E+00    0.000E+00    0.000E+00    0.000E+00    0.674E-08    0.674E-08    0.000E+00    0.000E+00
     1.800     0.825    0.278E-01    0.151E-02    0.108E-03    0.000E+00    0.000E+00    0.000E+00    0.000E+00    0.647E-08    0.647E-08    0.000E+00    0.000E+00
     1.800     0.826    0.273E-01    0.147E-02    0.105E-03    0.000E+00    0.000E+00    0.000E+00    0.000E+00    0.621E-08    0.621E-08    0.000E+00    0.000E+00
     1.800     0.827    0.269E-01    0.143E-02    0.101E-03    0.000E+00    0.000E+00    0.000E+00    0.000E+00    0.596E-08    0.596E-08    0.000E+00    0.000E+00
     1.800     0.828    0.265E-01    0.139E-02    0.973E-04    0.000E+00    0.000E+00    0.000E+00    0.000E+00    0.572E-08    0.572E-08    0.000E+00    0.000E+00
     1.800     0.829    0.260E-01    0.136E-02    0.938E-04    0.000E+00    0.000E+00    0.000E+00    0.000E+00    0.549E-08    0.549E-08    0.000E+00    0.000E+00
     1.800     0.830    0.256E-01    0.132E-02    0.905E-04    0.000E+00    0.000E+00    0.000E+00    0.000E+00    0.527E-08    0.527E-08    0.000E+00    0.000E+00
     1.800     0.831    0.252E-01    0.128E-02    0.872E-04    0.000E+00    0.000E+00    0.000E+00    0.000E+00    0.506E-08    0.506E-08    0.000E+00    0.000E+00
     1.800     0.832    0.247E-01    0.125E-02    0.841E-04    0.000E+00    0.000E+00    0.000E+00    0.000E+00    0.485E-08    0.485E-08    0.000E+00    0.000E+00
     1.800     0.833    0.243E-01    0.122E-02    0.811E-04    0.000E+00    0.000E+00    0.000E+00    0.000E+00    0.466E-08    0.466E-08    0.000E+00    0.000E+00
     1.800     0.834    0.239E-01    0.118E-02    0.781E-04    0.000E+00    0.000E+00    0.000E+00    0.000E+00    0.447E-08    0.447E-08    0.000E+00    0.000E+00
     1.800     0.835    0.235E-01    0.115E-02    0.753E-04    0.000E+00    0.000E+00    0.000E+00    0.000E+00    0.429E-08    0.429E-08    0.000E+00    0.000E+00
     1.800     0.836    0.231E-01    0.112E-02    0.725E-04    0.000E+00    0.000E+00    0.000E+00    0.000E+00    0.412E-08    0.412E-08    0.000E+00    0.000E+00
     1.800     0.837    0.227E-01    0.109E-02    0.698E-04    0.000E+00    0.000E+00    0.000E+00    0.000E+00    0.394E-08    0.394E-08    0.000E+00    0.000E+00
     1.800     0.838    0.223E-01    0.105E-02    0.671E-04    0.000E+00    0.000E+00    0.000E+00    0.000E+00    0.377E-08    0.377E-08    0.000E+00    0.000E+00
     1.800     0.839    0.219E-01    0.102E-02    0.645E-04    0.000E+00    0.000E+00    0.000E+00    0.000E+00    0.360E-08    0.360E-08    0.000E+00    0.000E+00
     1.800     0.840    0.215E-01    0.995E-03    0.620E-04    0.000E+00    0.000E+00    0.000E+00    0.000E+00    0.344E-08    0.344E-08    0.000E+00    0.000E+00
     1.800     0.841    0.211E-01    0.966E-03    0.596E-04    0.000E+00    0.000E+00    0.000E+00    0.000E+00    0.329E-08    0.329E-08    0.000E+00    0.000E+00
     1.800     0.842    0.207E-01    0.938E-03    0.572E-04    0.000E+00    0.000E+00    0.000E+00    0.000E+00    0.314E-08    0.314E-08    0.000E+00    0.000E+00
     1.800     0.843    0.204E-01    0.911E-03    0.550E-04    0.000E+00    0.000E+00    0.000E+00    0.000E+00    0.300E-08    0.300E-08    0.000E+00    0.000E+00
     1.800     0.844    0.200E-01    0.884E-03    0.528E-04    0.000E+00    0.000E+00    0.000E+00    0.000E+00    0.286E-08    0.286E-08    0.000E+00    0.000E+00
     1.800     0.845    0.196E-01    0.857E-03    0.507E-04    0.000E+00    0.000E+00    0.000E+00    0.000E+00    0.273E-08    0.273E-08    0.000E+00    0.000E+00
     1.800     0.846    0.193E-01    0.832E-03    0.486E-04    0.000E+00    0.000E+00    0.000E+00    0.000E+00    0.261E-08    0.261E-08    0.000E+00    0.000E+00
     1.800     0.847    0.189E-01    0.807E-03    0.467E-04    0.000E+00    0.000E+00    0.000E+00    0.000E+00    0.249E-08    0.249E-08    0.000E+00    0.000E+00
     1.800     0.848    0.185E-01    0.782E-03    0.448E-04    0.000E+00    0.000E+00    0.000E+00    0.000E+00    0.238E-08    0.238E-08    0.000E+00    0.000E+00
     1.800     0.849    0.182E-01    0.758E-03    0.430E-04    0.000E+00    0.000E+00    0.000E+00    0.000E+00    0.227E-08    0.227E-08    0.000E+00    0.000E+00
     1.800     0.850    0.178E-01    0.735E-03    0.412E-04    0.000E+00    0.000E+00    0.000E+00    0.000E+00    0.217E-08    0.217E-08    0.000E+00    0.000E+00
     1.800     0.851    0.175E-01    0.713E-03    0.396E-04    0.000E+00    0.000E+00    0.000E+00    0.000E+00    0.207E-08    0.207E-08    0.000E+00    0.000E+00
     1.800     0.852    0.172E-01    0.690E-03    0.379E-04    0.000E+00    0.000E+00    0.000E+00    0.000E+00    0.197E-08    0.197E-08    0.000E+00    0.000E+00
     1.800     0.853    0.168E-01    0.669E-03    0.364E-04    0.000E+00    0.000E+00    0.000E+00    0.000E+00    0.189E-08    0.189E-08    0.000E+00    0.000E+00
     1.800     0.854    0.165E-01    0.648E-03    0.349E-04    0.000E+00    0.000E+00    0.000E+00    0.000E+00    0.180E-08    0.180E-08    0.000E+00    0.000E+00
     1.800     0.855    0.162E-01    0.627E-03    0.335E-04    0.000E+00    0.000E+00    0.000E+00    0.000E+00    0.172E-08    0.172E-08    0.000E+00    0.000E+00
     1.800     0.856    0.159E-01    0.607E-03    0.321E-04    0.000E+00    0.000E+00    0.000E+00    0.000E+00    0.164E-08    0.164E-08    0.000E+00    0.000E+00
     1.800     0.857    0.155E-01    0.588E-03    0.308E-04    0.000E+00    0.000E+00    0.000E+00    0.000E+00    0.157E-08    0.157E-08    0.000E+00    0.000E+00
     1.800     0.858    0.152E-01    0.569E-03    0.295E-04    0.000E+00    0.000E+00    0.000E+00    0.000E+00    0.150E-08    0.150E-08    0.000E+00    0.000E+00
     1.800     0.859    0.149E-01    0.550E-03    0.283E-04    0.000E+00    0.000E+00    0.000E+00    0.000E+00    0.143E-08    0.143E-08    0.000E+00    0.000E+00
     1.800     0.860    0.146E-01    0.532E-03    0.270E-04    0.000E+00    0.000E+00    0.000E+00    0.000E+00    0.136E-08    0.136E-08    0.000E+00    0.000E+00
     1.800     0.861    0.143E-01    0.514E-03    0.258E-04    0.000E+00    0.000E+00    0.000E+00    0.000E+00    0.129E-08    0.129E-08    0.000E+00    0.000E+00
     1.800     0.862    0.140E-01    0.497E-03    0.246E-04    0.000E+00    0.000E+00    0.000E+00    0.000E+00    0.123E-08    0.123E-08    0.000E+00    0.000E+00
     1.800     0.863    0.137E-01    0.480E-03    0.235E-04    0.000E+00    0.000E+00    0.000E+00    0.000E+00    0.116E-08    0.116E-08    0.000E+00    0.000E+00
     1.800     0.864    0.134E-01    0.464E-03    0.224E-04    0.000E+00    0.000E+00    0.000E+00    0.000E+00    0.110E-08    0.110E-08    0.000E+00    0.000E+00
     1.800     0.865    0.131E-01    0.448E-03    0.214E-04    0.000E+00    0.000E+00    0.000E+00    0.000E+00    0.105E-08    0.105E-08    0.000E+00    0.000E+00
     1.800     0.866    0.129E-01    0.432E-03    0.204E-04    0.000E+00    0.000E+00    0.000E+00    0.000E+00    0.991E-09    0.991E-09    0.000E+00    0.000E+00
     1.800     0.867    0.126E-01    0.417E-03    0.195E-04    0.000E+00    0.000E+00    0.000E+00    0.000E+00    0.939E-09    0.939E-09    0.000E+00    0.000E+00
     1.800     0.868    0.123E-01    0.402E-03    0.185E-04    0.000E+00    0.000E+00    0.000E+00    0.000E+00    0.890E-09    0.890E-09    0.000E+00    0.000E+00
     1.800     0.869    0.120E-01    0.388E-03    0.177E-04    0.000E+00    0.000E+00    0.000E+00    0.000E+00    0.843E-09    0.843E-09    0.000E+00    0.000E+00
     1.800     0.870    0.118E-01    0.374E-03    0.168E-04    0.000E+00    0.000E+00    0.000E+00    0.000E+00    0.798E-09    0.798E-09    0.000E+00    0.000E+00
     1.800     0.871    0.115E-01    0.361E-03    0.160E-04    0.000E+00    0.000E+00    0.000E+00    0.000E+00    0.756E-09    0.756E-09    0.000E+00    0.000E+00
     1.800     0.872    0.112E-01    0.348E-03    0.153E-04    0.000E+00    0.000E+00    0.000E+00    0.000E+00    0.716E-09    0.716E-09    0.000E+00    0.000E+00
     1.800     0.873    0.110E-01    0.335E-03    0.146E-04    0.000E+00    0.000E+00    0.000E+00    0.000E+00    0.679E-09    0.679E-09    0.000E+00    0.000E+00
     1.800     0.874    0.107E-01    0.323E-03    0.139E-04    0.000E+00    0.000E+00    0.000E+00    0.000E+00    0.643E-09    0.643E-09    0.000E+00    0.000E+00
     1.800     0.875    0.105E-01    0.311E-03    0.132E-04    0.000E+00    0.000E+00    0.000E+00    0.000E+00    0.609E-09    0.609E-09    0.000E+00    0.000E+00
     1.800     0.876    0.102E-01    0.299E-03    0.126E-04    0.000E+00    0.000E+00    0.000E+00    0.000E+00    0.578E-09    0.578E-09    0.000E+00    0.000E+00
     1.800     0.877    0.100E-01    0.288E-03    0.120E-04    0.000E+00    0.000E+00    0.000E+00    0.000E+00    0.548E-09    0.548E-09    0.000E+00    0.000E+00
     1.800     0.878    0.976E-02    0.277E-03    0.114E-04    0.000E+00    0.000E+00    0.000E+00    0.000E+00    0.520E-09    0.520E-09    0.000E+00    0.000E+00
     1.800     0.879    0.953E-02    0.267E-03    0.108E-04    0.000E+00    0.000E+00    0.000E+00    0.000E+00    0.493E-09    0.493E-09    0.000E+00    0.000E+00
     1.800     0.880    0.930E-02    0.257E-03    0.103E-04    0.000E+00    0.000E+00    0.000E+00    0.000E+00    0.468E-09    0.468E-09    0.000E+00    0.000E+00
     1.800     0.881    0.907E-02    0.247E-03    0.983E-05    0.000E+00    0.000E+00    0.000E+00    0.000E+00    0.445E-09    0.445E-09    0.000E+00    0.000E+00
     1.800     0.882    0.885E-02    0.237E-03    0.936E-05    0.000E+00    0.000E+00    0.000E+00    0.000E+00    0.423E-09    0.423E-09    0.000E+00    0.000E+00
     1.800     0.883    0.863E-02    0.228E-03    0.889E-05    0.000E+00    0.000E+00    0.000E+00    0.000E+00    0.400E-09    0.400E-09    0.000E+00    0.000E+00
     1.800     0.884    0.841E-02    0.219E-03    0.841E-05    0.000E+00    0.000E+00    0.000E+00    0.000E+00    0.376E-09    0.376E-09    0.000E+00    0.000E+00
     1.800     0.885    0.820E-02    0.210E-03    0.795E-05    0.000E+00    0.000E+00    0.000E+00    0.000E+00    0.353E-09    0.353E-09    0.000E+00    0.000E+00
     1.800     0.886    0.799E-02    0.201E-03    0.751E-05    0.000E+00    0.000E+00    0.000E+00    0.000E+00    0.331E-09    0.331E-09    0.000E+00    0.000E+00
     1.800     0.887    0.779E-02    0.193E-03    0.710E-05    0.000E+00    0.000E+00    0.000E+00    0.000E+00    0.311E-09    0.311E-09    0.000E+00    0.000E+00
     1.800     0.888    0.759E-02    0.185E-03    0.670E-05    0.000E+00    0.000E+00    0.000E+00    0.000E+00    0.292E-09    0.292E-09    0.000E+00    0.000E+00
     1.800     0.889    0.739E-02    0.177E-03    0.632E-05    0.000E+00    0.000E+00    0.000E+00    0.000E+00    0.273E-09    0.273E-09    0.000E+00    0.000E+00
     1.800     0.890    0.719E-02    0.169E-03    0.597E-05    0.000E+00    0.000E+00    0.000E+00    0.000E+00    0.256E-09    0.256E-09    0.000E+00    0.000E+00
     1.800     0.891    0.700E-02    0.162E-03    0.563E-05    0.000E+00    0.000E+00    0.000E+00    0.000E+00    0.240E-09    0.240E-09    0.000E+00    0.000E+00
     1.800     0.892    0.681E-02    0.155E-03    0.530E-05    0.000E+00    0.000E+00    0.000E+00    0.000E+00    0.225E-09    0.225E-09    0.000E+00    0.000E+00
     1.800     0.893    0.663E-02    0.148E-03    0.500E-05    0.000E+00    0.000E+00    0.000E+00    0.000E+00    0.210E-09    0.210E-09    0.000E+00    0.000E+00
     1.800     0.894    0.644E-02    0.142E-03    0.471E-05    0.000E+00    0.000E+00    0.000E+00    0.000E+00    0.197E-09    0.197E-09    0.000E+00    0.000E+00
     1.800     0.895    0.627E-02    0.135E-03    0.444E-05    0.000E+00    0.000E+00    0.000E+00    0.000E+00    0.184E-09    0.184E-09    0.000E+00    0.000E+00
     1.800     0.896    0.609E-02    0.129E-03    0.418E-05    0.000E+00    0.000E+00    0.000E+00    0.000E+00    0.173E-09    0.173E-09    0.000E+00    0.000E+00
     1.800     0.897    0.592E-02    0.124E-03    0.394E-05    0.000E+00    0.000E+00    0.000E+00    0.000E+00    0.162E-09    0.162E-09    0.000E+00    0.000E+00
     1.800     0.898    0.575E-02    0.118E-03    0.371E-05    0.000E+00    0.000E+00    0.000E+00    0.000E+00    0.152E-09    0.152E-09    0.000E+00    0.000E+00
     1.800     0.899    0.558E-02    0.113E-03    0.350E-05    0.000E+00    0.000E+00    0.000E+00    0.000E+00    0.142E-09    0.142E-09    0.000E+00    0.000E+00
     1.800     0.900    0.542E-02    0.107E-03    0.330E-05    0.000E+00    0.000E+00    0.000E+00    0.000E+00    0.134E-09    0.134E-09    0.000E+00    0.000E+00
     1.800     0.901    0.526E-02    0.102E-03    0.311E-05    0.000E+00    0.000E+00    0.000E+00    0.000E+00    0.126E-09    0.126E-09    0.000E+00    0.000E+00
     1.800     0.902    0.510E-02    0.977E-04    0.294E-05    0.000E+00    0.000E+00    0.000E+00    0.000E+00    0.119E-09    0.119E-09    0.000E+00    0.000E+00
     1.800     0.903    0.495E-02    0.931E-04    0.277E-05    0.000E+00    0.000E+00    0.000E+00    0.000E+00    0.112E-09    0.112E-09    0.000E+00    0.000E+00
     1.800     0.904    0.480E-02    0.887E-04    0.262E-05    0.000E+00    0.000E+00    0.000E+00    0.000E+00    0.106E-09    0.106E-09    0.000E+00    0.000E+00
     1.800     0.905    0.465E-02    0.845E-04    0.247E-05    0.000E+00    0.000E+00    0.000E+00    0.000E+00    0.998E-10    0.998E-10    0.000E+00    0.000E+00
     1.800     0.906    0.451E-02    0.804E-04    0.233E-05    0.000E+00    0.000E+00    0.000E+00    0.000E+00    0.943E-10    0.943E-10    0.000E+00    0.000E+00
     1.800     0.907    0.437E-02    0.763E-04    0.218E-05    0.000E+00    0.000E+00    0.000E+00    0.000E+00    0.872E-10    0.872E-10    0.000E+00    0.000E+00
     1.800     0.908    0.423E-02    0.724E-04    0.203E-05    0.000E+00    0.000E+00    0.000E+00    0.000E+00    0.806E-10    0.806E-10    0.000E+00    0.000E+00
     1.800     0.909    0.409E-02    0.686E-04    0.188E-05    0.000E+00    0.000E+00    0.000E+00    0.000E+00    0.744E-10    0.744E-10    0.000E+00    0.000E+00
     1.800     0.910    0.396E-02    0.650E-04    0.175E-05    0.000E+00    0.000E+00    0.000E+00    0.000E+00    0.686E-10    0.686E-10    0.000E+00    0.000E+00
     1.800     0.911    0.383E-02    0.616E-04    0.163E-05    0.000E+00    0.000E+00    0.000E+00    0.000E+00    0.631E-10    0.631E-10    0.000E+00    0.000E+00
     1.800     0.912    0.370E-02    0.583E-04    0.151E-05    0.000E+00    0.000E+00    0.000E+00    0.000E+00    0.581E-10    0.581E-10    0.000E+00    0.000E+00
     1.800     0.913    0.358E-02    0.551E-04    0.140E-05    0.000E+00    0.000E+00    0.000E+00    0.000E+00    0.534E-10    0.534E-10    0.000E+00    0.000E+00
     1.800     0.914    0.346E-02    0.521E-04    0.130E-05    0.000E+00    0.000E+00    0.000E+00    0.000E+00    0.490E-10    0.490E-10    0.000E+00    0.000E+00
     1.800     0.915    0.334E-02    0.492E-04    0.120E-05    0.000E+00    0.000E+00    0.000E+00    0.000E+00    0.450E-10    0.450E-10    0.000E+00    0.000E+00
     1.800     0.916    0.322E-02    0.464E-04    0.111E-05    0.000E+00    0.000E+00    0.000E+00    0.000E+00    0.413E-10    0.413E-10    0.000E+00    0.000E+00
     1.800     0.917    0.311E-02    0.438E-04    0.103E-05    0.000E+00    0.000E+00    0.000E+00    0.000E+00    0.379E-10    0.379E-10    0.000E+00    0.000E+00
     1.800     0.918    0.300E-02    0.413E-04    0.951E-06    0.000E+00    0.000E+00    0.000E+00    0.000E+00    0.347E-10    0.347E-10    0.000E+00    0.000E+00
     1.800     0.919    0.289E-02    0.390E-04    0.880E-06    0.000E+00    0.000E+00    0.000E+00    0.000E+00    0.319E-10    0.319E-10    0.000E+00    0.000E+00
     1.800     0.920    0.278E-02    0.367E-04    0.815E-06    0.000E+00    0.000E+00    0.000E+00    0.000E+00    0.293E-10    0.293E-10    0.000E+00    0.000E+00
     1.800     0.921    0.268E-02    0.346E-04    0.755E-06    0.000E+00    0.000E+00    0.000E+00    0.000E+00    0.270E-10    0.270E-10    0.000E+00    0.000E+00
     1.800     0.922    0.258E-02    0.326E-04    0.700E-06    0.000E+00    0.000E+00    0.000E+00    0.000E+00    0.250E-10    0.250E-10    0.000E+00    0.000E+00
     1.800     0.923    0.248E-02    0.306E-04    0.650E-06    0.000E+00    0.000E+00    0.000E+00    0.000E+00    0.231E-10    0.231E-10    0.000E+00    0.000E+00
     1.800     0.924    0.239E-02    0.288E-04    0.605E-06    0.000E+00    0.000E+00    0.000E+00    0.000E+00    0.215E-10    0.215E-10    0.000E+00    0.000E+00
     1.800     0.925    0.229E-02    0.271E-04    0.563E-06    0.000E+00    0.000E+00    0.000E+00    0.000E+00    0.200E-10    0.200E-10    0.000E+00    0.000E+00
     1.800     0.926    0.220E-02    0.255E-04    0.526E-06    0.000E+00    0.000E+00    0.000E+00    0.000E+00    0.188E-10    0.188E-10    0.000E+00    0.000E+00
     1.800     0.927    0.211E-02    0.240E-04    0.493E-06    0.000E+00    0.000E+00    0.000E+00    0.000E+00    0.177E-10    0.177E-10    0.000E+00    0.000E+00
     1.800     0.928    0.203E-02    0.225E-04    0.463E-06    0.000E+00    0.000E+00    0.000E+00    0.000E+00    0.167E-10    0.167E-10    0.000E+00    0.000E+00
     1.800     0.929    0.194E-02    0.212E-04    0.436E-06    0.000E+00    0.000E+00    0.000E+00    0.000E+00    0.160E-10    0.160E-10    0.000E+00    0.000E+00
     1.800     0.930    0.186E-02    0.198E-04    0.401E-06    0.000E+00    0.000E+00    0.000E+00    0.000E+00    0.146E-10    0.146E-10    0.000E+00    0.000E+00
     1.800     0.931    0.178E-02    0.184E-04    0.363E-06    0.000E+00    0.000E+00    0.000E+00    0.000E+00    0.131E-10    0.131E-10    0.000E+00    0.000E+00
     1.800     0.932    0.171E-02    0.171E-04    0.328E-06    0.000E+00    0.000E+00    0.000E+00    0.000E+00    0.118E-10    0.118E-10    0.000E+00    0.000E+00
     1.800     0.933    0.163E-02    0.158E-04    0.295E-06    0.000E+00    0.000E+00    0.000E+00    0.000E+00    0.105E-10    0.105E-10    0.000E+00    0.000E+00
     1.800     0.934    0.156E-02    0.147E-04    0.265E-06    0.000E+00    0.000E+00    0.000E+00    0.000E+00    0.934E-11    0.934E-11    0.000E+00    0.000E+00
     1.800     0.935    0.149E-02    0.136E-04    0.237E-06    0.000E+00    0.000E+00    0.000E+00    0.000E+00    0.828E-11    0.828E-11    0.000E+00    0.000E+00
     1.800     0.936    0.142E-02    0.126E-04    0.212E-06    0.000E+00    0.000E+00    0.000E+00    0.000E+00    0.731E-11    0.731E-11    0.000E+00    0.000E+00
     1.800     0.937    0.135E-02    0.116E-04    0.188E-06    0.000E+00    0.000E+00    0.000E+00    0.000E+00    0.644E-11    0.644E-11    0.000E+00    0.000E+00
     1.800     0.938    0.129E-02    0.107E-04    0.167E-06    0.000E+00    0.000E+00    0.000E+00    0.000E+00    0.566E-11    0.566E-11    0.000E+00    0.000E+00
     1.800     0.939    0.123E-02    0.983E-05    0.148E-06    0.000E+00    0.000E+00    0.000E+00    0.000E+00    0.497E-11    0.497E-11    0.000E+00    0.000E+00
     1.800     0.940    0.117E-02    0.905E-05    0.131E-06    0.000E+00    0.000E+00    0.000E+00    0.000E+00    0.435E-11    0.435E-11    0.000E+00    0.000E+00
     1.800     0.941    0.111E-02    0.832E-05    0.116E-06    0.000E+00    0.000E+00    0.000E+00    0.000E+00    0.382E-11    0.382E-11    0.000E+00    0.000E+00
     1.800     0.942    0.105E-02    0.764E-05    0.102E-06    0.000E+00    0.000E+00    0.000E+00    0.000E+00    0.335E-11    0.335E-11    0.000E+00    0.000E+00
     1.800     0.943    0.998E-03    0.701E-05    0.904E-07    0.000E+00    0.000E+00    0.000E+00    0.000E+00    0.296E-11    0.296E-11    0.000E+00    0.000E+00
     1.800     0.944    0.945E-03    0.643E-05    0.802E-07    0.000E+00    0.000E+00    0.000E+00    0.000E+00    0.263E-11    0.263E-11    0.000E+00    0.000E+00
     1.800     0.945    0.894E-03    0.590E-05    0.715E-07    0.000E+00    0.000E+00    0.000E+00    0.000E+00    0.236E-11    0.236E-11    0.000E+00    0.000E+00
     1.800     0.946    0.844E-03    0.541E-05    0.641E-07    0.000E+00    0.000E+00    0.000E+00    0.000E+00    0.215E-11    0.215E-11    0.000E+00    0.000E+00
     1.800     0.947    0.797E-03    0.496E-05    0.581E-07    0.000E+00    0.000E+00    0.000E+00    0.000E+00    0.199E-11    0.199E-11    0.000E+00    0.000E+00
     1.800     0.948    0.751E-03    0.456E-05    0.532E-07    0.000E+00    0.000E+00    0.000E+00    0.000E+00    0.188E-11    0.188E-11    0.000E+00    0.000E+00
     1.800     0.949    0.707E-03    0.419E-05    0.495E-07    0.000E+00    0.000E+00    0.000E+00    0.000E+00    0.181E-11    0.181E-11    0.000E+00    0.000E+00
     1.800     0.950    0.664E-03    0.386E-05    0.467E-07    0.000E+00    0.000E+00    0.000E+00    0.000E+00    0.178E-11    0.178E-11    0.000E+00    0.000E+00
     1.800     0.951    0.623E-03    0.356E-05    0.449E-07    0.000E+00    0.000E+00    0.000E+00    0.000E+00    0.179E-11    0.179E-11    0.000E+00    0.000E+00
     1.800     0.952    0.583E-03    0.329E-05    0.439E-07    0.000E+00    0.000E+00    0.000E+00    0.000E+00    0.182E-11    0.182E-11    0.000E+00    0.000E+00
     1.800     0.953    0.544E-03    0.303E-05    0.424E-07    0.109E-08    0.109E-08    0.435E-09    0.435E-09    0.182E-11    0.182E-11    0.000E+00    0.000E+00
     1.800     0.954    0.506E-03    0.268E-05    0.358E-07    0.717E-08    0.717E-08    0.287E-08    0.287E-08    0.157E-11    0.157E-11    0.000E+00    0.000E+00
     1.800     0.955    0.469E-03    0.236E-05    0.298E-07    0.135E-07    0.135E-07    0.539E-08    0.539E-08    0.135E-11    0.135E-11    0.000E+00    0.000E+00
     1.800     0.956    0.433E-03    0.207E-05    0.243E-07    0.200E-07    0.200E-07    0.800E-08    0.800E-08    0.114E-11    0.114E-11    0.000E+00    0.000E+00
     1.800     0.957    0.398E-03    0.180E-05    0.195E-07    0.267E-07    0.267E-07    0.107E-07    0.107E-07    0.950E-12    0.950E-12    0.000E+00    0.000E+00
     1.800     0.958    0.365E-03    0.155E-05    0.151E-07    0.335E-07    0.335E-07    0.134E-07    0.134E-07    0.781E-12    0.781E-12    0.000E+00    0.000E+00
     1.800     0.959    0.334E-03    0.132E-05    0.113E-07    0.404E-07    0.404E-07    0.162E-07    0.162E-07    0.630E-12    0.630E-12    0.000E+00    0.000E+00
     1.800     0.960    0.304E-03    0.112E-05    0.793E-08    0.474E-07    0.474E-07    0.189E-07    0.189E-07    0.496E-12    0.496E-12    0.000E+00    0.000E+00
     1.800     0.961    0.275E-03    0.933E-06    0.504E-08    0.544E-07    0.544E-07    0.217E-07    0.217E-07    0.379E-12    0.379E-12    0.000E+00    0.000E+00
     1.800     0.962    0.247E-03    0.768E-06    0.260E-08    0.614E-07    0.614E-07    0.246E-07    0.246E-07    0.277E-12    0.277E-12    0.000E+00    0.000E+00
     1.800     0.963    0.221E-03    0.622E-06    0.578E-09    0.684E-07    0.684E-07    0.274E-07    0.274E-07    0.190E-12    0.190E-12    0.000E+00    0.000E+00
     1.800     0.964    0.196E-03    0.494E-06    0.000E+00    0.753E-07    0.753E-07    0.301E-07    0.301E-07    0.118E-12    0.118E-12    0.000E+00    0.000E+00
     1.800     0.965    0.172E-03    0.383E-06    0.000E+00    0.821E-07    0.821E-07    0.329E-07    0.329E-07    0.583E-13    0.583E-13    0.000E+00    0.000E+00
     1.800     0.966    0.149E-03    0.288E-06    0.000E+00    0.889E-07    0.889E-07    0.355E-07    0.355E-07    0.116E-13    0.116E-13    0.000E+00    0.000E+00
     1.800     0.967    0.128E-03    0.207E-06    0.000E+00    0.954E-07    0.954E-07    0.382E-07    0.382E-07    0.000E+00    0.000E+00    0.000E+00    0.000E+00
     1.800     0.968    0.108E-03    0.142E-06    0.000E+00    0.102E-06    0.102E-06    0.407E-07    0.407E-07    0.000E+00    0.000E+00    0.000E+00    0.000E+00
     1.800     0.969    0.891E-04    0.892E-07    0.000E+00    0.108E-06    0.108E-06    0.432E-07    0.432E-07    0.000E+00    0.000E+00    0.000E+00    0.000E+00
     1.800     0.970    0.714E-04    0.491E-07    0.000E+00    0.114E-06    0.114E-06    0.455E-07    0.455E-07    0.000E+00    0.000E+00    0.000E+00    0.000E+00
     1.800     0.971    0.548E-04    0.207E-07    0.000E+00    0.119E-06    0.119E-06    0.478E-07    0.478E-07    0.000E+00    0.000E+00    0.000E+00    0.000E+00
     1.800     0.972    0.394E-04    0.283E-08    0.000E+00    0.125E-06    0.125E-06    0.499E-07    0.499E-07    0.000E+00    0.000E+00    0.000E+00    0.000E+00
     1.800     0.973    0.252E-04    0.000E+00    0.000E+00    0.130E-06    0.130E-06    0.518E-07    0.518E-07    0.000E+00    0.000E+00    0.000E+00    0.000E+00
     1.800     0.974    0.120E-04    0.000E+00    0.000E+00    0.134E-06    0.134E-06    0.536E-07    0.536E-07    0.000E+00    0.000E+00    0.000E+00    0.000E+00
     1.800     0.975    0.000E+00    0.400E-08    0.424E-09    0.138E-06    0.138E-06    0.553E-07    0.553E-07    0.236E-13    0.236E-13    0.000E+00    0.000E+00
     1.800     0.976    0.000E+00    0.195E-07    0.170E-08    0.142E-06    0.142E-06    0.567E-07    0.567E-07    0.580E-13    0.580E-13    0.000E+00    0.000E+00
     1.800     0.977    0.000E+00    0.411E-07    0.306E-08    0.145E-06    0.145E-06    0.580E-07    0.580E-07    0.961E-13    0.961E-13    0.000E+00    0.000E+00
     1.800     0.978    0.000E+00    0.677E-07    0.448E-08    0.148E-06    0.148E-06    0.590E-07    0.590E-07    0.137E-12    0.137E-12    0.000E+00    0.000E+00
     1.800     0.979    0.000E+00    0.985E-07    0.593E-08    0.150E-06    0.150E-06    0.599E-07    0.599E-07    0.180E-12    0.180E-12    0.000E+00    0.000E+00
     1.800     0.980    0.000E+00    0.133E-06    0.740E-08    0.151E-06    0.151E-06    0.604E-07    0.604E-07    0.223E-12    0.223E-12    0.000E+00    0.000E+00
     1.800     0.981    0.000E+00    0.169E-06    0.886E-08    0.152E-06    0.152E-06    0.608E-07    0.608E-07    0.268E-12    0.268E-12    0.000E+00    0.000E+00
     1.800     0.982    0.000E+00    0.206E-06    0.103E-07    0.152E-06    0.152E-06    0.608E-07    0.608E-07    0.311E-12    0.311E-12    0.000E+00    0.000E+00
     1.800     0.983    0.000E+00    0.244E-06    0.116E-07    0.151E-06    0.151E-06    0.606E-07    0.606E-07    0.353E-12    0.353E-12    0.000E+00    0.000E+00
     1.800     0.984    0.000E+00    0.282E-06    0.129E-07    0.150E-06    0.150E-06    0.601E-07    0.601E-07    0.393E-12    0.393E-12    0.000E+00    0.000E+00
     1.800     0.985    0.000E+00    0.317E-06    0.140E-07    0.148E-06    0.148E-06    0.593E-07    0.593E-07    0.429E-12    0.429E-12    0.000E+00    0.000E+00
     1.800     0.986    0.000E+00    0.351E-06    0.150E-07    0.145E-06    0.145E-06    0.581E-07    0.581E-07    0.462E-12    0.462E-12    0.000E+00    0.000E+00
     1.800     0.987    0.000E+00    0.380E-06    0.159E-07    0.142E-06    0.142E-06    0.566E-07    0.566E-07    0.489E-12    0.489E-12    0.000E+00    0.000E+00
     1.800     0.988    0.000E+00    0.406E-06    0.165E-07    0.137E-06    0.137E-06    0.548E-07    0.548E-07    0.511E-12    0.511E-12    0.000E+00    0.000E+00
     1.800     0.989    0.000E+00    0.425E-06    0.170E-07    0.131E-06    0.131E-06    0.526E-07    0.526E-07    0.526E-12    0.526E-12    0.000E+00    0.000E+00
     1.800     0.990    0.000E+00    0.439E-06    0.172E-07    0.125E-06    0.125E-06    0.500E-07    0.500E-07    0.534E-12    0.534E-12    0.000E+00    0.000E+00
     1.800     0.991    0.000E+00    0.445E-06    0.171E-07    0.118E-06    0.118E-06    0.470E-07    0.470E-07    0.533E-12    0.533E-12    0.000E+00    0.000E+00
     1.800     0.992    0.000E+00    0.442E-06    0.167E-07    0.109E-06    0.109E-06    0.436E-07    0.436E-07    0.523E-12    0.523E-12    0.000E+00    0.000E+00
     1.800     0.993    0.000E+00    0.430E-06    0.160E-07    0.995E-07    0.995E-07    0.398E-07    0.398E-07    0.502E-12    0.502E-12    0.000E+00    0.000E+00
     1.800     0.994    0.000E+00    0.408E-06    0.150E-07    0.889E-07    0.889E-07    0.356E-07    0.356E-07    0.471E-12    0.471E-12    0.000E+00    0.000E+00
     1.800     0.995    0.000E+00    0.375E-06    0.136E-07    0.771E-07    0.771E-07    0.308E-07    0.308E-07    0.428E-12    0.428E-12    0.000E+00    0.000E+00
     1.800     0.996    0.000E+00    0.328E-06    0.118E-07    0.642E-07    0.642E-07    0.257E-07    0.257E-07    0.371E-12    0.371E-12    0.000E+00    0.000E+00
     1.800     0.997    0.000E+00    0.269E-06    0.953E-08    0.500E-07    0.500E-07    0.200E-07    0.200E-07    0.301E-12    0.301E-12    0.000E+00    0.000E+00
     1.800     0.998    0.000E+00    0.195E-06    0.684E-08    0.347E-07    0.347E-07    0.139E-07    0.139E-07    0.217E-12    0.217E-12    0.000E+00    0.000E+00
     1.800     0.999    0.000E+00    0.106E-06    0.367E-08    0.180E-07    0.180E-07    0.719E-08    0.719E-08    0.117E-12    0.117E-12    0.000E+00    0.000E+00

