     Q**2          x         u           d           g          ub          db          sb          s          cb          c          bb          b
     1.800     0.001    0.349E+00    0.326E+00    0.874E+00    0.314E+00    0.319E+00    0.132E+00    0.132E+00    0.826E-02    0.826E-02    0.000E+00    0.000E+00
     1.800     0.002    0.324E+00    0.295E+00    0.113E+01    0.271E+00    0.280E+00    0.115E+00    0.115E+00    0.732E-02    0.732E-02    0.000E+00    0.000E+00
     1.800     0.003    0.317E+00    0.282E+00    0.132E+01    0.248E+00    0.259E+00    0.106E+00    0.106E+00    0.681E-02    0.681E-02    0.000E+00    0.000E+00
     1.800     0.004    0.316E+00    0.279E+00    0.147E+01    0.234E+00    0.247E+00    0.100E+00    0.100E+00    0.647E-02    0.647E-02    0.000E+00    0.000E+00
     1.800     0.005    0.317E+00    0.278E+00    0.159E+01    0.224E+00    0.239E+00    0.963E-01    0.963E-01    0.620E-02    0.620E-02    0.000E+00    0.000E+00
     1.800     0.006    0.320E+00    0.279E+00    0.170E+01    0.216E+00    0.232E+00    0.932E-01    0.932E-01    0.596E-02    0.596E-02    0.000E+00    0.000E+00
     1.800     0.007    0.324E+00    0.282E+00    0.179E+01    0.210E+00    0.227E+00    0.909E-01    0.909E-01    0.575E-02    0.575E-02    0.000E+00    0.000E+00
     1.800     0.008    0.328E+00    0.284E+00    0.187E+01    0.204E+00    0.222E+00    0.886E-01    0.886E-01    0.555E-02    0.555E-02    0.000E+00    0.000E+00
     1.800     0.009    0.333E+00    0.288E+00    0.194E+01    0.200E+00    0.219E+00    0.869E-01    0.869E-01    0.539E-02    0.539E-02    0.000E+00    0.000E+00
     1.800     0.010    0.338E+00    0.292E+00    0.201E+01    0.195E+00    0.215E+00    0.852E-01    0.852E-01    0.522E-02    0.522E-02    0.000E+00    0.000E+00
     1.800     0.011    0.343E+00    0.296E+00    0.206E+01    0.192E+00    0.212E+00    0.839E-01    0.839E-01    0.509E-02    0.509E-02    0.000E+00    0.000E+00
     1.800     0.012    0.348E+00    0.300E+00    0.211E+01    0.189E+00    0.209E+00    0.826E-01    0.826E-01    0.494E-02    0.494E-02    0.000E+00    0.000E+00
     1.800     0.013    0.353E+00    0.304E+00    0.216E+01    0.186E+00    0.207E+00    0.815E-01    0.815E-01    0.481E-02    0.481E-02    0.000E+00    0.000E+00
     1.800     0.014    0.359E+00    0.309E+00    0.220E+01    0.184E+00    0.205E+00    0.806E-01    0.806E-01    0.470E-02    0.470E-02    0.000E+00    0.000E+00
     1.800     0.015    0.364E+00    0.313E+00    0.223E+01    0.181E+00    0.203E+00    0.795E-01    0.795E-01    0.458E-02    0.458E-02    0.000E+00    0.000E+00
     1.800     0.016    0.369E+00    0.317E+00    0.226E+01    0.179E+00    0.201E+00    0.787E-01    0.787E-01    0.447E-02    0.447E-02    0.000E+00    0.000E+00
     1.800     0.017    0.375E+00    0.321E+00    0.229E+01    0.178E+00    0.199E+00    0.780E-01    0.780E-01    0.437E-02    0.437E-02    0.000E+00    0.000E+00
     1.800     0.018    0.380E+00    0.325E+00    0.232E+01    0.176E+00    0.197E+00    0.772E-01    0.772E-01    0.427E-02    0.427E-02    0.000E+00    0.000E+00
     1.800     0.019    0.385E+00    0.329E+00    0.234E+01    0.174E+00    0.195E+00    0.764E-01    0.764E-01    0.417E-02    0.417E-02    0.000E+00    0.000E+00
     1.800     0.020    0.390E+00    0.333E+00    0.236E+01    0.173E+00    0.194E+00    0.758E-01    0.758E-01    0.407E-02    0.407E-02    0.000E+00    0.000E+00
     1.800     0.021    0.396E+00    0.337E+00    0.237E+01    0.172E+00    0.193E+00    0.752E-01    0.752E-01    0.399E-02    0.399E-02    0.000E+00    0.000E+00
     1.800     0.022    0.401E+00    0.341E+00    0.239E+01    0.170E+00    0.191E+00    0.746E-01    0.746E-01    0.390E-02    0.390E-02    0.000E+00    0.000E+00
     1.800     0.023    0.405E+00    0.344E+00    0.240E+01    0.169E+00    0.189E+00    0.739E-01    0.739E-01    0.381E-02    0.381E-02    0.000E+00    0.000E+00
     1.800     0.024    0.410E+00    0.348E+00    0.241E+01    0.168E+00    0.188E+00    0.734E-01    0.734E-01    0.373E-02    0.373E-02    0.000E+00    0.000E+00
     1.800     0.025    0.415E+00    0.351E+00    0.242E+01    0.166E+00    0.187E+00    0.728E-01    0.728E-01    0.365E-02    0.365E-02    0.000E+00    0.000E+00
     1.800     0.026    0.420E+00    0.355E+00    0.243E+01    0.165E+00    0.186E+00    0.724E-01    0.724E-01    0.358E-02    0.358E-02    0.000E+00    0.000E+00
     1.800     0.027    0.425E+00    0.358E+00    0.244E+01    0.164E+00    0.184E+00    0.718E-01    0.718E-01    0.350E-02    0.350E-02    0.000E+00    0.000E+00
     1.800     0.028    0.430E+00    0.361E+00    0.244E+01    0.163E+00    0.183E+00    0.713E-01    0.713E-01    0.343E-02    0.343E-02    0.000E+00    0.000E+00
     1.800     0.029    0.434E+00    0.364E+00    0.245E+01    0.162E+00    0.182E+00    0.708E-01    0.708E-01    0.336E-02    0.336E-02    0.000E+00    0.000E+00
     1.800     0.030    0.439E+00    0.368E+00    0.245E+01    0.161E+00    0.181E+00    0.704E-01    0.704E-01    0.329E-02    0.329E-02    0.000E+00    0.000E+00
     1.800     0.031    0.444E+00    0.371E+00    0.245E+01    0.160E+00    0.180E+00    0.700E-01    0.700E-01    0.323E-02    0.323E-02    0.000E+00    0.000E+00
     1.800     0.032    0.448E+00    0.374E+00    0.245E+01    0.160E+00    0.179E+00    0.696E-01    0.696E-01    0.316E-02    0.316E-02    0.000E+00    0.000E+00
     1.800     0.033    0.453E+00    0.376E+00    0.244E+01    0.159E+00    0.178E+00    0.692E-01    0.692E-01    0.310E-02    0.310E-02    0.000E+00    0.000E+00
     1.800     0.034    0.457E+00    0.379E+00    0.244E+01    0.158E+00    0.177E+00    0.688E-01    0.688E-01    0.304E-02    0.304E-02    0.000E+00    0.000E+00
     1.800     0.035    0.462E+00    0.382E+00    0.243E+01    0.157E+00    0.176E+00    0.684E-01    0.684E-01    0.298E-02    0.298E-02    0.000E+00    0.000E+00
     1.800     0.036    0.466E+00    0.384E+00    0.243E+01    0.157E+00    0.175E+00    0.681E-01    0.681E-01    0.293E-02    0.293E-02    0.000E+00    0.000E+00
     1.800     0.037    0.470E+00    0.387E+00    0.242E+01    0.156E+00    0.174E+00    0.678E-01    0.678E-01    0.287E-02    0.287E-02    0.000E+00    0.000E+00
     1.800     0.038    0.475E+00    0.390E+00    0.241E+01    0.155E+00    0.174E+00    0.675E-01    0.675E-01    0.282E-02    0.282E-02    0.000E+00    0.000E+00
     1.800     0.039    0.479E+00    0.392E+00    0.241E+01    0.154E+00    0.173E+00    0.671E-01    0.671E-01    0.277E-02    0.277E-02    0.000E+00    0.000E+00
     1.800     0.040    0.483E+00    0.394E+00    0.240E+01    0.154E+00    0.172E+00    0.667E-01    0.667E-01    0.272E-02    0.272E-02    0.000E+00    0.000E+00
     1.800     0.041    0.487E+00    0.397E+00    0.239E+01    0.153E+00    0.171E+00    0.664E-01    0.664E-01    0.267E-02    0.267E-02    0.000E+00    0.000E+00
     1.800     0.042    0.491E+00    0.399E+00    0.238E+01    0.152E+00    0.170E+00    0.660E-01    0.660E-01    0.262E-02    0.262E-02    0.000E+00    0.000E+00
     1.800     0.043    0.495E+00    0.401E+00    0.237E+01    0.151E+00    0.169E+00    0.657E-01    0.657E-01    0.257E-02    0.257E-02    0.000E+00    0.000E+00
     1.800     0.044    0.498E+00    0.403E+00    0.236E+01    0.150E+00    0.169E+00    0.653E-01    0.653E-01    0.252E-02    0.252E-02    0.000E+00    0.000E+00
     1.800     0.045    0.502E+00    0.405E+00    0.235E+01    0.150E+00    0.168E+00    0.650E-01    0.650E-01    0.248E-02    0.248E-02    0.000E+00    0.000E+00
     1.800     0.046    0.506E+00    0.407E+00    0.234E+01    0.149E+00    0.167E+00    0.647E-01    0.647E-01    0.243E-02    0.243E-02    0.000E+00    0.000E+00
     1.800     0.047    0.510E+00    0.409E+00    0.233E+01    0.148E+00    0.167E+00    0.643E-01    0.643E-01    0.239E-02    0.239E-02    0.000E+00    0.000E+00
     1.800     0.048    0.513E+00    0.411E+00    0.232E+01    0.147E+00    0.166E+00    0.640E-01    0.640E-01    0.234E-02    0.234E-02    0.000E+00    0.000E+00
     1.800     0.049    0.517E+00    0.413E+00    0.231E+01    0.146E+00    0.165E+00    0.637E-01    0.637E-01    0.230E-02    0.230E-02    0.000E+00    0.000E+00
     1.800     0.050    0.520E+00    0.414E+00    0.230E+01    0.145E+00    0.165E+00    0.634E-01    0.634E-01    0.226E-02    0.226E-02    0.000E+00    0.000E+00
     1.800     0.051    0.524E+00    0.416E+00    0.229E+01    0.145E+00    0.164E+00    0.630E-01    0.630E-01    0.222E-02    0.222E-02    0.000E+00    0.000E+00
     1.800     0.052    0.527E+00    0.418E+00    0.227E+01    0.144E+00    0.163E+00    0.627E-01    0.627E-01    0.218E-02    0.218E-02    0.000E+00    0.000E+00
     1.800     0.053    0.530E+00    0.419E+00    0.226E+01    0.143E+00    0.163E+00    0.624E-01    0.624E-01    0.214E-02    0.214E-02    0.000E+00    0.000E+00
     1.800     0.054    0.534E+00    0.421E+00    0.225E+01    0.142E+00    0.162E+00    0.621E-01    0.621E-01    0.211E-02    0.211E-02    0.000E+00    0.000E+00
     1.800     0.055    0.537E+00    0.422E+00    0.223E+01    0.141E+00    0.162E+00    0.618E-01    0.618E-01    0.207E-02    0.207E-02    0.000E+00    0.000E+00
     1.800     0.056    0.540E+00    0.424E+00    0.222E+01    0.140E+00    0.161E+00    0.615E-01    0.615E-01    0.203E-02    0.203E-02    0.000E+00    0.000E+00
     1.800     0.057    0.543E+00    0.425E+00    0.221E+01    0.140E+00    0.160E+00    0.612E-01    0.612E-01    0.200E-02    0.200E-02    0.000E+00    0.000E+00
     1.800     0.058    0.546E+00    0.426E+00    0.219E+01    0.139E+00    0.160E+00    0.609E-01    0.609E-01    0.196E-02    0.196E-02    0.000E+00    0.000E+00
     1.800     0.059    0.549E+00    0.428E+00    0.218E+01    0.138E+00    0.159E+00    0.606E-01    0.606E-01    0.193E-02    0.193E-02    0.000E+00    0.000E+00
     1.800     0.060    0.552E+00    0.429E+00    0.216E+01    0.137E+00    0.159E+00    0.603E-01    0.603E-01    0.190E-02    0.190E-02    0.000E+00    0.000E+00
     1.800     0.061    0.555E+00    0.430E+00    0.215E+01    0.136E+00    0.158E+00    0.600E-01    0.600E-01    0.187E-02    0.187E-02    0.000E+00    0.000E+00
     1.800     0.062    0.558E+00    0.431E+00    0.213E+01    0.135E+00    0.158E+00    0.597E-01    0.597E-01    0.184E-02    0.184E-02    0.000E+00    0.000E+00
     1.800     0.063    0.561E+00    0.432E+00    0.212E+01    0.134E+00    0.157E+00    0.594E-01    0.594E-01    0.181E-02    0.181E-02    0.000E+00    0.000E+00
     1.800     0.064    0.564E+00    0.433E+00    0.210E+01    0.134E+00    0.157E+00    0.591E-01    0.591E-01    0.177E-02    0.177E-02    0.000E+00    0.000E+00
     1.800     0.065    0.567E+00    0.435E+00    0.209E+01    0.133E+00    0.156E+00    0.588E-01    0.588E-01    0.174E-02    0.174E-02    0.000E+00    0.000E+00
     1.800     0.066    0.569E+00    0.436E+00    0.207E+01    0.132E+00    0.156E+00    0.585E-01    0.585E-01    0.171E-02    0.171E-02    0.000E+00    0.000E+00
     1.800     0.067    0.572E+00    0.436E+00    0.206E+01    0.131E+00    0.155E+00    0.582E-01    0.582E-01    0.169E-02    0.169E-02    0.000E+00    0.000E+00
     1.800     0.068    0.575E+00    0.437E+00    0.204E+01    0.130E+00    0.155E+00    0.579E-01    0.579E-01    0.166E-02    0.166E-02    0.000E+00    0.000E+00
     1.800     0.069    0.577E+00    0.438E+00    0.203E+01    0.129E+00    0.154E+00    0.576E-01    0.576E-01    0.163E-02    0.163E-02    0.000E+00    0.000E+00
     1.800     0.070    0.580E+00    0.439E+00    0.201E+01    0.128E+00    0.154E+00    0.573E-01    0.573E-01    0.160E-02    0.160E-02    0.000E+00    0.000E+00
     1.800     0.071    0.583E+00    0.440E+00    0.200E+01    0.127E+00    0.153E+00    0.570E-01    0.570E-01    0.158E-02    0.158E-02    0.000E+00    0.000E+00
     1.800     0.072    0.585E+00    0.441E+00    0.198E+01    0.126E+00    0.153E+00    0.567E-01    0.567E-01    0.155E-02    0.155E-02    0.000E+00    0.000E+00
     1.800     0.073    0.588E+00    0.442E+00    0.197E+01    0.125E+00    0.152E+00    0.565E-01    0.565E-01    0.153E-02    0.153E-02    0.000E+00    0.000E+00
     1.800     0.074    0.590E+00    0.443E+00    0.195E+01    0.124E+00    0.152E+00    0.562E-01    0.562E-01    0.150E-02    0.150E-02    0.000E+00    0.000E+00
     1.800     0.075    0.592E+00    0.443E+00    0.194E+01    0.123E+00    0.152E+00    0.559E-01    0.559E-01    0.148E-02    0.148E-02    0.000E+00    0.000E+00
     1.800     0.076    0.595E+00    0.444E+00    0.192E+01    0.122E+00    0.151E+00    0.556E-01    0.556E-01    0.145E-02    0.145E-02    0.000E+00    0.000E+00
     1.800     0.077    0.597E+00    0.445E+00    0.191E+01    0.122E+00    0.151E+00    0.553E-01    0.553E-01    0.143E-02    0.143E-02    0.000E+00    0.000E+00
     1.800     0.078    0.599E+00    0.445E+00    0.189E+01    0.121E+00    0.150E+00    0.550E-01    0.550E-01    0.141E-02    0.141E-02    0.000E+00    0.000E+00
     1.800     0.079    0.602E+00    0.446E+00    0.187E+01    0.120E+00    0.150E+00    0.547E-01    0.547E-01    0.138E-02    0.138E-02    0.000E+00    0.000E+00
     1.800     0.080    0.604E+00    0.446E+00    0.186E+01    0.119E+00    0.149E+00    0.544E-01    0.544E-01    0.136E-02    0.136E-02    0.000E+00    0.000E+00
     1.800     0.081    0.606E+00    0.447E+00    0.184E+01    0.118E+00    0.149E+00    0.541E-01    0.541E-01    0.134E-02    0.134E-02    0.000E+00    0.000E+00
     1.800     0.082    0.608E+00    0.447E+00    0.183E+01    0.117E+00    0.148E+00    0.538E-01    0.538E-01    0.132E-02    0.132E-02    0.000E+00    0.000E+00
     1.800     0.083    0.610E+00    0.448E+00    0.181E+01    0.116E+00    0.148E+00    0.536E-01    0.536E-01    0.130E-02    0.130E-02    0.000E+00    0.000E+00
     1.800     0.084    0.613E+00    0.448E+00    0.180E+01    0.115E+00    0.147E+00    0.533E-01    0.533E-01    0.128E-02    0.128E-02    0.000E+00    0.000E+00
     1.800     0.085    0.615E+00    0.449E+00    0.178E+01    0.114E+00    0.147E+00    0.530E-01    0.530E-01    0.126E-02    0.126E-02    0.000E+00    0.000E+00
     1.800     0.086    0.617E+00    0.449E+00    0.177E+01    0.113E+00    0.147E+00    0.527E-01    0.527E-01    0.124E-02    0.124E-02    0.000E+00    0.000E+00
     1.800     0.087    0.619E+00    0.450E+00    0.175E+01    0.112E+00    0.146E+00    0.524E-01    0.524E-01    0.122E-02    0.122E-02    0.000E+00    0.000E+00
     1.800     0.088    0.621E+00    0.450E+00    0.174E+01    0.111E+00    0.146E+00    0.521E-01    0.521E-01    0.120E-02    0.120E-02    0.000E+00    0.000E+00
     1.800     0.089    0.623E+00    0.450E+00    0.172E+01    0.111E+00    0.145E+00    0.519E-01    0.519E-01    0.118E-02    0.118E-02    0.000E+00    0.000E+00
     1.800     0.090    0.625E+00    0.450E+00    0.171E+01    0.110E+00    0.145E+00    0.516E-01    0.516E-01    0.116E-02    0.116E-02    0.000E+00    0.000E+00
     1.800     0.091    0.627E+00    0.451E+00    0.169E+01    0.109E+00    0.144E+00    0.513E-01    0.513E-01    0.114E-02    0.114E-02    0.000E+00    0.000E+00
     1.800     0.092    0.629E+00    0.451E+00    0.168E+01    0.108E+00    0.144E+00    0.510E-01    0.510E-01    0.113E-02    0.113E-02    0.000E+00    0.000E+00
     1.800     0.093    0.630E+00    0.451E+00    0.166E+01    0.107E+00    0.143E+00    0.507E-01    0.507E-01    0.111E-02    0.111E-02    0.000E+00    0.000E+00
     1.800     0.094    0.632E+00    0.451E+00    0.165E+01    0.106E+00    0.143E+00    0.504E-01    0.504E-01    0.109E-02    0.109E-02    0.000E+00    0.000E+00
     1.800     0.095    0.634E+00    0.452E+00    0.164E+01    0.105E+00    0.142E+00    0.502E-01    0.502E-01    0.108E-02    0.108E-02    0.000E+00    0.000E+00
     1.800     0.096    0.636E+00    0.452E+00    0.162E+01    0.104E+00    0.142E+00    0.499E-01    0.499E-01    0.106E-02    0.106E-02    0.000E+00    0.000E+00
     1.800     0.097    0.638E+00    0.452E+00    0.161E+01    0.104E+00    0.141E+00    0.496E-01    0.496E-01    0.104E-02    0.104E-02    0.000E+00    0.000E+00
     1.800     0.098    0.640E+00    0.452E+00    0.159E+01    0.103E+00    0.141E+00    0.493E-01    0.493E-01    0.103E-02    0.103E-02    0.000E+00    0.000E+00
     1.800     0.099    0.641E+00    0.452E+00    0.158E+01    0.102E+00    0.140E+00    0.491E-01    0.491E-01    0.101E-02    0.101E-02    0.000E+00    0.000E+00
     1.800     0.100    0.643E+00    0.452E+00    0.156E+01    0.101E+00    0.140E+00    0.488E-01    0.488E-01    0.997E-03    0.997E-03    0.000E+00    0.000E+00
     1.800     0.101    0.645E+00    0.452E+00    0.155E+01    0.100E+00    0.139E+00    0.485E-01    0.485E-01    0.982E-03    0.982E-03    0.000E+00    0.000E+00
     1.800     0.102    0.647E+00    0.452E+00    0.154E+01    0.994E-01    0.139E+00    0.482E-01    0.482E-01    0.967E-03    0.967E-03    0.000E+00    0.000E+00
     1.800     0.103    0.648E+00    0.452E+00    0.152E+01    0.986E-01    0.138E+00    0.479E-01    0.479E-01    0.953E-03    0.953E-03    0.000E+00    0.000E+00
     1.800     0.104    0.650E+00    0.452E+00    0.151E+01    0.978E-01    0.138E+00    0.477E-01    0.477E-01    0.939E-03    0.939E-03    0.000E+00    0.000E+00
     1.800     0.105    0.652E+00    0.452E+00    0.150E+01    0.970E-01    0.137E+00    0.474E-01    0.474E-01    0.925E-03    0.925E-03    0.000E+00    0.000E+00
     1.800     0.106    0.653E+00    0.452E+00    0.148E+01    0.962E-01    0.137E+00    0.471E-01    0.471E-01    0.911E-03    0.911E-03    0.000E+00    0.000E+00
     1.800     0.107    0.655E+00    0.452E+00    0.147E+01    0.954E-01    0.136E+00    0.468E-01    0.468E-01    0.898E-03    0.898E-03    0.000E+00    0.000E+00
     1.800     0.108    0.656E+00    0.452E+00    0.145E+01    0.946E-01    0.136E+00    0.466E-01    0.466E-01    0.885E-03    0.885E-03    0.000E+00    0.000E+00
     1.800     0.109    0.658E+00    0.452E+00    0.144E+01    0.938E-01    0.135E+00    0.463E-01    0.463E-01    0.872E-03    0.872E-03    0.000E+00    0.000E+00
     1.800     0.110    0.659E+00    0.452E+00    0.143E+01    0.931E-01    0.135E+00    0.460E-01    0.460E-01    0.859E-03    0.859E-03    0.000E+00    0.000E+00
     1.800     0.111    0.661E+00    0.452E+00    0.142E+01    0.923E-01    0.134E+00    0.458E-01    0.458E-01    0.847E-03    0.847E-03    0.000E+00    0.000E+00
     1.800     0.112    0.662E+00    0.452E+00    0.140E+01    0.915E-01    0.133E+00    0.455E-01    0.455E-01    0.834E-03    0.834E-03    0.000E+00    0.000E+00
     1.800     0.113    0.664E+00    0.452E+00    0.139E+01    0.908E-01    0.133E+00    0.452E-01    0.452E-01    0.822E-03    0.822E-03    0.000E+00    0.000E+00
     1.800     0.114    0.665E+00    0.451E+00    0.138E+01    0.900E-01    0.132E+00    0.449E-01    0.449E-01    0.810E-03    0.810E-03    0.000E+00    0.000E+00
     1.800     0.115    0.667E+00    0.451E+00    0.136E+01    0.893E-01    0.132E+00    0.447E-01    0.447E-01    0.799E-03    0.799E-03    0.000E+00    0.000E+00
     1.800     0.116    0.668E+00    0.451E+00    0.135E+01    0.886E-01    0.131E+00    0.444E-01    0.444E-01    0.787E-03    0.787E-03    0.000E+00    0.000E+00
     1.800     0.117    0.670E+00    0.451E+00    0.134E+01    0.878E-01    0.131E+00    0.441E-01    0.441E-01    0.776E-03    0.776E-03    0.000E+00    0.000E+00
     1.800     0.118    0.671E+00    0.450E+00    0.133E+01    0.871E-01    0.130E+00    0.439E-01    0.439E-01    0.765E-03    0.765E-03    0.000E+00    0.000E+00
     1.800     0.119    0.673E+00    0.450E+00    0.131E+01    0.864E-01    0.129E+00    0.436E-01    0.436E-01    0.755E-03    0.755E-03    0.000E+00    0.000E+00
     1.800     0.120    0.674E+00    0.450E+00    0.130E+01    0.857E-01    0.129E+00    0.433E-01    0.433E-01    0.744E-03    0.744E-03    0.000E+00    0.000E+00
     1.800     0.121    0.675E+00    0.450E+00    0.129E+01    0.850E-01    0.128E+00    0.431E-01    0.431E-01    0.734E-03    0.734E-03    0.000E+00    0.000E+00
     1.800     0.122    0.677E+00    0.449E+00    0.128E+01    0.843E-01    0.128E+00    0.428E-01    0.428E-01    0.724E-03    0.724E-03    0.000E+00    0.000E+00
     1.800     0.123    0.678E+00    0.449E+00    0.127E+01    0.837E-01    0.127E+00    0.426E-01    0.426E-01    0.714E-03    0.714E-03    0.000E+00    0.000E+00
     1.800     0.124    0.679E+00    0.449E+00    0.125E+01    0.830E-01    0.126E+00    0.423E-01    0.423E-01    0.704E-03    0.704E-03    0.000E+00    0.000E+00
     1.800     0.125    0.680E+00    0.448E+00    0.124E+01    0.823E-01    0.126E+00    0.420E-01    0.420E-01    0.694E-03    0.694E-03    0.000E+00    0.000E+00
     1.800     0.126    0.682E+00    0.448E+00    0.123E+01    0.816E-01    0.125E+00    0.418E-01    0.418E-01    0.684E-03    0.684E-03    0.000E+00    0.000E+00
     1.800     0.127    0.683E+00    0.448E+00    0.122E+01    0.810E-01    0.124E+00    0.415E-01    0.415E-01    0.675E-03    0.675E-03    0.000E+00    0.000E+00
     1.800     0.128    0.684E+00    0.447E+00    0.121E+01    0.803E-01    0.124E+00    0.412E-01    0.412E-01    0.665E-03    0.665E-03    0.000E+00    0.000E+00
     1.800     0.129    0.685E+00    0.447E+00    0.120E+01    0.797E-01    0.123E+00    0.410E-01    0.410E-01    0.656E-03    0.656E-03    0.000E+00    0.000E+00
     1.800     0.130    0.687E+00    0.447E+00    0.118E+01    0.791E-01    0.123E+00    0.407E-01    0.407E-01    0.647E-03    0.647E-03    0.000E+00    0.000E+00
     1.800     0.131    0.688E+00    0.446E+00    0.117E+01    0.784E-01    0.122E+00    0.405E-01    0.405E-01    0.638E-03    0.638E-03    0.000E+00    0.000E+00
     1.800     0.132    0.689E+00    0.446E+00    0.116E+01    0.778E-01    0.121E+00    0.402E-01    0.402E-01    0.630E-03    0.630E-03    0.000E+00    0.000E+00
     1.800     0.133    0.690E+00    0.445E+00    0.115E+01    0.772E-01    0.121E+00    0.400E-01    0.400E-01    0.621E-03    0.621E-03    0.000E+00    0.000E+00
     1.800     0.134    0.691E+00    0.445E+00    0.114E+01    0.766E-01    0.120E+00    0.397E-01    0.397E-01    0.613E-03    0.613E-03    0.000E+00    0.000E+00
     1.800     0.135    0.692E+00    0.445E+00    0.113E+01    0.760E-01    0.119E+00    0.394E-01    0.394E-01    0.605E-03    0.605E-03    0.000E+00    0.000E+00
     1.800     0.136    0.694E+00    0.444E+00    0.112E+01    0.754E-01    0.119E+00    0.392E-01    0.392E-01    0.597E-03    0.597E-03    0.000E+00    0.000E+00
     1.800     0.137    0.695E+00    0.444E+00    0.111E+01    0.749E-01    0.118E+00    0.389E-01    0.389E-01    0.589E-03    0.589E-03    0.000E+00    0.000E+00
     1.800     0.138    0.696E+00    0.443E+00    0.110E+01    0.743E-01    0.117E+00    0.387E-01    0.387E-01    0.581E-03    0.581E-03    0.000E+00    0.000E+00
     1.800     0.139    0.697E+00    0.443E+00    0.109E+01    0.737E-01    0.117E+00    0.384E-01    0.384E-01    0.573E-03    0.573E-03    0.000E+00    0.000E+00
     1.800     0.140    0.698E+00    0.442E+00    0.108E+01    0.731E-01    0.116E+00    0.382E-01    0.382E-01    0.566E-03    0.566E-03    0.000E+00    0.000E+00
     1.800     0.141    0.699E+00    0.442E+00    0.107E+01    0.726E-01    0.115E+00    0.379E-01    0.379E-01    0.558E-03    0.558E-03    0.000E+00    0.000E+00
     1.800     0.142    0.700E+00    0.441E+00    0.106E+01    0.720E-01    0.115E+00    0.377E-01    0.377E-01    0.551E-03    0.551E-03    0.000E+00    0.000E+00
     1.800     0.143    0.701E+00    0.441E+00    0.105E+01    0.715E-01    0.114E+00    0.374E-01    0.374E-01    0.544E-03    0.544E-03    0.000E+00    0.000E+00
     1.800     0.144    0.702E+00    0.440E+00    0.104E+01    0.709E-01    0.113E+00    0.372E-01    0.372E-01    0.537E-03    0.537E-03    0.000E+00    0.000E+00
     1.800     0.145    0.703E+00    0.440E+00    0.103E+01    0.704E-01    0.113E+00    0.369E-01    0.369E-01    0.530E-03    0.530E-03    0.000E+00    0.000E+00
     1.800     0.146    0.704E+00    0.439E+00    0.102E+01    0.698E-01    0.112E+00    0.367E-01    0.367E-01    0.523E-03    0.523E-03    0.000E+00    0.000E+00
     1.800     0.147    0.705E+00    0.439E+00    0.101E+01    0.693E-01    0.111E+00    0.364E-01    0.364E-01    0.516E-03    0.516E-03    0.000E+00    0.000E+00
     1.800     0.148    0.705E+00    0.438E+00    0.998E+00    0.688E-01    0.111E+00    0.362E-01    0.362E-01    0.510E-03    0.510E-03    0.000E+00    0.000E+00
     1.800     0.149    0.706E+00    0.438E+00    0.989E+00    0.683E-01    0.110E+00    0.360E-01    0.360E-01    0.503E-03    0.503E-03    0.000E+00    0.000E+00
     1.800     0.150    0.707E+00    0.437E+00    0.980E+00    0.678E-01    0.109E+00    0.357E-01    0.357E-01    0.497E-03    0.497E-03    0.000E+00    0.000E+00
     1.800     0.151    0.708E+00    0.436E+00    0.971E+00    0.673E-01    0.109E+00    0.355E-01    0.355E-01    0.491E-03    0.491E-03    0.000E+00    0.000E+00
     1.800     0.152    0.709E+00    0.436E+00    0.961E+00    0.668E-01    0.108E+00    0.352E-01    0.352E-01    0.484E-03    0.484E-03    0.000E+00    0.000E+00
     1.800     0.153    0.710E+00    0.435E+00    0.952E+00    0.663E-01    0.107E+00    0.350E-01    0.350E-01    0.478E-03    0.478E-03    0.000E+00    0.000E+00
     1.800     0.154    0.711E+00    0.435E+00    0.943E+00    0.658E-01    0.107E+00    0.348E-01    0.348E-01    0.472E-03    0.472E-03    0.000E+00    0.000E+00
     1.800     0.155    0.711E+00    0.434E+00    0.935E+00    0.653E-01    0.106E+00    0.345E-01    0.345E-01    0.466E-03    0.466E-03    0.000E+00    0.000E+00
     1.800     0.156    0.712E+00    0.434E+00    0.926E+00    0.648E-01    0.105E+00    0.343E-01    0.343E-01    0.460E-03    0.460E-03    0.000E+00    0.000E+00
     1.800     0.157    0.713E+00    0.433E+00    0.917E+00    0.643E-01    0.105E+00    0.340E-01    0.340E-01    0.455E-03    0.455E-03    0.000E+00    0.000E+00
     1.800     0.158    0.714E+00    0.432E+00    0.909E+00    0.639E-01    0.104E+00    0.338E-01    0.338E-01    0.449E-03    0.449E-03    0.000E+00    0.000E+00
     1.800     0.159    0.715E+00    0.432E+00    0.900E+00    0.634E-01    0.103E+00    0.336E-01    0.336E-01    0.443E-03    0.443E-03    0.000E+00    0.000E+00
     1.800     0.160    0.715E+00    0.431E+00    0.892E+00    0.629E-01    0.102E+00    0.333E-01    0.333E-01    0.438E-03    0.438E-03    0.000E+00    0.000E+00
     1.800     0.161    0.716E+00    0.430E+00    0.883E+00    0.625E-01    0.102E+00    0.331E-01    0.331E-01    0.432E-03    0.432E-03    0.000E+00    0.000E+00
     1.800     0.162    0.717E+00    0.430E+00    0.875E+00    0.620E-01    0.101E+00    0.329E-01    0.329E-01    0.427E-03    0.427E-03    0.000E+00    0.000E+00
     1.800     0.163    0.717E+00    0.429E+00    0.867E+00    0.616E-01    0.100E+00    0.326E-01    0.326E-01    0.422E-03    0.422E-03    0.000E+00    0.000E+00
     1.800     0.164    0.718E+00    0.429E+00    0.859E+00    0.612E-01    0.997E-01    0.324E-01    0.324E-01    0.417E-03    0.417E-03    0.000E+00    0.000E+00
     1.800     0.165    0.719E+00    0.428E+00    0.851E+00    0.607E-01    0.990E-01    0.322E-01    0.322E-01    0.412E-03    0.412E-03    0.000E+00    0.000E+00
     1.800     0.166    0.719E+00    0.427E+00    0.843E+00    0.603E-01    0.983E-01    0.320E-01    0.320E-01    0.407E-03    0.407E-03    0.000E+00    0.000E+00
     1.800     0.167    0.720E+00    0.427E+00    0.835E+00    0.599E-01    0.976E-01    0.317E-01    0.317E-01    0.402E-03    0.402E-03    0.000E+00    0.000E+00
     1.800     0.168    0.721E+00    0.426E+00    0.828E+00    0.594E-01    0.969E-01    0.315E-01    0.315E-01    0.397E-03    0.397E-03    0.000E+00    0.000E+00
     1.800     0.169    0.721E+00    0.425E+00    0.820E+00    0.590E-01    0.962E-01    0.313E-01    0.313E-01    0.392E-03    0.392E-03    0.000E+00    0.000E+00
     1.800     0.170    0.722E+00    0.425E+00    0.812E+00    0.586E-01    0.955E-01    0.311E-01    0.311E-01    0.388E-03    0.388E-03    0.000E+00    0.000E+00
     1.800     0.171    0.722E+00    0.424E+00    0.805E+00    0.582E-01    0.948E-01    0.308E-01    0.308E-01    0.383E-03    0.383E-03    0.000E+00    0.000E+00
     1.800     0.172    0.723E+00    0.423E+00    0.798E+00    0.578E-01    0.941E-01    0.306E-01    0.306E-01    0.378E-03    0.378E-03    0.000E+00    0.000E+00
     1.800     0.173    0.723E+00    0.423E+00    0.790E+00    0.574E-01    0.934E-01    0.304E-01    0.304E-01    0.374E-03    0.374E-03    0.000E+00    0.000E+00
     1.800     0.174    0.724E+00    0.422E+00    0.783E+00    0.570E-01    0.927E-01    0.302E-01    0.302E-01    0.370E-03    0.370E-03    0.000E+00    0.000E+00
     1.800     0.175    0.724E+00    0.421E+00    0.776E+00    0.566E-01    0.920E-01    0.299E-01    0.299E-01    0.365E-03    0.365E-03    0.000E+00    0.000E+00
     1.800     0.176    0.725E+00    0.421E+00    0.769E+00    0.562E-01    0.914E-01    0.297E-01    0.297E-01    0.361E-03    0.361E-03    0.000E+00    0.000E+00
     1.800     0.177    0.725E+00    0.420E+00    0.762E+00    0.558E-01    0.907E-01    0.295E-01    0.295E-01    0.357E-03    0.357E-03    0.000E+00    0.000E+00
     1.800     0.178    0.726E+00    0.419E+00    0.755E+00    0.554E-01    0.900E-01    0.293E-01    0.293E-01    0.353E-03    0.353E-03    0.000E+00    0.000E+00
     1.800     0.179    0.726E+00    0.418E+00    0.748E+00    0.550E-01    0.893E-01    0.291E-01    0.291E-01    0.348E-03    0.348E-03    0.000E+00    0.000E+00
     1.800     0.180    0.727E+00    0.418E+00    0.741E+00    0.547E-01    0.886E-01    0.289E-01    0.289E-01    0.344E-03    0.344E-03    0.000E+00    0.000E+00
     1.800     0.181    0.727E+00    0.417E+00    0.735E+00    0.543E-01    0.879E-01    0.286E-01    0.286E-01    0.340E-03    0.340E-03    0.000E+00    0.000E+00
     1.800     0.182    0.727E+00    0.416E+00    0.728E+00    0.539E-01    0.873E-01    0.284E-01    0.284E-01    0.337E-03    0.337E-03    0.000E+00    0.000E+00
     1.800     0.183    0.728E+00    0.416E+00    0.721E+00    0.535E-01    0.866E-01    0.282E-01    0.282E-01    0.333E-03    0.333E-03    0.000E+00    0.000E+00
     1.800     0.184    0.728E+00    0.415E+00    0.715E+00    0.532E-01    0.859E-01    0.280E-01    0.280E-01    0.329E-03    0.329E-03    0.000E+00    0.000E+00
     1.800     0.185    0.729E+00    0.414E+00    0.709E+00    0.528E-01    0.852E-01    0.278E-01    0.278E-01    0.325E-03    0.325E-03    0.000E+00    0.000E+00
     1.800     0.186    0.729E+00    0.413E+00    0.702E+00    0.525E-01    0.845E-01    0.276E-01    0.276E-01    0.322E-03    0.322E-03    0.000E+00    0.000E+00
     1.800     0.187    0.729E+00    0.413E+00    0.696E+00    0.521E-01    0.839E-01    0.274E-01    0.274E-01    0.318E-03    0.318E-03    0.000E+00    0.000E+00
     1.800     0.188    0.730E+00    0.412E+00    0.690E+00    0.517E-01    0.832E-01    0.272E-01    0.272E-01    0.314E-03    0.314E-03    0.000E+00    0.000E+00
     1.800     0.189    0.730E+00    0.411E+00    0.684E+00    0.514E-01    0.825E-01    0.270E-01    0.270E-01    0.311E-03    0.311E-03    0.000E+00    0.000E+00
     1.800     0.190    0.730E+00    0.411E+00    0.677E+00    0.510E-01    0.819E-01    0.268E-01    0.268E-01    0.307E-03    0.307E-03    0.000E+00    0.000E+00
     1.800     0.191    0.730E+00    0.410E+00    0.671E+00    0.507E-01    0.812E-01    0.266E-01    0.266E-01    0.304E-03    0.304E-03    0.000E+00    0.000E+00
     1.800     0.192    0.731E+00    0.409E+00    0.666E+00    0.504E-01    0.805E-01    0.264E-01    0.264E-01    0.300E-03    0.300E-03    0.000E+00    0.000E+00
     1.800     0.193    0.731E+00    0.408E+00    0.660E+00    0.500E-01    0.799E-01    0.262E-01    0.262E-01    0.297E-03    0.297E-03    0.000E+00    0.000E+00
     1.800     0.194    0.731E+00    0.408E+00    0.654E+00    0.497E-01    0.792E-01    0.260E-01    0.260E-01    0.294E-03    0.294E-03    0.000E+00    0.000E+00
     1.800     0.195    0.731E+00    0.407E+00    0.648E+00    0.493E-01    0.786E-01    0.258E-01    0.258E-01    0.291E-03    0.291E-03    0.000E+00    0.000E+00
     1.800     0.196    0.731E+00    0.406E+00    0.642E+00    0.490E-01    0.779E-01    0.256E-01    0.256E-01    0.287E-03    0.287E-03    0.000E+00    0.000E+00
     1.800     0.197    0.732E+00    0.405E+00    0.637E+00    0.487E-01    0.773E-01    0.254E-01    0.254E-01    0.284E-03    0.284E-03    0.000E+00    0.000E+00
     1.800     0.198    0.732E+00    0.405E+00    0.631E+00    0.484E-01    0.766E-01    0.252E-01    0.252E-01    0.281E-03    0.281E-03    0.000E+00    0.000E+00
     1.800     0.199    0.732E+00    0.404E+00    0.626E+00    0.480E-01    0.760E-01    0.250E-01    0.250E-01    0.278E-03    0.278E-03    0.000E+00    0.000E+00
     1.800     0.200    0.732E+00    0.403E+00    0.621E+00    0.477E-01    0.753E-01    0.248E-01    0.248E-01    0.275E-03    0.275E-03    0.000E+00    0.000E+00
     1.800     0.201    0.732E+00    0.402E+00    0.615E+00    0.474E-01    0.747E-01    0.246E-01    0.246E-01    0.272E-03    0.272E-03    0.000E+00    0.000E+00
     1.800     0.202    0.732E+00    0.402E+00    0.610E+00    0.471E-01    0.740E-01    0.244E-01    0.244E-01    0.269E-03    0.269E-03    0.000E+00    0.000E+00
     1.800     0.203    0.732E+00    0.401E+00    0.605E+00    0.468E-01    0.734E-01    0.242E-01    0.242E-01    0.266E-03    0.266E-03    0.000E+00    0.000E+00
     1.800     0.204    0.732E+00    0.400E+00    0.599E+00    0.465E-01    0.728E-01    0.240E-01    0.240E-01    0.263E-03    0.263E-03    0.000E+00    0.000E+00
     1.800     0.205    0.733E+00    0.399E+00    0.594E+00    0.461E-01    0.721E-01    0.238E-01    0.238E-01    0.260E-03    0.260E-03    0.000E+00    0.000E+00
     1.800     0.206    0.733E+00    0.398E+00    0.589E+00    0.458E-01    0.715E-01    0.236E-01    0.236E-01    0.258E-03    0.258E-03    0.000E+00    0.000E+00
     1.800     0.207    0.733E+00    0.398E+00    0.584E+00    0.455E-01    0.709E-01    0.234E-01    0.234E-01    0.255E-03    0.255E-03    0.000E+00    0.000E+00
     1.800     0.208    0.733E+00    0.397E+00    0.579E+00    0.452E-01    0.703E-01    0.232E-01    0.232E-01    0.252E-03    0.252E-03    0.000E+00    0.000E+00
     1.800     0.209    0.733E+00    0.396E+00    0.574E+00    0.449E-01    0.696E-01    0.231E-01    0.231E-01    0.249E-03    0.249E-03    0.000E+00    0.000E+00
     1.800     0.210    0.733E+00    0.395E+00    0.570E+00    0.446E-01    0.690E-01    0.229E-01    0.229E-01    0.247E-03    0.247E-03    0.000E+00    0.000E+00
     1.800     0.211    0.733E+00    0.394E+00    0.565E+00    0.443E-01    0.684E-01    0.227E-01    0.227E-01    0.244E-03    0.244E-03    0.000E+00    0.000E+00
     1.800     0.212    0.733E+00    0.394E+00    0.560E+00    0.440E-01    0.678E-01    0.225E-01    0.225E-01    0.242E-03    0.242E-03    0.000E+00    0.000E+00
     1.800     0.213    0.732E+00    0.393E+00    0.555E+00    0.437E-01    0.672E-01    0.223E-01    0.223E-01    0.239E-03    0.239E-03    0.000E+00    0.000E+00
     1.800     0.214    0.732E+00    0.392E+00    0.551E+00    0.434E-01    0.666E-01    0.221E-01    0.221E-01    0.237E-03    0.237E-03    0.000E+00    0.000E+00
     1.800     0.215    0.732E+00    0.391E+00    0.546E+00    0.432E-01    0.660E-01    0.220E-01    0.220E-01    0.234E-03    0.234E-03    0.000E+00    0.000E+00
     1.800     0.216    0.732E+00    0.390E+00    0.542E+00    0.429E-01    0.654E-01    0.218E-01    0.218E-01    0.232E-03    0.232E-03    0.000E+00    0.000E+00
     1.800     0.217    0.732E+00    0.390E+00    0.537E+00    0.426E-01    0.648E-01    0.216E-01    0.216E-01    0.229E-03    0.229E-03    0.000E+00    0.000E+00
     1.800     0.218    0.732E+00    0.389E+00    0.533E+00    0.423E-01    0.642E-01    0.214E-01    0.214E-01    0.227E-03    0.227E-03    0.000E+00    0.000E+00
     1.800     0.219    0.732E+00    0.388E+00    0.529E+00    0.420E-01    0.636E-01    0.213E-01    0.213E-01    0.224E-03    0.224E-03    0.000E+00    0.000E+00
     1.800     0.220    0.732E+00    0.387E+00    0.524E+00    0.417E-01    0.630E-01    0.211E-01    0.211E-01    0.222E-03    0.222E-03    0.000E+00    0.000E+00
     1.800     0.221    0.732E+00    0.386E+00    0.520E+00    0.414E-01    0.625E-01    0.209E-01    0.209E-01    0.220E-03    0.220E-03    0.000E+00    0.000E+00
     1.800     0.222    0.731E+00    0.386E+00    0.516E+00    0.412E-01    0.619E-01    0.207E-01    0.207E-01    0.217E-03    0.217E-03    0.000E+00    0.000E+00
     1.800     0.223    0.731E+00    0.385E+00    0.512E+00    0.409E-01    0.613E-01    0.206E-01    0.206E-01    0.215E-03    0.215E-03    0.000E+00    0.000E+00
     1.800     0.224    0.731E+00    0.384E+00    0.507E+00    0.406E-01    0.607E-01    0.204E-01    0.204E-01    0.213E-03    0.213E-03    0.000E+00    0.000E+00
     1.800     0.225    0.731E+00    0.383E+00    0.503E+00    0.403E-01    0.602E-01    0.202E-01    0.202E-01    0.211E-03    0.211E-03    0.000E+00    0.000E+00
     1.800     0.226    0.730E+00    0.382E+00    0.499E+00    0.401E-01    0.596E-01    0.201E-01    0.201E-01    0.209E-03    0.209E-03    0.000E+00    0.000E+00
     1.800     0.227    0.730E+00    0.382E+00    0.495E+00    0.398E-01    0.590E-01    0.199E-01    0.199E-01    0.206E-03    0.206E-03    0.000E+00    0.000E+00
     1.800     0.228    0.730E+00    0.381E+00    0.491E+00    0.395E-01    0.585E-01    0.197E-01    0.197E-01    0.204E-03    0.204E-03    0.000E+00    0.000E+00
     1.800     0.229    0.730E+00    0.380E+00    0.487E+00    0.393E-01    0.579E-01    0.196E-01    0.196E-01    0.202E-03    0.202E-03    0.000E+00    0.000E+00
     1.800     0.230    0.729E+00    0.379E+00    0.484E+00    0.390E-01    0.574E-01    0.194E-01    0.194E-01    0.200E-03    0.200E-03    0.000E+00    0.000E+00
     1.800     0.231    0.729E+00    0.378E+00    0.480E+00    0.387E-01    0.568E-01    0.192E-01    0.192E-01    0.198E-03    0.198E-03    0.000E+00    0.000E+00
     1.800     0.232    0.729E+00    0.377E+00    0.476E+00    0.385E-01    0.563E-01    0.191E-01    0.191E-01    0.196E-03    0.196E-03    0.000E+00    0.000E+00
     1.800     0.233    0.728E+00    0.377E+00    0.472E+00    0.382E-01    0.557E-01    0.189E-01    0.189E-01    0.194E-03    0.194E-03    0.000E+00    0.000E+00
     1.800     0.234    0.728E+00    0.376E+00    0.469E+00    0.379E-01    0.552E-01    0.187E-01    0.187E-01    0.192E-03    0.192E-03    0.000E+00    0.000E+00
     1.800     0.235    0.728E+00    0.375E+00    0.465E+00    0.377E-01    0.547E-01    0.186E-01    0.186E-01    0.190E-03    0.190E-03    0.000E+00    0.000E+00
     1.800     0.236    0.727E+00    0.374E+00    0.462E+00    0.374E-01    0.541E-01    0.184E-01    0.184E-01    0.188E-03    0.188E-03    0.000E+00    0.000E+00
     1.800     0.237    0.727E+00    0.373E+00    0.458E+00    0.372E-01    0.536E-01    0.183E-01    0.183E-01    0.186E-03    0.186E-03    0.000E+00    0.000E+00
     1.800     0.238    0.727E+00    0.372E+00    0.454E+00    0.369E-01    0.531E-01    0.181E-01    0.181E-01    0.185E-03    0.185E-03    0.000E+00    0.000E+00
     1.800     0.239    0.726E+00    0.371E+00    0.451E+00    0.366E-01    0.526E-01    0.180E-01    0.180E-01    0.183E-03    0.183E-03    0.000E+00    0.000E+00
     1.800     0.240    0.726E+00    0.371E+00    0.448E+00    0.364E-01    0.521E-01    0.178E-01    0.178E-01    0.181E-03    0.181E-03    0.000E+00    0.000E+00
     1.800     0.241    0.725E+00    0.370E+00    0.444E+00    0.361E-01    0.515E-01    0.176E-01    0.176E-01    0.179E-03    0.179E-03    0.000E+00    0.000E+00
     1.800     0.242    0.725E+00    0.369E+00    0.441E+00    0.359E-01    0.510E-01    0.175E-01    0.175E-01    0.177E-03    0.177E-03    0.000E+00    0.000E+00
     1.800     0.243    0.724E+00    0.368E+00    0.437E+00    0.356E-01    0.505E-01    0.173E-01    0.173E-01    0.175E-03    0.175E-03    0.000E+00    0.000E+00
     1.800     0.244    0.724E+00    0.367E+00    0.434E+00    0.354E-01    0.500E-01    0.172E-01    0.172E-01    0.174E-03    0.174E-03    0.000E+00    0.000E+00
     1.800     0.245    0.723E+00    0.366E+00    0.431E+00    0.351E-01    0.495E-01    0.170E-01    0.170E-01    0.172E-03    0.172E-03    0.000E+00    0.000E+00
     1.800     0.246    0.723E+00    0.365E+00    0.428E+00    0.349E-01    0.490E-01    0.169E-01    0.169E-01    0.170E-03    0.170E-03    0.000E+00    0.000E+00
     1.800     0.247    0.722E+00    0.365E+00    0.424E+00    0.346E-01    0.485E-01    0.167E-01    0.167E-01    0.169E-03    0.169E-03    0.000E+00    0.000E+00
     1.800     0.248    0.722E+00    0.364E+00    0.421E+00    0.344E-01    0.481E-01    0.166E-01    0.166E-01    0.167E-03    0.167E-03    0.000E+00    0.000E+00
     1.800     0.249    0.721E+00    0.363E+00    0.418E+00    0.342E-01    0.476E-01    0.164E-01    0.164E-01    0.165E-03    0.165E-03    0.000E+00    0.000E+00
     1.800     0.250    0.721E+00    0.362E+00    0.415E+00    0.339E-01    0.471E-01    0.163E-01    0.163E-01    0.164E-03    0.164E-03    0.000E+00    0.000E+00
     1.800     0.251    0.720E+00    0.361E+00    0.412E+00    0.337E-01    0.466E-01    0.162E-01    0.162E-01    0.162E-03    0.162E-03    0.000E+00    0.000E+00
     1.800     0.252    0.720E+00    0.360E+00    0.409E+00    0.334E-01    0.461E-01    0.160E-01    0.160E-01    0.160E-03    0.160E-03    0.000E+00    0.000E+00
     1.800     0.253    0.719E+00    0.359E+00    0.406E+00    0.332E-01    0.457E-01    0.159E-01    0.159E-01    0.159E-03    0.159E-03    0.000E+00    0.000E+00
     1.800     0.254    0.719E+00    0.358E+00    0.403E+00    0.330E-01    0.452E-01    0.157E-01    0.157E-01    0.157E-03    0.157E-03    0.000E+00    0.000E+00
     1.800     0.255    0.718E+00    0.358E+00    0.400E+00    0.327E-01    0.448E-01    0.156E-01    0.156E-01    0.156E-03    0.156E-03    0.000E+00    0.000E+00
     1.800     0.256    0.717E+00    0.357E+00    0.397E+00    0.325E-01    0.443E-01    0.154E-01    0.154E-01    0.154E-03    0.154E-03    0.000E+00    0.000E+00
     1.800     0.257    0.717E+00    0.356E+00    0.395E+00    0.322E-01    0.438E-01    0.153E-01    0.153E-01    0.153E-03    0.153E-03    0.000E+00    0.000E+00
     1.800     0.258    0.716E+00    0.355E+00    0.392E+00    0.320E-01    0.434E-01    0.152E-01    0.152E-01    0.151E-03    0.151E-03    0.000E+00    0.000E+00
     1.800     0.259    0.715E+00    0.354E+00    0.389E+00    0.318E-01    0.429E-01    0.150E-01    0.150E-01    0.150E-03    0.150E-03    0.000E+00    0.000E+00
     1.800     0.260    0.715E+00    0.353E+00    0.386E+00    0.315E-01    0.425E-01    0.149E-01    0.149E-01    0.148E-03    0.148E-03    0.000E+00    0.000E+00
     1.800     0.261    0.714E+00    0.352E+00    0.383E+00    0.313E-01    0.421E-01    0.148E-01    0.148E-01    0.147E-03    0.147E-03    0.000E+00    0.000E+00
     1.800     0.262    0.713E+00    0.351E+00    0.381E+00    0.311E-01    0.416E-01    0.146E-01    0.146E-01    0.145E-03    0.145E-03    0.000E+00    0.000E+00
     1.800     0.263    0.713E+00    0.350E+00    0.378E+00    0.308E-01    0.412E-01    0.145E-01    0.145E-01    0.144E-03    0.144E-03    0.000E+00    0.000E+00
     1.800     0.264    0.712E+00    0.349E+00    0.375E+00    0.306E-01    0.408E-01    0.144E-01    0.144E-01    0.142E-03    0.142E-03    0.000E+00    0.000E+00
     1.800     0.265    0.711E+00    0.349E+00    0.373E+00    0.304E-01    0.403E-01    0.142E-01    0.142E-01    0.141E-03    0.141E-03    0.000E+00    0.000E+00
     1.800     0.266    0.711E+00    0.348E+00    0.370E+00    0.302E-01    0.399E-01    0.141E-01    0.141E-01    0.140E-03    0.140E-03    0.000E+00    0.000E+00
     1.800     0.267    0.710E+00    0.347E+00    0.368E+00    0.299E-01    0.395E-01    0.140E-01    0.140E-01    0.138E-03    0.138E-03    0.000E+00    0.000E+00
     1.800     0.268    0.709E+00    0.346E+00    0.365E+00    0.297E-01    0.391E-01    0.138E-01    0.138E-01    0.137E-03    0.137E-03    0.000E+00    0.000E+00
     1.800     0.269    0.708E+00    0.345E+00    0.363E+00    0.295E-01    0.387E-01    0.137E-01    0.137E-01    0.136E-03    0.136E-03    0.000E+00    0.000E+00
     1.800     0.270    0.707E+00    0.344E+00    0.360E+00    0.293E-01    0.383E-01    0.136E-01    0.136E-01    0.134E-03    0.134E-03    0.000E+00    0.000E+00
     1.800     0.271    0.707E+00    0.343E+00    0.358E+00    0.290E-01    0.379E-01    0.135E-01    0.135E-01    0.133E-03    0.133E-03    0.000E+00    0.000E+00
     1.800     0.272    0.706E+00    0.342E+00    0.355E+00    0.288E-01    0.375E-01    0.133E-01    0.133E-01    0.132E-03    0.132E-03    0.000E+00    0.000E+00
     1.800     0.273    0.705E+00    0.341E+00    0.353E+00    0.286E-01    0.371E-01    0.132E-01    0.132E-01    0.130E-03    0.130E-03    0.000E+00    0.000E+00
     1.800     0.274    0.704E+00    0.340E+00    0.350E+00    0.284E-01    0.367E-01    0.131E-01    0.131E-01    0.129E-03    0.129E-03    0.000E+00    0.000E+00
     1.800     0.275    0.703E+00    0.339E+00    0.348E+00    0.282E-01    0.363E-01    0.130E-01    0.130E-01    0.128E-03    0.128E-03    0.000E+00    0.000E+00
     1.800     0.276    0.703E+00    0.338E+00    0.346E+00    0.279E-01    0.359E-01    0.128E-01    0.128E-01    0.127E-03    0.127E-03    0.000E+00    0.000E+00
     1.800     0.277    0.702E+00    0.337E+00    0.343E+00    0.277E-01    0.355E-01    0.127E-01    0.127E-01    0.125E-03    0.125E-03    0.000E+00    0.000E+00
     1.800     0.278    0.701E+00    0.337E+00    0.341E+00    0.275E-01    0.351E-01    0.126E-01    0.126E-01    0.124E-03    0.124E-03    0.000E+00    0.000E+00
     1.800     0.279    0.700E+00    0.336E+00    0.339E+00    0.273E-01    0.348E-01    0.125E-01    0.125E-01    0.123E-03    0.123E-03    0.000E+00    0.000E+00
     1.800     0.280    0.699E+00    0.335E+00    0.336E+00    0.271E-01    0.344E-01    0.124E-01    0.124E-01    0.122E-03    0.122E-03    0.000E+00    0.000E+00
     1.800     0.281    0.698E+00    0.334E+00    0.334E+00    0.269E-01    0.340E-01    0.122E-01    0.122E-01    0.121E-03    0.121E-03    0.000E+00    0.000E+00
     1.800     0.282    0.697E+00    0.333E+00    0.332E+00    0.266E-01    0.336E-01    0.121E-01    0.121E-01    0.119E-03    0.119E-03    0.000E+00    0.000E+00
     1.800     0.283    0.696E+00    0.332E+00    0.330E+00    0.264E-01    0.333E-01    0.120E-01    0.120E-01    0.118E-03    0.118E-03    0.000E+00    0.000E+00
     1.800     0.284    0.695E+00    0.331E+00    0.328E+00    0.262E-01    0.329E-01    0.119E-01    0.119E-01    0.117E-03    0.117E-03    0.000E+00    0.000E+00
     1.800     0.285    0.694E+00    0.330E+00    0.326E+00    0.260E-01    0.326E-01    0.118E-01    0.118E-01    0.116E-03    0.116E-03    0.000E+00    0.000E+00
     1.800     0.286    0.694E+00    0.329E+00    0.323E+00    0.258E-01    0.322E-01    0.117E-01    0.117E-01    0.115E-03    0.115E-03    0.000E+00    0.000E+00
     1.800     0.287    0.693E+00    0.328E+00    0.321E+00    0.256E-01    0.319E-01    0.116E-01    0.116E-01    0.114E-03    0.114E-03    0.000E+00    0.000E+00
     1.800     0.288    0.692E+00    0.327E+00    0.319E+00    0.254E-01    0.315E-01    0.114E-01    0.114E-01    0.113E-03    0.113E-03    0.000E+00    0.000E+00
     1.800     0.289    0.691E+00    0.326E+00    0.317E+00    0.252E-01    0.312E-01    0.113E-01    0.113E-01    0.111E-03    0.111E-03    0.000E+00    0.000E+00
     1.800     0.290    0.690E+00    0.325E+00    0.315E+00    0.250E-01    0.308E-01    0.112E-01    0.112E-01    0.110E-03    0.110E-03    0.000E+00    0.000E+00
     1.800     0.291    0.689E+00    0.324E+00    0.313E+00    0.248E-01    0.305E-01    0.111E-01    0.111E-01    0.109E-03    0.109E-03    0.000E+00    0.000E+00
     1.800     0.292    0.688E+00    0.323E+00    0.311E+00    0.246E-01    0.302E-01    0.110E-01    0.110E-01    0.108E-03    0.108E-03    0.000E+00    0.000E+00
     1.800     0.293    0.687E+00    0.322E+00    0.309E+00    0.244E-01    0.298E-01    0.109E-01    0.109E-01    0.107E-03    0.107E-03    0.000E+00    0.000E+00
     1.800     0.294    0.686E+00    0.321E+00    0.307E+00    0.242E-01    0.295E-01    0.108E-01    0.108E-01    0.106E-03    0.106E-03    0.000E+00    0.000E+00
     1.800     0.295    0.685E+00    0.320E+00    0.305E+00    0.240E-01    0.292E-01    0.107E-01    0.107E-01    0.105E-03    0.105E-03    0.000E+00    0.000E+00
     1.800     0.296    0.684E+00    0.319E+00    0.303E+00    0.238E-01    0.289E-01    0.106E-01    0.106E-01    0.104E-03    0.104E-03    0.000E+00    0.000E+00
     1.800     0.297    0.682E+00    0.318E+00    0.301E+00    0.236E-01    0.285E-01    0.105E-01    0.105E-01    0.103E-03    0.103E-03    0.000E+00    0.000E+00
     1.800     0.298    0.681E+00    0.317E+00    0.299E+00    0.234E-01    0.282E-01    0.104E-01    0.104E-01    0.102E-03    0.102E-03    0.000E+00    0.000E+00
     1.800     0.299    0.680E+00    0.316E+00    0.298E+00    0.232E-01    0.279E-01    0.103E-01    0.103E-01    0.101E-03    0.101E-03    0.000E+00    0.000E+00
     1.800     0.300    0.679E+00    0.315E+00    0.296E+00    0.230E-01    0.276E-01    0.102E-01    0.102E-01    0.999E-04    0.999E-04    0.000E+00    0.000E+00
     1.800     0.301    0.678E+00    0.314E+00    0.294E+00    0.228E-01    0.273E-01    0.101E-01    0.101E-01    0.990E-04    0.990E-04    0.000E+00    0.000E+00
     1.800     0.302    0.677E+00    0.313E+00    0.292E+00    0.226E-01    0.270E-01    0.997E-02    0.997E-02    0.980E-04    0.980E-04    0.000E+00    0.000E+00
     1.800     0.303    0.676E+00    0.312E+00    0.290E+00    0.224E-01    0.267E-01    0.987E-02    0.987E-02    0.970E-04    0.970E-04    0.000E+00    0.000E+00
     1.800     0.304    0.675E+00    0.311E+00    0.288E+00    0.222E-01    0.264E-01    0.978E-02    0.978E-02    0.960E-04    0.960E-04    0.000E+00    0.000E+00
     1.800     0.305    0.674E+00    0.310E+00    0.287E+00    0.220E-01    0.261E-01    0.968E-02    0.968E-02    0.951E-04    0.951E-04    0.000E+00    0.000E+00
     1.800     0.306    0.673E+00    0.309E+00    0.285E+00    0.218E-01    0.258E-01    0.958E-02    0.958E-02    0.942E-04    0.942E-04    0.000E+00    0.000E+00
     1.800     0.307    0.671E+00    0.308E+00    0.283E+00    0.216E-01    0.255E-01    0.949E-02    0.949E-02    0.932E-04    0.932E-04    0.000E+00    0.000E+00
     1.800     0.308    0.670E+00    0.307E+00    0.281E+00    0.214E-01    0.252E-01    0.939E-02    0.939E-02    0.923E-04    0.923E-04    0.000E+00    0.000E+00
     1.800     0.309    0.669E+00    0.306E+00    0.280E+00    0.212E-01    0.250E-01    0.929E-02    0.929E-02    0.914E-04    0.914E-04    0.000E+00    0.000E+00
     1.800     0.310    0.668E+00    0.305E+00    0.278E+00    0.210E-01    0.247E-01    0.920E-02    0.920E-02    0.905E-04    0.905E-04    0.000E+00    0.000E+00
     1.800     0.311    0.667E+00    0.304E+00    0.276E+00    0.209E-01    0.244E-01    0.911E-02    0.911E-02    0.896E-04    0.896E-04    0.000E+00    0.000E+00
     1.800     0.312    0.666E+00    0.303E+00    0.274E+00    0.207E-01    0.241E-01    0.902E-02    0.902E-02    0.887E-04    0.887E-04    0.000E+00    0.000E+00
     1.800     0.313    0.664E+00    0.302E+00    0.273E+00    0.205E-01    0.239E-01    0.892E-02    0.892E-02    0.878E-04    0.878E-04    0.000E+00    0.000E+00
     1.800     0.314    0.663E+00    0.301E+00    0.271E+00    0.203E-01    0.236E-01    0.883E-02    0.883E-02    0.869E-04    0.869E-04    0.000E+00    0.000E+00
     1.800     0.315    0.662E+00    0.300E+00    0.270E+00    0.201E-01    0.233E-01    0.874E-02    0.874E-02    0.861E-04    0.861E-04    0.000E+00    0.000E+00
     1.800     0.316    0.661E+00    0.299E+00    0.268E+00    0.199E-01    0.231E-01    0.865E-02    0.865E-02    0.852E-04    0.852E-04    0.000E+00    0.000E+00
     1.800     0.317    0.660E+00    0.298E+00    0.266E+00    0.198E-01    0.228E-01    0.856E-02    0.856E-02    0.844E-04    0.844E-04    0.000E+00    0.000E+00
     1.800     0.318    0.658E+00    0.297E+00    0.265E+00    0.196E-01    0.225E-01    0.847E-02    0.847E-02    0.835E-04    0.835E-04    0.000E+00    0.000E+00
     1.800     0.319    0.657E+00    0.296E+00    0.263E+00    0.194E-01    0.223E-01    0.839E-02    0.839E-02    0.827E-04    0.827E-04    0.000E+00    0.000E+00
     1.800     0.320    0.656E+00    0.295E+00    0.261E+00    0.192E-01    0.220E-01    0.830E-02    0.830E-02    0.818E-04    0.818E-04    0.000E+00    0.000E+00
     1.800     0.321    0.655E+00    0.294E+00    0.260E+00    0.190E-01    0.218E-01    0.821E-02    0.821E-02    0.810E-04    0.810E-04    0.000E+00    0.000E+00
     1.800     0.322    0.653E+00    0.293E+00    0.258E+00    0.189E-01    0.215E-01    0.813E-02    0.813E-02    0.802E-04    0.802E-04    0.000E+00    0.000E+00
     1.800     0.323    0.652E+00    0.292E+00    0.257E+00    0.187E-01    0.213E-01    0.804E-02    0.804E-02    0.794E-04    0.794E-04    0.000E+00    0.000E+00
     1.800     0.324    0.651E+00    0.291E+00    0.255E+00    0.185E-01    0.210E-01    0.796E-02    0.796E-02    0.786E-04    0.786E-04    0.000E+00    0.000E+00
     1.800     0.325    0.649E+00    0.290E+00    0.254E+00    0.183E-01    0.208E-01    0.788E-02    0.788E-02    0.778E-04    0.778E-04    0.000E+00    0.000E+00
     1.800     0.326    0.648E+00    0.289E+00    0.252E+00    0.182E-01    0.206E-01    0.779E-02    0.779E-02    0.770E-04    0.770E-04    0.000E+00    0.000E+00
     1.800     0.327    0.647E+00    0.288E+00    0.251E+00    0.180E-01    0.203E-01    0.771E-02    0.771E-02    0.762E-04    0.762E-04    0.000E+00    0.000E+00
     1.800     0.328    0.646E+00    0.287E+00    0.249E+00    0.178E-01    0.201E-01    0.763E-02    0.763E-02    0.755E-04    0.755E-04    0.000E+00    0.000E+00
     1.800     0.329    0.644E+00    0.286E+00    0.248E+00    0.177E-01    0.199E-01    0.755E-02    0.755E-02    0.747E-04    0.747E-04    0.000E+00    0.000E+00
     1.800     0.330    0.643E+00    0.285E+00    0.246E+00    0.175E-01    0.196E-01    0.747E-02    0.747E-02    0.739E-04    0.739E-04    0.000E+00    0.000E+00
     1.800     0.331    0.642E+00    0.284E+00    0.245E+00    0.173E-01    0.194E-01    0.739E-02    0.739E-02    0.732E-04    0.732E-04    0.000E+00    0.000E+00
     1.800     0.332    0.640E+00    0.283E+00    0.243E+00    0.172E-01    0.192E-01    0.731E-02    0.731E-02    0.724E-04    0.724E-04    0.000E+00    0.000E+00
     1.800     0.333    0.639E+00    0.282E+00    0.242E+00    0.170E-01    0.190E-01    0.724E-02    0.724E-02    0.717E-04    0.717E-04    0.000E+00    0.000E+00
     1.800     0.334    0.638E+00    0.281E+00    0.241E+00    0.168E-01    0.188E-01    0.716E-02    0.716E-02    0.710E-04    0.710E-04    0.000E+00    0.000E+00
     1.800     0.335    0.636E+00    0.280E+00    0.239E+00    0.167E-01    0.185E-01    0.708E-02    0.708E-02    0.702E-04    0.702E-04    0.000E+00    0.000E+00
     1.800     0.336    0.635E+00    0.279E+00    0.238E+00    0.165E-01    0.183E-01    0.701E-02    0.701E-02    0.695E-04    0.695E-04    0.000E+00    0.000E+00
     1.800     0.337    0.634E+00    0.277E+00    0.236E+00    0.163E-01    0.181E-01    0.693E-02    0.693E-02    0.688E-04    0.688E-04    0.000E+00    0.000E+00
     1.800     0.338    0.632E+00    0.276E+00    0.235E+00    0.162E-01    0.179E-01    0.686E-02    0.686E-02    0.681E-04    0.681E-04    0.000E+00    0.000E+00
     1.800     0.339    0.631E+00    0.275E+00    0.233E+00    0.160E-01    0.177E-01    0.678E-02    0.678E-02    0.674E-04    0.674E-04    0.000E+00    0.000E+00
     1.800     0.340    0.629E+00    0.274E+00    0.232E+00    0.159E-01    0.175E-01    0.671E-02    0.671E-02    0.667E-04    0.667E-04    0.000E+00    0.000E+00
     1.800     0.341    0.628E+00    0.273E+00    0.231E+00    0.157E-01    0.173E-01    0.664E-02    0.664E-02    0.660E-04    0.660E-04    0.000E+00    0.000E+00
     1.800     0.342    0.627E+00    0.272E+00    0.229E+00    0.155E-01    0.171E-01    0.657E-02    0.657E-02    0.653E-04    0.653E-04    0.000E+00    0.000E+00
     1.800     0.343    0.625E+00    0.271E+00    0.228E+00    0.154E-01    0.169E-01    0.649E-02    0.649E-02    0.646E-04    0.646E-04    0.000E+00    0.000E+00
     1.800     0.344    0.624E+00    0.270E+00    0.227E+00    0.152E-01    0.167E-01    0.642E-02    0.642E-02    0.639E-04    0.639E-04    0.000E+00    0.000E+00
     1.800     0.345    0.622E+00    0.269E+00    0.225E+00    0.151E-01    0.165E-01    0.635E-02    0.635E-02    0.633E-04    0.633E-04    0.000E+00    0.000E+00
     1.800     0.346    0.621E+00    0.268E+00    0.224E+00    0.149E-01    0.163E-01    0.628E-02    0.628E-02    0.626E-04    0.626E-04    0.000E+00    0.000E+00
     1.800     0.347    0.619E+00    0.267E+00    0.223E+00    0.148E-01    0.161E-01    0.622E-02    0.622E-02    0.620E-04    0.620E-04    0.000E+00    0.000E+00
     1.800     0.348    0.618E+00    0.266E+00    0.221E+00    0.146E-01    0.159E-01    0.615E-02    0.615E-02    0.613E-04    0.613E-04    0.000E+00    0.000E+00
     1.800     0.349    0.617E+00    0.265E+00    0.220E+00    0.145E-01    0.157E-01    0.608E-02    0.608E-02    0.607E-04    0.607E-04    0.000E+00    0.000E+00
     1.800     0.350    0.615E+00    0.264E+00    0.219E+00    0.143E-01    0.155E-01    0.601E-02    0.601E-02    0.600E-04    0.600E-04    0.000E+00    0.000E+00
     1.800     0.351    0.614E+00    0.263E+00    0.218E+00    0.142E-01    0.154E-01    0.595E-02    0.595E-02    0.594E-04    0.594E-04    0.000E+00    0.000E+00
     1.800     0.352    0.612E+00    0.261E+00    0.216E+00    0.140E-01    0.152E-01    0.588E-02    0.588E-02    0.588E-04    0.588E-04    0.000E+00    0.000E+00
     1.800     0.353    0.611E+00    0.260E+00    0.215E+00    0.139E-01    0.150E-01    0.582E-02    0.582E-02    0.582E-04    0.582E-04    0.000E+00    0.000E+00
     1.800     0.354    0.609E+00    0.259E+00    0.214E+00    0.138E-01    0.148E-01    0.575E-02    0.575E-02    0.575E-04    0.575E-04    0.000E+00    0.000E+00
     1.800     0.355    0.608E+00    0.258E+00    0.213E+00    0.136E-01    0.147E-01    0.569E-02    0.569E-02    0.569E-04    0.569E-04    0.000E+00    0.000E+00
     1.800     0.356    0.606E+00    0.257E+00    0.211E+00    0.135E-01    0.145E-01    0.562E-02    0.562E-02    0.563E-04    0.563E-04    0.000E+00    0.000E+00
     1.800     0.357    0.605E+00    0.256E+00    0.210E+00    0.133E-01    0.143E-01    0.556E-02    0.556E-02    0.557E-04    0.557E-04    0.000E+00    0.000E+00
     1.800     0.358    0.603E+00    0.255E+00    0.209E+00    0.132E-01    0.141E-01    0.550E-02    0.550E-02    0.551E-04    0.551E-04    0.000E+00    0.000E+00
     1.800     0.359    0.602E+00    0.254E+00    0.208E+00    0.130E-01    0.140E-01    0.544E-02    0.544E-02    0.545E-04    0.545E-04    0.000E+00    0.000E+00
     1.800     0.360    0.600E+00    0.253E+00    0.206E+00    0.129E-01    0.138E-01    0.537E-02    0.537E-02    0.539E-04    0.539E-04    0.000E+00    0.000E+00
     1.800     0.361    0.599E+00    0.252E+00    0.205E+00    0.128E-01    0.136E-01    0.531E-02    0.531E-02    0.534E-04    0.534E-04    0.000E+00    0.000E+00
     1.800     0.362    0.597E+00    0.251E+00    0.204E+00    0.126E-01    0.135E-01    0.525E-02    0.525E-02    0.528E-04    0.528E-04    0.000E+00    0.000E+00
     1.800     0.363    0.596E+00    0.250E+00    0.203E+00    0.125E-01    0.133E-01    0.519E-02    0.519E-02    0.522E-04    0.522E-04    0.000E+00    0.000E+00
     1.800     0.364    0.594E+00    0.249E+00    0.202E+00    0.124E-01    0.132E-01    0.513E-02    0.513E-02    0.517E-04    0.517E-04    0.000E+00    0.000E+00
     1.800     0.365    0.593E+00    0.247E+00    0.200E+00    0.122E-01    0.130E-01    0.508E-02    0.508E-02    0.511E-04    0.511E-04    0.000E+00    0.000E+00
     1.800     0.366    0.591E+00    0.246E+00    0.199E+00    0.121E-01    0.128E-01    0.502E-02    0.502E-02    0.505E-04    0.505E-04    0.000E+00    0.000E+00
     1.800     0.367    0.590E+00    0.245E+00    0.198E+00    0.120E-01    0.127E-01    0.496E-02    0.496E-02    0.500E-04    0.500E-04    0.000E+00    0.000E+00
     1.800     0.368    0.588E+00    0.244E+00    0.197E+00    0.118E-01    0.125E-01    0.490E-02    0.490E-02    0.494E-04    0.494E-04    0.000E+00    0.000E+00
     1.800     0.369    0.587E+00    0.243E+00    0.196E+00    0.117E-01    0.124E-01    0.485E-02    0.485E-02    0.489E-04    0.489E-04    0.000E+00    0.000E+00
     1.800     0.370    0.585E+00    0.242E+00    0.195E+00    0.116E-01    0.122E-01    0.479E-02    0.479E-02    0.484E-04    0.484E-04    0.000E+00    0.000E+00
     1.800     0.371    0.583E+00    0.241E+00    0.193E+00    0.115E-01    0.121E-01    0.474E-02    0.474E-02    0.478E-04    0.478E-04    0.000E+00    0.000E+00
     1.800     0.372    0.582E+00    0.240E+00    0.192E+00    0.113E-01    0.119E-01    0.468E-02    0.468E-02    0.473E-04    0.473E-04    0.000E+00    0.000E+00
     1.800     0.373    0.580E+00    0.239E+00    0.191E+00    0.112E-01    0.118E-01    0.463E-02    0.463E-02    0.468E-04    0.468E-04    0.000E+00    0.000E+00
     1.800     0.374    0.579E+00    0.238E+00    0.190E+00    0.111E-01    0.117E-01    0.457E-02    0.457E-02    0.463E-04    0.463E-04    0.000E+00    0.000E+00
     1.800     0.375    0.577E+00    0.237E+00    0.189E+00    0.110E-01    0.115E-01    0.452E-02    0.452E-02    0.458E-04    0.458E-04    0.000E+00    0.000E+00
     1.800     0.376    0.576E+00    0.235E+00    0.188E+00    0.108E-01    0.114E-01    0.447E-02    0.447E-02    0.452E-04    0.452E-04    0.000E+00    0.000E+00
     1.800     0.377    0.574E+00    0.234E+00    0.187E+00    0.107E-01    0.112E-01    0.442E-02    0.442E-02    0.447E-04    0.447E-04    0.000E+00    0.000E+00
     1.800     0.378    0.572E+00    0.233E+00    0.185E+00    0.106E-01    0.111E-01    0.436E-02    0.436E-02    0.442E-04    0.442E-04    0.000E+00    0.000E+00
     1.800     0.379    0.571E+00    0.232E+00    0.184E+00    0.105E-01    0.110E-01    0.431E-02    0.431E-02    0.437E-04    0.437E-04    0.000E+00    0.000E+00
     1.800     0.380    0.569E+00    0.231E+00    0.183E+00    0.104E-01    0.108E-01    0.426E-02    0.426E-02    0.433E-04    0.433E-04    0.000E+00    0.000E+00
     1.800     0.381    0.568E+00    0.230E+00    0.182E+00    0.102E-01    0.107E-01    0.421E-02    0.421E-02    0.428E-04    0.428E-04    0.000E+00    0.000E+00
     1.800     0.382    0.566E+00    0.229E+00    0.181E+00    0.101E-01    0.106E-01    0.416E-02    0.416E-02    0.423E-04    0.423E-04    0.000E+00    0.000E+00
     1.800     0.383    0.565E+00    0.228E+00    0.180E+00    0.100E-01    0.104E-01    0.411E-02    0.411E-02    0.418E-04    0.418E-04    0.000E+00    0.000E+00
     1.800     0.384    0.563E+00    0.227E+00    0.179E+00    0.989E-02    0.103E-01    0.406E-02    0.406E-02    0.413E-04    0.413E-04    0.000E+00    0.000E+00
     1.800     0.385    0.561E+00    0.226E+00    0.178E+00    0.978E-02    0.102E-01    0.402E-02    0.402E-02    0.409E-04    0.409E-04    0.000E+00    0.000E+00
     1.800     0.386    0.560E+00    0.224E+00    0.177E+00    0.967E-02    0.101E-01    0.397E-02    0.397E-02    0.404E-04    0.404E-04    0.000E+00    0.000E+00
     1.800     0.387    0.558E+00    0.223E+00    0.176E+00    0.956E-02    0.993E-02    0.392E-02    0.392E-02    0.399E-04    0.399E-04    0.000E+00    0.000E+00
     1.800     0.388    0.556E+00    0.222E+00    0.175E+00    0.945E-02    0.981E-02    0.387E-02    0.387E-02    0.395E-04    0.395E-04    0.000E+00    0.000E+00
     1.800     0.389    0.555E+00    0.221E+00    0.174E+00    0.934E-02    0.968E-02    0.383E-02    0.383E-02    0.390E-04    0.390E-04    0.000E+00    0.000E+00
     1.800     0.390    0.553E+00    0.220E+00    0.173E+00    0.923E-02    0.956E-02    0.378E-02    0.378E-02    0.386E-04    0.386E-04    0.000E+00    0.000E+00
     1.800     0.391    0.552E+00    0.219E+00    0.171E+00    0.912E-02    0.945E-02    0.374E-02    0.374E-02    0.381E-04    0.381E-04    0.000E+00    0.000E+00
     1.800     0.392    0.550E+00    0.218E+00    0.170E+00    0.902E-02    0.933E-02    0.369E-02    0.369E-02    0.377E-04    0.377E-04    0.000E+00    0.000E+00
     1.800     0.393    0.548E+00    0.217E+00    0.169E+00    0.891E-02    0.921E-02    0.365E-02    0.365E-02    0.373E-04    0.373E-04    0.000E+00    0.000E+00
     1.800     0.394    0.547E+00    0.216E+00    0.168E+00    0.881E-02    0.910E-02    0.360E-02    0.360E-02    0.368E-04    0.368E-04    0.000E+00    0.000E+00
     1.800     0.395    0.545E+00    0.215E+00    0.167E+00    0.870E-02    0.898E-02    0.356E-02    0.356E-02    0.364E-04    0.364E-04    0.000E+00    0.000E+00
     1.800     0.396    0.543E+00    0.214E+00    0.166E+00    0.860E-02    0.887E-02    0.352E-02    0.352E-02    0.360E-04    0.360E-04    0.000E+00    0.000E+00
     1.800     0.397    0.542E+00    0.212E+00    0.165E+00    0.850E-02    0.876E-02    0.347E-02    0.347E-02    0.356E-04    0.356E-04    0.000E+00    0.000E+00
     1.800     0.398    0.540E+00    0.211E+00    0.164E+00    0.840E-02    0.865E-02    0.343E-02    0.343E-02    0.351E-04    0.351E-04    0.000E+00    0.000E+00
     1.800     0.399    0.538E+00    0.210E+00    0.163E+00    0.830E-02    0.854E-02    0.339E-02    0.339E-02    0.347E-04    0.347E-04    0.000E+00    0.000E+00
     1.800     0.400    0.537E+00    0.209E+00    0.162E+00    0.820E-02    0.843E-02    0.335E-02    0.335E-02    0.343E-04    0.343E-04    0.000E+00    0.000E+00
     1.800     0.401    0.535E+00    0.208E+00    0.161E+00    0.810E-02    0.833E-02    0.331E-02    0.331E-02    0.339E-04    0.339E-04    0.000E+00    0.000E+00
     1.800     0.402    0.533E+00    0.207E+00    0.160E+00    0.800E-02    0.822E-02    0.326E-02    0.326E-02    0.335E-04    0.335E-04    0.000E+00    0.000E+00
     1.800     0.403    0.532E+00    0.206E+00    0.159E+00    0.791E-02    0.812E-02    0.322E-02    0.322E-02    0.331E-04    0.331E-04    0.000E+00    0.000E+00
     1.800     0.404    0.530E+00    0.205E+00    0.158E+00    0.781E-02    0.801E-02    0.318E-02    0.318E-02    0.327E-04    0.327E-04    0.000E+00    0.000E+00
     1.800     0.405    0.528E+00    0.204E+00    0.157E+00    0.772E-02    0.791E-02    0.315E-02    0.315E-02    0.323E-04    0.323E-04    0.000E+00    0.000E+00
     1.800     0.406    0.527E+00    0.203E+00    0.156E+00    0.762E-02    0.781E-02    0.311E-02    0.311E-02    0.319E-04    0.319E-04    0.000E+00    0.000E+00
     1.800     0.407    0.525E+00    0.202E+00    0.155E+00    0.753E-02    0.771E-02    0.307E-02    0.307E-02    0.316E-04    0.316E-04    0.000E+00    0.000E+00
     1.800     0.408    0.523E+00    0.201E+00    0.154E+00    0.744E-02    0.761E-02    0.303E-02    0.303E-02    0.312E-04    0.312E-04    0.000E+00    0.000E+00
     1.800     0.409    0.522E+00    0.199E+00    0.153E+00    0.735E-02    0.752E-02    0.299E-02    0.299E-02    0.308E-04    0.308E-04    0.000E+00    0.000E+00
     1.800     0.410    0.520E+00    0.198E+00    0.152E+00    0.726E-02    0.742E-02    0.295E-02    0.295E-02    0.304E-04    0.304E-04    0.000E+00    0.000E+00
     1.800     0.411    0.518E+00    0.197E+00    0.151E+00    0.717E-02    0.733E-02    0.292E-02    0.292E-02    0.301E-04    0.301E-04    0.000E+00    0.000E+00
     1.800     0.412    0.517E+00    0.196E+00    0.150E+00    0.708E-02    0.723E-02    0.288E-02    0.288E-02    0.297E-04    0.297E-04    0.000E+00    0.000E+00
     1.800     0.413    0.515E+00    0.195E+00    0.150E+00    0.699E-02    0.714E-02    0.284E-02    0.284E-02    0.293E-04    0.293E-04    0.000E+00    0.000E+00
     1.800     0.414    0.513E+00    0.194E+00    0.149E+00    0.691E-02    0.705E-02    0.281E-02    0.281E-02    0.290E-04    0.290E-04    0.000E+00    0.000E+00
     1.800     0.415    0.511E+00    0.193E+00    0.148E+00    0.682E-02    0.696E-02    0.277E-02    0.277E-02    0.286E-04    0.286E-04    0.000E+00    0.000E+00
     1.800     0.416    0.510E+00    0.192E+00    0.147E+00    0.674E-02    0.687E-02    0.274E-02    0.274E-02    0.283E-04    0.283E-04    0.000E+00    0.000E+00
     1.800     0.417    0.508E+00    0.191E+00    0.146E+00    0.665E-02    0.678E-02    0.270E-02    0.270E-02    0.279E-04    0.279E-04    0.000E+00    0.000E+00
     1.800     0.418    0.506E+00    0.190E+00    0.145E+00    0.657E-02    0.669E-02    0.267E-02    0.267E-02    0.276E-04    0.276E-04    0.000E+00    0.000E+00
     1.800     0.419    0.505E+00    0.189E+00    0.144E+00    0.649E-02    0.660E-02    0.263E-02    0.263E-02    0.272E-04    0.272E-04    0.000E+00    0.000E+00
     1.800     0.420    0.503E+00    0.188E+00    0.143E+00    0.640E-02    0.652E-02    0.260E-02    0.260E-02    0.269E-04    0.269E-04    0.000E+00    0.000E+00
     1.800     0.421    0.501E+00    0.187E+00    0.142E+00    0.632E-02    0.643E-02    0.257E-02    0.257E-02    0.266E-04    0.266E-04    0.000E+00    0.000E+00
     1.800     0.422    0.500E+00    0.185E+00    0.141E+00    0.624E-02    0.635E-02    0.253E-02    0.253E-02    0.262E-04    0.262E-04    0.000E+00    0.000E+00
     1.800     0.423    0.498E+00    0.184E+00    0.140E+00    0.616E-02    0.626E-02    0.250E-02    0.250E-02    0.259E-04    0.259E-04    0.000E+00    0.000E+00
     1.800     0.424    0.496E+00    0.183E+00    0.139E+00    0.609E-02    0.618E-02    0.247E-02    0.247E-02    0.256E-04    0.256E-04    0.000E+00    0.000E+00
     1.800     0.425    0.494E+00    0.182E+00    0.138E+00    0.601E-02    0.610E-02    0.244E-02    0.244E-02    0.253E-04    0.253E-04    0.000E+00    0.000E+00
     1.800     0.426    0.493E+00    0.181E+00    0.137E+00    0.593E-02    0.602E-02    0.241E-02    0.241E-02    0.249E-04    0.249E-04    0.000E+00    0.000E+00
     1.800     0.427    0.491E+00    0.180E+00    0.136E+00    0.586E-02    0.594E-02    0.237E-02    0.237E-02    0.246E-04    0.246E-04    0.000E+00    0.000E+00
     1.800     0.428    0.489E+00    0.179E+00    0.136E+00    0.578E-02    0.586E-02    0.234E-02    0.234E-02    0.243E-04    0.243E-04    0.000E+00    0.000E+00
     1.800     0.429    0.488E+00    0.178E+00    0.135E+00    0.571E-02    0.579E-02    0.231E-02    0.231E-02    0.240E-04    0.240E-04    0.000E+00    0.000E+00
     1.800     0.430    0.486E+00    0.177E+00    0.134E+00    0.563E-02    0.571E-02    0.228E-02    0.228E-02    0.237E-04    0.237E-04    0.000E+00    0.000E+00
     1.800     0.431    0.484E+00    0.176E+00    0.133E+00    0.556E-02    0.563E-02    0.225E-02    0.225E-02    0.234E-04    0.234E-04    0.000E+00    0.000E+00
     1.800     0.432    0.482E+00    0.175E+00    0.132E+00    0.549E-02    0.556E-02    0.222E-02    0.222E-02    0.231E-04    0.231E-04    0.000E+00    0.000E+00
     1.800     0.433    0.481E+00    0.174E+00    0.131E+00    0.542E-02    0.548E-02    0.219E-02    0.219E-02    0.228E-04    0.228E-04    0.000E+00    0.000E+00
     1.800     0.434    0.479E+00    0.173E+00    0.130E+00    0.535E-02    0.541E-02    0.216E-02    0.216E-02    0.225E-04    0.225E-04    0.000E+00    0.000E+00
     1.800     0.435    0.477E+00    0.172E+00    0.129E+00    0.528E-02    0.534E-02    0.214E-02    0.214E-02    0.222E-04    0.222E-04    0.000E+00    0.000E+00
     1.800     0.436    0.475E+00    0.171E+00    0.128E+00    0.521E-02    0.527E-02    0.211E-02    0.211E-02    0.219E-04    0.219E-04    0.000E+00    0.000E+00
     1.800     0.437    0.474E+00    0.170E+00    0.128E+00    0.514E-02    0.520E-02    0.208E-02    0.208E-02    0.216E-04    0.216E-04    0.000E+00    0.000E+00
     1.800     0.438    0.472E+00    0.169E+00    0.127E+00    0.507E-02    0.513E-02    0.205E-02    0.205E-02    0.214E-04    0.214E-04    0.000E+00    0.000E+00
     1.800     0.439    0.470E+00    0.168E+00    0.126E+00    0.500E-02    0.506E-02    0.202E-02    0.202E-02    0.211E-04    0.211E-04    0.000E+00    0.000E+00
     1.800     0.440    0.469E+00    0.167E+00    0.125E+00    0.494E-02    0.499E-02    0.200E-02    0.200E-02    0.208E-04    0.208E-04    0.000E+00    0.000E+00
     1.800     0.441    0.467E+00    0.166E+00    0.124E+00    0.487E-02    0.492E-02    0.197E-02    0.197E-02    0.205E-04    0.205E-04    0.000E+00    0.000E+00
     1.800     0.442    0.465E+00    0.164E+00    0.123E+00    0.481E-02    0.485E-02    0.194E-02    0.194E-02    0.203E-04    0.203E-04    0.000E+00    0.000E+00
     1.800     0.443    0.463E+00    0.163E+00    0.122E+00    0.474E-02    0.479E-02    0.192E-02    0.192E-02    0.200E-04    0.200E-04    0.000E+00    0.000E+00
     1.800     0.444    0.462E+00    0.162E+00    0.122E+00    0.468E-02    0.472E-02    0.189E-02    0.189E-02    0.197E-04    0.197E-04    0.000E+00    0.000E+00
     1.800     0.445    0.460E+00    0.161E+00    0.121E+00    0.462E-02    0.466E-02    0.187E-02    0.187E-02    0.195E-04    0.195E-04    0.000E+00    0.000E+00
     1.800     0.446    0.458E+00    0.160E+00    0.120E+00    0.455E-02    0.459E-02    0.184E-02    0.184E-02    0.192E-04    0.192E-04    0.000E+00    0.000E+00
     1.800     0.447    0.456E+00    0.159E+00    0.119E+00    0.449E-02    0.453E-02    0.182E-02    0.182E-02    0.189E-04    0.189E-04    0.000E+00    0.000E+00
     1.800     0.448    0.455E+00    0.158E+00    0.118E+00    0.443E-02    0.447E-02    0.179E-02    0.179E-02    0.187E-04    0.187E-04    0.000E+00    0.000E+00
     1.800     0.449    0.453E+00    0.157E+00    0.117E+00    0.437E-02    0.441E-02    0.177E-02    0.177E-02    0.184E-04    0.184E-04    0.000E+00    0.000E+00
     1.800     0.450    0.451E+00    0.156E+00    0.117E+00    0.431E-02    0.435E-02    0.174E-02    0.174E-02    0.182E-04    0.182E-04    0.000E+00    0.000E+00
     1.800     0.451    0.449E+00    0.155E+00    0.116E+00    0.426E-02    0.429E-02    0.172E-02    0.172E-02    0.179E-04    0.179E-04    0.000E+00    0.000E+00
     1.800     0.452    0.448E+00    0.154E+00    0.115E+00    0.420E-02    0.423E-02    0.170E-02    0.170E-02    0.177E-04    0.177E-04    0.000E+00    0.000E+00
     1.800     0.453    0.446E+00    0.153E+00    0.114E+00    0.414E-02    0.417E-02    0.167E-02    0.167E-02    0.175E-04    0.175E-04    0.000E+00    0.000E+00
     1.800     0.454    0.444E+00    0.152E+00    0.113E+00    0.408E-02    0.411E-02    0.165E-02    0.165E-02    0.172E-04    0.172E-04    0.000E+00    0.000E+00
     1.800     0.455    0.442E+00    0.151E+00    0.112E+00    0.403E-02    0.406E-02    0.163E-02    0.163E-02    0.170E-04    0.170E-04    0.000E+00    0.000E+00
     1.800     0.456    0.441E+00    0.150E+00    0.112E+00    0.397E-02    0.400E-02    0.160E-02    0.160E-02    0.168E-04    0.168E-04    0.000E+00    0.000E+00
     1.800     0.457    0.439E+00    0.149E+00    0.111E+00    0.392E-02    0.394E-02    0.158E-02    0.158E-02    0.165E-04    0.165E-04    0.000E+00    0.000E+00
     1.800     0.458    0.437E+00    0.148E+00    0.110E+00    0.386E-02    0.389E-02    0.156E-02    0.156E-02    0.163E-04    0.163E-04    0.000E+00    0.000E+00
     1.800     0.459    0.435E+00    0.147E+00    0.109E+00    0.381E-02    0.383E-02    0.154E-02    0.154E-02    0.161E-04    0.161E-04    0.000E+00    0.000E+00
     1.800     0.460    0.434E+00    0.146E+00    0.108E+00    0.376E-02    0.378E-02    0.152E-02    0.152E-02    0.158E-04    0.158E-04    0.000E+00    0.000E+00
     1.800     0.461    0.432E+00    0.145E+00    0.108E+00    0.370E-02    0.373E-02    0.150E-02    0.150E-02    0.156E-04    0.156E-04    0.000E+00    0.000E+00
     1.800     0.462    0.430E+00    0.144E+00    0.107E+00    0.365E-02    0.367E-02    0.147E-02    0.147E-02    0.154E-04    0.154E-04    0.000E+00    0.000E+00
     1.800     0.463    0.428E+00    0.143E+00    0.106E+00    0.360E-02    0.362E-02    0.145E-02    0.145E-02    0.152E-04    0.152E-04    0.000E+00    0.000E+00
     1.800     0.464    0.427E+00    0.142E+00    0.105E+00    0.355E-02    0.357E-02    0.143E-02    0.143E-02    0.150E-04    0.150E-04    0.000E+00    0.000E+00
     1.800     0.465    0.425E+00    0.141E+00    0.105E+00    0.350E-02    0.352E-02    0.141E-02    0.141E-02    0.148E-04    0.148E-04    0.000E+00    0.000E+00
     1.800     0.466    0.423E+00    0.140E+00    0.104E+00    0.345E-02    0.347E-02    0.139E-02    0.139E-02    0.146E-04    0.146E-04    0.000E+00    0.000E+00
     1.800     0.467    0.422E+00    0.139E+00    0.103E+00    0.340E-02    0.342E-02    0.137E-02    0.137E-02    0.143E-04    0.143E-04    0.000E+00    0.000E+00
     1.800     0.468    0.420E+00    0.139E+00    0.102E+00    0.336E-02    0.337E-02    0.135E-02    0.135E-02    0.141E-04    0.141E-04    0.000E+00    0.000E+00
     1.800     0.469    0.418E+00    0.138E+00    0.101E+00    0.331E-02    0.332E-02    0.133E-02    0.133E-02    0.139E-04    0.139E-04    0.000E+00    0.000E+00
     1.800     0.470    0.416E+00    0.137E+00    0.101E+00    0.326E-02    0.328E-02    0.132E-02    0.132E-02    0.137E-04    0.137E-04    0.000E+00    0.000E+00
     1.800     0.471    0.415E+00    0.136E+00    0.999E-01    0.321E-02    0.323E-02    0.130E-02    0.130E-02    0.135E-04    0.135E-04    0.000E+00    0.000E+00
     1.800     0.472    0.413E+00    0.135E+00    0.991E-01    0.317E-02    0.318E-02    0.128E-02    0.128E-02    0.133E-04    0.133E-04    0.000E+00    0.000E+00
     1.800     0.473    0.411E+00    0.134E+00    0.984E-01    0.312E-02    0.314E-02    0.126E-02    0.126E-02    0.132E-04    0.132E-04    0.000E+00    0.000E+00
     1.800     0.474    0.409E+00    0.133E+00    0.976E-01    0.308E-02    0.309E-02    0.124E-02    0.124E-02    0.130E-04    0.130E-04    0.000E+00    0.000E+00
     1.800     0.475    0.408E+00    0.132E+00    0.969E-01    0.303E-02    0.305E-02    0.122E-02    0.122E-02    0.128E-04    0.128E-04    0.000E+00    0.000E+00
     1.800     0.476    0.406E+00    0.131E+00    0.961E-01    0.299E-02    0.300E-02    0.121E-02    0.121E-02    0.126E-04    0.126E-04    0.000E+00    0.000E+00
     1.800     0.477    0.404E+00    0.130E+00    0.954E-01    0.295E-02    0.296E-02    0.119E-02    0.119E-02    0.124E-04    0.124E-04    0.000E+00    0.000E+00
     1.800     0.478    0.402E+00    0.129E+00    0.947E-01    0.290E-02    0.291E-02    0.117E-02    0.117E-02    0.122E-04    0.122E-04    0.000E+00    0.000E+00
     1.800     0.479    0.401E+00    0.128E+00    0.939E-01    0.286E-02    0.287E-02    0.115E-02    0.115E-02    0.120E-04    0.120E-04    0.000E+00    0.000E+00
     1.800     0.480    0.399E+00    0.127E+00    0.932E-01    0.282E-02    0.283E-02    0.114E-02    0.114E-02    0.119E-04    0.119E-04    0.000E+00    0.000E+00
     1.800     0.481    0.397E+00    0.126E+00    0.925E-01    0.278E-02    0.279E-02    0.112E-02    0.112E-02    0.117E-04    0.117E-04    0.000E+00    0.000E+00
     1.800     0.482    0.395E+00    0.125E+00    0.917E-01    0.274E-02    0.275E-02    0.110E-02    0.110E-02    0.115E-04    0.115E-04    0.000E+00    0.000E+00
     1.800     0.483    0.394E+00    0.124E+00    0.910E-01    0.270E-02    0.271E-02    0.109E-02    0.109E-02    0.113E-04    0.113E-04    0.000E+00    0.000E+00
     1.800     0.484    0.392E+00    0.123E+00    0.903E-01    0.266E-02    0.267E-02    0.107E-02    0.107E-02    0.112E-04    0.112E-04    0.000E+00    0.000E+00
     1.800     0.485    0.390E+00    0.123E+00    0.896E-01    0.262E-02    0.263E-02    0.106E-02    0.106E-02    0.110E-04    0.110E-04    0.000E+00    0.000E+00
     1.800     0.486    0.389E+00    0.122E+00    0.888E-01    0.258E-02    0.259E-02    0.104E-02    0.104E-02    0.108E-04    0.108E-04    0.000E+00    0.000E+00
     1.800     0.487    0.387E+00    0.121E+00    0.881E-01    0.254E-02    0.255E-02    0.102E-02    0.102E-02    0.107E-04    0.107E-04    0.000E+00    0.000E+00
     1.800     0.488    0.385E+00    0.120E+00    0.874E-01    0.251E-02    0.251E-02    0.101E-02    0.101E-02    0.105E-04    0.105E-04    0.000E+00    0.000E+00
     1.800     0.489    0.383E+00    0.119E+00    0.867E-01    0.247E-02    0.247E-02    0.995E-03    0.995E-03    0.103E-04    0.103E-04    0.000E+00    0.000E+00
     1.800     0.490    0.382E+00    0.118E+00    0.860E-01    0.243E-02    0.244E-02    0.980E-03    0.980E-03    0.102E-04    0.102E-04    0.000E+00    0.000E+00
     1.800     0.491    0.380E+00    0.117E+00    0.853E-01    0.239E-02    0.240E-02    0.965E-03    0.965E-03    0.100E-04    0.100E-04    0.000E+00    0.000E+00
     1.800     0.492    0.378E+00    0.116E+00    0.846E-01    0.236E-02    0.236E-02    0.951E-03    0.951E-03    0.988E-05    0.988E-05    0.000E+00    0.000E+00
     1.800     0.493    0.376E+00    0.115E+00    0.839E-01    0.232E-02    0.233E-02    0.936E-03    0.936E-03    0.973E-05    0.973E-05    0.000E+00    0.000E+00
     1.800     0.494    0.375E+00    0.115E+00    0.833E-01    0.229E-02    0.229E-02    0.922E-03    0.922E-03    0.958E-05    0.958E-05    0.000E+00    0.000E+00
     1.800     0.495    0.373E+00    0.114E+00    0.826E-01    0.225E-02    0.226E-02    0.908E-03    0.908E-03    0.943E-05    0.943E-05    0.000E+00    0.000E+00
     1.800     0.496    0.371E+00    0.113E+00    0.819E-01    0.222E-02    0.222E-02    0.895E-03    0.895E-03    0.928E-05    0.928E-05    0.000E+00    0.000E+00
     1.800     0.497    0.370E+00    0.112E+00    0.812E-01    0.219E-02    0.219E-02    0.881E-03    0.881E-03    0.914E-05    0.914E-05    0.000E+00    0.000E+00
     1.800     0.498    0.368E+00    0.111E+00    0.805E-01    0.215E-02    0.216E-02    0.868E-03    0.868E-03    0.900E-05    0.900E-05    0.000E+00    0.000E+00
     1.800     0.499    0.366E+00    0.110E+00    0.799E-01    0.212E-02    0.212E-02    0.854E-03    0.854E-03    0.885E-05    0.885E-05    0.000E+00    0.000E+00
     1.800     0.500    0.364E+00    0.109E+00    0.792E-01    0.209E-02    0.209E-02    0.841E-03    0.841E-03    0.871E-05    0.871E-05    0.000E+00    0.000E+00
     1.800     0.501    0.363E+00    0.108E+00    0.785E-01    0.206E-02    0.206E-02    0.828E-03    0.828E-03    0.858E-05    0.858E-05    0.000E+00    0.000E+00
     1.800     0.502    0.361E+00    0.108E+00    0.779E-01    0.202E-02    0.203E-02    0.816E-03    0.816E-03    0.844E-05    0.844E-05    0.000E+00    0.000E+00
     1.800     0.503    0.359E+00    0.107E+00    0.772E-01    0.199E-02    0.200E-02    0.803E-03    0.803E-03    0.830E-05    0.830E-05    0.000E+00    0.000E+00
     1.800     0.504    0.358E+00    0.106E+00    0.765E-01    0.196E-02    0.197E-02    0.791E-03    0.791E-03    0.817E-05    0.817E-05    0.000E+00    0.000E+00
     1.800     0.505    0.356E+00    0.105E+00    0.759E-01    0.193E-02    0.194E-02    0.778E-03    0.778E-03    0.804E-05    0.804E-05    0.000E+00    0.000E+00
     1.800     0.506    0.354E+00    0.104E+00    0.752E-01    0.190E-02    0.191E-02    0.766E-03    0.766E-03    0.791E-05    0.791E-05    0.000E+00    0.000E+00
     1.800     0.507    0.352E+00    0.103E+00    0.746E-01    0.187E-02    0.188E-02    0.754E-03    0.754E-03    0.778E-05    0.778E-05    0.000E+00    0.000E+00
     1.800     0.508    0.351E+00    0.103E+00    0.740E-01    0.184E-02    0.185E-02    0.743E-03    0.743E-03    0.766E-05    0.766E-05    0.000E+00    0.000E+00
     1.800     0.509    0.349E+00    0.102E+00    0.733E-01    0.182E-02    0.182E-02    0.731E-03    0.731E-03    0.753E-05    0.753E-05    0.000E+00    0.000E+00
     1.800     0.510    0.347E+00    0.101E+00    0.727E-01    0.179E-02    0.179E-02    0.720E-03    0.720E-03    0.741E-05    0.741E-05    0.000E+00    0.000E+00
     1.800     0.511    0.346E+00    0.100E+00    0.720E-01    0.176E-02    0.176E-02    0.708E-03    0.708E-03    0.729E-05    0.729E-05    0.000E+00    0.000E+00
     1.800     0.512    0.344E+00    0.993E-01    0.714E-01    0.173E-02    0.173E-02    0.697E-03    0.697E-03    0.717E-05    0.717E-05    0.000E+00    0.000E+00
     1.800     0.513    0.342E+00    0.984E-01    0.708E-01    0.170E-02    0.171E-02    0.686E-03    0.686E-03    0.705E-05    0.705E-05    0.000E+00    0.000E+00
     1.800     0.514    0.341E+00    0.976E-01    0.702E-01    0.168E-02    0.168E-02    0.675E-03    0.675E-03    0.693E-05    0.693E-05    0.000E+00    0.000E+00
     1.800     0.515    0.339E+00    0.968E-01    0.695E-01    0.165E-02    0.165E-02    0.665E-03    0.665E-03    0.682E-05    0.682E-05    0.000E+00    0.000E+00
     1.800     0.516    0.337E+00    0.960E-01    0.689E-01    0.162E-02    0.163E-02    0.654E-03    0.654E-03    0.670E-05    0.670E-05    0.000E+00    0.000E+00
     1.800     0.517    0.336E+00    0.952E-01    0.683E-01    0.160E-02    0.160E-02    0.644E-03    0.644E-03    0.659E-05    0.659E-05    0.000E+00    0.000E+00
     1.800     0.518    0.334E+00    0.944E-01    0.677E-01    0.157E-02    0.157E-02    0.634E-03    0.634E-03    0.648E-05    0.648E-05    0.000E+00    0.000E+00
     1.800     0.519    0.332E+00    0.937E-01    0.671E-01    0.155E-02    0.155E-02    0.623E-03    0.623E-03    0.637E-05    0.637E-05    0.000E+00    0.000E+00
     1.800     0.520    0.331E+00    0.929E-01    0.665E-01    0.152E-02    0.153E-02    0.614E-03    0.614E-03    0.626E-05    0.626E-05    0.000E+00    0.000E+00
     1.800     0.521    0.329E+00    0.921E-01    0.659E-01    0.150E-02    0.150E-02    0.604E-03    0.604E-03    0.616E-05    0.616E-05    0.000E+00    0.000E+00
     1.800     0.522    0.327E+00    0.913E-01    0.653E-01    0.148E-02    0.148E-02    0.594E-03    0.594E-03    0.605E-05    0.605E-05    0.000E+00    0.000E+00
     1.800     0.523    0.326E+00    0.905E-01    0.647E-01    0.145E-02    0.145E-02    0.584E-03    0.584E-03    0.595E-05    0.595E-05    0.000E+00    0.000E+00
     1.800     0.524    0.324E+00    0.898E-01    0.641E-01    0.143E-02    0.143E-02    0.575E-03    0.575E-03    0.585E-05    0.585E-05    0.000E+00    0.000E+00
     1.800     0.525    0.322E+00    0.890E-01    0.635E-01    0.140E-02    0.141E-02    0.565E-03    0.565E-03    0.575E-05    0.575E-05    0.000E+00    0.000E+00
     1.800     0.526    0.321E+00    0.882E-01    0.629E-01    0.138E-02    0.138E-02    0.556E-03    0.556E-03    0.565E-05    0.565E-05    0.000E+00    0.000E+00
     1.800     0.527    0.319E+00    0.875E-01    0.624E-01    0.136E-02    0.136E-02    0.547E-03    0.547E-03    0.555E-05    0.555E-05    0.000E+00    0.000E+00
     1.800     0.528    0.317E+00    0.867E-01    0.618E-01    0.134E-02    0.134E-02    0.538E-03    0.538E-03    0.545E-05    0.545E-05    0.000E+00    0.000E+00
     1.800     0.529    0.316E+00    0.860E-01    0.612E-01    0.132E-02    0.132E-02    0.529E-03    0.529E-03    0.536E-05    0.536E-05    0.000E+00    0.000E+00
     1.800     0.530    0.314E+00    0.852E-01    0.606E-01    0.129E-02    0.129E-02    0.521E-03    0.521E-03    0.526E-05    0.526E-05    0.000E+00    0.000E+00
     1.800     0.531    0.312E+00    0.845E-01    0.601E-01    0.127E-02    0.127E-02    0.512E-03    0.512E-03    0.517E-05    0.517E-05    0.000E+00    0.000E+00
     1.800     0.532    0.311E+00    0.837E-01    0.595E-01    0.125E-02    0.125E-02    0.504E-03    0.504E-03    0.508E-05    0.508E-05    0.000E+00    0.000E+00
     1.800     0.533    0.309E+00    0.830E-01    0.589E-01    0.123E-02    0.123E-02    0.495E-03    0.495E-03    0.499E-05    0.499E-05    0.000E+00    0.000E+00
     1.800     0.534    0.307E+00    0.823E-01    0.584E-01    0.121E-02    0.121E-02    0.487E-03    0.487E-03    0.490E-05    0.490E-05    0.000E+00    0.000E+00
     1.800     0.535    0.306E+00    0.815E-01    0.578E-01    0.119E-02    0.119E-02    0.479E-03    0.479E-03    0.481E-05    0.481E-05    0.000E+00    0.000E+00
     1.800     0.536    0.304E+00    0.808E-01    0.573E-01    0.117E-02    0.117E-02    0.471E-03    0.471E-03    0.473E-05    0.473E-05    0.000E+00    0.000E+00
     1.800     0.537    0.302E+00    0.801E-01    0.567E-01    0.115E-02    0.115E-02    0.463E-03    0.463E-03    0.464E-05    0.464E-05    0.000E+00    0.000E+00
     1.800     0.538    0.301E+00    0.794E-01    0.562E-01    0.113E-02    0.113E-02    0.456E-03    0.456E-03    0.456E-05    0.456E-05    0.000E+00    0.000E+00
     1.800     0.539    0.299E+00    0.787E-01    0.556E-01    0.111E-02    0.111E-02    0.448E-03    0.448E-03    0.448E-05    0.448E-05    0.000E+00    0.000E+00
     1.800     0.540    0.298E+00    0.780E-01    0.551E-01    0.109E-02    0.109E-02    0.440E-03    0.440E-03    0.439E-05    0.439E-05    0.000E+00    0.000E+00
     1.800     0.541    0.296E+00    0.773E-01    0.546E-01    0.108E-02    0.108E-02    0.433E-03    0.433E-03    0.431E-05    0.431E-05    0.000E+00    0.000E+00
     1.800     0.542    0.294E+00    0.766E-01    0.540E-01    0.106E-02    0.106E-02    0.426E-03    0.426E-03    0.424E-05    0.424E-05    0.000E+00    0.000E+00
     1.800     0.543    0.293E+00    0.759E-01    0.535E-01    0.104E-02    0.104E-02    0.419E-03    0.419E-03    0.416E-05    0.416E-05    0.000E+00    0.000E+00
     1.800     0.544    0.291E+00    0.752E-01    0.530E-01    0.102E-02    0.102E-02    0.411E-03    0.411E-03    0.408E-05    0.408E-05    0.000E+00    0.000E+00
     1.800     0.545    0.290E+00    0.745E-01    0.525E-01    0.100E-02    0.101E-02    0.404E-03    0.404E-03    0.400E-05    0.400E-05    0.000E+00    0.000E+00
     1.800     0.546    0.288E+00    0.738E-01    0.519E-01    0.988E-03    0.988E-03    0.397E-03    0.397E-03    0.393E-05    0.393E-05    0.000E+00    0.000E+00
     1.800     0.547    0.286E+00    0.731E-01    0.514E-01    0.971E-03    0.971E-03    0.391E-03    0.391E-03    0.386E-05    0.386E-05    0.000E+00    0.000E+00
     1.800     0.548    0.285E+00    0.725E-01    0.509E-01    0.954E-03    0.954E-03    0.384E-03    0.384E-03    0.378E-05    0.378E-05    0.000E+00    0.000E+00
     1.800     0.549    0.283E+00    0.718E-01    0.504E-01    0.938E-03    0.938E-03    0.377E-03    0.377E-03    0.371E-05    0.371E-05    0.000E+00    0.000E+00
     1.800     0.550    0.282E+00    0.711E-01    0.499E-01    0.921E-03    0.922E-03    0.371E-03    0.371E-03    0.364E-05    0.364E-05    0.000E+00    0.000E+00
     1.800     0.551    0.280E+00    0.704E-01    0.494E-01    0.906E-03    0.906E-03    0.364E-03    0.364E-03    0.357E-05    0.357E-05    0.000E+00    0.000E+00
     1.800     0.552    0.278E+00    0.698E-01    0.489E-01    0.890E-03    0.890E-03    0.358E-03    0.358E-03    0.350E-05    0.350E-05    0.000E+00    0.000E+00
     1.800     0.553    0.277E+00    0.691E-01    0.484E-01    0.874E-03    0.875E-03    0.352E-03    0.352E-03    0.344E-05    0.344E-05    0.000E+00    0.000E+00
     1.800     0.554    0.275E+00    0.685E-01    0.479E-01    0.859E-03    0.859E-03    0.346E-03    0.346E-03    0.337E-05    0.337E-05    0.000E+00    0.000E+00
     1.800     0.555    0.274E+00    0.678E-01    0.474E-01    0.844E-03    0.844E-03    0.340E-03    0.340E-03    0.331E-05    0.331E-05    0.000E+00    0.000E+00
     1.800     0.556    0.272E+00    0.672E-01    0.469E-01    0.829E-03    0.830E-03    0.334E-03    0.334E-03    0.324E-05    0.324E-05    0.000E+00    0.000E+00
     1.800     0.557    0.270E+00    0.666E-01    0.464E-01    0.815E-03    0.815E-03    0.328E-03    0.328E-03    0.318E-05    0.318E-05    0.000E+00    0.000E+00
     1.800     0.558    0.269E+00    0.659E-01    0.460E-01    0.801E-03    0.801E-03    0.322E-03    0.322E-03    0.312E-05    0.312E-05    0.000E+00    0.000E+00
     1.800     0.559    0.267E+00    0.653E-01    0.455E-01    0.787E-03    0.787E-03    0.317E-03    0.317E-03    0.306E-05    0.306E-05    0.000E+00    0.000E+00
     1.800     0.560    0.266E+00    0.647E-01    0.450E-01    0.773E-03    0.773E-03    0.311E-03    0.311E-03    0.300E-05    0.300E-05    0.000E+00    0.000E+00
     1.800     0.561    0.264E+00    0.640E-01    0.445E-01    0.759E-03    0.759E-03    0.305E-03    0.305E-03    0.294E-05    0.294E-05    0.000E+00    0.000E+00
     1.800     0.562    0.263E+00    0.634E-01    0.441E-01    0.746E-03    0.746E-03    0.300E-03    0.300E-03    0.288E-05    0.288E-05    0.000E+00    0.000E+00
     1.800     0.563    0.261E+00    0.628E-01    0.436E-01    0.733E-03    0.733E-03    0.295E-03    0.295E-03    0.282E-05    0.282E-05    0.000E+00    0.000E+00
     1.800     0.564    0.260E+00    0.622E-01    0.431E-01    0.719E-03    0.720E-03    0.289E-03    0.289E-03    0.277E-05    0.277E-05    0.000E+00    0.000E+00
     1.800     0.565    0.258E+00    0.616E-01    0.427E-01    0.707E-03    0.707E-03    0.284E-03    0.284E-03    0.271E-05    0.271E-05    0.000E+00    0.000E+00
     1.800     0.566    0.257E+00    0.610E-01    0.422E-01    0.694E-03    0.694E-03    0.279E-03    0.279E-03    0.266E-05    0.266E-05    0.000E+00    0.000E+00
     1.800     0.567    0.255E+00    0.604E-01    0.418E-01    0.681E-03    0.681E-03    0.274E-03    0.274E-03    0.260E-05    0.260E-05    0.000E+00    0.000E+00
     1.800     0.568    0.253E+00    0.598E-01    0.413E-01    0.669E-03    0.669E-03    0.269E-03    0.269E-03    0.255E-05    0.255E-05    0.000E+00    0.000E+00
     1.800     0.569    0.252E+00    0.592E-01    0.409E-01    0.657E-03    0.657E-03    0.264E-03    0.264E-03    0.250E-05    0.250E-05    0.000E+00    0.000E+00
     1.800     0.570    0.250E+00    0.586E-01    0.404E-01    0.645E-03    0.645E-03    0.259E-03    0.259E-03    0.245E-05    0.245E-05    0.000E+00    0.000E+00
     1.800     0.571    0.249E+00    0.580E-01    0.400E-01    0.633E-03    0.633E-03    0.255E-03    0.255E-03    0.239E-05    0.239E-05    0.000E+00    0.000E+00
     1.800     0.572    0.247E+00    0.574E-01    0.396E-01    0.622E-03    0.622E-03    0.250E-03    0.250E-03    0.234E-05    0.234E-05    0.000E+00    0.000E+00
     1.800     0.573    0.246E+00    0.569E-01    0.391E-01    0.610E-03    0.610E-03    0.246E-03    0.246E-03    0.230E-05    0.230E-05    0.000E+00    0.000E+00
     1.800     0.574    0.244E+00    0.563E-01    0.387E-01    0.599E-03    0.599E-03    0.241E-03    0.241E-03    0.225E-05    0.225E-05    0.000E+00    0.000E+00
     1.800     0.575    0.243E+00    0.557E-01    0.383E-01    0.588E-03    0.588E-03    0.237E-03    0.237E-03    0.220E-05    0.220E-05    0.000E+00    0.000E+00
     1.800     0.576    0.241E+00    0.552E-01    0.378E-01    0.577E-03    0.577E-03    0.232E-03    0.232E-03    0.215E-05    0.215E-05    0.000E+00    0.000E+00
     1.800     0.577    0.240E+00    0.546E-01    0.374E-01    0.567E-03    0.567E-03    0.228E-03    0.228E-03    0.211E-05    0.211E-05    0.000E+00    0.000E+00
     1.800     0.578    0.238E+00    0.540E-01    0.370E-01    0.556E-03    0.556E-03    0.224E-03    0.224E-03    0.206E-05    0.206E-05    0.000E+00    0.000E+00
     1.800     0.579    0.237E+00    0.535E-01    0.366E-01    0.546E-03    0.546E-03    0.220E-03    0.220E-03    0.202E-05    0.202E-05    0.000E+00    0.000E+00
     1.800     0.580    0.235E+00    0.529E-01    0.362E-01    0.536E-03    0.536E-03    0.216E-03    0.216E-03    0.198E-05    0.198E-05    0.000E+00    0.000E+00
     1.800     0.581    0.234E+00    0.524E-01    0.358E-01    0.526E-03    0.526E-03    0.212E-03    0.212E-03    0.193E-05    0.193E-05    0.000E+00    0.000E+00
     1.800     0.582    0.232E+00    0.519E-01    0.354E-01    0.516E-03    0.516E-03    0.208E-03    0.208E-03    0.189E-05    0.189E-05    0.000E+00    0.000E+00
     1.800     0.583    0.231E+00    0.513E-01    0.350E-01    0.507E-03    0.507E-03    0.204E-03    0.204E-03    0.185E-05    0.185E-05    0.000E+00    0.000E+00
     1.800     0.584    0.229E+00    0.508E-01    0.346E-01    0.497E-03    0.497E-03    0.200E-03    0.200E-03    0.181E-05    0.181E-05    0.000E+00    0.000E+00
     1.800     0.585    0.228E+00    0.503E-01    0.342E-01    0.488E-03    0.488E-03    0.196E-03    0.196E-03    0.177E-05    0.177E-05    0.000E+00    0.000E+00
     1.800     0.586    0.227E+00    0.497E-01    0.338E-01    0.479E-03    0.479E-03    0.192E-03    0.192E-03    0.173E-05    0.173E-05    0.000E+00    0.000E+00
     1.800     0.587    0.225E+00    0.492E-01    0.334E-01    0.469E-03    0.470E-03    0.189E-03    0.189E-03    0.169E-05    0.169E-05    0.000E+00    0.000E+00
     1.800     0.588    0.224E+00    0.487E-01    0.330E-01    0.461E-03    0.461E-03    0.185E-03    0.185E-03    0.166E-05    0.166E-05    0.000E+00    0.000E+00
     1.800     0.589    0.222E+00    0.482E-01    0.326E-01    0.452E-03    0.452E-03    0.182E-03    0.182E-03    0.162E-05    0.162E-05    0.000E+00    0.000E+00
     1.800     0.590    0.221E+00    0.477E-01    0.322E-01    0.443E-03    0.443E-03    0.178E-03    0.178E-03    0.158E-05    0.158E-05    0.000E+00    0.000E+00
     1.800     0.591    0.219E+00    0.472E-01    0.319E-01    0.435E-03    0.435E-03    0.175E-03    0.175E-03    0.155E-05    0.155E-05    0.000E+00    0.000E+00
     1.800     0.592    0.218E+00    0.467E-01    0.315E-01    0.426E-03    0.426E-03    0.171E-03    0.171E-03    0.151E-05    0.151E-05    0.000E+00    0.000E+00
     1.800     0.593    0.216E+00    0.462E-01    0.311E-01    0.418E-03    0.418E-03    0.168E-03    0.168E-03    0.148E-05    0.148E-05    0.000E+00    0.000E+00
     1.800     0.594    0.215E+00    0.457E-01    0.308E-01    0.410E-03    0.410E-03    0.165E-03    0.165E-03    0.144E-05    0.144E-05    0.000E+00    0.000E+00
     1.800     0.595    0.214E+00    0.452E-01    0.304E-01    0.402E-03    0.402E-03    0.162E-03    0.162E-03    0.141E-05    0.141E-05    0.000E+00    0.000E+00
     1.800     0.596    0.212E+00    0.447E-01    0.300E-01    0.394E-03    0.394E-03    0.159E-03    0.159E-03    0.138E-05    0.138E-05    0.000E+00    0.000E+00
     1.800     0.597    0.211E+00    0.442E-01    0.297E-01    0.387E-03    0.387E-03    0.155E-03    0.155E-03    0.135E-05    0.135E-05    0.000E+00    0.000E+00
     1.800     0.598    0.209E+00    0.437E-01    0.293E-01    0.379E-03    0.379E-03    0.152E-03    0.152E-03    0.131E-05    0.131E-05    0.000E+00    0.000E+00
     1.800     0.599    0.208E+00    0.433E-01    0.290E-01    0.372E-03    0.372E-03    0.149E-03    0.149E-03    0.128E-05    0.128E-05    0.000E+00    0.000E+00
     1.800     0.600    0.207E+00    0.428E-01    0.286E-01    0.364E-03    0.364E-03    0.146E-03    0.146E-03    0.125E-05    0.125E-05    0.000E+00    0.000E+00
     1.800     0.601    0.205E+00    0.423E-01    0.283E-01    0.357E-03    0.357E-03    0.144E-03    0.144E-03    0.122E-05    0.122E-05    0.000E+00    0.000E+00
     1.800     0.602    0.204E+00    0.419E-01    0.279E-01    0.350E-03    0.350E-03    0.141E-03    0.141E-03    0.119E-05    0.119E-05    0.000E+00    0.000E+00
     1.800     0.603    0.202E+00    0.414E-01    0.276E-01    0.343E-03    0.343E-03    0.138E-03    0.138E-03    0.117E-05    0.117E-05    0.000E+00    0.000E+00
     1.800     0.604    0.201E+00    0.409E-01    0.272E-01    0.337E-03    0.337E-03    0.135E-03    0.135E-03    0.114E-05    0.114E-05    0.000E+00    0.000E+00
     1.800     0.605    0.200E+00    0.405E-01    0.269E-01    0.330E-03    0.330E-03    0.133E-03    0.133E-03    0.111E-05    0.111E-05    0.000E+00    0.000E+00
     1.800     0.606    0.198E+00    0.400E-01    0.266E-01    0.323E-03    0.323E-03    0.130E-03    0.130E-03    0.108E-05    0.108E-05    0.000E+00    0.000E+00
     1.800     0.607    0.197E+00    0.396E-01    0.262E-01    0.317E-03    0.317E-03    0.127E-03    0.127E-03    0.106E-05    0.106E-05    0.000E+00    0.000E+00
     1.800     0.608    0.195E+00    0.392E-01    0.259E-01    0.311E-03    0.311E-03    0.125E-03    0.125E-03    0.103E-05    0.103E-05    0.000E+00    0.000E+00
     1.800     0.609    0.194E+00    0.387E-01    0.256E-01    0.304E-03    0.304E-03    0.122E-03    0.122E-03    0.101E-05    0.101E-05    0.000E+00    0.000E+00
     1.800     0.610    0.193E+00    0.383E-01    0.253E-01    0.298E-03    0.298E-03    0.120E-03    0.120E-03    0.980E-06    0.980E-06    0.000E+00    0.000E+00
     1.800     0.611    0.191E+00    0.378E-01    0.249E-01    0.292E-03    0.292E-03    0.117E-03    0.117E-03    0.956E-06    0.956E-06    0.000E+00    0.000E+00
     1.800     0.612    0.190E+00    0.374E-01    0.246E-01    0.286E-03    0.286E-03    0.115E-03    0.115E-03    0.931E-06    0.931E-06    0.000E+00    0.000E+00
     1.800     0.613    0.189E+00    0.370E-01    0.243E-01    0.280E-03    0.280E-03    0.113E-03    0.113E-03    0.908E-06    0.908E-06    0.000E+00    0.000E+00
     1.800     0.614    0.187E+00    0.366E-01    0.240E-01    0.275E-03    0.275E-03    0.110E-03    0.110E-03    0.884E-06    0.884E-06    0.000E+00    0.000E+00
     1.800     0.615    0.186E+00    0.362E-01    0.237E-01    0.269E-03    0.269E-03    0.108E-03    0.108E-03    0.862E-06    0.862E-06    0.000E+00    0.000E+00
     1.800     0.616    0.185E+00    0.357E-01    0.234E-01    0.264E-03    0.264E-03    0.106E-03    0.106E-03    0.839E-06    0.839E-06    0.000E+00    0.000E+00
     1.800     0.617    0.183E+00    0.353E-01    0.231E-01    0.258E-03    0.258E-03    0.104E-03    0.104E-03    0.818E-06    0.818E-06    0.000E+00    0.000E+00
     1.800     0.618    0.182E+00    0.349E-01    0.228E-01    0.253E-03    0.253E-03    0.102E-03    0.102E-03    0.796E-06    0.796E-06    0.000E+00    0.000E+00
     1.800     0.619    0.181E+00    0.345E-01    0.225E-01    0.248E-03    0.248E-03    0.995E-04    0.995E-04    0.775E-06    0.775E-06    0.000E+00    0.000E+00
     1.800     0.620    0.179E+00    0.341E-01    0.222E-01    0.242E-03    0.242E-03    0.974E-04    0.974E-04    0.755E-06    0.755E-06    0.000E+00    0.000E+00
     1.800     0.621    0.178E+00    0.337E-01    0.219E-01    0.237E-03    0.237E-03    0.954E-04    0.954E-04    0.735E-06    0.735E-06    0.000E+00    0.000E+00
     1.800     0.622    0.177E+00    0.333E-01    0.216E-01    0.232E-03    0.232E-03    0.934E-04    0.934E-04    0.715E-06    0.715E-06    0.000E+00    0.000E+00
     1.800     0.623    0.175E+00    0.329E-01    0.213E-01    0.228E-03    0.228E-03    0.915E-04    0.915E-04    0.696E-06    0.696E-06    0.000E+00    0.000E+00
     1.800     0.624    0.174E+00    0.326E-01    0.210E-01    0.223E-03    0.223E-03    0.895E-04    0.895E-04    0.677E-06    0.677E-06    0.000E+00    0.000E+00
     1.800     0.625    0.173E+00    0.322E-01    0.208E-01    0.218E-03    0.218E-03    0.877E-04    0.877E-04    0.659E-06    0.659E-06    0.000E+00    0.000E+00
     1.800     0.626    0.172E+00    0.318E-01    0.205E-01    0.214E-03    0.214E-03    0.858E-04    0.858E-04    0.641E-06    0.641E-06    0.000E+00    0.000E+00
     1.800     0.627    0.170E+00    0.314E-01    0.202E-01    0.209E-03    0.209E-03    0.840E-04    0.840E-04    0.623E-06    0.623E-06    0.000E+00    0.000E+00
     1.800     0.628    0.169E+00    0.310E-01    0.199E-01    0.205E-03    0.205E-03    0.822E-04    0.822E-04    0.606E-06    0.606E-06    0.000E+00    0.000E+00
     1.800     0.629    0.168E+00    0.307E-01    0.197E-01    0.200E-03    0.200E-03    0.805E-04    0.805E-04    0.589E-06    0.589E-06    0.000E+00    0.000E+00
     1.800     0.630    0.167E+00    0.303E-01    0.194E-01    0.196E-03    0.196E-03    0.788E-04    0.788E-04    0.573E-06    0.573E-06    0.000E+00    0.000E+00
     1.800     0.631    0.165E+00    0.300E-01    0.191E-01    0.192E-03    0.192E-03    0.771E-04    0.771E-04    0.557E-06    0.557E-06    0.000E+00    0.000E+00
     1.800     0.632    0.164E+00    0.296E-01    0.189E-01    0.188E-03    0.188E-03    0.755E-04    0.755E-04    0.541E-06    0.541E-06    0.000E+00    0.000E+00
     1.800     0.633    0.163E+00    0.292E-01    0.186E-01    0.184E-03    0.184E-03    0.738E-04    0.738E-04    0.525E-06    0.525E-06    0.000E+00    0.000E+00
     1.800     0.634    0.162E+00    0.289E-01    0.184E-01    0.180E-03    0.180E-03    0.722E-04    0.722E-04    0.510E-06    0.510E-06    0.000E+00    0.000E+00
     1.800     0.635    0.160E+00    0.285E-01    0.181E-01    0.176E-03    0.176E-03    0.707E-04    0.707E-04    0.495E-06    0.495E-06    0.000E+00    0.000E+00
     1.800     0.636    0.159E+00    0.282E-01    0.179E-01    0.172E-03    0.172E-03    0.691E-04    0.691E-04    0.480E-06    0.480E-06    0.000E+00    0.000E+00
     1.800     0.637    0.158E+00    0.278E-01    0.176E-01    0.168E-03    0.168E-03    0.676E-04    0.676E-04    0.466E-06    0.466E-06    0.000E+00    0.000E+00
     1.800     0.638    0.157E+00    0.275E-01    0.174E-01    0.165E-03    0.165E-03    0.661E-04    0.661E-04    0.452E-06    0.452E-06    0.000E+00    0.000E+00
     1.800     0.639    0.155E+00    0.272E-01    0.171E-01    0.161E-03    0.161E-03    0.647E-04    0.647E-04    0.438E-06    0.438E-06    0.000E+00    0.000E+00
     1.800     0.640    0.154E+00    0.268E-01    0.169E-01    0.157E-03    0.157E-03    0.633E-04    0.633E-04    0.425E-06    0.425E-06    0.000E+00    0.000E+00
     1.800     0.641    0.153E+00    0.265E-01    0.166E-01    0.154E-03    0.154E-03    0.619E-04    0.619E-04    0.412E-06    0.412E-06    0.000E+00    0.000E+00
     1.800     0.642    0.152E+00    0.262E-01    0.164E-01    0.151E-03    0.151E-03    0.605E-04    0.605E-04    0.399E-06    0.399E-06    0.000E+00    0.000E+00
     1.800     0.643    0.151E+00    0.259E-01    0.162E-01    0.147E-03    0.147E-03    0.591E-04    0.591E-04    0.387E-06    0.387E-06    0.000E+00    0.000E+00
     1.800     0.644    0.149E+00    0.255E-01    0.159E-01    0.144E-03    0.144E-03    0.578E-04    0.578E-04    0.375E-06    0.375E-06    0.000E+00    0.000E+00
     1.800     0.645    0.148E+00    0.252E-01    0.157E-01    0.141E-03    0.141E-03    0.565E-04    0.565E-04    0.363E-06    0.363E-06    0.000E+00    0.000E+00
     1.800     0.646    0.147E+00    0.249E-01    0.155E-01    0.138E-03    0.138E-03    0.553E-04    0.553E-04    0.352E-06    0.352E-06    0.000E+00    0.000E+00
     1.800     0.647    0.146E+00    0.246E-01    0.153E-01    0.135E-03    0.135E-03    0.541E-04    0.541E-04    0.341E-06    0.341E-06    0.000E+00    0.000E+00
     1.800     0.648    0.145E+00    0.243E-01    0.150E-01    0.132E-03    0.132E-03    0.528E-04    0.528E-04    0.330E-06    0.330E-06    0.000E+00    0.000E+00
     1.800     0.649    0.143E+00    0.240E-01    0.148E-01    0.129E-03    0.129E-03    0.517E-04    0.517E-04    0.319E-06    0.319E-06    0.000E+00    0.000E+00
     1.800     0.650    0.142E+00    0.237E-01    0.146E-01    0.126E-03    0.126E-03    0.505E-04    0.505E-04    0.309E-06    0.309E-06    0.000E+00    0.000E+00
     1.800     0.651    0.141E+00    0.234E-01    0.144E-01    0.123E-03    0.123E-03    0.494E-04    0.494E-04    0.298E-06    0.298E-06    0.000E+00    0.000E+00
     1.800     0.652    0.140E+00    0.231E-01    0.142E-01    0.120E-03    0.120E-03    0.482E-04    0.482E-04    0.288E-06    0.288E-06    0.000E+00    0.000E+00
     1.800     0.653    0.139E+00    0.228E-01    0.140E-01    0.117E-03    0.117E-03    0.471E-04    0.471E-04    0.279E-06    0.279E-06    0.000E+00    0.000E+00
     1.800     0.654    0.138E+00    0.225E-01    0.138E-01    0.115E-03    0.115E-03    0.461E-04    0.461E-04    0.269E-06    0.269E-06    0.000E+00    0.000E+00
     1.800     0.655    0.137E+00    0.222E-01    0.135E-01    0.112E-03    0.112E-03    0.450E-04    0.450E-04    0.260E-06    0.260E-06    0.000E+00    0.000E+00
     1.800     0.656    0.135E+00    0.219E-01    0.133E-01    0.109E-03    0.109E-03    0.440E-04    0.440E-04    0.251E-06    0.251E-06    0.000E+00    0.000E+00
     1.800     0.657    0.134E+00    0.216E-01    0.131E-01    0.107E-03    0.107E-03    0.429E-04    0.429E-04    0.242E-06    0.242E-06    0.000E+00    0.000E+00
     1.800     0.658    0.133E+00    0.214E-01    0.129E-01    0.104E-03    0.104E-03    0.419E-04    0.419E-04    0.233E-06    0.233E-06    0.000E+00    0.000E+00
     1.800     0.659    0.132E+00    0.211E-01    0.127E-01    0.102E-03    0.102E-03    0.409E-04    0.409E-04    0.225E-06    0.225E-06    0.000E+00    0.000E+00
     1.800     0.660    0.131E+00    0.208E-01    0.126E-01    0.997E-04    0.997E-04    0.400E-04    0.400E-04    0.217E-06    0.217E-06    0.000E+00    0.000E+00
     1.800     0.661    0.130E+00    0.205E-01    0.124E-01    0.973E-04    0.973E-04    0.391E-04    0.391E-04    0.209E-06    0.209E-06    0.000E+00    0.000E+00
     1.800     0.662    0.129E+00    0.203E-01    0.122E-01    0.950E-04    0.950E-04    0.381E-04    0.381E-04    0.201E-06    0.201E-06    0.000E+00    0.000E+00
     1.800     0.663    0.128E+00    0.200E-01    0.120E-01    0.928E-04    0.928E-04    0.372E-04    0.372E-04    0.193E-06    0.193E-06    0.000E+00    0.000E+00
     1.800     0.664    0.126E+00    0.197E-01    0.118E-01    0.906E-04    0.906E-04    0.364E-04    0.364E-04    0.186E-06    0.186E-06    0.000E+00    0.000E+00
     1.800     0.665    0.125E+00    0.195E-01    0.116E-01    0.885E-04    0.885E-04    0.355E-04    0.355E-04    0.179E-06    0.179E-06    0.000E+00    0.000E+00
     1.800     0.666    0.124E+00    0.192E-01    0.114E-01    0.864E-04    0.864E-04    0.346E-04    0.346E-04    0.172E-06    0.172E-06    0.000E+00    0.000E+00
     1.800     0.667    0.123E+00    0.190E-01    0.113E-01    0.843E-04    0.843E-04    0.338E-04    0.338E-04    0.165E-06    0.165E-06    0.000E+00    0.000E+00
     1.800     0.668    0.122E+00    0.187E-01    0.111E-01    0.823E-04    0.823E-04    0.330E-04    0.330E-04    0.159E-06    0.159E-06    0.000E+00    0.000E+00
     1.800     0.669    0.121E+00    0.185E-01    0.109E-01    0.803E-04    0.803E-04    0.322E-04    0.322E-04    0.152E-06    0.152E-06    0.000E+00    0.000E+00
     1.800     0.670    0.120E+00    0.182E-01    0.107E-01    0.784E-04    0.784E-04    0.315E-04    0.315E-04    0.146E-06    0.146E-06    0.000E+00    0.000E+00
     1.800     0.671    0.119E+00    0.180E-01    0.106E-01    0.765E-04    0.765E-04    0.307E-04    0.307E-04    0.140E-06    0.140E-06    0.000E+00    0.000E+00
     1.800     0.672    0.118E+00    0.177E-01    0.104E-01    0.747E-04    0.747E-04    0.300E-04    0.300E-04    0.134E-06    0.134E-06    0.000E+00    0.000E+00
     1.800     0.673    0.117E+00    0.175E-01    0.102E-01    0.729E-04    0.729E-04    0.292E-04    0.292E-04    0.129E-06    0.129E-06    0.000E+00    0.000E+00
     1.800     0.674    0.116E+00    0.173E-01    0.101E-01    0.711E-04    0.711E-04    0.285E-04    0.285E-04    0.123E-06    0.123E-06    0.000E+00    0.000E+00
     1.800     0.675    0.115E+00    0.170E-01    0.989E-02    0.694E-04    0.694E-04    0.278E-04    0.278E-04    0.118E-06    0.118E-06    0.000E+00    0.000E+00
     1.800     0.676    0.114E+00    0.168E-01    0.973E-02    0.677E-04    0.677E-04    0.272E-04    0.272E-04    0.112E-06    0.112E-06    0.000E+00    0.000E+00
     1.800     0.677    0.113E+00    0.166E-01    0.957E-02    0.660E-04    0.660E-04    0.265E-04    0.265E-04    0.107E-06    0.107E-06    0.000E+00    0.000E+00
     1.800     0.678    0.112E+00    0.163E-01    0.942E-02    0.644E-04    0.644E-04    0.258E-04    0.258E-04    0.102E-06    0.102E-06    0.000E+00    0.000E+00
     1.800     0.679    0.111E+00    0.161E-01    0.926E-02    0.628E-04    0.628E-04    0.252E-04    0.252E-04    0.972E-07    0.972E-07    0.000E+00    0.000E+00
     1.800     0.680    0.110E+00    0.159E-01    0.911E-02    0.612E-04    0.612E-04    0.245E-04    0.245E-04    0.924E-07    0.924E-07    0.000E+00    0.000E+00
     1.800     0.681    0.109E+00    0.157E-01    0.896E-02    0.597E-04    0.597E-04    0.239E-04    0.239E-04    0.878E-07    0.878E-07    0.000E+00    0.000E+00
     1.800     0.682    0.108E+00    0.155E-01    0.881E-02    0.582E-04    0.582E-04    0.233E-04    0.233E-04    0.833E-07    0.833E-07    0.000E+00    0.000E+00
     1.800     0.683    0.107E+00    0.152E-01    0.866E-02    0.567E-04    0.567E-04    0.227E-04    0.227E-04    0.790E-07    0.790E-07    0.000E+00    0.000E+00
     1.800     0.684    0.106E+00    0.150E-01    0.852E-02    0.553E-04    0.553E-04    0.222E-04    0.222E-04    0.748E-07    0.748E-07    0.000E+00    0.000E+00
     1.800     0.685    0.105E+00    0.148E-01    0.837E-02    0.539E-04    0.539E-04    0.216E-04    0.216E-04    0.707E-07    0.707E-07    0.000E+00    0.000E+00
     1.800     0.686    0.104E+00    0.146E-01    0.823E-02    0.525E-04    0.525E-04    0.210E-04    0.210E-04    0.668E-07    0.668E-07    0.000E+00    0.000E+00
     1.800     0.687    0.103E+00    0.144E-01    0.809E-02    0.512E-04    0.512E-04    0.205E-04    0.205E-04    0.630E-07    0.630E-07    0.000E+00    0.000E+00
     1.800     0.688    0.102E+00    0.142E-01    0.795E-02    0.499E-04    0.499E-04    0.200E-04    0.200E-04    0.593E-07    0.593E-07    0.000E+00    0.000E+00
     1.800     0.689    0.101E+00    0.140E-01    0.782E-02    0.486E-04    0.486E-04    0.195E-04    0.195E-04    0.558E-07    0.558E-07    0.000E+00    0.000E+00
     1.800     0.690    0.998E-01    0.138E-01    0.768E-02    0.473E-04    0.473E-04    0.190E-04    0.190E-04    0.524E-07    0.524E-07    0.000E+00    0.000E+00
     1.800     0.691    0.989E-01    0.136E-01    0.755E-02    0.461E-04    0.461E-04    0.185E-04    0.185E-04    0.492E-07    0.492E-07    0.000E+00    0.000E+00
     1.800     0.692    0.979E-01    0.134E-01    0.742E-02    0.449E-04    0.449E-04    0.180E-04    0.180E-04    0.460E-07    0.460E-07    0.000E+00    0.000E+00
     1.800     0.693    0.970E-01    0.132E-01    0.729E-02    0.438E-04    0.438E-04    0.175E-04    0.175E-04    0.430E-07    0.430E-07    0.000E+00    0.000E+00
     1.800     0.694    0.960E-01    0.131E-01    0.716E-02    0.426E-04    0.426E-04    0.171E-04    0.171E-04    0.401E-07    0.401E-07    0.000E+00    0.000E+00
     1.800     0.695    0.951E-01    0.129E-01    0.704E-02    0.415E-04    0.415E-04    0.166E-04    0.166E-04    0.374E-07    0.374E-07    0.000E+00    0.000E+00
     1.800     0.696    0.942E-01    0.127E-01    0.691E-02    0.405E-04    0.405E-04    0.162E-04    0.162E-04    0.347E-07    0.347E-07    0.000E+00    0.000E+00
     1.800     0.697    0.933E-01    0.125E-01    0.679E-02    0.394E-04    0.394E-04    0.158E-04    0.158E-04    0.322E-07    0.322E-07    0.000E+00    0.000E+00
     1.800     0.698    0.923E-01    0.123E-01    0.667E-02    0.384E-04    0.384E-04    0.154E-04    0.154E-04    0.297E-07    0.297E-07    0.000E+00    0.000E+00
     1.800     0.699    0.914E-01    0.121E-01    0.655E-02    0.374E-04    0.374E-04    0.150E-04    0.150E-04    0.274E-07    0.274E-07    0.000E+00    0.000E+00
     1.800     0.700    0.905E-01    0.120E-01    0.643E-02    0.364E-04    0.364E-04    0.146E-04    0.146E-04    0.252E-07    0.252E-07    0.000E+00    0.000E+00
     1.800     0.701    0.896E-01    0.118E-01    0.632E-02    0.354E-04    0.354E-04    0.142E-04    0.142E-04    0.231E-07    0.231E-07    0.000E+00    0.000E+00
     1.800     0.702    0.887E-01    0.116E-01    0.620E-02    0.344E-04    0.344E-04    0.138E-04    0.138E-04    0.211E-07    0.211E-07    0.000E+00    0.000E+00
     1.800     0.703    0.878E-01    0.115E-01    0.609E-02    0.335E-04    0.335E-04    0.134E-04    0.134E-04    0.192E-07    0.192E-07    0.000E+00    0.000E+00
     1.800     0.704    0.869E-01    0.113E-01    0.598E-02    0.326E-04    0.326E-04    0.130E-04    0.130E-04    0.174E-07    0.174E-07    0.000E+00    0.000E+00
     1.800     0.705    0.861E-01    0.111E-01    0.587E-02    0.317E-04    0.317E-04    0.127E-04    0.127E-04    0.157E-07    0.157E-07    0.000E+00    0.000E+00
     1.800     0.706    0.852E-01    0.110E-01    0.576E-02    0.308E-04    0.308E-04    0.123E-04    0.123E-04    0.141E-07    0.141E-07    0.000E+00    0.000E+00
     1.800     0.707    0.843E-01    0.108E-01    0.565E-02    0.300E-04    0.300E-04    0.120E-04    0.120E-04    0.126E-07    0.126E-07    0.000E+00    0.000E+00
     1.800     0.708    0.835E-01    0.106E-01    0.555E-02    0.292E-04    0.292E-04    0.117E-04    0.117E-04    0.112E-07    0.112E-07    0.000E+00    0.000E+00
     1.800     0.709    0.826E-01    0.105E-01    0.544E-02    0.284E-04    0.284E-04    0.113E-04    0.113E-04    0.985E-08    0.985E-08    0.000E+00    0.000E+00
     1.800     0.710    0.817E-01    0.103E-01    0.534E-02    0.276E-04    0.276E-04    0.110E-04    0.110E-04    0.860E-08    0.860E-08    0.000E+00    0.000E+00
     1.800     0.711    0.809E-01    0.102E-01    0.524E-02    0.268E-04    0.268E-04    0.107E-04    0.107E-04    0.744E-08    0.744E-08    0.000E+00    0.000E+00
     1.800     0.712    0.800E-01    0.100E-01    0.514E-02    0.261E-04    0.261E-04    0.104E-04    0.104E-04    0.636E-08    0.636E-08    0.000E+00    0.000E+00
     1.800     0.713    0.792E-01    0.987E-02    0.505E-02    0.253E-04    0.253E-04    0.101E-04    0.101E-04    0.536E-08    0.536E-08    0.000E+00    0.000E+00
     1.800     0.714    0.784E-01    0.972E-02    0.495E-02    0.246E-04    0.246E-04    0.985E-05    0.985E-05    0.444E-08    0.444E-08    0.000E+00    0.000E+00
     1.800     0.715    0.775E-01    0.957E-02    0.485E-02    0.240E-04    0.240E-04    0.958E-05    0.958E-05    0.359E-08    0.359E-08    0.000E+00    0.000E+00
     1.800     0.716    0.767E-01    0.943E-02    0.476E-02    0.233E-04    0.233E-04    0.931E-05    0.931E-05    0.282E-08    0.282E-08    0.000E+00    0.000E+00
     1.800     0.717    0.759E-01    0.929E-02    0.467E-02    0.226E-04    0.226E-04    0.905E-05    0.905E-05    0.211E-08    0.211E-08    0.000E+00    0.000E+00
     1.800     0.718    0.751E-01    0.915E-02    0.458E-02    0.220E-04    0.220E-04    0.879E-05    0.879E-05    0.147E-08    0.147E-08    0.000E+00    0.000E+00
     1.800     0.719    0.743E-01    0.901E-02    0.449E-02    0.214E-04    0.214E-04    0.855E-05    0.855E-05    0.893E-09    0.893E-09    0.000E+00    0.000E+00
     1.800     0.720    0.735E-01    0.887E-02    0.440E-02    0.208E-04    0.208E-04    0.830E-05    0.830E-05    0.380E-09    0.380E-09    0.000E+00    0.000E+00
     1.800     0.721    0.727E-01    0.874E-02    0.432E-02    0.202E-04    0.202E-04    0.807E-05    0.807E-05    0.000E+00    0.000E+00    0.000E+00    0.000E+00
     1.800     0.722    0.719E-01    0.860E-02    0.423E-02    0.196E-04    0.196E-04    0.783E-05    0.783E-05    0.000E+00    0.000E+00    0.000E+00    0.000E+00
     1.800     0.723    0.711E-01    0.847E-02    0.415E-02    0.190E-04    0.190E-04    0.760E-05    0.760E-05    0.000E+00    0.000E+00    0.000E+00    0.000E+00
     1.800     0.724    0.703E-01    0.834E-02    0.406E-02    0.185E-04    0.185E-04    0.738E-05    0.738E-05    0.000E+00    0.000E+00    0.000E+00    0.000E+00
     1.800     0.725    0.696E-01    0.821E-02    0.398E-02    0.179E-04    0.179E-04    0.716E-05    0.716E-05    0.000E+00    0.000E+00    0.000E+00    0.000E+00
     1.800     0.726    0.688E-01    0.808E-02    0.390E-02    0.174E-04    0.174E-04    0.695E-05    0.695E-05    0.000E+00    0.000E+00    0.000E+00    0.000E+00
     1.800     0.727    0.680E-01    0.796E-02    0.382E-02    0.169E-04    0.169E-04    0.674E-05    0.674E-05    0.000E+00    0.000E+00    0.000E+00    0.000E+00
     1.800     0.728    0.673E-01    0.784E-02    0.375E-02    0.164E-04    0.164E-04    0.654E-05    0.654E-05    0.000E+00    0.000E+00    0.000E+00    0.000E+00
     1.800     0.729    0.665E-01    0.771E-02    0.367E-02    0.159E-04    0.159E-04    0.635E-05    0.635E-05    0.000E+00    0.000E+00    0.000E+00    0.000E+00
     1.800     0.730    0.658E-01    0.759E-02    0.360E-02    0.154E-04    0.154E-04    0.616E-05    0.616E-05    0.000E+00    0.000E+00    0.000E+00    0.000E+00
     1.800     0.731    0.650E-01    0.747E-02    0.352E-02    0.150E-04    0.150E-04    0.597E-05    0.597E-05    0.000E+00    0.000E+00    0.000E+00    0.000E+00
     1.800     0.732    0.643E-01    0.736E-02    0.345E-02    0.145E-04    0.145E-04    0.579E-05    0.579E-05    0.000E+00    0.000E+00    0.000E+00    0.000E+00
     1.800     0.733    0.635E-01    0.724E-02    0.338E-02    0.141E-04    0.141E-04    0.562E-05    0.562E-05    0.000E+00    0.000E+00    0.000E+00    0.000E+00
     1.800     0.734    0.628E-01    0.713E-02    0.331E-02    0.136E-04    0.136E-04    0.545E-05    0.545E-05    0.000E+00    0.000E+00    0.000E+00    0.000E+00
     1.800     0.735    0.621E-01    0.701E-02    0.324E-02    0.132E-04    0.132E-04    0.528E-05    0.528E-05    0.000E+00    0.000E+00    0.000E+00    0.000E+00
     1.800     0.736    0.614E-01    0.690E-02    0.317E-02    0.128E-04    0.128E-04    0.512E-05    0.512E-05    0.000E+00    0.000E+00    0.000E+00    0.000E+00
     1.800     0.737    0.606E-01    0.679E-02    0.310E-02    0.124E-04    0.124E-04    0.497E-05    0.497E-05    0.000E+00    0.000E+00    0.000E+00    0.000E+00
     1.800     0.738    0.599E-01    0.669E-02    0.304E-02    0.121E-04    0.121E-04    0.481E-05    0.481E-05    0.000E+00    0.000E+00    0.000E+00    0.000E+00
     1.800     0.739    0.592E-01    0.658E-02    0.297E-02    0.117E-04    0.117E-04    0.467E-05    0.467E-05    0.000E+00    0.000E+00    0.000E+00    0.000E+00
     1.800     0.740    0.585E-01    0.647E-02    0.291E-02    0.113E-04    0.113E-04    0.452E-05    0.452E-05    0.000E+00    0.000E+00    0.000E+00    0.000E+00
     1.800     0.741    0.578E-01    0.637E-02    0.285E-02    0.110E-04    0.110E-04    0.439E-05    0.439E-05    0.000E+00    0.000E+00    0.000E+00    0.000E+00
     1.800     0.742    0.572E-01    0.627E-02    0.279E-02    0.107E-04    0.107E-04    0.425E-05    0.425E-05    0.000E+00    0.000E+00    0.000E+00    0.000E+00
     1.800     0.743    0.565E-01    0.617E-02    0.273E-02    0.103E-04    0.103E-04    0.412E-05    0.412E-05    0.000E+00    0.000E+00    0.000E+00    0.000E+00
     1.800     0.744    0.558E-01    0.607E-02    0.267E-02    0.100E-04    0.100E-04    0.399E-05    0.399E-05    0.000E+00    0.000E+00    0.000E+00    0.000E+00
     1.800     0.745    0.551E-01    0.597E-02    0.261E-02    0.969E-05    0.969E-05    0.386E-05    0.386E-05    0.000E+00    0.000E+00    0.000E+00    0.000E+00
     1.800     0.746    0.544E-01    0.587E-02    0.255E-02    0.938E-05    0.938E-05    0.374E-05    0.374E-05    0.000E+00    0.000E+00    0.000E+00    0.000E+00
     1.800     0.747    0.538E-01    0.578E-02    0.249E-02    0.908E-05    0.908E-05    0.362E-05    0.362E-05    0.000E+00    0.000E+00    0.000E+00    0.000E+00
     1.800     0.748    0.531E-01    0.568E-02    0.244E-02    0.878E-05    0.878E-05    0.350E-05    0.350E-05    0.000E+00    0.000E+00    0.000E+00    0.000E+00
     1.800     0.749    0.525E-01    0.559E-02    0.238E-02    0.850E-05    0.850E-05    0.339E-05    0.339E-05    0.000E+00    0.000E+00    0.000E+00    0.000E+00
     1.800     0.750    0.518E-01    0.550E-02    0.233E-02    0.822E-05    0.822E-05    0.328E-05    0.328E-05    0.000E+00    0.000E+00    0.000E+00    0.000E+00
     1.800     0.751    0.512E-01    0.541E-02    0.228E-02    0.795E-05    0.795E-05    0.317E-05    0.317E-05    0.000E+00    0.000E+00    0.000E+00    0.000E+00
     1.800     0.752    0.505E-01    0.532E-02    0.223E-02    0.769E-05    0.769E-05    0.307E-05    0.307E-05    0.000E+00    0.000E+00    0.000E+00    0.000E+00
     1.800     0.753    0.499E-01    0.523E-02    0.218E-02    0.744E-05    0.744E-05    0.296E-05    0.296E-05    0.000E+00    0.000E+00    0.000E+00    0.000E+00
     1.800     0.754    0.493E-01    0.514E-02    0.213E-02    0.720E-05    0.720E-05    0.287E-05    0.287E-05    0.000E+00    0.000E+00    0.000E+00    0.000E+00
     1.800     0.755    0.487E-01    0.506E-02    0.208E-02    0.696E-05    0.696E-05    0.277E-05    0.277E-05    0.000E+00    0.000E+00    0.000E+00    0.000E+00
     1.800     0.756    0.480E-01    0.497E-02    0.203E-02    0.673E-05    0.673E-05    0.268E-05    0.268E-05    0.000E+00    0.000E+00    0.000E+00    0.000E+00
     1.800     0.757    0.474E-01    0.489E-02    0.198E-02    0.651E-05    0.651E-05    0.259E-05    0.259E-05    0.000E+00    0.000E+00    0.000E+00    0.000E+00
     1.800     0.758    0.468E-01    0.481E-02    0.194E-02    0.629E-05    0.629E-05    0.250E-05    0.250E-05    0.000E+00    0.000E+00    0.000E+00    0.000E+00
     1.800     0.759    0.462E-01    0.473E-02    0.189E-02    0.608E-05    0.608E-05    0.242E-05    0.242E-05    0.000E+00    0.000E+00    0.000E+00    0.000E+00
     1.800     0.760    0.456E-01    0.465E-02    0.185E-02    0.588E-05    0.588E-05    0.234E-05    0.234E-05    0.000E+00    0.000E+00    0.000E+00    0.000E+00
     1.800     0.761    0.450E-01    0.457E-02    0.180E-02    0.568E-05    0.568E-05    0.226E-05    0.226E-05    0.000E+00    0.000E+00    0.000E+00    0.000E+00
     1.800     0.762    0.444E-01    0.449E-02    0.176E-02    0.549E-05    0.549E-05    0.219E-05    0.219E-05    0.000E+00    0.000E+00    0.000E+00    0.000E+00
     1.800     0.763    0.438E-01    0.441E-02    0.172E-02    0.531E-05    0.531E-05    0.211E-05    0.211E-05    0.000E+00    0.000E+00    0.000E+00    0.000E+00
     1.800     0.764    0.433E-01    0.434E-02    0.168E-02    0.513E-05    0.513E-05    0.204E-05    0.204E-05    0.000E+00    0.000E+00    0.000E+00    0.000E+00
     1.800     0.765    0.427E-01    0.427E-02    0.164E-02    0.496E-05    0.496E-05    0.197E-05    0.197E-05    0.000E+00    0.000E+00    0.000E+00    0.000E+00
     1.800     0.766    0.421E-01    0.419E-02    0.160E-02    0.479E-05    0.479E-05    0.191E-05    0.191E-05    0.000E+00    0.000E+00    0.000E+00    0.000E+00
     1.800     0.767    0.416E-01    0.412E-02    0.156E-02    0.463E-05    0.463E-05    0.184E-05    0.184E-05    0.000E+00    0.000E+00    0.000E+00    0.000E+00
     1.800     0.768    0.410E-01    0.405E-02    0.152E-02    0.447E-05    0.447E-05    0.177E-05    0.177E-05    0.000E+00    0.000E+00    0.000E+00    0.000E+00
     1.800     0.769    0.404E-01    0.398E-02    0.148E-02    0.431E-05    0.431E-05    0.171E-05    0.171E-05    0.000E+00    0.000E+00    0.000E+00    0.000E+00
     1.800     0.770    0.399E-01    0.391E-02    0.145E-02    0.415E-05    0.415E-05    0.165E-05    0.165E-05    0.000E+00    0.000E+00    0.000E+00    0.000E+00
     1.800     0.771    0.393E-01    0.384E-02    0.141E-02    0.400E-05    0.400E-05    0.159E-05    0.159E-05    0.000E+00    0.000E+00    0.000E+00    0.000E+00
     1.800     0.772    0.388E-01    0.378E-02    0.138E-02    0.386E-05    0.386E-05    0.153E-05    0.153E-05    0.000E+00    0.000E+00    0.000E+00    0.000E+00
     1.800     0.773    0.383E-01    0.371E-02    0.134E-02    0.372E-05    0.372E-05    0.148E-05    0.148E-05    0.000E+00    0.000E+00    0.000E+00    0.000E+00
     1.800     0.774    0.377E-01    0.364E-02    0.131E-02    0.359E-05    0.359E-05    0.142E-05    0.142E-05    0.000E+00    0.000E+00    0.000E+00    0.000E+00
     1.800     0.775    0.372E-01    0.358E-02    0.127E-02    0.346E-05    0.346E-05    0.137E-05    0.137E-05    0.000E+00    0.000E+00    0.000E+00    0.000E+00
     1.800     0.776    0.367E-01    0.352E-02    0.124E-02    0.333E-05    0.333E-05    0.132E-05    0.132E-05    0.000E+00    0.000E+00    0.000E+00    0.000E+00
     1.800     0.777    0.362E-01    0.346E-02    0.121E-02    0.321E-05    0.321E-05    0.127E-05    0.127E-05    0.000E+00    0.000E+00    0.000E+00    0.000E+00
     1.800     0.778    0.357E-01    0.339E-02    0.118E-02    0.309E-05    0.309E-05    0.123E-05    0.123E-05    0.000E+00    0.000E+00    0.000E+00    0.000E+00
     1.800     0.779    0.351E-01    0.333E-02    0.115E-02    0.298E-05    0.298E-05    0.118E-05    0.118E-05    0.000E+00    0.000E+00    0.000E+00    0.000E+00
     1.800     0.780    0.346E-01    0.328E-02    0.112E-02    0.287E-05    0.287E-05    0.114E-05    0.114E-05    0.000E+00    0.000E+00    0.000E+00    0.000E+00
     1.800     0.781    0.341E-01    0.322E-02    0.109E-02    0.276E-05    0.276E-05    0.110E-05    0.110E-05    0.000E+00    0.000E+00    0.000E+00    0.000E+00
     1.800     0.782    0.337E-01    0.316E-02    0.106E-02    0.266E-05    0.266E-05    0.106E-05    0.106E-05    0.000E+00    0.000E+00    0.000E+00    0.000E+00
     1.800     0.783    0.332E-01    0.310E-02    0.103E-02    0.256E-05    0.256E-05    0.102E-05    0.102E-05    0.000E+00    0.000E+00    0.000E+00    0.000E+00
     1.800     0.784    0.327E-01    0.305E-02    0.100E-02    0.247E-05    0.247E-05    0.978E-06    0.978E-06    0.000E+00    0.000E+00    0.000E+00    0.000E+00
     1.800     0.785    0.322E-01    0.299E-02    0.978E-03    0.238E-05    0.238E-05    0.942E-06    0.942E-06    0.000E+00    0.000E+00    0.000E+00    0.000E+00
     1.800     0.786    0.317E-01    0.294E-02    0.952E-03    0.229E-05    0.229E-05    0.907E-06    0.907E-06    0.000E+00    0.000E+00    0.000E+00    0.000E+00
     1.800     0.787    0.313E-01    0.289E-02    0.927E-03    0.221E-05    0.221E-05    0.873E-06    0.873E-06    0.000E+00    0.000E+00    0.000E+00    0.000E+00
     1.800     0.788    0.308E-01    0.283E-02    0.902E-03    0.212E-05    0.212E-05    0.841E-06    0.841E-06    0.000E+00    0.000E+00    0.000E+00    0.000E+00
     1.800     0.789    0.303E-01    0.278E-02    0.877E-03    0.204E-05    0.204E-05    0.809E-06    0.809E-06    0.000E+00    0.000E+00    0.000E+00    0.000E+00
     1.800     0.790    0.299E-01    0.273E-02    0.853E-03    0.197E-05    0.197E-05    0.779E-06    0.779E-06    0.000E+00    0.000E+00    0.000E+00    0.000E+00
     1.800     0.791    0.294E-01    0.268E-02    0.830E-03    0.189E-05    0.189E-05    0.748E-06    0.748E-06    0.000E+00    0.000E+00    0.000E+00    0.000E+00
     1.800     0.792    0.290E-01    0.263E-02    0.807E-03    0.181E-05    0.181E-05    0.718E-06    0.718E-06    0.000E+00    0.000E+00    0.000E+00    0.000E+00
     1.800     0.793    0.285E-01    0.258E-02    0.784E-03    0.174E-05    0.174E-05    0.689E-06    0.689E-06    0.000E+00    0.000E+00    0.000E+00    0.000E+00
     1.800     0.794    0.281E-01    0.253E-02    0.762E-03    0.167E-05    0.167E-05    0.661E-06    0.661E-06    0.000E+00    0.000E+00    0.000E+00    0.000E+00
     1.800     0.795    0.276E-01    0.249E-02    0.741E-03    0.160E-05    0.160E-05    0.634E-06    0.634E-06    0.000E+00    0.000E+00    0.000E+00    0.000E+00
     1.800     0.796    0.272E-01    0.244E-02    0.719E-03    0.154E-05    0.154E-05    0.608E-06    0.608E-06    0.000E+00    0.000E+00    0.000E+00    0.000E+00
     1.800     0.797    0.268E-01    0.240E-02    0.699E-03    0.148E-05    0.148E-05    0.583E-06    0.583E-06    0.000E+00    0.000E+00    0.000E+00    0.000E+00
     1.800     0.798    0.264E-01    0.235E-02    0.679E-03    0.142E-05    0.142E-05    0.559E-06    0.559E-06    0.000E+00    0.000E+00    0.000E+00    0.000E+00
     1.800     0.799    0.259E-01    0.231E-02    0.659E-03    0.136E-05    0.136E-05    0.536E-06    0.536E-06    0.000E+00    0.000E+00    0.000E+00    0.000E+00
     1.800     0.800    0.255E-01    0.226E-02    0.640E-03    0.130E-05    0.130E-05    0.514E-06    0.514E-06    0.000E+00    0.000E+00    0.000E+00    0.000E+00
     1.800     0.801    0.251E-01    0.222E-02    0.622E-03    0.125E-05    0.125E-05    0.493E-06    0.493E-06    0.000E+00    0.000E+00    0.000E+00    0.000E+00
     1.800     0.802    0.247E-01    0.218E-02    0.603E-03    0.120E-05    0.120E-05    0.472E-06    0.472E-06    0.000E+00    0.000E+00    0.000E+00    0.000E+00
     1.800     0.803    0.243E-01    0.214E-02    0.586E-03    0.115E-05    0.115E-05    0.453E-06    0.453E-06    0.000E+00    0.000E+00    0.000E+00    0.000E+00
     1.800     0.804    0.239E-01    0.210E-02    0.568E-03    0.110E-05    0.110E-05    0.434E-06    0.434E-06    0.000E+00    0.000E+00    0.000E+00    0.000E+00
     1.800     0.805    0.235E-01    0.206E-02    0.552E-03    0.106E-05    0.106E-05    0.416E-06    0.416E-06    0.000E+00    0.000E+00    0.000E+00    0.000E+00
     1.800     0.806    0.231E-01    0.202E-02    0.535E-03    0.101E-05    0.101E-05    0.399E-06    0.399E-06    0.000E+00    0.000E+00    0.000E+00    0.000E+00
     1.800     0.807    0.228E-01    0.198E-02    0.519E-03    0.970E-06    0.970E-06    0.382E-06    0.382E-06    0.000E+00    0.000E+00    0.000E+00    0.000E+00
     1.800     0.808    0.224E-01    0.194E-02    0.503E-03    0.930E-06    0.930E-06    0.366E-06    0.366E-06    0.000E+00    0.000E+00    0.000E+00    0.000E+00
     1.800     0.809    0.220E-01    0.190E-02    0.488E-03    0.892E-06    0.892E-06    0.351E-06    0.351E-06    0.000E+00    0.000E+00    0.000E+00    0.000E+00
     1.800     0.810    0.216E-01    0.186E-02    0.473E-03    0.855E-06    0.855E-06    0.337E-06    0.337E-06    0.000E+00    0.000E+00    0.000E+00    0.000E+00
     1.800     0.811    0.213E-01    0.183E-02    0.459E-03    0.820E-06    0.820E-06    0.323E-06    0.323E-06    0.000E+00    0.000E+00    0.000E+00    0.000E+00
     1.800     0.812    0.209E-01    0.179E-02    0.445E-03    0.786E-06    0.786E-06    0.309E-06    0.309E-06    0.000E+00    0.000E+00    0.000E+00    0.000E+00
     1.800     0.813    0.205E-01    0.176E-02    0.431E-03    0.753E-06    0.753E-06    0.296E-06    0.296E-06    0.000E+00    0.000E+00    0.000E+00    0.000E+00
     1.800     0.814    0.202E-01    0.172E-02    0.417E-03    0.719E-06    0.719E-06    0.283E-06    0.283E-06    0.000E+00    0.000E+00    0.000E+00    0.000E+00
     1.800     0.815    0.198E-01    0.169E-02    0.404E-03    0.686E-06    0.686E-06    0.270E-06    0.270E-06    0.000E+00    0.000E+00    0.000E+00    0.000E+00
     1.800     0.816    0.195E-01    0.165E-02    0.391E-03    0.655E-06    0.655E-06    0.257E-06    0.257E-06    0.000E+00    0.000E+00    0.000E+00    0.000E+00
     1.800     0.817    0.191E-01    0.162E-02    0.379E-03    0.625E-06    0.625E-06    0.245E-06    0.245E-06    0.000E+00    0.000E+00    0.000E+00    0.000E+00
     1.800     0.818    0.188E-01    0.159E-02    0.367E-03    0.596E-06    0.596E-06    0.234E-06    0.234E-06    0.000E+00    0.000E+00    0.000E+00    0.000E+00
     1.800     0.819    0.185E-01    0.156E-02    0.355E-03    0.569E-06    0.569E-06    0.223E-06    0.223E-06    0.000E+00    0.000E+00    0.000E+00    0.000E+00
     1.800     0.820    0.181E-01    0.153E-02    0.343E-03    0.542E-06    0.542E-06    0.213E-06    0.213E-06    0.000E+00    0.000E+00    0.000E+00    0.000E+00
     1.800     0.821    0.178E-01    0.149E-02    0.332E-03    0.517E-06    0.517E-06    0.203E-06    0.203E-06    0.000E+00    0.000E+00    0.000E+00    0.000E+00
     1.800     0.822    0.175E-01    0.146E-02    0.321E-03    0.493E-06    0.493E-06    0.193E-06    0.193E-06    0.000E+00    0.000E+00    0.000E+00    0.000E+00
     1.800     0.823    0.172E-01    0.143E-02    0.310E-03    0.469E-06    0.469E-06    0.184E-06    0.184E-06    0.000E+00    0.000E+00    0.000E+00    0.000E+00
     1.800     0.824    0.169E-01    0.140E-02    0.300E-03    0.447E-06    0.447E-06    0.175E-06    0.175E-06    0.000E+00    0.000E+00    0.000E+00    0.000E+00
     1.800     0.825    0.165E-01    0.138E-02    0.290E-03    0.426E-06    0.426E-06    0.167E-06    0.167E-06    0.000E+00    0.000E+00    0.000E+00    0.000E+00
     1.800     0.826    0.162E-01    0.135E-02    0.280E-03    0.406E-06    0.406E-06    0.159E-06    0.159E-06    0.000E+00    0.000E+00    0.000E+00    0.000E+00
     1.800     0.827    0.159E-01    0.132E-02    0.271E-03    0.387E-06    0.387E-06    0.151E-06    0.151E-06    0.000E+00    0.000E+00    0.000E+00    0.000E+00
     1.800     0.828    0.156E-01    0.129E-02    0.261E-03    0.369E-06    0.369E-06    0.144E-06    0.144E-06    0.000E+00    0.000E+00    0.000E+00    0.000E+00
     1.800     0.829    0.153E-01    0.127E-02    0.252E-03    0.352E-06    0.352E-06    0.137E-06    0.137E-06    0.000E+00    0.000E+00    0.000E+00    0.000E+00
     1.800     0.830    0.150E-01    0.124E-02    0.244E-03    0.335E-06    0.335E-06    0.131E-06    0.131E-06    0.000E+00    0.000E+00    0.000E+00    0.000E+00
     1.800     0.831    0.148E-01    0.121E-02    0.235E-03    0.320E-06    0.320E-06    0.125E-06    0.125E-06    0.000E+00    0.000E+00    0.000E+00    0.000E+00
     1.800     0.832    0.145E-01    0.119E-02    0.227E-03    0.305E-06    0.305E-06    0.119E-06    0.119E-06    0.000E+00    0.000E+00    0.000E+00    0.000E+00
     1.800     0.833    0.142E-01    0.116E-02    0.219E-03    0.291E-06    0.291E-06    0.113E-06    0.113E-06    0.000E+00    0.000E+00    0.000E+00    0.000E+00
     1.800     0.834    0.139E-01    0.114E-02    0.212E-03    0.277E-06    0.277E-06    0.108E-06    0.108E-06    0.000E+00    0.000E+00    0.000E+00    0.000E+00
     1.800     0.835    0.136E-01    0.111E-02    0.204E-03    0.264E-06    0.264E-06    0.103E-06    0.103E-06    0.000E+00    0.000E+00    0.000E+00    0.000E+00
     1.800     0.836    0.134E-01    0.109E-02    0.197E-03    0.252E-06    0.252E-06    0.983E-07    0.983E-07    0.000E+00    0.000E+00    0.000E+00    0.000E+00
     1.800     0.837    0.131E-01    0.107E-02    0.190E-03    0.239E-06    0.239E-06    0.931E-07    0.931E-07    0.000E+00    0.000E+00    0.000E+00    0.000E+00
     1.800     0.838    0.128E-01    0.104E-02    0.183E-03    0.226E-06    0.226E-06    0.881E-07    0.881E-07    0.000E+00    0.000E+00    0.000E+00    0.000E+00
     1.800     0.839    0.126E-01    0.102E-02    0.176E-03    0.214E-06    0.214E-06    0.834E-07    0.834E-07    0.000E+00    0.000E+00    0.000E+00    0.000E+00
     1.800     0.840    0.123E-01    0.998E-03    0.169E-03    0.203E-06    0.203E-06    0.789E-07    0.789E-07    0.000E+00    0.000E+00    0.000E+00    0.000E+00
     1.800     0.841    0.121E-01    0.976E-03    0.163E-03    0.192E-06    0.192E-06    0.745E-07    0.745E-07    0.000E+00    0.000E+00    0.000E+00    0.000E+00
     1.800     0.842    0.118E-01    0.954E-03    0.157E-03    0.181E-06    0.181E-06    0.705E-07    0.705E-07    0.000E+00    0.000E+00    0.000E+00    0.000E+00
     1.800     0.843    0.116E-01    0.933E-03    0.151E-03    0.171E-06    0.171E-06    0.666E-07    0.666E-07    0.000E+00    0.000E+00    0.000E+00    0.000E+00
     1.800     0.844    0.113E-01    0.912E-03    0.145E-03    0.162E-06    0.162E-06    0.629E-07    0.629E-07    0.000E+00    0.000E+00    0.000E+00    0.000E+00
     1.800     0.845    0.111E-01    0.892E-03    0.140E-03    0.153E-06    0.153E-06    0.594E-07    0.594E-07    0.000E+00    0.000E+00    0.000E+00    0.000E+00
     1.800     0.846    0.109E-01    0.871E-03    0.134E-03    0.145E-06    0.145E-06    0.561E-07    0.561E-07    0.000E+00    0.000E+00    0.000E+00    0.000E+00
     1.800     0.847    0.106E-01    0.852E-03    0.129E-03    0.137E-06    0.137E-06    0.529E-07    0.529E-07    0.000E+00    0.000E+00    0.000E+00    0.000E+00
     1.800     0.848    0.104E-01    0.832E-03    0.124E-03    0.129E-06    0.129E-06    0.500E-07    0.500E-07    0.000E+00    0.000E+00    0.000E+00    0.000E+00
     1.800     0.849    0.102E-01    0.813E-03    0.119E-03    0.122E-06    0.122E-06    0.472E-07    0.472E-07    0.000E+00    0.000E+00    0.000E+00    0.000E+00
     1.800     0.850    0.995E-02    0.795E-03    0.114E-03    0.115E-06    0.115E-06    0.446E-07    0.446E-07    0.000E+00    0.000E+00    0.000E+00    0.000E+00
     1.800     0.851    0.973E-02    0.776E-03    0.110E-03    0.109E-06    0.109E-06    0.421E-07    0.421E-07    0.000E+00    0.000E+00    0.000E+00    0.000E+00
     1.800     0.852    0.952E-02    0.758E-03    0.105E-03    0.103E-06    0.103E-06    0.398E-07    0.398E-07    0.000E+00    0.000E+00    0.000E+00    0.000E+00
     1.800     0.853    0.931E-02    0.741E-03    0.101E-03    0.975E-07    0.975E-07    0.376E-07    0.376E-07    0.000E+00    0.000E+00    0.000E+00    0.000E+00
     1.800     0.854    0.910E-02    0.723E-03    0.971E-04    0.923E-07    0.923E-07    0.356E-07    0.356E-07    0.000E+00    0.000E+00    0.000E+00    0.000E+00
     1.800     0.855    0.889E-02    0.706E-03    0.932E-04    0.874E-07    0.874E-07    0.336E-07    0.336E-07    0.000E+00    0.000E+00    0.000E+00    0.000E+00
     1.800     0.856    0.869E-02    0.690E-03    0.894E-04    0.828E-07    0.828E-07    0.319E-07    0.319E-07    0.000E+00    0.000E+00    0.000E+00    0.000E+00
     1.800     0.857    0.849E-02    0.673E-03    0.858E-04    0.784E-07    0.784E-07    0.302E-07    0.302E-07    0.000E+00    0.000E+00    0.000E+00    0.000E+00
     1.800     0.858    0.829E-02    0.657E-03    0.823E-04    0.744E-07    0.744E-07    0.286E-07    0.286E-07    0.000E+00    0.000E+00    0.000E+00    0.000E+00
     1.800     0.859    0.810E-02    0.642E-03    0.789E-04    0.706E-07    0.706E-07    0.272E-07    0.272E-07    0.000E+00    0.000E+00    0.000E+00    0.000E+00
     1.800     0.860    0.791E-02    0.626E-03    0.755E-04    0.663E-07    0.663E-07    0.255E-07    0.255E-07    0.000E+00    0.000E+00    0.000E+00    0.000E+00
     1.800     0.861    0.772E-02    0.611E-03    0.722E-04    0.621E-07    0.621E-07    0.238E-07    0.238E-07    0.000E+00    0.000E+00    0.000E+00    0.000E+00
     1.800     0.862    0.754E-02    0.596E-03    0.690E-04    0.581E-07    0.581E-07    0.223E-07    0.223E-07    0.000E+00    0.000E+00    0.000E+00    0.000E+00
     1.800     0.863    0.736E-02    0.581E-03    0.660E-04    0.543E-07    0.543E-07    0.208E-07    0.208E-07    0.000E+00    0.000E+00    0.000E+00    0.000E+00
     1.800     0.864    0.718E-02    0.566E-03    0.630E-04    0.507E-07    0.507E-07    0.194E-07    0.194E-07    0.000E+00    0.000E+00    0.000E+00    0.000E+00
     1.800     0.865    0.700E-02    0.552E-03    0.602E-04    0.474E-07    0.474E-07    0.181E-07    0.181E-07    0.000E+00    0.000E+00    0.000E+00    0.000E+00
     1.800     0.866    0.683E-02    0.538E-03    0.575E-04    0.442E-07    0.442E-07    0.169E-07    0.169E-07    0.000E+00    0.000E+00    0.000E+00    0.000E+00
     1.800     0.867    0.666E-02    0.524E-03    0.548E-04    0.412E-07    0.412E-07    0.157E-07    0.157E-07    0.000E+00    0.000E+00    0.000E+00    0.000E+00
     1.800     0.868    0.650E-02    0.511E-03    0.523E-04    0.385E-07    0.385E-07    0.146E-07    0.146E-07    0.000E+00    0.000E+00    0.000E+00    0.000E+00
     1.800     0.869    0.633E-02    0.498E-03    0.499E-04    0.359E-07    0.359E-07    0.136E-07    0.136E-07    0.000E+00    0.000E+00    0.000E+00    0.000E+00
     1.800     0.870    0.617E-02    0.485E-03    0.476E-04    0.334E-07    0.334E-07    0.127E-07    0.127E-07    0.000E+00    0.000E+00    0.000E+00    0.000E+00
     1.800     0.871    0.601E-02    0.472E-03    0.454E-04    0.312E-07    0.312E-07    0.118E-07    0.118E-07    0.000E+00    0.000E+00    0.000E+00    0.000E+00
     1.800     0.872    0.586E-02    0.460E-03    0.432E-04    0.291E-07    0.291E-07    0.110E-07    0.110E-07    0.000E+00    0.000E+00    0.000E+00    0.000E+00
     1.800     0.873    0.571E-02    0.448E-03    0.412E-04    0.271E-07    0.271E-07    0.103E-07    0.103E-07    0.000E+00    0.000E+00    0.000E+00    0.000E+00
     1.800     0.874    0.556E-02    0.436E-03    0.392E-04    0.253E-07    0.253E-07    0.956E-08    0.956E-08    0.000E+00    0.000E+00    0.000E+00    0.000E+00
     1.800     0.875    0.541E-02    0.424E-03    0.374E-04    0.237E-07    0.237E-07    0.892E-08    0.892E-08    0.000E+00    0.000E+00    0.000E+00    0.000E+00
     1.800     0.876    0.527E-02    0.413E-03    0.356E-04    0.221E-07    0.221E-07    0.833E-08    0.833E-08    0.000E+00    0.000E+00    0.000E+00    0.000E+00
     1.800     0.877    0.512E-02    0.402E-03    0.339E-04    0.207E-07    0.207E-07    0.780E-08    0.780E-08    0.000E+00    0.000E+00    0.000E+00    0.000E+00
     1.800     0.878    0.499E-02    0.391E-03    0.323E-04    0.194E-07    0.194E-07    0.731E-08    0.731E-08    0.000E+00    0.000E+00    0.000E+00    0.000E+00
     1.800     0.879    0.485E-02    0.380E-03    0.307E-04    0.183E-07    0.183E-07    0.686E-08    0.686E-08    0.000E+00    0.000E+00    0.000E+00    0.000E+00
     1.800     0.880    0.472E-02    0.370E-03    0.292E-04    0.172E-07    0.172E-07    0.645E-08    0.645E-08    0.000E+00    0.000E+00    0.000E+00    0.000E+00
     1.800     0.881    0.458E-02    0.360E-03    0.278E-04    0.162E-07    0.162E-07    0.609E-08    0.609E-08    0.000E+00    0.000E+00    0.000E+00    0.000E+00
     1.800     0.882    0.446E-02    0.350E-03    0.265E-04    0.153E-07    0.153E-07    0.575E-08    0.575E-08    0.000E+00    0.000E+00    0.000E+00    0.000E+00
     1.800     0.883    0.433E-02    0.340E-03    0.251E-04    0.143E-07    0.143E-07    0.536E-08    0.536E-08    0.000E+00    0.000E+00    0.000E+00    0.000E+00
     1.800     0.884    0.421E-02    0.330E-03    0.238E-04    0.131E-07    0.131E-07    0.491E-08    0.491E-08    0.000E+00    0.000E+00    0.000E+00    0.000E+00
     1.800     0.885    0.408E-02    0.320E-03    0.225E-04    0.121E-07    0.121E-07    0.450E-08    0.450E-08    0.000E+00    0.000E+00    0.000E+00    0.000E+00
     1.800     0.886    0.396E-02    0.311E-03    0.213E-04    0.110E-07    0.110E-07    0.411E-08    0.411E-08    0.000E+00    0.000E+00    0.000E+00    0.000E+00
     1.800     0.887    0.385E-02    0.302E-03    0.201E-04    0.101E-07    0.101E-07    0.374E-08    0.374E-08    0.000E+00    0.000E+00    0.000E+00    0.000E+00
     1.800     0.888    0.373E-02    0.293E-03    0.190E-04    0.921E-08    0.921E-08    0.341E-08    0.341E-08    0.000E+00    0.000E+00    0.000E+00    0.000E+00
     1.800     0.889    0.362E-02    0.284E-03    0.179E-04    0.839E-08    0.839E-08    0.310E-08    0.310E-08    0.000E+00    0.000E+00    0.000E+00    0.000E+00
     1.800     0.890    0.351E-02    0.276E-03    0.169E-04    0.764E-08    0.764E-08    0.281E-08    0.281E-08    0.000E+00    0.000E+00    0.000E+00    0.000E+00
     1.800     0.891    0.341E-02    0.267E-03    0.159E-04    0.695E-08    0.695E-08    0.255E-08    0.255E-08    0.000E+00    0.000E+00    0.000E+00    0.000E+00
     1.800     0.892    0.330E-02    0.259E-03    0.150E-04    0.631E-08    0.631E-08    0.230E-08    0.230E-08    0.000E+00    0.000E+00    0.000E+00    0.000E+00
     1.800     0.893    0.320E-02    0.251E-03    0.141E-04    0.573E-08    0.573E-08    0.209E-08    0.209E-08    0.000E+00    0.000E+00    0.000E+00    0.000E+00
     1.800     0.894    0.310E-02    0.243E-03    0.133E-04    0.521E-08    0.521E-08    0.189E-08    0.189E-08    0.000E+00    0.000E+00    0.000E+00    0.000E+00
     1.800     0.895    0.300E-02    0.236E-03    0.125E-04    0.473E-08    0.473E-08    0.171E-08    0.171E-08    0.000E+00    0.000E+00    0.000E+00    0.000E+00
     1.800     0.896    0.290E-02    0.228E-03    0.118E-04    0.431E-08    0.431E-08    0.155E-08    0.155E-08    0.000E+00    0.000E+00    0.000E+00    0.000E+00
     1.800     0.897    0.281E-02    0.221E-03    0.111E-04    0.393E-08    0.393E-08    0.141E-08    0.141E-08    0.000E+00    0.000E+00    0.000E+00    0.000E+00
     1.800     0.898    0.272E-02    0.214E-03    0.105E-04    0.359E-08    0.359E-08    0.128E-08    0.128E-08    0.000E+00    0.000E+00    0.000E+00    0.000E+00
     1.800     0.899    0.263E-02    0.207E-03    0.984E-05    0.329E-08    0.329E-08    0.117E-08    0.117E-08    0.000E+00    0.000E+00    0.000E+00    0.000E+00
     1.800     0.900    0.254E-02    0.200E-03    0.926E-05    0.303E-08    0.303E-08    0.108E-08    0.108E-08    0.000E+00    0.000E+00    0.000E+00    0.000E+00
     1.800     0.901    0.245E-02    0.194E-03    0.872E-05    0.280E-08    0.280E-08    0.994E-09    0.994E-09    0.000E+00    0.000E+00    0.000E+00    0.000E+00
     1.800     0.902    0.237E-02    0.187E-03    0.821E-05    0.261E-08    0.261E-08    0.925E-09    0.925E-09    0.000E+00    0.000E+00    0.000E+00    0.000E+00
     1.800     0.903    0.229E-02    0.181E-03    0.773E-05    0.245E-08    0.245E-08    0.868E-09    0.868E-09    0.000E+00    0.000E+00    0.000E+00    0.000E+00
     1.800     0.904    0.221E-02    0.175E-03    0.728E-05    0.232E-08    0.232E-08    0.822E-09    0.822E-09    0.000E+00    0.000E+00    0.000E+00    0.000E+00
     1.800     0.905    0.213E-02    0.169E-03    0.687E-05    0.221E-08    0.221E-08    0.785E-09    0.785E-09    0.000E+00    0.000E+00    0.000E+00    0.000E+00
     1.800     0.906    0.206E-02    0.163E-03    0.646E-05    0.210E-08    0.210E-08    0.748E-09    0.748E-09    0.000E+00    0.000E+00    0.000E+00    0.000E+00
     1.800     0.907    0.198E-02    0.157E-03    0.601E-05    0.186E-08    0.186E-08    0.658E-09    0.658E-09    0.000E+00    0.000E+00    0.000E+00    0.000E+00
     1.800     0.908    0.191E-02    0.152E-03    0.559E-05    0.163E-08    0.163E-08    0.574E-09    0.574E-09    0.000E+00    0.000E+00    0.000E+00    0.000E+00
     1.800     0.909    0.184E-02    0.146E-03    0.518E-05    0.143E-08    0.143E-08    0.498E-09    0.498E-09    0.000E+00    0.000E+00    0.000E+00    0.000E+00
     1.800     0.910    0.177E-02    0.141E-03    0.481E-05    0.124E-08    0.124E-08    0.429E-09    0.429E-09    0.000E+00    0.000E+00    0.000E+00    0.000E+00
     1.800     0.911    0.171E-02    0.136E-03    0.445E-05    0.107E-08    0.107E-08    0.367E-09    0.367E-09    0.000E+00    0.000E+00    0.000E+00    0.000E+00
     1.800     0.912    0.164E-02    0.131E-03    0.412E-05    0.914E-09    0.914E-09    0.310E-09    0.310E-09    0.000E+00    0.000E+00    0.000E+00    0.000E+00
     1.800     0.913    0.158E-02    0.126E-03    0.380E-05    0.775E-09    0.775E-09    0.260E-09    0.260E-09    0.000E+00    0.000E+00    0.000E+00    0.000E+00
     1.800     0.914    0.152E-02    0.121E-03    0.351E-05    0.652E-09    0.652E-09    0.215E-09    0.215E-09    0.000E+00    0.000E+00    0.000E+00    0.000E+00
     1.800     0.915    0.146E-02    0.116E-03    0.324E-05    0.543E-09    0.543E-09    0.176E-09    0.176E-09    0.000E+00    0.000E+00    0.000E+00    0.000E+00
     1.800     0.916    0.140E-02    0.112E-03    0.299E-05    0.447E-09    0.447E-09    0.142E-09    0.142E-09    0.000E+00    0.000E+00    0.000E+00    0.000E+00
     1.800     0.917    0.134E-02    0.107E-03    0.275E-05    0.365E-09    0.365E-09    0.113E-09    0.113E-09    0.000E+00    0.000E+00    0.000E+00    0.000E+00
     1.800     0.918    0.129E-02    0.103E-03    0.254E-05    0.295E-09    0.295E-09    0.891E-10    0.891E-10    0.000E+00    0.000E+00    0.000E+00    0.000E+00
     1.800     0.919    0.123E-02    0.989E-04    0.234E-05    0.236E-09    0.236E-09    0.692E-10    0.692E-10    0.000E+00    0.000E+00    0.000E+00    0.000E+00
     1.800     0.920    0.118E-02    0.949E-04    0.215E-05    0.189E-09    0.189E-09    0.535E-10    0.535E-10    0.000E+00    0.000E+00    0.000E+00    0.000E+00
     1.800     0.921    0.113E-02    0.910E-04    0.198E-05    0.152E-09    0.152E-09    0.417E-10    0.417E-10    0.000E+00    0.000E+00    0.000E+00    0.000E+00
     1.800     0.922    0.108E-02    0.872E-04    0.183E-05    0.124E-09    0.124E-09    0.334E-10    0.334E-10    0.000E+00    0.000E+00    0.000E+00    0.000E+00
     1.800     0.923    0.104E-02    0.835E-04    0.169E-05    0.105E-09    0.105E-09    0.284E-10    0.284E-10    0.000E+00    0.000E+00    0.000E+00    0.000E+00
     1.800     0.924    0.991E-03    0.800E-04    0.156E-05    0.946E-10    0.946E-10    0.265E-10    0.265E-10    0.000E+00    0.000E+00    0.000E+00    0.000E+00
     1.800     0.925    0.947E-03    0.765E-04    0.145E-05    0.913E-10    0.913E-10    0.273E-10    0.273E-10    0.000E+00    0.000E+00    0.000E+00    0.000E+00
     1.800     0.926    0.905E-03    0.732E-04    0.134E-05    0.947E-10    0.947E-10    0.306E-10    0.306E-10    0.000E+00    0.000E+00    0.000E+00    0.000E+00
     1.800     0.927    0.863E-03    0.699E-04    0.125E-05    0.104E-09    0.104E-09    0.360E-10    0.360E-10    0.000E+00    0.000E+00    0.000E+00    0.000E+00
     1.800     0.928    0.823E-03    0.668E-04    0.117E-05    0.119E-09    0.119E-09    0.434E-10    0.434E-10    0.000E+00    0.000E+00    0.000E+00    0.000E+00
     1.800     0.929    0.785E-03    0.638E-04    0.109E-05    0.138E-09    0.138E-09    0.524E-10    0.524E-10    0.000E+00    0.000E+00    0.000E+00    0.000E+00
     1.800     0.930    0.747E-03    0.608E-04    0.997E-06    0.122E-09    0.122E-09    0.473E-10    0.473E-10    0.000E+00    0.000E+00    0.000E+00    0.000E+00
     1.800     0.931    0.710E-03    0.579E-04    0.893E-06    0.913E-10    0.913E-10    0.365E-10    0.365E-10    0.000E+00    0.000E+00    0.000E+00    0.000E+00
     1.800     0.932    0.675E-03    0.551E-04    0.796E-06    0.643E-10    0.643E-10    0.267E-10    0.267E-10    0.000E+00    0.000E+00    0.000E+00    0.000E+00
     1.800     0.933    0.641E-03    0.524E-04    0.707E-06    0.403E-10    0.403E-10    0.181E-10    0.181E-10    0.000E+00    0.000E+00    0.000E+00    0.000E+00
     1.800     0.934    0.609E-03    0.498E-04    0.625E-06    0.192E-10    0.192E-10    0.104E-10    0.104E-10    0.000E+00    0.000E+00    0.000E+00    0.000E+00
     1.800     0.935    0.577E-03    0.473E-04    0.550E-06    0.955E-12    0.955E-12    0.378E-11    0.378E-11    0.000E+00    0.000E+00    0.000E+00    0.000E+00
     1.800     0.936    0.547E-03    0.449E-04    0.482E-06    0.000E+00    0.000E+00    0.000E+00    0.000E+00    0.000E+00    0.000E+00    0.000E+00    0.000E+00
     1.800     0.937    0.517E-03    0.425E-04    0.420E-06    0.000E+00    0.000E+00    0.000E+00    0.000E+00    0.000E+00    0.000E+00    0.000E+00    0.000E+00
     1.800     0.938    0.489E-03    0.403E-04    0.364E-06    0.000E+00    0.000E+00    0.000E+00    0.000E+00    0.000E+00    0.000E+00    0.000E+00    0.000E+00
     1.800     0.939    0.462E-03    0.381E-04    0.315E-06    0.000E+00    0.000E+00    0.000E+00    0.000E+00    0.000E+00    0.000E+00    0.000E+00    0.000E+00
     1.800     0.940    0.436E-03    0.360E-04    0.270E-06    0.000E+00    0.000E+00    0.000E+00    0.000E+00    0.000E+00    0.000E+00    0.000E+00    0.000E+00
     1.800     0.941    0.411E-03    0.340E-04    0.231E-06    0.000E+00    0.000E+00    0.000E+00    0.000E+00    0.000E+00    0.000E+00    0.000E+00    0.000E+00
     1.800     0.942    0.387E-03    0.321E-04    0.197E-06    0.000E+00    0.000E+00    0.000E+00    0.000E+00    0.000E+00    0.000E+00    0.000E+00    0.000E+00
     1.800     0.943    0.364E-03    0.303E-04    0.168E-06    0.000E+00    0.000E+00    0.000E+00    0.000E+00    0.000E+00    0.000E+00    0.000E+00    0.000E+00
     1.800     0.944    0.342E-03    0.285E-04    0.144E-06    0.000E+00    0.000E+00    0.000E+00    0.000E+00    0.000E+00    0.000E+00    0.000E+00    0.000E+00
     1.800     0.945    0.321E-03    0.268E-04    0.123E-06    0.000E+00    0.000E+00    0.000E+00    0.000E+00    0.000E+00    0.000E+00    0.000E+00    0.000E+00
     1.800     0.946    0.301E-03    0.251E-04    0.107E-06    0.000E+00    0.000E+00    0.000E+00    0.000E+00    0.000E+00    0.000E+00    0.000E+00    0.000E+00
     1.800     0.947    0.282E-03    0.236E-04    0.941E-07    0.000E+00    0.000E+00    0.000E+00    0.000E+00    0.000E+00    0.000E+00    0.000E+00    0.000E+00
     1.800     0.948    0.264E-03    0.221E-04    0.847E-07    0.000E+00    0.000E+00    0.000E+00    0.000E+00    0.000E+00    0.000E+00    0.000E+00    0.000E+00
     1.800     0.949    0.246E-03    0.206E-04    0.784E-07    0.000E+00    0.000E+00    0.000E+00    0.000E+00    0.000E+00    0.000E+00    0.000E+00    0.000E+00
     1.800     0.950    0.229E-03    0.193E-04    0.750E-07    0.000E+00    0.000E+00    0.000E+00    0.000E+00    0.000E+00    0.000E+00    0.000E+00    0.000E+00
     1.800     0.951    0.214E-03    0.180E-04    0.741E-07    0.000E+00    0.000E+00    0.000E+00    0.000E+00    0.000E+00    0.000E+00    0.000E+00    0.000E+00
     1.800     0.952    0.198E-03    0.167E-04    0.754E-07    0.000E+00    0.000E+00    0.000E+00    0.000E+00    0.000E+00    0.000E+00    0.000E+00    0.000E+00
     1.800     0.953    0.184E-03    0.155E-04    0.749E-07    0.000E+00    0.000E+00    0.000E+00    0.000E+00    0.000E+00    0.000E+00    0.000E+00    0.000E+00
     1.800     0.954    0.169E-03    0.143E-04    0.592E-07    0.000E+00    0.000E+00    0.000E+00    0.000E+00    0.000E+00    0.000E+00    0.000E+00    0.000E+00
     1.800     0.955    0.155E-03    0.132E-04    0.450E-07    0.000E+00    0.000E+00    0.000E+00    0.000E+00    0.000E+00    0.000E+00    0.000E+00    0.000E+00
     1.800     0.956    0.142E-03    0.121E-04    0.324E-07    0.000E+00    0.000E+00    0.000E+00    0.000E+00    0.000E+00    0.000E+00    0.000E+00    0.000E+00
     1.800     0.957    0.129E-03    0.110E-04    0.213E-07    0.000E+00    0.000E+00    0.000E+00    0.000E+00    0.000E+00    0.000E+00    0.000E+00    0.000E+00
     1.800     0.958    0.117E-03    0.100E-04    0.116E-07    0.000E+00    0.000E+00    0.000E+00    0.000E+00    0.000E+00    0.000E+00    0.000E+00    0.000E+00
     1.800     0.959    0.106E-03    0.909E-05    0.331E-08    0.000E+00    0.000E+00    0.000E+00    0.000E+00    0.000E+00    0.000E+00    0.000E+00    0.000E+00
     1.800     0.960    0.954E-04    0.820E-05    0.000E+00    0.000E+00    0.000E+00    0.000E+00    0.000E+00    0.000E+00    0.000E+00    0.000E+00    0.000E+00
     1.800     0.961    0.853E-04    0.735E-05    0.000E+00    0.000E+00    0.000E+00    0.000E+00    0.000E+00    0.000E+00    0.000E+00    0.000E+00    0.000E+00
     1.800     0.962    0.758E-04    0.656E-05    0.000E+00    0.000E+00    0.000E+00    0.000E+00    0.000E+00    0.000E+00    0.000E+00    0.000E+00    0.000E+00
     1.800     0.963    0.670E-04    0.580E-05    0.000E+00    0.000E+00    0.000E+00    0.000E+00    0.000E+00    0.000E+00    0.000E+00    0.000E+00    0.000E+00
     1.800     0.964    0.586E-04    0.510E-05    0.000E+00    0.000E+00    0.000E+00    0.000E+00    0.000E+00    0.000E+00    0.000E+00    0.000E+00    0.000E+00
     1.800     0.965    0.509E-04    0.444E-05    0.000E+00    0.000E+00    0.000E+00    0.000E+00    0.000E+00    0.000E+00    0.000E+00    0.000E+00    0.000E+00
     1.800     0.966    0.436E-04    0.382E-05    0.000E+00    0.000E+00    0.000E+00    0.000E+00    0.000E+00    0.000E+00    0.000E+00    0.000E+00    0.000E+00
     1.800     0.967    0.369E-04    0.324E-05    0.000E+00    0.000E+00    0.000E+00    0.000E+00    0.000E+00    0.000E+00    0.000E+00    0.000E+00    0.000E+00
     1.800     0.968    0.307E-04    0.271E-05    0.000E+00    0.000E+00    0.000E+00    0.000E+00    0.000E+00    0.000E+00    0.000E+00    0.000E+00    0.000E+00
     1.800     0.969    0.250E-04    0.221E-05    0.000E+00    0.000E+00    0.000E+00    0.000E+00    0.000E+00    0.000E+00    0.000E+00    0.000E+00    0.000E+00
     1.800     0.970    0.197E-04    0.175E-05    0.000E+00    0.000E+00    0.000E+00    0.000E+00    0.000E+00    0.000E+00    0.000E+00    0.000E+00    0.000E+00
     1.800     0.971    0.149E-04    0.133E-05    0.000E+00    0.000E+00    0.000E+00    0.000E+00    0.000E+00    0.000E+00    0.000E+00    0.000E+00    0.000E+00
     1.800     0.972    0.106E-04    0.946E-06    0.000E+00    0.000E+00    0.000E+00    0.000E+00    0.000E+00    0.000E+00    0.000E+00    0.000E+00    0.000E+00
     1.800     0.973    0.662E-05    0.596E-06    0.000E+00    0.000E+00    0.000E+00    0.000E+00    0.000E+00    0.000E+00    0.000E+00    0.000E+00    0.000E+00
     1.800     0.974    0.309E-05    0.280E-06    0.000E+00    0.480E-13    0.480E-13    0.000E+00    0.000E+00    0.000E+00    0.000E+00    0.000E+00    0.000E+00
     1.800     0.975    0.000E+00    0.000E+00    0.126E-08    0.117E-11    0.117E-11    0.370E-12    0.370E-12    0.000E+00    0.000E+00    0.000E+00    0.000E+00
     1.800     0.976    0.000E+00    0.000E+00    0.592E-08    0.230E-11    0.230E-11    0.803E-12    0.803E-12    0.000E+00    0.000E+00    0.000E+00    0.000E+00
     1.800     0.977    0.000E+00    0.000E+00    0.107E-07    0.343E-11    0.343E-11    0.124E-11    0.124E-11    0.000E+00    0.000E+00    0.000E+00    0.000E+00
     1.800     0.978    0.000E+00    0.000E+00    0.156E-07    0.455E-11    0.455E-11    0.166E-11    0.166E-11    0.000E+00    0.000E+00    0.000E+00    0.000E+00
     1.800     0.979    0.000E+00    0.000E+00    0.205E-07    0.564E-11    0.564E-11    0.208E-11    0.208E-11    0.000E+00    0.000E+00    0.000E+00    0.000E+00
     1.800     0.980    0.000E+00    0.000E+00    0.254E-07    0.668E-11    0.668E-11    0.248E-11    0.248E-11    0.000E+00    0.000E+00    0.000E+00    0.000E+00
     1.800     0.981    0.000E+00    0.000E+00    0.301E-07    0.768E-11    0.768E-11    0.287E-11    0.287E-11    0.000E+00    0.000E+00    0.000E+00    0.000E+00
     1.800     0.982    0.000E+00    0.000E+00    0.346E-07    0.862E-11    0.862E-11    0.323E-11    0.323E-11    0.000E+00    0.000E+00    0.000E+00    0.000E+00
     1.800     0.983    0.000E+00    0.000E+00    0.389E-07    0.947E-11    0.947E-11    0.356E-11    0.356E-11    0.000E+00    0.000E+00    0.000E+00    0.000E+00
     1.800     0.984    0.000E+00    0.000E+00    0.428E-07    0.102E-10    0.102E-10    0.385E-11    0.385E-11    0.000E+00    0.000E+00    0.000E+00    0.000E+00
     1.800     0.985    0.000E+00    0.000E+00    0.463E-07    0.109E-10    0.109E-10    0.411E-11    0.411E-11    0.000E+00    0.000E+00    0.000E+00    0.000E+00
     1.800     0.986    0.000E+00    0.000E+00    0.494E-07    0.115E-10    0.115E-10    0.432E-11    0.432E-11    0.000E+00    0.000E+00    0.000E+00    0.000E+00
     1.800     0.987    0.000E+00    0.000E+00    0.518E-07    0.119E-10    0.119E-10    0.449E-11    0.449E-11    0.000E+00    0.000E+00    0.000E+00    0.000E+00
     1.800     0.988    0.000E+00    0.000E+00    0.537E-07    0.122E-10    0.122E-10    0.460E-11    0.460E-11    0.000E+00    0.000E+00    0.000E+00    0.000E+00
     1.800     0.989    0.000E+00    0.000E+00    0.548E-07    0.123E-10    0.123E-10    0.466E-11    0.466E-11    0.000E+00    0.000E+00    0.000E+00    0.000E+00
     1.800     0.990    0.000E+00    0.000E+00    0.552E-07    0.123E-10    0.123E-10    0.465E-11    0.465E-11    0.000E+00    0.000E+00    0.000E+00    0.000E+00
     1.800     0.991    0.000E+00    0.000E+00    0.547E-07    0.121E-10    0.121E-10    0.457E-11    0.457E-11    0.000E+00    0.000E+00    0.000E+00    0.000E+00
     1.800     0.992    0.000E+00    0.000E+00    0.533E-07    0.117E-10    0.117E-10    0.442E-11    0.442E-11    0.000E+00    0.000E+00    0.000E+00    0.000E+00
     1.800     0.993    0.000E+00    0.000E+00    0.509E-07    0.111E-10    0.111E-10    0.419E-11    0.419E-11    0.000E+00    0.000E+00    0.000E+00    0.000E+00
     1.800     0.994    0.000E+00    0.000E+00    0.474E-07    0.102E-10    0.102E-10    0.388E-11    0.388E-11    0.000E+00    0.000E+00    0.000E+00    0.000E+00
     1.800     0.995    0.000E+00    0.000E+00    0.428E-07    0.918E-11    0.918E-11    0.349E-11    0.349E-11    0.000E+00    0.000E+00    0.000E+00    0.000E+00
     1.800     0.996    0.000E+00    0.000E+00    0.370E-07    0.788E-11    0.788E-11    0.299E-11    0.299E-11    0.000E+00    0.000E+00    0.000E+00    0.000E+00
     1.800     0.997    0.000E+00    0.000E+00    0.299E-07    0.633E-11    0.633E-11    0.241E-11    0.241E-11    0.000E+00    0.000E+00    0.000E+00    0.000E+00
     1.800     0.998    0.000E+00    0.000E+00    0.214E-07    0.451E-11    0.451E-11    0.171E-11    0.171E-11    0.000E+00    0.000E+00    0.000E+00    0.000E+00
     1.800     0.999    0.000E+00    0.000E+00    0.115E-07    0.240E-11    0.240E-11    0.913E-12    0.913E-12    0.000E+00    0.000E+00    0.000E+00    0.000E+00

