     Q**2          x         u           d           g          ub          db          sb          s          cb          c          bb          b
     1.800     0.001    0.349E+00    0.327E+00    0.877E+00    0.315E+00    0.320E+00    0.132E+00    0.132E+00    0.823E-02    0.823E-02    0.000E+00    0.000E+00
     1.800     0.002    0.325E+00    0.296E+00    0.113E+01    0.272E+00    0.280E+00    0.115E+00    0.115E+00    0.729E-02    0.729E-02    0.000E+00    0.000E+00
     1.800     0.003    0.317E+00    0.283E+00    0.132E+01    0.249E+00    0.259E+00    0.106E+00    0.106E+00    0.678E-02    0.678E-02    0.000E+00    0.000E+00
     1.800     0.004    0.316E+00    0.280E+00    0.146E+01    0.235E+00    0.247E+00    0.100E+00    0.100E+00    0.644E-02    0.644E-02    0.000E+00    0.000E+00
     1.800     0.005    0.318E+00    0.279E+00    0.159E+01    0.224E+00    0.239E+00    0.964E-01    0.964E-01    0.617E-02    0.617E-02    0.000E+00    0.000E+00
     1.800     0.006    0.321E+00    0.280E+00    0.169E+01    0.216E+00    0.232E+00    0.932E-01    0.932E-01    0.592E-02    0.592E-02    0.000E+00    0.000E+00
     1.800     0.007    0.325E+00    0.283E+00    0.179E+01    0.210E+00    0.227E+00    0.909E-01    0.909E-01    0.572E-02    0.572E-02    0.000E+00    0.000E+00
     1.800     0.008    0.329E+00    0.286E+00    0.186E+01    0.204E+00    0.222E+00    0.886E-01    0.886E-01    0.552E-02    0.552E-02    0.000E+00    0.000E+00
     1.800     0.009    0.334E+00    0.289E+00    0.193E+01    0.200E+00    0.219E+00    0.869E-01    0.869E-01    0.536E-02    0.536E-02    0.000E+00    0.000E+00
     1.800     0.010    0.338E+00    0.293E+00    0.200E+01    0.195E+00    0.215E+00    0.852E-01    0.852E-01    0.519E-02    0.519E-02    0.000E+00    0.000E+00
     1.800     0.011    0.344E+00    0.297E+00    0.205E+01    0.192E+00    0.212E+00    0.840E-01    0.840E-01    0.506E-02    0.506E-02    0.000E+00    0.000E+00
     1.800     0.012    0.348E+00    0.301E+00    0.210E+01    0.189E+00    0.209E+00    0.826E-01    0.826E-01    0.491E-02    0.491E-02    0.000E+00    0.000E+00
     1.800     0.013    0.354E+00    0.305E+00    0.214E+01    0.186E+00    0.207E+00    0.815E-01    0.815E-01    0.478E-02    0.478E-02    0.000E+00    0.000E+00
     1.800     0.014    0.359E+00    0.309E+00    0.218E+01    0.184E+00    0.205E+00    0.806E-01    0.806E-01    0.467E-02    0.467E-02    0.000E+00    0.000E+00
     1.800     0.015    0.364E+00    0.313E+00    0.221E+01    0.181E+00    0.203E+00    0.795E-01    0.795E-01    0.455E-02    0.455E-02    0.000E+00    0.000E+00
     1.800     0.016    0.369E+00    0.317E+00    0.225E+01    0.179E+00    0.201E+00    0.787E-01    0.787E-01    0.444E-02    0.444E-02    0.000E+00    0.000E+00
     1.800     0.017    0.375E+00    0.322E+00    0.227E+01    0.178E+00    0.199E+00    0.780E-01    0.780E-01    0.434E-02    0.434E-02    0.000E+00    0.000E+00
     1.800     0.018    0.380E+00    0.326E+00    0.230E+01    0.176E+00    0.197E+00    0.772E-01    0.772E-01    0.424E-02    0.424E-02    0.000E+00    0.000E+00
     1.800     0.019    0.385E+00    0.329E+00    0.232E+01    0.174E+00    0.195E+00    0.764E-01    0.764E-01    0.414E-02    0.414E-02    0.000E+00    0.000E+00
     1.800     0.020    0.390E+00    0.333E+00    0.234E+01    0.173E+00    0.194E+00    0.758E-01    0.758E-01    0.405E-02    0.405E-02    0.000E+00    0.000E+00
     1.800     0.021    0.396E+00    0.337E+00    0.235E+01    0.172E+00    0.193E+00    0.753E-01    0.753E-01    0.396E-02    0.396E-02    0.000E+00    0.000E+00
     1.800     0.022    0.401E+00    0.341E+00    0.237E+01    0.170E+00    0.191E+00    0.746E-01    0.746E-01    0.387E-02    0.387E-02    0.000E+00    0.000E+00
     1.800     0.023    0.406E+00    0.344E+00    0.238E+01    0.169E+00    0.190E+00    0.740E-01    0.740E-01    0.379E-02    0.379E-02    0.000E+00    0.000E+00
     1.800     0.024    0.411E+00    0.348E+00    0.239E+01    0.168E+00    0.188E+00    0.734E-01    0.734E-01    0.370E-02    0.370E-02    0.000E+00    0.000E+00
     1.800     0.025    0.416E+00    0.351E+00    0.240E+01    0.166E+00    0.187E+00    0.729E-01    0.729E-01    0.363E-02    0.363E-02    0.000E+00    0.000E+00
     1.800     0.026    0.421E+00    0.355E+00    0.241E+01    0.165E+00    0.186E+00    0.724E-01    0.724E-01    0.355E-02    0.355E-02    0.000E+00    0.000E+00
     1.800     0.027    0.425E+00    0.358E+00    0.242E+01    0.164E+00    0.185E+00    0.718E-01    0.718E-01    0.348E-02    0.348E-02    0.000E+00    0.000E+00
     1.800     0.028    0.430E+00    0.361E+00    0.242E+01    0.163E+00    0.183E+00    0.713E-01    0.713E-01    0.340E-02    0.340E-02    0.000E+00    0.000E+00
     1.800     0.029    0.435E+00    0.364E+00    0.242E+01    0.162E+00    0.182E+00    0.709E-01    0.709E-01    0.333E-02    0.333E-02    0.000E+00    0.000E+00
     1.800     0.030    0.439E+00    0.367E+00    0.242E+01    0.161E+00    0.181E+00    0.704E-01    0.704E-01    0.327E-02    0.327E-02    0.000E+00    0.000E+00
     1.800     0.031    0.444E+00    0.370E+00    0.242E+01    0.160E+00    0.180E+00    0.700E-01    0.700E-01    0.320E-02    0.320E-02    0.000E+00    0.000E+00
     1.800     0.032    0.449E+00    0.373E+00    0.242E+01    0.160E+00    0.179E+00    0.696E-01    0.696E-01    0.314E-02    0.314E-02    0.000E+00    0.000E+00
     1.800     0.033    0.453E+00    0.375E+00    0.242E+01    0.159E+00    0.178E+00    0.692E-01    0.692E-01    0.308E-02    0.308E-02    0.000E+00    0.000E+00
     1.800     0.034    0.457E+00    0.378E+00    0.241E+01    0.158E+00    0.177E+00    0.688E-01    0.688E-01    0.302E-02    0.302E-02    0.000E+00    0.000E+00
     1.800     0.035    0.462E+00    0.381E+00    0.241E+01    0.157E+00    0.176E+00    0.685E-01    0.685E-01    0.296E-02    0.296E-02    0.000E+00    0.000E+00
     1.800     0.036    0.466E+00    0.383E+00    0.240E+01    0.156E+00    0.175E+00    0.681E-01    0.681E-01    0.291E-02    0.291E-02    0.000E+00    0.000E+00
     1.800     0.037    0.470E+00    0.386E+00    0.240E+01    0.156E+00    0.175E+00    0.678E-01    0.678E-01    0.286E-02    0.286E-02    0.000E+00    0.000E+00
     1.800     0.038    0.475E+00    0.388E+00    0.239E+01    0.155E+00    0.174E+00    0.675E-01    0.675E-01    0.281E-02    0.281E-02    0.000E+00    0.000E+00
     1.800     0.039    0.479E+00    0.390E+00    0.238E+01    0.154E+00    0.173E+00    0.671E-01    0.671E-01    0.275E-02    0.275E-02    0.000E+00    0.000E+00
     1.800     0.040    0.483E+00    0.393E+00    0.237E+01    0.154E+00    0.172E+00    0.668E-01    0.668E-01    0.270E-02    0.270E-02    0.000E+00    0.000E+00
     1.800     0.041    0.487E+00    0.395E+00    0.237E+01    0.153E+00    0.171E+00    0.664E-01    0.664E-01    0.265E-02    0.265E-02    0.000E+00    0.000E+00
     1.800     0.042    0.491E+00    0.397E+00    0.236E+01    0.152E+00    0.171E+00    0.661E-01    0.661E-01    0.260E-02    0.260E-02    0.000E+00    0.000E+00
     1.800     0.043    0.494E+00    0.399E+00    0.235E+01    0.151E+00    0.170E+00    0.657E-01    0.657E-01    0.255E-02    0.255E-02    0.000E+00    0.000E+00
     1.800     0.044    0.498E+00    0.401E+00    0.234E+01    0.150E+00    0.169E+00    0.654E-01    0.654E-01    0.251E-02    0.251E-02    0.000E+00    0.000E+00
     1.800     0.045    0.502E+00    0.403E+00    0.233E+01    0.149E+00    0.169E+00    0.651E-01    0.651E-01    0.246E-02    0.246E-02    0.000E+00    0.000E+00
     1.800     0.046    0.506E+00    0.405E+00    0.232E+01    0.149E+00    0.168E+00    0.647E-01    0.647E-01    0.242E-02    0.242E-02    0.000E+00    0.000E+00
     1.800     0.047    0.509E+00    0.407E+00    0.231E+01    0.148E+00    0.167E+00    0.644E-01    0.644E-01    0.237E-02    0.237E-02    0.000E+00    0.000E+00
     1.800     0.048    0.513E+00    0.409E+00    0.230E+01    0.147E+00    0.166E+00    0.641E-01    0.641E-01    0.233E-02    0.233E-02    0.000E+00    0.000E+00
     1.800     0.049    0.516E+00    0.410E+00    0.229E+01    0.146E+00    0.166E+00    0.637E-01    0.637E-01    0.229E-02    0.229E-02    0.000E+00    0.000E+00
     1.800     0.050    0.520E+00    0.412E+00    0.227E+01    0.145E+00    0.165E+00    0.634E-01    0.634E-01    0.225E-02    0.225E-02    0.000E+00    0.000E+00
     1.800     0.051    0.523E+00    0.414E+00    0.226E+01    0.144E+00    0.165E+00    0.631E-01    0.631E-01    0.221E-02    0.221E-02    0.000E+00    0.000E+00
     1.800     0.052    0.527E+00    0.415E+00    0.225E+01    0.144E+00    0.164E+00    0.628E-01    0.628E-01    0.217E-02    0.217E-02    0.000E+00    0.000E+00
     1.800     0.053    0.530E+00    0.417E+00    0.224E+01    0.143E+00    0.163E+00    0.625E-01    0.625E-01    0.213E-02    0.213E-02    0.000E+00    0.000E+00
     1.800     0.054    0.533E+00    0.418E+00    0.222E+01    0.142E+00    0.163E+00    0.622E-01    0.622E-01    0.210E-02    0.210E-02    0.000E+00    0.000E+00
     1.800     0.055    0.536E+00    0.420E+00    0.221E+01    0.141E+00    0.162E+00    0.619E-01    0.619E-01    0.206E-02    0.206E-02    0.000E+00    0.000E+00
     1.800     0.056    0.540E+00    0.421E+00    0.220E+01    0.140E+00    0.162E+00    0.616E-01    0.616E-01    0.202E-02    0.202E-02    0.000E+00    0.000E+00
     1.800     0.057    0.543E+00    0.423E+00    0.218E+01    0.139E+00    0.161E+00    0.613E-01    0.613E-01    0.199E-02    0.199E-02    0.000E+00    0.000E+00
     1.800     0.058    0.546E+00    0.424E+00    0.217E+01    0.138E+00    0.161E+00    0.610E-01    0.610E-01    0.195E-02    0.195E-02    0.000E+00    0.000E+00
     1.800     0.059    0.549E+00    0.425E+00    0.215E+01    0.137E+00    0.160E+00    0.607E-01    0.607E-01    0.192E-02    0.192E-02    0.000E+00    0.000E+00
     1.800     0.060    0.552E+00    0.426E+00    0.214E+01    0.137E+00    0.160E+00    0.604E-01    0.604E-01    0.189E-02    0.189E-02    0.000E+00    0.000E+00
     1.800     0.061    0.555E+00    0.428E+00    0.212E+01    0.136E+00    0.159E+00    0.601E-01    0.601E-01    0.186E-02    0.186E-02    0.000E+00    0.000E+00
     1.800     0.062    0.558E+00    0.429E+00    0.211E+01    0.135E+00    0.159E+00    0.598E-01    0.598E-01    0.183E-02    0.183E-02    0.000E+00    0.000E+00
     1.800     0.063    0.560E+00    0.430E+00    0.209E+01    0.134E+00    0.158E+00    0.595E-01    0.595E-01    0.180E-02    0.180E-02    0.000E+00    0.000E+00
     1.800     0.064    0.563E+00    0.431E+00    0.208E+01    0.133E+00    0.158E+00    0.592E-01    0.592E-01    0.177E-02    0.177E-02    0.000E+00    0.000E+00
     1.800     0.065    0.566E+00    0.432E+00    0.207E+01    0.132E+00    0.157E+00    0.589E-01    0.589E-01    0.174E-02    0.174E-02    0.000E+00    0.000E+00
     1.800     0.066    0.569E+00    0.433E+00    0.205E+01    0.131E+00    0.157E+00    0.586E-01    0.586E-01    0.171E-02    0.171E-02    0.000E+00    0.000E+00
     1.800     0.067    0.571E+00    0.434E+00    0.204E+01    0.130E+00    0.156E+00    0.583E-01    0.583E-01    0.168E-02    0.168E-02    0.000E+00    0.000E+00
     1.800     0.068    0.574E+00    0.435E+00    0.202E+01    0.129E+00    0.156E+00    0.580E-01    0.580E-01    0.165E-02    0.165E-02    0.000E+00    0.000E+00
     1.800     0.069    0.577E+00    0.436E+00    0.201E+01    0.128E+00    0.155E+00    0.577E-01    0.577E-01    0.163E-02    0.163E-02    0.000E+00    0.000E+00
     1.800     0.070    0.579E+00    0.437E+00    0.199E+01    0.127E+00    0.155E+00    0.574E-01    0.574E-01    0.160E-02    0.160E-02    0.000E+00    0.000E+00
     1.800     0.071    0.582E+00    0.438E+00    0.198E+01    0.127E+00    0.154E+00    0.571E-01    0.571E-01    0.157E-02    0.157E-02    0.000E+00    0.000E+00
     1.800     0.072    0.584E+00    0.438E+00    0.196E+01    0.126E+00    0.154E+00    0.568E-01    0.568E-01    0.155E-02    0.155E-02    0.000E+00    0.000E+00
     1.800     0.073    0.587E+00    0.439E+00    0.195E+01    0.125E+00    0.154E+00    0.566E-01    0.566E-01    0.152E-02    0.152E-02    0.000E+00    0.000E+00
     1.800     0.074    0.589E+00    0.440E+00    0.193E+01    0.124E+00    0.153E+00    0.563E-01    0.563E-01    0.150E-02    0.150E-02    0.000E+00    0.000E+00
     1.800     0.075    0.591E+00    0.441E+00    0.192E+01    0.123E+00    0.153E+00    0.560E-01    0.560E-01    0.147E-02    0.147E-02    0.000E+00    0.000E+00
     1.800     0.076    0.594E+00    0.441E+00    0.190E+01    0.122E+00    0.152E+00    0.557E-01    0.557E-01    0.145E-02    0.145E-02    0.000E+00    0.000E+00
     1.800     0.077    0.596E+00    0.442E+00    0.189E+01    0.121E+00    0.152E+00    0.554E-01    0.554E-01    0.143E-02    0.143E-02    0.000E+00    0.000E+00
     1.800     0.078    0.598E+00    0.443E+00    0.187E+01    0.120E+00    0.151E+00    0.551E-01    0.551E-01    0.140E-02    0.140E-02    0.000E+00    0.000E+00
     1.800     0.079    0.601E+00    0.443E+00    0.186E+01    0.119E+00    0.151E+00    0.548E-01    0.548E-01    0.138E-02    0.138E-02    0.000E+00    0.000E+00
     1.800     0.080    0.603E+00    0.444E+00    0.184E+01    0.118E+00    0.150E+00    0.545E-01    0.545E-01    0.136E-02    0.136E-02    0.000E+00    0.000E+00
     1.800     0.081    0.605E+00    0.445E+00    0.183E+01    0.117E+00    0.150E+00    0.542E-01    0.542E-01    0.134E-02    0.134E-02    0.000E+00    0.000E+00
     1.800     0.082    0.607E+00    0.445E+00    0.181E+01    0.116E+00    0.150E+00    0.540E-01    0.540E-01    0.132E-02    0.132E-02    0.000E+00    0.000E+00
     1.800     0.083    0.609E+00    0.446E+00    0.180E+01    0.115E+00    0.149E+00    0.537E-01    0.537E-01    0.130E-02    0.130E-02    0.000E+00    0.000E+00
     1.800     0.084    0.611E+00    0.446E+00    0.178E+01    0.114E+00    0.149E+00    0.534E-01    0.534E-01    0.128E-02    0.128E-02    0.000E+00    0.000E+00
     1.800     0.085    0.613E+00    0.446E+00    0.177E+01    0.113E+00    0.148E+00    0.531E-01    0.531E-01    0.126E-02    0.126E-02    0.000E+00    0.000E+00
     1.800     0.086    0.616E+00    0.447E+00    0.175E+01    0.113E+00    0.148E+00    0.528E-01    0.528E-01    0.124E-02    0.124E-02    0.000E+00    0.000E+00
     1.800     0.087    0.618E+00    0.447E+00    0.174E+01    0.112E+00    0.147E+00    0.525E-01    0.525E-01    0.122E-02    0.122E-02    0.000E+00    0.000E+00
     1.800     0.088    0.620E+00    0.448E+00    0.172E+01    0.111E+00    0.147E+00    0.523E-01    0.523E-01    0.120E-02    0.120E-02    0.000E+00    0.000E+00
     1.800     0.089    0.622E+00    0.448E+00    0.171E+01    0.110E+00    0.146E+00    0.520E-01    0.520E-01    0.118E-02    0.118E-02    0.000E+00    0.000E+00
     1.800     0.090    0.623E+00    0.448E+00    0.169E+01    0.109E+00    0.146E+00    0.517E-01    0.517E-01    0.116E-02    0.116E-02    0.000E+00    0.000E+00
     1.800     0.091    0.625E+00    0.449E+00    0.168E+01    0.108E+00    0.146E+00    0.514E-01    0.514E-01    0.114E-02    0.114E-02    0.000E+00    0.000E+00
     1.800     0.092    0.627E+00    0.449E+00    0.166E+01    0.107E+00    0.145E+00    0.511E-01    0.511E-01    0.113E-02    0.113E-02    0.000E+00    0.000E+00
     1.800     0.093    0.629E+00    0.449E+00    0.165E+01    0.106E+00    0.145E+00    0.508E-01    0.508E-01    0.111E-02    0.111E-02    0.000E+00    0.000E+00
     1.800     0.094    0.631E+00    0.449E+00    0.164E+01    0.105E+00    0.144E+00    0.506E-01    0.506E-01    0.109E-02    0.109E-02    0.000E+00    0.000E+00
     1.800     0.095    0.633E+00    0.450E+00    0.162E+01    0.105E+00    0.144E+00    0.503E-01    0.503E-01    0.108E-02    0.108E-02    0.000E+00    0.000E+00
     1.800     0.096    0.635E+00    0.450E+00    0.161E+01    0.104E+00    0.143E+00    0.500E-01    0.500E-01    0.106E-02    0.106E-02    0.000E+00    0.000E+00
     1.800     0.097    0.637E+00    0.450E+00    0.159E+01    0.103E+00    0.143E+00    0.497E-01    0.497E-01    0.105E-02    0.105E-02    0.000E+00    0.000E+00
     1.800     0.098    0.638E+00    0.450E+00    0.158E+01    0.102E+00    0.142E+00    0.495E-01    0.495E-01    0.103E-02    0.103E-02    0.000E+00    0.000E+00
     1.800     0.099    0.640E+00    0.450E+00    0.157E+01    0.101E+00    0.142E+00    0.492E-01    0.492E-01    0.101E-02    0.101E-02    0.000E+00    0.000E+00
     1.800     0.100    0.642E+00    0.450E+00    0.155E+01    0.100E+00    0.141E+00    0.489E-01    0.489E-01    0.999E-03    0.999E-03    0.000E+00    0.000E+00
     1.800     0.101    0.643E+00    0.451E+00    0.154E+01    0.994E-01    0.141E+00    0.486E-01    0.486E-01    0.984E-03    0.984E-03    0.000E+00    0.000E+00
     1.800     0.102    0.645E+00    0.451E+00    0.152E+01    0.986E-01    0.140E+00    0.483E-01    0.483E-01    0.970E-03    0.970E-03    0.000E+00    0.000E+00
     1.800     0.103    0.647E+00    0.451E+00    0.151E+01    0.978E-01    0.140E+00    0.481E-01    0.481E-01    0.955E-03    0.955E-03    0.000E+00    0.000E+00
     1.800     0.104    0.648E+00    0.451E+00    0.150E+01    0.970E-01    0.139E+00    0.478E-01    0.478E-01    0.941E-03    0.941E-03    0.000E+00    0.000E+00
     1.800     0.105    0.650E+00    0.451E+00    0.148E+01    0.962E-01    0.139E+00    0.475E-01    0.475E-01    0.928E-03    0.928E-03    0.000E+00    0.000E+00
     1.800     0.106    0.652E+00    0.451E+00    0.147E+01    0.954E-01    0.138E+00    0.473E-01    0.473E-01    0.914E-03    0.914E-03    0.000E+00    0.000E+00
     1.800     0.107    0.653E+00    0.451E+00    0.146E+01    0.946E-01    0.138E+00    0.470E-01    0.470E-01    0.901E-03    0.901E-03    0.000E+00    0.000E+00
     1.800     0.108    0.655E+00    0.451E+00    0.144E+01    0.938E-01    0.137E+00    0.467E-01    0.467E-01    0.888E-03    0.888E-03    0.000E+00    0.000E+00
     1.800     0.109    0.656E+00    0.451E+00    0.143E+01    0.930E-01    0.137E+00    0.464E-01    0.464E-01    0.875E-03    0.875E-03    0.000E+00    0.000E+00
     1.800     0.110    0.658E+00    0.451E+00    0.142E+01    0.923E-01    0.136E+00    0.462E-01    0.462E-01    0.863E-03    0.863E-03    0.000E+00    0.000E+00
     1.800     0.111    0.660E+00    0.450E+00    0.141E+01    0.915E-01    0.135E+00    0.459E-01    0.459E-01    0.850E-03    0.850E-03    0.000E+00    0.000E+00
     1.800     0.112    0.661E+00    0.450E+00    0.139E+01    0.907E-01    0.135E+00    0.456E-01    0.456E-01    0.838E-03    0.838E-03    0.000E+00    0.000E+00
     1.800     0.113    0.663E+00    0.450E+00    0.138E+01    0.900E-01    0.134E+00    0.454E-01    0.454E-01    0.826E-03    0.826E-03    0.000E+00    0.000E+00
     1.800     0.114    0.664E+00    0.450E+00    0.137E+01    0.892E-01    0.134E+00    0.451E-01    0.451E-01    0.814E-03    0.814E-03    0.000E+00    0.000E+00
     1.800     0.115    0.665E+00    0.450E+00    0.135E+01    0.885E-01    0.133E+00    0.448E-01    0.448E-01    0.803E-03    0.803E-03    0.000E+00    0.000E+00
     1.800     0.116    0.667E+00    0.450E+00    0.134E+01    0.878E-01    0.133E+00    0.445E-01    0.445E-01    0.792E-03    0.792E-03    0.000E+00    0.000E+00
     1.800     0.117    0.668E+00    0.450E+00    0.133E+01    0.871E-01    0.132E+00    0.443E-01    0.443E-01    0.781E-03    0.781E-03    0.000E+00    0.000E+00
     1.800     0.118    0.670E+00    0.449E+00    0.132E+01    0.863E-01    0.131E+00    0.440E-01    0.440E-01    0.770E-03    0.770E-03    0.000E+00    0.000E+00
     1.800     0.119    0.671E+00    0.449E+00    0.131E+01    0.856E-01    0.131E+00    0.438E-01    0.438E-01    0.759E-03    0.759E-03    0.000E+00    0.000E+00
     1.800     0.120    0.672E+00    0.449E+00    0.129E+01    0.849E-01    0.130E+00    0.435E-01    0.435E-01    0.749E-03    0.749E-03    0.000E+00    0.000E+00
     1.800     0.121    0.674E+00    0.449E+00    0.128E+01    0.843E-01    0.130E+00    0.432E-01    0.432E-01    0.738E-03    0.738E-03    0.000E+00    0.000E+00
     1.800     0.122    0.675E+00    0.448E+00    0.127E+01    0.836E-01    0.129E+00    0.430E-01    0.430E-01    0.728E-03    0.728E-03    0.000E+00    0.000E+00
     1.800     0.123    0.676E+00    0.448E+00    0.126E+01    0.829E-01    0.128E+00    0.427E-01    0.427E-01    0.718E-03    0.718E-03    0.000E+00    0.000E+00
     1.800     0.124    0.678E+00    0.448E+00    0.125E+01    0.822E-01    0.128E+00    0.424E-01    0.424E-01    0.709E-03    0.709E-03    0.000E+00    0.000E+00
     1.800     0.125    0.679E+00    0.448E+00    0.124E+01    0.816E-01    0.127E+00    0.422E-01    0.422E-01    0.699E-03    0.699E-03    0.000E+00    0.000E+00
     1.800     0.126    0.680E+00    0.447E+00    0.122E+01    0.809E-01    0.127E+00    0.419E-01    0.419E-01    0.689E-03    0.689E-03    0.000E+00    0.000E+00
     1.800     0.127    0.681E+00    0.447E+00    0.121E+01    0.803E-01    0.126E+00    0.417E-01    0.417E-01    0.680E-03    0.680E-03    0.000E+00    0.000E+00
     1.800     0.128    0.683E+00    0.447E+00    0.120E+01    0.796E-01    0.125E+00    0.414E-01    0.414E-01    0.670E-03    0.670E-03    0.000E+00    0.000E+00
     1.800     0.129    0.684E+00    0.446E+00    0.119E+01    0.790E-01    0.125E+00    0.411E-01    0.411E-01    0.661E-03    0.661E-03    0.000E+00    0.000E+00
     1.800     0.130    0.685E+00    0.446E+00    0.118E+01    0.784E-01    0.124E+00    0.409E-01    0.409E-01    0.652E-03    0.652E-03    0.000E+00    0.000E+00
     1.800     0.131    0.686E+00    0.446E+00    0.117E+01    0.777E-01    0.123E+00    0.406E-01    0.406E-01    0.644E-03    0.644E-03    0.000E+00    0.000E+00
     1.800     0.132    0.687E+00    0.445E+00    0.116E+01    0.771E-01    0.123E+00    0.404E-01    0.404E-01    0.635E-03    0.635E-03    0.000E+00    0.000E+00
     1.800     0.133    0.689E+00    0.445E+00    0.115E+01    0.765E-01    0.122E+00    0.401E-01    0.401E-01    0.627E-03    0.627E-03    0.000E+00    0.000E+00
     1.800     0.134    0.690E+00    0.445E+00    0.114E+01    0.759E-01    0.121E+00    0.398E-01    0.398E-01    0.618E-03    0.618E-03    0.000E+00    0.000E+00
     1.800     0.135    0.691E+00    0.444E+00    0.113E+01    0.753E-01    0.121E+00    0.396E-01    0.396E-01    0.610E-03    0.610E-03    0.000E+00    0.000E+00
     1.800     0.136    0.692E+00    0.444E+00    0.112E+01    0.748E-01    0.120E+00    0.393E-01    0.393E-01    0.602E-03    0.602E-03    0.000E+00    0.000E+00
     1.800     0.137    0.693E+00    0.443E+00    0.110E+01    0.742E-01    0.119E+00    0.391E-01    0.391E-01    0.594E-03    0.594E-03    0.000E+00    0.000E+00
     1.800     0.138    0.694E+00    0.443E+00    0.109E+01    0.736E-01    0.119E+00    0.388E-01    0.388E-01    0.587E-03    0.587E-03    0.000E+00    0.000E+00
     1.800     0.139    0.695E+00    0.443E+00    0.108E+01    0.730E-01    0.118E+00    0.386E-01    0.386E-01    0.579E-03    0.579E-03    0.000E+00    0.000E+00
     1.800     0.140    0.696E+00    0.442E+00    0.107E+01    0.725E-01    0.117E+00    0.383E-01    0.383E-01    0.571E-03    0.571E-03    0.000E+00    0.000E+00
     1.800     0.141    0.697E+00    0.442E+00    0.106E+01    0.719E-01    0.117E+00    0.381E-01    0.381E-01    0.564E-03    0.564E-03    0.000E+00    0.000E+00
     1.800     0.142    0.698E+00    0.441E+00    0.105E+01    0.714E-01    0.116E+00    0.378E-01    0.378E-01    0.556E-03    0.556E-03    0.000E+00    0.000E+00
     1.800     0.143    0.699E+00    0.441E+00    0.104E+01    0.708E-01    0.115E+00    0.376E-01    0.376E-01    0.549E-03    0.549E-03    0.000E+00    0.000E+00
     1.800     0.144    0.700E+00    0.440E+00    0.103E+01    0.703E-01    0.115E+00    0.373E-01    0.373E-01    0.542E-03    0.542E-03    0.000E+00    0.000E+00
     1.800     0.145    0.701E+00    0.440E+00    0.103E+01    0.697E-01    0.114E+00    0.371E-01    0.371E-01    0.535E-03    0.535E-03    0.000E+00    0.000E+00
     1.800     0.146    0.702E+00    0.439E+00    0.102E+01    0.692E-01    0.113E+00    0.368E-01    0.368E-01    0.529E-03    0.529E-03    0.000E+00    0.000E+00
     1.800     0.147    0.703E+00    0.439E+00    0.101E+01    0.687E-01    0.113E+00    0.366E-01    0.366E-01    0.522E-03    0.522E-03    0.000E+00    0.000E+00
     1.800     0.148    0.704E+00    0.438E+00    0.997E+00    0.682E-01    0.112E+00    0.364E-01    0.364E-01    0.515E-03    0.515E-03    0.000E+00    0.000E+00
     1.800     0.149    0.705E+00    0.438E+00    0.988E+00    0.677E-01    0.111E+00    0.361E-01    0.361E-01    0.509E-03    0.509E-03    0.000E+00    0.000E+00
     1.800     0.150    0.706E+00    0.437E+00    0.979E+00    0.672E-01    0.111E+00    0.359E-01    0.359E-01    0.503E-03    0.503E-03    0.000E+00    0.000E+00
     1.800     0.151    0.707E+00    0.437E+00    0.970E+00    0.667E-01    0.110E+00    0.356E-01    0.356E-01    0.496E-03    0.496E-03    0.000E+00    0.000E+00
     1.800     0.152    0.708E+00    0.436E+00    0.961E+00    0.662E-01    0.109E+00    0.354E-01    0.354E-01    0.490E-03    0.490E-03    0.000E+00    0.000E+00
     1.800     0.153    0.708E+00    0.436E+00    0.952E+00    0.657E-01    0.109E+00    0.352E-01    0.352E-01    0.484E-03    0.484E-03    0.000E+00    0.000E+00
     1.800     0.154    0.709E+00    0.435E+00    0.943E+00    0.652E-01    0.108E+00    0.349E-01    0.349E-01    0.478E-03    0.478E-03    0.000E+00    0.000E+00
     1.800     0.155    0.710E+00    0.434E+00    0.935E+00    0.648E-01    0.107E+00    0.347E-01    0.347E-01    0.472E-03    0.472E-03    0.000E+00    0.000E+00
     1.800     0.156    0.711E+00    0.434E+00    0.926E+00    0.643E-01    0.107E+00    0.344E-01    0.344E-01    0.466E-03    0.466E-03    0.000E+00    0.000E+00
     1.800     0.157    0.712E+00    0.433E+00    0.917E+00    0.638E-01    0.106E+00    0.342E-01    0.342E-01    0.460E-03    0.460E-03    0.000E+00    0.000E+00
     1.800     0.158    0.712E+00    0.433E+00    0.909E+00    0.633E-01    0.105E+00    0.340E-01    0.340E-01    0.455E-03    0.455E-03    0.000E+00    0.000E+00
     1.800     0.159    0.713E+00    0.432E+00    0.901E+00    0.629E-01    0.104E+00    0.337E-01    0.337E-01    0.449E-03    0.449E-03    0.000E+00    0.000E+00
     1.800     0.160    0.714E+00    0.432E+00    0.892E+00    0.624E-01    0.104E+00    0.335E-01    0.335E-01    0.444E-03    0.444E-03    0.000E+00    0.000E+00
     1.800     0.161    0.715E+00    0.431E+00    0.884E+00    0.620E-01    0.103E+00    0.333E-01    0.333E-01    0.438E-03    0.438E-03    0.000E+00    0.000E+00
     1.800     0.162    0.715E+00    0.430E+00    0.876E+00    0.616E-01    0.102E+00    0.330E-01    0.330E-01    0.433E-03    0.433E-03    0.000E+00    0.000E+00
     1.800     0.163    0.716E+00    0.430E+00    0.868E+00    0.611E-01    0.102E+00    0.328E-01    0.328E-01    0.428E-03    0.428E-03    0.000E+00    0.000E+00
     1.800     0.164    0.717E+00    0.429E+00    0.860E+00    0.607E-01    0.101E+00    0.326E-01    0.326E-01    0.423E-03    0.423E-03    0.000E+00    0.000E+00
     1.800     0.165    0.717E+00    0.429E+00    0.853E+00    0.603E-01    0.100E+00    0.323E-01    0.323E-01    0.418E-03    0.418E-03    0.000E+00    0.000E+00
     1.800     0.166    0.718E+00    0.428E+00    0.845E+00    0.598E-01    0.995E-01    0.321E-01    0.321E-01    0.413E-03    0.413E-03    0.000E+00    0.000E+00
     1.800     0.167    0.719E+00    0.427E+00    0.837E+00    0.594E-01    0.988E-01    0.319E-01    0.319E-01    0.408E-03    0.408E-03    0.000E+00    0.000E+00
     1.800     0.168    0.719E+00    0.427E+00    0.830E+00    0.590E-01    0.981E-01    0.317E-01    0.317E-01    0.403E-03    0.403E-03    0.000E+00    0.000E+00
     1.800     0.169    0.720E+00    0.426E+00    0.822E+00    0.586E-01    0.974E-01    0.314E-01    0.314E-01    0.398E-03    0.398E-03    0.000E+00    0.000E+00
     1.800     0.170    0.720E+00    0.426E+00    0.815E+00    0.582E-01    0.967E-01    0.312E-01    0.312E-01    0.393E-03    0.393E-03    0.000E+00    0.000E+00
     1.800     0.171    0.721E+00    0.425E+00    0.807E+00    0.578E-01    0.960E-01    0.310E-01    0.310E-01    0.389E-03    0.389E-03    0.000E+00    0.000E+00
     1.800     0.172    0.721E+00    0.424E+00    0.800E+00    0.574E-01    0.953E-01    0.308E-01    0.308E-01    0.384E-03    0.384E-03    0.000E+00    0.000E+00
     1.800     0.173    0.722E+00    0.424E+00    0.793E+00    0.570E-01    0.946E-01    0.305E-01    0.305E-01    0.380E-03    0.380E-03    0.000E+00    0.000E+00
     1.800     0.174    0.722E+00    0.423E+00    0.786E+00    0.566E-01    0.939E-01    0.303E-01    0.303E-01    0.375E-03    0.375E-03    0.000E+00    0.000E+00
     1.800     0.175    0.723E+00    0.422E+00    0.779E+00    0.562E-01    0.932E-01    0.301E-01    0.301E-01    0.371E-03    0.371E-03    0.000E+00    0.000E+00
     1.800     0.176    0.723E+00    0.422E+00    0.772E+00    0.558E-01    0.925E-01    0.299E-01    0.299E-01    0.367E-03    0.367E-03    0.000E+00    0.000E+00
     1.800     0.177    0.724E+00    0.421E+00    0.765E+00    0.554E-01    0.918E-01    0.297E-01    0.297E-01    0.362E-03    0.362E-03    0.000E+00    0.000E+00
     1.800     0.178    0.724E+00    0.420E+00    0.758E+00    0.550E-01    0.911E-01    0.294E-01    0.294E-01    0.358E-03    0.358E-03    0.000E+00    0.000E+00
     1.800     0.179    0.725E+00    0.420E+00    0.751E+00    0.547E-01    0.904E-01    0.292E-01    0.292E-01    0.354E-03    0.354E-03    0.000E+00    0.000E+00
     1.800     0.180    0.725E+00    0.419E+00    0.745E+00    0.543E-01    0.897E-01    0.290E-01    0.290E-01    0.350E-03    0.350E-03    0.000E+00    0.000E+00
     1.800     0.181    0.726E+00    0.418E+00    0.738E+00    0.539E-01    0.890E-01    0.288E-01    0.288E-01    0.346E-03    0.346E-03    0.000E+00    0.000E+00
     1.800     0.182    0.726E+00    0.418E+00    0.732E+00    0.536E-01    0.884E-01    0.286E-01    0.286E-01    0.342E-03    0.342E-03    0.000E+00    0.000E+00
     1.800     0.183    0.726E+00    0.417E+00    0.725E+00    0.532E-01    0.877E-01    0.284E-01    0.284E-01    0.338E-03    0.338E-03    0.000E+00    0.000E+00
     1.800     0.184    0.727E+00    0.416E+00    0.719E+00    0.529E-01    0.870E-01    0.282E-01    0.282E-01    0.335E-03    0.335E-03    0.000E+00    0.000E+00
     1.800     0.185    0.727E+00    0.416E+00    0.713E+00    0.525E-01    0.863E-01    0.280E-01    0.280E-01    0.331E-03    0.331E-03    0.000E+00    0.000E+00
     1.800     0.186    0.728E+00    0.415E+00    0.706E+00    0.521E-01    0.856E-01    0.278E-01    0.278E-01    0.327E-03    0.327E-03    0.000E+00    0.000E+00
     1.800     0.187    0.728E+00    0.414E+00    0.700E+00    0.518E-01    0.849E-01    0.275E-01    0.275E-01    0.323E-03    0.323E-03    0.000E+00    0.000E+00
     1.800     0.188    0.728E+00    0.413E+00    0.694E+00    0.515E-01    0.843E-01    0.273E-01    0.273E-01    0.320E-03    0.320E-03    0.000E+00    0.000E+00
     1.800     0.189    0.728E+00    0.413E+00    0.688E+00    0.511E-01    0.836E-01    0.271E-01    0.271E-01    0.316E-03    0.316E-03    0.000E+00    0.000E+00
     1.800     0.190    0.729E+00    0.412E+00    0.682E+00    0.508E-01    0.829E-01    0.269E-01    0.269E-01    0.313E-03    0.313E-03    0.000E+00    0.000E+00
     1.800     0.191    0.729E+00    0.411E+00    0.676E+00    0.504E-01    0.822E-01    0.267E-01    0.267E-01    0.309E-03    0.309E-03    0.000E+00    0.000E+00
     1.800     0.192    0.729E+00    0.411E+00    0.670E+00    0.501E-01    0.816E-01    0.265E-01    0.265E-01    0.306E-03    0.306E-03    0.000E+00    0.000E+00
     1.800     0.193    0.730E+00    0.410E+00    0.665E+00    0.498E-01    0.809E-01    0.263E-01    0.263E-01    0.302E-03    0.302E-03    0.000E+00    0.000E+00
     1.800     0.194    0.730E+00    0.409E+00    0.659E+00    0.494E-01    0.802E-01    0.261E-01    0.261E-01    0.299E-03    0.299E-03    0.000E+00    0.000E+00
     1.800     0.195    0.730E+00    0.408E+00    0.653E+00    0.491E-01    0.796E-01    0.259E-01    0.259E-01    0.296E-03    0.296E-03    0.000E+00    0.000E+00
     1.800     0.196    0.730E+00    0.408E+00    0.648E+00    0.488E-01    0.789E-01    0.257E-01    0.257E-01    0.293E-03    0.293E-03    0.000E+00    0.000E+00
     1.800     0.197    0.730E+00    0.407E+00    0.642E+00    0.485E-01    0.782E-01    0.255E-01    0.255E-01    0.290E-03    0.290E-03    0.000E+00    0.000E+00
     1.800     0.198    0.730E+00    0.406E+00    0.637E+00    0.481E-01    0.776E-01    0.253E-01    0.253E-01    0.286E-03    0.286E-03    0.000E+00    0.000E+00
     1.800     0.199    0.731E+00    0.405E+00    0.631E+00    0.478E-01    0.769E-01    0.251E-01    0.251E-01    0.283E-03    0.283E-03    0.000E+00    0.000E+00
     1.800     0.200    0.731E+00    0.405E+00    0.626E+00    0.475E-01    0.763E-01    0.249E-01    0.249E-01    0.280E-03    0.280E-03    0.000E+00    0.000E+00
     1.800     0.201    0.731E+00    0.404E+00    0.621E+00    0.472E-01    0.756E-01    0.247E-01    0.247E-01    0.277E-03    0.277E-03    0.000E+00    0.000E+00
     1.800     0.202    0.731E+00    0.403E+00    0.616E+00    0.469E-01    0.750E-01    0.245E-01    0.245E-01    0.274E-03    0.274E-03    0.000E+00    0.000E+00
     1.800     0.203    0.731E+00    0.403E+00    0.610E+00    0.466E-01    0.743E-01    0.243E-01    0.243E-01    0.271E-03    0.271E-03    0.000E+00    0.000E+00
     1.800     0.204    0.731E+00    0.402E+00    0.605E+00    0.463E-01    0.737E-01    0.242E-01    0.242E-01    0.268E-03    0.268E-03    0.000E+00    0.000E+00
     1.800     0.205    0.731E+00    0.401E+00    0.600E+00    0.460E-01    0.731E-01    0.240E-01    0.240E-01    0.266E-03    0.266E-03    0.000E+00    0.000E+00
     1.800     0.206    0.731E+00    0.400E+00    0.595E+00    0.457E-01    0.724E-01    0.238E-01    0.238E-01    0.263E-03    0.263E-03    0.000E+00    0.000E+00
     1.800     0.207    0.731E+00    0.399E+00    0.590E+00    0.454E-01    0.718E-01    0.236E-01    0.236E-01    0.260E-03    0.260E-03    0.000E+00    0.000E+00
     1.800     0.208    0.731E+00    0.399E+00    0.585E+00    0.451E-01    0.712E-01    0.234E-01    0.234E-01    0.257E-03    0.257E-03    0.000E+00    0.000E+00
     1.800     0.209    0.731E+00    0.398E+00    0.581E+00    0.448E-01    0.705E-01    0.232E-01    0.232E-01    0.254E-03    0.254E-03    0.000E+00    0.000E+00
     1.800     0.210    0.731E+00    0.397E+00    0.576E+00    0.445E-01    0.699E-01    0.230E-01    0.230E-01    0.252E-03    0.252E-03    0.000E+00    0.000E+00
     1.800     0.211    0.731E+00    0.396E+00    0.571E+00    0.442E-01    0.693E-01    0.228E-01    0.228E-01    0.249E-03    0.249E-03    0.000E+00    0.000E+00
     1.800     0.212    0.731E+00    0.396E+00    0.566E+00    0.439E-01    0.687E-01    0.227E-01    0.227E-01    0.246E-03    0.246E-03    0.000E+00    0.000E+00
     1.800     0.213    0.731E+00    0.395E+00    0.562E+00    0.436E-01    0.681E-01    0.225E-01    0.225E-01    0.244E-03    0.244E-03    0.000E+00    0.000E+00
     1.800     0.214    0.731E+00    0.394E+00    0.557E+00    0.433E-01    0.674E-01    0.223E-01    0.223E-01    0.241E-03    0.241E-03    0.000E+00    0.000E+00
     1.800     0.215    0.731E+00    0.393E+00    0.553E+00    0.430E-01    0.668E-01    0.221E-01    0.221E-01    0.239E-03    0.239E-03    0.000E+00    0.000E+00
     1.800     0.216    0.731E+00    0.393E+00    0.548E+00    0.428E-01    0.662E-01    0.219E-01    0.219E-01    0.236E-03    0.236E-03    0.000E+00    0.000E+00
     1.800     0.217    0.731E+00    0.392E+00    0.544E+00    0.425E-01    0.656E-01    0.218E-01    0.218E-01    0.234E-03    0.234E-03    0.000E+00    0.000E+00
     1.800     0.218    0.731E+00    0.391E+00    0.540E+00    0.422E-01    0.650E-01    0.216E-01    0.216E-01    0.231E-03    0.231E-03    0.000E+00    0.000E+00
     1.800     0.219    0.731E+00    0.390E+00    0.535E+00    0.419E-01    0.644E-01    0.214E-01    0.214E-01    0.229E-03    0.229E-03    0.000E+00    0.000E+00
     1.800     0.220    0.730E+00    0.389E+00    0.531E+00    0.416E-01    0.638E-01    0.212E-01    0.212E-01    0.227E-03    0.227E-03    0.000E+00    0.000E+00
     1.800     0.221    0.730E+00    0.389E+00    0.527E+00    0.414E-01    0.633E-01    0.211E-01    0.211E-01    0.224E-03    0.224E-03    0.000E+00    0.000E+00
     1.800     0.222    0.730E+00    0.388E+00    0.523E+00    0.411E-01    0.627E-01    0.209E-01    0.209E-01    0.222E-03    0.222E-03    0.000E+00    0.000E+00
     1.800     0.223    0.730E+00    0.387E+00    0.519E+00    0.408E-01    0.621E-01    0.207E-01    0.207E-01    0.220E-03    0.220E-03    0.000E+00    0.000E+00
     1.800     0.224    0.730E+00    0.386E+00    0.514E+00    0.405E-01    0.615E-01    0.205E-01    0.205E-01    0.217E-03    0.217E-03    0.000E+00    0.000E+00
     1.800     0.225    0.730E+00    0.385E+00    0.510E+00    0.403E-01    0.609E-01    0.204E-01    0.204E-01    0.215E-03    0.215E-03    0.000E+00    0.000E+00
     1.800     0.226    0.729E+00    0.385E+00    0.506E+00    0.400E-01    0.604E-01    0.202E-01    0.202E-01    0.213E-03    0.213E-03    0.000E+00    0.000E+00
     1.800     0.227    0.729E+00    0.384E+00    0.502E+00    0.397E-01    0.598E-01    0.200E-01    0.200E-01    0.211E-03    0.211E-03    0.000E+00    0.000E+00
     1.800     0.228    0.729E+00    0.383E+00    0.499E+00    0.395E-01    0.592E-01    0.199E-01    0.199E-01    0.209E-03    0.209E-03    0.000E+00    0.000E+00
     1.800     0.229    0.729E+00    0.382E+00    0.495E+00    0.392E-01    0.587E-01    0.197E-01    0.197E-01    0.207E-03    0.207E-03    0.000E+00    0.000E+00
     1.800     0.230    0.728E+00    0.381E+00    0.491E+00    0.390E-01    0.581E-01    0.195E-01    0.195E-01    0.204E-03    0.204E-03    0.000E+00    0.000E+00
     1.800     0.231    0.728E+00    0.380E+00    0.487E+00    0.387E-01    0.576E-01    0.194E-01    0.194E-01    0.202E-03    0.202E-03    0.000E+00    0.000E+00
     1.800     0.232    0.728E+00    0.380E+00    0.483E+00    0.384E-01    0.570E-01    0.192E-01    0.192E-01    0.200E-03    0.200E-03    0.000E+00    0.000E+00
     1.800     0.233    0.727E+00    0.379E+00    0.480E+00    0.382E-01    0.565E-01    0.190E-01    0.190E-01    0.198E-03    0.198E-03    0.000E+00    0.000E+00
     1.800     0.234    0.727E+00    0.378E+00    0.476E+00    0.379E-01    0.559E-01    0.189E-01    0.189E-01    0.196E-03    0.196E-03    0.000E+00    0.000E+00
     1.800     0.235    0.727E+00    0.377E+00    0.472E+00    0.377E-01    0.554E-01    0.187E-01    0.187E-01    0.194E-03    0.194E-03    0.000E+00    0.000E+00
     1.800     0.236    0.726E+00    0.376E+00    0.469E+00    0.374E-01    0.548E-01    0.186E-01    0.186E-01    0.192E-03    0.192E-03    0.000E+00    0.000E+00
     1.800     0.237    0.726E+00    0.375E+00    0.465E+00    0.372E-01    0.543E-01    0.184E-01    0.184E-01    0.191E-03    0.191E-03    0.000E+00    0.000E+00
     1.800     0.238    0.725E+00    0.375E+00    0.462E+00    0.369E-01    0.538E-01    0.182E-01    0.182E-01    0.189E-03    0.189E-03    0.000E+00    0.000E+00
     1.800     0.239    0.725E+00    0.374E+00    0.458E+00    0.367E-01    0.532E-01    0.181E-01    0.181E-01    0.187E-03    0.187E-03    0.000E+00    0.000E+00
     1.800     0.240    0.725E+00    0.373E+00    0.455E+00    0.364E-01    0.527E-01    0.179E-01    0.179E-01    0.185E-03    0.185E-03    0.000E+00    0.000E+00
     1.800     0.241    0.724E+00    0.372E+00    0.452E+00    0.362E-01    0.522E-01    0.178E-01    0.178E-01    0.183E-03    0.183E-03    0.000E+00    0.000E+00
     1.800     0.242    0.724E+00    0.371E+00    0.448E+00    0.359E-01    0.517E-01    0.176E-01    0.176E-01    0.181E-03    0.181E-03    0.000E+00    0.000E+00
     1.800     0.243    0.723E+00    0.370E+00    0.445E+00    0.357E-01    0.512E-01    0.175E-01    0.175E-01    0.179E-03    0.179E-03    0.000E+00    0.000E+00
     1.800     0.244    0.723E+00    0.370E+00    0.442E+00    0.354E-01    0.507E-01    0.173E-01    0.173E-01    0.178E-03    0.178E-03    0.000E+00    0.000E+00
     1.800     0.245    0.722E+00    0.369E+00    0.438E+00    0.352E-01    0.502E-01    0.172E-01    0.172E-01    0.176E-03    0.176E-03    0.000E+00    0.000E+00
     1.800     0.246    0.722E+00    0.368E+00    0.435E+00    0.349E-01    0.497E-01    0.170E-01    0.170E-01    0.174E-03    0.174E-03    0.000E+00    0.000E+00
     1.800     0.247    0.721E+00    0.367E+00    0.432E+00    0.347E-01    0.492E-01    0.169E-01    0.169E-01    0.172E-03    0.172E-03    0.000E+00    0.000E+00
     1.800     0.248    0.721E+00    0.366E+00    0.429E+00    0.344E-01    0.487E-01    0.167E-01    0.167E-01    0.171E-03    0.171E-03    0.000E+00    0.000E+00
     1.800     0.249    0.720E+00    0.365E+00    0.426E+00    0.342E-01    0.482E-01    0.166E-01    0.166E-01    0.169E-03    0.169E-03    0.000E+00    0.000E+00
     1.800     0.250    0.720E+00    0.364E+00    0.423E+00    0.340E-01    0.477E-01    0.164E-01    0.164E-01    0.167E-03    0.167E-03    0.000E+00    0.000E+00
     1.800     0.251    0.719E+00    0.364E+00    0.420E+00    0.337E-01    0.472E-01    0.163E-01    0.163E-01    0.166E-03    0.166E-03    0.000E+00    0.000E+00
     1.800     0.252    0.719E+00    0.363E+00    0.417E+00    0.335E-01    0.467E-01    0.161E-01    0.161E-01    0.164E-03    0.164E-03    0.000E+00    0.000E+00
     1.800     0.253    0.718E+00    0.362E+00    0.414E+00    0.333E-01    0.463E-01    0.160E-01    0.160E-01    0.162E-03    0.162E-03    0.000E+00    0.000E+00
     1.800     0.254    0.718E+00    0.361E+00    0.411E+00    0.330E-01    0.458E-01    0.159E-01    0.159E-01    0.161E-03    0.161E-03    0.000E+00    0.000E+00
     1.800     0.255    0.717E+00    0.360E+00    0.408E+00    0.328E-01    0.453E-01    0.157E-01    0.157E-01    0.159E-03    0.159E-03    0.000E+00    0.000E+00
     1.800     0.256    0.716E+00    0.359E+00    0.405E+00    0.326E-01    0.449E-01    0.156E-01    0.156E-01    0.158E-03    0.158E-03    0.000E+00    0.000E+00
     1.800     0.257    0.716E+00    0.358E+00    0.402E+00    0.323E-01    0.444E-01    0.154E-01    0.154E-01    0.156E-03    0.156E-03    0.000E+00    0.000E+00
     1.800     0.258    0.715E+00    0.357E+00    0.399E+00    0.321E-01    0.439E-01    0.153E-01    0.153E-01    0.155E-03    0.155E-03    0.000E+00    0.000E+00
     1.800     0.259    0.714E+00    0.356E+00    0.397E+00    0.319E-01    0.435E-01    0.152E-01    0.152E-01    0.153E-03    0.153E-03    0.000E+00    0.000E+00
     1.800     0.260    0.714E+00    0.356E+00    0.394E+00    0.316E-01    0.430E-01    0.150E-01    0.150E-01    0.152E-03    0.152E-03    0.000E+00    0.000E+00
     1.800     0.261    0.713E+00    0.355E+00    0.391E+00    0.314E-01    0.426E-01    0.149E-01    0.149E-01    0.150E-03    0.150E-03    0.000E+00    0.000E+00
     1.800     0.262    0.712E+00    0.354E+00    0.388E+00    0.312E-01    0.422E-01    0.148E-01    0.148E-01    0.149E-03    0.149E-03    0.000E+00    0.000E+00
     1.800     0.263    0.712E+00    0.353E+00    0.386E+00    0.309E-01    0.417E-01    0.146E-01    0.146E-01    0.147E-03    0.147E-03    0.000E+00    0.000E+00
     1.800     0.264    0.711E+00    0.352E+00    0.383E+00    0.307E-01    0.413E-01    0.145E-01    0.145E-01    0.146E-03    0.146E-03    0.000E+00    0.000E+00
     1.800     0.265    0.710E+00    0.351E+00    0.380E+00    0.305E-01    0.409E-01    0.144E-01    0.144E-01    0.144E-03    0.144E-03    0.000E+00    0.000E+00
     1.800     0.266    0.710E+00    0.350E+00    0.378E+00    0.303E-01    0.404E-01    0.142E-01    0.142E-01    0.143E-03    0.143E-03    0.000E+00    0.000E+00
     1.800     0.267    0.709E+00    0.349E+00    0.375E+00    0.300E-01    0.400E-01    0.141E-01    0.141E-01    0.141E-03    0.141E-03    0.000E+00    0.000E+00
     1.800     0.268    0.708E+00    0.348E+00    0.373E+00    0.298E-01    0.396E-01    0.140E-01    0.140E-01    0.140E-03    0.140E-03    0.000E+00    0.000E+00
     1.800     0.269    0.707E+00    0.347E+00    0.370E+00    0.296E-01    0.392E-01    0.138E-01    0.138E-01    0.139E-03    0.139E-03    0.000E+00    0.000E+00
     1.800     0.270    0.706E+00    0.347E+00    0.368E+00    0.294E-01    0.388E-01    0.137E-01    0.137E-01    0.137E-03    0.137E-03    0.000E+00    0.000E+00
     1.800     0.271    0.706E+00    0.346E+00    0.365E+00    0.292E-01    0.383E-01    0.136E-01    0.136E-01    0.136E-03    0.136E-03    0.000E+00    0.000E+00
     1.800     0.272    0.705E+00    0.345E+00    0.363E+00    0.289E-01    0.379E-01    0.135E-01    0.135E-01    0.135E-03    0.135E-03    0.000E+00    0.000E+00
     1.800     0.273    0.704E+00    0.344E+00    0.360E+00    0.287E-01    0.375E-01    0.133E-01    0.133E-01    0.133E-03    0.133E-03    0.000E+00    0.000E+00
     1.800     0.274    0.703E+00    0.343E+00    0.358E+00    0.285E-01    0.371E-01    0.132E-01    0.132E-01    0.132E-03    0.132E-03    0.000E+00    0.000E+00
     1.800     0.275    0.702E+00    0.342E+00    0.356E+00    0.283E-01    0.367E-01    0.131E-01    0.131E-01    0.131E-03    0.131E-03    0.000E+00    0.000E+00
     1.800     0.276    0.702E+00    0.341E+00    0.353E+00    0.281E-01    0.364E-01    0.130E-01    0.130E-01    0.129E-03    0.129E-03    0.000E+00    0.000E+00
     1.800     0.277    0.701E+00    0.340E+00    0.351E+00    0.278E-01    0.360E-01    0.128E-01    0.128E-01    0.128E-03    0.128E-03    0.000E+00    0.000E+00
     1.800     0.278    0.700E+00    0.339E+00    0.349E+00    0.276E-01    0.356E-01    0.127E-01    0.127E-01    0.127E-03    0.127E-03    0.000E+00    0.000E+00
     1.800     0.279    0.699E+00    0.338E+00    0.346E+00    0.274E-01    0.352E-01    0.126E-01    0.126E-01    0.126E-03    0.126E-03    0.000E+00    0.000E+00
     1.800     0.280    0.698E+00    0.337E+00    0.344E+00    0.272E-01    0.348E-01    0.125E-01    0.125E-01    0.124E-03    0.124E-03    0.000E+00    0.000E+00
     1.800     0.281    0.697E+00    0.336E+00    0.342E+00    0.270E-01    0.345E-01    0.124E-01    0.124E-01    0.123E-03    0.123E-03    0.000E+00    0.000E+00
     1.800     0.282    0.696E+00    0.335E+00    0.340E+00    0.268E-01    0.341E-01    0.122E-01    0.122E-01    0.122E-03    0.122E-03    0.000E+00    0.000E+00
     1.800     0.283    0.695E+00    0.334E+00    0.337E+00    0.266E-01    0.337E-01    0.121E-01    0.121E-01    0.121E-03    0.121E-03    0.000E+00    0.000E+00
     1.800     0.284    0.694E+00    0.333E+00    0.335E+00    0.264E-01    0.333E-01    0.120E-01    0.120E-01    0.120E-03    0.120E-03    0.000E+00    0.000E+00
     1.800     0.285    0.694E+00    0.332E+00    0.333E+00    0.262E-01    0.330E-01    0.119E-01    0.119E-01    0.118E-03    0.118E-03    0.000E+00    0.000E+00
     1.800     0.286    0.693E+00    0.331E+00    0.331E+00    0.259E-01    0.326E-01    0.118E-01    0.118E-01    0.117E-03    0.117E-03    0.000E+00    0.000E+00
     1.800     0.287    0.692E+00    0.331E+00    0.329E+00    0.257E-01    0.323E-01    0.117E-01    0.117E-01    0.116E-03    0.116E-03    0.000E+00    0.000E+00
     1.800     0.288    0.691E+00    0.330E+00    0.327E+00    0.255E-01    0.319E-01    0.116E-01    0.116E-01    0.115E-03    0.115E-03    0.000E+00    0.000E+00
     1.800     0.289    0.690E+00    0.329E+00    0.325E+00    0.253E-01    0.316E-01    0.114E-01    0.114E-01    0.114E-03    0.114E-03    0.000E+00    0.000E+00
     1.800     0.290    0.689E+00    0.328E+00    0.323E+00    0.251E-01    0.312E-01    0.113E-01    0.113E-01    0.113E-03    0.113E-03    0.000E+00    0.000E+00
     1.800     0.291    0.688E+00    0.327E+00    0.320E+00    0.249E-01    0.309E-01    0.112E-01    0.112E-01    0.112E-03    0.112E-03    0.000E+00    0.000E+00
     1.800     0.292    0.687E+00    0.326E+00    0.318E+00    0.247E-01    0.306E-01    0.111E-01    0.111E-01    0.111E-03    0.111E-03    0.000E+00    0.000E+00
     1.800     0.293    0.686E+00    0.325E+00    0.316E+00    0.245E-01    0.302E-01    0.110E-01    0.110E-01    0.109E-03    0.109E-03    0.000E+00    0.000E+00
     1.800     0.294    0.685E+00    0.324E+00    0.314E+00    0.243E-01    0.299E-01    0.109E-01    0.109E-01    0.108E-03    0.108E-03    0.000E+00    0.000E+00
     1.800     0.295    0.684E+00    0.323E+00    0.312E+00    0.241E-01    0.296E-01    0.108E-01    0.108E-01    0.107E-03    0.107E-03    0.000E+00    0.000E+00
     1.800     0.296    0.683E+00    0.322E+00    0.311E+00    0.239E-01    0.292E-01    0.107E-01    0.107E-01    0.106E-03    0.106E-03    0.000E+00    0.000E+00
     1.800     0.297    0.682E+00    0.321E+00    0.309E+00    0.237E-01    0.289E-01    0.106E-01    0.106E-01    0.105E-03    0.105E-03    0.000E+00    0.000E+00
     1.800     0.298    0.681E+00    0.320E+00    0.307E+00    0.235E-01    0.286E-01    0.105E-01    0.105E-01    0.104E-03    0.104E-03    0.000E+00    0.000E+00
     1.800     0.299    0.679E+00    0.319E+00    0.305E+00    0.233E-01    0.283E-01    0.104E-01    0.104E-01    0.103E-03    0.103E-03    0.000E+00    0.000E+00
     1.800     0.300    0.678E+00    0.318E+00    0.303E+00    0.231E-01    0.280E-01    0.103E-01    0.103E-01    0.102E-03    0.102E-03    0.000E+00    0.000E+00
     1.800     0.301    0.677E+00    0.317E+00    0.301E+00    0.229E-01    0.277E-01    0.102E-01    0.102E-01    0.101E-03    0.101E-03    0.000E+00    0.000E+00
     1.800     0.302    0.676E+00    0.316E+00    0.299E+00    0.227E-01    0.274E-01    0.101E-01    0.101E-01    0.100E-03    0.100E-03    0.000E+00    0.000E+00
     1.800     0.303    0.675E+00    0.315E+00    0.297E+00    0.225E-01    0.270E-01    0.998E-02    0.998E-02    0.991E-04    0.991E-04    0.000E+00    0.000E+00
     1.800     0.304    0.674E+00    0.314E+00    0.295E+00    0.223E-01    0.267E-01    0.988E-02    0.988E-02    0.981E-04    0.981E-04    0.000E+00    0.000E+00
     1.800     0.305    0.673E+00    0.313E+00    0.294E+00    0.222E-01    0.264E-01    0.978E-02    0.978E-02    0.971E-04    0.971E-04    0.000E+00    0.000E+00
     1.800     0.306    0.672E+00    0.312E+00    0.292E+00    0.220E-01    0.262E-01    0.968E-02    0.968E-02    0.962E-04    0.962E-04    0.000E+00    0.000E+00
     1.800     0.307    0.671E+00    0.311E+00    0.290E+00    0.218E-01    0.259E-01    0.958E-02    0.958E-02    0.952E-04    0.952E-04    0.000E+00    0.000E+00
     1.800     0.308    0.669E+00    0.310E+00    0.288E+00    0.216E-01    0.256E-01    0.949E-02    0.949E-02    0.943E-04    0.943E-04    0.000E+00    0.000E+00
     1.800     0.309    0.668E+00    0.309E+00    0.287E+00    0.214E-01    0.253E-01    0.939E-02    0.939E-02    0.933E-04    0.933E-04    0.000E+00    0.000E+00
     1.800     0.310    0.667E+00    0.308E+00    0.285E+00    0.212E-01    0.250E-01    0.930E-02    0.930E-02    0.924E-04    0.924E-04    0.000E+00    0.000E+00
     1.800     0.311    0.666E+00    0.307E+00    0.283E+00    0.210E-01    0.247E-01    0.920E-02    0.920E-02    0.915E-04    0.915E-04    0.000E+00    0.000E+00
     1.800     0.312    0.665E+00    0.306E+00    0.281E+00    0.208E-01    0.244E-01    0.911E-02    0.911E-02    0.906E-04    0.906E-04    0.000E+00    0.000E+00
     1.800     0.313    0.664E+00    0.305E+00    0.280E+00    0.207E-01    0.242E-01    0.902E-02    0.902E-02    0.897E-04    0.897E-04    0.000E+00    0.000E+00
     1.800     0.314    0.662E+00    0.304E+00    0.278E+00    0.205E-01    0.239E-01    0.893E-02    0.893E-02    0.888E-04    0.888E-04    0.000E+00    0.000E+00
     1.800     0.315    0.661E+00    0.303E+00    0.276E+00    0.203E-01    0.236E-01    0.884E-02    0.884E-02    0.879E-04    0.879E-04    0.000E+00    0.000E+00
     1.800     0.316    0.660E+00    0.302E+00    0.275E+00    0.201E-01    0.234E-01    0.875E-02    0.875E-02    0.870E-04    0.870E-04    0.000E+00    0.000E+00
     1.800     0.317    0.659E+00    0.301E+00    0.273E+00    0.199E-01    0.231E-01    0.866E-02    0.866E-02    0.861E-04    0.861E-04    0.000E+00    0.000E+00
     1.800     0.318    0.657E+00    0.300E+00    0.271E+00    0.197E-01    0.228E-01    0.857E-02    0.857E-02    0.853E-04    0.853E-04    0.000E+00    0.000E+00
     1.800     0.319    0.656E+00    0.299E+00    0.270E+00    0.196E-01    0.226E-01    0.848E-02    0.848E-02    0.844E-04    0.844E-04    0.000E+00    0.000E+00
     1.800     0.320    0.655E+00    0.298E+00    0.268E+00    0.194E-01    0.223E-01    0.839E-02    0.839E-02    0.835E-04    0.835E-04    0.000E+00    0.000E+00
     1.800     0.321    0.654E+00    0.297E+00    0.266E+00    0.192E-01    0.221E-01    0.831E-02    0.831E-02    0.827E-04    0.827E-04    0.000E+00    0.000E+00
     1.800     0.322    0.652E+00    0.296E+00    0.265E+00    0.190E-01    0.218E-01    0.822E-02    0.822E-02    0.819E-04    0.819E-04    0.000E+00    0.000E+00
     1.800     0.323    0.651E+00    0.294E+00    0.263E+00    0.189E-01    0.216E-01    0.813E-02    0.813E-02    0.810E-04    0.810E-04    0.000E+00    0.000E+00
     1.800     0.324    0.650E+00    0.293E+00    0.262E+00    0.187E-01    0.213E-01    0.805E-02    0.805E-02    0.802E-04    0.802E-04    0.000E+00    0.000E+00
     1.800     0.325    0.649E+00    0.292E+00    0.260E+00    0.185E-01    0.211E-01    0.797E-02    0.797E-02    0.794E-04    0.794E-04    0.000E+00    0.000E+00
     1.800     0.326    0.647E+00    0.291E+00    0.259E+00    0.183E-01    0.208E-01    0.788E-02    0.788E-02    0.786E-04    0.786E-04    0.000E+00    0.000E+00
     1.800     0.327    0.646E+00    0.290E+00    0.257E+00    0.182E-01    0.206E-01    0.780E-02    0.780E-02    0.778E-04    0.778E-04    0.000E+00    0.000E+00
     1.800     0.328    0.645E+00    0.289E+00    0.256E+00    0.180E-01    0.204E-01    0.772E-02    0.772E-02    0.770E-04    0.770E-04    0.000E+00    0.000E+00
     1.800     0.329    0.643E+00    0.288E+00    0.254E+00    0.178E-01    0.201E-01    0.764E-02    0.764E-02    0.762E-04    0.762E-04    0.000E+00    0.000E+00
     1.800     0.330    0.642E+00    0.287E+00    0.253E+00    0.177E-01    0.199E-01    0.756E-02    0.756E-02    0.754E-04    0.754E-04    0.000E+00    0.000E+00
     1.800     0.331    0.641E+00    0.286E+00    0.251E+00    0.175E-01    0.197E-01    0.748E-02    0.748E-02    0.747E-04    0.747E-04    0.000E+00    0.000E+00
     1.800     0.332    0.639E+00    0.285E+00    0.250E+00    0.173E-01    0.194E-01    0.740E-02    0.740E-02    0.739E-04    0.739E-04    0.000E+00    0.000E+00
     1.800     0.333    0.638E+00    0.284E+00    0.248E+00    0.172E-01    0.192E-01    0.732E-02    0.732E-02    0.731E-04    0.731E-04    0.000E+00    0.000E+00
     1.800     0.334    0.637E+00    0.283E+00    0.247E+00    0.170E-01    0.190E-01    0.724E-02    0.724E-02    0.724E-04    0.724E-04    0.000E+00    0.000E+00
     1.800     0.335    0.635E+00    0.282E+00    0.245E+00    0.168E-01    0.188E-01    0.717E-02    0.717E-02    0.716E-04    0.716E-04    0.000E+00    0.000E+00
     1.800     0.336    0.634E+00    0.281E+00    0.244E+00    0.167E-01    0.186E-01    0.709E-02    0.709E-02    0.709E-04    0.709E-04    0.000E+00    0.000E+00
     1.800     0.337    0.633E+00    0.280E+00    0.242E+00    0.165E-01    0.184E-01    0.701E-02    0.701E-02    0.702E-04    0.702E-04    0.000E+00    0.000E+00
     1.800     0.338    0.631E+00    0.279E+00    0.241E+00    0.163E-01    0.181E-01    0.694E-02    0.694E-02    0.694E-04    0.694E-04    0.000E+00    0.000E+00
     1.800     0.339    0.630E+00    0.278E+00    0.239E+00    0.162E-01    0.179E-01    0.686E-02    0.686E-02    0.687E-04    0.687E-04    0.000E+00    0.000E+00
     1.800     0.340    0.629E+00    0.277E+00    0.238E+00    0.160E-01    0.177E-01    0.679E-02    0.679E-02    0.680E-04    0.680E-04    0.000E+00    0.000E+00
     1.800     0.341    0.627E+00    0.276E+00    0.237E+00    0.159E-01    0.175E-01    0.672E-02    0.672E-02    0.673E-04    0.673E-04    0.000E+00    0.000E+00
     1.800     0.342    0.626E+00    0.274E+00    0.235E+00    0.157E-01    0.173E-01    0.664E-02    0.664E-02    0.666E-04    0.666E-04    0.000E+00    0.000E+00
     1.800     0.343    0.624E+00    0.273E+00    0.234E+00    0.156E-01    0.171E-01    0.657E-02    0.657E-02    0.659E-04    0.659E-04    0.000E+00    0.000E+00
     1.800     0.344    0.623E+00    0.272E+00    0.233E+00    0.154E-01    0.169E-01    0.650E-02    0.650E-02    0.652E-04    0.652E-04    0.000E+00    0.000E+00
     1.800     0.345    0.622E+00    0.271E+00    0.231E+00    0.152E-01    0.167E-01    0.643E-02    0.643E-02    0.645E-04    0.645E-04    0.000E+00    0.000E+00
     1.800     0.346    0.620E+00    0.270E+00    0.230E+00    0.151E-01    0.165E-01    0.636E-02    0.636E-02    0.638E-04    0.638E-04    0.000E+00    0.000E+00
     1.800     0.347    0.619E+00    0.269E+00    0.228E+00    0.149E-01    0.163E-01    0.629E-02    0.629E-02    0.632E-04    0.632E-04    0.000E+00    0.000E+00
     1.800     0.348    0.617E+00    0.268E+00    0.227E+00    0.148E-01    0.161E-01    0.622E-02    0.622E-02    0.625E-04    0.625E-04    0.000E+00    0.000E+00
     1.800     0.349    0.616E+00    0.267E+00    0.226E+00    0.146E-01    0.159E-01    0.615E-02    0.615E-02    0.618E-04    0.618E-04    0.000E+00    0.000E+00
     1.800     0.350    0.614E+00    0.266E+00    0.224E+00    0.145E-01    0.158E-01    0.609E-02    0.609E-02    0.612E-04    0.612E-04    0.000E+00    0.000E+00
     1.800     0.351    0.613E+00    0.265E+00    0.223E+00    0.143E-01    0.156E-01    0.602E-02    0.602E-02    0.605E-04    0.605E-04    0.000E+00    0.000E+00
     1.800     0.352    0.611E+00    0.264E+00    0.222E+00    0.142E-01    0.154E-01    0.595E-02    0.595E-02    0.599E-04    0.599E-04    0.000E+00    0.000E+00
     1.800     0.353    0.610E+00    0.263E+00    0.221E+00    0.141E-01    0.152E-01    0.589E-02    0.589E-02    0.593E-04    0.593E-04    0.000E+00    0.000E+00
     1.800     0.354    0.609E+00    0.262E+00    0.219E+00    0.139E-01    0.150E-01    0.582E-02    0.582E-02    0.586E-04    0.586E-04    0.000E+00    0.000E+00
     1.800     0.355    0.607E+00    0.260E+00    0.218E+00    0.138E-01    0.149E-01    0.576E-02    0.576E-02    0.580E-04    0.580E-04    0.000E+00    0.000E+00
     1.800     0.356    0.606E+00    0.259E+00    0.217E+00    0.136E-01    0.147E-01    0.569E-02    0.569E-02    0.574E-04    0.574E-04    0.000E+00    0.000E+00
     1.800     0.357    0.604E+00    0.258E+00    0.215E+00    0.135E-01    0.145E-01    0.563E-02    0.563E-02    0.568E-04    0.568E-04    0.000E+00    0.000E+00
     1.800     0.358    0.603E+00    0.257E+00    0.214E+00    0.133E-01    0.143E-01    0.557E-02    0.557E-02    0.562E-04    0.562E-04    0.000E+00    0.000E+00
     1.800     0.359    0.601E+00    0.256E+00    0.213E+00    0.132E-01    0.142E-01    0.550E-02    0.550E-02    0.555E-04    0.555E-04    0.000E+00    0.000E+00
     1.800     0.360    0.600E+00    0.255E+00    0.212E+00    0.131E-01    0.140E-01    0.544E-02    0.544E-02    0.549E-04    0.549E-04    0.000E+00    0.000E+00
     1.800     0.361    0.598E+00    0.254E+00    0.210E+00    0.129E-01    0.138E-01    0.538E-02    0.538E-02    0.544E-04    0.544E-04    0.000E+00    0.000E+00
     1.800     0.362    0.597E+00    0.253E+00    0.209E+00    0.128E-01    0.137E-01    0.532E-02    0.532E-02    0.538E-04    0.538E-04    0.000E+00    0.000E+00
     1.800     0.363    0.595E+00    0.252E+00    0.208E+00    0.126E-01    0.135E-01    0.526E-02    0.526E-02    0.532E-04    0.532E-04    0.000E+00    0.000E+00
     1.800     0.364    0.594E+00    0.251E+00    0.207E+00    0.125E-01    0.133E-01    0.520E-02    0.520E-02    0.526E-04    0.526E-04    0.000E+00    0.000E+00
     1.800     0.365    0.592E+00    0.249E+00    0.205E+00    0.124E-01    0.132E-01    0.514E-02    0.514E-02    0.520E-04    0.520E-04    0.000E+00    0.000E+00
     1.800     0.366    0.591E+00    0.248E+00    0.204E+00    0.122E-01    0.130E-01    0.508E-02    0.508E-02    0.515E-04    0.515E-04    0.000E+00    0.000E+00
     1.800     0.367    0.589E+00    0.247E+00    0.203E+00    0.121E-01    0.129E-01    0.503E-02    0.503E-02    0.509E-04    0.509E-04    0.000E+00    0.000E+00
     1.800     0.368    0.587E+00    0.246E+00    0.202E+00    0.120E-01    0.127E-01    0.497E-02    0.497E-02    0.503E-04    0.503E-04    0.000E+00    0.000E+00
     1.800     0.369    0.586E+00    0.245E+00    0.201E+00    0.119E-01    0.126E-01    0.491E-02    0.491E-02    0.498E-04    0.498E-04    0.000E+00    0.000E+00
     1.800     0.370    0.584E+00    0.244E+00    0.199E+00    0.117E-01    0.124E-01    0.486E-02    0.486E-02    0.492E-04    0.492E-04    0.000E+00    0.000E+00
     1.800     0.371    0.583E+00    0.243E+00    0.198E+00    0.116E-01    0.123E-01    0.480E-02    0.480E-02    0.487E-04    0.487E-04    0.000E+00    0.000E+00
     1.800     0.372    0.581E+00    0.242E+00    0.197E+00    0.115E-01    0.121E-01    0.475E-02    0.475E-02    0.482E-04    0.482E-04    0.000E+00    0.000E+00
     1.800     0.373    0.580E+00    0.241E+00    0.196E+00    0.113E-01    0.120E-01    0.469E-02    0.469E-02    0.476E-04    0.476E-04    0.000E+00    0.000E+00
     1.800     0.374    0.578E+00    0.240E+00    0.195E+00    0.112E-01    0.118E-01    0.464E-02    0.464E-02    0.471E-04    0.471E-04    0.000E+00    0.000E+00
     1.800     0.375    0.577E+00    0.239E+00    0.194E+00    0.111E-01    0.117E-01    0.458E-02    0.458E-02    0.466E-04    0.466E-04    0.000E+00    0.000E+00
     1.800     0.376    0.575E+00    0.237E+00    0.192E+00    0.110E-01    0.115E-01    0.453E-02    0.453E-02    0.460E-04    0.460E-04    0.000E+00    0.000E+00
     1.800     0.377    0.573E+00    0.236E+00    0.191E+00    0.109E-01    0.114E-01    0.448E-02    0.448E-02    0.455E-04    0.455E-04    0.000E+00    0.000E+00
     1.800     0.378    0.572E+00    0.235E+00    0.190E+00    0.107E-01    0.113E-01    0.442E-02    0.442E-02    0.450E-04    0.450E-04    0.000E+00    0.000E+00
     1.800     0.379    0.570E+00    0.234E+00    0.189E+00    0.106E-01    0.111E-01    0.437E-02    0.437E-02    0.445E-04    0.445E-04    0.000E+00    0.000E+00
     1.800     0.380    0.569E+00    0.233E+00    0.188E+00    0.105E-01    0.110E-01    0.432E-02    0.432E-02    0.440E-04    0.440E-04    0.000E+00    0.000E+00
     1.800     0.381    0.567E+00    0.232E+00    0.187E+00    0.104E-01    0.108E-01    0.427E-02    0.427E-02    0.435E-04    0.435E-04    0.000E+00    0.000E+00
     1.800     0.382    0.565E+00    0.231E+00    0.186E+00    0.103E-01    0.107E-01    0.422E-02    0.422E-02    0.430E-04    0.430E-04    0.000E+00    0.000E+00
     1.800     0.383    0.564E+00    0.230E+00    0.184E+00    0.101E-01    0.106E-01    0.417E-02    0.417E-02    0.425E-04    0.425E-04    0.000E+00    0.000E+00
     1.800     0.384    0.562E+00    0.229E+00    0.183E+00    0.100E-01    0.105E-01    0.412E-02    0.412E-02    0.420E-04    0.420E-04    0.000E+00    0.000E+00
     1.800     0.385    0.561E+00    0.227E+00    0.182E+00    0.991E-02    0.103E-01    0.407E-02    0.407E-02    0.416E-04    0.416E-04    0.000E+00    0.000E+00
     1.800     0.386    0.559E+00    0.226E+00    0.181E+00    0.980E-02    0.102E-01    0.402E-02    0.402E-02    0.411E-04    0.411E-04    0.000E+00    0.000E+00
     1.800     0.387    0.557E+00    0.225E+00    0.180E+00    0.969E-02    0.101E-01    0.398E-02    0.398E-02    0.406E-04    0.406E-04    0.000E+00    0.000E+00
     1.800     0.388    0.556E+00    0.224E+00    0.179E+00    0.958E-02    0.995E-02    0.393E-02    0.393E-02    0.401E-04    0.401E-04    0.000E+00    0.000E+00
     1.800     0.389    0.554E+00    0.223E+00    0.178E+00    0.947E-02    0.983E-02    0.388E-02    0.388E-02    0.397E-04    0.397E-04    0.000E+00    0.000E+00
     1.800     0.390    0.553E+00    0.222E+00    0.177E+00    0.936E-02    0.971E-02    0.384E-02    0.384E-02    0.392E-04    0.392E-04    0.000E+00    0.000E+00
     1.800     0.391    0.551E+00    0.221E+00    0.176E+00    0.925E-02    0.959E-02    0.379E-02    0.379E-02    0.388E-04    0.388E-04    0.000E+00    0.000E+00
     1.800     0.392    0.549E+00    0.220E+00    0.175E+00    0.914E-02    0.947E-02    0.374E-02    0.374E-02    0.383E-04    0.383E-04    0.000E+00    0.000E+00
     1.800     0.393    0.548E+00    0.219E+00    0.173E+00    0.904E-02    0.935E-02    0.370E-02    0.370E-02    0.379E-04    0.379E-04    0.000E+00    0.000E+00
     1.800     0.394    0.546E+00    0.218E+00    0.172E+00    0.893E-02    0.923E-02    0.366E-02    0.366E-02    0.374E-04    0.374E-04    0.000E+00    0.000E+00
     1.800     0.395    0.544E+00    0.216E+00    0.171E+00    0.883E-02    0.912E-02    0.361E-02    0.361E-02    0.370E-04    0.370E-04    0.000E+00    0.000E+00
     1.800     0.396    0.543E+00    0.215E+00    0.170E+00    0.872E-02    0.900E-02    0.357E-02    0.357E-02    0.366E-04    0.366E-04    0.000E+00    0.000E+00
     1.800     0.397    0.541E+00    0.214E+00    0.169E+00    0.862E-02    0.889E-02    0.352E-02    0.352E-02    0.361E-04    0.361E-04    0.000E+00    0.000E+00
     1.800     0.398    0.539E+00    0.213E+00    0.168E+00    0.852E-02    0.878E-02    0.348E-02    0.348E-02    0.357E-04    0.357E-04    0.000E+00    0.000E+00
     1.800     0.399    0.538E+00    0.212E+00    0.167E+00    0.842E-02    0.867E-02    0.344E-02    0.344E-02    0.353E-04    0.353E-04    0.000E+00    0.000E+00
     1.800     0.400    0.536E+00    0.211E+00    0.166E+00    0.832E-02    0.856E-02    0.340E-02    0.340E-02    0.349E-04    0.349E-04    0.000E+00    0.000E+00
     1.800     0.401    0.534E+00    0.210E+00    0.165E+00    0.822E-02    0.845E-02    0.335E-02    0.335E-02    0.345E-04    0.345E-04    0.000E+00    0.000E+00
     1.800     0.402    0.533E+00    0.209E+00    0.164E+00    0.812E-02    0.835E-02    0.331E-02    0.331E-02    0.340E-04    0.340E-04    0.000E+00    0.000E+00
     1.800     0.403    0.531E+00    0.208E+00    0.163E+00    0.802E-02    0.824E-02    0.327E-02    0.327E-02    0.336E-04    0.336E-04    0.000E+00    0.000E+00
     1.800     0.404    0.529E+00    0.207E+00    0.162E+00    0.793E-02    0.814E-02    0.323E-02    0.323E-02    0.332E-04    0.332E-04    0.000E+00    0.000E+00
     1.800     0.405    0.528E+00    0.206E+00    0.161E+00    0.783E-02    0.803E-02    0.319E-02    0.319E-02    0.328E-04    0.328E-04    0.000E+00    0.000E+00
     1.800     0.406    0.526E+00    0.204E+00    0.160E+00    0.774E-02    0.793E-02    0.315E-02    0.315E-02    0.324E-04    0.324E-04    0.000E+00    0.000E+00
     1.800     0.407    0.524E+00    0.203E+00    0.159E+00    0.764E-02    0.783E-02    0.311E-02    0.311E-02    0.321E-04    0.321E-04    0.000E+00    0.000E+00
     1.800     0.408    0.523E+00    0.202E+00    0.158E+00    0.755E-02    0.773E-02    0.308E-02    0.308E-02    0.317E-04    0.317E-04    0.000E+00    0.000E+00
     1.800     0.409    0.521E+00    0.201E+00    0.157E+00    0.746E-02    0.763E-02    0.304E-02    0.304E-02    0.313E-04    0.313E-04    0.000E+00    0.000E+00
     1.800     0.410    0.519E+00    0.200E+00    0.156E+00    0.737E-02    0.754E-02    0.300E-02    0.300E-02    0.309E-04    0.309E-04    0.000E+00    0.000E+00
     1.800     0.411    0.518E+00    0.199E+00    0.155E+00    0.728E-02    0.744E-02    0.296E-02    0.296E-02    0.305E-04    0.305E-04    0.000E+00    0.000E+00
     1.800     0.412    0.516E+00    0.198E+00    0.154E+00    0.719E-02    0.735E-02    0.292E-02    0.292E-02    0.302E-04    0.302E-04    0.000E+00    0.000E+00
     1.800     0.413    0.514E+00    0.197E+00    0.153E+00    0.710E-02    0.725E-02    0.289E-02    0.289E-02    0.298E-04    0.298E-04    0.000E+00    0.000E+00
     1.800     0.414    0.513E+00    0.196E+00    0.152E+00    0.701E-02    0.716E-02    0.285E-02    0.285E-02    0.294E-04    0.294E-04    0.000E+00    0.000E+00
     1.800     0.415    0.511E+00    0.195E+00    0.151E+00    0.692E-02    0.707E-02    0.282E-02    0.282E-02    0.291E-04    0.291E-04    0.000E+00    0.000E+00
     1.800     0.416    0.509E+00    0.194E+00    0.150E+00    0.684E-02    0.698E-02    0.278E-02    0.278E-02    0.287E-04    0.287E-04    0.000E+00    0.000E+00
     1.800     0.417    0.508E+00    0.192E+00    0.149E+00    0.675E-02    0.689E-02    0.274E-02    0.274E-02    0.283E-04    0.283E-04    0.000E+00    0.000E+00
     1.800     0.418    0.506E+00    0.191E+00    0.148E+00    0.667E-02    0.680E-02    0.271E-02    0.271E-02    0.280E-04    0.280E-04    0.000E+00    0.000E+00
     1.800     0.419    0.504E+00    0.190E+00    0.147E+00    0.659E-02    0.671E-02    0.268E-02    0.268E-02    0.276E-04    0.276E-04    0.000E+00    0.000E+00
     1.800     0.420    0.502E+00    0.189E+00    0.146E+00    0.650E-02    0.662E-02    0.264E-02    0.264E-02    0.273E-04    0.273E-04    0.000E+00    0.000E+00
     1.800     0.421    0.501E+00    0.188E+00    0.145E+00    0.642E-02    0.653E-02    0.261E-02    0.261E-02    0.270E-04    0.270E-04    0.000E+00    0.000E+00
     1.800     0.422    0.499E+00    0.187E+00    0.144E+00    0.634E-02    0.645E-02    0.257E-02    0.257E-02    0.266E-04    0.266E-04    0.000E+00    0.000E+00
     1.800     0.423    0.497E+00    0.186E+00    0.143E+00    0.626E-02    0.637E-02    0.254E-02    0.254E-02    0.263E-04    0.263E-04    0.000E+00    0.000E+00
     1.800     0.424    0.496E+00    0.185E+00    0.142E+00    0.618E-02    0.628E-02    0.251E-02    0.251E-02    0.260E-04    0.260E-04    0.000E+00    0.000E+00
     1.800     0.425    0.494E+00    0.184E+00    0.141E+00    0.610E-02    0.620E-02    0.248E-02    0.248E-02    0.256E-04    0.256E-04    0.000E+00    0.000E+00
     1.800     0.426    0.492E+00    0.183E+00    0.140E+00    0.603E-02    0.612E-02    0.244E-02    0.244E-02    0.253E-04    0.253E-04    0.000E+00    0.000E+00
     1.800     0.427    0.490E+00    0.182E+00    0.140E+00    0.595E-02    0.604E-02    0.241E-02    0.241E-02    0.250E-04    0.250E-04    0.000E+00    0.000E+00
     1.800     0.428    0.489E+00    0.181E+00    0.139E+00    0.587E-02    0.596E-02    0.238E-02    0.238E-02    0.247E-04    0.247E-04    0.000E+00    0.000E+00
     1.800     0.429    0.487E+00    0.180E+00    0.138E+00    0.580E-02    0.588E-02    0.235E-02    0.235E-02    0.243E-04    0.243E-04    0.000E+00    0.000E+00
     1.800     0.430    0.485E+00    0.178E+00    0.137E+00    0.572E-02    0.580E-02    0.232E-02    0.232E-02    0.240E-04    0.240E-04    0.000E+00    0.000E+00
     1.800     0.431    0.484E+00    0.177E+00    0.136E+00    0.565E-02    0.573E-02    0.229E-02    0.229E-02    0.237E-04    0.237E-04    0.000E+00    0.000E+00
     1.800     0.432    0.482E+00    0.176E+00    0.135E+00    0.558E-02    0.565E-02    0.226E-02    0.226E-02    0.234E-04    0.234E-04    0.000E+00    0.000E+00
     1.800     0.433    0.480E+00    0.175E+00    0.134E+00    0.550E-02    0.558E-02    0.223E-02    0.223E-02    0.231E-04    0.231E-04    0.000E+00    0.000E+00
     1.800     0.434    0.478E+00    0.174E+00    0.133E+00    0.543E-02    0.550E-02    0.220E-02    0.220E-02    0.228E-04    0.228E-04    0.000E+00    0.000E+00
     1.800     0.435    0.477E+00    0.173E+00    0.132E+00    0.536E-02    0.543E-02    0.217E-02    0.217E-02    0.225E-04    0.225E-04    0.000E+00    0.000E+00
     1.800     0.436    0.475E+00    0.172E+00    0.131E+00    0.529E-02    0.536E-02    0.214E-02    0.214E-02    0.222E-04    0.222E-04    0.000E+00    0.000E+00
     1.800     0.437    0.473E+00    0.171E+00    0.130E+00    0.522E-02    0.528E-02    0.211E-02    0.211E-02    0.219E-04    0.219E-04    0.000E+00    0.000E+00
     1.800     0.438    0.472E+00    0.170E+00    0.129E+00    0.515E-02    0.521E-02    0.209E-02    0.209E-02    0.217E-04    0.217E-04    0.000E+00    0.000E+00
     1.800     0.439    0.470E+00    0.169E+00    0.129E+00    0.509E-02    0.514E-02    0.206E-02    0.206E-02    0.214E-04    0.214E-04    0.000E+00    0.000E+00
     1.800     0.440    0.468E+00    0.168E+00    0.128E+00    0.502E-02    0.507E-02    0.203E-02    0.203E-02    0.211E-04    0.211E-04    0.000E+00    0.000E+00
     1.800     0.441    0.466E+00    0.167E+00    0.127E+00    0.495E-02    0.501E-02    0.200E-02    0.200E-02    0.208E-04    0.208E-04    0.000E+00    0.000E+00
     1.800     0.442    0.465E+00    0.166E+00    0.126E+00    0.489E-02    0.494E-02    0.198E-02    0.198E-02    0.205E-04    0.205E-04    0.000E+00    0.000E+00
     1.800     0.443    0.463E+00    0.165E+00    0.125E+00    0.482E-02    0.487E-02    0.195E-02    0.195E-02    0.203E-04    0.203E-04    0.000E+00    0.000E+00
     1.800     0.444    0.461E+00    0.164E+00    0.124E+00    0.476E-02    0.480E-02    0.192E-02    0.192E-02    0.200E-04    0.200E-04    0.000E+00    0.000E+00
     1.800     0.445    0.459E+00    0.163E+00    0.123E+00    0.470E-02    0.474E-02    0.190E-02    0.190E-02    0.197E-04    0.197E-04    0.000E+00    0.000E+00
     1.800     0.446    0.458E+00    0.162E+00    0.122E+00    0.463E-02    0.467E-02    0.187E-02    0.187E-02    0.195E-04    0.195E-04    0.000E+00    0.000E+00
     1.800     0.447    0.456E+00    0.161E+00    0.122E+00    0.457E-02    0.461E-02    0.185E-02    0.185E-02    0.192E-04    0.192E-04    0.000E+00    0.000E+00
     1.800     0.448    0.454E+00    0.160E+00    0.121E+00    0.451E-02    0.455E-02    0.182E-02    0.182E-02    0.189E-04    0.189E-04    0.000E+00    0.000E+00
     1.800     0.449    0.452E+00    0.159E+00    0.120E+00    0.445E-02    0.449E-02    0.180E-02    0.180E-02    0.187E-04    0.187E-04    0.000E+00    0.000E+00
     1.800     0.450    0.451E+00    0.158E+00    0.119E+00    0.439E-02    0.442E-02    0.177E-02    0.177E-02    0.184E-04    0.184E-04    0.000E+00    0.000E+00
     1.800     0.451    0.449E+00    0.157E+00    0.118E+00    0.433E-02    0.436E-02    0.175E-02    0.175E-02    0.182E-04    0.182E-04    0.000E+00    0.000E+00
     1.800     0.452    0.447E+00    0.156E+00    0.117E+00    0.427E-02    0.430E-02    0.173E-02    0.173E-02    0.179E-04    0.179E-04    0.000E+00    0.000E+00
     1.800     0.453    0.445E+00    0.155E+00    0.116E+00    0.421E-02    0.424E-02    0.170E-02    0.170E-02    0.177E-04    0.177E-04    0.000E+00    0.000E+00
     1.800     0.454    0.444E+00    0.154E+00    0.116E+00    0.416E-02    0.419E-02    0.168E-02    0.168E-02    0.174E-04    0.174E-04    0.000E+00    0.000E+00
     1.800     0.455    0.442E+00    0.153E+00    0.115E+00    0.410E-02    0.413E-02    0.166E-02    0.166E-02    0.172E-04    0.172E-04    0.000E+00    0.000E+00
     1.800     0.456    0.440E+00    0.152E+00    0.114E+00    0.404E-02    0.407E-02    0.163E-02    0.163E-02    0.170E-04    0.170E-04    0.000E+00    0.000E+00
     1.800     0.457    0.439E+00    0.151E+00    0.113E+00    0.399E-02    0.401E-02    0.161E-02    0.161E-02    0.167E-04    0.167E-04    0.000E+00    0.000E+00
     1.800     0.458    0.437E+00    0.150E+00    0.112E+00    0.393E-02    0.396E-02    0.159E-02    0.159E-02    0.165E-04    0.165E-04    0.000E+00    0.000E+00
     1.800     0.459    0.435E+00    0.149E+00    0.111E+00    0.388E-02    0.390E-02    0.157E-02    0.157E-02    0.163E-04    0.163E-04    0.000E+00    0.000E+00
     1.800     0.460    0.433E+00    0.148E+00    0.111E+00    0.382E-02    0.385E-02    0.154E-02    0.154E-02    0.160E-04    0.160E-04    0.000E+00    0.000E+00
     1.800     0.461    0.432E+00    0.147E+00    0.110E+00    0.377E-02    0.379E-02    0.152E-02    0.152E-02    0.158E-04    0.158E-04    0.000E+00    0.000E+00
     1.800     0.462    0.430E+00    0.146E+00    0.109E+00    0.372E-02    0.374E-02    0.150E-02    0.150E-02    0.156E-04    0.156E-04    0.000E+00    0.000E+00
     1.800     0.463    0.428E+00    0.145E+00    0.108E+00    0.367E-02    0.369E-02    0.148E-02    0.148E-02    0.154E-04    0.154E-04    0.000E+00    0.000E+00
     1.800     0.464    0.426E+00    0.144E+00    0.107E+00    0.362E-02    0.364E-02    0.146E-02    0.146E-02    0.152E-04    0.152E-04    0.000E+00    0.000E+00
     1.800     0.465    0.425E+00    0.143E+00    0.107E+00    0.357E-02    0.358E-02    0.144E-02    0.144E-02    0.149E-04    0.149E-04    0.000E+00    0.000E+00
     1.800     0.466    0.423E+00    0.142E+00    0.106E+00    0.352E-02    0.353E-02    0.142E-02    0.142E-02    0.147E-04    0.147E-04    0.000E+00    0.000E+00
     1.800     0.467    0.421E+00    0.141E+00    0.105E+00    0.347E-02    0.348E-02    0.140E-02    0.140E-02    0.145E-04    0.145E-04    0.000E+00    0.000E+00
     1.800     0.468    0.419E+00    0.140E+00    0.104E+00    0.342E-02    0.343E-02    0.138E-02    0.138E-02    0.143E-04    0.143E-04    0.000E+00    0.000E+00
     1.800     0.469    0.418E+00    0.139E+00    0.103E+00    0.337E-02    0.338E-02    0.136E-02    0.136E-02    0.141E-04    0.141E-04    0.000E+00    0.000E+00
     1.800     0.470    0.416E+00    0.138E+00    0.103E+00    0.332E-02    0.334E-02    0.134E-02    0.134E-02    0.139E-04    0.139E-04    0.000E+00    0.000E+00
     1.800     0.471    0.414E+00    0.137E+00    0.102E+00    0.327E-02    0.329E-02    0.132E-02    0.132E-02    0.137E-04    0.137E-04    0.000E+00    0.000E+00
     1.800     0.472    0.412E+00    0.136E+00    0.101E+00    0.323E-02    0.324E-02    0.130E-02    0.130E-02    0.135E-04    0.135E-04    0.000E+00    0.000E+00
     1.800     0.473    0.411E+00    0.135E+00    0.100E+00    0.318E-02    0.319E-02    0.128E-02    0.128E-02    0.133E-04    0.133E-04    0.000E+00    0.000E+00
     1.800     0.474    0.409E+00    0.134E+00    0.995E-01    0.314E-02    0.315E-02    0.126E-02    0.126E-02    0.131E-04    0.131E-04    0.000E+00    0.000E+00
     1.800     0.475    0.407E+00    0.133E+00    0.987E-01    0.309E-02    0.310E-02    0.125E-02    0.125E-02    0.129E-04    0.129E-04    0.000E+00    0.000E+00
     1.800     0.476    0.405E+00    0.132E+00    0.979E-01    0.305E-02    0.306E-02    0.123E-02    0.123E-02    0.127E-04    0.127E-04    0.000E+00    0.000E+00
     1.800     0.477    0.404E+00    0.131E+00    0.972E-01    0.300E-02    0.301E-02    0.121E-02    0.121E-02    0.125E-04    0.125E-04    0.000E+00    0.000E+00
     1.800     0.478    0.402E+00    0.130E+00    0.964E-01    0.296E-02    0.297E-02    0.119E-02    0.119E-02    0.124E-04    0.124E-04    0.000E+00    0.000E+00
     1.800     0.479    0.400E+00    0.129E+00    0.956E-01    0.292E-02    0.293E-02    0.118E-02    0.118E-02    0.122E-04    0.122E-04    0.000E+00    0.000E+00
     1.800     0.480    0.399E+00    0.128E+00    0.949E-01    0.287E-02    0.288E-02    0.116E-02    0.116E-02    0.120E-04    0.120E-04    0.000E+00    0.000E+00
     1.800     0.481    0.397E+00    0.127E+00    0.941E-01    0.283E-02    0.284E-02    0.114E-02    0.114E-02    0.118E-04    0.118E-04    0.000E+00    0.000E+00
     1.800     0.482    0.395E+00    0.126E+00    0.934E-01    0.279E-02    0.280E-02    0.113E-02    0.113E-02    0.116E-04    0.116E-04    0.000E+00    0.000E+00
     1.800     0.483    0.393E+00    0.125E+00    0.927E-01    0.275E-02    0.276E-02    0.111E-02    0.111E-02    0.115E-04    0.115E-04    0.000E+00    0.000E+00
     1.800     0.484    0.392E+00    0.125E+00    0.919E-01    0.271E-02    0.272E-02    0.109E-02    0.109E-02    0.113E-04    0.113E-04    0.000E+00    0.000E+00
     1.800     0.485    0.390E+00    0.124E+00    0.912E-01    0.267E-02    0.268E-02    0.108E-02    0.108E-02    0.111E-04    0.111E-04    0.000E+00    0.000E+00
     1.800     0.486    0.388E+00    0.123E+00    0.904E-01    0.263E-02    0.264E-02    0.106E-02    0.106E-02    0.110E-04    0.110E-04    0.000E+00    0.000E+00
     1.800     0.487    0.386E+00    0.122E+00    0.897E-01    0.259E-02    0.260E-02    0.104E-02    0.104E-02    0.108E-04    0.108E-04    0.000E+00    0.000E+00
     1.800     0.488    0.385E+00    0.121E+00    0.890E-01    0.255E-02    0.256E-02    0.103E-02    0.103E-02    0.106E-04    0.106E-04    0.000E+00    0.000E+00
     1.800     0.489    0.383E+00    0.120E+00    0.883E-01    0.252E-02    0.252E-02    0.101E-02    0.101E-02    0.105E-04    0.105E-04    0.000E+00    0.000E+00
     1.800     0.490    0.381E+00    0.119E+00    0.875E-01    0.248E-02    0.249E-02    0.999E-03    0.999E-03    0.103E-04    0.103E-04    0.000E+00    0.000E+00
     1.800     0.491    0.380E+00    0.118E+00    0.868E-01    0.244E-02    0.245E-02    0.984E-03    0.984E-03    0.101E-04    0.101E-04    0.000E+00    0.000E+00
     1.800     0.492    0.378E+00    0.117E+00    0.861E-01    0.241E-02    0.241E-02    0.969E-03    0.969E-03    0.998E-05    0.998E-05    0.000E+00    0.000E+00
     1.800     0.493    0.376E+00    0.116E+00    0.854E-01    0.237E-02    0.238E-02    0.955E-03    0.955E-03    0.983E-05    0.983E-05    0.000E+00    0.000E+00
     1.800     0.494    0.374E+00    0.115E+00    0.847E-01    0.233E-02    0.234E-02    0.941E-03    0.941E-03    0.968E-05    0.968E-05    0.000E+00    0.000E+00
     1.800     0.495    0.373E+00    0.115E+00    0.840E-01    0.230E-02    0.230E-02    0.927E-03    0.927E-03    0.953E-05    0.953E-05    0.000E+00    0.000E+00
     1.800     0.496    0.371E+00    0.114E+00    0.833E-01    0.226E-02    0.227E-02    0.913E-03    0.913E-03    0.938E-05    0.938E-05    0.000E+00    0.000E+00
     1.800     0.497    0.369E+00    0.113E+00    0.826E-01    0.223E-02    0.224E-02    0.899E-03    0.899E-03    0.923E-05    0.923E-05    0.000E+00    0.000E+00
     1.800     0.498    0.368E+00    0.112E+00    0.819E-01    0.220E-02    0.220E-02    0.885E-03    0.885E-03    0.909E-05    0.909E-05    0.000E+00    0.000E+00
     1.800     0.499    0.366E+00    0.111E+00    0.812E-01    0.216E-02    0.217E-02    0.872E-03    0.872E-03    0.894E-05    0.894E-05    0.000E+00    0.000E+00
     1.800     0.500    0.364E+00    0.110E+00    0.805E-01    0.213E-02    0.213E-02    0.858E-03    0.858E-03    0.880E-05    0.880E-05    0.000E+00    0.000E+00
     1.800     0.501    0.362E+00    0.109E+00    0.798E-01    0.210E-02    0.210E-02    0.845E-03    0.845E-03    0.866E-05    0.866E-05    0.000E+00    0.000E+00
     1.800     0.502    0.361E+00    0.108E+00    0.792E-01    0.207E-02    0.207E-02    0.832E-03    0.832E-03    0.852E-05    0.852E-05    0.000E+00    0.000E+00
     1.800     0.503    0.359E+00    0.108E+00    0.785E-01    0.203E-02    0.204E-02    0.820E-03    0.820E-03    0.839E-05    0.839E-05    0.000E+00    0.000E+00
     1.800     0.504    0.357E+00    0.107E+00    0.778E-01    0.200E-02    0.201E-02    0.807E-03    0.807E-03    0.825E-05    0.825E-05    0.000E+00    0.000E+00
     1.800     0.505    0.356E+00    0.106E+00    0.772E-01    0.197E-02    0.198E-02    0.794E-03    0.794E-03    0.812E-05    0.812E-05    0.000E+00    0.000E+00
     1.800     0.506    0.354E+00    0.105E+00    0.765E-01    0.194E-02    0.194E-02    0.782E-03    0.782E-03    0.799E-05    0.799E-05    0.000E+00    0.000E+00
     1.800     0.507    0.352E+00    0.104E+00    0.758E-01    0.191E-02    0.191E-02    0.770E-03    0.770E-03    0.786E-05    0.786E-05    0.000E+00    0.000E+00
     1.800     0.508    0.351E+00    0.103E+00    0.752E-01    0.188E-02    0.189E-02    0.758E-03    0.758E-03    0.773E-05    0.773E-05    0.000E+00    0.000E+00
     1.800     0.509    0.349E+00    0.103E+00    0.745E-01    0.185E-02    0.186E-02    0.746E-03    0.746E-03    0.760E-05    0.760E-05    0.000E+00    0.000E+00
     1.800     0.510    0.347E+00    0.102E+00    0.739E-01    0.182E-02    0.183E-02    0.735E-03    0.735E-03    0.748E-05    0.748E-05    0.000E+00    0.000E+00
     1.800     0.511    0.345E+00    0.101E+00    0.732E-01    0.180E-02    0.180E-02    0.723E-03    0.723E-03    0.736E-05    0.736E-05    0.000E+00    0.000E+00
     1.800     0.512    0.344E+00    0.100E+00    0.726E-01    0.177E-02    0.177E-02    0.712E-03    0.712E-03    0.723E-05    0.723E-05    0.000E+00    0.000E+00
     1.800     0.513    0.342E+00    0.993E-01    0.719E-01    0.174E-02    0.174E-02    0.701E-03    0.701E-03    0.711E-05    0.711E-05    0.000E+00    0.000E+00
     1.800     0.514    0.340E+00    0.985E-01    0.713E-01    0.171E-02    0.171E-02    0.690E-03    0.690E-03    0.700E-05    0.700E-05    0.000E+00    0.000E+00
     1.800     0.515    0.339E+00    0.976E-01    0.706E-01    0.169E-02    0.169E-02    0.679E-03    0.679E-03    0.688E-05    0.688E-05    0.000E+00    0.000E+00
     1.800     0.516    0.337E+00    0.968E-01    0.700E-01    0.166E-02    0.166E-02    0.668E-03    0.668E-03    0.676E-05    0.676E-05    0.000E+00    0.000E+00
     1.800     0.517    0.335E+00    0.960E-01    0.694E-01    0.163E-02    0.163E-02    0.658E-03    0.658E-03    0.665E-05    0.665E-05    0.000E+00    0.000E+00
     1.800     0.518    0.334E+00    0.952E-01    0.688E-01    0.161E-02    0.161E-02    0.647E-03    0.647E-03    0.654E-05    0.654E-05    0.000E+00    0.000E+00
     1.800     0.519    0.332E+00    0.944E-01    0.681E-01    0.158E-02    0.158E-02    0.637E-03    0.637E-03    0.643E-05    0.643E-05    0.000E+00    0.000E+00
     1.800     0.520    0.330E+00    0.936E-01    0.675E-01    0.156E-02    0.156E-02    0.627E-03    0.627E-03    0.632E-05    0.632E-05    0.000E+00    0.000E+00
     1.800     0.521    0.329E+00    0.929E-01    0.669E-01    0.153E-02    0.153E-02    0.617E-03    0.617E-03    0.621E-05    0.621E-05    0.000E+00    0.000E+00
     1.800     0.522    0.327E+00    0.921E-01    0.663E-01    0.151E-02    0.151E-02    0.607E-03    0.607E-03    0.611E-05    0.611E-05    0.000E+00    0.000E+00
     1.800     0.523    0.325E+00    0.913E-01    0.657E-01    0.148E-02    0.148E-02    0.597E-03    0.597E-03    0.600E-05    0.600E-05    0.000E+00    0.000E+00
     1.800     0.524    0.324E+00    0.905E-01    0.651E-01    0.146E-02    0.146E-02    0.587E-03    0.587E-03    0.590E-05    0.590E-05    0.000E+00    0.000E+00
     1.800     0.525    0.322E+00    0.897E-01    0.645E-01    0.144E-02    0.144E-02    0.578E-03    0.578E-03    0.580E-05    0.580E-05    0.000E+00    0.000E+00
     1.800     0.526    0.320E+00    0.890E-01    0.639E-01    0.141E-02    0.141E-02    0.569E-03    0.569E-03    0.570E-05    0.570E-05    0.000E+00    0.000E+00
     1.800     0.527    0.319E+00    0.882E-01    0.633E-01    0.139E-02    0.139E-02    0.559E-03    0.559E-03    0.560E-05    0.560E-05    0.000E+00    0.000E+00
     1.800     0.528    0.317E+00    0.874E-01    0.627E-01    0.137E-02    0.137E-02    0.550E-03    0.550E-03    0.550E-05    0.550E-05    0.000E+00    0.000E+00
     1.800     0.529    0.315E+00    0.867E-01    0.621E-01    0.134E-02    0.135E-02    0.541E-03    0.541E-03    0.540E-05    0.540E-05    0.000E+00    0.000E+00
     1.800     0.530    0.314E+00    0.859E-01    0.615E-01    0.132E-02    0.132E-02    0.532E-03    0.532E-03    0.531E-05    0.531E-05    0.000E+00    0.000E+00
     1.800     0.531    0.312E+00    0.852E-01    0.610E-01    0.130E-02    0.130E-02    0.524E-03    0.524E-03    0.521E-05    0.521E-05    0.000E+00    0.000E+00
     1.800     0.532    0.310E+00    0.844E-01    0.604E-01    0.128E-02    0.128E-02    0.515E-03    0.515E-03    0.512E-05    0.512E-05    0.000E+00    0.000E+00
     1.800     0.533    0.309E+00    0.837E-01    0.598E-01    0.126E-02    0.126E-02    0.507E-03    0.507E-03    0.503E-05    0.503E-05    0.000E+00    0.000E+00
     1.800     0.534    0.307E+00    0.830E-01    0.592E-01    0.124E-02    0.124E-02    0.498E-03    0.498E-03    0.494E-05    0.494E-05    0.000E+00    0.000E+00
     1.800     0.535    0.306E+00    0.822E-01    0.587E-01    0.122E-02    0.122E-02    0.490E-03    0.490E-03    0.485E-05    0.485E-05    0.000E+00    0.000E+00
     1.800     0.536    0.304E+00    0.815E-01    0.581E-01    0.120E-02    0.120E-02    0.482E-03    0.482E-03    0.477E-05    0.477E-05    0.000E+00    0.000E+00
     1.800     0.537    0.302E+00    0.808E-01    0.575E-01    0.118E-02    0.118E-02    0.474E-03    0.474E-03    0.468E-05    0.468E-05    0.000E+00    0.000E+00
     1.800     0.538    0.301E+00    0.800E-01    0.570E-01    0.116E-02    0.116E-02    0.466E-03    0.466E-03    0.459E-05    0.459E-05    0.000E+00    0.000E+00
     1.800     0.539    0.299E+00    0.793E-01    0.564E-01    0.114E-02    0.114E-02    0.458E-03    0.458E-03    0.451E-05    0.451E-05    0.000E+00    0.000E+00
     1.800     0.540    0.297E+00    0.786E-01    0.559E-01    0.112E-02    0.112E-02    0.451E-03    0.451E-03    0.443E-05    0.443E-05    0.000E+00    0.000E+00
     1.800     0.541    0.296E+00    0.779E-01    0.553E-01    0.110E-02    0.110E-02    0.443E-03    0.443E-03    0.435E-05    0.435E-05    0.000E+00    0.000E+00
     1.800     0.542    0.294E+00    0.772E-01    0.548E-01    0.108E-02    0.108E-02    0.436E-03    0.436E-03    0.427E-05    0.427E-05    0.000E+00    0.000E+00
     1.800     0.543    0.293E+00    0.765E-01    0.543E-01    0.106E-02    0.106E-02    0.428E-03    0.428E-03    0.419E-05    0.419E-05    0.000E+00    0.000E+00
     1.800     0.544    0.291E+00    0.758E-01    0.537E-01    0.105E-02    0.105E-02    0.421E-03    0.421E-03    0.411E-05    0.411E-05    0.000E+00    0.000E+00
     1.800     0.545    0.289E+00    0.751E-01    0.532E-01    0.103E-02    0.103E-02    0.414E-03    0.414E-03    0.404E-05    0.404E-05    0.000E+00    0.000E+00
     1.800     0.546    0.288E+00    0.744E-01    0.527E-01    0.101E-02    0.101E-02    0.407E-03    0.407E-03    0.396E-05    0.396E-05    0.000E+00    0.000E+00
     1.800     0.547    0.286E+00    0.737E-01    0.521E-01    0.993E-03    0.994E-03    0.400E-03    0.400E-03    0.389E-05    0.389E-05    0.000E+00    0.000E+00
     1.800     0.548    0.285E+00    0.730E-01    0.516E-01    0.976E-03    0.977E-03    0.393E-03    0.393E-03    0.381E-05    0.381E-05    0.000E+00    0.000E+00
     1.800     0.549    0.283E+00    0.724E-01    0.511E-01    0.960E-03    0.960E-03    0.386E-03    0.386E-03    0.374E-05    0.374E-05    0.000E+00    0.000E+00
     1.800     0.550    0.281E+00    0.717E-01    0.506E-01    0.943E-03    0.944E-03    0.380E-03    0.380E-03    0.367E-05    0.367E-05    0.000E+00    0.000E+00
     1.800     0.551    0.280E+00    0.710E-01    0.501E-01    0.927E-03    0.927E-03    0.373E-03    0.373E-03    0.360E-05    0.360E-05    0.000E+00    0.000E+00
     1.800     0.552    0.278E+00    0.704E-01    0.495E-01    0.911E-03    0.911E-03    0.367E-03    0.367E-03    0.353E-05    0.353E-05    0.000E+00    0.000E+00
     1.800     0.553    0.277E+00    0.697E-01    0.490E-01    0.895E-03    0.896E-03    0.360E-03    0.360E-03    0.346E-05    0.346E-05    0.000E+00    0.000E+00
     1.800     0.554    0.275E+00    0.690E-01    0.485E-01    0.880E-03    0.880E-03    0.354E-03    0.354E-03    0.340E-05    0.340E-05    0.000E+00    0.000E+00
     1.800     0.555    0.274E+00    0.684E-01    0.480E-01    0.865E-03    0.865E-03    0.348E-03    0.348E-03    0.333E-05    0.333E-05    0.000E+00    0.000E+00
     1.800     0.556    0.272E+00    0.677E-01    0.475E-01    0.849E-03    0.850E-03    0.342E-03    0.342E-03    0.327E-05    0.327E-05    0.000E+00    0.000E+00
     1.800     0.557    0.270E+00    0.671E-01    0.470E-01    0.835E-03    0.835E-03    0.336E-03    0.336E-03    0.320E-05    0.320E-05    0.000E+00    0.000E+00
     1.800     0.558    0.269E+00    0.664E-01    0.466E-01    0.820E-03    0.820E-03    0.330E-03    0.330E-03    0.314E-05    0.314E-05    0.000E+00    0.000E+00
     1.800     0.559    0.267E+00    0.658E-01    0.461E-01    0.806E-03    0.806E-03    0.324E-03    0.324E-03    0.308E-05    0.308E-05    0.000E+00    0.000E+00
     1.800     0.560    0.266E+00    0.652E-01    0.456E-01    0.792E-03    0.792E-03    0.318E-03    0.318E-03    0.302E-05    0.302E-05    0.000E+00    0.000E+00
     1.800     0.561    0.264E+00    0.645E-01    0.451E-01    0.778E-03    0.778E-03    0.313E-03    0.313E-03    0.296E-05    0.296E-05    0.000E+00    0.000E+00
     1.800     0.562    0.263E+00    0.639E-01    0.446E-01    0.764E-03    0.764E-03    0.307E-03    0.307E-03    0.290E-05    0.290E-05    0.000E+00    0.000E+00
     1.800     0.563    0.261E+00    0.633E-01    0.442E-01    0.751E-03    0.751E-03    0.302E-03    0.302E-03    0.284E-05    0.284E-05    0.000E+00    0.000E+00
     1.800     0.564    0.260E+00    0.627E-01    0.437E-01    0.737E-03    0.737E-03    0.297E-03    0.297E-03    0.278E-05    0.278E-05    0.000E+00    0.000E+00
     1.800     0.565    0.258E+00    0.621E-01    0.432E-01    0.724E-03    0.724E-03    0.291E-03    0.291E-03    0.273E-05    0.273E-05    0.000E+00    0.000E+00
     1.800     0.566    0.256E+00    0.615E-01    0.428E-01    0.711E-03    0.711E-03    0.286E-03    0.286E-03    0.267E-05    0.267E-05    0.000E+00    0.000E+00
     1.800     0.567    0.255E+00    0.609E-01    0.423E-01    0.698E-03    0.698E-03    0.281E-03    0.281E-03    0.262E-05    0.262E-05    0.000E+00    0.000E+00
     1.800     0.568    0.253E+00    0.603E-01    0.418E-01    0.686E-03    0.686E-03    0.276E-03    0.276E-03    0.257E-05    0.257E-05    0.000E+00    0.000E+00
     1.800     0.569    0.252E+00    0.597E-01    0.414E-01    0.673E-03    0.673E-03    0.271E-03    0.271E-03    0.251E-05    0.251E-05    0.000E+00    0.000E+00
     1.800     0.570    0.250E+00    0.591E-01    0.409E-01    0.661E-03    0.661E-03    0.266E-03    0.266E-03    0.246E-05    0.246E-05    0.000E+00    0.000E+00
     1.800     0.571    0.249E+00    0.585E-01    0.405E-01    0.649E-03    0.649E-03    0.261E-03    0.261E-03    0.241E-05    0.241E-05    0.000E+00    0.000E+00
     1.800     0.572    0.247E+00    0.579E-01    0.400E-01    0.637E-03    0.638E-03    0.256E-03    0.256E-03    0.236E-05    0.236E-05    0.000E+00    0.000E+00
     1.800     0.573    0.246E+00    0.573E-01    0.396E-01    0.626E-03    0.626E-03    0.252E-03    0.252E-03    0.231E-05    0.231E-05    0.000E+00    0.000E+00
     1.800     0.574    0.244E+00    0.567E-01    0.392E-01    0.614E-03    0.615E-03    0.247E-03    0.247E-03    0.226E-05    0.226E-05    0.000E+00    0.000E+00
     1.800     0.575    0.243E+00    0.562E-01    0.387E-01    0.603E-03    0.603E-03    0.243E-03    0.243E-03    0.221E-05    0.221E-05    0.000E+00    0.000E+00
     1.800     0.576    0.241E+00    0.556E-01    0.383E-01    0.592E-03    0.592E-03    0.238E-03    0.238E-03    0.217E-05    0.217E-05    0.000E+00    0.000E+00
     1.800     0.577    0.240E+00    0.550E-01    0.379E-01    0.581E-03    0.581E-03    0.234E-03    0.234E-03    0.212E-05    0.212E-05    0.000E+00    0.000E+00
     1.800     0.578    0.238E+00    0.545E-01    0.374E-01    0.571E-03    0.571E-03    0.230E-03    0.230E-03    0.208E-05    0.208E-05    0.000E+00    0.000E+00
     1.800     0.579    0.237E+00    0.539E-01    0.370E-01    0.560E-03    0.560E-03    0.225E-03    0.225E-03    0.203E-05    0.203E-05    0.000E+00    0.000E+00
     1.800     0.580    0.235E+00    0.534E-01    0.366E-01    0.550E-03    0.550E-03    0.221E-03    0.221E-03    0.199E-05    0.199E-05    0.000E+00    0.000E+00
     1.800     0.581    0.234E+00    0.528E-01    0.362E-01    0.540E-03    0.540E-03    0.217E-03    0.217E-03    0.195E-05    0.195E-05    0.000E+00    0.000E+00
     1.800     0.582    0.232E+00    0.523E-01    0.358E-01    0.530E-03    0.530E-03    0.213E-03    0.213E-03    0.190E-05    0.190E-05    0.000E+00    0.000E+00
     1.800     0.583    0.231E+00    0.517E-01    0.354E-01    0.520E-03    0.520E-03    0.209E-03    0.209E-03    0.186E-05    0.186E-05    0.000E+00    0.000E+00
     1.800     0.584    0.229E+00    0.512E-01    0.350E-01    0.510E-03    0.510E-03    0.205E-03    0.205E-03    0.182E-05    0.182E-05    0.000E+00    0.000E+00
     1.800     0.585    0.228E+00    0.506E-01    0.346E-01    0.501E-03    0.501E-03    0.201E-03    0.201E-03    0.178E-05    0.178E-05    0.000E+00    0.000E+00
     1.800     0.586    0.227E+00    0.501E-01    0.342E-01    0.491E-03    0.491E-03    0.198E-03    0.198E-03    0.174E-05    0.174E-05    0.000E+00    0.000E+00
     1.800     0.587    0.225E+00    0.496E-01    0.338E-01    0.482E-03    0.482E-03    0.194E-03    0.194E-03    0.170E-05    0.170E-05    0.000E+00    0.000E+00
     1.800     0.588    0.224E+00    0.491E-01    0.334E-01    0.473E-03    0.473E-03    0.190E-03    0.190E-03    0.167E-05    0.167E-05    0.000E+00    0.000E+00
     1.800     0.589    0.222E+00    0.486E-01    0.330E-01    0.464E-03    0.464E-03    0.186E-03    0.186E-03    0.163E-05    0.163E-05    0.000E+00    0.000E+00
     1.800     0.590    0.221E+00    0.480E-01    0.326E-01    0.455E-03    0.455E-03    0.183E-03    0.183E-03    0.159E-05    0.159E-05    0.000E+00    0.000E+00
     1.800     0.591    0.219E+00    0.475E-01    0.322E-01    0.446E-03    0.446E-03    0.179E-03    0.179E-03    0.156E-05    0.156E-05    0.000E+00    0.000E+00
     1.800     0.592    0.218E+00    0.470E-01    0.318E-01    0.438E-03    0.438E-03    0.176E-03    0.176E-03    0.152E-05    0.152E-05    0.000E+00    0.000E+00
     1.800     0.593    0.216E+00    0.465E-01    0.315E-01    0.429E-03    0.429E-03    0.173E-03    0.173E-03    0.149E-05    0.149E-05    0.000E+00    0.000E+00
     1.800     0.594    0.215E+00    0.460E-01    0.311E-01    0.421E-03    0.421E-03    0.169E-03    0.169E-03    0.145E-05    0.145E-05    0.000E+00    0.000E+00
     1.800     0.595    0.214E+00    0.455E-01    0.307E-01    0.413E-03    0.413E-03    0.166E-03    0.166E-03    0.142E-05    0.142E-05    0.000E+00    0.000E+00
     1.800     0.596    0.212E+00    0.450E-01    0.304E-01    0.405E-03    0.405E-03    0.163E-03    0.163E-03    0.138E-05    0.138E-05    0.000E+00    0.000E+00
     1.800     0.597    0.211E+00    0.445E-01    0.300E-01    0.397E-03    0.397E-03    0.160E-03    0.160E-03    0.135E-05    0.135E-05    0.000E+00    0.000E+00
     1.800     0.598    0.209E+00    0.441E-01    0.296E-01    0.389E-03    0.389E-03    0.157E-03    0.157E-03    0.132E-05    0.132E-05    0.000E+00    0.000E+00
     1.800     0.599    0.208E+00    0.436E-01    0.293E-01    0.382E-03    0.382E-03    0.153E-03    0.153E-03    0.129E-05    0.129E-05    0.000E+00    0.000E+00
     1.800     0.600    0.207E+00    0.431E-01    0.289E-01    0.374E-03    0.374E-03    0.150E-03    0.150E-03    0.126E-05    0.126E-05    0.000E+00    0.000E+00
     1.800     0.601    0.205E+00    0.426E-01    0.286E-01    0.367E-03    0.367E-03    0.148E-03    0.148E-03    0.123E-05    0.123E-05    0.000E+00    0.000E+00
     1.800     0.602    0.204E+00    0.422E-01    0.282E-01    0.360E-03    0.360E-03    0.145E-03    0.145E-03    0.120E-05    0.120E-05    0.000E+00    0.000E+00
     1.800     0.603    0.202E+00    0.417E-01    0.279E-01    0.353E-03    0.353E-03    0.142E-03    0.142E-03    0.117E-05    0.117E-05    0.000E+00    0.000E+00
     1.800     0.604    0.201E+00    0.412E-01    0.275E-01    0.346E-03    0.346E-03    0.139E-03    0.139E-03    0.114E-05    0.114E-05    0.000E+00    0.000E+00
     1.800     0.605    0.200E+00    0.408E-01    0.272E-01    0.339E-03    0.339E-03    0.136E-03    0.136E-03    0.112E-05    0.112E-05    0.000E+00    0.000E+00
     1.800     0.606    0.198E+00    0.403E-01    0.268E-01    0.332E-03    0.332E-03    0.134E-03    0.134E-03    0.109E-05    0.109E-05    0.000E+00    0.000E+00
     1.800     0.607    0.197E+00    0.399E-01    0.265E-01    0.326E-03    0.326E-03    0.131E-03    0.131E-03    0.106E-05    0.106E-05    0.000E+00    0.000E+00
     1.800     0.608    0.195E+00    0.394E-01    0.262E-01    0.319E-03    0.319E-03    0.128E-03    0.128E-03    0.104E-05    0.104E-05    0.000E+00    0.000E+00
     1.800     0.609    0.194E+00    0.390E-01    0.258E-01    0.313E-03    0.313E-03    0.126E-03    0.126E-03    0.101E-05    0.101E-05    0.000E+00    0.000E+00
     1.800     0.610    0.193E+00    0.385E-01    0.255E-01    0.307E-03    0.307E-03    0.123E-03    0.123E-03    0.985E-06    0.985E-06    0.000E+00    0.000E+00
     1.800     0.611    0.191E+00    0.381E-01    0.252E-01    0.300E-03    0.300E-03    0.121E-03    0.121E-03    0.960E-06    0.960E-06    0.000E+00    0.000E+00
     1.800     0.612    0.190E+00    0.377E-01    0.249E-01    0.294E-03    0.294E-03    0.118E-03    0.118E-03    0.936E-06    0.936E-06    0.000E+00    0.000E+00
     1.800     0.613    0.189E+00    0.372E-01    0.246E-01    0.288E-03    0.288E-03    0.116E-03    0.116E-03    0.912E-06    0.912E-06    0.000E+00    0.000E+00
     1.800     0.614    0.187E+00    0.368E-01    0.242E-01    0.282E-03    0.282E-03    0.114E-03    0.114E-03    0.888E-06    0.888E-06    0.000E+00    0.000E+00
     1.800     0.615    0.186E+00    0.364E-01    0.239E-01    0.277E-03    0.277E-03    0.111E-03    0.111E-03    0.866E-06    0.866E-06    0.000E+00    0.000E+00
     1.800     0.616    0.185E+00    0.360E-01    0.236E-01    0.271E-03    0.271E-03    0.109E-03    0.109E-03    0.843E-06    0.843E-06    0.000E+00    0.000E+00
     1.800     0.617    0.183E+00    0.356E-01    0.233E-01    0.266E-03    0.266E-03    0.107E-03    0.107E-03    0.821E-06    0.821E-06    0.000E+00    0.000E+00
     1.800     0.618    0.182E+00    0.352E-01    0.230E-01    0.260E-03    0.260E-03    0.105E-03    0.105E-03    0.800E-06    0.800E-06    0.000E+00    0.000E+00
     1.800     0.619    0.181E+00    0.347E-01    0.227E-01    0.255E-03    0.255E-03    0.102E-03    0.102E-03    0.779E-06    0.779E-06    0.000E+00    0.000E+00
     1.800     0.620    0.179E+00    0.343E-01    0.224E-01    0.249E-03    0.249E-03    0.100E-03    0.100E-03    0.758E-06    0.758E-06    0.000E+00    0.000E+00
     1.800     0.621    0.178E+00    0.339E-01    0.221E-01    0.244E-03    0.244E-03    0.982E-04    0.982E-04    0.738E-06    0.738E-06    0.000E+00    0.000E+00
     1.800     0.622    0.177E+00    0.335E-01    0.218E-01    0.239E-03    0.239E-03    0.961E-04    0.961E-04    0.718E-06    0.718E-06    0.000E+00    0.000E+00
     1.800     0.623    0.176E+00    0.332E-01    0.215E-01    0.234E-03    0.234E-03    0.941E-04    0.941E-04    0.699E-06    0.699E-06    0.000E+00    0.000E+00
     1.800     0.624    0.174E+00    0.328E-01    0.212E-01    0.229E-03    0.229E-03    0.922E-04    0.922E-04    0.680E-06    0.680E-06    0.000E+00    0.000E+00
     1.800     0.625    0.173E+00    0.324E-01    0.210E-01    0.225E-03    0.225E-03    0.902E-04    0.902E-04    0.662E-06    0.662E-06    0.000E+00    0.000E+00
     1.800     0.626    0.172E+00    0.320E-01    0.207E-01    0.220E-03    0.220E-03    0.884E-04    0.884E-04    0.643E-06    0.643E-06    0.000E+00    0.000E+00
     1.800     0.627    0.170E+00    0.316E-01    0.204E-01    0.215E-03    0.215E-03    0.865E-04    0.865E-04    0.626E-06    0.626E-06    0.000E+00    0.000E+00
     1.800     0.628    0.169E+00    0.312E-01    0.201E-01    0.211E-03    0.211E-03    0.847E-04    0.847E-04    0.608E-06    0.608E-06    0.000E+00    0.000E+00
     1.800     0.629    0.168E+00    0.309E-01    0.199E-01    0.206E-03    0.206E-03    0.829E-04    0.829E-04    0.592E-06    0.592E-06    0.000E+00    0.000E+00
     1.800     0.630    0.167E+00    0.305E-01    0.196E-01    0.202E-03    0.202E-03    0.811E-04    0.811E-04    0.575E-06    0.575E-06    0.000E+00    0.000E+00
     1.800     0.631    0.165E+00    0.301E-01    0.193E-01    0.198E-03    0.198E-03    0.794E-04    0.794E-04    0.559E-06    0.559E-06    0.000E+00    0.000E+00
     1.800     0.632    0.164E+00    0.298E-01    0.191E-01    0.193E-03    0.193E-03    0.777E-04    0.777E-04    0.543E-06    0.543E-06    0.000E+00    0.000E+00
     1.800     0.633    0.163E+00    0.294E-01    0.188E-01    0.189E-03    0.189E-03    0.760E-04    0.760E-04    0.527E-06    0.527E-06    0.000E+00    0.000E+00
     1.800     0.634    0.162E+00    0.291E-01    0.185E-01    0.185E-03    0.185E-03    0.744E-04    0.744E-04    0.512E-06    0.512E-06    0.000E+00    0.000E+00
     1.800     0.635    0.160E+00    0.287E-01    0.183E-01    0.181E-03    0.181E-03    0.728E-04    0.728E-04    0.497E-06    0.497E-06    0.000E+00    0.000E+00
     1.800     0.636    0.159E+00    0.284E-01    0.180E-01    0.177E-03    0.177E-03    0.712E-04    0.712E-04    0.482E-06    0.482E-06    0.000E+00    0.000E+00
     1.800     0.637    0.158E+00    0.280E-01    0.178E-01    0.173E-03    0.173E-03    0.697E-04    0.697E-04    0.468E-06    0.468E-06    0.000E+00    0.000E+00
     1.800     0.638    0.157E+00    0.277E-01    0.175E-01    0.170E-03    0.170E-03    0.681E-04    0.681E-04    0.454E-06    0.454E-06    0.000E+00    0.000E+00
     1.800     0.639    0.155E+00    0.273E-01    0.173E-01    0.166E-03    0.166E-03    0.666E-04    0.666E-04    0.440E-06    0.440E-06    0.000E+00    0.000E+00
     1.800     0.640    0.154E+00    0.270E-01    0.170E-01    0.162E-03    0.162E-03    0.652E-04    0.652E-04    0.426E-06    0.426E-06    0.000E+00    0.000E+00
     1.800     0.641    0.153E+00    0.267E-01    0.168E-01    0.159E-03    0.159E-03    0.638E-04    0.638E-04    0.413E-06    0.413E-06    0.000E+00    0.000E+00
     1.800     0.642    0.152E+00    0.263E-01    0.165E-01    0.155E-03    0.155E-03    0.624E-04    0.624E-04    0.401E-06    0.401E-06    0.000E+00    0.000E+00
     1.800     0.643    0.151E+00    0.260E-01    0.163E-01    0.152E-03    0.152E-03    0.610E-04    0.610E-04    0.388E-06    0.388E-06    0.000E+00    0.000E+00
     1.800     0.644    0.149E+00    0.257E-01    0.161E-01    0.149E-03    0.149E-03    0.596E-04    0.596E-04    0.376E-06    0.376E-06    0.000E+00    0.000E+00
     1.800     0.645    0.148E+00    0.253E-01    0.158E-01    0.145E-03    0.145E-03    0.583E-04    0.583E-04    0.364E-06    0.364E-06    0.000E+00    0.000E+00
     1.800     0.646    0.147E+00    0.250E-01    0.156E-01    0.142E-03    0.142E-03    0.570E-04    0.570E-04    0.353E-06    0.353E-06    0.000E+00    0.000E+00
     1.800     0.647    0.146E+00    0.247E-01    0.154E-01    0.139E-03    0.139E-03    0.557E-04    0.557E-04    0.341E-06    0.341E-06    0.000E+00    0.000E+00
     1.800     0.648    0.145E+00    0.244E-01    0.152E-01    0.136E-03    0.136E-03    0.545E-04    0.545E-04    0.331E-06    0.331E-06    0.000E+00    0.000E+00
     1.800     0.649    0.143E+00    0.241E-01    0.149E-01    0.133E-03    0.133E-03    0.533E-04    0.533E-04    0.320E-06    0.320E-06    0.000E+00    0.000E+00
     1.800     0.650    0.142E+00    0.238E-01    0.147E-01    0.130E-03    0.130E-03    0.521E-04    0.521E-04    0.309E-06    0.309E-06    0.000E+00    0.000E+00
     1.800     0.651    0.141E+00    0.235E-01    0.145E-01    0.127E-03    0.127E-03    0.509E-04    0.509E-04    0.299E-06    0.299E-06    0.000E+00    0.000E+00
     1.800     0.652    0.140E+00    0.232E-01    0.143E-01    0.124E-03    0.124E-03    0.498E-04    0.498E-04    0.289E-06    0.289E-06    0.000E+00    0.000E+00
     1.800     0.653    0.139E+00    0.229E-01    0.141E-01    0.121E-03    0.121E-03    0.486E-04    0.486E-04    0.279E-06    0.279E-06    0.000E+00    0.000E+00
     1.800     0.654    0.138E+00    0.226E-01    0.139E-01    0.118E-03    0.118E-03    0.475E-04    0.475E-04    0.270E-06    0.270E-06    0.000E+00    0.000E+00
     1.800     0.655    0.137E+00    0.223E-01    0.137E-01    0.116E-03    0.116E-03    0.464E-04    0.464E-04    0.261E-06    0.261E-06    0.000E+00    0.000E+00
     1.800     0.656    0.135E+00    0.220E-01    0.135E-01    0.113E-03    0.113E-03    0.454E-04    0.454E-04    0.251E-06    0.251E-06    0.000E+00    0.000E+00
     1.800     0.657    0.134E+00    0.217E-01    0.132E-01    0.110E-03    0.110E-03    0.443E-04    0.443E-04    0.242E-06    0.242E-06    0.000E+00    0.000E+00
     1.800     0.658    0.133E+00    0.214E-01    0.130E-01    0.108E-03    0.108E-03    0.433E-04    0.433E-04    0.234E-06    0.234E-06    0.000E+00    0.000E+00
     1.800     0.659    0.132E+00    0.212E-01    0.128E-01    0.105E-03    0.105E-03    0.423E-04    0.423E-04    0.225E-06    0.225E-06    0.000E+00    0.000E+00
     1.800     0.660    0.131E+00    0.209E-01    0.127E-01    0.103E-03    0.103E-03    0.413E-04    0.413E-04    0.217E-06    0.217E-06    0.000E+00    0.000E+00
     1.800     0.661    0.130E+00    0.206E-01    0.125E-01    0.100E-03    0.100E-03    0.403E-04    0.403E-04    0.209E-06    0.209E-06    0.000E+00    0.000E+00
     1.800     0.662    0.129E+00    0.203E-01    0.123E-01    0.981E-04    0.981E-04    0.394E-04    0.394E-04    0.201E-06    0.201E-06    0.000E+00    0.000E+00
     1.800     0.663    0.128E+00    0.201E-01    0.121E-01    0.958E-04    0.958E-04    0.385E-04    0.385E-04    0.194E-06    0.194E-06    0.000E+00    0.000E+00
     1.800     0.664    0.127E+00    0.198E-01    0.119E-01    0.936E-04    0.936E-04    0.375E-04    0.375E-04    0.186E-06    0.186E-06    0.000E+00    0.000E+00
     1.800     0.665    0.125E+00    0.196E-01    0.117E-01    0.914E-04    0.914E-04    0.367E-04    0.367E-04    0.179E-06    0.179E-06    0.000E+00    0.000E+00
     1.800     0.666    0.124E+00    0.193E-01    0.115E-01    0.892E-04    0.892E-04    0.358E-04    0.358E-04    0.172E-06    0.172E-06    0.000E+00    0.000E+00
     1.800     0.667    0.123E+00    0.190E-01    0.113E-01    0.871E-04    0.871E-04    0.349E-04    0.349E-04    0.165E-06    0.165E-06    0.000E+00    0.000E+00
     1.800     0.668    0.122E+00    0.188E-01    0.112E-01    0.850E-04    0.850E-04    0.341E-04    0.341E-04    0.159E-06    0.159E-06    0.000E+00    0.000E+00
     1.800     0.669    0.121E+00    0.185E-01    0.110E-01    0.830E-04    0.830E-04    0.333E-04    0.333E-04    0.152E-06    0.152E-06    0.000E+00    0.000E+00
     1.800     0.670    0.120E+00    0.183E-01    0.108E-01    0.810E-04    0.810E-04    0.325E-04    0.325E-04    0.146E-06    0.146E-06    0.000E+00    0.000E+00
     1.800     0.671    0.119E+00    0.180E-01    0.106E-01    0.791E-04    0.791E-04    0.317E-04    0.317E-04    0.140E-06    0.140E-06    0.000E+00    0.000E+00
     1.800     0.672    0.118E+00    0.178E-01    0.105E-01    0.772E-04    0.772E-04    0.310E-04    0.310E-04    0.134E-06    0.134E-06    0.000E+00    0.000E+00
     1.800     0.673    0.117E+00    0.176E-01    0.103E-01    0.754E-04    0.754E-04    0.302E-04    0.302E-04    0.129E-06    0.129E-06    0.000E+00    0.000E+00
     1.800     0.674    0.116E+00    0.173E-01    0.101E-01    0.735E-04    0.735E-04    0.295E-04    0.295E-04    0.123E-06    0.123E-06    0.000E+00    0.000E+00
     1.800     0.675    0.115E+00    0.171E-01    0.997E-02    0.718E-04    0.718E-04    0.288E-04    0.288E-04    0.118E-06    0.118E-06    0.000E+00    0.000E+00
     1.800     0.676    0.114E+00    0.168E-01    0.980E-02    0.700E-04    0.700E-04    0.281E-04    0.281E-04    0.112E-06    0.112E-06    0.000E+00    0.000E+00
     1.800     0.677    0.113E+00    0.166E-01    0.964E-02    0.683E-04    0.683E-04    0.274E-04    0.274E-04    0.107E-06    0.107E-06    0.000E+00    0.000E+00
     1.800     0.678    0.112E+00    0.164E-01    0.949E-02    0.666E-04    0.666E-04    0.267E-04    0.267E-04    0.102E-06    0.102E-06    0.000E+00    0.000E+00
     1.800     0.679    0.111E+00    0.162E-01    0.933E-02    0.649E-04    0.649E-04    0.260E-04    0.260E-04    0.972E-07    0.972E-07    0.000E+00    0.000E+00
     1.800     0.680    0.110E+00    0.159E-01    0.917E-02    0.633E-04    0.633E-04    0.254E-04    0.254E-04    0.924E-07    0.924E-07    0.000E+00    0.000E+00
     1.800     0.681    0.109E+00    0.157E-01    0.902E-02    0.617E-04    0.617E-04    0.248E-04    0.248E-04    0.877E-07    0.877E-07    0.000E+00    0.000E+00
     1.800     0.682    0.108E+00    0.155E-01    0.887E-02    0.602E-04    0.602E-04    0.241E-04    0.241E-04    0.832E-07    0.832E-07    0.000E+00    0.000E+00
     1.800     0.683    0.107E+00    0.153E-01    0.872E-02    0.587E-04    0.587E-04    0.235E-04    0.235E-04    0.789E-07    0.789E-07    0.000E+00    0.000E+00
     1.800     0.684    0.106E+00    0.151E-01    0.858E-02    0.572E-04    0.572E-04    0.229E-04    0.229E-04    0.747E-07    0.747E-07    0.000E+00    0.000E+00
     1.800     0.685    0.105E+00    0.149E-01    0.843E-02    0.558E-04    0.558E-04    0.223E-04    0.223E-04    0.706E-07    0.706E-07    0.000E+00    0.000E+00
     1.800     0.686    0.104E+00    0.146E-01    0.829E-02    0.544E-04    0.544E-04    0.218E-04    0.218E-04    0.667E-07    0.667E-07    0.000E+00    0.000E+00
     1.800     0.687    0.103E+00    0.144E-01    0.815E-02    0.530E-04    0.530E-04    0.212E-04    0.212E-04    0.629E-07    0.629E-07    0.000E+00    0.000E+00
     1.800     0.688    0.102E+00    0.142E-01    0.801E-02    0.516E-04    0.516E-04    0.207E-04    0.207E-04    0.592E-07    0.592E-07    0.000E+00    0.000E+00
     1.800     0.689    0.101E+00    0.140E-01    0.787E-02    0.503E-04    0.503E-04    0.202E-04    0.202E-04    0.557E-07    0.557E-07    0.000E+00    0.000E+00
     1.800     0.690    0.999E-01    0.138E-01    0.773E-02    0.490E-04    0.490E-04    0.196E-04    0.196E-04    0.523E-07    0.523E-07    0.000E+00    0.000E+00
     1.800     0.691    0.990E-01    0.136E-01    0.760E-02    0.478E-04    0.478E-04    0.191E-04    0.191E-04    0.490E-07    0.490E-07    0.000E+00    0.000E+00
     1.800     0.692    0.980E-01    0.134E-01    0.747E-02    0.465E-04    0.465E-04    0.186E-04    0.186E-04    0.459E-07    0.459E-07    0.000E+00    0.000E+00
     1.800     0.693    0.971E-01    0.133E-01    0.734E-02    0.453E-04    0.453E-04    0.182E-04    0.182E-04    0.429E-07    0.429E-07    0.000E+00    0.000E+00
     1.800     0.694    0.961E-01    0.131E-01    0.721E-02    0.442E-04    0.442E-04    0.177E-04    0.177E-04    0.400E-07    0.400E-07    0.000E+00    0.000E+00
     1.800     0.695    0.952E-01    0.129E-01    0.708E-02    0.430E-04    0.430E-04    0.172E-04    0.172E-04    0.372E-07    0.372E-07    0.000E+00    0.000E+00
     1.800     0.696    0.943E-01    0.127E-01    0.696E-02    0.419E-04    0.419E-04    0.168E-04    0.168E-04    0.345E-07    0.345E-07    0.000E+00    0.000E+00
     1.800     0.697    0.933E-01    0.125E-01    0.683E-02    0.408E-04    0.408E-04    0.164E-04    0.164E-04    0.320E-07    0.320E-07    0.000E+00    0.000E+00
     1.800     0.698    0.924E-01    0.123E-01    0.671E-02    0.398E-04    0.398E-04    0.159E-04    0.159E-04    0.296E-07    0.296E-07    0.000E+00    0.000E+00
     1.800     0.699    0.915E-01    0.121E-01    0.659E-02    0.387E-04    0.387E-04    0.155E-04    0.155E-04    0.273E-07    0.273E-07    0.000E+00    0.000E+00
     1.800     0.700    0.906E-01    0.120E-01    0.647E-02    0.377E-04    0.377E-04    0.151E-04    0.151E-04    0.250E-07    0.250E-07    0.000E+00    0.000E+00
     1.800     0.701    0.897E-01    0.118E-01    0.636E-02    0.367E-04    0.367E-04    0.147E-04    0.147E-04    0.229E-07    0.229E-07    0.000E+00    0.000E+00
     1.800     0.702    0.888E-01    0.116E-01    0.624E-02    0.357E-04    0.357E-04    0.143E-04    0.143E-04    0.210E-07    0.210E-07    0.000E+00    0.000E+00
     1.800     0.703    0.879E-01    0.115E-01    0.613E-02    0.347E-04    0.347E-04    0.139E-04    0.139E-04    0.191E-07    0.191E-07    0.000E+00    0.000E+00
     1.800     0.704    0.870E-01    0.113E-01    0.601E-02    0.338E-04    0.338E-04    0.135E-04    0.135E-04    0.173E-07    0.173E-07    0.000E+00    0.000E+00
     1.800     0.705    0.862E-01    0.111E-01    0.590E-02    0.329E-04    0.329E-04    0.132E-04    0.132E-04    0.156E-07    0.156E-07    0.000E+00    0.000E+00
     1.800     0.706    0.853E-01    0.110E-01    0.580E-02    0.320E-04    0.320E-04    0.128E-04    0.128E-04    0.140E-07    0.140E-07    0.000E+00    0.000E+00
     1.800     0.707    0.844E-01    0.108E-01    0.569E-02    0.311E-04    0.311E-04    0.124E-04    0.124E-04    0.125E-07    0.125E-07    0.000E+00    0.000E+00
     1.800     0.708    0.835E-01    0.106E-01    0.558E-02    0.303E-04    0.303E-04    0.121E-04    0.121E-04    0.111E-07    0.111E-07    0.000E+00    0.000E+00
     1.800     0.709    0.827E-01    0.105E-01    0.548E-02    0.294E-04    0.294E-04    0.118E-04    0.118E-04    0.975E-08    0.975E-08    0.000E+00    0.000E+00
     1.800     0.710    0.818E-01    0.103E-01    0.537E-02    0.286E-04    0.286E-04    0.114E-04    0.114E-04    0.851E-08    0.851E-08    0.000E+00    0.000E+00
     1.800     0.711    0.810E-01    0.102E-01    0.527E-02    0.278E-04    0.278E-04    0.111E-04    0.111E-04    0.736E-08    0.736E-08    0.000E+00    0.000E+00
     1.800     0.712    0.801E-01    0.100E-01    0.517E-02    0.271E-04    0.271E-04    0.108E-04    0.108E-04    0.629E-08    0.629E-08    0.000E+00    0.000E+00
     1.800     0.713    0.793E-01    0.985E-02    0.508E-02    0.263E-04    0.263E-04    0.105E-04    0.105E-04    0.530E-08    0.530E-08    0.000E+00    0.000E+00
     1.800     0.714    0.785E-01    0.970E-02    0.498E-02    0.256E-04    0.256E-04    0.102E-04    0.102E-04    0.438E-08    0.438E-08    0.000E+00    0.000E+00
     1.800     0.715    0.776E-01    0.956E-02    0.488E-02    0.249E-04    0.249E-04    0.995E-05    0.995E-05    0.354E-08    0.354E-08    0.000E+00    0.000E+00
     1.800     0.716    0.768E-01    0.941E-02    0.479E-02    0.242E-04    0.242E-04    0.967E-05    0.967E-05    0.278E-08    0.278E-08    0.000E+00    0.000E+00
     1.800     0.717    0.760E-01    0.927E-02    0.470E-02    0.235E-04    0.235E-04    0.940E-05    0.940E-05    0.208E-08    0.208E-08    0.000E+00    0.000E+00
     1.800     0.718    0.752E-01    0.913E-02    0.461E-02    0.228E-04    0.228E-04    0.913E-05    0.913E-05    0.145E-08    0.145E-08    0.000E+00    0.000E+00
     1.800     0.719    0.744E-01    0.899E-02    0.452E-02    0.222E-04    0.222E-04    0.888E-05    0.888E-05    0.879E-09    0.879E-09    0.000E+00    0.000E+00
     1.800     0.720    0.736E-01    0.885E-02    0.443E-02    0.216E-04    0.216E-04    0.863E-05    0.863E-05    0.374E-09    0.374E-09    0.000E+00    0.000E+00
     1.800     0.721    0.728E-01    0.871E-02    0.434E-02    0.210E-04    0.210E-04    0.838E-05    0.838E-05    0.000E+00    0.000E+00    0.000E+00    0.000E+00
     1.800     0.722    0.720E-01    0.858E-02    0.426E-02    0.204E-04    0.204E-04    0.814E-05    0.814E-05    0.000E+00    0.000E+00    0.000E+00    0.000E+00
     1.800     0.723    0.712E-01    0.845E-02    0.417E-02    0.198E-04    0.198E-04    0.790E-05    0.790E-05    0.000E+00    0.000E+00    0.000E+00    0.000E+00
     1.800     0.724    0.704E-01    0.831E-02    0.409E-02    0.192E-04    0.192E-04    0.767E-05    0.767E-05    0.000E+00    0.000E+00    0.000E+00    0.000E+00
     1.800     0.725    0.696E-01    0.818E-02    0.401E-02    0.186E-04    0.186E-04    0.744E-05    0.744E-05    0.000E+00    0.000E+00    0.000E+00    0.000E+00
     1.800     0.726    0.689E-01    0.806E-02    0.392E-02    0.181E-04    0.181E-04    0.722E-05    0.722E-05    0.000E+00    0.000E+00    0.000E+00    0.000E+00
     1.800     0.727    0.681E-01    0.793E-02    0.385E-02    0.175E-04    0.175E-04    0.701E-05    0.701E-05    0.000E+00    0.000E+00    0.000E+00    0.000E+00
     1.800     0.728    0.673E-01    0.781E-02    0.377E-02    0.170E-04    0.170E-04    0.680E-05    0.680E-05    0.000E+00    0.000E+00    0.000E+00    0.000E+00
     1.800     0.729    0.666E-01    0.768E-02    0.369E-02    0.165E-04    0.165E-04    0.660E-05    0.660E-05    0.000E+00    0.000E+00    0.000E+00    0.000E+00
     1.800     0.730    0.658E-01    0.756E-02    0.361E-02    0.160E-04    0.160E-04    0.640E-05    0.640E-05    0.000E+00    0.000E+00    0.000E+00    0.000E+00
     1.800     0.731    0.651E-01    0.744E-02    0.354E-02    0.156E-04    0.156E-04    0.621E-05    0.621E-05    0.000E+00    0.000E+00    0.000E+00    0.000E+00
     1.800     0.732    0.644E-01    0.732E-02    0.347E-02    0.151E-04    0.151E-04    0.603E-05    0.603E-05    0.000E+00    0.000E+00    0.000E+00    0.000E+00
     1.800     0.733    0.636E-01    0.721E-02    0.340E-02    0.146E-04    0.146E-04    0.584E-05    0.584E-05    0.000E+00    0.000E+00    0.000E+00    0.000E+00
     1.800     0.734    0.629E-01    0.709E-02    0.332E-02    0.142E-04    0.142E-04    0.567E-05    0.567E-05    0.000E+00    0.000E+00    0.000E+00    0.000E+00
     1.800     0.735    0.622E-01    0.698E-02    0.326E-02    0.138E-04    0.138E-04    0.550E-05    0.550E-05    0.000E+00    0.000E+00    0.000E+00    0.000E+00
     1.800     0.736    0.614E-01    0.687E-02    0.319E-02    0.134E-04    0.134E-04    0.533E-05    0.533E-05    0.000E+00    0.000E+00    0.000E+00    0.000E+00
     1.800     0.737    0.607E-01    0.676E-02    0.312E-02    0.130E-04    0.130E-04    0.517E-05    0.517E-05    0.000E+00    0.000E+00    0.000E+00    0.000E+00
     1.800     0.738    0.600E-01    0.665E-02    0.305E-02    0.126E-04    0.126E-04    0.501E-05    0.501E-05    0.000E+00    0.000E+00    0.000E+00    0.000E+00
     1.800     0.739    0.593E-01    0.654E-02    0.299E-02    0.122E-04    0.122E-04    0.486E-05    0.486E-05    0.000E+00    0.000E+00    0.000E+00    0.000E+00
     1.800     0.740    0.586E-01    0.643E-02    0.292E-02    0.118E-04    0.118E-04    0.471E-05    0.471E-05    0.000E+00    0.000E+00    0.000E+00    0.000E+00
     1.800     0.741    0.579E-01    0.633E-02    0.286E-02    0.114E-04    0.114E-04    0.457E-05    0.457E-05    0.000E+00    0.000E+00    0.000E+00    0.000E+00
     1.800     0.742    0.572E-01    0.623E-02    0.280E-02    0.111E-04    0.111E-04    0.443E-05    0.443E-05    0.000E+00    0.000E+00    0.000E+00    0.000E+00
     1.800     0.743    0.566E-01    0.613E-02    0.274E-02    0.108E-04    0.108E-04    0.429E-05    0.429E-05    0.000E+00    0.000E+00    0.000E+00    0.000E+00
     1.800     0.744    0.559E-01    0.603E-02    0.268E-02    0.104E-04    0.104E-04    0.416E-05    0.416E-05    0.000E+00    0.000E+00    0.000E+00    0.000E+00
     1.800     0.745    0.552E-01    0.593E-02    0.262E-02    0.101E-04    0.101E-04    0.403E-05    0.403E-05    0.000E+00    0.000E+00    0.000E+00    0.000E+00
     1.800     0.746    0.545E-01    0.583E-02    0.256E-02    0.977E-05    0.977E-05    0.390E-05    0.390E-05    0.000E+00    0.000E+00    0.000E+00    0.000E+00
     1.800     0.747    0.539E-01    0.573E-02    0.251E-02    0.946E-05    0.946E-05    0.377E-05    0.377E-05    0.000E+00    0.000E+00    0.000E+00    0.000E+00
     1.800     0.748    0.532E-01    0.564E-02    0.245E-02    0.916E-05    0.916E-05    0.365E-05    0.365E-05    0.000E+00    0.000E+00    0.000E+00    0.000E+00
     1.800     0.749    0.526E-01    0.554E-02    0.240E-02    0.886E-05    0.886E-05    0.353E-05    0.353E-05    0.000E+00    0.000E+00    0.000E+00    0.000E+00
     1.800     0.750    0.519E-01    0.545E-02    0.234E-02    0.857E-05    0.857E-05    0.342E-05    0.342E-05    0.000E+00    0.000E+00    0.000E+00    0.000E+00
     1.800     0.751    0.513E-01    0.536E-02    0.229E-02    0.829E-05    0.829E-05    0.331E-05    0.331E-05    0.000E+00    0.000E+00    0.000E+00    0.000E+00
     1.800     0.752    0.506E-01    0.527E-02    0.224E-02    0.802E-05    0.802E-05    0.320E-05    0.320E-05    0.000E+00    0.000E+00    0.000E+00    0.000E+00
     1.800     0.753    0.500E-01    0.518E-02    0.219E-02    0.776E-05    0.776E-05    0.309E-05    0.309E-05    0.000E+00    0.000E+00    0.000E+00    0.000E+00
     1.800     0.754    0.494E-01    0.510E-02    0.214E-02    0.751E-05    0.751E-05    0.299E-05    0.299E-05    0.000E+00    0.000E+00    0.000E+00    0.000E+00
     1.800     0.755    0.487E-01    0.501E-02    0.209E-02    0.726E-05    0.726E-05    0.289E-05    0.289E-05    0.000E+00    0.000E+00    0.000E+00    0.000E+00
     1.800     0.756    0.481E-01    0.493E-02    0.204E-02    0.702E-05    0.702E-05    0.280E-05    0.280E-05    0.000E+00    0.000E+00    0.000E+00    0.000E+00
     1.800     0.757    0.475E-01    0.484E-02    0.199E-02    0.679E-05    0.679E-05    0.270E-05    0.270E-05    0.000E+00    0.000E+00    0.000E+00    0.000E+00
     1.800     0.758    0.469E-01    0.476E-02    0.195E-02    0.657E-05    0.657E-05    0.261E-05    0.261E-05    0.000E+00    0.000E+00    0.000E+00    0.000E+00
     1.800     0.759    0.463E-01    0.468E-02    0.190E-02    0.635E-05    0.635E-05    0.253E-05    0.253E-05    0.000E+00    0.000E+00    0.000E+00    0.000E+00
     1.800     0.760    0.457E-01    0.460E-02    0.186E-02    0.614E-05    0.614E-05    0.244E-05    0.244E-05    0.000E+00    0.000E+00    0.000E+00    0.000E+00
     1.800     0.761    0.451E-01    0.452E-02    0.181E-02    0.593E-05    0.593E-05    0.236E-05    0.236E-05    0.000E+00    0.000E+00    0.000E+00    0.000E+00
     1.800     0.762    0.445E-01    0.444E-02    0.177E-02    0.574E-05    0.574E-05    0.228E-05    0.228E-05    0.000E+00    0.000E+00    0.000E+00    0.000E+00
     1.800     0.763    0.439E-01    0.437E-02    0.173E-02    0.555E-05    0.555E-05    0.221E-05    0.221E-05    0.000E+00    0.000E+00    0.000E+00    0.000E+00
     1.800     0.764    0.433E-01    0.429E-02    0.169E-02    0.536E-05    0.536E-05    0.213E-05    0.213E-05    0.000E+00    0.000E+00    0.000E+00    0.000E+00
     1.800     0.765    0.428E-01    0.422E-02    0.164E-02    0.518E-05    0.518E-05    0.206E-05    0.206E-05    0.000E+00    0.000E+00    0.000E+00    0.000E+00
     1.800     0.766    0.422E-01    0.414E-02    0.160E-02    0.501E-05    0.501E-05    0.199E-05    0.199E-05    0.000E+00    0.000E+00    0.000E+00    0.000E+00
     1.800     0.767    0.416E-01    0.407E-02    0.157E-02    0.484E-05    0.484E-05    0.192E-05    0.192E-05    0.000E+00    0.000E+00    0.000E+00    0.000E+00
     1.800     0.768    0.411E-01    0.400E-02    0.153E-02    0.467E-05    0.467E-05    0.186E-05    0.186E-05    0.000E+00    0.000E+00    0.000E+00    0.000E+00
     1.800     0.769    0.405E-01    0.393E-02    0.149E-02    0.450E-05    0.450E-05    0.179E-05    0.179E-05    0.000E+00    0.000E+00    0.000E+00    0.000E+00
     1.800     0.770    0.400E-01    0.386E-02    0.145E-02    0.434E-05    0.434E-05    0.173E-05    0.173E-05    0.000E+00    0.000E+00    0.000E+00    0.000E+00
     1.800     0.771    0.394E-01    0.379E-02    0.142E-02    0.419E-05    0.419E-05    0.166E-05    0.166E-05    0.000E+00    0.000E+00    0.000E+00    0.000E+00
     1.800     0.772    0.389E-01    0.373E-02    0.138E-02    0.404E-05    0.404E-05    0.160E-05    0.160E-05    0.000E+00    0.000E+00    0.000E+00    0.000E+00
     1.800     0.773    0.383E-01    0.366E-02    0.135E-02    0.389E-05    0.389E-05    0.155E-05    0.155E-05    0.000E+00    0.000E+00    0.000E+00    0.000E+00
     1.800     0.774    0.378E-01    0.360E-02    0.131E-02    0.375E-05    0.375E-05    0.149E-05    0.149E-05    0.000E+00    0.000E+00    0.000E+00    0.000E+00
     1.800     0.775    0.373E-01    0.353E-02    0.128E-02    0.362E-05    0.362E-05    0.144E-05    0.144E-05    0.000E+00    0.000E+00    0.000E+00    0.000E+00
     1.800     0.776    0.368E-01    0.347E-02    0.125E-02    0.348E-05    0.348E-05    0.138E-05    0.138E-05    0.000E+00    0.000E+00    0.000E+00    0.000E+00
     1.800     0.777    0.362E-01    0.341E-02    0.121E-02    0.336E-05    0.336E-05    0.133E-05    0.133E-05    0.000E+00    0.000E+00    0.000E+00    0.000E+00
     1.800     0.778    0.357E-01    0.335E-02    0.118E-02    0.324E-05    0.324E-05    0.128E-05    0.128E-05    0.000E+00    0.000E+00    0.000E+00    0.000E+00
     1.800     0.779    0.352E-01    0.329E-02    0.115E-02    0.312E-05    0.312E-05    0.124E-05    0.124E-05    0.000E+00    0.000E+00    0.000E+00    0.000E+00
     1.800     0.780    0.347E-01    0.323E-02    0.112E-02    0.300E-05    0.300E-05    0.119E-05    0.119E-05    0.000E+00    0.000E+00    0.000E+00    0.000E+00
     1.800     0.781    0.342E-01    0.317E-02    0.109E-02    0.289E-05    0.289E-05    0.115E-05    0.115E-05    0.000E+00    0.000E+00    0.000E+00    0.000E+00
     1.800     0.782    0.337E-01    0.311E-02    0.106E-02    0.279E-05    0.279E-05    0.111E-05    0.111E-05    0.000E+00    0.000E+00    0.000E+00    0.000E+00
     1.800     0.783    0.332E-01    0.306E-02    0.104E-02    0.269E-05    0.269E-05    0.106E-05    0.106E-05    0.000E+00    0.000E+00    0.000E+00    0.000E+00
     1.800     0.784    0.328E-01    0.300E-02    0.101E-02    0.259E-05    0.259E-05    0.103E-05    0.103E-05    0.000E+00    0.000E+00    0.000E+00    0.000E+00
     1.800     0.785    0.323E-01    0.294E-02    0.983E-03    0.249E-05    0.249E-05    0.987E-06    0.987E-06    0.000E+00    0.000E+00    0.000E+00    0.000E+00
     1.800     0.786    0.318E-01    0.289E-02    0.956E-03    0.240E-05    0.240E-05    0.951E-06    0.951E-06    0.000E+00    0.000E+00    0.000E+00    0.000E+00
     1.800     0.787    0.313E-01    0.284E-02    0.931E-03    0.231E-05    0.231E-05    0.916E-06    0.916E-06    0.000E+00    0.000E+00    0.000E+00    0.000E+00
     1.800     0.788    0.309E-01    0.279E-02    0.906E-03    0.223E-05    0.223E-05    0.882E-06    0.882E-06    0.000E+00    0.000E+00    0.000E+00    0.000E+00
     1.800     0.789    0.304E-01    0.273E-02    0.881E-03    0.214E-05    0.214E-05    0.849E-06    0.849E-06    0.000E+00    0.000E+00    0.000E+00    0.000E+00
     1.800     0.790    0.299E-01    0.268E-02    0.857E-03    0.206E-05    0.206E-05    0.817E-06    0.817E-06    0.000E+00    0.000E+00    0.000E+00    0.000E+00
     1.800     0.791    0.295E-01    0.263E-02    0.833E-03    0.198E-05    0.198E-05    0.784E-06    0.784E-06    0.000E+00    0.000E+00    0.000E+00    0.000E+00
     1.800     0.792    0.290E-01    0.258E-02    0.810E-03    0.190E-05    0.190E-05    0.753E-06    0.753E-06    0.000E+00    0.000E+00    0.000E+00    0.000E+00
     1.800     0.793    0.286E-01    0.254E-02    0.787E-03    0.183E-05    0.183E-05    0.723E-06    0.723E-06    0.000E+00    0.000E+00    0.000E+00    0.000E+00
     1.800     0.794    0.281E-01    0.249E-02    0.765E-03    0.175E-05    0.175E-05    0.694E-06    0.694E-06    0.000E+00    0.000E+00    0.000E+00    0.000E+00
     1.800     0.795    0.277E-01    0.244E-02    0.744E-03    0.168E-05    0.168E-05    0.666E-06    0.666E-06    0.000E+00    0.000E+00    0.000E+00    0.000E+00
     1.800     0.796    0.273E-01    0.240E-02    0.722E-03    0.162E-05    0.162E-05    0.639E-06    0.639E-06    0.000E+00    0.000E+00    0.000E+00    0.000E+00
     1.800     0.797    0.269E-01    0.235E-02    0.702E-03    0.155E-05    0.155E-05    0.613E-06    0.613E-06    0.000E+00    0.000E+00    0.000E+00    0.000E+00
     1.800     0.798    0.264E-01    0.230E-02    0.682E-03    0.149E-05    0.149E-05    0.588E-06    0.588E-06    0.000E+00    0.000E+00    0.000E+00    0.000E+00
     1.800     0.799    0.260E-01    0.226E-02    0.662E-03    0.143E-05    0.143E-05    0.564E-06    0.564E-06    0.000E+00    0.000E+00    0.000E+00    0.000E+00
     1.800     0.800    0.256E-01    0.222E-02    0.643E-03    0.137E-05    0.137E-05    0.540E-06    0.540E-06    0.000E+00    0.000E+00    0.000E+00    0.000E+00
     1.800     0.801    0.252E-01    0.217E-02    0.624E-03    0.131E-05    0.131E-05    0.518E-06    0.518E-06    0.000E+00    0.000E+00    0.000E+00    0.000E+00
     1.800     0.802    0.248E-01    0.213E-02    0.606E-03    0.126E-05    0.126E-05    0.497E-06    0.497E-06    0.000E+00    0.000E+00    0.000E+00    0.000E+00
     1.800     0.803    0.244E-01    0.209E-02    0.588E-03    0.121E-05    0.121E-05    0.476E-06    0.476E-06    0.000E+00    0.000E+00    0.000E+00    0.000E+00
     1.800     0.804    0.240E-01    0.205E-02    0.571E-03    0.116E-05    0.116E-05    0.457E-06    0.457E-06    0.000E+00    0.000E+00    0.000E+00    0.000E+00
     1.800     0.805    0.236E-01    0.201E-02    0.554E-03    0.111E-05    0.111E-05    0.438E-06    0.438E-06    0.000E+00    0.000E+00    0.000E+00    0.000E+00
     1.800     0.806    0.232E-01    0.197E-02    0.537E-03    0.106E-05    0.106E-05    0.420E-06    0.420E-06    0.000E+00    0.000E+00    0.000E+00    0.000E+00
     1.800     0.807    0.228E-01    0.193E-02    0.521E-03    0.102E-05    0.102E-05    0.402E-06    0.402E-06    0.000E+00    0.000E+00    0.000E+00    0.000E+00
     1.800     0.808    0.224E-01    0.190E-02    0.505E-03    0.978E-06    0.978E-06    0.386E-06    0.386E-06    0.000E+00    0.000E+00    0.000E+00    0.000E+00
     1.800     0.809    0.221E-01    0.186E-02    0.490E-03    0.938E-06    0.938E-06    0.370E-06    0.370E-06    0.000E+00    0.000E+00    0.000E+00    0.000E+00
     1.800     0.810    0.217E-01    0.182E-02    0.475E-03    0.899E-06    0.899E-06    0.354E-06    0.354E-06    0.000E+00    0.000E+00    0.000E+00    0.000E+00
     1.800     0.811    0.213E-01    0.179E-02    0.461E-03    0.862E-06    0.862E-06    0.340E-06    0.340E-06    0.000E+00    0.000E+00    0.000E+00    0.000E+00
     1.800     0.812    0.210E-01    0.175E-02    0.447E-03    0.827E-06    0.827E-06    0.326E-06    0.326E-06    0.000E+00    0.000E+00    0.000E+00    0.000E+00
     1.800     0.813    0.206E-01    0.172E-02    0.433E-03    0.793E-06    0.793E-06    0.312E-06    0.312E-06    0.000E+00    0.000E+00    0.000E+00    0.000E+00
     1.800     0.814    0.202E-01    0.168E-02    0.419E-03    0.757E-06    0.757E-06    0.298E-06    0.298E-06    0.000E+00    0.000E+00    0.000E+00    0.000E+00
     1.800     0.815    0.199E-01    0.165E-02    0.406E-03    0.723E-06    0.723E-06    0.284E-06    0.284E-06    0.000E+00    0.000E+00    0.000E+00    0.000E+00
     1.800     0.816    0.195E-01    0.161E-02    0.393E-03    0.690E-06    0.690E-06    0.271E-06    0.271E-06    0.000E+00    0.000E+00    0.000E+00    0.000E+00
     1.800     0.817    0.192E-01    0.158E-02    0.380E-03    0.658E-06    0.658E-06    0.259E-06    0.259E-06    0.000E+00    0.000E+00    0.000E+00    0.000E+00
     1.800     0.818    0.189E-01    0.155E-02    0.368E-03    0.628E-06    0.628E-06    0.247E-06    0.247E-06    0.000E+00    0.000E+00    0.000E+00    0.000E+00
     1.800     0.819    0.185E-01    0.152E-02    0.356E-03    0.599E-06    0.599E-06    0.235E-06    0.235E-06    0.000E+00    0.000E+00    0.000E+00    0.000E+00
     1.800     0.820    0.182E-01    0.149E-02    0.344E-03    0.571E-06    0.571E-06    0.224E-06    0.224E-06    0.000E+00    0.000E+00    0.000E+00    0.000E+00
     1.800     0.821    0.179E-01    0.146E-02    0.333E-03    0.545E-06    0.545E-06    0.214E-06    0.214E-06    0.000E+00    0.000E+00    0.000E+00    0.000E+00
     1.800     0.822    0.175E-01    0.143E-02    0.322E-03    0.520E-06    0.520E-06    0.204E-06    0.204E-06    0.000E+00    0.000E+00    0.000E+00    0.000E+00
     1.800     0.823    0.172E-01    0.140E-02    0.311E-03    0.495E-06    0.495E-06    0.194E-06    0.194E-06    0.000E+00    0.000E+00    0.000E+00    0.000E+00
     1.800     0.824    0.169E-01    0.137E-02    0.301E-03    0.472E-06    0.472E-06    0.185E-06    0.185E-06    0.000E+00    0.000E+00    0.000E+00    0.000E+00
     1.800     0.825    0.166E-01    0.134E-02    0.291E-03    0.450E-06    0.450E-06    0.176E-06    0.176E-06    0.000E+00    0.000E+00    0.000E+00    0.000E+00
     1.800     0.826    0.163E-01    0.131E-02    0.281E-03    0.429E-06    0.429E-06    0.168E-06    0.168E-06    0.000E+00    0.000E+00    0.000E+00    0.000E+00
     1.800     0.827    0.160E-01    0.128E-02    0.272E-03    0.409E-06    0.409E-06    0.160E-06    0.160E-06    0.000E+00    0.000E+00    0.000E+00    0.000E+00
     1.800     0.828    0.157E-01    0.126E-02    0.262E-03    0.390E-06    0.390E-06    0.153E-06    0.153E-06    0.000E+00    0.000E+00    0.000E+00    0.000E+00
     1.800     0.829    0.154E-01    0.123E-02    0.253E-03    0.371E-06    0.371E-06    0.145E-06    0.145E-06    0.000E+00    0.000E+00    0.000E+00    0.000E+00
     1.800     0.830    0.151E-01    0.120E-02    0.245E-03    0.354E-06    0.354E-06    0.139E-06    0.139E-06    0.000E+00    0.000E+00    0.000E+00    0.000E+00
     1.800     0.831    0.148E-01    0.118E-02    0.236E-03    0.338E-06    0.338E-06    0.132E-06    0.132E-06    0.000E+00    0.000E+00    0.000E+00    0.000E+00
     1.800     0.832    0.145E-01    0.115E-02    0.228E-03    0.322E-06    0.322E-06    0.126E-06    0.126E-06    0.000E+00    0.000E+00    0.000E+00    0.000E+00
     1.800     0.833    0.142E-01    0.113E-02    0.220E-03    0.307E-06    0.307E-06    0.120E-06    0.120E-06    0.000E+00    0.000E+00    0.000E+00    0.000E+00
     1.800     0.834    0.140E-01    0.110E-02    0.212E-03    0.293E-06    0.293E-06    0.114E-06    0.114E-06    0.000E+00    0.000E+00    0.000E+00    0.000E+00
     1.800     0.835    0.137E-01    0.108E-02    0.205E-03    0.280E-06    0.280E-06    0.109E-06    0.109E-06    0.000E+00    0.000E+00    0.000E+00    0.000E+00
     1.800     0.836    0.134E-01    0.106E-02    0.198E-03    0.267E-06    0.267E-06    0.104E-06    0.104E-06    0.000E+00    0.000E+00    0.000E+00    0.000E+00
     1.800     0.837    0.131E-01    0.103E-02    0.190E-03    0.253E-06    0.253E-06    0.986E-07    0.986E-07    0.000E+00    0.000E+00    0.000E+00    0.000E+00
     1.800     0.838    0.129E-01    0.101E-02    0.183E-03    0.239E-06    0.239E-06    0.934E-07    0.934E-07    0.000E+00    0.000E+00    0.000E+00    0.000E+00
     1.800     0.839    0.126E-01    0.989E-03    0.177E-03    0.227E-06    0.227E-06    0.884E-07    0.884E-07    0.000E+00    0.000E+00    0.000E+00    0.000E+00
     1.800     0.840    0.124E-01    0.967E-03    0.170E-03    0.215E-06    0.215E-06    0.836E-07    0.836E-07    0.000E+00    0.000E+00    0.000E+00    0.000E+00
     1.800     0.841    0.121E-01    0.946E-03    0.164E-03    0.203E-06    0.203E-06    0.791E-07    0.791E-07    0.000E+00    0.000E+00    0.000E+00    0.000E+00
     1.800     0.842    0.119E-01    0.924E-03    0.157E-03    0.192E-06    0.192E-06    0.747E-07    0.747E-07    0.000E+00    0.000E+00    0.000E+00    0.000E+00
     1.800     0.843    0.116E-01    0.904E-03    0.151E-03    0.182E-06    0.182E-06    0.706E-07    0.706E-07    0.000E+00    0.000E+00    0.000E+00    0.000E+00
     1.800     0.844    0.114E-01    0.883E-03    0.146E-03    0.172E-06    0.172E-06    0.667E-07    0.667E-07    0.000E+00    0.000E+00    0.000E+00    0.000E+00
     1.800     0.845    0.111E-01    0.863E-03    0.140E-03    0.162E-06    0.162E-06    0.631E-07    0.631E-07    0.000E+00    0.000E+00    0.000E+00    0.000E+00
     1.800     0.846    0.109E-01    0.843E-03    0.135E-03    0.153E-06    0.153E-06    0.596E-07    0.596E-07    0.000E+00    0.000E+00    0.000E+00    0.000E+00
     1.800     0.847    0.107E-01    0.824E-03    0.129E-03    0.145E-06    0.145E-06    0.563E-07    0.563E-07    0.000E+00    0.000E+00    0.000E+00    0.000E+00
     1.800     0.848    0.104E-01    0.805E-03    0.124E-03    0.137E-06    0.137E-06    0.531E-07    0.531E-07    0.000E+00    0.000E+00    0.000E+00    0.000E+00
     1.800     0.849    0.102E-01    0.787E-03    0.119E-03    0.130E-06    0.130E-06    0.502E-07    0.502E-07    0.000E+00    0.000E+00    0.000E+00    0.000E+00
     1.800     0.850    0.999E-02    0.768E-03    0.115E-03    0.122E-06    0.122E-06    0.474E-07    0.474E-07    0.000E+00    0.000E+00    0.000E+00    0.000E+00
     1.800     0.851    0.977E-02    0.750E-03    0.110E-03    0.116E-06    0.116E-06    0.448E-07    0.448E-07    0.000E+00    0.000E+00    0.000E+00    0.000E+00
     1.800     0.852    0.955E-02    0.733E-03    0.106E-03    0.110E-06    0.110E-06    0.423E-07    0.423E-07    0.000E+00    0.000E+00    0.000E+00    0.000E+00
     1.800     0.853    0.934E-02    0.716E-03    0.102E-03    0.104E-06    0.104E-06    0.400E-07    0.400E-07    0.000E+00    0.000E+00    0.000E+00    0.000E+00
     1.800     0.854    0.913E-02    0.699E-03    0.975E-04    0.980E-07    0.980E-07    0.379E-07    0.379E-07    0.000E+00    0.000E+00    0.000E+00    0.000E+00
     1.800     0.855    0.893E-02    0.682E-03    0.936E-04    0.928E-07    0.928E-07    0.358E-07    0.358E-07    0.000E+00    0.000E+00    0.000E+00    0.000E+00
     1.800     0.856    0.872E-02    0.666E-03    0.898E-04    0.880E-07    0.880E-07    0.339E-07    0.339E-07    0.000E+00    0.000E+00    0.000E+00    0.000E+00
     1.800     0.857    0.852E-02    0.650E-03    0.861E-04    0.834E-07    0.834E-07    0.322E-07    0.322E-07    0.000E+00    0.000E+00    0.000E+00    0.000E+00
     1.800     0.858    0.833E-02    0.634E-03    0.826E-04    0.791E-07    0.791E-07    0.305E-07    0.305E-07    0.000E+00    0.000E+00    0.000E+00    0.000E+00
     1.800     0.859    0.813E-02    0.619E-03    0.792E-04    0.751E-07    0.751E-07    0.289E-07    0.289E-07    0.000E+00    0.000E+00    0.000E+00    0.000E+00
     1.800     0.860    0.794E-02    0.604E-03    0.758E-04    0.706E-07    0.706E-07    0.272E-07    0.272E-07    0.000E+00    0.000E+00    0.000E+00    0.000E+00
     1.800     0.861    0.776E-02    0.589E-03    0.725E-04    0.661E-07    0.661E-07    0.254E-07    0.254E-07    0.000E+00    0.000E+00    0.000E+00    0.000E+00
     1.800     0.862    0.757E-02    0.574E-03    0.693E-04    0.618E-07    0.618E-07    0.238E-07    0.238E-07    0.000E+00    0.000E+00    0.000E+00    0.000E+00
     1.800     0.863    0.739E-02    0.560E-03    0.662E-04    0.578E-07    0.578E-07    0.222E-07    0.222E-07    0.000E+00    0.000E+00    0.000E+00    0.000E+00
     1.800     0.864    0.721E-02    0.546E-03    0.633E-04    0.541E-07    0.541E-07    0.207E-07    0.207E-07    0.000E+00    0.000E+00    0.000E+00    0.000E+00
     1.800     0.865    0.703E-02    0.532E-03    0.604E-04    0.505E-07    0.505E-07    0.193E-07    0.193E-07    0.000E+00    0.000E+00    0.000E+00    0.000E+00
     1.800     0.866    0.686E-02    0.518E-03    0.577E-04    0.471E-07    0.471E-07    0.180E-07    0.180E-07    0.000E+00    0.000E+00    0.000E+00    0.000E+00
     1.800     0.867    0.669E-02    0.505E-03    0.550E-04    0.440E-07    0.440E-07    0.168E-07    0.168E-07    0.000E+00    0.000E+00    0.000E+00    0.000E+00
     1.800     0.868    0.652E-02    0.492E-03    0.525E-04    0.410E-07    0.410E-07    0.157E-07    0.157E-07    0.000E+00    0.000E+00    0.000E+00    0.000E+00
     1.800     0.869    0.636E-02    0.479E-03    0.501E-04    0.383E-07    0.383E-07    0.146E-07    0.146E-07    0.000E+00    0.000E+00    0.000E+00    0.000E+00
     1.800     0.870    0.620E-02    0.467E-03    0.478E-04    0.357E-07    0.357E-07    0.136E-07    0.136E-07    0.000E+00    0.000E+00    0.000E+00    0.000E+00
     1.800     0.871    0.604E-02    0.454E-03    0.455E-04    0.333E-07    0.333E-07    0.127E-07    0.127E-07    0.000E+00    0.000E+00    0.000E+00    0.000E+00
     1.800     0.872    0.589E-02    0.443E-03    0.434E-04    0.311E-07    0.311E-07    0.118E-07    0.118E-07    0.000E+00    0.000E+00    0.000E+00    0.000E+00
     1.800     0.873    0.573E-02    0.431E-03    0.414E-04    0.290E-07    0.290E-07    0.110E-07    0.110E-07    0.000E+00    0.000E+00    0.000E+00    0.000E+00
     1.800     0.874    0.558E-02    0.419E-03    0.394E-04    0.271E-07    0.271E-07    0.103E-07    0.103E-07    0.000E+00    0.000E+00    0.000E+00    0.000E+00
     1.800     0.875    0.543E-02    0.408E-03    0.375E-04    0.253E-07    0.253E-07    0.958E-08    0.958E-08    0.000E+00    0.000E+00    0.000E+00    0.000E+00
     1.800     0.876    0.529E-02    0.397E-03    0.357E-04    0.237E-07    0.237E-07    0.896E-08    0.896E-08    0.000E+00    0.000E+00    0.000E+00    0.000E+00
     1.800     0.877    0.515E-02    0.386E-03    0.340E-04    0.222E-07    0.222E-07    0.838E-08    0.838E-08    0.000E+00    0.000E+00    0.000E+00    0.000E+00
     1.800     0.878    0.501E-02    0.376E-03    0.324E-04    0.208E-07    0.208E-07    0.786E-08    0.786E-08    0.000E+00    0.000E+00    0.000E+00    0.000E+00
     1.800     0.879    0.487E-02    0.365E-03    0.308E-04    0.196E-07    0.196E-07    0.738E-08    0.738E-08    0.000E+00    0.000E+00    0.000E+00    0.000E+00
     1.800     0.880    0.474E-02    0.355E-03    0.294E-04    0.184E-07    0.184E-07    0.694E-08    0.694E-08    0.000E+00    0.000E+00    0.000E+00    0.000E+00
     1.800     0.881    0.461E-02    0.345E-03    0.279E-04    0.174E-07    0.174E-07    0.655E-08    0.655E-08    0.000E+00    0.000E+00    0.000E+00    0.000E+00
     1.800     0.882    0.448E-02    0.336E-03    0.266E-04    0.164E-07    0.164E-07    0.619E-08    0.619E-08    0.000E+00    0.000E+00    0.000E+00    0.000E+00
     1.800     0.883    0.435E-02    0.326E-03    0.252E-04    0.153E-07    0.153E-07    0.577E-08    0.577E-08    0.000E+00    0.000E+00    0.000E+00    0.000E+00
     1.800     0.884    0.423E-02    0.317E-03    0.239E-04    0.141E-07    0.141E-07    0.529E-08    0.529E-08    0.000E+00    0.000E+00    0.000E+00    0.000E+00
     1.800     0.885    0.410E-02    0.307E-03    0.226E-04    0.129E-07    0.129E-07    0.484E-08    0.484E-08    0.000E+00    0.000E+00    0.000E+00    0.000E+00
     1.800     0.886    0.398E-02    0.298E-03    0.213E-04    0.118E-07    0.118E-07    0.443E-08    0.443E-08    0.000E+00    0.000E+00    0.000E+00    0.000E+00
     1.800     0.887    0.387E-02    0.290E-03    0.202E-04    0.108E-07    0.108E-07    0.404E-08    0.404E-08    0.000E+00    0.000E+00    0.000E+00    0.000E+00
     1.800     0.888    0.375E-02    0.281E-03    0.190E-04    0.990E-08    0.990E-08    0.368E-08    0.368E-08    0.000E+00    0.000E+00    0.000E+00    0.000E+00
     1.800     0.889    0.364E-02    0.273E-03    0.180E-04    0.903E-08    0.903E-08    0.335E-08    0.335E-08    0.000E+00    0.000E+00    0.000E+00    0.000E+00
     1.800     0.890    0.353E-02    0.264E-03    0.170E-04    0.823E-08    0.823E-08    0.304E-08    0.304E-08    0.000E+00    0.000E+00    0.000E+00    0.000E+00
     1.800     0.891    0.342E-02    0.256E-03    0.160E-04    0.749E-08    0.749E-08    0.276E-08    0.276E-08    0.000E+00    0.000E+00    0.000E+00    0.000E+00
     1.800     0.892    0.332E-02    0.248E-03    0.151E-04    0.681E-08    0.681E-08    0.250E-08    0.250E-08    0.000E+00    0.000E+00    0.000E+00    0.000E+00
     1.800     0.893    0.321E-02    0.241E-03    0.142E-04    0.619E-08    0.619E-08    0.227E-08    0.227E-08    0.000E+00    0.000E+00    0.000E+00    0.000E+00
     1.800     0.894    0.311E-02    0.233E-03    0.134E-04    0.563E-08    0.563E-08    0.205E-08    0.205E-08    0.000E+00    0.000E+00    0.000E+00    0.000E+00
     1.800     0.895    0.302E-02    0.226E-03    0.126E-04    0.512E-08    0.512E-08    0.186E-08    0.186E-08    0.000E+00    0.000E+00    0.000E+00    0.000E+00
     1.800     0.896    0.292E-02    0.219E-03    0.119E-04    0.466E-08    0.466E-08    0.169E-08    0.169E-08    0.000E+00    0.000E+00    0.000E+00    0.000E+00
     1.800     0.897    0.282E-02    0.212E-03    0.112E-04    0.425E-08    0.425E-08    0.154E-08    0.154E-08    0.000E+00    0.000E+00    0.000E+00    0.000E+00
     1.800     0.898    0.273E-02    0.205E-03    0.105E-04    0.389E-08    0.389E-08    0.140E-08    0.140E-08    0.000E+00    0.000E+00    0.000E+00    0.000E+00
     1.800     0.899    0.264E-02    0.198E-03    0.989E-05    0.357E-08    0.357E-08    0.128E-08    0.128E-08    0.000E+00    0.000E+00    0.000E+00    0.000E+00
     1.800     0.900    0.255E-02    0.192E-03    0.930E-05    0.329E-08    0.329E-08    0.118E-08    0.118E-08    0.000E+00    0.000E+00    0.000E+00    0.000E+00
     1.800     0.901    0.247E-02    0.185E-03    0.876E-05    0.304E-08    0.304E-08    0.109E-08    0.109E-08    0.000E+00    0.000E+00    0.000E+00    0.000E+00
     1.800     0.902    0.238E-02    0.179E-03    0.825E-05    0.284E-08    0.284E-08    0.101E-08    0.101E-08    0.000E+00    0.000E+00    0.000E+00    0.000E+00
     1.800     0.903    0.230E-02    0.173E-03    0.777E-05    0.266E-08    0.266E-08    0.951E-09    0.951E-09    0.000E+00    0.000E+00    0.000E+00    0.000E+00
     1.800     0.904    0.222E-02    0.167E-03    0.732E-05    0.252E-08    0.252E-08    0.900E-09    0.900E-09    0.000E+00    0.000E+00    0.000E+00    0.000E+00
     1.800     0.905    0.215E-02    0.162E-03    0.690E-05    0.240E-08    0.240E-08    0.859E-09    0.859E-09    0.000E+00    0.000E+00    0.000E+00    0.000E+00
     1.800     0.906    0.207E-02    0.156E-03    0.649E-05    0.228E-08    0.228E-08    0.817E-09    0.817E-09    0.000E+00    0.000E+00    0.000E+00    0.000E+00
     1.800     0.907    0.200E-02    0.150E-03    0.604E-05    0.202E-08    0.202E-08    0.720E-09    0.720E-09    0.000E+00    0.000E+00    0.000E+00    0.000E+00
     1.800     0.908    0.192E-02    0.145E-03    0.561E-05    0.177E-08    0.177E-08    0.630E-09    0.630E-09    0.000E+00    0.000E+00    0.000E+00    0.000E+00
     1.800     0.909    0.185E-02    0.140E-03    0.521E-05    0.155E-08    0.155E-08    0.548E-09    0.548E-09    0.000E+00    0.000E+00    0.000E+00    0.000E+00
     1.800     0.910    0.178E-02    0.135E-03    0.483E-05    0.135E-08    0.135E-08    0.473E-09    0.473E-09    0.000E+00    0.000E+00    0.000E+00    0.000E+00
     1.800     0.911    0.172E-02    0.130E-03    0.447E-05    0.117E-08    0.117E-08    0.405E-09    0.405E-09    0.000E+00    0.000E+00    0.000E+00    0.000E+00
     1.800     0.912    0.165E-02    0.125E-03    0.414E-05    0.100E-08    0.100E-08    0.344E-09    0.344E-09    0.000E+00    0.000E+00    0.000E+00    0.000E+00
     1.800     0.913    0.159E-02    0.120E-03    0.382E-05    0.852E-09    0.852E-09    0.290E-09    0.290E-09    0.000E+00    0.000E+00    0.000E+00    0.000E+00
     1.800     0.914    0.153E-02    0.116E-03    0.353E-05    0.718E-09    0.718E-09    0.241E-09    0.241E-09    0.000E+00    0.000E+00    0.000E+00    0.000E+00
     1.800     0.915    0.147E-02    0.111E-03    0.326E-05    0.601E-09    0.601E-09    0.199E-09    0.199E-09    0.000E+00    0.000E+00    0.000E+00    0.000E+00
     1.800     0.916    0.141E-02    0.107E-03    0.300E-05    0.498E-09    0.498E-09    0.162E-09    0.162E-09    0.000E+00    0.000E+00    0.000E+00    0.000E+00
     1.800     0.917    0.135E-02    0.103E-03    0.277E-05    0.408E-09    0.408E-09    0.130E-09    0.130E-09    0.000E+00    0.000E+00    0.000E+00    0.000E+00
     1.800     0.918    0.130E-02    0.985E-04    0.255E-05    0.332E-09    0.332E-09    0.103E-09    0.103E-09    0.000E+00    0.000E+00    0.000E+00    0.000E+00
     1.800     0.919    0.124E-02    0.945E-04    0.235E-05    0.269E-09    0.269E-09    0.815E-10    0.815E-10    0.000E+00    0.000E+00    0.000E+00    0.000E+00
     1.800     0.920    0.119E-02    0.906E-04    0.216E-05    0.217E-09    0.217E-09    0.640E-10    0.640E-10    0.000E+00    0.000E+00    0.000E+00    0.000E+00
     1.800     0.921    0.114E-02    0.869E-04    0.199E-05    0.176E-09    0.176E-09    0.506E-10    0.506E-10    0.000E+00    0.000E+00    0.000E+00    0.000E+00
     1.800     0.922    0.109E-02    0.833E-04    0.184E-05    0.146E-09    0.146E-09    0.411E-10    0.411E-10    0.000E+00    0.000E+00    0.000E+00    0.000E+00
     1.800     0.923    0.104E-02    0.798E-04    0.170E-05    0.124E-09    0.124E-09    0.352E-10    0.352E-10    0.000E+00    0.000E+00    0.000E+00    0.000E+00
     1.800     0.924    0.998E-03    0.763E-04    0.157E-05    0.112E-09    0.112E-09    0.325E-10    0.325E-10    0.000E+00    0.000E+00    0.000E+00    0.000E+00
     1.800     0.925    0.954E-03    0.730E-04    0.145E-05    0.107E-09    0.107E-09    0.328E-10    0.328E-10    0.000E+00    0.000E+00    0.000E+00    0.000E+00
     1.800     0.926    0.911E-03    0.698E-04    0.135E-05    0.110E-09    0.110E-09    0.357E-10    0.357E-10    0.000E+00    0.000E+00    0.000E+00    0.000E+00
     1.800     0.927    0.869E-03    0.668E-04    0.126E-05    0.119E-09    0.119E-09    0.410E-10    0.410E-10    0.000E+00    0.000E+00    0.000E+00    0.000E+00
     1.800     0.928    0.829E-03    0.638E-04    0.117E-05    0.133E-09    0.133E-09    0.484E-10    0.484E-10    0.000E+00    0.000E+00    0.000E+00    0.000E+00
     1.800     0.929    0.790E-03    0.609E-04    0.110E-05    0.153E-09    0.153E-09    0.575E-10    0.575E-10    0.000E+00    0.000E+00    0.000E+00    0.000E+00
     1.800     0.930    0.752E-03    0.580E-04    0.100E-05    0.135E-09    0.135E-09    0.517E-10    0.517E-10    0.000E+00    0.000E+00    0.000E+00    0.000E+00
     1.800     0.931    0.716E-03    0.553E-04    0.898E-06    0.102E-09    0.102E-09    0.399E-10    0.399E-10    0.000E+00    0.000E+00    0.000E+00    0.000E+00
     1.800     0.932    0.680E-03    0.526E-04    0.801E-06    0.729E-10    0.729E-10    0.292E-10    0.292E-10    0.000E+00    0.000E+00    0.000E+00    0.000E+00
     1.800     0.933    0.646E-03    0.500E-04    0.711E-06    0.468E-10    0.468E-10    0.198E-10    0.198E-10    0.000E+00    0.000E+00    0.000E+00    0.000E+00
     1.800     0.934    0.613E-03    0.475E-04    0.629E-06    0.239E-10    0.239E-10    0.114E-10    0.114E-10    0.000E+00    0.000E+00    0.000E+00    0.000E+00
     1.800     0.935    0.581E-03    0.451E-04    0.554E-06    0.402E-11    0.402E-11    0.416E-11    0.416E-11    0.000E+00    0.000E+00    0.000E+00    0.000E+00
     1.800     0.936    0.551E-03    0.428E-04    0.485E-06    0.000E+00    0.000E+00    0.000E+00    0.000E+00    0.000E+00    0.000E+00    0.000E+00    0.000E+00
     1.800     0.937    0.521E-03    0.406E-04    0.423E-06    0.000E+00    0.000E+00    0.000E+00    0.000E+00    0.000E+00    0.000E+00    0.000E+00    0.000E+00
     1.800     0.938    0.493E-03    0.384E-04    0.367E-06    0.000E+00    0.000E+00    0.000E+00    0.000E+00    0.000E+00    0.000E+00    0.000E+00    0.000E+00
     1.800     0.939    0.466E-03    0.364E-04    0.317E-06    0.000E+00    0.000E+00    0.000E+00    0.000E+00    0.000E+00    0.000E+00    0.000E+00    0.000E+00
     1.800     0.940    0.440E-03    0.344E-04    0.272E-06    0.000E+00    0.000E+00    0.000E+00    0.000E+00    0.000E+00    0.000E+00    0.000E+00    0.000E+00
     1.800     0.941    0.414E-03    0.325E-04    0.233E-06    0.000E+00    0.000E+00    0.000E+00    0.000E+00    0.000E+00    0.000E+00    0.000E+00    0.000E+00
     1.800     0.942    0.390E-03    0.306E-04    0.199E-06    0.000E+00    0.000E+00    0.000E+00    0.000E+00    0.000E+00    0.000E+00    0.000E+00    0.000E+00
     1.800     0.943    0.367E-03    0.289E-04    0.170E-06    0.000E+00    0.000E+00    0.000E+00    0.000E+00    0.000E+00    0.000E+00    0.000E+00    0.000E+00
     1.800     0.944    0.345E-03    0.272E-04    0.145E-06    0.000E+00    0.000E+00    0.000E+00    0.000E+00    0.000E+00    0.000E+00    0.000E+00    0.000E+00
     1.800     0.945    0.324E-03    0.255E-04    0.124E-06    0.000E+00    0.000E+00    0.000E+00    0.000E+00    0.000E+00    0.000E+00    0.000E+00    0.000E+00
     1.800     0.946    0.304E-03    0.240E-04    0.108E-06    0.000E+00    0.000E+00    0.000E+00    0.000E+00    0.000E+00    0.000E+00    0.000E+00    0.000E+00
     1.800     0.947    0.284E-03    0.225E-04    0.950E-07    0.000E+00    0.000E+00    0.000E+00    0.000E+00    0.000E+00    0.000E+00    0.000E+00    0.000E+00
     1.800     0.948    0.266E-03    0.211E-04    0.855E-07    0.000E+00    0.000E+00    0.000E+00    0.000E+00    0.000E+00    0.000E+00    0.000E+00    0.000E+00
     1.800     0.949    0.248E-03    0.197E-04    0.791E-07    0.000E+00    0.000E+00    0.000E+00    0.000E+00    0.000E+00    0.000E+00    0.000E+00    0.000E+00
     1.800     0.950    0.231E-03    0.184E-04    0.756E-07    0.000E+00    0.000E+00    0.000E+00    0.000E+00    0.000E+00    0.000E+00    0.000E+00    0.000E+00
     1.800     0.951    0.215E-03    0.172E-04    0.747E-07    0.000E+00    0.000E+00    0.000E+00    0.000E+00    0.000E+00    0.000E+00    0.000E+00    0.000E+00
     1.800     0.952    0.200E-03    0.160E-04    0.760E-07    0.000E+00    0.000E+00    0.000E+00    0.000E+00    0.000E+00    0.000E+00    0.000E+00    0.000E+00
     1.800     0.953    0.185E-03    0.148E-04    0.755E-07    0.000E+00    0.000E+00    0.000E+00    0.000E+00    0.000E+00    0.000E+00    0.000E+00    0.000E+00
     1.800     0.954    0.171E-03    0.137E-04    0.596E-07    0.000E+00    0.000E+00    0.000E+00    0.000E+00    0.000E+00    0.000E+00    0.000E+00    0.000E+00
     1.800     0.955    0.157E-03    0.126E-04    0.454E-07    0.000E+00    0.000E+00    0.000E+00    0.000E+00    0.000E+00    0.000E+00    0.000E+00    0.000E+00
     1.800     0.956    0.143E-03    0.115E-04    0.327E-07    0.000E+00    0.000E+00    0.000E+00    0.000E+00    0.000E+00    0.000E+00    0.000E+00    0.000E+00
     1.800     0.957    0.131E-03    0.105E-04    0.216E-07    0.000E+00    0.000E+00    0.000E+00    0.000E+00    0.000E+00    0.000E+00    0.000E+00    0.000E+00
     1.800     0.958    0.118E-03    0.958E-05    0.118E-07    0.000E+00    0.000E+00    0.000E+00    0.000E+00    0.000E+00    0.000E+00    0.000E+00    0.000E+00
     1.800     0.959    0.107E-03    0.868E-05    0.345E-08    0.000E+00    0.000E+00    0.000E+00    0.000E+00    0.000E+00    0.000E+00    0.000E+00    0.000E+00
     1.800     0.960    0.963E-04    0.783E-05    0.000E+00    0.000E+00    0.000E+00    0.000E+00    0.000E+00    0.000E+00    0.000E+00    0.000E+00    0.000E+00
     1.800     0.961    0.862E-04    0.702E-05    0.000E+00    0.000E+00    0.000E+00    0.000E+00    0.000E+00    0.000E+00    0.000E+00    0.000E+00    0.000E+00
     1.800     0.962    0.766E-04    0.626E-05    0.000E+00    0.000E+00    0.000E+00    0.000E+00    0.000E+00    0.000E+00    0.000E+00    0.000E+00    0.000E+00
     1.800     0.963    0.676E-04    0.554E-05    0.000E+00    0.000E+00    0.000E+00    0.000E+00    0.000E+00    0.000E+00    0.000E+00    0.000E+00    0.000E+00
     1.800     0.964    0.592E-04    0.487E-05    0.000E+00    0.000E+00    0.000E+00    0.000E+00    0.000E+00    0.000E+00    0.000E+00    0.000E+00    0.000E+00
     1.800     0.965    0.514E-04    0.424E-05    0.000E+00    0.000E+00    0.000E+00    0.000E+00    0.000E+00    0.000E+00    0.000E+00    0.000E+00    0.000E+00
     1.800     0.966    0.441E-04    0.365E-05    0.000E+00    0.000E+00    0.000E+00    0.000E+00    0.000E+00    0.000E+00    0.000E+00    0.000E+00    0.000E+00
     1.800     0.967    0.373E-04    0.310E-05    0.000E+00    0.000E+00    0.000E+00    0.000E+00    0.000E+00    0.000E+00    0.000E+00    0.000E+00    0.000E+00
     1.800     0.968    0.310E-04    0.258E-05    0.000E+00    0.000E+00    0.000E+00    0.000E+00    0.000E+00    0.000E+00    0.000E+00    0.000E+00    0.000E+00
     1.800     0.969    0.252E-04    0.211E-05    0.000E+00    0.000E+00    0.000E+00    0.000E+00    0.000E+00    0.000E+00    0.000E+00    0.000E+00    0.000E+00
     1.800     0.970    0.199E-04    0.167E-05    0.000E+00    0.000E+00    0.000E+00    0.000E+00    0.000E+00    0.000E+00    0.000E+00    0.000E+00    0.000E+00
     1.800     0.971    0.151E-04    0.127E-05    0.000E+00    0.000E+00    0.000E+00    0.000E+00    0.000E+00    0.000E+00    0.000E+00    0.000E+00    0.000E+00
     1.800     0.972    0.107E-04    0.903E-06    0.000E+00    0.000E+00    0.000E+00    0.000E+00    0.000E+00    0.000E+00    0.000E+00    0.000E+00    0.000E+00
     1.800     0.973    0.670E-05    0.569E-06    0.000E+00    0.000E+00    0.000E+00    0.000E+00    0.000E+00    0.000E+00    0.000E+00    0.000E+00    0.000E+00
     1.800     0.974    0.313E-05    0.268E-06    0.000E+00    0.105E-13    0.105E-13    0.000E+00    0.000E+00    0.000E+00    0.000E+00    0.000E+00    0.000E+00
     1.800     0.975    0.000E+00    0.000E+00    0.127E-08    0.124E-11    0.124E-11    0.396E-12    0.396E-12    0.000E+00    0.000E+00    0.000E+00    0.000E+00
     1.800     0.976    0.000E+00    0.000E+00    0.594E-08    0.249E-11    0.249E-11    0.867E-12    0.867E-12    0.000E+00    0.000E+00    0.000E+00    0.000E+00
     1.800     0.977    0.000E+00    0.000E+00    0.108E-07    0.373E-11    0.373E-11    0.134E-11    0.134E-11    0.000E+00    0.000E+00    0.000E+00    0.000E+00
     1.800     0.978    0.000E+00    0.000E+00    0.157E-07    0.496E-11    0.496E-11    0.180E-11    0.180E-11    0.000E+00    0.000E+00    0.000E+00    0.000E+00
     1.800     0.979    0.000E+00    0.000E+00    0.206E-07    0.616E-11    0.616E-11    0.225E-11    0.225E-11    0.000E+00    0.000E+00    0.000E+00    0.000E+00
     1.800     0.980    0.000E+00    0.000E+00    0.255E-07    0.732E-11    0.732E-11    0.269E-11    0.269E-11    0.000E+00    0.000E+00    0.000E+00    0.000E+00
     1.800     0.981    0.000E+00    0.000E+00    0.302E-07    0.842E-11    0.842E-11    0.311E-11    0.311E-11    0.000E+00    0.000E+00    0.000E+00    0.000E+00
     1.800     0.982    0.000E+00    0.000E+00    0.348E-07    0.945E-11    0.945E-11    0.350E-11    0.350E-11    0.000E+00    0.000E+00    0.000E+00    0.000E+00
     1.800     0.983    0.000E+00    0.000E+00    0.391E-07    0.104E-10    0.104E-10    0.386E-11    0.386E-11    0.000E+00    0.000E+00    0.000E+00    0.000E+00
     1.800     0.984    0.000E+00    0.000E+00    0.430E-07    0.112E-10    0.112E-10    0.418E-11    0.418E-11    0.000E+00    0.000E+00    0.000E+00    0.000E+00
     1.800     0.985    0.000E+00    0.000E+00    0.465E-07    0.120E-10    0.120E-10    0.446E-11    0.446E-11    0.000E+00    0.000E+00    0.000E+00    0.000E+00
     1.800     0.986    0.000E+00    0.000E+00    0.496E-07    0.126E-10    0.126E-10    0.469E-11    0.469E-11    0.000E+00    0.000E+00    0.000E+00    0.000E+00
     1.800     0.987    0.000E+00    0.000E+00    0.520E-07    0.131E-10    0.131E-10    0.487E-11    0.487E-11    0.000E+00    0.000E+00    0.000E+00    0.000E+00
     1.800     0.988    0.000E+00    0.000E+00    0.539E-07    0.134E-10    0.134E-10    0.500E-11    0.500E-11    0.000E+00    0.000E+00    0.000E+00    0.000E+00
     1.800     0.989    0.000E+00    0.000E+00    0.550E-07    0.135E-10    0.135E-10    0.506E-11    0.506E-11    0.000E+00    0.000E+00    0.000E+00    0.000E+00
     1.800     0.990    0.000E+00    0.000E+00    0.554E-07    0.135E-10    0.135E-10    0.505E-11    0.505E-11    0.000E+00    0.000E+00    0.000E+00    0.000E+00
     1.800     0.991    0.000E+00    0.000E+00    0.549E-07    0.133E-10    0.133E-10    0.497E-11    0.497E-11    0.000E+00    0.000E+00    0.000E+00    0.000E+00
     1.800     0.992    0.000E+00    0.000E+00    0.535E-07    0.128E-10    0.128E-10    0.480E-11    0.480E-11    0.000E+00    0.000E+00    0.000E+00    0.000E+00
     1.800     0.993    0.000E+00    0.000E+00    0.511E-07    0.122E-10    0.122E-10    0.456E-11    0.456E-11    0.000E+00    0.000E+00    0.000E+00    0.000E+00
     1.800     0.994    0.000E+00    0.000E+00    0.476E-07    0.113E-10    0.113E-10    0.422E-11    0.422E-11    0.000E+00    0.000E+00    0.000E+00    0.000E+00
     1.800     0.995    0.000E+00    0.000E+00    0.430E-07    0.101E-10    0.101E-10    0.379E-11    0.379E-11    0.000E+00    0.000E+00    0.000E+00    0.000E+00
     1.800     0.996    0.000E+00    0.000E+00    0.372E-07    0.867E-11    0.867E-11    0.325E-11    0.325E-11    0.000E+00    0.000E+00    0.000E+00    0.000E+00
     1.800     0.997    0.000E+00    0.000E+00    0.300E-07    0.697E-11    0.697E-11    0.261E-11    0.261E-11    0.000E+00    0.000E+00    0.000E+00    0.000E+00
     1.800     0.998    0.000E+00    0.000E+00    0.215E-07    0.496E-11    0.496E-11    0.186E-11    0.186E-11    0.000E+00    0.000E+00    0.000E+00    0.000E+00
     1.800     0.999    0.000E+00    0.000E+00    0.115E-07    0.264E-11    0.264E-11    0.993E-12    0.993E-12    0.000E+00    0.000E+00    0.000E+00    0.000E+00

