     Q**2          x         u           d           g          ub          db          sb          s          cb          c          bb          b
     2.025     0.001    0.438E+00    0.399E+00    0.304E+01    0.378E+00    0.384E+00    0.159E+00    0.159E+00    0.117E-01    0.117E-01    0.000E+00    0.000E+00
     2.025     0.002    0.408E+00    0.367E+00    0.277E+01    0.330E+00    0.340E+00    0.141E+00    0.141E+00    0.107E-01    0.107E-01    0.000E+00    0.000E+00
     2.025     0.003    0.394E+00    0.353E+00    0.262E+01    0.304E+00    0.316E+00    0.130E+00    0.130E+00    0.101E-01    0.101E-01    0.000E+00    0.000E+00
     2.025     0.004    0.387E+00    0.348E+00    0.253E+01    0.286E+00    0.301E+00    0.123E+00    0.123E+00    0.968E-02    0.968E-02    0.000E+00    0.000E+00
     2.025     0.005    0.383E+00    0.345E+00    0.246E+01    0.273E+00    0.290E+00    0.118E+00    0.118E+00    0.937E-02    0.937E-02    0.000E+00    0.000E+00
     2.025     0.006    0.381E+00    0.344E+00    0.240E+01    0.263E+00    0.281E+00    0.114E+00    0.114E+00    0.910E-02    0.910E-02    0.000E+00    0.000E+00
     2.025     0.007    0.380E+00    0.345E+00    0.236E+01    0.254E+00    0.274E+00    0.111E+00    0.111E+00    0.889E-02    0.889E-02    0.000E+00    0.000E+00
     2.025     0.008    0.379E+00    0.345E+00    0.231E+01    0.246E+00    0.266E+00    0.108E+00    0.108E+00    0.867E-02    0.867E-02    0.000E+00    0.000E+00
     2.025     0.009    0.379E+00    0.346E+00    0.228E+01    0.240E+00    0.261E+00    0.105E+00    0.105E+00    0.850E-02    0.850E-02    0.000E+00    0.000E+00
     2.025     0.010    0.379E+00    0.347E+00    0.224E+01    0.233E+00    0.255E+00    0.103E+00    0.103E+00    0.832E-02    0.832E-02    0.000E+00    0.000E+00
     2.025     0.011    0.381E+00    0.349E+00    0.222E+01    0.229E+00    0.250E+00    0.101E+00    0.101E+00    0.817E-02    0.817E-02    0.000E+00    0.000E+00
     2.025     0.012    0.381E+00    0.350E+00    0.219E+01    0.224E+00    0.245E+00    0.986E-01    0.986E-01    0.802E-02    0.802E-02    0.000E+00    0.000E+00
     2.025     0.013    0.383E+00    0.351E+00    0.217E+01    0.219E+00    0.241E+00    0.968E-01    0.968E-01    0.788E-02    0.788E-02    0.000E+00    0.000E+00
     2.025     0.014    0.385E+00    0.353E+00    0.215E+01    0.216E+00    0.237E+00    0.952E-01    0.952E-01    0.777E-02    0.777E-02    0.000E+00    0.000E+00
     2.025     0.015    0.386E+00    0.355E+00    0.212E+01    0.212E+00    0.233E+00    0.935E-01    0.935E-01    0.764E-02    0.764E-02    0.000E+00    0.000E+00
     2.025     0.016    0.388E+00    0.356E+00    0.210E+01    0.208E+00    0.229E+00    0.921E-01    0.921E-01    0.752E-02    0.752E-02    0.000E+00    0.000E+00
     2.025     0.017    0.390E+00    0.358E+00    0.209E+01    0.205E+00    0.226E+00    0.908E-01    0.908E-01    0.742E-02    0.742E-02    0.000E+00    0.000E+00
     2.025     0.018    0.392E+00    0.359E+00    0.207E+01    0.202E+00    0.223E+00    0.894E-01    0.894E-01    0.731E-02    0.731E-02    0.000E+00    0.000E+00
     2.025     0.019    0.394E+00    0.361E+00    0.205E+01    0.200E+00    0.220E+00    0.881E-01    0.881E-01    0.721E-02    0.721E-02    0.000E+00    0.000E+00
     2.025     0.020    0.396E+00    0.362E+00    0.204E+01    0.197E+00    0.217E+00    0.870E-01    0.870E-01    0.711E-02    0.711E-02    0.000E+00    0.000E+00
     2.025     0.021    0.398E+00    0.364E+00    0.203E+01    0.195E+00    0.214E+00    0.859E-01    0.859E-01    0.702E-02    0.702E-02    0.000E+00    0.000E+00
     2.025     0.022    0.401E+00    0.365E+00    0.201E+01    0.192E+00    0.211E+00    0.848E-01    0.848E-01    0.693E-02    0.693E-02    0.000E+00    0.000E+00
     2.025     0.023    0.403E+00    0.367E+00    0.200E+01    0.190E+00    0.208E+00    0.837E-01    0.837E-01    0.684E-02    0.684E-02    0.000E+00    0.000E+00
     2.025     0.024    0.405E+00    0.368E+00    0.198E+01    0.187E+00    0.205E+00    0.826E-01    0.826E-01    0.675E-02    0.675E-02    0.000E+00    0.000E+00
     2.025     0.025    0.407E+00    0.369E+00    0.197E+01    0.185E+00    0.203E+00    0.816E-01    0.816E-01    0.667E-02    0.667E-02    0.000E+00    0.000E+00
     2.025     0.026    0.410E+00    0.371E+00    0.196E+01    0.183E+00    0.201E+00    0.807E-01    0.807E-01    0.659E-02    0.659E-02    0.000E+00    0.000E+00
     2.025     0.027    0.412E+00    0.372E+00    0.195E+01    0.181E+00    0.198E+00    0.798E-01    0.798E-01    0.651E-02    0.651E-02    0.000E+00    0.000E+00
     2.025     0.028    0.414E+00    0.373E+00    0.194E+01    0.179E+00    0.196E+00    0.788E-01    0.788E-01    0.643E-02    0.643E-02    0.000E+00    0.000E+00
     2.025     0.029    0.416E+00    0.374E+00    0.192E+01    0.177E+00    0.193E+00    0.780E-01    0.780E-01    0.635E-02    0.635E-02    0.000E+00    0.000E+00
     2.025     0.030    0.419E+00    0.375E+00    0.191E+01    0.176E+00    0.191E+00    0.772E-01    0.772E-01    0.628E-02    0.628E-02    0.000E+00    0.000E+00
     2.025     0.031    0.421E+00    0.377E+00    0.191E+01    0.174E+00    0.189E+00    0.764E-01    0.764E-01    0.622E-02    0.622E-02    0.000E+00    0.000E+00
     2.025     0.032    0.424E+00    0.378E+00    0.190E+01    0.173E+00    0.187E+00    0.757E-01    0.757E-01    0.615E-02    0.615E-02    0.000E+00    0.000E+00
     2.025     0.033    0.426E+00    0.379E+00    0.189E+01    0.171E+00    0.185E+00    0.749E-01    0.749E-01    0.608E-02    0.608E-02    0.000E+00    0.000E+00
     2.025     0.034    0.428E+00    0.380E+00    0.188E+01    0.169E+00    0.183E+00    0.742E-01    0.742E-01    0.602E-02    0.602E-02    0.000E+00    0.000E+00
     2.025     0.035    0.431E+00    0.381E+00    0.187E+01    0.168E+00    0.182E+00    0.735E-01    0.735E-01    0.595E-02    0.595E-02    0.000E+00    0.000E+00
     2.025     0.036    0.433E+00    0.382E+00    0.186E+01    0.167E+00    0.180E+00    0.728E-01    0.728E-01    0.589E-02    0.589E-02    0.000E+00    0.000E+00
     2.025     0.037    0.436E+00    0.383E+00    0.185E+01    0.165E+00    0.178E+00    0.722E-01    0.722E-01    0.584E-02    0.584E-02    0.000E+00    0.000E+00
     2.025     0.038    0.438E+00    0.384E+00    0.184E+01    0.164E+00    0.177E+00    0.716E-01    0.716E-01    0.578E-02    0.578E-02    0.000E+00    0.000E+00
     2.025     0.039    0.440E+00    0.384E+00    0.183E+01    0.163E+00    0.175E+00    0.710E-01    0.710E-01    0.572E-02    0.572E-02    0.000E+00    0.000E+00
     2.025     0.040    0.443E+00    0.385E+00    0.183E+01    0.161E+00    0.173E+00    0.703E-01    0.703E-01    0.566E-02    0.566E-02    0.000E+00    0.000E+00
     2.025     0.041    0.445E+00    0.386E+00    0.182E+01    0.160E+00    0.172E+00    0.697E-01    0.697E-01    0.560E-02    0.560E-02    0.000E+00    0.000E+00
     2.025     0.042    0.447E+00    0.387E+00    0.181E+01    0.158E+00    0.170E+00    0.691E-01    0.691E-01    0.555E-02    0.555E-02    0.000E+00    0.000E+00
     2.025     0.043    0.450E+00    0.388E+00    0.180E+01    0.157E+00    0.169E+00    0.685E-01    0.685E-01    0.549E-02    0.549E-02    0.000E+00    0.000E+00
     2.025     0.044    0.452E+00    0.388E+00    0.179E+01    0.156E+00    0.167E+00    0.679E-01    0.679E-01    0.544E-02    0.544E-02    0.000E+00    0.000E+00
     2.025     0.045    0.454E+00    0.389E+00    0.179E+01    0.154E+00    0.166E+00    0.673E-01    0.673E-01    0.539E-02    0.539E-02    0.000E+00    0.000E+00
     2.025     0.046    0.456E+00    0.390E+00    0.178E+01    0.153E+00    0.165E+00    0.668E-01    0.668E-01    0.534E-02    0.534E-02    0.000E+00    0.000E+00
     2.025     0.047    0.459E+00    0.391E+00    0.177E+01    0.152E+00    0.163E+00    0.662E-01    0.662E-01    0.528E-02    0.528E-02    0.000E+00    0.000E+00
     2.025     0.048    0.461E+00    0.391E+00    0.176E+01    0.151E+00    0.162E+00    0.656E-01    0.656E-01    0.523E-02    0.523E-02    0.000E+00    0.000E+00
     2.025     0.049    0.463E+00    0.392E+00    0.175E+01    0.149E+00    0.161E+00    0.651E-01    0.651E-01    0.518E-02    0.518E-02    0.000E+00    0.000E+00
     2.025     0.050    0.465E+00    0.393E+00    0.175E+01    0.148E+00    0.159E+00    0.645E-01    0.645E-01    0.513E-02    0.513E-02    0.000E+00    0.000E+00
     2.025     0.051    0.467E+00    0.393E+00    0.174E+01    0.147E+00    0.158E+00    0.640E-01    0.640E-01    0.508E-02    0.508E-02    0.000E+00    0.000E+00
     2.025     0.052    0.469E+00    0.394E+00    0.173E+01    0.146E+00    0.157E+00    0.635E-01    0.635E-01    0.503E-02    0.503E-02    0.000E+00    0.000E+00
     2.025     0.053    0.472E+00    0.394E+00    0.172E+01    0.144E+00    0.156E+00    0.630E-01    0.630E-01    0.499E-02    0.499E-02    0.000E+00    0.000E+00
     2.025     0.054    0.474E+00    0.395E+00    0.172E+01    0.143E+00    0.155E+00    0.625E-01    0.625E-01    0.494E-02    0.494E-02    0.000E+00    0.000E+00
     2.025     0.055    0.476E+00    0.396E+00    0.171E+01    0.142E+00    0.154E+00    0.620E-01    0.620E-01    0.489E-02    0.489E-02    0.000E+00    0.000E+00
     2.025     0.056    0.478E+00    0.396E+00    0.170E+01    0.141E+00    0.153E+00    0.615E-01    0.615E-01    0.485E-02    0.485E-02    0.000E+00    0.000E+00
     2.025     0.057    0.480E+00    0.397E+00    0.169E+01    0.140E+00    0.151E+00    0.611E-01    0.611E-01    0.480E-02    0.480E-02    0.000E+00    0.000E+00
     2.025     0.058    0.482E+00    0.397E+00    0.169E+01    0.138E+00    0.150E+00    0.606E-01    0.606E-01    0.476E-02    0.476E-02    0.000E+00    0.000E+00
     2.025     0.059    0.484E+00    0.398E+00    0.168E+01    0.137E+00    0.149E+00    0.601E-01    0.601E-01    0.471E-02    0.471E-02    0.000E+00    0.000E+00
     2.025     0.060    0.486E+00    0.398E+00    0.167E+01    0.136E+00    0.148E+00    0.597E-01    0.597E-01    0.467E-02    0.467E-02    0.000E+00    0.000E+00
     2.025     0.061    0.488E+00    0.399E+00    0.167E+01    0.135E+00    0.147E+00    0.593E-01    0.593E-01    0.463E-02    0.463E-02    0.000E+00    0.000E+00
     2.025     0.062    0.490E+00    0.399E+00    0.166E+01    0.134E+00    0.147E+00    0.588E-01    0.588E-01    0.459E-02    0.459E-02    0.000E+00    0.000E+00
     2.025     0.063    0.492E+00    0.400E+00    0.165E+01    0.133E+00    0.146E+00    0.584E-01    0.584E-01    0.455E-02    0.455E-02    0.000E+00    0.000E+00
     2.025     0.064    0.494E+00    0.400E+00    0.165E+01    0.132E+00    0.145E+00    0.580E-01    0.580E-01    0.451E-02    0.451E-02    0.000E+00    0.000E+00
     2.025     0.065    0.496E+00    0.400E+00    0.164E+01    0.130E+00    0.144E+00    0.575E-01    0.575E-01    0.446E-02    0.446E-02    0.000E+00    0.000E+00
     2.025     0.066    0.498E+00    0.401E+00    0.163E+01    0.129E+00    0.143E+00    0.571E-01    0.571E-01    0.442E-02    0.442E-02    0.000E+00    0.000E+00
     2.025     0.067    0.500E+00    0.401E+00    0.162E+01    0.128E+00    0.142E+00    0.567E-01    0.567E-01    0.438E-02    0.438E-02    0.000E+00    0.000E+00
     2.025     0.068    0.502E+00    0.401E+00    0.162E+01    0.127E+00    0.141E+00    0.563E-01    0.563E-01    0.434E-02    0.434E-02    0.000E+00    0.000E+00
     2.025     0.069    0.504E+00    0.402E+00    0.161E+01    0.126E+00    0.140E+00    0.558E-01    0.558E-01    0.430E-02    0.430E-02    0.000E+00    0.000E+00
     2.025     0.070    0.506E+00    0.402E+00    0.160E+01    0.125E+00    0.140E+00    0.554E-01    0.554E-01    0.427E-02    0.427E-02    0.000E+00    0.000E+00
     2.025     0.071    0.507E+00    0.403E+00    0.160E+01    0.124E+00    0.139E+00    0.550E-01    0.550E-01    0.423E-02    0.423E-02    0.000E+00    0.000E+00
     2.025     0.072    0.509E+00    0.403E+00    0.159E+01    0.123E+00    0.138E+00    0.547E-01    0.547E-01    0.419E-02    0.419E-02    0.000E+00    0.000E+00
     2.025     0.073    0.511E+00    0.403E+00    0.158E+01    0.122E+00    0.137E+00    0.543E-01    0.543E-01    0.415E-02    0.415E-02    0.000E+00    0.000E+00
     2.025     0.074    0.513E+00    0.404E+00    0.158E+01    0.121E+00    0.136E+00    0.539E-01    0.539E-01    0.412E-02    0.412E-02    0.000E+00    0.000E+00
     2.025     0.075    0.515E+00    0.404E+00    0.157E+01    0.120E+00    0.136E+00    0.535E-01    0.535E-01    0.408E-02    0.408E-02    0.000E+00    0.000E+00
     2.025     0.076    0.517E+00    0.404E+00    0.156E+01    0.118E+00    0.135E+00    0.531E-01    0.531E-01    0.404E-02    0.404E-02    0.000E+00    0.000E+00
     2.025     0.077    0.518E+00    0.404E+00    0.156E+01    0.117E+00    0.134E+00    0.527E-01    0.527E-01    0.401E-02    0.401E-02    0.000E+00    0.000E+00
     2.025     0.078    0.520E+00    0.405E+00    0.155E+01    0.116E+00    0.134E+00    0.524E-01    0.524E-01    0.397E-02    0.397E-02    0.000E+00    0.000E+00
     2.025     0.079    0.522E+00    0.405E+00    0.154E+01    0.115E+00    0.133E+00    0.520E-01    0.520E-01    0.394E-02    0.394E-02    0.000E+00    0.000E+00
     2.025     0.080    0.524E+00    0.405E+00    0.154E+01    0.114E+00    0.132E+00    0.516E-01    0.516E-01    0.390E-02    0.390E-02    0.000E+00    0.000E+00
     2.025     0.081    0.525E+00    0.405E+00    0.153E+01    0.113E+00    0.131E+00    0.513E-01    0.513E-01    0.387E-02    0.387E-02    0.000E+00    0.000E+00
     2.025     0.082    0.527E+00    0.405E+00    0.152E+01    0.112E+00    0.131E+00    0.509E-01    0.509E-01    0.383E-02    0.383E-02    0.000E+00    0.000E+00
     2.025     0.083    0.529E+00    0.406E+00    0.152E+01    0.111E+00    0.130E+00    0.506E-01    0.506E-01    0.380E-02    0.380E-02    0.000E+00    0.000E+00
     2.025     0.084    0.531E+00    0.406E+00    0.151E+01    0.110E+00    0.129E+00    0.502E-01    0.502E-01    0.377E-02    0.377E-02    0.000E+00    0.000E+00
     2.025     0.085    0.532E+00    0.406E+00    0.150E+01    0.109E+00    0.129E+00    0.499E-01    0.499E-01    0.374E-02    0.374E-02    0.000E+00    0.000E+00
     2.025     0.086    0.534E+00    0.406E+00    0.150E+01    0.108E+00    0.128E+00    0.495E-01    0.495E-01    0.370E-02    0.370E-02    0.000E+00    0.000E+00
     2.025     0.087    0.536E+00    0.406E+00    0.149E+01    0.107E+00    0.128E+00    0.492E-01    0.492E-01    0.367E-02    0.367E-02    0.000E+00    0.000E+00
     2.025     0.088    0.537E+00    0.406E+00    0.148E+01    0.107E+00    0.127E+00    0.489E-01    0.489E-01    0.364E-02    0.364E-02    0.000E+00    0.000E+00
     2.025     0.089    0.539E+00    0.407E+00    0.148E+01    0.106E+00    0.126E+00    0.485E-01    0.485E-01    0.361E-02    0.361E-02    0.000E+00    0.000E+00
     2.025     0.090    0.541E+00    0.407E+00    0.147E+01    0.105E+00    0.126E+00    0.482E-01    0.482E-01    0.357E-02    0.357E-02    0.000E+00    0.000E+00
     2.025     0.091    0.542E+00    0.407E+00    0.147E+01    0.104E+00    0.125E+00    0.479E-01    0.479E-01    0.354E-02    0.354E-02    0.000E+00    0.000E+00
     2.025     0.092    0.544E+00    0.407E+00    0.146E+01    0.103E+00    0.124E+00    0.475E-01    0.475E-01    0.351E-02    0.351E-02    0.000E+00    0.000E+00
     2.025     0.093    0.546E+00    0.407E+00    0.145E+01    0.102E+00    0.124E+00    0.472E-01    0.472E-01    0.348E-02    0.348E-02    0.000E+00    0.000E+00
     2.025     0.094    0.547E+00    0.407E+00    0.145E+01    0.101E+00    0.123E+00    0.469E-01    0.469E-01    0.345E-02    0.345E-02    0.000E+00    0.000E+00
     2.025     0.095    0.549E+00    0.407E+00    0.144E+01    0.100E+00    0.123E+00    0.466E-01    0.466E-01    0.342E-02    0.342E-02    0.000E+00    0.000E+00
     2.025     0.096    0.550E+00    0.407E+00    0.143E+01    0.992E-01    0.122E+00    0.463E-01    0.463E-01    0.339E-02    0.339E-02    0.000E+00    0.000E+00
     2.025     0.097    0.552E+00    0.407E+00    0.143E+01    0.984E-01    0.121E+00    0.460E-01    0.460E-01    0.336E-02    0.336E-02    0.000E+00    0.000E+00
     2.025     0.098    0.553E+00    0.407E+00    0.142E+01    0.975E-01    0.121E+00    0.457E-01    0.457E-01    0.333E-02    0.333E-02    0.000E+00    0.000E+00
     2.025     0.099    0.555E+00    0.407E+00    0.141E+01    0.966E-01    0.120E+00    0.454E-01    0.454E-01    0.330E-02    0.330E-02    0.000E+00    0.000E+00
     2.025     0.100    0.557E+00    0.407E+00    0.141E+01    0.958E-01    0.120E+00    0.451E-01    0.451E-01    0.328E-02    0.328E-02    0.000E+00    0.000E+00
     2.025     0.101    0.558E+00    0.407E+00    0.140E+01    0.949E-01    0.119E+00    0.448E-01    0.448E-01    0.325E-02    0.325E-02    0.000E+00    0.000E+00
     2.025     0.102    0.560E+00    0.407E+00    0.140E+01    0.941E-01    0.119E+00    0.445E-01    0.445E-01    0.322E-02    0.322E-02    0.000E+00    0.000E+00
     2.025     0.103    0.561E+00    0.407E+00    0.139E+01    0.933E-01    0.118E+00    0.442E-01    0.442E-01    0.319E-02    0.319E-02    0.000E+00    0.000E+00
     2.025     0.104    0.563E+00    0.407E+00    0.138E+01    0.925E-01    0.117E+00    0.439E-01    0.439E-01    0.316E-02    0.316E-02    0.000E+00    0.000E+00
     2.025     0.105    0.564E+00    0.407E+00    0.138E+01    0.917E-01    0.117E+00    0.436E-01    0.436E-01    0.314E-02    0.314E-02    0.000E+00    0.000E+00
     2.025     0.106    0.566E+00    0.407E+00    0.137E+01    0.909E-01    0.116E+00    0.433E-01    0.433E-01    0.311E-02    0.311E-02    0.000E+00    0.000E+00
     2.025     0.107    0.567E+00    0.407E+00    0.136E+01    0.901E-01    0.116E+00    0.430E-01    0.430E-01    0.308E-02    0.308E-02    0.000E+00    0.000E+00
     2.025     0.108    0.569E+00    0.407E+00    0.136E+01    0.893E-01    0.115E+00    0.427E-01    0.427E-01    0.306E-02    0.306E-02    0.000E+00    0.000E+00
     2.025     0.109    0.570E+00    0.407E+00    0.135E+01    0.886E-01    0.115E+00    0.425E-01    0.425E-01    0.303E-02    0.303E-02    0.000E+00    0.000E+00
     2.025     0.110    0.572E+00    0.407E+00    0.135E+01    0.878E-01    0.114E+00    0.422E-01    0.422E-01    0.300E-02    0.300E-02    0.000E+00    0.000E+00
     2.025     0.111    0.573E+00    0.407E+00    0.134E+01    0.871E-01    0.113E+00    0.419E-01    0.419E-01    0.298E-02    0.298E-02    0.000E+00    0.000E+00
     2.025     0.112    0.574E+00    0.407E+00    0.133E+01    0.863E-01    0.113E+00    0.416E-01    0.416E-01    0.295E-02    0.295E-02    0.000E+00    0.000E+00
     2.025     0.113    0.576E+00    0.406E+00    0.133E+01    0.856E-01    0.112E+00    0.413E-01    0.413E-01    0.293E-02    0.293E-02    0.000E+00    0.000E+00
     2.025     0.114    0.577E+00    0.406E+00    0.132E+01    0.848E-01    0.112E+00    0.411E-01    0.411E-01    0.290E-02    0.290E-02    0.000E+00    0.000E+00
     2.025     0.115    0.579E+00    0.406E+00    0.131E+01    0.841E-01    0.111E+00    0.408E-01    0.408E-01    0.288E-02    0.288E-02    0.000E+00    0.000E+00
     2.025     0.116    0.580E+00    0.406E+00    0.131E+01    0.834E-01    0.111E+00    0.405E-01    0.405E-01    0.285E-02    0.285E-02    0.000E+00    0.000E+00
     2.025     0.117    0.581E+00    0.406E+00    0.130E+01    0.827E-01    0.110E+00    0.403E-01    0.403E-01    0.283E-02    0.283E-02    0.000E+00    0.000E+00
     2.025     0.118    0.583E+00    0.406E+00    0.130E+01    0.820E-01    0.110E+00    0.400E-01    0.400E-01    0.280E-02    0.280E-02    0.000E+00    0.000E+00
     2.025     0.119    0.584E+00    0.406E+00    0.129E+01    0.813E-01    0.109E+00    0.398E-01    0.398E-01    0.278E-02    0.278E-02    0.000E+00    0.000E+00
     2.025     0.120    0.585E+00    0.405E+00    0.128E+01    0.806E-01    0.109E+00    0.395E-01    0.395E-01    0.275E-02    0.275E-02    0.000E+00    0.000E+00
     2.025     0.121    0.587E+00    0.405E+00    0.128E+01    0.800E-01    0.108E+00    0.393E-01    0.393E-01    0.273E-02    0.273E-02    0.000E+00    0.000E+00
     2.025     0.122    0.588E+00    0.405E+00    0.127E+01    0.793E-01    0.108E+00    0.390E-01    0.390E-01    0.271E-02    0.271E-02    0.000E+00    0.000E+00
     2.025     0.123    0.589E+00    0.405E+00    0.127E+01    0.787E-01    0.107E+00    0.388E-01    0.388E-01    0.268E-02    0.268E-02    0.000E+00    0.000E+00
     2.025     0.124    0.591E+00    0.405E+00    0.126E+01    0.780E-01    0.107E+00    0.385E-01    0.385E-01    0.266E-02    0.266E-02    0.000E+00    0.000E+00
     2.025     0.125    0.592E+00    0.404E+00    0.125E+01    0.774E-01    0.106E+00    0.382E-01    0.382E-01    0.264E-02    0.264E-02    0.000E+00    0.000E+00
     2.025     0.126    0.593E+00    0.404E+00    0.125E+01    0.767E-01    0.105E+00    0.380E-01    0.380E-01    0.261E-02    0.261E-02    0.000E+00    0.000E+00
     2.025     0.127    0.595E+00    0.404E+00    0.124E+01    0.761E-01    0.105E+00    0.378E-01    0.378E-01    0.259E-02    0.259E-02    0.000E+00    0.000E+00
     2.025     0.128    0.596E+00    0.404E+00    0.124E+01    0.755E-01    0.104E+00    0.375E-01    0.375E-01    0.257E-02    0.257E-02    0.000E+00    0.000E+00
     2.025     0.129    0.597E+00    0.403E+00    0.123E+01    0.749E-01    0.104E+00    0.373E-01    0.373E-01    0.255E-02    0.255E-02    0.000E+00    0.000E+00
     2.025     0.130    0.598E+00    0.403E+00    0.122E+01    0.743E-01    0.103E+00    0.370E-01    0.370E-01    0.252E-02    0.252E-02    0.000E+00    0.000E+00
     2.025     0.131    0.600E+00    0.403E+00    0.122E+01    0.737E-01    0.103E+00    0.368E-01    0.368E-01    0.250E-02    0.250E-02    0.000E+00    0.000E+00
     2.025     0.132    0.601E+00    0.403E+00    0.121E+01    0.731E-01    0.102E+00    0.366E-01    0.366E-01    0.248E-02    0.248E-02    0.000E+00    0.000E+00
     2.025     0.133    0.602E+00    0.402E+00    0.121E+01    0.725E-01    0.102E+00    0.363E-01    0.363E-01    0.246E-02    0.246E-02    0.000E+00    0.000E+00
     2.025     0.134    0.603E+00    0.402E+00    0.120E+01    0.719E-01    0.101E+00    0.361E-01    0.361E-01    0.244E-02    0.244E-02    0.000E+00    0.000E+00
     2.025     0.135    0.605E+00    0.402E+00    0.119E+01    0.714E-01    0.101E+00    0.359E-01    0.359E-01    0.242E-02    0.242E-02    0.000E+00    0.000E+00
     2.025     0.136    0.606E+00    0.401E+00    0.119E+01    0.708E-01    0.100E+00    0.356E-01    0.356E-01    0.240E-02    0.240E-02    0.000E+00    0.000E+00
     2.025     0.137    0.607E+00    0.401E+00    0.118E+01    0.703E-01    0.996E-01    0.354E-01    0.354E-01    0.237E-02    0.237E-02    0.000E+00    0.000E+00
     2.025     0.138    0.608E+00    0.401E+00    0.118E+01    0.697E-01    0.991E-01    0.352E-01    0.352E-01    0.235E-02    0.235E-02    0.000E+00    0.000E+00
     2.025     0.139    0.609E+00    0.401E+00    0.117E+01    0.692E-01    0.986E-01    0.350E-01    0.350E-01    0.233E-02    0.233E-02    0.000E+00    0.000E+00
     2.025     0.140    0.610E+00    0.400E+00    0.116E+01    0.686E-01    0.980E-01    0.347E-01    0.347E-01    0.231E-02    0.231E-02    0.000E+00    0.000E+00
     2.025     0.141    0.612E+00    0.400E+00    0.116E+01    0.681E-01    0.975E-01    0.345E-01    0.345E-01    0.229E-02    0.229E-02    0.000E+00    0.000E+00
     2.025     0.142    0.613E+00    0.400E+00    0.115E+01    0.676E-01    0.970E-01    0.343E-01    0.343E-01    0.227E-02    0.227E-02    0.000E+00    0.000E+00
     2.025     0.143    0.614E+00    0.399E+00    0.115E+01    0.671E-01    0.965E-01    0.341E-01    0.341E-01    0.225E-02    0.225E-02    0.000E+00    0.000E+00
     2.025     0.144    0.615E+00    0.399E+00    0.114E+01    0.666E-01    0.960E-01    0.338E-01    0.338E-01    0.223E-02    0.223E-02    0.000E+00    0.000E+00
     2.025     0.145    0.616E+00    0.398E+00    0.113E+01    0.661E-01    0.954E-01    0.336E-01    0.336E-01    0.221E-02    0.221E-02    0.000E+00    0.000E+00
     2.025     0.146    0.617E+00    0.398E+00    0.113E+01    0.656E-01    0.949E-01    0.334E-01    0.334E-01    0.219E-02    0.219E-02    0.000E+00    0.000E+00
     2.025     0.147    0.618E+00    0.398E+00    0.112E+01    0.651E-01    0.944E-01    0.332E-01    0.332E-01    0.218E-02    0.218E-02    0.000E+00    0.000E+00
     2.025     0.148    0.619E+00    0.397E+00    0.112E+01    0.646E-01    0.939E-01    0.330E-01    0.330E-01    0.216E-02    0.216E-02    0.000E+00    0.000E+00
     2.025     0.149    0.620E+00    0.397E+00    0.111E+01    0.641E-01    0.934E-01    0.328E-01    0.328E-01    0.214E-02    0.214E-02    0.000E+00    0.000E+00
     2.025     0.150    0.621E+00    0.397E+00    0.111E+01    0.637E-01    0.929E-01    0.326E-01    0.326E-01    0.212E-02    0.212E-02    0.000E+00    0.000E+00
     2.025     0.151    0.622E+00    0.396E+00    0.110E+01    0.632E-01    0.924E-01    0.324E-01    0.324E-01    0.210E-02    0.210E-02    0.000E+00    0.000E+00
     2.025     0.152    0.623E+00    0.396E+00    0.109E+01    0.627E-01    0.918E-01    0.322E-01    0.322E-01    0.208E-02    0.208E-02    0.000E+00    0.000E+00
     2.025     0.153    0.625E+00    0.395E+00    0.109E+01    0.623E-01    0.913E-01    0.320E-01    0.320E-01    0.206E-02    0.206E-02    0.000E+00    0.000E+00
     2.025     0.154    0.626E+00    0.395E+00    0.108E+01    0.618E-01    0.908E-01    0.318E-01    0.318E-01    0.205E-02    0.205E-02    0.000E+00    0.000E+00
     2.025     0.155    0.627E+00    0.395E+00    0.108E+01    0.614E-01    0.903E-01    0.316E-01    0.316E-01    0.203E-02    0.203E-02    0.000E+00    0.000E+00
     2.025     0.156    0.627E+00    0.394E+00    0.107E+01    0.609E-01    0.898E-01    0.314E-01    0.314E-01    0.201E-02    0.201E-02    0.000E+00    0.000E+00
     2.025     0.157    0.628E+00    0.394E+00    0.107E+01    0.605E-01    0.893E-01    0.312E-01    0.312E-01    0.199E-02    0.199E-02    0.000E+00    0.000E+00
     2.025     0.158    0.629E+00    0.393E+00    0.106E+01    0.601E-01    0.888E-01    0.310E-01    0.310E-01    0.197E-02    0.197E-02    0.000E+00    0.000E+00
     2.025     0.159    0.630E+00    0.393E+00    0.105E+01    0.597E-01    0.883E-01    0.308E-01    0.308E-01    0.196E-02    0.196E-02    0.000E+00    0.000E+00
     2.025     0.160    0.631E+00    0.392E+00    0.105E+01    0.592E-01    0.877E-01    0.306E-01    0.306E-01    0.194E-02    0.194E-02    0.000E+00    0.000E+00
     2.025     0.161    0.632E+00    0.392E+00    0.104E+01    0.588E-01    0.872E-01    0.304E-01    0.304E-01    0.192E-02    0.192E-02    0.000E+00    0.000E+00
     2.025     0.162    0.633E+00    0.391E+00    0.104E+01    0.584E-01    0.867E-01    0.302E-01    0.302E-01    0.191E-02    0.191E-02    0.000E+00    0.000E+00
     2.025     0.163    0.634E+00    0.391E+00    0.103E+01    0.580E-01    0.862E-01    0.300E-01    0.300E-01    0.189E-02    0.189E-02    0.000E+00    0.000E+00
     2.025     0.164    0.635E+00    0.391E+00    0.103E+01    0.576E-01    0.857E-01    0.298E-01    0.298E-01    0.187E-02    0.187E-02    0.000E+00    0.000E+00
     2.025     0.165    0.636E+00    0.390E+00    0.102E+01    0.572E-01    0.852E-01    0.296E-01    0.296E-01    0.186E-02    0.186E-02    0.000E+00    0.000E+00
     2.025     0.166    0.637E+00    0.390E+00    0.102E+01    0.568E-01    0.847E-01    0.294E-01    0.294E-01    0.184E-02    0.184E-02    0.000E+00    0.000E+00
     2.025     0.167    0.638E+00    0.389E+00    0.101E+01    0.565E-01    0.842E-01    0.292E-01    0.292E-01    0.182E-02    0.182E-02    0.000E+00    0.000E+00
     2.025     0.168    0.638E+00    0.389E+00    0.100E+01    0.561E-01    0.837E-01    0.290E-01    0.290E-01    0.181E-02    0.181E-02    0.000E+00    0.000E+00
     2.025     0.169    0.639E+00    0.388E+00    0.999E+00    0.557E-01    0.832E-01    0.289E-01    0.289E-01    0.179E-02    0.179E-02    0.000E+00    0.000E+00
     2.025     0.170    0.640E+00    0.388E+00    0.994E+00    0.553E-01    0.827E-01    0.287E-01    0.287E-01    0.177E-02    0.177E-02    0.000E+00    0.000E+00
     2.025     0.171    0.641E+00    0.387E+00    0.988E+00    0.550E-01    0.822E-01    0.285E-01    0.285E-01    0.176E-02    0.176E-02    0.000E+00    0.000E+00
     2.025     0.172    0.642E+00    0.387E+00    0.983E+00    0.546E-01    0.817E-01    0.283E-01    0.283E-01    0.174E-02    0.174E-02    0.000E+00    0.000E+00
     2.025     0.173    0.642E+00    0.386E+00    0.977E+00    0.542E-01    0.812E-01    0.281E-01    0.281E-01    0.173E-02    0.173E-02    0.000E+00    0.000E+00
     2.025     0.174    0.643E+00    0.386E+00    0.972E+00    0.539E-01    0.807E-01    0.279E-01    0.279E-01    0.171E-02    0.171E-02    0.000E+00    0.000E+00
     2.025     0.175    0.644E+00    0.385E+00    0.967E+00    0.535E-01    0.802E-01    0.278E-01    0.278E-01    0.170E-02    0.170E-02    0.000E+00    0.000E+00
     2.025     0.176    0.645E+00    0.385E+00    0.961E+00    0.532E-01    0.797E-01    0.276E-01    0.276E-01    0.168E-02    0.168E-02    0.000E+00    0.000E+00
     2.025     0.177    0.645E+00    0.384E+00    0.956E+00    0.528E-01    0.793E-01    0.274E-01    0.274E-01    0.167E-02    0.167E-02    0.000E+00    0.000E+00
     2.025     0.178    0.646E+00    0.384E+00    0.951E+00    0.525E-01    0.788E-01    0.272E-01    0.272E-01    0.165E-02    0.165E-02    0.000E+00    0.000E+00
     2.025     0.179    0.647E+00    0.383E+00    0.945E+00    0.522E-01    0.783E-01    0.271E-01    0.271E-01    0.164E-02    0.164E-02    0.000E+00    0.000E+00
     2.025     0.180    0.648E+00    0.383E+00    0.940E+00    0.518E-01    0.778E-01    0.269E-01    0.269E-01    0.162E-02    0.162E-02    0.000E+00    0.000E+00
     2.025     0.181    0.648E+00    0.382E+00    0.935E+00    0.515E-01    0.773E-01    0.267E-01    0.267E-01    0.161E-02    0.161E-02    0.000E+00    0.000E+00
     2.025     0.182    0.649E+00    0.381E+00    0.929E+00    0.512E-01    0.768E-01    0.266E-01    0.266E-01    0.159E-02    0.159E-02    0.000E+00    0.000E+00
     2.025     0.183    0.650E+00    0.381E+00    0.924E+00    0.509E-01    0.763E-01    0.264E-01    0.264E-01    0.158E-02    0.158E-02    0.000E+00    0.000E+00
     2.025     0.184    0.650E+00    0.380E+00    0.919E+00    0.506E-01    0.759E-01    0.262E-01    0.262E-01    0.156E-02    0.156E-02    0.000E+00    0.000E+00
     2.025     0.185    0.651E+00    0.380E+00    0.914E+00    0.502E-01    0.754E-01    0.261E-01    0.261E-01    0.155E-02    0.155E-02    0.000E+00    0.000E+00
     2.025     0.186    0.652E+00    0.379E+00    0.908E+00    0.499E-01    0.749E-01    0.259E-01    0.259E-01    0.154E-02    0.154E-02    0.000E+00    0.000E+00
     2.025     0.187    0.652E+00    0.379E+00    0.903E+00    0.496E-01    0.744E-01    0.257E-01    0.257E-01    0.152E-02    0.152E-02    0.000E+00    0.000E+00
     2.025     0.188    0.653E+00    0.378E+00    0.898E+00    0.493E-01    0.739E-01    0.256E-01    0.256E-01    0.151E-02    0.151E-02    0.000E+00    0.000E+00
     2.025     0.189    0.653E+00    0.378E+00    0.893E+00    0.490E-01    0.735E-01    0.254E-01    0.254E-01    0.149E-02    0.149E-02    0.000E+00    0.000E+00
     2.025     0.190    0.654E+00    0.377E+00    0.888E+00    0.487E-01    0.730E-01    0.252E-01    0.252E-01    0.148E-02    0.148E-02    0.000E+00    0.000E+00
     2.025     0.191    0.655E+00    0.376E+00    0.883E+00    0.484E-01    0.725E-01    0.251E-01    0.251E-01    0.147E-02    0.147E-02    0.000E+00    0.000E+00
     2.025     0.192    0.655E+00    0.376E+00    0.877E+00    0.481E-01    0.721E-01    0.249E-01    0.249E-01    0.145E-02    0.145E-02    0.000E+00    0.000E+00
     2.025     0.193    0.656E+00    0.375E+00    0.872E+00    0.478E-01    0.716E-01    0.248E-01    0.248E-01    0.144E-02    0.144E-02    0.000E+00    0.000E+00
     2.025     0.194    0.656E+00    0.375E+00    0.867E+00    0.476E-01    0.711E-01    0.246E-01    0.246E-01    0.143E-02    0.143E-02    0.000E+00    0.000E+00
     2.025     0.195    0.657E+00    0.374E+00    0.862E+00    0.473E-01    0.707E-01    0.244E-01    0.244E-01    0.141E-02    0.141E-02    0.000E+00    0.000E+00
     2.025     0.196    0.657E+00    0.373E+00    0.857E+00    0.470E-01    0.702E-01    0.243E-01    0.243E-01    0.140E-02    0.140E-02    0.000E+00    0.000E+00
     2.025     0.197    0.658E+00    0.373E+00    0.852E+00    0.467E-01    0.697E-01    0.241E-01    0.241E-01    0.139E-02    0.139E-02    0.000E+00    0.000E+00
     2.025     0.198    0.658E+00    0.372E+00    0.847E+00    0.464E-01    0.693E-01    0.240E-01    0.240E-01    0.138E-02    0.138E-02    0.000E+00    0.000E+00
     2.025     0.199    0.659E+00    0.372E+00    0.842E+00    0.462E-01    0.688E-01    0.238E-01    0.238E-01    0.136E-02    0.136E-02    0.000E+00    0.000E+00
     2.025     0.200    0.659E+00    0.371E+00    0.837E+00    0.459E-01    0.684E-01    0.237E-01    0.237E-01    0.135E-02    0.135E-02    0.000E+00    0.000E+00
     2.025     0.201    0.660E+00    0.370E+00    0.832E+00    0.456E-01    0.679E-01    0.235E-01    0.235E-01    0.134E-02    0.134E-02    0.000E+00    0.000E+00
     2.025     0.202    0.660E+00    0.370E+00    0.827E+00    0.454E-01    0.674E-01    0.234E-01    0.234E-01    0.133E-02    0.133E-02    0.000E+00    0.000E+00
     2.025     0.203    0.661E+00    0.369E+00    0.822E+00    0.451E-01    0.670E-01    0.232E-01    0.232E-01    0.131E-02    0.131E-02    0.000E+00    0.000E+00
     2.025     0.204    0.661E+00    0.369E+00    0.817E+00    0.449E-01    0.665E-01    0.231E-01    0.231E-01    0.130E-02    0.130E-02    0.000E+00    0.000E+00
     2.025     0.205    0.661E+00    0.368E+00    0.812E+00    0.446E-01    0.661E-01    0.229E-01    0.229E-01    0.129E-02    0.129E-02    0.000E+00    0.000E+00
     2.025     0.206    0.662E+00    0.367E+00    0.807E+00    0.443E-01    0.656E-01    0.228E-01    0.228E-01    0.128E-02    0.128E-02    0.000E+00    0.000E+00
     2.025     0.207    0.662E+00    0.367E+00    0.803E+00    0.441E-01    0.652E-01    0.226E-01    0.226E-01    0.127E-02    0.127E-02    0.000E+00    0.000E+00
     2.025     0.208    0.663E+00    0.366E+00    0.798E+00    0.438E-01    0.648E-01    0.225E-01    0.225E-01    0.125E-02    0.125E-02    0.000E+00    0.000E+00
     2.025     0.209    0.663E+00    0.365E+00    0.793E+00    0.436E-01    0.643E-01    0.223E-01    0.223E-01    0.124E-02    0.124E-02    0.000E+00    0.000E+00
     2.025     0.210    0.663E+00    0.365E+00    0.788E+00    0.434E-01    0.639E-01    0.222E-01    0.222E-01    0.123E-02    0.123E-02    0.000E+00    0.000E+00
     2.025     0.211    0.664E+00    0.364E+00    0.783E+00    0.431E-01    0.634E-01    0.220E-01    0.220E-01    0.122E-02    0.122E-02    0.000E+00    0.000E+00
     2.025     0.212    0.664E+00    0.363E+00    0.778E+00    0.429E-01    0.630E-01    0.219E-01    0.219E-01    0.121E-02    0.121E-02    0.000E+00    0.000E+00
     2.025     0.213    0.664E+00    0.363E+00    0.774E+00    0.426E-01    0.626E-01    0.218E-01    0.218E-01    0.120E-02    0.120E-02    0.000E+00    0.000E+00
     2.025     0.214    0.664E+00    0.362E+00    0.769E+00    0.424E-01    0.621E-01    0.216E-01    0.216E-01    0.119E-02    0.119E-02    0.000E+00    0.000E+00
     2.025     0.215    0.665E+00    0.362E+00    0.764E+00    0.422E-01    0.617E-01    0.215E-01    0.215E-01    0.117E-02    0.117E-02    0.000E+00    0.000E+00
     2.025     0.216    0.665E+00    0.361E+00    0.759E+00    0.419E-01    0.613E-01    0.213E-01    0.213E-01    0.116E-02    0.116E-02    0.000E+00    0.000E+00
     2.025     0.217    0.665E+00    0.360E+00    0.755E+00    0.417E-01    0.608E-01    0.212E-01    0.212E-01    0.115E-02    0.115E-02    0.000E+00    0.000E+00
     2.025     0.218    0.666E+00    0.360E+00    0.750E+00    0.415E-01    0.604E-01    0.211E-01    0.211E-01    0.114E-02    0.114E-02    0.000E+00    0.000E+00
     2.025     0.219    0.666E+00    0.359E+00    0.745E+00    0.412E-01    0.600E-01    0.209E-01    0.209E-01    0.113E-02    0.113E-02    0.000E+00    0.000E+00
     2.025     0.220    0.666E+00    0.358E+00    0.741E+00    0.410E-01    0.596E-01    0.208E-01    0.208E-01    0.112E-02    0.112E-02    0.000E+00    0.000E+00
     2.025     0.221    0.666E+00    0.358E+00    0.736E+00    0.408E-01    0.592E-01    0.207E-01    0.207E-01    0.111E-02    0.111E-02    0.000E+00    0.000E+00
     2.025     0.222    0.666E+00    0.357E+00    0.732E+00    0.406E-01    0.587E-01    0.205E-01    0.205E-01    0.110E-02    0.110E-02    0.000E+00    0.000E+00
     2.025     0.223    0.667E+00    0.356E+00    0.727E+00    0.404E-01    0.583E-01    0.204E-01    0.204E-01    0.109E-02    0.109E-02    0.000E+00    0.000E+00
     2.025     0.224    0.667E+00    0.356E+00    0.722E+00    0.401E-01    0.579E-01    0.203E-01    0.203E-01    0.108E-02    0.108E-02    0.000E+00    0.000E+00
     2.025     0.225    0.667E+00    0.355E+00    0.718E+00    0.399E-01    0.575E-01    0.201E-01    0.201E-01    0.107E-02    0.107E-02    0.000E+00    0.000E+00
     2.025     0.226    0.667E+00    0.354E+00    0.713E+00    0.397E-01    0.571E-01    0.200E-01    0.200E-01    0.106E-02    0.106E-02    0.000E+00    0.000E+00
     2.025     0.227    0.667E+00    0.353E+00    0.709E+00    0.395E-01    0.567E-01    0.199E-01    0.199E-01    0.105E-02    0.105E-02    0.000E+00    0.000E+00
     2.025     0.228    0.667E+00    0.353E+00    0.704E+00    0.393E-01    0.563E-01    0.197E-01    0.197E-01    0.104E-02    0.104E-02    0.000E+00    0.000E+00
     2.025     0.229    0.667E+00    0.352E+00    0.700E+00    0.391E-01    0.559E-01    0.196E-01    0.196E-01    0.103E-02    0.103E-02    0.000E+00    0.000E+00
     2.025     0.230    0.668E+00    0.351E+00    0.695E+00    0.389E-01    0.555E-01    0.195E-01    0.195E-01    0.102E-02    0.102E-02    0.000E+00    0.000E+00
     2.025     0.231    0.668E+00    0.351E+00    0.691E+00    0.387E-01    0.551E-01    0.194E-01    0.194E-01    0.101E-02    0.101E-02    0.000E+00    0.000E+00
     2.025     0.232    0.668E+00    0.350E+00    0.686E+00    0.384E-01    0.547E-01    0.192E-01    0.192E-01    0.999E-03    0.999E-03    0.000E+00    0.000E+00
     2.025     0.233    0.668E+00    0.349E+00    0.682E+00    0.382E-01    0.543E-01    0.191E-01    0.191E-01    0.990E-03    0.990E-03    0.000E+00    0.000E+00
     2.025     0.234    0.668E+00    0.349E+00    0.678E+00    0.380E-01    0.539E-01    0.190E-01    0.190E-01    0.980E-03    0.980E-03    0.000E+00    0.000E+00
     2.025     0.235    0.668E+00    0.348E+00    0.673E+00    0.378E-01    0.535E-01    0.188E-01    0.188E-01    0.971E-03    0.971E-03    0.000E+00    0.000E+00
     2.025     0.236    0.668E+00    0.347E+00    0.669E+00    0.376E-01    0.531E-01    0.187E-01    0.187E-01    0.962E-03    0.962E-03    0.000E+00    0.000E+00
     2.025     0.237    0.668E+00    0.346E+00    0.664E+00    0.374E-01    0.527E-01    0.186E-01    0.186E-01    0.953E-03    0.953E-03    0.000E+00    0.000E+00
     2.025     0.238    0.668E+00    0.346E+00    0.660E+00    0.372E-01    0.523E-01    0.185E-01    0.185E-01    0.943E-03    0.943E-03    0.000E+00    0.000E+00
     2.025     0.239    0.668E+00    0.345E+00    0.656E+00    0.370E-01    0.520E-01    0.184E-01    0.184E-01    0.934E-03    0.934E-03    0.000E+00    0.000E+00
     2.025     0.240    0.668E+00    0.344E+00    0.651E+00    0.368E-01    0.516E-01    0.182E-01    0.182E-01    0.925E-03    0.925E-03    0.000E+00    0.000E+00
     2.025     0.241    0.668E+00    0.344E+00    0.647E+00    0.367E-01    0.512E-01    0.181E-01    0.181E-01    0.916E-03    0.916E-03    0.000E+00    0.000E+00
     2.025     0.242    0.668E+00    0.343E+00    0.643E+00    0.365E-01    0.508E-01    0.180E-01    0.180E-01    0.908E-03    0.908E-03    0.000E+00    0.000E+00
     2.025     0.243    0.668E+00    0.342E+00    0.639E+00    0.363E-01    0.504E-01    0.179E-01    0.179E-01    0.899E-03    0.899E-03    0.000E+00    0.000E+00
     2.025     0.244    0.668E+00    0.341E+00    0.634E+00    0.361E-01    0.501E-01    0.178E-01    0.178E-01    0.890E-03    0.890E-03    0.000E+00    0.000E+00
     2.025     0.245    0.668E+00    0.341E+00    0.630E+00    0.359E-01    0.497E-01    0.176E-01    0.176E-01    0.881E-03    0.881E-03    0.000E+00    0.000E+00
     2.025     0.246    0.668E+00    0.340E+00    0.626E+00    0.357E-01    0.493E-01    0.175E-01    0.175E-01    0.873E-03    0.873E-03    0.000E+00    0.000E+00
     2.025     0.247    0.668E+00    0.339E+00    0.622E+00    0.355E-01    0.490E-01    0.174E-01    0.174E-01    0.864E-03    0.864E-03    0.000E+00    0.000E+00
     2.025     0.248    0.667E+00    0.338E+00    0.618E+00    0.353E-01    0.486E-01    0.173E-01    0.173E-01    0.856E-03    0.856E-03    0.000E+00    0.000E+00
     2.025     0.249    0.667E+00    0.338E+00    0.614E+00    0.351E-01    0.482E-01    0.172E-01    0.172E-01    0.848E-03    0.848E-03    0.000E+00    0.000E+00
     2.025     0.250    0.667E+00    0.337E+00    0.610E+00    0.350E-01    0.479E-01    0.171E-01    0.171E-01    0.839E-03    0.839E-03    0.000E+00    0.000E+00
     2.025     0.251    0.667E+00    0.336E+00    0.605E+00    0.348E-01    0.475E-01    0.170E-01    0.170E-01    0.831E-03    0.831E-03    0.000E+00    0.000E+00
     2.025     0.252    0.667E+00    0.335E+00    0.601E+00    0.346E-01    0.472E-01    0.168E-01    0.168E-01    0.823E-03    0.823E-03    0.000E+00    0.000E+00
     2.025     0.253    0.667E+00    0.335E+00    0.597E+00    0.344E-01    0.468E-01    0.167E-01    0.167E-01    0.815E-03    0.815E-03    0.000E+00    0.000E+00
     2.025     0.254    0.667E+00    0.334E+00    0.593E+00    0.342E-01    0.465E-01    0.166E-01    0.166E-01    0.807E-03    0.807E-03    0.000E+00    0.000E+00
     2.025     0.255    0.666E+00    0.333E+00    0.589E+00    0.341E-01    0.461E-01    0.165E-01    0.165E-01    0.799E-03    0.799E-03    0.000E+00    0.000E+00
     2.025     0.256    0.666E+00    0.332E+00    0.585E+00    0.339E-01    0.458E-01    0.164E-01    0.164E-01    0.791E-03    0.791E-03    0.000E+00    0.000E+00
     2.025     0.257    0.666E+00    0.332E+00    0.581E+00    0.337E-01    0.454E-01    0.163E-01    0.163E-01    0.783E-03    0.783E-03    0.000E+00    0.000E+00
     2.025     0.258    0.666E+00    0.331E+00    0.577E+00    0.335E-01    0.451E-01    0.162E-01    0.162E-01    0.776E-03    0.776E-03    0.000E+00    0.000E+00
     2.025     0.259    0.666E+00    0.330E+00    0.573E+00    0.333E-01    0.447E-01    0.161E-01    0.161E-01    0.768E-03    0.768E-03    0.000E+00    0.000E+00
     2.025     0.260    0.665E+00    0.329E+00    0.569E+00    0.332E-01    0.444E-01    0.160E-01    0.160E-01    0.760E-03    0.760E-03    0.000E+00    0.000E+00
     2.025     0.261    0.665E+00    0.329E+00    0.565E+00    0.330E-01    0.440E-01    0.159E-01    0.159E-01    0.753E-03    0.753E-03    0.000E+00    0.000E+00
     2.025     0.262    0.665E+00    0.328E+00    0.562E+00    0.328E-01    0.437E-01    0.158E-01    0.158E-01    0.745E-03    0.745E-03    0.000E+00    0.000E+00
     2.025     0.263    0.664E+00    0.327E+00    0.558E+00    0.327E-01    0.434E-01    0.156E-01    0.156E-01    0.738E-03    0.738E-03    0.000E+00    0.000E+00
     2.025     0.264    0.664E+00    0.326E+00    0.554E+00    0.325E-01    0.430E-01    0.155E-01    0.155E-01    0.731E-03    0.731E-03    0.000E+00    0.000E+00
     2.025     0.265    0.664E+00    0.325E+00    0.550E+00    0.323E-01    0.427E-01    0.154E-01    0.154E-01    0.723E-03    0.723E-03    0.000E+00    0.000E+00
     2.025     0.266    0.664E+00    0.325E+00    0.546E+00    0.321E-01    0.424E-01    0.153E-01    0.153E-01    0.716E-03    0.716E-03    0.000E+00    0.000E+00
     2.025     0.267    0.663E+00    0.324E+00    0.542E+00    0.320E-01    0.421E-01    0.152E-01    0.152E-01    0.709E-03    0.709E-03    0.000E+00    0.000E+00
     2.025     0.268    0.663E+00    0.323E+00    0.539E+00    0.318E-01    0.417E-01    0.151E-01    0.151E-01    0.702E-03    0.702E-03    0.000E+00    0.000E+00
     2.025     0.269    0.663E+00    0.322E+00    0.535E+00    0.316E-01    0.414E-01    0.150E-01    0.150E-01    0.695E-03    0.695E-03    0.000E+00    0.000E+00
     2.025     0.270    0.662E+00    0.322E+00    0.531E+00    0.315E-01    0.411E-01    0.149E-01    0.149E-01    0.688E-03    0.688E-03    0.000E+00    0.000E+00
     2.025     0.271    0.662E+00    0.321E+00    0.527E+00    0.313E-01    0.408E-01    0.148E-01    0.148E-01    0.681E-03    0.681E-03    0.000E+00    0.000E+00
     2.025     0.272    0.662E+00    0.320E+00    0.524E+00    0.311E-01    0.405E-01    0.147E-01    0.147E-01    0.674E-03    0.674E-03    0.000E+00    0.000E+00
     2.025     0.273    0.661E+00    0.319E+00    0.520E+00    0.310E-01    0.402E-01    0.146E-01    0.146E-01    0.667E-03    0.667E-03    0.000E+00    0.000E+00
     2.025     0.274    0.661E+00    0.318E+00    0.516E+00    0.308E-01    0.398E-01    0.145E-01    0.145E-01    0.661E-03    0.661E-03    0.000E+00    0.000E+00
     2.025     0.275    0.660E+00    0.318E+00    0.512E+00    0.306E-01    0.395E-01    0.144E-01    0.144E-01    0.654E-03    0.654E-03    0.000E+00    0.000E+00
     2.025     0.276    0.660E+00    0.317E+00    0.509E+00    0.305E-01    0.392E-01    0.143E-01    0.143E-01    0.647E-03    0.647E-03    0.000E+00    0.000E+00
     2.025     0.277    0.659E+00    0.316E+00    0.505E+00    0.303E-01    0.389E-01    0.142E-01    0.142E-01    0.641E-03    0.641E-03    0.000E+00    0.000E+00
     2.025     0.278    0.659E+00    0.315E+00    0.502E+00    0.302E-01    0.386E-01    0.141E-01    0.141E-01    0.634E-03    0.634E-03    0.000E+00    0.000E+00
     2.025     0.279    0.659E+00    0.314E+00    0.498E+00    0.300E-01    0.383E-01    0.140E-01    0.140E-01    0.628E-03    0.628E-03    0.000E+00    0.000E+00
     2.025     0.280    0.658E+00    0.314E+00    0.494E+00    0.298E-01    0.380E-01    0.139E-01    0.139E-01    0.621E-03    0.621E-03    0.000E+00    0.000E+00
     2.025     0.281    0.658E+00    0.313E+00    0.491E+00    0.297E-01    0.377E-01    0.138E-01    0.138E-01    0.615E-03    0.615E-03    0.000E+00    0.000E+00
     2.025     0.282    0.657E+00    0.312E+00    0.487E+00    0.295E-01    0.374E-01    0.138E-01    0.138E-01    0.609E-03    0.609E-03    0.000E+00    0.000E+00
     2.025     0.283    0.657E+00    0.311E+00    0.484E+00    0.293E-01    0.371E-01    0.137E-01    0.137E-01    0.603E-03    0.603E-03    0.000E+00    0.000E+00
     2.025     0.284    0.656E+00    0.310E+00    0.480E+00    0.292E-01    0.369E-01    0.136E-01    0.136E-01    0.596E-03    0.596E-03    0.000E+00    0.000E+00
     2.025     0.285    0.656E+00    0.309E+00    0.477E+00    0.290E-01    0.366E-01    0.135E-01    0.135E-01    0.590E-03    0.590E-03    0.000E+00    0.000E+00
     2.025     0.286    0.655E+00    0.309E+00    0.473E+00    0.289E-01    0.363E-01    0.134E-01    0.134E-01    0.584E-03    0.584E-03    0.000E+00    0.000E+00
     2.025     0.287    0.655E+00    0.308E+00    0.470E+00    0.287E-01    0.360E-01    0.133E-01    0.133E-01    0.578E-03    0.578E-03    0.000E+00    0.000E+00
     2.025     0.288    0.654E+00    0.307E+00    0.466E+00    0.286E-01    0.357E-01    0.132E-01    0.132E-01    0.572E-03    0.572E-03    0.000E+00    0.000E+00
     2.025     0.289    0.654E+00    0.306E+00    0.463E+00    0.284E-01    0.354E-01    0.131E-01    0.131E-01    0.566E-03    0.566E-03    0.000E+00    0.000E+00
     2.025     0.290    0.653E+00    0.305E+00    0.460E+00    0.282E-01    0.352E-01    0.130E-01    0.130E-01    0.561E-03    0.561E-03    0.000E+00    0.000E+00
     2.025     0.291    0.652E+00    0.305E+00    0.456E+00    0.281E-01    0.349E-01    0.129E-01    0.129E-01    0.555E-03    0.555E-03    0.000E+00    0.000E+00
     2.025     0.292    0.652E+00    0.304E+00    0.453E+00    0.279E-01    0.346E-01    0.128E-01    0.128E-01    0.549E-03    0.549E-03    0.000E+00    0.000E+00
     2.025     0.293    0.651E+00    0.303E+00    0.450E+00    0.278E-01    0.343E-01    0.127E-01    0.127E-01    0.543E-03    0.543E-03    0.000E+00    0.000E+00
     2.025     0.294    0.651E+00    0.302E+00    0.446E+00    0.276E-01    0.341E-01    0.127E-01    0.127E-01    0.538E-03    0.538E-03    0.000E+00    0.000E+00
     2.025     0.295    0.650E+00    0.301E+00    0.443E+00    0.275E-01    0.338E-01    0.126E-01    0.126E-01    0.532E-03    0.532E-03    0.000E+00    0.000E+00
     2.025     0.296    0.649E+00    0.300E+00    0.440E+00    0.273E-01    0.335E-01    0.125E-01    0.125E-01    0.527E-03    0.527E-03    0.000E+00    0.000E+00
     2.025     0.297    0.649E+00    0.300E+00    0.436E+00    0.272E-01    0.333E-01    0.124E-01    0.124E-01    0.521E-03    0.521E-03    0.000E+00    0.000E+00
     2.025     0.298    0.648E+00    0.299E+00    0.433E+00    0.270E-01    0.330E-01    0.123E-01    0.123E-01    0.516E-03    0.516E-03    0.000E+00    0.000E+00
     2.025     0.299    0.648E+00    0.298E+00    0.430E+00    0.269E-01    0.327E-01    0.122E-01    0.122E-01    0.510E-03    0.510E-03    0.000E+00    0.000E+00
     2.025     0.300    0.647E+00    0.297E+00    0.427E+00    0.267E-01    0.325E-01    0.121E-01    0.121E-01    0.505E-03    0.505E-03    0.000E+00    0.000E+00
     2.025     0.301    0.646E+00    0.296E+00    0.423E+00    0.266E-01    0.322E-01    0.121E-01    0.121E-01    0.500E-03    0.500E-03    0.000E+00    0.000E+00
     2.025     0.302    0.645E+00    0.295E+00    0.420E+00    0.264E-01    0.320E-01    0.120E-01    0.120E-01    0.494E-03    0.494E-03    0.000E+00    0.000E+00
     2.025     0.303    0.645E+00    0.294E+00    0.417E+00    0.263E-01    0.317E-01    0.119E-01    0.119E-01    0.489E-03    0.489E-03    0.000E+00    0.000E+00
     2.025     0.304    0.644E+00    0.294E+00    0.414E+00    0.261E-01    0.315E-01    0.118E-01    0.118E-01    0.484E-03    0.484E-03    0.000E+00    0.000E+00
     2.025     0.305    0.643E+00    0.293E+00    0.411E+00    0.260E-01    0.312E-01    0.117E-01    0.117E-01    0.479E-03    0.479E-03    0.000E+00    0.000E+00
     2.025     0.306    0.643E+00    0.292E+00    0.407E+00    0.258E-01    0.310E-01    0.116E-01    0.116E-01    0.474E-03    0.474E-03    0.000E+00    0.000E+00
     2.025     0.307    0.642E+00    0.291E+00    0.404E+00    0.257E-01    0.307E-01    0.116E-01    0.116E-01    0.469E-03    0.469E-03    0.000E+00    0.000E+00
     2.025     0.308    0.641E+00    0.290E+00    0.401E+00    0.255E-01    0.305E-01    0.115E-01    0.115E-01    0.464E-03    0.464E-03    0.000E+00    0.000E+00
     2.025     0.309    0.640E+00    0.289E+00    0.398E+00    0.254E-01    0.302E-01    0.114E-01    0.114E-01    0.459E-03    0.459E-03    0.000E+00    0.000E+00
     2.025     0.310    0.640E+00    0.288E+00    0.395E+00    0.252E-01    0.300E-01    0.113E-01    0.113E-01    0.454E-03    0.454E-03    0.000E+00    0.000E+00
     2.025     0.311    0.639E+00    0.288E+00    0.392E+00    0.251E-01    0.298E-01    0.112E-01    0.112E-01    0.449E-03    0.449E-03    0.000E+00    0.000E+00
     2.025     0.312    0.638E+00    0.287E+00    0.389E+00    0.249E-01    0.295E-01    0.112E-01    0.112E-01    0.445E-03    0.445E-03    0.000E+00    0.000E+00
     2.025     0.313    0.637E+00    0.286E+00    0.386E+00    0.248E-01    0.293E-01    0.111E-01    0.111E-01    0.440E-03    0.440E-03    0.000E+00    0.000E+00
     2.025     0.314    0.637E+00    0.285E+00    0.383E+00    0.247E-01    0.290E-01    0.110E-01    0.110E-01    0.435E-03    0.435E-03    0.000E+00    0.000E+00
     2.025     0.315    0.636E+00    0.284E+00    0.380E+00    0.245E-01    0.288E-01    0.109E-01    0.109E-01    0.430E-03    0.430E-03    0.000E+00    0.000E+00
     2.025     0.316    0.635E+00    0.283E+00    0.377E+00    0.244E-01    0.286E-01    0.108E-01    0.108E-01    0.426E-03    0.426E-03    0.000E+00    0.000E+00
     2.025     0.317    0.634E+00    0.282E+00    0.374E+00    0.242E-01    0.284E-01    0.108E-01    0.108E-01    0.421E-03    0.421E-03    0.000E+00    0.000E+00
     2.025     0.318    0.633E+00    0.282E+00    0.371E+00    0.241E-01    0.281E-01    0.107E-01    0.107E-01    0.417E-03    0.417E-03    0.000E+00    0.000E+00
     2.025     0.319    0.633E+00    0.281E+00    0.368E+00    0.239E-01    0.279E-01    0.106E-01    0.106E-01    0.412E-03    0.412E-03    0.000E+00    0.000E+00
     2.025     0.320    0.632E+00    0.280E+00    0.365E+00    0.238E-01    0.277E-01    0.105E-01    0.105E-01    0.408E-03    0.408E-03    0.000E+00    0.000E+00
     2.025     0.321    0.631E+00    0.279E+00    0.363E+00    0.237E-01    0.275E-01    0.105E-01    0.105E-01    0.403E-03    0.403E-03    0.000E+00    0.000E+00
     2.025     0.322    0.630E+00    0.278E+00    0.360E+00    0.235E-01    0.272E-01    0.104E-01    0.104E-01    0.399E-03    0.399E-03    0.000E+00    0.000E+00
     2.025     0.323    0.629E+00    0.277E+00    0.357E+00    0.234E-01    0.270E-01    0.103E-01    0.103E-01    0.395E-03    0.395E-03    0.000E+00    0.000E+00
     2.025     0.324    0.628E+00    0.276E+00    0.354E+00    0.232E-01    0.268E-01    0.102E-01    0.102E-01    0.390E-03    0.390E-03    0.000E+00    0.000E+00
     2.025     0.325    0.627E+00    0.275E+00    0.351E+00    0.231E-01    0.266E-01    0.102E-01    0.102E-01    0.386E-03    0.386E-03    0.000E+00    0.000E+00
     2.025     0.326    0.627E+00    0.275E+00    0.348E+00    0.230E-01    0.264E-01    0.101E-01    0.101E-01    0.382E-03    0.382E-03    0.000E+00    0.000E+00
     2.025     0.327    0.626E+00    0.274E+00    0.346E+00    0.228E-01    0.262E-01    0.100E-01    0.100E-01    0.378E-03    0.378E-03    0.000E+00    0.000E+00
     2.025     0.328    0.625E+00    0.273E+00    0.343E+00    0.227E-01    0.260E-01    0.995E-02    0.995E-02    0.374E-03    0.374E-03    0.000E+00    0.000E+00
     2.025     0.329    0.624E+00    0.272E+00    0.340E+00    0.225E-01    0.257E-01    0.988E-02    0.988E-02    0.370E-03    0.370E-03    0.000E+00    0.000E+00
     2.025     0.330    0.623E+00    0.271E+00    0.337E+00    0.224E-01    0.255E-01    0.981E-02    0.981E-02    0.366E-03    0.366E-03    0.000E+00    0.000E+00
     2.025     0.331    0.622E+00    0.270E+00    0.335E+00    0.223E-01    0.253E-01    0.974E-02    0.974E-02    0.362E-03    0.362E-03    0.000E+00    0.000E+00
     2.025     0.332    0.621E+00    0.269E+00    0.332E+00    0.221E-01    0.251E-01    0.967E-02    0.967E-02    0.358E-03    0.358E-03    0.000E+00    0.000E+00
     2.025     0.333    0.620E+00    0.268E+00    0.329E+00    0.220E-01    0.249E-01    0.960E-02    0.960E-02    0.354E-03    0.354E-03    0.000E+00    0.000E+00
     2.025     0.334    0.619E+00    0.267E+00    0.327E+00    0.218E-01    0.247E-01    0.953E-02    0.953E-02    0.350E-03    0.350E-03    0.000E+00    0.000E+00
     2.025     0.335    0.618E+00    0.267E+00    0.324E+00    0.217E-01    0.245E-01    0.946E-02    0.946E-02    0.346E-03    0.346E-03    0.000E+00    0.000E+00
     2.025     0.336    0.617E+00    0.266E+00    0.321E+00    0.216E-01    0.243E-01    0.939E-02    0.939E-02    0.342E-03    0.342E-03    0.000E+00    0.000E+00
     2.025     0.337    0.616E+00    0.265E+00    0.319E+00    0.214E-01    0.241E-01    0.932E-02    0.932E-02    0.338E-03    0.338E-03    0.000E+00    0.000E+00
     2.025     0.338    0.615E+00    0.264E+00    0.316E+00    0.213E-01    0.239E-01    0.925E-02    0.925E-02    0.335E-03    0.335E-03    0.000E+00    0.000E+00
     2.025     0.339    0.614E+00    0.263E+00    0.314E+00    0.212E-01    0.238E-01    0.918E-02    0.918E-02    0.331E-03    0.331E-03    0.000E+00    0.000E+00
     2.025     0.340    0.613E+00    0.262E+00    0.311E+00    0.210E-01    0.236E-01    0.912E-02    0.912E-02    0.327E-03    0.327E-03    0.000E+00    0.000E+00
     2.025     0.341    0.612E+00    0.261E+00    0.308E+00    0.209E-01    0.234E-01    0.905E-02    0.905E-02    0.324E-03    0.324E-03    0.000E+00    0.000E+00
     2.025     0.342    0.611E+00    0.260E+00    0.306E+00    0.208E-01    0.232E-01    0.898E-02    0.898E-02    0.320E-03    0.320E-03    0.000E+00    0.000E+00
     2.025     0.343    0.610E+00    0.259E+00    0.303E+00    0.206E-01    0.230E-01    0.892E-02    0.892E-02    0.316E-03    0.316E-03    0.000E+00    0.000E+00
     2.025     0.344    0.609E+00    0.258E+00    0.301E+00    0.205E-01    0.228E-01    0.885E-02    0.885E-02    0.313E-03    0.313E-03    0.000E+00    0.000E+00
     2.025     0.345    0.608E+00    0.258E+00    0.298E+00    0.204E-01    0.226E-01    0.879E-02    0.879E-02    0.309E-03    0.309E-03    0.000E+00    0.000E+00
     2.025     0.346    0.607E+00    0.257E+00    0.296E+00    0.202E-01    0.224E-01    0.872E-02    0.872E-02    0.306E-03    0.306E-03    0.000E+00    0.000E+00
     2.025     0.347    0.606E+00    0.256E+00    0.293E+00    0.201E-01    0.223E-01    0.866E-02    0.866E-02    0.302E-03    0.302E-03    0.000E+00    0.000E+00
     2.025     0.348    0.605E+00    0.255E+00    0.291E+00    0.200E-01    0.221E-01    0.859E-02    0.859E-02    0.299E-03    0.299E-03    0.000E+00    0.000E+00
     2.025     0.349    0.604E+00    0.254E+00    0.289E+00    0.199E-01    0.219E-01    0.853E-02    0.853E-02    0.296E-03    0.296E-03    0.000E+00    0.000E+00
     2.025     0.350    0.603E+00    0.253E+00    0.286E+00    0.197E-01    0.217E-01    0.847E-02    0.847E-02    0.292E-03    0.292E-03    0.000E+00    0.000E+00
     2.025     0.351    0.602E+00    0.252E+00    0.284E+00    0.196E-01    0.216E-01    0.840E-02    0.840E-02    0.289E-03    0.289E-03    0.000E+00    0.000E+00
     2.025     0.352    0.601E+00    0.251E+00    0.281E+00    0.195E-01    0.214E-01    0.834E-02    0.834E-02    0.286E-03    0.286E-03    0.000E+00    0.000E+00
     2.025     0.353    0.600E+00    0.250E+00    0.279E+00    0.193E-01    0.212E-01    0.828E-02    0.828E-02    0.283E-03    0.283E-03    0.000E+00    0.000E+00
     2.025     0.354    0.598E+00    0.249E+00    0.277E+00    0.192E-01    0.210E-01    0.822E-02    0.822E-02    0.279E-03    0.279E-03    0.000E+00    0.000E+00
     2.025     0.355    0.597E+00    0.248E+00    0.274E+00    0.191E-01    0.209E-01    0.816E-02    0.816E-02    0.276E-03    0.276E-03    0.000E+00    0.000E+00
     2.025     0.356    0.596E+00    0.248E+00    0.272E+00    0.190E-01    0.207E-01    0.809E-02    0.809E-02    0.273E-03    0.273E-03    0.000E+00    0.000E+00
     2.025     0.357    0.595E+00    0.247E+00    0.270E+00    0.188E-01    0.205E-01    0.803E-02    0.803E-02    0.270E-03    0.270E-03    0.000E+00    0.000E+00
     2.025     0.358    0.594E+00    0.246E+00    0.267E+00    0.187E-01    0.204E-01    0.797E-02    0.797E-02    0.267E-03    0.267E-03    0.000E+00    0.000E+00
     2.025     0.359    0.593E+00    0.245E+00    0.265E+00    0.186E-01    0.202E-01    0.791E-02    0.791E-02    0.264E-03    0.264E-03    0.000E+00    0.000E+00
     2.025     0.360    0.592E+00    0.244E+00    0.263E+00    0.185E-01    0.200E-01    0.785E-02    0.785E-02    0.261E-03    0.261E-03    0.000E+00    0.000E+00
     2.025     0.361    0.591E+00    0.243E+00    0.260E+00    0.183E-01    0.199E-01    0.779E-02    0.779E-02    0.258E-03    0.258E-03    0.000E+00    0.000E+00
     2.025     0.362    0.589E+00    0.242E+00    0.258E+00    0.182E-01    0.197E-01    0.774E-02    0.774E-02    0.255E-03    0.255E-03    0.000E+00    0.000E+00
     2.025     0.363    0.588E+00    0.241E+00    0.256E+00    0.181E-01    0.195E-01    0.768E-02    0.768E-02    0.252E-03    0.252E-03    0.000E+00    0.000E+00
     2.025     0.364    0.587E+00    0.240E+00    0.254E+00    0.180E-01    0.194E-01    0.762E-02    0.762E-02    0.249E-03    0.249E-03    0.000E+00    0.000E+00
     2.025     0.365    0.586E+00    0.239E+00    0.252E+00    0.178E-01    0.192E-01    0.756E-02    0.756E-02    0.246E-03    0.246E-03    0.000E+00    0.000E+00
     2.025     0.366    0.585E+00    0.238E+00    0.249E+00    0.177E-01    0.191E-01    0.750E-02    0.750E-02    0.243E-03    0.243E-03    0.000E+00    0.000E+00
     2.025     0.367    0.584E+00    0.238E+00    0.247E+00    0.176E-01    0.189E-01    0.745E-02    0.745E-02    0.240E-03    0.240E-03    0.000E+00    0.000E+00
     2.025     0.368    0.582E+00    0.237E+00    0.245E+00    0.175E-01    0.188E-01    0.739E-02    0.739E-02    0.238E-03    0.238E-03    0.000E+00    0.000E+00
     2.025     0.369    0.581E+00    0.236E+00    0.243E+00    0.174E-01    0.186E-01    0.733E-02    0.733E-02    0.235E-03    0.235E-03    0.000E+00    0.000E+00
     2.025     0.370    0.580E+00    0.235E+00    0.241E+00    0.172E-01    0.185E-01    0.728E-02    0.728E-02    0.232E-03    0.232E-03    0.000E+00    0.000E+00
     2.025     0.371    0.579E+00    0.234E+00    0.239E+00    0.171E-01    0.183E-01    0.722E-02    0.722E-02    0.229E-03    0.229E-03    0.000E+00    0.000E+00
     2.025     0.372    0.578E+00    0.233E+00    0.237E+00    0.170E-01    0.182E-01    0.717E-02    0.717E-02    0.227E-03    0.227E-03    0.000E+00    0.000E+00
     2.025     0.373    0.576E+00    0.232E+00    0.235E+00    0.169E-01    0.180E-01    0.711E-02    0.711E-02    0.224E-03    0.224E-03    0.000E+00    0.000E+00
     2.025     0.374    0.575E+00    0.231E+00    0.232E+00    0.168E-01    0.179E-01    0.706E-02    0.706E-02    0.221E-03    0.221E-03    0.000E+00    0.000E+00
     2.025     0.375    0.574E+00    0.230E+00    0.230E+00    0.166E-01    0.177E-01    0.700E-02    0.700E-02    0.219E-03    0.219E-03    0.000E+00    0.000E+00
     2.025     0.376    0.573E+00    0.229E+00    0.228E+00    0.165E-01    0.176E-01    0.695E-02    0.695E-02    0.216E-03    0.216E-03    0.000E+00    0.000E+00
     2.025     0.377    0.571E+00    0.228E+00    0.226E+00    0.164E-01    0.174E-01    0.689E-02    0.689E-02    0.214E-03    0.214E-03    0.000E+00    0.000E+00
     2.025     0.378    0.570E+00    0.227E+00    0.224E+00    0.163E-01    0.173E-01    0.684E-02    0.684E-02    0.211E-03    0.211E-03    0.000E+00    0.000E+00
     2.025     0.379    0.569E+00    0.226E+00    0.222E+00    0.162E-01    0.171E-01    0.679E-02    0.679E-02    0.209E-03    0.209E-03    0.000E+00    0.000E+00
     2.025     0.380    0.568E+00    0.226E+00    0.220E+00    0.161E-01    0.170E-01    0.674E-02    0.674E-02    0.206E-03    0.206E-03    0.000E+00    0.000E+00
     2.025     0.381    0.566E+00    0.225E+00    0.218E+00    0.159E-01    0.169E-01    0.668E-02    0.668E-02    0.204E-03    0.204E-03    0.000E+00    0.000E+00
     2.025     0.382    0.565E+00    0.224E+00    0.216E+00    0.158E-01    0.167E-01    0.663E-02    0.663E-02    0.201E-03    0.201E-03    0.000E+00    0.000E+00
     2.025     0.383    0.564E+00    0.223E+00    0.214E+00    0.157E-01    0.166E-01    0.658E-02    0.658E-02    0.199E-03    0.199E-03    0.000E+00    0.000E+00
     2.025     0.384    0.563E+00    0.222E+00    0.212E+00    0.156E-01    0.164E-01    0.653E-02    0.653E-02    0.197E-03    0.197E-03    0.000E+00    0.000E+00
     2.025     0.385    0.561E+00    0.221E+00    0.211E+00    0.155E-01    0.163E-01    0.648E-02    0.648E-02    0.194E-03    0.194E-03    0.000E+00    0.000E+00
     2.025     0.386    0.560E+00    0.220E+00    0.209E+00    0.154E-01    0.162E-01    0.643E-02    0.643E-02    0.192E-03    0.192E-03    0.000E+00    0.000E+00
     2.025     0.387    0.559E+00    0.219E+00    0.207E+00    0.153E-01    0.160E-01    0.638E-02    0.638E-02    0.190E-03    0.190E-03    0.000E+00    0.000E+00
     2.025     0.388    0.557E+00    0.218E+00    0.205E+00    0.152E-01    0.159E-01    0.633E-02    0.633E-02    0.187E-03    0.187E-03    0.000E+00    0.000E+00
     2.025     0.389    0.556E+00    0.217E+00    0.203E+00    0.150E-01    0.158E-01    0.628E-02    0.628E-02    0.185E-03    0.185E-03    0.000E+00    0.000E+00
     2.025     0.390    0.555E+00    0.216E+00    0.201E+00    0.149E-01    0.156E-01    0.623E-02    0.623E-02    0.183E-03    0.183E-03    0.000E+00    0.000E+00
     2.025     0.391    0.553E+00    0.215E+00    0.199E+00    0.148E-01    0.155E-01    0.618E-02    0.618E-02    0.181E-03    0.181E-03    0.000E+00    0.000E+00
     2.025     0.392    0.552E+00    0.214E+00    0.197E+00    0.147E-01    0.154E-01    0.613E-02    0.613E-02    0.178E-03    0.178E-03    0.000E+00    0.000E+00
     2.025     0.393    0.551E+00    0.214E+00    0.196E+00    0.146E-01    0.153E-01    0.608E-02    0.608E-02    0.176E-03    0.176E-03    0.000E+00    0.000E+00
     2.025     0.394    0.549E+00    0.213E+00    0.194E+00    0.145E-01    0.151E-01    0.603E-02    0.603E-02    0.174E-03    0.174E-03    0.000E+00    0.000E+00
     2.025     0.395    0.548E+00    0.212E+00    0.192E+00    0.144E-01    0.150E-01    0.598E-02    0.598E-02    0.172E-03    0.172E-03    0.000E+00    0.000E+00
     2.025     0.396    0.547E+00    0.211E+00    0.190E+00    0.143E-01    0.149E-01    0.594E-02    0.594E-02    0.170E-03    0.170E-03    0.000E+00    0.000E+00
     2.025     0.397    0.545E+00    0.210E+00    0.188E+00    0.142E-01    0.148E-01    0.589E-02    0.589E-02    0.168E-03    0.168E-03    0.000E+00    0.000E+00
     2.025     0.398    0.544E+00    0.209E+00    0.187E+00    0.141E-01    0.146E-01    0.584E-02    0.584E-02    0.166E-03    0.166E-03    0.000E+00    0.000E+00
     2.025     0.399    0.543E+00    0.208E+00    0.185E+00    0.140E-01    0.145E-01    0.579E-02    0.579E-02    0.164E-03    0.164E-03    0.000E+00    0.000E+00
     2.025     0.400    0.541E+00    0.207E+00    0.183E+00    0.139E-01    0.144E-01    0.575E-02    0.575E-02    0.162E-03    0.162E-03    0.000E+00    0.000E+00
     2.025     0.401    0.540E+00    0.206E+00    0.182E+00    0.138E-01    0.143E-01    0.570E-02    0.570E-02    0.160E-03    0.160E-03    0.000E+00    0.000E+00
     2.025     0.402    0.539E+00    0.205E+00    0.180E+00    0.136E-01    0.142E-01    0.566E-02    0.566E-02    0.158E-03    0.158E-03    0.000E+00    0.000E+00
     2.025     0.403    0.537E+00    0.204E+00    0.178E+00    0.135E-01    0.140E-01    0.561E-02    0.561E-02    0.156E-03    0.156E-03    0.000E+00    0.000E+00
     2.025     0.404    0.536E+00    0.203E+00    0.176E+00    0.134E-01    0.139E-01    0.557E-02    0.557E-02    0.154E-03    0.154E-03    0.000E+00    0.000E+00
     2.025     0.405    0.535E+00    0.202E+00    0.175E+00    0.133E-01    0.138E-01    0.552E-02    0.552E-02    0.152E-03    0.152E-03    0.000E+00    0.000E+00
     2.025     0.406    0.533E+00    0.202E+00    0.173E+00    0.132E-01    0.137E-01    0.548E-02    0.548E-02    0.150E-03    0.150E-03    0.000E+00    0.000E+00
     2.025     0.407    0.532E+00    0.201E+00    0.172E+00    0.131E-01    0.136E-01    0.543E-02    0.543E-02    0.148E-03    0.148E-03    0.000E+00    0.000E+00
     2.025     0.408    0.530E+00    0.200E+00    0.170E+00    0.130E-01    0.135E-01    0.539E-02    0.539E-02    0.146E-03    0.146E-03    0.000E+00    0.000E+00
     2.025     0.409    0.529E+00    0.199E+00    0.168E+00    0.129E-01    0.133E-01    0.534E-02    0.534E-02    0.145E-03    0.145E-03    0.000E+00    0.000E+00
     2.025     0.410    0.528E+00    0.198E+00    0.167E+00    0.128E-01    0.132E-01    0.530E-02    0.530E-02    0.143E-03    0.143E-03    0.000E+00    0.000E+00
     2.025     0.411    0.526E+00    0.197E+00    0.165E+00    0.127E-01    0.131E-01    0.526E-02    0.526E-02    0.141E-03    0.141E-03    0.000E+00    0.000E+00
     2.025     0.412    0.525E+00    0.196E+00    0.163E+00    0.126E-01    0.130E-01    0.521E-02    0.521E-02    0.139E-03    0.139E-03    0.000E+00    0.000E+00
     2.025     0.413    0.523E+00    0.195E+00    0.162E+00    0.125E-01    0.129E-01    0.517E-02    0.517E-02    0.138E-03    0.138E-03    0.000E+00    0.000E+00
     2.025     0.414    0.522E+00    0.194E+00    0.160E+00    0.124E-01    0.128E-01    0.513E-02    0.513E-02    0.136E-03    0.136E-03    0.000E+00    0.000E+00
     2.025     0.415    0.521E+00    0.193E+00    0.159E+00    0.123E-01    0.127E-01    0.509E-02    0.509E-02    0.134E-03    0.134E-03    0.000E+00    0.000E+00
     2.025     0.416    0.519E+00    0.192E+00    0.157E+00    0.122E-01    0.126E-01    0.504E-02    0.504E-02    0.132E-03    0.132E-03    0.000E+00    0.000E+00
     2.025     0.417    0.518E+00    0.191E+00    0.156E+00    0.121E-01    0.125E-01    0.500E-02    0.500E-02    0.131E-03    0.131E-03    0.000E+00    0.000E+00
     2.025     0.418    0.516E+00    0.191E+00    0.154E+00    0.121E-01    0.124E-01    0.496E-02    0.496E-02    0.129E-03    0.129E-03    0.000E+00    0.000E+00
     2.025     0.419    0.515E+00    0.190E+00    0.153E+00    0.120E-01    0.123E-01    0.492E-02    0.492E-02    0.127E-03    0.127E-03    0.000E+00    0.000E+00
     2.025     0.420    0.513E+00    0.189E+00    0.151E+00    0.119E-01    0.122E-01    0.488E-02    0.488E-02    0.126E-03    0.126E-03    0.000E+00    0.000E+00
     2.025     0.421    0.512E+00    0.188E+00    0.150E+00    0.118E-01    0.121E-01    0.484E-02    0.484E-02    0.124E-03    0.124E-03    0.000E+00    0.000E+00
     2.025     0.422    0.511E+00    0.187E+00    0.148E+00    0.117E-01    0.119E-01    0.480E-02    0.480E-02    0.123E-03    0.123E-03    0.000E+00    0.000E+00
     2.025     0.423    0.509E+00    0.186E+00    0.147E+00    0.116E-01    0.118E-01    0.476E-02    0.476E-02    0.121E-03    0.121E-03    0.000E+00    0.000E+00
     2.025     0.424    0.508E+00    0.185E+00    0.145E+00    0.115E-01    0.117E-01    0.472E-02    0.472E-02    0.120E-03    0.120E-03    0.000E+00    0.000E+00
     2.025     0.425    0.506E+00    0.184E+00    0.144E+00    0.114E-01    0.116E-01    0.468E-02    0.468E-02    0.118E-03    0.118E-03    0.000E+00    0.000E+00
     2.025     0.426    0.505E+00    0.183E+00    0.143E+00    0.113E-01    0.115E-01    0.464E-02    0.464E-02    0.117E-03    0.117E-03    0.000E+00    0.000E+00
     2.025     0.427    0.503E+00    0.182E+00    0.141E+00    0.112E-01    0.114E-01    0.460E-02    0.460E-02    0.115E-03    0.115E-03    0.000E+00    0.000E+00
     2.025     0.428    0.502E+00    0.181E+00    0.140E+00    0.111E-01    0.113E-01    0.456E-02    0.456E-02    0.114E-03    0.114E-03    0.000E+00    0.000E+00
     2.025     0.429    0.500E+00    0.180E+00    0.138E+00    0.110E-01    0.113E-01    0.452E-02    0.452E-02    0.112E-03    0.112E-03    0.000E+00    0.000E+00
     2.025     0.430    0.499E+00    0.180E+00    0.137E+00    0.109E-01    0.112E-01    0.448E-02    0.448E-02    0.111E-03    0.111E-03    0.000E+00    0.000E+00
     2.025     0.431    0.497E+00    0.179E+00    0.136E+00    0.108E-01    0.111E-01    0.445E-02    0.445E-02    0.109E-03    0.109E-03    0.000E+00    0.000E+00
     2.025     0.432    0.496E+00    0.178E+00    0.134E+00    0.108E-01    0.110E-01    0.441E-02    0.441E-02    0.108E-03    0.108E-03    0.000E+00    0.000E+00
     2.025     0.433    0.494E+00    0.177E+00    0.133E+00    0.107E-01    0.109E-01    0.437E-02    0.437E-02    0.106E-03    0.106E-03    0.000E+00    0.000E+00
     2.025     0.434    0.493E+00    0.176E+00    0.132E+00    0.106E-01    0.108E-01    0.433E-02    0.433E-02    0.105E-03    0.105E-03    0.000E+00    0.000E+00
     2.025     0.435    0.491E+00    0.175E+00    0.130E+00    0.105E-01    0.107E-01    0.430E-02    0.430E-02    0.104E-03    0.104E-03    0.000E+00    0.000E+00
     2.025     0.436    0.490E+00    0.174E+00    0.129E+00    0.104E-01    0.106E-01    0.426E-02    0.426E-02    0.102E-03    0.102E-03    0.000E+00    0.000E+00
     2.025     0.437    0.488E+00    0.173E+00    0.128E+00    0.103E-01    0.105E-01    0.422E-02    0.422E-02    0.101E-03    0.101E-03    0.000E+00    0.000E+00
     2.025     0.438    0.487E+00    0.172E+00    0.126E+00    0.102E-01    0.104E-01    0.419E-02    0.419E-02    0.997E-04    0.997E-04    0.000E+00    0.000E+00
     2.025     0.439    0.486E+00    0.171E+00    0.125E+00    0.102E-01    0.103E-01    0.415E-02    0.415E-02    0.984E-04    0.984E-04    0.000E+00    0.000E+00
     2.025     0.440    0.484E+00    0.171E+00    0.124E+00    0.101E-01    0.102E-01    0.412E-02    0.412E-02    0.971E-04    0.971E-04    0.000E+00    0.000E+00
     2.025     0.441    0.483E+00    0.170E+00    0.122E+00    0.998E-02    0.101E-01    0.408E-02    0.408E-02    0.958E-04    0.958E-04    0.000E+00    0.000E+00
     2.025     0.442    0.481E+00    0.169E+00    0.121E+00    0.990E-02    0.100E-01    0.405E-02    0.405E-02    0.945E-04    0.945E-04    0.000E+00    0.000E+00
     2.025     0.443    0.479E+00    0.168E+00    0.120E+00    0.981E-02    0.996E-02    0.401E-02    0.401E-02    0.933E-04    0.933E-04    0.000E+00    0.000E+00
     2.025     0.444    0.478E+00    0.167E+00    0.119E+00    0.973E-02    0.987E-02    0.398E-02    0.398E-02    0.920E-04    0.920E-04    0.000E+00    0.000E+00
     2.025     0.445    0.476E+00    0.166E+00    0.117E+00    0.965E-02    0.978E-02    0.394E-02    0.394E-02    0.908E-04    0.908E-04    0.000E+00    0.000E+00
     2.025     0.446    0.475E+00    0.165E+00    0.116E+00    0.957E-02    0.970E-02    0.391E-02    0.391E-02    0.896E-04    0.896E-04    0.000E+00    0.000E+00
     2.025     0.447    0.473E+00    0.164E+00    0.115E+00    0.949E-02    0.961E-02    0.387E-02    0.387E-02    0.884E-04    0.884E-04    0.000E+00    0.000E+00
     2.025     0.448    0.472E+00    0.163E+00    0.114E+00    0.940E-02    0.952E-02    0.384E-02    0.384E-02    0.872E-04    0.872E-04    0.000E+00    0.000E+00
     2.025     0.449    0.470E+00    0.163E+00    0.113E+00    0.932E-02    0.944E-02    0.380E-02    0.380E-02    0.861E-04    0.861E-04    0.000E+00    0.000E+00
     2.025     0.450    0.469E+00    0.162E+00    0.112E+00    0.924E-02    0.936E-02    0.377E-02    0.377E-02    0.849E-04    0.849E-04    0.000E+00    0.000E+00
     2.025     0.451    0.467E+00    0.161E+00    0.110E+00    0.916E-02    0.927E-02    0.374E-02    0.374E-02    0.838E-04    0.838E-04    0.000E+00    0.000E+00
     2.025     0.452    0.466E+00    0.160E+00    0.109E+00    0.909E-02    0.919E-02    0.370E-02    0.370E-02    0.827E-04    0.827E-04    0.000E+00    0.000E+00
     2.025     0.453    0.464E+00    0.159E+00    0.108E+00    0.901E-02    0.911E-02    0.367E-02    0.367E-02    0.816E-04    0.816E-04    0.000E+00    0.000E+00
     2.025     0.454    0.463E+00    0.158E+00    0.107E+00    0.893E-02    0.903E-02    0.364E-02    0.364E-02    0.805E-04    0.805E-04    0.000E+00    0.000E+00
     2.025     0.455    0.461E+00    0.157E+00    0.106E+00    0.885E-02    0.895E-02    0.361E-02    0.361E-02    0.794E-04    0.794E-04    0.000E+00    0.000E+00
     2.025     0.456    0.460E+00    0.156E+00    0.105E+00    0.878E-02    0.887E-02    0.358E-02    0.358E-02    0.783E-04    0.783E-04    0.000E+00    0.000E+00
     2.025     0.457    0.458E+00    0.155E+00    0.104E+00    0.870E-02    0.879E-02    0.354E-02    0.354E-02    0.772E-04    0.772E-04    0.000E+00    0.000E+00
     2.025     0.458    0.457E+00    0.155E+00    0.102E+00    0.862E-02    0.871E-02    0.351E-02    0.351E-02    0.762E-04    0.762E-04    0.000E+00    0.000E+00
     2.025     0.459    0.455E+00    0.154E+00    0.101E+00    0.855E-02    0.863E-02    0.348E-02    0.348E-02    0.751E-04    0.751E-04    0.000E+00    0.000E+00
     2.025     0.460    0.454E+00    0.153E+00    0.100E+00    0.847E-02    0.855E-02    0.345E-02    0.345E-02    0.741E-04    0.741E-04    0.000E+00    0.000E+00
     2.025     0.461    0.452E+00    0.152E+00    0.992E-01    0.840E-02    0.847E-02    0.342E-02    0.342E-02    0.731E-04    0.731E-04    0.000E+00    0.000E+00
     2.025     0.462    0.451E+00    0.151E+00    0.982E-01    0.832E-02    0.840E-02    0.339E-02    0.339E-02    0.721E-04    0.721E-04    0.000E+00    0.000E+00
     2.025     0.463    0.449E+00    0.150E+00    0.971E-01    0.825E-02    0.832E-02    0.336E-02    0.336E-02    0.711E-04    0.711E-04    0.000E+00    0.000E+00
     2.025     0.464    0.447E+00    0.149E+00    0.961E-01    0.818E-02    0.825E-02    0.333E-02    0.333E-02    0.701E-04    0.701E-04    0.000E+00    0.000E+00
     2.025     0.465    0.446E+00    0.148E+00    0.950E-01    0.810E-02    0.817E-02    0.330E-02    0.330E-02    0.692E-04    0.692E-04    0.000E+00    0.000E+00
     2.025     0.466    0.444E+00    0.148E+00    0.940E-01    0.803E-02    0.810E-02    0.327E-02    0.327E-02    0.682E-04    0.682E-04    0.000E+00    0.000E+00
     2.025     0.467    0.443E+00    0.147E+00    0.930E-01    0.796E-02    0.802E-02    0.324E-02    0.324E-02    0.673E-04    0.673E-04    0.000E+00    0.000E+00
     2.025     0.468    0.441E+00    0.146E+00    0.920E-01    0.789E-02    0.795E-02    0.321E-02    0.321E-02    0.663E-04    0.663E-04    0.000E+00    0.000E+00
     2.025     0.469    0.440E+00    0.145E+00    0.910E-01    0.782E-02    0.787E-02    0.318E-02    0.318E-02    0.654E-04    0.654E-04    0.000E+00    0.000E+00
     2.025     0.470    0.438E+00    0.144E+00    0.900E-01    0.775E-02    0.780E-02    0.315E-02    0.315E-02    0.645E-04    0.645E-04    0.000E+00    0.000E+00
     2.025     0.471    0.437E+00    0.143E+00    0.890E-01    0.768E-02    0.773E-02    0.312E-02    0.312E-02    0.636E-04    0.636E-04    0.000E+00    0.000E+00
     2.025     0.472    0.435E+00    0.142E+00    0.880E-01    0.761E-02    0.766E-02    0.309E-02    0.309E-02    0.627E-04    0.627E-04    0.000E+00    0.000E+00
     2.025     0.473    0.433E+00    0.142E+00    0.870E-01    0.754E-02    0.759E-02    0.306E-02    0.306E-02    0.619E-04    0.619E-04    0.000E+00    0.000E+00
     2.025     0.474    0.432E+00    0.141E+00    0.861E-01    0.747E-02    0.752E-02    0.303E-02    0.303E-02    0.610E-04    0.610E-04    0.000E+00    0.000E+00
     2.025     0.475    0.430E+00    0.140E+00    0.851E-01    0.740E-02    0.745E-02    0.301E-02    0.301E-02    0.601E-04    0.601E-04    0.000E+00    0.000E+00
     2.025     0.476    0.429E+00    0.139E+00    0.842E-01    0.733E-02    0.738E-02    0.298E-02    0.298E-02    0.593E-04    0.593E-04    0.000E+00    0.000E+00
     2.025     0.477    0.427E+00    0.138E+00    0.833E-01    0.727E-02    0.731E-02    0.295E-02    0.295E-02    0.585E-04    0.585E-04    0.000E+00    0.000E+00
     2.025     0.478    0.426E+00    0.137E+00    0.823E-01    0.720E-02    0.724E-02    0.292E-02    0.292E-02    0.576E-04    0.576E-04    0.000E+00    0.000E+00
     2.025     0.479    0.424E+00    0.137E+00    0.814E-01    0.713E-02    0.717E-02    0.290E-02    0.290E-02    0.568E-04    0.568E-04    0.000E+00    0.000E+00
     2.025     0.480    0.423E+00    0.136E+00    0.805E-01    0.707E-02    0.711E-02    0.287E-02    0.287E-02    0.560E-04    0.560E-04    0.000E+00    0.000E+00
     2.025     0.481    0.421E+00    0.135E+00    0.796E-01    0.700E-02    0.704E-02    0.284E-02    0.284E-02    0.552E-04    0.552E-04    0.000E+00    0.000E+00
     2.025     0.482    0.419E+00    0.134E+00    0.787E-01    0.694E-02    0.697E-02    0.281E-02    0.281E-02    0.544E-04    0.544E-04    0.000E+00    0.000E+00
     2.025     0.483    0.418E+00    0.133E+00    0.778E-01    0.687E-02    0.691E-02    0.279E-02    0.279E-02    0.537E-04    0.537E-04    0.000E+00    0.000E+00
     2.025     0.484    0.416E+00    0.132E+00    0.770E-01    0.681E-02    0.684E-02    0.276E-02    0.276E-02    0.529E-04    0.529E-04    0.000E+00    0.000E+00
     2.025     0.485    0.415E+00    0.132E+00    0.761E-01    0.675E-02    0.678E-02    0.274E-02    0.274E-02    0.521E-04    0.521E-04    0.000E+00    0.000E+00
     2.025     0.486    0.413E+00    0.131E+00    0.752E-01    0.668E-02    0.671E-02    0.271E-02    0.271E-02    0.514E-04    0.514E-04    0.000E+00    0.000E+00
     2.025     0.487    0.412E+00    0.130E+00    0.744E-01    0.662E-02    0.665E-02    0.268E-02    0.268E-02    0.507E-04    0.507E-04    0.000E+00    0.000E+00
     2.025     0.488    0.410E+00    0.129E+00    0.735E-01    0.656E-02    0.659E-02    0.266E-02    0.266E-02    0.499E-04    0.499E-04    0.000E+00    0.000E+00
     2.025     0.489    0.408E+00    0.128E+00    0.727E-01    0.649E-02    0.652E-02    0.263E-02    0.263E-02    0.492E-04    0.492E-04    0.000E+00    0.000E+00
     2.025     0.490    0.407E+00    0.127E+00    0.719E-01    0.643E-02    0.646E-02    0.261E-02    0.261E-02    0.485E-04    0.485E-04    0.000E+00    0.000E+00
     2.025     0.491    0.405E+00    0.127E+00    0.710E-01    0.637E-02    0.640E-02    0.258E-02    0.258E-02    0.478E-04    0.478E-04    0.000E+00    0.000E+00
     2.025     0.492    0.404E+00    0.126E+00    0.702E-01    0.631E-02    0.634E-02    0.256E-02    0.256E-02    0.471E-04    0.471E-04    0.000E+00    0.000E+00
     2.025     0.493    0.402E+00    0.125E+00    0.694E-01    0.625E-02    0.628E-02    0.253E-02    0.253E-02    0.464E-04    0.464E-04    0.000E+00    0.000E+00
     2.025     0.494    0.401E+00    0.124E+00    0.686E-01    0.619E-02    0.621E-02    0.251E-02    0.251E-02    0.457E-04    0.457E-04    0.000E+00    0.000E+00
     2.025     0.495    0.399E+00    0.123E+00    0.678E-01    0.613E-02    0.615E-02    0.248E-02    0.248E-02    0.451E-04    0.451E-04    0.000E+00    0.000E+00
     2.025     0.496    0.397E+00    0.123E+00    0.670E-01    0.607E-02    0.609E-02    0.246E-02    0.246E-02    0.444E-04    0.444E-04    0.000E+00    0.000E+00
     2.025     0.497    0.396E+00    0.122E+00    0.663E-01    0.602E-02    0.604E-02    0.244E-02    0.244E-02    0.438E-04    0.438E-04    0.000E+00    0.000E+00
     2.025     0.498    0.394E+00    0.121E+00    0.655E-01    0.596E-02    0.598E-02    0.241E-02    0.241E-02    0.431E-04    0.431E-04    0.000E+00    0.000E+00
     2.025     0.499    0.393E+00    0.120E+00    0.647E-01    0.590E-02    0.592E-02    0.239E-02    0.239E-02    0.425E-04    0.425E-04    0.000E+00    0.000E+00
     2.025     0.500    0.391E+00    0.119E+00    0.640E-01    0.584E-02    0.586E-02    0.237E-02    0.237E-02    0.419E-04    0.419E-04    0.000E+00    0.000E+00
     2.025     0.501    0.390E+00    0.119E+00    0.632E-01    0.579E-02    0.580E-02    0.234E-02    0.234E-02    0.413E-04    0.413E-04    0.000E+00    0.000E+00
     2.025     0.502    0.388E+00    0.118E+00    0.625E-01    0.573E-02    0.575E-02    0.232E-02    0.232E-02    0.406E-04    0.406E-04    0.000E+00    0.000E+00
     2.025     0.503    0.386E+00    0.117E+00    0.617E-01    0.567E-02    0.569E-02    0.230E-02    0.230E-02    0.400E-04    0.400E-04    0.000E+00    0.000E+00
     2.025     0.504    0.385E+00    0.116E+00    0.610E-01    0.562E-02    0.563E-02    0.227E-02    0.227E-02    0.394E-04    0.394E-04    0.000E+00    0.000E+00
     2.025     0.505    0.383E+00    0.115E+00    0.603E-01    0.556E-02    0.558E-02    0.225E-02    0.225E-02    0.389E-04    0.389E-04    0.000E+00    0.000E+00
     2.025     0.506    0.382E+00    0.115E+00    0.596E-01    0.551E-02    0.552E-02    0.223E-02    0.223E-02    0.383E-04    0.383E-04    0.000E+00    0.000E+00
     2.025     0.507    0.380E+00    0.114E+00    0.589E-01    0.545E-02    0.547E-02    0.221E-02    0.221E-02    0.377E-04    0.377E-04    0.000E+00    0.000E+00
     2.025     0.508    0.378E+00    0.113E+00    0.582E-01    0.540E-02    0.541E-02    0.218E-02    0.218E-02    0.371E-04    0.371E-04    0.000E+00    0.000E+00
     2.025     0.509    0.377E+00    0.112E+00    0.575E-01    0.534E-02    0.536E-02    0.216E-02    0.216E-02    0.366E-04    0.366E-04    0.000E+00    0.000E+00
     2.025     0.510    0.375E+00    0.112E+00    0.568E-01    0.529E-02    0.530E-02    0.214E-02    0.214E-02    0.360E-04    0.360E-04    0.000E+00    0.000E+00
     2.025     0.511    0.374E+00    0.111E+00    0.561E-01    0.524E-02    0.525E-02    0.212E-02    0.212E-02    0.355E-04    0.355E-04    0.000E+00    0.000E+00
     2.025     0.512    0.372E+00    0.110E+00    0.554E-01    0.519E-02    0.520E-02    0.210E-02    0.210E-02    0.350E-04    0.350E-04    0.000E+00    0.000E+00
     2.025     0.513    0.371E+00    0.109E+00    0.548E-01    0.513E-02    0.514E-02    0.208E-02    0.208E-02    0.344E-04    0.344E-04    0.000E+00    0.000E+00
     2.025     0.514    0.369E+00    0.109E+00    0.541E-01    0.508E-02    0.509E-02    0.206E-02    0.206E-02    0.339E-04    0.339E-04    0.000E+00    0.000E+00
     2.025     0.515    0.367E+00    0.108E+00    0.535E-01    0.503E-02    0.504E-02    0.203E-02    0.203E-02    0.334E-04    0.334E-04    0.000E+00    0.000E+00
     2.025     0.516    0.366E+00    0.107E+00    0.528E-01    0.498E-02    0.499E-02    0.201E-02    0.201E-02    0.329E-04    0.329E-04    0.000E+00    0.000E+00
     2.025     0.517    0.364E+00    0.106E+00    0.522E-01    0.493E-02    0.494E-02    0.199E-02    0.199E-02    0.324E-04    0.324E-04    0.000E+00    0.000E+00
     2.025     0.518    0.363E+00    0.105E+00    0.515E-01    0.488E-02    0.489E-02    0.197E-02    0.197E-02    0.319E-04    0.319E-04    0.000E+00    0.000E+00
     2.025     0.519    0.361E+00    0.105E+00    0.509E-01    0.483E-02    0.484E-02    0.195E-02    0.195E-02    0.314E-04    0.314E-04    0.000E+00    0.000E+00
     2.025     0.520    0.360E+00    0.104E+00    0.503E-01    0.478E-02    0.479E-02    0.193E-02    0.193E-02    0.309E-04    0.309E-04    0.000E+00    0.000E+00
     2.025     0.521    0.358E+00    0.103E+00    0.497E-01    0.473E-02    0.474E-02    0.191E-02    0.191E-02    0.304E-04    0.304E-04    0.000E+00    0.000E+00
     2.025     0.522    0.356E+00    0.102E+00    0.490E-01    0.468E-02    0.469E-02    0.189E-02    0.189E-02    0.300E-04    0.300E-04    0.000E+00    0.000E+00
     2.025     0.523    0.355E+00    0.102E+00    0.484E-01    0.463E-02    0.464E-02    0.187E-02    0.187E-02    0.295E-04    0.295E-04    0.000E+00    0.000E+00
     2.025     0.524    0.353E+00    0.101E+00    0.478E-01    0.459E-02    0.459E-02    0.185E-02    0.185E-02    0.291E-04    0.291E-04    0.000E+00    0.000E+00
     2.025     0.525    0.352E+00    0.100E+00    0.472E-01    0.454E-02    0.455E-02    0.183E-02    0.183E-02    0.286E-04    0.286E-04    0.000E+00    0.000E+00
     2.025     0.526    0.350E+00    0.995E-01    0.467E-01    0.449E-02    0.450E-02    0.181E-02    0.181E-02    0.282E-04    0.282E-04    0.000E+00    0.000E+00
     2.025     0.527    0.349E+00    0.988E-01    0.461E-01    0.444E-02    0.445E-02    0.180E-02    0.180E-02    0.277E-04    0.277E-04    0.000E+00    0.000E+00
     2.025     0.528    0.347E+00    0.981E-01    0.455E-01    0.440E-02    0.440E-02    0.178E-02    0.178E-02    0.273E-04    0.273E-04    0.000E+00    0.000E+00
     2.025     0.529    0.346E+00    0.974E-01    0.449E-01    0.435E-02    0.436E-02    0.176E-02    0.176E-02    0.269E-04    0.269E-04    0.000E+00    0.000E+00
     2.025     0.530    0.344E+00    0.966E-01    0.444E-01    0.431E-02    0.431E-02    0.174E-02    0.174E-02    0.264E-04    0.264E-04    0.000E+00    0.000E+00
     2.025     0.531    0.342E+00    0.959E-01    0.438E-01    0.426E-02    0.427E-02    0.172E-02    0.172E-02    0.260E-04    0.260E-04    0.000E+00    0.000E+00
     2.025     0.532    0.341E+00    0.952E-01    0.433E-01    0.422E-02    0.422E-02    0.170E-02    0.170E-02    0.256E-04    0.256E-04    0.000E+00    0.000E+00
     2.025     0.533    0.339E+00    0.945E-01    0.427E-01    0.417E-02    0.418E-02    0.168E-02    0.168E-02    0.252E-04    0.252E-04    0.000E+00    0.000E+00
     2.025     0.534    0.338E+00    0.938E-01    0.422E-01    0.413E-02    0.413E-02    0.167E-02    0.167E-02    0.248E-04    0.248E-04    0.000E+00    0.000E+00
     2.025     0.535    0.336E+00    0.931E-01    0.416E-01    0.408E-02    0.409E-02    0.165E-02    0.165E-02    0.244E-04    0.244E-04    0.000E+00    0.000E+00
     2.025     0.536    0.335E+00    0.924E-01    0.411E-01    0.404E-02    0.404E-02    0.163E-02    0.163E-02    0.240E-04    0.240E-04    0.000E+00    0.000E+00
     2.025     0.537    0.333E+00    0.917E-01    0.406E-01    0.400E-02    0.400E-02    0.161E-02    0.161E-02    0.236E-04    0.236E-04    0.000E+00    0.000E+00
     2.025     0.538    0.332E+00    0.910E-01    0.401E-01    0.395E-02    0.396E-02    0.160E-02    0.160E-02    0.233E-04    0.233E-04    0.000E+00    0.000E+00
     2.025     0.539    0.330E+00    0.903E-01    0.396E-01    0.391E-02    0.391E-02    0.158E-02    0.158E-02    0.229E-04    0.229E-04    0.000E+00    0.000E+00
     2.025     0.540    0.328E+00    0.896E-01    0.390E-01    0.387E-02    0.387E-02    0.156E-02    0.156E-02    0.225E-04    0.225E-04    0.000E+00    0.000E+00
     2.025     0.541    0.327E+00    0.889E-01    0.385E-01    0.383E-02    0.383E-02    0.154E-02    0.154E-02    0.222E-04    0.222E-04    0.000E+00    0.000E+00
     2.025     0.542    0.325E+00    0.882E-01    0.380E-01    0.378E-02    0.379E-02    0.153E-02    0.153E-02    0.218E-04    0.218E-04    0.000E+00    0.000E+00
     2.025     0.543    0.324E+00    0.875E-01    0.376E-01    0.374E-02    0.375E-02    0.151E-02    0.151E-02    0.215E-04    0.215E-04    0.000E+00    0.000E+00
     2.025     0.544    0.322E+00    0.868E-01    0.371E-01    0.370E-02    0.370E-02    0.149E-02    0.149E-02    0.211E-04    0.211E-04    0.000E+00    0.000E+00
     2.025     0.545    0.321E+00    0.861E-01    0.366E-01    0.366E-02    0.366E-02    0.148E-02    0.148E-02    0.208E-04    0.208E-04    0.000E+00    0.000E+00
     2.025     0.546    0.319E+00    0.855E-01    0.361E-01    0.362E-02    0.362E-02    0.146E-02    0.146E-02    0.204E-04    0.204E-04    0.000E+00    0.000E+00
     2.025     0.547    0.318E+00    0.848E-01    0.356E-01    0.358E-02    0.358E-02    0.145E-02    0.145E-02    0.201E-04    0.201E-04    0.000E+00    0.000E+00
     2.025     0.548    0.316E+00    0.841E-01    0.352E-01    0.354E-02    0.354E-02    0.143E-02    0.143E-02    0.198E-04    0.198E-04    0.000E+00    0.000E+00
     2.025     0.549    0.315E+00    0.834E-01    0.347E-01    0.350E-02    0.350E-02    0.141E-02    0.141E-02    0.195E-04    0.195E-04    0.000E+00    0.000E+00
     2.025     0.550    0.313E+00    0.828E-01    0.342E-01    0.346E-02    0.347E-02    0.140E-02    0.140E-02    0.191E-04    0.191E-04    0.000E+00    0.000E+00
     2.025     0.551    0.311E+00    0.821E-01    0.338E-01    0.342E-02    0.343E-02    0.138E-02    0.138E-02    0.188E-04    0.188E-04    0.000E+00    0.000E+00
     2.025     0.552    0.310E+00    0.815E-01    0.333E-01    0.339E-02    0.339E-02    0.137E-02    0.137E-02    0.185E-04    0.185E-04    0.000E+00    0.000E+00
     2.025     0.553    0.308E+00    0.808E-01    0.329E-01    0.335E-02    0.335E-02    0.135E-02    0.135E-02    0.182E-04    0.182E-04    0.000E+00    0.000E+00
     2.025     0.554    0.307E+00    0.801E-01    0.325E-01    0.331E-02    0.331E-02    0.134E-02    0.134E-02    0.179E-04    0.179E-04    0.000E+00    0.000E+00
     2.025     0.555    0.305E+00    0.795E-01    0.320E-01    0.327E-02    0.327E-02    0.132E-02    0.132E-02    0.176E-04    0.176E-04    0.000E+00    0.000E+00
     2.025     0.556    0.304E+00    0.788E-01    0.316E-01    0.324E-02    0.324E-02    0.130E-02    0.130E-02    0.173E-04    0.173E-04    0.000E+00    0.000E+00
     2.025     0.557    0.302E+00    0.782E-01    0.312E-01    0.320E-02    0.320E-02    0.129E-02    0.129E-02    0.170E-04    0.170E-04    0.000E+00    0.000E+00
     2.025     0.558    0.301E+00    0.776E-01    0.308E-01    0.316E-02    0.316E-02    0.128E-02    0.128E-02    0.167E-04    0.167E-04    0.000E+00    0.000E+00
     2.025     0.559    0.299E+00    0.769E-01    0.303E-01    0.313E-02    0.313E-02    0.126E-02    0.126E-02    0.165E-04    0.165E-04    0.000E+00    0.000E+00
     2.025     0.560    0.298E+00    0.763E-01    0.299E-01    0.309E-02    0.309E-02    0.125E-02    0.125E-02    0.162E-04    0.162E-04    0.000E+00    0.000E+00
     2.025     0.561    0.296E+00    0.756E-01    0.295E-01    0.305E-02    0.306E-02    0.123E-02    0.123E-02    0.159E-04    0.159E-04    0.000E+00    0.000E+00
     2.025     0.562    0.295E+00    0.750E-01    0.291E-01    0.302E-02    0.302E-02    0.122E-02    0.122E-02    0.157E-04    0.157E-04    0.000E+00    0.000E+00
     2.025     0.563    0.293E+00    0.744E-01    0.287E-01    0.298E-02    0.299E-02    0.120E-02    0.120E-02    0.154E-04    0.154E-04    0.000E+00    0.000E+00
     2.025     0.564    0.292E+00    0.738E-01    0.283E-01    0.295E-02    0.295E-02    0.119E-02    0.119E-02    0.151E-04    0.151E-04    0.000E+00    0.000E+00
     2.025     0.565    0.290E+00    0.731E-01    0.280E-01    0.292E-02    0.292E-02    0.118E-02    0.118E-02    0.149E-04    0.149E-04    0.000E+00    0.000E+00
     2.025     0.566    0.289E+00    0.725E-01    0.276E-01    0.288E-02    0.288E-02    0.116E-02    0.116E-02    0.146E-04    0.146E-04    0.000E+00    0.000E+00
     2.025     0.567    0.287E+00    0.719E-01    0.272E-01    0.285E-02    0.285E-02    0.115E-02    0.115E-02    0.144E-04    0.144E-04    0.000E+00    0.000E+00
     2.025     0.568    0.286E+00    0.713E-01    0.268E-01    0.281E-02    0.281E-02    0.113E-02    0.113E-02    0.141E-04    0.141E-04    0.000E+00    0.000E+00
     2.025     0.569    0.284E+00    0.707E-01    0.264E-01    0.278E-02    0.278E-02    0.112E-02    0.112E-02    0.139E-04    0.139E-04    0.000E+00    0.000E+00
     2.025     0.570    0.283E+00    0.701E-01    0.261E-01    0.275E-02    0.275E-02    0.111E-02    0.111E-02    0.137E-04    0.137E-04    0.000E+00    0.000E+00
     2.025     0.571    0.281E+00    0.695E-01    0.257E-01    0.271E-02    0.272E-02    0.109E-02    0.109E-02    0.134E-04    0.134E-04    0.000E+00    0.000E+00
     2.025     0.572    0.280E+00    0.689E-01    0.254E-01    0.268E-02    0.268E-02    0.108E-02    0.108E-02    0.132E-04    0.132E-04    0.000E+00    0.000E+00
     2.025     0.573    0.278E+00    0.683E-01    0.250E-01    0.265E-02    0.265E-02    0.107E-02    0.107E-02    0.130E-04    0.130E-04    0.000E+00    0.000E+00
     2.025     0.574    0.277E+00    0.677E-01    0.247E-01    0.262E-02    0.262E-02    0.106E-02    0.106E-02    0.127E-04    0.127E-04    0.000E+00    0.000E+00
     2.025     0.575    0.275E+00    0.671E-01    0.243E-01    0.259E-02    0.259E-02    0.104E-02    0.104E-02    0.125E-04    0.125E-04    0.000E+00    0.000E+00
     2.025     0.576    0.274E+00    0.665E-01    0.240E-01    0.256E-02    0.256E-02    0.103E-02    0.103E-02    0.123E-04    0.123E-04    0.000E+00    0.000E+00
     2.025     0.577    0.272E+00    0.659E-01    0.236E-01    0.252E-02    0.252E-02    0.102E-02    0.102E-02    0.121E-04    0.121E-04    0.000E+00    0.000E+00
     2.025     0.578    0.271E+00    0.653E-01    0.233E-01    0.249E-02    0.249E-02    0.100E-02    0.100E-02    0.119E-04    0.119E-04    0.000E+00    0.000E+00
     2.025     0.579    0.269E+00    0.647E-01    0.230E-01    0.246E-02    0.246E-02    0.992E-03    0.992E-03    0.117E-04    0.117E-04    0.000E+00    0.000E+00
     2.025     0.580    0.268E+00    0.641E-01    0.226E-01    0.243E-02    0.243E-02    0.980E-03    0.980E-03    0.115E-04    0.115E-04    0.000E+00    0.000E+00
     2.025     0.581    0.266E+00    0.636E-01    0.223E-01    0.240E-02    0.240E-02    0.968E-03    0.968E-03    0.113E-04    0.113E-04    0.000E+00    0.000E+00
     2.025     0.582    0.265E+00    0.630E-01    0.220E-01    0.237E-02    0.237E-02    0.956E-03    0.956E-03    0.111E-04    0.111E-04    0.000E+00    0.000E+00
     2.025     0.583    0.263E+00    0.624E-01    0.217E-01    0.234E-02    0.234E-02    0.944E-03    0.944E-03    0.109E-04    0.109E-04    0.000E+00    0.000E+00
     2.025     0.584    0.262E+00    0.619E-01    0.214E-01    0.231E-02    0.232E-02    0.932E-03    0.932E-03    0.107E-04    0.107E-04    0.000E+00    0.000E+00
     2.025     0.585    0.261E+00    0.613E-01    0.211E-01    0.229E-02    0.229E-02    0.921E-03    0.921E-03    0.105E-04    0.105E-04    0.000E+00    0.000E+00
     2.025     0.586    0.259E+00    0.607E-01    0.208E-01    0.226E-02    0.226E-02    0.909E-03    0.909E-03    0.103E-04    0.103E-04    0.000E+00    0.000E+00
     2.025     0.587    0.258E+00    0.602E-01    0.205E-01    0.223E-02    0.223E-02    0.898E-03    0.898E-03    0.101E-04    0.101E-04    0.000E+00    0.000E+00
     2.025     0.588    0.256E+00    0.596E-01    0.202E-01    0.220E-02    0.220E-02    0.886E-03    0.886E-03    0.994E-05    0.994E-05    0.000E+00    0.000E+00
     2.025     0.589    0.255E+00    0.591E-01    0.199E-01    0.217E-02    0.217E-02    0.875E-03    0.875E-03    0.976E-05    0.976E-05    0.000E+00    0.000E+00
     2.025     0.590    0.253E+00    0.585E-01    0.196E-01    0.215E-02    0.215E-02    0.864E-03    0.864E-03    0.958E-05    0.958E-05    0.000E+00    0.000E+00
     2.025     0.591    0.252E+00    0.580E-01    0.193E-01    0.212E-02    0.212E-02    0.853E-03    0.853E-03    0.941E-05    0.941E-05    0.000E+00    0.000E+00
     2.025     0.592    0.250E+00    0.575E-01    0.190E-01    0.209E-02    0.209E-02    0.842E-03    0.842E-03    0.924E-05    0.924E-05    0.000E+00    0.000E+00
     2.025     0.593    0.249E+00    0.569E-01    0.187E-01    0.206E-02    0.206E-02    0.831E-03    0.831E-03    0.907E-05    0.907E-05    0.000E+00    0.000E+00
     2.025     0.594    0.248E+00    0.564E-01    0.185E-01    0.204E-02    0.204E-02    0.820E-03    0.820E-03    0.891E-05    0.891E-05    0.000E+00    0.000E+00
     2.025     0.595    0.246E+00    0.558E-01    0.182E-01    0.201E-02    0.201E-02    0.810E-03    0.810E-03    0.875E-05    0.875E-05    0.000E+00    0.000E+00
     2.025     0.596    0.245E+00    0.553E-01    0.179E-01    0.199E-02    0.199E-02    0.799E-03    0.799E-03    0.859E-05    0.859E-05    0.000E+00    0.000E+00
     2.025     0.597    0.243E+00    0.548E-01    0.176E-01    0.196E-02    0.196E-02    0.789E-03    0.789E-03    0.843E-05    0.843E-05    0.000E+00    0.000E+00
     2.025     0.598    0.242E+00    0.543E-01    0.174E-01    0.193E-02    0.193E-02    0.778E-03    0.778E-03    0.828E-05    0.828E-05    0.000E+00    0.000E+00
     2.025     0.599    0.240E+00    0.538E-01    0.171E-01    0.191E-02    0.191E-02    0.768E-03    0.768E-03    0.813E-05    0.813E-05    0.000E+00    0.000E+00
     2.025     0.600    0.239E+00    0.532E-01    0.169E-01    0.188E-02    0.188E-02    0.758E-03    0.758E-03    0.798E-05    0.798E-05    0.000E+00    0.000E+00
     2.025     0.601    0.238E+00    0.527E-01    0.166E-01    0.186E-02    0.186E-02    0.748E-03    0.748E-03    0.783E-05    0.783E-05    0.000E+00    0.000E+00
     2.025     0.602    0.236E+00    0.522E-01    0.164E-01    0.183E-02    0.183E-02    0.738E-03    0.738E-03    0.769E-05    0.769E-05    0.000E+00    0.000E+00
     2.025     0.603    0.235E+00    0.517E-01    0.161E-01    0.181E-02    0.181E-02    0.728E-03    0.728E-03    0.754E-05    0.754E-05    0.000E+00    0.000E+00
     2.025     0.604    0.233E+00    0.512E-01    0.159E-01    0.178E-02    0.179E-02    0.718E-03    0.718E-03    0.740E-05    0.740E-05    0.000E+00    0.000E+00
     2.025     0.605    0.232E+00    0.507E-01    0.156E-01    0.176E-02    0.176E-02    0.709E-03    0.709E-03    0.727E-05    0.727E-05    0.000E+00    0.000E+00
     2.025     0.606    0.231E+00    0.502E-01    0.154E-01    0.174E-02    0.174E-02    0.699E-03    0.699E-03    0.713E-05    0.713E-05    0.000E+00    0.000E+00
     2.025     0.607    0.229E+00    0.497E-01    0.152E-01    0.171E-02    0.171E-02    0.690E-03    0.690E-03    0.700E-05    0.700E-05    0.000E+00    0.000E+00
     2.025     0.608    0.228E+00    0.492E-01    0.149E-01    0.169E-02    0.169E-02    0.680E-03    0.680E-03    0.687E-05    0.687E-05    0.000E+00    0.000E+00
     2.025     0.609    0.226E+00    0.487E-01    0.147E-01    0.167E-02    0.167E-02    0.671E-03    0.671E-03    0.674E-05    0.674E-05    0.000E+00    0.000E+00
     2.025     0.610    0.225E+00    0.482E-01    0.145E-01    0.164E-02    0.164E-02    0.662E-03    0.662E-03    0.661E-05    0.661E-05    0.000E+00    0.000E+00
     2.025     0.611    0.224E+00    0.478E-01    0.142E-01    0.162E-02    0.162E-02    0.653E-03    0.653E-03    0.649E-05    0.649E-05    0.000E+00    0.000E+00
     2.025     0.612    0.222E+00    0.473E-01    0.140E-01    0.160E-02    0.160E-02    0.644E-03    0.644E-03    0.636E-05    0.636E-05    0.000E+00    0.000E+00
     2.025     0.613    0.221E+00    0.468E-01    0.138E-01    0.158E-02    0.158E-02    0.635E-03    0.635E-03    0.624E-05    0.624E-05    0.000E+00    0.000E+00
     2.025     0.614    0.219E+00    0.463E-01    0.136E-01    0.156E-02    0.156E-02    0.626E-03    0.626E-03    0.612E-05    0.612E-05    0.000E+00    0.000E+00
     2.025     0.615    0.218E+00    0.458E-01    0.134E-01    0.153E-02    0.153E-02    0.617E-03    0.617E-03    0.601E-05    0.601E-05    0.000E+00    0.000E+00
     2.025     0.616    0.217E+00    0.454E-01    0.132E-01    0.151E-02    0.151E-02    0.608E-03    0.608E-03    0.589E-05    0.589E-05    0.000E+00    0.000E+00
     2.025     0.617    0.215E+00    0.449E-01    0.130E-01    0.149E-02    0.149E-02    0.600E-03    0.600E-03    0.578E-05    0.578E-05    0.000E+00    0.000E+00
     2.025     0.618    0.214E+00    0.445E-01    0.128E-01    0.147E-02    0.147E-02    0.591E-03    0.591E-03    0.567E-05    0.567E-05    0.000E+00    0.000E+00
     2.025     0.619    0.213E+00    0.440E-01    0.126E-01    0.145E-02    0.145E-02    0.583E-03    0.583E-03    0.556E-05    0.556E-05    0.000E+00    0.000E+00
     2.025     0.620    0.211E+00    0.435E-01    0.124E-01    0.143E-02    0.143E-02    0.574E-03    0.574E-03    0.545E-05    0.545E-05    0.000E+00    0.000E+00
     2.025     0.621    0.210E+00    0.431E-01    0.122E-01    0.141E-02    0.141E-02    0.566E-03    0.566E-03    0.535E-05    0.535E-05    0.000E+00    0.000E+00
     2.025     0.622    0.209E+00    0.426E-01    0.120E-01    0.139E-02    0.139E-02    0.558E-03    0.558E-03    0.524E-05    0.524E-05    0.000E+00    0.000E+00
     2.025     0.623    0.207E+00    0.422E-01    0.118E-01    0.137E-02    0.137E-02    0.550E-03    0.550E-03    0.514E-05    0.514E-05    0.000E+00    0.000E+00
     2.025     0.624    0.206E+00    0.417E-01    0.116E-01    0.135E-02    0.135E-02    0.542E-03    0.542E-03    0.504E-05    0.504E-05    0.000E+00    0.000E+00
     2.025     0.625    0.205E+00    0.413E-01    0.114E-01    0.133E-02    0.133E-02    0.534E-03    0.534E-03    0.494E-05    0.494E-05    0.000E+00    0.000E+00
     2.025     0.626    0.203E+00    0.409E-01    0.112E-01    0.131E-02    0.131E-02    0.526E-03    0.526E-03    0.484E-05    0.484E-05    0.000E+00    0.000E+00
     2.025     0.627    0.202E+00    0.404E-01    0.110E-01    0.129E-02    0.129E-02    0.518E-03    0.518E-03    0.475E-05    0.475E-05    0.000E+00    0.000E+00
     2.025     0.628    0.201E+00    0.400E-01    0.109E-01    0.127E-02    0.127E-02    0.511E-03    0.511E-03    0.466E-05    0.466E-05    0.000E+00    0.000E+00
     2.025     0.629    0.199E+00    0.396E-01    0.107E-01    0.125E-02    0.125E-02    0.503E-03    0.503E-03    0.456E-05    0.456E-05    0.000E+00    0.000E+00
     2.025     0.630    0.198E+00    0.391E-01    0.105E-01    0.123E-02    0.123E-02    0.496E-03    0.496E-03    0.447E-05    0.447E-05    0.000E+00    0.000E+00
     2.025     0.631    0.197E+00    0.387E-01    0.103E-01    0.121E-02    0.121E-02    0.488E-03    0.488E-03    0.439E-05    0.439E-05    0.000E+00    0.000E+00
     2.025     0.632    0.195E+00    0.383E-01    0.102E-01    0.120E-02    0.120E-02    0.481E-03    0.481E-03    0.430E-05    0.430E-05    0.000E+00    0.000E+00
     2.025     0.633    0.194E+00    0.379E-01    0.100E-01    0.118E-02    0.118E-02    0.474E-03    0.474E-03    0.421E-05    0.421E-05    0.000E+00    0.000E+00
     2.025     0.634    0.193E+00    0.375E-01    0.984E-02    0.116E-02    0.116E-02    0.466E-03    0.466E-03    0.413E-05    0.413E-05    0.000E+00    0.000E+00
     2.025     0.635    0.191E+00    0.371E-01    0.968E-02    0.114E-02    0.114E-02    0.459E-03    0.459E-03    0.404E-05    0.404E-05    0.000E+00    0.000E+00
     2.025     0.636    0.190E+00    0.367E-01    0.952E-02    0.112E-02    0.112E-02    0.452E-03    0.452E-03    0.396E-05    0.396E-05    0.000E+00    0.000E+00
     2.025     0.637    0.189E+00    0.362E-01    0.936E-02    0.111E-02    0.111E-02    0.445E-03    0.445E-03    0.388E-05    0.388E-05    0.000E+00    0.000E+00
     2.025     0.638    0.188E+00    0.358E-01    0.920E-02    0.109E-02    0.109E-02    0.438E-03    0.438E-03    0.380E-05    0.380E-05    0.000E+00    0.000E+00
     2.025     0.639    0.186E+00    0.354E-01    0.905E-02    0.107E-02    0.107E-02    0.431E-03    0.431E-03    0.373E-05    0.373E-05    0.000E+00    0.000E+00
     2.025     0.640    0.185E+00    0.350E-01    0.890E-02    0.106E-02    0.106E-02    0.425E-03    0.425E-03    0.365E-05    0.365E-05    0.000E+00    0.000E+00
     2.025     0.641    0.184E+00    0.347E-01    0.875E-02    0.104E-02    0.104E-02    0.418E-03    0.418E-03    0.358E-05    0.358E-05    0.000E+00    0.000E+00
     2.025     0.642    0.182E+00    0.343E-01    0.860E-02    0.102E-02    0.102E-02    0.411E-03    0.411E-03    0.350E-05    0.350E-05    0.000E+00    0.000E+00
     2.025     0.643    0.181E+00    0.339E-01    0.845E-02    0.101E-02    0.101E-02    0.405E-03    0.405E-03    0.343E-05    0.343E-05    0.000E+00    0.000E+00
     2.025     0.644    0.180E+00    0.335E-01    0.831E-02    0.991E-03    0.991E-03    0.398E-03    0.398E-03    0.336E-05    0.336E-05    0.000E+00    0.000E+00
     2.025     0.645    0.179E+00    0.331E-01    0.817E-02    0.975E-03    0.975E-03    0.392E-03    0.392E-03    0.329E-05    0.329E-05    0.000E+00    0.000E+00
     2.025     0.646    0.177E+00    0.327E-01    0.803E-02    0.959E-03    0.959E-03    0.386E-03    0.386E-03    0.322E-05    0.322E-05    0.000E+00    0.000E+00
     2.025     0.647    0.176E+00    0.324E-01    0.789E-02    0.944E-03    0.944E-03    0.379E-03    0.379E-03    0.316E-05    0.316E-05    0.000E+00    0.000E+00
     2.025     0.648    0.175E+00    0.320E-01    0.776E-02    0.928E-03    0.928E-03    0.373E-03    0.373E-03    0.309E-05    0.309E-05    0.000E+00    0.000E+00
     2.025     0.649    0.174E+00    0.316E-01    0.763E-02    0.913E-03    0.913E-03    0.367E-03    0.367E-03    0.303E-05    0.303E-05    0.000E+00    0.000E+00
     2.025     0.650    0.172E+00    0.312E-01    0.749E-02    0.898E-03    0.898E-03    0.361E-03    0.361E-03    0.296E-05    0.296E-05    0.000E+00    0.000E+00
     2.025     0.651    0.171E+00    0.309E-01    0.737E-02    0.883E-03    0.883E-03    0.355E-03    0.355E-03    0.290E-05    0.290E-05    0.000E+00    0.000E+00
     2.025     0.652    0.170E+00    0.305E-01    0.724E-02    0.869E-03    0.869E-03    0.349E-03    0.349E-03    0.284E-05    0.284E-05    0.000E+00    0.000E+00
     2.025     0.653    0.169E+00    0.302E-01    0.711E-02    0.854E-03    0.854E-03    0.343E-03    0.343E-03    0.278E-05    0.278E-05    0.000E+00    0.000E+00
     2.025     0.654    0.167E+00    0.298E-01    0.699E-02    0.840E-03    0.840E-03    0.338E-03    0.338E-03    0.272E-05    0.272E-05    0.000E+00    0.000E+00
     2.025     0.655    0.166E+00    0.294E-01    0.686E-02    0.826E-03    0.826E-03    0.332E-03    0.332E-03    0.266E-05    0.266E-05    0.000E+00    0.000E+00
     2.025     0.656    0.165E+00    0.291E-01    0.674E-02    0.812E-03    0.812E-03    0.326E-03    0.326E-03    0.261E-05    0.261E-05    0.000E+00    0.000E+00
     2.025     0.657    0.164E+00    0.288E-01    0.662E-02    0.798E-03    0.798E-03    0.321E-03    0.321E-03    0.255E-05    0.255E-05    0.000E+00    0.000E+00
     2.025     0.658    0.163E+00    0.284E-01    0.651E-02    0.784E-03    0.784E-03    0.315E-03    0.315E-03    0.250E-05    0.250E-05    0.000E+00    0.000E+00
     2.025     0.659    0.161E+00    0.281E-01    0.639E-02    0.770E-03    0.770E-03    0.310E-03    0.310E-03    0.244E-05    0.244E-05    0.000E+00    0.000E+00
     2.025     0.660    0.160E+00    0.277E-01    0.628E-02    0.757E-03    0.757E-03    0.304E-03    0.304E-03    0.239E-05    0.239E-05    0.000E+00    0.000E+00
     2.025     0.661    0.159E+00    0.274E-01    0.617E-02    0.744E-03    0.744E-03    0.299E-03    0.299E-03    0.234E-05    0.234E-05    0.000E+00    0.000E+00
     2.025     0.662    0.158E+00    0.271E-01    0.606E-02    0.731E-03    0.731E-03    0.294E-03    0.294E-03    0.229E-05    0.229E-05    0.000E+00    0.000E+00
     2.025     0.663    0.157E+00    0.267E-01    0.595E-02    0.718E-03    0.718E-03    0.288E-03    0.288E-03    0.224E-05    0.224E-05    0.000E+00    0.000E+00
     2.025     0.664    0.155E+00    0.264E-01    0.584E-02    0.705E-03    0.705E-03    0.283E-03    0.283E-03    0.219E-05    0.219E-05    0.000E+00    0.000E+00
     2.025     0.665    0.154E+00    0.261E-01    0.573E-02    0.692E-03    0.692E-03    0.278E-03    0.278E-03    0.214E-05    0.214E-05    0.000E+00    0.000E+00
     2.025     0.666    0.153E+00    0.257E-01    0.563E-02    0.680E-03    0.680E-03    0.273E-03    0.273E-03    0.209E-05    0.209E-05    0.000E+00    0.000E+00
     2.025     0.667    0.152E+00    0.254E-01    0.553E-02    0.667E-03    0.667E-03    0.268E-03    0.268E-03    0.205E-05    0.205E-05    0.000E+00    0.000E+00
     2.025     0.668    0.151E+00    0.251E-01    0.543E-02    0.655E-03    0.655E-03    0.263E-03    0.263E-03    0.200E-05    0.200E-05    0.000E+00    0.000E+00
     2.025     0.669    0.150E+00    0.248E-01    0.533E-02    0.643E-03    0.643E-03    0.258E-03    0.258E-03    0.196E-05    0.196E-05    0.000E+00    0.000E+00
     2.025     0.670    0.148E+00    0.245E-01    0.523E-02    0.631E-03    0.631E-03    0.254E-03    0.254E-03    0.192E-05    0.192E-05    0.000E+00    0.000E+00
     2.025     0.671    0.147E+00    0.242E-01    0.514E-02    0.620E-03    0.620E-03    0.249E-03    0.249E-03    0.187E-05    0.187E-05    0.000E+00    0.000E+00
     2.025     0.672    0.146E+00    0.239E-01    0.504E-02    0.608E-03    0.608E-03    0.244E-03    0.244E-03    0.183E-05    0.183E-05    0.000E+00    0.000E+00
     2.025     0.673    0.145E+00    0.236E-01    0.495E-02    0.597E-03    0.597E-03    0.240E-03    0.240E-03    0.179E-05    0.179E-05    0.000E+00    0.000E+00
     2.025     0.674    0.144E+00    0.233E-01    0.486E-02    0.585E-03    0.585E-03    0.235E-03    0.235E-03    0.175E-05    0.175E-05    0.000E+00    0.000E+00
     2.025     0.675    0.143E+00    0.230E-01    0.477E-02    0.574E-03    0.574E-03    0.231E-03    0.231E-03    0.171E-05    0.171E-05    0.000E+00    0.000E+00
     2.025     0.676    0.142E+00    0.227E-01    0.468E-02    0.563E-03    0.563E-03    0.226E-03    0.226E-03    0.167E-05    0.167E-05    0.000E+00    0.000E+00
     2.025     0.677    0.140E+00    0.224E-01    0.459E-02    0.552E-03    0.552E-03    0.222E-03    0.222E-03    0.164E-05    0.164E-05    0.000E+00    0.000E+00
     2.025     0.678    0.139E+00    0.221E-01    0.450E-02    0.541E-03    0.541E-03    0.218E-03    0.218E-03    0.160E-05    0.160E-05    0.000E+00    0.000E+00
     2.025     0.679    0.138E+00    0.218E-01    0.442E-02    0.531E-03    0.531E-03    0.213E-03    0.213E-03    0.156E-05    0.156E-05    0.000E+00    0.000E+00
     2.025     0.680    0.137E+00    0.215E-01    0.433E-02    0.520E-03    0.520E-03    0.209E-03    0.209E-03    0.153E-05    0.153E-05    0.000E+00    0.000E+00
     2.025     0.681    0.136E+00    0.212E-01    0.425E-02    0.510E-03    0.510E-03    0.205E-03    0.205E-03    0.149E-05    0.149E-05    0.000E+00    0.000E+00
     2.025     0.682    0.135E+00    0.209E-01    0.417E-02    0.500E-03    0.500E-03    0.201E-03    0.201E-03    0.146E-05    0.146E-05    0.000E+00    0.000E+00
     2.025     0.683    0.134E+00    0.207E-01    0.409E-02    0.490E-03    0.490E-03    0.197E-03    0.197E-03    0.142E-05    0.142E-05    0.000E+00    0.000E+00
     2.025     0.684    0.133E+00    0.204E-01    0.401E-02    0.480E-03    0.480E-03    0.193E-03    0.193E-03    0.139E-05    0.139E-05    0.000E+00    0.000E+00
     2.025     0.685    0.132E+00    0.201E-01    0.393E-02    0.470E-03    0.470E-03    0.189E-03    0.189E-03    0.136E-05    0.136E-05    0.000E+00    0.000E+00
     2.025     0.686    0.131E+00    0.199E-01    0.386E-02    0.460E-03    0.460E-03    0.185E-03    0.185E-03    0.133E-05    0.133E-05    0.000E+00    0.000E+00
     2.025     0.687    0.129E+00    0.196E-01    0.378E-02    0.451E-03    0.451E-03    0.181E-03    0.181E-03    0.130E-05    0.130E-05    0.000E+00    0.000E+00
     2.025     0.688    0.128E+00    0.193E-01    0.371E-02    0.441E-03    0.441E-03    0.177E-03    0.177E-03    0.127E-05    0.127E-05    0.000E+00    0.000E+00
     2.025     0.689    0.127E+00    0.191E-01    0.364E-02    0.432E-03    0.432E-03    0.173E-03    0.173E-03    0.124E-05    0.124E-05    0.000E+00    0.000E+00
     2.025     0.690    0.126E+00    0.188E-01    0.357E-02    0.423E-03    0.423E-03    0.170E-03    0.170E-03    0.121E-05    0.121E-05    0.000E+00    0.000E+00
     2.025     0.691    0.125E+00    0.185E-01    0.350E-02    0.414E-03    0.414E-03    0.166E-03    0.166E-03    0.118E-05    0.118E-05    0.000E+00    0.000E+00
     2.025     0.692    0.124E+00    0.183E-01    0.343E-02    0.405E-03    0.405E-03    0.163E-03    0.163E-03    0.115E-05    0.115E-05    0.000E+00    0.000E+00
     2.025     0.693    0.123E+00    0.180E-01    0.336E-02    0.396E-03    0.396E-03    0.159E-03    0.159E-03    0.112E-05    0.112E-05    0.000E+00    0.000E+00
     2.025     0.694    0.122E+00    0.178E-01    0.329E-02    0.387E-03    0.387E-03    0.156E-03    0.156E-03    0.110E-05    0.110E-05    0.000E+00    0.000E+00
     2.025     0.695    0.121E+00    0.175E-01    0.323E-02    0.379E-03    0.379E-03    0.152E-03    0.152E-03    0.107E-05    0.107E-05    0.000E+00    0.000E+00
     2.025     0.696    0.120E+00    0.173E-01    0.317E-02    0.370E-03    0.370E-03    0.149E-03    0.149E-03    0.105E-05    0.105E-05    0.000E+00    0.000E+00
     2.025     0.697    0.119E+00    0.170E-01    0.310E-02    0.362E-03    0.362E-03    0.145E-03    0.145E-03    0.102E-05    0.102E-05    0.000E+00    0.000E+00
     2.025     0.698    0.118E+00    0.168E-01    0.304E-02    0.354E-03    0.354E-03    0.142E-03    0.142E-03    0.996E-06    0.996E-06    0.000E+00    0.000E+00
     2.025     0.699    0.117E+00    0.166E-01    0.298E-02    0.345E-03    0.345E-03    0.139E-03    0.139E-03    0.972E-06    0.972E-06    0.000E+00    0.000E+00
     2.025     0.700    0.116E+00    0.163E-01    0.292E-02    0.337E-03    0.337E-03    0.136E-03    0.136E-03    0.948E-06    0.948E-06    0.000E+00    0.000E+00
     2.025     0.701    0.115E+00    0.161E-01    0.286E-02    0.329E-03    0.329E-03    0.132E-03    0.132E-03    0.925E-06    0.925E-06    0.000E+00    0.000E+00
     2.025     0.702    0.114E+00    0.159E-01    0.280E-02    0.322E-03    0.322E-03    0.129E-03    0.129E-03    0.902E-06    0.902E-06    0.000E+00    0.000E+00
     2.025     0.703    0.113E+00    0.156E-01    0.274E-02    0.314E-03    0.314E-03    0.126E-03    0.126E-03    0.880E-06    0.880E-06    0.000E+00    0.000E+00
     2.025     0.704    0.112E+00    0.154E-01    0.269E-02    0.306E-03    0.306E-03    0.123E-03    0.123E-03    0.858E-06    0.858E-06    0.000E+00    0.000E+00
     2.025     0.705    0.111E+00    0.152E-01    0.263E-02    0.299E-03    0.299E-03    0.120E-03    0.120E-03    0.837E-06    0.837E-06    0.000E+00    0.000E+00
     2.025     0.706    0.110E+00    0.150E-01    0.258E-02    0.292E-03    0.292E-03    0.117E-03    0.117E-03    0.816E-06    0.816E-06    0.000E+00    0.000E+00
     2.025     0.707    0.109E+00    0.148E-01    0.252E-02    0.284E-03    0.284E-03    0.114E-03    0.114E-03    0.796E-06    0.796E-06    0.000E+00    0.000E+00
     2.025     0.708    0.108E+00    0.145E-01    0.247E-02    0.277E-03    0.277E-03    0.111E-03    0.111E-03    0.776E-06    0.776E-06    0.000E+00    0.000E+00
     2.025     0.709    0.107E+00    0.143E-01    0.242E-02    0.270E-03    0.270E-03    0.109E-03    0.109E-03    0.756E-06    0.756E-06    0.000E+00    0.000E+00
     2.025     0.710    0.106E+00    0.141E-01    0.237E-02    0.263E-03    0.263E-03    0.106E-03    0.106E-03    0.738E-06    0.738E-06    0.000E+00    0.000E+00
     2.025     0.711    0.105E+00    0.139E-01    0.232E-02    0.256E-03    0.256E-03    0.103E-03    0.103E-03    0.719E-06    0.719E-06    0.000E+00    0.000E+00
     2.025     0.712    0.104E+00    0.137E-01    0.227E-02    0.250E-03    0.250E-03    0.100E-03    0.100E-03    0.701E-06    0.701E-06    0.000E+00    0.000E+00
     2.025     0.713    0.103E+00    0.135E-01    0.222E-02    0.243E-03    0.243E-03    0.977E-04    0.977E-04    0.683E-06    0.683E-06    0.000E+00    0.000E+00
     2.025     0.714    0.102E+00    0.133E-01    0.218E-02    0.237E-03    0.237E-03    0.951E-04    0.951E-04    0.666E-06    0.666E-06    0.000E+00    0.000E+00
     2.025     0.715    0.101E+00    0.131E-01    0.213E-02    0.230E-03    0.230E-03    0.925E-04    0.925E-04    0.649E-06    0.649E-06    0.000E+00    0.000E+00
     2.025     0.716    0.100E+00    0.129E-01    0.208E-02    0.224E-03    0.224E-03    0.900E-04    0.900E-04    0.632E-06    0.632E-06    0.000E+00    0.000E+00
     2.025     0.717    0.992E-01    0.127E-01    0.204E-02    0.218E-03    0.218E-03    0.875E-04    0.875E-04    0.616E-06    0.616E-06    0.000E+00    0.000E+00
     2.025     0.718    0.983E-01    0.125E-01    0.200E-02    0.212E-03    0.212E-03    0.850E-04    0.850E-04    0.601E-06    0.601E-06    0.000E+00    0.000E+00
     2.025     0.719    0.973E-01    0.123E-01    0.195E-02    0.206E-03    0.206E-03    0.826E-04    0.826E-04    0.585E-06    0.585E-06    0.000E+00    0.000E+00
     2.025     0.720    0.964E-01    0.121E-01    0.191E-02    0.200E-03    0.200E-03    0.802E-04    0.802E-04    0.570E-06    0.570E-06    0.000E+00    0.000E+00
     2.025     0.721    0.955E-01    0.119E-01    0.187E-02    0.194E-03    0.194E-03    0.779E-04    0.779E-04    0.556E-06    0.556E-06    0.000E+00    0.000E+00
     2.025     0.722    0.946E-01    0.117E-01    0.183E-02    0.188E-03    0.188E-03    0.756E-04    0.756E-04    0.541E-06    0.541E-06    0.000E+00    0.000E+00
     2.025     0.723    0.937E-01    0.115E-01    0.179E-02    0.182E-03    0.182E-03    0.733E-04    0.733E-04    0.527E-06    0.527E-06    0.000E+00    0.000E+00
     2.025     0.724    0.928E-01    0.114E-01    0.175E-02    0.177E-03    0.177E-03    0.711E-04    0.711E-04    0.513E-06    0.513E-06    0.000E+00    0.000E+00
     2.025     0.725    0.919E-01    0.112E-01    0.171E-02    0.171E-03    0.171E-03    0.689E-04    0.689E-04    0.499E-06    0.499E-06    0.000E+00    0.000E+00
     2.025     0.726    0.910E-01    0.110E-01    0.167E-02    0.166E-03    0.166E-03    0.667E-04    0.667E-04    0.486E-06    0.486E-06    0.000E+00    0.000E+00
     2.025     0.727    0.901E-01    0.108E-01    0.164E-02    0.161E-03    0.161E-03    0.646E-04    0.646E-04    0.473E-06    0.473E-06    0.000E+00    0.000E+00
     2.025     0.728    0.892E-01    0.107E-01    0.160E-02    0.156E-03    0.156E-03    0.625E-04    0.625E-04    0.460E-06    0.460E-06    0.000E+00    0.000E+00
     2.025     0.729    0.883E-01    0.105E-01    0.156E-02    0.150E-03    0.150E-03    0.604E-04    0.604E-04    0.448E-06    0.448E-06    0.000E+00    0.000E+00
     2.025     0.730    0.874E-01    0.103E-01    0.153E-02    0.145E-03    0.145E-03    0.584E-04    0.584E-04    0.436E-06    0.436E-06    0.000E+00    0.000E+00
     2.025     0.731    0.865E-01    0.101E-01    0.149E-02    0.140E-03    0.140E-03    0.564E-04    0.564E-04    0.424E-06    0.424E-06    0.000E+00    0.000E+00
     2.025     0.732    0.857E-01    0.998E-02    0.146E-02    0.136E-03    0.136E-03    0.545E-04    0.545E-04    0.413E-06    0.413E-06    0.000E+00    0.000E+00
     2.025     0.733    0.848E-01    0.982E-02    0.143E-02    0.131E-03    0.131E-03    0.526E-04    0.526E-04    0.401E-06    0.401E-06    0.000E+00    0.000E+00
     2.025     0.734    0.839E-01    0.966E-02    0.139E-02    0.126E-03    0.126E-03    0.507E-04    0.507E-04    0.390E-06    0.390E-06    0.000E+00    0.000E+00
     2.025     0.735    0.831E-01    0.950E-02    0.136E-02    0.122E-03    0.122E-03    0.488E-04    0.488E-04    0.380E-06    0.380E-06    0.000E+00    0.000E+00
     2.025     0.736    0.822E-01    0.934E-02    0.133E-02    0.117E-03    0.117E-03    0.470E-04    0.470E-04    0.369E-06    0.369E-06    0.000E+00    0.000E+00
     2.025     0.737    0.814E-01    0.918E-02    0.130E-02    0.113E-03    0.113E-03    0.452E-04    0.452E-04    0.359E-06    0.359E-06    0.000E+00    0.000E+00
     2.025     0.738    0.806E-01    0.903E-02    0.127E-02    0.108E-03    0.108E-03    0.435E-04    0.435E-04    0.349E-06    0.349E-06    0.000E+00    0.000E+00
     2.025     0.739    0.797E-01    0.888E-02    0.124E-02    0.104E-03    0.104E-03    0.418E-04    0.418E-04    0.340E-06    0.340E-06    0.000E+00    0.000E+00
     2.025     0.740    0.789E-01    0.873E-02    0.121E-02    0.997E-04    0.997E-04    0.401E-04    0.401E-04    0.331E-06    0.331E-06    0.000E+00    0.000E+00
     2.025     0.741    0.781E-01    0.858E-02    0.118E-02    0.956E-04    0.956E-04    0.384E-04    0.384E-04    0.321E-06    0.321E-06    0.000E+00    0.000E+00
     2.025     0.742    0.773E-01    0.843E-02    0.116E-02    0.916E-04    0.916E-04    0.368E-04    0.368E-04    0.313E-06    0.313E-06    0.000E+00    0.000E+00
     2.025     0.743    0.764E-01    0.829E-02    0.113E-02    0.876E-04    0.876E-04    0.352E-04    0.352E-04    0.304E-06    0.304E-06    0.000E+00    0.000E+00
     2.025     0.744    0.756E-01    0.814E-02    0.110E-02    0.836E-04    0.836E-04    0.336E-04    0.336E-04    0.295E-06    0.295E-06    0.000E+00    0.000E+00
     2.025     0.745    0.748E-01    0.800E-02    0.108E-02    0.796E-04    0.796E-04    0.320E-04    0.320E-04    0.287E-06    0.287E-06    0.000E+00    0.000E+00
     2.025     0.746    0.740E-01    0.786E-02    0.105E-02    0.757E-04    0.757E-04    0.304E-04    0.304E-04    0.279E-06    0.279E-06    0.000E+00    0.000E+00
     2.025     0.747    0.732E-01    0.772E-02    0.103E-02    0.718E-04    0.718E-04    0.289E-04    0.289E-04    0.271E-06    0.271E-06    0.000E+00    0.000E+00
     2.025     0.748    0.724E-01    0.759E-02    0.100E-02    0.680E-04    0.680E-04    0.274E-04    0.274E-04    0.263E-06    0.263E-06    0.000E+00    0.000E+00
     2.025     0.749    0.716E-01    0.745E-02    0.977E-03    0.643E-04    0.643E-04    0.259E-04    0.259E-04    0.255E-06    0.255E-06    0.000E+00    0.000E+00
     2.025     0.750    0.709E-01    0.732E-02    0.953E-03    0.607E-04    0.607E-04    0.244E-04    0.244E-04    0.248E-06    0.248E-06    0.000E+00    0.000E+00
     2.025     0.751    0.701E-01    0.719E-02    0.930E-03    0.571E-04    0.571E-04    0.230E-04    0.230E-04    0.241E-06    0.241E-06    0.000E+00    0.000E+00
     2.025     0.752    0.693E-01    0.706E-02    0.907E-03    0.536E-04    0.536E-04    0.216E-04    0.216E-04    0.234E-06    0.234E-06    0.000E+00    0.000E+00
     2.025     0.753    0.685E-01    0.693E-02    0.885E-03    0.503E-04    0.503E-04    0.202E-04    0.202E-04    0.227E-06    0.227E-06    0.000E+00    0.000E+00
     2.025     0.754    0.678E-01    0.681E-02    0.863E-03    0.470E-04    0.470E-04    0.189E-04    0.189E-04    0.220E-06    0.220E-06    0.000E+00    0.000E+00
     2.025     0.755    0.670E-01    0.668E-02    0.841E-03    0.438E-04    0.438E-04    0.176E-04    0.176E-04    0.214E-06    0.214E-06    0.000E+00    0.000E+00
     2.025     0.756    0.663E-01    0.656E-02    0.821E-03    0.407E-04    0.407E-04    0.164E-04    0.164E-04    0.207E-06    0.207E-06    0.000E+00    0.000E+00
     2.025     0.757    0.655E-01    0.644E-02    0.800E-03    0.377E-04    0.377E-04    0.152E-04    0.152E-04    0.201E-06    0.201E-06    0.000E+00    0.000E+00
     2.025     0.758    0.648E-01    0.632E-02    0.780E-03    0.347E-04    0.347E-04    0.140E-04    0.140E-04    0.195E-06    0.195E-06    0.000E+00    0.000E+00
     2.025     0.759    0.641E-01    0.621E-02    0.761E-03    0.319E-04    0.319E-04    0.129E-04    0.129E-04    0.189E-06    0.189E-06    0.000E+00    0.000E+00
     2.025     0.760    0.633E-01    0.609E-02    0.742E-03    0.292E-04    0.292E-04    0.118E-04    0.118E-04    0.184E-06    0.184E-06    0.000E+00    0.000E+00
     2.025     0.761    0.626E-01    0.598E-02    0.723E-03    0.265E-04    0.265E-04    0.107E-04    0.107E-04    0.178E-06    0.178E-06    0.000E+00    0.000E+00
     2.025     0.762    0.619E-01    0.586E-02    0.705E-03    0.240E-04    0.240E-04    0.971E-05    0.971E-05    0.173E-06    0.173E-06    0.000E+00    0.000E+00
     2.025     0.763    0.611E-01    0.575E-02    0.687E-03    0.216E-04    0.216E-04    0.874E-05    0.874E-05    0.168E-06    0.168E-06    0.000E+00    0.000E+00
     2.025     0.764    0.604E-01    0.564E-02    0.669E-03    0.193E-04    0.193E-04    0.780E-05    0.780E-05    0.163E-06    0.163E-06    0.000E+00    0.000E+00
     2.025     0.765    0.597E-01    0.554E-02    0.652E-03    0.170E-04    0.170E-04    0.691E-05    0.691E-05    0.158E-06    0.158E-06    0.000E+00    0.000E+00
     2.025     0.766    0.590E-01    0.543E-02    0.636E-03    0.149E-04    0.149E-04    0.606E-05    0.606E-05    0.153E-06    0.153E-06    0.000E+00    0.000E+00
     2.025     0.767    0.583E-01    0.532E-02    0.619E-03    0.131E-04    0.131E-04    0.532E-05    0.532E-05    0.148E-06    0.148E-06    0.000E+00    0.000E+00
     2.025     0.768    0.576E-01    0.522E-02    0.603E-03    0.116E-04    0.116E-04    0.474E-05    0.474E-05    0.144E-06    0.144E-06    0.000E+00    0.000E+00
     2.025     0.769    0.569E-01    0.512E-02    0.587E-03    0.103E-04    0.103E-04    0.419E-05    0.419E-05    0.139E-06    0.139E-06    0.000E+00    0.000E+00
     2.025     0.770    0.563E-01    0.502E-02    0.572E-03    0.903E-05    0.903E-05    0.369E-05    0.369E-05    0.135E-06    0.135E-06    0.000E+00    0.000E+00
     2.025     0.771    0.556E-01    0.492E-02    0.557E-03    0.788E-05    0.788E-05    0.322E-05    0.322E-05    0.131E-06    0.131E-06    0.000E+00    0.000E+00
     2.025     0.772    0.549E-01    0.482E-02    0.542E-03    0.682E-05    0.682E-05    0.279E-05    0.279E-05    0.126E-06    0.126E-06    0.000E+00    0.000E+00
     2.025     0.773    0.542E-01    0.473E-02    0.527E-03    0.586E-05    0.586E-05    0.240E-05    0.240E-05    0.122E-06    0.122E-06    0.000E+00    0.000E+00
     2.025     0.774    0.536E-01    0.463E-02    0.513E-03    0.498E-05    0.498E-05    0.205E-05    0.205E-05    0.119E-06    0.119E-06    0.000E+00    0.000E+00
     2.025     0.775    0.529E-01    0.454E-02    0.499E-03    0.419E-05    0.419E-05    0.173E-05    0.173E-05    0.115E-06    0.115E-06    0.000E+00    0.000E+00
     2.025     0.776    0.522E-01    0.445E-02    0.486E-03    0.348E-05    0.348E-05    0.144E-05    0.144E-05    0.111E-06    0.111E-06    0.000E+00    0.000E+00
     2.025     0.777    0.516E-01    0.435E-02    0.473E-03    0.285E-05    0.285E-05    0.118E-05    0.118E-05    0.107E-06    0.107E-06    0.000E+00    0.000E+00
     2.025     0.778    0.510E-01    0.427E-02    0.460E-03    0.229E-05    0.229E-05    0.955E-06    0.955E-06    0.104E-06    0.104E-06    0.000E+00    0.000E+00
     2.025     0.779    0.503E-01    0.418E-02    0.447E-03    0.180E-05    0.180E-05    0.756E-06    0.756E-06    0.101E-06    0.101E-06    0.000E+00    0.000E+00
     2.025     0.780    0.497E-01    0.409E-02    0.435E-03    0.138E-05    0.138E-05    0.583E-06    0.583E-06    0.974E-07    0.974E-07    0.000E+00    0.000E+00
     2.025     0.781    0.490E-01    0.401E-02    0.423E-03    0.102E-05    0.102E-05    0.436E-06    0.436E-06    0.942E-07    0.942E-07    0.000E+00    0.000E+00
     2.025     0.782    0.484E-01    0.392E-02    0.412E-03    0.720E-06    0.720E-06    0.313E-06    0.313E-06    0.911E-07    0.911E-07    0.000E+00    0.000E+00
     2.025     0.783    0.478E-01    0.384E-02    0.400E-03    0.477E-06    0.477E-06    0.212E-06    0.212E-06    0.882E-07    0.882E-07    0.000E+00    0.000E+00
     2.025     0.784    0.472E-01    0.376E-02    0.389E-03    0.285E-06    0.285E-06    0.132E-06    0.132E-06    0.853E-07    0.853E-07    0.000E+00    0.000E+00
     2.025     0.785    0.466E-01    0.368E-02    0.378E-03    0.142E-06    0.142E-06    0.709E-07    0.709E-07    0.825E-07    0.825E-07    0.000E+00    0.000E+00
     2.025     0.786    0.460E-01    0.360E-02    0.368E-03    0.436E-07    0.436E-07    0.282E-07    0.282E-07    0.798E-07    0.798E-07    0.000E+00    0.000E+00
     2.025     0.787    0.454E-01    0.353E-02    0.358E-03    0.000E+00    0.000E+00    0.188E-08    0.188E-08    0.772E-07    0.772E-07    0.000E+00    0.000E+00
     2.025     0.788    0.448E-01    0.345E-02    0.348E-03    0.000E+00    0.000E+00    0.000E+00    0.000E+00    0.747E-07    0.747E-07    0.000E+00    0.000E+00
     2.025     0.789    0.442E-01    0.338E-02    0.338E-03    0.000E+00    0.000E+00    0.000E+00    0.000E+00    0.722E-07    0.722E-07    0.000E+00    0.000E+00
     2.025     0.790    0.436E-01    0.330E-02    0.328E-03    0.000E+00    0.000E+00    0.000E+00    0.000E+00    0.698E-07    0.698E-07    0.000E+00    0.000E+00
     2.025     0.791    0.430E-01    0.323E-02    0.319E-03    0.000E+00    0.000E+00    0.000E+00    0.000E+00    0.674E-07    0.674E-07    0.000E+00    0.000E+00
     2.025     0.792    0.424E-01    0.316E-02    0.309E-03    0.000E+00    0.000E+00    0.000E+00    0.000E+00    0.650E-07    0.650E-07    0.000E+00    0.000E+00
     2.025     0.793    0.418E-01    0.310E-02    0.300E-03    0.000E+00    0.000E+00    0.000E+00    0.000E+00    0.628E-07    0.628E-07    0.000E+00    0.000E+00
     2.025     0.794    0.413E-01    0.303E-02    0.292E-03    0.000E+00    0.000E+00    0.000E+00    0.000E+00    0.606E-07    0.606E-07    0.000E+00    0.000E+00
     2.025     0.795    0.407E-01    0.296E-02    0.283E-03    0.000E+00    0.000E+00    0.000E+00    0.000E+00    0.584E-07    0.584E-07    0.000E+00    0.000E+00
     2.025     0.796    0.402E-01    0.290E-02    0.275E-03    0.000E+00    0.000E+00    0.000E+00    0.000E+00    0.564E-07    0.564E-07    0.000E+00    0.000E+00
     2.025     0.797    0.396E-01    0.284E-02    0.266E-03    0.000E+00    0.000E+00    0.000E+00    0.000E+00    0.544E-07    0.544E-07    0.000E+00    0.000E+00
     2.025     0.798    0.390E-01    0.277E-02    0.259E-03    0.000E+00    0.000E+00    0.000E+00    0.000E+00    0.525E-07    0.525E-07    0.000E+00    0.000E+00
     2.025     0.799    0.385E-01    0.271E-02    0.251E-03    0.000E+00    0.000E+00    0.000E+00    0.000E+00    0.506E-07    0.506E-07    0.000E+00    0.000E+00
     2.025     0.800    0.380E-01    0.265E-02    0.243E-03    0.000E+00    0.000E+00    0.000E+00    0.000E+00    0.488E-07    0.488E-07    0.000E+00    0.000E+00
     2.025     0.801    0.374E-01    0.259E-02    0.236E-03    0.000E+00    0.000E+00    0.000E+00    0.000E+00    0.471E-07    0.471E-07    0.000E+00    0.000E+00
     2.025     0.802    0.369E-01    0.254E-02    0.229E-03    0.000E+00    0.000E+00    0.000E+00    0.000E+00    0.454E-07    0.454E-07    0.000E+00    0.000E+00
     2.025     0.803    0.364E-01    0.248E-02    0.222E-03    0.000E+00    0.000E+00    0.000E+00    0.000E+00    0.438E-07    0.438E-07    0.000E+00    0.000E+00
     2.025     0.804    0.358E-01    0.242E-02    0.215E-03    0.000E+00    0.000E+00    0.000E+00    0.000E+00    0.422E-07    0.422E-07    0.000E+00    0.000E+00
     2.025     0.805    0.353E-01    0.237E-02    0.209E-03    0.000E+00    0.000E+00    0.000E+00    0.000E+00    0.407E-07    0.407E-07    0.000E+00    0.000E+00
     2.025     0.806    0.348E-01    0.232E-02    0.202E-03    0.000E+00    0.000E+00    0.000E+00    0.000E+00    0.392E-07    0.392E-07    0.000E+00    0.000E+00
     2.025     0.807    0.343E-01    0.226E-02    0.196E-03    0.000E+00    0.000E+00    0.000E+00    0.000E+00    0.378E-07    0.378E-07    0.000E+00    0.000E+00
     2.025     0.808    0.338E-01    0.221E-02    0.190E-03    0.000E+00    0.000E+00    0.000E+00    0.000E+00    0.364E-07    0.364E-07    0.000E+00    0.000E+00
     2.025     0.809    0.333E-01    0.216E-02    0.184E-03    0.000E+00    0.000E+00    0.000E+00    0.000E+00    0.351E-07    0.351E-07    0.000E+00    0.000E+00
     2.025     0.810    0.328E-01    0.211E-02    0.178E-03    0.000E+00    0.000E+00    0.000E+00    0.000E+00    0.338E-07    0.338E-07    0.000E+00    0.000E+00
     2.025     0.811    0.323E-01    0.206E-02    0.173E-03    0.000E+00    0.000E+00    0.000E+00    0.000E+00    0.326E-07    0.326E-07    0.000E+00    0.000E+00
     2.025     0.812    0.318E-01    0.202E-02    0.167E-03    0.000E+00    0.000E+00    0.000E+00    0.000E+00    0.314E-07    0.314E-07    0.000E+00    0.000E+00
     2.025     0.813    0.314E-01    0.197E-02    0.162E-03    0.000E+00    0.000E+00    0.000E+00    0.000E+00    0.303E-07    0.303E-07    0.000E+00    0.000E+00
     2.025     0.814    0.309E-01    0.192E-02    0.157E-03    0.000E+00    0.000E+00    0.000E+00    0.000E+00    0.291E-07    0.291E-07    0.000E+00    0.000E+00
     2.025     0.815    0.304E-01    0.188E-02    0.152E-03    0.000E+00    0.000E+00    0.000E+00    0.000E+00    0.280E-07    0.280E-07    0.000E+00    0.000E+00
     2.025     0.816    0.299E-01    0.183E-02    0.147E-03    0.000E+00    0.000E+00    0.000E+00    0.000E+00    0.269E-07    0.269E-07    0.000E+00    0.000E+00
     2.025     0.817    0.295E-01    0.178E-02    0.142E-03    0.000E+00    0.000E+00    0.000E+00    0.000E+00    0.258E-07    0.258E-07    0.000E+00    0.000E+00
     2.025     0.818    0.290E-01    0.174E-02    0.137E-03    0.000E+00    0.000E+00    0.000E+00    0.000E+00    0.248E-07    0.248E-07    0.000E+00    0.000E+00
     2.025     0.819    0.286E-01    0.170E-02    0.133E-03    0.000E+00    0.000E+00    0.000E+00    0.000E+00    0.239E-07    0.239E-07    0.000E+00    0.000E+00
     2.025     0.820    0.281E-01    0.166E-02    0.128E-03    0.000E+00    0.000E+00    0.000E+00    0.000E+00    0.229E-07    0.229E-07    0.000E+00    0.000E+00
     2.025     0.821    0.277E-01    0.161E-02    0.124E-03    0.000E+00    0.000E+00    0.000E+00    0.000E+00    0.220E-07    0.220E-07    0.000E+00    0.000E+00
     2.025     0.822    0.272E-01    0.157E-02    0.120E-03    0.000E+00    0.000E+00    0.000E+00    0.000E+00    0.211E-07    0.211E-07    0.000E+00    0.000E+00
     2.025     0.823    0.268E-01    0.153E-02    0.116E-03    0.000E+00    0.000E+00    0.000E+00    0.000E+00    0.203E-07    0.203E-07    0.000E+00    0.000E+00
     2.025     0.824    0.263E-01    0.149E-02    0.112E-03    0.000E+00    0.000E+00    0.000E+00    0.000E+00    0.195E-07    0.195E-07    0.000E+00    0.000E+00
     2.025     0.825    0.259E-01    0.146E-02    0.108E-03    0.000E+00    0.000E+00    0.000E+00    0.000E+00    0.187E-07    0.187E-07    0.000E+00    0.000E+00
     2.025     0.826    0.255E-01    0.142E-02    0.105E-03    0.000E+00    0.000E+00    0.000E+00    0.000E+00    0.179E-07    0.179E-07    0.000E+00    0.000E+00
     2.025     0.827    0.251E-01    0.138E-02    0.101E-03    0.000E+00    0.000E+00    0.000E+00    0.000E+00    0.172E-07    0.172E-07    0.000E+00    0.000E+00
     2.025     0.828    0.247E-01    0.134E-02    0.976E-04    0.000E+00    0.000E+00    0.000E+00    0.000E+00    0.165E-07    0.165E-07    0.000E+00    0.000E+00
     2.025     0.829    0.242E-01    0.131E-02    0.943E-04    0.000E+00    0.000E+00    0.000E+00    0.000E+00    0.159E-07    0.159E-07    0.000E+00    0.000E+00
     2.025     0.830    0.238E-01    0.127E-02    0.910E-04    0.000E+00    0.000E+00    0.000E+00    0.000E+00    0.152E-07    0.152E-07    0.000E+00    0.000E+00
     2.025     0.831    0.234E-01    0.124E-02    0.879E-04    0.000E+00    0.000E+00    0.000E+00    0.000E+00    0.146E-07    0.146E-07    0.000E+00    0.000E+00
     2.025     0.832    0.230E-01    0.121E-02    0.849E-04    0.000E+00    0.000E+00    0.000E+00    0.000E+00    0.140E-07    0.140E-07    0.000E+00    0.000E+00
     2.025     0.833    0.226E-01    0.117E-02    0.819E-04    0.000E+00    0.000E+00    0.000E+00    0.000E+00    0.135E-07    0.135E-07    0.000E+00    0.000E+00
     2.025     0.834    0.222E-01    0.114E-02    0.791E-04    0.000E+00    0.000E+00    0.000E+00    0.000E+00    0.129E-07    0.129E-07    0.000E+00    0.000E+00
     2.025     0.835    0.219E-01    0.111E-02    0.763E-04    0.000E+00    0.000E+00    0.000E+00    0.000E+00    0.124E-07    0.124E-07    0.000E+00    0.000E+00
     2.025     0.836    0.215E-01    0.108E-02    0.737E-04    0.000E+00    0.000E+00    0.000E+00    0.000E+00    0.119E-07    0.119E-07    0.000E+00    0.000E+00
     2.025     0.837    0.211E-01    0.105E-02    0.710E-04    0.000E+00    0.000E+00    0.000E+00    0.000E+00    0.114E-07    0.114E-07    0.000E+00    0.000E+00
     2.025     0.838    0.207E-01    0.102E-02    0.684E-04    0.000E+00    0.000E+00    0.000E+00    0.000E+00    0.109E-07    0.109E-07    0.000E+00    0.000E+00
     2.025     0.839    0.204E-01    0.992E-03    0.658E-04    0.000E+00    0.000E+00    0.000E+00    0.000E+00    0.104E-07    0.104E-07    0.000E+00    0.000E+00
     2.025     0.840    0.200E-01    0.964E-03    0.634E-04    0.000E+00    0.000E+00    0.000E+00    0.000E+00    0.995E-08    0.995E-08    0.000E+00    0.000E+00
     2.025     0.841    0.196E-01    0.936E-03    0.610E-04    0.000E+00    0.000E+00    0.000E+00    0.000E+00    0.950E-08    0.950E-08    0.000E+00    0.000E+00
     2.025     0.842    0.193E-01    0.910E-03    0.587E-04    0.000E+00    0.000E+00    0.000E+00    0.000E+00    0.908E-08    0.908E-08    0.000E+00    0.000E+00
     2.025     0.843    0.189E-01    0.883E-03    0.565E-04    0.000E+00    0.000E+00    0.000E+00    0.000E+00    0.867E-08    0.867E-08    0.000E+00    0.000E+00
     2.025     0.844    0.186E-01    0.858E-03    0.544E-04    0.000E+00    0.000E+00    0.000E+00    0.000E+00    0.828E-08    0.828E-08    0.000E+00    0.000E+00
     2.025     0.845    0.182E-01    0.833E-03    0.523E-04    0.000E+00    0.000E+00    0.000E+00    0.000E+00    0.791E-08    0.791E-08    0.000E+00    0.000E+00
     2.025     0.846    0.179E-01    0.808E-03    0.503E-04    0.000E+00    0.000E+00    0.000E+00    0.000E+00    0.755E-08    0.755E-08    0.000E+00    0.000E+00
     2.025     0.847    0.175E-01    0.784E-03    0.484E-04    0.000E+00    0.000E+00    0.000E+00    0.000E+00    0.720E-08    0.720E-08    0.000E+00    0.000E+00
     2.025     0.848    0.172E-01    0.761E-03    0.466E-04    0.000E+00    0.000E+00    0.000E+00    0.000E+00    0.688E-08    0.688E-08    0.000E+00    0.000E+00
     2.025     0.849    0.169E-01    0.738E-03    0.448E-04    0.000E+00    0.000E+00    0.000E+00    0.000E+00    0.656E-08    0.656E-08    0.000E+00    0.000E+00
     2.025     0.850    0.166E-01    0.716E-03    0.430E-04    0.000E+00    0.000E+00    0.000E+00    0.000E+00    0.626E-08    0.626E-08    0.000E+00    0.000E+00
     2.025     0.851    0.162E-01    0.695E-03    0.414E-04    0.000E+00    0.000E+00    0.000E+00    0.000E+00    0.598E-08    0.598E-08    0.000E+00    0.000E+00
     2.025     0.852    0.159E-01    0.673E-03    0.398E-04    0.000E+00    0.000E+00    0.000E+00    0.000E+00    0.571E-08    0.571E-08    0.000E+00    0.000E+00
     2.025     0.853    0.156E-01    0.653E-03    0.382E-04    0.000E+00    0.000E+00    0.000E+00    0.000E+00    0.545E-08    0.545E-08    0.000E+00    0.000E+00
     2.025     0.854    0.153E-01    0.633E-03    0.367E-04    0.000E+00    0.000E+00    0.000E+00    0.000E+00    0.520E-08    0.520E-08    0.000E+00    0.000E+00
     2.025     0.855    0.150E-01    0.613E-03    0.353E-04    0.000E+00    0.000E+00    0.000E+00    0.000E+00    0.497E-08    0.497E-08    0.000E+00    0.000E+00
     2.025     0.856    0.147E-01    0.594E-03    0.339E-04    0.000E+00    0.000E+00    0.000E+00    0.000E+00    0.474E-08    0.474E-08    0.000E+00    0.000E+00
     2.025     0.857    0.144E-01    0.575E-03    0.326E-04    0.000E+00    0.000E+00    0.000E+00    0.000E+00    0.453E-08    0.453E-08    0.000E+00    0.000E+00
     2.025     0.858    0.141E-01    0.557E-03    0.313E-04    0.000E+00    0.000E+00    0.000E+00    0.000E+00    0.433E-08    0.433E-08    0.000E+00    0.000E+00
     2.025     0.859    0.138E-01    0.540E-03    0.301E-04    0.000E+00    0.000E+00    0.000E+00    0.000E+00    0.413E-08    0.413E-08    0.000E+00    0.000E+00
     2.025     0.860    0.135E-01    0.522E-03    0.288E-04    0.000E+00    0.000E+00    0.000E+00    0.000E+00    0.393E-08    0.393E-08    0.000E+00    0.000E+00
     2.025     0.861    0.132E-01    0.505E-03    0.276E-04    0.000E+00    0.000E+00    0.000E+00    0.000E+00    0.373E-08    0.373E-08    0.000E+00    0.000E+00
     2.025     0.862    0.130E-01    0.488E-03    0.264E-04    0.000E+00    0.000E+00    0.000E+00    0.000E+00    0.354E-08    0.354E-08    0.000E+00    0.000E+00
     2.025     0.863    0.127E-01    0.472E-03    0.253E-04    0.000E+00    0.000E+00    0.000E+00    0.000E+00    0.336E-08    0.336E-08    0.000E+00    0.000E+00
     2.025     0.864    0.124E-01    0.457E-03    0.242E-04    0.000E+00    0.000E+00    0.000E+00    0.000E+00    0.318E-08    0.318E-08    0.000E+00    0.000E+00
     2.025     0.865    0.121E-01    0.441E-03    0.232E-04    0.000E+00    0.000E+00    0.000E+00    0.000E+00    0.302E-08    0.302E-08    0.000E+00    0.000E+00
     2.025     0.866    0.119E-01    0.426E-03    0.222E-04    0.000E+00    0.000E+00    0.000E+00    0.000E+00    0.286E-08    0.286E-08    0.000E+00    0.000E+00
     2.025     0.867    0.116E-01    0.412E-03    0.212E-04    0.000E+00    0.000E+00    0.000E+00    0.000E+00    0.271E-08    0.271E-08    0.000E+00    0.000E+00
     2.025     0.868    0.114E-01    0.398E-03    0.203E-04    0.000E+00    0.000E+00    0.000E+00    0.000E+00    0.257E-08    0.257E-08    0.000E+00    0.000E+00
     2.025     0.869    0.111E-01    0.384E-03    0.194E-04    0.000E+00    0.000E+00    0.000E+00    0.000E+00    0.243E-08    0.243E-08    0.000E+00    0.000E+00
     2.025     0.870    0.109E-01    0.371E-03    0.185E-04    0.000E+00    0.000E+00    0.000E+00    0.000E+00    0.230E-08    0.230E-08    0.000E+00    0.000E+00
     2.025     0.871    0.106E-01    0.358E-03    0.177E-04    0.000E+00    0.000E+00    0.000E+00    0.000E+00    0.218E-08    0.218E-08    0.000E+00    0.000E+00
     2.025     0.872    0.104E-01    0.345E-03    0.169E-04    0.000E+00    0.000E+00    0.000E+00    0.000E+00    0.207E-08    0.207E-08    0.000E+00    0.000E+00
     2.025     0.873    0.101E-01    0.333E-03    0.162E-04    0.000E+00    0.000E+00    0.000E+00    0.000E+00    0.196E-08    0.196E-08    0.000E+00    0.000E+00
     2.025     0.874    0.991E-02    0.321E-03    0.155E-04    0.000E+00    0.000E+00    0.000E+00    0.000E+00    0.185E-08    0.185E-08    0.000E+00    0.000E+00
     2.025     0.875    0.967E-02    0.310E-03    0.148E-04    0.000E+00    0.000E+00    0.000E+00    0.000E+00    0.176E-08    0.176E-08    0.000E+00    0.000E+00
     2.025     0.876    0.945E-02    0.299E-03    0.141E-04    0.000E+00    0.000E+00    0.000E+00    0.000E+00    0.167E-08    0.167E-08    0.000E+00    0.000E+00
     2.025     0.877    0.922E-02    0.288E-03    0.135E-04    0.000E+00    0.000E+00    0.000E+00    0.000E+00    0.158E-08    0.158E-08    0.000E+00    0.000E+00
     2.025     0.878    0.900E-02    0.277E-03    0.129E-04    0.000E+00    0.000E+00    0.000E+00    0.000E+00    0.150E-08    0.150E-08    0.000E+00    0.000E+00
     2.025     0.879    0.878E-02    0.267E-03    0.123E-04    0.000E+00    0.000E+00    0.000E+00    0.000E+00    0.142E-08    0.142E-08    0.000E+00    0.000E+00
     2.025     0.880    0.857E-02    0.257E-03    0.117E-04    0.000E+00    0.000E+00    0.000E+00    0.000E+00    0.135E-08    0.135E-08    0.000E+00    0.000E+00
     2.025     0.881    0.836E-02    0.248E-03    0.112E-04    0.000E+00    0.000E+00    0.000E+00    0.000E+00    0.128E-08    0.128E-08    0.000E+00    0.000E+00
     2.025     0.882    0.815E-02    0.238E-03    0.107E-04    0.000E+00    0.000E+00    0.000E+00    0.000E+00    0.122E-08    0.122E-08    0.000E+00    0.000E+00
     2.025     0.883    0.795E-02    0.229E-03    0.102E-04    0.000E+00    0.000E+00    0.000E+00    0.000E+00    0.115E-08    0.115E-08    0.000E+00    0.000E+00
     2.025     0.884    0.775E-02    0.220E-03    0.971E-05    0.000E+00    0.000E+00    0.000E+00    0.000E+00    0.108E-08    0.108E-08    0.000E+00    0.000E+00
     2.025     0.885    0.755E-02    0.212E-03    0.923E-05    0.000E+00    0.000E+00    0.000E+00    0.000E+00    0.102E-08    0.102E-08    0.000E+00    0.000E+00
     2.025     0.886    0.735E-02    0.203E-03    0.876E-05    0.000E+00    0.000E+00    0.000E+00    0.000E+00    0.954E-09    0.954E-09    0.000E+00    0.000E+00
     2.025     0.887    0.716E-02    0.195E-03    0.832E-05    0.000E+00    0.000E+00    0.000E+00    0.000E+00    0.895E-09    0.895E-09    0.000E+00    0.000E+00
     2.025     0.888    0.697E-02    0.187E-03    0.790E-05    0.000E+00    0.000E+00    0.000E+00    0.000E+00    0.839E-09    0.839E-09    0.000E+00    0.000E+00
     2.025     0.889    0.679E-02    0.180E-03    0.749E-05    0.000E+00    0.000E+00    0.000E+00    0.000E+00    0.786E-09    0.786E-09    0.000E+00    0.000E+00
     2.025     0.890    0.661E-02    0.172E-03    0.710E-05    0.000E+00    0.000E+00    0.000E+00    0.000E+00    0.736E-09    0.736E-09    0.000E+00    0.000E+00
     2.025     0.891    0.643E-02    0.165E-03    0.674E-05    0.000E+00    0.000E+00    0.000E+00    0.000E+00    0.689E-09    0.689E-09    0.000E+00    0.000E+00
     2.025     0.892    0.626E-02    0.159E-03    0.638E-05    0.000E+00    0.000E+00    0.000E+00    0.000E+00    0.645E-09    0.645E-09    0.000E+00    0.000E+00
     2.025     0.893    0.608E-02    0.152E-03    0.605E-05    0.000E+00    0.000E+00    0.000E+00    0.000E+00    0.604E-09    0.604E-09    0.000E+00    0.000E+00
     2.025     0.894    0.592E-02    0.146E-03    0.573E-05    0.000E+00    0.000E+00    0.000E+00    0.000E+00    0.566E-09    0.566E-09    0.000E+00    0.000E+00
     2.025     0.895    0.575E-02    0.139E-03    0.543E-05    0.000E+00    0.000E+00    0.000E+00    0.000E+00    0.530E-09    0.530E-09    0.000E+00    0.000E+00
     2.025     0.896    0.559E-02    0.133E-03    0.515E-05    0.000E+00    0.000E+00    0.000E+00    0.000E+00    0.496E-09    0.496E-09    0.000E+00    0.000E+00
     2.025     0.897    0.543E-02    0.128E-03    0.488E-05    0.000E+00    0.000E+00    0.000E+00    0.000E+00    0.465E-09    0.465E-09    0.000E+00    0.000E+00
     2.025     0.898    0.527E-02    0.122E-03    0.462E-05    0.000E+00    0.000E+00    0.000E+00    0.000E+00    0.436E-09    0.436E-09    0.000E+00    0.000E+00
     2.025     0.899    0.512E-02    0.117E-03    0.438E-05    0.000E+00    0.000E+00    0.000E+00    0.000E+00    0.409E-09    0.409E-09    0.000E+00    0.000E+00
     2.025     0.900    0.497E-02    0.112E-03    0.415E-05    0.000E+00    0.000E+00    0.000E+00    0.000E+00    0.384E-09    0.384E-09    0.000E+00    0.000E+00
     2.025     0.901    0.482E-02    0.107E-03    0.393E-05    0.000E+00    0.000E+00    0.000E+00    0.000E+00    0.361E-09    0.361E-09    0.000E+00    0.000E+00
     2.025     0.902    0.467E-02    0.102E-03    0.373E-05    0.000E+00    0.000E+00    0.000E+00    0.000E+00    0.340E-09    0.340E-09    0.000E+00    0.000E+00
     2.025     0.903    0.453E-02    0.976E-04    0.354E-05    0.000E+00    0.000E+00    0.000E+00    0.000E+00    0.320E-09    0.320E-09    0.000E+00    0.000E+00
     2.025     0.904    0.439E-02    0.933E-04    0.336E-05    0.000E+00    0.000E+00    0.000E+00    0.000E+00    0.302E-09    0.302E-09    0.000E+00    0.000E+00
     2.025     0.905    0.426E-02    0.891E-04    0.319E-05    0.000E+00    0.000E+00    0.000E+00    0.000E+00    0.286E-09    0.286E-09    0.000E+00    0.000E+00
     2.025     0.906    0.412E-02    0.850E-04    0.302E-05    0.000E+00    0.000E+00    0.000E+00    0.000E+00    0.270E-09    0.270E-09    0.000E+00    0.000E+00
     2.025     0.907    0.399E-02    0.810E-04    0.284E-05    0.000E+00    0.000E+00    0.000E+00    0.000E+00    0.250E-09    0.250E-09    0.000E+00    0.000E+00
     2.025     0.908    0.386E-02    0.770E-04    0.267E-05    0.000E+00    0.000E+00    0.000E+00    0.000E+00    0.231E-09    0.231E-09    0.000E+00    0.000E+00
     2.025     0.909    0.374E-02    0.733E-04    0.250E-05    0.000E+00    0.000E+00    0.000E+00    0.000E+00    0.213E-09    0.213E-09    0.000E+00    0.000E+00
     2.025     0.910    0.362E-02    0.697E-04    0.235E-05    0.000E+00    0.000E+00    0.000E+00    0.000E+00    0.196E-09    0.196E-09    0.000E+00    0.000E+00
     2.025     0.911    0.350E-02    0.662E-04    0.220E-05    0.000E+00    0.000E+00    0.000E+00    0.000E+00    0.180E-09    0.180E-09    0.000E+00    0.000E+00
     2.025     0.912    0.338E-02    0.629E-04    0.206E-05    0.000E+00    0.000E+00    0.000E+00    0.000E+00    0.166E-09    0.166E-09    0.000E+00    0.000E+00
     2.025     0.913    0.326E-02    0.597E-04    0.193E-05    0.000E+00    0.000E+00    0.000E+00    0.000E+00    0.152E-09    0.152E-09    0.000E+00    0.000E+00
     2.025     0.914    0.315E-02    0.566E-04    0.180E-05    0.000E+00    0.000E+00    0.000E+00    0.000E+00    0.140E-09    0.140E-09    0.000E+00    0.000E+00
     2.025     0.915    0.304E-02    0.537E-04    0.169E-05    0.000E+00    0.000E+00    0.000E+00    0.000E+00    0.128E-09    0.128E-09    0.000E+00    0.000E+00
     2.025     0.916    0.294E-02    0.509E-04    0.158E-05    0.000E+00    0.000E+00    0.000E+00    0.000E+00    0.117E-09    0.117E-09    0.000E+00    0.000E+00
     2.025     0.917    0.283E-02    0.482E-04    0.148E-05    0.000E+00    0.000E+00    0.000E+00    0.000E+00    0.108E-09    0.108E-09    0.000E+00    0.000E+00
     2.025     0.918    0.273E-02    0.457E-04    0.138E-05    0.000E+00    0.000E+00    0.000E+00    0.000E+00    0.988E-10    0.988E-10    0.000E+00    0.000E+00
     2.025     0.919    0.263E-02    0.433E-04    0.129E-05    0.000E+00    0.000E+00    0.000E+00    0.000E+00    0.907E-10    0.907E-10    0.000E+00    0.000E+00
     2.025     0.920    0.253E-02    0.410E-04    0.121E-05    0.000E+00    0.000E+00    0.000E+00    0.000E+00    0.834E-10    0.834E-10    0.000E+00    0.000E+00
     2.025     0.921    0.244E-02    0.388E-04    0.113E-05    0.000E+00    0.000E+00    0.000E+00    0.000E+00    0.767E-10    0.767E-10    0.000E+00    0.000E+00
     2.025     0.922    0.234E-02    0.367E-04    0.106E-05    0.000E+00    0.000E+00    0.000E+00    0.000E+00    0.708E-10    0.708E-10    0.000E+00    0.000E+00
     2.025     0.923    0.225E-02    0.347E-04    0.990E-06    0.000E+00    0.000E+00    0.000E+00    0.000E+00    0.655E-10    0.655E-10    0.000E+00    0.000E+00
     2.025     0.924    0.217E-02    0.328E-04    0.928E-06    0.000E+00    0.000E+00    0.000E+00    0.000E+00    0.609E-10    0.609E-10    0.000E+00    0.000E+00
     2.025     0.925    0.208E-02    0.310E-04    0.870E-06    0.000E+00    0.000E+00    0.000E+00    0.000E+00    0.568E-10    0.568E-10    0.000E+00    0.000E+00
     2.025     0.926    0.200E-02    0.293E-04    0.818E-06    0.000E+00    0.000E+00    0.000E+00    0.000E+00    0.532E-10    0.532E-10    0.000E+00    0.000E+00
     2.025     0.927    0.192E-02    0.277E-04    0.769E-06    0.000E+00    0.000E+00    0.000E+00    0.000E+00    0.501E-10    0.501E-10    0.000E+00    0.000E+00
     2.025     0.928    0.184E-02    0.261E-04    0.724E-06    0.000E+00    0.000E+00    0.000E+00    0.000E+00    0.475E-10    0.475E-10    0.000E+00    0.000E+00
     2.025     0.929    0.176E-02    0.247E-04    0.683E-06    0.000E+00    0.000E+00    0.000E+00    0.000E+00    0.452E-10    0.452E-10    0.000E+00    0.000E+00
     2.025     0.930    0.169E-02    0.232E-04    0.635E-06    0.000E+00    0.000E+00    0.000E+00    0.000E+00    0.415E-10    0.415E-10    0.000E+00    0.000E+00
     2.025     0.931    0.161E-02    0.217E-04    0.584E-06    0.000E+00    0.000E+00    0.000E+00    0.000E+00    0.372E-10    0.372E-10    0.000E+00    0.000E+00
     2.025     0.932    0.154E-02    0.204E-04    0.537E-06    0.000E+00    0.000E+00    0.000E+00    0.000E+00    0.333E-10    0.333E-10    0.000E+00    0.000E+00
     2.025     0.933    0.148E-02    0.190E-04    0.493E-06    0.000E+00    0.000E+00    0.000E+00    0.000E+00    0.296E-10    0.296E-10    0.000E+00    0.000E+00
     2.025     0.934    0.141E-02    0.178E-04    0.452E-06    0.000E+00    0.000E+00    0.000E+00    0.000E+00    0.263E-10    0.263E-10    0.000E+00    0.000E+00
     2.025     0.935    0.135E-02    0.166E-04    0.413E-06    0.000E+00    0.000E+00    0.000E+00    0.000E+00    0.233E-10    0.233E-10    0.000E+00    0.000E+00
     2.025     0.936    0.128E-02    0.155E-04    0.377E-06    0.000E+00    0.000E+00    0.000E+00    0.000E+00    0.205E-10    0.205E-10    0.000E+00    0.000E+00
     2.025     0.937    0.122E-02    0.144E-04    0.344E-06    0.000E+00    0.000E+00    0.000E+00    0.000E+00    0.181E-10    0.181E-10    0.000E+00    0.000E+00
     2.025     0.938    0.116E-02    0.134E-04    0.314E-06    0.000E+00    0.000E+00    0.000E+00    0.000E+00    0.159E-10    0.159E-10    0.000E+00    0.000E+00
     2.025     0.939    0.111E-02    0.125E-04    0.285E-06    0.000E+00    0.000E+00    0.000E+00    0.000E+00    0.139E-10    0.139E-10    0.000E+00    0.000E+00
     2.025     0.940    0.105E-02    0.116E-04    0.260E-06    0.000E+00    0.000E+00    0.000E+00    0.000E+00    0.121E-10    0.121E-10    0.000E+00    0.000E+00
     2.025     0.941    0.100E-02    0.108E-04    0.236E-06    0.000E+00    0.000E+00    0.000E+00    0.000E+00    0.106E-10    0.106E-10    0.000E+00    0.000E+00
     2.025     0.942    0.948E-03    0.100E-04    0.215E-06    0.000E+00    0.000E+00    0.000E+00    0.000E+00    0.932E-11    0.932E-11    0.000E+00    0.000E+00
     2.025     0.943    0.898E-03    0.930E-05    0.195E-06    0.000E+00    0.000E+00    0.000E+00    0.000E+00    0.821E-11    0.821E-11    0.000E+00    0.000E+00
     2.025     0.944    0.850E-03    0.863E-05    0.178E-06    0.000E+00    0.000E+00    0.000E+00    0.000E+00    0.728E-11    0.728E-11    0.000E+00    0.000E+00
     2.025     0.945    0.804E-03    0.800E-05    0.162E-06    0.000E+00    0.000E+00    0.000E+00    0.000E+00    0.653E-11    0.653E-11    0.000E+00    0.000E+00
     2.025     0.946    0.759E-03    0.742E-05    0.148E-06    0.000E+00    0.000E+00    0.000E+00    0.000E+00    0.594E-11    0.594E-11    0.000E+00    0.000E+00
     2.025     0.947    0.716E-03    0.688E-05    0.136E-06    0.000E+00    0.000E+00    0.000E+00    0.000E+00    0.551E-11    0.551E-11    0.000E+00    0.000E+00
     2.025     0.948    0.674E-03    0.639E-05    0.125E-06    0.000E+00    0.000E+00    0.000E+00    0.000E+00    0.520E-11    0.520E-11    0.000E+00    0.000E+00
     2.025     0.949    0.634E-03    0.593E-05    0.116E-06    0.000E+00    0.000E+00    0.000E+00    0.000E+00    0.503E-11    0.503E-11    0.000E+00    0.000E+00
     2.025     0.950    0.596E-03    0.551E-05    0.108E-06    0.000E+00    0.000E+00    0.000E+00    0.000E+00    0.496E-11    0.496E-11    0.000E+00    0.000E+00
     2.025     0.951    0.558E-03    0.512E-05    0.101E-06    0.000E+00    0.000E+00    0.000E+00    0.000E+00    0.500E-11    0.500E-11    0.000E+00    0.000E+00
     2.025     0.952    0.522E-03    0.476E-05    0.953E-07    0.000E+00    0.000E+00    0.000E+00    0.000E+00    0.512E-11    0.512E-11    0.000E+00    0.000E+00
     2.025     0.953    0.488E-03    0.441E-05    0.893E-07    0.993E-09    0.993E-09    0.397E-09    0.397E-09    0.514E-11    0.514E-11    0.000E+00    0.000E+00
     2.025     0.954    0.453E-03    0.398E-05    0.783E-07    0.655E-08    0.655E-08    0.262E-08    0.262E-08    0.444E-11    0.444E-11    0.000E+00    0.000E+00
     2.025     0.955    0.419E-03    0.358E-05    0.683E-07    0.123E-07    0.123E-07    0.493E-08    0.493E-08    0.379E-11    0.379E-11    0.000E+00    0.000E+00
     2.025     0.956    0.387E-03    0.321E-05    0.590E-07    0.183E-07    0.183E-07    0.731E-08    0.731E-08    0.320E-11    0.320E-11    0.000E+00    0.000E+00
     2.025     0.957    0.356E-03    0.286E-05    0.505E-07    0.244E-07    0.244E-07    0.975E-08    0.975E-08    0.267E-11    0.267E-11    0.000E+00    0.000E+00
     2.025     0.958    0.326E-03    0.254E-05    0.429E-07    0.306E-07    0.306E-07    0.122E-07    0.122E-07    0.219E-11    0.219E-11    0.000E+00    0.000E+00
     2.025     0.959    0.298E-03    0.224E-05    0.359E-07    0.369E-07    0.369E-07    0.148E-07    0.148E-07    0.177E-11    0.177E-11    0.000E+00    0.000E+00
     2.025     0.960    0.271E-03    0.197E-05    0.297E-07    0.433E-07    0.433E-07    0.173E-07    0.173E-07    0.139E-11    0.139E-11    0.000E+00    0.000E+00
     2.025     0.961    0.245E-03    0.171E-05    0.241E-07    0.497E-07    0.497E-07    0.199E-07    0.199E-07    0.106E-11    0.106E-11    0.000E+00    0.000E+00
     2.025     0.962    0.220E-03    0.148E-05    0.192E-07    0.561E-07    0.561E-07    0.224E-07    0.224E-07    0.769E-12    0.769E-12    0.000E+00    0.000E+00
     2.025     0.963    0.196E-03    0.126E-05    0.149E-07    0.625E-07    0.625E-07    0.250E-07    0.250E-07    0.524E-12    0.524E-12    0.000E+00    0.000E+00
     2.025     0.964    0.174E-03    0.107E-05    0.112E-07    0.688E-07    0.688E-07    0.275E-07    0.275E-07    0.319E-12    0.319E-12    0.000E+00    0.000E+00
     2.025     0.965    0.153E-03    0.897E-06    0.805E-08    0.751E-07    0.751E-07    0.300E-07    0.300E-07    0.153E-12    0.153E-12    0.000E+00    0.000E+00
     2.025     0.966    0.133E-03    0.740E-06    0.543E-08    0.812E-07    0.812E-07    0.325E-07    0.325E-07    0.219E-13    0.219E-13    0.000E+00    0.000E+00
     2.025     0.967    0.114E-03    0.601E-06    0.331E-08    0.872E-07    0.872E-07    0.349E-07    0.349E-07    0.000E+00    0.000E+00    0.000E+00    0.000E+00
     2.025     0.968    0.957E-04    0.478E-06    0.165E-08    0.930E-07    0.930E-07    0.372E-07    0.372E-07    0.000E+00    0.000E+00    0.000E+00    0.000E+00
     2.025     0.969    0.789E-04    0.370E-06    0.422E-09    0.986E-07    0.986E-07    0.395E-07    0.395E-07    0.000E+00    0.000E+00    0.000E+00    0.000E+00
     2.025     0.970    0.632E-04    0.278E-06    0.000E+00    0.104E-06    0.104E-06    0.416E-07    0.416E-07    0.000E+00    0.000E+00    0.000E+00    0.000E+00
     2.025     0.971    0.485E-04    0.199E-06    0.000E+00    0.109E-06    0.109E-06    0.436E-07    0.436E-07    0.000E+00    0.000E+00    0.000E+00    0.000E+00
     2.025     0.972    0.349E-04    0.133E-06    0.000E+00    0.114E-06    0.114E-06    0.456E-07    0.456E-07    0.000E+00    0.000E+00    0.000E+00    0.000E+00
     2.025     0.973    0.222E-04    0.787E-07    0.000E+00    0.118E-06    0.118E-06    0.474E-07    0.474E-07    0.000E+00    0.000E+00    0.000E+00    0.000E+00
     2.025     0.974    0.106E-04    0.361E-07    0.000E+00    0.123E-06    0.123E-06    0.490E-07    0.490E-07    0.000E+00    0.000E+00    0.000E+00    0.000E+00
     2.025     0.975    0.000E+00    0.385E-08    0.373E-09    0.126E-06    0.126E-06    0.505E-07    0.505E-07    0.686E-13    0.686E-13    0.000E+00    0.000E+00
     2.025     0.976    0.000E+00    0.000E+00    0.129E-08    0.130E-06    0.130E-06    0.518E-07    0.518E-07    0.168E-12    0.168E-12    0.000E+00    0.000E+00
     2.025     0.977    0.000E+00    0.000E+00    0.238E-08    0.132E-06    0.132E-06    0.530E-07    0.530E-07    0.277E-12    0.277E-12    0.000E+00    0.000E+00
     2.025     0.978    0.000E+00    0.000E+00    0.362E-08    0.135E-06    0.135E-06    0.539E-07    0.539E-07    0.393E-12    0.393E-12    0.000E+00    0.000E+00
     2.025     0.979    0.000E+00    0.000E+00    0.496E-08    0.137E-06    0.137E-06    0.547E-07    0.547E-07    0.516E-12    0.516E-12    0.000E+00    0.000E+00
     2.025     0.980    0.000E+00    0.000E+00    0.639E-08    0.138E-06    0.138E-06    0.552E-07    0.552E-07    0.641E-12    0.641E-12    0.000E+00    0.000E+00
     2.025     0.981    0.000E+00    0.000E+00    0.787E-08    0.139E-06    0.139E-06    0.555E-07    0.555E-07    0.767E-12    0.767E-12    0.000E+00    0.000E+00
     2.025     0.982    0.000E+00    0.000E+00    0.936E-08    0.139E-06    0.139E-06    0.556E-07    0.556E-07    0.891E-12    0.891E-12    0.000E+00    0.000E+00
     2.025     0.983    0.000E+00    0.167E-07    0.108E-07    0.138E-06    0.138E-06    0.554E-07    0.554E-07    0.101E-11    0.101E-11    0.000E+00    0.000E+00
     2.025     0.984    0.000E+00    0.390E-07    0.122E-07    0.137E-06    0.137E-06    0.549E-07    0.549E-07    0.112E-11    0.112E-11    0.000E+00    0.000E+00
     2.025     0.985    0.000E+00    0.629E-07    0.136E-07    0.135E-06    0.135E-06    0.541E-07    0.541E-07    0.123E-11    0.123E-11    0.000E+00    0.000E+00
     2.025     0.986    0.000E+00    0.876E-07    0.148E-07    0.133E-06    0.133E-06    0.531E-07    0.531E-07    0.132E-11    0.132E-11    0.000E+00    0.000E+00
     2.025     0.987    0.000E+00    0.112E-06    0.158E-07    0.129E-06    0.129E-06    0.517E-07    0.517E-07    0.140E-11    0.140E-11    0.000E+00    0.000E+00
     2.025     0.988    0.000E+00    0.136E-06    0.167E-07    0.125E-06    0.125E-06    0.501E-07    0.501E-07    0.146E-11    0.146E-11    0.000E+00    0.000E+00
     2.025     0.989    0.000E+00    0.157E-06    0.174E-07    0.120E-06    0.120E-06    0.480E-07    0.480E-07    0.150E-11    0.150E-11    0.000E+00    0.000E+00
     2.025     0.990    0.000E+00    0.176E-06    0.177E-07    0.114E-06    0.114E-06    0.457E-07    0.457E-07    0.152E-11    0.152E-11    0.000E+00    0.000E+00
     2.025     0.991    0.000E+00    0.190E-06    0.179E-07    0.107E-06    0.107E-06    0.430E-07    0.430E-07    0.152E-11    0.152E-11    0.000E+00    0.000E+00
     2.025     0.992    0.000E+00    0.200E-06    0.176E-07    0.997E-07    0.997E-07    0.399E-07    0.399E-07    0.149E-11    0.149E-11    0.000E+00    0.000E+00
     2.025     0.993    0.000E+00    0.205E-06    0.170E-07    0.909E-07    0.909E-07    0.364E-07    0.364E-07    0.143E-11    0.143E-11    0.000E+00    0.000E+00
     2.025     0.994    0.000E+00    0.203E-06    0.161E-07    0.812E-07    0.812E-07    0.325E-07    0.325E-07    0.134E-11    0.134E-11    0.000E+00    0.000E+00
     2.025     0.995    0.000E+00    0.193E-06    0.147E-07    0.705E-07    0.705E-07    0.282E-07    0.282E-07    0.122E-11    0.122E-11    0.000E+00    0.000E+00
     2.025     0.996    0.000E+00    0.175E-06    0.128E-07    0.587E-07    0.587E-07    0.235E-07    0.235E-07    0.106E-11    0.106E-11    0.000E+00    0.000E+00
     2.025     0.997    0.000E+00    0.148E-06    0.104E-07    0.457E-07    0.457E-07    0.183E-07    0.183E-07    0.860E-12    0.860E-12    0.000E+00    0.000E+00
     2.025     0.998    0.000E+00    0.110E-06    0.754E-08    0.317E-07    0.317E-07    0.127E-07    0.127E-07    0.619E-12    0.619E-12    0.000E+00    0.000E+00
     2.025     0.999    0.000E+00    0.611E-07    0.407E-08    0.164E-07    0.164E-07    0.657E-08    0.657E-08    0.333E-12    0.333E-12    0.000E+00    0.000E+00

