     Q**2          x         u           d           g          ub          db          sb          s          cb          c          bb          b
     1.200     0.001    0.406E+00    0.368E+00    0.142E+00    0.350E+00    0.355E+00    0.127E+00    0.127E+00    0.000E+00    0.000E+00    0.000E+00    0.000E+00
     1.200     0.002    0.377E+00    0.338E+00    0.438E+00    0.305E+00    0.314E+00    0.111E+00    0.111E+00    0.000E+00    0.000E+00    0.000E+00    0.000E+00
     1.200     0.003    0.364E+00    0.325E+00    0.599E+00    0.280E+00    0.292E+00    0.102E+00    0.102E+00    0.000E+00    0.000E+00    0.000E+00    0.000E+00
     1.200     0.004    0.358E+00    0.320E+00    0.701E+00    0.263E+00    0.278E+00    0.964E-01    0.964E-01    0.000E+00    0.000E+00    0.000E+00    0.000E+00
     1.200     0.005    0.354E+00    0.317E+00    0.778E+00    0.251E+00    0.268E+00    0.923E-01    0.923E-01    0.000E+00    0.000E+00    0.000E+00    0.000E+00
     1.200     0.006    0.352E+00    0.317E+00    0.842E+00    0.241E+00    0.259E+00    0.889E-01    0.889E-01    0.000E+00    0.000E+00    0.000E+00    0.000E+00
     1.200     0.007    0.351E+00    0.317E+00    0.894E+00    0.233E+00    0.253E+00    0.863E-01    0.863E-01    0.000E+00    0.000E+00    0.000E+00    0.000E+00
     1.200     0.008    0.350E+00    0.318E+00    0.939E+00    0.226E+00    0.246E+00    0.838E-01    0.838E-01    0.000E+00    0.000E+00    0.000E+00    0.000E+00
     1.200     0.009    0.350E+00    0.319E+00    0.978E+00    0.220E+00    0.241E+00    0.818E-01    0.818E-01    0.000E+00    0.000E+00    0.000E+00    0.000E+00
     1.200     0.010    0.350E+00    0.320E+00    0.101E+01    0.214E+00    0.236E+00    0.798E-01    0.798E-01    0.000E+00    0.000E+00    0.000E+00    0.000E+00
     1.200     0.011    0.352E+00    0.322E+00    0.104E+01    0.210E+00    0.232E+00    0.783E-01    0.783E-01    0.000E+00    0.000E+00    0.000E+00    0.000E+00
     1.200     0.012    0.352E+00    0.324E+00    0.107E+01    0.205E+00    0.227E+00    0.767E-01    0.767E-01    0.000E+00    0.000E+00    0.000E+00    0.000E+00
     1.200     0.013    0.354E+00    0.325E+00    0.109E+01    0.201E+00    0.223E+00    0.753E-01    0.753E-01    0.000E+00    0.000E+00    0.000E+00    0.000E+00
     1.200     0.014    0.356E+00    0.327E+00    0.112E+01    0.198E+00    0.220E+00    0.741E-01    0.741E-01    0.000E+00    0.000E+00    0.000E+00    0.000E+00
     1.200     0.015    0.357E+00    0.329E+00    0.114E+01    0.195E+00    0.216E+00    0.729E-01    0.729E-01    0.000E+00    0.000E+00    0.000E+00    0.000E+00
     1.200     0.016    0.359E+00    0.331E+00    0.116E+01    0.192E+00    0.213E+00    0.717E-01    0.717E-01    0.000E+00    0.000E+00    0.000E+00    0.000E+00
     1.200     0.017    0.361E+00    0.333E+00    0.117E+01    0.189E+00    0.210E+00    0.708E-01    0.708E-01    0.000E+00    0.000E+00    0.000E+00    0.000E+00
     1.200     0.018    0.363E+00    0.334E+00    0.119E+01    0.186E+00    0.207E+00    0.698E-01    0.698E-01    0.000E+00    0.000E+00    0.000E+00    0.000E+00
     1.200     0.019    0.365E+00    0.336E+00    0.120E+01    0.184E+00    0.205E+00    0.688E-01    0.688E-01    0.000E+00    0.000E+00    0.000E+00    0.000E+00
     1.200     0.020    0.367E+00    0.338E+00    0.122E+01    0.182E+00    0.202E+00    0.680E-01    0.680E-01    0.000E+00    0.000E+00    0.000E+00    0.000E+00
     1.200     0.021    0.370E+00    0.340E+00    0.123E+01    0.180E+00    0.200E+00    0.672E-01    0.672E-01    0.000E+00    0.000E+00    0.000E+00    0.000E+00
     1.200     0.022    0.372E+00    0.341E+00    0.124E+01    0.177E+00    0.197E+00    0.664E-01    0.664E-01    0.000E+00    0.000E+00    0.000E+00    0.000E+00
     1.200     0.023    0.374E+00    0.343E+00    0.126E+01    0.175E+00    0.194E+00    0.655E-01    0.655E-01    0.000E+00    0.000E+00    0.000E+00    0.000E+00
     1.200     0.024    0.376E+00    0.344E+00    0.127E+01    0.173E+00    0.192E+00    0.648E-01    0.648E-01    0.000E+00    0.000E+00    0.000E+00    0.000E+00
     1.200     0.025    0.379E+00    0.346E+00    0.128E+01    0.171E+00    0.190E+00    0.641E-01    0.641E-01    0.000E+00    0.000E+00    0.000E+00    0.000E+00
     1.200     0.026    0.381E+00    0.347E+00    0.129E+01    0.170E+00    0.188E+00    0.634E-01    0.634E-01    0.000E+00    0.000E+00    0.000E+00    0.000E+00
     1.200     0.027    0.384E+00    0.349E+00    0.130E+01    0.168E+00    0.185E+00    0.627E-01    0.627E-01    0.000E+00    0.000E+00    0.000E+00    0.000E+00
     1.200     0.028    0.386E+00    0.350E+00    0.131E+01    0.166E+00    0.183E+00    0.620E-01    0.620E-01    0.000E+00    0.000E+00    0.000E+00    0.000E+00
     1.200     0.029    0.388E+00    0.351E+00    0.131E+01    0.165E+00    0.181E+00    0.614E-01    0.614E-01    0.000E+00    0.000E+00    0.000E+00    0.000E+00
     1.200     0.030    0.391E+00    0.353E+00    0.132E+01    0.163E+00    0.179E+00    0.608E-01    0.608E-01    0.000E+00    0.000E+00    0.000E+00    0.000E+00
     1.200     0.031    0.393E+00    0.354E+00    0.133E+01    0.162E+00    0.178E+00    0.603E-01    0.603E-01    0.000E+00    0.000E+00    0.000E+00    0.000E+00
     1.200     0.032    0.396E+00    0.355E+00    0.134E+01    0.161E+00    0.176E+00    0.597E-01    0.597E-01    0.000E+00    0.000E+00    0.000E+00    0.000E+00
     1.200     0.033    0.398E+00    0.357E+00    0.134E+01    0.159E+00    0.174E+00    0.592E-01    0.592E-01    0.000E+00    0.000E+00    0.000E+00    0.000E+00
     1.200     0.034    0.401E+00    0.358E+00    0.135E+01    0.158E+00    0.172E+00    0.586E-01    0.586E-01    0.000E+00    0.000E+00    0.000E+00    0.000E+00
     1.200     0.035    0.403E+00    0.359E+00    0.135E+01    0.157E+00    0.171E+00    0.581E-01    0.581E-01    0.000E+00    0.000E+00    0.000E+00    0.000E+00
     1.200     0.036    0.406E+00    0.360E+00    0.136E+01    0.156E+00    0.169E+00    0.577E-01    0.577E-01    0.000E+00    0.000E+00    0.000E+00    0.000E+00
     1.200     0.037    0.409E+00    0.361E+00    0.136E+01    0.154E+00    0.168E+00    0.572E-01    0.572E-01    0.000E+00    0.000E+00    0.000E+00    0.000E+00
     1.200     0.038    0.411E+00    0.363E+00    0.137E+01    0.153E+00    0.166E+00    0.568E-01    0.568E-01    0.000E+00    0.000E+00    0.000E+00    0.000E+00
     1.200     0.039    0.414E+00    0.364E+00    0.137E+01    0.152E+00    0.165E+00    0.564E-01    0.564E-01    0.000E+00    0.000E+00    0.000E+00    0.000E+00
     1.200     0.040    0.416E+00    0.365E+00    0.137E+01    0.151E+00    0.163E+00    0.559E-01    0.559E-01    0.000E+00    0.000E+00    0.000E+00    0.000E+00
     1.200     0.041    0.419E+00    0.366E+00    0.138E+01    0.150E+00    0.162E+00    0.554E-01    0.554E-01    0.000E+00    0.000E+00    0.000E+00    0.000E+00
     1.200     0.042    0.421E+00    0.367E+00    0.138E+01    0.149E+00    0.160E+00    0.550E-01    0.550E-01    0.000E+00    0.000E+00    0.000E+00    0.000E+00
     1.200     0.043    0.423E+00    0.368E+00    0.138E+01    0.148E+00    0.159E+00    0.546E-01    0.546E-01    0.000E+00    0.000E+00    0.000E+00    0.000E+00
     1.200     0.044    0.426E+00    0.369E+00    0.139E+01    0.146E+00    0.158E+00    0.542E-01    0.542E-01    0.000E+00    0.000E+00    0.000E+00    0.000E+00
     1.200     0.045    0.428E+00    0.370E+00    0.139E+01    0.145E+00    0.157E+00    0.538E-01    0.538E-01    0.000E+00    0.000E+00    0.000E+00    0.000E+00
     1.200     0.046    0.431E+00    0.371E+00    0.139E+01    0.144E+00    0.155E+00    0.534E-01    0.534E-01    0.000E+00    0.000E+00    0.000E+00    0.000E+00
     1.200     0.047    0.433E+00    0.372E+00    0.140E+01    0.143E+00    0.154E+00    0.529E-01    0.529E-01    0.000E+00    0.000E+00    0.000E+00    0.000E+00
     1.200     0.048    0.435E+00    0.373E+00    0.140E+01    0.142E+00    0.153E+00    0.525E-01    0.525E-01    0.000E+00    0.000E+00    0.000E+00    0.000E+00
     1.200     0.049    0.438E+00    0.374E+00    0.140E+01    0.141E+00    0.152E+00    0.522E-01    0.522E-01    0.000E+00    0.000E+00    0.000E+00    0.000E+00
     1.200     0.050    0.440E+00    0.374E+00    0.140E+01    0.140E+00    0.151E+00    0.518E-01    0.518E-01    0.000E+00    0.000E+00    0.000E+00    0.000E+00
     1.200     0.051    0.442E+00    0.375E+00    0.140E+01    0.139E+00    0.150E+00    0.514E-01    0.514E-01    0.000E+00    0.000E+00    0.000E+00    0.000E+00
     1.200     0.052    0.445E+00    0.376E+00    0.141E+01    0.138E+00    0.148E+00    0.511E-01    0.511E-01    0.000E+00    0.000E+00    0.000E+00    0.000E+00
     1.200     0.053    0.447E+00    0.377E+00    0.141E+01    0.137E+00    0.147E+00    0.507E-01    0.507E-01    0.000E+00    0.000E+00    0.000E+00    0.000E+00
     1.200     0.054    0.449E+00    0.378E+00    0.141E+01    0.136E+00    0.147E+00    0.504E-01    0.504E-01    0.000E+00    0.000E+00    0.000E+00    0.000E+00
     1.200     0.055    0.452E+00    0.379E+00    0.141E+01    0.135E+00    0.146E+00    0.500E-01    0.500E-01    0.000E+00    0.000E+00    0.000E+00    0.000E+00
     1.200     0.056    0.454E+00    0.380E+00    0.141E+01    0.134E+00    0.145E+00    0.497E-01    0.497E-01    0.000E+00    0.000E+00    0.000E+00    0.000E+00
     1.200     0.057    0.456E+00    0.380E+00    0.141E+01    0.133E+00    0.144E+00    0.493E-01    0.493E-01    0.000E+00    0.000E+00    0.000E+00    0.000E+00
     1.200     0.058    0.458E+00    0.381E+00    0.141E+01    0.131E+00    0.143E+00    0.490E-01    0.490E-01    0.000E+00    0.000E+00    0.000E+00    0.000E+00
     1.200     0.059    0.461E+00    0.382E+00    0.141E+01    0.130E+00    0.142E+00    0.487E-01    0.487E-01    0.000E+00    0.000E+00    0.000E+00    0.000E+00
     1.200     0.060    0.463E+00    0.383E+00    0.141E+01    0.129E+00    0.141E+00    0.484E-01    0.484E-01    0.000E+00    0.000E+00    0.000E+00    0.000E+00
     1.200     0.061    0.465E+00    0.383E+00    0.141E+01    0.129E+00    0.140E+00    0.481E-01    0.481E-01    0.000E+00    0.000E+00    0.000E+00    0.000E+00
     1.200     0.062    0.467E+00    0.384E+00    0.141E+01    0.128E+00    0.139E+00    0.478E-01    0.478E-01    0.000E+00    0.000E+00    0.000E+00    0.000E+00
     1.200     0.063    0.470E+00    0.385E+00    0.141E+01    0.127E+00    0.139E+00    0.475E-01    0.475E-01    0.000E+00    0.000E+00    0.000E+00    0.000E+00
     1.200     0.064    0.472E+00    0.386E+00    0.141E+01    0.126E+00    0.138E+00    0.471E-01    0.471E-01    0.000E+00    0.000E+00    0.000E+00    0.000E+00
     1.200     0.065    0.474E+00    0.386E+00    0.141E+01    0.125E+00    0.137E+00    0.468E-01    0.468E-01    0.000E+00    0.000E+00    0.000E+00    0.000E+00
     1.200     0.066    0.476E+00    0.387E+00    0.141E+01    0.124E+00    0.136E+00    0.465E-01    0.465E-01    0.000E+00    0.000E+00    0.000E+00    0.000E+00
     1.200     0.067    0.478E+00    0.388E+00    0.141E+01    0.123E+00    0.136E+00    0.462E-01    0.462E-01    0.000E+00    0.000E+00    0.000E+00    0.000E+00
     1.200     0.068    0.480E+00    0.388E+00    0.141E+01    0.122E+00    0.135E+00    0.459E-01    0.459E-01    0.000E+00    0.000E+00    0.000E+00    0.000E+00
     1.200     0.069    0.482E+00    0.389E+00    0.141E+01    0.121E+00    0.134E+00    0.456E-01    0.456E-01    0.000E+00    0.000E+00    0.000E+00    0.000E+00
     1.200     0.070    0.484E+00    0.389E+00    0.141E+01    0.120E+00    0.133E+00    0.454E-01    0.454E-01    0.000E+00    0.000E+00    0.000E+00    0.000E+00
     1.200     0.071    0.486E+00    0.390E+00    0.141E+01    0.119E+00    0.133E+00    0.451E-01    0.451E-01    0.000E+00    0.000E+00    0.000E+00    0.000E+00
     1.200     0.072    0.488E+00    0.391E+00    0.141E+01    0.118E+00    0.132E+00    0.448E-01    0.448E-01    0.000E+00    0.000E+00    0.000E+00    0.000E+00
     1.200     0.073    0.491E+00    0.391E+00    0.141E+01    0.117E+00    0.131E+00    0.445E-01    0.445E-01    0.000E+00    0.000E+00    0.000E+00    0.000E+00
     1.200     0.074    0.493E+00    0.392E+00    0.141E+01    0.116E+00    0.131E+00    0.443E-01    0.443E-01    0.000E+00    0.000E+00    0.000E+00    0.000E+00
     1.200     0.075    0.495E+00    0.393E+00    0.141E+01    0.115E+00    0.130E+00    0.440E-01    0.440E-01    0.000E+00    0.000E+00    0.000E+00    0.000E+00
     1.200     0.076    0.497E+00    0.393E+00    0.141E+01    0.114E+00    0.130E+00    0.437E-01    0.437E-01    0.000E+00    0.000E+00    0.000E+00    0.000E+00
     1.200     0.077    0.499E+00    0.394E+00    0.141E+01    0.113E+00    0.129E+00    0.434E-01    0.434E-01    0.000E+00    0.000E+00    0.000E+00    0.000E+00
     1.200     0.078    0.501E+00    0.394E+00    0.140E+01    0.112E+00    0.128E+00    0.432E-01    0.432E-01    0.000E+00    0.000E+00    0.000E+00    0.000E+00
     1.200     0.079    0.503E+00    0.395E+00    0.140E+01    0.111E+00    0.128E+00    0.429E-01    0.429E-01    0.000E+00    0.000E+00    0.000E+00    0.000E+00
     1.200     0.080    0.504E+00    0.395E+00    0.140E+01    0.110E+00    0.127E+00    0.427E-01    0.427E-01    0.000E+00    0.000E+00    0.000E+00    0.000E+00
     1.200     0.081    0.506E+00    0.396E+00    0.140E+01    0.109E+00    0.127E+00    0.424E-01    0.424E-01    0.000E+00    0.000E+00    0.000E+00    0.000E+00
     1.200     0.082    0.508E+00    0.396E+00    0.140E+01    0.108E+00    0.126E+00    0.422E-01    0.422E-01    0.000E+00    0.000E+00    0.000E+00    0.000E+00
     1.200     0.083    0.510E+00    0.397E+00    0.140E+01    0.107E+00    0.126E+00    0.419E-01    0.419E-01    0.000E+00    0.000E+00    0.000E+00    0.000E+00
     1.200     0.084    0.512E+00    0.397E+00    0.140E+01    0.106E+00    0.125E+00    0.417E-01    0.417E-01    0.000E+00    0.000E+00    0.000E+00    0.000E+00
     1.200     0.085    0.514E+00    0.398E+00    0.139E+01    0.105E+00    0.125E+00    0.414E-01    0.414E-01    0.000E+00    0.000E+00    0.000E+00    0.000E+00
     1.200     0.086    0.516E+00    0.398E+00    0.139E+01    0.105E+00    0.124E+00    0.412E-01    0.412E-01    0.000E+00    0.000E+00    0.000E+00    0.000E+00
     1.200     0.087    0.518E+00    0.399E+00    0.139E+01    0.104E+00    0.123E+00    0.409E-01    0.409E-01    0.000E+00    0.000E+00    0.000E+00    0.000E+00
     1.200     0.088    0.520E+00    0.399E+00    0.139E+01    0.103E+00    0.123E+00    0.407E-01    0.407E-01    0.000E+00    0.000E+00    0.000E+00    0.000E+00
     1.200     0.089    0.522E+00    0.399E+00    0.139E+01    0.102E+00    0.122E+00    0.404E-01    0.404E-01    0.000E+00    0.000E+00    0.000E+00    0.000E+00
     1.200     0.090    0.524E+00    0.400E+00    0.138E+01    0.101E+00    0.122E+00    0.402E-01    0.402E-01    0.000E+00    0.000E+00    0.000E+00    0.000E+00
     1.200     0.091    0.526E+00    0.400E+00    0.138E+01    0.100E+00    0.121E+00    0.400E-01    0.400E-01    0.000E+00    0.000E+00    0.000E+00    0.000E+00
     1.200     0.092    0.527E+00    0.401E+00    0.138E+01    0.993E-01    0.121E+00    0.397E-01    0.397E-01    0.000E+00    0.000E+00    0.000E+00    0.000E+00
     1.200     0.093    0.529E+00    0.401E+00    0.138E+01    0.985E-01    0.120E+00    0.395E-01    0.395E-01    0.000E+00    0.000E+00    0.000E+00    0.000E+00
     1.200     0.094    0.531E+00    0.401E+00    0.137E+01    0.977E-01    0.120E+00    0.393E-01    0.393E-01    0.000E+00    0.000E+00    0.000E+00    0.000E+00
     1.200     0.095    0.533E+00    0.402E+00    0.137E+01    0.968E-01    0.119E+00    0.391E-01    0.391E-01    0.000E+00    0.000E+00    0.000E+00    0.000E+00
     1.200     0.096    0.535E+00    0.402E+00    0.137E+01    0.960E-01    0.119E+00    0.388E-01    0.388E-01    0.000E+00    0.000E+00    0.000E+00    0.000E+00
     1.200     0.097    0.537E+00    0.402E+00    0.137E+01    0.952E-01    0.119E+00    0.386E-01    0.386E-01    0.000E+00    0.000E+00    0.000E+00    0.000E+00
     1.200     0.098    0.538E+00    0.403E+00    0.136E+01    0.944E-01    0.118E+00    0.384E-01    0.384E-01    0.000E+00    0.000E+00    0.000E+00    0.000E+00
     1.200     0.099    0.540E+00    0.403E+00    0.136E+01    0.936E-01    0.118E+00    0.382E-01    0.382E-01    0.000E+00    0.000E+00    0.000E+00    0.000E+00
     1.200     0.100    0.542E+00    0.403E+00    0.136E+01    0.928E-01    0.117E+00    0.380E-01    0.380E-01    0.000E+00    0.000E+00    0.000E+00    0.000E+00
     1.200     0.101    0.544E+00    0.404E+00    0.136E+01    0.920E-01    0.117E+00    0.377E-01    0.377E-01    0.000E+00    0.000E+00    0.000E+00    0.000E+00
     1.200     0.102    0.545E+00    0.404E+00    0.135E+01    0.912E-01    0.116E+00    0.375E-01    0.375E-01    0.000E+00    0.000E+00    0.000E+00    0.000E+00
     1.200     0.103    0.547E+00    0.404E+00    0.135E+01    0.904E-01    0.116E+00    0.373E-01    0.373E-01    0.000E+00    0.000E+00    0.000E+00    0.000E+00
     1.200     0.104    0.549E+00    0.404E+00    0.135E+01    0.897E-01    0.115E+00    0.371E-01    0.371E-01    0.000E+00    0.000E+00    0.000E+00    0.000E+00
     1.200     0.105    0.551E+00    0.405E+00    0.134E+01    0.889E-01    0.115E+00    0.369E-01    0.369E-01    0.000E+00    0.000E+00    0.000E+00    0.000E+00
     1.200     0.106    0.552E+00    0.405E+00    0.134E+01    0.882E-01    0.114E+00    0.367E-01    0.367E-01    0.000E+00    0.000E+00    0.000E+00    0.000E+00
     1.200     0.107    0.554E+00    0.405E+00    0.134E+01    0.874E-01    0.114E+00    0.365E-01    0.365E-01    0.000E+00    0.000E+00    0.000E+00    0.000E+00
     1.200     0.108    0.556E+00    0.405E+00    0.133E+01    0.867E-01    0.113E+00    0.363E-01    0.363E-01    0.000E+00    0.000E+00    0.000E+00    0.000E+00
     1.200     0.109    0.558E+00    0.406E+00    0.133E+01    0.860E-01    0.113E+00    0.361E-01    0.361E-01    0.000E+00    0.000E+00    0.000E+00    0.000E+00
     1.200     0.110    0.559E+00    0.406E+00    0.133E+01    0.852E-01    0.113E+00    0.359E-01    0.359E-01    0.000E+00    0.000E+00    0.000E+00    0.000E+00
     1.200     0.111    0.561E+00    0.406E+00    0.133E+01    0.845E-01    0.112E+00    0.357E-01    0.357E-01    0.000E+00    0.000E+00    0.000E+00    0.000E+00
     1.200     0.112    0.563E+00    0.406E+00    0.132E+01    0.838E-01    0.112E+00    0.355E-01    0.355E-01    0.000E+00    0.000E+00    0.000E+00    0.000E+00
     1.200     0.113    0.564E+00    0.406E+00    0.132E+01    0.831E-01    0.111E+00    0.353E-01    0.353E-01    0.000E+00    0.000E+00    0.000E+00    0.000E+00
     1.200     0.114    0.566E+00    0.407E+00    0.132E+01    0.824E-01    0.111E+00    0.351E-01    0.351E-01    0.000E+00    0.000E+00    0.000E+00    0.000E+00
     1.200     0.115    0.568E+00    0.407E+00    0.131E+01    0.817E-01    0.110E+00    0.349E-01    0.349E-01    0.000E+00    0.000E+00    0.000E+00    0.000E+00
     1.200     0.116    0.569E+00    0.407E+00    0.131E+01    0.811E-01    0.110E+00    0.347E-01    0.347E-01    0.000E+00    0.000E+00    0.000E+00    0.000E+00
     1.200     0.117    0.571E+00    0.407E+00    0.131E+01    0.804E-01    0.109E+00    0.345E-01    0.345E-01    0.000E+00    0.000E+00    0.000E+00    0.000E+00
     1.200     0.118    0.573E+00    0.407E+00    0.130E+01    0.797E-01    0.109E+00    0.343E-01    0.343E-01    0.000E+00    0.000E+00    0.000E+00    0.000E+00
     1.200     0.119    0.574E+00    0.407E+00    0.130E+01    0.791E-01    0.109E+00    0.341E-01    0.341E-01    0.000E+00    0.000E+00    0.000E+00    0.000E+00
     1.200     0.120    0.576E+00    0.407E+00    0.129E+01    0.784E-01    0.108E+00    0.339E-01    0.339E-01    0.000E+00    0.000E+00    0.000E+00    0.000E+00
     1.200     0.121    0.578E+00    0.407E+00    0.129E+01    0.778E-01    0.108E+00    0.337E-01    0.337E-01    0.000E+00    0.000E+00    0.000E+00    0.000E+00
     1.200     0.122    0.579E+00    0.407E+00    0.129E+01    0.772E-01    0.107E+00    0.336E-01    0.336E-01    0.000E+00    0.000E+00    0.000E+00    0.000E+00
     1.200     0.123    0.581E+00    0.408E+00    0.128E+01    0.766E-01    0.107E+00    0.334E-01    0.334E-01    0.000E+00    0.000E+00    0.000E+00    0.000E+00
     1.200     0.124    0.582E+00    0.408E+00    0.128E+01    0.759E-01    0.106E+00    0.332E-01    0.332E-01    0.000E+00    0.000E+00    0.000E+00    0.000E+00
     1.200     0.125    0.584E+00    0.408E+00    0.128E+01    0.753E-01    0.106E+00    0.330E-01    0.330E-01    0.000E+00    0.000E+00    0.000E+00    0.000E+00
     1.200     0.126    0.586E+00    0.408E+00    0.127E+01    0.747E-01    0.105E+00    0.328E-01    0.328E-01    0.000E+00    0.000E+00    0.000E+00    0.000E+00
     1.200     0.127    0.587E+00    0.408E+00    0.127E+01    0.741E-01    0.105E+00    0.326E-01    0.326E-01    0.000E+00    0.000E+00    0.000E+00    0.000E+00
     1.200     0.128    0.589E+00    0.408E+00    0.126E+01    0.735E-01    0.104E+00    0.325E-01    0.325E-01    0.000E+00    0.000E+00    0.000E+00    0.000E+00
     1.200     0.129    0.590E+00    0.408E+00    0.126E+01    0.730E-01    0.104E+00    0.323E-01    0.323E-01    0.000E+00    0.000E+00    0.000E+00    0.000E+00
     1.200     0.130    0.592E+00    0.408E+00    0.126E+01    0.724E-01    0.104E+00    0.321E-01    0.321E-01    0.000E+00    0.000E+00    0.000E+00    0.000E+00
     1.200     0.131    0.593E+00    0.408E+00    0.125E+01    0.718E-01    0.103E+00    0.319E-01    0.319E-01    0.000E+00    0.000E+00    0.000E+00    0.000E+00
     1.200     0.132    0.595E+00    0.408E+00    0.125E+01    0.713E-01    0.103E+00    0.318E-01    0.318E-01    0.000E+00    0.000E+00    0.000E+00    0.000E+00
     1.200     0.133    0.596E+00    0.408E+00    0.125E+01    0.707E-01    0.102E+00    0.316E-01    0.316E-01    0.000E+00    0.000E+00    0.000E+00    0.000E+00
     1.200     0.134    0.598E+00    0.408E+00    0.124E+01    0.702E-01    0.102E+00    0.314E-01    0.314E-01    0.000E+00    0.000E+00    0.000E+00    0.000E+00
     1.200     0.135    0.599E+00    0.408E+00    0.124E+01    0.697E-01    0.101E+00    0.312E-01    0.312E-01    0.000E+00    0.000E+00    0.000E+00    0.000E+00
     1.200     0.136    0.601E+00    0.408E+00    0.123E+01    0.691E-01    0.101E+00    0.311E-01    0.311E-01    0.000E+00    0.000E+00    0.000E+00    0.000E+00
     1.200     0.137    0.602E+00    0.408E+00    0.123E+01    0.686E-01    0.100E+00    0.309E-01    0.309E-01    0.000E+00    0.000E+00    0.000E+00    0.000E+00
     1.200     0.138    0.604E+00    0.408E+00    0.123E+01    0.681E-01    0.100E+00    0.307E-01    0.307E-01    0.000E+00    0.000E+00    0.000E+00    0.000E+00
     1.200     0.139    0.605E+00    0.407E+00    0.122E+01    0.676E-01    0.995E-01    0.306E-01    0.306E-01    0.000E+00    0.000E+00    0.000E+00    0.000E+00
     1.200     0.140    0.607E+00    0.407E+00    0.122E+01    0.671E-01    0.991E-01    0.304E-01    0.304E-01    0.000E+00    0.000E+00    0.000E+00    0.000E+00
     1.200     0.141    0.608E+00    0.407E+00    0.121E+01    0.666E-01    0.986E-01    0.302E-01    0.302E-01    0.000E+00    0.000E+00    0.000E+00    0.000E+00
     1.200     0.142    0.610E+00    0.407E+00    0.121E+01    0.661E-01    0.982E-01    0.301E-01    0.301E-01    0.000E+00    0.000E+00    0.000E+00    0.000E+00
     1.200     0.143    0.611E+00    0.407E+00    0.120E+01    0.656E-01    0.977E-01    0.299E-01    0.299E-01    0.000E+00    0.000E+00    0.000E+00    0.000E+00
     1.200     0.144    0.612E+00    0.407E+00    0.120E+01    0.651E-01    0.973E-01    0.297E-01    0.297E-01    0.000E+00    0.000E+00    0.000E+00    0.000E+00
     1.200     0.145    0.614E+00    0.407E+00    0.120E+01    0.646E-01    0.968E-01    0.296E-01    0.296E-01    0.000E+00    0.000E+00    0.000E+00    0.000E+00
     1.200     0.146    0.615E+00    0.407E+00    0.119E+01    0.642E-01    0.964E-01    0.294E-01    0.294E-01    0.000E+00    0.000E+00    0.000E+00    0.000E+00
     1.200     0.147    0.617E+00    0.407E+00    0.119E+01    0.637E-01    0.959E-01    0.293E-01    0.293E-01    0.000E+00    0.000E+00    0.000E+00    0.000E+00
     1.200     0.148    0.618E+00    0.406E+00    0.118E+01    0.632E-01    0.954E-01    0.291E-01    0.291E-01    0.000E+00    0.000E+00    0.000E+00    0.000E+00
     1.200     0.149    0.619E+00    0.406E+00    0.118E+01    0.628E-01    0.950E-01    0.289E-01    0.289E-01    0.000E+00    0.000E+00    0.000E+00    0.000E+00
     1.200     0.150    0.621E+00    0.406E+00    0.118E+01    0.623E-01    0.945E-01    0.288E-01    0.288E-01    0.000E+00    0.000E+00    0.000E+00    0.000E+00
     1.200     0.151    0.622E+00    0.406E+00    0.117E+01    0.619E-01    0.941E-01    0.286E-01    0.286E-01    0.000E+00    0.000E+00    0.000E+00    0.000E+00
     1.200     0.152    0.623E+00    0.406E+00    0.117E+01    0.615E-01    0.936E-01    0.285E-01    0.285E-01    0.000E+00    0.000E+00    0.000E+00    0.000E+00
     1.200     0.153    0.625E+00    0.406E+00    0.116E+01    0.611E-01    0.932E-01    0.283E-01    0.283E-01    0.000E+00    0.000E+00    0.000E+00    0.000E+00
     1.200     0.154    0.626E+00    0.405E+00    0.116E+01    0.606E-01    0.927E-01    0.282E-01    0.282E-01    0.000E+00    0.000E+00    0.000E+00    0.000E+00
     1.200     0.155    0.627E+00    0.405E+00    0.115E+01    0.602E-01    0.923E-01    0.280E-01    0.280E-01    0.000E+00    0.000E+00    0.000E+00    0.000E+00
     1.200     0.156    0.629E+00    0.405E+00    0.115E+01    0.598E-01    0.918E-01    0.279E-01    0.279E-01    0.000E+00    0.000E+00    0.000E+00    0.000E+00
     1.200     0.157    0.630E+00    0.405E+00    0.114E+01    0.594E-01    0.913E-01    0.277E-01    0.277E-01    0.000E+00    0.000E+00    0.000E+00    0.000E+00
     1.200     0.158    0.631E+00    0.405E+00    0.114E+01    0.590E-01    0.909E-01    0.276E-01    0.276E-01    0.000E+00    0.000E+00    0.000E+00    0.000E+00
     1.200     0.159    0.632E+00    0.404E+00    0.114E+01    0.586E-01    0.904E-01    0.274E-01    0.274E-01    0.000E+00    0.000E+00    0.000E+00    0.000E+00
     1.200     0.160    0.634E+00    0.404E+00    0.113E+01    0.582E-01    0.899E-01    0.273E-01    0.273E-01    0.000E+00    0.000E+00    0.000E+00    0.000E+00
     1.200     0.161    0.635E+00    0.404E+00    0.113E+01    0.578E-01    0.895E-01    0.271E-01    0.271E-01    0.000E+00    0.000E+00    0.000E+00    0.000E+00
     1.200     0.162    0.636E+00    0.404E+00    0.112E+01    0.574E-01    0.890E-01    0.270E-01    0.270E-01    0.000E+00    0.000E+00    0.000E+00    0.000E+00
     1.200     0.163    0.637E+00    0.404E+00    0.112E+01    0.570E-01    0.886E-01    0.268E-01    0.268E-01    0.000E+00    0.000E+00    0.000E+00    0.000E+00
     1.200     0.164    0.639E+00    0.403E+00    0.111E+01    0.567E-01    0.881E-01    0.267E-01    0.267E-01    0.000E+00    0.000E+00    0.000E+00    0.000E+00
     1.200     0.165    0.640E+00    0.403E+00    0.111E+01    0.563E-01    0.876E-01    0.265E-01    0.265E-01    0.000E+00    0.000E+00    0.000E+00    0.000E+00
     1.200     0.166    0.641E+00    0.403E+00    0.110E+01    0.560E-01    0.872E-01    0.264E-01    0.264E-01    0.000E+00    0.000E+00    0.000E+00    0.000E+00
     1.200     0.167    0.642E+00    0.403E+00    0.110E+01    0.556E-01    0.867E-01    0.262E-01    0.262E-01    0.000E+00    0.000E+00    0.000E+00    0.000E+00
     1.200     0.168    0.643E+00    0.402E+00    0.110E+01    0.552E-01    0.863E-01    0.261E-01    0.261E-01    0.000E+00    0.000E+00    0.000E+00    0.000E+00
     1.200     0.169    0.644E+00    0.402E+00    0.109E+01    0.549E-01    0.858E-01    0.259E-01    0.259E-01    0.000E+00    0.000E+00    0.000E+00    0.000E+00
     1.200     0.170    0.646E+00    0.402E+00    0.109E+01    0.545E-01    0.854E-01    0.258E-01    0.258E-01    0.000E+00    0.000E+00    0.000E+00    0.000E+00
     1.200     0.171    0.647E+00    0.401E+00    0.108E+01    0.542E-01    0.849E-01    0.257E-01    0.257E-01    0.000E+00    0.000E+00    0.000E+00    0.000E+00
     1.200     0.172    0.648E+00    0.401E+00    0.108E+01    0.539E-01    0.844E-01    0.255E-01    0.255E-01    0.000E+00    0.000E+00    0.000E+00    0.000E+00
     1.200     0.173    0.649E+00    0.401E+00    0.107E+01    0.535E-01    0.840E-01    0.254E-01    0.254E-01    0.000E+00    0.000E+00    0.000E+00    0.000E+00
     1.200     0.174    0.650E+00    0.400E+00    0.107E+01    0.532E-01    0.835E-01    0.252E-01    0.252E-01    0.000E+00    0.000E+00    0.000E+00    0.000E+00
     1.200     0.175    0.651E+00    0.400E+00    0.106E+01    0.529E-01    0.831E-01    0.251E-01    0.251E-01    0.000E+00    0.000E+00    0.000E+00    0.000E+00
     1.200     0.176    0.652E+00    0.400E+00    0.106E+01    0.526E-01    0.826E-01    0.250E-01    0.250E-01    0.000E+00    0.000E+00    0.000E+00    0.000E+00
     1.200     0.177    0.653E+00    0.400E+00    0.106E+01    0.522E-01    0.821E-01    0.248E-01    0.248E-01    0.000E+00    0.000E+00    0.000E+00    0.000E+00
     1.200     0.178    0.654E+00    0.399E+00    0.105E+01    0.519E-01    0.817E-01    0.247E-01    0.247E-01    0.000E+00    0.000E+00    0.000E+00    0.000E+00
     1.200     0.179    0.655E+00    0.399E+00    0.105E+01    0.516E-01    0.812E-01    0.246E-01    0.246E-01    0.000E+00    0.000E+00    0.000E+00    0.000E+00
     1.200     0.180    0.656E+00    0.398E+00    0.104E+01    0.513E-01    0.808E-01    0.244E-01    0.244E-01    0.000E+00    0.000E+00    0.000E+00    0.000E+00
     1.200     0.181    0.657E+00    0.398E+00    0.104E+01    0.510E-01    0.803E-01    0.243E-01    0.243E-01    0.000E+00    0.000E+00    0.000E+00    0.000E+00
     1.200     0.182    0.658E+00    0.398E+00    0.103E+01    0.507E-01    0.799E-01    0.242E-01    0.242E-01    0.000E+00    0.000E+00    0.000E+00    0.000E+00
     1.200     0.183    0.659E+00    0.397E+00    0.103E+01    0.504E-01    0.794E-01    0.240E-01    0.240E-01    0.000E+00    0.000E+00    0.000E+00    0.000E+00
     1.200     0.184    0.660E+00    0.397E+00    0.102E+01    0.501E-01    0.790E-01    0.239E-01    0.239E-01    0.000E+00    0.000E+00    0.000E+00    0.000E+00
     1.200     0.185    0.661E+00    0.397E+00    0.102E+01    0.498E-01    0.785E-01    0.238E-01    0.238E-01    0.000E+00    0.000E+00    0.000E+00    0.000E+00
     1.200     0.186    0.662E+00    0.396E+00    0.101E+01    0.496E-01    0.781E-01    0.236E-01    0.236E-01    0.000E+00    0.000E+00    0.000E+00    0.000E+00
     1.200     0.187    0.663E+00    0.396E+00    0.101E+01    0.493E-01    0.776E-01    0.235E-01    0.235E-01    0.000E+00    0.000E+00    0.000E+00    0.000E+00
     1.200     0.188    0.664E+00    0.396E+00    0.100E+01    0.490E-01    0.771E-01    0.234E-01    0.234E-01    0.000E+00    0.000E+00    0.000E+00    0.000E+00
     1.200     0.189    0.665E+00    0.395E+00    0.100E+01    0.487E-01    0.767E-01    0.233E-01    0.233E-01    0.000E+00    0.000E+00    0.000E+00    0.000E+00
     1.200     0.190    0.666E+00    0.395E+00    0.996E+00    0.484E-01    0.762E-01    0.231E-01    0.231E-01    0.000E+00    0.000E+00    0.000E+00    0.000E+00
     1.200     0.191    0.667E+00    0.394E+00    0.991E+00    0.482E-01    0.758E-01    0.230E-01    0.230E-01    0.000E+00    0.000E+00    0.000E+00    0.000E+00
     1.200     0.192    0.668E+00    0.394E+00    0.986E+00    0.479E-01    0.753E-01    0.229E-01    0.229E-01    0.000E+00    0.000E+00    0.000E+00    0.000E+00
     1.200     0.193    0.669E+00    0.394E+00    0.982E+00    0.476E-01    0.749E-01    0.227E-01    0.227E-01    0.000E+00    0.000E+00    0.000E+00    0.000E+00
     1.200     0.194    0.670E+00    0.393E+00    0.977E+00    0.474E-01    0.745E-01    0.226E-01    0.226E-01    0.000E+00    0.000E+00    0.000E+00    0.000E+00
     1.200     0.195    0.670E+00    0.393E+00    0.973E+00    0.471E-01    0.740E-01    0.225E-01    0.225E-01    0.000E+00    0.000E+00    0.000E+00    0.000E+00
     1.200     0.196    0.671E+00    0.392E+00    0.968E+00    0.469E-01    0.736E-01    0.224E-01    0.224E-01    0.000E+00    0.000E+00    0.000E+00    0.000E+00
     1.200     0.197    0.672E+00    0.392E+00    0.963E+00    0.466E-01    0.731E-01    0.222E-01    0.222E-01    0.000E+00    0.000E+00    0.000E+00    0.000E+00
     1.200     0.198    0.673E+00    0.391E+00    0.959E+00    0.464E-01    0.727E-01    0.221E-01    0.221E-01    0.000E+00    0.000E+00    0.000E+00    0.000E+00
     1.200     0.199    0.674E+00    0.391E+00    0.954E+00    0.461E-01    0.722E-01    0.220E-01    0.220E-01    0.000E+00    0.000E+00    0.000E+00    0.000E+00
     1.200     0.200    0.675E+00    0.391E+00    0.950E+00    0.459E-01    0.718E-01    0.219E-01    0.219E-01    0.000E+00    0.000E+00    0.000E+00    0.000E+00
     1.200     0.201    0.675E+00    0.390E+00    0.945E+00    0.456E-01    0.714E-01    0.218E-01    0.218E-01    0.000E+00    0.000E+00    0.000E+00    0.000E+00
     1.200     0.202    0.676E+00    0.390E+00    0.940E+00    0.454E-01    0.709E-01    0.216E-01    0.216E-01    0.000E+00    0.000E+00    0.000E+00    0.000E+00
     1.200     0.203    0.677E+00    0.389E+00    0.936E+00    0.452E-01    0.705E-01    0.215E-01    0.215E-01    0.000E+00    0.000E+00    0.000E+00    0.000E+00
     1.200     0.204    0.678E+00    0.389E+00    0.931E+00    0.449E-01    0.700E-01    0.214E-01    0.214E-01    0.000E+00    0.000E+00    0.000E+00    0.000E+00
     1.200     0.205    0.678E+00    0.388E+00    0.927E+00    0.447E-01    0.696E-01    0.213E-01    0.213E-01    0.000E+00    0.000E+00    0.000E+00    0.000E+00
     1.200     0.206    0.679E+00    0.388E+00    0.922E+00    0.445E-01    0.692E-01    0.212E-01    0.212E-01    0.000E+00    0.000E+00    0.000E+00    0.000E+00
     1.200     0.207    0.680E+00    0.387E+00    0.918E+00    0.442E-01    0.687E-01    0.210E-01    0.210E-01    0.000E+00    0.000E+00    0.000E+00    0.000E+00
     1.200     0.208    0.680E+00    0.387E+00    0.913E+00    0.440E-01    0.683E-01    0.209E-01    0.209E-01    0.000E+00    0.000E+00    0.000E+00    0.000E+00
     1.200     0.209    0.681E+00    0.386E+00    0.908E+00    0.438E-01    0.679E-01    0.208E-01    0.208E-01    0.000E+00    0.000E+00    0.000E+00    0.000E+00
     1.200     0.210    0.682E+00    0.386E+00    0.904E+00    0.436E-01    0.674E-01    0.207E-01    0.207E-01    0.000E+00    0.000E+00    0.000E+00    0.000E+00
     1.200     0.211    0.682E+00    0.385E+00    0.899E+00    0.433E-01    0.670E-01    0.206E-01    0.206E-01    0.000E+00    0.000E+00    0.000E+00    0.000E+00
     1.200     0.212    0.683E+00    0.385E+00    0.895E+00    0.431E-01    0.666E-01    0.205E-01    0.205E-01    0.000E+00    0.000E+00    0.000E+00    0.000E+00
     1.200     0.213    0.684E+00    0.384E+00    0.890E+00    0.429E-01    0.662E-01    0.204E-01    0.204E-01    0.000E+00    0.000E+00    0.000E+00    0.000E+00
     1.200     0.214    0.684E+00    0.384E+00    0.886E+00    0.427E-01    0.657E-01    0.202E-01    0.202E-01    0.000E+00    0.000E+00    0.000E+00    0.000E+00
     1.200     0.215    0.685E+00    0.383E+00    0.881E+00    0.425E-01    0.653E-01    0.201E-01    0.201E-01    0.000E+00    0.000E+00    0.000E+00    0.000E+00
     1.200     0.216    0.685E+00    0.383E+00    0.877E+00    0.423E-01    0.649E-01    0.200E-01    0.200E-01    0.000E+00    0.000E+00    0.000E+00    0.000E+00
     1.200     0.217    0.686E+00    0.382E+00    0.872E+00    0.421E-01    0.645E-01    0.199E-01    0.199E-01    0.000E+00    0.000E+00    0.000E+00    0.000E+00
     1.200     0.218    0.687E+00    0.382E+00    0.868E+00    0.419E-01    0.641E-01    0.198E-01    0.198E-01    0.000E+00    0.000E+00    0.000E+00    0.000E+00
     1.200     0.219    0.687E+00    0.381E+00    0.863E+00    0.417E-01    0.636E-01    0.197E-01    0.197E-01    0.000E+00    0.000E+00    0.000E+00    0.000E+00
     1.200     0.220    0.688E+00    0.381E+00    0.859E+00    0.415E-01    0.632E-01    0.196E-01    0.196E-01    0.000E+00    0.000E+00    0.000E+00    0.000E+00
     1.200     0.221    0.688E+00    0.380E+00    0.854E+00    0.413E-01    0.628E-01    0.195E-01    0.195E-01    0.000E+00    0.000E+00    0.000E+00    0.000E+00
     1.200     0.222    0.689E+00    0.380E+00    0.850E+00    0.411E-01    0.624E-01    0.193E-01    0.193E-01    0.000E+00    0.000E+00    0.000E+00    0.000E+00
     1.200     0.223    0.689E+00    0.379E+00    0.845E+00    0.409E-01    0.620E-01    0.192E-01    0.192E-01    0.000E+00    0.000E+00    0.000E+00    0.000E+00
     1.200     0.224    0.690E+00    0.378E+00    0.841E+00    0.407E-01    0.616E-01    0.191E-01    0.191E-01    0.000E+00    0.000E+00    0.000E+00    0.000E+00
     1.200     0.225    0.690E+00    0.378E+00    0.836E+00    0.405E-01    0.612E-01    0.190E-01    0.190E-01    0.000E+00    0.000E+00    0.000E+00    0.000E+00
     1.200     0.226    0.691E+00    0.377E+00    0.832E+00    0.403E-01    0.608E-01    0.189E-01    0.189E-01    0.000E+00    0.000E+00    0.000E+00    0.000E+00
     1.200     0.227    0.691E+00    0.377E+00    0.827E+00    0.401E-01    0.604E-01    0.188E-01    0.188E-01    0.000E+00    0.000E+00    0.000E+00    0.000E+00
     1.200     0.228    0.692E+00    0.376E+00    0.823E+00    0.399E-01    0.600E-01    0.187E-01    0.187E-01    0.000E+00    0.000E+00    0.000E+00    0.000E+00
     1.200     0.229    0.692E+00    0.376E+00    0.818E+00    0.397E-01    0.596E-01    0.186E-01    0.186E-01    0.000E+00    0.000E+00    0.000E+00    0.000E+00
     1.200     0.230    0.692E+00    0.375E+00    0.814E+00    0.395E-01    0.592E-01    0.185E-01    0.185E-01    0.000E+00    0.000E+00    0.000E+00    0.000E+00
     1.200     0.231    0.693E+00    0.374E+00    0.809E+00    0.393E-01    0.588E-01    0.184E-01    0.184E-01    0.000E+00    0.000E+00    0.000E+00    0.000E+00
     1.200     0.232    0.693E+00    0.374E+00    0.805E+00    0.392E-01    0.584E-01    0.183E-01    0.183E-01    0.000E+00    0.000E+00    0.000E+00    0.000E+00
     1.200     0.233    0.694E+00    0.373E+00    0.801E+00    0.390E-01    0.580E-01    0.182E-01    0.182E-01    0.000E+00    0.000E+00    0.000E+00    0.000E+00
     1.200     0.234    0.694E+00    0.373E+00    0.796E+00    0.388E-01    0.576E-01    0.181E-01    0.181E-01    0.000E+00    0.000E+00    0.000E+00    0.000E+00
     1.200     0.235    0.694E+00    0.372E+00    0.792E+00    0.386E-01    0.572E-01    0.180E-01    0.180E-01    0.000E+00    0.000E+00    0.000E+00    0.000E+00
     1.200     0.236    0.695E+00    0.372E+00    0.787E+00    0.384E-01    0.568E-01    0.179E-01    0.179E-01    0.000E+00    0.000E+00    0.000E+00    0.000E+00
     1.200     0.237    0.695E+00    0.371E+00    0.783E+00    0.383E-01    0.564E-01    0.178E-01    0.178E-01    0.000E+00    0.000E+00    0.000E+00    0.000E+00
     1.200     0.238    0.695E+00    0.370E+00    0.779E+00    0.381E-01    0.560E-01    0.177E-01    0.177E-01    0.000E+00    0.000E+00    0.000E+00    0.000E+00
     1.200     0.239    0.696E+00    0.370E+00    0.774E+00    0.379E-01    0.556E-01    0.176E-01    0.176E-01    0.000E+00    0.000E+00    0.000E+00    0.000E+00
     1.200     0.240    0.696E+00    0.369E+00    0.770E+00    0.377E-01    0.552E-01    0.175E-01    0.175E-01    0.000E+00    0.000E+00    0.000E+00    0.000E+00
     1.200     0.241    0.696E+00    0.368E+00    0.766E+00    0.376E-01    0.549E-01    0.174E-01    0.174E-01    0.000E+00    0.000E+00    0.000E+00    0.000E+00
     1.200     0.242    0.696E+00    0.368E+00    0.761E+00    0.374E-01    0.545E-01    0.173E-01    0.173E-01    0.000E+00    0.000E+00    0.000E+00    0.000E+00
     1.200     0.243    0.697E+00    0.367E+00    0.757E+00    0.372E-01    0.541E-01    0.172E-01    0.172E-01    0.000E+00    0.000E+00    0.000E+00    0.000E+00
     1.200     0.244    0.697E+00    0.367E+00    0.753E+00    0.370E-01    0.537E-01    0.171E-01    0.171E-01    0.000E+00    0.000E+00    0.000E+00    0.000E+00
     1.200     0.245    0.697E+00    0.366E+00    0.748E+00    0.369E-01    0.533E-01    0.170E-01    0.170E-01    0.000E+00    0.000E+00    0.000E+00    0.000E+00
     1.200     0.246    0.697E+00    0.365E+00    0.744E+00    0.367E-01    0.530E-01    0.169E-01    0.169E-01    0.000E+00    0.000E+00    0.000E+00    0.000E+00
     1.200     0.247    0.698E+00    0.365E+00    0.740E+00    0.365E-01    0.526E-01    0.168E-01    0.168E-01    0.000E+00    0.000E+00    0.000E+00    0.000E+00
     1.200     0.248    0.698E+00    0.364E+00    0.735E+00    0.364E-01    0.522E-01    0.167E-01    0.167E-01    0.000E+00    0.000E+00    0.000E+00    0.000E+00
     1.200     0.249    0.698E+00    0.363E+00    0.731E+00    0.362E-01    0.519E-01    0.166E-01    0.166E-01    0.000E+00    0.000E+00    0.000E+00    0.000E+00
     1.200     0.250    0.698E+00    0.363E+00    0.727E+00    0.360E-01    0.515E-01    0.165E-01    0.165E-01    0.000E+00    0.000E+00    0.000E+00    0.000E+00
     1.200     0.251    0.698E+00    0.362E+00    0.723E+00    0.359E-01    0.511E-01    0.164E-01    0.164E-01    0.000E+00    0.000E+00    0.000E+00    0.000E+00
     1.200     0.252    0.698E+00    0.361E+00    0.718E+00    0.357E-01    0.508E-01    0.163E-01    0.163E-01    0.000E+00    0.000E+00    0.000E+00    0.000E+00
     1.200     0.253    0.699E+00    0.361E+00    0.714E+00    0.355E-01    0.504E-01    0.162E-01    0.162E-01    0.000E+00    0.000E+00    0.000E+00    0.000E+00
     1.200     0.254    0.699E+00    0.360E+00    0.710E+00    0.354E-01    0.501E-01    0.161E-01    0.161E-01    0.000E+00    0.000E+00    0.000E+00    0.000E+00
     1.200     0.255    0.699E+00    0.359E+00    0.706E+00    0.352E-01    0.497E-01    0.160E-01    0.160E-01    0.000E+00    0.000E+00    0.000E+00    0.000E+00
     1.200     0.256    0.699E+00    0.359E+00    0.702E+00    0.351E-01    0.493E-01    0.159E-01    0.159E-01    0.000E+00    0.000E+00    0.000E+00    0.000E+00
     1.200     0.257    0.699E+00    0.358E+00    0.697E+00    0.349E-01    0.490E-01    0.158E-01    0.158E-01    0.000E+00    0.000E+00    0.000E+00    0.000E+00
     1.200     0.258    0.699E+00    0.357E+00    0.693E+00    0.347E-01    0.486E-01    0.157E-01    0.157E-01    0.000E+00    0.000E+00    0.000E+00    0.000E+00
     1.200     0.259    0.699E+00    0.357E+00    0.689E+00    0.346E-01    0.483E-01    0.156E-01    0.156E-01    0.000E+00    0.000E+00    0.000E+00    0.000E+00
     1.200     0.260    0.699E+00    0.356E+00    0.685E+00    0.344E-01    0.479E-01    0.155E-01    0.155E-01    0.000E+00    0.000E+00    0.000E+00    0.000E+00
     1.200     0.261    0.699E+00    0.355E+00    0.681E+00    0.343E-01    0.476E-01    0.155E-01    0.155E-01    0.000E+00    0.000E+00    0.000E+00    0.000E+00
     1.200     0.262    0.699E+00    0.355E+00    0.677E+00    0.341E-01    0.473E-01    0.154E-01    0.154E-01    0.000E+00    0.000E+00    0.000E+00    0.000E+00
     1.200     0.263    0.699E+00    0.354E+00    0.673E+00    0.340E-01    0.469E-01    0.153E-01    0.153E-01    0.000E+00    0.000E+00    0.000E+00    0.000E+00
     1.200     0.264    0.699E+00    0.353E+00    0.668E+00    0.338E-01    0.466E-01    0.152E-01    0.152E-01    0.000E+00    0.000E+00    0.000E+00    0.000E+00
     1.200     0.265    0.699E+00    0.353E+00    0.664E+00    0.336E-01    0.462E-01    0.151E-01    0.151E-01    0.000E+00    0.000E+00    0.000E+00    0.000E+00
     1.200     0.266    0.699E+00    0.352E+00    0.660E+00    0.335E-01    0.459E-01    0.150E-01    0.150E-01    0.000E+00    0.000E+00    0.000E+00    0.000E+00
     1.200     0.267    0.699E+00    0.351E+00    0.656E+00    0.333E-01    0.456E-01    0.149E-01    0.149E-01    0.000E+00    0.000E+00    0.000E+00    0.000E+00
     1.200     0.268    0.699E+00    0.350E+00    0.652E+00    0.332E-01    0.452E-01    0.148E-01    0.148E-01    0.000E+00    0.000E+00    0.000E+00    0.000E+00
     1.200     0.269    0.699E+00    0.350E+00    0.648E+00    0.330E-01    0.449E-01    0.147E-01    0.147E-01    0.000E+00    0.000E+00    0.000E+00    0.000E+00
     1.200     0.270    0.699E+00    0.349E+00    0.644E+00    0.329E-01    0.446E-01    0.147E-01    0.147E-01    0.000E+00    0.000E+00    0.000E+00    0.000E+00
     1.200     0.271    0.699E+00    0.348E+00    0.640E+00    0.327E-01    0.443E-01    0.146E-01    0.146E-01    0.000E+00    0.000E+00    0.000E+00    0.000E+00
     1.200     0.272    0.699E+00    0.348E+00    0.636E+00    0.326E-01    0.439E-01    0.145E-01    0.145E-01    0.000E+00    0.000E+00    0.000E+00    0.000E+00
     1.200     0.273    0.698E+00    0.347E+00    0.632E+00    0.324E-01    0.436E-01    0.144E-01    0.144E-01    0.000E+00    0.000E+00    0.000E+00    0.000E+00
     1.200     0.274    0.698E+00    0.346E+00    0.628E+00    0.323E-01    0.433E-01    0.143E-01    0.143E-01    0.000E+00    0.000E+00    0.000E+00    0.000E+00
     1.200     0.275    0.698E+00    0.345E+00    0.624E+00    0.321E-01    0.430E-01    0.142E-01    0.142E-01    0.000E+00    0.000E+00    0.000E+00    0.000E+00
     1.200     0.276    0.698E+00    0.345E+00    0.620E+00    0.320E-01    0.426E-01    0.141E-01    0.141E-01    0.000E+00    0.000E+00    0.000E+00    0.000E+00
     1.200     0.277    0.698E+00    0.344E+00    0.616E+00    0.318E-01    0.423E-01    0.141E-01    0.141E-01    0.000E+00    0.000E+00    0.000E+00    0.000E+00
     1.200     0.278    0.698E+00    0.343E+00    0.612E+00    0.317E-01    0.420E-01    0.140E-01    0.140E-01    0.000E+00    0.000E+00    0.000E+00    0.000E+00
     1.200     0.279    0.698E+00    0.342E+00    0.608E+00    0.315E-01    0.417E-01    0.139E-01    0.139E-01    0.000E+00    0.000E+00    0.000E+00    0.000E+00
     1.200     0.280    0.697E+00    0.342E+00    0.605E+00    0.314E-01    0.414E-01    0.138E-01    0.138E-01    0.000E+00    0.000E+00    0.000E+00    0.000E+00
     1.200     0.281    0.697E+00    0.341E+00    0.601E+00    0.312E-01    0.411E-01    0.137E-01    0.137E-01    0.000E+00    0.000E+00    0.000E+00    0.000E+00
     1.200     0.282    0.697E+00    0.340E+00    0.597E+00    0.311E-01    0.408E-01    0.136E-01    0.136E-01    0.000E+00    0.000E+00    0.000E+00    0.000E+00
     1.200     0.283    0.697E+00    0.339E+00    0.593E+00    0.309E-01    0.405E-01    0.136E-01    0.136E-01    0.000E+00    0.000E+00    0.000E+00    0.000E+00
     1.200     0.284    0.696E+00    0.339E+00    0.589E+00    0.308E-01    0.402E-01    0.135E-01    0.135E-01    0.000E+00    0.000E+00    0.000E+00    0.000E+00
     1.200     0.285    0.696E+00    0.338E+00    0.585E+00    0.307E-01    0.399E-01    0.134E-01    0.134E-01    0.000E+00    0.000E+00    0.000E+00    0.000E+00
     1.200     0.286    0.696E+00    0.337E+00    0.582E+00    0.305E-01    0.396E-01    0.133E-01    0.133E-01    0.000E+00    0.000E+00    0.000E+00    0.000E+00
     1.200     0.287    0.696E+00    0.336E+00    0.578E+00    0.304E-01    0.393E-01    0.132E-01    0.132E-01    0.000E+00    0.000E+00    0.000E+00    0.000E+00
     1.200     0.288    0.695E+00    0.336E+00    0.574E+00    0.302E-01    0.390E-01    0.131E-01    0.131E-01    0.000E+00    0.000E+00    0.000E+00    0.000E+00
     1.200     0.289    0.695E+00    0.335E+00    0.570E+00    0.301E-01    0.387E-01    0.131E-01    0.131E-01    0.000E+00    0.000E+00    0.000E+00    0.000E+00
     1.200     0.290    0.695E+00    0.334E+00    0.566E+00    0.299E-01    0.384E-01    0.130E-01    0.130E-01    0.000E+00    0.000E+00    0.000E+00    0.000E+00
     1.200     0.291    0.694E+00    0.333E+00    0.563E+00    0.298E-01    0.381E-01    0.129E-01    0.129E-01    0.000E+00    0.000E+00    0.000E+00    0.000E+00
     1.200     0.292    0.694E+00    0.333E+00    0.559E+00    0.296E-01    0.378E-01    0.128E-01    0.128E-01    0.000E+00    0.000E+00    0.000E+00    0.000E+00
     1.200     0.293    0.694E+00    0.332E+00    0.555E+00    0.295E-01    0.376E-01    0.127E-01    0.127E-01    0.000E+00    0.000E+00    0.000E+00    0.000E+00
     1.200     0.294    0.693E+00    0.331E+00    0.552E+00    0.294E-01    0.373E-01    0.127E-01    0.127E-01    0.000E+00    0.000E+00    0.000E+00    0.000E+00
     1.200     0.295    0.693E+00    0.330E+00    0.548E+00    0.292E-01    0.370E-01    0.126E-01    0.126E-01    0.000E+00    0.000E+00    0.000E+00    0.000E+00
     1.200     0.296    0.693E+00    0.329E+00    0.544E+00    0.291E-01    0.367E-01    0.125E-01    0.125E-01    0.000E+00    0.000E+00    0.000E+00    0.000E+00
     1.200     0.297    0.692E+00    0.329E+00    0.540E+00    0.289E-01    0.364E-01    0.124E-01    0.124E-01    0.000E+00    0.000E+00    0.000E+00    0.000E+00
     1.200     0.298    0.692E+00    0.328E+00    0.537E+00    0.288E-01    0.362E-01    0.124E-01    0.124E-01    0.000E+00    0.000E+00    0.000E+00    0.000E+00
     1.200     0.299    0.691E+00    0.327E+00    0.533E+00    0.286E-01    0.359E-01    0.123E-01    0.123E-01    0.000E+00    0.000E+00    0.000E+00    0.000E+00
     1.200     0.300    0.691E+00    0.326E+00    0.530E+00    0.285E-01    0.356E-01    0.122E-01    0.122E-01    0.000E+00    0.000E+00    0.000E+00    0.000E+00
     1.200     0.301    0.690E+00    0.325E+00    0.526E+00    0.284E-01    0.354E-01    0.121E-01    0.121E-01    0.000E+00    0.000E+00    0.000E+00    0.000E+00
     1.200     0.302    0.690E+00    0.325E+00    0.522E+00    0.282E-01    0.351E-01    0.121E-01    0.121E-01    0.000E+00    0.000E+00    0.000E+00    0.000E+00
     1.200     0.303    0.690E+00    0.324E+00    0.519E+00    0.281E-01    0.348E-01    0.120E-01    0.120E-01    0.000E+00    0.000E+00    0.000E+00    0.000E+00
     1.200     0.304    0.689E+00    0.323E+00    0.515E+00    0.279E-01    0.346E-01    0.119E-01    0.119E-01    0.000E+00    0.000E+00    0.000E+00    0.000E+00
     1.200     0.305    0.689E+00    0.322E+00    0.512E+00    0.278E-01    0.343E-01    0.118E-01    0.118E-01    0.000E+00    0.000E+00    0.000E+00    0.000E+00
     1.200     0.306    0.688E+00    0.321E+00    0.508E+00    0.277E-01    0.340E-01    0.118E-01    0.118E-01    0.000E+00    0.000E+00    0.000E+00    0.000E+00
     1.200     0.307    0.688E+00    0.321E+00    0.505E+00    0.275E-01    0.338E-01    0.117E-01    0.117E-01    0.000E+00    0.000E+00    0.000E+00    0.000E+00
     1.200     0.308    0.687E+00    0.320E+00    0.501E+00    0.274E-01    0.335E-01    0.116E-01    0.116E-01    0.000E+00    0.000E+00    0.000E+00    0.000E+00
     1.200     0.309    0.687E+00    0.319E+00    0.498E+00    0.272E-01    0.333E-01    0.115E-01    0.115E-01    0.000E+00    0.000E+00    0.000E+00    0.000E+00
     1.200     0.310    0.686E+00    0.318E+00    0.494E+00    0.271E-01    0.330E-01    0.115E-01    0.115E-01    0.000E+00    0.000E+00    0.000E+00    0.000E+00
     1.200     0.311    0.685E+00    0.317E+00    0.491E+00    0.270E-01    0.328E-01    0.114E-01    0.114E-01    0.000E+00    0.000E+00    0.000E+00    0.000E+00
     1.200     0.312    0.685E+00    0.316E+00    0.487E+00    0.268E-01    0.325E-01    0.113E-01    0.113E-01    0.000E+00    0.000E+00    0.000E+00    0.000E+00
     1.200     0.313    0.684E+00    0.316E+00    0.484E+00    0.267E-01    0.323E-01    0.113E-01    0.113E-01    0.000E+00    0.000E+00    0.000E+00    0.000E+00
     1.200     0.314    0.684E+00    0.315E+00    0.480E+00    0.265E-01    0.320E-01    0.112E-01    0.112E-01    0.000E+00    0.000E+00    0.000E+00    0.000E+00
     1.200     0.315    0.683E+00    0.314E+00    0.477E+00    0.264E-01    0.318E-01    0.111E-01    0.111E-01    0.000E+00    0.000E+00    0.000E+00    0.000E+00
     1.200     0.316    0.683E+00    0.313E+00    0.474E+00    0.263E-01    0.315E-01    0.110E-01    0.110E-01    0.000E+00    0.000E+00    0.000E+00    0.000E+00
     1.200     0.317    0.682E+00    0.312E+00    0.470E+00    0.261E-01    0.313E-01    0.110E-01    0.110E-01    0.000E+00    0.000E+00    0.000E+00    0.000E+00
     1.200     0.318    0.681E+00    0.311E+00    0.467E+00    0.260E-01    0.311E-01    0.109E-01    0.109E-01    0.000E+00    0.000E+00    0.000E+00    0.000E+00
     1.200     0.319    0.681E+00    0.310E+00    0.464E+00    0.259E-01    0.308E-01    0.108E-01    0.108E-01    0.000E+00    0.000E+00    0.000E+00    0.000E+00
     1.200     0.320    0.680E+00    0.310E+00    0.460E+00    0.257E-01    0.306E-01    0.108E-01    0.108E-01    0.000E+00    0.000E+00    0.000E+00    0.000E+00
     1.200     0.321    0.679E+00    0.309E+00    0.457E+00    0.256E-01    0.303E-01    0.107E-01    0.107E-01    0.000E+00    0.000E+00    0.000E+00    0.000E+00
     1.200     0.322    0.679E+00    0.308E+00    0.454E+00    0.254E-01    0.301E-01    0.106E-01    0.106E-01    0.000E+00    0.000E+00    0.000E+00    0.000E+00
     1.200     0.323    0.678E+00    0.307E+00    0.450E+00    0.253E-01    0.299E-01    0.106E-01    0.106E-01    0.000E+00    0.000E+00    0.000E+00    0.000E+00
     1.200     0.324    0.677E+00    0.306E+00    0.447E+00    0.252E-01    0.297E-01    0.105E-01    0.105E-01    0.000E+00    0.000E+00    0.000E+00    0.000E+00
     1.200     0.325    0.677E+00    0.305E+00    0.444E+00    0.250E-01    0.294E-01    0.104E-01    0.104E-01    0.000E+00    0.000E+00    0.000E+00    0.000E+00
     1.200     0.326    0.676E+00    0.304E+00    0.441E+00    0.249E-01    0.292E-01    0.104E-01    0.104E-01    0.000E+00    0.000E+00    0.000E+00    0.000E+00
     1.200     0.327    0.675E+00    0.304E+00    0.437E+00    0.248E-01    0.290E-01    0.103E-01    0.103E-01    0.000E+00    0.000E+00    0.000E+00    0.000E+00
     1.200     0.328    0.675E+00    0.303E+00    0.434E+00    0.246E-01    0.288E-01    0.102E-01    0.102E-01    0.000E+00    0.000E+00    0.000E+00    0.000E+00
     1.200     0.329    0.674E+00    0.302E+00    0.431E+00    0.245E-01    0.285E-01    0.102E-01    0.102E-01    0.000E+00    0.000E+00    0.000E+00    0.000E+00
     1.200     0.330    0.673E+00    0.301E+00    0.428E+00    0.244E-01    0.283E-01    0.101E-01    0.101E-01    0.000E+00    0.000E+00    0.000E+00    0.000E+00
     1.200     0.331    0.672E+00    0.300E+00    0.425E+00    0.242E-01    0.281E-01    0.100E-01    0.100E-01    0.000E+00    0.000E+00    0.000E+00    0.000E+00
     1.200     0.332    0.672E+00    0.299E+00    0.422E+00    0.241E-01    0.279E-01    0.996E-02    0.996E-02    0.000E+00    0.000E+00    0.000E+00    0.000E+00
     1.200     0.333    0.671E+00    0.298E+00    0.418E+00    0.240E-01    0.277E-01    0.989E-02    0.989E-02    0.000E+00    0.000E+00    0.000E+00    0.000E+00
     1.200     0.334    0.670E+00    0.297E+00    0.415E+00    0.238E-01    0.275E-01    0.983E-02    0.983E-02    0.000E+00    0.000E+00    0.000E+00    0.000E+00
     1.200     0.335    0.669E+00    0.297E+00    0.412E+00    0.237E-01    0.272E-01    0.977E-02    0.977E-02    0.000E+00    0.000E+00    0.000E+00    0.000E+00
     1.200     0.336    0.668E+00    0.296E+00    0.409E+00    0.236E-01    0.270E-01    0.970E-02    0.970E-02    0.000E+00    0.000E+00    0.000E+00    0.000E+00
     1.200     0.337    0.668E+00    0.295E+00    0.406E+00    0.234E-01    0.268E-01    0.964E-02    0.964E-02    0.000E+00    0.000E+00    0.000E+00    0.000E+00
     1.200     0.338    0.667E+00    0.294E+00    0.403E+00    0.233E-01    0.266E-01    0.957E-02    0.957E-02    0.000E+00    0.000E+00    0.000E+00    0.000E+00
     1.200     0.339    0.666E+00    0.293E+00    0.400E+00    0.232E-01    0.264E-01    0.951E-02    0.951E-02    0.000E+00    0.000E+00    0.000E+00    0.000E+00
     1.200     0.340    0.665E+00    0.292E+00    0.397E+00    0.230E-01    0.262E-01    0.945E-02    0.945E-02    0.000E+00    0.000E+00    0.000E+00    0.000E+00
     1.200     0.341    0.664E+00    0.291E+00    0.394E+00    0.229E-01    0.260E-01    0.939E-02    0.939E-02    0.000E+00    0.000E+00    0.000E+00    0.000E+00
     1.200     0.342    0.663E+00    0.290E+00    0.391E+00    0.228E-01    0.258E-01    0.932E-02    0.932E-02    0.000E+00    0.000E+00    0.000E+00    0.000E+00
     1.200     0.343    0.663E+00    0.289E+00    0.388E+00    0.226E-01    0.256E-01    0.926E-02    0.926E-02    0.000E+00    0.000E+00    0.000E+00    0.000E+00
     1.200     0.344    0.662E+00    0.289E+00    0.385E+00    0.225E-01    0.254E-01    0.920E-02    0.920E-02    0.000E+00    0.000E+00    0.000E+00    0.000E+00
     1.200     0.345    0.661E+00    0.288E+00    0.382E+00    0.224E-01    0.252E-01    0.914E-02    0.914E-02    0.000E+00    0.000E+00    0.000E+00    0.000E+00
     1.200     0.346    0.660E+00    0.287E+00    0.379E+00    0.222E-01    0.250E-01    0.908E-02    0.908E-02    0.000E+00    0.000E+00    0.000E+00    0.000E+00
     1.200     0.347    0.659E+00    0.286E+00    0.376E+00    0.221E-01    0.248E-01    0.902E-02    0.902E-02    0.000E+00    0.000E+00    0.000E+00    0.000E+00
     1.200     0.348    0.658E+00    0.285E+00    0.373E+00    0.220E-01    0.246E-01    0.896E-02    0.896E-02    0.000E+00    0.000E+00    0.000E+00    0.000E+00
     1.200     0.349    0.657E+00    0.284E+00    0.370E+00    0.219E-01    0.244E-01    0.890E-02    0.890E-02    0.000E+00    0.000E+00    0.000E+00    0.000E+00
     1.200     0.350    0.656E+00    0.283E+00    0.367E+00    0.217E-01    0.243E-01    0.884E-02    0.884E-02    0.000E+00    0.000E+00    0.000E+00    0.000E+00
     1.200     0.351    0.655E+00    0.282E+00    0.365E+00    0.216E-01    0.241E-01    0.878E-02    0.878E-02    0.000E+00    0.000E+00    0.000E+00    0.000E+00
     1.200     0.352    0.654E+00    0.281E+00    0.362E+00    0.215E-01    0.239E-01    0.872E-02    0.872E-02    0.000E+00    0.000E+00    0.000E+00    0.000E+00
     1.200     0.353    0.653E+00    0.280E+00    0.359E+00    0.213E-01    0.237E-01    0.866E-02    0.866E-02    0.000E+00    0.000E+00    0.000E+00    0.000E+00
     1.200     0.354    0.653E+00    0.279E+00    0.356E+00    0.212E-01    0.235E-01    0.860E-02    0.860E-02    0.000E+00    0.000E+00    0.000E+00    0.000E+00
     1.200     0.355    0.652E+00    0.279E+00    0.353E+00    0.211E-01    0.233E-01    0.855E-02    0.855E-02    0.000E+00    0.000E+00    0.000E+00    0.000E+00
     1.200     0.356    0.651E+00    0.278E+00    0.351E+00    0.210E-01    0.232E-01    0.849E-02    0.849E-02    0.000E+00    0.000E+00    0.000E+00    0.000E+00
     1.200     0.357    0.650E+00    0.277E+00    0.348E+00    0.208E-01    0.230E-01    0.843E-02    0.843E-02    0.000E+00    0.000E+00    0.000E+00    0.000E+00
     1.200     0.358    0.649E+00    0.276E+00    0.345E+00    0.207E-01    0.228E-01    0.837E-02    0.837E-02    0.000E+00    0.000E+00    0.000E+00    0.000E+00
     1.200     0.359    0.648E+00    0.275E+00    0.342E+00    0.206E-01    0.226E-01    0.832E-02    0.832E-02    0.000E+00    0.000E+00    0.000E+00    0.000E+00
     1.200     0.360    0.647E+00    0.274E+00    0.340E+00    0.204E-01    0.224E-01    0.826E-02    0.826E-02    0.000E+00    0.000E+00    0.000E+00    0.000E+00
     1.200     0.361    0.646E+00    0.273E+00    0.337E+00    0.203E-01    0.223E-01    0.820E-02    0.820E-02    0.000E+00    0.000E+00    0.000E+00    0.000E+00
     1.200     0.362    0.645E+00    0.272E+00    0.334E+00    0.202E-01    0.221E-01    0.815E-02    0.815E-02    0.000E+00    0.000E+00    0.000E+00    0.000E+00
     1.200     0.363    0.644E+00    0.271E+00    0.331E+00    0.201E-01    0.219E-01    0.809E-02    0.809E-02    0.000E+00    0.000E+00    0.000E+00    0.000E+00
     1.200     0.364    0.643E+00    0.270E+00    0.329E+00    0.199E-01    0.218E-01    0.804E-02    0.804E-02    0.000E+00    0.000E+00    0.000E+00    0.000E+00
     1.200     0.365    0.641E+00    0.269E+00    0.326E+00    0.198E-01    0.216E-01    0.798E-02    0.798E-02    0.000E+00    0.000E+00    0.000E+00    0.000E+00
     1.200     0.366    0.640E+00    0.268E+00    0.323E+00    0.197E-01    0.214E-01    0.793E-02    0.793E-02    0.000E+00    0.000E+00    0.000E+00    0.000E+00
     1.200     0.367    0.639E+00    0.267E+00    0.321E+00    0.196E-01    0.213E-01    0.787E-02    0.787E-02    0.000E+00    0.000E+00    0.000E+00    0.000E+00
     1.200     0.368    0.638E+00    0.266E+00    0.318E+00    0.194E-01    0.211E-01    0.782E-02    0.782E-02    0.000E+00    0.000E+00    0.000E+00    0.000E+00
     1.200     0.369    0.637E+00    0.266E+00    0.316E+00    0.193E-01    0.209E-01    0.776E-02    0.776E-02    0.000E+00    0.000E+00    0.000E+00    0.000E+00
     1.200     0.370    0.636E+00    0.265E+00    0.313E+00    0.192E-01    0.208E-01    0.771E-02    0.771E-02    0.000E+00    0.000E+00    0.000E+00    0.000E+00
     1.200     0.371    0.635E+00    0.264E+00    0.311E+00    0.191E-01    0.206E-01    0.766E-02    0.766E-02    0.000E+00    0.000E+00    0.000E+00    0.000E+00
     1.200     0.372    0.634E+00    0.263E+00    0.308E+00    0.190E-01    0.204E-01    0.760E-02    0.760E-02    0.000E+00    0.000E+00    0.000E+00    0.000E+00
     1.200     0.373    0.633E+00    0.262E+00    0.305E+00    0.188E-01    0.203E-01    0.755E-02    0.755E-02    0.000E+00    0.000E+00    0.000E+00    0.000E+00
     1.200     0.374    0.632E+00    0.261E+00    0.303E+00    0.187E-01    0.201E-01    0.750E-02    0.750E-02    0.000E+00    0.000E+00    0.000E+00    0.000E+00
     1.200     0.375    0.631E+00    0.260E+00    0.300E+00    0.186E-01    0.200E-01    0.744E-02    0.744E-02    0.000E+00    0.000E+00    0.000E+00    0.000E+00
     1.200     0.376    0.629E+00    0.259E+00    0.298E+00    0.185E-01    0.198E-01    0.739E-02    0.739E-02    0.000E+00    0.000E+00    0.000E+00    0.000E+00
     1.200     0.377    0.628E+00    0.258E+00    0.295E+00    0.183E-01    0.197E-01    0.734E-02    0.734E-02    0.000E+00    0.000E+00    0.000E+00    0.000E+00
     1.200     0.378    0.627E+00    0.257E+00    0.293E+00    0.182E-01    0.195E-01    0.729E-02    0.729E-02    0.000E+00    0.000E+00    0.000E+00    0.000E+00
     1.200     0.379    0.626E+00    0.256E+00    0.291E+00    0.181E-01    0.193E-01    0.724E-02    0.724E-02    0.000E+00    0.000E+00    0.000E+00    0.000E+00
     1.200     0.380    0.625E+00    0.255E+00    0.288E+00    0.180E-01    0.192E-01    0.718E-02    0.718E-02    0.000E+00    0.000E+00    0.000E+00    0.000E+00
     1.200     0.381    0.624E+00    0.254E+00    0.286E+00    0.179E-01    0.190E-01    0.713E-02    0.713E-02    0.000E+00    0.000E+00    0.000E+00    0.000E+00
     1.200     0.382    0.622E+00    0.253E+00    0.283E+00    0.177E-01    0.189E-01    0.708E-02    0.708E-02    0.000E+00    0.000E+00    0.000E+00    0.000E+00
     1.200     0.383    0.621E+00    0.252E+00    0.281E+00    0.176E-01    0.187E-01    0.703E-02    0.703E-02    0.000E+00    0.000E+00    0.000E+00    0.000E+00
     1.200     0.384    0.620E+00    0.251E+00    0.278E+00    0.175E-01    0.186E-01    0.698E-02    0.698E-02    0.000E+00    0.000E+00    0.000E+00    0.000E+00
     1.200     0.385    0.619E+00    0.250E+00    0.276E+00    0.174E-01    0.185E-01    0.693E-02    0.693E-02    0.000E+00    0.000E+00    0.000E+00    0.000E+00
     1.200     0.386    0.618E+00    0.249E+00    0.274E+00    0.173E-01    0.183E-01    0.688E-02    0.688E-02    0.000E+00    0.000E+00    0.000E+00    0.000E+00
     1.200     0.387    0.617E+00    0.248E+00    0.271E+00    0.172E-01    0.182E-01    0.683E-02    0.683E-02    0.000E+00    0.000E+00    0.000E+00    0.000E+00
     1.200     0.388    0.615E+00    0.247E+00    0.269E+00    0.170E-01    0.180E-01    0.679E-02    0.679E-02    0.000E+00    0.000E+00    0.000E+00    0.000E+00
     1.200     0.389    0.614E+00    0.246E+00    0.267E+00    0.169E-01    0.179E-01    0.674E-02    0.674E-02    0.000E+00    0.000E+00    0.000E+00    0.000E+00
     1.200     0.390    0.613E+00    0.246E+00    0.265E+00    0.168E-01    0.177E-01    0.669E-02    0.669E-02    0.000E+00    0.000E+00    0.000E+00    0.000E+00
     1.200     0.391    0.612E+00    0.245E+00    0.262E+00    0.167E-01    0.176E-01    0.664E-02    0.664E-02    0.000E+00    0.000E+00    0.000E+00    0.000E+00
     1.200     0.392    0.610E+00    0.244E+00    0.260E+00    0.166E-01    0.175E-01    0.659E-02    0.659E-02    0.000E+00    0.000E+00    0.000E+00    0.000E+00
     1.200     0.393    0.609E+00    0.243E+00    0.258E+00    0.165E-01    0.173E-01    0.654E-02    0.654E-02    0.000E+00    0.000E+00    0.000E+00    0.000E+00
     1.200     0.394    0.608E+00    0.242E+00    0.255E+00    0.164E-01    0.172E-01    0.650E-02    0.650E-02    0.000E+00    0.000E+00    0.000E+00    0.000E+00
     1.200     0.395    0.607E+00    0.241E+00    0.253E+00    0.162E-01    0.170E-01    0.645E-02    0.645E-02    0.000E+00    0.000E+00    0.000E+00    0.000E+00
     1.200     0.396    0.605E+00    0.240E+00    0.251E+00    0.161E-01    0.169E-01    0.640E-02    0.640E-02    0.000E+00    0.000E+00    0.000E+00    0.000E+00
     1.200     0.397    0.604E+00    0.239E+00    0.249E+00    0.160E-01    0.168E-01    0.636E-02    0.636E-02    0.000E+00    0.000E+00    0.000E+00    0.000E+00
     1.200     0.398    0.603E+00    0.238E+00    0.247E+00    0.159E-01    0.166E-01    0.631E-02    0.631E-02    0.000E+00    0.000E+00    0.000E+00    0.000E+00
     1.200     0.399    0.602E+00    0.237E+00    0.245E+00    0.158E-01    0.165E-01    0.626E-02    0.626E-02    0.000E+00    0.000E+00    0.000E+00    0.000E+00
     1.200     0.400    0.600E+00    0.236E+00    0.242E+00    0.157E-01    0.164E-01    0.622E-02    0.622E-02    0.000E+00    0.000E+00    0.000E+00    0.000E+00
     1.200     0.401    0.599E+00    0.235E+00    0.240E+00    0.156E-01    0.163E-01    0.617E-02    0.617E-02    0.000E+00    0.000E+00    0.000E+00    0.000E+00
     1.200     0.402    0.598E+00    0.234E+00    0.238E+00    0.155E-01    0.161E-01    0.613E-02    0.613E-02    0.000E+00    0.000E+00    0.000E+00    0.000E+00
     1.200     0.403    0.596E+00    0.233E+00    0.236E+00    0.154E-01    0.160E-01    0.608E-02    0.608E-02    0.000E+00    0.000E+00    0.000E+00    0.000E+00
     1.200     0.404    0.595E+00    0.232E+00    0.234E+00    0.152E-01    0.159E-01    0.604E-02    0.604E-02    0.000E+00    0.000E+00    0.000E+00    0.000E+00
     1.200     0.405    0.594E+00    0.231E+00    0.232E+00    0.151E-01    0.157E-01    0.599E-02    0.599E-02    0.000E+00    0.000E+00    0.000E+00    0.000E+00
     1.200     0.406    0.592E+00    0.230E+00    0.230E+00    0.150E-01    0.156E-01    0.595E-02    0.595E-02    0.000E+00    0.000E+00    0.000E+00    0.000E+00
     1.200     0.407    0.591E+00    0.229E+00    0.228E+00    0.149E-01    0.155E-01    0.590E-02    0.590E-02    0.000E+00    0.000E+00    0.000E+00    0.000E+00
     1.200     0.408    0.590E+00    0.228E+00    0.226E+00    0.148E-01    0.154E-01    0.586E-02    0.586E-02    0.000E+00    0.000E+00    0.000E+00    0.000E+00
     1.200     0.409    0.588E+00    0.227E+00    0.224E+00    0.147E-01    0.152E-01    0.581E-02    0.581E-02    0.000E+00    0.000E+00    0.000E+00    0.000E+00
     1.200     0.410    0.587E+00    0.226E+00    0.222E+00    0.146E-01    0.151E-01    0.577E-02    0.577E-02    0.000E+00    0.000E+00    0.000E+00    0.000E+00
     1.200     0.411    0.586E+00    0.225E+00    0.220E+00    0.145E-01    0.150E-01    0.573E-02    0.573E-02    0.000E+00    0.000E+00    0.000E+00    0.000E+00
     1.200     0.412    0.584E+00    0.224E+00    0.218E+00    0.144E-01    0.149E-01    0.568E-02    0.568E-02    0.000E+00    0.000E+00    0.000E+00    0.000E+00
     1.200     0.413    0.583E+00    0.223E+00    0.216E+00    0.143E-01    0.148E-01    0.564E-02    0.564E-02    0.000E+00    0.000E+00    0.000E+00    0.000E+00
     1.200     0.414    0.582E+00    0.222E+00    0.214E+00    0.142E-01    0.146E-01    0.560E-02    0.560E-02    0.000E+00    0.000E+00    0.000E+00    0.000E+00
     1.200     0.415    0.580E+00    0.221E+00    0.212E+00    0.141E-01    0.145E-01    0.556E-02    0.556E-02    0.000E+00    0.000E+00    0.000E+00    0.000E+00
     1.200     0.416    0.579E+00    0.220E+00    0.210E+00    0.140E-01    0.144E-01    0.551E-02    0.551E-02    0.000E+00    0.000E+00    0.000E+00    0.000E+00
     1.200     0.417    0.577E+00    0.219E+00    0.208E+00    0.139E-01    0.143E-01    0.547E-02    0.547E-02    0.000E+00    0.000E+00    0.000E+00    0.000E+00
     1.200     0.418    0.576E+00    0.218E+00    0.206E+00    0.138E-01    0.142E-01    0.543E-02    0.543E-02    0.000E+00    0.000E+00    0.000E+00    0.000E+00
     1.200     0.419    0.575E+00    0.217E+00    0.204E+00    0.137E-01    0.141E-01    0.539E-02    0.539E-02    0.000E+00    0.000E+00    0.000E+00    0.000E+00
     1.200     0.420    0.573E+00    0.216E+00    0.202E+00    0.136E-01    0.139E-01    0.535E-02    0.535E-02    0.000E+00    0.000E+00    0.000E+00    0.000E+00
     1.200     0.421    0.572E+00    0.215E+00    0.200E+00    0.135E-01    0.138E-01    0.531E-02    0.531E-02    0.000E+00    0.000E+00    0.000E+00    0.000E+00
     1.200     0.422    0.570E+00    0.214E+00    0.198E+00    0.134E-01    0.137E-01    0.527E-02    0.527E-02    0.000E+00    0.000E+00    0.000E+00    0.000E+00
     1.200     0.423    0.569E+00    0.213E+00    0.196E+00    0.133E-01    0.136E-01    0.523E-02    0.523E-02    0.000E+00    0.000E+00    0.000E+00    0.000E+00
     1.200     0.424    0.568E+00    0.212E+00    0.195E+00    0.132E-01    0.135E-01    0.519E-02    0.519E-02    0.000E+00    0.000E+00    0.000E+00    0.000E+00
     1.200     0.425    0.566E+00    0.212E+00    0.193E+00    0.131E-01    0.134E-01    0.515E-02    0.515E-02    0.000E+00    0.000E+00    0.000E+00    0.000E+00
     1.200     0.426    0.565E+00    0.211E+00    0.191E+00    0.130E-01    0.133E-01    0.511E-02    0.511E-02    0.000E+00    0.000E+00    0.000E+00    0.000E+00
     1.200     0.427    0.563E+00    0.210E+00    0.189E+00    0.129E-01    0.132E-01    0.507E-02    0.507E-02    0.000E+00    0.000E+00    0.000E+00    0.000E+00
     1.200     0.428    0.562E+00    0.209E+00    0.187E+00    0.128E-01    0.131E-01    0.503E-02    0.503E-02    0.000E+00    0.000E+00    0.000E+00    0.000E+00
     1.200     0.429    0.560E+00    0.208E+00    0.186E+00    0.127E-01    0.130E-01    0.499E-02    0.499E-02    0.000E+00    0.000E+00    0.000E+00    0.000E+00
     1.200     0.430    0.559E+00    0.207E+00    0.184E+00    0.126E-01    0.128E-01    0.495E-02    0.495E-02    0.000E+00    0.000E+00    0.000E+00    0.000E+00
     1.200     0.431    0.557E+00    0.206E+00    0.182E+00    0.125E-01    0.127E-01    0.491E-02    0.491E-02    0.000E+00    0.000E+00    0.000E+00    0.000E+00
     1.200     0.432    0.556E+00    0.205E+00    0.180E+00    0.124E-01    0.126E-01    0.487E-02    0.487E-02    0.000E+00    0.000E+00    0.000E+00    0.000E+00
     1.200     0.433    0.555E+00    0.204E+00    0.179E+00    0.123E-01    0.125E-01    0.483E-02    0.483E-02    0.000E+00    0.000E+00    0.000E+00    0.000E+00
     1.200     0.434    0.553E+00    0.203E+00    0.177E+00    0.122E-01    0.124E-01    0.479E-02    0.479E-02    0.000E+00    0.000E+00    0.000E+00    0.000E+00
     1.200     0.435    0.552E+00    0.202E+00    0.175E+00    0.121E-01    0.123E-01    0.476E-02    0.476E-02    0.000E+00    0.000E+00    0.000E+00    0.000E+00
     1.200     0.436    0.550E+00    0.201E+00    0.174E+00    0.120E-01    0.122E-01    0.472E-02    0.472E-02    0.000E+00    0.000E+00    0.000E+00    0.000E+00
     1.200     0.437    0.549E+00    0.200E+00    0.172E+00    0.119E-01    0.121E-01    0.468E-02    0.468E-02    0.000E+00    0.000E+00    0.000E+00    0.000E+00
     1.200     0.438    0.547E+00    0.199E+00    0.170E+00    0.118E-01    0.120E-01    0.464E-02    0.464E-02    0.000E+00    0.000E+00    0.000E+00    0.000E+00
     1.200     0.439    0.546E+00    0.198E+00    0.169E+00    0.117E-01    0.119E-01    0.461E-02    0.461E-02    0.000E+00    0.000E+00    0.000E+00    0.000E+00
     1.200     0.440    0.544E+00    0.197E+00    0.167E+00    0.116E-01    0.118E-01    0.457E-02    0.457E-02    0.000E+00    0.000E+00    0.000E+00    0.000E+00
     1.200     0.441    0.543E+00    0.196E+00    0.165E+00    0.115E-01    0.117E-01    0.453E-02    0.453E-02    0.000E+00    0.000E+00    0.000E+00    0.000E+00
     1.200     0.442    0.541E+00    0.195E+00    0.164E+00    0.114E-01    0.116E-01    0.450E-02    0.450E-02    0.000E+00    0.000E+00    0.000E+00    0.000E+00
     1.200     0.443    0.540E+00    0.194E+00    0.162E+00    0.113E-01    0.115E-01    0.446E-02    0.446E-02    0.000E+00    0.000E+00    0.000E+00    0.000E+00
     1.200     0.444    0.538E+00    0.193E+00    0.161E+00    0.113E-01    0.114E-01    0.443E-02    0.443E-02    0.000E+00    0.000E+00    0.000E+00    0.000E+00
     1.200     0.445    0.537E+00    0.192E+00    0.159E+00    0.112E-01    0.113E-01    0.439E-02    0.439E-02    0.000E+00    0.000E+00    0.000E+00    0.000E+00
     1.200     0.446    0.535E+00    0.191E+00    0.157E+00    0.111E-01    0.112E-01    0.435E-02    0.435E-02    0.000E+00    0.000E+00    0.000E+00    0.000E+00
     1.200     0.447    0.534E+00    0.190E+00    0.156E+00    0.110E-01    0.111E-01    0.432E-02    0.432E-02    0.000E+00    0.000E+00    0.000E+00    0.000E+00
     1.200     0.448    0.532E+00    0.189E+00    0.154E+00    0.109E-01    0.111E-01    0.428E-02    0.428E-02    0.000E+00    0.000E+00    0.000E+00    0.000E+00
     1.200     0.449    0.531E+00    0.188E+00    0.153E+00    0.108E-01    0.110E-01    0.425E-02    0.425E-02    0.000E+00    0.000E+00    0.000E+00    0.000E+00
     1.200     0.450    0.529E+00    0.187E+00    0.151E+00    0.107E-01    0.109E-01    0.421E-02    0.421E-02    0.000E+00    0.000E+00    0.000E+00    0.000E+00
     1.200     0.451    0.527E+00    0.186E+00    0.150E+00    0.106E-01    0.108E-01    0.418E-02    0.418E-02    0.000E+00    0.000E+00    0.000E+00    0.000E+00
     1.200     0.452    0.526E+00    0.185E+00    0.148E+00    0.105E-01    0.107E-01    0.415E-02    0.415E-02    0.000E+00    0.000E+00    0.000E+00    0.000E+00
     1.200     0.453    0.524E+00    0.184E+00    0.147E+00    0.105E-01    0.106E-01    0.411E-02    0.411E-02    0.000E+00    0.000E+00    0.000E+00    0.000E+00
     1.200     0.454    0.523E+00    0.183E+00    0.145E+00    0.104E-01    0.105E-01    0.408E-02    0.408E-02    0.000E+00    0.000E+00    0.000E+00    0.000E+00
     1.200     0.455    0.521E+00    0.183E+00    0.144E+00    0.103E-01    0.104E-01    0.404E-02    0.404E-02    0.000E+00    0.000E+00    0.000E+00    0.000E+00
     1.200     0.456    0.520E+00    0.182E+00    0.142E+00    0.102E-01    0.103E-01    0.401E-02    0.401E-02    0.000E+00    0.000E+00    0.000E+00    0.000E+00
     1.200     0.457    0.518E+00    0.181E+00    0.141E+00    0.101E-01    0.102E-01    0.398E-02    0.398E-02    0.000E+00    0.000E+00    0.000E+00    0.000E+00
     1.200     0.458    0.517E+00    0.180E+00    0.139E+00    0.100E-01    0.102E-01    0.394E-02    0.394E-02    0.000E+00    0.000E+00    0.000E+00    0.000E+00
     1.200     0.459    0.515E+00    0.179E+00    0.138E+00    0.995E-02    0.101E-01    0.391E-02    0.391E-02    0.000E+00    0.000E+00    0.000E+00    0.000E+00
     1.200     0.460    0.514E+00    0.178E+00    0.137E+00    0.987E-02    0.998E-02    0.388E-02    0.388E-02    0.000E+00    0.000E+00    0.000E+00    0.000E+00
     1.200     0.461    0.512E+00    0.177E+00    0.135E+00    0.979E-02    0.989E-02    0.385E-02    0.385E-02    0.000E+00    0.000E+00    0.000E+00    0.000E+00
     1.200     0.462    0.510E+00    0.176E+00    0.134E+00    0.971E-02    0.980E-02    0.381E-02    0.381E-02    0.000E+00    0.000E+00    0.000E+00    0.000E+00
     1.200     0.463    0.509E+00    0.175E+00    0.132E+00    0.962E-02    0.972E-02    0.378E-02    0.378E-02    0.000E+00    0.000E+00    0.000E+00    0.000E+00
     1.200     0.464    0.507E+00    0.174E+00    0.131E+00    0.954E-02    0.964E-02    0.375E-02    0.375E-02    0.000E+00    0.000E+00    0.000E+00    0.000E+00
     1.200     0.465    0.506E+00    0.173E+00    0.130E+00    0.946E-02    0.955E-02    0.372E-02    0.372E-02    0.000E+00    0.000E+00    0.000E+00    0.000E+00
     1.200     0.466    0.504E+00    0.172E+00    0.128E+00    0.938E-02    0.947E-02    0.369E-02    0.369E-02    0.000E+00    0.000E+00    0.000E+00    0.000E+00
     1.200     0.467    0.503E+00    0.171E+00    0.127E+00    0.930E-02    0.939E-02    0.366E-02    0.366E-02    0.000E+00    0.000E+00    0.000E+00    0.000E+00
     1.200     0.468    0.501E+00    0.170E+00    0.126E+00    0.922E-02    0.930E-02    0.363E-02    0.363E-02    0.000E+00    0.000E+00    0.000E+00    0.000E+00
     1.200     0.469    0.499E+00    0.169E+00    0.124E+00    0.915E-02    0.922E-02    0.359E-02    0.359E-02    0.000E+00    0.000E+00    0.000E+00    0.000E+00
     1.200     0.470    0.498E+00    0.168E+00    0.123E+00    0.907E-02    0.914E-02    0.356E-02    0.356E-02    0.000E+00    0.000E+00    0.000E+00    0.000E+00
     1.200     0.471    0.496E+00    0.167E+00    0.122E+00    0.899E-02    0.906E-02    0.353E-02    0.353E-02    0.000E+00    0.000E+00    0.000E+00    0.000E+00
     1.200     0.472    0.495E+00    0.166E+00    0.120E+00    0.891E-02    0.898E-02    0.350E-02    0.350E-02    0.000E+00    0.000E+00    0.000E+00    0.000E+00
     1.200     0.473    0.493E+00    0.165E+00    0.119E+00    0.884E-02    0.890E-02    0.347E-02    0.347E-02    0.000E+00    0.000E+00    0.000E+00    0.000E+00
     1.200     0.474    0.491E+00    0.165E+00    0.118E+00    0.876E-02    0.882E-02    0.344E-02    0.344E-02    0.000E+00    0.000E+00    0.000E+00    0.000E+00
     1.200     0.475    0.490E+00    0.164E+00    0.117E+00    0.868E-02    0.875E-02    0.341E-02    0.341E-02    0.000E+00    0.000E+00    0.000E+00    0.000E+00
     1.200     0.476    0.488E+00    0.163E+00    0.115E+00    0.861E-02    0.867E-02    0.338E-02    0.338E-02    0.000E+00    0.000E+00    0.000E+00    0.000E+00
     1.200     0.477    0.487E+00    0.162E+00    0.114E+00    0.853E-02    0.859E-02    0.335E-02    0.335E-02    0.000E+00    0.000E+00    0.000E+00    0.000E+00
     1.200     0.478    0.485E+00    0.161E+00    0.113E+00    0.846E-02    0.852E-02    0.332E-02    0.332E-02    0.000E+00    0.000E+00    0.000E+00    0.000E+00
     1.200     0.479    0.483E+00    0.160E+00    0.112E+00    0.838E-02    0.844E-02    0.330E-02    0.330E-02    0.000E+00    0.000E+00    0.000E+00    0.000E+00
     1.200     0.480    0.482E+00    0.159E+00    0.111E+00    0.831E-02    0.836E-02    0.327E-02    0.327E-02    0.000E+00    0.000E+00    0.000E+00    0.000E+00
     1.200     0.481    0.480E+00    0.158E+00    0.109E+00    0.824E-02    0.829E-02    0.324E-02    0.324E-02    0.000E+00    0.000E+00    0.000E+00    0.000E+00
     1.200     0.482    0.478E+00    0.157E+00    0.108E+00    0.817E-02    0.821E-02    0.321E-02    0.321E-02    0.000E+00    0.000E+00    0.000E+00    0.000E+00
     1.200     0.483    0.477E+00    0.156E+00    0.107E+00    0.809E-02    0.814E-02    0.318E-02    0.318E-02    0.000E+00    0.000E+00    0.000E+00    0.000E+00
     1.200     0.484    0.475E+00    0.155E+00    0.106E+00    0.802E-02    0.807E-02    0.315E-02    0.315E-02    0.000E+00    0.000E+00    0.000E+00    0.000E+00
     1.200     0.485    0.474E+00    0.154E+00    0.105E+00    0.795E-02    0.799E-02    0.313E-02    0.313E-02    0.000E+00    0.000E+00    0.000E+00    0.000E+00
     1.200     0.486    0.472E+00    0.153E+00    0.104E+00    0.788E-02    0.792E-02    0.310E-02    0.310E-02    0.000E+00    0.000E+00    0.000E+00    0.000E+00
     1.200     0.487    0.470E+00    0.153E+00    0.102E+00    0.781E-02    0.785E-02    0.307E-02    0.307E-02    0.000E+00    0.000E+00    0.000E+00    0.000E+00
     1.200     0.488    0.469E+00    0.152E+00    0.101E+00    0.774E-02    0.778E-02    0.304E-02    0.304E-02    0.000E+00    0.000E+00    0.000E+00    0.000E+00
     1.200     0.489    0.467E+00    0.151E+00    0.100E+00    0.767E-02    0.771E-02    0.302E-02    0.302E-02    0.000E+00    0.000E+00    0.000E+00    0.000E+00
     1.200     0.490    0.465E+00    0.150E+00    0.991E-01    0.760E-02    0.764E-02    0.299E-02    0.299E-02    0.000E+00    0.000E+00    0.000E+00    0.000E+00
     1.200     0.491    0.464E+00    0.149E+00    0.980E-01    0.753E-02    0.757E-02    0.296E-02    0.296E-02    0.000E+00    0.000E+00    0.000E+00    0.000E+00
     1.200     0.492    0.462E+00    0.148E+00    0.969E-01    0.746E-02    0.750E-02    0.293E-02    0.293E-02    0.000E+00    0.000E+00    0.000E+00    0.000E+00
     1.200     0.493    0.460E+00    0.147E+00    0.959E-01    0.740E-02    0.743E-02    0.291E-02    0.291E-02    0.000E+00    0.000E+00    0.000E+00    0.000E+00
     1.200     0.494    0.459E+00    0.146E+00    0.948E-01    0.733E-02    0.736E-02    0.288E-02    0.288E-02    0.000E+00    0.000E+00    0.000E+00    0.000E+00
     1.200     0.495    0.457E+00    0.145E+00    0.937E-01    0.726E-02    0.729E-02    0.286E-02    0.286E-02    0.000E+00    0.000E+00    0.000E+00    0.000E+00
     1.200     0.496    0.456E+00    0.144E+00    0.927E-01    0.719E-02    0.722E-02    0.283E-02    0.283E-02    0.000E+00    0.000E+00    0.000E+00    0.000E+00
     1.200     0.497    0.454E+00    0.143E+00    0.917E-01    0.713E-02    0.716E-02    0.280E-02    0.280E-02    0.000E+00    0.000E+00    0.000E+00    0.000E+00
     1.200     0.498    0.452E+00    0.143E+00    0.906E-01    0.706E-02    0.709E-02    0.278E-02    0.278E-02    0.000E+00    0.000E+00    0.000E+00    0.000E+00
     1.200     0.499    0.451E+00    0.142E+00    0.896E-01    0.700E-02    0.702E-02    0.275E-02    0.275E-02    0.000E+00    0.000E+00    0.000E+00    0.000E+00
     1.200     0.500    0.449E+00    0.141E+00    0.886E-01    0.693E-02    0.696E-02    0.273E-02    0.273E-02    0.000E+00    0.000E+00    0.000E+00    0.000E+00
     1.200     0.501    0.447E+00    0.140E+00    0.876E-01    0.687E-02    0.689E-02    0.270E-02    0.270E-02    0.000E+00    0.000E+00    0.000E+00    0.000E+00
     1.200     0.502    0.446E+00    0.139E+00    0.866E-01    0.681E-02    0.683E-02    0.268E-02    0.268E-02    0.000E+00    0.000E+00    0.000E+00    0.000E+00
     1.200     0.503    0.444E+00    0.138E+00    0.856E-01    0.674E-02    0.676E-02    0.265E-02    0.265E-02    0.000E+00    0.000E+00    0.000E+00    0.000E+00
     1.200     0.504    0.442E+00    0.137E+00    0.846E-01    0.668E-02    0.670E-02    0.263E-02    0.263E-02    0.000E+00    0.000E+00    0.000E+00    0.000E+00
     1.200     0.505    0.441E+00    0.136E+00    0.837E-01    0.662E-02    0.664E-02    0.260E-02    0.260E-02    0.000E+00    0.000E+00    0.000E+00    0.000E+00
     1.200     0.506    0.439E+00    0.136E+00    0.827E-01    0.655E-02    0.657E-02    0.258E-02    0.258E-02    0.000E+00    0.000E+00    0.000E+00    0.000E+00
     1.200     0.507    0.437E+00    0.135E+00    0.817E-01    0.649E-02    0.651E-02    0.255E-02    0.255E-02    0.000E+00    0.000E+00    0.000E+00    0.000E+00
     1.200     0.508    0.436E+00    0.134E+00    0.808E-01    0.643E-02    0.645E-02    0.253E-02    0.253E-02    0.000E+00    0.000E+00    0.000E+00    0.000E+00
     1.200     0.509    0.434E+00    0.133E+00    0.799E-01    0.637E-02    0.639E-02    0.251E-02    0.251E-02    0.000E+00    0.000E+00    0.000E+00    0.000E+00
     1.200     0.510    0.432E+00    0.132E+00    0.789E-01    0.631E-02    0.633E-02    0.248E-02    0.248E-02    0.000E+00    0.000E+00    0.000E+00    0.000E+00
     1.200     0.511    0.431E+00    0.131E+00    0.780E-01    0.625E-02    0.626E-02    0.246E-02    0.246E-02    0.000E+00    0.000E+00    0.000E+00    0.000E+00
     1.200     0.512    0.429E+00    0.130E+00    0.771E-01    0.619E-02    0.620E-02    0.244E-02    0.244E-02    0.000E+00    0.000E+00    0.000E+00    0.000E+00
     1.200     0.513    0.427E+00    0.129E+00    0.762E-01    0.613E-02    0.614E-02    0.241E-02    0.241E-02    0.000E+00    0.000E+00    0.000E+00    0.000E+00
     1.200     0.514    0.426E+00    0.129E+00    0.753E-01    0.607E-02    0.608E-02    0.239E-02    0.239E-02    0.000E+00    0.000E+00    0.000E+00    0.000E+00
     1.200     0.515    0.424E+00    0.128E+00    0.744E-01    0.601E-02    0.603E-02    0.237E-02    0.237E-02    0.000E+00    0.000E+00    0.000E+00    0.000E+00
     1.200     0.516    0.422E+00    0.127E+00    0.736E-01    0.595E-02    0.597E-02    0.234E-02    0.234E-02    0.000E+00    0.000E+00    0.000E+00    0.000E+00
     1.200     0.517    0.421E+00    0.126E+00    0.727E-01    0.590E-02    0.591E-02    0.232E-02    0.232E-02    0.000E+00    0.000E+00    0.000E+00    0.000E+00
     1.200     0.518    0.419E+00    0.125E+00    0.718E-01    0.584E-02    0.585E-02    0.230E-02    0.230E-02    0.000E+00    0.000E+00    0.000E+00    0.000E+00
     1.200     0.519    0.417E+00    0.124E+00    0.710E-01    0.578E-02    0.579E-02    0.228E-02    0.228E-02    0.000E+00    0.000E+00    0.000E+00    0.000E+00
     1.200     0.520    0.416E+00    0.124E+00    0.701E-01    0.573E-02    0.574E-02    0.226E-02    0.226E-02    0.000E+00    0.000E+00    0.000E+00    0.000E+00
     1.200     0.521    0.414E+00    0.123E+00    0.693E-01    0.567E-02    0.568E-02    0.223E-02    0.223E-02    0.000E+00    0.000E+00    0.000E+00    0.000E+00
     1.200     0.522    0.412E+00    0.122E+00    0.685E-01    0.561E-02    0.562E-02    0.221E-02    0.221E-02    0.000E+00    0.000E+00    0.000E+00    0.000E+00
     1.200     0.523    0.411E+00    0.121E+00    0.676E-01    0.556E-02    0.557E-02    0.219E-02    0.219E-02    0.000E+00    0.000E+00    0.000E+00    0.000E+00
     1.200     0.524    0.409E+00    0.120E+00    0.668E-01    0.550E-02    0.551E-02    0.217E-02    0.217E-02    0.000E+00    0.000E+00    0.000E+00    0.000E+00
     1.200     0.525    0.407E+00    0.119E+00    0.660E-01    0.545E-02    0.546E-02    0.215E-02    0.215E-02    0.000E+00    0.000E+00    0.000E+00    0.000E+00
     1.200     0.526    0.406E+00    0.118E+00    0.652E-01    0.540E-02    0.540E-02    0.213E-02    0.213E-02    0.000E+00    0.000E+00    0.000E+00    0.000E+00
     1.200     0.527    0.404E+00    0.118E+00    0.644E-01    0.534E-02    0.535E-02    0.210E-02    0.210E-02    0.000E+00    0.000E+00    0.000E+00    0.000E+00
     1.200     0.528    0.402E+00    0.117E+00    0.636E-01    0.529E-02    0.530E-02    0.208E-02    0.208E-02    0.000E+00    0.000E+00    0.000E+00    0.000E+00
     1.200     0.529    0.401E+00    0.116E+00    0.629E-01    0.524E-02    0.524E-02    0.206E-02    0.206E-02    0.000E+00    0.000E+00    0.000E+00    0.000E+00
     1.200     0.530    0.399E+00    0.115E+00    0.621E-01    0.518E-02    0.519E-02    0.204E-02    0.204E-02    0.000E+00    0.000E+00    0.000E+00    0.000E+00
     1.200     0.531    0.397E+00    0.114E+00    0.613E-01    0.513E-02    0.514E-02    0.202E-02    0.202E-02    0.000E+00    0.000E+00    0.000E+00    0.000E+00
     1.200     0.532    0.396E+00    0.114E+00    0.606E-01    0.508E-02    0.508E-02    0.200E-02    0.200E-02    0.000E+00    0.000E+00    0.000E+00    0.000E+00
     1.200     0.533    0.394E+00    0.113E+00    0.598E-01    0.503E-02    0.503E-02    0.198E-02    0.198E-02    0.000E+00    0.000E+00    0.000E+00    0.000E+00
     1.200     0.534    0.392E+00    0.112E+00    0.591E-01    0.498E-02    0.498E-02    0.196E-02    0.196E-02    0.000E+00    0.000E+00    0.000E+00    0.000E+00
     1.200     0.535    0.391E+00    0.111E+00    0.584E-01    0.493E-02    0.493E-02    0.194E-02    0.194E-02    0.000E+00    0.000E+00    0.000E+00    0.000E+00
     1.200     0.536    0.389E+00    0.110E+00    0.576E-01    0.487E-02    0.488E-02    0.192E-02    0.192E-02    0.000E+00    0.000E+00    0.000E+00    0.000E+00
     1.200     0.537    0.387E+00    0.110E+00    0.569E-01    0.482E-02    0.483E-02    0.190E-02    0.190E-02    0.000E+00    0.000E+00    0.000E+00    0.000E+00
     1.200     0.538    0.386E+00    0.109E+00    0.562E-01    0.478E-02    0.478E-02    0.188E-02    0.188E-02    0.000E+00    0.000E+00    0.000E+00    0.000E+00
     1.200     0.539    0.384E+00    0.108E+00    0.555E-01    0.473E-02    0.473E-02    0.186E-02    0.186E-02    0.000E+00    0.000E+00    0.000E+00    0.000E+00
     1.200     0.540    0.382E+00    0.107E+00    0.548E-01    0.468E-02    0.468E-02    0.184E-02    0.184E-02    0.000E+00    0.000E+00    0.000E+00    0.000E+00
     1.200     0.541    0.381E+00    0.106E+00    0.541E-01    0.463E-02    0.463E-02    0.183E-02    0.183E-02    0.000E+00    0.000E+00    0.000E+00    0.000E+00
     1.200     0.542    0.379E+00    0.106E+00    0.534E-01    0.458E-02    0.458E-02    0.181E-02    0.181E-02    0.000E+00    0.000E+00    0.000E+00    0.000E+00
     1.200     0.543    0.377E+00    0.105E+00    0.528E-01    0.453E-02    0.454E-02    0.179E-02    0.179E-02    0.000E+00    0.000E+00    0.000E+00    0.000E+00
     1.200     0.544    0.376E+00    0.104E+00    0.521E-01    0.449E-02    0.449E-02    0.177E-02    0.177E-02    0.000E+00    0.000E+00    0.000E+00    0.000E+00
     1.200     0.545    0.374E+00    0.103E+00    0.514E-01    0.444E-02    0.444E-02    0.175E-02    0.175E-02    0.000E+00    0.000E+00    0.000E+00    0.000E+00
     1.200     0.546    0.372E+00    0.102E+00    0.508E-01    0.439E-02    0.439E-02    0.173E-02    0.173E-02    0.000E+00    0.000E+00    0.000E+00    0.000E+00
     1.200     0.547    0.371E+00    0.102E+00    0.501E-01    0.434E-02    0.435E-02    0.171E-02    0.171E-02    0.000E+00    0.000E+00    0.000E+00    0.000E+00
     1.200     0.548    0.369E+00    0.101E+00    0.495E-01    0.430E-02    0.430E-02    0.170E-02    0.170E-02    0.000E+00    0.000E+00    0.000E+00    0.000E+00
     1.200     0.549    0.367E+00    0.100E+00    0.488E-01    0.425E-02    0.426E-02    0.168E-02    0.168E-02    0.000E+00    0.000E+00    0.000E+00    0.000E+00
     1.200     0.550    0.366E+00    0.994E-01    0.482E-01    0.421E-02    0.421E-02    0.166E-02    0.166E-02    0.000E+00    0.000E+00    0.000E+00    0.000E+00
     1.200     0.551    0.364E+00    0.986E-01    0.476E-01    0.416E-02    0.417E-02    0.164E-02    0.164E-02    0.000E+00    0.000E+00    0.000E+00    0.000E+00
     1.200     0.552    0.362E+00    0.979E-01    0.470E-01    0.412E-02    0.412E-02    0.163E-02    0.163E-02    0.000E+00    0.000E+00    0.000E+00    0.000E+00
     1.200     0.553    0.361E+00    0.971E-01    0.464E-01    0.407E-02    0.408E-02    0.161E-02    0.161E-02    0.000E+00    0.000E+00    0.000E+00    0.000E+00
     1.200     0.554    0.359E+00    0.964E-01    0.458E-01    0.403E-02    0.403E-02    0.159E-02    0.159E-02    0.000E+00    0.000E+00    0.000E+00    0.000E+00
     1.200     0.555    0.357E+00    0.956E-01    0.452E-01    0.399E-02    0.399E-02    0.157E-02    0.157E-02    0.000E+00    0.000E+00    0.000E+00    0.000E+00
     1.200     0.556    0.356E+00    0.949E-01    0.446E-01    0.394E-02    0.394E-02    0.156E-02    0.156E-02    0.000E+00    0.000E+00    0.000E+00    0.000E+00
     1.200     0.557    0.354E+00    0.941E-01    0.440E-01    0.390E-02    0.390E-02    0.154E-02    0.154E-02    0.000E+00    0.000E+00    0.000E+00    0.000E+00
     1.200     0.558    0.352E+00    0.934E-01    0.434E-01    0.386E-02    0.386E-02    0.152E-02    0.152E-02    0.000E+00    0.000E+00    0.000E+00    0.000E+00
     1.200     0.559    0.351E+00    0.927E-01    0.428E-01    0.381E-02    0.382E-02    0.151E-02    0.151E-02    0.000E+00    0.000E+00    0.000E+00    0.000E+00
     1.200     0.560    0.349E+00    0.919E-01    0.423E-01    0.377E-02    0.377E-02    0.149E-02    0.149E-02    0.000E+00    0.000E+00    0.000E+00    0.000E+00
     1.200     0.561    0.347E+00    0.912E-01    0.417E-01    0.373E-02    0.373E-02    0.147E-02    0.147E-02    0.000E+00    0.000E+00    0.000E+00    0.000E+00
     1.200     0.562    0.346E+00    0.905E-01    0.412E-01    0.369E-02    0.369E-02    0.146E-02    0.146E-02    0.000E+00    0.000E+00    0.000E+00    0.000E+00
     1.200     0.563    0.344E+00    0.897E-01    0.406E-01    0.365E-02    0.365E-02    0.144E-02    0.144E-02    0.000E+00    0.000E+00    0.000E+00    0.000E+00
     1.200     0.564    0.342E+00    0.890E-01    0.401E-01    0.361E-02    0.361E-02    0.143E-02    0.143E-02    0.000E+00    0.000E+00    0.000E+00    0.000E+00
     1.200     0.565    0.341E+00    0.883E-01    0.395E-01    0.357E-02    0.357E-02    0.141E-02    0.141E-02    0.000E+00    0.000E+00    0.000E+00    0.000E+00
     1.200     0.566    0.339E+00    0.876E-01    0.390E-01    0.353E-02    0.353E-02    0.139E-02    0.139E-02    0.000E+00    0.000E+00    0.000E+00    0.000E+00
     1.200     0.567    0.338E+00    0.869E-01    0.385E-01    0.349E-02    0.349E-02    0.138E-02    0.138E-02    0.000E+00    0.000E+00    0.000E+00    0.000E+00
     1.200     0.568    0.336E+00    0.862E-01    0.379E-01    0.345E-02    0.345E-02    0.136E-02    0.136E-02    0.000E+00    0.000E+00    0.000E+00    0.000E+00
     1.200     0.569    0.334E+00    0.855E-01    0.374E-01    0.341E-02    0.341E-02    0.135E-02    0.135E-02    0.000E+00    0.000E+00    0.000E+00    0.000E+00
     1.200     0.570    0.333E+00    0.848E-01    0.369E-01    0.337E-02    0.337E-02    0.133E-02    0.133E-02    0.000E+00    0.000E+00    0.000E+00    0.000E+00
     1.200     0.571    0.331E+00    0.841E-01    0.364E-01    0.333E-02    0.333E-02    0.132E-02    0.132E-02    0.000E+00    0.000E+00    0.000E+00    0.000E+00
     1.200     0.572    0.329E+00    0.834E-01    0.359E-01    0.329E-02    0.330E-02    0.130E-02    0.130E-02    0.000E+00    0.000E+00    0.000E+00    0.000E+00
     1.200     0.573    0.328E+00    0.827E-01    0.354E-01    0.326E-02    0.326E-02    0.129E-02    0.129E-02    0.000E+00    0.000E+00    0.000E+00    0.000E+00
     1.200     0.574    0.326E+00    0.820E-01    0.349E-01    0.322E-02    0.322E-02    0.127E-02    0.127E-02    0.000E+00    0.000E+00    0.000E+00    0.000E+00
     1.200     0.575    0.324E+00    0.813E-01    0.344E-01    0.318E-02    0.318E-02    0.126E-02    0.126E-02    0.000E+00    0.000E+00    0.000E+00    0.000E+00
     1.200     0.576    0.323E+00    0.806E-01    0.340E-01    0.315E-02    0.315E-02    0.124E-02    0.124E-02    0.000E+00    0.000E+00    0.000E+00    0.000E+00
     1.200     0.577    0.321E+00    0.799E-01    0.335E-01    0.311E-02    0.311E-02    0.123E-02    0.123E-02    0.000E+00    0.000E+00    0.000E+00    0.000E+00
     1.200     0.578    0.320E+00    0.792E-01    0.330E-01    0.307E-02    0.307E-02    0.121E-02    0.121E-02    0.000E+00    0.000E+00    0.000E+00    0.000E+00
     1.200     0.579    0.318E+00    0.786E-01    0.326E-01    0.304E-02    0.304E-02    0.120E-02    0.120E-02    0.000E+00    0.000E+00    0.000E+00    0.000E+00
     1.200     0.580    0.316E+00    0.779E-01    0.321E-01    0.300E-02    0.300E-02    0.119E-02    0.119E-02    0.000E+00    0.000E+00    0.000E+00    0.000E+00
     1.200     0.581    0.315E+00    0.772E-01    0.317E-01    0.297E-02    0.297E-02    0.117E-02    0.117E-02    0.000E+00    0.000E+00    0.000E+00    0.000E+00
     1.200     0.582    0.313E+00    0.766E-01    0.312E-01    0.293E-02    0.293E-02    0.116E-02    0.116E-02    0.000E+00    0.000E+00    0.000E+00    0.000E+00
     1.200     0.583    0.311E+00    0.759E-01    0.308E-01    0.290E-02    0.290E-02    0.115E-02    0.115E-02    0.000E+00    0.000E+00    0.000E+00    0.000E+00
     1.200     0.584    0.310E+00    0.752E-01    0.303E-01    0.286E-02    0.286E-02    0.113E-02    0.113E-02    0.000E+00    0.000E+00    0.000E+00    0.000E+00
     1.200     0.585    0.308E+00    0.746E-01    0.299E-01    0.283E-02    0.283E-02    0.112E-02    0.112E-02    0.000E+00    0.000E+00    0.000E+00    0.000E+00
     1.200     0.586    0.307E+00    0.739E-01    0.295E-01    0.279E-02    0.279E-02    0.110E-02    0.110E-02    0.000E+00    0.000E+00    0.000E+00    0.000E+00
     1.200     0.587    0.305E+00    0.733E-01    0.291E-01    0.276E-02    0.276E-02    0.109E-02    0.109E-02    0.000E+00    0.000E+00    0.000E+00    0.000E+00
     1.200     0.588    0.303E+00    0.726E-01    0.286E-01    0.273E-02    0.273E-02    0.108E-02    0.108E-02    0.000E+00    0.000E+00    0.000E+00    0.000E+00
     1.200     0.589    0.302E+00    0.720E-01    0.282E-01    0.269E-02    0.269E-02    0.107E-02    0.107E-02    0.000E+00    0.000E+00    0.000E+00    0.000E+00
     1.200     0.590    0.300E+00    0.714E-01    0.278E-01    0.266E-02    0.266E-02    0.105E-02    0.105E-02    0.000E+00    0.000E+00    0.000E+00    0.000E+00
     1.200     0.591    0.299E+00    0.707E-01    0.274E-01    0.263E-02    0.263E-02    0.104E-02    0.104E-02    0.000E+00    0.000E+00    0.000E+00    0.000E+00
     1.200     0.592    0.297E+00    0.701E-01    0.270E-01    0.260E-02    0.260E-02    0.103E-02    0.103E-02    0.000E+00    0.000E+00    0.000E+00    0.000E+00
     1.200     0.593    0.295E+00    0.695E-01    0.266E-01    0.256E-02    0.256E-02    0.101E-02    0.101E-02    0.000E+00    0.000E+00    0.000E+00    0.000E+00
     1.200     0.594    0.294E+00    0.688E-01    0.262E-01    0.253E-02    0.253E-02    0.100E-02    0.100E-02    0.000E+00    0.000E+00    0.000E+00    0.000E+00
     1.200     0.595    0.292E+00    0.682E-01    0.259E-01    0.250E-02    0.250E-02    0.990E-03    0.990E-03    0.000E+00    0.000E+00    0.000E+00    0.000E+00
     1.200     0.596    0.291E+00    0.676E-01    0.255E-01    0.247E-02    0.247E-02    0.977E-03    0.977E-03    0.000E+00    0.000E+00    0.000E+00    0.000E+00
     1.200     0.597    0.289E+00    0.670E-01    0.251E-01    0.244E-02    0.244E-02    0.965E-03    0.965E-03    0.000E+00    0.000E+00    0.000E+00    0.000E+00
     1.200     0.598    0.287E+00    0.664E-01    0.247E-01    0.241E-02    0.241E-02    0.953E-03    0.953E-03    0.000E+00    0.000E+00    0.000E+00    0.000E+00
     1.200     0.599    0.286E+00    0.658E-01    0.244E-01    0.238E-02    0.238E-02    0.941E-03    0.941E-03    0.000E+00    0.000E+00    0.000E+00    0.000E+00
     1.200     0.600    0.284E+00    0.651E-01    0.240E-01    0.235E-02    0.235E-02    0.929E-03    0.929E-03    0.000E+00    0.000E+00    0.000E+00    0.000E+00
     1.200     0.601    0.283E+00    0.645E-01    0.237E-01    0.232E-02    0.232E-02    0.918E-03    0.918E-03    0.000E+00    0.000E+00    0.000E+00    0.000E+00
     1.200     0.602    0.281E+00    0.639E-01    0.233E-01    0.229E-02    0.229E-02    0.906E-03    0.906E-03    0.000E+00    0.000E+00    0.000E+00    0.000E+00
     1.200     0.603    0.279E+00    0.633E-01    0.230E-01    0.226E-02    0.226E-02    0.894E-03    0.894E-03    0.000E+00    0.000E+00    0.000E+00    0.000E+00
     1.200     0.604    0.278E+00    0.627E-01    0.226E-01    0.223E-02    0.223E-02    0.883E-03    0.883E-03    0.000E+00    0.000E+00    0.000E+00    0.000E+00
     1.200     0.605    0.276E+00    0.622E-01    0.223E-01    0.220E-02    0.220E-02    0.872E-03    0.872E-03    0.000E+00    0.000E+00    0.000E+00    0.000E+00
     1.200     0.606    0.275E+00    0.616E-01    0.219E-01    0.217E-02    0.217E-02    0.861E-03    0.861E-03    0.000E+00    0.000E+00    0.000E+00    0.000E+00
     1.200     0.607    0.273E+00    0.610E-01    0.216E-01    0.214E-02    0.214E-02    0.849E-03    0.849E-03    0.000E+00    0.000E+00    0.000E+00    0.000E+00
     1.200     0.608    0.272E+00    0.604E-01    0.213E-01    0.212E-02    0.212E-02    0.838E-03    0.838E-03    0.000E+00    0.000E+00    0.000E+00    0.000E+00
     1.200     0.609    0.270E+00    0.598E-01    0.209E-01    0.209E-02    0.209E-02    0.828E-03    0.828E-03    0.000E+00    0.000E+00    0.000E+00    0.000E+00
     1.200     0.610    0.269E+00    0.593E-01    0.206E-01    0.206E-02    0.206E-02    0.817E-03    0.817E-03    0.000E+00    0.000E+00    0.000E+00    0.000E+00
     1.200     0.611    0.267E+00    0.587E-01    0.203E-01    0.203E-02    0.203E-02    0.806E-03    0.806E-03    0.000E+00    0.000E+00    0.000E+00    0.000E+00
     1.200     0.612    0.265E+00    0.581E-01    0.200E-01    0.201E-02    0.201E-02    0.795E-03    0.795E-03    0.000E+00    0.000E+00    0.000E+00    0.000E+00
     1.200     0.613    0.264E+00    0.576E-01    0.197E-01    0.198E-02    0.198E-02    0.785E-03    0.785E-03    0.000E+00    0.000E+00    0.000E+00    0.000E+00
     1.200     0.614    0.262E+00    0.570E-01    0.194E-01    0.195E-02    0.195E-02    0.774E-03    0.774E-03    0.000E+00    0.000E+00    0.000E+00    0.000E+00
     1.200     0.615    0.261E+00    0.564E-01    0.191E-01    0.193E-02    0.193E-02    0.764E-03    0.764E-03    0.000E+00    0.000E+00    0.000E+00    0.000E+00
     1.200     0.616    0.259E+00    0.559E-01    0.188E-01    0.190E-02    0.190E-02    0.754E-03    0.754E-03    0.000E+00    0.000E+00    0.000E+00    0.000E+00
     1.200     0.617    0.258E+00    0.553E-01    0.185E-01    0.188E-02    0.188E-02    0.744E-03    0.744E-03    0.000E+00    0.000E+00    0.000E+00    0.000E+00
     1.200     0.618    0.256E+00    0.548E-01    0.182E-01    0.185E-02    0.185E-02    0.734E-03    0.734E-03    0.000E+00    0.000E+00    0.000E+00    0.000E+00
     1.200     0.619    0.255E+00    0.542E-01    0.179E-01    0.183E-02    0.183E-02    0.724E-03    0.724E-03    0.000E+00    0.000E+00    0.000E+00    0.000E+00
     1.200     0.620    0.253E+00    0.537E-01    0.176E-01    0.180E-02    0.180E-02    0.714E-03    0.714E-03    0.000E+00    0.000E+00    0.000E+00    0.000E+00
     1.200     0.621    0.252E+00    0.532E-01    0.174E-01    0.178E-02    0.178E-02    0.704E-03    0.704E-03    0.000E+00    0.000E+00    0.000E+00    0.000E+00
     1.200     0.622    0.250E+00    0.526E-01    0.171E-01    0.175E-02    0.175E-02    0.694E-03    0.694E-03    0.000E+00    0.000E+00    0.000E+00    0.000E+00
     1.200     0.623    0.249E+00    0.521E-01    0.168E-01    0.173E-02    0.173E-02    0.685E-03    0.685E-03    0.000E+00    0.000E+00    0.000E+00    0.000E+00
     1.200     0.624    0.247E+00    0.516E-01    0.165E-01    0.170E-02    0.170E-02    0.675E-03    0.675E-03    0.000E+00    0.000E+00    0.000E+00    0.000E+00
     1.200     0.625    0.246E+00    0.510E-01    0.163E-01    0.168E-02    0.168E-02    0.666E-03    0.666E-03    0.000E+00    0.000E+00    0.000E+00    0.000E+00
     1.200     0.626    0.244E+00    0.505E-01    0.160E-01    0.166E-02    0.166E-02    0.656E-03    0.656E-03    0.000E+00    0.000E+00    0.000E+00    0.000E+00
     1.200     0.627    0.243E+00    0.500E-01    0.158E-01    0.163E-02    0.163E-02    0.647E-03    0.647E-03    0.000E+00    0.000E+00    0.000E+00    0.000E+00
     1.200     0.628    0.241E+00    0.495E-01    0.155E-01    0.161E-02    0.161E-02    0.638E-03    0.638E-03    0.000E+00    0.000E+00    0.000E+00    0.000E+00
     1.200     0.629    0.240E+00    0.490E-01    0.153E-01    0.159E-02    0.159E-02    0.629E-03    0.629E-03    0.000E+00    0.000E+00    0.000E+00    0.000E+00
     1.200     0.630    0.238E+00    0.485E-01    0.150E-01    0.156E-02    0.156E-02    0.620E-03    0.620E-03    0.000E+00    0.000E+00    0.000E+00    0.000E+00
     1.200     0.631    0.237E+00    0.480E-01    0.148E-01    0.154E-02    0.154E-02    0.611E-03    0.611E-03    0.000E+00    0.000E+00    0.000E+00    0.000E+00
     1.200     0.632    0.235E+00    0.475E-01    0.145E-01    0.152E-02    0.152E-02    0.602E-03    0.602E-03    0.000E+00    0.000E+00    0.000E+00    0.000E+00
     1.200     0.633    0.234E+00    0.470E-01    0.143E-01    0.150E-02    0.150E-02    0.594E-03    0.594E-03    0.000E+00    0.000E+00    0.000E+00    0.000E+00
     1.200     0.634    0.232E+00    0.465E-01    0.140E-01    0.148E-02    0.148E-02    0.585E-03    0.585E-03    0.000E+00    0.000E+00    0.000E+00    0.000E+00
     1.200     0.635    0.231E+00    0.460E-01    0.138E-01    0.145E-02    0.145E-02    0.577E-03    0.577E-03    0.000E+00    0.000E+00    0.000E+00    0.000E+00
     1.200     0.636    0.229E+00    0.455E-01    0.136E-01    0.143E-02    0.143E-02    0.568E-03    0.568E-03    0.000E+00    0.000E+00    0.000E+00    0.000E+00
     1.200     0.637    0.228E+00    0.450E-01    0.134E-01    0.141E-02    0.141E-02    0.560E-03    0.560E-03    0.000E+00    0.000E+00    0.000E+00    0.000E+00
     1.200     0.638    0.226E+00    0.445E-01    0.131E-01    0.139E-02    0.139E-02    0.552E-03    0.552E-03    0.000E+00    0.000E+00    0.000E+00    0.000E+00
     1.200     0.639    0.225E+00    0.441E-01    0.129E-01    0.137E-02    0.137E-02    0.543E-03    0.543E-03    0.000E+00    0.000E+00    0.000E+00    0.000E+00
     1.200     0.640    0.223E+00    0.436E-01    0.127E-01    0.135E-02    0.135E-02    0.535E-03    0.535E-03    0.000E+00    0.000E+00    0.000E+00    0.000E+00
     1.200     0.641    0.222E+00    0.431E-01    0.125E-01    0.133E-02    0.133E-02    0.527E-03    0.527E-03    0.000E+00    0.000E+00    0.000E+00    0.000E+00
     1.200     0.642    0.220E+00    0.426E-01    0.123E-01    0.131E-02    0.131E-02    0.519E-03    0.519E-03    0.000E+00    0.000E+00    0.000E+00    0.000E+00
     1.200     0.643    0.219E+00    0.422E-01    0.121E-01    0.129E-02    0.129E-02    0.511E-03    0.511E-03    0.000E+00    0.000E+00    0.000E+00    0.000E+00
     1.200     0.644    0.217E+00    0.417E-01    0.119E-01    0.127E-02    0.127E-02    0.504E-03    0.504E-03    0.000E+00    0.000E+00    0.000E+00    0.000E+00
     1.200     0.645    0.216E+00    0.413E-01    0.117E-01    0.125E-02    0.125E-02    0.496E-03    0.496E-03    0.000E+00    0.000E+00    0.000E+00    0.000E+00
     1.200     0.646    0.215E+00    0.408E-01    0.115E-01    0.123E-02    0.123E-02    0.488E-03    0.488E-03    0.000E+00    0.000E+00    0.000E+00    0.000E+00
     1.200     0.647    0.213E+00    0.404E-01    0.113E-01    0.121E-02    0.121E-02    0.481E-03    0.481E-03    0.000E+00    0.000E+00    0.000E+00    0.000E+00
     1.200     0.648    0.212E+00    0.399E-01    0.111E-01    0.119E-02    0.119E-02    0.473E-03    0.473E-03    0.000E+00    0.000E+00    0.000E+00    0.000E+00
     1.200     0.649    0.210E+00    0.395E-01    0.109E-01    0.117E-02    0.117E-02    0.466E-03    0.466E-03    0.000E+00    0.000E+00    0.000E+00    0.000E+00
     1.200     0.650    0.209E+00    0.390E-01    0.107E-01    0.116E-02    0.116E-02    0.459E-03    0.459E-03    0.000E+00    0.000E+00    0.000E+00    0.000E+00
     1.200     0.651    0.207E+00    0.386E-01    0.105E-01    0.114E-02    0.114E-02    0.451E-03    0.451E-03    0.000E+00    0.000E+00    0.000E+00    0.000E+00
     1.200     0.652    0.206E+00    0.381E-01    0.103E-01    0.112E-02    0.112E-02    0.444E-03    0.444E-03    0.000E+00    0.000E+00    0.000E+00    0.000E+00
     1.200     0.653    0.205E+00    0.377E-01    0.101E-01    0.110E-02    0.110E-02    0.437E-03    0.437E-03    0.000E+00    0.000E+00    0.000E+00    0.000E+00
     1.200     0.654    0.203E+00    0.373E-01    0.997E-02    0.108E-02    0.108E-02    0.430E-03    0.430E-03    0.000E+00    0.000E+00    0.000E+00    0.000E+00
     1.200     0.655    0.202E+00    0.369E-01    0.979E-02    0.107E-02    0.107E-02    0.423E-03    0.423E-03    0.000E+00    0.000E+00    0.000E+00    0.000E+00
     1.200     0.656    0.200E+00    0.364E-01    0.962E-02    0.105E-02    0.105E-02    0.416E-03    0.416E-03    0.000E+00    0.000E+00    0.000E+00    0.000E+00
     1.200     0.657    0.199E+00    0.360E-01    0.945E-02    0.103E-02    0.103E-02    0.409E-03    0.409E-03    0.000E+00    0.000E+00    0.000E+00    0.000E+00
     1.200     0.658    0.198E+00    0.356E-01    0.928E-02    0.101E-02    0.101E-02    0.403E-03    0.403E-03    0.000E+00    0.000E+00    0.000E+00    0.000E+00
     1.200     0.659    0.196E+00    0.352E-01    0.911E-02    0.998E-03    0.998E-03    0.396E-03    0.396E-03    0.000E+00    0.000E+00    0.000E+00    0.000E+00
     1.200     0.660    0.195E+00    0.348E-01    0.895E-02    0.981E-03    0.981E-03    0.390E-03    0.390E-03    0.000E+00    0.000E+00    0.000E+00    0.000E+00
     1.200     0.661    0.194E+00    0.344E-01    0.879E-02    0.965E-03    0.965E-03    0.383E-03    0.383E-03    0.000E+00    0.000E+00    0.000E+00    0.000E+00
     1.200     0.662    0.192E+00    0.340E-01    0.863E-02    0.948E-03    0.948E-03    0.377E-03    0.377E-03    0.000E+00    0.000E+00    0.000E+00    0.000E+00
     1.200     0.663    0.191E+00    0.336E-01    0.847E-02    0.932E-03    0.932E-03    0.370E-03    0.370E-03    0.000E+00    0.000E+00    0.000E+00    0.000E+00
     1.200     0.664    0.189E+00    0.332E-01    0.832E-02    0.917E-03    0.917E-03    0.364E-03    0.364E-03    0.000E+00    0.000E+00    0.000E+00    0.000E+00
     1.200     0.665    0.188E+00    0.328E-01    0.817E-02    0.901E-03    0.901E-03    0.358E-03    0.358E-03    0.000E+00    0.000E+00    0.000E+00    0.000E+00
     1.200     0.666    0.187E+00    0.324E-01    0.802E-02    0.885E-03    0.885E-03    0.352E-03    0.352E-03    0.000E+00    0.000E+00    0.000E+00    0.000E+00
     1.200     0.667    0.185E+00    0.320E-01    0.787E-02    0.870E-03    0.870E-03    0.346E-03    0.346E-03    0.000E+00    0.000E+00    0.000E+00    0.000E+00
     1.200     0.668    0.184E+00    0.316E-01    0.773E-02    0.855E-03    0.855E-03    0.340E-03    0.340E-03    0.000E+00    0.000E+00    0.000E+00    0.000E+00
     1.200     0.669    0.183E+00    0.312E-01    0.758E-02    0.840E-03    0.840E-03    0.334E-03    0.334E-03    0.000E+00    0.000E+00    0.000E+00    0.000E+00
     1.200     0.670    0.181E+00    0.308E-01    0.744E-02    0.825E-03    0.825E-03    0.328E-03    0.328E-03    0.000E+00    0.000E+00    0.000E+00    0.000E+00
     1.200     0.671    0.180E+00    0.305E-01    0.731E-02    0.811E-03    0.811E-03    0.322E-03    0.322E-03    0.000E+00    0.000E+00    0.000E+00    0.000E+00
     1.200     0.672    0.179E+00    0.301E-01    0.717E-02    0.796E-03    0.796E-03    0.316E-03    0.316E-03    0.000E+00    0.000E+00    0.000E+00    0.000E+00
     1.200     0.673    0.177E+00    0.297E-01    0.704E-02    0.782E-03    0.782E-03    0.311E-03    0.311E-03    0.000E+00    0.000E+00    0.000E+00    0.000E+00
     1.200     0.674    0.176E+00    0.294E-01    0.690E-02    0.768E-03    0.768E-03    0.305E-03    0.305E-03    0.000E+00    0.000E+00    0.000E+00    0.000E+00
     1.200     0.675    0.175E+00    0.290E-01    0.677E-02    0.754E-03    0.754E-03    0.299E-03    0.299E-03    0.000E+00    0.000E+00    0.000E+00    0.000E+00
     1.200     0.676    0.173E+00    0.286E-01    0.665E-02    0.740E-03    0.740E-03    0.294E-03    0.294E-03    0.000E+00    0.000E+00    0.000E+00    0.000E+00
     1.200     0.677    0.172E+00    0.283E-01    0.652E-02    0.726E-03    0.726E-03    0.289E-03    0.289E-03    0.000E+00    0.000E+00    0.000E+00    0.000E+00
     1.200     0.678    0.171E+00    0.279E-01    0.640E-02    0.713E-03    0.713E-03    0.283E-03    0.283E-03    0.000E+00    0.000E+00    0.000E+00    0.000E+00
     1.200     0.679    0.169E+00    0.276E-01    0.627E-02    0.700E-03    0.700E-03    0.278E-03    0.278E-03    0.000E+00    0.000E+00    0.000E+00    0.000E+00
     1.200     0.680    0.168E+00    0.272E-01    0.615E-02    0.686E-03    0.686E-03    0.273E-03    0.273E-03    0.000E+00    0.000E+00    0.000E+00    0.000E+00
     1.200     0.681    0.167E+00    0.269E-01    0.603E-02    0.673E-03    0.673E-03    0.268E-03    0.268E-03    0.000E+00    0.000E+00    0.000E+00    0.000E+00
     1.200     0.682    0.166E+00    0.265E-01    0.592E-02    0.661E-03    0.661E-03    0.262E-03    0.262E-03    0.000E+00    0.000E+00    0.000E+00    0.000E+00
     1.200     0.683    0.164E+00    0.262E-01    0.580E-02    0.648E-03    0.648E-03    0.257E-03    0.257E-03    0.000E+00    0.000E+00    0.000E+00    0.000E+00
     1.200     0.684    0.163E+00    0.259E-01    0.569E-02    0.635E-03    0.635E-03    0.252E-03    0.252E-03    0.000E+00    0.000E+00    0.000E+00    0.000E+00
     1.200     0.685    0.162E+00    0.255E-01    0.558E-02    0.623E-03    0.623E-03    0.248E-03    0.248E-03    0.000E+00    0.000E+00    0.000E+00    0.000E+00
     1.200     0.686    0.160E+00    0.252E-01    0.547E-02    0.611E-03    0.611E-03    0.243E-03    0.243E-03    0.000E+00    0.000E+00    0.000E+00    0.000E+00
     1.200     0.687    0.159E+00    0.249E-01    0.536E-02    0.599E-03    0.599E-03    0.238E-03    0.238E-03    0.000E+00    0.000E+00    0.000E+00    0.000E+00
     1.200     0.688    0.158E+00    0.245E-01    0.525E-02    0.587E-03    0.587E-03    0.233E-03    0.233E-03    0.000E+00    0.000E+00    0.000E+00    0.000E+00
     1.200     0.689    0.157E+00    0.242E-01    0.515E-02    0.575E-03    0.575E-03    0.229E-03    0.229E-03    0.000E+00    0.000E+00    0.000E+00    0.000E+00
     1.200     0.690    0.155E+00    0.239E-01    0.505E-02    0.563E-03    0.563E-03    0.224E-03    0.224E-03    0.000E+00    0.000E+00    0.000E+00    0.000E+00
     1.200     0.691    0.154E+00    0.236E-01    0.495E-02    0.552E-03    0.552E-03    0.219E-03    0.219E-03    0.000E+00    0.000E+00    0.000E+00    0.000E+00
     1.200     0.692    0.153E+00    0.233E-01    0.485E-02    0.541E-03    0.541E-03    0.215E-03    0.215E-03    0.000E+00    0.000E+00    0.000E+00    0.000E+00
     1.200     0.693    0.152E+00    0.230E-01    0.475E-02    0.530E-03    0.530E-03    0.210E-03    0.210E-03    0.000E+00    0.000E+00    0.000E+00    0.000E+00
     1.200     0.694    0.151E+00    0.226E-01    0.465E-02    0.519E-03    0.519E-03    0.206E-03    0.206E-03    0.000E+00    0.000E+00    0.000E+00    0.000E+00
     1.200     0.695    0.149E+00    0.223E-01    0.456E-02    0.508E-03    0.508E-03    0.202E-03    0.202E-03    0.000E+00    0.000E+00    0.000E+00    0.000E+00
     1.200     0.696    0.148E+00    0.220E-01    0.447E-02    0.497E-03    0.497E-03    0.198E-03    0.198E-03    0.000E+00    0.000E+00    0.000E+00    0.000E+00
     1.200     0.697    0.147E+00    0.217E-01    0.438E-02    0.486E-03    0.486E-03    0.193E-03    0.193E-03    0.000E+00    0.000E+00    0.000E+00    0.000E+00
     1.200     0.698    0.146E+00    0.214E-01    0.429E-02    0.476E-03    0.476E-03    0.189E-03    0.189E-03    0.000E+00    0.000E+00    0.000E+00    0.000E+00
     1.200     0.699    0.144E+00    0.211E-01    0.420E-02    0.466E-03    0.466E-03    0.185E-03    0.185E-03    0.000E+00    0.000E+00    0.000E+00    0.000E+00
     1.200     0.700    0.143E+00    0.209E-01    0.411E-02    0.455E-03    0.455E-03    0.181E-03    0.181E-03    0.000E+00    0.000E+00    0.000E+00    0.000E+00
     1.200     0.701    0.142E+00    0.206E-01    0.403E-02    0.445E-03    0.445E-03    0.177E-03    0.177E-03    0.000E+00    0.000E+00    0.000E+00    0.000E+00
     1.200     0.702    0.141E+00    0.203E-01    0.394E-02    0.435E-03    0.435E-03    0.173E-03    0.173E-03    0.000E+00    0.000E+00    0.000E+00    0.000E+00
     1.200     0.703    0.140E+00    0.200E-01    0.386E-02    0.426E-03    0.426E-03    0.169E-03    0.169E-03    0.000E+00    0.000E+00    0.000E+00    0.000E+00
     1.200     0.704    0.138E+00    0.197E-01    0.378E-02    0.416E-03    0.416E-03    0.165E-03    0.165E-03    0.000E+00    0.000E+00    0.000E+00    0.000E+00
     1.200     0.705    0.137E+00    0.194E-01    0.370E-02    0.406E-03    0.406E-03    0.162E-03    0.162E-03    0.000E+00    0.000E+00    0.000E+00    0.000E+00
     1.200     0.706    0.136E+00    0.192E-01    0.362E-02    0.397E-03    0.397E-03    0.158E-03    0.158E-03    0.000E+00    0.000E+00    0.000E+00    0.000E+00
     1.200     0.707    0.135E+00    0.189E-01    0.354E-02    0.388E-03    0.388E-03    0.154E-03    0.154E-03    0.000E+00    0.000E+00    0.000E+00    0.000E+00
     1.200     0.708    0.134E+00    0.186E-01    0.347E-02    0.379E-03    0.379E-03    0.151E-03    0.151E-03    0.000E+00    0.000E+00    0.000E+00    0.000E+00
     1.200     0.709    0.133E+00    0.184E-01    0.339E-02    0.370E-03    0.370E-03    0.147E-03    0.147E-03    0.000E+00    0.000E+00    0.000E+00    0.000E+00
     1.200     0.710    0.131E+00    0.181E-01    0.332E-02    0.361E-03    0.361E-03    0.143E-03    0.143E-03    0.000E+00    0.000E+00    0.000E+00    0.000E+00
     1.200     0.711    0.130E+00    0.178E-01    0.325E-02    0.352E-03    0.352E-03    0.140E-03    0.140E-03    0.000E+00    0.000E+00    0.000E+00    0.000E+00
     1.200     0.712    0.129E+00    0.176E-01    0.318E-02    0.343E-03    0.343E-03    0.137E-03    0.137E-03    0.000E+00    0.000E+00    0.000E+00    0.000E+00
     1.200     0.713    0.128E+00    0.173E-01    0.311E-02    0.335E-03    0.335E-03    0.133E-03    0.133E-03    0.000E+00    0.000E+00    0.000E+00    0.000E+00
     1.200     0.714    0.127E+00    0.171E-01    0.304E-02    0.327E-03    0.327E-03    0.130E-03    0.130E-03    0.000E+00    0.000E+00    0.000E+00    0.000E+00
     1.200     0.715    0.126E+00    0.168E-01    0.298E-02    0.318E-03    0.318E-03    0.127E-03    0.127E-03    0.000E+00    0.000E+00    0.000E+00    0.000E+00
     1.200     0.716    0.125E+00    0.166E-01    0.291E-02    0.310E-03    0.310E-03    0.123E-03    0.123E-03    0.000E+00    0.000E+00    0.000E+00    0.000E+00
     1.200     0.717    0.124E+00    0.163E-01    0.285E-02    0.302E-03    0.302E-03    0.120E-03    0.120E-03    0.000E+00    0.000E+00    0.000E+00    0.000E+00
     1.200     0.718    0.122E+00    0.161E-01    0.278E-02    0.294E-03    0.294E-03    0.117E-03    0.117E-03    0.000E+00    0.000E+00    0.000E+00    0.000E+00
     1.200     0.719    0.121E+00    0.158E-01    0.272E-02    0.287E-03    0.287E-03    0.114E-03    0.114E-03    0.000E+00    0.000E+00    0.000E+00    0.000E+00
     1.200     0.720    0.120E+00    0.156E-01    0.266E-02    0.279E-03    0.279E-03    0.111E-03    0.111E-03    0.000E+00    0.000E+00    0.000E+00    0.000E+00
     1.200     0.721    0.119E+00    0.154E-01    0.260E-02    0.271E-03    0.271E-03    0.108E-03    0.108E-03    0.000E+00    0.000E+00    0.000E+00    0.000E+00
     1.200     0.722    0.118E+00    0.151E-01    0.254E-02    0.264E-03    0.264E-03    0.105E-03    0.105E-03    0.000E+00    0.000E+00    0.000E+00    0.000E+00
     1.200     0.723    0.117E+00    0.149E-01    0.249E-02    0.257E-03    0.257E-03    0.102E-03    0.102E-03    0.000E+00    0.000E+00    0.000E+00    0.000E+00
     1.200     0.724    0.116E+00    0.147E-01    0.243E-02    0.249E-03    0.249E-03    0.992E-04    0.992E-04    0.000E+00    0.000E+00    0.000E+00    0.000E+00
     1.200     0.725    0.115E+00    0.145E-01    0.237E-02    0.242E-03    0.242E-03    0.963E-04    0.963E-04    0.000E+00    0.000E+00    0.000E+00    0.000E+00
     1.200     0.726    0.114E+00    0.142E-01    0.232E-02    0.235E-03    0.235E-03    0.936E-04    0.936E-04    0.000E+00    0.000E+00    0.000E+00    0.000E+00
     1.200     0.727    0.113E+00    0.140E-01    0.227E-02    0.228E-03    0.228E-03    0.908E-04    0.908E-04    0.000E+00    0.000E+00    0.000E+00    0.000E+00
     1.200     0.728    0.112E+00    0.138E-01    0.221E-02    0.222E-03    0.222E-03    0.881E-04    0.881E-04    0.000E+00    0.000E+00    0.000E+00    0.000E+00
     1.200     0.729    0.111E+00    0.136E-01    0.216E-02    0.215E-03    0.215E-03    0.855E-04    0.855E-04    0.000E+00    0.000E+00    0.000E+00    0.000E+00
     1.200     0.730    0.109E+00    0.134E-01    0.211E-02    0.208E-03    0.208E-03    0.829E-04    0.829E-04    0.000E+00    0.000E+00    0.000E+00    0.000E+00
     1.200     0.731    0.108E+00    0.132E-01    0.206E-02    0.202E-03    0.202E-03    0.803E-04    0.803E-04    0.000E+00    0.000E+00    0.000E+00    0.000E+00
     1.200     0.732    0.107E+00    0.129E-01    0.201E-02    0.196E-03    0.196E-03    0.778E-04    0.778E-04    0.000E+00    0.000E+00    0.000E+00    0.000E+00
     1.200     0.733    0.106E+00    0.127E-01    0.197E-02    0.189E-03    0.189E-03    0.753E-04    0.753E-04    0.000E+00    0.000E+00    0.000E+00    0.000E+00
     1.200     0.734    0.105E+00    0.125E-01    0.192E-02    0.183E-03    0.183E-03    0.728E-04    0.728E-04    0.000E+00    0.000E+00    0.000E+00    0.000E+00
     1.200     0.735    0.104E+00    0.123E-01    0.187E-02    0.177E-03    0.177E-03    0.704E-04    0.704E-04    0.000E+00    0.000E+00    0.000E+00    0.000E+00
     1.200     0.736    0.103E+00    0.121E-01    0.183E-02    0.171E-03    0.171E-03    0.681E-04    0.681E-04    0.000E+00    0.000E+00    0.000E+00    0.000E+00
     1.200     0.737    0.102E+00    0.119E-01    0.178E-02    0.165E-03    0.165E-03    0.658E-04    0.658E-04    0.000E+00    0.000E+00    0.000E+00    0.000E+00
     1.200     0.738    0.101E+00    0.117E-01    0.174E-02    0.160E-03    0.160E-03    0.635E-04    0.635E-04    0.000E+00    0.000E+00    0.000E+00    0.000E+00
     1.200     0.739    0.100E+00    0.116E-01    0.170E-02    0.154E-03    0.154E-03    0.612E-04    0.612E-04    0.000E+00    0.000E+00    0.000E+00    0.000E+00
     1.200     0.740    0.992E-01    0.114E-01    0.166E-02    0.149E-03    0.149E-03    0.590E-04    0.590E-04    0.000E+00    0.000E+00    0.000E+00    0.000E+00
     1.200     0.741    0.983E-01    0.112E-01    0.162E-02    0.143E-03    0.143E-03    0.569E-04    0.569E-04    0.000E+00    0.000E+00    0.000E+00    0.000E+00
     1.200     0.742    0.973E-01    0.110E-01    0.158E-02    0.138E-03    0.138E-03    0.547E-04    0.547E-04    0.000E+00    0.000E+00    0.000E+00    0.000E+00
     1.200     0.743    0.963E-01    0.108E-01    0.154E-02    0.133E-03    0.133E-03    0.526E-04    0.526E-04    0.000E+00    0.000E+00    0.000E+00    0.000E+00
     1.200     0.744    0.953E-01    0.106E-01    0.150E-02    0.127E-03    0.127E-03    0.506E-04    0.506E-04    0.000E+00    0.000E+00    0.000E+00    0.000E+00
     1.200     0.745    0.943E-01    0.104E-01    0.146E-02    0.122E-03    0.122E-03    0.485E-04    0.485E-04    0.000E+00    0.000E+00    0.000E+00    0.000E+00
     1.200     0.746    0.934E-01    0.103E-01    0.143E-02    0.117E-03    0.117E-03    0.464E-04    0.464E-04    0.000E+00    0.000E+00    0.000E+00    0.000E+00
     1.200     0.747    0.924E-01    0.101E-01    0.139E-02    0.112E-03    0.112E-03    0.444E-04    0.444E-04    0.000E+00    0.000E+00    0.000E+00    0.000E+00
     1.200     0.748    0.914E-01    0.992E-02    0.136E-02    0.107E-03    0.107E-03    0.424E-04    0.424E-04    0.000E+00    0.000E+00    0.000E+00    0.000E+00
     1.200     0.749    0.905E-01    0.975E-02    0.132E-02    0.102E-03    0.102E-03    0.405E-04    0.405E-04    0.000E+00    0.000E+00    0.000E+00    0.000E+00
     1.200     0.750    0.896E-01    0.959E-02    0.129E-02    0.972E-04    0.972E-04    0.386E-04    0.386E-04    0.000E+00    0.000E+00    0.000E+00    0.000E+00
     1.200     0.751    0.886E-01    0.942E-02    0.126E-02    0.926E-04    0.926E-04    0.367E-04    0.367E-04    0.000E+00    0.000E+00    0.000E+00    0.000E+00
     1.200     0.752    0.877E-01    0.926E-02    0.122E-02    0.880E-04    0.880E-04    0.349E-04    0.349E-04    0.000E+00    0.000E+00    0.000E+00    0.000E+00
     1.200     0.753    0.867E-01    0.909E-02    0.119E-02    0.835E-04    0.835E-04    0.331E-04    0.331E-04    0.000E+00    0.000E+00    0.000E+00    0.000E+00
     1.200     0.754    0.858E-01    0.893E-02    0.116E-02    0.791E-04    0.791E-04    0.314E-04    0.314E-04    0.000E+00    0.000E+00    0.000E+00    0.000E+00
     1.200     0.755    0.849E-01    0.878E-02    0.113E-02    0.749E-04    0.749E-04    0.297E-04    0.297E-04    0.000E+00    0.000E+00    0.000E+00    0.000E+00
     1.200     0.756    0.840E-01    0.862E-02    0.110E-02    0.707E-04    0.707E-04    0.280E-04    0.280E-04    0.000E+00    0.000E+00    0.000E+00    0.000E+00
     1.200     0.757    0.831E-01    0.847E-02    0.107E-02    0.667E-04    0.667E-04    0.264E-04    0.264E-04    0.000E+00    0.000E+00    0.000E+00    0.000E+00
     1.200     0.758    0.822E-01    0.831E-02    0.104E-02    0.627E-04    0.627E-04    0.248E-04    0.248E-04    0.000E+00    0.000E+00    0.000E+00    0.000E+00
     1.200     0.759    0.813E-01    0.816E-02    0.102E-02    0.589E-04    0.589E-04    0.233E-04    0.233E-04    0.000E+00    0.000E+00    0.000E+00    0.000E+00
     1.200     0.760    0.804E-01    0.802E-02    0.988E-03    0.551E-04    0.551E-04    0.218E-04    0.218E-04    0.000E+00    0.000E+00    0.000E+00    0.000E+00
     1.200     0.761    0.795E-01    0.787E-02    0.962E-03    0.515E-04    0.515E-04    0.204E-04    0.204E-04    0.000E+00    0.000E+00    0.000E+00    0.000E+00
     1.200     0.762    0.786E-01    0.773E-02    0.936E-03    0.480E-04    0.480E-04    0.190E-04    0.190E-04    0.000E+00    0.000E+00    0.000E+00    0.000E+00
     1.200     0.763    0.777E-01    0.759E-02    0.911E-03    0.446E-04    0.446E-04    0.176E-04    0.176E-04    0.000E+00    0.000E+00    0.000E+00    0.000E+00
     1.200     0.764    0.769E-01    0.745E-02    0.886E-03    0.413E-04    0.413E-04    0.163E-04    0.163E-04    0.000E+00    0.000E+00    0.000E+00    0.000E+00
     1.200     0.765    0.760E-01    0.731E-02    0.862E-03    0.382E-04    0.382E-04    0.151E-04    0.151E-04    0.000E+00    0.000E+00    0.000E+00    0.000E+00
     1.200     0.766    0.752E-01    0.717E-02    0.839E-03    0.351E-04    0.351E-04    0.139E-04    0.139E-04    0.000E+00    0.000E+00    0.000E+00    0.000E+00
     1.200     0.767    0.743E-01    0.704E-02    0.816E-03    0.323E-04    0.323E-04    0.128E-04    0.128E-04    0.000E+00    0.000E+00    0.000E+00    0.000E+00
     1.200     0.768    0.735E-01    0.690E-02    0.793E-03    0.298E-04    0.298E-04    0.118E-04    0.118E-04    0.000E+00    0.000E+00    0.000E+00    0.000E+00
     1.200     0.769    0.726E-01    0.677E-02    0.771E-03    0.274E-04    0.274E-04    0.108E-04    0.108E-04    0.000E+00    0.000E+00    0.000E+00    0.000E+00
     1.200     0.770    0.718E-01    0.664E-02    0.749E-03    0.251E-04    0.251E-04    0.991E-05    0.991E-05    0.000E+00    0.000E+00    0.000E+00    0.000E+00
     1.200     0.771    0.709E-01    0.652E-02    0.728E-03    0.230E-04    0.230E-04    0.905E-05    0.905E-05    0.000E+00    0.000E+00    0.000E+00    0.000E+00
     1.200     0.772    0.701E-01    0.639E-02    0.707E-03    0.209E-04    0.209E-04    0.823E-05    0.823E-05    0.000E+00    0.000E+00    0.000E+00    0.000E+00
     1.200     0.773    0.693E-01    0.627E-02    0.687E-03    0.190E-04    0.190E-04    0.746E-05    0.746E-05    0.000E+00    0.000E+00    0.000E+00    0.000E+00
     1.200     0.774    0.685E-01    0.614E-02    0.667E-03    0.171E-04    0.171E-04    0.673E-05    0.673E-05    0.000E+00    0.000E+00    0.000E+00    0.000E+00
     1.200     0.775    0.677E-01    0.602E-02    0.648E-03    0.154E-04    0.154E-04    0.604E-05    0.604E-05    0.000E+00    0.000E+00    0.000E+00    0.000E+00
     1.200     0.776    0.669E-01    0.591E-02    0.629E-03    0.137E-04    0.137E-04    0.539E-05    0.539E-05    0.000E+00    0.000E+00    0.000E+00    0.000E+00
     1.200     0.777    0.661E-01    0.579E-02    0.611E-03    0.122E-04    0.122E-04    0.478E-05    0.478E-05    0.000E+00    0.000E+00    0.000E+00    0.000E+00
     1.200     0.778    0.653E-01    0.567E-02    0.593E-03    0.107E-04    0.107E-04    0.421E-05    0.421E-05    0.000E+00    0.000E+00    0.000E+00    0.000E+00
     1.200     0.779    0.645E-01    0.556E-02    0.575E-03    0.937E-05    0.937E-05    0.368E-05    0.368E-05    0.000E+00    0.000E+00    0.000E+00    0.000E+00
     1.200     0.780    0.637E-01    0.545E-02    0.558E-03    0.810E-05    0.810E-05    0.318E-05    0.318E-05    0.000E+00    0.000E+00    0.000E+00    0.000E+00
     1.200     0.781    0.629E-01    0.534E-02    0.542E-03    0.692E-05    0.692E-05    0.271E-05    0.271E-05    0.000E+00    0.000E+00    0.000E+00    0.000E+00
     1.200     0.782    0.621E-01    0.523E-02    0.526E-03    0.582E-05    0.582E-05    0.228E-05    0.228E-05    0.000E+00    0.000E+00    0.000E+00    0.000E+00
     1.200     0.783    0.614E-01    0.512E-02    0.510E-03    0.481E-05    0.481E-05    0.188E-05    0.188E-05    0.000E+00    0.000E+00    0.000E+00    0.000E+00
     1.200     0.784    0.606E-01    0.502E-02    0.494E-03    0.388E-05    0.388E-05    0.152E-05    0.152E-05    0.000E+00    0.000E+00    0.000E+00    0.000E+00
     1.200     0.785    0.599E-01    0.492E-02    0.480E-03    0.302E-05    0.302E-05    0.118E-05    0.118E-05    0.000E+00    0.000E+00    0.000E+00    0.000E+00
     1.200     0.786    0.591E-01    0.482E-02    0.465E-03    0.224E-05    0.224E-05    0.875E-06    0.875E-06    0.000E+00    0.000E+00    0.000E+00    0.000E+00
     1.200     0.787    0.584E-01    0.472E-02    0.451E-03    0.153E-05    0.153E-05    0.599E-06    0.599E-06    0.000E+00    0.000E+00    0.000E+00    0.000E+00
     1.200     0.788    0.576E-01    0.462E-02    0.437E-03    0.897E-06    0.897E-06    0.350E-06    0.350E-06    0.000E+00    0.000E+00    0.000E+00    0.000E+00
     1.200     0.789    0.569E-01    0.452E-02    0.424E-03    0.328E-06    0.328E-06    0.128E-06    0.128E-06    0.000E+00    0.000E+00    0.000E+00    0.000E+00
     1.200     0.790    0.562E-01    0.443E-02    0.410E-03    0.000E+00    0.000E+00    0.000E+00    0.000E+00    0.000E+00    0.000E+00    0.000E+00    0.000E+00
     1.200     0.791    0.554E-01    0.433E-02    0.397E-03    0.000E+00    0.000E+00    0.000E+00    0.000E+00    0.000E+00    0.000E+00    0.000E+00    0.000E+00
     1.200     0.792    0.547E-01    0.424E-02    0.385E-03    0.000E+00    0.000E+00    0.000E+00    0.000E+00    0.000E+00    0.000E+00    0.000E+00    0.000E+00
     1.200     0.793    0.540E-01    0.415E-02    0.372E-03    0.000E+00    0.000E+00    0.000E+00    0.000E+00    0.000E+00    0.000E+00    0.000E+00    0.000E+00
     1.200     0.794    0.533E-01    0.407E-02    0.360E-03    0.000E+00    0.000E+00    0.000E+00    0.000E+00    0.000E+00    0.000E+00    0.000E+00    0.000E+00
     1.200     0.795    0.526E-01    0.398E-02    0.349E-03    0.000E+00    0.000E+00    0.000E+00    0.000E+00    0.000E+00    0.000E+00    0.000E+00    0.000E+00
     1.200     0.796    0.519E-01    0.390E-02    0.337E-03    0.000E+00    0.000E+00    0.000E+00    0.000E+00    0.000E+00    0.000E+00    0.000E+00    0.000E+00
     1.200     0.797    0.512E-01    0.381E-02    0.326E-03    0.000E+00    0.000E+00    0.000E+00    0.000E+00    0.000E+00    0.000E+00    0.000E+00    0.000E+00
     1.200     0.798    0.505E-01    0.373E-02    0.316E-03    0.000E+00    0.000E+00    0.000E+00    0.000E+00    0.000E+00    0.000E+00    0.000E+00    0.000E+00
     1.200     0.799    0.499E-01    0.365E-02    0.305E-03    0.000E+00    0.000E+00    0.000E+00    0.000E+00    0.000E+00    0.000E+00    0.000E+00    0.000E+00
     1.200     0.800    0.492E-01    0.357E-02    0.295E-03    0.000E+00    0.000E+00    0.000E+00    0.000E+00    0.000E+00    0.000E+00    0.000E+00    0.000E+00
     1.200     0.801    0.485E-01    0.349E-02    0.285E-03    0.000E+00    0.000E+00    0.000E+00    0.000E+00    0.000E+00    0.000E+00    0.000E+00    0.000E+00
     1.200     0.802    0.479E-01    0.342E-02    0.276E-03    0.000E+00    0.000E+00    0.000E+00    0.000E+00    0.000E+00    0.000E+00    0.000E+00    0.000E+00
     1.200     0.803    0.472E-01    0.334E-02    0.266E-03    0.000E+00    0.000E+00    0.000E+00    0.000E+00    0.000E+00    0.000E+00    0.000E+00    0.000E+00
     1.200     0.804    0.465E-01    0.327E-02    0.257E-03    0.000E+00    0.000E+00    0.000E+00    0.000E+00    0.000E+00    0.000E+00    0.000E+00    0.000E+00
     1.200     0.805    0.459E-01    0.320E-02    0.248E-03    0.000E+00    0.000E+00    0.000E+00    0.000E+00    0.000E+00    0.000E+00    0.000E+00    0.000E+00
     1.200     0.806    0.453E-01    0.313E-02    0.240E-03    0.000E+00    0.000E+00    0.000E+00    0.000E+00    0.000E+00    0.000E+00    0.000E+00    0.000E+00
     1.200     0.807    0.446E-01    0.306E-02    0.232E-03    0.000E+00    0.000E+00    0.000E+00    0.000E+00    0.000E+00    0.000E+00    0.000E+00    0.000E+00
     1.200     0.808    0.440E-01    0.299E-02    0.224E-03    0.000E+00    0.000E+00    0.000E+00    0.000E+00    0.000E+00    0.000E+00    0.000E+00    0.000E+00
     1.200     0.809    0.434E-01    0.292E-02    0.216E-03    0.000E+00    0.000E+00    0.000E+00    0.000E+00    0.000E+00    0.000E+00    0.000E+00    0.000E+00
     1.200     0.810    0.427E-01    0.286E-02    0.208E-03    0.000E+00    0.000E+00    0.000E+00    0.000E+00    0.000E+00    0.000E+00    0.000E+00    0.000E+00
     1.200     0.811    0.421E-01    0.279E-02    0.201E-03    0.000E+00    0.000E+00    0.000E+00    0.000E+00    0.000E+00    0.000E+00    0.000E+00    0.000E+00
     1.200     0.812    0.415E-01    0.273E-02    0.194E-03    0.000E+00    0.000E+00    0.000E+00    0.000E+00    0.000E+00    0.000E+00    0.000E+00    0.000E+00
     1.200     0.813    0.409E-01    0.267E-02    0.187E-03    0.000E+00    0.000E+00    0.000E+00    0.000E+00    0.000E+00    0.000E+00    0.000E+00    0.000E+00
     1.200     0.814    0.403E-01    0.260E-02    0.180E-03    0.000E+00    0.000E+00    0.000E+00    0.000E+00    0.000E+00    0.000E+00    0.000E+00    0.000E+00
     1.200     0.815    0.397E-01    0.254E-02    0.174E-03    0.000E+00    0.000E+00    0.000E+00    0.000E+00    0.000E+00    0.000E+00    0.000E+00    0.000E+00
     1.200     0.816    0.391E-01    0.248E-02    0.167E-03    0.000E+00    0.000E+00    0.000E+00    0.000E+00    0.000E+00    0.000E+00    0.000E+00    0.000E+00
     1.200     0.817    0.385E-01    0.242E-02    0.161E-03    0.000E+00    0.000E+00    0.000E+00    0.000E+00    0.000E+00    0.000E+00    0.000E+00    0.000E+00
     1.200     0.818    0.380E-01    0.236E-02    0.155E-03    0.000E+00    0.000E+00    0.000E+00    0.000E+00    0.000E+00    0.000E+00    0.000E+00    0.000E+00
     1.200     0.819    0.374E-01    0.231E-02    0.149E-03    0.000E+00    0.000E+00    0.000E+00    0.000E+00    0.000E+00    0.000E+00    0.000E+00    0.000E+00
     1.200     0.820    0.368E-01    0.225E-02    0.143E-03    0.000E+00    0.000E+00    0.000E+00    0.000E+00    0.000E+00    0.000E+00    0.000E+00    0.000E+00
     1.200     0.821    0.363E-01    0.220E-02    0.138E-03    0.000E+00    0.000E+00    0.000E+00    0.000E+00    0.000E+00    0.000E+00    0.000E+00    0.000E+00
     1.200     0.822    0.357E-01    0.214E-02    0.132E-03    0.000E+00    0.000E+00    0.000E+00    0.000E+00    0.000E+00    0.000E+00    0.000E+00    0.000E+00
     1.200     0.823    0.351E-01    0.209E-02    0.127E-03    0.000E+00    0.000E+00    0.000E+00    0.000E+00    0.000E+00    0.000E+00    0.000E+00    0.000E+00
     1.200     0.824    0.346E-01    0.204E-02    0.122E-03    0.000E+00    0.000E+00    0.000E+00    0.000E+00    0.000E+00    0.000E+00    0.000E+00    0.000E+00
     1.200     0.825    0.341E-01    0.199E-02    0.117E-03    0.000E+00    0.000E+00    0.000E+00    0.000E+00    0.000E+00    0.000E+00    0.000E+00    0.000E+00
     1.200     0.826    0.335E-01    0.193E-02    0.113E-03    0.000E+00    0.000E+00    0.000E+00    0.000E+00    0.000E+00    0.000E+00    0.000E+00    0.000E+00
     1.200     0.827    0.330E-01    0.189E-02    0.108E-03    0.000E+00    0.000E+00    0.000E+00    0.000E+00    0.000E+00    0.000E+00    0.000E+00    0.000E+00
     1.200     0.828    0.325E-01    0.184E-02    0.104E-03    0.000E+00    0.000E+00    0.000E+00    0.000E+00    0.000E+00    0.000E+00    0.000E+00    0.000E+00
     1.200     0.829    0.319E-01    0.179E-02    0.997E-04    0.000E+00    0.000E+00    0.000E+00    0.000E+00    0.000E+00    0.000E+00    0.000E+00    0.000E+00
     1.200     0.830    0.314E-01    0.174E-02    0.957E-04    0.000E+00    0.000E+00    0.000E+00    0.000E+00    0.000E+00    0.000E+00    0.000E+00    0.000E+00
     1.200     0.831    0.309E-01    0.170E-02    0.918E-04    0.000E+00    0.000E+00    0.000E+00    0.000E+00    0.000E+00    0.000E+00    0.000E+00    0.000E+00
     1.200     0.832    0.304E-01    0.165E-02    0.881E-04    0.000E+00    0.000E+00    0.000E+00    0.000E+00    0.000E+00    0.000E+00    0.000E+00    0.000E+00
     1.200     0.833    0.299E-01    0.161E-02    0.844E-04    0.000E+00    0.000E+00    0.000E+00    0.000E+00    0.000E+00    0.000E+00    0.000E+00    0.000E+00
     1.200     0.834    0.294E-01    0.157E-02    0.810E-04    0.000E+00    0.000E+00    0.000E+00    0.000E+00    0.000E+00    0.000E+00    0.000E+00    0.000E+00
     1.200     0.835    0.289E-01    0.153E-02    0.776E-04    0.000E+00    0.000E+00    0.000E+00    0.000E+00    0.000E+00    0.000E+00    0.000E+00    0.000E+00
     1.200     0.836    0.284E-01    0.148E-02    0.744E-04    0.000E+00    0.000E+00    0.000E+00    0.000E+00    0.000E+00    0.000E+00    0.000E+00    0.000E+00
     1.200     0.837    0.279E-01    0.144E-02    0.711E-04    0.000E+00    0.000E+00    0.000E+00    0.000E+00    0.000E+00    0.000E+00    0.000E+00    0.000E+00
     1.200     0.838    0.274E-01    0.140E-02    0.679E-04    0.000E+00    0.000E+00    0.000E+00    0.000E+00    0.000E+00    0.000E+00    0.000E+00    0.000E+00
     1.200     0.839    0.270E-01    0.137E-02    0.649E-04    0.000E+00    0.000E+00    0.000E+00    0.000E+00    0.000E+00    0.000E+00    0.000E+00    0.000E+00
     1.200     0.840    0.265E-01    0.133E-02    0.619E-04    0.000E+00    0.000E+00    0.000E+00    0.000E+00    0.000E+00    0.000E+00    0.000E+00    0.000E+00
     1.200     0.841    0.260E-01    0.129E-02    0.591E-04    0.000E+00    0.000E+00    0.000E+00    0.000E+00    0.000E+00    0.000E+00    0.000E+00    0.000E+00
     1.200     0.842    0.256E-01    0.126E-02    0.564E-04    0.000E+00    0.000E+00    0.000E+00    0.000E+00    0.000E+00    0.000E+00    0.000E+00    0.000E+00
     1.200     0.843    0.251E-01    0.122E-02    0.538E-04    0.000E+00    0.000E+00    0.000E+00    0.000E+00    0.000E+00    0.000E+00    0.000E+00    0.000E+00
     1.200     0.844    0.247E-01    0.119E-02    0.512E-04    0.000E+00    0.000E+00    0.000E+00    0.000E+00    0.000E+00    0.000E+00    0.000E+00    0.000E+00
     1.200     0.845    0.242E-01    0.115E-02    0.488E-04    0.000E+00    0.000E+00    0.000E+00    0.000E+00    0.000E+00    0.000E+00    0.000E+00    0.000E+00
     1.200     0.846    0.238E-01    0.112E-02    0.465E-04    0.000E+00    0.000E+00    0.000E+00    0.000E+00    0.000E+00    0.000E+00    0.000E+00    0.000E+00
     1.200     0.847    0.234E-01    0.109E-02    0.443E-04    0.000E+00    0.000E+00    0.000E+00    0.000E+00    0.000E+00    0.000E+00    0.000E+00    0.000E+00
     1.200     0.848    0.229E-01    0.105E-02    0.421E-04    0.000E+00    0.000E+00    0.000E+00    0.000E+00    0.000E+00    0.000E+00    0.000E+00    0.000E+00
     1.200     0.849    0.225E-01    0.102E-02    0.401E-04    0.000E+00    0.000E+00    0.000E+00    0.000E+00    0.000E+00    0.000E+00    0.000E+00    0.000E+00
     1.200     0.850    0.221E-01    0.994E-03    0.381E-04    0.000E+00    0.000E+00    0.000E+00    0.000E+00    0.000E+00    0.000E+00    0.000E+00    0.000E+00
     1.200     0.851    0.217E-01    0.964E-03    0.363E-04    0.000E+00    0.000E+00    0.000E+00    0.000E+00    0.000E+00    0.000E+00    0.000E+00    0.000E+00
     1.200     0.852    0.213E-01    0.936E-03    0.345E-04    0.000E+00    0.000E+00    0.000E+00    0.000E+00    0.000E+00    0.000E+00    0.000E+00    0.000E+00
     1.200     0.853    0.209E-01    0.908E-03    0.328E-04    0.000E+00    0.000E+00    0.000E+00    0.000E+00    0.000E+00    0.000E+00    0.000E+00    0.000E+00
     1.200     0.854    0.205E-01    0.880E-03    0.311E-04    0.000E+00    0.000E+00    0.000E+00    0.000E+00    0.000E+00    0.000E+00    0.000E+00    0.000E+00
     1.200     0.855    0.201E-01    0.854E-03    0.295E-04    0.000E+00    0.000E+00    0.000E+00    0.000E+00    0.000E+00    0.000E+00    0.000E+00    0.000E+00
     1.200     0.856    0.197E-01    0.828E-03    0.281E-04    0.000E+00    0.000E+00    0.000E+00    0.000E+00    0.000E+00    0.000E+00    0.000E+00    0.000E+00
     1.200     0.857    0.193E-01    0.802E-03    0.266E-04    0.000E+00    0.000E+00    0.000E+00    0.000E+00    0.000E+00    0.000E+00    0.000E+00    0.000E+00
     1.200     0.858    0.189E-01    0.777E-03    0.253E-04    0.000E+00    0.000E+00    0.000E+00    0.000E+00    0.000E+00    0.000E+00    0.000E+00    0.000E+00
     1.200     0.859    0.185E-01    0.753E-03    0.240E-04    0.000E+00    0.000E+00    0.000E+00    0.000E+00    0.000E+00    0.000E+00    0.000E+00    0.000E+00
     1.200     0.860    0.182E-01    0.729E-03    0.226E-04    0.000E+00    0.000E+00    0.000E+00    0.000E+00    0.000E+00    0.000E+00    0.000E+00    0.000E+00
     1.200     0.861    0.178E-01    0.706E-03    0.213E-04    0.000E+00    0.000E+00    0.000E+00    0.000E+00    0.000E+00    0.000E+00    0.000E+00    0.000E+00
     1.200     0.862    0.174E-01    0.683E-03    0.201E-04    0.000E+00    0.000E+00    0.000E+00    0.000E+00    0.000E+00    0.000E+00    0.000E+00    0.000E+00
     1.200     0.863    0.171E-01    0.661E-03    0.189E-04    0.000E+00    0.000E+00    0.000E+00    0.000E+00    0.000E+00    0.000E+00    0.000E+00    0.000E+00
     1.200     0.864    0.167E-01    0.640E-03    0.178E-04    0.000E+00    0.000E+00    0.000E+00    0.000E+00    0.000E+00    0.000E+00    0.000E+00    0.000E+00
     1.200     0.865    0.164E-01    0.619E-03    0.167E-04    0.000E+00    0.000E+00    0.000E+00    0.000E+00    0.000E+00    0.000E+00    0.000E+00    0.000E+00
     1.200     0.866    0.160E-01    0.598E-03    0.157E-04    0.000E+00    0.000E+00    0.000E+00    0.000E+00    0.000E+00    0.000E+00    0.000E+00    0.000E+00
     1.200     0.867    0.157E-01    0.578E-03    0.147E-04    0.000E+00    0.000E+00    0.000E+00    0.000E+00    0.000E+00    0.000E+00    0.000E+00    0.000E+00
     1.200     0.868    0.154E-01    0.559E-03    0.138E-04    0.000E+00    0.000E+00    0.000E+00    0.000E+00    0.000E+00    0.000E+00    0.000E+00    0.000E+00
     1.200     0.869    0.150E-01    0.540E-03    0.129E-04    0.000E+00    0.000E+00    0.000E+00    0.000E+00    0.000E+00    0.000E+00    0.000E+00    0.000E+00
     1.200     0.870    0.147E-01    0.522E-03    0.121E-04    0.000E+00    0.000E+00    0.000E+00    0.000E+00    0.000E+00    0.000E+00    0.000E+00    0.000E+00
     1.200     0.871    0.144E-01    0.504E-03    0.113E-04    0.000E+00    0.000E+00    0.000E+00    0.000E+00    0.000E+00    0.000E+00    0.000E+00    0.000E+00
     1.200     0.872    0.141E-01    0.487E-03    0.106E-04    0.000E+00    0.000E+00    0.000E+00    0.000E+00    0.000E+00    0.000E+00    0.000E+00    0.000E+00
     1.200     0.873    0.138E-01    0.470E-03    0.985E-05    0.000E+00    0.000E+00    0.000E+00    0.000E+00    0.000E+00    0.000E+00    0.000E+00    0.000E+00
     1.200     0.874    0.134E-01    0.453E-03    0.919E-05    0.000E+00    0.000E+00    0.000E+00    0.000E+00    0.000E+00    0.000E+00    0.000E+00    0.000E+00
     1.200     0.875    0.131E-01    0.437E-03    0.857E-05    0.000E+00    0.000E+00    0.000E+00    0.000E+00    0.000E+00    0.000E+00    0.000E+00    0.000E+00
     1.200     0.876    0.128E-01    0.422E-03    0.798E-05    0.000E+00    0.000E+00    0.000E+00    0.000E+00    0.000E+00    0.000E+00    0.000E+00    0.000E+00
     1.200     0.877    0.125E-01    0.407E-03    0.743E-05    0.000E+00    0.000E+00    0.000E+00    0.000E+00    0.000E+00    0.000E+00    0.000E+00    0.000E+00
     1.200     0.878    0.123E-01    0.392E-03    0.691E-05    0.000E+00    0.000E+00    0.000E+00    0.000E+00    0.000E+00    0.000E+00    0.000E+00    0.000E+00
     1.200     0.879    0.120E-01    0.378E-03    0.643E-05    0.000E+00    0.000E+00    0.000E+00    0.000E+00    0.000E+00    0.000E+00    0.000E+00    0.000E+00
     1.200     0.880    0.117E-01    0.365E-03    0.598E-05    0.000E+00    0.000E+00    0.000E+00    0.000E+00    0.000E+00    0.000E+00    0.000E+00    0.000E+00
     1.200     0.881    0.114E-01    0.351E-03    0.555E-05    0.000E+00    0.000E+00    0.000E+00    0.000E+00    0.000E+00    0.000E+00    0.000E+00    0.000E+00
     1.200     0.882    0.111E-01    0.338E-03    0.516E-05    0.000E+00    0.000E+00    0.000E+00    0.000E+00    0.000E+00    0.000E+00    0.000E+00    0.000E+00
     1.200     0.883    0.109E-01    0.326E-03    0.475E-05    0.000E+00    0.000E+00    0.000E+00    0.000E+00    0.000E+00    0.000E+00    0.000E+00    0.000E+00
     1.200     0.884    0.106E-01    0.313E-03    0.433E-05    0.000E+00    0.000E+00    0.000E+00    0.000E+00    0.000E+00    0.000E+00    0.000E+00    0.000E+00
     1.200     0.885    0.103E-01    0.301E-03    0.393E-05    0.000E+00    0.000E+00    0.000E+00    0.000E+00    0.000E+00    0.000E+00    0.000E+00    0.000E+00
     1.200     0.886    0.101E-01    0.289E-03    0.356E-05    0.000E+00    0.000E+00    0.000E+00    0.000E+00    0.000E+00    0.000E+00    0.000E+00    0.000E+00
     1.200     0.887    0.983E-02    0.278E-03    0.321E-05    0.000E+00    0.000E+00    0.000E+00    0.000E+00    0.000E+00    0.000E+00    0.000E+00    0.000E+00
     1.200     0.888    0.958E-02    0.267E-03    0.288E-05    0.000E+00    0.000E+00    0.000E+00    0.000E+00    0.000E+00    0.000E+00    0.000E+00    0.000E+00
     1.200     0.889    0.933E-02    0.257E-03    0.258E-05    0.000E+00    0.000E+00    0.000E+00    0.000E+00    0.000E+00    0.000E+00    0.000E+00    0.000E+00
     1.200     0.890    0.909E-02    0.246E-03    0.229E-05    0.000E+00    0.000E+00    0.000E+00    0.000E+00    0.000E+00    0.000E+00    0.000E+00    0.000E+00
     1.200     0.891    0.885E-02    0.236E-03    0.203E-05    0.000E+00    0.000E+00    0.000E+00    0.000E+00    0.000E+00    0.000E+00    0.000E+00    0.000E+00
     1.200     0.892    0.862E-02    0.227E-03    0.178E-05    0.000E+00    0.000E+00    0.000E+00    0.000E+00    0.000E+00    0.000E+00    0.000E+00    0.000E+00
     1.200     0.893    0.839E-02    0.217E-03    0.156E-05    0.000E+00    0.000E+00    0.000E+00    0.000E+00    0.000E+00    0.000E+00    0.000E+00    0.000E+00
     1.200     0.894    0.816E-02    0.209E-03    0.135E-05    0.000E+00    0.000E+00    0.000E+00    0.000E+00    0.000E+00    0.000E+00    0.000E+00    0.000E+00
     1.200     0.895    0.794E-02    0.200E-03    0.116E-05    0.000E+00    0.000E+00    0.000E+00    0.000E+00    0.000E+00    0.000E+00    0.000E+00    0.000E+00
     1.200     0.896    0.772E-02    0.191E-03    0.985E-06    0.000E+00    0.000E+00    0.000E+00    0.000E+00    0.000E+00    0.000E+00    0.000E+00    0.000E+00
     1.200     0.897    0.751E-02    0.183E-03    0.828E-06    0.000E+00    0.000E+00    0.000E+00    0.000E+00    0.000E+00    0.000E+00    0.000E+00    0.000E+00
     1.200     0.898    0.730E-02    0.176E-03    0.685E-06    0.000E+00    0.000E+00    0.000E+00    0.000E+00    0.000E+00    0.000E+00    0.000E+00    0.000E+00
     1.200     0.899    0.709E-02    0.168E-03    0.557E-06    0.000E+00    0.000E+00    0.000E+00    0.000E+00    0.000E+00    0.000E+00    0.000E+00    0.000E+00
     1.200     0.900    0.689E-02    0.161E-03    0.443E-06    0.000E+00    0.000E+00    0.000E+00    0.000E+00    0.000E+00    0.000E+00    0.000E+00    0.000E+00
     1.200     0.901    0.669E-02    0.154E-03    0.341E-06    0.000E+00    0.000E+00    0.000E+00    0.000E+00    0.000E+00    0.000E+00    0.000E+00    0.000E+00
     1.200     0.902    0.650E-02    0.147E-03    0.252E-06    0.000E+00    0.000E+00    0.000E+00    0.000E+00    0.000E+00    0.000E+00    0.000E+00    0.000E+00
     1.200     0.903    0.630E-02    0.141E-03    0.174E-06    0.000E+00    0.000E+00    0.000E+00    0.000E+00    0.000E+00    0.000E+00    0.000E+00    0.000E+00
     1.200     0.904    0.612E-02    0.135E-03    0.107E-06    0.000E+00    0.000E+00    0.000E+00    0.000E+00    0.000E+00    0.000E+00    0.000E+00    0.000E+00
     1.200     0.905    0.593E-02    0.129E-03    0.493E-07    0.000E+00    0.000E+00    0.000E+00    0.000E+00    0.000E+00    0.000E+00    0.000E+00    0.000E+00
     1.200     0.906    0.575E-02    0.123E-03    0.000E+00    0.000E+00    0.000E+00    0.000E+00    0.000E+00    0.000E+00    0.000E+00    0.000E+00    0.000E+00
     1.200     0.907    0.557E-02    0.117E-03    0.000E+00    0.000E+00    0.000E+00    0.000E+00    0.000E+00    0.000E+00    0.000E+00    0.000E+00    0.000E+00
     1.200     0.908    0.540E-02    0.111E-03    0.000E+00    0.000E+00    0.000E+00    0.000E+00    0.000E+00    0.000E+00    0.000E+00    0.000E+00    0.000E+00
     1.200     0.909    0.523E-02    0.106E-03    0.000E+00    0.000E+00    0.000E+00    0.000E+00    0.000E+00    0.000E+00    0.000E+00    0.000E+00    0.000E+00
     1.200     0.910    0.506E-02    0.101E-03    0.000E+00    0.000E+00    0.000E+00    0.000E+00    0.000E+00    0.000E+00    0.000E+00    0.000E+00    0.000E+00
     1.200     0.911    0.490E-02    0.960E-04    0.000E+00    0.000E+00    0.000E+00    0.000E+00    0.000E+00    0.000E+00    0.000E+00    0.000E+00    0.000E+00
     1.200     0.912    0.474E-02    0.912E-04    0.000E+00    0.000E+00    0.000E+00    0.000E+00    0.000E+00    0.000E+00    0.000E+00    0.000E+00    0.000E+00
     1.200     0.913    0.459E-02    0.867E-04    0.000E+00    0.000E+00    0.000E+00    0.000E+00    0.000E+00    0.000E+00    0.000E+00    0.000E+00    0.000E+00
     1.200     0.914    0.443E-02    0.823E-04    0.000E+00    0.000E+00    0.000E+00    0.000E+00    0.000E+00    0.000E+00    0.000E+00    0.000E+00    0.000E+00
     1.200     0.915    0.428E-02    0.781E-04    0.000E+00    0.000E+00    0.000E+00    0.000E+00    0.000E+00    0.000E+00    0.000E+00    0.000E+00    0.000E+00
     1.200     0.916    0.414E-02    0.741E-04    0.000E+00    0.000E+00    0.000E+00    0.000E+00    0.000E+00    0.000E+00    0.000E+00    0.000E+00    0.000E+00
     1.200     0.917    0.399E-02    0.703E-04    0.000E+00    0.000E+00    0.000E+00    0.000E+00    0.000E+00    0.000E+00    0.000E+00    0.000E+00    0.000E+00
     1.200     0.918    0.386E-02    0.667E-04    0.000E+00    0.000E+00    0.000E+00    0.000E+00    0.000E+00    0.000E+00    0.000E+00    0.000E+00    0.000E+00
     1.200     0.919    0.372E-02    0.632E-04    0.000E+00    0.000E+00    0.000E+00    0.000E+00    0.000E+00    0.000E+00    0.000E+00    0.000E+00    0.000E+00
     1.200     0.920    0.359E-02    0.598E-04    0.000E+00    0.000E+00    0.000E+00    0.000E+00    0.000E+00    0.000E+00    0.000E+00    0.000E+00    0.000E+00
     1.200     0.921    0.345E-02    0.567E-04    0.000E+00    0.000E+00    0.000E+00    0.000E+00    0.000E+00    0.000E+00    0.000E+00    0.000E+00    0.000E+00
     1.200     0.922    0.333E-02    0.536E-04    0.000E+00    0.000E+00    0.000E+00    0.000E+00    0.000E+00    0.000E+00    0.000E+00    0.000E+00    0.000E+00
     1.200     0.923    0.320E-02    0.507E-04    0.000E+00    0.000E+00    0.000E+00    0.000E+00    0.000E+00    0.000E+00    0.000E+00    0.000E+00    0.000E+00
     1.200     0.924    0.308E-02    0.480E-04    0.000E+00    0.000E+00    0.000E+00    0.000E+00    0.000E+00    0.000E+00    0.000E+00    0.000E+00    0.000E+00
     1.200     0.925    0.296E-02    0.454E-04    0.000E+00    0.000E+00    0.000E+00    0.000E+00    0.000E+00    0.000E+00    0.000E+00    0.000E+00    0.000E+00
     1.200     0.926    0.285E-02    0.429E-04    0.000E+00    0.000E+00    0.000E+00    0.000E+00    0.000E+00    0.000E+00    0.000E+00    0.000E+00    0.000E+00
     1.200     0.927    0.274E-02    0.406E-04    0.000E+00    0.000E+00    0.000E+00    0.000E+00    0.000E+00    0.000E+00    0.000E+00    0.000E+00    0.000E+00
     1.200     0.928    0.263E-02    0.383E-04    0.000E+00    0.000E+00    0.000E+00    0.000E+00    0.000E+00    0.000E+00    0.000E+00    0.000E+00    0.000E+00
     1.200     0.929    0.252E-02    0.362E-04    0.000E+00    0.000E+00    0.000E+00    0.000E+00    0.000E+00    0.000E+00    0.000E+00    0.000E+00    0.000E+00
     1.200     0.930    0.242E-02    0.341E-04    0.000E+00    0.000E+00    0.000E+00    0.000E+00    0.000E+00    0.000E+00    0.000E+00    0.000E+00    0.000E+00
     1.200     0.931    0.232E-02    0.319E-04    0.000E+00    0.000E+00    0.000E+00    0.000E+00    0.000E+00    0.000E+00    0.000E+00    0.000E+00    0.000E+00
     1.200     0.932    0.222E-02    0.299E-04    0.000E+00    0.000E+00    0.000E+00    0.000E+00    0.000E+00    0.000E+00    0.000E+00    0.000E+00    0.000E+00
     1.200     0.933    0.212E-02    0.280E-04    0.000E+00    0.000E+00    0.000E+00    0.000E+00    0.000E+00    0.000E+00    0.000E+00    0.000E+00    0.000E+00
     1.200     0.934    0.203E-02    0.262E-04    0.000E+00    0.000E+00    0.000E+00    0.000E+00    0.000E+00    0.000E+00    0.000E+00    0.000E+00    0.000E+00
     1.200     0.935    0.194E-02    0.245E-04    0.000E+00    0.000E+00    0.000E+00    0.000E+00    0.000E+00    0.000E+00    0.000E+00    0.000E+00    0.000E+00
     1.200     0.936    0.185E-02    0.229E-04    0.000E+00    0.000E+00    0.000E+00    0.000E+00    0.000E+00    0.000E+00    0.000E+00    0.000E+00    0.000E+00
     1.200     0.937    0.177E-02    0.213E-04    0.000E+00    0.000E+00    0.000E+00    0.000E+00    0.000E+00    0.000E+00    0.000E+00    0.000E+00    0.000E+00
     1.200     0.938    0.169E-02    0.199E-04    0.000E+00    0.000E+00    0.000E+00    0.000E+00    0.000E+00    0.000E+00    0.000E+00    0.000E+00    0.000E+00
     1.200     0.939    0.161E-02    0.185E-04    0.000E+00    0.000E+00    0.000E+00    0.000E+00    0.000E+00    0.000E+00    0.000E+00    0.000E+00    0.000E+00
     1.200     0.940    0.153E-02    0.172E-04    0.000E+00    0.000E+00    0.000E+00    0.000E+00    0.000E+00    0.000E+00    0.000E+00    0.000E+00    0.000E+00
     1.200     0.941    0.145E-02    0.160E-04    0.000E+00    0.000E+00    0.000E+00    0.000E+00    0.000E+00    0.000E+00    0.000E+00    0.000E+00    0.000E+00
     1.200     0.942    0.138E-02    0.149E-04    0.000E+00    0.000E+00    0.000E+00    0.000E+00    0.000E+00    0.000E+00    0.000E+00    0.000E+00    0.000E+00
     1.200     0.943    0.131E-02    0.138E-04    0.000E+00    0.000E+00    0.000E+00    0.000E+00    0.000E+00    0.000E+00    0.000E+00    0.000E+00    0.000E+00
     1.200     0.944    0.124E-02    0.128E-04    0.000E+00    0.000E+00    0.000E+00    0.000E+00    0.000E+00    0.000E+00    0.000E+00    0.000E+00    0.000E+00
     1.200     0.945    0.118E-02    0.119E-04    0.000E+00    0.000E+00    0.000E+00    0.000E+00    0.000E+00    0.000E+00    0.000E+00    0.000E+00    0.000E+00
     1.200     0.946    0.111E-02    0.110E-04    0.000E+00    0.000E+00    0.000E+00    0.000E+00    0.000E+00    0.000E+00    0.000E+00    0.000E+00    0.000E+00
     1.200     0.947    0.105E-02    0.102E-04    0.000E+00    0.000E+00    0.000E+00    0.000E+00    0.000E+00    0.000E+00    0.000E+00    0.000E+00    0.000E+00
     1.200     0.948    0.991E-03    0.950E-05    0.000E+00    0.000E+00    0.000E+00    0.000E+00    0.000E+00    0.000E+00    0.000E+00    0.000E+00    0.000E+00
     1.200     0.949    0.934E-03    0.882E-05    0.000E+00    0.000E+00    0.000E+00    0.000E+00    0.000E+00    0.000E+00    0.000E+00    0.000E+00    0.000E+00
     1.200     0.950    0.878E-03    0.818E-05    0.000E+00    0.000E+00    0.000E+00    0.000E+00    0.000E+00    0.000E+00    0.000E+00    0.000E+00    0.000E+00
     1.200     0.951    0.824E-03    0.760E-05    0.000E+00    0.000E+00    0.000E+00    0.000E+00    0.000E+00    0.000E+00    0.000E+00    0.000E+00    0.000E+00
     1.200     0.952    0.773E-03    0.706E-05    0.000E+00    0.000E+00    0.000E+00    0.000E+00    0.000E+00    0.000E+00    0.000E+00    0.000E+00    0.000E+00
     1.200     0.953    0.722E-03    0.654E-05    0.000E+00    0.148E-08    0.148E-08    0.590E-09    0.590E-09    0.000E+00    0.000E+00    0.000E+00    0.000E+00
     1.200     0.954    0.672E-03    0.591E-05    0.000E+00    0.974E-08    0.974E-08    0.389E-08    0.389E-08    0.000E+00    0.000E+00    0.000E+00    0.000E+00
     1.200     0.955    0.623E-03    0.533E-05    0.000E+00    0.183E-07    0.183E-07    0.732E-08    0.732E-08    0.000E+00    0.000E+00    0.000E+00    0.000E+00
     1.200     0.956    0.576E-03    0.478E-05    0.000E+00    0.271E-07    0.271E-07    0.109E-07    0.109E-07    0.000E+00    0.000E+00    0.000E+00    0.000E+00
     1.200     0.957    0.531E-03    0.426E-05    0.000E+00    0.362E-07    0.362E-07    0.145E-07    0.145E-07    0.000E+00    0.000E+00    0.000E+00    0.000E+00
     1.200     0.958    0.487E-03    0.379E-05    0.000E+00    0.454E-07    0.454E-07    0.182E-07    0.182E-07    0.000E+00    0.000E+00    0.000E+00    0.000E+00
     1.200     0.959    0.446E-03    0.334E-05    0.000E+00    0.548E-07    0.548E-07    0.219E-07    0.219E-07    0.000E+00    0.000E+00    0.000E+00    0.000E+00
     1.200     0.960    0.406E-03    0.294E-05    0.000E+00    0.643E-07    0.643E-07    0.257E-07    0.257E-07    0.000E+00    0.000E+00    0.000E+00    0.000E+00
     1.200     0.961    0.368E-03    0.256E-05    0.000E+00    0.738E-07    0.738E-07    0.295E-07    0.295E-07    0.000E+00    0.000E+00    0.000E+00    0.000E+00
     1.200     0.962    0.331E-03    0.221E-05    0.000E+00    0.834E-07    0.834E-07    0.333E-07    0.333E-07    0.000E+00    0.000E+00    0.000E+00    0.000E+00
     1.200     0.963    0.296E-03    0.190E-05    0.000E+00    0.929E-07    0.929E-07    0.371E-07    0.371E-07    0.000E+00    0.000E+00    0.000E+00    0.000E+00
     1.200     0.964    0.263E-03    0.161E-05    0.000E+00    0.102E-06    0.102E-06    0.409E-07    0.409E-07    0.000E+00    0.000E+00    0.000E+00    0.000E+00
     1.200     0.965    0.231E-03    0.135E-05    0.000E+00    0.112E-06    0.112E-06    0.446E-07    0.446E-07    0.000E+00    0.000E+00    0.000E+00    0.000E+00
     1.200     0.966    0.201E-03    0.112E-05    0.000E+00    0.121E-06    0.121E-06    0.483E-07    0.483E-07    0.000E+00    0.000E+00    0.000E+00    0.000E+00
     1.200     0.967    0.173E-03    0.910E-06    0.000E+00    0.130E-06    0.130E-06    0.518E-07    0.518E-07    0.137E-12    0.137E-12    0.000E+00    0.000E+00
     1.200     0.968    0.146E-03    0.726E-06    0.000E+00    0.138E-06    0.138E-06    0.553E-07    0.553E-07    0.274E-12    0.274E-12    0.000E+00    0.000E+00
     1.200     0.969    0.120E-03    0.565E-06    0.000E+00    0.147E-06    0.147E-06    0.586E-07    0.586E-07    0.352E-12    0.352E-12    0.000E+00    0.000E+00
     1.200     0.970    0.966E-04    0.425E-06    0.000E+00    0.155E-06    0.155E-06    0.618E-07    0.618E-07    0.378E-12    0.378E-12    0.000E+00    0.000E+00
     1.200     0.971    0.743E-04    0.305E-06    0.000E+00    0.162E-06    0.162E-06    0.649E-07    0.649E-07    0.354E-12    0.354E-12    0.000E+00    0.000E+00
     1.200     0.972    0.536E-04    0.204E-06    0.000E+00    0.169E-06    0.169E-06    0.677E-07    0.677E-07    0.286E-12    0.286E-12    0.000E+00    0.000E+00
     1.200     0.973    0.343E-04    0.122E-06    0.000E+00    0.176E-06    0.176E-06    0.704E-07    0.704E-07    0.179E-12    0.179E-12    0.000E+00    0.000E+00
     1.200     0.974    0.164E-04    0.555E-07    0.000E+00    0.182E-06    0.182E-06    0.728E-07    0.728E-07    0.366E-13    0.366E-13    0.000E+00    0.000E+00
     1.200     0.975    0.117E-07    0.479E-08    0.654E-09    0.188E-06    0.188E-06    0.751E-07    0.751E-07    0.000E+00    0.000E+00    0.000E+00    0.000E+00
     1.200     0.976    0.000E+00    0.000E+00    0.347E-08    0.193E-06    0.193E-06    0.770E-07    0.770E-07    0.000E+00    0.000E+00    0.000E+00    0.000E+00
     1.200     0.977    0.000E+00    0.000E+00    0.603E-08    0.197E-06    0.197E-06    0.787E-07    0.787E-07    0.000E+00    0.000E+00    0.000E+00    0.000E+00
     1.200     0.978    0.000E+00    0.000E+00    0.834E-08    0.200E-06    0.200E-06    0.802E-07    0.802E-07    0.000E+00    0.000E+00    0.000E+00    0.000E+00
     1.200     0.979    0.000E+00    0.000E+00    0.104E-07    0.203E-06    0.203E-06    0.813E-07    0.813E-07    0.000E+00    0.000E+00    0.000E+00    0.000E+00
     1.200     0.980    0.000E+00    0.000E+00    0.122E-07    0.205E-06    0.205E-06    0.821E-07    0.821E-07    0.000E+00    0.000E+00    0.000E+00    0.000E+00
     1.200     0.981    0.000E+00    0.000E+00    0.138E-07    0.206E-06    0.206E-06    0.825E-07    0.825E-07    0.000E+00    0.000E+00    0.000E+00    0.000E+00
     1.200     0.982    0.000E+00    0.000E+00    0.151E-07    0.206E-06    0.206E-06    0.826E-07    0.826E-07    0.000E+00    0.000E+00    0.000E+00    0.000E+00
     1.200     0.983    0.000E+00    0.172E-08    0.162E-07    0.206E-06    0.206E-06    0.823E-07    0.823E-07    0.000E+00    0.000E+00    0.000E+00    0.000E+00
     1.200     0.984    0.000E+00    0.327E-07    0.170E-07    0.204E-06    0.204E-06    0.816E-07    0.816E-07    0.000E+00    0.000E+00    0.000E+00    0.000E+00
     1.200     0.985    0.000E+00    0.664E-07    0.176E-07    0.201E-06    0.201E-06    0.805E-07    0.805E-07    0.000E+00    0.000E+00    0.000E+00    0.000E+00
     1.200     0.986    0.000E+00    0.101E-06    0.180E-07    0.197E-06    0.197E-06    0.789E-07    0.789E-07    0.000E+00    0.000E+00    0.000E+00    0.000E+00
     1.200     0.987    0.000E+00    0.137E-06    0.181E-07    0.192E-06    0.192E-06    0.769E-07    0.769E-07    0.000E+00    0.000E+00    0.000E+00    0.000E+00
     1.200     0.988    0.000E+00    0.170E-06    0.180E-07    0.186E-06    0.186E-06    0.744E-07    0.744E-07    0.000E+00    0.000E+00    0.000E+00    0.000E+00
     1.200     0.989    0.000E+00    0.202E-06    0.177E-07    0.178E-06    0.178E-06    0.714E-07    0.714E-07    0.000E+00    0.000E+00    0.000E+00    0.000E+00
     1.200     0.990    0.000E+00    0.229E-06    0.171E-07    0.170E-06    0.170E-06    0.679E-07    0.679E-07    0.000E+00    0.000E+00    0.000E+00    0.000E+00
     1.200     0.991    0.000E+00    0.252E-06    0.164E-07    0.160E-06    0.160E-06    0.638E-07    0.638E-07    0.000E+00    0.000E+00    0.000E+00    0.000E+00
     1.200     0.992    0.000E+00    0.268E-06    0.154E-07    0.148E-06    0.148E-06    0.592E-07    0.592E-07    0.000E+00    0.000E+00    0.000E+00    0.000E+00
     1.200     0.993    0.000E+00    0.276E-06    0.142E-07    0.135E-06    0.135E-06    0.541E-07    0.541E-07    0.000E+00    0.000E+00    0.000E+00    0.000E+00
     1.200     0.994    0.000E+00    0.275E-06    0.128E-07    0.121E-06    0.121E-06    0.483E-07    0.483E-07    0.000E+00    0.000E+00    0.000E+00    0.000E+00
     1.200     0.995    0.000E+00    0.263E-06    0.112E-07    0.105E-06    0.105E-06    0.419E-07    0.419E-07    0.000E+00    0.000E+00    0.000E+00    0.000E+00
     1.200     0.996    0.000E+00    0.240E-06    0.933E-08    0.872E-07    0.872E-07    0.349E-07    0.349E-07    0.000E+00    0.000E+00    0.000E+00    0.000E+00
     1.200     0.997    0.000E+00    0.203E-06    0.730E-08    0.680E-07    0.680E-07    0.272E-07    0.272E-07    0.000E+00    0.000E+00    0.000E+00    0.000E+00
     1.200     0.998    0.000E+00    0.152E-06    0.507E-08    0.471E-07    0.471E-07    0.188E-07    0.188E-07    0.000E+00    0.000E+00    0.000E+00    0.000E+00
     1.200     0.999    0.000E+00    0.845E-07    0.263E-08    0.244E-07    0.244E-07    0.977E-08    0.977E-08    0.000E+00    0.000E+00    0.000E+00    0.000E+00

