     Q**2          x         u           d           g          ub          db          sb          s          cb          c          bb          b
     1.300     0.001    0.309E+00    0.288E+00    0.000E+00    0.277E+00    0.282E+00    0.905E-01    0.905E-01    0.000E+00    0.000E+00    0.000E+00    0.000E+00
     1.300     0.002    0.288E+00    0.260E+00    0.000E+00    0.239E+00    0.247E+00    0.782E-01    0.782E-01    0.000E+00    0.000E+00    0.000E+00    0.000E+00
     1.300     0.003    0.281E+00    0.249E+00    0.216E+00    0.218E+00    0.229E+00    0.718E-01    0.718E-01    0.000E+00    0.000E+00    0.000E+00    0.000E+00
     1.300     0.004    0.281E+00    0.247E+00    0.432E+00    0.206E+00    0.218E+00    0.681E-01    0.681E-01    0.000E+00    0.000E+00    0.000E+00    0.000E+00
     1.300     0.005    0.283E+00    0.247E+00    0.613E+00    0.197E+00    0.211E+00    0.655E-01    0.655E-01    0.000E+00    0.000E+00    0.000E+00    0.000E+00
     1.300     0.006    0.287E+00    0.249E+00    0.770E+00    0.190E+00    0.205E+00    0.636E-01    0.636E-01    0.000E+00    0.000E+00    0.000E+00    0.000E+00
     1.300     0.007    0.292E+00    0.252E+00    0.906E+00    0.184E+00    0.201E+00    0.622E-01    0.622E-01    0.000E+00    0.000E+00    0.000E+00    0.000E+00
     1.300     0.008    0.296E+00    0.255E+00    0.103E+01    0.179E+00    0.197E+00    0.609E-01    0.609E-01    0.000E+00    0.000E+00    0.000E+00    0.000E+00
     1.300     0.009    0.301E+00    0.259E+00    0.114E+01    0.176E+00    0.195E+00    0.601E-01    0.601E-01    0.000E+00    0.000E+00    0.000E+00    0.000E+00
     1.300     0.010    0.306E+00    0.263E+00    0.123E+01    0.172E+00    0.192E+00    0.592E-01    0.592E-01    0.000E+00    0.000E+00    0.000E+00    0.000E+00
     1.300     0.011    0.312E+00    0.268E+00    0.132E+01    0.169E+00    0.189E+00    0.586E-01    0.586E-01    0.000E+00    0.000E+00    0.000E+00    0.000E+00
     1.300     0.012    0.317E+00    0.273E+00    0.140E+01    0.167E+00    0.187E+00    0.579E-01    0.579E-01    0.000E+00    0.000E+00    0.000E+00    0.000E+00
     1.300     0.013    0.323E+00    0.277E+00    0.147E+01    0.164E+00    0.185E+00    0.575E-01    0.575E-01    0.000E+00    0.000E+00    0.000E+00    0.000E+00
     1.300     0.014    0.329E+00    0.282E+00    0.154E+01    0.163E+00    0.184E+00    0.571E-01    0.571E-01    0.000E+00    0.000E+00    0.000E+00    0.000E+00
     1.300     0.015    0.334E+00    0.287E+00    0.160E+01    0.161E+00    0.182E+00    0.567E-01    0.567E-01    0.000E+00    0.000E+00    0.000E+00    0.000E+00
     1.300     0.016    0.340E+00    0.291E+00    0.166E+01    0.159E+00    0.181E+00    0.564E-01    0.564E-01    0.000E+00    0.000E+00    0.000E+00    0.000E+00
     1.300     0.017    0.345E+00    0.296E+00    0.171E+01    0.158E+00    0.179E+00    0.561E-01    0.561E-01    0.000E+00    0.000E+00    0.000E+00    0.000E+00
     1.300     0.018    0.351E+00    0.300E+00    0.175E+01    0.157E+00    0.178E+00    0.559E-01    0.559E-01    0.000E+00    0.000E+00    0.000E+00    0.000E+00
     1.300     0.019    0.356E+00    0.305E+00    0.179E+01    0.155E+00    0.177E+00    0.556E-01    0.556E-01    0.000E+00    0.000E+00    0.000E+00    0.000E+00
     1.300     0.020    0.362E+00    0.309E+00    0.183E+01    0.154E+00    0.176E+00    0.554E-01    0.554E-01    0.000E+00    0.000E+00    0.000E+00    0.000E+00
     1.300     0.021    0.368E+00    0.313E+00    0.187E+01    0.154E+00    0.175E+00    0.553E-01    0.553E-01    0.000E+00    0.000E+00    0.000E+00    0.000E+00
     1.300     0.022    0.373E+00    0.317E+00    0.190E+01    0.153E+00    0.174E+00    0.551E-01    0.551E-01    0.000E+00    0.000E+00    0.000E+00    0.000E+00
     1.300     0.023    0.378E+00    0.321E+00    0.193E+01    0.152E+00    0.172E+00    0.549E-01    0.549E-01    0.000E+00    0.000E+00    0.000E+00    0.000E+00
     1.300     0.024    0.384E+00    0.325E+00    0.196E+01    0.151E+00    0.171E+00    0.547E-01    0.547E-01    0.000E+00    0.000E+00    0.000E+00    0.000E+00
     1.300     0.025    0.389E+00    0.329E+00    0.199E+01    0.150E+00    0.170E+00    0.546E-01    0.546E-01    0.000E+00    0.000E+00    0.000E+00    0.000E+00
     1.300     0.026    0.394E+00    0.333E+00    0.201E+01    0.149E+00    0.170E+00    0.545E-01    0.545E-01    0.000E+00    0.000E+00    0.000E+00    0.000E+00
     1.300     0.027    0.399E+00    0.337E+00    0.204E+01    0.149E+00    0.169E+00    0.544E-01    0.544E-01    0.000E+00    0.000E+00    0.000E+00    0.000E+00
     1.300     0.028    0.404E+00    0.340E+00    0.206E+01    0.148E+00    0.168E+00    0.542E-01    0.542E-01    0.000E+00    0.000E+00    0.000E+00    0.000E+00
     1.300     0.029    0.410E+00    0.344E+00    0.207E+01    0.147E+00    0.167E+00    0.541E-01    0.541E-01    0.000E+00    0.000E+00    0.000E+00    0.000E+00
     1.300     0.030    0.415E+00    0.347E+00    0.209E+01    0.147E+00    0.166E+00    0.540E-01    0.540E-01    0.000E+00    0.000E+00    0.000E+00    0.000E+00
     1.300     0.031    0.420E+00    0.351E+00    0.210E+01    0.146E+00    0.165E+00    0.540E-01    0.540E-01    0.000E+00    0.000E+00    0.000E+00    0.000E+00
     1.300     0.032    0.425E+00    0.354E+00    0.211E+01    0.146E+00    0.165E+00    0.539E-01    0.539E-01    0.000E+00    0.000E+00    0.000E+00    0.000E+00
     1.300     0.033    0.429E+00    0.357E+00    0.212E+01    0.145E+00    0.164E+00    0.538E-01    0.538E-01    0.000E+00    0.000E+00    0.000E+00    0.000E+00
     1.300     0.034    0.434E+00    0.360E+00    0.213E+01    0.145E+00    0.163E+00    0.537E-01    0.537E-01    0.000E+00    0.000E+00    0.000E+00    0.000E+00
     1.300     0.035    0.439E+00    0.363E+00    0.214E+01    0.144E+00    0.163E+00    0.536E-01    0.536E-01    0.000E+00    0.000E+00    0.000E+00    0.000E+00
     1.300     0.036    0.444E+00    0.366E+00    0.214E+01    0.144E+00    0.162E+00    0.536E-01    0.536E-01    0.000E+00    0.000E+00    0.000E+00    0.000E+00
     1.300     0.037    0.448E+00    0.369E+00    0.214E+01    0.144E+00    0.161E+00    0.535E-01    0.535E-01    0.000E+00    0.000E+00    0.000E+00    0.000E+00
     1.300     0.038    0.453E+00    0.372E+00    0.215E+01    0.143E+00    0.161E+00    0.535E-01    0.535E-01    0.000E+00    0.000E+00    0.000E+00    0.000E+00
     1.300     0.039    0.457E+00    0.375E+00    0.215E+01    0.143E+00    0.160E+00    0.534E-01    0.534E-01    0.000E+00    0.000E+00    0.000E+00    0.000E+00
     1.300     0.040    0.462E+00    0.377E+00    0.215E+01    0.142E+00    0.160E+00    0.533E-01    0.533E-01    0.000E+00    0.000E+00    0.000E+00    0.000E+00
     1.300     0.041    0.466E+00    0.380E+00    0.215E+01    0.142E+00    0.159E+00    0.532E-01    0.532E-01    0.000E+00    0.000E+00    0.000E+00    0.000E+00
     1.300     0.042    0.470E+00    0.382E+00    0.215E+01    0.141E+00    0.159E+00    0.531E-01    0.531E-01    0.000E+00    0.000E+00    0.000E+00    0.000E+00
     1.300     0.043    0.475E+00    0.385E+00    0.215E+01    0.141E+00    0.158E+00    0.530E-01    0.530E-01    0.000E+00    0.000E+00    0.000E+00    0.000E+00
     1.300     0.044    0.479E+00    0.387E+00    0.215E+01    0.140E+00    0.158E+00    0.530E-01    0.530E-01    0.000E+00    0.000E+00    0.000E+00    0.000E+00
     1.300     0.045    0.483E+00    0.390E+00    0.215E+01    0.140E+00    0.157E+00    0.529E-01    0.529E-01    0.000E+00    0.000E+00    0.000E+00    0.000E+00
     1.300     0.046    0.487E+00    0.392E+00    0.215E+01    0.139E+00    0.157E+00    0.528E-01    0.528E-01    0.000E+00    0.000E+00    0.000E+00    0.000E+00
     1.300     0.047    0.491E+00    0.394E+00    0.215E+01    0.139E+00    0.156E+00    0.527E-01    0.527E-01    0.000E+00    0.000E+00    0.000E+00    0.000E+00
     1.300     0.048    0.495E+00    0.396E+00    0.214E+01    0.138E+00    0.156E+00    0.526E-01    0.526E-01    0.000E+00    0.000E+00    0.000E+00    0.000E+00
     1.300     0.049    0.499E+00    0.398E+00    0.214E+01    0.137E+00    0.155E+00    0.525E-01    0.525E-01    0.000E+00    0.000E+00    0.000E+00    0.000E+00
     1.300     0.050    0.502E+00    0.400E+00    0.214E+01    0.137E+00    0.155E+00    0.524E-01    0.524E-01    0.000E+00    0.000E+00    0.000E+00    0.000E+00
     1.300     0.051    0.506E+00    0.402E+00    0.213E+01    0.136E+00    0.154E+00    0.523E-01    0.523E-01    0.000E+00    0.000E+00    0.000E+00    0.000E+00
     1.300     0.052    0.510E+00    0.404E+00    0.212E+01    0.136E+00    0.154E+00    0.522E-01    0.522E-01    0.000E+00    0.000E+00    0.000E+00    0.000E+00
     1.300     0.053    0.514E+00    0.406E+00    0.212E+01    0.135E+00    0.153E+00    0.521E-01    0.521E-01    0.000E+00    0.000E+00    0.000E+00    0.000E+00
     1.300     0.054    0.517E+00    0.408E+00    0.211E+01    0.134E+00    0.153E+00    0.520E-01    0.520E-01    0.000E+00    0.000E+00    0.000E+00    0.000E+00
     1.300     0.055    0.521E+00    0.410E+00    0.210E+01    0.134E+00    0.153E+00    0.518E-01    0.518E-01    0.000E+00    0.000E+00    0.000E+00    0.000E+00
     1.300     0.056    0.524E+00    0.411E+00    0.210E+01    0.133E+00    0.152E+00    0.517E-01    0.517E-01    0.000E+00    0.000E+00    0.000E+00    0.000E+00
     1.300     0.057    0.528E+00    0.413E+00    0.209E+01    0.132E+00    0.152E+00    0.516E-01    0.516E-01    0.000E+00    0.000E+00    0.000E+00    0.000E+00
     1.300     0.058    0.531E+00    0.415E+00    0.208E+01    0.132E+00    0.151E+00    0.515E-01    0.515E-01    0.000E+00    0.000E+00    0.000E+00    0.000E+00
     1.300     0.059    0.534E+00    0.416E+00    0.207E+01    0.131E+00    0.151E+00    0.514E-01    0.514E-01    0.000E+00    0.000E+00    0.000E+00    0.000E+00
     1.300     0.060    0.538E+00    0.418E+00    0.206E+01    0.130E+00    0.151E+00    0.513E-01    0.513E-01    0.000E+00    0.000E+00    0.000E+00    0.000E+00
     1.300     0.061    0.541E+00    0.419E+00    0.205E+01    0.130E+00    0.150E+00    0.511E-01    0.511E-01    0.000E+00    0.000E+00    0.000E+00    0.000E+00
     1.300     0.062    0.544E+00    0.421E+00    0.204E+01    0.129E+00    0.150E+00    0.510E-01    0.510E-01    0.000E+00    0.000E+00    0.000E+00    0.000E+00
     1.300     0.063    0.547E+00    0.422E+00    0.203E+01    0.128E+00    0.150E+00    0.509E-01    0.509E-01    0.000E+00    0.000E+00    0.000E+00    0.000E+00
     1.300     0.064    0.551E+00    0.424E+00    0.202E+01    0.128E+00    0.149E+00    0.508E-01    0.508E-01    0.000E+00    0.000E+00    0.000E+00    0.000E+00
     1.300     0.065    0.554E+00    0.425E+00    0.201E+01    0.127E+00    0.149E+00    0.506E-01    0.506E-01    0.000E+00    0.000E+00    0.000E+00    0.000E+00
     1.300     0.066    0.557E+00    0.426E+00    0.200E+01    0.126E+00    0.149E+00    0.505E-01    0.505E-01    0.000E+00    0.000E+00    0.000E+00    0.000E+00
     1.300     0.067    0.560E+00    0.428E+00    0.199E+01    0.125E+00    0.149E+00    0.504E-01    0.504E-01    0.000E+00    0.000E+00    0.000E+00    0.000E+00
     1.300     0.068    0.563E+00    0.429E+00    0.198E+01    0.125E+00    0.148E+00    0.502E-01    0.502E-01    0.000E+00    0.000E+00    0.000E+00    0.000E+00
     1.300     0.069    0.565E+00    0.430E+00    0.197E+01    0.124E+00    0.148E+00    0.501E-01    0.501E-01    0.000E+00    0.000E+00    0.000E+00    0.000E+00
     1.300     0.070    0.568E+00    0.431E+00    0.196E+01    0.123E+00    0.148E+00    0.499E-01    0.499E-01    0.000E+00    0.000E+00    0.000E+00    0.000E+00
     1.300     0.071    0.571E+00    0.432E+00    0.195E+01    0.122E+00    0.147E+00    0.498E-01    0.498E-01    0.000E+00    0.000E+00    0.000E+00    0.000E+00
     1.300     0.072    0.574E+00    0.433E+00    0.194E+01    0.122E+00    0.147E+00    0.497E-01    0.497E-01    0.000E+00    0.000E+00    0.000E+00    0.000E+00
     1.300     0.073    0.577E+00    0.435E+00    0.192E+01    0.121E+00    0.147E+00    0.495E-01    0.495E-01    0.000E+00    0.000E+00    0.000E+00    0.000E+00
     1.300     0.074    0.579E+00    0.436E+00    0.191E+01    0.120E+00    0.147E+00    0.494E-01    0.494E-01    0.000E+00    0.000E+00    0.000E+00    0.000E+00
     1.300     0.075    0.582E+00    0.437E+00    0.190E+01    0.119E+00    0.146E+00    0.492E-01    0.492E-01    0.000E+00    0.000E+00    0.000E+00    0.000E+00
     1.300     0.076    0.585E+00    0.437E+00    0.189E+01    0.118E+00    0.146E+00    0.490E-01    0.490E-01    0.000E+00    0.000E+00    0.000E+00    0.000E+00
     1.300     0.077    0.587E+00    0.438E+00    0.188E+01    0.118E+00    0.146E+00    0.489E-01    0.489E-01    0.000E+00    0.000E+00    0.000E+00    0.000E+00
     1.300     0.078    0.590E+00    0.439E+00    0.186E+01    0.117E+00    0.145E+00    0.487E-01    0.487E-01    0.000E+00    0.000E+00    0.000E+00    0.000E+00
     1.300     0.079    0.592E+00    0.440E+00    0.185E+01    0.116E+00    0.145E+00    0.486E-01    0.486E-01    0.000E+00    0.000E+00    0.000E+00    0.000E+00
     1.300     0.080    0.595E+00    0.441E+00    0.184E+01    0.115E+00    0.145E+00    0.484E-01    0.484E-01    0.000E+00    0.000E+00    0.000E+00    0.000E+00
     1.300     0.081    0.597E+00    0.442E+00    0.183E+01    0.114E+00    0.145E+00    0.483E-01    0.483E-01    0.000E+00    0.000E+00    0.000E+00    0.000E+00
     1.300     0.082    0.600E+00    0.443E+00    0.182E+01    0.114E+00    0.144E+00    0.481E-01    0.481E-01    0.000E+00    0.000E+00    0.000E+00    0.000E+00
     1.300     0.083    0.602E+00    0.443E+00    0.180E+01    0.113E+00    0.144E+00    0.479E-01    0.479E-01    0.000E+00    0.000E+00    0.000E+00    0.000E+00
     1.300     0.084    0.605E+00    0.444E+00    0.179E+01    0.112E+00    0.144E+00    0.478E-01    0.478E-01    0.000E+00    0.000E+00    0.000E+00    0.000E+00
     1.300     0.085    0.607E+00    0.445E+00    0.178E+01    0.111E+00    0.143E+00    0.476E-01    0.476E-01    0.000E+00    0.000E+00    0.000E+00    0.000E+00
     1.300     0.086    0.609E+00    0.445E+00    0.177E+01    0.110E+00    0.143E+00    0.474E-01    0.474E-01    0.000E+00    0.000E+00    0.000E+00    0.000E+00
     1.300     0.087    0.612E+00    0.446E+00    0.175E+01    0.110E+00    0.143E+00    0.473E-01    0.473E-01    0.000E+00    0.000E+00    0.000E+00    0.000E+00
     1.300     0.088    0.614E+00    0.447E+00    0.174E+01    0.109E+00    0.143E+00    0.471E-01    0.471E-01    0.000E+00    0.000E+00    0.000E+00    0.000E+00
     1.300     0.089    0.616E+00    0.447E+00    0.173E+01    0.108E+00    0.142E+00    0.469E-01    0.469E-01    0.000E+00    0.000E+00    0.000E+00    0.000E+00
     1.300     0.090    0.618E+00    0.448E+00    0.171E+01    0.107E+00    0.142E+00    0.467E-01    0.467E-01    0.000E+00    0.000E+00    0.000E+00    0.000E+00
     1.300     0.091    0.620E+00    0.448E+00    0.170E+01    0.106E+00    0.142E+00    0.465E-01    0.465E-01    0.000E+00    0.000E+00    0.000E+00    0.000E+00
     1.300     0.092    0.623E+00    0.449E+00    0.169E+01    0.105E+00    0.141E+00    0.464E-01    0.464E-01    0.000E+00    0.000E+00    0.000E+00    0.000E+00
     1.300     0.093    0.625E+00    0.449E+00    0.168E+01    0.105E+00    0.141E+00    0.462E-01    0.462E-01    0.000E+00    0.000E+00    0.000E+00    0.000E+00
     1.300     0.094    0.627E+00    0.450E+00    0.166E+01    0.104E+00    0.141E+00    0.460E-01    0.460E-01    0.000E+00    0.000E+00    0.000E+00    0.000E+00
     1.300     0.095    0.629E+00    0.450E+00    0.165E+01    0.103E+00    0.140E+00    0.458E-01    0.458E-01    0.000E+00    0.000E+00    0.000E+00    0.000E+00
     1.300     0.096    0.631E+00    0.451E+00    0.164E+01    0.102E+00    0.140E+00    0.457E-01    0.457E-01    0.000E+00    0.000E+00    0.000E+00    0.000E+00
     1.300     0.097    0.633E+00    0.451E+00    0.163E+01    0.102E+00    0.140E+00    0.455E-01    0.455E-01    0.000E+00    0.000E+00    0.000E+00    0.000E+00
     1.300     0.098    0.635E+00    0.451E+00    0.161E+01    0.101E+00    0.139E+00    0.453E-01    0.453E-01    0.000E+00    0.000E+00    0.000E+00    0.000E+00
     1.300     0.099    0.637E+00    0.452E+00    0.160E+01    0.999E-01    0.139E+00    0.451E-01    0.451E-01    0.000E+00    0.000E+00    0.000E+00    0.000E+00
     1.300     0.100    0.639E+00    0.452E+00    0.159E+01    0.992E-01    0.139E+00    0.449E-01    0.449E-01    0.000E+00    0.000E+00    0.000E+00    0.000E+00
     1.300     0.101    0.641E+00    0.452E+00    0.158E+01    0.984E-01    0.138E+00    0.447E-01    0.447E-01    0.000E+00    0.000E+00    0.000E+00    0.000E+00
     1.300     0.102    0.643E+00    0.453E+00    0.156E+01    0.976E-01    0.138E+00    0.445E-01    0.445E-01    0.000E+00    0.000E+00    0.000E+00    0.000E+00
     1.300     0.103    0.645E+00    0.453E+00    0.155E+01    0.969E-01    0.137E+00    0.443E-01    0.443E-01    0.000E+00    0.000E+00    0.000E+00    0.000E+00
     1.300     0.104    0.647E+00    0.453E+00    0.154E+01    0.961E-01    0.137E+00    0.441E-01    0.441E-01    0.000E+00    0.000E+00    0.000E+00    0.000E+00
     1.300     0.105    0.648E+00    0.453E+00    0.153E+01    0.954E-01    0.137E+00    0.440E-01    0.440E-01    0.000E+00    0.000E+00    0.000E+00    0.000E+00
     1.300     0.106    0.650E+00    0.453E+00    0.152E+01    0.946E-01    0.136E+00    0.438E-01    0.438E-01    0.000E+00    0.000E+00    0.000E+00    0.000E+00
     1.300     0.107    0.652E+00    0.454E+00    0.150E+01    0.939E-01    0.136E+00    0.436E-01    0.436E-01    0.000E+00    0.000E+00    0.000E+00    0.000E+00
     1.300     0.108    0.654E+00    0.454E+00    0.149E+01    0.931E-01    0.136E+00    0.434E-01    0.434E-01    0.000E+00    0.000E+00    0.000E+00    0.000E+00
     1.300     0.109    0.656E+00    0.454E+00    0.148E+01    0.924E-01    0.135E+00    0.432E-01    0.432E-01    0.000E+00    0.000E+00    0.000E+00    0.000E+00
     1.300     0.110    0.657E+00    0.454E+00    0.147E+01    0.917E-01    0.135E+00    0.430E-01    0.430E-01    0.000E+00    0.000E+00    0.000E+00    0.000E+00
     1.300     0.111    0.659E+00    0.454E+00    0.146E+01    0.910E-01    0.134E+00    0.428E-01    0.428E-01    0.000E+00    0.000E+00    0.000E+00    0.000E+00
     1.300     0.112    0.661E+00    0.454E+00    0.144E+01    0.902E-01    0.134E+00    0.426E-01    0.426E-01    0.000E+00    0.000E+00    0.000E+00    0.000E+00
     1.300     0.113    0.663E+00    0.454E+00    0.143E+01    0.895E-01    0.133E+00    0.424E-01    0.424E-01    0.000E+00    0.000E+00    0.000E+00    0.000E+00
     1.300     0.114    0.664E+00    0.454E+00    0.142E+01    0.888E-01    0.133E+00    0.422E-01    0.422E-01    0.000E+00    0.000E+00    0.000E+00    0.000E+00
     1.300     0.115    0.666E+00    0.454E+00    0.141E+01    0.881E-01    0.133E+00    0.420E-01    0.420E-01    0.000E+00    0.000E+00    0.000E+00    0.000E+00
     1.300     0.116    0.668E+00    0.454E+00    0.140E+01    0.874E-01    0.132E+00    0.418E-01    0.418E-01    0.000E+00    0.000E+00    0.000E+00    0.000E+00
     1.300     0.117    0.669E+00    0.454E+00    0.138E+01    0.867E-01    0.132E+00    0.416E-01    0.416E-01    0.000E+00    0.000E+00    0.000E+00    0.000E+00
     1.300     0.118    0.671E+00    0.454E+00    0.137E+01    0.861E-01    0.131E+00    0.414E-01    0.414E-01    0.000E+00    0.000E+00    0.000E+00    0.000E+00
     1.300     0.119    0.672E+00    0.454E+00    0.136E+01    0.854E-01    0.131E+00    0.412E-01    0.412E-01    0.000E+00    0.000E+00    0.000E+00    0.000E+00
     1.300     0.120    0.674E+00    0.454E+00    0.135E+01    0.847E-01    0.130E+00    0.410E-01    0.410E-01    0.000E+00    0.000E+00    0.000E+00    0.000E+00
     1.300     0.121    0.676E+00    0.454E+00    0.134E+01    0.841E-01    0.130E+00    0.408E-01    0.408E-01    0.000E+00    0.000E+00    0.000E+00    0.000E+00
     1.300     0.122    0.677E+00    0.454E+00    0.133E+01    0.834E-01    0.129E+00    0.406E-01    0.406E-01    0.000E+00    0.000E+00    0.000E+00    0.000E+00
     1.300     0.123    0.679E+00    0.454E+00    0.132E+01    0.828E-01    0.129E+00    0.404E-01    0.404E-01    0.000E+00    0.000E+00    0.000E+00    0.000E+00
     1.300     0.124    0.680E+00    0.454E+00    0.130E+01    0.821E-01    0.128E+00    0.402E-01    0.402E-01    0.000E+00    0.000E+00    0.000E+00    0.000E+00
     1.300     0.125    0.682E+00    0.454E+00    0.129E+01    0.815E-01    0.128E+00    0.400E-01    0.400E-01    0.000E+00    0.000E+00    0.000E+00    0.000E+00
     1.300     0.126    0.683E+00    0.453E+00    0.128E+01    0.808E-01    0.127E+00    0.398E-01    0.398E-01    0.000E+00    0.000E+00    0.000E+00    0.000E+00
     1.300     0.127    0.685E+00    0.453E+00    0.127E+01    0.802E-01    0.127E+00    0.396E-01    0.396E-01    0.000E+00    0.000E+00    0.000E+00    0.000E+00
     1.300     0.128    0.686E+00    0.453E+00    0.126E+01    0.796E-01    0.126E+00    0.394E-01    0.394E-01    0.000E+00    0.000E+00    0.000E+00    0.000E+00
     1.300     0.129    0.687E+00    0.453E+00    0.125E+01    0.790E-01    0.126E+00    0.392E-01    0.392E-01    0.000E+00    0.000E+00    0.000E+00    0.000E+00
     1.300     0.130    0.689E+00    0.453E+00    0.124E+01    0.784E-01    0.125E+00    0.390E-01    0.390E-01    0.000E+00    0.000E+00    0.000E+00    0.000E+00
     1.300     0.131    0.690E+00    0.452E+00    0.123E+01    0.778E-01    0.125E+00    0.388E-01    0.388E-01    0.000E+00    0.000E+00    0.000E+00    0.000E+00
     1.300     0.132    0.692E+00    0.452E+00    0.122E+01    0.772E-01    0.124E+00    0.386E-01    0.386E-01    0.000E+00    0.000E+00    0.000E+00    0.000E+00
     1.300     0.133    0.693E+00    0.452E+00    0.121E+01    0.766E-01    0.124E+00    0.384E-01    0.384E-01    0.000E+00    0.000E+00    0.000E+00    0.000E+00
     1.300     0.134    0.694E+00    0.452E+00    0.120E+01    0.760E-01    0.123E+00    0.382E-01    0.382E-01    0.000E+00    0.000E+00    0.000E+00    0.000E+00
     1.300     0.135    0.696E+00    0.451E+00    0.119E+01    0.755E-01    0.122E+00    0.380E-01    0.380E-01    0.000E+00    0.000E+00    0.000E+00    0.000E+00
     1.300     0.136    0.697E+00    0.451E+00    0.118E+01    0.749E-01    0.122E+00    0.378E-01    0.378E-01    0.000E+00    0.000E+00    0.000E+00    0.000E+00
     1.300     0.137    0.698E+00    0.451E+00    0.117E+01    0.743E-01    0.121E+00    0.375E-01    0.375E-01    0.000E+00    0.000E+00    0.000E+00    0.000E+00
     1.300     0.138    0.700E+00    0.451E+00    0.116E+01    0.738E-01    0.121E+00    0.373E-01    0.373E-01    0.000E+00    0.000E+00    0.000E+00    0.000E+00
     1.300     0.139    0.701E+00    0.450E+00    0.115E+01    0.732E-01    0.120E+00    0.371E-01    0.371E-01    0.000E+00    0.000E+00    0.000E+00    0.000E+00
     1.300     0.140    0.702E+00    0.450E+00    0.114E+01    0.727E-01    0.120E+00    0.369E-01    0.369E-01    0.000E+00    0.000E+00    0.000E+00    0.000E+00
     1.300     0.141    0.703E+00    0.450E+00    0.113E+01    0.721E-01    0.119E+00    0.367E-01    0.367E-01    0.000E+00    0.000E+00    0.000E+00    0.000E+00
     1.300     0.142    0.704E+00    0.449E+00    0.112E+01    0.716E-01    0.118E+00    0.365E-01    0.365E-01    0.000E+00    0.000E+00    0.000E+00    0.000E+00
     1.300     0.143    0.706E+00    0.449E+00    0.111E+01    0.711E-01    0.118E+00    0.363E-01    0.363E-01    0.000E+00    0.000E+00    0.000E+00    0.000E+00
     1.300     0.144    0.707E+00    0.449E+00    0.110E+01    0.705E-01    0.117E+00    0.361E-01    0.361E-01    0.000E+00    0.000E+00    0.000E+00    0.000E+00
     1.300     0.145    0.708E+00    0.448E+00    0.109E+01    0.700E-01    0.117E+00    0.359E-01    0.359E-01    0.000E+00    0.000E+00    0.000E+00    0.000E+00
     1.300     0.146    0.709E+00    0.448E+00    0.108E+01    0.695E-01    0.116E+00    0.357E-01    0.357E-01    0.000E+00    0.000E+00    0.000E+00    0.000E+00
     1.300     0.147    0.710E+00    0.447E+00    0.107E+01    0.690E-01    0.115E+00    0.355E-01    0.355E-01    0.000E+00    0.000E+00    0.000E+00    0.000E+00
     1.300     0.148    0.711E+00    0.447E+00    0.106E+01    0.685E-01    0.115E+00    0.353E-01    0.353E-01    0.000E+00    0.000E+00    0.000E+00    0.000E+00
     1.300     0.149    0.712E+00    0.447E+00    0.105E+01    0.680E-01    0.114E+00    0.351E-01    0.351E-01    0.000E+00    0.000E+00    0.000E+00    0.000E+00
     1.300     0.150    0.714E+00    0.446E+00    0.104E+01    0.675E-01    0.114E+00    0.349E-01    0.349E-01    0.000E+00    0.000E+00    0.000E+00    0.000E+00
     1.300     0.151    0.715E+00    0.446E+00    0.103E+01    0.670E-01    0.113E+00    0.347E-01    0.347E-01    0.000E+00    0.000E+00    0.000E+00    0.000E+00
     1.300     0.152    0.716E+00    0.445E+00    0.102E+01    0.666E-01    0.112E+00    0.345E-01    0.345E-01    0.000E+00    0.000E+00    0.000E+00    0.000E+00
     1.300     0.153    0.717E+00    0.445E+00    0.101E+01    0.661E-01    0.112E+00    0.343E-01    0.343E-01    0.000E+00    0.000E+00    0.000E+00    0.000E+00
     1.300     0.154    0.718E+00    0.444E+00    0.101E+01    0.656E-01    0.111E+00    0.341E-01    0.341E-01    0.000E+00    0.000E+00    0.000E+00    0.000E+00
     1.300     0.155    0.719E+00    0.444E+00    0.997E+00    0.651E-01    0.110E+00    0.339E-01    0.339E-01    0.000E+00    0.000E+00    0.000E+00    0.000E+00
     1.300     0.156    0.720E+00    0.444E+00    0.988E+00    0.647E-01    0.110E+00    0.337E-01    0.337E-01    0.000E+00    0.000E+00    0.000E+00    0.000E+00
     1.300     0.157    0.721E+00    0.443E+00    0.980E+00    0.642E-01    0.109E+00    0.335E-01    0.335E-01    0.000E+00    0.000E+00    0.000E+00    0.000E+00
     1.300     0.158    0.722E+00    0.443E+00    0.971E+00    0.638E-01    0.109E+00    0.333E-01    0.333E-01    0.000E+00    0.000E+00    0.000E+00    0.000E+00
     1.300     0.159    0.723E+00    0.442E+00    0.963E+00    0.633E-01    0.108E+00    0.331E-01    0.331E-01    0.000E+00    0.000E+00    0.000E+00    0.000E+00
     1.300     0.160    0.724E+00    0.442E+00    0.955E+00    0.629E-01    0.107E+00    0.329E-01    0.329E-01    0.000E+00    0.000E+00    0.000E+00    0.000E+00
     1.300     0.161    0.724E+00    0.441E+00    0.946E+00    0.624E-01    0.107E+00    0.327E-01    0.327E-01    0.000E+00    0.000E+00    0.000E+00    0.000E+00
     1.300     0.162    0.725E+00    0.441E+00    0.938E+00    0.620E-01    0.106E+00    0.325E-01    0.325E-01    0.000E+00    0.000E+00    0.000E+00    0.000E+00
     1.300     0.163    0.726E+00    0.440E+00    0.930E+00    0.616E-01    0.105E+00    0.323E-01    0.323E-01    0.000E+00    0.000E+00    0.000E+00    0.000E+00
     1.300     0.164    0.727E+00    0.440E+00    0.922E+00    0.612E-01    0.105E+00    0.321E-01    0.321E-01    0.000E+00    0.000E+00    0.000E+00    0.000E+00
     1.300     0.165    0.728E+00    0.439E+00    0.914E+00    0.608E-01    0.104E+00    0.319E-01    0.319E-01    0.000E+00    0.000E+00    0.000E+00    0.000E+00
     1.300     0.166    0.729E+00    0.439E+00    0.906E+00    0.603E-01    0.103E+00    0.317E-01    0.317E-01    0.000E+00    0.000E+00    0.000E+00    0.000E+00
     1.300     0.167    0.730E+00    0.438E+00    0.898E+00    0.599E-01    0.103E+00    0.315E-01    0.315E-01    0.000E+00    0.000E+00    0.000E+00    0.000E+00
     1.300     0.168    0.730E+00    0.438E+00    0.891E+00    0.595E-01    0.102E+00    0.313E-01    0.313E-01    0.000E+00    0.000E+00    0.000E+00    0.000E+00
     1.300     0.169    0.731E+00    0.437E+00    0.883E+00    0.591E-01    0.101E+00    0.311E-01    0.311E-01    0.000E+00    0.000E+00    0.000E+00    0.000E+00
     1.300     0.170    0.732E+00    0.436E+00    0.875E+00    0.587E-01    0.101E+00    0.309E-01    0.309E-01    0.000E+00    0.000E+00    0.000E+00    0.000E+00
     1.300     0.171    0.733E+00    0.436E+00    0.868E+00    0.583E-01    0.100E+00    0.307E-01    0.307E-01    0.000E+00    0.000E+00    0.000E+00    0.000E+00
     1.300     0.172    0.733E+00    0.435E+00    0.860E+00    0.579E-01    0.995E-01    0.305E-01    0.305E-01    0.000E+00    0.000E+00    0.000E+00    0.000E+00
     1.300     0.173    0.734E+00    0.435E+00    0.853E+00    0.575E-01    0.989E-01    0.303E-01    0.303E-01    0.000E+00    0.000E+00    0.000E+00    0.000E+00
     1.300     0.174    0.735E+00    0.434E+00    0.846E+00    0.572E-01    0.982E-01    0.301E-01    0.301E-01    0.000E+00    0.000E+00    0.000E+00    0.000E+00
     1.300     0.175    0.736E+00    0.434E+00    0.838E+00    0.568E-01    0.976E-01    0.299E-01    0.299E-01    0.000E+00    0.000E+00    0.000E+00    0.000E+00
     1.300     0.176    0.736E+00    0.433E+00    0.831E+00    0.564E-01    0.969E-01    0.297E-01    0.297E-01    0.000E+00    0.000E+00    0.000E+00    0.000E+00
     1.300     0.177    0.737E+00    0.432E+00    0.824E+00    0.560E-01    0.963E-01    0.295E-01    0.295E-01    0.000E+00    0.000E+00    0.000E+00    0.000E+00
     1.300     0.178    0.738E+00    0.432E+00    0.817E+00    0.557E-01    0.956E-01    0.293E-01    0.293E-01    0.000E+00    0.000E+00    0.000E+00    0.000E+00
     1.300     0.179    0.738E+00    0.431E+00    0.810E+00    0.553E-01    0.949E-01    0.291E-01    0.291E-01    0.000E+00    0.000E+00    0.000E+00    0.000E+00
     1.300     0.180    0.739E+00    0.431E+00    0.803E+00    0.549E-01    0.943E-01    0.289E-01    0.289E-01    0.000E+00    0.000E+00    0.000E+00    0.000E+00
     1.300     0.181    0.739E+00    0.430E+00    0.797E+00    0.546E-01    0.936E-01    0.287E-01    0.287E-01    0.000E+00    0.000E+00    0.000E+00    0.000E+00
     1.300     0.182    0.740E+00    0.429E+00    0.790E+00    0.542E-01    0.930E-01    0.285E-01    0.285E-01    0.000E+00    0.000E+00    0.000E+00    0.000E+00
     1.300     0.183    0.741E+00    0.429E+00    0.783E+00    0.539E-01    0.923E-01    0.283E-01    0.283E-01    0.000E+00    0.000E+00    0.000E+00    0.000E+00
     1.300     0.184    0.741E+00    0.428E+00    0.777E+00    0.535E-01    0.917E-01    0.282E-01    0.282E-01    0.000E+00    0.000E+00    0.000E+00    0.000E+00
     1.300     0.185    0.742E+00    0.428E+00    0.770E+00    0.532E-01    0.910E-01    0.280E-01    0.280E-01    0.000E+00    0.000E+00    0.000E+00    0.000E+00
     1.300     0.186    0.742E+00    0.427E+00    0.764E+00    0.528E-01    0.904E-01    0.278E-01    0.278E-01    0.000E+00    0.000E+00    0.000E+00    0.000E+00
     1.300     0.187    0.743E+00    0.426E+00    0.757E+00    0.525E-01    0.897E-01    0.276E-01    0.276E-01    0.000E+00    0.000E+00    0.000E+00    0.000E+00
     1.300     0.188    0.743E+00    0.426E+00    0.751E+00    0.522E-01    0.891E-01    0.274E-01    0.274E-01    0.000E+00    0.000E+00    0.000E+00    0.000E+00
     1.300     0.189    0.744E+00    0.425E+00    0.744E+00    0.518E-01    0.884E-01    0.272E-01    0.272E-01    0.000E+00    0.000E+00    0.000E+00    0.000E+00
     1.300     0.190    0.744E+00    0.424E+00    0.738E+00    0.515E-01    0.878E-01    0.270E-01    0.270E-01    0.000E+00    0.000E+00    0.000E+00    0.000E+00
     1.300     0.191    0.745E+00    0.424E+00    0.732E+00    0.512E-01    0.871E-01    0.268E-01    0.268E-01    0.000E+00    0.000E+00    0.000E+00    0.000E+00
     1.300     0.192    0.745E+00    0.423E+00    0.726E+00    0.509E-01    0.865E-01    0.267E-01    0.267E-01    0.000E+00    0.000E+00    0.000E+00    0.000E+00
     1.300     0.193    0.746E+00    0.422E+00    0.720E+00    0.505E-01    0.858E-01    0.265E-01    0.265E-01    0.000E+00    0.000E+00    0.000E+00    0.000E+00
     1.300     0.194    0.746E+00    0.422E+00    0.714E+00    0.502E-01    0.852E-01    0.263E-01    0.263E-01    0.000E+00    0.000E+00    0.000E+00    0.000E+00
     1.300     0.195    0.746E+00    0.421E+00    0.708E+00    0.499E-01    0.845E-01    0.261E-01    0.261E-01    0.000E+00    0.000E+00    0.000E+00    0.000E+00
     1.300     0.196    0.747E+00    0.420E+00    0.702E+00    0.496E-01    0.839E-01    0.259E-01    0.259E-01    0.000E+00    0.000E+00    0.000E+00    0.000E+00
     1.300     0.197    0.747E+00    0.420E+00    0.697E+00    0.493E-01    0.832E-01    0.257E-01    0.257E-01    0.000E+00    0.000E+00    0.000E+00    0.000E+00
     1.300     0.198    0.747E+00    0.419E+00    0.691E+00    0.490E-01    0.826E-01    0.256E-01    0.256E-01    0.000E+00    0.000E+00    0.000E+00    0.000E+00
     1.300     0.199    0.748E+00    0.418E+00    0.685E+00    0.487E-01    0.819E-01    0.254E-01    0.254E-01    0.000E+00    0.000E+00    0.000E+00    0.000E+00
     1.300     0.200    0.748E+00    0.418E+00    0.680E+00    0.484E-01    0.813E-01    0.252E-01    0.252E-01    0.000E+00    0.000E+00    0.000E+00    0.000E+00
     1.300     0.201    0.748E+00    0.417E+00    0.674E+00    0.481E-01    0.807E-01    0.250E-01    0.250E-01    0.000E+00    0.000E+00    0.000E+00    0.000E+00
     1.300     0.202    0.749E+00    0.416E+00    0.669E+00    0.478E-01    0.800E-01    0.248E-01    0.248E-01    0.000E+00    0.000E+00    0.000E+00    0.000E+00
     1.300     0.203    0.749E+00    0.416E+00    0.663E+00    0.475E-01    0.794E-01    0.247E-01    0.247E-01    0.000E+00    0.000E+00    0.000E+00    0.000E+00
     1.300     0.204    0.749E+00    0.415E+00    0.658E+00    0.472E-01    0.788E-01    0.245E-01    0.245E-01    0.000E+00    0.000E+00    0.000E+00    0.000E+00
     1.300     0.205    0.749E+00    0.414E+00    0.652E+00    0.469E-01    0.781E-01    0.243E-01    0.243E-01    0.000E+00    0.000E+00    0.000E+00    0.000E+00
     1.300     0.206    0.750E+00    0.413E+00    0.647E+00    0.466E-01    0.775E-01    0.241E-01    0.241E-01    0.000E+00    0.000E+00    0.000E+00    0.000E+00
     1.300     0.207    0.750E+00    0.413E+00    0.642E+00    0.463E-01    0.769E-01    0.239E-01    0.239E-01    0.000E+00    0.000E+00    0.000E+00    0.000E+00
     1.300     0.208    0.750E+00    0.412E+00    0.637E+00    0.460E-01    0.763E-01    0.238E-01    0.238E-01    0.000E+00    0.000E+00    0.000E+00    0.000E+00
     1.300     0.209    0.750E+00    0.411E+00    0.632E+00    0.457E-01    0.756E-01    0.236E-01    0.236E-01    0.000E+00    0.000E+00    0.000E+00    0.000E+00
     1.300     0.210    0.750E+00    0.411E+00    0.627E+00    0.454E-01    0.750E-01    0.234E-01    0.234E-01    0.000E+00    0.000E+00    0.000E+00    0.000E+00
     1.300     0.211    0.751E+00    0.410E+00    0.622E+00    0.452E-01    0.744E-01    0.233E-01    0.233E-01    0.000E+00    0.000E+00    0.000E+00    0.000E+00
     1.300     0.212    0.751E+00    0.409E+00    0.617E+00    0.449E-01    0.738E-01    0.231E-01    0.231E-01    0.000E+00    0.000E+00    0.000E+00    0.000E+00
     1.300     0.213    0.751E+00    0.408E+00    0.612E+00    0.446E-01    0.732E-01    0.229E-01    0.229E-01    0.000E+00    0.000E+00    0.000E+00    0.000E+00
     1.300     0.214    0.751E+00    0.408E+00    0.607E+00    0.443E-01    0.726E-01    0.227E-01    0.227E-01    0.000E+00    0.000E+00    0.000E+00    0.000E+00
     1.300     0.215    0.751E+00    0.407E+00    0.602E+00    0.440E-01    0.720E-01    0.226E-01    0.226E-01    0.000E+00    0.000E+00    0.000E+00    0.000E+00
     1.300     0.216    0.751E+00    0.406E+00    0.598E+00    0.438E-01    0.714E-01    0.224E-01    0.224E-01    0.000E+00    0.000E+00    0.000E+00    0.000E+00
     1.300     0.217    0.751E+00    0.405E+00    0.593E+00    0.435E-01    0.708E-01    0.222E-01    0.222E-01    0.000E+00    0.000E+00    0.000E+00    0.000E+00
     1.300     0.218    0.751E+00    0.405E+00    0.588E+00    0.432E-01    0.702E-01    0.221E-01    0.221E-01    0.000E+00    0.000E+00    0.000E+00    0.000E+00
     1.300     0.219    0.751E+00    0.404E+00    0.584E+00    0.430E-01    0.696E-01    0.219E-01    0.219E-01    0.000E+00    0.000E+00    0.000E+00    0.000E+00
     1.300     0.220    0.751E+00    0.403E+00    0.579E+00    0.427E-01    0.690E-01    0.217E-01    0.217E-01    0.000E+00    0.000E+00    0.000E+00    0.000E+00
     1.300     0.221    0.751E+00    0.402E+00    0.575E+00    0.424E-01    0.684E-01    0.216E-01    0.216E-01    0.000E+00    0.000E+00    0.000E+00    0.000E+00
     1.300     0.222    0.751E+00    0.402E+00    0.570E+00    0.422E-01    0.678E-01    0.214E-01    0.214E-01    0.000E+00    0.000E+00    0.000E+00    0.000E+00
     1.300     0.223    0.751E+00    0.401E+00    0.566E+00    0.419E-01    0.672E-01    0.212E-01    0.212E-01    0.000E+00    0.000E+00    0.000E+00    0.000E+00
     1.300     0.224    0.751E+00    0.400E+00    0.562E+00    0.417E-01    0.666E-01    0.211E-01    0.211E-01    0.000E+00    0.000E+00    0.000E+00    0.000E+00
     1.300     0.225    0.751E+00    0.399E+00    0.557E+00    0.414E-01    0.660E-01    0.209E-01    0.209E-01    0.000E+00    0.000E+00    0.000E+00    0.000E+00
     1.300     0.226    0.751E+00    0.399E+00    0.553E+00    0.411E-01    0.654E-01    0.208E-01    0.208E-01    0.000E+00    0.000E+00    0.000E+00    0.000E+00
     1.300     0.227    0.751E+00    0.398E+00    0.549E+00    0.409E-01    0.649E-01    0.206E-01    0.206E-01    0.000E+00    0.000E+00    0.000E+00    0.000E+00
     1.300     0.228    0.751E+00    0.397E+00    0.545E+00    0.406E-01    0.643E-01    0.204E-01    0.204E-01    0.000E+00    0.000E+00    0.000E+00    0.000E+00
     1.300     0.229    0.751E+00    0.396E+00    0.541E+00    0.404E-01    0.637E-01    0.203E-01    0.203E-01    0.000E+00    0.000E+00    0.000E+00    0.000E+00
     1.300     0.230    0.751E+00    0.396E+00    0.537E+00    0.401E-01    0.632E-01    0.201E-01    0.201E-01    0.000E+00    0.000E+00    0.000E+00    0.000E+00
     1.300     0.231    0.751E+00    0.395E+00    0.532E+00    0.399E-01    0.626E-01    0.200E-01    0.200E-01    0.000E+00    0.000E+00    0.000E+00    0.000E+00
     1.300     0.232    0.750E+00    0.394E+00    0.529E+00    0.396E-01    0.620E-01    0.198E-01    0.198E-01    0.000E+00    0.000E+00    0.000E+00    0.000E+00
     1.300     0.233    0.750E+00    0.393E+00    0.525E+00    0.394E-01    0.615E-01    0.197E-01    0.197E-01    0.000E+00    0.000E+00    0.000E+00    0.000E+00
     1.300     0.234    0.750E+00    0.392E+00    0.521E+00    0.391E-01    0.609E-01    0.195E-01    0.195E-01    0.000E+00    0.000E+00    0.000E+00    0.000E+00
     1.300     0.235    0.750E+00    0.392E+00    0.517E+00    0.389E-01    0.604E-01    0.193E-01    0.193E-01    0.000E+00    0.000E+00    0.000E+00    0.000E+00
     1.300     0.236    0.750E+00    0.391E+00    0.513E+00    0.387E-01    0.598E-01    0.192E-01    0.192E-01    0.000E+00    0.000E+00    0.000E+00    0.000E+00
     1.300     0.237    0.750E+00    0.390E+00    0.509E+00    0.384E-01    0.593E-01    0.190E-01    0.190E-01    0.000E+00    0.000E+00    0.000E+00    0.000E+00
     1.300     0.238    0.749E+00    0.389E+00    0.506E+00    0.382E-01    0.587E-01    0.189E-01    0.189E-01    0.000E+00    0.000E+00    0.000E+00    0.000E+00
     1.300     0.239    0.749E+00    0.388E+00    0.502E+00    0.379E-01    0.582E-01    0.187E-01    0.187E-01    0.000E+00    0.000E+00    0.000E+00    0.000E+00
     1.300     0.240    0.749E+00    0.388E+00    0.498E+00    0.377E-01    0.576E-01    0.186E-01    0.186E-01    0.000E+00    0.000E+00    0.000E+00    0.000E+00
     1.300     0.241    0.749E+00    0.387E+00    0.494E+00    0.375E-01    0.571E-01    0.184E-01    0.184E-01    0.000E+00    0.000E+00    0.000E+00    0.000E+00
     1.300     0.242    0.748E+00    0.386E+00    0.491E+00    0.372E-01    0.566E-01    0.183E-01    0.183E-01    0.000E+00    0.000E+00    0.000E+00    0.000E+00
     1.300     0.243    0.748E+00    0.385E+00    0.487E+00    0.370E-01    0.560E-01    0.181E-01    0.181E-01    0.000E+00    0.000E+00    0.000E+00    0.000E+00
     1.300     0.244    0.748E+00    0.384E+00    0.484E+00    0.368E-01    0.555E-01    0.180E-01    0.180E-01    0.000E+00    0.000E+00    0.000E+00    0.000E+00
     1.300     0.245    0.747E+00    0.384E+00    0.480E+00    0.365E-01    0.550E-01    0.178E-01    0.178E-01    0.000E+00    0.000E+00    0.000E+00    0.000E+00
     1.300     0.246    0.747E+00    0.383E+00    0.477E+00    0.363E-01    0.545E-01    0.177E-01    0.177E-01    0.000E+00    0.000E+00    0.000E+00    0.000E+00
     1.300     0.247    0.747E+00    0.382E+00    0.474E+00    0.361E-01    0.540E-01    0.176E-01    0.176E-01    0.000E+00    0.000E+00    0.000E+00    0.000E+00
     1.300     0.248    0.746E+00    0.381E+00    0.470E+00    0.358E-01    0.535E-01    0.174E-01    0.174E-01    0.000E+00    0.000E+00    0.000E+00    0.000E+00
     1.300     0.249    0.746E+00    0.380E+00    0.467E+00    0.356E-01    0.529E-01    0.173E-01    0.173E-01    0.000E+00    0.000E+00    0.000E+00    0.000E+00
     1.300     0.250    0.745E+00    0.379E+00    0.464E+00    0.354E-01    0.524E-01    0.171E-01    0.171E-01    0.000E+00    0.000E+00    0.000E+00    0.000E+00
     1.300     0.251    0.745E+00    0.379E+00    0.460E+00    0.351E-01    0.519E-01    0.170E-01    0.170E-01    0.000E+00    0.000E+00    0.000E+00    0.000E+00
     1.300     0.252    0.745E+00    0.378E+00    0.457E+00    0.349E-01    0.514E-01    0.168E-01    0.168E-01    0.000E+00    0.000E+00    0.000E+00    0.000E+00
     1.300     0.253    0.744E+00    0.377E+00    0.454E+00    0.347E-01    0.510E-01    0.167E-01    0.167E-01    0.000E+00    0.000E+00    0.000E+00    0.000E+00
     1.300     0.254    0.744E+00    0.376E+00    0.451E+00    0.345E-01    0.505E-01    0.166E-01    0.166E-01    0.000E+00    0.000E+00    0.000E+00    0.000E+00
     1.300     0.255    0.743E+00    0.375E+00    0.448E+00    0.342E-01    0.500E-01    0.164E-01    0.164E-01    0.000E+00    0.000E+00    0.000E+00    0.000E+00
     1.300     0.256    0.743E+00    0.374E+00    0.444E+00    0.340E-01    0.495E-01    0.163E-01    0.163E-01    0.000E+00    0.000E+00    0.000E+00    0.000E+00
     1.300     0.257    0.742E+00    0.373E+00    0.441E+00    0.338E-01    0.490E-01    0.162E-01    0.162E-01    0.000E+00    0.000E+00    0.000E+00    0.000E+00
     1.300     0.258    0.742E+00    0.373E+00    0.438E+00    0.336E-01    0.485E-01    0.160E-01    0.160E-01    0.000E+00    0.000E+00    0.000E+00    0.000E+00
     1.300     0.259    0.741E+00    0.372E+00    0.435E+00    0.334E-01    0.481E-01    0.159E-01    0.159E-01    0.000E+00    0.000E+00    0.000E+00    0.000E+00
     1.300     0.260    0.741E+00    0.371E+00    0.432E+00    0.331E-01    0.476E-01    0.157E-01    0.157E-01    0.000E+00    0.000E+00    0.000E+00    0.000E+00
     1.300     0.261    0.740E+00    0.370E+00    0.429E+00    0.329E-01    0.471E-01    0.156E-01    0.156E-01    0.000E+00    0.000E+00    0.000E+00    0.000E+00
     1.300     0.262    0.740E+00    0.369E+00    0.426E+00    0.327E-01    0.466E-01    0.155E-01    0.155E-01    0.000E+00    0.000E+00    0.000E+00    0.000E+00
     1.300     0.263    0.739E+00    0.368E+00    0.424E+00    0.325E-01    0.462E-01    0.153E-01    0.153E-01    0.000E+00    0.000E+00    0.000E+00    0.000E+00
     1.300     0.264    0.739E+00    0.367E+00    0.421E+00    0.323E-01    0.457E-01    0.152E-01    0.152E-01    0.000E+00    0.000E+00    0.000E+00    0.000E+00
     1.300     0.265    0.738E+00    0.367E+00    0.418E+00    0.320E-01    0.453E-01    0.151E-01    0.151E-01    0.000E+00    0.000E+00    0.000E+00    0.000E+00
     1.300     0.266    0.737E+00    0.366E+00    0.415E+00    0.318E-01    0.448E-01    0.150E-01    0.150E-01    0.000E+00    0.000E+00    0.000E+00    0.000E+00
     1.300     0.267    0.737E+00    0.365E+00    0.412E+00    0.316E-01    0.444E-01    0.148E-01    0.148E-01    0.000E+00    0.000E+00    0.000E+00    0.000E+00
     1.300     0.268    0.736E+00    0.364E+00    0.410E+00    0.314E-01    0.439E-01    0.147E-01    0.147E-01    0.000E+00    0.000E+00    0.000E+00    0.000E+00
     1.300     0.269    0.736E+00    0.363E+00    0.407E+00    0.312E-01    0.435E-01    0.146E-01    0.146E-01    0.000E+00    0.000E+00    0.000E+00    0.000E+00
     1.300     0.270    0.735E+00    0.362E+00    0.404E+00    0.310E-01    0.431E-01    0.144E-01    0.144E-01    0.000E+00    0.000E+00    0.000E+00    0.000E+00
     1.300     0.271    0.734E+00    0.361E+00    0.401E+00    0.308E-01    0.426E-01    0.143E-01    0.143E-01    0.000E+00    0.000E+00    0.000E+00    0.000E+00
     1.300     0.272    0.734E+00    0.360E+00    0.399E+00    0.305E-01    0.422E-01    0.142E-01    0.142E-01    0.000E+00    0.000E+00    0.000E+00    0.000E+00
     1.300     0.273    0.733E+00    0.359E+00    0.396E+00    0.303E-01    0.418E-01    0.141E-01    0.141E-01    0.000E+00    0.000E+00    0.000E+00    0.000E+00
     1.300     0.274    0.732E+00    0.359E+00    0.394E+00    0.301E-01    0.413E-01    0.140E-01    0.140E-01    0.000E+00    0.000E+00    0.000E+00    0.000E+00
     1.300     0.275    0.732E+00    0.358E+00    0.391E+00    0.299E-01    0.409E-01    0.138E-01    0.138E-01    0.000E+00    0.000E+00    0.000E+00    0.000E+00
     1.300     0.276    0.731E+00    0.357E+00    0.388E+00    0.297E-01    0.405E-01    0.137E-01    0.137E-01    0.000E+00    0.000E+00    0.000E+00    0.000E+00
     1.300     0.277    0.730E+00    0.356E+00    0.386E+00    0.295E-01    0.401E-01    0.136E-01    0.136E-01    0.000E+00    0.000E+00    0.000E+00    0.000E+00
     1.300     0.278    0.729E+00    0.355E+00    0.383E+00    0.293E-01    0.397E-01    0.135E-01    0.135E-01    0.000E+00    0.000E+00    0.000E+00    0.000E+00
     1.300     0.279    0.729E+00    0.354E+00    0.381E+00    0.291E-01    0.393E-01    0.133E-01    0.133E-01    0.000E+00    0.000E+00    0.000E+00    0.000E+00
     1.300     0.280    0.728E+00    0.353E+00    0.378E+00    0.289E-01    0.389E-01    0.132E-01    0.132E-01    0.000E+00    0.000E+00    0.000E+00    0.000E+00
     1.300     0.281    0.727E+00    0.352E+00    0.376E+00    0.287E-01    0.385E-01    0.131E-01    0.131E-01    0.000E+00    0.000E+00    0.000E+00    0.000E+00
     1.300     0.282    0.726E+00    0.351E+00    0.374E+00    0.285E-01    0.381E-01    0.130E-01    0.130E-01    0.000E+00    0.000E+00    0.000E+00    0.000E+00
     1.300     0.283    0.725E+00    0.350E+00    0.371E+00    0.283E-01    0.377E-01    0.129E-01    0.129E-01    0.000E+00    0.000E+00    0.000E+00    0.000E+00
     1.300     0.284    0.725E+00    0.349E+00    0.369E+00    0.281E-01    0.373E-01    0.128E-01    0.128E-01    0.000E+00    0.000E+00    0.000E+00    0.000E+00
     1.300     0.285    0.724E+00    0.348E+00    0.367E+00    0.279E-01    0.369E-01    0.126E-01    0.126E-01    0.000E+00    0.000E+00    0.000E+00    0.000E+00
     1.300     0.286    0.723E+00    0.347E+00    0.364E+00    0.277E-01    0.365E-01    0.125E-01    0.125E-01    0.000E+00    0.000E+00    0.000E+00    0.000E+00
     1.300     0.287    0.722E+00    0.347E+00    0.362E+00    0.275E-01    0.361E-01    0.124E-01    0.124E-01    0.000E+00    0.000E+00    0.000E+00    0.000E+00
     1.300     0.288    0.721E+00    0.346E+00    0.360E+00    0.273E-01    0.358E-01    0.123E-01    0.123E-01    0.000E+00    0.000E+00    0.000E+00    0.000E+00
     1.300     0.289    0.720E+00    0.345E+00    0.357E+00    0.271E-01    0.354E-01    0.122E-01    0.122E-01    0.000E+00    0.000E+00    0.000E+00    0.000E+00
     1.300     0.290    0.720E+00    0.344E+00    0.355E+00    0.269E-01    0.350E-01    0.121E-01    0.121E-01    0.000E+00    0.000E+00    0.000E+00    0.000E+00
     1.300     0.291    0.719E+00    0.343E+00    0.353E+00    0.267E-01    0.346E-01    0.120E-01    0.120E-01    0.000E+00    0.000E+00    0.000E+00    0.000E+00
     1.300     0.292    0.718E+00    0.342E+00    0.351E+00    0.265E-01    0.343E-01    0.119E-01    0.119E-01    0.000E+00    0.000E+00    0.000E+00    0.000E+00
     1.300     0.293    0.717E+00    0.341E+00    0.349E+00    0.263E-01    0.339E-01    0.118E-01    0.118E-01    0.000E+00    0.000E+00    0.000E+00    0.000E+00
     1.300     0.294    0.716E+00    0.340E+00    0.346E+00    0.261E-01    0.336E-01    0.116E-01    0.116E-01    0.000E+00    0.000E+00    0.000E+00    0.000E+00
     1.300     0.295    0.715E+00    0.339E+00    0.344E+00    0.259E-01    0.332E-01    0.115E-01    0.115E-01    0.000E+00    0.000E+00    0.000E+00    0.000E+00
     1.300     0.296    0.714E+00    0.338E+00    0.342E+00    0.257E-01    0.329E-01    0.114E-01    0.114E-01    0.000E+00    0.000E+00    0.000E+00    0.000E+00
     1.300     0.297    0.713E+00    0.337E+00    0.340E+00    0.255E-01    0.325E-01    0.113E-01    0.113E-01    0.000E+00    0.000E+00    0.000E+00    0.000E+00
     1.300     0.298    0.712E+00    0.336E+00    0.338E+00    0.253E-01    0.322E-01    0.112E-01    0.112E-01    0.000E+00    0.000E+00    0.000E+00    0.000E+00
     1.300     0.299    0.711E+00    0.335E+00    0.336E+00    0.251E-01    0.318E-01    0.111E-01    0.111E-01    0.000E+00    0.000E+00    0.000E+00    0.000E+00
     1.300     0.300    0.710E+00    0.334E+00    0.334E+00    0.249E-01    0.315E-01    0.110E-01    0.110E-01    0.000E+00    0.000E+00    0.000E+00    0.000E+00
     1.300     0.301    0.709E+00    0.333E+00    0.332E+00    0.247E-01    0.311E-01    0.109E-01    0.109E-01    0.000E+00    0.000E+00    0.000E+00    0.000E+00
     1.300     0.302    0.708E+00    0.332E+00    0.330E+00    0.245E-01    0.308E-01    0.108E-01    0.108E-01    0.000E+00    0.000E+00    0.000E+00    0.000E+00
     1.300     0.303    0.707E+00    0.331E+00    0.328E+00    0.243E-01    0.305E-01    0.107E-01    0.107E-01    0.000E+00    0.000E+00    0.000E+00    0.000E+00
     1.300     0.304    0.706E+00    0.330E+00    0.326E+00    0.241E-01    0.302E-01    0.106E-01    0.106E-01    0.000E+00    0.000E+00    0.000E+00    0.000E+00
     1.300     0.305    0.705E+00    0.329E+00    0.324E+00    0.239E-01    0.298E-01    0.105E-01    0.105E-01    0.000E+00    0.000E+00    0.000E+00    0.000E+00
     1.300     0.306    0.704E+00    0.328E+00    0.322E+00    0.237E-01    0.295E-01    0.104E-01    0.104E-01    0.000E+00    0.000E+00    0.000E+00    0.000E+00
     1.300     0.307    0.703E+00    0.327E+00    0.320E+00    0.236E-01    0.292E-01    0.103E-01    0.103E-01    0.000E+00    0.000E+00    0.000E+00    0.000E+00
     1.300     0.308    0.702E+00    0.326E+00    0.318E+00    0.234E-01    0.289E-01    0.102E-01    0.102E-01    0.000E+00    0.000E+00    0.000E+00    0.000E+00
     1.300     0.309    0.701E+00    0.325E+00    0.316E+00    0.232E-01    0.286E-01    0.101E-01    0.101E-01    0.000E+00    0.000E+00    0.000E+00    0.000E+00
     1.300     0.310    0.700E+00    0.324E+00    0.314E+00    0.230E-01    0.283E-01    0.100E-01    0.100E-01    0.000E+00    0.000E+00    0.000E+00    0.000E+00
     1.300     0.311    0.699E+00    0.323E+00    0.312E+00    0.228E-01    0.280E-01    0.992E-02    0.992E-02    0.000E+00    0.000E+00    0.000E+00    0.000E+00
     1.300     0.312    0.698E+00    0.322E+00    0.310E+00    0.226E-01    0.277E-01    0.983E-02    0.983E-02    0.000E+00    0.000E+00    0.000E+00    0.000E+00
     1.300     0.313    0.697E+00    0.321E+00    0.309E+00    0.224E-01    0.274E-01    0.973E-02    0.973E-02    0.000E+00    0.000E+00    0.000E+00    0.000E+00
     1.300     0.314    0.696E+00    0.320E+00    0.307E+00    0.223E-01    0.271E-01    0.964E-02    0.964E-02    0.000E+00    0.000E+00    0.000E+00    0.000E+00
     1.300     0.315    0.694E+00    0.319E+00    0.305E+00    0.221E-01    0.268E-01    0.955E-02    0.955E-02    0.000E+00    0.000E+00    0.000E+00    0.000E+00
     1.300     0.316    0.693E+00    0.318E+00    0.303E+00    0.219E-01    0.265E-01    0.945E-02    0.945E-02    0.000E+00    0.000E+00    0.000E+00    0.000E+00
     1.300     0.317    0.692E+00    0.317E+00    0.301E+00    0.217E-01    0.262E-01    0.936E-02    0.936E-02    0.000E+00    0.000E+00    0.000E+00    0.000E+00
     1.300     0.318    0.691E+00    0.316E+00    0.299E+00    0.215E-01    0.259E-01    0.927E-02    0.927E-02    0.000E+00    0.000E+00    0.000E+00    0.000E+00
     1.300     0.319    0.690E+00    0.315E+00    0.298E+00    0.214E-01    0.256E-01    0.918E-02    0.918E-02    0.000E+00    0.000E+00    0.000E+00    0.000E+00
     1.300     0.320    0.689E+00    0.314E+00    0.296E+00    0.212E-01    0.253E-01    0.909E-02    0.909E-02    0.000E+00    0.000E+00    0.000E+00    0.000E+00
     1.300     0.321    0.688E+00    0.313E+00    0.294E+00    0.210E-01    0.251E-01    0.900E-02    0.900E-02    0.000E+00    0.000E+00    0.000E+00    0.000E+00
     1.300     0.322    0.686E+00    0.312E+00    0.292E+00    0.208E-01    0.248E-01    0.891E-02    0.891E-02    0.000E+00    0.000E+00    0.000E+00    0.000E+00
     1.300     0.323    0.685E+00    0.311E+00    0.291E+00    0.207E-01    0.245E-01    0.883E-02    0.883E-02    0.000E+00    0.000E+00    0.000E+00    0.000E+00
     1.300     0.324    0.684E+00    0.310E+00    0.289E+00    0.205E-01    0.242E-01    0.874E-02    0.874E-02    0.000E+00    0.000E+00    0.000E+00    0.000E+00
     1.300     0.325    0.683E+00    0.309E+00    0.287E+00    0.203E-01    0.240E-01    0.865E-02    0.865E-02    0.000E+00    0.000E+00    0.000E+00    0.000E+00
     1.300     0.326    0.681E+00    0.308E+00    0.286E+00    0.201E-01    0.237E-01    0.857E-02    0.857E-02    0.000E+00    0.000E+00    0.000E+00    0.000E+00
     1.300     0.327    0.680E+00    0.307E+00    0.284E+00    0.200E-01    0.234E-01    0.848E-02    0.848E-02    0.000E+00    0.000E+00    0.000E+00    0.000E+00
     1.300     0.328    0.679E+00    0.306E+00    0.282E+00    0.198E-01    0.232E-01    0.840E-02    0.840E-02    0.000E+00    0.000E+00    0.000E+00    0.000E+00
     1.300     0.329    0.678E+00    0.305E+00    0.281E+00    0.196E-01    0.229E-01    0.831E-02    0.831E-02    0.000E+00    0.000E+00    0.000E+00    0.000E+00
     1.300     0.330    0.677E+00    0.304E+00    0.279E+00    0.194E-01    0.227E-01    0.823E-02    0.823E-02    0.000E+00    0.000E+00    0.000E+00    0.000E+00
     1.300     0.331    0.675E+00    0.303E+00    0.277E+00    0.193E-01    0.224E-01    0.815E-02    0.815E-02    0.000E+00    0.000E+00    0.000E+00    0.000E+00
     1.300     0.332    0.674E+00    0.302E+00    0.276E+00    0.191E-01    0.222E-01    0.807E-02    0.807E-02    0.000E+00    0.000E+00    0.000E+00    0.000E+00
     1.300     0.333    0.673E+00    0.301E+00    0.274E+00    0.189E-01    0.219E-01    0.799E-02    0.799E-02    0.000E+00    0.000E+00    0.000E+00    0.000E+00
     1.300     0.334    0.671E+00    0.300E+00    0.273E+00    0.188E-01    0.217E-01    0.791E-02    0.791E-02    0.000E+00    0.000E+00    0.000E+00    0.000E+00
     1.300     0.335    0.670E+00    0.299E+00    0.271E+00    0.186E-01    0.214E-01    0.783E-02    0.783E-02    0.000E+00    0.000E+00    0.000E+00    0.000E+00
     1.300     0.336    0.669E+00    0.298E+00    0.269E+00    0.184E-01    0.212E-01    0.775E-02    0.775E-02    0.000E+00    0.000E+00    0.000E+00    0.000E+00
     1.300     0.337    0.668E+00    0.296E+00    0.268E+00    0.183E-01    0.210E-01    0.767E-02    0.767E-02    0.000E+00    0.000E+00    0.000E+00    0.000E+00
     1.300     0.338    0.666E+00    0.295E+00    0.266E+00    0.181E-01    0.207E-01    0.759E-02    0.759E-02    0.000E+00    0.000E+00    0.000E+00    0.000E+00
     1.300     0.339    0.665E+00    0.294E+00    0.265E+00    0.179E-01    0.205E-01    0.751E-02    0.751E-02    0.000E+00    0.000E+00    0.000E+00    0.000E+00
     1.300     0.340    0.664E+00    0.293E+00    0.263E+00    0.178E-01    0.203E-01    0.744E-02    0.744E-02    0.000E+00    0.000E+00    0.000E+00    0.000E+00
     1.300     0.341    0.662E+00    0.292E+00    0.262E+00    0.176E-01    0.200E-01    0.736E-02    0.736E-02    0.000E+00    0.000E+00    0.000E+00    0.000E+00
     1.300     0.342    0.661E+00    0.291E+00    0.260E+00    0.175E-01    0.198E-01    0.728E-02    0.728E-02    0.000E+00    0.000E+00    0.000E+00    0.000E+00
     1.300     0.343    0.660E+00    0.290E+00    0.259E+00    0.173E-01    0.196E-01    0.721E-02    0.721E-02    0.000E+00    0.000E+00    0.000E+00    0.000E+00
     1.300     0.344    0.658E+00    0.289E+00    0.257E+00    0.171E-01    0.194E-01    0.713E-02    0.713E-02    0.000E+00    0.000E+00    0.000E+00    0.000E+00
     1.300     0.345    0.657E+00    0.288E+00    0.256E+00    0.170E-01    0.191E-01    0.706E-02    0.706E-02    0.000E+00    0.000E+00    0.000E+00    0.000E+00
     1.300     0.346    0.655E+00    0.287E+00    0.254E+00    0.168E-01    0.189E-01    0.699E-02    0.699E-02    0.000E+00    0.000E+00    0.000E+00    0.000E+00
     1.300     0.347    0.654E+00    0.286E+00    0.253E+00    0.167E-01    0.187E-01    0.692E-02    0.692E-02    0.000E+00    0.000E+00    0.000E+00    0.000E+00
     1.300     0.348    0.653E+00    0.285E+00    0.251E+00    0.165E-01    0.185E-01    0.684E-02    0.684E-02    0.000E+00    0.000E+00    0.000E+00    0.000E+00
     1.300     0.349    0.651E+00    0.284E+00    0.250E+00    0.163E-01    0.183E-01    0.677E-02    0.677E-02    0.000E+00    0.000E+00    0.000E+00    0.000E+00
     1.300     0.350    0.650E+00    0.283E+00    0.248E+00    0.162E-01    0.181E-01    0.670E-02    0.670E-02    0.000E+00    0.000E+00    0.000E+00    0.000E+00
     1.300     0.351    0.648E+00    0.281E+00    0.247E+00    0.160E-01    0.179E-01    0.663E-02    0.663E-02    0.000E+00    0.000E+00    0.000E+00    0.000E+00
     1.300     0.352    0.647E+00    0.280E+00    0.245E+00    0.159E-01    0.177E-01    0.656E-02    0.656E-02    0.000E+00    0.000E+00    0.000E+00    0.000E+00
     1.300     0.353    0.646E+00    0.279E+00    0.244E+00    0.157E-01    0.175E-01    0.649E-02    0.649E-02    0.000E+00    0.000E+00    0.000E+00    0.000E+00
     1.300     0.354    0.644E+00    0.278E+00    0.243E+00    0.156E-01    0.173E-01    0.643E-02    0.643E-02    0.000E+00    0.000E+00    0.000E+00    0.000E+00
     1.300     0.355    0.643E+00    0.277E+00    0.241E+00    0.154E-01    0.171E-01    0.636E-02    0.636E-02    0.000E+00    0.000E+00    0.000E+00    0.000E+00
     1.300     0.356    0.641E+00    0.276E+00    0.240E+00    0.153E-01    0.169E-01    0.629E-02    0.629E-02    0.000E+00    0.000E+00    0.000E+00    0.000E+00
     1.300     0.357    0.640E+00    0.275E+00    0.238E+00    0.151E-01    0.167E-01    0.622E-02    0.622E-02    0.000E+00    0.000E+00    0.000E+00    0.000E+00
     1.300     0.358    0.638E+00    0.274E+00    0.237E+00    0.150E-01    0.165E-01    0.616E-02    0.616E-02    0.000E+00    0.000E+00    0.000E+00    0.000E+00
     1.300     0.359    0.637E+00    0.273E+00    0.236E+00    0.148E-01    0.163E-01    0.609E-02    0.609E-02    0.000E+00    0.000E+00    0.000E+00    0.000E+00
     1.300     0.360    0.636E+00    0.272E+00    0.234E+00    0.147E-01    0.161E-01    0.603E-02    0.603E-02    0.000E+00    0.000E+00    0.000E+00    0.000E+00
     1.300     0.361    0.634E+00    0.271E+00    0.233E+00    0.146E-01    0.159E-01    0.596E-02    0.596E-02    0.000E+00    0.000E+00    0.000E+00    0.000E+00
     1.300     0.362    0.633E+00    0.269E+00    0.232E+00    0.144E-01    0.158E-01    0.590E-02    0.590E-02    0.000E+00    0.000E+00    0.000E+00    0.000E+00
     1.300     0.363    0.631E+00    0.268E+00    0.230E+00    0.143E-01    0.156E-01    0.583E-02    0.583E-02    0.000E+00    0.000E+00    0.000E+00    0.000E+00
     1.300     0.364    0.630E+00    0.267E+00    0.229E+00    0.141E-01    0.154E-01    0.577E-02    0.577E-02    0.000E+00    0.000E+00    0.000E+00    0.000E+00
     1.300     0.365    0.628E+00    0.266E+00    0.228E+00    0.140E-01    0.152E-01    0.571E-02    0.571E-02    0.000E+00    0.000E+00    0.000E+00    0.000E+00
     1.300     0.366    0.627E+00    0.265E+00    0.226E+00    0.138E-01    0.150E-01    0.565E-02    0.565E-02    0.000E+00    0.000E+00    0.000E+00    0.000E+00
     1.300     0.367    0.625E+00    0.264E+00    0.225E+00    0.137E-01    0.149E-01    0.559E-02    0.559E-02    0.000E+00    0.000E+00    0.000E+00    0.000E+00
     1.300     0.368    0.624E+00    0.263E+00    0.224E+00    0.136E-01    0.147E-01    0.553E-02    0.553E-02    0.000E+00    0.000E+00    0.000E+00    0.000E+00
     1.300     0.369    0.622E+00    0.262E+00    0.222E+00    0.134E-01    0.145E-01    0.547E-02    0.547E-02    0.000E+00    0.000E+00    0.000E+00    0.000E+00
     1.300     0.370    0.621E+00    0.261E+00    0.221E+00    0.133E-01    0.144E-01    0.541E-02    0.541E-02    0.000E+00    0.000E+00    0.000E+00    0.000E+00
     1.300     0.371    0.619E+00    0.259E+00    0.220E+00    0.132E-01    0.142E-01    0.535E-02    0.535E-02    0.000E+00    0.000E+00    0.000E+00    0.000E+00
     1.300     0.372    0.617E+00    0.258E+00    0.218E+00    0.130E-01    0.140E-01    0.529E-02    0.529E-02    0.000E+00    0.000E+00    0.000E+00    0.000E+00
     1.300     0.373    0.616E+00    0.257E+00    0.217E+00    0.129E-01    0.139E-01    0.523E-02    0.523E-02    0.000E+00    0.000E+00    0.000E+00    0.000E+00
     1.300     0.374    0.614E+00    0.256E+00    0.216E+00    0.128E-01    0.137E-01    0.517E-02    0.517E-02    0.000E+00    0.000E+00    0.000E+00    0.000E+00
     1.300     0.375    0.613E+00    0.255E+00    0.215E+00    0.126E-01    0.135E-01    0.512E-02    0.512E-02    0.000E+00    0.000E+00    0.000E+00    0.000E+00
     1.300     0.376    0.611E+00    0.254E+00    0.213E+00    0.125E-01    0.134E-01    0.506E-02    0.506E-02    0.000E+00    0.000E+00    0.000E+00    0.000E+00
     1.300     0.377    0.610E+00    0.253E+00    0.212E+00    0.124E-01    0.132E-01    0.500E-02    0.500E-02    0.000E+00    0.000E+00    0.000E+00    0.000E+00
     1.300     0.378    0.608E+00    0.252E+00    0.211E+00    0.122E-01    0.131E-01    0.495E-02    0.495E-02    0.000E+00    0.000E+00    0.000E+00    0.000E+00
     1.300     0.379    0.607E+00    0.251E+00    0.210E+00    0.121E-01    0.129E-01    0.489E-02    0.489E-02    0.000E+00    0.000E+00    0.000E+00    0.000E+00
     1.300     0.380    0.605E+00    0.249E+00    0.208E+00    0.120E-01    0.128E-01    0.484E-02    0.484E-02    0.000E+00    0.000E+00    0.000E+00    0.000E+00
     1.300     0.381    0.603E+00    0.248E+00    0.207E+00    0.119E-01    0.126E-01    0.478E-02    0.478E-02    0.000E+00    0.000E+00    0.000E+00    0.000E+00
     1.300     0.382    0.602E+00    0.247E+00    0.206E+00    0.117E-01    0.125E-01    0.473E-02    0.473E-02    0.000E+00    0.000E+00    0.000E+00    0.000E+00
     1.300     0.383    0.600E+00    0.246E+00    0.205E+00    0.116E-01    0.123E-01    0.468E-02    0.468E-02    0.000E+00    0.000E+00    0.000E+00    0.000E+00
     1.300     0.384    0.599E+00    0.245E+00    0.203E+00    0.115E-01    0.122E-01    0.463E-02    0.463E-02    0.000E+00    0.000E+00    0.000E+00    0.000E+00
     1.300     0.385    0.597E+00    0.244E+00    0.202E+00    0.114E-01    0.120E-01    0.457E-02    0.457E-02    0.000E+00    0.000E+00    0.000E+00    0.000E+00
     1.300     0.386    0.595E+00    0.243E+00    0.201E+00    0.112E-01    0.119E-01    0.452E-02    0.452E-02    0.000E+00    0.000E+00    0.000E+00    0.000E+00
     1.300     0.387    0.594E+00    0.242E+00    0.200E+00    0.111E-01    0.117E-01    0.447E-02    0.447E-02    0.000E+00    0.000E+00    0.000E+00    0.000E+00
     1.300     0.388    0.592E+00    0.241E+00    0.199E+00    0.110E-01    0.116E-01    0.442E-02    0.442E-02    0.000E+00    0.000E+00    0.000E+00    0.000E+00
     1.300     0.389    0.591E+00    0.239E+00    0.197E+00    0.109E-01    0.115E-01    0.437E-02    0.437E-02    0.000E+00    0.000E+00    0.000E+00    0.000E+00
     1.300     0.390    0.589E+00    0.238E+00    0.196E+00    0.108E-01    0.113E-01    0.432E-02    0.432E-02    0.000E+00    0.000E+00    0.000E+00    0.000E+00
     1.300     0.391    0.587E+00    0.237E+00    0.195E+00    0.106E-01    0.112E-01    0.427E-02    0.427E-02    0.000E+00    0.000E+00    0.000E+00    0.000E+00
     1.300     0.392    0.586E+00    0.236E+00    0.194E+00    0.105E-01    0.111E-01    0.422E-02    0.422E-02    0.000E+00    0.000E+00    0.000E+00    0.000E+00
     1.300     0.393    0.584E+00    0.235E+00    0.193E+00    0.104E-01    0.109E-01    0.417E-02    0.417E-02    0.000E+00    0.000E+00    0.000E+00    0.000E+00
     1.300     0.394    0.582E+00    0.234E+00    0.191E+00    0.103E-01    0.108E-01    0.413E-02    0.413E-02    0.000E+00    0.000E+00    0.000E+00    0.000E+00
     1.300     0.395    0.581E+00    0.233E+00    0.190E+00    0.102E-01    0.107E-01    0.408E-02    0.408E-02    0.000E+00    0.000E+00    0.000E+00    0.000E+00
     1.300     0.396    0.579E+00    0.232E+00    0.189E+00    0.101E-01    0.105E-01    0.403E-02    0.403E-02    0.000E+00    0.000E+00    0.000E+00    0.000E+00
     1.300     0.397    0.578E+00    0.230E+00    0.188E+00    0.996E-02    0.104E-01    0.398E-02    0.398E-02    0.000E+00    0.000E+00    0.000E+00    0.000E+00
     1.300     0.398    0.576E+00    0.229E+00    0.187E+00    0.985E-02    0.103E-01    0.394E-02    0.394E-02    0.000E+00    0.000E+00    0.000E+00    0.000E+00
     1.300     0.399    0.574E+00    0.228E+00    0.186E+00    0.974E-02    0.102E-01    0.389E-02    0.389E-02    0.000E+00    0.000E+00    0.000E+00    0.000E+00
     1.300     0.400    0.573E+00    0.227E+00    0.184E+00    0.963E-02    0.100E-01    0.385E-02    0.385E-02    0.000E+00    0.000E+00    0.000E+00    0.000E+00
     1.300     0.401    0.571E+00    0.226E+00    0.183E+00    0.952E-02    0.991E-02    0.380E-02    0.380E-02    0.000E+00    0.000E+00    0.000E+00    0.000E+00
     1.300     0.402    0.569E+00    0.225E+00    0.182E+00    0.942E-02    0.979E-02    0.376E-02    0.376E-02    0.000E+00    0.000E+00    0.000E+00    0.000E+00
     1.300     0.403    0.568E+00    0.224E+00    0.181E+00    0.931E-02    0.968E-02    0.371E-02    0.371E-02    0.000E+00    0.000E+00    0.000E+00    0.000E+00
     1.300     0.404    0.566E+00    0.223E+00    0.180E+00    0.920E-02    0.956E-02    0.367E-02    0.367E-02    0.000E+00    0.000E+00    0.000E+00    0.000E+00
     1.300     0.405    0.564E+00    0.221E+00    0.179E+00    0.910E-02    0.944E-02    0.363E-02    0.363E-02    0.000E+00    0.000E+00    0.000E+00    0.000E+00
     1.300     0.406    0.563E+00    0.220E+00    0.178E+00    0.900E-02    0.933E-02    0.358E-02    0.358E-02    0.000E+00    0.000E+00    0.000E+00    0.000E+00
     1.300     0.407    0.561E+00    0.219E+00    0.177E+00    0.889E-02    0.921E-02    0.354E-02    0.354E-02    0.000E+00    0.000E+00    0.000E+00    0.000E+00
     1.300     0.408    0.559E+00    0.218E+00    0.175E+00    0.879E-02    0.910E-02    0.350E-02    0.350E-02    0.000E+00    0.000E+00    0.000E+00    0.000E+00
     1.300     0.409    0.557E+00    0.217E+00    0.174E+00    0.869E-02    0.899E-02    0.346E-02    0.346E-02    0.000E+00    0.000E+00    0.000E+00    0.000E+00
     1.300     0.410    0.556E+00    0.216E+00    0.173E+00    0.859E-02    0.888E-02    0.342E-02    0.342E-02    0.000E+00    0.000E+00    0.000E+00    0.000E+00
     1.300     0.411    0.554E+00    0.215E+00    0.172E+00    0.849E-02    0.877E-02    0.338E-02    0.338E-02    0.000E+00    0.000E+00    0.000E+00    0.000E+00
     1.300     0.412    0.552E+00    0.214E+00    0.171E+00    0.839E-02    0.866E-02    0.334E-02    0.334E-02    0.000E+00    0.000E+00    0.000E+00    0.000E+00
     1.300     0.413    0.551E+00    0.212E+00    0.170E+00    0.830E-02    0.856E-02    0.330E-02    0.330E-02    0.000E+00    0.000E+00    0.000E+00    0.000E+00
     1.300     0.414    0.549E+00    0.211E+00    0.169E+00    0.820E-02    0.845E-02    0.326E-02    0.326E-02    0.000E+00    0.000E+00    0.000E+00    0.000E+00
     1.300     0.415    0.547E+00    0.210E+00    0.168E+00    0.810E-02    0.834E-02    0.322E-02    0.322E-02    0.000E+00    0.000E+00    0.000E+00    0.000E+00
     1.300     0.416    0.546E+00    0.209E+00    0.167E+00    0.801E-02    0.824E-02    0.318E-02    0.318E-02    0.000E+00    0.000E+00    0.000E+00    0.000E+00
     1.300     0.417    0.544E+00    0.208E+00    0.166E+00    0.791E-02    0.814E-02    0.314E-02    0.314E-02    0.000E+00    0.000E+00    0.000E+00    0.000E+00
     1.300     0.418    0.542E+00    0.207E+00    0.165E+00    0.782E-02    0.804E-02    0.310E-02    0.310E-02    0.000E+00    0.000E+00    0.000E+00    0.000E+00
     1.300     0.419    0.540E+00    0.206E+00    0.164E+00    0.773E-02    0.794E-02    0.307E-02    0.307E-02    0.000E+00    0.000E+00    0.000E+00    0.000E+00
     1.300     0.420    0.539E+00    0.205E+00    0.163E+00    0.764E-02    0.784E-02    0.303E-02    0.303E-02    0.000E+00    0.000E+00    0.000E+00    0.000E+00
     1.300     0.421    0.537E+00    0.204E+00    0.161E+00    0.755E-02    0.774E-02    0.299E-02    0.299E-02    0.000E+00    0.000E+00    0.000E+00    0.000E+00
     1.300     0.422    0.535E+00    0.202E+00    0.160E+00    0.746E-02    0.764E-02    0.295E-02    0.295E-02    0.000E+00    0.000E+00    0.000E+00    0.000E+00
     1.300     0.423    0.533E+00    0.201E+00    0.159E+00    0.737E-02    0.755E-02    0.292E-02    0.292E-02    0.000E+00    0.000E+00    0.000E+00    0.000E+00
     1.300     0.424    0.532E+00    0.200E+00    0.158E+00    0.728E-02    0.745E-02    0.288E-02    0.288E-02    0.000E+00    0.000E+00    0.000E+00    0.000E+00
     1.300     0.425    0.530E+00    0.199E+00    0.157E+00    0.719E-02    0.736E-02    0.285E-02    0.285E-02    0.000E+00    0.000E+00    0.000E+00    0.000E+00
     1.300     0.426    0.528E+00    0.198E+00    0.156E+00    0.710E-02    0.727E-02    0.281E-02    0.281E-02    0.000E+00    0.000E+00    0.000E+00    0.000E+00
     1.300     0.427    0.526E+00    0.197E+00    0.155E+00    0.702E-02    0.717E-02    0.278E-02    0.278E-02    0.000E+00    0.000E+00    0.000E+00    0.000E+00
     1.300     0.428    0.525E+00    0.196E+00    0.154E+00    0.693E-02    0.708E-02    0.274E-02    0.274E-02    0.000E+00    0.000E+00    0.000E+00    0.000E+00
     1.300     0.429    0.523E+00    0.195E+00    0.153E+00    0.685E-02    0.699E-02    0.271E-02    0.271E-02    0.000E+00    0.000E+00    0.000E+00    0.000E+00
     1.300     0.430    0.521E+00    0.194E+00    0.152E+00    0.677E-02    0.691E-02    0.268E-02    0.268E-02    0.000E+00    0.000E+00    0.000E+00    0.000E+00
     1.300     0.431    0.519E+00    0.193E+00    0.151E+00    0.668E-02    0.682E-02    0.264E-02    0.264E-02    0.000E+00    0.000E+00    0.000E+00    0.000E+00
     1.300     0.432    0.518E+00    0.191E+00    0.150E+00    0.660E-02    0.673E-02    0.261E-02    0.261E-02    0.000E+00    0.000E+00    0.000E+00    0.000E+00
     1.300     0.433    0.516E+00    0.190E+00    0.149E+00    0.652E-02    0.665E-02    0.258E-02    0.258E-02    0.000E+00    0.000E+00    0.000E+00    0.000E+00
     1.300     0.434    0.514E+00    0.189E+00    0.148E+00    0.644E-02    0.656E-02    0.254E-02    0.254E-02    0.000E+00    0.000E+00    0.000E+00    0.000E+00
     1.300     0.435    0.512E+00    0.188E+00    0.147E+00    0.636E-02    0.648E-02    0.251E-02    0.251E-02    0.000E+00    0.000E+00    0.000E+00    0.000E+00
     1.300     0.436    0.511E+00    0.187E+00    0.146E+00    0.628E-02    0.639E-02    0.248E-02    0.248E-02    0.000E+00    0.000E+00    0.000E+00    0.000E+00
     1.300     0.437    0.509E+00    0.186E+00    0.145E+00    0.620E-02    0.631E-02    0.245E-02    0.245E-02    0.000E+00    0.000E+00    0.000E+00    0.000E+00
     1.300     0.438    0.507E+00    0.185E+00    0.144E+00    0.613E-02    0.623E-02    0.242E-02    0.242E-02    0.000E+00    0.000E+00    0.000E+00    0.000E+00
     1.300     0.439    0.505E+00    0.184E+00    0.143E+00    0.605E-02    0.615E-02    0.239E-02    0.239E-02    0.000E+00    0.000E+00    0.000E+00    0.000E+00
     1.300     0.440    0.504E+00    0.183E+00    0.142E+00    0.597E-02    0.607E-02    0.236E-02    0.236E-02    0.000E+00    0.000E+00    0.000E+00    0.000E+00
     1.300     0.441    0.502E+00    0.182E+00    0.141E+00    0.590E-02    0.599E-02    0.233E-02    0.233E-02    0.000E+00    0.000E+00    0.000E+00    0.000E+00
     1.300     0.442    0.500E+00    0.181E+00    0.140E+00    0.583E-02    0.591E-02    0.230E-02    0.230E-02    0.000E+00    0.000E+00    0.000E+00    0.000E+00
     1.300     0.443    0.498E+00    0.179E+00    0.139E+00    0.575E-02    0.584E-02    0.227E-02    0.227E-02    0.000E+00    0.000E+00    0.000E+00    0.000E+00
     1.300     0.444    0.497E+00    0.178E+00    0.138E+00    0.568E-02    0.576E-02    0.224E-02    0.224E-02    0.000E+00    0.000E+00    0.000E+00    0.000E+00
     1.300     0.445    0.495E+00    0.177E+00    0.137E+00    0.561E-02    0.569E-02    0.221E-02    0.221E-02    0.000E+00    0.000E+00    0.000E+00    0.000E+00
     1.300     0.446    0.493E+00    0.176E+00    0.136E+00    0.554E-02    0.561E-02    0.218E-02    0.218E-02    0.000E+00    0.000E+00    0.000E+00    0.000E+00
     1.300     0.447    0.491E+00    0.175E+00    0.135E+00    0.547E-02    0.554E-02    0.215E-02    0.215E-02    0.000E+00    0.000E+00    0.000E+00    0.000E+00
     1.300     0.448    0.489E+00    0.174E+00    0.134E+00    0.540E-02    0.547E-02    0.213E-02    0.213E-02    0.000E+00    0.000E+00    0.000E+00    0.000E+00
     1.300     0.449    0.488E+00    0.173E+00    0.134E+00    0.533E-02    0.539E-02    0.210E-02    0.210E-02    0.000E+00    0.000E+00    0.000E+00    0.000E+00
     1.300     0.450    0.486E+00    0.172E+00    0.133E+00    0.526E-02    0.532E-02    0.207E-02    0.207E-02    0.000E+00    0.000E+00    0.000E+00    0.000E+00
     1.300     0.451    0.484E+00    0.171E+00    0.132E+00    0.519E-02    0.525E-02    0.205E-02    0.205E-02    0.000E+00    0.000E+00    0.000E+00    0.000E+00
     1.300     0.452    0.482E+00    0.170E+00    0.131E+00    0.512E-02    0.518E-02    0.202E-02    0.202E-02    0.000E+00    0.000E+00    0.000E+00    0.000E+00
     1.300     0.453    0.481E+00    0.169E+00    0.130E+00    0.506E-02    0.512E-02    0.199E-02    0.199E-02    0.000E+00    0.000E+00    0.000E+00    0.000E+00
     1.300     0.454    0.479E+00    0.168E+00    0.129E+00    0.499E-02    0.505E-02    0.197E-02    0.197E-02    0.000E+00    0.000E+00    0.000E+00    0.000E+00
     1.300     0.455    0.477E+00    0.167E+00    0.128E+00    0.493E-02    0.498E-02    0.194E-02    0.194E-02    0.000E+00    0.000E+00    0.000E+00    0.000E+00
     1.300     0.456    0.475E+00    0.166E+00    0.127E+00    0.486E-02    0.492E-02    0.191E-02    0.191E-02    0.000E+00    0.000E+00    0.000E+00    0.000E+00
     1.300     0.457    0.473E+00    0.165E+00    0.126E+00    0.480E-02    0.485E-02    0.189E-02    0.189E-02    0.000E+00    0.000E+00    0.000E+00    0.000E+00
     1.300     0.458    0.472E+00    0.163E+00    0.125E+00    0.474E-02    0.478E-02    0.186E-02    0.186E-02    0.000E+00    0.000E+00    0.000E+00    0.000E+00
     1.300     0.459    0.470E+00    0.162E+00    0.124E+00    0.467E-02    0.472E-02    0.184E-02    0.184E-02    0.000E+00    0.000E+00    0.000E+00    0.000E+00
     1.300     0.460    0.468E+00    0.161E+00    0.123E+00    0.461E-02    0.466E-02    0.182E-02    0.182E-02    0.000E+00    0.000E+00    0.000E+00    0.000E+00
     1.300     0.461    0.466E+00    0.160E+00    0.122E+00    0.455E-02    0.459E-02    0.179E-02    0.179E-02    0.000E+00    0.000E+00    0.000E+00    0.000E+00
     1.300     0.462    0.464E+00    0.159E+00    0.122E+00    0.449E-02    0.453E-02    0.177E-02    0.177E-02    0.000E+00    0.000E+00    0.000E+00    0.000E+00
     1.300     0.463    0.463E+00    0.158E+00    0.121E+00    0.443E-02    0.447E-02    0.174E-02    0.174E-02    0.000E+00    0.000E+00    0.000E+00    0.000E+00
     1.300     0.464    0.461E+00    0.157E+00    0.120E+00    0.437E-02    0.441E-02    0.172E-02    0.172E-02    0.000E+00    0.000E+00    0.000E+00    0.000E+00
     1.300     0.465    0.459E+00    0.156E+00    0.119E+00    0.432E-02    0.435E-02    0.170E-02    0.170E-02    0.000E+00    0.000E+00    0.000E+00    0.000E+00
     1.300     0.466    0.457E+00    0.155E+00    0.118E+00    0.426E-02    0.429E-02    0.167E-02    0.167E-02    0.000E+00    0.000E+00    0.000E+00    0.000E+00
     1.300     0.467    0.455E+00    0.154E+00    0.117E+00    0.420E-02    0.423E-02    0.165E-02    0.165E-02    0.000E+00    0.000E+00    0.000E+00    0.000E+00
     1.300     0.468    0.454E+00    0.153E+00    0.116E+00    0.414E-02    0.418E-02    0.163E-02    0.163E-02    0.000E+00    0.000E+00    0.000E+00    0.000E+00
     1.300     0.469    0.452E+00    0.152E+00    0.115E+00    0.409E-02    0.412E-02    0.161E-02    0.161E-02    0.000E+00    0.000E+00    0.000E+00    0.000E+00
     1.300     0.470    0.450E+00    0.151E+00    0.114E+00    0.403E-02    0.406E-02    0.159E-02    0.159E-02    0.000E+00    0.000E+00    0.000E+00    0.000E+00
     1.300     0.471    0.448E+00    0.150E+00    0.114E+00    0.398E-02    0.401E-02    0.156E-02    0.156E-02    0.000E+00    0.000E+00    0.000E+00    0.000E+00
     1.300     0.472    0.446E+00    0.149E+00    0.113E+00    0.393E-02    0.395E-02    0.154E-02    0.154E-02    0.000E+00    0.000E+00    0.000E+00    0.000E+00
     1.300     0.473    0.445E+00    0.148E+00    0.112E+00    0.387E-02    0.390E-02    0.152E-02    0.152E-02    0.000E+00    0.000E+00    0.000E+00    0.000E+00
     1.300     0.474    0.443E+00    0.147E+00    0.111E+00    0.382E-02    0.384E-02    0.150E-02    0.150E-02    0.000E+00    0.000E+00    0.000E+00    0.000E+00
     1.300     0.475    0.441E+00    0.146E+00    0.110E+00    0.377E-02    0.379E-02    0.148E-02    0.148E-02    0.000E+00    0.000E+00    0.000E+00    0.000E+00
     1.300     0.476    0.439E+00    0.145E+00    0.109E+00    0.372E-02    0.374E-02    0.146E-02    0.146E-02    0.000E+00    0.000E+00    0.000E+00    0.000E+00
     1.300     0.477    0.437E+00    0.144E+00    0.108E+00    0.366E-02    0.369E-02    0.144E-02    0.144E-02    0.000E+00    0.000E+00    0.000E+00    0.000E+00
     1.300     0.478    0.436E+00    0.143E+00    0.108E+00    0.361E-02    0.364E-02    0.142E-02    0.142E-02    0.000E+00    0.000E+00    0.000E+00    0.000E+00
     1.300     0.479    0.434E+00    0.142E+00    0.107E+00    0.356E-02    0.358E-02    0.140E-02    0.140E-02    0.000E+00    0.000E+00    0.000E+00    0.000E+00
     1.300     0.480    0.432E+00    0.141E+00    0.106E+00    0.352E-02    0.353E-02    0.138E-02    0.138E-02    0.000E+00    0.000E+00    0.000E+00    0.000E+00
     1.300     0.481    0.430E+00    0.140E+00    0.105E+00    0.347E-02    0.348E-02    0.136E-02    0.136E-02    0.000E+00    0.000E+00    0.000E+00    0.000E+00
     1.300     0.482    0.429E+00    0.139E+00    0.104E+00    0.342E-02    0.344E-02    0.134E-02    0.134E-02    0.000E+00    0.000E+00    0.000E+00    0.000E+00
     1.300     0.483    0.427E+00    0.138E+00    0.103E+00    0.337E-02    0.339E-02    0.132E-02    0.132E-02    0.000E+00    0.000E+00    0.000E+00    0.000E+00
     1.300     0.484    0.425E+00    0.137E+00    0.103E+00    0.332E-02    0.334E-02    0.131E-02    0.131E-02    0.000E+00    0.000E+00    0.000E+00    0.000E+00
     1.300     0.485    0.423E+00    0.136E+00    0.102E+00    0.328E-02    0.329E-02    0.129E-02    0.129E-02    0.000E+00    0.000E+00    0.000E+00    0.000E+00
     1.300     0.486    0.421E+00    0.135E+00    0.101E+00    0.323E-02    0.325E-02    0.127E-02    0.127E-02    0.000E+00    0.000E+00    0.000E+00    0.000E+00
     1.300     0.487    0.420E+00    0.134E+00    0.100E+00    0.319E-02    0.320E-02    0.125E-02    0.125E-02    0.000E+00    0.000E+00    0.000E+00    0.000E+00
     1.300     0.488    0.418E+00    0.133E+00    0.994E-01    0.314E-02    0.315E-02    0.123E-02    0.123E-02    0.000E+00    0.000E+00    0.000E+00    0.000E+00
     1.300     0.489    0.416E+00    0.132E+00    0.986E-01    0.310E-02    0.311E-02    0.122E-02    0.122E-02    0.000E+00    0.000E+00    0.000E+00    0.000E+00
     1.300     0.490    0.414E+00    0.131E+00    0.978E-01    0.305E-02    0.306E-02    0.120E-02    0.120E-02    0.000E+00    0.000E+00    0.000E+00    0.000E+00
     1.300     0.491    0.412E+00    0.130E+00    0.970E-01    0.301E-02    0.302E-02    0.118E-02    0.118E-02    0.000E+00    0.000E+00    0.000E+00    0.000E+00
     1.300     0.492    0.411E+00    0.129E+00    0.962E-01    0.297E-02    0.298E-02    0.117E-02    0.117E-02    0.000E+00    0.000E+00    0.000E+00    0.000E+00
     1.300     0.493    0.409E+00    0.128E+00    0.954E-01    0.292E-02    0.293E-02    0.115E-02    0.115E-02    0.000E+00    0.000E+00    0.000E+00    0.000E+00
     1.300     0.494    0.407E+00    0.127E+00    0.947E-01    0.288E-02    0.289E-02    0.113E-02    0.113E-02    0.000E+00    0.000E+00    0.000E+00    0.000E+00
     1.300     0.495    0.405E+00    0.127E+00    0.939E-01    0.284E-02    0.285E-02    0.112E-02    0.112E-02    0.000E+00    0.000E+00    0.000E+00    0.000E+00
     1.300     0.496    0.403E+00    0.126E+00    0.931E-01    0.280E-02    0.281E-02    0.110E-02    0.110E-02    0.000E+00    0.000E+00    0.000E+00    0.000E+00
     1.300     0.497    0.402E+00    0.125E+00    0.923E-01    0.276E-02    0.277E-02    0.108E-02    0.108E-02    0.000E+00    0.000E+00    0.000E+00    0.000E+00
     1.300     0.498    0.400E+00    0.124E+00    0.916E-01    0.272E-02    0.273E-02    0.107E-02    0.107E-02    0.000E+00    0.000E+00    0.000E+00    0.000E+00
     1.300     0.499    0.398E+00    0.123E+00    0.908E-01    0.268E-02    0.269E-02    0.105E-02    0.105E-02    0.000E+00    0.000E+00    0.000E+00    0.000E+00
     1.300     0.500    0.396E+00    0.122E+00    0.900E-01    0.264E-02    0.265E-02    0.104E-02    0.104E-02    0.000E+00    0.000E+00    0.000E+00    0.000E+00
     1.300     0.501    0.395E+00    0.121E+00    0.893E-01    0.260E-02    0.261E-02    0.102E-02    0.102E-02    0.000E+00    0.000E+00    0.000E+00    0.000E+00
     1.300     0.502    0.393E+00    0.120E+00    0.885E-01    0.257E-02    0.257E-02    0.101E-02    0.101E-02    0.000E+00    0.000E+00    0.000E+00    0.000E+00
     1.300     0.503    0.391E+00    0.119E+00    0.878E-01    0.253E-02    0.253E-02    0.993E-03    0.993E-03    0.000E+00    0.000E+00    0.000E+00    0.000E+00
     1.300     0.504    0.389E+00    0.118E+00    0.870E-01    0.249E-02    0.250E-02    0.978E-03    0.978E-03    0.000E+00    0.000E+00    0.000E+00    0.000E+00
     1.300     0.505    0.387E+00    0.117E+00    0.863E-01    0.245E-02    0.246E-02    0.964E-03    0.964E-03    0.000E+00    0.000E+00    0.000E+00    0.000E+00
     1.300     0.506    0.386E+00    0.116E+00    0.855E-01    0.242E-02    0.242E-02    0.950E-03    0.950E-03    0.000E+00    0.000E+00    0.000E+00    0.000E+00
     1.300     0.507    0.384E+00    0.115E+00    0.848E-01    0.238E-02    0.239E-02    0.936E-03    0.936E-03    0.000E+00    0.000E+00    0.000E+00    0.000E+00
     1.300     0.508    0.382E+00    0.115E+00    0.841E-01    0.235E-02    0.235E-02    0.922E-03    0.922E-03    0.000E+00    0.000E+00    0.000E+00    0.000E+00
     1.300     0.509    0.380E+00    0.114E+00    0.833E-01    0.231E-02    0.232E-02    0.908E-03    0.908E-03    0.000E+00    0.000E+00    0.000E+00    0.000E+00
     1.300     0.510    0.379E+00    0.113E+00    0.826E-01    0.228E-02    0.228E-02    0.895E-03    0.895E-03    0.000E+00    0.000E+00    0.000E+00    0.000E+00
     1.300     0.511    0.377E+00    0.112E+00    0.819E-01    0.224E-02    0.225E-02    0.881E-03    0.881E-03    0.000E+00    0.000E+00    0.000E+00    0.000E+00
     1.300     0.512    0.375E+00    0.111E+00    0.812E-01    0.221E-02    0.222E-02    0.868E-03    0.868E-03    0.000E+00    0.000E+00    0.000E+00    0.000E+00
     1.300     0.513    0.373E+00    0.110E+00    0.805E-01    0.218E-02    0.218E-02    0.855E-03    0.855E-03    0.000E+00    0.000E+00    0.000E+00    0.000E+00
     1.300     0.514    0.371E+00    0.109E+00    0.797E-01    0.215E-02    0.215E-02    0.842E-03    0.842E-03    0.000E+00    0.000E+00    0.000E+00    0.000E+00
     1.300     0.515    0.370E+00    0.108E+00    0.790E-01    0.211E-02    0.212E-02    0.830E-03    0.830E-03    0.000E+00    0.000E+00    0.000E+00    0.000E+00
     1.300     0.516    0.368E+00    0.108E+00    0.783E-01    0.208E-02    0.208E-02    0.817E-03    0.817E-03    0.000E+00    0.000E+00    0.000E+00    0.000E+00
     1.300     0.517    0.366E+00    0.107E+00    0.776E-01    0.205E-02    0.205E-02    0.805E-03    0.805E-03    0.000E+00    0.000E+00    0.000E+00    0.000E+00
     1.300     0.518    0.364E+00    0.106E+00    0.769E-01    0.202E-02    0.202E-02    0.793E-03    0.793E-03    0.000E+00    0.000E+00    0.000E+00    0.000E+00
     1.300     0.519    0.363E+00    0.105E+00    0.762E-01    0.199E-02    0.199E-02    0.781E-03    0.781E-03    0.000E+00    0.000E+00    0.000E+00    0.000E+00
     1.300     0.520    0.361E+00    0.104E+00    0.756E-01    0.196E-02    0.196E-02    0.769E-03    0.769E-03    0.000E+00    0.000E+00    0.000E+00    0.000E+00
     1.300     0.521    0.359E+00    0.103E+00    0.749E-01    0.193E-02    0.193E-02    0.757E-03    0.757E-03    0.000E+00    0.000E+00    0.000E+00    0.000E+00
     1.300     0.522    0.357E+00    0.102E+00    0.742E-01    0.190E-02    0.190E-02    0.746E-03    0.746E-03    0.000E+00    0.000E+00    0.000E+00    0.000E+00
     1.300     0.523    0.356E+00    0.102E+00    0.735E-01    0.187E-02    0.187E-02    0.734E-03    0.734E-03    0.000E+00    0.000E+00    0.000E+00    0.000E+00
     1.300     0.524    0.354E+00    0.101E+00    0.728E-01    0.184E-02    0.184E-02    0.723E-03    0.723E-03    0.000E+00    0.000E+00    0.000E+00    0.000E+00
     1.300     0.525    0.352E+00    0.999E-01    0.722E-01    0.181E-02    0.181E-02    0.712E-03    0.712E-03    0.000E+00    0.000E+00    0.000E+00    0.000E+00
     1.300     0.526    0.350E+00    0.991E-01    0.715E-01    0.178E-02    0.179E-02    0.701E-03    0.701E-03    0.000E+00    0.000E+00    0.000E+00    0.000E+00
     1.300     0.527    0.349E+00    0.983E-01    0.708E-01    0.176E-02    0.176E-02    0.690E-03    0.690E-03    0.000E+00    0.000E+00    0.000E+00    0.000E+00
     1.300     0.528    0.347E+00    0.974E-01    0.702E-01    0.173E-02    0.173E-02    0.679E-03    0.679E-03    0.000E+00    0.000E+00    0.000E+00    0.000E+00
     1.300     0.529    0.345E+00    0.966E-01    0.695E-01    0.170E-02    0.170E-02    0.669E-03    0.669E-03    0.000E+00    0.000E+00    0.000E+00    0.000E+00
     1.300     0.530    0.343E+00    0.958E-01    0.689E-01    0.168E-02    0.168E-02    0.658E-03    0.658E-03    0.000E+00    0.000E+00    0.000E+00    0.000E+00
     1.300     0.531    0.342E+00    0.950E-01    0.682E-01    0.165E-02    0.165E-02    0.648E-03    0.648E-03    0.000E+00    0.000E+00    0.000E+00    0.000E+00
     1.300     0.532    0.340E+00    0.942E-01    0.676E-01    0.162E-02    0.163E-02    0.638E-03    0.638E-03    0.000E+00    0.000E+00    0.000E+00    0.000E+00
     1.300     0.533    0.338E+00    0.934E-01    0.669E-01    0.160E-02    0.160E-02    0.628E-03    0.628E-03    0.000E+00    0.000E+00    0.000E+00    0.000E+00
     1.300     0.534    0.337E+00    0.926E-01    0.663E-01    0.157E-02    0.157E-02    0.618E-03    0.618E-03    0.000E+00    0.000E+00    0.000E+00    0.000E+00
     1.300     0.535    0.335E+00    0.918E-01    0.657E-01    0.155E-02    0.155E-02    0.608E-03    0.608E-03    0.000E+00    0.000E+00    0.000E+00    0.000E+00
     1.300     0.536    0.333E+00    0.910E-01    0.650E-01    0.152E-02    0.152E-02    0.599E-03    0.599E-03    0.000E+00    0.000E+00    0.000E+00    0.000E+00
     1.300     0.537    0.331E+00    0.902E-01    0.644E-01    0.150E-02    0.150E-02    0.589E-03    0.589E-03    0.000E+00    0.000E+00    0.000E+00    0.000E+00
     1.300     0.538    0.330E+00    0.894E-01    0.638E-01    0.148E-02    0.148E-02    0.580E-03    0.580E-03    0.000E+00    0.000E+00    0.000E+00    0.000E+00
     1.300     0.539    0.328E+00    0.887E-01    0.632E-01    0.145E-02    0.145E-02    0.571E-03    0.571E-03    0.000E+00    0.000E+00    0.000E+00    0.000E+00
     1.300     0.540    0.326E+00    0.879E-01    0.626E-01    0.143E-02    0.143E-02    0.561E-03    0.561E-03    0.000E+00    0.000E+00    0.000E+00    0.000E+00
     1.300     0.541    0.325E+00    0.871E-01    0.619E-01    0.141E-02    0.141E-02    0.552E-03    0.552E-03    0.000E+00    0.000E+00    0.000E+00    0.000E+00
     1.300     0.542    0.323E+00    0.863E-01    0.613E-01    0.138E-02    0.138E-02    0.544E-03    0.544E-03    0.000E+00    0.000E+00    0.000E+00    0.000E+00
     1.300     0.543    0.321E+00    0.856E-01    0.607E-01    0.136E-02    0.136E-02    0.535E-03    0.535E-03    0.000E+00    0.000E+00    0.000E+00    0.000E+00
     1.300     0.544    0.319E+00    0.848E-01    0.601E-01    0.134E-02    0.134E-02    0.526E-03    0.526E-03    0.000E+00    0.000E+00    0.000E+00    0.000E+00
     1.300     0.545    0.318E+00    0.841E-01    0.595E-01    0.132E-02    0.132E-02    0.518E-03    0.518E-03    0.000E+00    0.000E+00    0.000E+00    0.000E+00
     1.300     0.546    0.316E+00    0.833E-01    0.589E-01    0.130E-02    0.130E-02    0.509E-03    0.509E-03    0.000E+00    0.000E+00    0.000E+00    0.000E+00
     1.300     0.547    0.314E+00    0.826E-01    0.584E-01    0.127E-02    0.128E-02    0.501E-03    0.501E-03    0.000E+00    0.000E+00    0.000E+00    0.000E+00
     1.300     0.548    0.313E+00    0.818E-01    0.578E-01    0.125E-02    0.125E-02    0.493E-03    0.493E-03    0.000E+00    0.000E+00    0.000E+00    0.000E+00
     1.300     0.549    0.311E+00    0.811E-01    0.572E-01    0.123E-02    0.123E-02    0.485E-03    0.485E-03    0.000E+00    0.000E+00    0.000E+00    0.000E+00
     1.300     0.550    0.309E+00    0.804E-01    0.566E-01    0.121E-02    0.121E-02    0.477E-03    0.477E-03    0.000E+00    0.000E+00    0.000E+00    0.000E+00
     1.300     0.551    0.308E+00    0.796E-01    0.560E-01    0.119E-02    0.119E-02    0.469E-03    0.469E-03    0.000E+00    0.000E+00    0.000E+00    0.000E+00
     1.300     0.552    0.306E+00    0.789E-01    0.555E-01    0.117E-02    0.117E-02    0.461E-03    0.461E-03    0.000E+00    0.000E+00    0.000E+00    0.000E+00
     1.300     0.553    0.304E+00    0.782E-01    0.549E-01    0.115E-02    0.115E-02    0.454E-03    0.454E-03    0.000E+00    0.000E+00    0.000E+00    0.000E+00
     1.300     0.554    0.303E+00    0.775E-01    0.543E-01    0.114E-02    0.114E-02    0.446E-03    0.446E-03    0.000E+00    0.000E+00    0.000E+00    0.000E+00
     1.300     0.555    0.301E+00    0.768E-01    0.538E-01    0.112E-02    0.112E-02    0.439E-03    0.439E-03    0.000E+00    0.000E+00    0.000E+00    0.000E+00
     1.300     0.556    0.299E+00    0.761E-01    0.532E-01    0.110E-02    0.110E-02    0.432E-03    0.432E-03    0.000E+00    0.000E+00    0.000E+00    0.000E+00
     1.300     0.557    0.298E+00    0.754E-01    0.527E-01    0.108E-02    0.108E-02    0.424E-03    0.424E-03    0.000E+00    0.000E+00    0.000E+00    0.000E+00
     1.300     0.558    0.296E+00    0.747E-01    0.521E-01    0.106E-02    0.106E-02    0.417E-03    0.417E-03    0.000E+00    0.000E+00    0.000E+00    0.000E+00
     1.300     0.559    0.294E+00    0.740E-01    0.516E-01    0.104E-02    0.104E-02    0.410E-03    0.410E-03    0.000E+00    0.000E+00    0.000E+00    0.000E+00
     1.300     0.560    0.293E+00    0.733E-01    0.510E-01    0.103E-02    0.103E-02    0.404E-03    0.404E-03    0.000E+00    0.000E+00    0.000E+00    0.000E+00
     1.300     0.561    0.291E+00    0.726E-01    0.505E-01    0.101E-02    0.101E-02    0.397E-03    0.397E-03    0.000E+00    0.000E+00    0.000E+00    0.000E+00
     1.300     0.562    0.289E+00    0.719E-01    0.500E-01    0.992E-03    0.992E-03    0.390E-03    0.390E-03    0.000E+00    0.000E+00    0.000E+00    0.000E+00
     1.300     0.563    0.288E+00    0.712E-01    0.494E-01    0.975E-03    0.975E-03    0.384E-03    0.384E-03    0.000E+00    0.000E+00    0.000E+00    0.000E+00
     1.300     0.564    0.286E+00    0.705E-01    0.489E-01    0.959E-03    0.959E-03    0.377E-03    0.377E-03    0.000E+00    0.000E+00    0.000E+00    0.000E+00
     1.300     0.565    0.284E+00    0.699E-01    0.484E-01    0.942E-03    0.942E-03    0.371E-03    0.371E-03    0.000E+00    0.000E+00    0.000E+00    0.000E+00
     1.300     0.566    0.283E+00    0.692E-01    0.479E-01    0.926E-03    0.926E-03    0.364E-03    0.364E-03    0.000E+00    0.000E+00    0.000E+00    0.000E+00
     1.300     0.567    0.281E+00    0.685E-01    0.474E-01    0.910E-03    0.910E-03    0.358E-03    0.358E-03    0.000E+00    0.000E+00    0.000E+00    0.000E+00
     1.300     0.568    0.279E+00    0.679E-01    0.469E-01    0.895E-03    0.895E-03    0.352E-03    0.352E-03    0.000E+00    0.000E+00    0.000E+00    0.000E+00
     1.300     0.569    0.278E+00    0.672E-01    0.463E-01    0.879E-03    0.879E-03    0.346E-03    0.346E-03    0.000E+00    0.000E+00    0.000E+00    0.000E+00
     1.300     0.570    0.276E+00    0.666E-01    0.458E-01    0.864E-03    0.864E-03    0.340E-03    0.340E-03    0.000E+00    0.000E+00    0.000E+00    0.000E+00
     1.300     0.571    0.275E+00    0.659E-01    0.453E-01    0.849E-03    0.849E-03    0.334E-03    0.334E-03    0.000E+00    0.000E+00    0.000E+00    0.000E+00
     1.300     0.572    0.273E+00    0.653E-01    0.448E-01    0.834E-03    0.834E-03    0.328E-03    0.328E-03    0.000E+00    0.000E+00    0.000E+00    0.000E+00
     1.300     0.573    0.271E+00    0.647E-01    0.443E-01    0.820E-03    0.820E-03    0.323E-03    0.323E-03    0.000E+00    0.000E+00    0.000E+00    0.000E+00
     1.300     0.574    0.270E+00    0.640E-01    0.439E-01    0.805E-03    0.806E-03    0.317E-03    0.317E-03    0.000E+00    0.000E+00    0.000E+00    0.000E+00
     1.300     0.575    0.268E+00    0.634E-01    0.434E-01    0.791E-03    0.792E-03    0.312E-03    0.312E-03    0.000E+00    0.000E+00    0.000E+00    0.000E+00
     1.300     0.576    0.267E+00    0.628E-01    0.429E-01    0.778E-03    0.778E-03    0.306E-03    0.306E-03    0.000E+00    0.000E+00    0.000E+00    0.000E+00
     1.300     0.577    0.265E+00    0.621E-01    0.424E-01    0.764E-03    0.764E-03    0.301E-03    0.301E-03    0.000E+00    0.000E+00    0.000E+00    0.000E+00
     1.300     0.578    0.263E+00    0.615E-01    0.419E-01    0.750E-03    0.751E-03    0.295E-03    0.295E-03    0.000E+00    0.000E+00    0.000E+00    0.000E+00
     1.300     0.579    0.262E+00    0.609E-01    0.415E-01    0.737E-03    0.737E-03    0.290E-03    0.290E-03    0.000E+00    0.000E+00    0.000E+00    0.000E+00
     1.300     0.580    0.260E+00    0.603E-01    0.410E-01    0.724E-03    0.724E-03    0.285E-03    0.285E-03    0.000E+00    0.000E+00    0.000E+00    0.000E+00
     1.300     0.581    0.259E+00    0.597E-01    0.405E-01    0.711E-03    0.711E-03    0.280E-03    0.280E-03    0.000E+00    0.000E+00    0.000E+00    0.000E+00
     1.300     0.582    0.257E+00    0.591E-01    0.401E-01    0.699E-03    0.699E-03    0.275E-03    0.275E-03    0.000E+00    0.000E+00    0.000E+00    0.000E+00
     1.300     0.583    0.255E+00    0.585E-01    0.396E-01    0.686E-03    0.686E-03    0.270E-03    0.270E-03    0.000E+00    0.000E+00    0.000E+00    0.000E+00
     1.300     0.584    0.254E+00    0.579E-01    0.392E-01    0.674E-03    0.674E-03    0.265E-03    0.265E-03    0.000E+00    0.000E+00    0.000E+00    0.000E+00
     1.300     0.585    0.252E+00    0.573E-01    0.387E-01    0.662E-03    0.662E-03    0.261E-03    0.261E-03    0.000E+00    0.000E+00    0.000E+00    0.000E+00
     1.300     0.586    0.251E+00    0.567E-01    0.383E-01    0.650E-03    0.650E-03    0.256E-03    0.256E-03    0.000E+00    0.000E+00    0.000E+00    0.000E+00
     1.300     0.587    0.249E+00    0.562E-01    0.378E-01    0.638E-03    0.638E-03    0.251E-03    0.251E-03    0.000E+00    0.000E+00    0.000E+00    0.000E+00
     1.300     0.588    0.248E+00    0.556E-01    0.374E-01    0.627E-03    0.627E-03    0.247E-03    0.247E-03    0.000E+00    0.000E+00    0.000E+00    0.000E+00
     1.300     0.589    0.246E+00    0.550E-01    0.369E-01    0.615E-03    0.615E-03    0.242E-03    0.242E-03    0.000E+00    0.000E+00    0.000E+00    0.000E+00
     1.300     0.590    0.245E+00    0.544E-01    0.365E-01    0.604E-03    0.604E-03    0.238E-03    0.238E-03    0.000E+00    0.000E+00    0.000E+00    0.000E+00
     1.300     0.591    0.243E+00    0.539E-01    0.361E-01    0.593E-03    0.593E-03    0.234E-03    0.234E-03    0.000E+00    0.000E+00    0.000E+00    0.000E+00
     1.300     0.592    0.241E+00    0.533E-01    0.356E-01    0.582E-03    0.582E-03    0.229E-03    0.229E-03    0.000E+00    0.000E+00    0.000E+00    0.000E+00
     1.300     0.593    0.240E+00    0.528E-01    0.352E-01    0.572E-03    0.572E-03    0.225E-03    0.225E-03    0.000E+00    0.000E+00    0.000E+00    0.000E+00
     1.300     0.594    0.238E+00    0.522E-01    0.348E-01    0.561E-03    0.561E-03    0.221E-03    0.221E-03    0.000E+00    0.000E+00    0.000E+00    0.000E+00
     1.300     0.595    0.237E+00    0.517E-01    0.344E-01    0.551E-03    0.551E-03    0.217E-03    0.217E-03    0.000E+00    0.000E+00    0.000E+00    0.000E+00
     1.300     0.596    0.235E+00    0.511E-01    0.340E-01    0.541E-03    0.541E-03    0.213E-03    0.213E-03    0.000E+00    0.000E+00    0.000E+00    0.000E+00
     1.300     0.597    0.234E+00    0.506E-01    0.336E-01    0.531E-03    0.531E-03    0.209E-03    0.209E-03    0.000E+00    0.000E+00    0.000E+00    0.000E+00
     1.300     0.598    0.232E+00    0.500E-01    0.332E-01    0.521E-03    0.521E-03    0.205E-03    0.205E-03    0.000E+00    0.000E+00    0.000E+00    0.000E+00
     1.300     0.599    0.231E+00    0.495E-01    0.328E-01    0.511E-03    0.511E-03    0.202E-03    0.202E-03    0.000E+00    0.000E+00    0.000E+00    0.000E+00
     1.300     0.600    0.229E+00    0.490E-01    0.324E-01    0.502E-03    0.502E-03    0.198E-03    0.198E-03    0.000E+00    0.000E+00    0.000E+00    0.000E+00
     1.300     0.601    0.228E+00    0.485E-01    0.320E-01    0.492E-03    0.492E-03    0.194E-03    0.194E-03    0.000E+00    0.000E+00    0.000E+00    0.000E+00
     1.300     0.602    0.226E+00    0.479E-01    0.316E-01    0.483E-03    0.483E-03    0.190E-03    0.190E-03    0.000E+00    0.000E+00    0.000E+00    0.000E+00
     1.300     0.603    0.225E+00    0.474E-01    0.312E-01    0.474E-03    0.474E-03    0.187E-03    0.187E-03    0.000E+00    0.000E+00    0.000E+00    0.000E+00
     1.300     0.604    0.223E+00    0.469E-01    0.308E-01    0.465E-03    0.465E-03    0.183E-03    0.183E-03    0.000E+00    0.000E+00    0.000E+00    0.000E+00
     1.300     0.605    0.222E+00    0.464E-01    0.304E-01    0.456E-03    0.456E-03    0.180E-03    0.180E-03    0.000E+00    0.000E+00    0.000E+00    0.000E+00
     1.300     0.606    0.220E+00    0.459E-01    0.300E-01    0.448E-03    0.448E-03    0.177E-03    0.177E-03    0.000E+00    0.000E+00    0.000E+00    0.000E+00
     1.300     0.607    0.219E+00    0.454E-01    0.297E-01    0.439E-03    0.439E-03    0.173E-03    0.173E-03    0.000E+00    0.000E+00    0.000E+00    0.000E+00
     1.300     0.608    0.217E+00    0.449E-01    0.293E-01    0.431E-03    0.431E-03    0.170E-03    0.170E-03    0.000E+00    0.000E+00    0.000E+00    0.000E+00
     1.300     0.609    0.216E+00    0.444E-01    0.289E-01    0.422E-03    0.422E-03    0.167E-03    0.167E-03    0.000E+00    0.000E+00    0.000E+00    0.000E+00
     1.300     0.610    0.214E+00    0.439E-01    0.285E-01    0.414E-03    0.414E-03    0.164E-03    0.164E-03    0.000E+00    0.000E+00    0.000E+00    0.000E+00
     1.300     0.611    0.213E+00    0.434E-01    0.282E-01    0.406E-03    0.406E-03    0.160E-03    0.160E-03    0.000E+00    0.000E+00    0.000E+00    0.000E+00
     1.300     0.612    0.212E+00    0.429E-01    0.278E-01    0.398E-03    0.398E-03    0.157E-03    0.157E-03    0.000E+00    0.000E+00    0.000E+00    0.000E+00
     1.300     0.613    0.210E+00    0.425E-01    0.275E-01    0.391E-03    0.391E-03    0.154E-03    0.154E-03    0.000E+00    0.000E+00    0.000E+00    0.000E+00
     1.300     0.614    0.209E+00    0.420E-01    0.271E-01    0.383E-03    0.383E-03    0.151E-03    0.151E-03    0.000E+00    0.000E+00    0.000E+00    0.000E+00
     1.300     0.615    0.207E+00    0.415E-01    0.268E-01    0.376E-03    0.376E-03    0.148E-03    0.148E-03    0.000E+00    0.000E+00    0.000E+00    0.000E+00
     1.300     0.616    0.206E+00    0.411E-01    0.264E-01    0.368E-03    0.368E-03    0.145E-03    0.145E-03    0.000E+00    0.000E+00    0.000E+00    0.000E+00
     1.300     0.617    0.204E+00    0.406E-01    0.261E-01    0.361E-03    0.361E-03    0.143E-03    0.143E-03    0.000E+00    0.000E+00    0.000E+00    0.000E+00
     1.300     0.618    0.203E+00    0.401E-01    0.257E-01    0.354E-03    0.354E-03    0.140E-03    0.140E-03    0.000E+00    0.000E+00    0.000E+00    0.000E+00
     1.300     0.619    0.201E+00    0.397E-01    0.254E-01    0.347E-03    0.347E-03    0.137E-03    0.137E-03    0.000E+00    0.000E+00    0.000E+00    0.000E+00
     1.300     0.620    0.200E+00    0.392E-01    0.251E-01    0.340E-03    0.340E-03    0.134E-03    0.134E-03    0.000E+00    0.000E+00    0.000E+00    0.000E+00
     1.300     0.621    0.199E+00    0.388E-01    0.247E-01    0.333E-03    0.333E-03    0.132E-03    0.132E-03    0.000E+00    0.000E+00    0.000E+00    0.000E+00
     1.300     0.622    0.197E+00    0.383E-01    0.244E-01    0.327E-03    0.327E-03    0.129E-03    0.129E-03    0.000E+00    0.000E+00    0.000E+00    0.000E+00
     1.300     0.623    0.196E+00    0.379E-01    0.241E-01    0.320E-03    0.320E-03    0.127E-03    0.127E-03    0.000E+00    0.000E+00    0.000E+00    0.000E+00
     1.300     0.624    0.194E+00    0.375E-01    0.238E-01    0.314E-03    0.314E-03    0.124E-03    0.124E-03    0.000E+00    0.000E+00    0.000E+00    0.000E+00
     1.300     0.625    0.193E+00    0.370E-01    0.234E-01    0.308E-03    0.308E-03    0.122E-03    0.122E-03    0.000E+00    0.000E+00    0.000E+00    0.000E+00
     1.300     0.626    0.192E+00    0.366E-01    0.231E-01    0.302E-03    0.302E-03    0.119E-03    0.119E-03    0.000E+00    0.000E+00    0.000E+00    0.000E+00
     1.300     0.627    0.190E+00    0.362E-01    0.228E-01    0.296E-03    0.296E-03    0.117E-03    0.117E-03    0.000E+00    0.000E+00    0.000E+00    0.000E+00
     1.300     0.628    0.189E+00    0.358E-01    0.225E-01    0.290E-03    0.290E-03    0.114E-03    0.114E-03    0.000E+00    0.000E+00    0.000E+00    0.000E+00
     1.300     0.629    0.188E+00    0.353E-01    0.222E-01    0.284E-03    0.284E-03    0.112E-03    0.112E-03    0.000E+00    0.000E+00    0.000E+00    0.000E+00
     1.300     0.630    0.186E+00    0.349E-01    0.219E-01    0.278E-03    0.278E-03    0.110E-03    0.110E-03    0.000E+00    0.000E+00    0.000E+00    0.000E+00
     1.300     0.631    0.185E+00    0.345E-01    0.216E-01    0.272E-03    0.272E-03    0.108E-03    0.108E-03    0.000E+00    0.000E+00    0.000E+00    0.000E+00
     1.300     0.632    0.183E+00    0.341E-01    0.213E-01    0.267E-03    0.267E-03    0.106E-03    0.106E-03    0.000E+00    0.000E+00    0.000E+00    0.000E+00
     1.300     0.633    0.182E+00    0.337E-01    0.210E-01    0.261E-03    0.261E-03    0.103E-03    0.103E-03    0.000E+00    0.000E+00    0.000E+00    0.000E+00
     1.300     0.634    0.181E+00    0.333E-01    0.207E-01    0.256E-03    0.256E-03    0.101E-03    0.101E-03    0.000E+00    0.000E+00    0.000E+00    0.000E+00
     1.300     0.635    0.179E+00    0.329E-01    0.204E-01    0.251E-03    0.251E-03    0.992E-04    0.992E-04    0.000E+00    0.000E+00    0.000E+00    0.000E+00
     1.300     0.636    0.178E+00    0.325E-01    0.201E-01    0.245E-03    0.245E-03    0.971E-04    0.971E-04    0.000E+00    0.000E+00    0.000E+00    0.000E+00
     1.300     0.637    0.177E+00    0.321E-01    0.198E-01    0.240E-03    0.240E-03    0.951E-04    0.951E-04    0.000E+00    0.000E+00    0.000E+00    0.000E+00
     1.300     0.638    0.175E+00    0.317E-01    0.196E-01    0.235E-03    0.235E-03    0.931E-04    0.931E-04    0.000E+00    0.000E+00    0.000E+00    0.000E+00
     1.300     0.639    0.174E+00    0.314E-01    0.193E-01    0.230E-03    0.230E-03    0.912E-04    0.912E-04    0.000E+00    0.000E+00    0.000E+00    0.000E+00
     1.300     0.640    0.173E+00    0.310E-01    0.190E-01    0.226E-03    0.226E-03    0.893E-04    0.893E-04    0.000E+00    0.000E+00    0.000E+00    0.000E+00
     1.300     0.641    0.171E+00    0.306E-01    0.187E-01    0.221E-03    0.221E-03    0.874E-04    0.874E-04    0.000E+00    0.000E+00    0.000E+00    0.000E+00
     1.300     0.642    0.170E+00    0.302E-01    0.185E-01    0.216E-03    0.216E-03    0.856E-04    0.856E-04    0.000E+00    0.000E+00    0.000E+00    0.000E+00
     1.300     0.643    0.169E+00    0.299E-01    0.182E-01    0.212E-03    0.212E-03    0.838E-04    0.838E-04    0.000E+00    0.000E+00    0.000E+00    0.000E+00
     1.300     0.644    0.167E+00    0.295E-01    0.179E-01    0.207E-03    0.207E-03    0.821E-04    0.821E-04    0.000E+00    0.000E+00    0.000E+00    0.000E+00
     1.300     0.645    0.166E+00    0.291E-01    0.177E-01    0.203E-03    0.203E-03    0.803E-04    0.803E-04    0.000E+00    0.000E+00    0.000E+00    0.000E+00
     1.300     0.646    0.165E+00    0.288E-01    0.174E-01    0.199E-03    0.199E-03    0.786E-04    0.786E-04    0.000E+00    0.000E+00    0.000E+00    0.000E+00
     1.300     0.647    0.164E+00    0.284E-01    0.172E-01    0.194E-03    0.194E-03    0.770E-04    0.770E-04    0.000E+00    0.000E+00    0.000E+00    0.000E+00
     1.300     0.648    0.162E+00    0.281E-01    0.169E-01    0.190E-03    0.190E-03    0.753E-04    0.753E-04    0.000E+00    0.000E+00    0.000E+00    0.000E+00
     1.300     0.649    0.161E+00    0.277E-01    0.167E-01    0.186E-03    0.186E-03    0.737E-04    0.737E-04    0.000E+00    0.000E+00    0.000E+00    0.000E+00
     1.300     0.650    0.160E+00    0.274E-01    0.164E-01    0.182E-03    0.182E-03    0.722E-04    0.722E-04    0.000E+00    0.000E+00    0.000E+00    0.000E+00
     1.300     0.651    0.158E+00    0.270E-01    0.162E-01    0.178E-03    0.178E-03    0.706E-04    0.706E-04    0.000E+00    0.000E+00    0.000E+00    0.000E+00
     1.300     0.652    0.157E+00    0.267E-01    0.159E-01    0.174E-03    0.174E-03    0.691E-04    0.691E-04    0.000E+00    0.000E+00    0.000E+00    0.000E+00
     1.300     0.653    0.156E+00    0.264E-01    0.157E-01    0.171E-03    0.171E-03    0.676E-04    0.676E-04    0.000E+00    0.000E+00    0.000E+00    0.000E+00
     1.300     0.654    0.155E+00    0.260E-01    0.155E-01    0.167E-03    0.167E-03    0.662E-04    0.662E-04    0.000E+00    0.000E+00    0.000E+00    0.000E+00
     1.300     0.655    0.153E+00    0.257E-01    0.152E-01    0.163E-03    0.163E-03    0.647E-04    0.647E-04    0.000E+00    0.000E+00    0.000E+00    0.000E+00
     1.300     0.656    0.152E+00    0.254E-01    0.150E-01    0.160E-03    0.160E-03    0.633E-04    0.633E-04    0.000E+00    0.000E+00    0.000E+00    0.000E+00
     1.300     0.657    0.151E+00    0.251E-01    0.148E-01    0.156E-03    0.156E-03    0.619E-04    0.619E-04    0.000E+00    0.000E+00    0.000E+00    0.000E+00
     1.300     0.658    0.150E+00    0.247E-01    0.145E-01    0.153E-03    0.153E-03    0.605E-04    0.605E-04    0.000E+00    0.000E+00    0.000E+00    0.000E+00
     1.300     0.659    0.149E+00    0.244E-01    0.143E-01    0.149E-03    0.149E-03    0.592E-04    0.592E-04    0.000E+00    0.000E+00    0.000E+00    0.000E+00
     1.300     0.660    0.147E+00    0.241E-01    0.141E-01    0.146E-03    0.146E-03    0.579E-04    0.579E-04    0.000E+00    0.000E+00    0.000E+00    0.000E+00
     1.300     0.661    0.146E+00    0.238E-01    0.139E-01    0.143E-03    0.143E-03    0.566E-04    0.566E-04    0.000E+00    0.000E+00    0.000E+00    0.000E+00
     1.300     0.662    0.145E+00    0.235E-01    0.137E-01    0.139E-03    0.139E-03    0.554E-04    0.554E-04    0.000E+00    0.000E+00    0.000E+00    0.000E+00
     1.300     0.663    0.144E+00    0.232E-01    0.135E-01    0.136E-03    0.136E-03    0.541E-04    0.541E-04    0.000E+00    0.000E+00    0.000E+00    0.000E+00
     1.300     0.664    0.142E+00    0.229E-01    0.132E-01    0.133E-03    0.133E-03    0.529E-04    0.529E-04    0.000E+00    0.000E+00    0.000E+00    0.000E+00
     1.300     0.665    0.141E+00    0.226E-01    0.130E-01    0.130E-03    0.130E-03    0.517E-04    0.517E-04    0.000E+00    0.000E+00    0.000E+00    0.000E+00
     1.300     0.666    0.140E+00    0.223E-01    0.128E-01    0.127E-03    0.127E-03    0.506E-04    0.506E-04    0.000E+00    0.000E+00    0.000E+00    0.000E+00
     1.300     0.667    0.139E+00    0.220E-01    0.126E-01    0.124E-03    0.124E-03    0.494E-04    0.494E-04    0.000E+00    0.000E+00    0.000E+00    0.000E+00
     1.300     0.668    0.138E+00    0.217E-01    0.124E-01    0.122E-03    0.122E-03    0.483E-04    0.483E-04    0.000E+00    0.000E+00    0.000E+00    0.000E+00
     1.300     0.669    0.137E+00    0.214E-01    0.122E-01    0.119E-03    0.119E-03    0.472E-04    0.472E-04    0.000E+00    0.000E+00    0.000E+00    0.000E+00
     1.300     0.670    0.135E+00    0.211E-01    0.120E-01    0.116E-03    0.116E-03    0.461E-04    0.461E-04    0.000E+00    0.000E+00    0.000E+00    0.000E+00
     1.300     0.671    0.134E+00    0.209E-01    0.118E-01    0.113E-03    0.113E-03    0.451E-04    0.451E-04    0.000E+00    0.000E+00    0.000E+00    0.000E+00
     1.300     0.672    0.133E+00    0.206E-01    0.116E-01    0.111E-03    0.111E-03    0.441E-04    0.441E-04    0.000E+00    0.000E+00    0.000E+00    0.000E+00
     1.300     0.673    0.132E+00    0.203E-01    0.115E-01    0.108E-03    0.108E-03    0.431E-04    0.431E-04    0.000E+00    0.000E+00    0.000E+00    0.000E+00
     1.300     0.674    0.131E+00    0.200E-01    0.113E-01    0.106E-03    0.106E-03    0.421E-04    0.421E-04    0.000E+00    0.000E+00    0.000E+00    0.000E+00
     1.300     0.675    0.130E+00    0.198E-01    0.111E-01    0.103E-03    0.103E-03    0.411E-04    0.411E-04    0.000E+00    0.000E+00    0.000E+00    0.000E+00
     1.300     0.676    0.129E+00    0.195E-01    0.109E-01    0.101E-03    0.101E-03    0.402E-04    0.402E-04    0.000E+00    0.000E+00    0.000E+00    0.000E+00
     1.300     0.677    0.127E+00    0.192E-01    0.107E-01    0.986E-04    0.986E-04    0.392E-04    0.392E-04    0.000E+00    0.000E+00    0.000E+00    0.000E+00
     1.300     0.678    0.126E+00    0.190E-01    0.105E-01    0.963E-04    0.963E-04    0.383E-04    0.383E-04    0.000E+00    0.000E+00    0.000E+00    0.000E+00
     1.300     0.679    0.125E+00    0.187E-01    0.104E-01    0.940E-04    0.940E-04    0.374E-04    0.374E-04    0.000E+00    0.000E+00    0.000E+00    0.000E+00
     1.300     0.680    0.124E+00    0.185E-01    0.102E-01    0.917E-04    0.917E-04    0.365E-04    0.365E-04    0.000E+00    0.000E+00    0.000E+00    0.000E+00
     1.300     0.681    0.123E+00    0.182E-01    0.100E-01    0.896E-04    0.896E-04    0.356E-04    0.356E-04    0.000E+00    0.000E+00    0.000E+00    0.000E+00
     1.300     0.682    0.122E+00    0.180E-01    0.986E-02    0.874E-04    0.874E-04    0.348E-04    0.348E-04    0.000E+00    0.000E+00    0.000E+00    0.000E+00
     1.300     0.683    0.121E+00    0.177E-01    0.969E-02    0.853E-04    0.853E-04    0.340E-04    0.340E-04    0.000E+00    0.000E+00    0.000E+00    0.000E+00
     1.300     0.684    0.120E+00    0.175E-01    0.952E-02    0.833E-04    0.833E-04    0.332E-04    0.332E-04    0.000E+00    0.000E+00    0.000E+00    0.000E+00
     1.300     0.685    0.119E+00    0.172E-01    0.936E-02    0.813E-04    0.813E-04    0.324E-04    0.324E-04    0.000E+00    0.000E+00    0.000E+00    0.000E+00
     1.300     0.686    0.117E+00    0.170E-01    0.920E-02    0.793E-04    0.793E-04    0.316E-04    0.316E-04    0.000E+00    0.000E+00    0.000E+00    0.000E+00
     1.300     0.687    0.116E+00    0.168E-01    0.904E-02    0.774E-04    0.774E-04    0.308E-04    0.308E-04    0.000E+00    0.000E+00    0.000E+00    0.000E+00
     1.300     0.688    0.115E+00    0.165E-01    0.889E-02    0.755E-04    0.755E-04    0.301E-04    0.301E-04    0.000E+00    0.000E+00    0.000E+00    0.000E+00
     1.300     0.689    0.114E+00    0.163E-01    0.873E-02    0.736E-04    0.736E-04    0.293E-04    0.293E-04    0.000E+00    0.000E+00    0.000E+00    0.000E+00
     1.300     0.690    0.113E+00    0.161E-01    0.858E-02    0.718E-04    0.718E-04    0.286E-04    0.286E-04    0.000E+00    0.000E+00    0.000E+00    0.000E+00
     1.300     0.691    0.112E+00    0.159E-01    0.843E-02    0.701E-04    0.701E-04    0.279E-04    0.279E-04    0.000E+00    0.000E+00    0.000E+00    0.000E+00
     1.300     0.692    0.111E+00    0.156E-01    0.828E-02    0.684E-04    0.684E-04    0.273E-04    0.273E-04    0.000E+00    0.000E+00    0.000E+00    0.000E+00
     1.300     0.693    0.110E+00    0.154E-01    0.814E-02    0.667E-04    0.667E-04    0.266E-04    0.266E-04    0.000E+00    0.000E+00    0.000E+00    0.000E+00
     1.300     0.694    0.109E+00    0.152E-01    0.799E-02    0.650E-04    0.650E-04    0.259E-04    0.259E-04    0.000E+00    0.000E+00    0.000E+00    0.000E+00
     1.300     0.695    0.108E+00    0.150E-01    0.785E-02    0.634E-04    0.634E-04    0.253E-04    0.253E-04    0.000E+00    0.000E+00    0.000E+00    0.000E+00
     1.300     0.696    0.107E+00    0.148E-01    0.771E-02    0.619E-04    0.619E-04    0.247E-04    0.247E-04    0.000E+00    0.000E+00    0.000E+00    0.000E+00
     1.300     0.697    0.106E+00    0.146E-01    0.757E-02    0.603E-04    0.603E-04    0.241E-04    0.241E-04    0.000E+00    0.000E+00    0.000E+00    0.000E+00
     1.300     0.698    0.105E+00    0.143E-01    0.744E-02    0.588E-04    0.588E-04    0.235E-04    0.235E-04    0.000E+00    0.000E+00    0.000E+00    0.000E+00
     1.300     0.699    0.104E+00    0.141E-01    0.730E-02    0.573E-04    0.573E-04    0.229E-04    0.229E-04    0.000E+00    0.000E+00    0.000E+00    0.000E+00
     1.300     0.700    0.103E+00    0.139E-01    0.717E-02    0.559E-04    0.559E-04    0.223E-04    0.223E-04    0.000E+00    0.000E+00    0.000E+00    0.000E+00
     1.300     0.701    0.102E+00    0.137E-01    0.704E-02    0.544E-04    0.544E-04    0.217E-04    0.217E-04    0.000E+00    0.000E+00    0.000E+00    0.000E+00
     1.300     0.702    0.101E+00    0.135E-01    0.691E-02    0.530E-04    0.530E-04    0.212E-04    0.212E-04    0.000E+00    0.000E+00    0.000E+00    0.000E+00
     1.300     0.703    0.999E-01    0.133E-01    0.678E-02    0.517E-04    0.517E-04    0.206E-04    0.206E-04    0.000E+00    0.000E+00    0.000E+00    0.000E+00
     1.300     0.704    0.990E-01    0.131E-01    0.665E-02    0.503E-04    0.503E-04    0.201E-04    0.201E-04    0.000E+00    0.000E+00    0.000E+00    0.000E+00
     1.300     0.705    0.980E-01    0.130E-01    0.653E-02    0.490E-04    0.490E-04    0.196E-04    0.196E-04    0.000E+00    0.000E+00    0.000E+00    0.000E+00
     1.300     0.706    0.970E-01    0.128E-01    0.641E-02    0.478E-04    0.478E-04    0.191E-04    0.191E-04    0.000E+00    0.000E+00    0.000E+00    0.000E+00
     1.300     0.707    0.960E-01    0.126E-01    0.629E-02    0.465E-04    0.465E-04    0.186E-04    0.186E-04    0.000E+00    0.000E+00    0.000E+00    0.000E+00
     1.300     0.708    0.951E-01    0.124E-01    0.617E-02    0.453E-04    0.453E-04    0.181E-04    0.181E-04    0.000E+00    0.000E+00    0.000E+00    0.000E+00
     1.300     0.709    0.941E-01    0.122E-01    0.605E-02    0.441E-04    0.441E-04    0.176E-04    0.176E-04    0.000E+00    0.000E+00    0.000E+00    0.000E+00
     1.300     0.710    0.932E-01    0.120E-01    0.594E-02    0.430E-04    0.430E-04    0.172E-04    0.172E-04    0.000E+00    0.000E+00    0.000E+00    0.000E+00
     1.300     0.711    0.922E-01    0.119E-01    0.583E-02    0.418E-04    0.418E-04    0.167E-04    0.167E-04    0.000E+00    0.000E+00    0.000E+00    0.000E+00
     1.300     0.712    0.913E-01    0.117E-01    0.571E-02    0.407E-04    0.407E-04    0.163E-04    0.163E-04    0.000E+00    0.000E+00    0.000E+00    0.000E+00
     1.300     0.713    0.904E-01    0.115E-01    0.560E-02    0.396E-04    0.396E-04    0.159E-04    0.159E-04    0.000E+00    0.000E+00    0.000E+00    0.000E+00
     1.300     0.714    0.894E-01    0.113E-01    0.550E-02    0.386E-04    0.386E-04    0.155E-04    0.155E-04    0.000E+00    0.000E+00    0.000E+00    0.000E+00
     1.300     0.715    0.885E-01    0.112E-01    0.539E-02    0.376E-04    0.376E-04    0.150E-04    0.150E-04    0.000E+00    0.000E+00    0.000E+00    0.000E+00
     1.300     0.716    0.876E-01    0.110E-01    0.528E-02    0.366E-04    0.366E-04    0.146E-04    0.146E-04    0.000E+00    0.000E+00    0.000E+00    0.000E+00
     1.300     0.717    0.867E-01    0.108E-01    0.518E-02    0.356E-04    0.356E-04    0.143E-04    0.143E-04    0.000E+00    0.000E+00    0.000E+00    0.000E+00
     1.300     0.718    0.858E-01    0.107E-01    0.508E-02    0.346E-04    0.346E-04    0.139E-04    0.139E-04    0.000E+00    0.000E+00    0.000E+00    0.000E+00
     1.300     0.719    0.849E-01    0.105E-01    0.498E-02    0.337E-04    0.337E-04    0.135E-04    0.135E-04    0.000E+00    0.000E+00    0.000E+00    0.000E+00
     1.300     0.720    0.840E-01    0.103E-01    0.488E-02    0.328E-04    0.328E-04    0.131E-04    0.131E-04    0.000E+00    0.000E+00    0.000E+00    0.000E+00
     1.300     0.721    0.831E-01    0.102E-01    0.478E-02    0.319E-04    0.319E-04    0.128E-04    0.128E-04    0.224E-09    0.224E-09    0.000E+00    0.000E+00
     1.300     0.722    0.822E-01    0.100E-01    0.469E-02    0.310E-04    0.310E-04    0.124E-04    0.124E-04    0.144E-08    0.144E-08    0.000E+00    0.000E+00
     1.300     0.723    0.814E-01    0.988E-02    0.459E-02    0.302E-04    0.302E-04    0.121E-04    0.121E-04    0.250E-08    0.250E-08    0.000E+00    0.000E+00
     1.300     0.724    0.805E-01    0.973E-02    0.450E-02    0.293E-04    0.293E-04    0.118E-04    0.118E-04    0.340E-08    0.340E-08    0.000E+00    0.000E+00
     1.300     0.725    0.796E-01    0.958E-02    0.441E-02    0.285E-04    0.285E-04    0.114E-04    0.114E-04    0.415E-08    0.415E-08    0.000E+00    0.000E+00
     1.300     0.726    0.788E-01    0.943E-02    0.432E-02    0.277E-04    0.277E-04    0.111E-04    0.111E-04    0.476E-08    0.476E-08    0.000E+00    0.000E+00
     1.300     0.727    0.779E-01    0.928E-02    0.423E-02    0.269E-04    0.269E-04    0.108E-04    0.108E-04    0.524E-08    0.524E-08    0.000E+00    0.000E+00
     1.300     0.728    0.770E-01    0.914E-02    0.414E-02    0.262E-04    0.262E-04    0.105E-04    0.105E-04    0.558E-08    0.558E-08    0.000E+00    0.000E+00
     1.300     0.729    0.762E-01    0.900E-02    0.406E-02    0.254E-04    0.254E-04    0.102E-04    0.102E-04    0.581E-08    0.581E-08    0.000E+00    0.000E+00
     1.300     0.730    0.754E-01    0.886E-02    0.397E-02    0.247E-04    0.247E-04    0.993E-05    0.993E-05    0.592E-08    0.592E-08    0.000E+00    0.000E+00
     1.300     0.731    0.745E-01    0.872E-02    0.389E-02    0.240E-04    0.240E-04    0.965E-05    0.965E-05    0.593E-08    0.593E-08    0.000E+00    0.000E+00
     1.300     0.732    0.737E-01    0.858E-02    0.381E-02    0.233E-04    0.233E-04    0.937E-05    0.937E-05    0.584E-08    0.584E-08    0.000E+00    0.000E+00
     1.300     0.733    0.729E-01    0.845E-02    0.373E-02    0.227E-04    0.227E-04    0.911E-05    0.911E-05    0.566E-08    0.566E-08    0.000E+00    0.000E+00
     1.300     0.734    0.721E-01    0.831E-02    0.365E-02    0.220E-04    0.220E-04    0.885E-05    0.885E-05    0.539E-08    0.539E-08    0.000E+00    0.000E+00
     1.300     0.735    0.713E-01    0.818E-02    0.357E-02    0.214E-04    0.214E-04    0.860E-05    0.860E-05    0.505E-08    0.505E-08    0.000E+00    0.000E+00
     1.300     0.736    0.705E-01    0.805E-02    0.350E-02    0.208E-04    0.208E-04    0.835E-05    0.835E-05    0.464E-08    0.464E-08    0.000E+00    0.000E+00
     1.300     0.737    0.697E-01    0.792E-02    0.342E-02    0.202E-04    0.202E-04    0.811E-05    0.811E-05    0.417E-08    0.417E-08    0.000E+00    0.000E+00
     1.300     0.738    0.689E-01    0.780E-02    0.335E-02    0.196E-04    0.196E-04    0.788E-05    0.788E-05    0.364E-08    0.364E-08    0.000E+00    0.000E+00
     1.300     0.739    0.681E-01    0.767E-02    0.327E-02    0.190E-04    0.190E-04    0.765E-05    0.765E-05    0.307E-08    0.307E-08    0.000E+00    0.000E+00
     1.300     0.740    0.673E-01    0.755E-02    0.320E-02    0.185E-04    0.185E-04    0.743E-05    0.743E-05    0.246E-08    0.246E-08    0.000E+00    0.000E+00
     1.300     0.741    0.665E-01    0.743E-02    0.313E-02    0.179E-04    0.179E-04    0.721E-05    0.721E-05    0.181E-08    0.181E-08    0.000E+00    0.000E+00
     1.300     0.742    0.657E-01    0.731E-02    0.307E-02    0.174E-04    0.174E-04    0.701E-05    0.701E-05    0.115E-08    0.115E-08    0.000E+00    0.000E+00
     1.300     0.743    0.650E-01    0.719E-02    0.300E-02    0.169E-04    0.169E-04    0.680E-05    0.680E-05    0.469E-09    0.469E-09    0.000E+00    0.000E+00
     1.300     0.744    0.642E-01    0.708E-02    0.293E-02    0.164E-04    0.164E-04    0.660E-05    0.660E-05    0.000E+00    0.000E+00    0.000E+00    0.000E+00
     1.300     0.745    0.634E-01    0.696E-02    0.287E-02    0.159E-04    0.159E-04    0.640E-05    0.640E-05    0.000E+00    0.000E+00    0.000E+00    0.000E+00
     1.300     0.746    0.627E-01    0.685E-02    0.280E-02    0.154E-04    0.154E-04    0.621E-05    0.621E-05    0.000E+00    0.000E+00    0.000E+00    0.000E+00
     1.300     0.747    0.619E-01    0.674E-02    0.274E-02    0.149E-04    0.149E-04    0.602E-05    0.602E-05    0.000E+00    0.000E+00    0.000E+00    0.000E+00
     1.300     0.748    0.612E-01    0.663E-02    0.268E-02    0.145E-04    0.145E-04    0.584E-05    0.584E-05    0.000E+00    0.000E+00    0.000E+00    0.000E+00
     1.300     0.749    0.605E-01    0.652E-02    0.262E-02    0.140E-04    0.140E-04    0.566E-05    0.566E-05    0.000E+00    0.000E+00    0.000E+00    0.000E+00
     1.300     0.750    0.597E-01    0.641E-02    0.256E-02    0.136E-04    0.136E-04    0.549E-05    0.549E-05    0.000E+00    0.000E+00    0.000E+00    0.000E+00
     1.300     0.751    0.590E-01    0.630E-02    0.250E-02    0.132E-04    0.132E-04    0.532E-05    0.532E-05    0.000E+00    0.000E+00    0.000E+00    0.000E+00
     1.300     0.752    0.583E-01    0.620E-02    0.244E-02    0.128E-04    0.128E-04    0.516E-05    0.516E-05    0.000E+00    0.000E+00    0.000E+00    0.000E+00
     1.300     0.753    0.576E-01    0.610E-02    0.238E-02    0.124E-04    0.124E-04    0.500E-05    0.500E-05    0.000E+00    0.000E+00    0.000E+00    0.000E+00
     1.300     0.754    0.569E-01    0.599E-02    0.233E-02    0.120E-04    0.120E-04    0.484E-05    0.484E-05    0.000E+00    0.000E+00    0.000E+00    0.000E+00
     1.300     0.755    0.562E-01    0.589E-02    0.227E-02    0.116E-04    0.116E-04    0.469E-05    0.469E-05    0.000E+00    0.000E+00    0.000E+00    0.000E+00
     1.300     0.756    0.555E-01    0.580E-02    0.222E-02    0.112E-04    0.112E-04    0.455E-05    0.455E-05    0.000E+00    0.000E+00    0.000E+00    0.000E+00
     1.300     0.757    0.548E-01    0.570E-02    0.217E-02    0.109E-04    0.109E-04    0.440E-05    0.440E-05    0.000E+00    0.000E+00    0.000E+00    0.000E+00
     1.300     0.758    0.541E-01    0.560E-02    0.212E-02    0.105E-04    0.105E-04    0.427E-05    0.427E-05    0.000E+00    0.000E+00    0.000E+00    0.000E+00
     1.300     0.759    0.534E-01    0.551E-02    0.207E-02    0.102E-04    0.102E-04    0.413E-05    0.413E-05    0.000E+00    0.000E+00    0.000E+00    0.000E+00
     1.300     0.760    0.527E-01    0.542E-02    0.202E-02    0.989E-05    0.989E-05    0.400E-05    0.400E-05    0.000E+00    0.000E+00    0.000E+00    0.000E+00
     1.300     0.761    0.521E-01    0.532E-02    0.197E-02    0.958E-05    0.958E-05    0.388E-05    0.388E-05    0.000E+00    0.000E+00    0.000E+00    0.000E+00
     1.300     0.762    0.514E-01    0.523E-02    0.192E-02    0.927E-05    0.927E-05    0.376E-05    0.376E-05    0.000E+00    0.000E+00    0.000E+00    0.000E+00
     1.300     0.763    0.507E-01    0.514E-02    0.187E-02    0.898E-05    0.898E-05    0.364E-05    0.364E-05    0.000E+00    0.000E+00    0.000E+00    0.000E+00
     1.300     0.764    0.501E-01    0.506E-02    0.183E-02    0.869E-05    0.869E-05    0.352E-05    0.352E-05    0.000E+00    0.000E+00    0.000E+00    0.000E+00
     1.300     0.765    0.494E-01    0.497E-02    0.178E-02    0.841E-05    0.841E-05    0.341E-05    0.341E-05    0.000E+00    0.000E+00    0.000E+00    0.000E+00
     1.300     0.766    0.488E-01    0.488E-02    0.174E-02    0.814E-05    0.814E-05    0.330E-05    0.330E-05    0.000E+00    0.000E+00    0.000E+00    0.000E+00
     1.300     0.767    0.482E-01    0.480E-02    0.170E-02    0.788E-05    0.788E-05    0.319E-05    0.319E-05    0.000E+00    0.000E+00    0.000E+00    0.000E+00
     1.300     0.768    0.475E-01    0.472E-02    0.165E-02    0.761E-05    0.761E-05    0.309E-05    0.309E-05    0.000E+00    0.000E+00    0.000E+00    0.000E+00
     1.300     0.769    0.469E-01    0.464E-02    0.161E-02    0.736E-05    0.736E-05    0.299E-05    0.299E-05    0.000E+00    0.000E+00    0.000E+00    0.000E+00
     1.300     0.770    0.463E-01    0.455E-02    0.157E-02    0.711E-05    0.711E-05    0.289E-05    0.289E-05    0.000E+00    0.000E+00    0.000E+00    0.000E+00
     1.300     0.771    0.457E-01    0.448E-02    0.153E-02    0.687E-05    0.687E-05    0.279E-05    0.279E-05    0.000E+00    0.000E+00    0.000E+00    0.000E+00
     1.300     0.772    0.450E-01    0.440E-02    0.149E-02    0.663E-05    0.663E-05    0.269E-05    0.269E-05    0.000E+00    0.000E+00    0.000E+00    0.000E+00
     1.300     0.773    0.444E-01    0.432E-02    0.145E-02    0.641E-05    0.641E-05    0.260E-05    0.260E-05    0.000E+00    0.000E+00    0.000E+00    0.000E+00
     1.300     0.774    0.438E-01    0.424E-02    0.142E-02    0.619E-05    0.619E-05    0.252E-05    0.252E-05    0.000E+00    0.000E+00    0.000E+00    0.000E+00
     1.300     0.775    0.432E-01    0.417E-02    0.138E-02    0.597E-05    0.597E-05    0.243E-05    0.243E-05    0.000E+00    0.000E+00    0.000E+00    0.000E+00
     1.300     0.776    0.426E-01    0.410E-02    0.134E-02    0.577E-05    0.577E-05    0.235E-05    0.235E-05    0.000E+00    0.000E+00    0.000E+00    0.000E+00
     1.300     0.777    0.421E-01    0.402E-02    0.131E-02    0.557E-05    0.557E-05    0.227E-05    0.227E-05    0.000E+00    0.000E+00    0.000E+00    0.000E+00
     1.300     0.778    0.415E-01    0.395E-02    0.127E-02    0.538E-05    0.538E-05    0.219E-05    0.219E-05    0.000E+00    0.000E+00    0.000E+00    0.000E+00
     1.300     0.779    0.409E-01    0.388E-02    0.124E-02    0.519E-05    0.519E-05    0.211E-05    0.211E-05    0.000E+00    0.000E+00    0.000E+00    0.000E+00
     1.300     0.780    0.403E-01    0.381E-02    0.121E-02    0.501E-05    0.501E-05    0.204E-05    0.204E-05    0.000E+00    0.000E+00    0.000E+00    0.000E+00
     1.300     0.781    0.398E-01    0.374E-02    0.118E-02    0.483E-05    0.483E-05    0.197E-05    0.197E-05    0.000E+00    0.000E+00    0.000E+00    0.000E+00
     1.300     0.782    0.392E-01    0.368E-02    0.114E-02    0.466E-05    0.466E-05    0.190E-05    0.190E-05    0.000E+00    0.000E+00    0.000E+00    0.000E+00
     1.300     0.783    0.386E-01    0.361E-02    0.111E-02    0.450E-05    0.450E-05    0.184E-05    0.184E-05    0.000E+00    0.000E+00    0.000E+00    0.000E+00
     1.300     0.784    0.381E-01    0.354E-02    0.108E-02    0.434E-05    0.434E-05    0.177E-05    0.177E-05    0.000E+00    0.000E+00    0.000E+00    0.000E+00
     1.300     0.785    0.375E-01    0.348E-02    0.105E-02    0.419E-05    0.419E-05    0.171E-05    0.171E-05    0.000E+00    0.000E+00    0.000E+00    0.000E+00
     1.300     0.786    0.370E-01    0.342E-02    0.102E-02    0.404E-05    0.404E-05    0.165E-05    0.165E-05    0.000E+00    0.000E+00    0.000E+00    0.000E+00
     1.300     0.787    0.365E-01    0.336E-02    0.997E-03    0.390E-05    0.390E-05    0.159E-05    0.159E-05    0.000E+00    0.000E+00    0.000E+00    0.000E+00
     1.300     0.788    0.359E-01    0.329E-02    0.969E-03    0.376E-05    0.376E-05    0.154E-05    0.154E-05    0.000E+00    0.000E+00    0.000E+00    0.000E+00
     1.300     0.789    0.354E-01    0.323E-02    0.943E-03    0.363E-05    0.363E-05    0.148E-05    0.148E-05    0.000E+00    0.000E+00    0.000E+00    0.000E+00
     1.300     0.790    0.349E-01    0.317E-02    0.916E-03    0.350E-05    0.350E-05    0.143E-05    0.143E-05    0.000E+00    0.000E+00    0.000E+00    0.000E+00
     1.300     0.791    0.344E-01    0.312E-02    0.890E-03    0.337E-05    0.337E-05    0.138E-05    0.138E-05    0.000E+00    0.000E+00    0.000E+00    0.000E+00
     1.300     0.792    0.338E-01    0.306E-02    0.865E-03    0.324E-05    0.324E-05    0.133E-05    0.133E-05    0.000E+00    0.000E+00    0.000E+00    0.000E+00
     1.300     0.793    0.333E-01    0.300E-02    0.840E-03    0.312E-05    0.312E-05    0.128E-05    0.128E-05    0.000E+00    0.000E+00    0.000E+00    0.000E+00
     1.300     0.794    0.328E-01    0.294E-02    0.816E-03    0.300E-05    0.300E-05    0.123E-05    0.123E-05    0.000E+00    0.000E+00    0.000E+00    0.000E+00
     1.300     0.795    0.323E-01    0.289E-02    0.792E-03    0.288E-05    0.288E-05    0.118E-05    0.118E-05    0.000E+00    0.000E+00    0.000E+00    0.000E+00
     1.300     0.796    0.318E-01    0.284E-02    0.769E-03    0.277E-05    0.277E-05    0.114E-05    0.114E-05    0.000E+00    0.000E+00    0.000E+00    0.000E+00
     1.300     0.797    0.313E-01    0.278E-02    0.747E-03    0.267E-05    0.267E-05    0.109E-05    0.109E-05    0.000E+00    0.000E+00    0.000E+00    0.000E+00
     1.300     0.798    0.309E-01    0.273E-02    0.725E-03    0.257E-05    0.257E-05    0.105E-05    0.105E-05    0.000E+00    0.000E+00    0.000E+00    0.000E+00
     1.300     0.799    0.304E-01    0.268E-02    0.703E-03    0.247E-05    0.247E-05    0.101E-05    0.101E-05    0.000E+00    0.000E+00    0.000E+00    0.000E+00
     1.300     0.800    0.299E-01    0.263E-02    0.682E-03    0.237E-05    0.237E-05    0.973E-06    0.973E-06    0.000E+00    0.000E+00    0.000E+00    0.000E+00
     1.300     0.801    0.294E-01    0.258E-02    0.662E-03    0.228E-05    0.228E-05    0.936E-06    0.936E-06    0.000E+00    0.000E+00    0.000E+00    0.000E+00
     1.300     0.802    0.290E-01    0.253E-02    0.642E-03    0.219E-05    0.219E-05    0.900E-06    0.900E-06    0.000E+00    0.000E+00    0.000E+00    0.000E+00
     1.300     0.803    0.285E-01    0.248E-02    0.623E-03    0.210E-05    0.210E-05    0.865E-06    0.865E-06    0.000E+00    0.000E+00    0.000E+00    0.000E+00
     1.300     0.804    0.281E-01    0.243E-02    0.604E-03    0.202E-05    0.202E-05    0.831E-06    0.831E-06    0.000E+00    0.000E+00    0.000E+00    0.000E+00
     1.300     0.805    0.276E-01    0.238E-02    0.585E-03    0.194E-05    0.194E-05    0.799E-06    0.799E-06    0.000E+00    0.000E+00    0.000E+00    0.000E+00
     1.300     0.806    0.272E-01    0.234E-02    0.567E-03    0.187E-05    0.187E-05    0.768E-06    0.768E-06    0.000E+00    0.000E+00    0.000E+00    0.000E+00
     1.300     0.807    0.267E-01    0.229E-02    0.550E-03    0.179E-05    0.179E-05    0.738E-06    0.738E-06    0.000E+00    0.000E+00    0.000E+00    0.000E+00
     1.300     0.808    0.263E-01    0.225E-02    0.533E-03    0.172E-05    0.172E-05    0.710E-06    0.710E-06    0.000E+00    0.000E+00    0.000E+00    0.000E+00
     1.300     0.809    0.259E-01    0.220E-02    0.516E-03    0.165E-05    0.165E-05    0.682E-06    0.682E-06    0.000E+00    0.000E+00    0.000E+00    0.000E+00
     1.300     0.810    0.254E-01    0.216E-02    0.500E-03    0.159E-05    0.159E-05    0.656E-06    0.656E-06    0.000E+00    0.000E+00    0.000E+00    0.000E+00
     1.300     0.811    0.250E-01    0.212E-02    0.484E-03    0.153E-05    0.153E-05    0.630E-06    0.630E-06    0.000E+00    0.000E+00    0.000E+00    0.000E+00
     1.300     0.812    0.246E-01    0.208E-02    0.469E-03    0.147E-05    0.147E-05    0.606E-06    0.606E-06    0.000E+00    0.000E+00    0.000E+00    0.000E+00
     1.300     0.813    0.242E-01    0.204E-02    0.454E-03    0.141E-05    0.141E-05    0.582E-06    0.582E-06    0.000E+00    0.000E+00    0.000E+00    0.000E+00
     1.300     0.814    0.238E-01    0.200E-02    0.439E-03    0.135E-05    0.135E-05    0.557E-06    0.557E-06    0.000E+00    0.000E+00    0.000E+00    0.000E+00
     1.300     0.815    0.234E-01    0.196E-02    0.425E-03    0.129E-05    0.129E-05    0.534E-06    0.534E-06    0.000E+00    0.000E+00    0.000E+00    0.000E+00
     1.300     0.816    0.230E-01    0.192E-02    0.411E-03    0.124E-05    0.124E-05    0.511E-06    0.511E-06    0.000E+00    0.000E+00    0.000E+00    0.000E+00
     1.300     0.817    0.226E-01    0.188E-02    0.397E-03    0.118E-05    0.118E-05    0.489E-06    0.489E-06    0.000E+00    0.000E+00    0.000E+00    0.000E+00
     1.300     0.818    0.222E-01    0.184E-02    0.384E-03    0.113E-05    0.113E-05    0.468E-06    0.468E-06    0.000E+00    0.000E+00    0.000E+00    0.000E+00
     1.300     0.819    0.218E-01    0.180E-02    0.371E-03    0.108E-05    0.108E-05    0.448E-06    0.448E-06    0.000E+00    0.000E+00    0.000E+00    0.000E+00
     1.300     0.820    0.214E-01    0.177E-02    0.359E-03    0.103E-05    0.103E-05    0.429E-06    0.429E-06    0.000E+00    0.000E+00    0.000E+00    0.000E+00
     1.300     0.821    0.210E-01    0.173E-02    0.347E-03    0.989E-06    0.989E-06    0.410E-06    0.410E-06    0.000E+00    0.000E+00    0.000E+00    0.000E+00
     1.300     0.822    0.207E-01    0.169E-02    0.335E-03    0.945E-06    0.945E-06    0.392E-06    0.392E-06    0.000E+00    0.000E+00    0.000E+00    0.000E+00
     1.300     0.823    0.203E-01    0.166E-02    0.323E-03    0.904E-06    0.904E-06    0.375E-06    0.375E-06    0.000E+00    0.000E+00    0.000E+00    0.000E+00
     1.300     0.824    0.199E-01    0.163E-02    0.312E-03    0.864E-06    0.864E-06    0.359E-06    0.359E-06    0.000E+00    0.000E+00    0.000E+00    0.000E+00
     1.300     0.825    0.196E-01    0.159E-02    0.301E-03    0.825E-06    0.825E-06    0.343E-06    0.343E-06    0.000E+00    0.000E+00    0.000E+00    0.000E+00
     1.300     0.826    0.192E-01    0.156E-02    0.291E-03    0.789E-06    0.789E-06    0.328E-06    0.328E-06    0.000E+00    0.000E+00    0.000E+00    0.000E+00
     1.300     0.827    0.189E-01    0.153E-02    0.281E-03    0.754E-06    0.754E-06    0.314E-06    0.314E-06    0.000E+00    0.000E+00    0.000E+00    0.000E+00
     1.300     0.828    0.185E-01    0.149E-02    0.271E-03    0.720E-06    0.720E-06    0.300E-06    0.300E-06    0.000E+00    0.000E+00    0.000E+00    0.000E+00
     1.300     0.829    0.182E-01    0.146E-02    0.261E-03    0.688E-06    0.688E-06    0.287E-06    0.287E-06    0.000E+00    0.000E+00    0.000E+00    0.000E+00
     1.300     0.830    0.178E-01    0.143E-02    0.252E-03    0.658E-06    0.658E-06    0.274E-06    0.274E-06    0.000E+00    0.000E+00    0.000E+00    0.000E+00
     1.300     0.831    0.175E-01    0.140E-02    0.243E-03    0.628E-06    0.628E-06    0.262E-06    0.262E-06    0.000E+00    0.000E+00    0.000E+00    0.000E+00
     1.300     0.832    0.172E-01    0.137E-02    0.234E-03    0.601E-06    0.601E-06    0.251E-06    0.251E-06    0.000E+00    0.000E+00    0.000E+00    0.000E+00
     1.300     0.833    0.168E-01    0.134E-02    0.226E-03    0.574E-06    0.574E-06    0.240E-06    0.240E-06    0.000E+00    0.000E+00    0.000E+00    0.000E+00
     1.300     0.834    0.165E-01    0.132E-02    0.218E-03    0.549E-06    0.549E-06    0.229E-06    0.229E-06    0.000E+00    0.000E+00    0.000E+00    0.000E+00
     1.300     0.835    0.162E-01    0.129E-02    0.210E-03    0.525E-06    0.525E-06    0.219E-06    0.219E-06    0.000E+00    0.000E+00    0.000E+00    0.000E+00
     1.300     0.836    0.159E-01    0.126E-02    0.202E-03    0.501E-06    0.501E-06    0.210E-06    0.210E-06    0.000E+00    0.000E+00    0.000E+00    0.000E+00
     1.300     0.837    0.156E-01    0.123E-02    0.194E-03    0.477E-06    0.477E-06    0.199E-06    0.199E-06    0.000E+00    0.000E+00    0.000E+00    0.000E+00
     1.300     0.838    0.153E-01    0.121E-02    0.187E-03    0.453E-06    0.453E-06    0.190E-06    0.190E-06    0.000E+00    0.000E+00    0.000E+00    0.000E+00
     1.300     0.839    0.150E-01    0.118E-02    0.180E-03    0.431E-06    0.431E-06    0.180E-06    0.180E-06    0.000E+00    0.000E+00    0.000E+00    0.000E+00
     1.300     0.840    0.147E-01    0.115E-02    0.173E-03    0.409E-06    0.409E-06    0.172E-06    0.172E-06    0.000E+00    0.000E+00    0.000E+00    0.000E+00
     1.300     0.841    0.144E-01    0.113E-02    0.166E-03    0.388E-06    0.388E-06    0.163E-06    0.163E-06    0.000E+00    0.000E+00    0.000E+00    0.000E+00
     1.300     0.842    0.141E-01    0.110E-02    0.159E-03    0.369E-06    0.369E-06    0.155E-06    0.155E-06    0.000E+00    0.000E+00    0.000E+00    0.000E+00
     1.300     0.843    0.138E-01    0.108E-02    0.153E-03    0.350E-06    0.350E-06    0.147E-06    0.147E-06    0.000E+00    0.000E+00    0.000E+00    0.000E+00
     1.300     0.844    0.135E-01    0.105E-02    0.147E-03    0.332E-06    0.332E-06    0.140E-06    0.140E-06    0.000E+00    0.000E+00    0.000E+00    0.000E+00
     1.300     0.845    0.132E-01    0.103E-02    0.141E-03    0.315E-06    0.315E-06    0.133E-06    0.133E-06    0.000E+00    0.000E+00    0.000E+00    0.000E+00
     1.300     0.846    0.130E-01    0.101E-02    0.135E-03    0.299E-06    0.299E-06    0.126E-06    0.126E-06    0.000E+00    0.000E+00    0.000E+00    0.000E+00
     1.300     0.847    0.127E-01    0.984E-03    0.130E-03    0.283E-06    0.283E-06    0.119E-06    0.119E-06    0.000E+00    0.000E+00    0.000E+00    0.000E+00
     1.300     0.848    0.124E-01    0.961E-03    0.125E-03    0.269E-06    0.269E-06    0.113E-06    0.113E-06    0.000E+00    0.000E+00    0.000E+00    0.000E+00
     1.300     0.849    0.122E-01    0.939E-03    0.119E-03    0.255E-06    0.255E-06    0.108E-06    0.108E-06    0.000E+00    0.000E+00    0.000E+00    0.000E+00
     1.300     0.850    0.119E-01    0.918E-03    0.115E-03    0.242E-06    0.242E-06    0.102E-06    0.102E-06    0.000E+00    0.000E+00    0.000E+00    0.000E+00
     1.300     0.851    0.116E-01    0.896E-03    0.110E-03    0.229E-06    0.229E-06    0.970E-07    0.970E-07    0.000E+00    0.000E+00    0.000E+00    0.000E+00
     1.300     0.852    0.114E-01    0.876E-03    0.105E-03    0.217E-06    0.217E-06    0.921E-07    0.921E-07    0.000E+00    0.000E+00    0.000E+00    0.000E+00
     1.300     0.853    0.111E-01    0.855E-03    0.101E-03    0.206E-06    0.206E-06    0.874E-07    0.874E-07    0.000E+00    0.000E+00    0.000E+00    0.000E+00
     1.300     0.854    0.109E-01    0.835E-03    0.966E-04    0.196E-06    0.196E-06    0.830E-07    0.830E-07    0.000E+00    0.000E+00    0.000E+00    0.000E+00
     1.300     0.855    0.107E-01    0.816E-03    0.925E-04    0.186E-06    0.186E-06    0.789E-07    0.789E-07    0.000E+00    0.000E+00    0.000E+00    0.000E+00
     1.300     0.856    0.104E-01    0.796E-03    0.886E-04    0.176E-06    0.176E-06    0.749E-07    0.749E-07    0.000E+00    0.000E+00    0.000E+00    0.000E+00
     1.300     0.857    0.102E-01    0.777E-03    0.848E-04    0.168E-06    0.168E-06    0.712E-07    0.712E-07    0.000E+00    0.000E+00    0.000E+00    0.000E+00
     1.300     0.858    0.995E-02    0.759E-03    0.812E-04    0.159E-06    0.159E-06    0.678E-07    0.678E-07    0.000E+00    0.000E+00    0.000E+00    0.000E+00
     1.300     0.859    0.972E-02    0.741E-03    0.777E-04    0.151E-06    0.151E-06    0.645E-07    0.645E-07    0.000E+00    0.000E+00    0.000E+00    0.000E+00
     1.300     0.860    0.950E-02    0.723E-03    0.742E-04    0.143E-06    0.143E-06    0.609E-07    0.609E-07    0.000E+00    0.000E+00    0.000E+00    0.000E+00
     1.300     0.861    0.928E-02    0.705E-03    0.707E-04    0.134E-06    0.134E-06    0.573E-07    0.573E-07    0.000E+00    0.000E+00    0.000E+00    0.000E+00
     1.300     0.862    0.906E-02    0.688E-03    0.675E-04    0.126E-06    0.126E-06    0.540E-07    0.540E-07    0.000E+00    0.000E+00    0.000E+00    0.000E+00
     1.300     0.863    0.885E-02    0.671E-03    0.643E-04    0.119E-06    0.119E-06    0.508E-07    0.508E-07    0.000E+00    0.000E+00    0.000E+00    0.000E+00
     1.300     0.864    0.864E-02    0.654E-03    0.613E-04    0.112E-06    0.112E-06    0.478E-07    0.478E-07    0.000E+00    0.000E+00    0.000E+00    0.000E+00
     1.300     0.865    0.843E-02    0.637E-03    0.583E-04    0.105E-06    0.105E-06    0.449E-07    0.449E-07    0.000E+00    0.000E+00    0.000E+00    0.000E+00
     1.300     0.866    0.823E-02    0.621E-03    0.555E-04    0.983E-07    0.983E-07    0.422E-07    0.422E-07    0.000E+00    0.000E+00    0.000E+00    0.000E+00
     1.300     0.867    0.803E-02    0.606E-03    0.529E-04    0.923E-07    0.923E-07    0.396E-07    0.396E-07    0.000E+00    0.000E+00    0.000E+00    0.000E+00
     1.300     0.868    0.783E-02    0.590E-03    0.503E-04    0.865E-07    0.865E-07    0.372E-07    0.372E-07    0.000E+00    0.000E+00    0.000E+00    0.000E+00
     1.300     0.869    0.764E-02    0.575E-03    0.478E-04    0.811E-07    0.811E-07    0.349E-07    0.349E-07    0.000E+00    0.000E+00    0.000E+00    0.000E+00
     1.300     0.870    0.745E-02    0.560E-03    0.455E-04    0.761E-07    0.761E-07    0.328E-07    0.328E-07    0.000E+00    0.000E+00    0.000E+00    0.000E+00
     1.300     0.871    0.726E-02    0.546E-03    0.432E-04    0.713E-07    0.713E-07    0.308E-07    0.308E-07    0.000E+00    0.000E+00    0.000E+00    0.000E+00
     1.300     0.872    0.708E-02    0.531E-03    0.410E-04    0.669E-07    0.669E-07    0.289E-07    0.289E-07    0.000E+00    0.000E+00    0.000E+00    0.000E+00
     1.300     0.873    0.690E-02    0.518E-03    0.390E-04    0.627E-07    0.627E-07    0.272E-07    0.272E-07    0.000E+00    0.000E+00    0.000E+00    0.000E+00
     1.300     0.874    0.672E-02    0.504E-03    0.370E-04    0.589E-07    0.589E-07    0.255E-07    0.255E-07    0.000E+00    0.000E+00    0.000E+00    0.000E+00
     1.300     0.875    0.654E-02    0.490E-03    0.352E-04    0.553E-07    0.553E-07    0.240E-07    0.240E-07    0.000E+00    0.000E+00    0.000E+00    0.000E+00
     1.300     0.876    0.637E-02    0.477E-03    0.334E-04    0.519E-07    0.519E-07    0.226E-07    0.226E-07    0.000E+00    0.000E+00    0.000E+00    0.000E+00
     1.300     0.877    0.620E-02    0.465E-03    0.317E-04    0.488E-07    0.488E-07    0.212E-07    0.212E-07    0.000E+00    0.000E+00    0.000E+00    0.000E+00
     1.300     0.878    0.604E-02    0.452E-03    0.300E-04    0.459E-07    0.459E-07    0.200E-07    0.200E-07    0.000E+00    0.000E+00    0.000E+00    0.000E+00
     1.300     0.879    0.588E-02    0.440E-03    0.285E-04    0.433E-07    0.433E-07    0.188E-07    0.188E-07    0.000E+00    0.000E+00    0.000E+00    0.000E+00
     1.300     0.880    0.572E-02    0.428E-03    0.270E-04    0.408E-07    0.408E-07    0.178E-07    0.178E-07    0.000E+00    0.000E+00    0.000E+00    0.000E+00
     1.300     0.881    0.556E-02    0.416E-03    0.257E-04    0.386E-07    0.386E-07    0.168E-07    0.168E-07    0.000E+00    0.000E+00    0.000E+00    0.000E+00
     1.300     0.882    0.541E-02    0.404E-03    0.243E-04    0.365E-07    0.365E-07    0.159E-07    0.159E-07    0.000E+00    0.000E+00    0.000E+00    0.000E+00
     1.300     0.883    0.526E-02    0.393E-03    0.230E-04    0.342E-07    0.342E-07    0.149E-07    0.149E-07    0.000E+00    0.000E+00    0.000E+00    0.000E+00
     1.300     0.884    0.511E-02    0.382E-03    0.217E-04    0.316E-07    0.316E-07    0.138E-07    0.138E-07    0.000E+00    0.000E+00    0.000E+00    0.000E+00
     1.300     0.885    0.497E-02    0.371E-03    0.204E-04    0.293E-07    0.293E-07    0.128E-07    0.128E-07    0.000E+00    0.000E+00    0.000E+00    0.000E+00
     1.300     0.886    0.482E-02    0.360E-03    0.192E-04    0.270E-07    0.270E-07    0.119E-07    0.119E-07    0.000E+00    0.000E+00    0.000E+00    0.000E+00
     1.300     0.887    0.468E-02    0.350E-03    0.180E-04    0.249E-07    0.249E-07    0.110E-07    0.110E-07    0.000E+00    0.000E+00    0.000E+00    0.000E+00
     1.300     0.888    0.455E-02    0.339E-03    0.169E-04    0.230E-07    0.230E-07    0.101E-07    0.101E-07    0.000E+00    0.000E+00    0.000E+00    0.000E+00
     1.300     0.889    0.441E-02    0.329E-03    0.159E-04    0.212E-07    0.212E-07    0.937E-08    0.937E-08    0.000E+00    0.000E+00    0.000E+00    0.000E+00
     1.300     0.890    0.428E-02    0.319E-03    0.149E-04    0.195E-07    0.195E-07    0.864E-08    0.864E-08    0.000E+00    0.000E+00    0.000E+00    0.000E+00
     1.300     0.891    0.416E-02    0.310E-03    0.140E-04    0.179E-07    0.179E-07    0.796E-08    0.796E-08    0.000E+00    0.000E+00    0.000E+00    0.000E+00
     1.300     0.892    0.403E-02    0.300E-03    0.131E-04    0.165E-07    0.165E-07    0.734E-08    0.734E-08    0.000E+00    0.000E+00    0.000E+00    0.000E+00
     1.300     0.893    0.391E-02    0.291E-03    0.123E-04    0.151E-07    0.151E-07    0.676E-08    0.676E-08    0.000E+00    0.000E+00    0.000E+00    0.000E+00
     1.300     0.894    0.379E-02    0.282E-03    0.115E-04    0.139E-07    0.139E-07    0.623E-08    0.623E-08    0.000E+00    0.000E+00    0.000E+00    0.000E+00
     1.300     0.895    0.367E-02    0.273E-03    0.107E-04    0.128E-07    0.128E-07    0.574E-08    0.574E-08    0.000E+00    0.000E+00    0.000E+00    0.000E+00
     1.300     0.896    0.355E-02    0.265E-03    0.101E-04    0.118E-07    0.118E-07    0.529E-08    0.529E-08    0.000E+00    0.000E+00    0.000E+00    0.000E+00
     1.300     0.897    0.344E-02    0.257E-03    0.940E-05    0.108E-07    0.108E-07    0.489E-08    0.489E-08    0.000E+00    0.000E+00    0.000E+00    0.000E+00
     1.300     0.898    0.333E-02    0.248E-03    0.879E-05    0.999E-08    0.999E-08    0.452E-08    0.452E-08    0.000E+00    0.000E+00    0.000E+00    0.000E+00
     1.300     0.899    0.322E-02    0.240E-03    0.822E-05    0.923E-08    0.923E-08    0.418E-08    0.418E-08    0.000E+00    0.000E+00    0.000E+00    0.000E+00
     1.300     0.900    0.312E-02    0.233E-03    0.768E-05    0.856E-08    0.856E-08    0.388E-08    0.388E-08    0.000E+00    0.000E+00    0.000E+00    0.000E+00
     1.300     0.901    0.301E-02    0.225E-03    0.719E-05    0.795E-08    0.795E-08    0.362E-08    0.362E-08    0.000E+00    0.000E+00    0.000E+00    0.000E+00
     1.300     0.902    0.291E-02    0.218E-03    0.672E-05    0.742E-08    0.742E-08    0.338E-08    0.338E-08    0.000E+00    0.000E+00    0.000E+00    0.000E+00
     1.300     0.903    0.282E-02    0.210E-03    0.629E-05    0.696E-08    0.696E-08    0.317E-08    0.317E-08    0.000E+00    0.000E+00    0.000E+00    0.000E+00
     1.300     0.904    0.272E-02    0.203E-03    0.589E-05    0.655E-08    0.655E-08    0.298E-08    0.298E-08    0.000E+00    0.000E+00    0.000E+00    0.000E+00
     1.300     0.905    0.263E-02    0.196E-03    0.552E-05    0.620E-08    0.620E-08    0.282E-08    0.282E-08    0.000E+00    0.000E+00    0.000E+00    0.000E+00
     1.300     0.906    0.253E-02    0.190E-03    0.516E-05    0.585E-08    0.585E-08    0.266E-08    0.266E-08    0.000E+00    0.000E+00    0.000E+00    0.000E+00
     1.300     0.907    0.244E-02    0.183E-03    0.475E-05    0.526E-08    0.526E-08    0.240E-08    0.240E-08    0.000E+00    0.000E+00    0.000E+00    0.000E+00
     1.300     0.908    0.236E-02    0.177E-03    0.436E-05    0.472E-08    0.472E-08    0.216E-08    0.216E-08    0.000E+00    0.000E+00    0.000E+00    0.000E+00
     1.300     0.909    0.227E-02    0.170E-03    0.400E-05    0.421E-08    0.421E-08    0.194E-08    0.194E-08    0.000E+00    0.000E+00    0.000E+00    0.000E+00
     1.300     0.910    0.219E-02    0.164E-03    0.366E-05    0.375E-08    0.375E-08    0.173E-08    0.173E-08    0.000E+00    0.000E+00    0.000E+00    0.000E+00
     1.300     0.911    0.211E-02    0.158E-03    0.334E-05    0.332E-08    0.332E-08    0.155E-08    0.155E-08    0.000E+00    0.000E+00    0.000E+00    0.000E+00
     1.300     0.912    0.203E-02    0.152E-03    0.305E-05    0.293E-08    0.293E-08    0.137E-08    0.137E-08    0.000E+00    0.000E+00    0.000E+00    0.000E+00
     1.300     0.913    0.195E-02    0.147E-03    0.277E-05    0.258E-08    0.258E-08    0.122E-08    0.122E-08    0.000E+00    0.000E+00    0.000E+00    0.000E+00
     1.300     0.914    0.188E-02    0.141E-03    0.252E-05    0.226E-08    0.226E-08    0.107E-08    0.107E-08    0.000E+00    0.000E+00    0.000E+00    0.000E+00
     1.300     0.915    0.181E-02    0.136E-03    0.228E-05    0.197E-08    0.197E-08    0.945E-09    0.945E-09    0.000E+00    0.000E+00    0.000E+00    0.000E+00
     1.300     0.916    0.174E-02    0.131E-03    0.207E-05    0.172E-08    0.172E-08    0.830E-09    0.830E-09    0.000E+00    0.000E+00    0.000E+00    0.000E+00
     1.300     0.917    0.167E-02    0.126E-03    0.187E-05    0.149E-08    0.149E-08    0.728E-09    0.728E-09    0.000E+00    0.000E+00    0.000E+00    0.000E+00
     1.300     0.918    0.160E-02    0.121E-03    0.169E-05    0.129E-08    0.129E-08    0.638E-09    0.638E-09    0.000E+00    0.000E+00    0.000E+00    0.000E+00
     1.300     0.919    0.153E-02    0.116E-03    0.152E-05    0.112E-08    0.112E-08    0.560E-09    0.560E-09    0.000E+00    0.000E+00    0.000E+00    0.000E+00
     1.300     0.920    0.147E-02    0.111E-03    0.137E-05    0.975E-09    0.975E-09    0.492E-09    0.492E-09    0.000E+00    0.000E+00    0.000E+00    0.000E+00
     1.300     0.921    0.141E-02    0.107E-03    0.124E-05    0.853E-09    0.853E-09    0.435E-09    0.435E-09    0.000E+00    0.000E+00    0.000E+00    0.000E+00
     1.300     0.922    0.135E-02    0.102E-03    0.112E-05    0.753E-09    0.753E-09    0.388E-09    0.388E-09    0.000E+00    0.000E+00    0.000E+00    0.000E+00
     1.300     0.923    0.129E-02    0.980E-04    0.101E-05    0.674E-09    0.674E-09    0.349E-09    0.349E-09    0.000E+00    0.000E+00    0.000E+00    0.000E+00
     1.300     0.924    0.124E-02    0.939E-04    0.917E-06    0.614E-09    0.614E-09    0.319E-09    0.319E-09    0.000E+00    0.000E+00    0.000E+00    0.000E+00
     1.300     0.925    0.118E-02    0.899E-04    0.835E-06    0.571E-09    0.571E-09    0.296E-09    0.296E-09    0.000E+00    0.000E+00    0.000E+00    0.000E+00
     1.300     0.926    0.113E-02    0.860E-04    0.763E-06    0.545E-09    0.545E-09    0.280E-09    0.280E-09    0.000E+00    0.000E+00    0.000E+00    0.000E+00
     1.300     0.927    0.108E-02    0.823E-04    0.702E-06    0.532E-09    0.532E-09    0.270E-09    0.270E-09    0.000E+00    0.000E+00    0.000E+00    0.000E+00
     1.300     0.928    0.103E-02    0.786E-04    0.650E-06    0.533E-09    0.533E-09    0.266E-09    0.266E-09    0.000E+00    0.000E+00    0.000E+00    0.000E+00
     1.300     0.929    0.983E-03    0.751E-04    0.606E-06    0.544E-09    0.544E-09    0.268E-09    0.268E-09    0.000E+00    0.000E+00    0.000E+00    0.000E+00
     1.300     0.930    0.937E-03    0.717E-04    0.535E-06    0.485E-09    0.485E-09    0.239E-09    0.239E-09    0.000E+00    0.000E+00    0.000E+00    0.000E+00
     1.300     0.931    0.892E-03    0.683E-04    0.455E-06    0.398E-09    0.398E-09    0.199E-09    0.199E-09    0.000E+00    0.000E+00    0.000E+00    0.000E+00
     1.300     0.932    0.849E-03    0.651E-04    0.381E-06    0.319E-09    0.319E-09    0.162E-09    0.162E-09    0.000E+00    0.000E+00    0.000E+00    0.000E+00
     1.300     0.933    0.807E-03    0.619E-04    0.314E-06    0.248E-09    0.248E-09    0.130E-09    0.130E-09    0.000E+00    0.000E+00    0.000E+00    0.000E+00
     1.300     0.934    0.766E-03    0.589E-04    0.254E-06    0.185E-09    0.185E-09    0.100E-09    0.100E-09    0.000E+00    0.000E+00    0.000E+00    0.000E+00
     1.300     0.935    0.727E-03    0.560E-04    0.200E-06    0.129E-09    0.129E-09    0.742E-10    0.742E-10    0.000E+00    0.000E+00    0.000E+00    0.000E+00
     1.300     0.936    0.690E-03    0.531E-04    0.152E-06    0.799E-10    0.799E-10    0.513E-10    0.513E-10    0.000E+00    0.000E+00    0.000E+00    0.000E+00
     1.300     0.937    0.653E-03    0.504E-04    0.109E-06    0.379E-10    0.379E-10    0.314E-10    0.314E-10    0.000E+00    0.000E+00    0.000E+00    0.000E+00
     1.300     0.938    0.619E-03    0.478E-04    0.720E-07    0.226E-11    0.226E-11    0.144E-10    0.144E-10    0.000E+00    0.000E+00    0.000E+00    0.000E+00
     1.300     0.939    0.585E-03    0.453E-04    0.400E-07    0.000E+00    0.000E+00    0.885E-13    0.885E-13    0.000E+00    0.000E+00    0.000E+00    0.000E+00
     1.300     0.940    0.553E-03    0.428E-04    0.129E-07    0.000E+00    0.000E+00    0.000E+00    0.000E+00    0.000E+00    0.000E+00    0.000E+00    0.000E+00
     1.300     0.941    0.522E-03    0.405E-04    0.000E+00    0.000E+00    0.000E+00    0.000E+00    0.000E+00    0.000E+00    0.000E+00    0.000E+00    0.000E+00
     1.300     0.942    0.492E-03    0.382E-04    0.000E+00    0.000E+00    0.000E+00    0.000E+00    0.000E+00    0.000E+00    0.000E+00    0.000E+00    0.000E+00
     1.300     0.943    0.463E-03    0.360E-04    0.000E+00    0.000E+00    0.000E+00    0.000E+00    0.000E+00    0.000E+00    0.000E+00    0.000E+00    0.000E+00
     1.300     0.944    0.436E-03    0.340E-04    0.000E+00    0.000E+00    0.000E+00    0.000E+00    0.000E+00    0.000E+00    0.000E+00    0.000E+00    0.000E+00
     1.300     0.945    0.409E-03    0.320E-04    0.000E+00    0.000E+00    0.000E+00    0.000E+00    0.000E+00    0.000E+00    0.000E+00    0.000E+00    0.000E+00
     1.300     0.946    0.384E-03    0.300E-04    0.000E+00    0.000E+00    0.000E+00    0.000E+00    0.000E+00    0.000E+00    0.000E+00    0.000E+00    0.000E+00
     1.300     0.947    0.360E-03    0.282E-04    0.000E+00    0.000E+00    0.000E+00    0.000E+00    0.000E+00    0.000E+00    0.000E+00    0.000E+00    0.000E+00
     1.300     0.948    0.337E-03    0.264E-04    0.000E+00    0.000E+00    0.000E+00    0.000E+00    0.000E+00    0.000E+00    0.000E+00    0.000E+00    0.000E+00
     1.300     0.949    0.315E-03    0.247E-04    0.000E+00    0.000E+00    0.000E+00    0.000E+00    0.000E+00    0.000E+00    0.000E+00    0.000E+00    0.000E+00
     1.300     0.950    0.294E-03    0.231E-04    0.000E+00    0.000E+00    0.000E+00    0.000E+00    0.000E+00    0.000E+00    0.000E+00    0.000E+00    0.000E+00
     1.300     0.951    0.274E-03    0.216E-04    0.000E+00    0.000E+00    0.000E+00    0.000E+00    0.000E+00    0.000E+00    0.000E+00    0.000E+00    0.000E+00
     1.300     0.952    0.255E-03    0.201E-04    0.000E+00    0.000E+00    0.000E+00    0.000E+00    0.000E+00    0.000E+00    0.000E+00    0.000E+00    0.000E+00
     1.300     0.953    0.236E-03    0.187E-04    0.000E+00    0.558E-11    0.558E-11    0.211E-11    0.211E-11    0.000E+00    0.000E+00    0.000E+00    0.000E+00
     1.300     0.954    0.218E-03    0.173E-04    0.000E+00    0.000E+00    0.000E+00    0.000E+00    0.000E+00    0.000E+00    0.000E+00    0.000E+00    0.000E+00
     1.300     0.955    0.200E-03    0.159E-04    0.000E+00    0.000E+00    0.000E+00    0.000E+00    0.000E+00    0.000E+00    0.000E+00    0.000E+00    0.000E+00
     1.300     0.956    0.183E-03    0.146E-04    0.000E+00    0.000E+00    0.000E+00    0.000E+00    0.000E+00    0.000E+00    0.000E+00    0.000E+00    0.000E+00
     1.300     0.957    0.167E-03    0.133E-04    0.000E+00    0.000E+00    0.000E+00    0.000E+00    0.000E+00    0.000E+00    0.000E+00    0.000E+00    0.000E+00
     1.300     0.958    0.152E-03    0.122E-04    0.000E+00    0.000E+00    0.000E+00    0.000E+00    0.000E+00    0.000E+00    0.000E+00    0.000E+00    0.000E+00
     1.300     0.959    0.138E-03    0.110E-04    0.000E+00    0.000E+00    0.000E+00    0.000E+00    0.000E+00    0.000E+00    0.000E+00    0.000E+00    0.000E+00
     1.300     0.960    0.124E-03    0.996E-05    0.000E+00    0.000E+00    0.000E+00    0.000E+00    0.000E+00    0.000E+00    0.000E+00    0.000E+00    0.000E+00
     1.300     0.961    0.111E-03    0.894E-05    0.000E+00    0.000E+00    0.000E+00    0.000E+00    0.000E+00    0.000E+00    0.000E+00    0.000E+00    0.000E+00
     1.300     0.962    0.989E-04    0.799E-05    0.000E+00    0.000E+00    0.000E+00    0.000E+00    0.000E+00    0.000E+00    0.000E+00    0.000E+00    0.000E+00
     1.300     0.963    0.875E-04    0.708E-05    0.000E+00    0.000E+00    0.000E+00    0.000E+00    0.000E+00    0.000E+00    0.000E+00    0.000E+00    0.000E+00
     1.300     0.964    0.767E-04    0.623E-05    0.000E+00    0.000E+00    0.000E+00    0.000E+00    0.000E+00    0.000E+00    0.000E+00    0.000E+00    0.000E+00
     1.300     0.965    0.667E-04    0.543E-05    0.000E+00    0.000E+00    0.000E+00    0.000E+00    0.000E+00    0.000E+00    0.000E+00    0.000E+00    0.000E+00
     1.300     0.966    0.573E-04    0.468E-05    0.000E+00    0.000E+00    0.000E+00    0.000E+00    0.000E+00    0.000E+00    0.000E+00    0.000E+00    0.000E+00
     1.300     0.967    0.486E-04    0.398E-05    0.000E+00    0.000E+00    0.000E+00    0.000E+00    0.000E+00    0.000E+00    0.000E+00    0.000E+00    0.000E+00
     1.300     0.968    0.405E-04    0.333E-05    0.000E+00    0.000E+00    0.000E+00    0.000E+00    0.000E+00    0.000E+00    0.000E+00    0.000E+00    0.000E+00
     1.300     0.969    0.330E-04    0.272E-05    0.000E+00    0.000E+00    0.000E+00    0.000E+00    0.000E+00    0.000E+00    0.000E+00    0.000E+00    0.000E+00
     1.300     0.970    0.262E-04    0.216E-05    0.000E+00    0.000E+00    0.000E+00    0.000E+00    0.000E+00    0.000E+00    0.000E+00    0.000E+00    0.000E+00
     1.300     0.971    0.198E-04    0.165E-05    0.000E+00    0.000E+00    0.000E+00    0.000E+00    0.000E+00    0.000E+00    0.000E+00    0.000E+00    0.000E+00
     1.300     0.972    0.141E-04    0.117E-05    0.000E+00    0.000E+00    0.000E+00    0.000E+00    0.000E+00    0.000E+00    0.000E+00    0.000E+00    0.000E+00
     1.300     0.973    0.886E-05    0.742E-06    0.000E+00    0.000E+00    0.000E+00    0.000E+00    0.000E+00    0.000E+00    0.000E+00    0.000E+00    0.000E+00
     1.300     0.974    0.415E-05    0.350E-06    0.000E+00    0.000E+00    0.000E+00    0.000E+00    0.000E+00    0.000E+00    0.000E+00    0.000E+00    0.000E+00
     1.300     0.975    0.000E+00    0.000E+00    0.142E-08    0.231E-11    0.231E-11    0.865E-12    0.865E-12    0.000E+00    0.000E+00    0.000E+00    0.000E+00
     1.300     0.976    0.000E+00    0.000E+00    0.673E-08    0.628E-11    0.628E-11    0.283E-11    0.283E-11    0.000E+00    0.000E+00    0.000E+00    0.000E+00
     1.300     0.977    0.000E+00    0.000E+00    0.120E-07    0.103E-10    0.103E-10    0.479E-11    0.479E-11    0.000E+00    0.000E+00    0.000E+00    0.000E+00
     1.300     0.978    0.000E+00    0.000E+00    0.172E-07    0.142E-10    0.142E-10    0.674E-11    0.674E-11    0.000E+00    0.000E+00    0.000E+00    0.000E+00
     1.300     0.979    0.000E+00    0.000E+00    0.223E-07    0.181E-10    0.181E-10    0.865E-11    0.865E-11    0.000E+00    0.000E+00    0.000E+00    0.000E+00
     1.300     0.980    0.000E+00    0.000E+00    0.272E-07    0.218E-10    0.218E-10    0.105E-10    0.105E-10    0.000E+00    0.000E+00    0.000E+00    0.000E+00
     1.300     0.981    0.000E+00    0.000E+00    0.318E-07    0.254E-10    0.254E-10    0.123E-10    0.123E-10    0.000E+00    0.000E+00    0.000E+00    0.000E+00
     1.300     0.982    0.000E+00    0.000E+00    0.362E-07    0.287E-10    0.287E-10    0.139E-10    0.139E-10    0.000E+00    0.000E+00    0.000E+00    0.000E+00
     1.300     0.983    0.000E+00    0.000E+00    0.402E-07    0.318E-10    0.318E-10    0.155E-10    0.155E-10    0.000E+00    0.000E+00    0.000E+00    0.000E+00
     1.300     0.984    0.000E+00    0.000E+00    0.438E-07    0.346E-10    0.346E-10    0.168E-10    0.168E-10    0.000E+00    0.000E+00    0.000E+00    0.000E+00
     1.300     0.985    0.000E+00    0.000E+00    0.469E-07    0.371E-10    0.371E-10    0.181E-10    0.181E-10    0.000E+00    0.000E+00    0.000E+00    0.000E+00
     1.300     0.986    0.000E+00    0.000E+00    0.495E-07    0.391E-10    0.391E-10    0.191E-10    0.191E-10    0.000E+00    0.000E+00    0.000E+00    0.000E+00
     1.300     0.987    0.000E+00    0.000E+00    0.515E-07    0.407E-10    0.407E-10    0.199E-10    0.199E-10    0.000E+00    0.000E+00    0.000E+00    0.000E+00
     1.300     0.988    0.000E+00    0.000E+00    0.529E-07    0.419E-10    0.419E-10    0.204E-10    0.204E-10    0.000E+00    0.000E+00    0.000E+00    0.000E+00
     1.300     0.989    0.000E+00    0.000E+00    0.536E-07    0.424E-10    0.424E-10    0.207E-10    0.207E-10    0.000E+00    0.000E+00    0.000E+00    0.000E+00
     1.300     0.990    0.000E+00    0.000E+00    0.536E-07    0.424E-10    0.424E-10    0.207E-10    0.207E-10    0.000E+00    0.000E+00    0.000E+00    0.000E+00
     1.300     0.991    0.000E+00    0.000E+00    0.528E-07    0.418E-10    0.418E-10    0.204E-10    0.204E-10    0.000E+00    0.000E+00    0.000E+00    0.000E+00
     1.300     0.992    0.000E+00    0.000E+00    0.511E-07    0.405E-10    0.405E-10    0.198E-10    0.198E-10    0.000E+00    0.000E+00    0.000E+00    0.000E+00
     1.300     0.993    0.000E+00    0.000E+00    0.485E-07    0.385E-10    0.385E-10    0.188E-10    0.188E-10    0.000E+00    0.000E+00    0.000E+00    0.000E+00
     1.300     0.994    0.000E+00    0.000E+00    0.449E-07    0.357E-10    0.357E-10    0.175E-10    0.175E-10    0.000E+00    0.000E+00    0.000E+00    0.000E+00
     1.300     0.995    0.000E+00    0.000E+00    0.404E-07    0.321E-10    0.321E-10    0.157E-10    0.157E-10    0.000E+00    0.000E+00    0.000E+00    0.000E+00
     1.300     0.996    0.000E+00    0.000E+00    0.347E-07    0.276E-10    0.276E-10    0.135E-10    0.135E-10    0.000E+00    0.000E+00    0.000E+00    0.000E+00
     1.300     0.997    0.000E+00    0.000E+00    0.279E-07    0.222E-10    0.222E-10    0.109E-10    0.109E-10    0.000E+00    0.000E+00    0.000E+00    0.000E+00
     1.300     0.998    0.000E+00    0.000E+00    0.199E-07    0.158E-10    0.158E-10    0.774E-11    0.774E-11    0.000E+00    0.000E+00    0.000E+00    0.000E+00
     1.300     0.999    0.000E+00    0.000E+00    0.106E-07    0.843E-11    0.843E-11    0.413E-11    0.413E-11    0.000E+00    0.000E+00    0.000E+00    0.000E+00

