     Q**2          x         u           d           g          ub          db          sb          s          cb          c          bb          b
     1.300     0.001    0.307E+00    0.285E+00    0.000E+00    0.275E+00    0.279E+00    0.892E-01    0.892E-01    0.000E+00    0.000E+00    0.000E+00    0.000E+00
     1.300     0.002    0.286E+00    0.258E+00    0.000E+00    0.236E+00    0.244E+00    0.770E-01    0.770E-01    0.000E+00    0.000E+00    0.000E+00    0.000E+00
     1.300     0.003    0.279E+00    0.247E+00    0.231E+00    0.216E+00    0.226E+00    0.707E-01    0.707E-01    0.000E+00    0.000E+00    0.000E+00    0.000E+00
     1.300     0.004    0.279E+00    0.245E+00    0.449E+00    0.204E+00    0.216E+00    0.670E-01    0.670E-01    0.000E+00    0.000E+00    0.000E+00    0.000E+00
     1.300     0.005    0.282E+00    0.245E+00    0.632E+00    0.195E+00    0.209E+00    0.645E-01    0.645E-01    0.000E+00    0.000E+00    0.000E+00    0.000E+00
     1.300     0.006    0.285E+00    0.247E+00    0.790E+00    0.188E+00    0.203E+00    0.627E-01    0.627E-01    0.000E+00    0.000E+00    0.000E+00    0.000E+00
     1.300     0.007    0.290E+00    0.251E+00    0.928E+00    0.183E+00    0.200E+00    0.614E-01    0.614E-01    0.000E+00    0.000E+00    0.000E+00    0.000E+00
     1.300     0.008    0.295E+00    0.254E+00    0.105E+01    0.178E+00    0.196E+00    0.602E-01    0.602E-01    0.000E+00    0.000E+00    0.000E+00    0.000E+00
     1.300     0.009    0.300E+00    0.258E+00    0.116E+01    0.174E+00    0.193E+00    0.594E-01    0.594E-01    0.000E+00    0.000E+00    0.000E+00    0.000E+00
     1.300     0.010    0.305E+00    0.263E+00    0.126E+01    0.171E+00    0.190E+00    0.586E-01    0.586E-01    0.000E+00    0.000E+00    0.000E+00    0.000E+00
     1.300     0.011    0.311E+00    0.267E+00    0.135E+01    0.168E+00    0.188E+00    0.580E-01    0.580E-01    0.000E+00    0.000E+00    0.000E+00    0.000E+00
     1.300     0.012    0.316E+00    0.272E+00    0.143E+01    0.166E+00    0.186E+00    0.575E-01    0.575E-01    0.000E+00    0.000E+00    0.000E+00    0.000E+00
     1.300     0.013    0.322E+00    0.277E+00    0.150E+01    0.164E+00    0.184E+00    0.570E-01    0.570E-01    0.000E+00    0.000E+00    0.000E+00    0.000E+00
     1.300     0.014    0.328E+00    0.282E+00    0.157E+01    0.162E+00    0.183E+00    0.568E-01    0.568E-01    0.000E+00    0.000E+00    0.000E+00    0.000E+00
     1.300     0.015    0.333E+00    0.286E+00    0.163E+01    0.160E+00    0.181E+00    0.564E-01    0.564E-01    0.000E+00    0.000E+00    0.000E+00    0.000E+00
     1.300     0.016    0.339E+00    0.291E+00    0.168E+01    0.159E+00    0.180E+00    0.561E-01    0.561E-01    0.000E+00    0.000E+00    0.000E+00    0.000E+00
     1.300     0.017    0.345E+00    0.296E+00    0.173E+01    0.158E+00    0.179E+00    0.560E-01    0.560E-01    0.000E+00    0.000E+00    0.000E+00    0.000E+00
     1.300     0.018    0.350E+00    0.300E+00    0.178E+01    0.156E+00    0.178E+00    0.557E-01    0.557E-01    0.000E+00    0.000E+00    0.000E+00    0.000E+00
     1.300     0.019    0.356E+00    0.305E+00    0.182E+01    0.155E+00    0.177E+00    0.555E-01    0.555E-01    0.000E+00    0.000E+00    0.000E+00    0.000E+00
     1.300     0.020    0.362E+00    0.309E+00    0.186E+01    0.154E+00    0.176E+00    0.554E-01    0.554E-01    0.000E+00    0.000E+00    0.000E+00    0.000E+00
     1.300     0.021    0.367E+00    0.314E+00    0.190E+01    0.154E+00    0.175E+00    0.553E-01    0.553E-01    0.000E+00    0.000E+00    0.000E+00    0.000E+00
     1.300     0.022    0.373E+00    0.318E+00    0.193E+01    0.153E+00    0.174E+00    0.552E-01    0.552E-01    0.000E+00    0.000E+00    0.000E+00    0.000E+00
     1.300     0.023    0.378E+00    0.322E+00    0.196E+01    0.152E+00    0.173E+00    0.550E-01    0.550E-01    0.000E+00    0.000E+00    0.000E+00    0.000E+00
     1.300     0.024    0.383E+00    0.326E+00    0.199E+01    0.151E+00    0.172E+00    0.549E-01    0.549E-01    0.000E+00    0.000E+00    0.000E+00    0.000E+00
     1.300     0.025    0.389E+00    0.330E+00    0.202E+01    0.150E+00    0.171E+00    0.548E-01    0.548E-01    0.000E+00    0.000E+00    0.000E+00    0.000E+00
     1.300     0.026    0.394E+00    0.334E+00    0.204E+01    0.150E+00    0.170E+00    0.547E-01    0.547E-01    0.000E+00    0.000E+00    0.000E+00    0.000E+00
     1.300     0.027    0.399E+00    0.337E+00    0.206E+01    0.149E+00    0.169E+00    0.546E-01    0.546E-01    0.000E+00    0.000E+00    0.000E+00    0.000E+00
     1.300     0.028    0.404E+00    0.341E+00    0.208E+01    0.149E+00    0.169E+00    0.545E-01    0.545E-01    0.000E+00    0.000E+00    0.000E+00    0.000E+00
     1.300     0.029    0.409E+00    0.344E+00    0.210E+01    0.148E+00    0.168E+00    0.544E-01    0.544E-01    0.000E+00    0.000E+00    0.000E+00    0.000E+00
     1.300     0.030    0.414E+00    0.348E+00    0.211E+01    0.148E+00    0.167E+00    0.544E-01    0.544E-01    0.000E+00    0.000E+00    0.000E+00    0.000E+00
     1.300     0.031    0.420E+00    0.351E+00    0.213E+01    0.147E+00    0.167E+00    0.543E-01    0.543E-01    0.000E+00    0.000E+00    0.000E+00    0.000E+00
     1.300     0.032    0.424E+00    0.355E+00    0.214E+01    0.147E+00    0.166E+00    0.543E-01    0.543E-01    0.000E+00    0.000E+00    0.000E+00    0.000E+00
     1.300     0.033    0.429E+00    0.358E+00    0.215E+01    0.146E+00    0.165E+00    0.542E-01    0.542E-01    0.000E+00    0.000E+00    0.000E+00    0.000E+00
     1.300     0.034    0.434E+00    0.361E+00    0.215E+01    0.146E+00    0.165E+00    0.542E-01    0.542E-01    0.000E+00    0.000E+00    0.000E+00    0.000E+00
     1.300     0.035    0.439E+00    0.364E+00    0.216E+01    0.145E+00    0.164E+00    0.541E-01    0.541E-01    0.000E+00    0.000E+00    0.000E+00    0.000E+00
     1.300     0.036    0.443E+00    0.367E+00    0.216E+01    0.145E+00    0.164E+00    0.541E-01    0.541E-01    0.000E+00    0.000E+00    0.000E+00    0.000E+00
     1.300     0.037    0.448E+00    0.370E+00    0.217E+01    0.145E+00    0.163E+00    0.541E-01    0.541E-01    0.000E+00    0.000E+00    0.000E+00    0.000E+00
     1.300     0.038    0.453E+00    0.373E+00    0.217E+01    0.144E+00    0.163E+00    0.540E-01    0.540E-01    0.000E+00    0.000E+00    0.000E+00    0.000E+00
     1.300     0.039    0.457E+00    0.376E+00    0.217E+01    0.144E+00    0.162E+00    0.540E-01    0.540E-01    0.000E+00    0.000E+00    0.000E+00    0.000E+00
     1.300     0.040    0.462E+00    0.378E+00    0.217E+01    0.143E+00    0.162E+00    0.539E-01    0.539E-01    0.000E+00    0.000E+00    0.000E+00    0.000E+00
     1.300     0.041    0.466E+00    0.381E+00    0.218E+01    0.143E+00    0.161E+00    0.538E-01    0.538E-01    0.000E+00    0.000E+00    0.000E+00    0.000E+00
     1.300     0.042    0.470E+00    0.383E+00    0.218E+01    0.142E+00    0.161E+00    0.538E-01    0.538E-01    0.000E+00    0.000E+00    0.000E+00    0.000E+00
     1.300     0.043    0.474E+00    0.386E+00    0.218E+01    0.142E+00    0.160E+00    0.537E-01    0.537E-01    0.000E+00    0.000E+00    0.000E+00    0.000E+00
     1.300     0.044    0.479E+00    0.388E+00    0.217E+01    0.141E+00    0.160E+00    0.536E-01    0.536E-01    0.000E+00    0.000E+00    0.000E+00    0.000E+00
     1.300     0.045    0.483E+00    0.391E+00    0.217E+01    0.141E+00    0.159E+00    0.536E-01    0.536E-01    0.000E+00    0.000E+00    0.000E+00    0.000E+00
     1.300     0.046    0.487E+00    0.393E+00    0.217E+01    0.140E+00    0.159E+00    0.535E-01    0.535E-01    0.000E+00    0.000E+00    0.000E+00    0.000E+00
     1.300     0.047    0.491E+00    0.395E+00    0.217E+01    0.140E+00    0.158E+00    0.534E-01    0.534E-01    0.000E+00    0.000E+00    0.000E+00    0.000E+00
     1.300     0.048    0.495E+00    0.397E+00    0.216E+01    0.139E+00    0.158E+00    0.533E-01    0.533E-01    0.000E+00    0.000E+00    0.000E+00    0.000E+00
     1.300     0.049    0.498E+00    0.399E+00    0.216E+01    0.139E+00    0.158E+00    0.532E-01    0.532E-01    0.000E+00    0.000E+00    0.000E+00    0.000E+00
     1.300     0.050    0.502E+00    0.401E+00    0.215E+01    0.138E+00    0.157E+00    0.532E-01    0.532E-01    0.000E+00    0.000E+00    0.000E+00    0.000E+00
     1.300     0.051    0.506E+00    0.403E+00    0.215E+01    0.137E+00    0.157E+00    0.531E-01    0.531E-01    0.000E+00    0.000E+00    0.000E+00    0.000E+00
     1.300     0.052    0.510E+00    0.405E+00    0.214E+01    0.137E+00    0.156E+00    0.530E-01    0.530E-01    0.000E+00    0.000E+00    0.000E+00    0.000E+00
     1.300     0.053    0.513E+00    0.407E+00    0.213E+01    0.136E+00    0.156E+00    0.529E-01    0.529E-01    0.000E+00    0.000E+00    0.000E+00    0.000E+00
     1.300     0.054    0.517E+00    0.409E+00    0.213E+01    0.136E+00    0.156E+00    0.528E-01    0.528E-01    0.000E+00    0.000E+00    0.000E+00    0.000E+00
     1.300     0.055    0.520E+00    0.411E+00    0.212E+01    0.135E+00    0.155E+00    0.527E-01    0.527E-01    0.000E+00    0.000E+00    0.000E+00    0.000E+00
     1.300     0.056    0.524E+00    0.413E+00    0.211E+01    0.134E+00    0.155E+00    0.526E-01    0.526E-01    0.000E+00    0.000E+00    0.000E+00    0.000E+00
     1.300     0.057    0.527E+00    0.414E+00    0.210E+01    0.134E+00    0.155E+00    0.525E-01    0.525E-01    0.000E+00    0.000E+00    0.000E+00    0.000E+00
     1.300     0.058    0.531E+00    0.416E+00    0.209E+01    0.133E+00    0.154E+00    0.524E-01    0.524E-01    0.000E+00    0.000E+00    0.000E+00    0.000E+00
     1.300     0.059    0.534E+00    0.417E+00    0.208E+01    0.132E+00    0.154E+00    0.523E-01    0.523E-01    0.000E+00    0.000E+00    0.000E+00    0.000E+00
     1.300     0.060    0.537E+00    0.419E+00    0.207E+01    0.132E+00    0.154E+00    0.522E-01    0.522E-01    0.000E+00    0.000E+00    0.000E+00    0.000E+00
     1.300     0.061    0.541E+00    0.421E+00    0.206E+01    0.131E+00    0.153E+00    0.521E-01    0.521E-01    0.000E+00    0.000E+00    0.000E+00    0.000E+00
     1.300     0.062    0.544E+00    0.422E+00    0.205E+01    0.130E+00    0.153E+00    0.519E-01    0.519E-01    0.000E+00    0.000E+00    0.000E+00    0.000E+00
     1.300     0.063    0.547E+00    0.423E+00    0.204E+01    0.130E+00    0.153E+00    0.518E-01    0.518E-01    0.000E+00    0.000E+00    0.000E+00    0.000E+00
     1.300     0.064    0.550E+00    0.425E+00    0.203E+01    0.129E+00    0.153E+00    0.517E-01    0.517E-01    0.000E+00    0.000E+00    0.000E+00    0.000E+00
     1.300     0.065    0.553E+00    0.426E+00    0.202E+01    0.128E+00    0.152E+00    0.516E-01    0.516E-01    0.000E+00    0.000E+00    0.000E+00    0.000E+00
     1.300     0.066    0.556E+00    0.428E+00    0.201E+01    0.128E+00    0.152E+00    0.514E-01    0.514E-01    0.000E+00    0.000E+00    0.000E+00    0.000E+00
     1.300     0.067    0.559E+00    0.429E+00    0.200E+01    0.127E+00    0.152E+00    0.513E-01    0.513E-01    0.000E+00    0.000E+00    0.000E+00    0.000E+00
     1.300     0.068    0.562E+00    0.430E+00    0.199E+01    0.126E+00    0.152E+00    0.512E-01    0.512E-01    0.000E+00    0.000E+00    0.000E+00    0.000E+00
     1.300     0.069    0.565E+00    0.431E+00    0.198E+01    0.125E+00    0.151E+00    0.510E-01    0.510E-01    0.000E+00    0.000E+00    0.000E+00    0.000E+00
     1.300     0.070    0.568E+00    0.432E+00    0.197E+01    0.124E+00    0.151E+00    0.509E-01    0.509E-01    0.000E+00    0.000E+00    0.000E+00    0.000E+00
     1.300     0.071    0.570E+00    0.434E+00    0.195E+01    0.124E+00    0.151E+00    0.508E-01    0.508E-01    0.000E+00    0.000E+00    0.000E+00    0.000E+00
     1.300     0.072    0.573E+00    0.435E+00    0.194E+01    0.123E+00    0.150E+00    0.506E-01    0.506E-01    0.000E+00    0.000E+00    0.000E+00    0.000E+00
     1.300     0.073    0.576E+00    0.436E+00    0.193E+01    0.122E+00    0.150E+00    0.505E-01    0.505E-01    0.000E+00    0.000E+00    0.000E+00    0.000E+00
     1.300     0.074    0.579E+00    0.437E+00    0.192E+01    0.121E+00    0.150E+00    0.503E-01    0.503E-01    0.000E+00    0.000E+00    0.000E+00    0.000E+00
     1.300     0.075    0.581E+00    0.438E+00    0.191E+01    0.120E+00    0.150E+00    0.502E-01    0.502E-01    0.000E+00    0.000E+00    0.000E+00    0.000E+00
     1.300     0.076    0.584E+00    0.439E+00    0.189E+01    0.120E+00    0.149E+00    0.500E-01    0.500E-01    0.000E+00    0.000E+00    0.000E+00    0.000E+00
     1.300     0.077    0.587E+00    0.440E+00    0.188E+01    0.119E+00    0.149E+00    0.499E-01    0.499E-01    0.000E+00    0.000E+00    0.000E+00    0.000E+00
     1.300     0.078    0.589E+00    0.440E+00    0.187E+01    0.118E+00    0.149E+00    0.497E-01    0.497E-01    0.000E+00    0.000E+00    0.000E+00    0.000E+00
     1.300     0.079    0.592E+00    0.441E+00    0.186E+01    0.117E+00    0.149E+00    0.495E-01    0.495E-01    0.000E+00    0.000E+00    0.000E+00    0.000E+00
     1.300     0.080    0.594E+00    0.442E+00    0.184E+01    0.116E+00    0.148E+00    0.494E-01    0.494E-01    0.000E+00    0.000E+00    0.000E+00    0.000E+00
     1.300     0.081    0.597E+00    0.443E+00    0.183E+01    0.116E+00    0.148E+00    0.492E-01    0.492E-01    0.000E+00    0.000E+00    0.000E+00    0.000E+00
     1.300     0.082    0.599E+00    0.444E+00    0.182E+01    0.115E+00    0.148E+00    0.491E-01    0.491E-01    0.000E+00    0.000E+00    0.000E+00    0.000E+00
     1.300     0.083    0.601E+00    0.445E+00    0.180E+01    0.114E+00    0.147E+00    0.489E-01    0.489E-01    0.000E+00    0.000E+00    0.000E+00    0.000E+00
     1.300     0.084    0.604E+00    0.445E+00    0.179E+01    0.113E+00    0.147E+00    0.487E-01    0.487E-01    0.000E+00    0.000E+00    0.000E+00    0.000E+00
     1.300     0.085    0.606E+00    0.446E+00    0.178E+01    0.112E+00    0.147E+00    0.486E-01    0.486E-01    0.000E+00    0.000E+00    0.000E+00    0.000E+00
     1.300     0.086    0.608E+00    0.447E+00    0.177E+01    0.111E+00    0.147E+00    0.484E-01    0.484E-01    0.000E+00    0.000E+00    0.000E+00    0.000E+00
     1.300     0.087    0.611E+00    0.447E+00    0.175E+01    0.111E+00    0.146E+00    0.482E-01    0.482E-01    0.000E+00    0.000E+00    0.000E+00    0.000E+00
     1.300     0.088    0.613E+00    0.448E+00    0.174E+01    0.110E+00    0.146E+00    0.480E-01    0.480E-01    0.000E+00    0.000E+00    0.000E+00    0.000E+00
     1.300     0.089    0.615E+00    0.448E+00    0.173E+01    0.109E+00    0.146E+00    0.478E-01    0.478E-01    0.000E+00    0.000E+00    0.000E+00    0.000E+00
     1.300     0.090    0.617E+00    0.449E+00    0.171E+01    0.108E+00    0.145E+00    0.477E-01    0.477E-01    0.000E+00    0.000E+00    0.000E+00    0.000E+00
     1.300     0.091    0.620E+00    0.449E+00    0.170E+01    0.107E+00    0.145E+00    0.475E-01    0.475E-01    0.000E+00    0.000E+00    0.000E+00    0.000E+00
     1.300     0.092    0.622E+00    0.450E+00    0.169E+01    0.107E+00    0.145E+00    0.473E-01    0.473E-01    0.000E+00    0.000E+00    0.000E+00    0.000E+00
     1.300     0.093    0.624E+00    0.450E+00    0.167E+01    0.106E+00    0.144E+00    0.471E-01    0.471E-01    0.000E+00    0.000E+00    0.000E+00    0.000E+00
     1.300     0.094    0.626E+00    0.451E+00    0.166E+01    0.105E+00    0.144E+00    0.469E-01    0.469E-01    0.000E+00    0.000E+00    0.000E+00    0.000E+00
     1.300     0.095    0.628E+00    0.451E+00    0.165E+01    0.104E+00    0.144E+00    0.468E-01    0.468E-01    0.000E+00    0.000E+00    0.000E+00    0.000E+00
     1.300     0.096    0.630E+00    0.452E+00    0.164E+01    0.103E+00    0.143E+00    0.466E-01    0.466E-01    0.000E+00    0.000E+00    0.000E+00    0.000E+00
     1.300     0.097    0.632E+00    0.452E+00    0.162E+01    0.103E+00    0.143E+00    0.464E-01    0.464E-01    0.000E+00    0.000E+00    0.000E+00    0.000E+00
     1.300     0.098    0.634E+00    0.452E+00    0.161E+01    0.102E+00    0.143E+00    0.462E-01    0.462E-01    0.000E+00    0.000E+00    0.000E+00    0.000E+00
     1.300     0.099    0.636E+00    0.453E+00    0.160E+01    0.101E+00    0.142E+00    0.460E-01    0.460E-01    0.000E+00    0.000E+00    0.000E+00    0.000E+00
     1.300     0.100    0.638E+00    0.453E+00    0.158E+01    0.100E+00    0.142E+00    0.458E-01    0.458E-01    0.000E+00    0.000E+00    0.000E+00    0.000E+00
     1.300     0.101    0.640E+00    0.453E+00    0.157E+01    0.995E-01    0.141E+00    0.456E-01    0.456E-01    0.000E+00    0.000E+00    0.000E+00    0.000E+00
     1.300     0.102    0.642E+00    0.454E+00    0.156E+01    0.987E-01    0.141E+00    0.454E-01    0.454E-01    0.000E+00    0.000E+00    0.000E+00    0.000E+00
     1.300     0.103    0.644E+00    0.454E+00    0.155E+01    0.980E-01    0.141E+00    0.452E-01    0.452E-01    0.000E+00    0.000E+00    0.000E+00    0.000E+00
     1.300     0.104    0.646E+00    0.454E+00    0.153E+01    0.972E-01    0.140E+00    0.450E-01    0.450E-01    0.000E+00    0.000E+00    0.000E+00    0.000E+00
     1.300     0.105    0.648E+00    0.454E+00    0.152E+01    0.964E-01    0.140E+00    0.448E-01    0.448E-01    0.000E+00    0.000E+00    0.000E+00    0.000E+00
     1.300     0.106    0.649E+00    0.454E+00    0.151E+01    0.957E-01    0.139E+00    0.446E-01    0.446E-01    0.000E+00    0.000E+00    0.000E+00    0.000E+00
     1.300     0.107    0.651E+00    0.455E+00    0.150E+01    0.950E-01    0.139E+00    0.444E-01    0.444E-01    0.000E+00    0.000E+00    0.000E+00    0.000E+00
     1.300     0.108    0.653E+00    0.455E+00    0.148E+01    0.942E-01    0.139E+00    0.442E-01    0.442E-01    0.000E+00    0.000E+00    0.000E+00    0.000E+00
     1.300     0.109    0.655E+00    0.455E+00    0.147E+01    0.935E-01    0.138E+00    0.440E-01    0.440E-01    0.000E+00    0.000E+00    0.000E+00    0.000E+00
     1.300     0.110    0.657E+00    0.455E+00    0.146E+01    0.928E-01    0.138E+00    0.438E-01    0.438E-01    0.000E+00    0.000E+00    0.000E+00    0.000E+00
     1.300     0.111    0.658E+00    0.455E+00    0.145E+01    0.921E-01    0.137E+00    0.436E-01    0.436E-01    0.000E+00    0.000E+00    0.000E+00    0.000E+00
     1.300     0.112    0.660E+00    0.455E+00    0.143E+01    0.913E-01    0.137E+00    0.434E-01    0.434E-01    0.000E+00    0.000E+00    0.000E+00    0.000E+00
     1.300     0.113    0.662E+00    0.455E+00    0.142E+01    0.906E-01    0.136E+00    0.432E-01    0.432E-01    0.000E+00    0.000E+00    0.000E+00    0.000E+00
     1.300     0.114    0.664E+00    0.455E+00    0.141E+01    0.899E-01    0.136E+00    0.430E-01    0.430E-01    0.000E+00    0.000E+00    0.000E+00    0.000E+00
     1.300     0.115    0.665E+00    0.455E+00    0.140E+01    0.892E-01    0.135E+00    0.428E-01    0.428E-01    0.000E+00    0.000E+00    0.000E+00    0.000E+00
     1.300     0.116    0.667E+00    0.455E+00    0.139E+01    0.885E-01    0.135E+00    0.426E-01    0.426E-01    0.000E+00    0.000E+00    0.000E+00    0.000E+00
     1.300     0.117    0.668E+00    0.455E+00    0.137E+01    0.878E-01    0.134E+00    0.424E-01    0.424E-01    0.000E+00    0.000E+00    0.000E+00    0.000E+00
     1.300     0.118    0.670E+00    0.455E+00    0.136E+01    0.872E-01    0.134E+00    0.422E-01    0.422E-01    0.000E+00    0.000E+00    0.000E+00    0.000E+00
     1.300     0.119    0.672E+00    0.455E+00    0.135E+01    0.865E-01    0.133E+00    0.420E-01    0.420E-01    0.000E+00    0.000E+00    0.000E+00    0.000E+00
     1.300     0.120    0.673E+00    0.455E+00    0.134E+01    0.858E-01    0.133E+00    0.418E-01    0.418E-01    0.000E+00    0.000E+00    0.000E+00    0.000E+00
     1.300     0.121    0.675E+00    0.455E+00    0.133E+01    0.852E-01    0.132E+00    0.416E-01    0.416E-01    0.000E+00    0.000E+00    0.000E+00    0.000E+00
     1.300     0.122    0.676E+00    0.455E+00    0.132E+01    0.845E-01    0.132E+00    0.414E-01    0.414E-01    0.000E+00    0.000E+00    0.000E+00    0.000E+00
     1.300     0.123    0.678E+00    0.455E+00    0.130E+01    0.839E-01    0.131E+00    0.411E-01    0.411E-01    0.000E+00    0.000E+00    0.000E+00    0.000E+00
     1.300     0.124    0.679E+00    0.454E+00    0.129E+01    0.832E-01    0.131E+00    0.409E-01    0.409E-01    0.000E+00    0.000E+00    0.000E+00    0.000E+00
     1.300     0.125    0.681E+00    0.454E+00    0.128E+01    0.826E-01    0.130E+00    0.407E-01    0.407E-01    0.000E+00    0.000E+00    0.000E+00    0.000E+00
     1.300     0.126    0.682E+00    0.454E+00    0.127E+01    0.820E-01    0.130E+00    0.405E-01    0.405E-01    0.000E+00    0.000E+00    0.000E+00    0.000E+00
     1.300     0.127    0.684E+00    0.454E+00    0.126E+01    0.813E-01    0.129E+00    0.403E-01    0.403E-01    0.000E+00    0.000E+00    0.000E+00    0.000E+00
     1.300     0.128    0.685E+00    0.454E+00    0.125E+01    0.807E-01    0.128E+00    0.401E-01    0.401E-01    0.000E+00    0.000E+00    0.000E+00    0.000E+00
     1.300     0.129    0.687E+00    0.454E+00    0.124E+01    0.801E-01    0.128E+00    0.399E-01    0.399E-01    0.000E+00    0.000E+00    0.000E+00    0.000E+00
     1.300     0.130    0.688E+00    0.453E+00    0.123E+01    0.795E-01    0.127E+00    0.397E-01    0.397E-01    0.000E+00    0.000E+00    0.000E+00    0.000E+00
     1.300     0.131    0.690E+00    0.453E+00    0.122E+01    0.789E-01    0.127E+00    0.395E-01    0.395E-01    0.000E+00    0.000E+00    0.000E+00    0.000E+00
     1.300     0.132    0.691E+00    0.453E+00    0.120E+01    0.783E-01    0.126E+00    0.392E-01    0.392E-01    0.000E+00    0.000E+00    0.000E+00    0.000E+00
     1.300     0.133    0.692E+00    0.453E+00    0.119E+01    0.778E-01    0.126E+00    0.390E-01    0.390E-01    0.000E+00    0.000E+00    0.000E+00    0.000E+00
     1.300     0.134    0.694E+00    0.452E+00    0.118E+01    0.772E-01    0.125E+00    0.388E-01    0.388E-01    0.000E+00    0.000E+00    0.000E+00    0.000E+00
     1.300     0.135    0.695E+00    0.452E+00    0.117E+01    0.766E-01    0.124E+00    0.386E-01    0.386E-01    0.000E+00    0.000E+00    0.000E+00    0.000E+00
     1.300     0.136    0.696E+00    0.452E+00    0.116E+01    0.760E-01    0.124E+00    0.384E-01    0.384E-01    0.000E+00    0.000E+00    0.000E+00    0.000E+00
     1.300     0.137    0.698E+00    0.452E+00    0.115E+01    0.755E-01    0.123E+00    0.382E-01    0.382E-01    0.000E+00    0.000E+00    0.000E+00    0.000E+00
     1.300     0.138    0.699E+00    0.451E+00    0.114E+01    0.749E-01    0.123E+00    0.380E-01    0.380E-01    0.000E+00    0.000E+00    0.000E+00    0.000E+00
     1.300     0.139    0.700E+00    0.451E+00    0.113E+01    0.744E-01    0.122E+00    0.378E-01    0.378E-01    0.000E+00    0.000E+00    0.000E+00    0.000E+00
     1.300     0.140    0.702E+00    0.451E+00    0.112E+01    0.738E-01    0.121E+00    0.375E-01    0.375E-01    0.000E+00    0.000E+00    0.000E+00    0.000E+00
     1.300     0.141    0.703E+00    0.450E+00    0.111E+01    0.733E-01    0.121E+00    0.373E-01    0.373E-01    0.000E+00    0.000E+00    0.000E+00    0.000E+00
     1.300     0.142    0.704E+00    0.450E+00    0.110E+01    0.728E-01    0.120E+00    0.371E-01    0.371E-01    0.000E+00    0.000E+00    0.000E+00    0.000E+00
     1.300     0.143    0.705E+00    0.450E+00    0.109E+01    0.722E-01    0.119E+00    0.369E-01    0.369E-01    0.000E+00    0.000E+00    0.000E+00    0.000E+00
     1.300     0.144    0.706E+00    0.449E+00    0.108E+01    0.717E-01    0.119E+00    0.367E-01    0.367E-01    0.000E+00    0.000E+00    0.000E+00    0.000E+00
     1.300     0.145    0.708E+00    0.449E+00    0.107E+01    0.712E-01    0.118E+00    0.365E-01    0.365E-01    0.000E+00    0.000E+00    0.000E+00    0.000E+00
     1.300     0.146    0.709E+00    0.448E+00    0.106E+01    0.707E-01    0.118E+00    0.363E-01    0.363E-01    0.000E+00    0.000E+00    0.000E+00    0.000E+00
     1.300     0.147    0.710E+00    0.448E+00    0.105E+01    0.702E-01    0.117E+00    0.360E-01    0.360E-01    0.000E+00    0.000E+00    0.000E+00    0.000E+00
     1.300     0.148    0.711E+00    0.448E+00    0.104E+01    0.697E-01    0.116E+00    0.358E-01    0.358E-01    0.000E+00    0.000E+00    0.000E+00    0.000E+00
     1.300     0.149    0.712E+00    0.447E+00    0.103E+01    0.692E-01    0.116E+00    0.356E-01    0.356E-01    0.000E+00    0.000E+00    0.000E+00    0.000E+00
     1.300     0.150    0.713E+00    0.447E+00    0.102E+01    0.687E-01    0.115E+00    0.354E-01    0.354E-01    0.000E+00    0.000E+00    0.000E+00    0.000E+00
     1.300     0.151    0.714E+00    0.446E+00    0.102E+01    0.682E-01    0.114E+00    0.352E-01    0.352E-01    0.000E+00    0.000E+00    0.000E+00    0.000E+00
     1.300     0.152    0.715E+00    0.446E+00    0.101E+01    0.677E-01    0.114E+00    0.350E-01    0.350E-01    0.000E+00    0.000E+00    0.000E+00    0.000E+00
     1.300     0.153    0.716E+00    0.446E+00    0.998E+00    0.673E-01    0.113E+00    0.348E-01    0.348E-01    0.000E+00    0.000E+00    0.000E+00    0.000E+00
     1.300     0.154    0.718E+00    0.445E+00    0.989E+00    0.668E-01    0.112E+00    0.346E-01    0.346E-01    0.000E+00    0.000E+00    0.000E+00    0.000E+00
     1.300     0.155    0.719E+00    0.445E+00    0.980E+00    0.663E-01    0.112E+00    0.343E-01    0.343E-01    0.000E+00    0.000E+00    0.000E+00    0.000E+00
     1.300     0.156    0.720E+00    0.444E+00    0.971E+00    0.659E-01    0.111E+00    0.341E-01    0.341E-01    0.000E+00    0.000E+00    0.000E+00    0.000E+00
     1.300     0.157    0.721E+00    0.444E+00    0.962E+00    0.654E-01    0.110E+00    0.339E-01    0.339E-01    0.000E+00    0.000E+00    0.000E+00    0.000E+00
     1.300     0.158    0.721E+00    0.443E+00    0.954E+00    0.650E-01    0.110E+00    0.337E-01    0.337E-01    0.000E+00    0.000E+00    0.000E+00    0.000E+00
     1.300     0.159    0.722E+00    0.443E+00    0.945E+00    0.645E-01    0.109E+00    0.335E-01    0.335E-01    0.000E+00    0.000E+00    0.000E+00    0.000E+00
     1.300     0.160    0.723E+00    0.442E+00    0.937E+00    0.641E-01    0.108E+00    0.333E-01    0.333E-01    0.000E+00    0.000E+00    0.000E+00    0.000E+00
     1.300     0.161    0.724E+00    0.442E+00    0.928E+00    0.636E-01    0.108E+00    0.331E-01    0.331E-01    0.000E+00    0.000E+00    0.000E+00    0.000E+00
     1.300     0.162    0.725E+00    0.441E+00    0.920E+00    0.632E-01    0.107E+00    0.329E-01    0.329E-01    0.000E+00    0.000E+00    0.000E+00    0.000E+00
     1.300     0.163    0.726E+00    0.441E+00    0.912E+00    0.628E-01    0.106E+00    0.327E-01    0.327E-01    0.000E+00    0.000E+00    0.000E+00    0.000E+00
     1.300     0.164    0.727E+00    0.440E+00    0.904E+00    0.624E-01    0.105E+00    0.325E-01    0.325E-01    0.000E+00    0.000E+00    0.000E+00    0.000E+00
     1.300     0.165    0.728E+00    0.440E+00    0.896E+00    0.619E-01    0.105E+00    0.323E-01    0.323E-01    0.000E+00    0.000E+00    0.000E+00    0.000E+00
     1.300     0.166    0.729E+00    0.439E+00    0.888E+00    0.615E-01    0.104E+00    0.320E-01    0.320E-01    0.000E+00    0.000E+00    0.000E+00    0.000E+00
     1.300     0.167    0.730E+00    0.439E+00    0.880E+00    0.611E-01    0.103E+00    0.318E-01    0.318E-01    0.000E+00    0.000E+00    0.000E+00    0.000E+00
     1.300     0.168    0.730E+00    0.438E+00    0.872E+00    0.607E-01    0.103E+00    0.316E-01    0.316E-01    0.000E+00    0.000E+00    0.000E+00    0.000E+00
     1.300     0.169    0.731E+00    0.438E+00    0.865E+00    0.603E-01    0.102E+00    0.314E-01    0.314E-01    0.000E+00    0.000E+00    0.000E+00    0.000E+00
     1.300     0.170    0.732E+00    0.437E+00    0.857E+00    0.599E-01    0.101E+00    0.312E-01    0.312E-01    0.000E+00    0.000E+00    0.000E+00    0.000E+00
     1.300     0.171    0.733E+00    0.436E+00    0.849E+00    0.595E-01    0.101E+00    0.310E-01    0.310E-01    0.000E+00    0.000E+00    0.000E+00    0.000E+00
     1.300     0.172    0.734E+00    0.436E+00    0.842E+00    0.591E-01    0.100E+00    0.308E-01    0.308E-01    0.000E+00    0.000E+00    0.000E+00    0.000E+00
     1.300     0.173    0.734E+00    0.435E+00    0.834E+00    0.587E-01    0.993E-01    0.306E-01    0.306E-01    0.000E+00    0.000E+00    0.000E+00    0.000E+00
     1.300     0.174    0.735E+00    0.435E+00    0.827E+00    0.583E-01    0.986E-01    0.304E-01    0.304E-01    0.000E+00    0.000E+00    0.000E+00    0.000E+00
     1.300     0.175    0.736E+00    0.434E+00    0.820E+00    0.580E-01    0.979E-01    0.302E-01    0.302E-01    0.000E+00    0.000E+00    0.000E+00    0.000E+00
     1.300     0.176    0.736E+00    0.434E+00    0.813E+00    0.576E-01    0.972E-01    0.300E-01    0.300E-01    0.000E+00    0.000E+00    0.000E+00    0.000E+00
     1.300     0.177    0.737E+00    0.433E+00    0.805E+00    0.572E-01    0.965E-01    0.298E-01    0.298E-01    0.000E+00    0.000E+00    0.000E+00    0.000E+00
     1.300     0.178    0.738E+00    0.432E+00    0.798E+00    0.568E-01    0.958E-01    0.296E-01    0.296E-01    0.000E+00    0.000E+00    0.000E+00    0.000E+00
     1.300     0.179    0.738E+00    0.432E+00    0.791E+00    0.565E-01    0.951E-01    0.294E-01    0.294E-01    0.000E+00    0.000E+00    0.000E+00    0.000E+00
     1.300     0.180    0.739E+00    0.431E+00    0.785E+00    0.561E-01    0.944E-01    0.292E-01    0.292E-01    0.000E+00    0.000E+00    0.000E+00    0.000E+00
     1.300     0.181    0.740E+00    0.431E+00    0.778E+00    0.557E-01    0.937E-01    0.290E-01    0.290E-01    0.000E+00    0.000E+00    0.000E+00    0.000E+00
     1.300     0.182    0.740E+00    0.430E+00    0.771E+00    0.554E-01    0.930E-01    0.288E-01    0.288E-01    0.000E+00    0.000E+00    0.000E+00    0.000E+00
     1.300     0.183    0.741E+00    0.429E+00    0.764E+00    0.550E-01    0.924E-01    0.286E-01    0.286E-01    0.000E+00    0.000E+00    0.000E+00    0.000E+00
     1.300     0.184    0.741E+00    0.429E+00    0.758E+00    0.547E-01    0.917E-01    0.284E-01    0.284E-01    0.000E+00    0.000E+00    0.000E+00    0.000E+00
     1.300     0.185    0.742E+00    0.428E+00    0.751E+00    0.543E-01    0.910E-01    0.282E-01    0.282E-01    0.000E+00    0.000E+00    0.000E+00    0.000E+00
     1.300     0.186    0.742E+00    0.427E+00    0.745E+00    0.540E-01    0.903E-01    0.280E-01    0.280E-01    0.000E+00    0.000E+00    0.000E+00    0.000E+00
     1.300     0.187    0.743E+00    0.427E+00    0.738E+00    0.536E-01    0.896E-01    0.278E-01    0.278E-01    0.000E+00    0.000E+00    0.000E+00    0.000E+00
     1.300     0.188    0.743E+00    0.426E+00    0.732E+00    0.533E-01    0.889E-01    0.276E-01    0.276E-01    0.000E+00    0.000E+00    0.000E+00    0.000E+00
     1.300     0.189    0.744E+00    0.426E+00    0.726E+00    0.530E-01    0.883E-01    0.274E-01    0.274E-01    0.000E+00    0.000E+00    0.000E+00    0.000E+00
     1.300     0.190    0.744E+00    0.425E+00    0.719E+00    0.526E-01    0.876E-01    0.272E-01    0.272E-01    0.000E+00    0.000E+00    0.000E+00    0.000E+00
     1.300     0.191    0.745E+00    0.424E+00    0.713E+00    0.523E-01    0.869E-01    0.270E-01    0.270E-01    0.000E+00    0.000E+00    0.000E+00    0.000E+00
     1.300     0.192    0.745E+00    0.424E+00    0.707E+00    0.520E-01    0.862E-01    0.268E-01    0.268E-01    0.000E+00    0.000E+00    0.000E+00    0.000E+00
     1.300     0.193    0.746E+00    0.423E+00    0.701E+00    0.516E-01    0.855E-01    0.266E-01    0.266E-01    0.000E+00    0.000E+00    0.000E+00    0.000E+00
     1.300     0.194    0.746E+00    0.422E+00    0.695E+00    0.513E-01    0.849E-01    0.265E-01    0.265E-01    0.000E+00    0.000E+00    0.000E+00    0.000E+00
     1.300     0.195    0.747E+00    0.422E+00    0.689E+00    0.510E-01    0.842E-01    0.263E-01    0.263E-01    0.000E+00    0.000E+00    0.000E+00    0.000E+00
     1.300     0.196    0.747E+00    0.421E+00    0.684E+00    0.507E-01    0.835E-01    0.261E-01    0.261E-01    0.000E+00    0.000E+00    0.000E+00    0.000E+00
     1.300     0.197    0.747E+00    0.420E+00    0.678E+00    0.504E-01    0.828E-01    0.259E-01    0.259E-01    0.000E+00    0.000E+00    0.000E+00    0.000E+00
     1.300     0.198    0.748E+00    0.420E+00    0.672E+00    0.500E-01    0.822E-01    0.257E-01    0.257E-01    0.000E+00    0.000E+00    0.000E+00    0.000E+00
     1.300     0.199    0.748E+00    0.419E+00    0.667E+00    0.497E-01    0.815E-01    0.255E-01    0.255E-01    0.000E+00    0.000E+00    0.000E+00    0.000E+00
     1.300     0.200    0.748E+00    0.418E+00    0.661E+00    0.494E-01    0.808E-01    0.253E-01    0.253E-01    0.000E+00    0.000E+00    0.000E+00    0.000E+00
     1.300     0.201    0.749E+00    0.418E+00    0.656E+00    0.491E-01    0.802E-01    0.251E-01    0.251E-01    0.000E+00    0.000E+00    0.000E+00    0.000E+00
     1.300     0.202    0.749E+00    0.417E+00    0.650E+00    0.488E-01    0.795E-01    0.249E-01    0.249E-01    0.000E+00    0.000E+00    0.000E+00    0.000E+00
     1.300     0.203    0.749E+00    0.416E+00    0.645E+00    0.485E-01    0.789E-01    0.248E-01    0.248E-01    0.000E+00    0.000E+00    0.000E+00    0.000E+00
     1.300     0.204    0.750E+00    0.416E+00    0.639E+00    0.482E-01    0.782E-01    0.246E-01    0.246E-01    0.000E+00    0.000E+00    0.000E+00    0.000E+00
     1.300     0.205    0.750E+00    0.415E+00    0.634E+00    0.479E-01    0.776E-01    0.244E-01    0.244E-01    0.000E+00    0.000E+00    0.000E+00    0.000E+00
     1.300     0.206    0.750E+00    0.414E+00    0.629E+00    0.476E-01    0.769E-01    0.242E-01    0.242E-01    0.000E+00    0.000E+00    0.000E+00    0.000E+00
     1.300     0.207    0.750E+00    0.413E+00    0.624E+00    0.473E-01    0.763E-01    0.240E-01    0.240E-01    0.000E+00    0.000E+00    0.000E+00    0.000E+00
     1.300     0.208    0.750E+00    0.413E+00    0.619E+00    0.470E-01    0.756E-01    0.239E-01    0.239E-01    0.000E+00    0.000E+00    0.000E+00    0.000E+00
     1.300     0.209    0.751E+00    0.412E+00    0.614E+00    0.467E-01    0.750E-01    0.237E-01    0.237E-01    0.000E+00    0.000E+00    0.000E+00    0.000E+00
     1.300     0.210    0.751E+00    0.411E+00    0.609E+00    0.464E-01    0.743E-01    0.235E-01    0.235E-01    0.000E+00    0.000E+00    0.000E+00    0.000E+00
     1.300     0.211    0.751E+00    0.411E+00    0.604E+00    0.461E-01    0.737E-01    0.233E-01    0.233E-01    0.000E+00    0.000E+00    0.000E+00    0.000E+00
     1.300     0.212    0.751E+00    0.410E+00    0.599E+00    0.458E-01    0.731E-01    0.231E-01    0.231E-01    0.000E+00    0.000E+00    0.000E+00    0.000E+00
     1.300     0.213    0.751E+00    0.409E+00    0.594E+00    0.455E-01    0.724E-01    0.230E-01    0.230E-01    0.000E+00    0.000E+00    0.000E+00    0.000E+00
     1.300     0.214    0.751E+00    0.408E+00    0.589E+00    0.453E-01    0.718E-01    0.228E-01    0.228E-01    0.000E+00    0.000E+00    0.000E+00    0.000E+00
     1.300     0.215    0.751E+00    0.408E+00    0.584E+00    0.450E-01    0.712E-01    0.226E-01    0.226E-01    0.000E+00    0.000E+00    0.000E+00    0.000E+00
     1.300     0.216    0.752E+00    0.407E+00    0.580E+00    0.447E-01    0.706E-01    0.224E-01    0.224E-01    0.000E+00    0.000E+00    0.000E+00    0.000E+00
     1.300     0.217    0.752E+00    0.406E+00    0.575E+00    0.444E-01    0.699E-01    0.223E-01    0.223E-01    0.000E+00    0.000E+00    0.000E+00    0.000E+00
     1.300     0.218    0.752E+00    0.406E+00    0.571E+00    0.441E-01    0.693E-01    0.221E-01    0.221E-01    0.000E+00    0.000E+00    0.000E+00    0.000E+00
     1.300     0.219    0.752E+00    0.405E+00    0.566E+00    0.439E-01    0.687E-01    0.219E-01    0.219E-01    0.000E+00    0.000E+00    0.000E+00    0.000E+00
     1.300     0.220    0.752E+00    0.404E+00    0.562E+00    0.436E-01    0.681E-01    0.217E-01    0.217E-01    0.000E+00    0.000E+00    0.000E+00    0.000E+00
     1.300     0.221    0.752E+00    0.403E+00    0.557E+00    0.433E-01    0.675E-01    0.216E-01    0.216E-01    0.000E+00    0.000E+00    0.000E+00    0.000E+00
     1.300     0.222    0.752E+00    0.403E+00    0.553E+00    0.430E-01    0.669E-01    0.214E-01    0.214E-01    0.000E+00    0.000E+00    0.000E+00    0.000E+00
     1.300     0.223    0.752E+00    0.402E+00    0.549E+00    0.428E-01    0.663E-01    0.212E-01    0.212E-01    0.000E+00    0.000E+00    0.000E+00    0.000E+00
     1.300     0.224    0.752E+00    0.401E+00    0.544E+00    0.425E-01    0.657E-01    0.211E-01    0.211E-01    0.000E+00    0.000E+00    0.000E+00    0.000E+00
     1.300     0.225    0.752E+00    0.400E+00    0.540E+00    0.422E-01    0.651E-01    0.209E-01    0.209E-01    0.000E+00    0.000E+00    0.000E+00    0.000E+00
     1.300     0.226    0.752E+00    0.400E+00    0.536E+00    0.420E-01    0.645E-01    0.207E-01    0.207E-01    0.000E+00    0.000E+00    0.000E+00    0.000E+00
     1.300     0.227    0.752E+00    0.399E+00    0.532E+00    0.417E-01    0.639E-01    0.206E-01    0.206E-01    0.000E+00    0.000E+00    0.000E+00    0.000E+00
     1.300     0.228    0.751E+00    0.398E+00    0.528E+00    0.414E-01    0.633E-01    0.204E-01    0.204E-01    0.000E+00    0.000E+00    0.000E+00    0.000E+00
     1.300     0.229    0.751E+00    0.397E+00    0.524E+00    0.412E-01    0.627E-01    0.202E-01    0.202E-01    0.000E+00    0.000E+00    0.000E+00    0.000E+00
     1.300     0.230    0.751E+00    0.397E+00    0.520E+00    0.409E-01    0.621E-01    0.201E-01    0.201E-01    0.000E+00    0.000E+00    0.000E+00    0.000E+00
     1.300     0.231    0.751E+00    0.396E+00    0.516E+00    0.407E-01    0.616E-01    0.199E-01    0.199E-01    0.000E+00    0.000E+00    0.000E+00    0.000E+00
     1.300     0.232    0.751E+00    0.395E+00    0.512E+00    0.404E-01    0.610E-01    0.198E-01    0.198E-01    0.000E+00    0.000E+00    0.000E+00    0.000E+00
     1.300     0.233    0.751E+00    0.394E+00    0.508E+00    0.401E-01    0.604E-01    0.196E-01    0.196E-01    0.000E+00    0.000E+00    0.000E+00    0.000E+00
     1.300     0.234    0.751E+00    0.393E+00    0.504E+00    0.399E-01    0.598E-01    0.194E-01    0.194E-01    0.000E+00    0.000E+00    0.000E+00    0.000E+00
     1.300     0.235    0.750E+00    0.393E+00    0.501E+00    0.396E-01    0.593E-01    0.193E-01    0.193E-01    0.000E+00    0.000E+00    0.000E+00    0.000E+00
     1.300     0.236    0.750E+00    0.392E+00    0.497E+00    0.394E-01    0.587E-01    0.191E-01    0.191E-01    0.000E+00    0.000E+00    0.000E+00    0.000E+00
     1.300     0.237    0.750E+00    0.391E+00    0.493E+00    0.391E-01    0.582E-01    0.190E-01    0.190E-01    0.000E+00    0.000E+00    0.000E+00    0.000E+00
     1.300     0.238    0.750E+00    0.390E+00    0.490E+00    0.389E-01    0.576E-01    0.188E-01    0.188E-01    0.000E+00    0.000E+00    0.000E+00    0.000E+00
     1.300     0.239    0.750E+00    0.390E+00    0.486E+00    0.386E-01    0.571E-01    0.186E-01    0.186E-01    0.000E+00    0.000E+00    0.000E+00    0.000E+00
     1.300     0.240    0.749E+00    0.389E+00    0.482E+00    0.384E-01    0.565E-01    0.185E-01    0.185E-01    0.000E+00    0.000E+00    0.000E+00    0.000E+00
     1.300     0.241    0.749E+00    0.388E+00    0.479E+00    0.381E-01    0.560E-01    0.183E-01    0.183E-01    0.000E+00    0.000E+00    0.000E+00    0.000E+00
     1.300     0.242    0.749E+00    0.387E+00    0.475E+00    0.379E-01    0.554E-01    0.182E-01    0.182E-01    0.000E+00    0.000E+00    0.000E+00    0.000E+00
     1.300     0.243    0.748E+00    0.386E+00    0.472E+00    0.376E-01    0.549E-01    0.180E-01    0.180E-01    0.000E+00    0.000E+00    0.000E+00    0.000E+00
     1.300     0.244    0.748E+00    0.385E+00    0.468E+00    0.374E-01    0.544E-01    0.179E-01    0.179E-01    0.000E+00    0.000E+00    0.000E+00    0.000E+00
     1.300     0.245    0.748E+00    0.385E+00    0.465E+00    0.371E-01    0.538E-01    0.177E-01    0.177E-01    0.000E+00    0.000E+00    0.000E+00    0.000E+00
     1.300     0.246    0.747E+00    0.384E+00    0.462E+00    0.369E-01    0.533E-01    0.176E-01    0.176E-01    0.000E+00    0.000E+00    0.000E+00    0.000E+00
     1.300     0.247    0.747E+00    0.383E+00    0.459E+00    0.366E-01    0.528E-01    0.174E-01    0.174E-01    0.000E+00    0.000E+00    0.000E+00    0.000E+00
     1.300     0.248    0.747E+00    0.382E+00    0.455E+00    0.364E-01    0.523E-01    0.173E-01    0.173E-01    0.000E+00    0.000E+00    0.000E+00    0.000E+00
     1.300     0.249    0.746E+00    0.381E+00    0.452E+00    0.361E-01    0.518E-01    0.171E-01    0.171E-01    0.000E+00    0.000E+00    0.000E+00    0.000E+00
     1.300     0.250    0.746E+00    0.381E+00    0.449E+00    0.359E-01    0.513E-01    0.170E-01    0.170E-01    0.000E+00    0.000E+00    0.000E+00    0.000E+00
     1.300     0.251    0.746E+00    0.380E+00    0.446E+00    0.357E-01    0.507E-01    0.169E-01    0.169E-01    0.000E+00    0.000E+00    0.000E+00    0.000E+00
     1.300     0.252    0.745E+00    0.379E+00    0.443E+00    0.354E-01    0.502E-01    0.167E-01    0.167E-01    0.000E+00    0.000E+00    0.000E+00    0.000E+00
     1.300     0.253    0.745E+00    0.378E+00    0.440E+00    0.352E-01    0.497E-01    0.166E-01    0.166E-01    0.000E+00    0.000E+00    0.000E+00    0.000E+00
     1.300     0.254    0.744E+00    0.377E+00    0.436E+00    0.350E-01    0.493E-01    0.164E-01    0.164E-01    0.000E+00    0.000E+00    0.000E+00    0.000E+00
     1.300     0.255    0.744E+00    0.376E+00    0.433E+00    0.347E-01    0.488E-01    0.163E-01    0.163E-01    0.000E+00    0.000E+00    0.000E+00    0.000E+00
     1.300     0.256    0.743E+00    0.376E+00    0.430E+00    0.345E-01    0.483E-01    0.161E-01    0.161E-01    0.000E+00    0.000E+00    0.000E+00    0.000E+00
     1.300     0.257    0.743E+00    0.375E+00    0.428E+00    0.342E-01    0.478E-01    0.160E-01    0.160E-01    0.000E+00    0.000E+00    0.000E+00    0.000E+00
     1.300     0.258    0.742E+00    0.374E+00    0.425E+00    0.340E-01    0.473E-01    0.159E-01    0.159E-01    0.000E+00    0.000E+00    0.000E+00    0.000E+00
     1.300     0.259    0.742E+00    0.373E+00    0.422E+00    0.338E-01    0.468E-01    0.157E-01    0.157E-01    0.000E+00    0.000E+00    0.000E+00    0.000E+00
     1.300     0.260    0.741E+00    0.372E+00    0.419E+00    0.335E-01    0.464E-01    0.156E-01    0.156E-01    0.000E+00    0.000E+00    0.000E+00    0.000E+00
     1.300     0.261    0.741E+00    0.371E+00    0.416E+00    0.333E-01    0.459E-01    0.154E-01    0.154E-01    0.000E+00    0.000E+00    0.000E+00    0.000E+00
     1.300     0.262    0.740E+00    0.370E+00    0.413E+00    0.331E-01    0.454E-01    0.153E-01    0.153E-01    0.000E+00    0.000E+00    0.000E+00    0.000E+00
     1.300     0.263    0.740E+00    0.370E+00    0.410E+00    0.328E-01    0.450E-01    0.152E-01    0.152E-01    0.000E+00    0.000E+00    0.000E+00    0.000E+00
     1.300     0.264    0.739E+00    0.369E+00    0.408E+00    0.326E-01    0.445E-01    0.150E-01    0.150E-01    0.000E+00    0.000E+00    0.000E+00    0.000E+00
     1.300     0.265    0.739E+00    0.368E+00    0.405E+00    0.324E-01    0.440E-01    0.149E-01    0.149E-01    0.000E+00    0.000E+00    0.000E+00    0.000E+00
     1.300     0.266    0.738E+00    0.367E+00    0.402E+00    0.322E-01    0.436E-01    0.148E-01    0.148E-01    0.000E+00    0.000E+00    0.000E+00    0.000E+00
     1.300     0.267    0.737E+00    0.366E+00    0.400E+00    0.319E-01    0.431E-01    0.146E-01    0.146E-01    0.000E+00    0.000E+00    0.000E+00    0.000E+00
     1.300     0.268    0.737E+00    0.365E+00    0.397E+00    0.317E-01    0.427E-01    0.145E-01    0.145E-01    0.000E+00    0.000E+00    0.000E+00    0.000E+00
     1.300     0.269    0.736E+00    0.364E+00    0.394E+00    0.315E-01    0.423E-01    0.144E-01    0.144E-01    0.000E+00    0.000E+00    0.000E+00    0.000E+00
     1.300     0.270    0.735E+00    0.363E+00    0.392E+00    0.313E-01    0.418E-01    0.143E-01    0.143E-01    0.000E+00    0.000E+00    0.000E+00    0.000E+00
     1.300     0.271    0.735E+00    0.363E+00    0.389E+00    0.310E-01    0.414E-01    0.141E-01    0.141E-01    0.000E+00    0.000E+00    0.000E+00    0.000E+00
     1.300     0.272    0.734E+00    0.362E+00    0.387E+00    0.308E-01    0.410E-01    0.140E-01    0.140E-01    0.000E+00    0.000E+00    0.000E+00    0.000E+00
     1.300     0.273    0.733E+00    0.361E+00    0.384E+00    0.306E-01    0.405E-01    0.139E-01    0.139E-01    0.000E+00    0.000E+00    0.000E+00    0.000E+00
     1.300     0.274    0.733E+00    0.360E+00    0.382E+00    0.304E-01    0.401E-01    0.137E-01    0.137E-01    0.000E+00    0.000E+00    0.000E+00    0.000E+00
     1.300     0.275    0.732E+00    0.359E+00    0.379E+00    0.301E-01    0.397E-01    0.136E-01    0.136E-01    0.000E+00    0.000E+00    0.000E+00    0.000E+00
     1.300     0.276    0.731E+00    0.358E+00    0.377E+00    0.299E-01    0.393E-01    0.135E-01    0.135E-01    0.000E+00    0.000E+00    0.000E+00    0.000E+00
     1.300     0.277    0.731E+00    0.357E+00    0.375E+00    0.297E-01    0.389E-01    0.134E-01    0.134E-01    0.000E+00    0.000E+00    0.000E+00    0.000E+00
     1.300     0.278    0.730E+00    0.356E+00    0.372E+00    0.295E-01    0.385E-01    0.133E-01    0.133E-01    0.000E+00    0.000E+00    0.000E+00    0.000E+00
     1.300     0.279    0.729E+00    0.355E+00    0.370E+00    0.293E-01    0.380E-01    0.131E-01    0.131E-01    0.000E+00    0.000E+00    0.000E+00    0.000E+00
     1.300     0.280    0.728E+00    0.354E+00    0.368E+00    0.290E-01    0.376E-01    0.130E-01    0.130E-01    0.000E+00    0.000E+00    0.000E+00    0.000E+00
     1.300     0.281    0.728E+00    0.354E+00    0.365E+00    0.288E-01    0.372E-01    0.129E-01    0.129E-01    0.000E+00    0.000E+00    0.000E+00    0.000E+00
     1.300     0.282    0.727E+00    0.353E+00    0.363E+00    0.286E-01    0.369E-01    0.128E-01    0.128E-01    0.000E+00    0.000E+00    0.000E+00    0.000E+00
     1.300     0.283    0.726E+00    0.352E+00    0.361E+00    0.284E-01    0.365E-01    0.127E-01    0.127E-01    0.000E+00    0.000E+00    0.000E+00    0.000E+00
     1.300     0.284    0.725E+00    0.351E+00    0.358E+00    0.282E-01    0.361E-01    0.125E-01    0.125E-01    0.000E+00    0.000E+00    0.000E+00    0.000E+00
     1.300     0.285    0.724E+00    0.350E+00    0.356E+00    0.280E-01    0.357E-01    0.124E-01    0.124E-01    0.000E+00    0.000E+00    0.000E+00    0.000E+00
     1.300     0.286    0.724E+00    0.349E+00    0.354E+00    0.277E-01    0.353E-01    0.123E-01    0.123E-01    0.000E+00    0.000E+00    0.000E+00    0.000E+00
     1.300     0.287    0.723E+00    0.348E+00    0.352E+00    0.275E-01    0.349E-01    0.122E-01    0.122E-01    0.000E+00    0.000E+00    0.000E+00    0.000E+00
     1.300     0.288    0.722E+00    0.347E+00    0.350E+00    0.273E-01    0.346E-01    0.121E-01    0.121E-01    0.000E+00    0.000E+00    0.000E+00    0.000E+00
     1.300     0.289    0.721E+00    0.346E+00    0.348E+00    0.271E-01    0.342E-01    0.120E-01    0.120E-01    0.000E+00    0.000E+00    0.000E+00    0.000E+00
     1.300     0.290    0.720E+00    0.345E+00    0.345E+00    0.269E-01    0.338E-01    0.118E-01    0.118E-01    0.000E+00    0.000E+00    0.000E+00    0.000E+00
     1.300     0.291    0.719E+00    0.344E+00    0.343E+00    0.267E-01    0.335E-01    0.117E-01    0.117E-01    0.000E+00    0.000E+00    0.000E+00    0.000E+00
     1.300     0.292    0.718E+00    0.343E+00    0.341E+00    0.265E-01    0.331E-01    0.116E-01    0.116E-01    0.000E+00    0.000E+00    0.000E+00    0.000E+00
     1.300     0.293    0.717E+00    0.342E+00    0.339E+00    0.263E-01    0.327E-01    0.115E-01    0.115E-01    0.000E+00    0.000E+00    0.000E+00    0.000E+00
     1.300     0.294    0.716E+00    0.341E+00    0.337E+00    0.261E-01    0.324E-01    0.114E-01    0.114E-01    0.000E+00    0.000E+00    0.000E+00    0.000E+00
     1.300     0.295    0.716E+00    0.340E+00    0.335E+00    0.258E-01    0.320E-01    0.113E-01    0.113E-01    0.000E+00    0.000E+00    0.000E+00    0.000E+00
     1.300     0.296    0.715E+00    0.339E+00    0.333E+00    0.256E-01    0.317E-01    0.112E-01    0.112E-01    0.000E+00    0.000E+00    0.000E+00    0.000E+00
     1.300     0.297    0.714E+00    0.338E+00    0.331E+00    0.254E-01    0.313E-01    0.111E-01    0.111E-01    0.000E+00    0.000E+00    0.000E+00    0.000E+00
     1.300     0.298    0.713E+00    0.338E+00    0.329E+00    0.252E-01    0.310E-01    0.110E-01    0.110E-01    0.000E+00    0.000E+00    0.000E+00    0.000E+00
     1.300     0.299    0.712E+00    0.337E+00    0.327E+00    0.250E-01    0.307E-01    0.109E-01    0.109E-01    0.000E+00    0.000E+00    0.000E+00    0.000E+00
     1.300     0.300    0.711E+00    0.336E+00    0.325E+00    0.248E-01    0.303E-01    0.108E-01    0.108E-01    0.000E+00    0.000E+00    0.000E+00    0.000E+00
     1.300     0.301    0.710E+00    0.335E+00    0.323E+00    0.246E-01    0.300E-01    0.107E-01    0.107E-01    0.000E+00    0.000E+00    0.000E+00    0.000E+00
     1.300     0.302    0.709E+00    0.334E+00    0.322E+00    0.244E-01    0.297E-01    0.106E-01    0.106E-01    0.000E+00    0.000E+00    0.000E+00    0.000E+00
     1.300     0.303    0.708E+00    0.333E+00    0.320E+00    0.242E-01    0.294E-01    0.105E-01    0.105E-01    0.000E+00    0.000E+00    0.000E+00    0.000E+00
     1.300     0.304    0.707E+00    0.332E+00    0.318E+00    0.240E-01    0.290E-01    0.104E-01    0.104E-01    0.000E+00    0.000E+00    0.000E+00    0.000E+00
     1.300     0.305    0.706E+00    0.331E+00    0.316E+00    0.238E-01    0.287E-01    0.103E-01    0.103E-01    0.000E+00    0.000E+00    0.000E+00    0.000E+00
     1.300     0.306    0.705E+00    0.330E+00    0.314E+00    0.236E-01    0.284E-01    0.102E-01    0.102E-01    0.000E+00    0.000E+00    0.000E+00    0.000E+00
     1.300     0.307    0.704E+00    0.329E+00    0.312E+00    0.234E-01    0.281E-01    0.101E-01    0.101E-01    0.000E+00    0.000E+00    0.000E+00    0.000E+00
     1.300     0.308    0.703E+00    0.328E+00    0.311E+00    0.232E-01    0.278E-01    0.995E-02    0.995E-02    0.000E+00    0.000E+00    0.000E+00    0.000E+00
     1.300     0.309    0.701E+00    0.327E+00    0.309E+00    0.230E-01    0.275E-01    0.986E-02    0.986E-02    0.000E+00    0.000E+00    0.000E+00    0.000E+00
     1.300     0.310    0.700E+00    0.326E+00    0.307E+00    0.228E-01    0.272E-01    0.976E-02    0.976E-02    0.000E+00    0.000E+00    0.000E+00    0.000E+00
     1.300     0.311    0.699E+00    0.325E+00    0.305E+00    0.226E-01    0.269E-01    0.966E-02    0.966E-02    0.000E+00    0.000E+00    0.000E+00    0.000E+00
     1.300     0.312    0.698E+00    0.324E+00    0.304E+00    0.224E-01    0.266E-01    0.957E-02    0.957E-02    0.000E+00    0.000E+00    0.000E+00    0.000E+00
     1.300     0.313    0.697E+00    0.323E+00    0.302E+00    0.223E-01    0.263E-01    0.947E-02    0.947E-02    0.000E+00    0.000E+00    0.000E+00    0.000E+00
     1.300     0.314    0.696E+00    0.322E+00    0.300E+00    0.221E-01    0.260E-01    0.938E-02    0.938E-02    0.000E+00    0.000E+00    0.000E+00    0.000E+00
     1.300     0.315    0.695E+00    0.321E+00    0.298E+00    0.219E-01    0.257E-01    0.928E-02    0.928E-02    0.000E+00    0.000E+00    0.000E+00    0.000E+00
     1.300     0.316    0.694E+00    0.320E+00    0.297E+00    0.217E-01    0.254E-01    0.919E-02    0.919E-02    0.000E+00    0.000E+00    0.000E+00    0.000E+00
     1.300     0.317    0.693E+00    0.319E+00    0.295E+00    0.215E-01    0.251E-01    0.910E-02    0.910E-02    0.000E+00    0.000E+00    0.000E+00    0.000E+00
     1.300     0.318    0.691E+00    0.318E+00    0.293E+00    0.213E-01    0.248E-01    0.901E-02    0.901E-02    0.000E+00    0.000E+00    0.000E+00    0.000E+00
     1.300     0.319    0.690E+00    0.317E+00    0.292E+00    0.211E-01    0.246E-01    0.892E-02    0.892E-02    0.000E+00    0.000E+00    0.000E+00    0.000E+00
     1.300     0.320    0.689E+00    0.316E+00    0.290E+00    0.209E-01    0.243E-01    0.883E-02    0.883E-02    0.000E+00    0.000E+00    0.000E+00    0.000E+00
     1.300     0.321    0.688E+00    0.315E+00    0.288E+00    0.207E-01    0.240E-01    0.874E-02    0.874E-02    0.000E+00    0.000E+00    0.000E+00    0.000E+00
     1.300     0.322    0.687E+00    0.314E+00    0.287E+00    0.206E-01    0.237E-01    0.865E-02    0.865E-02    0.000E+00    0.000E+00    0.000E+00    0.000E+00
     1.300     0.323    0.686E+00    0.313E+00    0.285E+00    0.204E-01    0.235E-01    0.856E-02    0.856E-02    0.000E+00    0.000E+00    0.000E+00    0.000E+00
     1.300     0.324    0.684E+00    0.311E+00    0.284E+00    0.202E-01    0.232E-01    0.847E-02    0.847E-02    0.000E+00    0.000E+00    0.000E+00    0.000E+00
     1.300     0.325    0.683E+00    0.310E+00    0.282E+00    0.200E-01    0.230E-01    0.839E-02    0.839E-02    0.000E+00    0.000E+00    0.000E+00    0.000E+00
     1.300     0.326    0.682E+00    0.309E+00    0.281E+00    0.198E-01    0.227E-01    0.830E-02    0.830E-02    0.000E+00    0.000E+00    0.000E+00    0.000E+00
     1.300     0.327    0.681E+00    0.308E+00    0.279E+00    0.196E-01    0.224E-01    0.822E-02    0.822E-02    0.000E+00    0.000E+00    0.000E+00    0.000E+00
     1.300     0.328    0.679E+00    0.307E+00    0.277E+00    0.195E-01    0.222E-01    0.813E-02    0.813E-02    0.000E+00    0.000E+00    0.000E+00    0.000E+00
     1.300     0.329    0.678E+00    0.306E+00    0.276E+00    0.193E-01    0.219E-01    0.805E-02    0.805E-02    0.000E+00    0.000E+00    0.000E+00    0.000E+00
     1.300     0.330    0.677E+00    0.305E+00    0.274E+00    0.191E-01    0.217E-01    0.796E-02    0.796E-02    0.000E+00    0.000E+00    0.000E+00    0.000E+00
     1.300     0.331    0.676E+00    0.304E+00    0.273E+00    0.189E-01    0.214E-01    0.788E-02    0.788E-02    0.000E+00    0.000E+00    0.000E+00    0.000E+00
     1.300     0.332    0.674E+00    0.303E+00    0.271E+00    0.188E-01    0.212E-01    0.780E-02    0.780E-02    0.000E+00    0.000E+00    0.000E+00    0.000E+00
     1.300     0.333    0.673E+00    0.302E+00    0.270E+00    0.186E-01    0.210E-01    0.772E-02    0.772E-02    0.000E+00    0.000E+00    0.000E+00    0.000E+00
     1.300     0.334    0.672E+00    0.301E+00    0.268E+00    0.184E-01    0.207E-01    0.764E-02    0.764E-02    0.000E+00    0.000E+00    0.000E+00    0.000E+00
     1.300     0.335    0.671E+00    0.300E+00    0.267E+00    0.182E-01    0.205E-01    0.756E-02    0.756E-02    0.000E+00    0.000E+00    0.000E+00    0.000E+00
     1.300     0.336    0.669E+00    0.299E+00    0.265E+00    0.181E-01    0.203E-01    0.748E-02    0.748E-02    0.000E+00    0.000E+00    0.000E+00    0.000E+00
     1.300     0.337    0.668E+00    0.298E+00    0.264E+00    0.179E-01    0.200E-01    0.740E-02    0.740E-02    0.000E+00    0.000E+00    0.000E+00    0.000E+00
     1.300     0.338    0.667E+00    0.297E+00    0.263E+00    0.177E-01    0.198E-01    0.732E-02    0.732E-02    0.000E+00    0.000E+00    0.000E+00    0.000E+00
     1.300     0.339    0.665E+00    0.296E+00    0.261E+00    0.176E-01    0.196E-01    0.725E-02    0.725E-02    0.000E+00    0.000E+00    0.000E+00    0.000E+00
     1.300     0.340    0.664E+00    0.295E+00    0.260E+00    0.174E-01    0.193E-01    0.717E-02    0.717E-02    0.000E+00    0.000E+00    0.000E+00    0.000E+00
     1.300     0.341    0.663E+00    0.294E+00    0.258E+00    0.172E-01    0.191E-01    0.709E-02    0.709E-02    0.000E+00    0.000E+00    0.000E+00    0.000E+00
     1.300     0.342    0.661E+00    0.292E+00    0.257E+00    0.171E-01    0.189E-01    0.702E-02    0.702E-02    0.000E+00    0.000E+00    0.000E+00    0.000E+00
     1.300     0.343    0.660E+00    0.291E+00    0.256E+00    0.169E-01    0.187E-01    0.694E-02    0.694E-02    0.000E+00    0.000E+00    0.000E+00    0.000E+00
     1.300     0.344    0.659E+00    0.290E+00    0.254E+00    0.167E-01    0.185E-01    0.687E-02    0.687E-02    0.000E+00    0.000E+00    0.000E+00    0.000E+00
     1.300     0.345    0.657E+00    0.289E+00    0.253E+00    0.166E-01    0.183E-01    0.680E-02    0.680E-02    0.000E+00    0.000E+00    0.000E+00    0.000E+00
     1.300     0.346    0.656E+00    0.288E+00    0.251E+00    0.164E-01    0.180E-01    0.672E-02    0.672E-02    0.000E+00    0.000E+00    0.000E+00    0.000E+00
     1.300     0.347    0.654E+00    0.287E+00    0.250E+00    0.162E-01    0.178E-01    0.665E-02    0.665E-02    0.000E+00    0.000E+00    0.000E+00    0.000E+00
     1.300     0.348    0.653E+00    0.286E+00    0.249E+00    0.161E-01    0.176E-01    0.658E-02    0.658E-02    0.000E+00    0.000E+00    0.000E+00    0.000E+00
     1.300     0.349    0.652E+00    0.285E+00    0.247E+00    0.159E-01    0.174E-01    0.651E-02    0.651E-02    0.000E+00    0.000E+00    0.000E+00    0.000E+00
     1.300     0.350    0.650E+00    0.284E+00    0.246E+00    0.158E-01    0.172E-01    0.644E-02    0.644E-02    0.000E+00    0.000E+00    0.000E+00    0.000E+00
     1.300     0.351    0.649E+00    0.283E+00    0.245E+00    0.156E-01    0.170E-01    0.637E-02    0.637E-02    0.000E+00    0.000E+00    0.000E+00    0.000E+00
     1.300     0.352    0.647E+00    0.282E+00    0.243E+00    0.155E-01    0.168E-01    0.630E-02    0.630E-02    0.000E+00    0.000E+00    0.000E+00    0.000E+00
     1.300     0.353    0.646E+00    0.281E+00    0.242E+00    0.153E-01    0.166E-01    0.623E-02    0.623E-02    0.000E+00    0.000E+00    0.000E+00    0.000E+00
     1.300     0.354    0.645E+00    0.279E+00    0.241E+00    0.151E-01    0.164E-01    0.616E-02    0.616E-02    0.000E+00    0.000E+00    0.000E+00    0.000E+00
     1.300     0.355    0.643E+00    0.278E+00    0.239E+00    0.150E-01    0.162E-01    0.610E-02    0.610E-02    0.000E+00    0.000E+00    0.000E+00    0.000E+00
     1.300     0.356    0.642E+00    0.277E+00    0.238E+00    0.148E-01    0.161E-01    0.603E-02    0.603E-02    0.000E+00    0.000E+00    0.000E+00    0.000E+00
     1.300     0.357    0.640E+00    0.276E+00    0.237E+00    0.147E-01    0.159E-01    0.596E-02    0.596E-02    0.000E+00    0.000E+00    0.000E+00    0.000E+00
     1.300     0.358    0.639E+00    0.275E+00    0.236E+00    0.145E-01    0.157E-01    0.590E-02    0.590E-02    0.000E+00    0.000E+00    0.000E+00    0.000E+00
     1.300     0.359    0.637E+00    0.274E+00    0.234E+00    0.144E-01    0.155E-01    0.583E-02    0.583E-02    0.000E+00    0.000E+00    0.000E+00    0.000E+00
     1.300     0.360    0.636E+00    0.273E+00    0.233E+00    0.142E-01    0.153E-01    0.577E-02    0.577E-02    0.000E+00    0.000E+00    0.000E+00    0.000E+00
     1.300     0.361    0.634E+00    0.272E+00    0.232E+00    0.141E-01    0.151E-01    0.570E-02    0.570E-02    0.000E+00    0.000E+00    0.000E+00    0.000E+00
     1.300     0.362    0.633E+00    0.271E+00    0.230E+00    0.139E-01    0.150E-01    0.564E-02    0.564E-02    0.000E+00    0.000E+00    0.000E+00    0.000E+00
     1.300     0.363    0.631E+00    0.270E+00    0.229E+00    0.138E-01    0.148E-01    0.558E-02    0.558E-02    0.000E+00    0.000E+00    0.000E+00    0.000E+00
     1.300     0.364    0.630E+00    0.268E+00    0.228E+00    0.137E-01    0.146E-01    0.552E-02    0.552E-02    0.000E+00    0.000E+00    0.000E+00    0.000E+00
     1.300     0.365    0.629E+00    0.267E+00    0.227E+00    0.135E-01    0.144E-01    0.545E-02    0.545E-02    0.000E+00    0.000E+00    0.000E+00    0.000E+00
     1.300     0.366    0.627E+00    0.266E+00    0.226E+00    0.134E-01    0.143E-01    0.539E-02    0.539E-02    0.000E+00    0.000E+00    0.000E+00    0.000E+00
     1.300     0.367    0.626E+00    0.265E+00    0.224E+00    0.132E-01    0.141E-01    0.533E-02    0.533E-02    0.000E+00    0.000E+00    0.000E+00    0.000E+00
     1.300     0.368    0.624E+00    0.264E+00    0.223E+00    0.131E-01    0.139E-01    0.527E-02    0.527E-02    0.000E+00    0.000E+00    0.000E+00    0.000E+00
     1.300     0.369    0.622E+00    0.263E+00    0.222E+00    0.130E-01    0.138E-01    0.521E-02    0.521E-02    0.000E+00    0.000E+00    0.000E+00    0.000E+00
     1.300     0.370    0.621E+00    0.262E+00    0.221E+00    0.128E-01    0.136E-01    0.516E-02    0.516E-02    0.000E+00    0.000E+00    0.000E+00    0.000E+00
     1.300     0.371    0.619E+00    0.261E+00    0.219E+00    0.127E-01    0.134E-01    0.510E-02    0.510E-02    0.000E+00    0.000E+00    0.000E+00    0.000E+00
     1.300     0.372    0.618E+00    0.259E+00    0.218E+00    0.125E-01    0.133E-01    0.504E-02    0.504E-02    0.000E+00    0.000E+00    0.000E+00    0.000E+00
     1.300     0.373    0.616E+00    0.258E+00    0.217E+00    0.124E-01    0.131E-01    0.498E-02    0.498E-02    0.000E+00    0.000E+00    0.000E+00    0.000E+00
     1.300     0.374    0.615E+00    0.257E+00    0.216E+00    0.123E-01    0.130E-01    0.493E-02    0.493E-02    0.000E+00    0.000E+00    0.000E+00    0.000E+00
     1.300     0.375    0.613E+00    0.256E+00    0.215E+00    0.121E-01    0.128E-01    0.487E-02    0.487E-02    0.000E+00    0.000E+00    0.000E+00    0.000E+00
     1.300     0.376    0.612E+00    0.255E+00    0.213E+00    0.120E-01    0.127E-01    0.481E-02    0.481E-02    0.000E+00    0.000E+00    0.000E+00    0.000E+00
     1.300     0.377    0.610E+00    0.254E+00    0.212E+00    0.119E-01    0.125E-01    0.476E-02    0.476E-02    0.000E+00    0.000E+00    0.000E+00    0.000E+00
     1.300     0.378    0.609E+00    0.253E+00    0.211E+00    0.117E-01    0.124E-01    0.470E-02    0.470E-02    0.000E+00    0.000E+00    0.000E+00    0.000E+00
     1.300     0.379    0.607E+00    0.252E+00    0.210E+00    0.116E-01    0.122E-01    0.465E-02    0.465E-02    0.000E+00    0.000E+00    0.000E+00    0.000E+00
     1.300     0.380    0.605E+00    0.250E+00    0.209E+00    0.115E-01    0.121E-01    0.460E-02    0.460E-02    0.000E+00    0.000E+00    0.000E+00    0.000E+00
     1.300     0.381    0.604E+00    0.249E+00    0.208E+00    0.114E-01    0.119E-01    0.454E-02    0.454E-02    0.000E+00    0.000E+00    0.000E+00    0.000E+00
     1.300     0.382    0.602E+00    0.248E+00    0.207E+00    0.112E-01    0.118E-01    0.449E-02    0.449E-02    0.000E+00    0.000E+00    0.000E+00    0.000E+00
     1.300     0.383    0.601E+00    0.247E+00    0.205E+00    0.111E-01    0.116E-01    0.444E-02    0.444E-02    0.000E+00    0.000E+00    0.000E+00    0.000E+00
     1.300     0.384    0.599E+00    0.246E+00    0.204E+00    0.110E-01    0.115E-01    0.439E-02    0.439E-02    0.000E+00    0.000E+00    0.000E+00    0.000E+00
     1.300     0.385    0.597E+00    0.245E+00    0.203E+00    0.109E-01    0.114E-01    0.434E-02    0.434E-02    0.000E+00    0.000E+00    0.000E+00    0.000E+00
     1.300     0.386    0.596E+00    0.244E+00    0.202E+00    0.107E-01    0.112E-01    0.429E-02    0.429E-02    0.000E+00    0.000E+00    0.000E+00    0.000E+00
     1.300     0.387    0.594E+00    0.243E+00    0.201E+00    0.106E-01    0.111E-01    0.423E-02    0.423E-02    0.000E+00    0.000E+00    0.000E+00    0.000E+00
     1.300     0.388    0.593E+00    0.241E+00    0.200E+00    0.105E-01    0.109E-01    0.419E-02    0.419E-02    0.000E+00    0.000E+00    0.000E+00    0.000E+00
     1.300     0.389    0.591E+00    0.240E+00    0.199E+00    0.104E-01    0.108E-01    0.414E-02    0.414E-02    0.000E+00    0.000E+00    0.000E+00    0.000E+00
     1.300     0.390    0.589E+00    0.239E+00    0.197E+00    0.103E-01    0.107E-01    0.409E-02    0.409E-02    0.000E+00    0.000E+00    0.000E+00    0.000E+00
     1.300     0.391    0.588E+00    0.238E+00    0.196E+00    0.102E-01    0.105E-01    0.404E-02    0.404E-02    0.000E+00    0.000E+00    0.000E+00    0.000E+00
     1.300     0.392    0.586E+00    0.237E+00    0.195E+00    0.100E-01    0.104E-01    0.399E-02    0.399E-02    0.000E+00    0.000E+00    0.000E+00    0.000E+00
     1.300     0.393    0.585E+00    0.236E+00    0.194E+00    0.992E-02    0.103E-01    0.394E-02    0.394E-02    0.000E+00    0.000E+00    0.000E+00    0.000E+00
     1.300     0.394    0.583E+00    0.235E+00    0.193E+00    0.981E-02    0.102E-01    0.390E-02    0.390E-02    0.000E+00    0.000E+00    0.000E+00    0.000E+00
     1.300     0.395    0.581E+00    0.233E+00    0.192E+00    0.970E-02    0.100E-01    0.385E-02    0.385E-02    0.000E+00    0.000E+00    0.000E+00    0.000E+00
     1.300     0.396    0.580E+00    0.232E+00    0.191E+00    0.959E-02    0.992E-02    0.380E-02    0.380E-02    0.000E+00    0.000E+00    0.000E+00    0.000E+00
     1.300     0.397    0.578E+00    0.231E+00    0.190E+00    0.947E-02    0.979E-02    0.376E-02    0.376E-02    0.000E+00    0.000E+00    0.000E+00    0.000E+00
     1.300     0.398    0.576E+00    0.230E+00    0.189E+00    0.936E-02    0.967E-02    0.371E-02    0.371E-02    0.000E+00    0.000E+00    0.000E+00    0.000E+00
     1.300     0.399    0.575E+00    0.229E+00    0.188E+00    0.926E-02    0.955E-02    0.367E-02    0.367E-02    0.000E+00    0.000E+00    0.000E+00    0.000E+00
     1.300     0.400    0.573E+00    0.228E+00    0.187E+00    0.915E-02    0.943E-02    0.363E-02    0.363E-02    0.000E+00    0.000E+00    0.000E+00    0.000E+00
     1.300     0.401    0.571E+00    0.227E+00    0.185E+00    0.904E-02    0.932E-02    0.358E-02    0.358E-02    0.000E+00    0.000E+00    0.000E+00    0.000E+00
     1.300     0.402    0.570E+00    0.226E+00    0.184E+00    0.893E-02    0.920E-02    0.354E-02    0.354E-02    0.000E+00    0.000E+00    0.000E+00    0.000E+00
     1.300     0.403    0.568E+00    0.224E+00    0.183E+00    0.883E-02    0.909E-02    0.350E-02    0.350E-02    0.000E+00    0.000E+00    0.000E+00    0.000E+00
     1.300     0.404    0.566E+00    0.223E+00    0.182E+00    0.872E-02    0.897E-02    0.345E-02    0.345E-02    0.000E+00    0.000E+00    0.000E+00    0.000E+00
     1.300     0.405    0.565E+00    0.222E+00    0.181E+00    0.862E-02    0.886E-02    0.341E-02    0.341E-02    0.000E+00    0.000E+00    0.000E+00    0.000E+00
     1.300     0.406    0.563E+00    0.221E+00    0.180E+00    0.852E-02    0.875E-02    0.337E-02    0.337E-02    0.000E+00    0.000E+00    0.000E+00    0.000E+00
     1.300     0.407    0.561E+00    0.220E+00    0.179E+00    0.842E-02    0.864E-02    0.333E-02    0.333E-02    0.000E+00    0.000E+00    0.000E+00    0.000E+00
     1.300     0.408    0.560E+00    0.219E+00    0.178E+00    0.832E-02    0.853E-02    0.329E-02    0.329E-02    0.000E+00    0.000E+00    0.000E+00    0.000E+00
     1.300     0.409    0.558E+00    0.218E+00    0.177E+00    0.822E-02    0.843E-02    0.325E-02    0.325E-02    0.000E+00    0.000E+00    0.000E+00    0.000E+00
     1.300     0.410    0.556E+00    0.216E+00    0.176E+00    0.812E-02    0.832E-02    0.321E-02    0.321E-02    0.000E+00    0.000E+00    0.000E+00    0.000E+00
     1.300     0.411    0.554E+00    0.215E+00    0.175E+00    0.802E-02    0.822E-02    0.317E-02    0.317E-02    0.000E+00    0.000E+00    0.000E+00    0.000E+00
     1.300     0.412    0.553E+00    0.214E+00    0.174E+00    0.793E-02    0.811E-02    0.313E-02    0.313E-02    0.000E+00    0.000E+00    0.000E+00    0.000E+00
     1.300     0.413    0.551E+00    0.213E+00    0.173E+00    0.783E-02    0.801E-02    0.309E-02    0.309E-02    0.000E+00    0.000E+00    0.000E+00    0.000E+00
     1.300     0.414    0.549E+00    0.212E+00    0.172E+00    0.773E-02    0.791E-02    0.305E-02    0.305E-02    0.000E+00    0.000E+00    0.000E+00    0.000E+00
     1.300     0.415    0.548E+00    0.211E+00    0.171E+00    0.764E-02    0.781E-02    0.301E-02    0.301E-02    0.000E+00    0.000E+00    0.000E+00    0.000E+00
     1.300     0.416    0.546E+00    0.210E+00    0.170E+00    0.755E-02    0.771E-02    0.298E-02    0.298E-02    0.000E+00    0.000E+00    0.000E+00    0.000E+00
     1.300     0.417    0.544E+00    0.209E+00    0.169E+00    0.745E-02    0.761E-02    0.294E-02    0.294E-02    0.000E+00    0.000E+00    0.000E+00    0.000E+00
     1.300     0.418    0.543E+00    0.207E+00    0.168E+00    0.736E-02    0.751E-02    0.290E-02    0.290E-02    0.000E+00    0.000E+00    0.000E+00    0.000E+00
     1.300     0.419    0.541E+00    0.206E+00    0.167E+00    0.727E-02    0.742E-02    0.287E-02    0.287E-02    0.000E+00    0.000E+00    0.000E+00    0.000E+00
     1.300     0.420    0.539E+00    0.205E+00    0.166E+00    0.718E-02    0.732E-02    0.283E-02    0.283E-02    0.000E+00    0.000E+00    0.000E+00    0.000E+00
     1.300     0.421    0.537E+00    0.204E+00    0.165E+00    0.709E-02    0.723E-02    0.279E-02    0.279E-02    0.000E+00    0.000E+00    0.000E+00    0.000E+00
     1.300     0.422    0.536E+00    0.203E+00    0.164E+00    0.701E-02    0.713E-02    0.276E-02    0.276E-02    0.000E+00    0.000E+00    0.000E+00    0.000E+00
     1.300     0.423    0.534E+00    0.202E+00    0.163E+00    0.692E-02    0.704E-02    0.272E-02    0.272E-02    0.000E+00    0.000E+00    0.000E+00    0.000E+00
     1.300     0.424    0.532E+00    0.201E+00    0.162E+00    0.683E-02    0.695E-02    0.269E-02    0.269E-02    0.000E+00    0.000E+00    0.000E+00    0.000E+00
     1.300     0.425    0.530E+00    0.200E+00    0.161E+00    0.675E-02    0.686E-02    0.266E-02    0.266E-02    0.000E+00    0.000E+00    0.000E+00    0.000E+00
     1.300     0.426    0.529E+00    0.198E+00    0.160E+00    0.666E-02    0.677E-02    0.262E-02    0.262E-02    0.000E+00    0.000E+00    0.000E+00    0.000E+00
     1.300     0.427    0.527E+00    0.197E+00    0.159E+00    0.658E-02    0.669E-02    0.259E-02    0.259E-02    0.000E+00    0.000E+00    0.000E+00    0.000E+00
     1.300     0.428    0.525E+00    0.196E+00    0.158E+00    0.650E-02    0.660E-02    0.255E-02    0.255E-02    0.000E+00    0.000E+00    0.000E+00    0.000E+00
     1.300     0.429    0.523E+00    0.195E+00    0.157E+00    0.642E-02    0.651E-02    0.252E-02    0.252E-02    0.000E+00    0.000E+00    0.000E+00    0.000E+00
     1.300     0.430    0.522E+00    0.194E+00    0.156E+00    0.633E-02    0.643E-02    0.249E-02    0.249E-02    0.000E+00    0.000E+00    0.000E+00    0.000E+00
     1.300     0.431    0.520E+00    0.193E+00    0.155E+00    0.625E-02    0.634E-02    0.246E-02    0.246E-02    0.000E+00    0.000E+00    0.000E+00    0.000E+00
     1.300     0.432    0.518E+00    0.192E+00    0.154E+00    0.617E-02    0.626E-02    0.243E-02    0.243E-02    0.000E+00    0.000E+00    0.000E+00    0.000E+00
     1.300     0.433    0.516E+00    0.191E+00    0.153E+00    0.610E-02    0.618E-02    0.239E-02    0.239E-02    0.000E+00    0.000E+00    0.000E+00    0.000E+00
     1.300     0.434    0.515E+00    0.190E+00    0.152E+00    0.602E-02    0.610E-02    0.236E-02    0.236E-02    0.000E+00    0.000E+00    0.000E+00    0.000E+00
     1.300     0.435    0.513E+00    0.188E+00    0.151E+00    0.594E-02    0.602E-02    0.233E-02    0.233E-02    0.000E+00    0.000E+00    0.000E+00    0.000E+00
     1.300     0.436    0.511E+00    0.187E+00    0.150E+00    0.586E-02    0.594E-02    0.230E-02    0.230E-02    0.000E+00    0.000E+00    0.000E+00    0.000E+00
     1.300     0.437    0.509E+00    0.186E+00    0.149E+00    0.579E-02    0.586E-02    0.227E-02    0.227E-02    0.000E+00    0.000E+00    0.000E+00    0.000E+00
     1.300     0.438    0.508E+00    0.185E+00    0.148E+00    0.571E-02    0.578E-02    0.224E-02    0.224E-02    0.000E+00    0.000E+00    0.000E+00    0.000E+00
     1.300     0.439    0.506E+00    0.184E+00    0.147E+00    0.564E-02    0.571E-02    0.221E-02    0.221E-02    0.000E+00    0.000E+00    0.000E+00    0.000E+00
     1.300     0.440    0.504E+00    0.183E+00    0.146E+00    0.557E-02    0.563E-02    0.218E-02    0.218E-02    0.000E+00    0.000E+00    0.000E+00    0.000E+00
     1.300     0.441    0.502E+00    0.182E+00    0.145E+00    0.549E-02    0.556E-02    0.216E-02    0.216E-02    0.000E+00    0.000E+00    0.000E+00    0.000E+00
     1.300     0.442    0.501E+00    0.181E+00    0.144E+00    0.542E-02    0.548E-02    0.213E-02    0.213E-02    0.000E+00    0.000E+00    0.000E+00    0.000E+00
     1.300     0.443    0.499E+00    0.180E+00    0.144E+00    0.535E-02    0.541E-02    0.210E-02    0.210E-02    0.000E+00    0.000E+00    0.000E+00    0.000E+00
     1.300     0.444    0.497E+00    0.179E+00    0.143E+00    0.528E-02    0.534E-02    0.207E-02    0.207E-02    0.000E+00    0.000E+00    0.000E+00    0.000E+00
     1.300     0.445    0.495E+00    0.178E+00    0.142E+00    0.521E-02    0.526E-02    0.204E-02    0.204E-02    0.000E+00    0.000E+00    0.000E+00    0.000E+00
     1.300     0.446    0.493E+00    0.176E+00    0.141E+00    0.514E-02    0.519E-02    0.202E-02    0.202E-02    0.000E+00    0.000E+00    0.000E+00    0.000E+00
     1.300     0.447    0.492E+00    0.175E+00    0.140E+00    0.508E-02    0.512E-02    0.199E-02    0.199E-02    0.000E+00    0.000E+00    0.000E+00    0.000E+00
     1.300     0.448    0.490E+00    0.174E+00    0.139E+00    0.501E-02    0.505E-02    0.196E-02    0.196E-02    0.000E+00    0.000E+00    0.000E+00    0.000E+00
     1.300     0.449    0.488E+00    0.173E+00    0.138E+00    0.494E-02    0.499E-02    0.194E-02    0.194E-02    0.000E+00    0.000E+00    0.000E+00    0.000E+00
     1.300     0.450    0.486E+00    0.172E+00    0.137E+00    0.488E-02    0.492E-02    0.191E-02    0.191E-02    0.000E+00    0.000E+00    0.000E+00    0.000E+00
     1.300     0.451    0.485E+00    0.171E+00    0.136E+00    0.481E-02    0.485E-02    0.189E-02    0.189E-02    0.000E+00    0.000E+00    0.000E+00    0.000E+00
     1.300     0.452    0.483E+00    0.170E+00    0.135E+00    0.475E-02    0.479E-02    0.186E-02    0.186E-02    0.000E+00    0.000E+00    0.000E+00    0.000E+00
     1.300     0.453    0.481E+00    0.169E+00    0.134E+00    0.468E-02    0.472E-02    0.183E-02    0.183E-02    0.000E+00    0.000E+00    0.000E+00    0.000E+00
     1.300     0.454    0.479E+00    0.168E+00    0.133E+00    0.462E-02    0.466E-02    0.181E-02    0.181E-02    0.000E+00    0.000E+00    0.000E+00    0.000E+00
     1.300     0.455    0.477E+00    0.167E+00    0.133E+00    0.456E-02    0.459E-02    0.179E-02    0.179E-02    0.000E+00    0.000E+00    0.000E+00    0.000E+00
     1.300     0.456    0.476E+00    0.166E+00    0.132E+00    0.450E-02    0.453E-02    0.176E-02    0.176E-02    0.000E+00    0.000E+00    0.000E+00    0.000E+00
     1.300     0.457    0.474E+00    0.165E+00    0.131E+00    0.444E-02    0.447E-02    0.174E-02    0.174E-02    0.000E+00    0.000E+00    0.000E+00    0.000E+00
     1.300     0.458    0.472E+00    0.164E+00    0.130E+00    0.438E-02    0.441E-02    0.171E-02    0.171E-02    0.000E+00    0.000E+00    0.000E+00    0.000E+00
     1.300     0.459    0.470E+00    0.162E+00    0.129E+00    0.432E-02    0.435E-02    0.169E-02    0.169E-02    0.000E+00    0.000E+00    0.000E+00    0.000E+00
     1.300     0.460    0.468E+00    0.161E+00    0.128E+00    0.426E-02    0.429E-02    0.167E-02    0.167E-02    0.000E+00    0.000E+00    0.000E+00    0.000E+00
     1.300     0.461    0.467E+00    0.160E+00    0.127E+00    0.420E-02    0.423E-02    0.164E-02    0.164E-02    0.000E+00    0.000E+00    0.000E+00    0.000E+00
     1.300     0.462    0.465E+00    0.159E+00    0.126E+00    0.414E-02    0.417E-02    0.162E-02    0.162E-02    0.000E+00    0.000E+00    0.000E+00    0.000E+00
     1.300     0.463    0.463E+00    0.158E+00    0.125E+00    0.409E-02    0.411E-02    0.160E-02    0.160E-02    0.000E+00    0.000E+00    0.000E+00    0.000E+00
     1.300     0.464    0.461E+00    0.157E+00    0.125E+00    0.403E-02    0.405E-02    0.158E-02    0.158E-02    0.000E+00    0.000E+00    0.000E+00    0.000E+00
     1.300     0.465    0.460E+00    0.156E+00    0.124E+00    0.397E-02    0.400E-02    0.155E-02    0.155E-02    0.000E+00    0.000E+00    0.000E+00    0.000E+00
     1.300     0.466    0.458E+00    0.155E+00    0.123E+00    0.392E-02    0.394E-02    0.153E-02    0.153E-02    0.000E+00    0.000E+00    0.000E+00    0.000E+00
     1.300     0.467    0.456E+00    0.154E+00    0.122E+00    0.386E-02    0.388E-02    0.151E-02    0.151E-02    0.000E+00    0.000E+00    0.000E+00    0.000E+00
     1.300     0.468    0.454E+00    0.153E+00    0.121E+00    0.381E-02    0.383E-02    0.149E-02    0.149E-02    0.000E+00    0.000E+00    0.000E+00    0.000E+00
     1.300     0.469    0.452E+00    0.152E+00    0.120E+00    0.376E-02    0.378E-02    0.147E-02    0.147E-02    0.000E+00    0.000E+00    0.000E+00    0.000E+00
     1.300     0.470    0.451E+00    0.151E+00    0.119E+00    0.371E-02    0.372E-02    0.145E-02    0.145E-02    0.000E+00    0.000E+00    0.000E+00    0.000E+00
     1.300     0.471    0.449E+00    0.150E+00    0.119E+00    0.365E-02    0.367E-02    0.143E-02    0.143E-02    0.000E+00    0.000E+00    0.000E+00    0.000E+00
     1.300     0.472    0.447E+00    0.149E+00    0.118E+00    0.360E-02    0.362E-02    0.141E-02    0.141E-02    0.000E+00    0.000E+00    0.000E+00    0.000E+00
     1.300     0.473    0.445E+00    0.148E+00    0.117E+00    0.355E-02    0.357E-02    0.139E-02    0.139E-02    0.000E+00    0.000E+00    0.000E+00    0.000E+00
     1.300     0.474    0.443E+00    0.147E+00    0.116E+00    0.350E-02    0.352E-02    0.137E-02    0.137E-02    0.000E+00    0.000E+00    0.000E+00    0.000E+00
     1.300     0.475    0.442E+00    0.146E+00    0.115E+00    0.345E-02    0.347E-02    0.135E-02    0.135E-02    0.000E+00    0.000E+00    0.000E+00    0.000E+00
     1.300     0.476    0.440E+00    0.145E+00    0.114E+00    0.340E-02    0.342E-02    0.133E-02    0.133E-02    0.000E+00    0.000E+00    0.000E+00    0.000E+00
     1.300     0.477    0.438E+00    0.144E+00    0.113E+00    0.336E-02    0.337E-02    0.131E-02    0.131E-02    0.000E+00    0.000E+00    0.000E+00    0.000E+00
     1.300     0.478    0.436E+00    0.143E+00    0.113E+00    0.331E-02    0.332E-02    0.129E-02    0.129E-02    0.000E+00    0.000E+00    0.000E+00    0.000E+00
     1.300     0.479    0.434E+00    0.142E+00    0.112E+00    0.326E-02    0.327E-02    0.127E-02    0.127E-02    0.000E+00    0.000E+00    0.000E+00    0.000E+00
     1.300     0.480    0.433E+00    0.141E+00    0.111E+00    0.321E-02    0.323E-02    0.126E-02    0.126E-02    0.000E+00    0.000E+00    0.000E+00    0.000E+00
     1.300     0.481    0.431E+00    0.140E+00    0.110E+00    0.317E-02    0.318E-02    0.124E-02    0.124E-02    0.000E+00    0.000E+00    0.000E+00    0.000E+00
     1.300     0.482    0.429E+00    0.139E+00    0.109E+00    0.312E-02    0.313E-02    0.122E-02    0.122E-02    0.000E+00    0.000E+00    0.000E+00    0.000E+00
     1.300     0.483    0.427E+00    0.138E+00    0.109E+00    0.308E-02    0.309E-02    0.120E-02    0.120E-02    0.000E+00    0.000E+00    0.000E+00    0.000E+00
     1.300     0.484    0.425E+00    0.137E+00    0.108E+00    0.303E-02    0.304E-02    0.119E-02    0.119E-02    0.000E+00    0.000E+00    0.000E+00    0.000E+00
     1.300     0.485    0.424E+00    0.136E+00    0.107E+00    0.299E-02    0.300E-02    0.117E-02    0.117E-02    0.000E+00    0.000E+00    0.000E+00    0.000E+00
     1.300     0.486    0.422E+00    0.135E+00    0.106E+00    0.295E-02    0.295E-02    0.115E-02    0.115E-02    0.000E+00    0.000E+00    0.000E+00    0.000E+00
     1.300     0.487    0.420E+00    0.134E+00    0.105E+00    0.290E-02    0.291E-02    0.113E-02    0.113E-02    0.000E+00    0.000E+00    0.000E+00    0.000E+00
     1.300     0.488    0.418E+00    0.133E+00    0.105E+00    0.286E-02    0.287E-02    0.112E-02    0.112E-02    0.000E+00    0.000E+00    0.000E+00    0.000E+00
     1.300     0.489    0.416E+00    0.132E+00    0.104E+00    0.282E-02    0.283E-02    0.110E-02    0.110E-02    0.000E+00    0.000E+00    0.000E+00    0.000E+00
     1.300     0.490    0.415E+00    0.131E+00    0.103E+00    0.278E-02    0.278E-02    0.109E-02    0.109E-02    0.000E+00    0.000E+00    0.000E+00    0.000E+00
     1.300     0.491    0.413E+00    0.130E+00    0.102E+00    0.274E-02    0.274E-02    0.107E-02    0.107E-02    0.000E+00    0.000E+00    0.000E+00    0.000E+00
     1.300     0.492    0.411E+00    0.129E+00    0.101E+00    0.270E-02    0.270E-02    0.105E-02    0.105E-02    0.000E+00    0.000E+00    0.000E+00    0.000E+00
     1.300     0.493    0.409E+00    0.128E+00    0.101E+00    0.266E-02    0.266E-02    0.104E-02    0.104E-02    0.000E+00    0.000E+00    0.000E+00    0.000E+00
     1.300     0.494    0.407E+00    0.127E+00    0.998E-01    0.262E-02    0.262E-02    0.102E-02    0.102E-02    0.000E+00    0.000E+00    0.000E+00    0.000E+00
     1.300     0.495    0.406E+00    0.126E+00    0.990E-01    0.258E-02    0.258E-02    0.101E-02    0.101E-02    0.000E+00    0.000E+00    0.000E+00    0.000E+00
     1.300     0.496    0.404E+00    0.125E+00    0.982E-01    0.254E-02    0.255E-02    0.993E-03    0.993E-03    0.000E+00    0.000E+00    0.000E+00    0.000E+00
     1.300     0.497    0.402E+00    0.124E+00    0.974E-01    0.250E-02    0.251E-02    0.978E-03    0.978E-03    0.000E+00    0.000E+00    0.000E+00    0.000E+00
     1.300     0.498    0.400E+00    0.123E+00    0.967E-01    0.247E-02    0.247E-02    0.963E-03    0.963E-03    0.000E+00    0.000E+00    0.000E+00    0.000E+00
     1.300     0.499    0.399E+00    0.123E+00    0.959E-01    0.243E-02    0.243E-02    0.949E-03    0.949E-03    0.000E+00    0.000E+00    0.000E+00    0.000E+00
     1.300     0.500    0.397E+00    0.122E+00    0.951E-01    0.239E-02    0.240E-02    0.935E-03    0.935E-03    0.000E+00    0.000E+00    0.000E+00    0.000E+00
     1.300     0.501    0.395E+00    0.121E+00    0.944E-01    0.236E-02    0.236E-02    0.921E-03    0.921E-03    0.000E+00    0.000E+00    0.000E+00    0.000E+00
     1.300     0.502    0.393E+00    0.120E+00    0.936E-01    0.232E-02    0.232E-02    0.907E-03    0.907E-03    0.000E+00    0.000E+00    0.000E+00    0.000E+00
     1.300     0.503    0.391E+00    0.119E+00    0.929E-01    0.229E-02    0.229E-02    0.893E-03    0.893E-03    0.000E+00    0.000E+00    0.000E+00    0.000E+00
     1.300     0.504    0.390E+00    0.118E+00    0.921E-01    0.225E-02    0.225E-02    0.879E-03    0.879E-03    0.000E+00    0.000E+00    0.000E+00    0.000E+00
     1.300     0.505    0.388E+00    0.117E+00    0.914E-01    0.222E-02    0.222E-02    0.866E-03    0.866E-03    0.000E+00    0.000E+00    0.000E+00    0.000E+00
     1.300     0.506    0.386E+00    0.116E+00    0.906E-01    0.218E-02    0.219E-02    0.853E-03    0.853E-03    0.000E+00    0.000E+00    0.000E+00    0.000E+00
     1.300     0.507    0.384E+00    0.115E+00    0.899E-01    0.215E-02    0.215E-02    0.840E-03    0.840E-03    0.000E+00    0.000E+00    0.000E+00    0.000E+00
     1.300     0.508    0.382E+00    0.114E+00    0.891E-01    0.212E-02    0.212E-02    0.827E-03    0.827E-03    0.000E+00    0.000E+00    0.000E+00    0.000E+00
     1.300     0.509    0.381E+00    0.113E+00    0.884E-01    0.208E-02    0.209E-02    0.814E-03    0.814E-03    0.000E+00    0.000E+00    0.000E+00    0.000E+00
     1.300     0.510    0.379E+00    0.112E+00    0.877E-01    0.205E-02    0.205E-02    0.802E-03    0.802E-03    0.000E+00    0.000E+00    0.000E+00    0.000E+00
     1.300     0.511    0.377E+00    0.112E+00    0.869E-01    0.202E-02    0.202E-02    0.790E-03    0.790E-03    0.000E+00    0.000E+00    0.000E+00    0.000E+00
     1.300     0.512    0.375E+00    0.111E+00    0.862E-01    0.199E-02    0.199E-02    0.777E-03    0.777E-03    0.000E+00    0.000E+00    0.000E+00    0.000E+00
     1.300     0.513    0.374E+00    0.110E+00    0.855E-01    0.196E-02    0.196E-02    0.765E-03    0.765E-03    0.000E+00    0.000E+00    0.000E+00    0.000E+00
     1.300     0.514    0.372E+00    0.109E+00    0.848E-01    0.193E-02    0.193E-02    0.754E-03    0.754E-03    0.000E+00    0.000E+00    0.000E+00    0.000E+00
     1.300     0.515    0.370E+00    0.108E+00    0.841E-01    0.190E-02    0.190E-02    0.742E-03    0.742E-03    0.000E+00    0.000E+00    0.000E+00    0.000E+00
     1.300     0.516    0.368E+00    0.107E+00    0.833E-01    0.187E-02    0.187E-02    0.730E-03    0.730E-03    0.000E+00    0.000E+00    0.000E+00    0.000E+00
     1.300     0.517    0.367E+00    0.106E+00    0.826E-01    0.184E-02    0.184E-02    0.719E-03    0.719E-03    0.000E+00    0.000E+00    0.000E+00    0.000E+00
     1.300     0.518    0.365E+00    0.105E+00    0.819E-01    0.181E-02    0.181E-02    0.708E-03    0.708E-03    0.000E+00    0.000E+00    0.000E+00    0.000E+00
     1.300     0.519    0.363E+00    0.105E+00    0.812E-01    0.178E-02    0.178E-02    0.697E-03    0.697E-03    0.000E+00    0.000E+00    0.000E+00    0.000E+00
     1.300     0.520    0.361E+00    0.104E+00    0.805E-01    0.175E-02    0.176E-02    0.686E-03    0.686E-03    0.000E+00    0.000E+00    0.000E+00    0.000E+00
     1.300     0.521    0.360E+00    0.103E+00    0.798E-01    0.173E-02    0.173E-02    0.675E-03    0.675E-03    0.000E+00    0.000E+00    0.000E+00    0.000E+00
     1.300     0.522    0.358E+00    0.102E+00    0.791E-01    0.170E-02    0.170E-02    0.664E-03    0.664E-03    0.000E+00    0.000E+00    0.000E+00    0.000E+00
     1.300     0.523    0.356E+00    0.101E+00    0.784E-01    0.167E-02    0.167E-02    0.654E-03    0.654E-03    0.000E+00    0.000E+00    0.000E+00    0.000E+00
     1.300     0.524    0.354E+00    0.100E+00    0.778E-01    0.165E-02    0.165E-02    0.643E-03    0.643E-03    0.000E+00    0.000E+00    0.000E+00    0.000E+00
     1.300     0.525    0.353E+00    0.995E-01    0.771E-01    0.162E-02    0.162E-02    0.633E-03    0.633E-03    0.000E+00    0.000E+00    0.000E+00    0.000E+00
     1.300     0.526    0.351E+00    0.987E-01    0.764E-01    0.159E-02    0.160E-02    0.623E-03    0.623E-03    0.000E+00    0.000E+00    0.000E+00    0.000E+00
     1.300     0.527    0.349E+00    0.979E-01    0.757E-01    0.157E-02    0.157E-02    0.613E-03    0.613E-03    0.000E+00    0.000E+00    0.000E+00    0.000E+00
     1.300     0.528    0.347E+00    0.970E-01    0.751E-01    0.154E-02    0.154E-02    0.603E-03    0.603E-03    0.000E+00    0.000E+00    0.000E+00    0.000E+00
     1.300     0.529    0.346E+00    0.962E-01    0.744E-01    0.152E-02    0.152E-02    0.593E-03    0.593E-03    0.000E+00    0.000E+00    0.000E+00    0.000E+00
     1.300     0.530    0.344E+00    0.954E-01    0.737E-01    0.149E-02    0.149E-02    0.584E-03    0.584E-03    0.000E+00    0.000E+00    0.000E+00    0.000E+00
     1.300     0.531    0.342E+00    0.946E-01    0.731E-01    0.147E-02    0.147E-02    0.575E-03    0.575E-03    0.000E+00    0.000E+00    0.000E+00    0.000E+00
     1.300     0.532    0.340E+00    0.938E-01    0.724E-01    0.145E-02    0.145E-02    0.565E-03    0.565E-03    0.000E+00    0.000E+00    0.000E+00    0.000E+00
     1.300     0.533    0.339E+00    0.930E-01    0.717E-01    0.142E-02    0.142E-02    0.556E-03    0.556E-03    0.000E+00    0.000E+00    0.000E+00    0.000E+00
     1.300     0.534    0.337E+00    0.922E-01    0.711E-01    0.140E-02    0.140E-02    0.547E-03    0.547E-03    0.000E+00    0.000E+00    0.000E+00    0.000E+00
     1.300     0.535    0.335E+00    0.914E-01    0.704E-01    0.138E-02    0.138E-02    0.538E-03    0.538E-03    0.000E+00    0.000E+00    0.000E+00    0.000E+00
     1.300     0.536    0.333E+00    0.906E-01    0.698E-01    0.135E-02    0.135E-02    0.529E-03    0.529E-03    0.000E+00    0.000E+00    0.000E+00    0.000E+00
     1.300     0.537    0.332E+00    0.898E-01    0.692E-01    0.133E-02    0.133E-02    0.521E-03    0.521E-03    0.000E+00    0.000E+00    0.000E+00    0.000E+00
     1.300     0.538    0.330E+00    0.890E-01    0.685E-01    0.131E-02    0.131E-02    0.512E-03    0.512E-03    0.000E+00    0.000E+00    0.000E+00    0.000E+00
     1.300     0.539    0.328E+00    0.882E-01    0.679E-01    0.129E-02    0.129E-02    0.504E-03    0.504E-03    0.000E+00    0.000E+00    0.000E+00    0.000E+00
     1.300     0.540    0.327E+00    0.874E-01    0.673E-01    0.127E-02    0.127E-02    0.496E-03    0.496E-03    0.000E+00    0.000E+00    0.000E+00    0.000E+00
     1.300     0.541    0.325E+00    0.867E-01    0.666E-01    0.125E-02    0.125E-02    0.487E-03    0.487E-03    0.000E+00    0.000E+00    0.000E+00    0.000E+00
     1.300     0.542    0.323E+00    0.859E-01    0.660E-01    0.123E-02    0.123E-02    0.479E-03    0.479E-03    0.000E+00    0.000E+00    0.000E+00    0.000E+00
     1.300     0.543    0.321E+00    0.851E-01    0.654E-01    0.121E-02    0.121E-02    0.471E-03    0.471E-03    0.000E+00    0.000E+00    0.000E+00    0.000E+00
     1.300     0.544    0.320E+00    0.844E-01    0.648E-01    0.119E-02    0.119E-02    0.463E-03    0.463E-03    0.000E+00    0.000E+00    0.000E+00    0.000E+00
     1.300     0.545    0.318E+00    0.836E-01    0.641E-01    0.117E-02    0.117E-02    0.456E-03    0.456E-03    0.000E+00    0.000E+00    0.000E+00    0.000E+00
     1.300     0.546    0.316E+00    0.829E-01    0.635E-01    0.115E-02    0.115E-02    0.448E-03    0.448E-03    0.000E+00    0.000E+00    0.000E+00    0.000E+00
     1.300     0.547    0.315E+00    0.821E-01    0.629E-01    0.113E-02    0.113E-02    0.441E-03    0.441E-03    0.000E+00    0.000E+00    0.000E+00    0.000E+00
     1.300     0.548    0.313E+00    0.814E-01    0.623E-01    0.111E-02    0.111E-02    0.433E-03    0.433E-03    0.000E+00    0.000E+00    0.000E+00    0.000E+00
     1.300     0.549    0.311E+00    0.806E-01    0.617E-01    0.109E-02    0.109E-02    0.426E-03    0.426E-03    0.000E+00    0.000E+00    0.000E+00    0.000E+00
     1.300     0.550    0.310E+00    0.799E-01    0.611E-01    0.107E-02    0.107E-02    0.419E-03    0.419E-03    0.000E+00    0.000E+00    0.000E+00    0.000E+00
     1.300     0.551    0.308E+00    0.792E-01    0.605E-01    0.105E-02    0.105E-02    0.412E-03    0.412E-03    0.000E+00    0.000E+00    0.000E+00    0.000E+00
     1.300     0.552    0.306E+00    0.784E-01    0.599E-01    0.103E-02    0.103E-02    0.405E-03    0.405E-03    0.000E+00    0.000E+00    0.000E+00    0.000E+00
     1.300     0.553    0.305E+00    0.777E-01    0.594E-01    0.102E-02    0.102E-02    0.398E-03    0.398E-03    0.000E+00    0.000E+00    0.000E+00    0.000E+00
     1.300     0.554    0.303E+00    0.770E-01    0.588E-01    0.999E-03    0.100E-02    0.391E-03    0.391E-03    0.000E+00    0.000E+00    0.000E+00    0.000E+00
     1.300     0.555    0.301E+00    0.763E-01    0.582E-01    0.982E-03    0.982E-03    0.384E-03    0.384E-03    0.000E+00    0.000E+00    0.000E+00    0.000E+00
     1.300     0.556    0.300E+00    0.756E-01    0.576E-01    0.965E-03    0.966E-03    0.378E-03    0.378E-03    0.000E+00    0.000E+00    0.000E+00    0.000E+00
     1.300     0.557    0.298E+00    0.749E-01    0.570E-01    0.949E-03    0.949E-03    0.371E-03    0.371E-03    0.000E+00    0.000E+00    0.000E+00    0.000E+00
     1.300     0.558    0.296E+00    0.742E-01    0.565E-01    0.932E-03    0.933E-03    0.365E-03    0.365E-03    0.000E+00    0.000E+00    0.000E+00    0.000E+00
     1.300     0.559    0.295E+00    0.735E-01    0.559E-01    0.916E-03    0.917E-03    0.359E-03    0.359E-03    0.000E+00    0.000E+00    0.000E+00    0.000E+00
     1.300     0.560    0.293E+00    0.728E-01    0.553E-01    0.900E-03    0.901E-03    0.352E-03    0.352E-03    0.000E+00    0.000E+00    0.000E+00    0.000E+00
     1.300     0.561    0.291E+00    0.721E-01    0.548E-01    0.885E-03    0.885E-03    0.346E-03    0.346E-03    0.000E+00    0.000E+00    0.000E+00    0.000E+00
     1.300     0.562    0.290E+00    0.714E-01    0.542E-01    0.869E-03    0.870E-03    0.340E-03    0.340E-03    0.000E+00    0.000E+00    0.000E+00    0.000E+00
     1.300     0.563    0.288E+00    0.707E-01    0.537E-01    0.854E-03    0.854E-03    0.334E-03    0.334E-03    0.000E+00    0.000E+00    0.000E+00    0.000E+00
     1.300     0.564    0.286E+00    0.701E-01    0.531E-01    0.839E-03    0.840E-03    0.329E-03    0.329E-03    0.000E+00    0.000E+00    0.000E+00    0.000E+00
     1.300     0.565    0.285E+00    0.694E-01    0.526E-01    0.825E-03    0.825E-03    0.323E-03    0.323E-03    0.000E+00    0.000E+00    0.000E+00    0.000E+00
     1.300     0.566    0.283E+00    0.687E-01    0.520E-01    0.810E-03    0.810E-03    0.317E-03    0.317E-03    0.000E+00    0.000E+00    0.000E+00    0.000E+00
     1.300     0.567    0.281E+00    0.681E-01    0.515E-01    0.796E-03    0.796E-03    0.311E-03    0.311E-03    0.000E+00    0.000E+00    0.000E+00    0.000E+00
     1.300     0.568    0.280E+00    0.674E-01    0.510E-01    0.782E-03    0.782E-03    0.306E-03    0.306E-03    0.000E+00    0.000E+00    0.000E+00    0.000E+00
     1.300     0.569    0.278E+00    0.667E-01    0.504E-01    0.768E-03    0.768E-03    0.301E-03    0.301E-03    0.000E+00    0.000E+00    0.000E+00    0.000E+00
     1.300     0.570    0.276E+00    0.661E-01    0.499E-01    0.754E-03    0.754E-03    0.295E-03    0.295E-03    0.000E+00    0.000E+00    0.000E+00    0.000E+00
     1.300     0.571    0.275E+00    0.654E-01    0.494E-01    0.740E-03    0.741E-03    0.290E-03    0.290E-03    0.000E+00    0.000E+00    0.000E+00    0.000E+00
     1.300     0.572    0.273E+00    0.648E-01    0.489E-01    0.727E-03    0.727E-03    0.285E-03    0.285E-03    0.000E+00    0.000E+00    0.000E+00    0.000E+00
     1.300     0.573    0.272E+00    0.642E-01    0.484E-01    0.714E-03    0.714E-03    0.280E-03    0.280E-03    0.000E+00    0.000E+00    0.000E+00    0.000E+00
     1.300     0.574    0.270E+00    0.635E-01    0.478E-01    0.701E-03    0.701E-03    0.275E-03    0.275E-03    0.000E+00    0.000E+00    0.000E+00    0.000E+00
     1.300     0.575    0.268E+00    0.629E-01    0.473E-01    0.689E-03    0.689E-03    0.270E-03    0.270E-03    0.000E+00    0.000E+00    0.000E+00    0.000E+00
     1.300     0.576    0.267E+00    0.623E-01    0.468E-01    0.676E-03    0.676E-03    0.265E-03    0.265E-03    0.000E+00    0.000E+00    0.000E+00    0.000E+00
     1.300     0.577    0.265E+00    0.617E-01    0.463E-01    0.664E-03    0.664E-03    0.260E-03    0.260E-03    0.000E+00    0.000E+00    0.000E+00    0.000E+00
     1.300     0.578    0.264E+00    0.610E-01    0.458E-01    0.652E-03    0.652E-03    0.255E-03    0.255E-03    0.000E+00    0.000E+00    0.000E+00    0.000E+00
     1.300     0.579    0.262E+00    0.604E-01    0.453E-01    0.640E-03    0.640E-03    0.251E-03    0.251E-03    0.000E+00    0.000E+00    0.000E+00    0.000E+00
     1.300     0.580    0.260E+00    0.598E-01    0.448E-01    0.628E-03    0.628E-03    0.246E-03    0.246E-03    0.000E+00    0.000E+00    0.000E+00    0.000E+00
     1.300     0.581    0.259E+00    0.592E-01    0.443E-01    0.617E-03    0.617E-03    0.242E-03    0.242E-03    0.000E+00    0.000E+00    0.000E+00    0.000E+00
     1.300     0.582    0.257E+00    0.586E-01    0.439E-01    0.606E-03    0.606E-03    0.237E-03    0.237E-03    0.000E+00    0.000E+00    0.000E+00    0.000E+00
     1.300     0.583    0.256E+00    0.580E-01    0.434E-01    0.595E-03    0.595E-03    0.233E-03    0.233E-03    0.000E+00    0.000E+00    0.000E+00    0.000E+00
     1.300     0.584    0.254E+00    0.574E-01    0.429E-01    0.584E-03    0.584E-03    0.229E-03    0.229E-03    0.000E+00    0.000E+00    0.000E+00    0.000E+00
     1.300     0.585    0.253E+00    0.568E-01    0.424E-01    0.573E-03    0.573E-03    0.224E-03    0.224E-03    0.000E+00    0.000E+00    0.000E+00    0.000E+00
     1.300     0.586    0.251E+00    0.563E-01    0.420E-01    0.562E-03    0.562E-03    0.220E-03    0.220E-03    0.000E+00    0.000E+00    0.000E+00    0.000E+00
     1.300     0.587    0.249E+00    0.557E-01    0.415E-01    0.552E-03    0.552E-03    0.216E-03    0.216E-03    0.000E+00    0.000E+00    0.000E+00    0.000E+00
     1.300     0.588    0.248E+00    0.551E-01    0.410E-01    0.541E-03    0.541E-03    0.212E-03    0.212E-03    0.000E+00    0.000E+00    0.000E+00    0.000E+00
     1.300     0.589    0.246E+00    0.545E-01    0.406E-01    0.531E-03    0.531E-03    0.208E-03    0.208E-03    0.000E+00    0.000E+00    0.000E+00    0.000E+00
     1.300     0.590    0.245E+00    0.540E-01    0.401E-01    0.521E-03    0.521E-03    0.204E-03    0.204E-03    0.000E+00    0.000E+00    0.000E+00    0.000E+00
     1.300     0.591    0.243E+00    0.534E-01    0.396E-01    0.511E-03    0.512E-03    0.201E-03    0.201E-03    0.000E+00    0.000E+00    0.000E+00    0.000E+00
     1.300     0.592    0.242E+00    0.528E-01    0.392E-01    0.502E-03    0.502E-03    0.197E-03    0.197E-03    0.000E+00    0.000E+00    0.000E+00    0.000E+00
     1.300     0.593    0.240E+00    0.523E-01    0.387E-01    0.492E-03    0.492E-03    0.193E-03    0.193E-03    0.000E+00    0.000E+00    0.000E+00    0.000E+00
     1.300     0.594    0.239E+00    0.517E-01    0.383E-01    0.483E-03    0.483E-03    0.189E-03    0.189E-03    0.000E+00    0.000E+00    0.000E+00    0.000E+00
     1.300     0.595    0.237E+00    0.512E-01    0.379E-01    0.474E-03    0.474E-03    0.186E-03    0.186E-03    0.000E+00    0.000E+00    0.000E+00    0.000E+00
     1.300     0.596    0.236E+00    0.506E-01    0.374E-01    0.465E-03    0.465E-03    0.182E-03    0.182E-03    0.000E+00    0.000E+00    0.000E+00    0.000E+00
     1.300     0.597    0.234E+00    0.501E-01    0.370E-01    0.456E-03    0.456E-03    0.179E-03    0.179E-03    0.000E+00    0.000E+00    0.000E+00    0.000E+00
     1.300     0.598    0.232E+00    0.496E-01    0.366E-01    0.447E-03    0.447E-03    0.175E-03    0.175E-03    0.000E+00    0.000E+00    0.000E+00    0.000E+00
     1.300     0.599    0.231E+00    0.490E-01    0.361E-01    0.439E-03    0.439E-03    0.172E-03    0.172E-03    0.000E+00    0.000E+00    0.000E+00    0.000E+00
     1.300     0.600    0.229E+00    0.485E-01    0.357E-01    0.430E-03    0.430E-03    0.169E-03    0.169E-03    0.000E+00    0.000E+00    0.000E+00    0.000E+00
     1.300     0.601    0.228E+00    0.480E-01    0.353E-01    0.422E-03    0.422E-03    0.166E-03    0.166E-03    0.000E+00    0.000E+00    0.000E+00    0.000E+00
     1.300     0.602    0.226E+00    0.475E-01    0.349E-01    0.414E-03    0.414E-03    0.162E-03    0.162E-03    0.000E+00    0.000E+00    0.000E+00    0.000E+00
     1.300     0.603    0.225E+00    0.470E-01    0.344E-01    0.406E-03    0.406E-03    0.159E-03    0.159E-03    0.000E+00    0.000E+00    0.000E+00    0.000E+00
     1.300     0.604    0.223E+00    0.464E-01    0.340E-01    0.398E-03    0.398E-03    0.156E-03    0.156E-03    0.000E+00    0.000E+00    0.000E+00    0.000E+00
     1.300     0.605    0.222E+00    0.459E-01    0.336E-01    0.390E-03    0.390E-03    0.153E-03    0.153E-03    0.000E+00    0.000E+00    0.000E+00    0.000E+00
     1.300     0.606    0.221E+00    0.454E-01    0.332E-01    0.382E-03    0.383E-03    0.150E-03    0.150E-03    0.000E+00    0.000E+00    0.000E+00    0.000E+00
     1.300     0.607    0.219E+00    0.449E-01    0.328E-01    0.375E-03    0.375E-03    0.147E-03    0.147E-03    0.000E+00    0.000E+00    0.000E+00    0.000E+00
     1.300     0.608    0.218E+00    0.444E-01    0.324E-01    0.368E-03    0.368E-03    0.144E-03    0.144E-03    0.000E+00    0.000E+00    0.000E+00    0.000E+00
     1.300     0.609    0.216E+00    0.439E-01    0.320E-01    0.360E-03    0.360E-03    0.142E-03    0.142E-03    0.000E+00    0.000E+00    0.000E+00    0.000E+00
     1.300     0.610    0.215E+00    0.435E-01    0.316E-01    0.353E-03    0.353E-03    0.139E-03    0.139E-03    0.000E+00    0.000E+00    0.000E+00    0.000E+00
     1.300     0.611    0.213E+00    0.430E-01    0.312E-01    0.346E-03    0.346E-03    0.136E-03    0.136E-03    0.000E+00    0.000E+00    0.000E+00    0.000E+00
     1.300     0.612    0.212E+00    0.425E-01    0.309E-01    0.339E-03    0.339E-03    0.133E-03    0.133E-03    0.000E+00    0.000E+00    0.000E+00    0.000E+00
     1.300     0.613    0.210E+00    0.420E-01    0.305E-01    0.333E-03    0.333E-03    0.131E-03    0.131E-03    0.000E+00    0.000E+00    0.000E+00    0.000E+00
     1.300     0.614    0.209E+00    0.416E-01    0.301E-01    0.326E-03    0.326E-03    0.128E-03    0.128E-03    0.000E+00    0.000E+00    0.000E+00    0.000E+00
     1.300     0.615    0.207E+00    0.411E-01    0.297E-01    0.319E-03    0.319E-03    0.125E-03    0.125E-03    0.000E+00    0.000E+00    0.000E+00    0.000E+00
     1.300     0.616    0.206E+00    0.406E-01    0.294E-01    0.313E-03    0.313E-03    0.123E-03    0.123E-03    0.000E+00    0.000E+00    0.000E+00    0.000E+00
     1.300     0.617    0.204E+00    0.402E-01    0.290E-01    0.307E-03    0.307E-03    0.120E-03    0.120E-03    0.000E+00    0.000E+00    0.000E+00    0.000E+00
     1.300     0.618    0.203E+00    0.397E-01    0.286E-01    0.300E-03    0.300E-03    0.118E-03    0.118E-03    0.000E+00    0.000E+00    0.000E+00    0.000E+00
     1.300     0.619    0.202E+00    0.393E-01    0.283E-01    0.294E-03    0.294E-03    0.116E-03    0.116E-03    0.000E+00    0.000E+00    0.000E+00    0.000E+00
     1.300     0.620    0.200E+00    0.388E-01    0.279E-01    0.288E-03    0.288E-03    0.113E-03    0.113E-03    0.000E+00    0.000E+00    0.000E+00    0.000E+00
     1.300     0.621    0.199E+00    0.384E-01    0.275E-01    0.282E-03    0.282E-03    0.111E-03    0.111E-03    0.000E+00    0.000E+00    0.000E+00    0.000E+00
     1.300     0.622    0.197E+00    0.379E-01    0.272E-01    0.277E-03    0.277E-03    0.109E-03    0.109E-03    0.000E+00    0.000E+00    0.000E+00    0.000E+00
     1.300     0.623    0.196E+00    0.375E-01    0.268E-01    0.271E-03    0.271E-03    0.107E-03    0.107E-03    0.000E+00    0.000E+00    0.000E+00    0.000E+00
     1.300     0.624    0.195E+00    0.370E-01    0.265E-01    0.265E-03    0.265E-03    0.104E-03    0.104E-03    0.000E+00    0.000E+00    0.000E+00    0.000E+00
     1.300     0.625    0.193E+00    0.366E-01    0.261E-01    0.260E-03    0.260E-03    0.102E-03    0.102E-03    0.000E+00    0.000E+00    0.000E+00    0.000E+00
     1.300     0.626    0.192E+00    0.362E-01    0.258E-01    0.255E-03    0.255E-03    0.100E-03    0.100E-03    0.000E+00    0.000E+00    0.000E+00    0.000E+00
     1.300     0.627    0.190E+00    0.358E-01    0.255E-01    0.249E-03    0.249E-03    0.981E-04    0.981E-04    0.000E+00    0.000E+00    0.000E+00    0.000E+00
     1.300     0.628    0.189E+00    0.353E-01    0.251E-01    0.244E-03    0.244E-03    0.961E-04    0.961E-04    0.000E+00    0.000E+00    0.000E+00    0.000E+00
     1.300     0.629    0.188E+00    0.349E-01    0.248E-01    0.239E-03    0.239E-03    0.941E-04    0.941E-04    0.000E+00    0.000E+00    0.000E+00    0.000E+00
     1.300     0.630    0.186E+00    0.345E-01    0.245E-01    0.234E-03    0.234E-03    0.921E-04    0.921E-04    0.000E+00    0.000E+00    0.000E+00    0.000E+00
     1.300     0.631    0.185E+00    0.341E-01    0.241E-01    0.229E-03    0.229E-03    0.902E-04    0.902E-04    0.000E+00    0.000E+00    0.000E+00    0.000E+00
     1.300     0.632    0.184E+00    0.337E-01    0.238E-01    0.224E-03    0.224E-03    0.883E-04    0.883E-04    0.000E+00    0.000E+00    0.000E+00    0.000E+00
     1.300     0.633    0.182E+00    0.333E-01    0.235E-01    0.220E-03    0.220E-03    0.865E-04    0.865E-04    0.000E+00    0.000E+00    0.000E+00    0.000E+00
     1.300     0.634    0.181E+00    0.329E-01    0.232E-01    0.215E-03    0.215E-03    0.846E-04    0.846E-04    0.000E+00    0.000E+00    0.000E+00    0.000E+00
     1.300     0.635    0.179E+00    0.325E-01    0.229E-01    0.210E-03    0.210E-03    0.829E-04    0.829E-04    0.000E+00    0.000E+00    0.000E+00    0.000E+00
     1.300     0.636    0.178E+00    0.321E-01    0.226E-01    0.206E-03    0.206E-03    0.811E-04    0.811E-04    0.000E+00    0.000E+00    0.000E+00    0.000E+00
     1.300     0.637    0.177E+00    0.317E-01    0.223E-01    0.201E-03    0.201E-03    0.794E-04    0.794E-04    0.000E+00    0.000E+00    0.000E+00    0.000E+00
     1.300     0.638    0.175E+00    0.314E-01    0.220E-01    0.197E-03    0.197E-03    0.777E-04    0.777E-04    0.000E+00    0.000E+00    0.000E+00    0.000E+00
     1.300     0.639    0.174E+00    0.310E-01    0.217E-01    0.193E-03    0.193E-03    0.760E-04    0.760E-04    0.000E+00    0.000E+00    0.000E+00    0.000E+00
     1.300     0.640    0.173E+00    0.306E-01    0.214E-01    0.189E-03    0.189E-03    0.744E-04    0.744E-04    0.000E+00    0.000E+00    0.000E+00    0.000E+00
     1.300     0.641    0.171E+00    0.302E-01    0.211E-01    0.185E-03    0.185E-03    0.728E-04    0.728E-04    0.000E+00    0.000E+00    0.000E+00    0.000E+00
     1.300     0.642    0.170E+00    0.299E-01    0.208E-01    0.181E-03    0.181E-03    0.712E-04    0.712E-04    0.000E+00    0.000E+00    0.000E+00    0.000E+00
     1.300     0.643    0.169E+00    0.295E-01    0.205E-01    0.177E-03    0.177E-03    0.697E-04    0.697E-04    0.000E+00    0.000E+00    0.000E+00    0.000E+00
     1.300     0.644    0.168E+00    0.291E-01    0.202E-01    0.173E-03    0.173E-03    0.682E-04    0.682E-04    0.000E+00    0.000E+00    0.000E+00    0.000E+00
     1.300     0.645    0.166E+00    0.288E-01    0.199E-01    0.169E-03    0.169E-03    0.667E-04    0.667E-04    0.000E+00    0.000E+00    0.000E+00    0.000E+00
     1.300     0.646    0.165E+00    0.284E-01    0.196E-01    0.165E-03    0.165E-03    0.652E-04    0.652E-04    0.000E+00    0.000E+00    0.000E+00    0.000E+00
     1.300     0.647    0.164E+00    0.281E-01    0.194E-01    0.162E-03    0.162E-03    0.638E-04    0.638E-04    0.000E+00    0.000E+00    0.000E+00    0.000E+00
     1.300     0.648    0.162E+00    0.277E-01    0.191E-01    0.158E-03    0.158E-03    0.624E-04    0.624E-04    0.000E+00    0.000E+00    0.000E+00    0.000E+00
     1.300     0.649    0.161E+00    0.274E-01    0.188E-01    0.155E-03    0.155E-03    0.611E-04    0.611E-04    0.000E+00    0.000E+00    0.000E+00    0.000E+00
     1.300     0.650    0.160E+00    0.270E-01    0.185E-01    0.151E-03    0.151E-03    0.597E-04    0.597E-04    0.000E+00    0.000E+00    0.000E+00    0.000E+00
     1.300     0.651    0.159E+00    0.267E-01    0.183E-01    0.148E-03    0.148E-03    0.584E-04    0.584E-04    0.000E+00    0.000E+00    0.000E+00    0.000E+00
     1.300     0.652    0.157E+00    0.264E-01    0.180E-01    0.145E-03    0.145E-03    0.571E-04    0.571E-04    0.000E+00    0.000E+00    0.000E+00    0.000E+00
     1.300     0.653    0.156E+00    0.260E-01    0.177E-01    0.141E-03    0.141E-03    0.559E-04    0.559E-04    0.000E+00    0.000E+00    0.000E+00    0.000E+00
     1.300     0.654    0.155E+00    0.257E-01    0.175E-01    0.138E-03    0.138E-03    0.546E-04    0.546E-04    0.000E+00    0.000E+00    0.000E+00    0.000E+00
     1.300     0.655    0.154E+00    0.254E-01    0.172E-01    0.135E-03    0.135E-03    0.534E-04    0.534E-04    0.000E+00    0.000E+00    0.000E+00    0.000E+00
     1.300     0.656    0.152E+00    0.250E-01    0.170E-01    0.132E-03    0.132E-03    0.522E-04    0.522E-04    0.000E+00    0.000E+00    0.000E+00    0.000E+00
     1.300     0.657    0.151E+00    0.247E-01    0.167E-01    0.129E-03    0.129E-03    0.510E-04    0.510E-04    0.000E+00    0.000E+00    0.000E+00    0.000E+00
     1.300     0.658    0.150E+00    0.244E-01    0.165E-01    0.126E-03    0.126E-03    0.499E-04    0.499E-04    0.000E+00    0.000E+00    0.000E+00    0.000E+00
     1.300     0.659    0.149E+00    0.241E-01    0.162E-01    0.123E-03    0.123E-03    0.487E-04    0.487E-04    0.000E+00    0.000E+00    0.000E+00    0.000E+00
     1.300     0.660    0.147E+00    0.238E-01    0.160E-01    0.120E-03    0.120E-03    0.476E-04    0.476E-04    0.000E+00    0.000E+00    0.000E+00    0.000E+00
     1.300     0.661    0.146E+00    0.235E-01    0.157E-01    0.118E-03    0.118E-03    0.465E-04    0.465E-04    0.000E+00    0.000E+00    0.000E+00    0.000E+00
     1.300     0.662    0.145E+00    0.232E-01    0.155E-01    0.115E-03    0.115E-03    0.455E-04    0.455E-04    0.000E+00    0.000E+00    0.000E+00    0.000E+00
     1.300     0.663    0.144E+00    0.229E-01    0.153E-01    0.112E-03    0.112E-03    0.444E-04    0.444E-04    0.000E+00    0.000E+00    0.000E+00    0.000E+00
     1.300     0.664    0.143E+00    0.226E-01    0.150E-01    0.110E-03    0.110E-03    0.434E-04    0.434E-04    0.000E+00    0.000E+00    0.000E+00    0.000E+00
     1.300     0.665    0.141E+00    0.223E-01    0.148E-01    0.107E-03    0.107E-03    0.424E-04    0.424E-04    0.000E+00    0.000E+00    0.000E+00    0.000E+00
     1.300     0.666    0.140E+00    0.220E-01    0.146E-01    0.105E-03    0.105E-03    0.414E-04    0.414E-04    0.000E+00    0.000E+00    0.000E+00    0.000E+00
     1.300     0.667    0.139E+00    0.217E-01    0.144E-01    0.102E-03    0.102E-03    0.405E-04    0.405E-04    0.000E+00    0.000E+00    0.000E+00    0.000E+00
     1.300     0.668    0.138E+00    0.214E-01    0.141E-01    0.998E-04    0.998E-04    0.395E-04    0.395E-04    0.000E+00    0.000E+00    0.000E+00    0.000E+00
     1.300     0.669    0.137E+00    0.211E-01    0.139E-01    0.975E-04    0.975E-04    0.386E-04    0.386E-04    0.000E+00    0.000E+00    0.000E+00    0.000E+00
     1.300     0.670    0.135E+00    0.208E-01    0.137E-01    0.952E-04    0.952E-04    0.377E-04    0.377E-04    0.000E+00    0.000E+00    0.000E+00    0.000E+00
     1.300     0.671    0.134E+00    0.206E-01    0.135E-01    0.930E-04    0.930E-04    0.368E-04    0.368E-04    0.000E+00    0.000E+00    0.000E+00    0.000E+00
     1.300     0.672    0.133E+00    0.203E-01    0.133E-01    0.908E-04    0.908E-04    0.360E-04    0.360E-04    0.000E+00    0.000E+00    0.000E+00    0.000E+00
     1.300     0.673    0.132E+00    0.200E-01    0.131E-01    0.886E-04    0.886E-04    0.351E-04    0.351E-04    0.000E+00    0.000E+00    0.000E+00    0.000E+00
     1.300     0.674    0.131E+00    0.198E-01    0.129E-01    0.865E-04    0.865E-04    0.343E-04    0.343E-04    0.000E+00    0.000E+00    0.000E+00    0.000E+00
     1.300     0.675    0.130E+00    0.195E-01    0.127E-01    0.845E-04    0.845E-04    0.335E-04    0.335E-04    0.000E+00    0.000E+00    0.000E+00    0.000E+00
     1.300     0.676    0.129E+00    0.192E-01    0.125E-01    0.824E-04    0.824E-04    0.327E-04    0.327E-04    0.000E+00    0.000E+00    0.000E+00    0.000E+00
     1.300     0.677    0.127E+00    0.190E-01    0.123E-01    0.804E-04    0.804E-04    0.319E-04    0.319E-04    0.000E+00    0.000E+00    0.000E+00    0.000E+00
     1.300     0.678    0.126E+00    0.187E-01    0.121E-01    0.785E-04    0.785E-04    0.311E-04    0.311E-04    0.000E+00    0.000E+00    0.000E+00    0.000E+00
     1.300     0.679    0.125E+00    0.185E-01    0.119E-01    0.766E-04    0.766E-04    0.304E-04    0.304E-04    0.000E+00    0.000E+00    0.000E+00    0.000E+00
     1.300     0.680    0.124E+00    0.182E-01    0.117E-01    0.747E-04    0.747E-04    0.296E-04    0.296E-04    0.000E+00    0.000E+00    0.000E+00    0.000E+00
     1.300     0.681    0.123E+00    0.180E-01    0.115E-01    0.728E-04    0.728E-04    0.289E-04    0.289E-04    0.000E+00    0.000E+00    0.000E+00    0.000E+00
     1.300     0.682    0.122E+00    0.177E-01    0.113E-01    0.710E-04    0.710E-04    0.282E-04    0.282E-04    0.000E+00    0.000E+00    0.000E+00    0.000E+00
     1.300     0.683    0.121E+00    0.175E-01    0.111E-01    0.693E-04    0.693E-04    0.275E-04    0.275E-04    0.000E+00    0.000E+00    0.000E+00    0.000E+00
     1.300     0.684    0.120E+00    0.172E-01    0.109E-01    0.676E-04    0.676E-04    0.268E-04    0.268E-04    0.000E+00    0.000E+00    0.000E+00    0.000E+00
     1.300     0.685    0.119E+00    0.170E-01    0.107E-01    0.659E-04    0.659E-04    0.262E-04    0.262E-04    0.000E+00    0.000E+00    0.000E+00    0.000E+00
     1.300     0.686    0.117E+00    0.167E-01    0.106E-01    0.643E-04    0.643E-04    0.255E-04    0.255E-04    0.000E+00    0.000E+00    0.000E+00    0.000E+00
     1.300     0.687    0.116E+00    0.165E-01    0.104E-01    0.627E-04    0.627E-04    0.249E-04    0.249E-04    0.000E+00    0.000E+00    0.000E+00    0.000E+00
     1.300     0.688    0.115E+00    0.163E-01    0.102E-01    0.611E-04    0.611E-04    0.243E-04    0.243E-04    0.000E+00    0.000E+00    0.000E+00    0.000E+00
     1.300     0.689    0.114E+00    0.161E-01    0.100E-01    0.596E-04    0.596E-04    0.237E-04    0.237E-04    0.000E+00    0.000E+00    0.000E+00    0.000E+00
     1.300     0.690    0.113E+00    0.158E-01    0.987E-02    0.581E-04    0.581E-04    0.231E-04    0.231E-04    0.000E+00    0.000E+00    0.000E+00    0.000E+00
     1.300     0.691    0.112E+00    0.156E-01    0.970E-02    0.566E-04    0.566E-04    0.225E-04    0.225E-04    0.000E+00    0.000E+00    0.000E+00    0.000E+00
     1.300     0.692    0.111E+00    0.154E-01    0.954E-02    0.552E-04    0.552E-04    0.219E-04    0.219E-04    0.000E+00    0.000E+00    0.000E+00    0.000E+00
     1.300     0.693    0.110E+00    0.152E-01    0.937E-02    0.538E-04    0.538E-04    0.214E-04    0.214E-04    0.000E+00    0.000E+00    0.000E+00    0.000E+00
     1.300     0.694    0.109E+00    0.150E-01    0.921E-02    0.524E-04    0.524E-04    0.209E-04    0.209E-04    0.000E+00    0.000E+00    0.000E+00    0.000E+00
     1.300     0.695    0.108E+00    0.147E-01    0.905E-02    0.511E-04    0.511E-04    0.203E-04    0.203E-04    0.000E+00    0.000E+00    0.000E+00    0.000E+00
     1.300     0.696    0.107E+00    0.145E-01    0.890E-02    0.498E-04    0.498E-04    0.198E-04    0.198E-04    0.000E+00    0.000E+00    0.000E+00    0.000E+00
     1.300     0.697    0.106E+00    0.143E-01    0.874E-02    0.485E-04    0.485E-04    0.193E-04    0.193E-04    0.000E+00    0.000E+00    0.000E+00    0.000E+00
     1.300     0.698    0.105E+00    0.141E-01    0.859E-02    0.473E-04    0.473E-04    0.188E-04    0.188E-04    0.000E+00    0.000E+00    0.000E+00    0.000E+00
     1.300     0.699    0.104E+00    0.139E-01    0.844E-02    0.460E-04    0.460E-04    0.183E-04    0.183E-04    0.000E+00    0.000E+00    0.000E+00    0.000E+00
     1.300     0.700    0.103E+00    0.137E-01    0.829E-02    0.448E-04    0.448E-04    0.179E-04    0.179E-04    0.000E+00    0.000E+00    0.000E+00    0.000E+00
     1.300     0.701    0.102E+00    0.135E-01    0.814E-02    0.436E-04    0.436E-04    0.174E-04    0.174E-04    0.000E+00    0.000E+00    0.000E+00    0.000E+00
     1.300     0.702    0.101E+00    0.133E-01    0.800E-02    0.425E-04    0.425E-04    0.169E-04    0.169E-04    0.000E+00    0.000E+00    0.000E+00    0.000E+00
     1.300     0.703    0.999E-01    0.131E-01    0.785E-02    0.413E-04    0.413E-04    0.165E-04    0.165E-04    0.000E+00    0.000E+00    0.000E+00    0.000E+00
     1.300     0.704    0.989E-01    0.129E-01    0.771E-02    0.402E-04    0.402E-04    0.161E-04    0.161E-04    0.000E+00    0.000E+00    0.000E+00    0.000E+00
     1.300     0.705    0.979E-01    0.128E-01    0.757E-02    0.392E-04    0.392E-04    0.156E-04    0.156E-04    0.000E+00    0.000E+00    0.000E+00    0.000E+00
     1.300     0.706    0.970E-01    0.126E-01    0.743E-02    0.381E-04    0.381E-04    0.152E-04    0.152E-04    0.000E+00    0.000E+00    0.000E+00    0.000E+00
     1.300     0.707    0.960E-01    0.124E-01    0.730E-02    0.371E-04    0.371E-04    0.148E-04    0.148E-04    0.000E+00    0.000E+00    0.000E+00    0.000E+00
     1.300     0.708    0.950E-01    0.122E-01    0.717E-02    0.361E-04    0.361E-04    0.144E-04    0.144E-04    0.000E+00    0.000E+00    0.000E+00    0.000E+00
     1.300     0.709    0.941E-01    0.120E-01    0.703E-02    0.351E-04    0.351E-04    0.140E-04    0.140E-04    0.000E+00    0.000E+00    0.000E+00    0.000E+00
     1.300     0.710    0.931E-01    0.118E-01    0.690E-02    0.342E-04    0.342E-04    0.137E-04    0.137E-04    0.000E+00    0.000E+00    0.000E+00    0.000E+00
     1.300     0.711    0.922E-01    0.117E-01    0.678E-02    0.333E-04    0.333E-04    0.133E-04    0.133E-04    0.000E+00    0.000E+00    0.000E+00    0.000E+00
     1.300     0.712    0.913E-01    0.115E-01    0.665E-02    0.324E-04    0.324E-04    0.129E-04    0.129E-04    0.000E+00    0.000E+00    0.000E+00    0.000E+00
     1.300     0.713    0.903E-01    0.113E-01    0.653E-02    0.315E-04    0.315E-04    0.126E-04    0.126E-04    0.000E+00    0.000E+00    0.000E+00    0.000E+00
     1.300     0.714    0.894E-01    0.112E-01    0.640E-02    0.306E-04    0.306E-04    0.122E-04    0.122E-04    0.000E+00    0.000E+00    0.000E+00    0.000E+00
     1.300     0.715    0.885E-01    0.110E-01    0.628E-02    0.298E-04    0.298E-04    0.119E-04    0.119E-04    0.000E+00    0.000E+00    0.000E+00    0.000E+00
     1.300     0.716    0.876E-01    0.108E-01    0.616E-02    0.290E-04    0.290E-04    0.116E-04    0.116E-04    0.000E+00    0.000E+00    0.000E+00    0.000E+00
     1.300     0.717    0.866E-01    0.107E-01    0.605E-02    0.282E-04    0.282E-04    0.113E-04    0.113E-04    0.000E+00    0.000E+00    0.000E+00    0.000E+00
     1.300     0.718    0.857E-01    0.105E-01    0.593E-02    0.274E-04    0.274E-04    0.110E-04    0.110E-04    0.000E+00    0.000E+00    0.000E+00    0.000E+00
     1.300     0.719    0.848E-01    0.103E-01    0.582E-02    0.266E-04    0.266E-04    0.107E-04    0.107E-04    0.000E+00    0.000E+00    0.000E+00    0.000E+00
     1.300     0.720    0.839E-01    0.102E-01    0.570E-02    0.259E-04    0.259E-04    0.104E-04    0.104E-04    0.000E+00    0.000E+00    0.000E+00    0.000E+00
     1.300     0.721    0.831E-01    0.100E-01    0.559E-02    0.252E-04    0.252E-04    0.101E-04    0.101E-04    0.327E-09    0.327E-09    0.000E+00    0.000E+00
     1.300     0.722    0.822E-01    0.987E-02    0.548E-02    0.245E-04    0.245E-04    0.981E-05    0.981E-05    0.211E-08    0.211E-08    0.000E+00    0.000E+00
     1.300     0.723    0.813E-01    0.972E-02    0.538E-02    0.238E-04    0.238E-04    0.953E-05    0.953E-05    0.365E-08    0.365E-08    0.000E+00    0.000E+00
     1.300     0.724    0.804E-01    0.957E-02    0.527E-02    0.231E-04    0.231E-04    0.926E-05    0.926E-05    0.497E-08    0.497E-08    0.000E+00    0.000E+00
     1.300     0.725    0.796E-01    0.942E-02    0.517E-02    0.224E-04    0.224E-04    0.900E-05    0.900E-05    0.607E-08    0.607E-08    0.000E+00    0.000E+00
     1.300     0.726    0.787E-01    0.928E-02    0.506E-02    0.218E-04    0.218E-04    0.874E-05    0.874E-05    0.696E-08    0.696E-08    0.000E+00    0.000E+00
     1.300     0.727    0.778E-01    0.913E-02    0.496E-02    0.211E-04    0.211E-04    0.849E-05    0.849E-05    0.765E-08    0.765E-08    0.000E+00    0.000E+00
     1.300     0.728    0.770E-01    0.899E-02    0.486E-02    0.205E-04    0.205E-04    0.825E-05    0.825E-05    0.816E-08    0.816E-08    0.000E+00    0.000E+00
     1.300     0.729    0.761E-01    0.885E-02    0.477E-02    0.199E-04    0.199E-04    0.801E-05    0.801E-05    0.849E-08    0.849E-08    0.000E+00    0.000E+00
     1.300     0.730    0.753E-01    0.871E-02    0.467E-02    0.193E-04    0.193E-04    0.778E-05    0.778E-05    0.865E-08    0.865E-08    0.000E+00    0.000E+00
     1.300     0.731    0.745E-01    0.858E-02    0.458E-02    0.188E-04    0.188E-04    0.756E-05    0.756E-05    0.867E-08    0.867E-08    0.000E+00    0.000E+00
     1.300     0.732    0.736E-01    0.844E-02    0.448E-02    0.182E-04    0.182E-04    0.734E-05    0.734E-05    0.853E-08    0.853E-08    0.000E+00    0.000E+00
     1.300     0.733    0.728E-01    0.831E-02    0.439E-02    0.177E-04    0.177E-04    0.712E-05    0.712E-05    0.827E-08    0.827E-08    0.000E+00    0.000E+00
     1.300     0.734    0.720E-01    0.818E-02    0.430E-02    0.172E-04    0.172E-04    0.692E-05    0.692E-05    0.788E-08    0.788E-08    0.000E+00    0.000E+00
     1.300     0.735    0.712E-01    0.805E-02    0.421E-02    0.167E-04    0.167E-04    0.671E-05    0.671E-05    0.738E-08    0.738E-08    0.000E+00    0.000E+00
     1.300     0.736    0.704E-01    0.792E-02    0.412E-02    0.162E-04    0.162E-04    0.652E-05    0.652E-05    0.678E-08    0.678E-08    0.000E+00    0.000E+00
     1.300     0.737    0.696E-01    0.779E-02    0.404E-02    0.157E-04    0.157E-04    0.633E-05    0.633E-05    0.609E-08    0.609E-08    0.000E+00    0.000E+00
     1.300     0.738    0.688E-01    0.767E-02    0.395E-02    0.152E-04    0.152E-04    0.614E-05    0.614E-05    0.532E-08    0.532E-08    0.000E+00    0.000E+00
     1.300     0.739    0.680E-01    0.755E-02    0.387E-02    0.148E-04    0.148E-04    0.596E-05    0.596E-05    0.448E-08    0.448E-08    0.000E+00    0.000E+00
     1.300     0.740    0.672E-01    0.743E-02    0.379E-02    0.143E-04    0.143E-04    0.578E-05    0.578E-05    0.359E-08    0.359E-08    0.000E+00    0.000E+00
     1.300     0.741    0.664E-01    0.731E-02    0.371E-02    0.139E-04    0.139E-04    0.561E-05    0.561E-05    0.265E-08    0.265E-08    0.000E+00    0.000E+00
     1.300     0.742    0.657E-01    0.719E-02    0.363E-02    0.135E-04    0.135E-04    0.545E-05    0.545E-05    0.168E-08    0.168E-08    0.000E+00    0.000E+00
     1.300     0.743    0.649E-01    0.707E-02    0.355E-02    0.131E-04    0.131E-04    0.529E-05    0.529E-05    0.686E-09    0.686E-09    0.000E+00    0.000E+00
     1.300     0.744    0.641E-01    0.696E-02    0.347E-02    0.127E-04    0.127E-04    0.513E-05    0.513E-05    0.000E+00    0.000E+00    0.000E+00    0.000E+00
     1.300     0.745    0.634E-01    0.685E-02    0.340E-02    0.123E-04    0.123E-04    0.497E-05    0.497E-05    0.000E+00    0.000E+00    0.000E+00    0.000E+00
     1.300     0.746    0.626E-01    0.674E-02    0.332E-02    0.119E-04    0.119E-04    0.482E-05    0.482E-05    0.000E+00    0.000E+00    0.000E+00    0.000E+00
     1.300     0.747    0.619E-01    0.663E-02    0.325E-02    0.115E-04    0.115E-04    0.467E-05    0.467E-05    0.000E+00    0.000E+00    0.000E+00    0.000E+00
     1.300     0.748    0.611E-01    0.652E-02    0.318E-02    0.112E-04    0.112E-04    0.452E-05    0.452E-05    0.000E+00    0.000E+00    0.000E+00    0.000E+00
     1.300     0.749    0.604E-01    0.641E-02    0.311E-02    0.108E-04    0.108E-04    0.438E-05    0.438E-05    0.000E+00    0.000E+00    0.000E+00    0.000E+00
     1.300     0.750    0.597E-01    0.630E-02    0.304E-02    0.105E-04    0.105E-04    0.424E-05    0.424E-05    0.000E+00    0.000E+00    0.000E+00    0.000E+00
     1.300     0.751    0.590E-01    0.620E-02    0.297E-02    0.101E-04    0.101E-04    0.411E-05    0.411E-05    0.000E+00    0.000E+00    0.000E+00    0.000E+00
     1.300     0.752    0.582E-01    0.610E-02    0.291E-02    0.981E-05    0.981E-05    0.398E-05    0.398E-05    0.000E+00    0.000E+00    0.000E+00    0.000E+00
     1.300     0.753    0.575E-01    0.600E-02    0.284E-02    0.950E-05    0.950E-05    0.385E-05    0.385E-05    0.000E+00    0.000E+00    0.000E+00    0.000E+00
     1.300     0.754    0.568E-01    0.590E-02    0.278E-02    0.919E-05    0.919E-05    0.373E-05    0.373E-05    0.000E+00    0.000E+00    0.000E+00    0.000E+00
     1.300     0.755    0.561E-01    0.580E-02    0.271E-02    0.890E-05    0.890E-05    0.361E-05    0.361E-05    0.000E+00    0.000E+00    0.000E+00    0.000E+00
     1.300     0.756    0.554E-01    0.570E-02    0.265E-02    0.861E-05    0.861E-05    0.350E-05    0.350E-05    0.000E+00    0.000E+00    0.000E+00    0.000E+00
     1.300     0.757    0.547E-01    0.561E-02    0.259E-02    0.833E-05    0.833E-05    0.339E-05    0.339E-05    0.000E+00    0.000E+00    0.000E+00    0.000E+00
     1.300     0.758    0.540E-01    0.551E-02    0.253E-02    0.806E-05    0.806E-05    0.328E-05    0.328E-05    0.000E+00    0.000E+00    0.000E+00    0.000E+00
     1.300     0.759    0.533E-01    0.542E-02    0.247E-02    0.780E-05    0.780E-05    0.317E-05    0.317E-05    0.000E+00    0.000E+00    0.000E+00    0.000E+00
     1.300     0.760    0.527E-01    0.533E-02    0.241E-02    0.755E-05    0.755E-05    0.307E-05    0.307E-05    0.000E+00    0.000E+00    0.000E+00    0.000E+00
     1.300     0.761    0.520E-01    0.524E-02    0.236E-02    0.730E-05    0.730E-05    0.297E-05    0.297E-05    0.000E+00    0.000E+00    0.000E+00    0.000E+00
     1.300     0.762    0.513E-01    0.515E-02    0.230E-02    0.706E-05    0.706E-05    0.288E-05    0.288E-05    0.000E+00    0.000E+00    0.000E+00    0.000E+00
     1.300     0.763    0.507E-01    0.506E-02    0.225E-02    0.683E-05    0.683E-05    0.278E-05    0.278E-05    0.000E+00    0.000E+00    0.000E+00    0.000E+00
     1.300     0.764    0.500E-01    0.498E-02    0.219E-02    0.661E-05    0.661E-05    0.269E-05    0.269E-05    0.000E+00    0.000E+00    0.000E+00    0.000E+00
     1.300     0.765    0.494E-01    0.489E-02    0.214E-02    0.639E-05    0.639E-05    0.261E-05    0.261E-05    0.000E+00    0.000E+00    0.000E+00    0.000E+00
     1.300     0.766    0.487E-01    0.481E-02    0.209E-02    0.618E-05    0.618E-05    0.252E-05    0.252E-05    0.000E+00    0.000E+00    0.000E+00    0.000E+00
     1.300     0.767    0.481E-01    0.472E-02    0.204E-02    0.597E-05    0.597E-05    0.244E-05    0.244E-05    0.000E+00    0.000E+00    0.000E+00    0.000E+00
     1.300     0.768    0.474E-01    0.464E-02    0.199E-02    0.577E-05    0.577E-05    0.236E-05    0.236E-05    0.000E+00    0.000E+00    0.000E+00    0.000E+00
     1.300     0.769    0.468E-01    0.456E-02    0.194E-02    0.557E-05    0.557E-05    0.228E-05    0.228E-05    0.000E+00    0.000E+00    0.000E+00    0.000E+00
     1.300     0.770    0.462E-01    0.448E-02    0.189E-02    0.538E-05    0.538E-05    0.220E-05    0.220E-05    0.000E+00    0.000E+00    0.000E+00    0.000E+00
     1.300     0.771    0.456E-01    0.440E-02    0.185E-02    0.519E-05    0.519E-05    0.212E-05    0.212E-05    0.000E+00    0.000E+00    0.000E+00    0.000E+00
     1.300     0.772    0.450E-01    0.433E-02    0.180E-02    0.501E-05    0.501E-05    0.205E-05    0.205E-05    0.000E+00    0.000E+00    0.000E+00    0.000E+00
     1.300     0.773    0.444E-01    0.425E-02    0.176E-02    0.483E-05    0.483E-05    0.198E-05    0.198E-05    0.000E+00    0.000E+00    0.000E+00    0.000E+00
     1.300     0.774    0.438E-01    0.418E-02    0.171E-02    0.466E-05    0.466E-05    0.191E-05    0.191E-05    0.000E+00    0.000E+00    0.000E+00    0.000E+00
     1.300     0.775    0.432E-01    0.410E-02    0.167E-02    0.450E-05    0.450E-05    0.184E-05    0.184E-05    0.000E+00    0.000E+00    0.000E+00    0.000E+00
     1.300     0.776    0.426E-01    0.403E-02    0.163E-02    0.434E-05    0.434E-05    0.178E-05    0.178E-05    0.000E+00    0.000E+00    0.000E+00    0.000E+00
     1.300     0.777    0.420E-01    0.396E-02    0.158E-02    0.418E-05    0.418E-05    0.172E-05    0.172E-05    0.000E+00    0.000E+00    0.000E+00    0.000E+00
     1.300     0.778    0.414E-01    0.389E-02    0.154E-02    0.403E-05    0.403E-05    0.166E-05    0.166E-05    0.000E+00    0.000E+00    0.000E+00    0.000E+00
     1.300     0.779    0.408E-01    0.382E-02    0.150E-02    0.389E-05    0.389E-05    0.160E-05    0.160E-05    0.000E+00    0.000E+00    0.000E+00    0.000E+00
     1.300     0.780    0.402E-01    0.375E-02    0.147E-02    0.375E-05    0.375E-05    0.154E-05    0.154E-05    0.000E+00    0.000E+00    0.000E+00    0.000E+00
     1.300     0.781    0.397E-01    0.369E-02    0.143E-02    0.362E-05    0.362E-05    0.149E-05    0.149E-05    0.000E+00    0.000E+00    0.000E+00    0.000E+00
     1.300     0.782    0.391E-01    0.362E-02    0.139E-02    0.349E-05    0.349E-05    0.144E-05    0.144E-05    0.000E+00    0.000E+00    0.000E+00    0.000E+00
     1.300     0.783    0.386E-01    0.355E-02    0.135E-02    0.336E-05    0.336E-05    0.139E-05    0.139E-05    0.000E+00    0.000E+00    0.000E+00    0.000E+00
     1.300     0.784    0.380E-01    0.349E-02    0.132E-02    0.324E-05    0.324E-05    0.134E-05    0.134E-05    0.000E+00    0.000E+00    0.000E+00    0.000E+00
     1.300     0.785    0.375E-01    0.343E-02    0.128E-02    0.312E-05    0.312E-05    0.129E-05    0.129E-05    0.000E+00    0.000E+00    0.000E+00    0.000E+00
     1.300     0.786    0.369E-01    0.337E-02    0.125E-02    0.301E-05    0.301E-05    0.124E-05    0.124E-05    0.000E+00    0.000E+00    0.000E+00    0.000E+00
     1.300     0.787    0.364E-01    0.330E-02    0.122E-02    0.290E-05    0.290E-05    0.120E-05    0.120E-05    0.000E+00    0.000E+00    0.000E+00    0.000E+00
     1.300     0.788    0.358E-01    0.324E-02    0.118E-02    0.280E-05    0.280E-05    0.116E-05    0.116E-05    0.000E+00    0.000E+00    0.000E+00    0.000E+00
     1.300     0.789    0.353E-01    0.318E-02    0.115E-02    0.270E-05    0.270E-05    0.112E-05    0.112E-05    0.000E+00    0.000E+00    0.000E+00    0.000E+00
     1.300     0.790    0.348E-01    0.313E-02    0.112E-02    0.260E-05    0.260E-05    0.107E-05    0.107E-05    0.000E+00    0.000E+00    0.000E+00    0.000E+00
     1.300     0.791    0.343E-01    0.307E-02    0.109E-02    0.250E-05    0.250E-05    0.103E-05    0.103E-05    0.000E+00    0.000E+00    0.000E+00    0.000E+00
     1.300     0.792    0.338E-01    0.301E-02    0.106E-02    0.240E-05    0.240E-05    0.995E-06    0.995E-06    0.000E+00    0.000E+00    0.000E+00    0.000E+00
     1.300     0.793    0.333E-01    0.296E-02    0.103E-02    0.231E-05    0.231E-05    0.957E-06    0.957E-06    0.000E+00    0.000E+00    0.000E+00    0.000E+00
     1.300     0.794    0.328E-01    0.290E-02    0.100E-02    0.222E-05    0.222E-05    0.920E-06    0.920E-06    0.000E+00    0.000E+00    0.000E+00    0.000E+00
     1.300     0.795    0.323E-01    0.285E-02    0.972E-03    0.213E-05    0.213E-05    0.885E-06    0.885E-06    0.000E+00    0.000E+00    0.000E+00    0.000E+00
     1.300     0.796    0.318E-01    0.279E-02    0.944E-03    0.205E-05    0.205E-05    0.851E-06    0.851E-06    0.000E+00    0.000E+00    0.000E+00    0.000E+00
     1.300     0.797    0.313E-01    0.274E-02    0.918E-03    0.196E-05    0.196E-05    0.818E-06    0.818E-06    0.000E+00    0.000E+00    0.000E+00    0.000E+00
     1.300     0.798    0.308E-01    0.269E-02    0.891E-03    0.189E-05    0.189E-05    0.786E-06    0.786E-06    0.000E+00    0.000E+00    0.000E+00    0.000E+00
     1.300     0.799    0.303E-01    0.264E-02    0.866E-03    0.181E-05    0.181E-05    0.755E-06    0.755E-06    0.000E+00    0.000E+00    0.000E+00    0.000E+00
     1.300     0.800    0.298E-01    0.259E-02    0.841E-03    0.174E-05    0.174E-05    0.726E-06    0.726E-06    0.000E+00    0.000E+00    0.000E+00    0.000E+00
     1.300     0.801    0.294E-01    0.254E-02    0.816E-03    0.167E-05    0.167E-05    0.697E-06    0.697E-06    0.000E+00    0.000E+00    0.000E+00    0.000E+00
     1.300     0.802    0.289E-01    0.249E-02    0.792E-03    0.160E-05    0.160E-05    0.670E-06    0.670E-06    0.000E+00    0.000E+00    0.000E+00    0.000E+00
     1.300     0.803    0.284E-01    0.244E-02    0.769E-03    0.154E-05    0.154E-05    0.644E-06    0.644E-06    0.000E+00    0.000E+00    0.000E+00    0.000E+00
     1.300     0.804    0.280E-01    0.240E-02    0.746E-03    0.148E-05    0.148E-05    0.618E-06    0.618E-06    0.000E+00    0.000E+00    0.000E+00    0.000E+00
     1.300     0.805    0.275E-01    0.235E-02    0.724E-03    0.142E-05    0.142E-05    0.594E-06    0.594E-06    0.000E+00    0.000E+00    0.000E+00    0.000E+00
     1.300     0.806    0.271E-01    0.231E-02    0.702E-03    0.136E-05    0.136E-05    0.571E-06    0.571E-06    0.000E+00    0.000E+00    0.000E+00    0.000E+00
     1.300     0.807    0.267E-01    0.226E-02    0.681E-03    0.131E-05    0.131E-05    0.548E-06    0.548E-06    0.000E+00    0.000E+00    0.000E+00    0.000E+00
     1.300     0.808    0.262E-01    0.222E-02    0.661E-03    0.125E-05    0.125E-05    0.527E-06    0.527E-06    0.000E+00    0.000E+00    0.000E+00    0.000E+00
     1.300     0.809    0.258E-01    0.217E-02    0.641E-03    0.120E-05    0.120E-05    0.506E-06    0.506E-06    0.000E+00    0.000E+00    0.000E+00    0.000E+00
     1.300     0.810    0.254E-01    0.213E-02    0.621E-03    0.116E-05    0.116E-05    0.486E-06    0.486E-06    0.000E+00    0.000E+00    0.000E+00    0.000E+00
     1.300     0.811    0.249E-01    0.209E-02    0.602E-03    0.111E-05    0.111E-05    0.467E-06    0.467E-06    0.000E+00    0.000E+00    0.000E+00    0.000E+00
     1.300     0.812    0.245E-01    0.205E-02    0.584E-03    0.107E-05    0.107E-05    0.448E-06    0.448E-06    0.000E+00    0.000E+00    0.000E+00    0.000E+00
     1.300     0.813    0.241E-01    0.201E-02    0.566E-03    0.102E-05    0.102E-05    0.431E-06    0.431E-06    0.000E+00    0.000E+00    0.000E+00    0.000E+00
     1.300     0.814    0.237E-01    0.197E-02    0.548E-03    0.977E-06    0.977E-06    0.412E-06    0.412E-06    0.000E+00    0.000E+00    0.000E+00    0.000E+00
     1.300     0.815    0.233E-01    0.193E-02    0.530E-03    0.934E-06    0.934E-06    0.394E-06    0.394E-06    0.000E+00    0.000E+00    0.000E+00    0.000E+00
     1.300     0.816    0.229E-01    0.189E-02    0.513E-03    0.893E-06    0.893E-06    0.377E-06    0.377E-06    0.000E+00    0.000E+00    0.000E+00    0.000E+00
     1.300     0.817    0.225E-01    0.185E-02    0.497E-03    0.853E-06    0.853E-06    0.361E-06    0.361E-06    0.000E+00    0.000E+00    0.000E+00    0.000E+00
     1.300     0.818    0.221E-01    0.182E-02    0.481E-03    0.815E-06    0.815E-06    0.345E-06    0.345E-06    0.000E+00    0.000E+00    0.000E+00    0.000E+00
     1.300     0.819    0.217E-01    0.178E-02    0.465E-03    0.779E-06    0.779E-06    0.330E-06    0.330E-06    0.000E+00    0.000E+00    0.000E+00    0.000E+00
     1.300     0.820    0.213E-01    0.174E-02    0.450E-03    0.744E-06    0.744E-06    0.316E-06    0.316E-06    0.000E+00    0.000E+00    0.000E+00    0.000E+00
     1.300     0.821    0.210E-01    0.171E-02    0.435E-03    0.710E-06    0.710E-06    0.302E-06    0.302E-06    0.000E+00    0.000E+00    0.000E+00    0.000E+00
     1.300     0.822    0.206E-01    0.167E-02    0.421E-03    0.678E-06    0.678E-06    0.289E-06    0.289E-06    0.000E+00    0.000E+00    0.000E+00    0.000E+00
     1.300     0.823    0.202E-01    0.164E-02    0.407E-03    0.647E-06    0.647E-06    0.276E-06    0.276E-06    0.000E+00    0.000E+00    0.000E+00    0.000E+00
     1.300     0.824    0.199E-01    0.161E-02    0.393E-03    0.618E-06    0.618E-06    0.264E-06    0.264E-06    0.000E+00    0.000E+00    0.000E+00    0.000E+00
     1.300     0.825    0.195E-01    0.157E-02    0.380E-03    0.590E-06    0.590E-06    0.252E-06    0.252E-06    0.000E+00    0.000E+00    0.000E+00    0.000E+00
     1.300     0.826    0.191E-01    0.154E-02    0.367E-03    0.563E-06    0.563E-06    0.241E-06    0.241E-06    0.000E+00    0.000E+00    0.000E+00    0.000E+00
     1.300     0.827    0.188E-01    0.151E-02    0.354E-03    0.538E-06    0.538E-06    0.230E-06    0.230E-06    0.000E+00    0.000E+00    0.000E+00    0.000E+00
     1.300     0.828    0.184E-01    0.148E-02    0.342E-03    0.513E-06    0.513E-06    0.220E-06    0.220E-06    0.000E+00    0.000E+00    0.000E+00    0.000E+00
     1.300     0.829    0.181E-01    0.145E-02    0.330E-03    0.490E-06    0.490E-06    0.210E-06    0.210E-06    0.000E+00    0.000E+00    0.000E+00    0.000E+00
     1.300     0.830    0.178E-01    0.142E-02    0.319E-03    0.468E-06    0.468E-06    0.201E-06    0.201E-06    0.000E+00    0.000E+00    0.000E+00    0.000E+00
     1.300     0.831    0.174E-01    0.139E-02    0.308E-03    0.446E-06    0.446E-06    0.192E-06    0.192E-06    0.000E+00    0.000E+00    0.000E+00    0.000E+00
     1.300     0.832    0.171E-01    0.136E-02    0.297E-03    0.426E-06    0.426E-06    0.183E-06    0.183E-06    0.000E+00    0.000E+00    0.000E+00    0.000E+00
     1.300     0.833    0.168E-01    0.133E-02    0.287E-03    0.407E-06    0.407E-06    0.175E-06    0.175E-06    0.000E+00    0.000E+00    0.000E+00    0.000E+00
     1.300     0.834    0.165E-01    0.130E-02    0.277E-03    0.389E-06    0.389E-06    0.167E-06    0.167E-06    0.000E+00    0.000E+00    0.000E+00    0.000E+00
     1.300     0.835    0.161E-01    0.127E-02    0.267E-03    0.371E-06    0.371E-06    0.160E-06    0.160E-06    0.000E+00    0.000E+00    0.000E+00    0.000E+00
     1.300     0.836    0.158E-01    0.125E-02    0.257E-03    0.355E-06    0.355E-06    0.153E-06    0.153E-06    0.000E+00    0.000E+00    0.000E+00    0.000E+00
     1.300     0.837    0.155E-01    0.122E-02    0.248E-03    0.337E-06    0.337E-06    0.146E-06    0.146E-06    0.000E+00    0.000E+00    0.000E+00    0.000E+00
     1.300     0.838    0.152E-01    0.119E-02    0.239E-03    0.320E-06    0.320E-06    0.138E-06    0.138E-06    0.000E+00    0.000E+00    0.000E+00    0.000E+00
     1.300     0.839    0.149E-01    0.117E-02    0.230E-03    0.303E-06    0.303E-06    0.132E-06    0.132E-06    0.000E+00    0.000E+00    0.000E+00    0.000E+00
     1.300     0.840    0.146E-01    0.114E-02    0.221E-03    0.288E-06    0.288E-06    0.125E-06    0.125E-06    0.000E+00    0.000E+00    0.000E+00    0.000E+00
     1.300     0.841    0.143E-01    0.111E-02    0.213E-03    0.273E-06    0.273E-06    0.119E-06    0.119E-06    0.000E+00    0.000E+00    0.000E+00    0.000E+00
     1.300     0.842    0.140E-01    0.109E-02    0.204E-03    0.259E-06    0.259E-06    0.113E-06    0.113E-06    0.000E+00    0.000E+00    0.000E+00    0.000E+00
     1.300     0.843    0.137E-01    0.107E-02    0.197E-03    0.245E-06    0.245E-06    0.107E-06    0.107E-06    0.000E+00    0.000E+00    0.000E+00    0.000E+00
     1.300     0.844    0.135E-01    0.104E-02    0.189E-03    0.232E-06    0.232E-06    0.101E-06    0.101E-06    0.000E+00    0.000E+00    0.000E+00    0.000E+00
     1.300     0.845    0.132E-01    0.102E-02    0.182E-03    0.220E-06    0.220E-06    0.963E-07    0.963E-07    0.000E+00    0.000E+00    0.000E+00    0.000E+00
     1.300     0.846    0.129E-01    0.996E-03    0.175E-03    0.208E-06    0.208E-06    0.913E-07    0.913E-07    0.000E+00    0.000E+00    0.000E+00    0.000E+00
     1.300     0.847    0.126E-01    0.973E-03    0.168E-03    0.197E-06    0.197E-06    0.867E-07    0.867E-07    0.000E+00    0.000E+00    0.000E+00    0.000E+00
     1.300     0.848    0.124E-01    0.951E-03    0.161E-03    0.187E-06    0.187E-06    0.822E-07    0.822E-07    0.000E+00    0.000E+00    0.000E+00    0.000E+00
     1.300     0.849    0.121E-01    0.930E-03    0.155E-03    0.177E-06    0.177E-06    0.780E-07    0.780E-07    0.000E+00    0.000E+00    0.000E+00    0.000E+00
     1.300     0.850    0.118E-01    0.908E-03    0.148E-03    0.168E-06    0.168E-06    0.740E-07    0.740E-07    0.000E+00    0.000E+00    0.000E+00    0.000E+00
     1.300     0.851    0.116E-01    0.887E-03    0.142E-03    0.159E-06    0.159E-06    0.702E-07    0.702E-07    0.000E+00    0.000E+00    0.000E+00    0.000E+00
     1.300     0.852    0.113E-01    0.867E-03    0.137E-03    0.151E-06    0.151E-06    0.666E-07    0.666E-07    0.000E+00    0.000E+00    0.000E+00    0.000E+00
     1.300     0.853    0.111E-01    0.847E-03    0.131E-03    0.143E-06    0.143E-06    0.632E-07    0.632E-07    0.000E+00    0.000E+00    0.000E+00    0.000E+00
     1.300     0.854    0.108E-01    0.827E-03    0.126E-03    0.135E-06    0.135E-06    0.600E-07    0.600E-07    0.000E+00    0.000E+00    0.000E+00    0.000E+00
     1.300     0.855    0.106E-01    0.808E-03    0.121E-03    0.128E-06    0.128E-06    0.570E-07    0.570E-07    0.000E+00    0.000E+00    0.000E+00    0.000E+00
     1.300     0.856    0.104E-01    0.789E-03    0.116E-03    0.122E-06    0.122E-06    0.542E-07    0.542E-07    0.000E+00    0.000E+00    0.000E+00    0.000E+00
     1.300     0.857    0.101E-01    0.770E-03    0.111E-03    0.116E-06    0.116E-06    0.515E-07    0.515E-07    0.000E+00    0.000E+00    0.000E+00    0.000E+00
     1.300     0.858    0.990E-02    0.752E-03    0.106E-03    0.110E-06    0.110E-06    0.490E-07    0.490E-07    0.000E+00    0.000E+00    0.000E+00    0.000E+00
     1.300     0.859    0.968E-02    0.734E-03    0.102E-03    0.104E-06    0.104E-06    0.466E-07    0.466E-07    0.000E+00    0.000E+00    0.000E+00    0.000E+00
     1.300     0.860    0.945E-02    0.716E-03    0.973E-04    0.984E-07    0.984E-07    0.440E-07    0.440E-07    0.000E+00    0.000E+00    0.000E+00    0.000E+00
     1.300     0.861    0.923E-02    0.698E-03    0.930E-04    0.925E-07    0.925E-07    0.414E-07    0.414E-07    0.000E+00    0.000E+00    0.000E+00    0.000E+00
     1.300     0.862    0.902E-02    0.681E-03    0.888E-04    0.868E-07    0.868E-07    0.390E-07    0.390E-07    0.000E+00    0.000E+00    0.000E+00    0.000E+00
     1.300     0.863    0.880E-02    0.664E-03    0.848E-04    0.814E-07    0.814E-07    0.367E-07    0.367E-07    0.000E+00    0.000E+00    0.000E+00    0.000E+00
     1.300     0.864    0.859E-02    0.648E-03    0.809E-04    0.764E-07    0.764E-07    0.345E-07    0.345E-07    0.000E+00    0.000E+00    0.000E+00    0.000E+00
     1.300     0.865    0.839E-02    0.632E-03    0.772E-04    0.716E-07    0.716E-07    0.324E-07    0.324E-07    0.000E+00    0.000E+00    0.000E+00    0.000E+00
     1.300     0.866    0.819E-02    0.616E-03    0.736E-04    0.671E-07    0.671E-07    0.304E-07    0.304E-07    0.000E+00    0.000E+00    0.000E+00    0.000E+00
     1.300     0.867    0.799E-02    0.600E-03    0.702E-04    0.628E-07    0.628E-07    0.286E-07    0.286E-07    0.000E+00    0.000E+00    0.000E+00    0.000E+00
     1.300     0.868    0.779E-02    0.585E-03    0.669E-04    0.588E-07    0.588E-07    0.268E-07    0.268E-07    0.000E+00    0.000E+00    0.000E+00    0.000E+00
     1.300     0.869    0.760E-02    0.570E-03    0.637E-04    0.551E-07    0.551E-07    0.252E-07    0.252E-07    0.000E+00    0.000E+00    0.000E+00    0.000E+00
     1.300     0.870    0.741E-02    0.555E-03    0.607E-04    0.515E-07    0.515E-07    0.236E-07    0.236E-07    0.000E+00    0.000E+00    0.000E+00    0.000E+00
     1.300     0.871    0.722E-02    0.541E-03    0.578E-04    0.483E-07    0.483E-07    0.222E-07    0.222E-07    0.000E+00    0.000E+00    0.000E+00    0.000E+00
     1.300     0.872    0.704E-02    0.527E-03    0.550E-04    0.452E-07    0.452E-07    0.208E-07    0.208E-07    0.000E+00    0.000E+00    0.000E+00    0.000E+00
     1.300     0.873    0.686E-02    0.513E-03    0.523E-04    0.423E-07    0.423E-07    0.195E-07    0.195E-07    0.000E+00    0.000E+00    0.000E+00    0.000E+00
     1.300     0.874    0.668E-02    0.500E-03    0.498E-04    0.397E-07    0.397E-07    0.184E-07    0.184E-07    0.000E+00    0.000E+00    0.000E+00    0.000E+00
     1.300     0.875    0.651E-02    0.486E-03    0.474E-04    0.372E-07    0.372E-07    0.172E-07    0.172E-07    0.000E+00    0.000E+00    0.000E+00    0.000E+00
     1.300     0.876    0.634E-02    0.473E-03    0.450E-04    0.349E-07    0.349E-07    0.162E-07    0.162E-07    0.000E+00    0.000E+00    0.000E+00    0.000E+00
     1.300     0.877    0.617E-02    0.461E-03    0.428E-04    0.328E-07    0.328E-07    0.153E-07    0.153E-07    0.000E+00    0.000E+00    0.000E+00    0.000E+00
     1.300     0.878    0.601E-02    0.448E-03    0.407E-04    0.308E-07    0.308E-07    0.144E-07    0.144E-07    0.000E+00    0.000E+00    0.000E+00    0.000E+00
     1.300     0.879    0.584E-02    0.436E-03    0.387E-04    0.290E-07    0.290E-07    0.136E-07    0.136E-07    0.000E+00    0.000E+00    0.000E+00    0.000E+00
     1.300     0.880    0.569E-02    0.424E-03    0.368E-04    0.274E-07    0.274E-07    0.128E-07    0.128E-07    0.000E+00    0.000E+00    0.000E+00    0.000E+00
     1.300     0.881    0.553E-02    0.413E-03    0.349E-04    0.259E-07    0.259E-07    0.121E-07    0.121E-07    0.000E+00    0.000E+00    0.000E+00    0.000E+00
     1.300     0.882    0.538E-02    0.401E-03    0.332E-04    0.245E-07    0.245E-07    0.115E-07    0.115E-07    0.000E+00    0.000E+00    0.000E+00    0.000E+00
     1.300     0.883    0.523E-02    0.390E-03    0.314E-04    0.229E-07    0.229E-07    0.108E-07    0.108E-07    0.000E+00    0.000E+00    0.000E+00    0.000E+00
     1.300     0.884    0.508E-02    0.379E-03    0.297E-04    0.212E-07    0.212E-07    0.999E-08    0.999E-08    0.000E+00    0.000E+00    0.000E+00    0.000E+00
     1.300     0.885    0.494E-02    0.368E-03    0.280E-04    0.196E-07    0.196E-07    0.925E-08    0.925E-08    0.000E+00    0.000E+00    0.000E+00    0.000E+00
     1.300     0.886    0.479E-02    0.357E-03    0.264E-04    0.180E-07    0.180E-07    0.857E-08    0.857E-08    0.000E+00    0.000E+00    0.000E+00    0.000E+00
     1.300     0.887    0.466E-02    0.347E-03    0.249E-04    0.166E-07    0.166E-07    0.792E-08    0.792E-08    0.000E+00    0.000E+00    0.000E+00    0.000E+00
     1.300     0.888    0.452E-02    0.337E-03    0.235E-04    0.153E-07    0.153E-07    0.732E-08    0.732E-08    0.000E+00    0.000E+00    0.000E+00    0.000E+00
     1.300     0.889    0.439E-02    0.327E-03    0.221E-04    0.140E-07    0.140E-07    0.676E-08    0.676E-08    0.000E+00    0.000E+00    0.000E+00    0.000E+00
     1.300     0.890    0.426E-02    0.317E-03    0.208E-04    0.129E-07    0.129E-07    0.624E-08    0.624E-08    0.000E+00    0.000E+00    0.000E+00    0.000E+00
     1.300     0.891    0.413E-02    0.307E-03    0.195E-04    0.118E-07    0.118E-07    0.575E-08    0.575E-08    0.000E+00    0.000E+00    0.000E+00    0.000E+00
     1.300     0.892    0.400E-02    0.298E-03    0.184E-04    0.108E-07    0.108E-07    0.530E-08    0.530E-08    0.000E+00    0.000E+00    0.000E+00    0.000E+00
     1.300     0.893    0.388E-02    0.289E-03    0.173E-04    0.994E-08    0.994E-08    0.488E-08    0.488E-08    0.000E+00    0.000E+00    0.000E+00    0.000E+00
     1.300     0.894    0.376E-02    0.280E-03    0.162E-04    0.911E-08    0.911E-08    0.450E-08    0.450E-08    0.000E+00    0.000E+00    0.000E+00    0.000E+00
     1.300     0.895    0.364E-02    0.271E-03    0.152E-04    0.836E-08    0.836E-08    0.415E-08    0.415E-08    0.000E+00    0.000E+00    0.000E+00    0.000E+00
     1.300     0.896    0.353E-02    0.263E-03    0.143E-04    0.768E-08    0.768E-08    0.383E-08    0.383E-08    0.000E+00    0.000E+00    0.000E+00    0.000E+00
     1.300     0.897    0.342E-02    0.255E-03    0.134E-04    0.706E-08    0.706E-08    0.354E-08    0.354E-08    0.000E+00    0.000E+00    0.000E+00    0.000E+00
     1.300     0.898    0.331E-02    0.247E-03    0.126E-04    0.650E-08    0.650E-08    0.327E-08    0.327E-08    0.000E+00    0.000E+00    0.000E+00    0.000E+00
     1.300     0.899    0.320E-02    0.239E-03    0.118E-04    0.600E-08    0.600E-08    0.303E-08    0.303E-08    0.000E+00    0.000E+00    0.000E+00    0.000E+00
     1.300     0.900    0.310E-02    0.231E-03    0.110E-04    0.556E-08    0.556E-08    0.282E-08    0.282E-08    0.000E+00    0.000E+00    0.000E+00    0.000E+00
     1.300     0.901    0.299E-02    0.223E-03    0.104E-04    0.517E-08    0.517E-08    0.263E-08    0.263E-08    0.000E+00    0.000E+00    0.000E+00    0.000E+00
     1.300     0.902    0.289E-02    0.216E-03    0.972E-05    0.483E-08    0.483E-08    0.246E-08    0.246E-08    0.000E+00    0.000E+00    0.000E+00    0.000E+00
     1.300     0.903    0.280E-02    0.209E-03    0.912E-05    0.453E-08    0.453E-08    0.230E-08    0.230E-08    0.000E+00    0.000E+00    0.000E+00    0.000E+00
     1.300     0.904    0.270E-02    0.202E-03    0.856E-05    0.427E-08    0.427E-08    0.217E-08    0.217E-08    0.000E+00    0.000E+00    0.000E+00    0.000E+00
     1.300     0.905    0.261E-02    0.195E-03    0.804E-05    0.406E-08    0.406E-08    0.206E-08    0.206E-08    0.000E+00    0.000E+00    0.000E+00    0.000E+00
     1.300     0.906    0.252E-02    0.188E-03    0.754E-05    0.384E-08    0.384E-08    0.194E-08    0.194E-08    0.000E+00    0.000E+00    0.000E+00    0.000E+00
     1.300     0.907    0.243E-02    0.182E-03    0.698E-05    0.344E-08    0.344E-08    0.175E-08    0.175E-08    0.000E+00    0.000E+00    0.000E+00    0.000E+00
     1.300     0.908    0.234E-02    0.175E-03    0.645E-05    0.308E-08    0.308E-08    0.158E-08    0.158E-08    0.000E+00    0.000E+00    0.000E+00    0.000E+00
     1.300     0.909    0.226E-02    0.169E-03    0.595E-05    0.274E-08    0.274E-08    0.141E-08    0.141E-08    0.000E+00    0.000E+00    0.000E+00    0.000E+00
     1.300     0.910    0.217E-02    0.163E-03    0.548E-05    0.243E-08    0.243E-08    0.126E-08    0.126E-08    0.000E+00    0.000E+00    0.000E+00    0.000E+00
     1.300     0.911    0.209E-02    0.157E-03    0.504E-05    0.215E-08    0.215E-08    0.113E-08    0.113E-08    0.000E+00    0.000E+00    0.000E+00    0.000E+00
     1.300     0.912    0.201E-02    0.151E-03    0.462E-05    0.189E-08    0.189E-08    0.999E-09    0.999E-09    0.000E+00    0.000E+00    0.000E+00    0.000E+00
     1.300     0.913    0.194E-02    0.146E-03    0.424E-05    0.165E-08    0.165E-08    0.883E-09    0.883E-09    0.000E+00    0.000E+00    0.000E+00    0.000E+00
     1.300     0.914    0.186E-02    0.140E-03    0.388E-05    0.144E-08    0.144E-08    0.777E-09    0.777E-09    0.000E+00    0.000E+00    0.000E+00    0.000E+00
     1.300     0.915    0.179E-02    0.135E-03    0.355E-05    0.125E-08    0.125E-08    0.682E-09    0.682E-09    0.000E+00    0.000E+00    0.000E+00    0.000E+00
     1.300     0.916    0.172E-02    0.130E-03    0.324E-05    0.108E-08    0.108E-08    0.596E-09    0.596E-09    0.000E+00    0.000E+00    0.000E+00    0.000E+00
     1.300     0.917    0.165E-02    0.125E-03    0.296E-05    0.936E-09    0.936E-09    0.520E-09    0.520E-09    0.000E+00    0.000E+00    0.000E+00    0.000E+00
     1.300     0.918    0.159E-02    0.120E-03    0.270E-05    0.807E-09    0.807E-09    0.452E-09    0.452E-09    0.000E+00    0.000E+00    0.000E+00    0.000E+00
     1.300     0.919    0.152E-02    0.115E-03    0.246E-05    0.696E-09    0.696E-09    0.392E-09    0.392E-09    0.000E+00    0.000E+00    0.000E+00    0.000E+00
     1.300     0.920    0.146E-02    0.110E-03    0.224E-05    0.602E-09    0.602E-09    0.341E-09    0.341E-09    0.000E+00    0.000E+00    0.000E+00    0.000E+00
     1.300     0.921    0.140E-02    0.106E-03    0.204E-05    0.524E-09    0.524E-09    0.297E-09    0.297E-09    0.000E+00    0.000E+00    0.000E+00    0.000E+00
     1.300     0.922    0.134E-02    0.102E-03    0.187E-05    0.461E-09    0.461E-09    0.259E-09    0.259E-09    0.000E+00    0.000E+00    0.000E+00    0.000E+00
     1.300     0.923    0.128E-02    0.974E-04    0.170E-05    0.412E-09    0.412E-09    0.229E-09    0.229E-09    0.000E+00    0.000E+00    0.000E+00    0.000E+00
     1.300     0.924    0.123E-02    0.933E-04    0.156E-05    0.376E-09    0.376E-09    0.204E-09    0.204E-09    0.000E+00    0.000E+00    0.000E+00    0.000E+00
     1.300     0.925    0.117E-02    0.893E-04    0.143E-05    0.351E-09    0.351E-09    0.185E-09    0.185E-09    0.000E+00    0.000E+00    0.000E+00    0.000E+00
     1.300     0.926    0.112E-02    0.854E-04    0.132E-05    0.337E-09    0.337E-09    0.171E-09    0.171E-09    0.000E+00    0.000E+00    0.000E+00    0.000E+00
     1.300     0.927    0.107E-02    0.817E-04    0.122E-05    0.333E-09    0.333E-09    0.162E-09    0.162E-09    0.000E+00    0.000E+00    0.000E+00    0.000E+00
     1.300     0.928    0.102E-02    0.781E-04    0.113E-05    0.337E-09    0.337E-09    0.157E-09    0.157E-09    0.000E+00    0.000E+00    0.000E+00    0.000E+00
     1.300     0.929    0.974E-03    0.746E-04    0.105E-05    0.349E-09    0.349E-09    0.156E-09    0.156E-09    0.000E+00    0.000E+00    0.000E+00    0.000E+00
     1.300     0.930    0.928E-03    0.712E-04    0.944E-06    0.311E-09    0.311E-09    0.135E-09    0.135E-09    0.000E+00    0.000E+00    0.000E+00    0.000E+00
     1.300     0.931    0.884E-03    0.678E-04    0.824E-06    0.254E-09    0.254E-09    0.107E-09    0.107E-09    0.000E+00    0.000E+00    0.000E+00    0.000E+00
     1.300     0.932    0.841E-03    0.646E-04    0.714E-06    0.202E-09    0.202E-09    0.811E-10    0.811E-10    0.000E+00    0.000E+00    0.000E+00    0.000E+00
     1.300     0.933    0.799E-03    0.615E-04    0.614E-06    0.156E-09    0.156E-09    0.583E-10    0.583E-10    0.000E+00    0.000E+00    0.000E+00    0.000E+00
     1.300     0.934    0.759E-03    0.585E-04    0.522E-06    0.114E-09    0.114E-09    0.381E-10    0.381E-10    0.000E+00    0.000E+00    0.000E+00    0.000E+00
     1.300     0.935    0.720E-03    0.556E-04    0.439E-06    0.779E-10    0.779E-10    0.205E-10    0.205E-10    0.000E+00    0.000E+00    0.000E+00    0.000E+00
     1.300     0.936    0.683E-03    0.528E-04    0.365E-06    0.460E-10    0.460E-10    0.520E-11    0.520E-11    0.000E+00    0.000E+00    0.000E+00    0.000E+00
     1.300     0.937    0.647E-03    0.501E-04    0.298E-06    0.185E-10    0.185E-10    0.000E+00    0.000E+00    0.000E+00    0.000E+00    0.000E+00    0.000E+00
     1.300     0.938    0.612E-03    0.475E-04    0.239E-06    0.000E+00    0.000E+00    0.000E+00    0.000E+00    0.000E+00    0.000E+00    0.000E+00    0.000E+00
     1.300     0.939    0.579E-03    0.449E-04    0.187E-06    0.000E+00    0.000E+00    0.000E+00    0.000E+00    0.000E+00    0.000E+00    0.000E+00    0.000E+00
     1.300     0.940    0.547E-03    0.425E-04    0.142E-06    0.000E+00    0.000E+00    0.000E+00    0.000E+00    0.000E+00    0.000E+00    0.000E+00    0.000E+00
     1.300     0.941    0.516E-03    0.402E-04    0.103E-06    0.000E+00    0.000E+00    0.000E+00    0.000E+00    0.000E+00    0.000E+00    0.000E+00    0.000E+00
     1.300     0.942    0.486E-03    0.379E-04    0.712E-07    0.000E+00    0.000E+00    0.000E+00    0.000E+00    0.000E+00    0.000E+00    0.000E+00    0.000E+00
     1.300     0.943    0.458E-03    0.358E-04    0.447E-07    0.000E+00    0.000E+00    0.000E+00    0.000E+00    0.000E+00    0.000E+00    0.000E+00    0.000E+00
     1.300     0.944    0.431E-03    0.337E-04    0.238E-07    0.000E+00    0.000E+00    0.000E+00    0.000E+00    0.000E+00    0.000E+00    0.000E+00    0.000E+00
     1.300     0.945    0.405E-03    0.317E-04    0.795E-08    0.000E+00    0.000E+00    0.000E+00    0.000E+00    0.000E+00    0.000E+00    0.000E+00    0.000E+00
     1.300     0.946    0.380E-03    0.298E-04    0.000E+00    0.000E+00    0.000E+00    0.000E+00    0.000E+00    0.000E+00    0.000E+00    0.000E+00    0.000E+00
     1.300     0.947    0.356E-03    0.280E-04    0.000E+00    0.000E+00    0.000E+00    0.000E+00    0.000E+00    0.000E+00    0.000E+00    0.000E+00    0.000E+00
     1.300     0.948    0.333E-03    0.262E-04    0.000E+00    0.000E+00    0.000E+00    0.000E+00    0.000E+00    0.000E+00    0.000E+00    0.000E+00    0.000E+00
     1.300     0.949    0.311E-03    0.246E-04    0.000E+00    0.000E+00    0.000E+00    0.000E+00    0.000E+00    0.000E+00    0.000E+00    0.000E+00    0.000E+00
     1.300     0.950    0.290E-03    0.230E-04    0.000E+00    0.000E+00    0.000E+00    0.000E+00    0.000E+00    0.000E+00    0.000E+00    0.000E+00    0.000E+00
     1.300     0.951    0.271E-03    0.214E-04    0.207E-09    0.000E+00    0.000E+00    0.000E+00    0.000E+00    0.000E+00    0.000E+00    0.000E+00    0.000E+00
     1.300     0.952    0.252E-03    0.200E-04    0.101E-07    0.000E+00    0.000E+00    0.000E+00    0.000E+00    0.000E+00    0.000E+00    0.000E+00    0.000E+00
     1.300     0.953    0.233E-03    0.185E-04    0.170E-07    0.609E-14    0.609E-14    0.000E+00    0.000E+00    0.000E+00    0.000E+00    0.000E+00    0.000E+00
     1.300     0.954    0.215E-03    0.171E-04    0.332E-08    0.000E+00    0.000E+00    0.000E+00    0.000E+00    0.000E+00    0.000E+00    0.000E+00    0.000E+00
     1.300     0.955    0.197E-03    0.158E-04    0.000E+00    0.000E+00    0.000E+00    0.000E+00    0.000E+00    0.000E+00    0.000E+00    0.000E+00    0.000E+00
     1.300     0.956    0.181E-03    0.145E-04    0.000E+00    0.000E+00    0.000E+00    0.000E+00    0.000E+00    0.000E+00    0.000E+00    0.000E+00    0.000E+00
     1.300     0.957    0.165E-03    0.132E-04    0.000E+00    0.000E+00    0.000E+00    0.000E+00    0.000E+00    0.000E+00    0.000E+00    0.000E+00    0.000E+00
     1.300     0.958    0.150E-03    0.120E-04    0.000E+00    0.000E+00    0.000E+00    0.000E+00    0.000E+00    0.000E+00    0.000E+00    0.000E+00    0.000E+00
     1.300     0.959    0.136E-03    0.109E-04    0.000E+00    0.000E+00    0.000E+00    0.000E+00    0.000E+00    0.000E+00    0.000E+00    0.000E+00    0.000E+00
     1.300     0.960    0.122E-03    0.987E-05    0.000E+00    0.000E+00    0.000E+00    0.000E+00    0.000E+00    0.000E+00    0.000E+00    0.000E+00    0.000E+00
     1.300     0.961    0.110E-03    0.886E-05    0.000E+00    0.000E+00    0.000E+00    0.000E+00    0.000E+00    0.000E+00    0.000E+00    0.000E+00    0.000E+00
     1.300     0.962    0.975E-04    0.791E-05    0.000E+00    0.000E+00    0.000E+00    0.000E+00    0.000E+00    0.000E+00    0.000E+00    0.000E+00    0.000E+00
     1.300     0.963    0.862E-04    0.702E-05    0.000E+00    0.000E+00    0.000E+00    0.000E+00    0.000E+00    0.000E+00    0.000E+00    0.000E+00    0.000E+00
     1.300     0.964    0.756E-04    0.617E-05    0.000E+00    0.000E+00    0.000E+00    0.000E+00    0.000E+00    0.000E+00    0.000E+00    0.000E+00    0.000E+00
     1.300     0.965    0.657E-04    0.538E-05    0.000E+00    0.000E+00    0.000E+00    0.000E+00    0.000E+00    0.000E+00    0.000E+00    0.000E+00    0.000E+00
     1.300     0.966    0.565E-04    0.464E-05    0.000E+00    0.000E+00    0.000E+00    0.000E+00    0.000E+00    0.000E+00    0.000E+00    0.000E+00    0.000E+00
     1.300     0.967    0.479E-04    0.394E-05    0.000E+00    0.000E+00    0.000E+00    0.000E+00    0.000E+00    0.000E+00    0.000E+00    0.000E+00    0.000E+00
     1.300     0.968    0.399E-04    0.330E-05    0.000E+00    0.000E+00    0.000E+00    0.000E+00    0.000E+00    0.000E+00    0.000E+00    0.000E+00    0.000E+00
     1.300     0.969    0.325E-04    0.270E-05    0.000E+00    0.000E+00    0.000E+00    0.000E+00    0.000E+00    0.000E+00    0.000E+00    0.000E+00    0.000E+00
     1.300     0.970    0.257E-04    0.214E-05    0.000E+00    0.000E+00    0.000E+00    0.000E+00    0.000E+00    0.000E+00    0.000E+00    0.000E+00    0.000E+00
     1.300     0.971    0.195E-04    0.163E-05    0.000E+00    0.000E+00    0.000E+00    0.000E+00    0.000E+00    0.000E+00    0.000E+00    0.000E+00    0.000E+00
     1.300     0.972    0.138E-04    0.116E-05    0.000E+00    0.000E+00    0.000E+00    0.000E+00    0.000E+00    0.000E+00    0.000E+00    0.000E+00    0.000E+00
     1.300     0.973    0.871E-05    0.734E-06    0.000E+00    0.000E+00    0.000E+00    0.000E+00    0.000E+00    0.000E+00    0.000E+00    0.000E+00    0.000E+00
     1.300     0.974    0.408E-05    0.346E-06    0.000E+00    0.000E+00    0.000E+00    0.000E+00    0.000E+00    0.000E+00    0.000E+00    0.000E+00    0.000E+00
     1.300     0.975    0.000E+00    0.000E+00    0.177E-08    0.141E-11    0.141E-11    0.100E-11    0.100E-11    0.000E+00    0.000E+00    0.000E+00    0.000E+00
     1.300     0.976    0.000E+00    0.000E+00    0.884E-08    0.413E-11    0.413E-11    0.221E-11    0.221E-11    0.000E+00    0.000E+00    0.000E+00    0.000E+00
     1.300     0.977    0.000E+00    0.000E+00    0.159E-07    0.685E-11    0.685E-11    0.343E-11    0.343E-11    0.000E+00    0.000E+00    0.000E+00    0.000E+00
     1.300     0.978    0.000E+00    0.000E+00    0.230E-07    0.954E-11    0.954E-11    0.462E-11    0.462E-11    0.000E+00    0.000E+00    0.000E+00    0.000E+00
     1.300     0.979    0.000E+00    0.000E+00    0.300E-07    0.122E-10    0.122E-10    0.579E-11    0.579E-11    0.000E+00    0.000E+00    0.000E+00    0.000E+00
     1.300     0.980    0.000E+00    0.000E+00    0.367E-07    0.147E-10    0.147E-10    0.692E-11    0.692E-11    0.000E+00    0.000E+00    0.000E+00    0.000E+00
     1.300     0.981    0.000E+00    0.000E+00    0.432E-07    0.171E-10    0.171E-10    0.800E-11    0.800E-11    0.000E+00    0.000E+00    0.000E+00    0.000E+00
     1.300     0.982    0.000E+00    0.000E+00    0.493E-07    0.194E-10    0.194E-10    0.900E-11    0.900E-11    0.000E+00    0.000E+00    0.000E+00    0.000E+00
     1.300     0.983    0.000E+00    0.000E+00    0.549E-07    0.215E-10    0.215E-10    0.993E-11    0.993E-11    0.000E+00    0.000E+00    0.000E+00    0.000E+00
     1.300     0.984    0.000E+00    0.000E+00    0.600E-07    0.234E-10    0.234E-10    0.108E-10    0.108E-10    0.000E+00    0.000E+00    0.000E+00    0.000E+00
     1.300     0.985    0.000E+00    0.000E+00    0.645E-07    0.251E-10    0.251E-10    0.115E-10    0.115E-10    0.000E+00    0.000E+00    0.000E+00    0.000E+00
     1.300     0.986    0.000E+00    0.000E+00    0.683E-07    0.264E-10    0.264E-10    0.121E-10    0.121E-10    0.000E+00    0.000E+00    0.000E+00    0.000E+00
     1.300     0.987    0.000E+00    0.000E+00    0.713E-07    0.275E-10    0.275E-10    0.126E-10    0.126E-10    0.000E+00    0.000E+00    0.000E+00    0.000E+00
     1.300     0.988    0.000E+00    0.000E+00    0.734E-07    0.283E-10    0.283E-10    0.129E-10    0.129E-10    0.000E+00    0.000E+00    0.000E+00    0.000E+00
     1.300     0.989    0.000E+00    0.000E+00    0.746E-07    0.286E-10    0.286E-10    0.130E-10    0.130E-10    0.000E+00    0.000E+00    0.000E+00    0.000E+00
     1.300     0.990    0.000E+00    0.000E+00    0.748E-07    0.286E-10    0.286E-10    0.130E-10    0.130E-10    0.000E+00    0.000E+00    0.000E+00    0.000E+00
     1.300     0.991    0.000E+00    0.000E+00    0.738E-07    0.282E-10    0.282E-10    0.128E-10    0.128E-10    0.000E+00    0.000E+00    0.000E+00    0.000E+00
     1.300     0.992    0.000E+00    0.000E+00    0.716E-07    0.273E-10    0.273E-10    0.124E-10    0.124E-10    0.000E+00    0.000E+00    0.000E+00    0.000E+00
     1.300     0.993    0.000E+00    0.000E+00    0.681E-07    0.259E-10    0.259E-10    0.117E-10    0.117E-10    0.000E+00    0.000E+00    0.000E+00    0.000E+00
     1.300     0.994    0.000E+00    0.000E+00    0.632E-07    0.240E-10    0.240E-10    0.109E-10    0.109E-10    0.000E+00    0.000E+00    0.000E+00    0.000E+00
     1.300     0.995    0.000E+00    0.000E+00    0.569E-07    0.216E-10    0.216E-10    0.976E-11    0.976E-11    0.000E+00    0.000E+00    0.000E+00    0.000E+00
     1.300     0.996    0.000E+00    0.000E+00    0.490E-07    0.186E-10    0.186E-10    0.838E-11    0.838E-11    0.000E+00    0.000E+00    0.000E+00    0.000E+00
     1.300     0.997    0.000E+00    0.000E+00    0.394E-07    0.149E-10    0.149E-10    0.674E-11    0.674E-11    0.000E+00    0.000E+00    0.000E+00    0.000E+00
     1.300     0.998    0.000E+00    0.000E+00    0.281E-07    0.106E-10    0.106E-10    0.480E-11    0.480E-11    0.000E+00    0.000E+00    0.000E+00    0.000E+00
     1.300     0.999    0.000E+00    0.000E+00    0.150E-07    0.568E-11    0.568E-11    0.256E-11    0.256E-11    0.000E+00    0.000E+00    0.000E+00    0.000E+00

