channel,q2_min,q2_max,q2,w_min,w_max,w,F_2,F_2_err
pi+ n,0.25,0.35,0.3,1.115,1.125,1.12,0.033086805977575774,0.0027441157941348426
pi+ n,0.25,0.35,0.3,1.125,1.135,1.13,0.035401802644072,0.0020749211821002
pi+ n,0.25,0.35,0.3,1.135,1.145,1.14,0.0439921669377322,0.0023886339744525
pi+ n,0.25,0.35,0.3,1.145,1.155,1.15,0.0525825312313924,0.0027023467668048
pi+ n,0.25,0.35,0.3,1.155,1.165,1.16,0.065459878297158,0.0082217087624001
pi+ n,0.25,0.35,0.3,1.165,1.175,1.17,0.0783372253629236,0.0137410707579954
pi+ n,0.25,0.35,0.3,1.175,1.185,1.18,0.09645838280329094,0.01271686064872615
pi+ n,0.25,0.35,0.3,1.185,1.195,1.19,0.1145795402436583,0.0116926505394569
pi+ n,0.25,0.35,0.3,1.195,1.205,1.2,0.13371369056535926,0.0123162028136704
pi+ n,0.25,0.35,0.3,1.205,1.215,1.21,0.1528478408870602,0.0129397550878839
pi+ n,0.25,0.35,0.3,1.215,1.225,1.22,0.1492412354194812,0.015017969942533502
pi+ n,0.25,0.35,0.3,1.225,1.235,1.23,0.1456346299519022,0.0170961847971831
pi+ n,0.25,0.35,0.3,1.235,1.245,1.24,0.13824032415356924,0.02689432828585095
pi+ n,0.25,0.35,0.3,1.245,1.255,1.25,0.1308460183552363,0.0366924717745188
pi+ n,0.25,0.35,0.3,1.255,1.265,1.26,0.1184195622855356,0.028060754653097847
pi+ n,0.25,0.35,0.3,1.265,1.275,1.27,0.1059931062158349,0.019429037531676897
pi+ n,0.25,0.35,0.3,1.275,1.285,1.28,0.0979257256498717,0.019178121528929747
pi+ n,0.25,0.35,0.3,1.285,1.295,1.29,0.0898583450839085,0.0189272055261826
pi+ n,0.25,0.35,0.3,1.295,1.305,1.3,0.0852737849459888,0.0174171634094921
pi+ n,0.25,0.35,0.3,1.305,1.315,1.31,0.0806892248080691,0.0159071212928016
pi+ n,0.25,0.35,0.3,1.315,1.325,1.32,0.0791738177531067,0.01819372789727
pi+ n,0.25,0.35,0.3,1.325,1.335,1.33,0.0776584106981443,0.0204803345017384
pi+ n,0.25,0.35,0.3,1.335,1.345,1.34,0.07516429770793423,0.0172084576991493
pi+ n,0.25,0.35,0.3,1.345,1.355,1.35,0.07267018471772416,0.0139365808965602
pi+ n,0.25,0.35,0.3,1.355,1.365,1.36,0.07017607172751408,0.0106647040939711
pi+ n,0.25,0.35,0.3,1.365,1.375,1.37,0.067681958737304,0.007392827291382
pi+ n,0.25,0.35,0.3,1.375,1.385,1.38,0.06714369937583106,0.006255886939289913
pi+ n,0.25,0.35,0.3,1.385,1.395,1.39,0.0666054400143581,0.0051189465871978
pi+ n,0.25,0.35,0.3,1.395,1.405,1.4,0.0655627349026009,0.00588824104675845
pi+ n,0.25,0.35,0.3,1.405,1.415,1.41,0.0645200297908437,0.0066575355063191
pi+ n,0.25,0.35,0.3,1.415,1.425,1.42,0.06521137270826795,0.0074161668940524
pi+ n,0.25,0.35,0.3,1.425,1.435,1.43,0.0659027156256922,0.0081747982817857
pi+ n,0.25,0.35,0.3,1.435,1.445,1.44,0.0694997014441148,0.00882896042929755
pi+ n,0.25,0.35,0.3,1.445,1.455,1.45,0.0730966872625374,0.0094831225768094
pi+ n,0.25,0.35,0.3,1.455,1.465,1.46,0.07985882282119436,0.00869614802727495
pi+ n,0.25,0.35,0.3,1.465,1.475,1.47,0.0866209583798513,0.0079091734777405
pi+ n,0.25,0.35,0.3,1.475,1.485,1.48,0.09106520331486836,0.00712541995353755
pi+ n,0.25,0.35,0.3,1.485,1.495,1.49,0.09550944824988541,0.0063416664293346
pi+ n,0.25,0.35,0.3,1.495,1.505,1.5,0.09202258009591116,0.0074850912572525
pi+ n,0.25,0.35,0.3,1.505,1.515,1.51,0.0885357119419369,0.0086285160851704
pi+ n,0.25,0.35,0.3,1.515,1.525,1.52,0.08182783062933954,0.007252750447058649
pi+ n,0.25,0.35,0.3,1.525,1.535,1.53,0.0751199493167422,0.0058769848089469
pi+ n,0.25,0.35,0.3,1.535,1.545,1.54,0.06852962426053885,0.00627604964073855
pi+ n,0.25,0.35,0.3,1.545,1.555,1.55,0.0619392992043355,0.0066751144725302
pi+ n,0.25,0.35,0.3,1.555,1.565,1.56,0.055342252773907155,0.0066915768891368
pi+ n,0.25,0.35,0.3,1.565,1.575,1.57,0.0487452063434788,0.0067080393057434
pi+ n,0.35,0.45,0.4,1.115,1.125,1.12,0.024466506881809524,0.001689277169039352
pi+ n,0.35,0.45,0.4,1.125,1.135,1.13,0.0310203207055268,0.0018826362969592
pi+ n,0.35,0.45,0.4,1.135,1.145,1.14,0.03975278796754245,0.00288930411212135
pi+ n,0.35,0.45,0.4,1.145,1.155,1.15,0.0484852552295581,0.0038959719272835
pi+ n,0.35,0.45,0.4,1.155,1.165,1.16,0.05906735438004785,0.0046739643410278996
pi+ n,0.35,0.45,0.4,1.165,1.175,1.17,0.0696494535305376,0.0054519567547723
pi+ n,0.35,0.45,0.4,1.175,1.185,1.18,0.0881704590251817,0.00677848081083415
pi+ n,0.35,0.45,0.4,1.185,1.195,1.19,0.1066914645198258,0.008105004866896
pi+ n,0.35,0.45,0.4,1.195,1.205,1.2,0.12573045897745655,0.00809971667561815
pi+ n,0.35,0.45,0.4,1.205,1.215,1.21,0.1447694534350873,0.0080944284843403
pi+ n,0.35,0.45,0.4,1.215,1.225,1.22,0.1394158555158031,0.0080129645652931
pi+ n,0.35,0.45,0.4,1.225,1.235,1.23,0.1340622575965189,0.0079315006462459
pi+ n,0.35,0.45,0.4,1.235,1.245,1.24,0.1287086596772347,0.0078500367271987
pi+ n,0.35,0.45,0.4,1.245,1.255,1.25,0.1233550617579505,0.0077685728081515
pi+ n,0.35,0.45,0.4,1.255,1.265,1.26,0.1158401785272368,0.00757642314916095
pi+ n,0.35,0.45,0.4,1.265,1.275,1.27,0.1083252952965231,0.0073842734901704
pi+ n,0.35,0.45,0.4,1.275,1.285,1.28,0.1021345362335335,0.0077659301466977745
pi+ n,0.35,0.45,0.4,1.285,1.295,1.29,0.09594377717054389,0.00814758680322515
pi+ n,0.35,0.45,0.4,1.295,1.305,1.3,0.08975301810755429,0.008529243459752525
pi+ n,0.35,0.45,0.4,1.305,1.315,1.31,0.0835622590445647,0.0089109001162799
pi+ n,0.35,0.45,0.4,1.315,1.325,1.32,0.0803628739195644,0.00794712044997835
pi+ n,0.35,0.45,0.4,1.325,1.335,1.33,0.0771634887945641,0.0069833407836768
pi+ n,0.35,0.45,0.4,1.335,1.345,1.34,0.07485513147477495,0.0068527798328526
pi+ n,0.35,0.45,0.4,1.345,1.355,1.35,0.0725467741549858,0.0067222188820284
pi+ n,0.35,0.45,0.4,1.355,1.365,1.36,0.0700356858347069,0.0060926836930789
pi+ n,0.35,0.45,0.4,1.365,1.375,1.37,0.067524597514428,0.0054631485041294
pi+ n,0.35,0.45,0.4,1.375,1.385,1.38,0.06557531111806887,0.005164548889387753
pi+ n,0.35,0.45,0.4,1.385,1.395,1.39,0.0636260247217097,0.0048659492746461
pi+ n,0.35,0.45,0.4,1.395,1.405,1.4,0.0646721152971691,0.0055090943420051
pi+ n,0.35,0.45,0.4,1.405,1.415,1.41,0.0657182058726285,0.0061522394093641
pi+ n,0.35,0.45,0.4,1.415,1.425,1.42,0.06672634801241335,0.0062092259905439
pi+ n,0.35,0.45,0.4,1.425,1.435,1.43,0.0677344901521982,0.0062662125717237
pi+ n,0.35,0.45,0.4,1.435,1.445,1.44,0.07053936926846935,0.005282050926912
pi+ n,0.35,0.45,0.4,1.445,1.455,1.45,0.0733442483847405,0.0042978892821003
pi+ n,0.35,0.45,0.4,1.455,1.465,1.46,0.08015141010925064,0.0045920949298852
pi+ n,0.35,0.45,0.4,1.465,1.475,1.47,0.0869585718337608,0.0048863005776701
pi+ n,0.35,0.45,0.4,1.475,1.485,1.48,0.09410388554834376,0.00579766043902825
pi+ n,0.35,0.45,0.4,1.485,1.495,1.49,0.10124919926292672,0.0067090203003864
pi+ n,0.35,0.45,0.4,1.495,1.505,1.5,0.09779992422055675,0.0067091075335348
pi+ n,0.35,0.45,0.4,1.505,1.515,1.51,0.09435064917818678,0.0067091947666832
pi+ n,0.35,0.45,0.4,1.515,1.525,1.52,0.08789487612111824,0.00693898667245735
pi+ n,0.35,0.45,0.4,1.525,1.535,1.53,0.0814391030640497,0.0071687785782315
pi+ n,0.35,0.45,0.4,1.535,1.545,1.54,0.058315575948815895,0.0077884604284294496
pi+ n,0.35,0.45,0.4,1.545,1.555,1.55,0.0351920488335821,0.0084081422786274
pi+ n,0.35,0.45,0.4,1.555,1.565,1.56,0.03748650980874625,0.007985381913651175
pi+ n,0.35,0.45,0.4,1.565,1.575,1.57,0.03978097078391043,0.007562621548674949
pi+ n,0.35,0.45,0.4,1.575,1.585,1.58,0.04207543175907464,0.007139861183698734
pi+ n,0.35,0.45,0.4,1.585,1.595,1.59,0.04436989273423879,0.006717100818722501
pi+ n,0.45,0.55,0.5,1.115,1.125,1.12,0.0232231667067929,0.0020562149542021997
pi+ n,0.45,0.55,0.5,1.125,1.135,1.13,0.0273952517635652,0.0020434510421061
pi+ n,0.45,0.55,0.5,1.135,1.145,1.14,0.035937949437095745,0.0028155562992346
pi+ n,0.45,0.55,0.5,1.145,1.155,1.15,0.0444806471106263,0.0035876615563631
pi+ n,0.45,0.55,0.5,1.155,1.165,1.16,0.05476321992260435,0.00407330425868005
pi+ n,0.45,0.55,0.5,1.165,1.175,1.17,0.0650457927345824,0.004558946960997
pi+ n,0.45,0.55,0.5,1.175,1.185,1.18,0.08185161924582095,0.005851324801073
pi+ n,0.45,0.55,0.5,1.185,1.195,1.19,0.0986574457570595,0.007143702641149
pi+ n,0.45,0.55,0.5,1.195,1.205,1.2,0.10657304559111615,0.0071383288950403
pi+ n,0.45,0.55,0.5,1.205,1.215,1.21,0.11448864542517279,0.0071329551489315995
pi+ n,0.45,0.55,0.5,1.215,1.225,1.22,0.12240424525922944,0.0071275814028229
pi+ n,0.45,0.55,0.5,1.225,1.235,1.23,0.1303198450932861,0.0071222076567142
pi+ n,0.45,0.55,0.5,1.235,1.245,1.24,0.1247941788006719,0.0069351968667714994
pi+ n,0.45,0.55,0.5,1.245,1.255,1.25,0.1192685125080577,0.0067481860768288
pi+ n,0.45,0.55,0.5,1.255,1.265,1.26,0.1182215426294713,0.0087443283513355
pi+ n,0.45,0.55,0.5,1.265,1.275,1.27,0.1171745727508849,0.0107404706258422
pi+ n,0.45,0.55,0.5,1.275,1.285,1.28,0.1037755693523725,0.0083228583501634
pi+ n,0.45,0.55,0.5,1.285,1.295,1.29,0.0903765659538601,0.0059052460744846
pi+ n,0.45,0.55,0.5,1.295,1.305,1.3,0.0871780429040762,0.00818332665274965
pi+ n,0.45,0.55,0.5,1.305,1.315,1.31,0.0839795198542923,0.0104614072310147
pi+ n,0.45,0.55,0.5,1.315,1.325,1.32,0.0801827043583657,0.00937142744619445
pi+ n,0.45,0.55,0.5,1.325,1.335,1.33,0.0763858888624391,0.0082814476613742
pi+ n,0.45,0.55,0.5,1.335,1.345,1.34,0.0734463136356525,0.007830831982575349
pi+ n,0.45,0.55,0.5,1.345,1.355,1.35,0.0705067384088659,0.0073802163037765
pi+ n,0.45,0.55,0.5,1.355,1.365,1.36,0.06889842507637794,0.0059458636905378
pi+ n,0.45,0.55,0.5,1.365,1.375,1.37,0.06729011174389,0.0045115110772991
pi+ n,0.45,0.55,0.5,1.375,1.385,1.38,0.06737502638823535,0.0057954847826332855
pi+ n,0.45,0.55,0.5,1.385,1.395,1.39,0.0674599410325807,0.0070794584879675
pi+ n,0.45,0.55,0.5,1.395,1.405,1.4,0.0672971005981555,0.0064288517030454
pi+ n,0.45,0.55,0.5,1.405,1.415,1.41,0.0671342601637303,0.0057782449181233
pi+ n,0.45,0.55,0.5,1.415,1.425,1.42,0.06722284752593799,0.0064974017926495
pi+ n,0.45,0.55,0.5,1.425,1.435,1.43,0.0673114348881457,0.0072165586671757
pi+ n,0.45,0.55,0.5,1.435,1.445,1.44,0.07025768122637355,0.006225121035055
pi+ n,0.45,0.55,0.5,1.445,1.455,1.45,0.0732039275646014,0.0052336834029343
pi+ n,0.45,0.55,0.5,1.455,1.465,1.46,0.0803697861354126,0.0054471165698362
pi+ n,0.45,0.55,0.5,1.465,1.475,1.47,0.0875356447062238,0.0056605497367381
pi+ n,0.45,0.55,0.5,1.475,1.485,1.48,0.0942353078351463,0.0084530840241983
pi+ n,0.45,0.55,0.5,1.485,1.495,1.49,0.1009349709640688,0.0112456183116585
pi+ n,0.45,0.55,0.5,1.495,1.505,1.5,0.087853651498834,0.016653570888952952
pi+ n,0.45,0.55,0.5,1.505,1.515,1.51,0.0747723320335992,0.0220615234662474
pi+ n,0.45,0.55,0.5,1.515,1.525,1.52,0.069144115780887,0.020114168936693037
pi+ n,0.45,0.55,0.5,1.525,1.535,1.53,0.0635158995281748,0.018166814407138677
pi+ n,0.45,0.55,0.5,1.535,1.545,1.54,0.057887683275462565,0.016219459877584302
pi+ n,0.45,0.55,0.5,1.545,1.555,1.55,0.0522594670227504,0.01427210534802996
pi+ n,0.45,0.55,0.5,1.555,1.565,1.56,0.0466312507700382,0.012324750818475597
pi+ n,0.45,0.55,0.5,1.565,1.575,1.57,0.04100303451732597,0.010377396288921226
pi+ n,0.45,0.55,0.5,1.575,1.585,1.58,0.03537481826461382,0.008430041759366881
pi+ n,0.45,0.55,0.5,1.585,1.595,1.59,0.03540565717467048,0.007571683061654049
pi+ n,0.45,0.55,0.5,1.595,1.605,1.6,0.03770011814983469,0.007148922696677835
pi+ n,0.45,0.55,0.5,1.605,1.615,1.61,0.03999457912499887,0.006726162331701609
pi+ n,0.45,0.55,0.5,1.615,1.625,1.62,0.04228904010016305,0.006303401966725389
pi+ n,0.55,0.65,0.6,1.115,1.125,1.12,0.018697675474242566,0.0017624777341510545
pi+ n,0.55,0.65,0.6,1.125,1.135,1.13,0.0248141295098222,0.0021737136694258
pi+ n,0.55,0.65,0.6,1.135,1.145,1.14,0.0324248151706201,0.0033498392820435503
pi+ n,0.55,0.65,0.6,1.145,1.155,1.15,0.040035500831418,0.0045259648946613
pi+ n,0.55,0.65,0.6,1.155,1.165,1.16,0.0499496352752627,0.00568848742066825
pi+ n,0.55,0.65,0.6,1.165,1.175,1.17,0.0598637697191074,0.0068510099466752
pi+ n,0.55,0.65,0.6,1.175,1.185,1.18,0.0748908799431144,0.0065339985512515505
pi+ n,0.55,0.65,0.6,1.185,1.195,1.19,0.0899179901671214,0.0062169871558279
pi+ n,0.55,0.65,0.6,1.195,1.205,1.2,0.1050306859710652,0.007227071958087699
pi+ n,0.55,0.65,0.6,1.205,1.215,1.21,0.120143381775009,0.0082371567603475
pi+ n,0.55,0.65,0.6,1.215,1.225,1.22,0.123812347856605,0.00819309472185915
pi+ n,0.55,0.65,0.6,1.225,1.235,1.23,0.127481313938201,0.0081490326833708
pi+ n,0.55,0.65,0.6,1.235,1.245,1.24,0.1195574333168124,0.0077823165676722
pi+ n,0.55,0.65,0.6,1.245,1.255,1.25,0.1116335526954238,0.0074156004519736
pi+ n,0.55,0.65,0.6,1.255,1.265,1.26,0.10439811746554795,0.00890120908947355
pi+ n,0.55,0.65,0.6,1.265,1.275,1.27,0.0971626822356721,0.0103868177269735
pi+ n,0.55,0.65,0.6,1.275,1.285,1.28,0.09680705743993939,0.01145319544880255
pi+ n,0.55,0.65,0.6,1.285,1.295,1.29,0.0964514326442067,0.0125195731706316
pi+ n,0.55,0.65,0.6,1.295,1.305,1.3,0.0878454735740997,0.010473659380713301
pi+ n,0.55,0.65,0.6,1.305,1.315,1.31,0.0792395145039927,0.008427745590795
pi+ n,0.55,0.65,0.6,1.315,1.325,1.32,0.07715786483449535,0.00797798155632945
pi+ n,0.55,0.65,0.6,1.325,1.335,1.33,0.075076215164998,0.0075282175218639
pi+ n,0.55,0.65,0.6,1.335,1.345,1.34,0.07432302909237545,0.007006667689841
pi+ n,0.55,0.65,0.6,1.345,1.355,1.35,0.0735698430197529,0.0064851178578181
pi+ n,0.55,0.65,0.6,1.355,1.365,1.36,0.07265393144763944,0.00739995979679275
pi+ n,0.55,0.65,0.6,1.365,1.375,1.37,0.07173801987552599,0.0083148017357674
pi+ n,0.55,0.65,0.6,1.375,1.385,1.38,0.0694933076666164,0.008685217671428746
pi+ n,0.55,0.65,0.6,1.385,1.395,1.39,0.0672485954577068,0.0090556336070901
pi+ n,0.55,0.65,0.6,1.395,1.405,1.4,0.06164793346672705,0.009317294407210651
pi+ n,0.55,0.65,0.6,1.405,1.415,1.41,0.0560472714757473,0.0095789552073312
pi+ n,0.55,0.65,0.6,1.415,1.425,1.42,0.057790245639571775,0.010523190959202986
pi+ n,0.55,0.65,0.6,1.425,1.435,1.43,0.059533219803396265,0.011467426711074771
pi+ n,0.55,0.65,0.6,1.435,1.445,1.44,0.06127619396722073,0.012411662462946558
pi+ n,0.55,0.65,0.6,1.445,1.455,1.45,0.06301916813104522,0.013355898214818345
pi+ n,0.55,0.65,0.6,1.455,1.465,1.46,0.0647621422948697,0.014300133966690132
pi+ n,0.55,0.65,0.6,1.465,1.475,1.47,0.06650511645869417,0.015244369718561919
pi+ n,0.55,0.65,0.6,1.475,1.485,1.48,0.06824809062251866,0.016188605470433704
pi+ n,0.55,0.65,0.6,1.485,1.495,1.49,0.06999106478634314,0.01713284122230549
pi+ n,0.55,0.65,0.6,1.495,1.505,1.5,0.07173403895016761,0.018077076974177278
pi+ n,0.55,0.65,0.6,1.505,1.515,1.51,0.0734770131139921,0.019021312726049063
pi+ n,0.55,0.65,0.6,1.515,1.525,1.52,0.07521998727781659,0.019965548477920852
pi+ n,0.55,0.65,0.6,1.525,1.535,1.53,0.07475285185163673,0.02041914159921399
pi+ n,0.55,0.65,0.6,1.535,1.545,1.54,0.07228280460951549,0.020428089836545236
pi+ n,0.55,0.65,0.6,1.545,1.555,1.55,0.0693268852119187,0.02013606841743252
pi+ n,0.55,0.65,0.6,1.555,1.565,1.56,0.06369866895920649,0.01818871388787816
pi+ n,0.55,0.65,0.6,1.565,1.575,1.57,0.05807045270649427,0.016241359358323788
pi+ n,0.55,0.65,0.6,1.575,1.585,1.58,0.05244223645378212,0.014294004828769444
pi+ n,0.55,0.65,0.6,1.585,1.595,1.59,0.04681402020106991,0.012346650299215079
pi+ n,0.55,0.65,0.6,1.595,1.605,1.6,0.041185803948357684,0.010399295769660711
pi+ n,0.55,0.65,0.6,1.605,1.615,1.61,0.03555758769564547,0.008451941240106346
pi+ n,0.55,0.65,0.6,1.615,1.625,1.62,0.03332480454059476,0.007157984209656945
pi+ n,0.55,0.65,0.6,1.625,1.635,1.63,0.03561926551575889,0.006735223844680731
pi+ n,0.55,0.65,0.6,1.635,1.645,1.64,0.03791372649092309,0.006312463479704511
pi+ n,0.55,0.65,0.6,1.645,1.655,1.65,0.04020818746608725,0.0058897031147282855
pi+ n,0.65,0.75,0.7,1.115,1.125,1.12,0.015711387727126193,0.0015048645823332685
pi+ n,0.65,0.75,0.7,1.125,1.135,1.13,0.021827841762705826,0.0019161005176080138
pi+ n,0.65,0.75,0.7,1.135,1.145,1.14,0.02917170034757191,0.0029556386878430855
pi+ n,0.65,0.75,0.7,1.145,1.155,1.15,0.03678238600836981,0.0041317643004608355
pi+ n,0.65,0.75,0.7,1.155,1.165,1.16,0.04735964768457471,0.005142039664879482
pi+ n,0.65,0.75,0.7,1.165,1.175,1.17,0.05727378212841941,0.006304562190886432
pi+ n,0.65,0.75,0.7,1.175,1.185,1.18,0.07009718732538053,0.006037398775007612
pi+ n,0.65,0.75,0.7,1.185,1.195,1.19,0.08512429754938754,0.005720387379583963
pi+ n,0.65,0.75,0.7,1.195,1.205,1.2,0.10023699335333133,0.006730472181843762
pi+ n,0.65,0.75,0.7,1.205,1.215,1.21,0.11323258472289535,0.007558020554207865
pi+ n,0.65,0.75,0.7,1.215,1.225,1.22,0.11686535533214926,0.0075243740108455245
pi+ n,0.65,0.75,0.7,1.225,1.235,1.23,0.12053432141374525,0.007480311972357175
pi+ n,0.65,0.75,0.7,1.235,1.245,1.24,0.11261044079235666,0.007113595856658574
pi+ n,0.65,0.75,0.7,1.245,1.255,1.25,0.10664694030120725,0.006841282549558136
pi+ n,0.65,0.75,0.7,1.255,1.265,1.26,0.10057924664658854,0.008066236084420702
pi+ n,0.65,0.75,0.7,1.265,1.275,1.27,0.09334381141671269,0.00955184472192065
pi+ n,0.65,0.75,0.7,1.275,1.285,1.28,0.09298818662097999,0.010618222443749702
pi+ n,0.65,0.75,0.7,1.285,1.295,1.29,0.09242485960744407,0.011501067962423894
pi+ n,0.65,0.75,0.7,1.295,1.305,1.3,0.08381890053733707,0.009455154172505595
pi+ n,0.65,0.75,0.7,1.305,1.315,1.31,0.07660794512471036,0.007793781111755795
pi+ n,0.65,0.75,0.7,1.315,1.325,1.32,0.07452629545521301,0.007344017077290245
pi+ n,0.65,0.75,0.7,1.325,1.335,1.33,0.07285830707316998,0.006986157382086016
pi+ n,0.65,0.75,0.7,1.335,1.345,1.34,0.0712828128759002,0.0065132445083066785
pi+ n,0.65,0.75,0.7,1.345,1.355,1.35,0.07052962680327765,0.005991694676283779
pi+ n,0.65,0.75,0.7,1.355,1.365,1.36,0.06961371523116418,0.006906536615258429
pi+ n,0.65,0.75,0.7,1.365,1.375,1.37,0.06892966128470217,0.007645669096536873
pi+ n,0.65,0.75,0.7,1.375,1.385,1.38,0.06668494907579259,0.008016085032198219
pi+ n,0.65,0.75,0.7,1.385,1.395,1.39,0.06498345396272298,0.008328774875159949
pi+ n,0.65,0.75,0.7,1.395,1.405,1.4,0.0613397222946723,0.008573971761509508
pi+ n,0.65,0.75,0.7,1.405,1.415,1.41,0.05573906030369254,0.008835632561630056
pi+ n,0.65,0.75,0.7,1.415,1.425,1.42,0.05872918411336575,0.008836911409496967
pi+ n,0.65,0.75,0.7,1.425,1.435,1.43,0.05660539465183344,0.008860574396278102
pi+ n,0.65,0.75,0.7,1.435,1.445,1.44,0.05998087504761364,0.00937145172274822
pi+ n,0.65,0.75,0.7,1.445,1.455,1.45,0.061723849211438114,0.010315687474620007
pi+ n,0.65,0.75,0.7,1.455,1.465,1.46,0.06346682337526259,0.011259923226491792
pi+ n,0.65,0.75,0.7,1.465,1.475,1.47,0.06520979753908707,0.012204158978363577
pi+ n,0.65,0.75,0.7,1.475,1.485,1.48,0.06695277170291156,0.013148394730235366
pi+ n,0.65,0.75,0.7,1.485,1.495,1.49,0.06869574586673602,0.014092630482107151
pi+ n,0.65,0.75,0.7,1.495,1.505,1.5,0.07043872003056051,0.01503686623397894
pi+ n,0.65,0.75,0.7,1.505,1.515,1.51,0.072181694194385,0.015981101985850725
pi+ n,0.65,0.75,0.7,1.515,1.525,1.52,0.07392466835820947,0.01692533773772251
pi+ n,0.65,0.75,0.7,1.525,1.535,1.53,0.07566764252203395,0.017869573489594295
pi+ n,0.65,0.75,0.7,1.535,1.545,1.54,0.07720341891179548,0.01876781149484933
pi+ n,0.65,0.75,0.7,1.545,1.555,1.55,0.07473337166967427,0.018776759732180574
pi+ n,0.65,0.75,0.7,1.555,1.565,1.56,0.07226332442755304,0.018785707969511824
pi+ n,0.65,0.75,0.7,1.565,1.575,1.57,0.06979327718543181,0.018794656206843063
pi+ n,0.65,0.75,0.7,1.575,1.585,1.58,0.06732322994331057,0.018803604444174307
pi+ n,0.65,0.75,0.7,1.585,1.595,1.59,0.06388143839023823,0.018210613368617647
pi+ n,0.65,0.75,0.7,1.595,1.605,1.6,0.058253222137526,0.016263258839063276
pi+ n,0.65,0.75,0.7,1.605,1.615,1.61,0.052625005884813794,0.014315904309508914
pi+ n,0.65,0.75,0.7,1.615,1.625,1.62,0.04699678963210164,0.012368549779954567
pi+ n,0.65,0.75,0.7,1.625,1.635,1.63,0.04136857337938952,0.010421195250400235
pi+ n,0.65,0.75,0.7,1.635,1.645,1.64,0.03574035712667736,0.008473840720845892
pi+ n,0.65,0.75,0.7,1.645,1.655,1.65,0.03124395190651892,0.006744285357659837
pi+ n,0.65,0.75,0.7,1.655,1.665,1.66,0.03353841288168311,0.006321524992683615
pi+ n,0.65,0.75,0.7,1.665,1.675,1.67,0.035832873856847275,0.0058987646277073895
pi+ n,0.65,0.75,0.7,1.675,1.685,1.68,0.03812733483201147,0.00547600426273117
pi+ n,0.75,0.85,0.8,1.115,1.125,1.12,0.012725099980009813,0.0012472514305154816
pi+ n,0.75,0.85,0.8,1.125,1.135,1.13,0.018841554015589446,0.0016584873657902268
pi+ n,0.75,0.85,0.8,1.135,1.145,1.14,0.025918585524523717,0.002561438093642621
pi+ n,0.75,0.85,0.8,1.145,1.155,1.15,0.03352927118532162,0.003737563706260371
pi+ n,0.75,0.85,0.8,1.155,1.165,1.16,0.044769660093886714,0.004595591909090713
pi+ n,0.75,0.85,0.8,1.165,1.175,1.17,0.054683794537731416,0.005758114435097664
pi+ n,0.75,0.85,0.8,1.175,1.185,1.18,0.06530349470764667,0.005540798998763675
pi+ n,0.75,0.85,0.8,1.185,1.195,1.19,0.08033060493165367,0.005223787603340025
pi+ n,0.75,0.85,0.8,1.195,1.205,1.2,0.09544330073559747,0.006233872405599824
pi+ n,0.75,0.85,0.8,1.205,1.215,1.21,0.10632178767078168,0.0068788843480682305
pi+ n,0.75,0.85,0.8,1.215,1.225,1.22,0.10991836280769349,0.0068556532998318995
pi+ n,0.75,0.85,0.8,1.225,1.235,1.23,0.1135873288892895,0.00681159126134355
pi+ n,0.75,0.85,0.8,1.235,1.245,1.24,0.10566344826790089,0.00644487514564495
pi+ n,0.75,0.85,0.8,1.245,1.255,1.25,0.10166032790699069,0.00626696464714267
pi+ n,0.75,0.85,0.8,1.255,1.265,1.26,0.09676037582762913,0.0072312630793678525
pi+ n,0.75,0.85,0.8,1.265,1.275,1.27,0.08952494059775326,0.008716871716867804
pi+ n,0.75,0.85,0.8,1.275,1.285,1.28,0.08916931580202057,0.009783249438696854
pi+ n,0.75,0.85,0.8,1.285,1.295,1.29,0.08839828657068141,0.010482562754216189
pi+ n,0.75,0.85,0.8,1.295,1.305,1.3,0.07979232750057441,0.00843664896429789
pi+ n,0.75,0.85,0.8,1.305,1.315,1.31,0.07397637574542804,0.007159816632716589
pi+ n,0.75,0.85,0.8,1.315,1.325,1.32,0.07189472607593067,0.006710052598251038
pi+ n,0.75,0.85,0.8,1.325,1.335,1.33,0.07064039898134195,0.006444097242308131
pi+ n,0.75,0.85,0.8,1.335,1.345,1.34,0.06824259665942493,0.006019821326772356
pi+ n,0.75,0.85,0.8,1.345,1.355,1.35,0.06748941058680238,0.005498271494749456
pi+ n,0.75,0.85,0.8,1.355,1.365,1.36,0.06657349901468892,0.006413113433724107
pi+ n,0.75,0.85,0.8,1.365,1.375,1.37,0.06612130269387834,0.006976536457306346
pi+ n,0.75,0.85,0.8,1.375,1.385,1.38,0.06387659048496877,0.007346952392967692
pi+ n,0.75,0.85,0.8,1.385,1.395,1.39,0.06271831246773915,0.0076019161432297954
pi+ n,0.75,0.85,0.8,1.395,1.405,1.4,0.06103151112261755,0.007830649115808365
pi+ n,0.75,0.85,0.8,1.405,1.415,1.41,0.0554308491316378,0.008092309915928913
pi+ n,0.75,0.85,0.8,1.415,1.425,1.42,0.057294243588461566,0.008053440037066548
pi+ n,0.75,0.85,0.8,1.425,1.435,1.43,0.06141109675098422,0.008094867611662738
pi+ n,0.75,0.85,0.8,1.435,1.445,1.44,0.05673948491872429,0.00808888320887179
pi+ n,0.75,0.85,0.8,1.445,1.455,1.45,0.05716351782791956,0.008142193585225006
pi+ n,0.75,0.85,0.8,1.455,1.465,1.46,0.06217150445565548,0.00821971248629345
pi+ n,0.75,0.85,0.8,1.465,1.475,1.47,0.06391447861947996,0.009163948238165237
pi+ n,0.75,0.85,0.8,1.475,1.485,1.48,0.06565745278330444,0.010108183990037024
pi+ n,0.75,0.85,0.8,1.485,1.495,1.49,0.06740042694712892,0.01105241974190881
pi+ n,0.75,0.85,0.8,1.495,1.505,1.5,0.0691434011109534,0.011996655493780596
pi+ n,0.75,0.85,0.8,1.505,1.515,1.51,0.07088637527477788,0.012940891245652382
pi+ n,0.75,0.85,0.8,1.515,1.525,1.52,0.07262934943860237,0.01388512699752417
pi+ n,0.75,0.85,0.8,1.525,1.535,1.53,0.07437232360242683,0.014829362749395954
pi+ n,0.75,0.85,0.8,1.535,1.545,1.54,0.07611529776625132,0.015773598501267742
pi+ n,0.75,0.85,0.8,1.545,1.555,1.55,0.0778582719300758,0.01671783425313953
pi+ n,0.75,0.85,0.8,1.555,1.565,1.56,0.07718393872983303,0.017125429627815915
pi+ n,0.75,0.85,0.8,1.565,1.575,1.57,0.0747138914877118,0.017134377865147165
pi+ n,0.75,0.85,0.8,1.575,1.585,1.58,0.07224384424559058,0.017143326102478408
pi+ n,0.75,0.85,0.8,1.585,1.595,1.59,0.06977379700346935,0.01715227433980965
pi+ n,0.75,0.85,0.8,1.595,1.605,1.6,0.06730374976134812,0.01716122257714089
pi+ n,0.75,0.85,0.8,1.605,1.615,1.61,0.06483370251922688,0.01717017081447214
pi+ n,0.75,0.85,0.8,1.615,1.625,1.62,0.06236365527710566,0.017179119051803384
pi+ n,0.75,0.85,0.8,1.625,1.635,1.63,0.05843599156855785,0.016285158319802807
pi+ n,0.75,0.85,0.8,1.635,1.645,1.64,0.0528077753158457,0.014337803790248464
pi+ n,0.75,0.85,0.8,1.645,1.655,1.65,0.047179559063133474,0.012390449260694093
pi+ n,0.75,0.85,0.8,1.655,1.665,1.66,0.04155134281042126,0.010443094731139729
pi+ n,0.75,0.85,0.8,1.665,1.675,1.67,0.03592312655770911,0.008495740201585385
pi+ n,0.75,0.85,0.8,1.675,1.685,1.68,0.030294910304996883,0.006548385672031016
pi+ n,0.75,0.85,0.8,1.685,1.695,1.69,0.03145756024760733,0.0059078261406865
pi+ n,0.75,0.85,0.8,1.695,1.705,1.7,0.033752021222771496,0.005485065775710274
pi+ n,0.75,0.85,0.8,1.705,1.715,1.71,0.036046482197935686,0.005062305410734054
pi+ n,0.85,0.95,0.9,1.115,1.125,1.12,0.01046706881118689,0.0010548654066930927
pi+ n,0.85,0.95,0.9,1.125,1.135,1.13,0.01585526626847306,0.0014008742139724401
pi+ n,0.85,0.95,0.9,1.135,1.145,1.14,0.022665470701475537,0.0021672374994421567
pi+ n,0.85,0.95,0.9,1.145,1.155,1.15,0.030276156362273435,0.003343363112059907
pi+ n,0.85,0.95,0.9,1.155,1.165,1.16,0.04217967250319873,0.004049144153301946
pi+ n,0.85,0.95,0.9,1.165,1.175,1.17,0.05209380694704343,0.005211666679308897
pi+ n,0.85,0.95,0.9,1.175,1.185,1.18,0.0605098020899128,0.005044199222519738
pi+ n,0.85,0.95,0.9,1.185,1.195,1.19,0.07553691231391979,0.004727187827096088
pi+ n,0.85,0.95,0.9,1.195,1.205,1.2,0.09064960811786359,0.005737272629355887
pi+ n,0.85,0.95,0.9,1.205,1.215,1.21,0.09941099061866804,0.006199748141928597
pi+ n,0.85,0.95,0.9,1.215,1.225,1.22,0.10297137028323775,0.0061869325888182745
pi+ n,0.85,0.95,0.9,1.225,1.235,1.23,0.10664033636483375,0.006142870550329925
pi+ n,0.85,0.95,0.9,1.235,1.245,1.24,0.09871645574344515,0.005776154434631324
pi+ n,0.85,0.95,0.9,1.245,1.255,1.25,0.09667371551277412,0.005692646744727207
pi+ n,0.85,0.95,0.9,1.255,1.265,1.26,0.09294150500866971,0.0063962900743150045
pi+ n,0.85,0.95,0.9,1.265,1.275,1.27,0.08570606977879386,0.007881898711814956
pi+ n,0.85,0.95,0.9,1.275,1.285,1.28,0.08535044498306117,0.008948276433644004
pi+ n,0.85,0.95,0.9,1.285,1.295,1.29,0.08437171353391877,0.009464057546008483
pi+ n,0.85,0.95,0.9,1.295,1.305,1.3,0.07576575446381177,0.007418143756090183
pi+ n,0.85,0.95,0.9,1.305,1.315,1.31,0.0713448063661457,0.006525852153677384
pi+ n,0.85,0.95,0.9,1.315,1.325,1.32,0.06926315669664833,0.0060760881192118334
pi+ n,0.85,0.95,0.9,1.325,1.335,1.33,0.06842249088951392,0.005902037102530248
pi+ n,0.85,0.95,0.9,1.335,1.345,1.34,0.06520238044294967,0.005526398145238035
pi+ n,0.85,0.95,0.9,1.345,1.355,1.35,0.06444919437032712,0.005004848313215135
pi+ n,0.85,0.95,0.9,1.355,1.365,1.36,0.06353328279821366,0.005919690252189786
pi+ n,0.85,0.95,0.9,1.365,1.375,1.37,0.06331294410305452,0.006307403818075819
pi+ n,0.85,0.95,0.9,1.375,1.385,1.38,0.06106823189414495,0.006677819753737165
pi+ n,0.85,0.95,0.9,1.385,1.395,1.39,0.060453170972755335,0.006875057411299645
pi+ n,0.85,0.95,0.9,1.395,1.405,1.4,0.0607232999505628,0.007087326470107222
pi+ n,0.85,0.95,0.9,1.405,1.415,1.41,0.05512263795958305,0.00734898727022777
pi+ n,0.85,0.95,0.9,1.415,1.425,1.42,0.055279592020470746,0.007280568596632717
pi+ n,0.85,0.95,0.9,1.425,1.435,1.43,0.062169348716046846,0.0073337120867102285
pi+ n,0.85,0.95,0.9,1.435,1.445,1.44,0.06409300938860267,0.007352823813828507
pi+ n,0.85,0.95,0.9,1.445,1.455,1.45,0.05889299359125448,0.007320378352573089
pi+ n,0.85,0.95,0.9,1.455,1.465,1.46,0.05713001312387996,0.007397444323461093
pi+ n,0.85,0.95,0.9,1.465,1.475,1.47,0.05772164100400571,0.007423812774171909
pi+ n,0.85,0.95,0.9,1.475,1.485,1.48,0.06361199500747249,0.00757444567739
pi+ n,0.85,0.95,0.9,1.485,1.495,1.49,0.06610510802752181,0.008012209001710471
pi+ n,0.85,0.95,0.9,1.495,1.505,1.5,0.06784808219134629,0.008956444753582258
pi+ n,0.85,0.95,0.9,1.505,1.515,1.51,0.06959105635517078,0.009900680505454043
pi+ n,0.85,0.95,0.9,1.515,1.525,1.52,0.07133403051899526,0.01084491625732583
pi+ n,0.85,0.95,0.9,1.525,1.535,1.53,0.07307700468281973,0.011789152009197617
pi+ n,0.85,0.95,0.9,1.535,1.545,1.54,0.07481997884664422,0.012733387761069404
pi+ n,0.85,0.95,0.9,1.545,1.555,1.55,0.0765629530104687,0.01367762351294119
pi+ n,0.85,0.95,0.9,1.555,1.565,1.56,0.07830592717429317,0.014621859264812975
pi+ n,0.85,0.95,0.9,1.565,1.575,1.57,0.0796345057899918,0.015474099523451258
pi+ n,0.85,0.95,0.9,1.575,1.585,1.58,0.07716445854787056,0.015483047760782503
pi+ n,0.85,0.95,0.9,1.585,1.595,1.59,0.07469441130574933,0.01549199599811375
pi+ n,0.85,0.95,0.9,1.595,1.605,1.6,0.0722243640636281,0.01550094423544499
pi+ n,0.85,0.95,0.9,1.605,1.615,1.61,0.06975431682150687,0.015509892472776237
pi+ n,0.85,0.95,0.9,1.615,1.625,1.62,0.06728426957938564,0.01551884071010748
pi+ n,0.85,0.95,0.9,1.625,1.635,1.63,0.06481422233726447,0.015527788947438724
pi+ n,0.85,0.95,0.9,1.635,1.645,1.64,0.06234417509514323,0.01553673718476997
pi+ n,0.85,0.95,0.9,1.645,1.655,1.65,0.059874127853022,0.015545685422101213
pi+ n,0.85,0.95,0.9,1.655,1.665,1.66,0.05740408061090077,0.015554633659432458
pi+ n,0.85,0.95,0.9,1.665,1.675,1.67,0.05299054474687744,0.01435970327098796
pi+ n,0.85,0.95,0.9,1.675,1.685,1.68,0.04736232849416522,0.01241234874143359
pi+ n,0.85,0.95,0.9,1.685,1.695,1.69,0.041734112241453014,0.010464994211879226
pi+ n,0.85,0.95,0.9,1.695,1.705,1.7,0.0361058959887408,0.008517639682324859
pi+ n,0.85,0.95,0.9,1.705,1.715,1.71,0.030477679736028634,0.0065702851527705145
pi+ n,0.85,0.95,0.9,1.715,1.725,1.72,0.029376707613531537,0.005494127288689378
pi+ n,0.85,0.95,0.9,1.725,1.735,1.73,0.03167116858869573,0.005071366923713157
pi+ n,0.85,0.95,0.9,1.735,1.745,1.74,0.03396562956385992,0.0046486065587369365
pi+ n,0.95,1.05,1.0,1.115,1.125,1.12,0.011122063955538079,0.0011233878948523205
pi+ n,0.95,1.05,1.0,1.125,1.135,1.13,0.012868978521356685,0.0011432610621546536
pi+ n,0.95,1.05,1.0,1.135,1.145,1.14,0.019412355878427347,0.0017730369052416926
pi+ n,0.95,1.05,1.0,1.145,1.155,1.15,0.02702304153922525,0.002949162517859443
pi+ n,0.95,1.05,1.0,1.155,1.165,1.16,0.039589684912510734,0.0035026963975131786
pi+ n,0.95,1.05,1.0,1.165,1.175,1.17,0.049503819356355436,0.004665218923520128
pi+ n,0.95,1.05,1.0,1.175,1.185,1.18,0.055716109472178935,0.0045475994462757996
pi+ n,0.95,1.05,1.0,1.185,1.195,1.19,0.07074321969618594,0.00423058805085215
pi+ n,0.95,1.05,1.0,1.195,1.205,1.2,0.08585591550012972,0.005240672853111949
pi+ n,0.95,1.05,1.0,1.205,1.215,1.21,0.09250019356655438,0.005520611935788963
pi+ n,0.95,1.05,1.0,1.215,1.225,1.22,0.096024377758782,0.00551821187780465
pi+ n,0.95,1.05,1.0,1.225,1.235,1.23,0.099693343840378,0.0054741498393163
pi+ n,0.95,1.05,1.0,1.235,1.245,1.24,0.09176946321898939,0.005107433723617699
pi+ n,0.95,1.05,1.0,1.245,1.255,1.25,0.09168710311855757,0.005118328842311742
pi+ n,0.95,1.05,1.0,1.255,1.265,1.26,0.08912263418971031,0.005561317069262157
pi+ n,0.95,1.05,1.0,1.265,1.275,1.27,0.08188719895983444,0.007046925706762106
pi+ n,0.95,1.05,1.0,1.275,1.285,1.28,0.08153157416410176,0.008113303428591156
pi+ n,0.95,1.05,1.0,1.285,1.295,1.29,0.08034514049715613,0.008445552337800777
pi+ n,0.95,1.05,1.0,1.295,1.305,1.3,0.07173918142704913,0.006399638547882478
pi+ n,0.95,1.05,1.0,1.305,1.315,1.31,0.06871323698686335,0.005891887674638179
pi+ n,0.95,1.05,1.0,1.315,1.325,1.32,0.06663158731736599,0.0054421236401726285
pi+ n,0.95,1.05,1.0,1.325,1.335,1.33,0.06620458279768589,0.005359976962752365
pi+ n,0.95,1.05,1.0,1.335,1.345,1.34,0.062162164226474415,0.005032974963703714
pi+ n,0.95,1.05,1.0,1.345,1.355,1.35,0.061408978153851865,0.004511425131680813
pi+ n,0.95,1.05,1.0,1.355,1.365,1.36,0.060493066581738406,0.0054262670706554635
pi+ n,0.95,1.05,1.0,1.365,1.375,1.37,0.06050458551223071,0.005638271178845293
pi+ n,0.95,1.05,1.0,1.375,1.385,1.38,0.058259873303321136,0.006008687114506639
pi+ n,0.95,1.05,1.0,1.385,1.395,1.39,0.05818802947777151,0.0061481986793694935
pi+ n,0.95,1.05,1.0,1.395,1.405,1.4,0.06041508877850805,0.006344003824406079
pi+ n,0.95,1.05,1.0,1.405,1.415,1.41,0.05481442678752829,0.006605664624526628
pi+ n,0.95,1.05,1.0,1.415,1.425,1.42,0.05529153901174384,0.006540364118389056
pi+ n,0.95,1.05,1.0,1.425,1.435,1.43,0.05854121570117585,0.0065279248668019
pi+ n,0.95,1.05,1.0,1.435,1.445,1.44,0.06643700574590991,0.006609774962978008
pi+ n,0.95,1.05,1.0,1.445,1.455,1.45,0.06677492202622112,0.006610780015994278
pi+ n,0.95,1.05,1.0,1.455,1.465,1.46,0.06139885190278084,0.006568512282082771
pi+ n,0.95,1.05,1.0,1.465,1.475,1.47,0.05743169836170128,0.006598811210412381
pi+ n,0.95,1.05,1.0,1.475,1.485,1.48,0.05889709031709546,0.006702226260210307
pi+ n,0.95,1.05,1.0,1.485,1.495,1.49,0.058279764180091856,0.006705431963118812
pi+ n,0.95,1.05,1.0,1.495,1.505,1.5,0.06479890272705163,0.006881311581778696
pi+ n,0.95,1.05,1.0,1.505,1.515,1.51,0.06829573743556369,0.006860469765255696
pi+ n,0.95,1.05,1.0,1.515,1.525,1.52,0.07003871159938815,0.007804705517127493
pi+ n,0.95,1.05,1.0,1.525,1.535,1.53,0.07178168576321263,0.008748941268999279
pi+ n,0.95,1.05,1.0,1.535,1.545,1.54,0.0735246599270371,0.009693177020871066
pi+ n,0.95,1.05,1.0,1.545,1.555,1.55,0.0752676340908616,0.010637412772742855
pi+ n,0.95,1.05,1.0,1.555,1.565,1.56,0.07701060825468607,0.011581648524614638
pi+ n,0.95,1.05,1.0,1.565,1.575,1.57,0.07875358241851055,0.012525884276486425
pi+ n,0.95,1.05,1.0,1.575,1.585,1.58,0.08049655658233501,0.01347012002835821
pi+ n,0.95,1.05,1.0,1.585,1.595,1.59,0.07961502560802934,0.01383171765641785
pi+ n,0.95,1.05,1.0,1.595,1.605,1.6,0.07714497836590813,0.013840665893749092
pi+ n,0.95,1.05,1.0,1.605,1.615,1.61,0.0746749311237869,0.013849614131080339
pi+ n,0.95,1.05,1.0,1.615,1.625,1.62,0.07220488388166565,0.013858562368411582
pi+ n,0.95,1.05,1.0,1.625,1.635,1.63,0.06973483663954448,0.013867510605742827
pi+ n,0.95,1.05,1.0,1.635,1.645,1.64,0.06726478939742325,0.01387645884307407
pi+ n,0.95,1.05,1.0,1.645,1.655,1.65,0.06479474215530202,0.013885407080405315
pi+ n,0.95,1.05,1.0,1.655,1.665,1.66,0.06232469491318078,0.013894355317736558
pi+ n,0.95,1.05,1.0,1.665,1.675,1.67,0.05985464767105955,0.013903303555067803
pi+ n,0.95,1.05,1.0,1.675,1.685,1.68,0.05738460042893832,0.01391225179239905
pi+ n,0.95,1.05,1.0,1.685,1.695,1.69,0.05491455318681709,0.013921200029730293
pi+ n,0.95,1.05,1.0,1.695,1.705,1.7,0.052444505944695866,0.013930148267061538
pi+ n,0.95,1.05,1.0,1.705,1.715,1.71,0.04754509792519693,0.01243424822217307
pi+ n,0.95,1.05,1.0,1.715,1.725,1.72,0.04191688167248472,0.010486893692618704
pi+ n,0.95,1.05,1.0,1.725,1.735,1.73,0.0362886654197725,0.008539539163064337
pi+ n,0.95,1.05,1.0,1.735,1.745,1.74,0.030660449167060316,0.006592184633509983
pi+ n,0.95,1.05,1.0,1.745,1.755,1.75,0.02729585497945578,0.005080428436692268
pi+ n,0.95,1.05,1.0,1.755,1.765,1.76,0.029590315954619976,0.004657668071716047
pi+ n,0.95,1.05,1.0,1.765,1.775,1.77,0.03188477692978414,0.004234907706739821
pi+ n,1.05,1.15,1.1,1.115,1.125,1.12,0.011777059099889266,0.0011919103830115483
pi+ n,1.05,1.15,1.1,1.125,1.135,1.13,0.009882690774240303,0.0008856479103368669
pi+ n,1.05,1.15,1.1,1.135,1.145,1.14,0.016159241055379154,0.0013788363110412275
pi+ n,1.05,1.15,1.1,1.145,1.155,1.15,0.023769926716177055,0.002554961923658978
pi+ n,1.05,1.15,1.1,1.155,1.165,1.16,0.03699969732182274,0.0029562486417244096
pi+ n,1.05,1.15,1.1,1.165,1.175,1.17,0.04691383176566744,0.004118771167731359
pi+ n,1.05,1.15,1.1,1.175,1.185,1.18,0.05092241685444506,0.004050999670031861
pi+ n,1.05,1.15,1.1,1.185,1.195,1.19,0.06594952707845206,0.0037339882746082118
pi+ n,1.05,1.15,1.1,1.195,1.205,1.2,0.08106222288239585,0.004744073076868011
pi+ n,1.05,1.15,1.1,1.205,1.215,1.21,0.08558939651444072,0.004841475729649328
pi+ n,1.05,1.15,1.1,1.215,1.225,1.22,0.08907738523432625,0.004849491166791025
pi+ n,1.05,1.15,1.1,1.225,1.235,1.23,0.09274635131592225,0.004805429128302674
pi+ n,1.05,1.15,1.1,1.235,1.245,1.24,0.08482247069453365,0.004438713012604074
pi+ n,1.05,1.15,1.1,1.245,1.255,1.25,0.08670049072434102,0.004544010939896277
pi+ n,1.05,1.15,1.1,1.255,1.265,1.26,0.08530376337075088,0.0047263440642093075
pi+ n,1.05,1.15,1.1,1.265,1.275,1.27,0.07806832814087504,0.006211952701709258
pi+ n,1.05,1.15,1.1,1.275,1.285,1.28,0.07771270334514234,0.007278330423538308
pi+ n,1.05,1.15,1.1,1.285,1.295,1.29,0.07631856746039348,0.007427047129593071
pi+ n,1.05,1.15,1.1,1.295,1.305,1.3,0.06771260839028648,0.005381133339674771
pi+ n,1.05,1.15,1.1,1.305,1.315,1.31,0.066081667607581,0.005257923195598972
pi+ n,1.05,1.15,1.1,1.315,1.325,1.32,0.06400001793808366,0.004808159161133422
pi+ n,1.05,1.15,1.1,1.325,1.335,1.33,0.06398667470585787,0.00481791682297448
pi+ n,1.05,1.15,1.1,1.335,1.345,1.34,0.05912194800999915,0.004539551782169392
pi+ n,1.05,1.15,1.1,1.345,1.355,1.35,0.0583687619373766,0.004018001950146491
pi+ n,1.05,1.15,1.1,1.355,1.365,1.36,0.05745285036526314,0.004932843889121141
pi+ n,1.05,1.15,1.1,1.365,1.375,1.37,0.05769622692140688,0.004969138539614765
pi+ n,1.05,1.15,1.1,1.375,1.385,1.38,0.055451514712497305,0.005339554475276111
pi+ n,1.05,1.15,1.1,1.385,1.395,1.39,0.05592288798278769,0.0054213399474393395
pi+ n,1.05,1.15,1.1,1.395,1.405,1.4,0.0601068776064533,0.005600681178704936
pi+ n,1.05,1.15,1.1,1.405,1.415,1.41,0.054506215615473544,0.005862341978825485
pi+ n,1.05,1.15,1.1,1.415,1.425,1.42,0.05530348600301695,0.005800159640145396
pi+ n,1.05,1.15,1.1,1.425,1.435,1.43,0.05601991449336904,0.005746886685820525
pi+ n,1.05,1.15,1.1,1.435,1.445,1.44,0.06321507868202217,0.0058036970911861325
pi+ n,1.05,1.15,1.1,1.445,1.455,1.45,0.0698959725313118,0.005877128840610435
pi+ n,1.05,1.15,1.1,1.455,1.465,1.46,0.06945683466383959,0.005868736218160047
pi+ n,1.05,1.15,1.1,1.465,1.475,1.47,0.06423773430195663,0.005825783669359096
pi+ n,1.05,1.15,1.1,1.475,1.485,1.48,0.0592328573952353,0.005813667568305303
pi+ n,1.05,1.15,1.1,1.485,1.495,1.49,0.05667510241014043,0.005910521639868424
pi+ n,1.05,1.15,1.1,1.495,1.505,1.5,0.060122130065118705,0.005995774343004997
pi+ n,1.05,1.15,1.1,1.505,1.515,1.51,0.05883788735617798,0.005987051152065714
pi+ n,1.05,1.15,1.1,1.515,1.525,1.52,0.06595411259260102,0.006182194075328906
pi+ n,1.05,1.15,1.1,1.525,1.535,1.53,0.06973622798738069,0.006215202956352244
pi+ n,1.05,1.15,1.1,1.535,1.545,1.54,0.07222934100742999,0.0066529662806727235
pi+ n,1.05,1.15,1.1,1.545,1.555,1.55,0.07397231517125448,0.007597202032544511
pi+ n,1.05,1.15,1.1,1.555,1.565,1.56,0.07571528933507896,0.008541437784416295
pi+ n,1.05,1.15,1.1,1.565,1.575,1.57,0.07745826349890343,0.009485673536288083
pi+ n,1.05,1.15,1.1,1.575,1.585,1.58,0.07920123766272794,0.010429909288159869
pi+ n,1.05,1.15,1.1,1.585,1.595,1.59,0.08094421182655241,0.011374145040031657
pi+ n,1.05,1.15,1.1,1.595,1.605,1.6,0.08206559266818812,0.012180387552053187
pi+ n,1.05,1.15,1.1,1.605,1.615,1.61,0.0795955454260669,0.012189335789384435
pi+ n,1.05,1.15,1.1,1.615,1.625,1.62,0.07712549818394566,0.012198284026715677
pi+ n,1.05,1.15,1.1,1.625,1.635,1.63,0.07465545094182449,0.012207232264046922
pi+ n,1.05,1.15,1.1,1.635,1.645,1.64,0.07218540369970324,0.012216180501378167
pi+ n,1.05,1.15,1.1,1.645,1.655,1.65,0.069715356457582,0.01222512873870941
pi+ n,1.05,1.15,1.1,1.655,1.665,1.66,0.06724530921546079,0.012234076976040656
pi+ n,1.05,1.15,1.1,1.665,1.675,1.67,0.06477526197333956,0.0122430252133719
pi+ n,1.05,1.15,1.1,1.675,1.685,1.68,0.062305214731218334,0.012251973450703146
pi+ n,1.05,1.15,1.1,1.685,1.695,1.69,0.059835167489097084,0.012260921688034387
pi+ n,1.05,1.15,1.1,1.695,1.705,1.7,0.05736512024697586,0.012269869925365634
pi+ n,1.05,1.15,1.1,1.705,1.715,1.71,0.054895073004854626,0.012278818162696875
pi+ n,1.05,1.15,1.1,1.715,1.725,1.72,0.052425025762733404,0.012287766400028124
pi+ n,1.05,1.15,1.1,1.725,1.735,1.73,0.04995497852061217,0.012296714637359365
pi+ n,1.05,1.15,1.1,1.735,1.745,1.74,0.04748493127849093,0.012305662874690612
pi+ n,1.05,1.15,1.1,1.745,1.755,1.75,0.04209965110351649,0.01050879317335821
pi+ n,1.05,1.15,1.1,1.755,1.765,1.76,0.03647143485080427,0.008561438643803845
pi+ n,1.05,1.15,1.1,1.765,1.775,1.77,0.030843218598092092,0.006614084114249489
pi+ n,1.05,1.15,1.1,1.775,1.785,1.78,0.025215002345379874,0.004666729584695123
pi+ n,1.05,1.15,1.1,1.785,1.795,1.79,0.027509463320544138,0.00424396921971892
pi+ n,1.05,1.15,1.1,1.795,1.805,1.8,0.029803924295708332,0.0038212088547427006
pi+ n,1.15,1.25,1.2,1.115,1.125,1.12,0.012432054244240456,0.0012604328711707758
pi+ n,1.15,1.25,1.2,1.125,1.135,1.13,0.008352916183711069,0.0007584890145098965
pi+ n,1.15,1.25,1.2,1.135,1.145,1.14,0.013012857062703697,0.0010392706937938352
pi+ n,1.15,1.25,1.2,1.145,1.155,1.15,0.020516811893128872,0.0021607613294585145
pi+ n,1.15,1.25,1.2,1.155,1.165,1.16,0.03414445883819067,0.0024706997505709646
pi+ n,1.15,1.25,1.2,1.165,1.175,1.17,0.044323844174979456,0.0035723234119425925
pi+ n,1.15,1.25,1.2,1.175,1.185,1.18,0.04701020624752955,0.0035344607019699922
pi+ n,1.15,1.25,1.2,1.185,1.195,1.19,0.061155834460718206,0.003237388498364275
pi+ n,1.15,1.25,1.2,1.195,1.205,1.2,0.07542168849091009,0.004174458728665796
pi+ n,1.15,1.25,1.2,1.205,1.215,1.21,0.07867859946232708,0.004162339523509696
pi+ n,1.15,1.25,1.2,1.215,1.225,1.22,0.08214487089880733,0.0041766042577269956
pi+ n,1.15,1.25,1.2,1.225,1.235,1.23,0.0857993587914665,0.00413670841728905
pi+ n,1.15,1.25,1.2,1.235,1.245,1.24,0.07865963022217358,0.0038077534250297138
pi+ n,1.15,1.25,1.2,1.245,1.255,1.25,0.08171387833012447,0.003969693037480814
pi+ n,1.15,1.25,1.2,1.255,1.265,1.26,0.08101779592168863,0.003995633100211414
pi+ n,1.15,1.25,1.2,1.265,1.275,1.27,0.07424945732191564,0.00537697969665641
pi+ n,1.15,1.25,1.2,1.275,1.285,1.28,0.07381075163906164,0.006369944537223517
pi+ n,1.15,1.25,1.2,1.285,1.295,1.29,0.07229199442363085,0.0064085419213853675
pi+ n,1.15,1.25,1.2,1.295,1.305,1.3,0.06424403681651597,0.004516444423134467
pi+ n,1.15,1.25,1.2,1.305,1.315,1.31,0.06345009822829867,0.004623958716559767
pi+ n,1.15,1.25,1.2,1.315,1.325,1.32,0.061533913073783045,0.004210956417798747
pi+ n,1.15,1.25,1.2,1.325,1.335,1.33,0.061768766614029844,0.004275856683196596
pi+ n,1.15,1.25,1.2,1.335,1.345,1.34,0.056410655043382794,0.004026673817337647
pi+ n,1.15,1.25,1.2,1.345,1.355,1.35,0.055328545720901345,0.0035245787686121713
pi+ n,1.15,1.25,1.2,1.355,1.365,1.36,0.054505377199048466,0.00436913692450834
pi+ n,1.15,1.25,1.2,1.365,1.375,1.37,0.05488786833058307,0.004300005900384239
pi+ n,1.15,1.25,1.2,1.375,1.385,1.38,0.05286044296000947,0.004647331398965739
pi+ n,1.15,1.25,1.2,1.385,1.395,1.39,0.05365774648780387,0.00469448121550919
pi+ n,1.15,1.25,1.2,1.395,1.405,1.4,0.05901589430522692,0.00486394409851219
pi+ n,1.15,1.25,1.2,1.405,1.415,1.41,0.054198004443418796,0.005119019333124342
pi+ n,1.15,1.25,1.2,1.415,1.425,1.42,0.0551873697289589,0.005058707894918742
pi+ n,1.15,1.25,1.2,1.425,1.435,1.43,0.05451191256519419,0.004982181985934236
pi+ n,1.15,1.25,1.2,1.435,1.445,1.44,0.05978818781389013,0.005002409696537251
pi+ n,1.15,1.25,1.2,1.445,1.455,1.45,0.06829142595634641,0.0050884689660892594
pi+ n,1.15,1.25,1.2,1.455,1.465,1.46,0.0733549393167137,0.005144482718242865
pi+ n,1.15,1.25,1.2,1.465,1.475,1.47,0.07213874730145806,0.0051266924203258145
pi+ n,1.15,1.25,1.2,1.475,1.485,1.48,0.06707661670113238,0.0050830550566354285
pi+ n,1.15,1.25,1.2,1.485,1.495,1.49,0.06173871570676165,0.005061801497814982
pi+ n,1.15,1.25,1.2,1.495,1.505,1.5,0.05812391180467826,0.005108739211952976
pi+ n,1.15,1.25,1.2,1.505,1.515,1.51,0.058212754772012626,0.005215933439590986
pi+ n,1.15,1.25,1.2,1.515,1.525,1.52,0.060263094922757394,0.005266854717890643
pi+ n,1.15,1.25,1.2,1.525,1.535,1.53,0.059396010532264135,0.005268670341012619
pi+ n,1.15,1.25,1.2,1.535,1.545,1.54,0.06710932245815045,0.005483076568879116
pi+ n,1.15,1.25,1.2,1.545,1.555,1.55,0.07117671853919764,0.005569936147448806
pi+ n,1.15,1.25,1.2,1.555,1.565,1.56,0.07441997041547185,0.005501227044217957
pi+ n,1.15,1.25,1.2,1.565,1.575,1.57,0.07616294457929633,0.006445462796089747
pi+ n,1.15,1.25,1.2,1.575,1.585,1.58,0.07790591874312082,0.007389698547961535
pi+ n,1.15,1.25,1.2,1.585,1.595,1.59,0.0796488929069453,0.008333934299833323
pi+ n,1.15,1.25,1.2,1.595,1.605,1.6,0.08139186707076977,0.009278170051705106
pi+ n,1.15,1.25,1.2,1.605,1.615,1.61,0.08313484123459426,0.010222405803576893
pi+ n,1.15,1.25,1.2,1.615,1.625,1.62,0.08204611248622568,0.010538005685019778
pi+ n,1.15,1.25,1.2,1.625,1.635,1.63,0.07957606524410447,0.010546953922351023
pi+ n,1.15,1.25,1.2,1.635,1.645,1.64,0.07710601800198323,0.010555902159682266
pi+ n,1.15,1.25,1.2,1.645,1.655,1.65,0.07463597075986202,0.010564850397013511
pi+ n,1.15,1.25,1.2,1.655,1.665,1.66,0.07216592351774079,0.010573798634344756
pi+ n,1.15,1.25,1.2,1.665,1.675,1.67,0.06969587627561954,0.010582746871676001
pi+ n,1.15,1.25,1.2,1.675,1.685,1.68,0.06722582903349833,0.010591695109007244
pi+ n,1.15,1.25,1.2,1.685,1.695,1.69,0.06475578179137707,0.010600643346338489
pi+ n,1.15,1.25,1.2,1.695,1.705,1.7,0.062285734549255865,0.010609591583669734
pi+ n,1.15,1.25,1.2,1.705,1.715,1.71,0.059815687307134616,0.010618539821000979
pi+ n,1.15,1.25,1.2,1.715,1.725,1.72,0.0573456400650134,0.010627488058332224
pi+ n,1.15,1.25,1.2,1.725,1.735,1.73,0.054875592822892165,0.010636436295663467
pi+ n,1.15,1.25,1.2,1.735,1.745,1.74,0.052405545580770936,0.010645384532994712
pi+ n,1.15,1.25,1.2,1.745,1.755,1.75,0.0499354983386497,0.010654332770325955
pi+ n,1.15,1.25,1.2,1.755,1.765,1.76,0.04746545109652847,0.010663281007657201
pi+ n,1.15,1.25,1.2,1.765,1.775,1.77,0.044995403854407236,0.010672229244988445
pi+ n,1.15,1.25,1.2,1.775,1.785,1.78,0.04228242053454817,0.010530692654097683
pi+ n,1.15,1.25,1.2,1.785,1.795,1.79,0.03665420428183599,0.008583338124543325
pi+ n,1.15,1.25,1.2,1.795,1.805,1.8,0.031025988029123777,0.006635983594988962
pi+ n,1.15,1.25,1.2,1.805,1.815,1.81,0.025397771776411587,0.004688629065434605
pi+ n,1.15,1.25,1.2,1.815,1.825,1.82,0.025428610686468407,0.003830270367721808
pi+ n,1.15,1.25,1.2,1.825,1.835,1.83,0.027723071661632584,0.003407510002745585
pi+ n,1.25,1.35,1.3,1.115,1.125,1.12,0.013087049388591645,0.0013289553593300038
pi+ n,1.25,1.35,1.3,1.125,1.135,1.13,0.009007911328062258,0.0008270115026691243
pi+ n,1.25,1.35,1.3,1.135,1.145,1.14,0.010026569315587317,0.0007816575419760486
pi+ n,1.25,1.35,1.3,1.145,1.155,1.15,0.017263697070080682,0.0017665607352580497
pi+ n,1.25,1.35,1.3,1.155,1.165,1.16,0.030891344015142482,0.0020764991563704998
pi+ n,1.25,1.35,1.3,1.165,1.175,1.17,0.04173385658429146,0.0030258756561538243
pi+ n,1.25,1.35,1.3,1.175,1.185,1.18,0.044420218656841565,0.0029880129461812245
pi+ n,1.25,1.35,1.3,1.185,1.195,1.19,0.05636214184298433,0.0027407887221203367
pi+ n,1.25,1.35,1.3,1.195,1.205,1.2,0.06851089143879642,0.003495322522526161
pi+ n,1.25,1.35,1.3,1.205,1.215,1.21,0.07176780241021342,0.0034832033173700615
pi+ n,1.25,1.35,1.3,1.215,1.225,1.22,0.07523407384669367,0.0034974680515873612
pi+ n,1.25,1.35,1.3,1.225,1.235,1.23,0.07885236626701075,0.003467987706275425
pi+ n,1.25,1.35,1.3,1.235,1.245,1.24,0.07367301782795702,0.0032334355226142494
pi+ n,1.25,1.35,1.3,1.245,1.255,1.25,0.07672726593590792,0.0033953751350653495
pi+ n,1.25,1.35,1.3,1.255,1.265,1.26,0.07603118352747207,0.003421315197795949
pi+ n,1.25,1.35,1.3,1.265,1.275,1.27,0.07043058650295622,0.004542006691603562
pi+ n,1.25,1.35,1.3,1.275,1.285,1.28,0.06978417860229899,0.0053514393290158115
pi+ n,1.25,1.35,1.3,1.285,1.295,1.29,0.0682654213868682,0.005390036713177661
pi+ n,1.25,1.35,1.3,1.295,1.305,1.3,0.06161246743723363,0.003882479944095262
pi+ n,1.25,1.35,1.3,1.305,1.315,1.31,0.060818528849016326,0.0039899942375205616
pi+ n,1.25,1.35,1.3,1.315,1.325,1.32,0.05931600498195501,0.003668896278020862
pi+ n,1.25,1.35,1.3,1.325,1.335,1.33,0.05955085852220181,0.003733796543418712
pi+ n,1.25,1.35,1.3,1.335,1.345,1.34,0.05419274695155476,0.003484613677559762
pi+ n,1.25,1.35,1.3,1.345,1.355,1.35,0.052288329504426086,0.0030311555870778492
pi+ n,1.25,1.35,1.3,1.355,1.365,1.36,0.051697018608224635,0.0037000042852778116
pi+ n,1.25,1.35,1.3,1.365,1.375,1.37,0.05207950973975924,0.0036308732611537117
pi+ n,1.25,1.35,1.3,1.375,1.385,1.38,0.05059530146502563,0.003920472667035587
pi+ n,1.25,1.35,1.3,1.385,1.395,1.39,0.05139260499282004,0.003967622483579037
pi+ n,1.25,1.35,1.3,1.395,1.405,1.4,0.056750752810243096,0.004137085366582037
pi+ n,1.25,1.35,1.3,1.405,1.415,1.41,0.05388979327136405,0.004375696687423199
pi+ n,1.25,1.35,1.3,1.415,1.425,1.42,0.05487915855690415,0.004315385249217599
pi+ n,1.25,1.35,1.3,1.425,1.435,1.43,0.05452385955646729,0.0042419775076905746
pi+ n,1.25,1.35,1.3,1.435,1.445,1.44,0.05726688660608332,0.004221371515555875
pi+ n,1.25,1.35,1.3,1.445,1.455,1.45,0.06426080864799752,0.0042736820956620365
pi+ n,1.25,1.35,1.3,1.455,1.465,1.46,0.07336777323067062,0.004373240840992387
pi+ n,1.25,1.35,1.3,1.465,1.475,1.47,0.0768139061021156,0.004411836595875291
pi+ n,1.25,1.35,1.3,1.475,1.485,1.48,0.07482065993907651,0.004384648622491584
pi+ n,1.25,1.35,1.3,1.485,1.495,1.49,0.06991549910030814,0.004340326443911762
pi+ n,1.25,1.35,1.3,1.495,1.505,1.5,0.06424457401828801,0.004309935427324662
pi+ n,1.25,1.35,1.3,1.505,1.515,1.51,0.05957272119921612,0.004306956784037512
pi+ n,1.25,1.35,1.3,1.515,1.525,1.52,0.05736731585311741,0.004420449641409012
pi+ n,1.25,1.35,1.3,1.525,1.535,1.53,0.059979831965228124,0.004520715376340207
pi+ n,1.25,1.35,1.3,1.535,1.545,1.54,0.06040405978039611,0.004537935092776274
pi+ n,1.25,1.35,1.3,1.545,1.555,1.55,0.05995413370835026,0.004550289529959521
pi+ n,1.25,1.35,1.3,1.555,1.565,1.56,0.06826453232369992,0.004783959062429321
pi+ n,1.25,1.35,1.3,1.565,1.575,1.57,0.07239532411280653,0.004882785462675983
pi+ n,1.25,1.35,1.3,1.575,1.585,1.58,0.07586046096728888,0.004855960235314498
pi+ n,1.25,1.35,1.3,1.585,1.595,1.59,0.0783535739873382,0.005293723559634981
pi+ n,1.25,1.35,1.3,1.595,1.605,1.6,0.08009654815116267,0.006237959311506766
pi+ n,1.25,1.35,1.3,1.605,1.615,1.61,0.08183952231498715,0.007182195063378551
pi+ n,1.25,1.35,1.3,1.615,1.625,1.62,0.08358249647881162,0.00812643081525034
pi+ n,1.25,1.35,1.3,1.625,1.635,1.63,0.08449667954638448,0.00888667558065512
pi+ n,1.25,1.35,1.3,1.635,1.645,1.64,0.08202663230426324,0.008895623817986363
pi+ n,1.25,1.35,1.3,1.645,1.655,1.65,0.07955658506214203,0.00890457205531761
pi+ n,1.25,1.35,1.3,1.655,1.665,1.66,0.07708653782002077,0.008913520292648852
pi+ n,1.25,1.35,1.3,1.665,1.675,1.67,0.07461649057789956,0.008922468529980097
pi+ n,1.25,1.35,1.3,1.675,1.685,1.68,0.07214644333577833,0.00893141676731134
pi+ n,1.25,1.35,1.3,1.685,1.695,1.69,0.0696763960936571,0.008940365004642587
pi+ n,1.25,1.35,1.3,1.695,1.705,1.7,0.06720634885153587,0.00894931324197383
pi+ n,1.25,1.35,1.3,1.705,1.715,1.71,0.06473630160941463,0.008958261479305075
pi+ n,1.25,1.35,1.3,1.715,1.725,1.72,0.0622662543672934,0.008967209716636322
pi+ n,1.25,1.35,1.3,1.725,1.735,1.73,0.059796207125172175,0.008976157953967563
pi+ n,1.25,1.35,1.3,1.735,1.745,1.74,0.05732615988305093,0.00898510619129881
pi+ n,1.25,1.35,1.3,1.745,1.755,1.75,0.054856112640929704,0.008994054428630053
pi+ n,1.25,1.35,1.3,1.755,1.765,1.76,0.05238606539880847,0.009003002665961296
pi+ n,1.25,1.35,1.3,1.765,1.775,1.77,0.049916018156687246,0.009011950903292541
pi+ n,1.25,1.35,1.3,1.775,1.785,1.78,0.047445970914566,0.009020899140623786
pi+ n,1.25,1.35,1.3,1.785,1.795,1.79,0.04497592367244478,0.00902984737795503
pi+ n,1.25,1.35,1.3,1.795,1.805,1.8,0.04250587643032355,0.009038795615286274
pi+ n,1.25,1.35,1.3,1.805,1.815,1.81,0.04003582918820232,0.00904774385261752
pi+ n,1.25,1.35,1.3,1.815,1.825,1.82,0.03683697371286772,0.008605237605282819
pi+ n,1.25,1.35,1.3,1.825,1.835,1.83,0.03120875746015551,0.006657883075728455
pi+ n,1.25,1.35,1.3,1.835,1.845,1.84,0.02558054120744332,0.004710528546174097
pi+ n,1.25,1.35,1.3,1.845,1.855,1.85,0.02334775805239261,0.00341657151572469
pi+ n,1.25,1.35,1.3,1.855,1.865,1.86,0.02564221902755679,0.0029938111507484665
pi+ n,1.35,1.45,1.4,1.115,1.125,1.12,0.01374204453294283,0.0013974778474892314
pi+ n,1.35,1.45,1.4,1.125,1.135,1.13,0.009662906472413446,0.000895533990828352
pi+ n,1.35,1.45,1.4,1.135,1.145,1.14,0.007040281568470945,0.0005240443901582626
pi+ n,1.35,1.45,1.4,1.145,1.155,1.15,0.014010582247032501,0.001372360141057586
pi+ n,1.35,1.45,1.4,1.155,1.165,1.16,0.027638229192094303,0.0016822985621700358
pi+ n,1.35,1.45,1.4,1.165,1.175,1.17,0.039143868993603476,0.0024794279003650574
pi+ n,1.35,1.45,1.4,1.175,1.185,1.18,0.04183023106615357,0.0024415651903924576
pi+ n,1.35,1.45,1.4,1.185,1.195,1.19,0.05156844922525047,0.0022441889458764005
pi+ n,1.35,1.45,1.4,1.195,1.205,1.2,0.06160009438668279,0.0028161863163865286
pi+ n,1.35,1.45,1.4,1.205,1.215,1.21,0.0648570053580998,0.002804067111230429
pi+ n,1.35,1.45,1.4,1.215,1.225,1.22,0.06832327679458004,0.0028183318454477286
pi+ n,1.35,1.45,1.4,1.225,1.235,1.23,0.07190537374255501,0.002799266995261801
pi+ n,1.35,1.45,1.4,1.235,1.245,1.24,0.06868640543374047,0.002659117620198786
pi+ n,1.35,1.45,1.4,1.245,1.255,1.25,0.07174065354169137,0.002821057232649886
pi+ n,1.35,1.45,1.4,1.255,1.265,1.26,0.07104457113325552,0.002846997295380486
pi+ n,1.35,1.45,1.4,1.265,1.275,1.27,0.06661171568399682,0.0037070336865507154
pi+ n,1.35,1.45,1.4,1.275,1.285,1.28,0.06575760556553636,0.0043329341208081075
pi+ n,1.35,1.45,1.4,1.285,1.295,1.29,0.06423884835010556,0.004371531504969958
pi+ n,1.35,1.45,1.4,1.295,1.305,1.3,0.058980898057951286,0.0032485154650560575
pi+ n,1.35,1.45,1.4,1.305,1.315,1.31,0.058186959469733984,0.003356029758481357
pi+ n,1.35,1.45,1.4,1.315,1.325,1.32,0.05709809689012698,0.003126836138242979
pi+ n,1.35,1.45,1.4,1.325,1.335,1.33,0.057332950430373786,0.003191736403640829
pi+ n,1.35,1.45,1.4,1.335,1.345,1.34,0.051974838859726744,0.002942553537781879
pi+ n,1.35,1.45,1.4,1.345,1.355,1.35,0.049248113287950826,0.0025377324055435285
pi+ n,1.35,1.45,1.4,1.355,1.365,1.36,0.048888660017400824,0.003030871646047286
pi+ n,1.35,1.45,1.4,1.365,1.375,1.37,0.049271151148935426,0.0029617406219231857
pi+ n,1.35,1.45,1.4,1.375,1.385,1.38,0.048330159970041815,0.003193613935105436
pi+ n,1.35,1.45,1.4,1.385,1.395,1.39,0.04912746349783623,0.003240763751648886
pi+ n,1.35,1.45,1.4,1.395,1.405,1.4,0.05448561131525927,0.0034102266346518867
pi+ n,1.35,1.45,1.4,1.405,1.415,1.41,0.0535815820993093,0.0036323740417220575
pi+ n,1.35,1.45,1.4,1.415,1.425,1.42,0.0545709473848494,0.0035720626035164577
pi+ n,1.35,1.45,1.4,1.425,1.435,1.43,0.05453580654774039,0.0035017730294469147
pi+ n,1.35,1.45,1.4,1.435,1.445,1.44,0.05474558539827651,0.0034403333345745025
pi+ n,1.35,1.45,1.4,1.445,1.455,1.45,0.06103515992660441,0.0034768945262726022
pi+ n,1.35,1.45,1.4,1.455,1.465,1.46,0.06933715592232174,0.003558453970565163
pi+ n,1.35,1.45,1.4,1.465,1.475,1.47,0.07682674001607251,0.0036405947186248164
pi+ n,1.35,1.45,1.4,1.475,1.485,1.48,0.08027287288751751,0.0036791904735077167
pi+ n,1.35,1.45,1.4,1.485,1.495,1.49,0.07750257257669495,0.0036426048246573596
pi+ n,1.35,1.45,1.4,1.495,1.505,1.5,0.07275438149948393,0.003597597831188084
pi+ n,1.35,1.45,1.4,1.505,1.515,1.51,0.06675043232981438,0.0035580693568343343
pi+ n,1.35,1.45,1.4,1.515,1.525,1.52,0.062078579510742464,0.003555090713547199
pi+ n,1.35,1.45,1.4,1.525,1.535,1.53,0.05881612524765525,0.0036186672134935634
pi+ n,1.35,1.45,1.4,1.535,1.545,1.54,0.05752841922692979,0.003729640618971663
pi+ n,1.35,1.45,1.4,1.545,1.555,1.55,0.06174690915844364,0.003825497313089413
pi+ n,1.35,1.45,1.4,1.555,1.565,1.56,0.060545024638034795,0.00380901546766192
pi+ n,1.35,1.45,1.4,1.565,1.575,1.57,0.06051225688443643,0.0038319087189064315
pi+ n,1.35,1.45,1.4,1.575,1.585,1.58,0.06882265549978607,0.004065578251376232
pi+ n,1.35,1.45,1.4,1.585,1.595,1.59,0.07355053397835598,0.00418366795622618
pi+ n,1.35,1.45,1.4,1.595,1.605,1.6,0.07730095151910585,0.004210693426411055
pi+ n,1.35,1.45,1.4,1.605,1.615,1.61,0.08054420339538004,0.004141984323180204
pi+ n,1.35,1.45,1.4,1.615,1.625,1.62,0.0822871775592045,0.005086220075052003
pi+ n,1.35,1.45,1.4,1.625,1.635,1.63,0.08403015172302897,0.00603045582692377
pi+ n,1.35,1.45,1.4,1.635,1.645,1.64,0.08577312588685344,0.006974691578795552
pi+ n,1.35,1.45,1.4,1.645,1.655,1.65,0.08447719936442202,0.007244293713621708
pi+ n,1.35,1.45,1.4,1.655,1.665,1.66,0.08200715212230078,0.007253241950952953
pi+ n,1.35,1.45,1.4,1.665,1.675,1.67,0.07953710488017957,0.007262190188284198
pi+ n,1.35,1.45,1.4,1.675,1.685,1.68,0.07706705763805832,0.00727113842561544
pi+ n,1.35,1.45,1.4,1.685,1.695,1.69,0.0745970103959371,0.007280086662946686
pi+ n,1.35,1.45,1.4,1.695,1.705,1.7,0.07212696315381587,0.007289034900277931
pi+ n,1.35,1.45,1.4,1.705,1.715,1.71,0.06965691591169464,0.007297983137609175
pi+ n,1.35,1.45,1.4,1.715,1.725,1.72,0.06718686866957341,0.00730693137494042
pi+ n,1.35,1.45,1.4,1.725,1.735,1.73,0.06471682142745216,0.007315879612271665
pi+ n,1.35,1.45,1.4,1.735,1.745,1.74,0.062246774185330936,0.007324827849602909
pi+ n,1.35,1.45,1.4,1.745,1.755,1.75,0.05977672694320969,0.007333776086934154
pi+ n,1.35,1.45,1.4,1.755,1.765,1.76,0.05730667970108847,0.007342724324265398
pi+ n,1.35,1.45,1.4,1.765,1.775,1.77,0.05483663245896723,0.007351672561596642
pi+ n,1.35,1.45,1.4,1.775,1.785,1.78,0.05236658521684601,0.0073606207989278865
pi+ n,1.35,1.45,1.4,1.785,1.795,1.79,0.049896537974724764,0.0073695690362591305
pi+ n,1.35,1.45,1.4,1.795,1.805,1.8,0.04742649073260354,0.007378517273590376
pi+ n,1.35,1.45,1.4,1.805,1.815,1.81,0.04495644349048231,0.00738746551092162
pi+ n,1.35,1.45,1.4,1.815,1.825,1.82,0.04248639624836108,0.007396413748252864
pi+ n,1.35,1.45,1.4,1.825,1.835,1.83,0.04001634900623985,0.007405361985584109
pi+ n,1.35,1.45,1.4,1.835,1.845,1.84,0.03754630176411862,0.007414310222915353
pi+ n,1.35,1.45,1.4,1.845,1.855,1.85,0.03507625452199738,0.007423258460246598
pi+ n,1.35,1.45,1.4,1.855,1.865,1.86,0.031391526891187224,0.0066797825564679355
pi+ n,1.35,1.45,1.4,1.865,1.875,1.87,0.02576331063847502,0.004732428026913575
pi+ n,1.35,1.45,1.4,1.875,1.885,1.88,0.02126690541831679,0.003002872663727579
pi+ n,1.35,1.45,1.4,1.885,1.895,1.89,0.02356136639348097,0.0025801122987513564
pi+ n,1.45,1.55,1.5,1.115,1.125,1.12,0.01439703967729402,0.0014660003356484592
pi+ n,1.45,1.55,1.5,1.125,1.135,1.13,0.010317901616764633,0.0009640564789875799
pi+ n,1.45,1.55,1.5,1.135,1.145,1.14,0.00623876355623516,0.00046211262232668924
pi+ n,1.45,1.55,1.5,1.145,1.155,1.15,0.010757467423984311,0.0009781595468571214
pi+ n,1.45,1.55,1.5,1.155,1.165,1.16,0.024385114369046113,0.0012880979679695712
pi+ n,1.45,1.55,1.5,1.165,1.175,1.17,0.03655388140291548,0.0019329801445762892
pi+ n,1.45,1.55,1.5,1.175,1.185,1.18,0.03924024347546558,0.001895117434603689
pi+ n,1.45,1.55,1.5,1.185,1.195,1.19,0.04677475660751661,0.0017475891696324625
pi+ n,1.45,1.55,1.5,1.195,1.205,1.2,0.05468929733456913,0.0021370501102468942
pi+ n,1.45,1.55,1.5,1.205,1.215,1.21,0.05794620830598613,0.002124930905090794
pi+ n,1.45,1.55,1.5,1.215,1.225,1.22,0.06141247974246638,0.0021391956393080943
pi+ n,1.45,1.55,1.5,1.225,1.235,1.23,0.06495838121809926,0.0021305462842481754
pi+ n,1.45,1.55,1.5,1.235,1.245,1.24,0.06369979303952392,0.002084799717783321
pi+ n,1.45,1.55,1.5,1.245,1.255,1.25,0.06675404114747481,0.002246739330234421
pi+ n,1.45,1.55,1.5,1.255,1.265,1.26,0.06605795873903895,0.0022726793929650213
pi+ n,1.45,1.55,1.5,1.265,1.275,1.27,0.0627928448650374,0.002872060681497867
pi+ n,1.45,1.55,1.5,1.275,1.285,1.28,0.06173103252877371,0.0033144289126004014
pi+ n,1.45,1.55,1.5,1.285,1.295,1.29,0.06021227531334292,0.0033530262967622513
pi+ n,1.45,1.55,1.5,1.295,1.305,1.3,0.056349328678668945,0.0026145509860168517
pi+ n,1.45,1.55,1.5,1.305,1.315,1.31,0.05555539009045165,0.002722065279442152
pi+ n,1.45,1.55,1.5,1.315,1.325,1.32,0.05488018879829896,0.0025847759984650946
pi+ n,1.45,1.55,1.5,1.325,1.335,1.33,0.05511504233854576,0.0026496762638629446
pi+ n,1.45,1.55,1.5,1.335,1.345,1.34,0.04975693076789871,0.0024004933980039944
pi+ n,1.45,1.55,1.5,1.345,1.355,1.35,0.04620789707147557,0.002044309224009207
pi+ n,1.45,1.55,1.5,1.355,1.365,1.36,0.046080301426577,0.002361739006816759
pi+ n,1.45,1.55,1.5,1.365,1.375,1.37,0.04646279255811161,0.002292607982692659
pi+ n,1.45,1.55,1.5,1.375,1.385,1.38,0.046065018475058,0.002466755203175283
pi+ n,1.45,1.55,1.5,1.385,1.395,1.39,0.046862322002852404,0.002513905019718734
pi+ n,1.45,1.55,1.5,1.395,1.405,1.4,0.05222046982027545,0.002683367902721734
pi+ n,1.45,1.55,1.5,1.405,1.415,1.41,0.05327337092725455,0.002889051396020915
pi+ n,1.45,1.55,1.5,1.415,1.425,1.42,0.05426273621279465,0.0028287399578153147
pi+ n,1.45,1.55,1.5,1.425,1.435,1.43,0.05454775353901348,0.002761568551203254
pi+ n,1.45,1.55,1.5,1.435,1.445,1.44,0.05374423310991763,0.002683795375235754
pi+ n,1.45,1.55,1.5,1.445,1.455,1.45,0.05851385871879759,0.0026958563452912244
pi+ n,1.45,1.55,1.5,1.455,1.465,1.46,0.06530653861397284,0.0027436671001379426
pi+ n,1.45,1.55,1.5,1.465,1.475,1.47,0.07441350319664594,0.0028432258454682926
pi+ n,1.45,1.55,1.5,1.475,1.485,1.48,0.0802857068014744,0.0029079485962572424
pi+ n,1.45,1.55,1.5,1.485,1.495,1.49,0.0837318396729194,0.0029465443511401427
pi+ n,1.45,1.55,1.5,1.495,1.505,1.5,0.08018448521431343,0.0029005610268231243
pi+ n,1.45,1.55,1.5,1.505,1.515,1.51,0.0755932638986597,0.002854869218464421
pi+ n,1.45,1.55,1.5,1.515,1.525,1.52,0.06958931472899015,0.002815340744110671
pi+ n,1.45,1.55,1.5,1.525,1.535,1.53,0.06458443782226882,0.0028032246430568786
pi+ n,1.45,1.55,1.5,1.535,1.545,1.54,0.0602649346421931,0.0028168847855780995
pi+ n,1.45,1.55,1.5,1.545,1.555,1.55,0.058059529296094405,0.0029303776429495994
pi+ n,1.45,1.55,1.5,1.555,1.565,1.56,0.05929549642014528,0.0030344225557208835
pi+ n,1.45,1.55,1.5,1.565,1.575,1.57,0.06351398635165913,0.003130279249838634
pi+ n,1.45,1.55,1.5,1.575,1.585,1.58,0.06068598949567352,0.0030800958425475505
pi+ n,1.45,1.55,1.5,1.585,1.595,1.59,0.06107038006052255,0.00311352790785332
pi+ n,1.45,1.55,1.5,1.595,1.605,1.6,0.06938077867587221,0.0033471974403231205
pi+ n,1.45,1.55,1.5,1.605,1.615,1.61,0.07470574384390534,0.0034845504497764096
pi+ n,1.45,1.55,1.5,1.615,1.625,1.62,0.07874144207092287,0.0035654266175075967
pi+ n,1.45,1.55,1.5,1.625,1.635,1.63,0.08198469394719701,0.0034967175142767482
pi+ n,1.45,1.55,1.5,1.635,1.645,1.64,0.08447780696724634,0.003934480838597212
pi+ n,1.45,1.55,1.5,1.645,1.655,1.65,0.08622078113107082,0.004878716590469
pi+ n,1.45,1.55,1.5,1.655,1.665,1.66,0.08692776642458079,0.005592963609257049
pi+ n,1.45,1.55,1.5,1.665,1.675,1.67,0.08445771918245956,0.0056019118465882945
pi+ n,1.45,1.55,1.5,1.675,1.685,1.68,0.08198767194033833,0.0056108600839195385
pi+ n,1.45,1.55,1.5,1.685,1.695,1.69,0.07951762469821708,0.0056198083212507825
pi+ n,1.45,1.55,1.5,1.695,1.705,1.7,0.07704757745609588,0.005628756558582028
pi+ n,1.45,1.55,1.5,1.705,1.715,1.71,0.07457753021397463,0.005637704795913272
pi+ n,1.45,1.55,1.5,1.715,1.725,1.72,0.0721074829718534,0.005646653033244517
pi+ n,1.45,1.55,1.5,1.725,1.735,1.73,0.06963743572973217,0.005655601270575761
pi+ n,1.45,1.55,1.5,1.735,1.745,1.74,0.06716738848761093,0.005664549507907006
pi+ n,1.45,1.55,1.5,1.745,1.755,1.75,0.06469734124548972,0.00567349774523825
pi+ n,1.45,1.55,1.5,1.755,1.765,1.76,0.062227294003368475,0.005682445982569495
pi+ n,1.45,1.55,1.5,1.765,1.775,1.77,0.05975724676124724,0.005691394219900739
pi+ n,1.45,1.55,1.5,1.775,1.785,1.78,0.057287199519126,0.005700342457231984
pi+ n,1.45,1.55,1.5,1.785,1.795,1.79,0.054817152277004774,0.005709290694563228
pi+ n,1.45,1.55,1.5,1.795,1.805,1.8,0.05234710503488355,0.005718238931894473
pi+ n,1.45,1.55,1.5,1.805,1.815,1.81,0.04987705779276232,0.0057271871692257175
pi+ n,1.45,1.55,1.5,1.815,1.825,1.82,0.04740701055064109,0.0057361354065569616
pi+ n,1.45,1.55,1.5,1.825,1.835,1.83,0.04493696330851986,0.005745083643888206
pi+ n,1.45,1.55,1.5,1.835,1.845,1.84,0.04246691606639862,0.0057540318812194504
pi+ n,1.45,1.55,1.5,1.845,1.855,1.85,0.03999686882427739,0.0057629801185506944
pi+ n,1.45,1.55,1.5,1.855,1.865,1.86,0.03752682158215616,0.005771928355881939
pi+ n,1.45,1.55,1.5,1.865,1.875,1.87,0.03505677434003493,0.0057808765932131825
pi+ n,1.45,1.55,1.5,1.875,1.885,1.88,0.03258672709791375,0.005789824830544428
pi+ n,1.45,1.55,1.5,1.885,1.895,1.89,0.03011667985579252,0.005798773067875672
pi+ n,1.45,1.55,1.5,1.895,1.905,1.9,0.025946080069506893,0.004754327507653112
pi+ n,1.45,1.55,1.5,1.905,1.915,1.91,0.020317863816794693,0.0028069729780987526
pi+ n,1.45,1.55,1.5,1.915,1.925,1.92,0.02148051375940519,0.0021664134467542424
pi+ n,1.55,1.65,1.6,1.115,1.125,1.12,0.015052034821645209,0.001534522823807687
pi+ n,1.55,1.65,1.6,1.125,1.135,1.13,0.010972896761115822,0.0010325789671468077
pi+ n,1.55,1.65,1.6,1.135,1.145,1.14,0.006893758700586348,0.0005306351104859171
pi+ n,1.55,1.65,1.6,1.145,1.155,1.15,0.007504352600936121,0.0005839589526566567
pi+ n,1.55,1.65,1.6,1.155,1.165,1.16,0.021131999545997922,0.0008938973737691066
pi+ n,1.55,1.65,1.6,1.165,1.175,1.17,0.03396389381222749,0.0013865323887875206
pi+ n,1.55,1.65,1.6,1.175,1.185,1.18,0.036650255884777584,0.0013486696788149208
pi+ n,1.55,1.65,1.6,1.185,1.195,1.19,0.041981063989782734,0.0012509893933885245
pi+ n,1.55,1.65,1.6,1.195,1.205,1.2,0.04777850028245548,0.0014579139041072597
pi+ n,1.55,1.65,1.6,1.205,1.215,1.21,0.05103541125387247,0.0014457946989511598
pi+ n,1.55,1.65,1.6,1.215,1.225,1.22,0.05450168269035273,0.0014600594331684597
pi+ n,1.55,1.65,1.6,1.225,1.235,1.23,0.05801138869364351,0.0014618255732345505
pi+ n,1.55,1.65,1.6,1.235,1.245,1.24,0.05871318064530737,0.0015104818153678563
pi+ n,1.55,1.65,1.6,1.245,1.255,1.25,0.06176742875325826,0.0016724214278189564
pi+ n,1.55,1.65,1.6,1.255,1.265,1.26,0.061071346344822405,0.0016983614905495563
pi+ n,1.55,1.65,1.6,1.265,1.275,1.27,0.058973974046078,0.0020370876764450184
pi+ n,1.55,1.65,1.6,1.275,1.285,1.28,0.05770445949201107,0.0022959237043926953
pi+ n,1.55,1.65,1.6,1.285,1.295,1.29,0.05618570227658027,0.002334521088554545
pi+ n,1.55,1.65,1.6,1.295,1.305,1.3,0.0537177592993866,0.001980586506977645
pi+ n,1.55,1.65,1.6,1.305,1.315,1.31,0.0529238207111693,0.0020881008004029456
pi+ n,1.55,1.65,1.6,1.315,1.325,1.32,0.05266228070647093,0.00204271585868721
pi+ n,1.55,1.65,1.6,1.325,1.335,1.33,0.05289713424671773,0.0021076161240850605
pi+ n,1.55,1.65,1.6,1.335,1.345,1.34,0.04753902267607068,0.0018584332582261102
pi+ n,1.55,1.65,1.6,1.345,1.355,1.35,0.04316768085500031,0.0015508860424748852
pi+ n,1.55,1.65,1.6,1.355,1.365,1.36,0.04327194283575318,0.0016926063675862313
pi+ n,1.55,1.65,1.6,1.365,1.375,1.37,0.043654433967287784,0.0016234753434621314
pi+ n,1.55,1.65,1.6,1.375,1.385,1.38,0.043799876980074176,0.001739896471245131
pi+ n,1.55,1.65,1.6,1.385,1.395,1.39,0.04459718050786858,0.0017870462877885812
pi+ n,1.55,1.65,1.6,1.395,1.405,1.4,0.049955328325291634,0.0019565091707915813
pi+ n,1.55,1.65,1.6,1.405,1.415,1.41,0.0529651597551998,0.002145728750319772
pi+ n,1.55,1.65,1.6,1.415,1.425,1.42,0.0539545250407399,0.002085417312114172
pi+ n,1.55,1.65,1.6,1.425,1.435,1.43,0.05455970053028658,0.0020213640729595935
pi+ n,1.55,1.65,1.6,1.435,1.445,1.44,0.05375618010119073,0.0019435908969920935
pi+ n,1.55,1.65,1.6,1.445,1.455,1.45,0.05599255751099078,0.0019148181643098504
pi+ n,1.55,1.65,1.6,1.455,1.465,1.46,0.062282132039318684,0.0019513793560079506
pi+ n,1.55,1.65,1.6,1.465,1.475,1.47,0.07038288588829707,0.0020284389750410683
pi+ n,1.55,1.65,1.6,1.475,1.485,1.48,0.07948985047097017,0.0021279977203714183
pi+ n,1.55,1.65,1.6,1.485,1.495,1.49,0.08374467358687632,0.002175302473889672
pi+ n,1.55,1.65,1.6,1.495,1.505,1.5,0.08667277035979902,0.002207633111794793
pi+ n,1.55,1.65,1.6,1.505,1.515,1.51,0.08286639785193188,0.002158517228988893
pi+ n,1.55,1.65,1.6,1.515,1.525,1.52,0.07843214629783547,0.0021121406057407503
pi+ n,1.55,1.65,1.6,1.525,1.535,1.53,0.07242819712816592,0.002072612131387
pi+ n,1.55,1.65,1.6,1.535,1.545,1.54,0.06709029613379519,0.002051358572566558
pi+ n,1.55,1.65,1.6,1.545,1.555,1.55,0.06241844331472328,0.0020483799292794077
pi+ n,1.55,1.65,1.6,1.555,1.565,1.56,0.05950833869063225,0.0021285952150341507
pi+ n,1.55,1.65,1.6,1.565,1.575,1.57,0.05730293334453354,0.0022420880724056506
pi+ n,1.55,1.65,1.6,1.575,1.585,1.58,0.06106257361336079,0.002339204492470097
pi+ n,1.55,1.65,1.6,1.585,1.595,1.59,0.0641969886544901,0.002412593478678797
pi+ n,1.55,1.65,1.6,1.595,1.605,1.6,0.060826954353312215,0.0023511762174331964
pi+ n,1.55,1.65,1.6,1.605,1.615,1.61,0.06162850323660869,0.0023951470968002304
pi+ n,1.55,1.65,1.6,1.615,1.625,1.62,0.06993890185195833,0.0026288166292700306
pi+ n,1.55,1.65,1.6,1.625,1.635,1.63,0.07586095370945468,0.0027854329433266104
pi+ n,1.55,1.65,1.6,1.635,1.645,1.64,0.07999174549856139,0.0028842593435732607
pi+ n,1.55,1.65,1.6,1.645,1.655,1.65,0.08342518449901398,0.0028514507053733038
pi+ n,1.55,1.65,1.6,1.655,1.665,1.66,0.08666843637528818,0.002782741602142454
pi+ n,1.55,1.65,1.6,1.665,1.675,1.67,0.08841141053911267,0.003726977354014235
pi+ n,1.55,1.65,1.6,1.675,1.685,1.68,0.08690828624261834,0.003950581742223636
pi+ n,1.55,1.65,1.6,1.685,1.695,1.69,0.0844382390004971,0.00395952997955488
pi+ n,1.55,1.65,1.6,1.695,1.705,1.7,0.08196819175837587,0.003968478216886125
pi+ n,1.55,1.65,1.6,1.705,1.715,1.71,0.07949814451625463,0.0039774264542173695
pi+ n,1.55,1.65,1.6,1.715,1.725,1.72,0.0770280972741334,0.0039863746915486135
pi+ n,1.55,1.65,1.6,1.725,1.735,1.73,0.07455805003201219,0.0039953229288798575
pi+ n,1.55,1.65,1.6,1.735,1.745,1.74,0.07208800278989094,0.004004271166211102
pi+ n,1.55,1.65,1.6,1.745,1.755,1.75,0.06961795554776971,0.004013219403542347
pi+ n,1.55,1.65,1.6,1.755,1.765,1.76,0.06714790830564847,0.004022167640873591
pi+ n,1.55,1.65,1.6,1.765,1.775,1.77,0.06467786106352724,0.004031115878204836
pi+ n,1.55,1.65,1.6,1.775,1.785,1.78,0.062207813821406006,0.00404006411553608
pi+ n,1.55,1.65,1.6,1.785,1.795,1.79,0.059737766579284785,0.004049012352867325
pi+ n,1.55,1.65,1.6,1.795,1.805,1.8,0.057267719337163556,0.00405796059019857
pi+ n,1.55,1.65,1.6,1.805,1.815,1.81,0.05479767209504233,0.004066908827529814
pi+ n,1.55,1.65,1.6,1.815,1.825,1.82,0.052327624852921084,0.004075857064861058
pi+ n,1.55,1.65,1.6,1.825,1.835,1.83,0.049857577610799855,0.004084805302192303
pi+ n,1.55,1.65,1.6,1.835,1.845,1.84,0.047387530368678626,0.004093753539523548
pi+ n,1.55,1.65,1.6,1.845,1.855,1.85,0.04491748312655739,0.004102701776854791
pi+ n,1.55,1.65,1.6,1.855,1.865,1.86,0.042447435884436155,0.004111650014186036
pi+ n,1.55,1.65,1.6,1.865,1.875,1.87,0.039977388642314926,0.004120598251517281
pi+ n,1.55,1.65,1.6,1.875,1.885,1.88,0.03750734140019375,0.004129546488848525
pi+ n,1.55,1.65,1.6,1.885,1.895,1.89,0.035037294158072524,0.0041384947261797695
pi+ n,1.55,1.65,1.6,1.895,1.905,1.9,0.03256724691595129,0.0041474429635110135
pi+ n,1.55,1.65,1.6,1.905,1.915,1.91,0.03009719967383006,0.004156391200842258
pi+ n,1.55,1.65,1.6,1.915,1.925,1.92,0.027627152431708827,0.004165339438173502
pi+ n,1.55,1.65,1.6,1.925,1.935,1.93,0.025157105189587595,0.004174287675504747
pi+ n,1.55,1.65,1.6,1.935,1.945,1.94,0.020500633247826434,0.002828872458838245
pi+ n,1.55,1.65,1.6,1.945,1.955,1.95,0.019399661125329405,0.0017527145947571258
pi+ n,1.65,1.75,1.7,1.115,1.125,1.12,0.015707029965996395,0.0016030453119669145
pi+ n,1.65,1.75,1.7,1.125,1.135,1.13,0.011627891905467012,0.0011011014553060352
pi+ n,1.65,1.75,1.7,1.135,1.145,1.14,0.007548753844937536,0.0005991575986451448
pi+ n,1.65,1.75,1.7,1.145,1.155,1.15,0.004251237777887938,0.00018975835845619292
pi+ n,1.65,1.75,1.7,1.155,1.165,1.16,0.01787888472294974,0.0004996967795686429
pi+ n,1.65,1.75,1.7,1.165,1.175,1.17,0.031373906221539495,0.0008400846329987536
pi+ n,1.65,1.75,1.7,1.175,1.185,1.18,0.03406026829408959,0.0008022219230261537
pi+ n,1.65,1.75,1.7,1.185,1.195,1.19,0.037187371372048875,0.0007543896171445876
pi+ n,1.65,1.75,1.7,1.195,1.205,1.2,0.04086770323034183,0.0007787776979676269
pi+ n,1.65,1.75,1.7,1.205,1.215,1.21,0.04412461420175883,0.0007666584928115269
pi+ n,1.65,1.75,1.7,1.215,1.225,1.22,0.047590885638239086,0.0007809232270288269
pi+ n,1.65,1.75,1.7,1.225,1.235,1.23,0.051064396169187745,0.0007931048622209245
pi+ n,1.65,1.75,1.7,1.235,1.245,1.24,0.0537265682510908,0.000936163912952393
pi+ n,1.65,1.75,1.7,1.245,1.255,1.25,0.05678081635904171,0.0010981035254034929
pi+ n,1.65,1.75,1.7,1.255,1.265,1.26,0.056084733950605856,0.001124043588134093
pi+ n,1.65,1.75,1.7,1.265,1.275,1.27,0.05515510322711858,0.001202114671392169
pi+ n,1.65,1.75,1.7,1.275,1.285,1.28,0.05367788645524843,0.001277418496184991
pi+ n,1.65,1.75,1.7,1.285,1.295,1.29,0.05215912923981763,0.001316015880346841
pi+ n,1.65,1.75,1.7,1.295,1.305,1.3,0.05108618992010427,0.001346622027938441
pi+ n,1.65,1.75,1.7,1.305,1.315,1.31,0.050292251331886965,0.001454136321363741
pi+ n,1.65,1.75,1.7,1.315,1.325,1.32,0.05044437261464291,0.0015006557189093269
pi+ n,1.65,1.75,1.7,1.325,1.335,1.33,0.050679226154889706,0.001565555984307177
pi+ n,1.65,1.75,1.7,1.335,1.345,1.34,0.04532111458424266,0.001316373118448227
pi+ n,1.65,1.75,1.7,1.345,1.355,1.35,0.040127464638525054,0.0010574628609405642
pi+ n,1.65,1.75,1.7,1.355,1.365,1.36,0.040463584244929365,0.0010234737283557054
pi+ n,1.65,1.75,1.7,1.365,1.375,1.37,0.04084607537646397,0.0009543427042316055
pi+ n,1.65,1.75,1.7,1.375,1.385,1.38,0.04153473548509036,0.00101303773931498
pi+ n,1.65,1.75,1.7,1.385,1.395,1.39,0.04233203901288476,0.0010601875558584304
pi+ n,1.65,1.75,1.7,1.395,1.405,1.4,0.04769018683030782,0.0012296504388614306
pi+ n,1.65,1.75,1.7,1.405,1.415,1.41,0.05265694858314505,0.001402406104618628
pi+ n,1.65,1.75,1.7,1.415,1.425,1.42,0.05364631386868515,0.001342094666413028
pi+ n,1.65,1.75,1.7,1.425,1.435,1.43,0.054571647521559685,0.0012811595947159315
pi+ n,1.65,1.75,1.7,1.435,1.445,1.44,0.053768127092463834,0.0012033864187484314
pi+ n,1.65,1.75,1.7,1.445,1.455,1.45,0.05347125630318396,0.0011337799833284745
pi+ n,1.65,1.75,1.7,1.455,1.465,1.46,0.05976083083151187,0.0011703411750265743
pi+ n,1.65,1.75,1.7,1.465,1.475,1.47,0.06635226857994816,0.001213652104613844
pi+ n,1.65,1.75,1.7,1.475,1.485,1.48,0.07545923316262128,0.0013132108499441938
pi+ n,1.65,1.75,1.7,1.485,1.495,1.49,0.0837575075008332,0.0014040605966391978
pi+ n,1.65,1.75,1.7,1.495,1.505,1.5,0.0872036403722782,0.0014426563515220977
pi+ n,1.65,1.75,1.7,1.505,1.515,1.51,0.0893546829974175,0.0014655893139605618
pi+ n,1.65,1.75,1.7,1.515,1.525,1.52,0.08554831048955035,0.001416473431154662
pi+ n,1.65,1.75,1.7,1.525,1.535,1.53,0.08127102869701126,0.0013694119930170797
pi+ n,1.65,1.75,1.7,1.535,1.545,1.54,0.07526707952734171,0.0013298835186633298
pi+ n,1.65,1.75,1.7,1.545,1.555,1.55,0.06959615444532155,0.001299492502076237
pi+ n,1.65,1.75,1.7,1.555,1.565,1.56,0.06492430162624965,0.0012965138587890872
pi+ n,1.65,1.75,1.7,1.565,1.575,1.57,0.06095714808517008,0.0013268127871187017
pi+ n,1.65,1.75,1.7,1.575,1.585,1.58,0.05875174273907139,0.0014403056444902015
pi+ n,1.65,1.75,1.7,1.585,1.595,1.59,0.05861116087506244,0.001548129735101553
pi+ n,1.65,1.75,1.7,1.595,1.605,1.6,0.0628296508065763,0.0016439864292193032
pi+ n,1.65,1.75,1.7,1.605,1.615,1.61,0.06433795351212881,0.001683673853564428
pi+ n,1.65,1.75,1.7,1.615,1.625,1.62,0.06096791921095091,0.0016222565923188273
pi+ n,1.65,1.75,1.7,1.625,1.635,1.63,0.06218662641269463,0.001676766285747135
pi+ n,1.65,1.75,1.7,1.635,1.645,1.64,0.07049702502804428,0.0019104358182169352
pi+ n,1.65,1.75,1.7,1.645,1.655,1.65,0.07701616357500411,0.002086315436876814
pi+ n,1.65,1.75,1.7,1.655,1.665,1.66,0.0811469553641108,0.002185141837123464
pi+ n,1.65,1.75,1.7,1.665,1.675,1.67,0.08486567505083094,0.0022061838964698597
pi+ n,1.65,1.75,1.7,1.675,1.685,1.68,0.08810892692710513,0.0021374747932390095
pi+ n,1.65,1.75,1.7,1.685,1.695,1.69,0.08935885330277708,0.0022992516378589805
pi+ n,1.65,1.75,1.7,1.695,1.705,1.7,0.08688880606065587,0.0023081998751902253
pi+ n,1.65,1.75,1.7,1.705,1.715,1.71,0.08441875881853464,0.0023171481125214693
pi+ n,1.65,1.75,1.7,1.715,1.725,1.72,0.08194871157641341,0.0023260963498527142
pi+ n,1.65,1.75,1.7,1.725,1.735,1.73,0.07947866433429218,0.0023350445871839587
pi+ n,1.65,1.75,1.7,1.735,1.745,1.74,0.07700861709217094,0.002343992824515203
pi+ n,1.65,1.75,1.7,1.745,1.755,1.75,0.0745385698500497,0.0023529410618464476
pi+ n,1.65,1.75,1.7,1.755,1.765,1.76,0.07206852260792847,0.002361889299177692
pi+ n,1.65,1.75,1.7,1.765,1.775,1.77,0.06959847536580725,0.0023708375365089364
pi+ n,1.65,1.75,1.7,1.775,1.785,1.78,0.06712842812368601,0.002379785773840181
pi+ n,1.65,1.75,1.7,1.785,1.795,1.79,0.06465838088156478,0.0023887340111714258
pi+ n,1.65,1.75,1.7,1.795,1.805,1.8,0.06218833363944355,0.0023976822485026698
pi+ n,1.65,1.75,1.7,1.805,1.815,1.81,0.059718286397322316,0.002406630485833914
pi+ n,1.65,1.75,1.7,1.815,1.825,1.82,0.05724823915520109,0.0024155787231651587
pi+ n,1.65,1.75,1.7,1.825,1.835,1.83,0.05477819191307986,0.002424526960496403
pi+ n,1.65,1.75,1.7,1.835,1.845,1.84,0.052308144670958616,0.002433475197827648
pi+ n,1.65,1.75,1.7,1.845,1.855,1.85,0.049838097428837394,0.002442423435158892
pi+ n,1.65,1.75,1.7,1.855,1.865,1.86,0.04736805018671616,0.002451371672490137
pi+ n,1.65,1.75,1.7,1.865,1.875,1.87,0.044898002944594936,0.0024603199098213813
pi+ n,1.65,1.75,1.7,1.875,1.885,1.88,0.04242795570247375,0.0024692681471526257
pi+ n,1.65,1.75,1.7,1.885,1.895,1.89,0.03995790846035251,0.0024782163844838698
pi+ n,1.65,1.75,1.7,1.895,1.905,1.9,0.037487861218231285,0.0024871646218151146
pi+ n,1.65,1.75,1.7,1.905,1.915,1.91,0.035017813976110056,0.0024961128591463586
pi+ n,1.65,1.75,1.7,1.915,1.925,1.92,0.03254776673398883,0.002505061096477603
pi+ n,1.65,1.75,1.7,1.925,1.935,1.93,0.03007771949186759,0.0025140093338088475
pi+ n,1.65,1.75,1.7,1.935,1.945,1.94,0.027607672249746362,0.002522957571140092
pi+ n,1.65,1.75,1.7,1.945,1.955,1.95,0.02513762500762513,0.002531905808471337
pi+ n,1.65,1.75,1.7,1.955,1.965,1.96,0.022667577765503898,0.002540854045802581
pi+ n,1.65,1.75,1.7,1.965,1.975,1.97,0.020197530523382665,0.0025498022831338257
pi+ n,1.65,1.75,1.7,1.975,1.985,1.98,0.017318808491253637,0.0013390157427600072
pi+ n,1.75,1.85,1.8,1.115,1.125,1.12,0.01636202511034758,0.0016715678001261423
pi+ n,1.75,1.85,1.8,1.125,1.135,1.13,0.012282887049818197,0.001169623943465263
pi+ n,1.75,1.85,1.8,1.135,1.145,1.14,0.008203748989288724,0.0006676800868043725
pi+ n,1.75,1.85,1.8,1.145,1.155,1.15,0.0037830740858057453,0.0001469238201155185
pi+ n,1.75,1.85,1.8,1.155,1.165,1.16,0.01741072103086754,0.0004568622412279682
pi+ n,1.75,1.85,1.8,1.165,1.175,1.17,0.026636572926398233,0.0006986795330913757
pi+ n,1.75,1.85,1.8,1.175,1.185,1.18,0.030758504408868334,0.0007042843923331758
pi+ n,1.75,1.85,1.8,1.185,1.195,1.19,0.03344486648141843,0.0006664216823605758
pi+ n,1.75,1.85,1.8,1.195,1.205,1.2,0.036701777452835434,0.0006543024772044757
pi+ n,1.75,1.85,1.8,1.205,1.215,1.21,0.040137587837742426,0.0006671948531796727
pi+ n,1.75,1.85,1.8,1.215,1.225,1.22,0.043603859274222674,0.0006814595873969728
pi+ n,1.75,1.85,1.8,1.225,1.235,1.23,0.04669924401724544,0.0007079219423619576
pi+ n,1.75,1.85,1.8,1.235,1.245,1.24,0.048661429924898456,0.0008001654577813727
pi+ n,1.75,1.85,1.8,1.245,1.255,1.25,0.05171567803284935,0.0009621050702324727
pi+ n,1.75,1.85,1.8,1.255,1.265,1.26,0.05101959562441351,0.0009880451329630727
pi+ n,1.75,1.85,1.8,1.265,1.275,1.27,0.04919159182127497,0.0009720560907607999
pi+ n,1.75,1.85,1.8,1.275,1.285,1.28,0.04693978584483601,0.0009625874868715952
pi+ n,1.75,1.85,1.8,1.285,1.295,1.29,0.04542102862940521,0.0010011848710334453
pi+ n,1.75,1.85,1.8,1.295,1.305,1.3,0.04547175311246142,0.0010916153553318605
pi+ n,1.75,1.85,1.8,1.305,1.315,1.31,0.04467781452424412,0.0011991296487571604
pi+ n,1.75,1.85,1.8,1.315,1.325,1.32,0.044912668064490915,0.0012640299141550104
pi+ n,1.75,1.85,1.8,1.325,1.335,1.33,0.04756221147884773,0.0014961873819249092
pi+ n,1.75,1.85,1.8,1.335,1.345,1.34,0.04220409990820068,0.0012470045160659592
pi+ n,1.75,1.85,1.8,1.345,1.355,1.35,0.039444838218197005,0.0010942763417748154
pi+ n,1.75,1.85,1.8,1.355,1.365,1.36,0.03971547757949544,0.001002503469114376
pi+ n,1.75,1.85,1.8,1.365,1.375,1.37,0.04009796871103004,0.0009333724449902759
pi+ n,1.75,1.85,1.8,1.375,1.385,1.38,0.04072868856625059,0.0009452518454550828
pi+ n,1.75,1.85,1.8,1.385,1.395,1.39,0.04152599209404499,0.0009924016619985334
pi+ n,1.75,1.85,1.8,1.395,1.405,1.4,0.04688413991146804,0.0011618645450015334
pi+ n,1.75,1.85,1.8,1.405,1.415,1.41,0.04986306829697696,0.001249508961404994
pi+ n,1.75,1.85,1.8,1.415,1.425,1.42,0.04945991092790057,0.0011683784721662788
pi+ n,1.75,1.85,1.8,1.425,1.435,1.43,0.05044927621344067,0.0011080670339606788
pi+ n,1.75,1.85,1.8,1.435,1.445,1.44,0.05250535865934208,0.0011118946434861242
pi+ n,1.75,1.85,1.8,1.445,1.455,1.45,0.05170183823024623,0.0010341214675186243
pi+ n,1.75,1.85,1.8,1.455,1.465,1.46,0.05799141275857413,0.0010706826592167243
pi+ n,1.75,1.85,1.8,1.465,1.475,1.47,0.06338830243682261,0.001100088026491794
pi+ n,1.75,1.85,1.8,1.475,1.485,1.48,0.06434978350408849,0.001257885474328298
pi+ n,1.75,1.85,1.8,1.485,1.495,1.49,0.06531126457135433,0.0014156829221648026
pi+ n,1.75,1.85,1.8,1.495,1.505,1.5,0.06627274563862019,0.0015734803700013069
pi+ n,1.75,1.85,1.8,1.505,1.515,1.51,0.06723422670588605,0.0017312778178378112
pi+ n,1.75,1.85,1.8,1.515,1.525,1.52,0.06819570777315191,0.0018890752656743153
pi+ n,1.75,1.85,1.8,1.525,1.535,1.53,0.06915718884041777,0.00204687271351082
pi+ n,1.75,1.85,1.8,1.535,1.545,1.54,0.07011866990768363,0.002204670161347324
pi+ n,1.75,1.85,1.8,1.545,1.555,1.55,0.07108015097494948,0.002362467609183828
pi+ n,1.75,1.85,1.8,1.555,1.565,1.56,0.07204163204221534,0.0025202650570203323
pi+ n,1.75,1.85,1.8,1.565,1.575,1.57,0.07300311310948121,0.002678062504856837
pi+ n,1.75,1.85,1.8,1.575,1.585,1.58,0.07396459417674706,0.002835859952693341
pi+ n,1.75,1.85,1.8,1.585,1.595,1.59,0.07492607524401292,0.0029936574005298457
pi+ n,1.75,1.85,1.8,1.595,1.605,1.6,0.07588755631127878,0.003151454848366349
pi+ n,1.75,1.85,1.8,1.605,1.615,1.61,0.07778310829345453,0.0031950179999596495
pi+ n,1.75,1.85,1.8,1.615,1.625,1.62,0.08094868194320794,0.0031918009456324004
pi+ n,1.75,1.85,1.8,1.625,1.635,1.63,0.08356046973768823,0.003184407809662301
pi+ n,1.75,1.85,1.8,1.635,1.645,1.64,0.08619488929608465,0.00316779296264665
pi+ n,1.75,1.85,1.8,1.645,1.655,1.65,0.08847604069640544,0.0031588908307317006
pi+ n,1.75,1.85,1.8,1.655,1.665,1.66,0.08937245998447152,0.003097830698187101
pi+ n,1.75,1.85,1.8,1.665,1.675,1.67,0.08817388607091212,0.0030362690795257006
pi+ n,1.75,1.85,1.8,1.675,1.685,1.68,0.0846069218414153,0.0029388670683264517
pi+ n,1.75,1.85,1.8,1.685,1.695,1.69,0.0807990243724957,0.0028918859831116995
pi+ n,1.75,1.85,1.8,1.695,1.705,1.7,0.07595214491571181,0.0027500729902314035
pi+ n,1.75,1.85,1.8,1.705,1.715,1.71,0.06899002735682108,0.0024734681174694026
pi+ n,1.75,1.85,1.8,1.715,1.725,1.72,0.06156683520681308,0.002300663868889551
pi+ n,1.75,1.85,1.8,1.725,1.735,1.73,0.054028096172856435,0.0021404728339015524
pi+ n,1.75,1.85,1.8,1.735,1.745,1.74,0.04680306138274917,0.0019660666132812017
pi+ n,1.75,1.85,1.8,1.745,1.755,1.75,0.041624928393553154,0.0043174953867673
pi+ n,1.75,1.85,1.8,1.755,1.765,1.76,0.03706109415365534,0.004280318508504395
pi+ n,1.75,1.85,1.8,1.765,1.775,1.77,0.03318738690214497,0.002370904369283262
pi+ n,1.75,1.85,1.8,1.775,1.785,1.78,0.0298783506846948,0.0014955524525775
pi+ n,1.75,1.85,1.8,1.785,1.795,1.79,0.02894040388198638,0.00142706984393874
pi+ n,1.75,1.85,1.8,1.795,1.805,1.8,0.028002457079277957,0.00135858723529998
pi+ n,1.75,1.85,1.8,1.805,1.815,1.81,0.027064510276569538,0.0012901046266612201
pi+ n,1.75,1.85,1.8,1.815,1.825,1.82,0.02612656347386112,0.00122162201802246
pi+ n,1.75,1.85,1.8,1.825,1.835,1.83,0.0251886166711527,0.0011531394093837
pi+ n,1.75,1.85,1.8,1.835,1.845,1.84,0.025018285395473586,0.0011502598726637666
pi+ n,1.75,1.85,1.8,1.845,1.855,1.85,0.024847954119794468,0.0011473803359438332
pi+ n,1.75,1.85,1.8,1.855,1.865,1.86,0.02467762284411535,0.0011445007992238999
pi+ n,1.75,1.85,1.8,1.865,1.875,1.87,0.024507291568436236,0.0011416212625039667
pi+ n,1.75,1.85,1.8,1.875,1.885,1.88,0.02433696029275712,0.0011387417257840333
pi+ n,1.75,1.85,1.8,1.885,1.895,1.89,0.024166629017078004,0.0011358621890641
pi+ n,1.75,1.85,1.8,1.895,1.905,1.9,0.023267695053118917,0.0010976906223733
pi+ n,1.75,1.85,1.8,1.905,1.915,1.91,0.022368761089159833,0.0010595190556825
pi+ n,1.75,1.85,1.8,1.915,1.925,1.92,0.021469827125200753,0.0010213474889917
pi+ n,1.75,1.85,1.8,1.925,1.935,1.93,0.02057089316124167,0.0009831759223009
pi+ n,1.75,1.85,1.8,1.935,1.945,1.94,0.019671959197282585,0.0009450043556100999
pi+ n,1.75,1.85,1.8,1.945,1.955,1.95,0.0187730252333235,0.0009068327889192999
pi+ n,1.75,1.85,1.8,1.955,1.965,1.96,0.01818384700396588,0.0009099134725598999
pi+ n,1.75,1.85,1.8,1.965,1.975,1.97,0.017594668774608264,0.0009129941562004999
pi+ n,1.75,1.85,1.8,1.975,1.985,1.98,0.01700549054525064,0.0009160748398410999
pi+ n,1.75,1.85,1.8,1.985,1.995,1.99,0.016416312315893026,0.0009191555234817001
pi+ n,1.75,1.85,1.8,1.995,2.005,2.0,0.015827134086535403,0.0009222362071223
pi+ n,1.85,1.95,1.9,1.115,1.125,1.12,0.01701702025469877,0.00174009028828537
pi+ n,1.85,1.95,1.9,1.125,1.135,1.13,0.012937882194169387,0.0012381464316244906
pi+ n,1.85,1.95,1.9,1.135,1.145,1.14,0.008511870777515262,0.0007170962210289499
pi+ n,1.85,1.95,1.9,1.145,1.155,1.15,0.004011148176465048,0.00019193079573979119
pi+ n,1.85,1.95,1.9,1.155,1.165,1.16,0.016813458549739764,0.0004890965051180454
pi+ n,1.85,1.95,1.9,1.165,1.175,1.17,0.02136240320514366,0.0006585350971543455
pi+ n,1.85,1.95,1.9,1.175,1.185,1.18,0.027009627185653765,0.0007103242486864455
pi+ n,1.85,1.95,1.9,1.185,1.195,1.19,0.029965158522563862,0.0006806117079415455
pi+ n,1.85,1.95,1.9,1.195,1.205,1.2,0.03325561313401024,0.0006731821742475637
pi+ n,1.85,1.95,1.9,1.205,1.215,1.21,0.03688150414575034,0.0007126493551747636
pi+ n,1.85,1.95,1.9,1.215,1.225,1.22,0.04027823432720731,0.0007292011432822546
pi+ n,1.85,1.95,1.9,1.225,1.235,1.23,0.04297955195843151,0.0007686234702916545
pi+ n,1.85,1.95,1.9,1.235,1.245,1.24,0.043781421778268007,0.0007868148826149045
pi+ n,1.85,1.95,1.9,1.245,1.255,1.25,0.04663090822366305,0.0009356864768725636
pi+ n,1.85,1.95,1.9,1.255,1.265,1.26,0.04572259055372046,0.00095376483242825
pi+ n,1.85,1.95,1.9,1.265,1.275,1.27,0.042691920268710326,0.0008932261162348
pi+ n,1.85,1.95,1.9,1.275,1.285,1.28,0.0396612499837002,0.0008326874000413499
pi+ n,1.85,1.95,1.9,1.285,1.295,1.29,0.038005046125580366,0.0008622724114436273
pi+ n,1.85,1.95,1.9,1.295,1.305,1.3,0.03895322512186467,0.0009345513485447272
pi+ n,1.85,1.95,1.9,1.305,1.315,1.31,0.03831766085951116,0.0010388624277587364
pi+ n,1.85,1.95,1.9,1.315,1.325,1.32,0.03900526875115358,0.0011351234186013455
pi+ n,1.85,1.95,1.9,1.325,1.335,1.33,0.04422042015675228,0.0015449916638915456
pi+ n,1.85,1.95,1.9,1.335,1.345,1.34,0.039349592938725864,0.0013138940527015592
pi+ n,1.85,1.95,1.9,1.345,1.355,1.35,0.03935160924690576,0.001263648988201209
pi+ n,1.85,1.95,1.9,1.355,1.365,1.36,0.03950340610232826,0.0011478191514709092
pi+ n,1.85,1.95,1.9,1.365,1.375,1.37,0.03986492502694358,0.0010744427807462455
pi+ n,1.85,1.95,1.9,1.375,1.385,1.38,0.040318649730054425,0.0010488473641274958
pi+ n,1.85,1.95,1.9,1.385,1.395,1.39,0.04108471881924124,0.0010893839776562001
pi+ n,1.85,1.95,1.9,1.395,1.405,1.4,0.04599676299318038,0.0012435058981717863
pi+ n,1.85,1.95,1.9,1.405,1.415,1.41,0.046447770732280534,0.0012442181938132364
pi+ n,1.85,1.95,1.9,1.415,1.425,1.42,0.04456505804267413,0.0011409674628518364
pi+ n,1.85,1.95,1.9,1.425,1.435,1.43,0.045293325330473644,0.0010767524525775274
pi+ n,1.85,1.95,1.9,1.435,1.445,1.44,0.05038773583105964,0.0011672808966892274
pi+ n,1.85,1.95,1.9,1.445,1.455,1.45,0.05012039094102578,0.0011048078680016545
pi+ n,1.85,1.95,1.9,1.455,1.465,1.46,0.05624258705996379,0.0011400273426204364
pi+ n,1.85,1.95,1.9,1.465,1.475,1.47,0.06069099908500289,0.0011618296464460363
pi+ n,1.85,1.95,1.9,1.475,1.485,1.48,0.061652480152268756,0.0013196270942825408
pi+ n,1.85,1.95,1.9,1.485,1.495,1.49,0.06261396121953461,0.001477424542119045
pi+ n,1.85,1.95,1.9,1.495,1.505,1.5,0.06357544228680047,0.001635221989955549
pi+ n,1.85,1.95,1.9,1.505,1.515,1.51,0.06453692335406633,0.0017930194377920538
pi+ n,1.85,1.95,1.9,1.515,1.525,1.52,0.0654984044213322,0.001950816885628558
pi+ n,1.85,1.95,1.9,1.525,1.535,1.53,0.06645988548859805,0.002108614333465062
pi+ n,1.85,1.95,1.9,1.535,1.545,1.54,0.06742136655586389,0.0022664117813015663
pi+ n,1.85,1.95,1.9,1.545,1.555,1.55,0.06838284762312977,0.0024242092291380706
pi+ n,1.85,1.95,1.9,1.555,1.565,1.56,0.07463357675009333,0.0025058537312555346
pi+ n,1.85,1.95,1.9,1.565,1.575,1.57,0.07212038226180298,0.00246000222182467
pi+ n,1.85,1.95,1.9,1.575,1.585,1.58,0.06874711719333751,0.0024376967909163954
pi+ n,1.85,1.95,1.9,1.585,1.595,1.59,0.06534246533215457,0.0024165285859351405
pi+ n,1.85,1.95,1.9,1.595,1.605,1.6,0.06324303092708887,0.002456511249274541
pi+ n,1.85,1.95,1.9,1.605,1.615,1.61,0.06368629375939101,0.00246051011585591
pi+ n,1.85,1.95,1.9,1.615,1.625,1.62,0.06750161056773767,0.002551203354969953
pi+ n,1.85,1.95,1.9,1.625,1.635,1.63,0.07054291627075515,0.002582023524544941
pi+ n,1.85,1.95,1.9,1.635,1.645,1.64,0.07300674755662072,0.002572852973269511
pi+ n,1.85,1.95,1.9,1.645,1.655,1.65,0.07204540421999878,0.002463195519287941
pi+ n,1.85,1.95,1.9,1.655,1.665,1.66,0.07721589340119991,0.002683138724441598
pi+ n,1.85,1.95,1.9,1.665,1.675,1.67,0.07742506541051392,0.0026627911182488207
pi+ n,1.85,1.95,1.9,1.675,1.685,1.68,0.0743370858283514,0.0025534622513639364
pi+ n,1.85,1.95,1.9,1.685,1.695,1.69,0.07492043665846275,0.0024815475929114202
pi+ n,1.85,1.95,1.9,1.695,1.705,1.7,0.06941240129224242,0.002277165425078482
pi+ n,1.85,1.95,1.9,1.705,1.715,1.71,0.06198920914223441,0.0021043611764986307
pi+ n,1.85,1.95,1.9,1.715,1.725,1.72,0.054522858864614825,0.001926055971013121
pi+ n,1.85,1.95,1.9,1.725,1.735,1.73,0.049698391346718246,0.004298188590979064
pi+ n,1.85,1.95,1.9,1.735,1.745,1.74,0.045824684095207846,0.002388774451757896
pi+ n,1.85,1.95,1.9,1.745,1.755,1.75,0.043805264364157145,0.0016026579094076442
pi+ n,1.85,1.95,1.9,1.755,1.765,1.76,0.04286731756144872,0.001534175300768884
pi+ n,1.85,1.95,1.9,1.765,1.775,1.77,0.04192937075874031,0.001465692692130124
pi+ n,1.85,1.95,1.9,1.775,1.785,1.78,0.041451993272249466,0.00143657192664266
pi+ n,1.85,1.95,1.9,1.785,1.795,1.79,0.041281661996570344,0.0014336923899227264
pi+ n,1.85,1.95,1.9,1.795,1.805,1.8,0.04111133072089124,0.0014308128532027932
pi+ n,1.85,1.95,1.9,1.805,1.815,1.81,0.040940999445212116,0.0014279333164828598
pi+ n,1.85,1.95,1.9,1.815,1.825,1.82,0.0386451842183854,0.00138670417036938
pi+ n,1.85,1.95,1.9,1.825,1.835,1.83,0.036349368991558696,0.0013454750242559007
pi+ n,1.85,1.95,1.9,1.835,1.845,1.84,0.034053553764732,0.001304245878142421
pi+ n,1.85,1.95,1.9,1.845,1.855,1.85,0.0317577385379053,0.0012630167320289419
pi+ n,1.85,1.95,1.9,1.855,1.865,1.86,0.0294619233110786,0.0012217875859154624
pi+ n,1.85,1.95,1.9,1.865,1.875,1.87,0.027166108084251905,0.001180558439801983
pi+ n,1.85,1.95,1.9,1.875,1.885,1.88,0.024870292857425255,0.0011393292936885046
pi+ n,1.85,1.95,1.9,1.885,1.895,1.89,0.022574477630598555,0.001098100147575025
pi+ n,1.85,1.95,1.9,1.895,1.905,1.9,0.02167554366663947,0.001059928580884225
pi+ n,1.85,1.95,1.9,1.905,1.915,1.91,0.020776609702680388,0.001021757014193425
pi+ n,1.85,1.95,1.9,1.915,1.925,1.92,0.019877675738721304,0.000983585447502625
pi+ n,1.85,1.95,1.9,1.925,1.935,1.93,0.018978741774762223,0.0009454138808118249
pi+ n,1.85,1.95,1.9,1.935,1.945,1.94,0.018383612628961155,0.0009198077117238083
pi+ n,1.85,1.95,1.9,1.945,1.955,1.95,0.0180922883013181,0.000906766940238575
pi+ n,1.85,1.95,1.9,1.955,1.965,1.96,0.017683828647628352,0.0009317003673465584
pi+ n,1.85,1.95,1.9,1.965,1.975,1.97,0.017185009706104665,0.0009457074227208499
pi+ n,1.85,1.95,1.9,1.975,1.985,1.98,0.016595831476747043,0.0009487881063614498
pi+ n,1.85,1.95,1.9,1.985,1.995,1.99,0.016006653247389428,0.0009518687900020499
pi+ n,1.85,1.95,1.9,1.995,2.005,2.0,0.015417475018031807,0.00095494947364265
pi+ n,1.95,2.05,2.0,1.115,1.125,1.12,0.01767201539904996,0.001808612776444598
pi+ n,1.95,2.05,2.0,1.125,1.135,1.13,0.013240667469224776,0.0012872686219423811
pi+ n,1.95,2.05,2.0,1.135,1.145,1.14,0.008739944868174563,0.0007621031966532224
pi+ n,1.95,2.05,2.0,1.145,1.155,1.15,0.004239222267124349,0.0002369377713640636
pi+ n,1.95,2.05,2.0,1.155,1.165,1.16,0.011539288828485178,0.00044895206918101505
pi+ n,1.95,2.05,2.0,1.165,1.175,1.17,0.01608823348388908,0.0006183906612173151
pi+ n,1.95,2.05,2.0,1.175,1.185,1.18,0.02173545746439918,0.0006701798127494151
pi+ n,1.95,2.05,2.0,1.185,1.195,1.19,0.02648545056370928,0.0006948017335225152
pi+ n,1.95,2.05,2.0,1.195,1.205,1.2,0.02999952944201814,0.0007186366762426546
pi+ n,1.95,2.05,2.0,1.205,1.215,1.21,0.03362542045375824,0.0007581038571698546
pi+ n,1.95,2.05,2.0,1.215,1.225,1.22,0.03655854226839336,0.0007899026712119516
pi+ n,1.95,2.05,2.0,1.225,1.235,1.23,0.03925985989961757,0.0008293249982213515
pi+ n,1.95,2.05,2.0,1.235,1.245,1.24,0.04006172971945406,0.0008475164105446016
pi+ n,1.95,2.05,2.0,1.245,1.255,1.25,0.04154613841447675,0.0009092678835126545
pi+ n,1.95,2.05,2.0,1.255,1.265,1.26,0.03922291900115579,0.0008749348579022497
pi+ n,1.95,2.05,2.0,1.265,1.275,1.27,0.03619224871614567,0.0008143961417087999
pi+ n,1.95,2.05,2.0,1.275,1.285,1.28,0.03316157843113554,0.0007538574255153499
pi+ n,1.95,2.05,2.0,1.285,1.295,1.29,0.03058906362175551,0.0007233599518538089
pi+ n,1.95,2.05,2.0,1.295,1.305,1.3,0.031537242618039814,0.0007956388889549088
pi+ n,1.95,2.05,2.0,1.305,1.315,1.31,0.031957507194778176,0.0008785952067603118
pi+ n,1.95,2.05,2.0,1.315,1.325,1.32,0.03566347742905812,0.001183927700567982
pi+ n,1.95,2.05,2.0,1.325,1.335,1.33,0.04087862883465682,0.001593795945858182
pi+ n,1.95,2.05,2.0,1.335,1.345,1.34,0.03925636396743462,0.0014832666991279535
pi+ n,1.95,2.05,2.0,1.345,1.355,1.35,0.03925838027561452,0.001433021634627603
pi+ n,1.95,2.05,2.0,1.355,1.365,1.36,0.03941017713103702,0.0013171917978973035
pi+ n,1.95,2.05,2.0,1.365,1.375,1.37,0.039631881342857125,0.0012155131165022155
pi+ n,1.95,2.05,2.0,1.375,1.385,1.38,0.04008560604596797,0.0011899176998834658
pi+ n,1.95,2.05,2.0,1.385,1.395,1.39,0.04064344554443748,0.001186366293313867
pi+ n,1.95,2.05,2.0,1.395,1.405,1.4,0.042581465428483956,0.0012382151305800288
pi+ n,1.95,2.05,2.0,1.405,1.415,1.41,0.04303247316758411,0.0012389274262214786
pi+ n,1.95,2.05,2.0,1.415,1.425,1.42,0.041149760477977707,0.0011356766952600786
pi+ n,1.95,2.05,2.0,1.425,1.435,1.43,0.040137374447506605,0.0010454378711943757
pi+ n,1.95,2.05,2.0,1.435,1.445,1.44,0.04523178494809261,0.0011359663153060757
pi+ n,1.95,2.05,2.0,1.445,1.455,1.45,0.048538943651805326,0.001175494268484685
pi+ n,1.95,2.05,2.0,1.455,1.465,1.46,0.05354528370814406,0.001201768962574679
pi+ n,1.95,2.05,2.0,1.465,1.475,1.47,0.057993695733183165,0.001223571266400279
pi+ n,1.95,2.05,2.0,1.475,1.485,1.48,0.05895517680044902,0.0013813687142367834
pi+ n,1.95,2.05,2.0,1.485,1.495,1.49,0.059916657867714884,0.0015391661620732877
pi+ n,1.95,2.05,2.0,1.495,1.505,1.5,0.06298052603588693,0.0016762614174755442
pi+ n,1.95,2.05,2.0,1.505,1.515,1.51,0.07094996410617324,0.0017650515571978943
pi+ n,1.95,2.05,2.0,1.515,1.525,1.52,0.07179400947531475,0.001755517118006144
pi+ n,1.95,2.05,2.0,1.525,1.535,1.53,0.06948314840593771,0.0017057842519020883
pi+ n,1.95,2.05,2.0,1.535,1.545,1.54,0.06626178695145085,0.0016735174908273885
pi+ n,1.95,2.05,2.0,1.545,1.555,1.55,0.06288852188298537,0.0016512120599191135
pi+ n,1.95,2.05,2.0,1.555,1.565,1.56,0.05936335320054127,0.0016388679591772637
pi+ n,1.95,2.05,2.0,1.565,1.575,1.57,0.05599313471686153,0.0016151785815561792
pi+ n,1.95,2.05,2.0,1.575,1.585,1.58,0.05300621298493753,0.0016122927179488089
pi+ n,1.95,2.05,2.0,1.585,1.595,1.59,0.05087347806668989,0.001660889755119909
pi+ n,1.95,2.05,2.0,1.595,1.605,1.6,0.04982803355439203,0.001700669076247579
pi+ n,1.95,2.05,2.0,1.605,1.615,1.61,0.04958947922532744,0.0017260022317521688
pi+ n,1.95,2.05,2.0,1.615,1.625,1.62,0.05368642286546296,0.001862799580513051
pi+ n,1.95,2.05,2.0,1.625,1.635,1.63,0.05752536280382203,0.0019796392394275794
pi+ n,1.95,2.05,2.0,1.635,1.645,1.64,0.05714092771078831,0.0018903175407535692
pi+ n,1.95,2.05,2.0,1.645,1.655,1.65,0.0556147677435921,0.0017675002078441791
pi+ n,1.95,2.05,2.0,1.655,1.665,1.66,0.061972392442168414,0.0020684551509657983
pi+ n,1.95,2.05,2.0,1.665,1.675,1.67,0.06667624475011569,0.00228931315697194
pi+ n,1.95,2.05,2.0,1.675,1.685,1.68,0.06724715844522708,0.0021740254784361444
pi+ n,1.95,2.05,2.0,1.685,1.695,1.69,0.06904184894442977,0.002071209202711139
pi+ n,1.95,2.05,2.0,1.695,1.705,1.7,0.06224265634648047,0.0018860453287450397
pi+ n,1.95,2.05,2.0,1.705,1.715,1.71,0.058670124846327935,0.0017782459748765477
pi+ n,1.95,2.05,2.0,1.715,1.725,1.72,0.05788570114902537,0.0017228839806215535
pi+ n,1.95,2.05,2.0,1.725,1.735,1.73,0.05771536987334626,0.0017200044439016203
pi+ n,1.95,2.05,2.0,1.735,1.745,1.74,0.055419554646519535,0.0016787752977881403
pi+ n,1.95,2.05,2.0,1.745,1.755,1.75,0.05312373941969283,0.0016375461516746608
pi+ n,1.95,2.05,2.0,1.755,1.765,1.76,0.050827924192866136,0.0015963170055611816
pi+ n,1.95,2.05,2.0,1.765,1.775,1.77,0.04853210896603944,0.0015550878594477022
pi+ n,1.95,2.05,2.0,1.775,1.785,1.78,0.04623629373921274,0.0015138587133342227
pi+ n,1.95,2.05,2.0,1.785,1.795,1.79,0.04394047851238604,0.001472629567220743
pi+ n,1.95,2.05,2.0,1.795,1.805,1.8,0.04164466328555934,0.0014314004211072638
pi+ n,1.95,2.05,2.0,1.805,1.815,1.81,0.03934884805873264,0.0013901712749937844
pi+ n,1.95,2.05,2.0,1.815,1.825,1.82,0.03705303283190595,0.0013489421288803052
pi+ n,1.95,2.05,2.0,1.825,1.835,1.83,0.034757217605079244,0.0013077129827668255
pi+ n,1.95,2.05,2.0,1.835,1.845,1.84,0.03246140237825255,0.0012664838366533463
pi+ n,1.95,2.05,2.0,1.845,1.855,1.85,0.030165587151425848,0.0012252546905398669
pi+ n,1.95,2.05,2.0,1.855,1.865,1.86,0.02786977192459915,0.0011840255444263874
pi+ n,1.95,2.05,2.0,1.865,1.875,1.87,0.02557395669777245,0.001142796398312908
pi+ n,1.95,2.05,2.0,1.875,1.885,1.88,0.023278141470945802,0.0011015672521994294
pi+ n,1.95,2.05,2.0,1.885,1.895,1.89,0.020982326244119102,0.00106033810608595
pi+ n,1.95,2.05,2.0,1.895,1.905,1.9,0.02008339228016002,0.00102216653939515
pi+ n,1.95,2.05,2.0,1.905,1.915,1.91,0.019184458316200935,0.0009839949727043498
pi+ n,1.95,2.05,2.0,1.915,1.925,1.92,0.01828552435224185,0.0009458234060135499
pi+ n,1.95,2.05,2.0,1.925,1.935,1.93,0.017994200024598804,0.0009327826345283167
pi+ n,1.95,2.05,2.0,1.935,1.945,1.94,0.01770287569695575,0.0009197418630430834
pi+ n,1.95,2.05,2.0,1.945,1.955,1.95,0.017411551369312703,0.0009067010915578499
pi+ n,1.95,2.05,2.0,1.955,1.965,1.96,0.017003091715622948,0.0009316345186658335
pi+ n,1.95,2.05,2.0,1.965,1.975,1.97,0.0165946320619332,0.0009565679457738169
pi+ n,1.95,2.05,2.0,1.975,1.985,1.98,0.016186172408243445,0.0009815013728818002
pi+ n,1.95,2.05,2.0,1.985,1.995,1.99,0.015596994178885826,0.0009845820565224
pi+ n,1.95,2.05,2.0,1.995,2.005,2.0,0.015007815949528207,0.000987662740163
pi+ n,2.05,2.15,2.1,1.115,1.125,1.12,0.01858458155211305,0.0018947620842140298
pi+ n,2.05,2.15,2.1,1.125,1.135,1.13,0.022080385036387613,0.0018547704565818298
pi+ n,2.05,2.15,2.1,1.135,1.145,1.14,0.017206779768848882,0.0013230178038061307
pi+ n,2.05,2.15,2.1,1.145,1.155,1.15,0.005159395571184383,0.0003697557009074307
pi+ n,2.05,2.15,2.1,1.155,1.165,1.16,0.010144234250201624,0.00047489675031801544
pi+ n,2.05,2.15,2.1,1.165,1.175,1.17,0.012908934287564617,0.0005110700342671618
pi+ n,2.05,2.15,2.1,1.175,1.185,1.18,0.011057507111738085,0.0004747559730019275
pi+ n,2.05,2.15,2.1,1.185,1.195,1.19,0.011502080594754419,0.000478090140878248
pi+ n,2.05,2.15,2.1,1.195,1.205,1.2,0.012989227208178734,0.0005005861739755004
pi+ n,2.05,2.15,2.1,1.205,1.215,1.21,0.01447637382160305,0.0005230822070727528
pi+ n,2.05,2.15,2.1,1.215,1.225,1.22,0.015963520435027367,0.0005455782401700053
pi+ n,2.05,2.15,2.1,1.225,1.235,1.23,0.01745066704845168,0.0005680742732672577
pi+ n,2.05,2.15,2.1,1.235,1.245,1.24,0.018937813661875993,0.00059057030636451
pi+ n,2.05,2.15,2.1,1.245,1.255,1.25,0.020424960275300313,0.0006130663394617624
pi+ n,2.05,2.15,2.1,1.255,1.265,1.26,0.021912106888724622,0.0006355623725590148
pi+ n,2.05,2.15,2.1,1.265,1.275,1.27,0.02339925350214894,0.0006580584056562673
pi+ n,2.05,2.15,2.1,1.275,1.285,1.28,0.02488640011557326,0.0006805544387535197
pi+ n,2.05,2.15,2.1,1.285,1.295,1.29,0.026373546728997572,0.0007030504718507721
pi+ n,2.05,2.15,2.1,1.295,1.305,1.3,0.027321725725281874,0.0007753294089518721
pi+ n,2.05,2.15,2.1,1.305,1.315,1.31,0.028796975175817356,0.0008241263439546898
pi+ n,2.05,2.15,2.1,1.315,1.325,1.32,0.03304672118675154,0.0011676505490901077
pi+ n,2.05,2.15,2.1,1.325,1.335,1.33,0.03826187259235024,0.0015775187943803076
pi+ n,2.05,2.15,2.1,1.335,1.345,1.34,0.03826388890053013,0.0015272737298799577
pi+ n,2.05,2.15,2.1,1.345,1.355,1.35,0.03852331939486427,0.0015373845112857103
pi+ n,2.05,2.15,2.1,1.355,1.365,1.36,0.038120468649463585,0.0013770596519761538
pi+ n,2.05,2.15,2.1,1.365,1.375,1.37,0.038272265504886084,0.001261229815245854
pi+ n,2.05,2.15,2.1,1.375,1.385,1.38,0.03872599020799693,0.0012356343986271042
pi+ n,2.05,2.15,2.1,1.385,1.395,1.39,0.03977369949189789,0.0012363281268807642
pi+ n,2.05,2.15,2.1,1.395,1.405,1.4,0.04013534109331385,0.001227738384619214
pi+ n,2.05,2.15,2.1,1.405,1.415,1.41,0.040586348832414,0.001228450680260664
pi+ n,2.05,2.15,2.1,1.415,1.425,1.42,0.04113712271598448,0.0013003000278643876
pi+ n,2.05,2.15,2.1,1.425,1.435,1.43,0.04168789659955496,0.0013721493754681108
pi+ n,2.05,2.15,2.1,1.435,1.445,1.44,0.04223867048312545,0.0014439987230718348
pi+ n,2.05,2.15,2.1,1.445,1.455,1.45,0.04278944436669593,0.0015158480706755583
pi+ n,2.05,2.15,2.1,1.455,1.465,1.46,0.04334021825026641,0.0015876974182792818
pi+ n,2.05,2.15,2.1,1.465,1.475,1.47,0.04389099213383689,0.001659546765883005
pi+ n,2.05,2.15,2.1,1.475,1.485,1.48,0.043225022730818956,0.0016438460742041678
pi+ n,2.05,2.15,2.1,1.485,1.495,1.49,0.04250516390624454,0.0015728918724216177
pi+ n,2.05,2.15,2.1,1.495,1.505,1.5,0.04759957440683054,0.0016634203165333177
pi+ n,2.05,2.15,2.1,1.505,1.515,1.51,0.052155652844460804,0.0016966769770732674
pi+ n,2.05,2.15,2.1,1.515,1.525,1.52,0.05836457789212346,0.001751973198847243
pi+ n,2.05,2.15,2.1,1.525,1.535,1.53,0.06463749389070873,0.0018173527245424266
pi+ n,2.05,2.15,2.1,1.535,1.545,1.54,0.06242779953078833,0.0017656791801017768
pi+ n,2.05,2.15,2.1,1.545,1.555,1.55,0.05937504925872923,0.0017301779551327512
pi+ n,2.05,2.15,2.1,1.555,1.565,1.56,0.05600178419026375,0.001707872524224477
pi+ n,2.05,2.15,2.1,1.565,1.575,1.57,0.0525053099890723,0.001693427446282768
pi+ n,2.05,2.15,2.1,1.575,1.585,1.58,0.04915230819414415,0.001668477482341768
pi+ n,2.05,2.15,2.1,1.585,1.595,1.59,0.046816195463116425,0.001704816685994185
pi+ n,2.05,2.15,2.1,1.595,1.605,1.6,0.04546009654911864,0.0017471153545628346
pi+ n,2.05,2.15,2.1,1.605,1.615,1.61,0.0456412248971482,0.0018087266516162023
pi+ n,2.05,2.15,2.1,1.615,1.625,1.62,0.049836703216659305,0.0019735455350179867
pi+ n,2.05,2.15,2.1,1.625,1.635,1.63,0.05367788760425135,0.002063273553301002
pi+ n,2.05,2.15,2.1,1.635,1.645,1.64,0.054295863094813046,0.001999689692809052
pi+ n,2.05,2.15,2.1,1.645,1.655,1.65,0.053107432610440715,0.0018945327268760515
pi+ n,2.05,2.15,2.1,1.655,1.665,1.66,0.04194782681214679,0.0014706534468205991
pi+ n,2.05,2.15,2.1,1.665,1.675,1.67,0.06266486311352082,0.002338206314732334
pi+ n,2.05,2.15,2.1,1.675,1.685,1.68,0.0631056276414019,0.0022006649755336094
pi+ n,2.05,2.15,2.1,1.685,1.695,1.69,0.06469142620246845,0.002100576002936017
pi+ n,2.05,2.15,2.1,1.695,1.705,1.7,0.0595942693279674,0.001942638602231802
pi+ n,2.05,2.15,2.1,1.705,1.715,1.71,0.053868976978907766,0.0019007905784748783
pi+ n,2.05,2.15,2.1,1.715,1.725,1.72,0.051028324232326144,0.0016579735780315034
pi+ n,2.05,2.15,2.1,1.725,1.735,1.73,0.05053923517576134,0.0016117915945798797
pi+ n,2.05,2.15,2.1,1.735,1.745,1.74,0.050177820595375504,0.001579552673472877
pi+ n,2.05,2.15,2.1,1.745,1.755,1.75,0.05007175496734753,0.0015751998770551102
pi+ n,2.05,2.15,2.1,1.755,1.765,1.76,0.049235772806386684,0.0015585549640721066
pi+ n,2.05,2.15,2.1,1.765,1.775,1.77,0.04693995757955999,0.001517325817958627
pi+ n,2.05,2.15,2.1,1.775,1.785,1.78,0.044644142352733285,0.0014760966718451477
pi+ n,2.05,2.15,2.1,1.785,1.795,1.79,0.042348327125906596,0.0014348675257316683
pi+ n,2.05,2.15,2.1,1.795,1.805,1.8,0.040052511899079886,0.0013936383796181889
pi+ n,2.05,2.15,2.1,1.805,1.815,1.81,0.03775669667225319,0.0013524092335047094
pi+ n,2.05,2.15,2.1,1.815,1.825,1.82,0.035460881445426494,0.00131118008739123
pi+ n,2.05,2.15,2.1,1.825,1.835,1.83,0.03316506621859979,0.0012699509412777508
pi+ n,2.05,2.15,2.1,1.835,1.845,1.84,0.0308692509917731,0.0012287217951642711
pi+ n,2.05,2.15,2.1,1.845,1.855,1.85,0.028573435764946396,0.001187492649050792
pi+ n,2.05,2.15,2.1,1.855,1.865,1.86,0.026277620538119696,0.0011462635029373125
pi+ n,2.05,2.15,2.1,1.865,1.875,1.87,0.023981805311293,0.001105034356823833
pi+ n,2.05,2.15,2.1,1.875,1.885,1.88,0.021685990084466353,0.0010638052107103545
pi+ n,2.05,2.15,2.1,1.885,1.895,1.89,0.01939017485763965,0.001022576064596875
pi+ n,2.05,2.15,2.1,1.895,1.905,1.9,0.01849124089368057,0.000984404497906075
pi+ n,2.05,2.15,2.1,1.905,1.915,1.91,0.0178961117478795,0.0009587983288180584
pi+ n,2.05,2.15,2.1,1.915,1.925,1.92,0.01760478742023645,0.000945757557332825
pi+ n,2.05,2.15,2.1,1.925,1.935,1.93,0.0173134630925934,0.0009327167858475917
pi+ n,2.05,2.15,2.1,1.935,1.945,1.94,0.017022138764950352,0.0009196760143623584
pi+ n,2.05,2.15,2.1,1.945,1.955,1.95,0.0167308144373073,0.000906635242877125
pi+ n,2.05,2.15,2.1,1.955,1.965,1.96,0.01632235478361755,0.0009315686699851084
pi+ n,2.05,2.15,2.1,1.965,1.975,1.97,0.015913895129927795,0.000956502097093092
pi+ n,2.05,2.15,2.1,1.975,1.985,1.98,0.015505435476238043,0.000981435524201075
pi+ n,2.05,2.15,2.1,1.985,1.995,1.99,0.015096975822548295,0.0010063689513090588
pi+ n,2.05,2.15,2.1,1.995,2.005,2.0,0.014598156881024605,0.00102037600668335
pi+ n,2.15,2.25,2.2,1.115,1.125,1.12,0.01792529442261871,0.0018664940478212053
pi+ n,2.15,2.25,2.2,1.125,1.135,1.13,0.0212456572078819,0.0018239169813578586
pi+ n,2.15,2.25,2.2,1.135,1.145,1.14,0.01732855579769326,0.0013483655885985584
pi+ n,2.15,2.25,2.2,1.145,1.155,1.15,0.005281171600028759,0.0003951034856998585
pi+ n,2.15,2.25,2.2,1.155,1.165,1.16,0.007167257422610615,0.00043278389921419394
pi+ n,2.15,2.25,2.2,1.165,1.175,1.17,0.008762865623407874,0.00042319255896516004
pi+ n,2.15,2.25,2.2,1.175,1.185,1.18,0.010147057558380876,0.0005618340940589753
pi+ n,2.15,2.25,2.2,1.185,1.195,1.19,0.010487029313063365,0.0005763836404619916
pi+ n,2.15,2.25,2.2,1.195,1.205,1.2,0.011974175926487684,0.0005988796735592439
pi+ n,2.15,2.25,2.2,1.205,1.215,1.21,0.013461322539911997,0.0006213757066564963
pi+ n,2.15,2.25,2.2,1.215,1.225,1.22,0.014948469153336311,0.0006438717397537488
pi+ n,2.15,2.25,2.2,1.225,1.235,1.23,0.016435615766760628,0.0006663677728510013
pi+ n,2.15,2.25,2.2,1.235,1.245,1.24,0.01792276238018494,0.0006888638059482536
pi+ n,2.15,2.25,2.2,1.245,1.255,1.25,0.01940990899360926,0.000711359839045506
pi+ n,2.15,2.25,2.2,1.255,1.265,1.26,0.020897055607033574,0.0007338558721427583
pi+ n,2.15,2.25,2.2,1.265,1.275,1.27,0.022384202220457887,0.0007563519052400109
pi+ n,2.15,2.25,2.2,1.275,1.285,1.28,0.023871348833882203,0.0007788479383372633
pi+ n,2.15,2.25,2.2,1.285,1.295,1.29,0.02535849544730652,0.0008013439714345157
pi+ n,2.15,2.25,2.2,1.295,1.305,1.3,0.02630667444359082,0.0008736229085356157
pi+ n,2.15,2.25,2.2,1.305,1.315,1.31,0.028836064802628663,0.0008754558393418695
pi+ n,2.15,2.25,2.2,1.315,1.325,1.32,0.03115500002423382,0.001086291964167723
pi+ n,2.15,2.25,2.2,1.325,1.335,1.33,0.03637015142983251,0.0014961602094579226
pi+ n,2.15,2.25,2.2,1.335,1.345,1.34,0.03637216773801241,0.0014459151449575727
pi+ n,2.15,2.25,2.2,1.345,1.355,1.35,0.03714642660465501,0.0015767376181755309
pi+ n,2.15,2.25,2.2,1.355,1.365,1.36,0.035634280657607965,0.0013274227137074612
pi+ n,2.15,2.25,2.2,1.365,1.375,1.37,0.035786077513030465,0.0012115928769771613
pi+ n,2.15,2.25,2.2,1.375,1.385,1.38,0.03623980221614131,0.0011859974603584116
pi+ n,2.15,2.25,2.2,1.385,1.395,1.39,0.03847548066162248,0.0012392694783568924
pi+ n,2.15,2.25,2.2,1.395,1.405,1.4,0.03865838998767005,0.0012120756602893423
pi+ n,2.15,2.25,2.2,1.405,1.415,1.41,0.039109397726770204,0.0012127879559307923
pi+ n,2.15,2.25,2.2,1.415,1.425,1.42,0.03966017161034069,0.0012846373035345158
pi+ n,2.15,2.25,2.2,1.425,1.435,1.43,0.040210945493911174,0.001356486651138239
pi+ n,2.15,2.25,2.2,1.435,1.445,1.44,0.04076171937748165,0.001428335998741963
pi+ n,2.15,2.25,2.2,1.445,1.455,1.45,0.04131249326105214,0.0015001853463456865
pi+ n,2.15,2.25,2.2,1.455,1.465,1.46,0.04186326714462262,0.00157203469394941
pi+ n,2.15,2.25,2.2,1.465,1.475,1.47,0.0424140410281931,0.0016438840415531335
pi+ n,2.15,2.25,2.2,1.475,1.485,1.48,0.04296481491176358,0.001715733389156857
pi+ n,2.15,2.25,2.2,1.485,1.495,1.49,0.043515588795334056,0.0017875827367605803
pi+ n,2.15,2.25,2.2,1.495,1.505,1.5,0.04406636267890454,0.0018594320843643036
pi+ n,2.15,2.25,2.2,1.505,1.515,1.51,0.04461713656247503,0.0019312814319680275
pi+ n,2.15,2.25,2.2,1.515,1.525,1.52,0.04516791044604551,0.0020031307795717514
pi+ n,2.15,2.25,2.2,1.525,1.535,1.53,0.04571868432961599,0.0020749801271754743
pi+ n,2.15,2.25,2.2,1.535,1.545,1.54,0.046269458213186475,0.002146829474779198
pi+ n,2.15,2.25,2.2,1.545,1.555,1.55,0.04682023209675695,0.0022186788223829213
pi+ n,2.15,2.25,2.2,1.555,1.565,1.56,0.04737100598032744,0.0022905281699866454
pi+ n,2.15,2.25,2.2,1.565,1.575,1.57,0.04792177986389791,0.0023623775175903683
pi+ n,2.15,2.25,2.2,1.575,1.585,1.58,0.048472553747468394,0.002434226865194092
pi+ n,2.15,2.25,2.2,1.585,1.595,1.59,0.049023327631038886,0.002506076212797816
pi+ n,2.15,2.25,2.2,1.595,1.605,1.6,0.049574101514609364,0.0025779255604015394
pi+ n,2.15,2.25,2.2,1.605,1.615,1.61,0.05184153077485314,0.0027086833754480025
pi+ n,2.15,2.25,2.2,1.615,1.625,1.62,0.055565376880405984,0.002856943335385251
pi+ n,2.15,2.25,2.2,1.625,1.635,1.63,0.05900049067204301,0.0028329264661652014
pi+ n,2.15,2.25,2.2,1.635,1.645,1.64,0.062135535122019414,0.0027958767857508993
pi+ n,2.15,2.25,2.2,1.645,1.655,1.65,0.06452339882054448,0.00284429307638355
pi+ n,2.15,2.25,2.2,1.655,1.665,1.66,0.0171421965111351,0.000889733612006
pi+ n,2.15,2.25,2.2,1.665,1.675,1.67,0.06539092050072925,0.0028094705915300013
pi+ n,2.15,2.25,2.2,1.675,1.685,1.68,0.06407284738327956,0.0026632062989998518
pi+ n,2.15,2.25,2.2,1.685,1.695,1.69,0.06186916843257878,0.0025696479935860502
pi+ n,2.15,2.25,2.2,1.695,1.705,1.7,0.058339456993731054,0.0024527295164231025
pi+ n,2.15,2.25,2.2,1.705,1.715,1.71,0.053036019420434614,0.002280240013722551
pi+ n,2.15,2.25,2.2,1.715,1.725,1.72,0.04657769780907557,0.0020958357914734028
pi+ n,2.15,2.25,2.2,1.725,1.735,1.73,0.039446587833911445,0.0018230816099775032
pi+ n,2.15,2.25,2.2,1.735,1.745,1.74,0.0113135628483435,0.0005814524660554
pi+ n,2.15,2.25,2.2,1.745,1.755,1.75,0.02940182076189675,0.00197029172020265
pi+ n,2.15,2.25,2.2,1.755,1.765,1.76,0.02686930764761377,0.002170272704771095
pi+ n,2.15,2.25,2.2,1.765,1.775,1.77,0.024175061998916822,0.0017024288327951447
pi+ n,2.15,2.25,2.2,1.775,1.785,1.78,0.0208798625221518,0.0012418407188725
pi+ n,2.15,2.25,2.2,1.785,1.795,1.79,0.020390773465587052,0.0011956587354208803
pi+ n,2.15,2.25,2.2,1.795,1.805,1.8,0.019901684409022288,0.0011494767519692603
pi+ n,2.15,2.25,2.2,1.805,1.815,1.81,0.01941259535245753,0.0011032947685176403
pi+ n,2.15,2.25,2.2,1.815,1.825,1.82,0.01892350629589277,0.0010571127850660202
pi+ n,2.15,2.25,2.2,1.825,1.835,1.83,0.01843441723932801,0.0010109308016144002
pi+ n,2.15,2.25,2.2,1.835,1.845,1.84,0.018328351611300014,0.001006578005196633
pi+ n,2.15,2.25,2.2,1.845,1.855,1.85,0.018222285983272045,0.0010022252087788664
pi+ n,2.15,2.25,2.2,1.855,1.865,1.86,0.01811622035524408,0.0009978724123610996
pi+ n,2.15,2.25,2.2,1.865,1.875,1.87,0.018010154727216114,0.000993519615943333
pi+ n,2.15,2.25,2.2,1.875,1.885,1.88,0.01790408909918815,0.0009891668195255664
pi+ n,2.15,2.25,2.2,1.885,1.895,1.89,0.01779802347116018,0.0009848140231077996
pi+ n,2.15,2.25,2.2,1.895,1.905,1.9,0.01750669914351715,0.0009717732516225667
pi+ n,2.15,2.25,2.2,1.905,1.915,1.91,0.017215374815874103,0.0009587324801373333
pi+ n,2.15,2.25,2.2,1.915,1.925,1.92,0.01692405048823105,0.0009456917086521
pi+ n,2.15,2.25,2.2,1.925,1.935,1.93,0.016632726160588,0.0009326509371668666
pi+ n,2.15,2.25,2.2,1.935,1.945,1.94,0.01634140183294495,0.0009196101656816333
pi+ n,2.15,2.25,2.2,1.945,1.955,1.95,0.0160500775053019,0.0009065693941964
pi+ n,2.15,2.25,2.2,1.955,1.965,1.96,0.01564161785161215,0.0009315028213043834
pi+ n,2.15,2.25,2.2,1.965,1.975,1.97,0.015233158197922397,0.0009564362484123668
pi+ n,2.15,2.25,2.2,1.975,1.985,1.98,0.014824698544232646,0.0009813696755203501
pi+ n,2.15,2.25,2.2,1.985,1.995,1.99,0.014416238890542894,0.0010063031026283338
pi+ n,2.15,2.25,2.2,1.995,2.005,2.0,0.014007779236853143,0.0010312365297363171
pi+ n,2.25,2.35,2.3,1.115,1.125,1.12,0.012897421726157054,0.0013643128975933576
pi+ n,2.25,2.35,2.3,1.125,1.135,1.13,0.01259201006518489,0.0012683034286196364
pi+ n,2.25,2.35,2.3,1.135,1.145,1.14,0.01503516935539116,0.0012127991680005524
pi+ n,2.25,2.35,2.3,1.145,1.155,1.15,0.0051399188367643595,0.0003859899001387508
pi+ n,2.25,2.35,2.3,1.155,1.165,1.16,0.00850198605286091,0.0005531575170396508
pi+ n,2.25,2.35,2.3,1.165,1.175,1.17,0.009197764300027682,0.00048641276653256266
pi+ n,2.25,2.35,2.3,1.175,1.185,1.18,0.01067250599012887,0.0004361264655631552
pi+ n,2.25,2.35,2.3,1.185,1.195,1.19,0.012250723586672042,0.00043835824991286007
pi+ n,2.25,2.35,2.3,1.195,1.205,1.2,0.014656096957981458,0.0005669400479446578
pi+ n,2.25,2.35,2.3,1.205,1.215,1.21,0.016692334980998206,0.0007464977062146514
pi+ n,2.25,2.35,2.3,1.215,1.225,1.22,0.015211341579871711,0.0007522696737377484
pi+ n,2.25,2.35,2.3,1.225,1.235,1.23,0.01542056448506958,0.0007646612724347444
pi+ n,2.25,2.35,2.3,1.235,1.245,1.24,0.016907711098493896,0.0007871573055319969
pi+ n,2.25,2.35,2.3,1.245,1.255,1.25,0.018394857711918212,0.0008096533386292492
pi+ n,2.25,2.35,2.3,1.255,1.265,1.26,0.019882004325342525,0.0008321493717265017
pi+ n,2.25,2.35,2.3,1.265,1.275,1.27,0.02136915093876684,0.0008546454048237541
pi+ n,2.25,2.35,2.3,1.275,1.285,1.28,0.022856297552191162,0.0008771414379210064
pi+ n,2.25,2.35,2.3,1.285,1.295,1.29,0.02434344416561547,0.0008996374710182589
pi+ n,2.25,2.35,2.3,1.295,1.305,1.3,0.025871400661576067,0.0009460862058112485
pi+ n,2.25,2.35,2.3,1.305,1.315,1.31,0.028875154429439966,0.0009267853347290487
pi+ n,2.25,2.35,2.3,1.315,1.325,1.32,0.03032522479584707,0.0010779118234155987
pi+ n,2.25,2.35,2.3,1.325,1.335,1.33,0.03447843026731481,0.0014148016245355386
pi+ n,2.25,2.35,2.3,1.335,1.345,1.34,0.03476360218026436,0.0014309479905319014
pi+ n,2.25,2.35,2.3,1.345,1.355,1.35,0.03576953381444576,0.0016160907250653512
pi+ n,2.25,2.35,2.3,1.355,1.365,1.36,0.03375820502665786,0.0013267303002759512
pi+ n,2.25,2.35,2.3,1.365,1.375,1.37,0.033299889521174866,0.0011619559387084694
pi+ n,2.25,2.35,2.3,1.375,1.385,1.38,0.03440699726315479,0.0011652785814493696
pi+ n,2.25,2.35,2.3,1.385,1.395,1.39,0.03717726183134708,0.0012422108298330205
pi+ n,2.25,2.35,2.3,1.395,1.405,1.4,0.03727974163347888,0.0012066451776527704
pi+ n,2.25,2.35,2.3,1.405,1.415,1.41,0.037632446621126414,0.0011971252316009206
pi+ n,2.25,2.35,2.3,1.415,1.425,1.42,0.0381832205046969,0.001268974579204644
pi+ n,2.25,2.35,2.3,1.425,1.435,1.43,0.03873399438826738,0.0013408239268083673
pi+ n,2.25,2.35,2.3,1.435,1.445,1.44,0.03928476827183787,0.0014126732744120913
pi+ n,2.25,2.35,2.3,1.445,1.455,1.45,0.03983554215540835,0.001484522622015815
pi+ n,2.25,2.35,2.3,1.455,1.465,1.46,0.040386316038978826,0.0015563719696195383
pi+ n,2.25,2.35,2.3,1.465,1.475,1.47,0.04093708992254931,0.0016282213172232616
pi+ n,2.25,2.35,2.3,1.475,1.485,1.48,0.04148786380611979,0.0017000706648269853
pi+ n,2.25,2.35,2.3,1.485,1.495,1.49,0.04203863768969028,0.001771920012430709
pi+ n,2.25,2.35,2.3,1.495,1.505,1.5,0.04258941157326075,0.0018437693600344325
pi+ n,2.25,2.35,2.3,1.505,1.515,1.51,0.04314018545683124,0.001915618707638156
pi+ n,2.25,2.35,2.3,1.515,1.525,1.52,0.043690959340401715,0.0019874680552418793
pi+ n,2.25,2.35,2.3,1.525,1.535,1.53,0.04455818747762777,0.0020182149918044337
pi+ n,2.25,2.35,2.3,1.535,1.545,1.54,0.046198882584912254,0.002000809424369577
pi+ n,2.25,2.35,2.3,1.545,1.555,1.55,0.05059587235947117,0.00201909508810773
pi+ n,2.25,2.35,2.3,1.555,1.565,1.56,0.05524168805177959,0.002060358040153594
pi+ n,2.25,2.35,2.3,1.565,1.575,1.57,0.0546203923962329,0.0021056347375452387
pi+ n,2.25,2.35,2.3,1.575,1.585,1.58,0.04946786461162547,0.002032757356863089
pi+ n,2.25,2.35,2.3,1.585,1.595,1.59,0.049176884219294545,0.0021561557620738457
pi+ n,2.25,2.35,2.3,1.595,1.605,1.6,0.04795754226189089,0.0022317999622469466
pi+ n,2.25,2.35,2.3,1.605,1.615,1.61,0.04886033746587805,0.0022681817338266273
pi+ n,2.25,2.35,2.3,1.615,1.625,1.62,0.05039662656264053,0.002301816309880457
pi+ n,2.25,2.35,2.3,1.625,1.635,1.63,0.05347670847766435,0.002315145392032619
pi+ n,2.25,2.35,2.3,1.635,1.645,1.64,0.05643095764124005,0.0023233463498882677
pi+ n,2.25,2.35,2.3,1.645,1.655,1.65,0.05863370361708904,0.002363443250592822
pi+ n,2.25,2.35,2.3,1.655,1.665,1.66,0.03204557834148794,0.00123362990175427
pi+ n,2.25,2.35,2.3,1.665,1.675,1.67,0.061241576740305656,0.0023638228118582935
pi+ n,2.25,2.35,2.3,1.675,1.685,1.68,0.06016157448621439,0.002230125381737536
pi+ n,2.25,2.35,2.3,1.685,1.695,1.69,0.060847055461528875,0.0022473677274637803
pi+ n,2.25,2.35,2.3,1.695,1.705,1.7,0.0567001289663181,0.0020986031500191556
pi+ n,2.25,2.35,2.3,1.705,1.715,1.71,0.050206485768282454,0.0019088602813204527
pi+ n,2.25,2.35,2.3,1.715,1.725,1.72,0.034568876218465286,0.0012487035868569193
pi+ n,2.25,2.35,2.3,1.725,1.735,1.73,0.0406546744938647,0.002051425270132159
pi+ n,2.25,2.35,2.3,1.735,1.745,1.74,0.037909717398510075,0.0015802649882855255
pi+ n,2.25,2.35,2.3,1.745,1.755,1.75,0.03656981022135619,0.0014381769962921599
pi+ n,2.25,2.35,2.3,1.755,1.765,1.76,0.036080721164791434,0.0013919950128405399
pi+ n,2.25,2.35,2.3,1.765,1.775,1.77,0.035591632108226676,0.0013458130293889196
pi+ n,2.25,2.35,2.3,1.775,1.785,1.78,0.035421729242109234,0.0013344887017988436
pi+ n,2.25,2.35,2.3,1.785,1.795,1.79,0.03531566361408127,0.0013301359053810768
pi+ n,2.25,2.35,2.3,1.795,1.805,1.8,0.035209597986053304,0.0013257831089633102
pi+ n,2.25,2.35,2.3,1.805,1.815,1.81,0.0344241028845417,0.0013116973204185354
pi+ n,2.25,2.35,2.3,1.815,1.825,1.82,0.03227974883606279,0.0012781455476197432
pi+ n,2.25,2.35,2.3,1.825,1.835,1.83,0.030135394787583876,0.0012445937748209513
pi+ n,2.25,2.35,2.3,1.835,1.845,1.84,0.027991040739104966,0.0012110420020221592
pi+ n,2.25,2.35,2.3,1.845,1.855,1.85,0.02584668669062605,0.0011774902292233673
pi+ n,2.25,2.35,2.3,1.855,1.865,1.86,0.02370233264214714,0.0011439384564245752
pi+ n,2.25,2.35,2.3,1.865,1.875,1.87,0.02155797859366823,0.001110386683625783
pi+ n,2.25,2.35,2.3,1.875,1.885,1.88,0.019413624545189363,0.0010768349108269918
pi+ n,2.25,2.35,2.3,1.885,1.895,1.89,0.017269270496710454,0.0010432831380281999
pi+ n,2.25,2.35,2.3,1.895,1.905,1.9,0.016977946169067403,0.0010302423665429666
pi+ n,2.25,2.35,2.3,1.905,1.915,1.91,0.016686621841424353,0.001017201595057733
pi+ n,2.25,2.35,2.3,1.915,1.925,1.92,0.0163952975137813,0.0010041608235724997
pi+ n,2.25,2.35,2.3,1.925,1.935,1.93,0.016103973186138255,0.0009911200520872666
pi+ n,2.25,2.35,2.3,1.935,1.945,1.94,0.015707209257339375,0.0009613820093265582
pi+ n,2.25,2.35,2.3,1.945,1.955,1.95,0.01520500572738468,0.000914946695290375
pi+ n,2.25,2.35,2.3,1.955,1.965,1.96,0.014796546073694926,0.0009398801223983583
pi+ n,2.25,2.35,2.3,1.965,1.975,1.97,0.014388086420005174,0.0009648135495063417
pi+ n,2.25,2.35,2.3,1.975,1.985,1.98,0.013979626766315423,0.0009897469766143251
pi+ n,2.25,2.35,2.3,1.985,1.995,1.99,0.013571167112625671,0.0010146804037223086
pi+ n,2.25,2.35,2.3,1.995,2.005,2.0,0.013211647045792363,0.0010446370932841922
pi+ n,2.35,2.45,2.4,1.115,1.125,1.12,0.007869549029695376,0.0008621317473655082
pi+ n,2.35,2.45,2.4,1.125,1.135,1.13,0.007564137368723212,0.0007661222783917868
pi+ n,2.35,2.45,2.4,1.135,1.145,1.14,0.007258725707751041,0.0006701128094180632
pi+ n,2.35,2.45,2.4,1.145,1.155,1.15,0.00499866607349996,0.00037687631457764307
pi+ n,2.35,2.45,2.4,1.155,1.165,1.16,0.00836073328959651,0.0005440439314785431
pi+ n,2.35,2.45,2.4,1.165,1.175,1.17,0.01096100365742741,0.0006443794434057321
pi+ n,2.35,2.45,2.4,1.175,1.185,1.18,0.01122827117744476,0.0005400416338509321
pi+ n,2.35,2.45,2.4,1.185,1.195,1.19,0.012317648770710675,0.00047250485141810144
pi+ n,2.35,2.45,2.4,1.195,1.205,1.2,0.014254827377014175,0.0004429191282048015
pi+ n,2.35,2.45,2.4,1.205,1.215,1.21,0.015738581549936216,0.00045352394086056004
pi+ n,2.35,2.45,2.4,1.215,1.225,1.22,0.017061747902702318,0.00047836290163661007
pi+ n,2.35,2.45,2.4,1.225,1.235,1.23,0.020773233192943268,0.000732151572218445
pi+ n,2.35,2.45,2.4,1.235,1.245,1.24,0.023237612403615614,0.000931161318370329
pi+ n,2.35,2.45,2.4,1.245,1.255,1.25,0.021420579737732516,0.000935650185703329
pi+ n,2.35,2.45,2.4,1.255,1.265,1.26,0.020550566817981553,0.0009437550626629637
pi+ n,2.35,2.45,2.4,1.265,1.275,1.27,0.020719220716569054,0.0009558258856647135
pi+ n,2.35,2.45,2.4,1.275,1.285,1.28,0.021841246270500107,0.0009754349375047501
pi+ n,2.35,2.45,2.4,1.285,1.295,1.29,0.02332839288392442,0.0009979309706020024
pi+ n,2.35,2.45,2.4,1.295,1.305,1.3,0.025910490288387378,0.000997415701198428
pi+ n,2.35,2.45,2.4,1.305,1.315,1.31,0.028914244056251277,0.0009781148301162281
pi+ n,2.35,2.45,2.4,1.315,1.325,1.32,0.030364314422658377,0.0011292413188027782
pi+ n,2.35,2.45,2.4,1.325,1.335,1.33,0.032586709104797086,0.0013334430396131538
pi+ n,2.35,2.45,2.4,1.335,1.345,1.34,0.0333867093900551,0.0014703010974217218
pi+ n,2.35,2.45,2.4,1.345,1.355,1.35,0.0343926410242365,0.0016554438319551718
pi+ n,2.35,2.45,2.4,1.355,1.365,1.36,0.032381312236448606,0.001366083407165772
pi+ n,2.35,2.45,2.4,1.365,1.375,1.37,0.030813701529319247,0.001112319000439777
pi+ n,2.35,2.45,2.4,1.375,1.385,1.38,0.033108778432879384,0.001168219932925498
pi+ n,2.35,2.45,2.4,1.385,1.395,1.39,0.03587904300107167,0.001245152181309149
pi+ n,2.35,2.45,2.4,1.395,1.405,1.4,0.035981522803203464,0.0012095865291288988
pi+ n,2.35,2.45,2.4,1.405,1.415,1.41,0.03615549551548262,0.0011814625072710488
pi+ n,2.35,2.45,2.4,1.415,1.425,1.42,0.03670626939905311,0.0012533118548747723
pi+ n,2.35,2.45,2.4,1.425,1.435,1.43,0.03725704328262359,0.0013251612024784958
pi+ n,2.35,2.45,2.4,1.435,1.445,1.44,0.037807817166194066,0.0013970105500822198
pi+ n,2.35,2.45,2.4,1.445,1.455,1.45,0.03873833615415122,0.0014195370044365367
pi+ n,2.35,2.45,2.4,1.455,1.465,1.46,0.03985686783492485,0.0014231497514930506
pi+ n,2.35,2.45,2.4,1.465,1.475,1.47,0.0416511404205949,0.0013995623268548505
pi+ n,2.35,2.45,2.4,1.475,1.485,1.48,0.044471188435041484,0.0013915582492594837
pi+ n,2.35,2.45,2.4,1.485,1.495,1.49,0.04872732204977524,0.0014053708575240838
pi+ n,2.35,2.45,2.4,1.495,1.505,1.5,0.05444405788072612,0.0014553718068557086
pi+ n,2.35,2.45,2.4,1.505,1.515,1.51,0.06020257896164038,0.0015114924572168851
pi+ n,2.35,2.45,2.4,1.515,1.525,1.52,0.06106519633268887,0.0015022392349906847
pi+ n,2.35,2.45,2.4,1.525,1.535,1.53,0.060578801861378095,0.0015425586669625246
pi+ n,2.35,2.45,2.4,1.535,1.545,1.54,0.05820379081076431,0.0016522798148116248
pi+ n,2.35,2.45,2.4,1.545,1.555,1.55,0.052495759679358156,0.0015428827284232256
pi+ n,2.35,2.45,2.4,1.555,1.565,1.56,0.04636388579463588,0.001392639378307763
pi+ n,2.35,2.45,2.4,1.565,1.575,1.57,0.04779081525300828,0.001596520652732113
pi+ n,2.35,2.45,2.4,1.575,1.585,1.58,0.04800666528420979,0.001750696930930567
pi+ n,2.35,2.45,2.4,1.585,1.595,1.59,0.04652700411737204,0.0018352862144127668
pi+ n,2.35,2.45,2.4,1.595,1.605,1.6,0.04588261055083636,0.0018363820003048418
pi+ n,2.35,2.45,2.4,1.605,1.615,1.61,0.04587914415690294,0.0018276800922052507
pi+ n,2.35,2.45,2.4,1.615,1.625,1.62,0.04669549338891412,0.0018154229898957373
pi+ n,2.35,2.45,2.4,1.625,1.635,1.63,0.04795292628328567,0.0017973643179000339
pi+ n,2.35,2.45,2.4,1.635,1.645,1.64,0.05045582494670631,0.0018354223080869335
pi+ n,2.35,2.45,2.4,1.645,1.655,1.65,0.05274400841363358,0.0018825934248020918
pi+ n,2.35,2.45,2.4,1.655,1.665,1.66,0.04694896017184084,0.0015775261915025414
pi+ n,2.35,2.45,2.4,1.665,1.675,1.67,0.05709223297988204,0.001918175032186584
pi+ n,2.35,2.45,2.4,1.675,1.685,1.68,0.058206375845265404,0.001900068421643046
pi+ n,2.35,2.45,2.4,1.685,1.695,1.69,0.05982494249047896,0.0019250874613415084
pi+ n,2.35,2.45,2.4,1.695,1.705,1.7,0.054413717878698614,0.0018251947491109402
pi+ n,2.35,2.45,2.4,1.705,1.715,1.71,0.05274884697712541,0.00168069525716344
pi+ n,2.35,2.45,2.4,1.715,1.725,1.72,0.05251510687291851,0.0016623993984010552
pi+ n,2.35,2.45,2.4,1.725,1.735,1.73,0.05105018229792325,0.0016385806177292718
pi+ n,2.35,2.45,2.4,1.735,1.745,1.74,0.04890582824944434,0.0016050288449304796
pi+ n,2.35,2.45,2.4,1.745,1.755,1.75,0.04676147420096542,0.0015714770721316877
pi+ n,2.35,2.45,2.4,1.755,1.765,1.76,0.04461712015248651,0.0015379252993328956
pi+ n,2.35,2.45,2.4,1.765,1.775,1.77,0.042472766104007596,0.0015043735265341037
pi+ n,2.35,2.45,2.4,1.775,1.785,1.78,0.04032841205552869,0.0014708217537353113
pi+ n,2.35,2.45,2.4,1.785,1.795,1.79,0.03818405800704977,0.0014372699809365194
pi+ n,2.35,2.45,2.4,1.795,1.805,1.8,0.03603970395857086,0.0014037182081377275
pi+ n,2.35,2.45,2.4,1.805,1.815,1.81,0.03389534991009195,0.0013701664353389354
pi+ n,2.35,2.45,2.4,1.815,1.825,1.82,0.03175099586161304,0.0013366146625401433
pi+ n,2.35,2.45,2.4,1.825,1.835,1.83,0.02960664181313413,0.0013030628897413514
pi+ n,2.35,2.45,2.4,1.835,1.845,1.84,0.027462287764655216,0.0012695111169425594
pi+ n,2.35,2.45,2.4,1.845,1.855,1.85,0.025317933716176303,0.0012359593441437673
pi+ n,2.35,2.45,2.4,1.855,1.865,1.86,0.02317357966769739,0.0012024075713449752
pi+ n,2.35,2.45,2.4,1.865,1.875,1.87,0.021029225619218477,0.001168855798546183
pi+ n,2.35,2.45,2.4,1.875,1.885,1.88,0.018884871570739613,0.0011353040257473918
pi+ n,2.35,2.45,2.4,1.885,1.895,1.89,0.016740517522260703,0.0011017522529486
pi+ n,2.35,2.45,2.4,1.895,1.905,1.9,0.01644919319461765,0.0010887114814633666
pi+ n,2.35,2.45,2.4,1.905,1.915,1.91,0.016157868866974602,0.0010756707099781333
pi+ n,2.35,2.45,2.4,1.915,1.925,1.92,0.01586654453933155,0.0010626299384929
pi+ n,2.35,2.45,2.4,1.925,1.935,1.93,0.015364341009376852,0.0010161946244567166
pi+ n,2.35,2.45,2.4,1.935,1.945,1.94,0.01486213747942215,0.0009697593104205332
pi+ n,2.35,2.45,2.4,1.945,1.955,1.95,0.014359933949467451,0.0009233239963843499
pi+ n,2.35,2.45,2.4,1.955,1.965,1.96,0.013951474295777701,0.0009482574234923334
pi+ n,2.35,2.45,2.4,1.965,1.975,1.97,0.013543014642087948,0.0009731908506003168
pi+ n,2.35,2.45,2.4,1.975,1.985,1.98,0.013134554988398198,0.0009981242777083003
pi+ n,2.35,2.45,2.4,1.985,1.995,1.99,0.012823974508421331,0.001033104229724084
pi+ n,2.35,2.45,2.4,1.995,2.005,2.0,0.012513394028444463,0.001068084181739867
pi+ n,2.45,2.55,2.5,1.115,1.125,1.12,0.005530788888658007,0.0006274181242975145
pi+ n,2.45,2.55,2.5,1.125,1.135,1.13,0.005385530900386558,0.0004675608514126662
pi+ n,2.45,2.55,2.5,1.135,1.145,1.14,0.005862499979581241,0.0004611803370004915
pi+ n,2.45,2.55,2.5,1.145,1.155,1.15,0.006532271812075292,0.0005023560012699914
pi+ n,2.45,2.55,2.5,1.155,1.165,1.16,0.00847399232532875,0.0005375474695531692
pi+ n,2.45,2.55,2.5,1.165,1.175,1.17,0.009788343951584543,0.0005394982503749597
pi+ n,2.45,2.55,2.5,1.175,1.185,1.18,0.011102695577840337,0.00054144903119675
pi+ n,2.45,2.55,2.5,1.185,1.195,1.19,0.012417047204096133,0.0005433998120185404
pi+ n,2.45,2.55,2.5,1.195,1.205,1.2,0.014354225810399633,0.0005138140888052404
pi+ n,2.45,2.55,2.5,1.205,1.215,1.21,0.015683746608101852,0.00048670591569775746
pi+ n,2.45,2.55,2.5,1.215,1.225,1.22,0.01700691296086795,0.0005115448764738074
pi+ n,2.45,2.55,2.5,1.225,1.235,1.23,0.018180907177879697,0.0005190690797093299
pi+ n,2.45,2.55,2.5,1.235,1.245,1.24,0.020985539241823406,0.0007463792647702841
pi+ n,2.45,2.55,2.5,1.245,1.255,1.25,0.02473434201546241,0.001003745274567834
pi+ n,2.45,2.55,2.5,1.255,1.265,1.26,0.022917309349579307,0.0010082341419008342
pi+ n,2.45,2.55,2.5,1.265,1.275,1.27,0.021736332724466328,0.0010027807366292467
pi+ n,2.45,2.55,2.5,1.275,1.285,1.28,0.021904986623053825,0.0010148515596309967
pi+ n,2.45,2.55,2.5,1.285,1.295,1.29,0.022157269850774975,0.0010575691129904403
pi+ n,2.45,2.55,2.5,1.295,1.305,1.3,0.024566367960883274,0.0010231080680215424
pi+ n,2.45,2.55,2.5,1.305,1.315,1.31,0.02757012172874717,0.0010038071969393427
pi+ n,2.45,2.55,2.5,1.315,1.325,1.32,0.028850939331430056,0.0011252186954574415
pi+ n,2.45,2.55,2.5,1.325,1.335,1.33,0.030301009697837156,0.0012763451841439916
pi+ n,2.45,2.55,2.5,1.335,1.345,1.34,0.031306941332018556,0.0014614879186774414
pi+ n,2.45,2.55,2.5,1.345,1.355,1.35,0.032186507235392306,0.0016793715718158022
pi+ n,2.45,2.55,2.5,1.355,1.365,1.36,0.030175178447604405,0.001390011147026402
pi+ n,2.45,2.55,2.5,1.365,1.375,1.37,0.02926596285528917,0.001174695299147683
pi+ n,2.45,2.55,2.5,1.375,1.385,1.38,0.031506748614381914,0.001175576863917528
pi+ n,2.45,2.55,2.5,1.385,1.395,1.39,0.0342770131825742,0.001252509112301179
pi+ n,2.45,2.55,2.5,1.395,1.405,1.4,0.034728143109088075,0.0013134358933245102
pi+ n,2.45,2.55,2.5,1.405,1.415,1.41,0.03517927303560196,0.0013743626743478413
pi+ n,2.45,2.55,2.5,1.415,1.425,1.42,0.03563040296211585,0.001435289455371173
pi+ n,2.45,2.55,2.5,1.425,1.435,1.43,0.036081532888629725,0.0014962162363945043
pi+ n,2.45,2.55,2.5,1.435,1.445,1.44,0.036532662815143606,0.0015571430174178356
pi+ n,2.45,2.55,2.5,1.445,1.455,1.45,0.036983792741657494,0.001618069798441167
pi+ n,2.45,2.55,2.5,1.455,1.465,1.46,0.037434922668171375,0.0016789965794644984
pi+ n,2.45,2.55,2.5,1.465,1.475,1.47,0.03788605259468526,0.0017399233604878295
pi+ n,2.45,2.55,2.5,1.475,1.485,1.48,0.03801032302959093,0.0017103884853828031
pi+ n,2.45,2.55,2.5,1.485,1.495,1.49,0.03876910469173297,0.001703457993408747
pi+ n,2.45,2.55,2.5,1.495,1.505,1.5,0.04014871808576203,0.001696561583219575
pi+ n,2.45,2.55,2.5,1.505,1.515,1.51,0.04240458961438153,0.00167998666475065
pi+ n,2.45,2.55,2.5,1.515,1.525,1.52,0.046660723229115283,0.0016937992730152501
pi+ n,2.45,2.55,2.5,1.525,1.535,1.53,0.052742609614120466,0.0017528473076136315
pi+ n,2.45,2.55,2.5,1.535,1.545,1.54,0.055274285068077716,0.0017658806328604
pi+ n,2.45,2.55,2.5,1.545,1.555,1.55,0.05472044000464895,0.0018086786975421442
pi+ n,2.45,2.55,2.5,1.555,1.565,1.56,0.051512173933837044,0.001863620286831868
pi+ n,2.45,2.55,2.5,1.565,1.575,1.57,0.04469313610883345,0.0016811837890309679
pi+ n,2.45,2.55,2.5,1.575,1.585,1.58,0.04560469261199488,0.0018609202026912417
pi+ n,2.45,2.55,2.5,1.585,1.595,1.59,0.045033341015535286,0.001982788233342863
pi+ n,2.45,2.55,2.5,1.595,1.605,1.6,0.04404091928220709,0.002018672976564156
pi+ n,2.45,2.55,2.5,1.605,1.615,1.61,0.04437990961679703,0.0020072378563880376
pi+ n,2.45,2.55,2.5,1.615,1.625,1.62,0.045445554710746947,0.0019926515413440336
pi+ n,2.45,2.55,2.5,1.625,1.635,1.63,0.04603550584280819,0.001983695268112331
pi+ n,2.45,2.55,2.5,1.635,1.645,1.64,0.04851665667444224,0.0021372167901369246
pi+ n,2.45,2.55,2.5,1.645,1.655,1.65,0.05076211036486901,0.002136613217576657
pi+ n,2.45,2.55,2.5,1.655,1.665,1.66,0.053169921143348016,0.0021155593529761656
pi+ n,2.45,2.55,2.5,1.665,1.675,1.67,0.054446957039662895,0.002066436343130438
pi+ n,2.45,2.55,2.5,1.675,1.685,1.68,0.05584621901398559,0.0020670370016019966
pi+ n,2.45,2.55,2.5,1.685,1.695,1.69,0.056271552882658955,0.0020853935922084815
pi+ n,2.45,2.55,2.5,1.695,1.705,1.7,0.05291238209525051,0.0019470710958821198
pi+ n,2.45,2.55,2.5,1.705,1.715,1.71,0.04515615852251225,0.0016317221740988698
pi+ n,2.45,2.55,2.5,1.715,1.725,1.72,0.04570929277248494,0.0019247757866030463
pi+ n,2.45,2.55,2.5,1.725,1.735,1.73,0.04389412622589251,0.0016423019898203126
pi+ n,2.45,2.55,2.5,1.735,1.745,1.74,0.04354023721636371,0.0015769442997146726
pi+ n,2.45,2.55,2.5,1.745,1.755,1.75,0.043306573360586784,0.0015669427607434751
pi+ n,2.45,2.55,2.5,1.755,1.765,1.76,0.04311298455606048,0.001575393272150425
pi+ n,2.45,2.55,2.5,1.765,1.775,1.77,0.041944013129557846,0.0015628426414545037
pi+ n,2.45,2.55,2.5,1.775,1.785,1.78,0.03979965908107893,0.0015292908686557114
pi+ n,2.45,2.55,2.5,1.785,1.795,1.79,0.03765530503260002,0.0014957390958569197
pi+ n,2.45,2.55,2.5,1.795,1.805,1.8,0.03551095098412111,0.0014621873230581276
pi+ n,2.45,2.55,2.5,1.805,1.815,1.81,0.0333665969356422,0.0014286355502593356
pi+ n,2.45,2.55,2.5,1.815,1.825,1.82,0.03122224288716329,0.0013950837774605435
pi+ n,2.45,2.55,2.5,1.825,1.835,1.83,0.02907788883868438,0.0013615320046617512
pi+ n,2.45,2.55,2.5,1.835,1.845,1.84,0.026933534790205466,0.0013279802318629595
pi+ n,2.45,2.55,2.5,1.845,1.855,1.85,0.02478918074172655,0.0012944284590641674
pi+ n,2.45,2.55,2.5,1.855,1.865,1.86,0.02264482669324764,0.0012608766862653754
pi+ n,2.45,2.55,2.5,1.865,1.875,1.87,0.020500472644768727,0.0012273249134665833
pi+ n,2.45,2.55,2.5,1.875,1.885,1.88,0.018356118596289862,0.001193773140667792
pi+ n,2.45,2.55,2.5,1.885,1.895,1.89,0.01621176454781095,0.001160221367869
pi+ n,2.45,2.55,2.5,1.895,1.905,1.9,0.0159204402201679,0.0011471805963837666
pi+ n,2.45,2.55,2.5,1.905,1.915,1.91,0.015523676291369025,0.0011174425536230584
pi+ n,2.45,2.55,2.5,1.915,1.925,1.92,0.015021472761414325,0.001071007239586875
pi+ n,2.45,2.55,2.5,1.925,1.935,1.93,0.014519269231459625,0.0010245719255506916
pi+ n,2.45,2.55,2.5,1.935,1.945,1.94,0.014017065701504924,0.0009781366115145082
pi+ n,2.45,2.55,2.5,1.945,1.955,1.95,0.013514862171550226,0.0009317012974783249
pi+ n,2.45,2.55,2.5,1.955,1.965,1.96,0.013106402517860475,0.0009566347245863084
pi+ n,2.45,2.55,2.5,1.965,1.975,1.97,0.012746882451027165,0.0009865914141481919
pi+ n,2.45,2.55,2.5,1.975,1.985,1.98,0.0124363019710503,0.0010215713661639752
pi+ n,2.45,2.55,2.5,1.985,1.995,1.99,0.012125721491073431,0.0010565513181797588
pi+ n,2.45,2.55,2.5,1.995,2.005,2.0,0.011815141011096562,0.0010915312701955421
pi+ n,2.55,2.65,2.6,1.115,1.125,1.12,0.0048824066030669945,0.0006432216597622652
pi+ n,2.55,2.65,2.6,1.125,1.135,1.13,0.0049557652634223005,0.0005677712122229679
pi+ n,2.55,2.65,2.6,1.135,1.145,1.14,0.005082183882072682,0.0004749249183895667
pi+ n,2.55,2.65,2.6,1.145,1.155,1.15,0.005751955714566732,0.0005161005826590667
pi+ n,2.55,2.65,2.6,1.155,1.165,1.16,0.008203433160793881,0.00058303613693745
pi+ n,2.55,2.65,2.6,1.165,1.175,1.17,0.010148698557708096,0.0006136804453301936
pi+ n,2.55,2.65,2.6,1.175,1.185,1.18,0.011463050183963892,0.000615631226151984
pi+ n,2.55,2.65,2.6,1.185,1.195,1.19,0.012777401810219685,0.0006175820069737745
pi+ n,2.55,2.65,2.6,1.195,1.205,1.2,0.014714580416523185,0.0005879962837604746
pi+ n,2.55,2.65,2.6,1.205,1.215,1.21,0.015031338199889936,0.0005650173608293533
pi+ n,2.55,2.65,2.6,1.215,1.225,1.22,0.016354504552656038,0.0005898563216054032
pi+ n,2.55,2.65,2.6,1.225,1.235,1.23,0.017279878543410527,0.0005685225956067128
pi+ n,2.55,2.65,2.6,1.235,1.245,1.24,0.018510892757862087,0.0007457397394400074
pi+ n,2.55,2.65,2.6,1.245,1.255,1.25,0.02225969553150109,0.0010031057492375574
pi+ n,2.55,2.65,2.6,1.255,1.265,1.26,0.020442662865617987,0.0010075946165705573
pi+ n,2.55,2.65,2.6,1.265,1.275,1.27,0.020321779641788537,0.0009855707569579914
pi+ n,2.55,2.65,2.6,1.275,1.285,1.28,0.02049043354037604,0.0009976415799597415
pi+ n,2.55,2.65,2.6,1.285,1.295,1.29,0.02088209898331993,0.0010914370172486745
pi+ n,2.55,2.65,2.6,1.295,1.305,1.3,0.02230010433050223,0.0010317090158019468
pi+ n,2.55,2.65,2.6,1.305,1.315,1.31,0.02530385809836613,0.0010124081447197468
pi+ n,2.55,2.65,2.6,1.315,1.325,1.32,0.02630258776150865,0.0010842946596237605
pi+ n,2.55,2.65,2.6,1.325,1.335,1.33,0.02775265812791575,0.0012354211483103106
pi+ n,2.55,2.65,2.6,1.335,1.345,1.34,0.02875858976209715,0.0014205638828437607
pi+ n,2.55,2.65,2.6,1.345,1.355,1.35,0.029427546114124816,0.0016930157336569724
pi+ n,2.55,2.65,2.6,1.355,1.365,1.36,0.027416217326336915,0.0014036553088675723
pi+ n,2.55,2.65,2.6,1.365,1.375,1.37,0.028343857059809442,0.0013117470891733213
pi+ n,2.55,2.65,2.6,1.375,1.385,1.38,0.029702178137069747,0.0011858775145868257
pi+ n,2.55,2.65,2.6,1.385,1.395,1.39,0.032472442705262027,0.0012628097629704767
pi+ n,2.55,2.65,2.6,1.395,1.405,1.4,0.03292357263177591,0.001323736543993808
pi+ n,2.55,2.65,2.6,1.405,1.415,1.41,0.033374702558289795,0.0013846633250171392
pi+ n,2.55,2.65,2.6,1.415,1.425,1.42,0.03382583248480368,0.0014455901060404707
pi+ n,2.55,2.65,2.6,1.425,1.435,1.43,0.03427696241131756,0.001506516887063802
pi+ n,2.55,2.65,2.6,1.435,1.445,1.44,0.03472809233783144,0.0015674436680871333
pi+ n,2.55,2.65,2.6,1.445,1.455,1.45,0.03517922226434532,0.001628370449110465
pi+ n,2.55,2.65,2.6,1.455,1.465,1.46,0.03563035219085921,0.0016892972301337963
pi+ n,2.55,2.65,2.6,1.465,1.475,1.47,0.03608148211737309,0.0017502240111571274
pi+ n,2.55,2.65,2.6,1.475,1.485,1.48,0.03653261204388697,0.0018111507921804587
pi+ n,2.55,2.65,2.6,1.485,1.495,1.49,0.03698374197040086,0.0018720775732037902
pi+ n,2.55,2.65,2.6,1.495,1.505,1.5,0.03743487189691473,0.0019330043542271215
pi+ n,2.55,2.65,2.6,1.505,1.515,1.51,0.03788600182342862,0.001993931135250453
pi+ n,2.55,2.65,2.6,1.515,1.525,1.52,0.0383371317499425,0.0020548579162737845
pi+ n,2.55,2.65,2.6,1.525,1.535,1.53,0.03878826167645638,0.0021157846972971158
pi+ n,2.55,2.65,2.6,1.535,1.545,1.54,0.03923939160297027,0.002176711478320447
pi+ n,2.55,2.65,2.6,1.545,1.555,1.55,0.03969052152948415,0.0022376382593437784
pi+ n,2.55,2.65,2.6,1.555,1.565,1.56,0.04014165145599804,0.0022985650403671096
pi+ n,2.55,2.65,2.6,1.565,1.575,1.57,0.04059278138251192,0.002359491821390441
pi+ n,2.55,2.65,2.6,1.575,1.585,1.58,0.04104391130902579,0.0024204186024137726
pi+ n,2.55,2.65,2.6,1.585,1.595,1.59,0.04149504123553968,0.002481345383437104
pi+ n,2.55,2.65,2.6,1.595,1.605,1.6,0.04194617116205356,0.002542272164460435
pi+ n,2.55,2.65,2.6,1.605,1.615,1.61,0.04386864758927059,0.0026001685577736007
pi+ n,2.55,2.65,2.6,1.615,1.625,1.62,0.04533590261593309,0.0026082683524290494
pi+ n,2.55,2.65,2.6,1.625,1.635,1.63,0.046522326571598174,0.002639434234554549
pi+ n,2.55,2.65,2.6,1.635,1.645,1.64,0.04918385877329902,0.0028402120072367966
pi+ n,2.55,2.65,2.6,1.645,1.655,1.65,0.051385410419231684,0.0028805460893947523
pi+ n,2.55,2.65,2.6,1.655,1.665,1.66,0.05286505330817708,0.002720292250912551
pi+ n,2.55,2.65,2.6,1.665,1.675,1.67,0.05280439297958006,0.0026106370478180016
pi+ n,2.55,2.65,2.6,1.675,1.685,1.68,0.051840950598131055,0.0025747422810299993
pi+ n,2.55,2.65,2.6,1.685,1.695,1.69,0.05103064551699221,0.0025674239877349504
pi+ n,2.55,2.65,2.6,1.695,1.705,1.7,0.04925015914198943,0.0024746446208877013
pi+ n,2.55,2.65,2.6,1.705,1.715,1.71,0.045468389245908264,0.002326002984799152
pi+ n,2.55,2.65,2.6,1.715,1.725,1.72,0.04014649096212512,0.002116949544222553
pi+ n,2.55,2.65,2.6,1.725,1.735,1.73,0.03420008846659548,0.0018710095156393527
pi+ n,2.55,2.65,2.6,1.735,1.745,1.74,0.0097568690364262,0.0006545981383742
pi+ n,2.55,2.65,2.6,1.745,1.755,1.75,0.0273107465756595,0.0018208052594937498
pi+ n,2.55,2.65,2.6,1.755,1.765,1.76,0.025565600108273644,0.002258723390137906
pi+ n,2.55,2.65,2.6,1.765,1.775,1.77,0.02286461855652818,0.0021391098394537905
pi+ n,2.55,2.65,2.6,1.775,1.785,1.78,0.018613989448163,0.0014947758648759
pi+ n,2.55,2.65,2.6,1.785,1.795,1.79,0.01826010043863422,0.0014294181747702601
pi+ n,2.55,2.65,2.6,1.795,1.805,1.8,0.01790621142910542,0.0013640604846646201
pi+ n,2.55,2.65,2.6,1.805,1.815,1.81,0.01755232241957662,0.0012987027945589803
pi+ n,2.55,2.65,2.6,1.815,1.825,1.82,0.01719843341004782,0.0012333451044533401
pi+ n,2.55,2.65,2.6,1.825,1.835,1.83,0.01684454440051902,0.0011679874143477004
pi+ n,2.55,2.65,2.6,1.835,1.845,1.84,0.016650955595992698,0.00117643792575465
pi+ n,2.55,2.65,2.6,1.845,1.855,1.85,0.016457366791466397,0.0011848884371616
pi+ n,2.55,2.65,2.6,1.855,1.865,1.86,0.0162637779869401,0.00119333894856855
pi+ n,2.55,2.65,2.6,1.865,1.875,1.87,0.016070189182413794,0.0012017894599755002
pi+ n,2.55,2.65,2.6,1.875,1.885,1.88,0.0158766003778875,0.0012102399713824498
pi+ n,2.55,2.65,2.6,1.885,1.895,1.89,0.0156830115733612,0.0012186904827894
pi+ n,2.55,2.65,2.6,1.895,1.905,1.9,0.0151808080434065,0.0011722551687532166
pi+ n,2.55,2.65,2.6,1.905,1.915,1.91,0.0146786045134518,0.0011258198547170334
pi+ n,2.55,2.65,2.6,1.915,1.925,1.92,0.014176400983497098,0.00107938454068085
pi+ n,2.55,2.65,2.6,1.925,1.935,1.93,0.0136741974535424,0.0010329492266446666
pi+ n,2.55,2.65,2.6,1.935,1.945,1.94,0.0131719939235877,0.0009865139126084832
pi+ n,2.55,2.65,2.6,1.945,1.955,1.95,0.012669790393633,0.0009400785985722999
pi+ n,2.55,2.65,2.6,1.955,1.965,1.96,0.012359209913656133,0.0009750585505880834
pi+ n,2.55,2.65,2.6,1.965,1.975,1.97,0.012048629433679264,0.0010100385026038667
pi+ n,2.55,2.65,2.6,1.975,1.985,1.98,0.011738048953702396,0.0010450184546196503
pi+ n,2.55,2.65,2.6,1.985,1.995,1.99,0.01142746847372553,0.0010799984066354339
pi+ n,2.55,2.65,2.6,1.995,2.005,2.0,0.01111688799374866,0.0011149783586512172
pi+ n,2.65,2.75,2.7,1.115,1.125,1.12,0.0038884689696465895,0.0005256079551646908
pi+ n,2.65,2.75,2.7,1.125,1.135,1.13,0.004399060927255402,0.0006189711583164944
pi+ n,2.65,2.75,2.7,1.135,1.145,1.14,0.004380741638186592,0.000508124300148418
pi+ n,2.65,2.75,2.7,1.145,1.155,1.15,0.004971639617058173,0.000529845164048142
pi+ n,2.65,2.75,2.7,1.155,1.165,1.16,0.007045309317283373,0.000586232813698392
pi+ n,2.65,2.75,2.7,1.165,1.175,1.17,0.010142716135707403,0.0006712018823410032
pi+ n,2.65,2.75,2.7,1.175,1.185,1.18,0.011823404790087444,0.0006898134211072181
pi+ n,2.65,2.75,2.7,1.185,1.195,1.19,0.013137756416343238,0.0006917642019290085
pi+ n,2.65,2.75,2.7,1.195,1.205,1.2,0.01482174426906287,0.000663210791259799
pi+ n,2.65,2.75,2.7,1.205,1.215,1.21,0.01437892979167802,0.000643328805960949
pi+ n,2.65,2.75,2.7,1.215,1.225,1.22,0.01563994108787981,0.0006609532844284458
pi+ n,2.65,2.75,2.7,1.225,1.235,1.23,0.016378849908941357,0.0006179761115040958
pi+ n,2.65,2.75,2.7,1.235,1.245,1.24,0.016429650736273806,0.0007576234744166457
pi+ n,2.65,2.75,2.7,1.245,1.255,1.25,0.019785049047539766,0.0010024662239072808
pi+ n,2.65,2.75,2.7,1.255,1.265,1.26,0.01823303973197755,0.0010028124776550362
pi+ n,2.65,2.75,2.7,1.265,1.275,1.27,0.01890722655911075,0.0009683607772867361
pi+ n,2.65,2.75,2.7,1.275,1.285,1.28,0.019110726011503938,0.0009932010712708586
pi+ n,2.65,2.75,2.7,1.285,1.295,1.29,0.01960692811586489,0.0011253049215069085
pi+ n,2.65,2.75,2.7,1.295,1.305,1.3,0.020281613890852687,0.0010466267027018084
pi+ n,2.65,2.75,2.7,1.305,1.315,1.31,0.023037594467985086,0.001021009092500151
pi+ n,2.65,2.75,2.7,1.315,1.325,1.32,0.023824758176472338,0.0010557518696936012
pi+ n,2.65,2.75,2.7,1.325,1.335,1.33,0.025204306557994348,0.0011944971124766297
pi+ n,2.65,2.75,2.7,1.335,1.345,1.34,0.026157585804339224,0.0013932818964287926
pi+ n,2.65,2.75,2.7,1.345,1.355,1.35,0.026668584992857326,0.0017066598954981428
pi+ n,2.65,2.75,2.7,1.355,1.365,1.36,0.025116470036516368,0.0014481513777548597
pi+ n,2.65,2.75,2.7,1.365,1.375,1.37,0.02742175126432972,0.0014487988791989598
pi+ n,2.65,2.75,2.7,1.375,1.385,1.38,0.028118223830215713,0.0012278659500952122
pi+ n,2.65,2.75,2.7,1.385,1.395,1.39,0.03066787222794986,0.0012731104136397744
pi+ n,2.65,2.75,2.7,1.395,1.405,1.4,0.03111900215446374,0.0013340371946631057
pi+ n,2.65,2.75,2.7,1.405,1.415,1.41,0.03157013208097762,0.0013949639756864372
pi+ n,2.65,2.75,2.7,1.415,1.425,1.42,0.03202126200749151,0.0014558907567097687
pi+ n,2.65,2.75,2.7,1.425,1.435,1.43,0.03247239193400539,0.0015168175377331
pi+ n,2.65,2.75,2.7,1.435,1.445,1.44,0.032923521860519264,0.0015777443187564313
pi+ n,2.65,2.75,2.7,1.445,1.455,1.45,0.03337465178703315,0.0016386710997797625
pi+ n,2.65,2.75,2.7,1.455,1.465,1.46,0.03382578171354704,0.0016995978808030943
pi+ n,2.65,2.75,2.7,1.465,1.475,1.47,0.03427691164006092,0.0017605246618264253
pi+ n,2.65,2.75,2.7,1.475,1.485,1.48,0.0347280415665748,0.0018214514428497564
pi+ n,2.65,2.75,2.7,1.485,1.495,1.49,0.03517917149308868,0.0018823782238730881
pi+ n,2.65,2.75,2.7,1.495,1.505,1.5,0.035630301419602564,0.0019433050048964194
pi+ n,2.65,2.75,2.7,1.505,1.515,1.51,0.03608143134611645,0.0020042317859197507
pi+ n,2.65,2.75,2.7,1.515,1.525,1.52,0.03653256127263033,0.002065158566943082
pi+ n,2.65,2.75,2.7,1.525,1.535,1.53,0.036983691199144214,0.0021260853479664137
pi+ n,2.65,2.75,2.7,1.535,1.545,1.54,0.03742743419186066,0.0021555873740021934
pi+ n,2.65,2.75,2.7,1.545,1.555,1.55,0.03856193545512682,0.00209909154139873
pi+ n,2.65,2.75,2.7,1.555,1.565,1.56,0.04064829539969778,0.00206130328960958
pi+ n,2.65,2.75,2.7,1.565,1.575,1.57,0.04468380293413031,0.0021186492151922588
pi+ n,2.65,2.75,2.7,1.575,1.585,1.58,0.04357498179859682,0.0021395836517696678
pi+ n,2.65,2.75,2.7,1.585,1.595,1.59,0.04161910965133404,0.002183890331047399
pi+ n,2.65,2.75,2.7,1.595,1.605,1.6,0.039896889484984384,0.002199215530036518
pi+ n,2.65,2.75,2.7,1.605,1.615,1.61,0.04117171673173791,0.0022622944980400196
pi+ n,2.65,2.75,2.7,1.615,1.625,1.62,0.04262480669836083,0.00225744083941071
pi+ n,2.65,2.75,2.7,1.625,1.635,1.63,0.043280347805554925,0.002266080173659565
pi+ n,2.65,2.75,2.7,1.635,1.645,1.64,0.04588683852847372,0.0024990449115479905
pi+ n,2.65,2.75,2.7,1.645,1.655,1.65,0.04762396521602091,0.0024860533500687025
pi+ n,2.65,2.75,2.7,1.655,1.665,1.66,0.04965215417531957,0.0024142003305112764
pi+ n,2.65,2.75,2.7,1.665,1.675,1.67,0.04994883140546416,0.002307460200525001
pi+ n,2.65,2.75,2.7,1.675,1.685,1.68,0.05028424667559987,0.002230553367579419
pi+ n,2.65,2.75,2.7,1.685,1.695,1.69,0.049490660007021334,0.0022407256192679987
pi+ n,2.65,2.75,2.7,1.695,1.705,1.7,0.04741393033688081,0.002137868709161733
pi+ n,2.65,2.75,2.7,1.705,1.715,1.71,0.04230394554615439,0.0019434636852733516
pi+ n,2.65,2.75,2.7,1.715,1.725,1.72,0.03631436753315481,0.001697240645423855
pi+ n,2.65,2.75,2.7,1.725,1.735,1.73,0.03340882004560618,0.0017205446718121082
pi+ n,2.65,2.75,2.7,1.735,1.745,1.74,0.03128533932299561,0.0022000002395421575
pi+ n,2.65,2.75,2.7,1.745,1.755,1.75,0.028188973821616302,0.001552503919156995
pi+ n,2.65,2.75,2.7,1.755,1.765,1.76,0.027211348080820708,0.0014550602675583862
pi+ n,2.65,2.75,2.7,1.765,1.775,1.77,0.026857459071291907,0.0013897025774527462
pi+ n,2.65,2.75,2.7,1.775,1.785,1.78,0.026503570061763106,0.0013243448873471063
pi+ n,2.65,2.75,2.7,1.785,1.795,1.79,0.02623241664191301,0.0012970817528608677
pi+ n,2.65,2.75,2.7,1.795,1.805,1.8,0.02603882783738671,0.0013055322642678178
pi+ n,2.65,2.75,2.7,1.805,1.815,1.81,0.025845239032860408,0.001313982775674768
pi+ n,2.65,2.75,2.7,1.815,1.825,1.82,0.025651650228334107,0.0013224332870817178
pi+ n,2.65,2.75,2.7,1.825,1.835,1.83,0.025318687031678846,0.0013060966515143486
pi+ n,2.65,2.75,2.7,1.835,1.845,1.84,0.024816483501724145,0.0012596613374781652
pi+ n,2.65,2.75,2.7,1.845,1.855,1.85,0.024314279971769444,0.0012132260234419818
pi+ n,2.65,2.75,2.7,1.855,1.865,1.86,0.023812076441814746,0.0011667907094057984
pi+ n,2.65,2.75,2.7,1.865,1.875,1.87,0.022974024859212003,0.001128253192636625
pi+ n,2.65,2.75,2.7,1.875,1.885,1.88,0.021604213859916597,0.001102220521540217
pi+ n,2.65,2.75,2.7,1.885,1.895,1.89,0.02023440286062116,0.001076187850443808
pi+ n,2.65,2.75,2.7,1.895,1.905,1.9,0.01886459186132572,0.001050155179347399
pi+ n,2.65,2.75,2.7,1.905,1.915,1.91,0.017494780862030282,0.00102412250825099
pi+ n,2.65,2.75,2.7,1.915,1.925,1.92,0.01612496986273484,0.000998089837154581
pi+ n,2.65,2.75,2.7,1.925,1.935,1.93,0.0147551588634394,0.0009720571660581723
pi+ n,2.65,2.75,2.7,1.935,1.945,1.94,0.013385347864143967,0.0009460244949617635
pi+ n,2.65,2.75,2.7,1.945,1.955,1.95,0.012015536864848526,0.0009199918238653544
pi+ n,2.65,2.75,2.7,1.955,1.965,1.96,0.01170495638487166,0.000954971775881138
pi+ n,2.65,2.75,2.7,1.965,1.975,1.97,0.011394375904894791,0.0009899517278969215
pi+ n,2.65,2.75,2.7,1.975,1.985,1.98,0.011083795424917922,0.0010249316799127049
pi+ n,2.65,2.75,2.7,1.985,1.995,1.99,0.010773214944941056,0.0010599116319284885
pi+ n,2.65,2.75,2.7,1.995,2.005,2.0,0.010480132515972775,0.0011077584770676683
pi+ n,2.75,2.85,2.8,1.115,1.125,1.12,0.0028945313362261894,0.00040799425056711676
pi+ n,2.75,2.85,2.8,1.125,1.135,1.13,0.0034051232938350005,0.0005013574537189205
pi+ n,2.75,2.85,2.8,1.135,1.145,1.14,0.003915715251443824,0.0005947206568707264
pi+ n,2.75,2.85,2.8,1.145,1.155,1.15,0.004191323519549617,0.0005435897454372172
pi+ n,2.75,2.85,2.8,1.155,1.165,1.16,0.006264993219774816,0.0005999773950874671
pi+ n,2.75,2.85,2.8,1.165,1.175,1.17,0.008874906172389884,0.0006713362642099065
pi+ n,2.75,2.85,2.8,1.175,1.185,1.18,0.012081999110620934,0.0007593676277445565
pi+ n,2.75,2.85,2.8,1.185,1.195,1.19,0.01349811102246679,0.0007659463968842424
pi+ n,2.75,2.85,2.8,1.195,1.205,1.2,0.014169335860850958,0.0007415222363913945
pi+ n,2.75,2.85,2.8,1.205,1.215,1.21,0.013726521383466108,0.0007216402510925445
pi+ n,2.75,2.85,2.8,1.215,1.225,1.22,0.01473891245341064,0.0007104068003258286
pi+ n,2.75,2.85,2.8,1.225,1.235,1.23,0.01547782127447219,0.0006674296274014786
pi+ n,2.75,2.85,2.8,1.235,1.245,1.24,0.01552862210180464,0.0008070769903140286
pi+ n,2.75,2.85,2.8,1.245,1.255,1.25,0.017310402563578457,0.0010018266985770043
pi+ n,2.75,2.85,2.8,1.255,1.265,1.26,0.01681848664929977,0.0009856024979837809
pi+ n,2.75,2.85,2.8,1.265,1.275,1.27,0.01749267347643297,0.0009511507976154808
pi+ n,2.75,2.85,2.8,1.275,1.285,1.28,0.0178355551440489,0.0010270689755290923
pi+ n,2.75,2.85,2.8,1.285,1.295,1.29,0.018331757248409852,0.0011591728257651424
pi+ n,2.75,2.85,2.8,1.295,1.305,1.3,0.01900644302339765,0.0010804946069600425
pi+ n,2.75,2.85,2.8,1.305,1.315,1.31,0.020771330837604053,0.0010296100402805552
pi+ n,2.75,2.85,2.8,1.315,1.325,1.32,0.0215584945460913,0.0010643528174740053
pi+ n,2.75,2.85,2.8,1.325,1.335,1.33,0.022655954988072952,0.0011535730766429491
pi+ n,2.75,2.85,2.8,1.335,1.345,1.34,0.023398624683071745,0.0014069260582699628
pi+ n,2.75,2.85,2.8,1.345,1.355,1.35,0.023909623871589847,0.0017203040573393127
pi+ n,2.75,2.85,2.8,1.355,1.365,1.36,0.024194364241036652,0.0015852031677804977
pi+ n,2.75,2.85,2.8,1.365,1.375,1.37,0.026499645468850003,0.0015858506692245976
pi+ n,2.75,2.85,2.8,1.375,1.385,1.38,0.027196118034735994,0.00136491774012085
pi+ n,2.75,2.85,2.8,1.385,1.395,1.39,0.028863301750637692,0.0012834110643090723
pi+ n,2.75,2.85,2.8,1.395,1.405,1.4,0.029314431677151573,0.0013443378453324036
pi+ n,2.75,2.85,2.8,1.405,1.415,1.41,0.02976556160366546,0.001405264626355735
pi+ n,2.75,2.85,2.8,1.415,1.425,1.42,0.030216691530179342,0.0014661914073790664
pi+ n,2.75,2.85,2.8,1.425,1.435,1.43,0.030667821456693223,0.0015271181884023977
pi+ n,2.75,2.85,2.8,1.435,1.445,1.44,0.031118951383207107,0.0015880449694257292
pi+ n,2.75,2.85,2.8,1.445,1.455,1.45,0.031570081309720985,0.0016489717504490605
pi+ n,2.75,2.85,2.8,1.455,1.465,1.46,0.03202121123623487,0.0017098985314723918
pi+ n,2.75,2.85,2.8,1.465,1.475,1.47,0.0324660485895139,0.0017440560767655884
pi+ n,2.75,2.85,2.8,1.475,1.485,1.48,0.03296877145393295,0.001727462615272199
pi+ n,2.75,2.85,2.8,1.485,1.495,1.49,0.034253027321879397,0.001649768641873399
pi+ n,2.75,2.85,2.8,1.495,1.505,1.5,0.03569239413012773,0.001611617321803313
pi+ n,2.75,2.85,2.8,1.505,1.515,1.51,0.037778754074698676,0.0015738290700141634
pi+ n,2.75,2.85,2.8,1.515,1.525,1.52,0.04105872430567231,0.0015496912628960025
pi+ n,2.75,2.85,2.8,1.525,1.535,1.53,0.04655413165801906,0.0016151792970383024
pi+ n,2.75,2.85,2.8,1.535,1.545,1.54,0.04743261444494988,0.0017171463694217166
pi+ n,2.75,2.85,2.8,1.545,1.555,1.55,0.04614295781918408,0.0017284542286915634
pi+ n,2.75,2.85,2.8,1.555,1.565,1.56,0.04385760425844243,0.0017100773304135697
pi+ n,2.75,2.85,2.8,1.565,1.575,1.57,0.04170316506994954,0.001745110947224448
pi+ n,2.75,2.85,2.8,1.575,1.585,1.58,0.04042980128476564,0.001844979267020948
pi+ n,2.75,2.85,2.8,1.585,1.595,1.59,0.03861550801458712,0.0018429622873829131
pi+ n,2.75,2.85,2.8,1.595,1.605,1.6,0.037672029852411,0.0018572444467401744
pi+ n,2.75,2.85,2.8,1.605,1.615,1.61,0.038474785874205254,0.00192442043830644
pi+ n,2.75,2.85,2.8,1.615,1.625,1.62,0.039473412149829655,0.0019050673210118958
pi+ n,2.75,2.85,2.8,1.625,1.635,1.63,0.04003836903951168,0.001892726112764583
pi+ n,2.75,2.85,2.8,1.635,1.645,1.64,0.04218543916321598,0.002058358053276703
pi+ n,2.75,2.85,2.8,1.645,1.655,1.65,0.04386252001281016,0.0020915606107426554
pi+ n,2.75,2.85,2.8,1.655,1.665,1.66,0.04594039666744097,0.0020579647962175713
pi+ n,2.75,2.85,2.8,1.665,1.675,1.67,0.04709326983134829,0.0020042833532320013
pi+ n,2.75,2.85,2.8,1.675,1.685,1.68,0.04783380617339692,0.001935462054716665
pi+ n,2.75,2.85,2.8,1.685,1.695,1.69,0.04795067449705047,0.001914027250801048
pi+ n,2.75,2.85,2.8,1.695,1.705,1.7,0.04446140013018368,0.0017699778263241522
pi+ n,2.75,2.85,2.8,1.705,1.715,1.71,0.03950689351555282,0.0016202840841304644
pi+ n,2.75,2.85,2.8,1.715,1.725,1.72,0.03768174724482489,0.0016182133072782556
pi+ n,2.75,2.85,2.8,1.725,1.735,1.73,0.036162595723007174,0.0014807023603465132
pi+ n,2.75,2.85,2.8,1.735,1.745,1.74,0.035813877687833284,0.0014177255799670849
pi+ n,2.75,2.85,2.8,1.745,1.755,1.75,0.03562028888330698,0.001426176091374035
pi+ n,2.75,2.85,2.8,1.755,1.765,1.76,0.03542670007878068,0.001434626602780985
pi+ n,2.75,2.85,2.8,1.765,1.775,1.77,0.034954362489996484,0.0013935028202392992
pi+ n,2.75,2.85,2.8,1.775,1.785,1.78,0.034452158960041786,0.0013470675062031159
pi+ n,2.75,2.85,2.8,1.785,1.795,1.79,0.03327825932479103,0.001316427786700951
pi+ n,2.75,2.85,2.8,1.795,1.805,1.8,0.0319084483254956,0.0012903951156045422
pi+ n,2.75,2.85,2.8,1.805,1.815,1.81,0.030538637326200165,0.0012643624445081332
pi+ n,2.75,2.85,2.8,1.815,1.825,1.82,0.029168826326904724,0.0012383297734117242
pi+ n,2.75,2.85,2.8,1.825,1.835,1.83,0.027799015327609283,0.0012122971023153153
pi+ n,2.75,2.85,2.8,1.835,1.845,1.84,0.026429204328313853,0.0011862644312189067
pi+ n,2.75,2.85,2.8,1.845,1.855,1.85,0.02505939332901841,0.0011602317601224978
pi+ n,2.75,2.85,2.8,1.855,1.865,1.86,0.023689582329722972,0.0011341990890260888
pi+ n,2.75,2.85,2.8,1.865,1.875,1.87,0.022319771330427535,0.0011081664179296799
pi+ n,2.75,2.85,2.8,1.875,1.885,1.88,0.020949960331132125,0.0010821337468332715
pi+ n,2.75,2.85,2.8,1.885,1.895,1.89,0.019580149331836685,0.0010561010757368626
pi+ n,2.75,2.85,2.8,1.895,1.905,1.9,0.018210338332541248,0.0010300684046404536
pi+ n,2.75,2.85,2.8,1.905,1.915,1.91,0.016840527333245814,0.0010040357335440446
pi+ n,2.75,2.85,2.8,1.915,1.925,1.92,0.015470716333950373,0.0009780030624476357
pi+ n,2.75,2.85,2.8,1.925,1.935,1.93,0.014100905334654933,0.0009519703913512269
pi+ n,2.75,2.85,2.8,1.935,1.945,1.94,0.012731094335359494,0.000925937720254818
pi+ n,2.75,2.85,2.8,1.945,1.955,1.95,0.011361283336064055,0.000899905049158409
pi+ n,2.75,2.85,2.8,1.955,1.965,1.96,0.011050702856087186,0.0009348850011741925
pi+ n,2.75,2.85,2.8,1.965,1.975,1.97,0.010740122376110321,0.0009698649531899761
pi+ n,2.75,2.85,2.8,1.975,1.985,1.98,0.010429541896133453,0.0010048449052057593
pi+ n,2.75,2.85,2.8,1.985,1.995,1.99,0.01015395751817375,0.0010655586434683327
pi+ n,2.75,2.85,2.8,1.995,2.005,2.0,0.010035855599291283,0.0012420744198414501
pi+ n,2.85,2.95,2.9,1.115,1.125,1.12,0.0019005937028057848,0.0002903805459695422
pi+ n,2.85,2.95,2.9,1.125,1.135,1.13,0.002411185660414596,0.000383743749121346
pi+ n,2.85,2.95,2.9,1.135,1.145,1.14,0.0029217776180234193,0.00047710695227315186
pi+ n,2.85,2.95,2.9,1.145,1.155,1.15,0.0034110074220410577,0.0005573343268262925
pi+ n,2.85,2.95,2.9,1.155,1.165,1.16,0.005484677122266257,0.0006137219764765424
pi+ n,2.85,2.95,2.9,1.165,1.175,1.17,0.0076070962090723565,0.0006714706460788096
pi+ n,2.85,2.95,2.9,1.175,1.185,1.18,0.010814189147303406,0.0007595020096134596
pi+ n,2.85,2.95,2.9,1.185,1.195,1.19,0.013858465628590345,0.0008401285918394764
pi+ n,2.85,2.95,2.9,1.195,1.205,1.2,0.013516927452639044,0.0008198336815229903
pi+ n,2.85,2.95,2.9,1.205,1.215,1.21,0.013074112975254194,0.0007999516962241403
pi+ n,2.85,2.95,2.9,1.215,1.225,1.22,0.013837883818941469,0.0007598603162232117
pi+ n,2.85,2.95,2.9,1.225,1.235,1.23,0.014576792640003017,0.0007168831432988617
pi+ n,2.85,2.95,2.9,1.235,1.245,1.24,0.01462759346733547,0.0008565305062114116
pi+ n,2.85,2.95,2.9,1.245,1.255,1.25,0.014835756079617136,0.0010011871732467275
pi+ n,2.85,2.95,2.9,1.255,1.265,1.26,0.015403933566621984,0.0009683925183125255
pi+ n,2.85,2.95,2.9,1.265,1.275,1.27,0.016078120393755183,0.0009339408179442256
pi+ n,2.85,2.95,2.9,1.275,1.285,1.28,0.016560384276593856,0.0010609368797873265
pi+ n,2.85,2.95,2.9,1.285,1.295,1.29,0.017056586380954808,0.0011930407300233764
pi+ n,2.85,2.95,2.9,1.295,1.305,1.3,0.017731272155942605,0.0011143625112182765
pi+ n,2.85,2.95,2.9,1.305,1.315,1.31,0.01850506720722301,0.0010382109880609596
pi+ n,2.85,2.95,2.9,1.315,1.325,1.32,0.01929223091571026,0.0010729537652544095
pi+ n,2.85,2.95,2.9,1.325,1.335,1.33,0.020107603418151543,0.0011126490408092681
pi+ n,2.85,2.95,2.9,1.335,1.345,1.34,0.020639663561804255,0.001420570220111133
pi+ n,2.85,2.95,2.9,1.345,1.355,1.35,0.021150662750322353,0.001733948219180483
pi+ n,2.85,2.95,2.9,1.355,1.365,1.36,0.02327225844555693,0.001722254957806136
pi+ n,2.85,2.95,2.9,1.365,1.375,1.37,0.025577539673370276,0.001722902459250236
pi+ n,2.85,2.95,2.9,1.375,1.385,1.38,0.026274012239256267,0.0015019695301464885
pi+ n,2.85,2.95,2.9,1.385,1.395,1.39,0.02705873127332552,0.0012937117149783703
pi+ n,2.85,2.95,2.9,1.395,1.405,1.4,0.027504662987167135,0.0013325247795289816
pi+ n,2.85,2.95,2.9,1.405,1.415,1.41,0.027938830324960987,0.0013212910120623817
pi+ n,2.85,2.95,2.9,1.415,1.425,1.42,0.028688353085230787,0.0012854026520725472
pi+ n,2.85,2.95,2.9,1.425,1.435,1.43,0.029972608953177236,0.0012077086786737472
pi+ n,2.85,2.95,2.9,1.435,1.445,1.44,0.03134233411475942,0.0011518035142519933
pi+ n,2.85,2.95,2.9,1.445,1.455,1.45,0.032822852805128665,0.0011241431022078932
pi+ n,2.85,2.95,2.9,1.455,1.465,1.46,0.0349092127496996,0.0010863548504187436
pi+ n,2.85,2.95,2.9,1.465,1.475,1.47,0.03760141394847226,0.0010384387588845436
pi+ n,2.85,2.95,2.9,1.475,1.485,1.48,0.04187607023393994,0.001054541125393528
pi+ n,2.85,2.95,2.9,1.485,1.495,1.49,0.04737147758628669,0.001120029159535828
pi+ n,2.85,2.95,2.9,1.495,1.505,1.5,0.049707936551769916,0.0012104765356325746
pi+ n,2.85,2.95,2.9,1.505,1.515,1.51,0.050181425955769465,0.0013156435236511743
pi+ n,2.85,2.95,2.9,1.515,1.525,1.52,0.048710933839771334,0.001317324805613457
pi+ n,2.85,2.95,2.9,1.525,1.535,1.53,0.04638147314516953,0.0012732798453648068
pi+ n,2.85,2.95,2.9,1.535,1.545,1.54,0.04415072841682618,0.001286682452383816
pi+ n,2.85,2.95,2.9,1.545,1.555,1.55,0.04195148878409723,0.0013184193893818663
pi+ n,2.85,2.95,2.9,1.555,1.565,1.56,0.040513856703381146,0.001406199883197996
pi+ n,2.85,2.95,2.9,1.565,1.575,1.57,0.039240492918197235,0.0015060682029944955
pi+ n,2.85,2.95,2.9,1.575,1.585,1.58,0.03733412654418985,0.0014867090447293063
pi+ n,2.85,2.95,2.9,1.585,1.595,1.59,0.0353471962043322,0.0014521754801653565
pi+ n,2.85,2.95,2.9,1.595,1.605,1.6,0.03548315132941282,0.0015169566642686985
pi+ n,2.85,2.95,2.9,1.605,1.615,1.61,0.03577785501667258,0.001586546378572859
pi+ n,2.85,2.95,2.9,1.615,1.625,1.62,0.03630683488988607,0.001552640492082718
pi+ n,2.85,2.95,2.9,1.625,1.635,1.63,0.03679639027346843,0.001519372051869599
pi+ n,2.85,2.95,2.9,1.635,1.645,1.64,0.0384700956903571,0.001614239479054292
pi+ n,2.85,2.95,2.9,1.645,1.655,1.65,0.04010107480959939,0.0016970678714166058
pi+ n,2.85,2.95,2.9,1.655,1.665,1.66,0.0422114371466306,0.0017000001717896438
pi+ n,2.85,2.95,2.9,1.665,1.675,1.67,0.044237708257232396,0.0017011065059390007
pi+ n,2.85,2.95,2.9,1.675,1.685,1.68,0.04535254716844668,0.0016420637625638337
pi+ n,2.85,2.95,2.9,1.685,1.695,1.69,0.04641068898707959,0.001587328882334096
pi+ n,2.85,2.95,2.9,1.695,1.705,1.7,0.04495230478966551,0.0015306350518616855
pi+ n,2.85,2.95,2.9,1.705,1.715,1.71,0.04358249379037007,0.0015046023807652768
pi+ n,2.85,2.95,2.9,1.715,1.725,1.72,0.04221268279107463,0.0014785697096688678
pi+ n,2.85,2.95,2.9,1.725,1.735,1.73,0.040842871791779194,0.0014525370385724589
pi+ n,2.85,2.95,2.9,1.735,1.745,1.74,0.03947306079248376,0.0014265043674760501
pi+ n,2.85,2.95,2.9,1.745,1.755,1.75,0.03810324979318831,0.0014004716963796412
pi+ n,2.85,2.95,2.9,1.755,1.765,1.76,0.036733438793892875,0.0013744390252832322
pi+ n,2.85,2.95,2.9,1.765,1.775,1.77,0.035363627794597445,0.0013484063541868234
pi+ n,2.85,2.95,2.9,1.775,1.785,1.78,0.03399381679530201,0.0013223736830904145
pi+ n,2.85,2.95,2.9,1.785,1.795,1.79,0.032624005796006564,0.0012963410119940055
pi+ n,2.85,2.95,2.9,1.795,1.805,1.8,0.03125419479671113,0.0012703083408975966
pi+ n,2.85,2.95,2.9,1.805,1.815,1.81,0.02988438379741569,0.0012442756698011878
pi+ n,2.85,2.95,2.9,1.815,1.825,1.82,0.028514572798120256,0.0012182429987047788
pi+ n,2.85,2.95,2.9,1.825,1.835,1.83,0.027144761798824815,0.0011922103276083699
pi+ n,2.85,2.95,2.9,1.835,1.845,1.84,0.025774950799529378,0.0011661776565119611
pi+ n,2.85,2.95,2.9,1.845,1.855,1.85,0.024405139800233934,0.0011401449854155522
pi+ n,2.85,2.95,2.9,1.855,1.865,1.86,0.023035328800938497,0.0011141123143191432
pi+ n,2.85,2.95,2.9,1.865,1.875,1.87,0.02166551780164306,0.0010880796432227342
pi+ n,2.85,2.95,2.9,1.875,1.885,1.88,0.02029570680234765,0.0010620469721263257
pi+ n,2.85,2.95,2.9,1.885,1.895,1.89,0.018925895803052213,0.0010360143010299172
pi+ n,2.85,2.95,2.9,1.895,1.905,1.9,0.017556084803756776,0.0010099816299335082
pi+ n,2.85,2.95,2.9,1.905,1.915,1.91,0.016186273804461332,0.0009839489588370992
pi+ n,2.85,2.95,2.9,1.915,1.925,1.92,0.014816462805165902,0.0009579162877406905
pi+ n,2.85,2.95,2.9,1.925,1.935,1.93,0.01344665180587046,0.0009318836166442814
pi+ n,2.85,2.95,2.9,1.935,1.945,1.94,0.012076840806575022,0.0009058509455478726
pi+ n,2.85,2.95,2.9,1.945,1.955,1.95,0.010707029807279582,0.0008798182744514637
pi+ n,2.85,2.95,2.9,1.955,1.965,1.96,0.010396449327302715,0.0009147982264672471
pi+ n,2.85,2.95,2.9,1.965,1.975,1.97,0.010085868847325846,0.0009497781784830305
pi+ n,2.85,2.95,2.9,1.975,1.985,1.98,0.009827782520374728,0.0010233588098689972
pi+ n,2.85,2.95,2.9,1.985,1.995,1.99,0.00970968060149226,0.0011998745862421146
pi+ n,2.85,2.95,2.9,1.995,2.005,2.0,0.009591578682609792,0.001376390362615232
pi+ n,2.95,3.05,3.0,1.115,1.125,1.12,0.0033663595783418815,0.0003857321148769456
pi+ n,2.95,3.05,3.0,1.125,1.135,1.13,0.005632435471299606,0.0005880857099020433
pi+ n,2.95,3.05,3.0,1.135,1.145,1.14,0.004978566367650957,0.0004874579925971933
pi+ n,2.95,3.05,3.0,1.145,1.155,1.15,0.004252776246194138,0.0003754113572098646
pi+ n,2.95,3.05,3.0,1.155,1.165,1.16,0.005153177204137265,0.00043171801088625245
pi+ n,2.95,3.05,3.0,1.165,1.175,1.17,0.006569955449487368,0.0005023310161016462
pi+ n,2.95,3.05,3.0,1.175,1.185,1.18,0.007986733694837472,0.00057294402131704
pi+ n,2.95,3.05,3.0,1.185,1.195,1.19,0.009403511940187573,0.0006435570265324337
pi+ n,2.95,3.05,3.0,1.195,1.205,1.2,0.010820290185537674,0.0007141700317478273
pi+ n,2.95,3.05,3.0,1.205,1.215,1.21,0.012237068430887775,0.0007847830369632212
pi+ n,2.95,3.05,3.0,1.215,1.225,1.22,0.012975977251949324,0.0007418058640388712
pi+ n,2.95,3.05,3.0,1.225,1.235,1.23,0.013645448372212859,0.0007221553362604738
pi+ n,2.95,3.05,3.0,1.235,1.245,1.24,0.013696249199545308,0.0008618026991730236
pi+ n,2.95,3.05,3.0,1.245,1.255,1.25,0.01393227048514306,0.0009575283180408158
pi+ n,2.95,3.05,3.0,1.255,1.265,1.26,0.014385480110140127,0.0009651901024299684
pi+ n,2.95,3.05,3.0,1.265,1.275,1.27,0.015059666937273328,0.0009307384020616684
pi+ n,2.95,3.05,3.0,1.275,1.285,1.28,0.015511605485031605,0.0009834378268859711
pi+ n,2.95,3.05,3.0,1.285,1.295,1.29,0.016007807589392554,0.0011155416771220213
pi+ n,2.95,3.05,3.0,1.295,1.305,1.3,0.016682493364380355,0.0010368634583169212
pi+ n,2.95,3.05,3.0,1.305,1.315,1.31,0.01728429442418041,0.001002593691049737
pi+ n,2.95,3.05,3.0,1.315,1.325,1.32,0.017963054070059038,0.0010459277631499815
pi+ n,2.95,3.05,3.0,1.325,1.335,1.33,0.018750217778546286,0.0010806705403434316
pi+ n,2.95,3.05,3.0,1.335,1.345,1.34,0.01907984847953086,0.0011563710058803997
pi+ n,2.95,3.05,3.0,1.345,1.355,1.35,0.019409479180515436,0.0012320714714173675
pi+ n,2.95,3.05,3.0,1.355,1.365,1.36,0.019739109881500013,0.0013077719369543354
pi+ n,2.95,3.05,3.0,1.365,1.375,1.37,0.020068740582484593,0.0013834724024913035
pi+ n,2.95,3.05,3.0,1.375,1.385,1.38,0.02039837128346916,0.0014591728680282696
pi+ n,2.95,3.05,3.0,1.385,1.395,1.39,0.020728001984453737,0.0015348733335652375
pi+ n,2.95,3.05,3.0,1.395,1.405,1.4,0.021057632685438313,0.0016105737991022055
pi+ n,2.95,3.05,3.0,1.405,1.415,1.41,0.02138726338642289,0.0016862742646391734
pi+ n,2.95,3.05,3.0,1.415,1.425,1.42,0.021716894087407467,0.0017619747301761415
pi+ n,2.95,3.05,3.0,1.425,1.435,1.43,0.02204652478839204,0.0018376751957131091
pi+ n,2.95,3.05,3.0,1.435,1.445,1.44,0.022500846324555915,0.00207677896555359
pi+ n,2.95,3.05,3.0,1.445,1.455,1.45,0.02379684390526568,0.002253337371911894
pi+ n,2.95,3.05,3.0,1.455,1.465,1.46,0.025800473508967664,0.002212438542628272
pi+ n,2.95,3.05,3.0,1.465,1.475,1.47,0.02649694607485367,0.0019915056135245196
pi+ n,2.95,3.05,3.0,1.475,1.485,1.48,0.026947507489403277,0.0019671656484556
pi+ n,2.95,3.05,3.0,1.485,1.495,1.49,0.027966110691677048,0.0019102404894106115
pi+ n,2.95,3.05,3.0,1.495,1.505,1.5,0.02933623154443347,0.0018544361991044932
pi+ n,2.95,3.05,3.0,1.505,1.515,1.51,0.031043940705128368,0.0018229778471559994
pi+ n,2.95,3.05,3.0,1.515,1.525,1.52,0.03373614190390102,0.0017750617556217992
pi+ n,2.95,3.05,3.0,1.525,1.535,1.53,0.03905634887164941,0.0018334620319093188
pi+ n,2.95,3.05,3.0,1.535,1.545,1.54,0.04109918763450742,0.0019262293468415754
pi+ n,2.95,3.05,3.0,1.545,1.555,1.55,0.040346386370368865,0.0019661161074932525
pi+ n,2.95,3.05,3.0,1.555,1.565,1.56,0.038041342124868226,0.0019362802529783593
pi+ n,2.95,3.05,3.0,1.565,1.575,1.57,0.035842102492139274,0.001968017189976409
pi+ n,2.95,3.05,3.0,1.575,1.585,1.58,0.034510871466483815,0.002063627298348006
pi+ n,2.95,3.05,3.0,1.585,1.595,1.59,0.032746930674961705,0.0020710943226466966
pi+ n,2.95,3.05,3.0,1.595,1.605,1.6,0.031735987932332045,0.002082220292957328
pi+ n,2.95,3.05,3.0,1.605,1.615,1.61,0.032503942194941696,0.002166010112094569
pi+ n,2.95,3.05,3.0,1.615,1.625,1.62,0.03346536634062378,0.002164331228116843
pi+ n,2.95,3.05,3.0,1.625,1.635,1.63,0.03457629231453212,0.0016661014171622677
pi+ n,2.95,3.05,3.0,1.635,1.645,1.64,0.03632431589440033,0.0017743286001543463
pi+ n,2.95,3.05,3.0,1.645,1.655,1.65,0.03718120424517473,0.0017680113914444004
pi+ n,2.95,3.05,3.0,1.655,1.665,1.66,0.038968365494080615,0.0017528630907801908
pi+ n,2.95,3.05,3.0,1.665,1.675,1.67,0.040447845672739235,0.0018092906123559935
pi+ n,2.95,3.05,3.0,1.675,1.685,1.68,0.04151809105331736,0.001763674385267422
pi+ n,2.95,3.05,3.0,1.685,1.695,1.69,0.04233144853991537,0.0017091579671449936
pi+ n,2.95,3.05,3.0,1.695,1.705,1.7,0.04017731990512114,0.0015916093099527873
pi+ n,2.95,3.05,3.0,1.705,1.715,1.71,0.03722741393989369,0.00165375146995378
pi+ n,2.95,3.05,3.0,1.715,1.725,1.72,0.03544097284408802,0.001699473603251443
pi+ n,2.95,3.05,3.0,1.725,1.735,1.73,0.03461870166160441,0.0014513651269760248
pi+ n,2.95,3.05,3.0,1.735,1.745,1.74,0.03409760536860133,0.001374050915939045
pi+ n,2.95,3.05,3.0,1.745,1.755,1.75,0.033766775897575804,0.0013447488376373126
pi+ n,2.95,3.05,3.0,1.755,1.765,1.76,0.033499368700542806,0.0013314508035806626
pi+ n,2.95,3.05,3.0,1.765,1.775,1.77,0.03313156286091955,0.0013154597017765207
pi+ n,2.95,3.05,3.0,1.775,1.785,1.78,0.03266335837870607,0.0012967755322248872
pi+ n,2.95,3.05,3.0,1.785,1.795,1.79,0.031969752267222096,0.0012762542372870603
pi+ n,2.95,3.05,3.0,1.795,1.805,1.8,0.030599941267926655,0.0012502215661906514
pi+ n,2.95,3.05,3.0,1.805,1.815,1.81,0.029230130268631218,0.0012241888950942424
pi+ n,2.95,3.05,3.0,1.815,1.825,1.82,0.027860319269335777,0.0011981562239978334
pi+ n,2.95,3.05,3.0,1.825,1.835,1.83,0.026490508270040337,0.0011721235529014245
pi+ n,2.95,3.05,3.0,1.835,1.845,1.84,0.025120697270744903,0.0011460908818050155
pi+ n,2.95,3.05,3.0,1.845,1.855,1.85,0.023750886271449462,0.0011200582107086065
pi+ n,2.95,3.05,3.0,1.855,1.865,1.86,0.022381075272154022,0.0010940255396121976
pi+ n,2.95,3.05,3.0,1.865,1.875,1.87,0.021011264272858585,0.0010679928685157888
pi+ n,2.95,3.05,3.0,1.875,1.885,1.88,0.01964145327356318,0.0010419601974193805
pi+ n,2.95,3.05,3.0,1.885,1.895,1.89,0.018271642274267738,0.0010159275263229716
pi+ n,2.95,3.05,3.0,1.895,1.905,1.9,0.0169018312749723,0.0009898948552265626
pi+ n,2.95,3.05,3.0,1.905,1.915,1.91,0.015532020275676864,0.0009638621841301538
pi+ n,2.95,3.05,3.0,1.915,1.925,1.92,0.014162209276381427,0.000937829513033745
pi+ n,2.95,3.05,3.0,1.925,1.935,1.93,0.012792398277085984,0.000911796841937336
pi+ n,2.95,3.05,3.0,1.935,1.945,1.94,0.011422587277790547,0.0008857641708409271
pi+ n,2.95,3.05,3.0,1.945,1.955,1.95,0.010052776278495108,0.0008597314997445182
pi+ n,2.95,3.05,3.0,1.955,1.965,1.96,0.009742195798518241,0.0008947114517603016
pi+ n,2.95,3.05,3.0,1.965,1.975,1.97,0.009501607522575702,0.0009811589762696619
pi+ n,2.95,3.05,3.0,1.975,1.985,1.98,0.009383505603693235,0.0011576747526427793
pi+ n,2.95,3.05,3.0,1.985,1.995,1.99,0.009265403684810767,0.0013341905290158967
pi+ n,2.95,3.05,3.0,1.995,2.005,2.0,0.0091473017659283,0.0015107063053890137
pi+ n,3.05,3.15,3.1,1.115,1.125,1.12,0.003200915560930359,0.0003904418004342908
pi+ n,3.05,3.15,3.1,1.125,1.135,1.13,0.005466991453888084,0.0005927953954593886
pi+ n,3.05,3.15,3.1,1.135,1.145,1.14,0.004813122350239434,0.0004921676781545386
pi+ n,3.05,3.15,3.1,1.145,1.155,1.15,0.004002719266655359,0.0003666870214937053
pi+ n,3.05,3.15,3.1,1.155,1.165,1.16,0.004698801930369708,0.0004994039764231209
pi+ n,3.05,3.15,3.1,1.165,1.175,1.17,0.00571239577888156,0.0004767756785748918
pi+ n,3.05,3.15,3.1,1.175,1.185,1.18,0.007129174024231662,0.0005473886837902855
pi+ n,3.05,3.15,3.1,1.185,1.195,1.19,0.008545952269581764,0.0006180016890056793
pi+ n,3.05,3.15,3.1,1.195,1.205,1.2,0.009962730514931866,0.0006886146942210729
pi+ n,3.05,3.15,3.1,1.205,1.215,1.21,0.011379508760281968,0.0007592276994364668
pi+ n,3.05,3.15,3.1,1.215,1.225,1.22,0.012118417581343518,0.0007162505265121167
pi+ n,3.05,3.15,3.1,1.225,1.235,1.23,0.012710735700720364,0.0007225184933403333
pi+ n,3.05,3.15,3.1,1.235,1.245,1.24,0.012761536528052817,0.0008621658562528833
pi+ n,3.05,3.15,3.1,1.245,1.255,1.25,0.013203358322834233,0.0009090895372931666
pi+ n,3.05,3.15,3.1,1.255,1.265,1.26,0.0134110377232356,0.0009635440825239334
pi+ n,3.05,3.15,3.1,1.265,1.275,1.27,0.0140852245503688,0.0009290923821556334
pi+ n,3.05,3.15,3.1,1.275,1.285,1.28,0.014487981368568551,0.0008935646676335499
pi+ n,3.05,3.15,3.1,1.285,1.295,1.29,0.0149841834729295,0.0010256685178696
pi+ n,3.05,3.15,3.1,1.295,1.305,1.3,0.0156588692479173,0.0009469902990644999
pi+ n,3.05,3.15,3.1,1.305,1.315,1.31,0.016179687290842085,0.0009620632557283332
pi+ n,3.05,3.15,3.1,1.315,1.325,1.32,0.016737997978266684,0.00101494321105835
pi+ n,3.05,3.15,3.1,1.325,1.335,1.33,0.017525161686753932,0.0010496859882518
pi+ n,3.05,3.15,3.1,1.335,1.345,1.34,0.01785479238773851,0.001125386453788768
pi+ n,3.05,3.15,3.1,1.345,1.355,1.35,0.018184423088723086,0.0012010869193257358
pi+ n,3.05,3.15,3.1,1.355,1.365,1.36,0.018514053789707663,0.001276787384862704
pi+ n,3.05,3.15,3.1,1.365,1.375,1.37,0.01884368449069224,0.001352487850399672
pi+ n,3.05,3.15,3.1,1.375,1.385,1.38,0.01917331519167681,0.0014281883159366381
pi+ n,3.05,3.15,3.1,1.385,1.395,1.39,0.019502945892661386,0.001503888781473606
pi+ n,3.05,3.15,3.1,1.395,1.405,1.4,0.019832576593645963,0.001579589247010574
pi+ n,3.05,3.15,3.1,1.405,1.415,1.41,0.020162207294630537,0.001655289712547542
pi+ n,3.05,3.15,3.1,1.415,1.425,1.42,0.020491837995615117,0.0017309901780845098
pi+ n,3.05,3.15,3.1,1.425,1.435,1.43,0.020821468696599687,0.0018066906436214776
pi+ n,3.05,3.15,3.1,1.435,1.445,1.44,0.021151099397584267,0.0018823911091584457
pi+ n,3.05,3.15,3.1,1.445,1.455,1.45,0.021480730098568844,0.0019580915746954136
pi+ n,3.05,3.15,3.1,1.455,1.465,1.46,0.02181036079955342,0.0020337920402323816
pi+ n,3.05,3.15,3.1,1.465,1.475,1.47,0.022139991500537998,0.0021094925057693493
pi+ n,3.05,3.15,3.1,1.475,1.485,1.48,0.02246962220152257,0.002185192971306317
pi+ n,3.05,3.15,3.1,1.485,1.495,1.49,0.022799252902507148,0.002260893436843285
pi+ n,3.05,3.15,3.1,1.495,1.505,1.5,0.023128883603491725,0.002336593902380253
pi+ n,3.05,3.15,3.1,1.505,1.515,1.51,0.023458514304476298,0.0024122943679172207
pi+ n,3.05,3.15,3.1,1.515,1.525,1.52,0.023788145005460875,0.002487994833454189
pi+ n,3.05,3.15,3.1,1.525,1.535,1.53,0.024117775706445455,0.002563695298991157
pi+ n,3.05,3.15,3.1,1.535,1.545,1.54,0.02444740640743003,0.002639395764528125
pi+ n,3.05,3.15,3.1,1.545,1.555,1.55,0.024818600720141037,0.0027695639981662615
pi+ n,3.05,3.15,3.1,1.555,1.565,1.56,0.026150633970240287,0.0027411395474899085
pi+ n,3.05,3.15,3.1,1.565,1.575,1.57,0.02709706246010022,0.002695449742683232
pi+ n,3.05,3.15,3.1,1.575,1.585,1.58,0.03033710156917219,0.002688458353618174
pi+ n,3.05,3.15,3.1,1.585,1.595,1.59,0.029998765986911792,0.002722731093974521
pi+ n,3.05,3.15,3.1,1.595,1.605,1.6,0.028233962170276287,0.0027676691171972996
pi+ n,3.05,3.15,3.1,1.605,1.615,1.61,0.029165920266077682,0.0028474002670890917
pi+ n,3.05,3.15,3.1,1.615,1.625,1.62,0.03080636587445888,0.002629948197637481
pi+ n,3.05,3.15,3.1,1.625,1.635,1.63,0.032469736667496585,0.0018706178298091214
pi+ n,3.05,3.15,3.1,1.635,1.645,1.64,0.034085737659347866,0.001972977573355126
pi+ n,3.05,3.15,3.1,1.645,1.655,1.65,0.03435484197394853,0.0018906700514004012
pi+ n,3.05,3.15,3.1,1.655,1.665,1.66,0.03556785004180643,0.0018775239133587969
pi+ n,3.05,3.15,3.1,1.665,1.675,1.67,0.03655417186487083,0.0019631814914074317
pi+ n,3.05,3.15,3.1,1.675,1.685,1.68,0.037558783362692694,0.0019300045228022528
pi+ n,3.05,3.15,3.1,1.685,1.695,1.69,0.037970068655285225,0.0018808234356534317
pi+ n,3.05,3.15,3.1,1.695,1.705,1.7,0.03670279705684304,0.0017750280091784704
pi+ n,3.05,3.15,3.1,1.705,1.715,1.71,0.0336816695023828,0.001629388672340729
pi+ n,3.05,3.15,3.1,1.715,1.725,1.72,0.030741860459336027,0.0016009986900839442
pi+ n,3.05,3.15,3.1,1.725,1.735,1.73,0.02744581248704669,0.0016667313555699557
pi+ n,3.05,3.15,3.1,1.735,1.745,1.74,0.026015788500038765,0.0020239024167905757
pi+ n,3.05,3.15,3.1,1.745,1.755,1.75,0.024116296111314238,0.001909617908033281
pi+ n,3.05,3.15,3.1,1.755,1.765,1.76,0.022446422743149147,0.0015533325936638806
pi+ n,3.05,3.15,3.1,1.765,1.775,1.77,0.021919201375741198,0.001370955977979822
pi+ n,3.05,3.15,3.1,1.775,1.785,1.78,0.02139810508273812,0.001293641766942842
pi+ n,3.05,3.15,3.1,1.785,1.795,1.79,0.02087700878973504,0.0012163275559058618
pi+ n,3.05,3.15,3.1,1.795,1.805,1.8,0.020355912496731958,0.0011390133448688819
pi+ n,3.05,3.15,3.1,1.805,1.815,1.81,0.02006736454170146,0.001120380629397204
pi+ n,3.05,3.15,3.1,1.815,1.825,1.82,0.019799957344668457,0.001107082595340554
pi+ n,3.05,3.15,3.1,1.825,1.835,1.83,0.019532550147635455,0.001093784561283904
pi+ n,3.05,3.15,3.1,1.835,1.845,1.84,0.019265142950602453,0.001080486527227254
pi+ n,3.05,3.15,3.1,1.845,1.855,1.85,0.01896426953937269,0.0010662908039214397
pi+ n,3.05,3.15,3.1,1.855,1.865,1.86,0.018496065057159207,0.0010476066343698062
pi+ n,3.05,3.15,3.1,1.865,1.875,1.87,0.018027860574945723,0.001028922464818173
pi+ n,3.05,3.15,3.1,1.875,1.885,1.88,0.01755965609273225,0.00101023829526654
pi+ n,3.05,3.15,3.1,1.885,1.895,1.89,0.017091451610518768,0.0009915541257149068
pi+ n,3.05,3.15,3.1,1.895,1.905,1.9,0.016247577746187826,0.0009698080805196172
pi+ n,3.05,3.15,3.1,1.905,1.915,1.91,0.014877766746892392,0.0009437754094232084
pi+ n,3.05,3.15,3.1,1.915,1.925,1.92,0.01350795574759695,0.0009177427383267994
pi+ n,3.05,3.15,3.1,1.925,1.935,1.93,0.012138144748301513,0.0008917100672303905
pi+ n,3.05,3.15,3.1,1.935,1.945,1.94,0.010768333749006074,0.0008656773961339815
pi+ n,3.05,3.15,3.1,1.945,1.955,1.95,0.009398522749710635,0.0008396447250375727
pi+ n,3.05,3.15,3.1,1.955,1.965,1.96,0.009175432524776678,0.0009389591426703267
pi+ n,3.05,3.15,3.1,1.965,1.975,1.97,0.00905733060589421,0.001115474919043444
pi+ n,3.05,3.15,3.1,1.975,1.985,1.98,0.008939228687011743,0.0012919906954165614
pi+ n,3.05,3.15,3.1,1.985,1.995,1.99,0.008821126768129278,0.0014685064717896788
pi+ n,3.05,3.15,3.1,1.995,2.005,2.0,0.008703024849246808,0.001645022248162796
pi+ n,3.15,3.25,3.2,1.115,1.125,1.12,0.003038499283670561,0.0003950068220950936
pi+ n,3.15,3.25,3.2,1.125,1.135,1.13,0.005301547436476562,0.0005975050810167336
pi+ n,3.15,3.25,3.2,1.135,1.145,1.14,0.00464556300877473,0.0004965415131800461
pi+ n,3.15,3.25,3.2,1.145,1.155,1.15,0.00375266228711658,0.000357962685777546
pi+ n,3.15,3.25,3.2,1.155,1.165,1.16,0.004512135788068931,0.0005976476066787461
pi+ n,3.15,3.25,3.2,1.165,1.175,1.17,0.005089563807722406,0.0005301424714558472
pi+ n,3.15,3.25,3.2,1.175,1.185,1.18,0.006277399700336127,0.0005238446361839966
pi+ n,3.15,3.25,3.2,1.185,1.195,1.19,0.007688392598975955,0.0005924463514789249
pi+ n,3.15,3.25,3.2,1.195,1.205,1.2,0.009105170844326056,0.0006630593566943185
pi+ n,3.15,3.25,3.2,1.205,1.215,1.21,0.01052194908967616,0.0007336723619097124
pi+ n,3.15,3.25,3.2,1.215,1.225,1.22,0.011257000260693373,0.000691991113715693
pi+ n,3.15,3.25,3.2,1.225,1.235,1.23,0.011776023029227874,0.000722881650420193
pi+ n,3.15,3.25,3.2,1.235,1.245,1.24,0.011837113882019508,0.0008600889164413675
pi+ n,3.15,3.25,3.2,1.245,1.255,1.25,0.012474446160525409,0.0008606507565455176
pi+ n,3.15,3.25,3.2,1.255,1.265,1.26,0.012448871847560857,0.0009595584245758174
pi+ n,3.15,3.25,3.2,1.265,1.275,1.27,0.013110782163464275,0.0009274463622495983
pi+ n,3.15,3.25,3.2,1.275,1.285,1.28,0.013466816338583423,0.0008081028653484483
pi+ n,3.15,3.25,3.2,1.285,1.295,1.29,0.013960559356466447,0.0009357953586171788
pi+ n,3.15,3.25,3.2,1.295,1.305,1.3,0.014631195980610485,0.0008595842760086298
pi+ n,3.15,3.25,3.2,1.305,1.315,1.31,0.015075080157503758,0.0009215328204069298
pi+ n,3.15,3.25,3.2,1.315,1.325,1.32,0.015518964334397032,0.0009834813648052299
pi+ n,3.15,3.25,3.2,1.325,1.335,1.33,0.016300105594961582,0.0010187014361601684
pi+ n,3.15,3.25,3.2,1.335,1.345,1.34,0.016629736295946156,0.0010944019016971363
pi+ n,3.15,3.25,3.2,1.345,1.355,1.35,0.016959366996930736,0.0011701023672341044
pi+ n,3.15,3.25,3.2,1.355,1.365,1.36,0.01728899769791531,0.0012458028327710722
pi+ n,3.15,3.25,3.2,1.365,1.375,1.37,0.017618628398899886,0.00132150329830804
pi+ n,3.15,3.25,3.2,1.375,1.385,1.38,0.017948259099884456,0.0013972037638450064
pi+ n,3.15,3.25,3.2,1.385,1.395,1.39,0.018277889800869033,0.0014729042293819745
pi+ n,3.15,3.25,3.2,1.395,1.405,1.4,0.01860752050185361,0.0015486046949189421
pi+ n,3.15,3.25,3.2,1.405,1.415,1.41,0.018937151202838183,0.0016243051604559102
pi+ n,3.15,3.25,3.2,1.415,1.425,1.42,0.019266781903822763,0.001700005625992878
pi+ n,3.15,3.25,3.2,1.425,1.435,1.43,0.019596412604807337,0.001775706091529846
pi+ n,3.15,3.25,3.2,1.435,1.445,1.44,0.019926043305791914,0.001851406557066814
pi+ n,3.15,3.25,3.2,1.445,1.455,1.45,0.02025567400677649,0.0019271070226037819
pi+ n,3.15,3.25,3.2,1.455,1.465,1.46,0.020585304707761064,0.0020028074881407497
pi+ n,3.15,3.25,3.2,1.465,1.475,1.47,0.020914935408745644,0.002078507953677718
pi+ n,3.15,3.25,3.2,1.475,1.485,1.48,0.021244566109730217,0.002154208419214686
pi+ n,3.15,3.25,3.2,1.485,1.495,1.49,0.021574196810714794,0.0022299088847516535
pi+ n,3.15,3.25,3.2,1.495,1.505,1.5,0.02190382751169937,0.0023056093502886216
pi+ n,3.15,3.25,3.2,1.505,1.515,1.51,0.022233458212683948,0.0023813098158255892
pi+ n,3.15,3.25,3.2,1.515,1.525,1.52,0.022563088913668525,0.0024570102813625573
pi+ n,3.15,3.25,3.2,1.525,1.535,1.53,0.0228927196146531,0.0025327107468995254
pi+ n,3.15,3.25,3.2,1.535,1.545,1.54,0.02322235031563768,0.0026084112124364935
pi+ n,3.15,3.25,3.2,1.545,1.555,1.55,0.023551981016622255,0.0026841116779734615
pi+ n,3.15,3.25,3.2,1.555,1.565,1.56,0.02388161171760683,0.002759812143510429
pi+ n,3.15,3.25,3.2,1.565,1.575,1.57,0.024708090088394974,0.002836264215733463
pi+ n,3.15,3.25,3.2,1.575,1.585,1.58,0.025419090048753604,0.0028019159357392572
pi+ n,3.15,3.25,3.2,1.585,1.595,1.59,0.027452912646847957,0.002833574805205815
pi+ n,3.15,3.25,3.2,1.595,1.605,1.6,0.026237686157015726,0.002869210414873953
pi+ n,3.15,3.25,3.2,1.605,1.615,1.61,0.027421456415378895,0.002942663503016222
pi+ n,3.15,3.25,3.2,1.615,1.625,1.62,0.0292752461895524,0.00260117070797824
pi+ n,3.15,3.25,3.2,1.625,1.635,1.63,0.03096738608287358,0.0018867986997938126
pi+ n,3.15,3.25,3.2,1.635,1.645,1.64,0.03244489012684295,0.001970520930826561
pi+ n,3.15,3.25,3.2,1.645,1.655,1.65,0.03271885847389136,0.0018869429276965977
pi+ n,3.15,3.25,3.2,1.655,1.665,1.66,0.03345437306450753,0.001859725202762098
pi+ n,3.15,3.25,3.2,1.665,1.675,1.67,0.03444071962928609,0.001941048116177642
pi+ n,3.15,3.25,3.2,1.675,1.685,1.68,0.03544449585276768,0.0019091243142867302
pi+ n,3.15,3.25,3.2,1.685,1.695,1.69,0.035797468484578904,0.001910497421513006
pi+ n,3.15,3.25,3.2,1.695,1.705,1.7,0.03455897487038741,0.0018078362760985617
pi+ n,3.15,3.25,3.2,1.705,1.715,1.71,0.031660610155193496,0.0016584606741857524
pi+ n,3.15,3.25,3.2,1.715,1.725,1.72,0.029123038072525698,0.0016586193643389469
pi+ n,3.15,3.25,3.2,1.725,1.735,1.73,0.024842048268801528,0.00155557022456447
pi+ n,3.15,3.25,3.2,1.735,1.745,1.74,0.023557595915926835,0.0019513936611908062
pi+ n,3.15,3.25,3.2,1.745,1.755,1.75,0.021794612222641015,0.002020498028827967
pi+ n,3.15,3.25,3.2,1.755,1.765,1.76,0.019766032594273952,0.0018572512632309035
pi+ n,3.15,3.25,3.2,1.765,1.775,1.77,0.01889381912832299,0.0014084275401998433
pi+ n,3.15,3.25,3.2,1.775,1.785,1.78,0.01837272283531991,0.0013311133291628633
pi+ n,3.15,3.25,3.2,1.785,1.795,1.79,0.01785162654231683,0.0012537991181258833
pi+ n,3.15,3.25,3.2,1.795,1.805,1.8,0.01733053024931375,0.0011764849070889031
pi+ n,3.15,3.25,3.2,1.805,1.815,1.81,0.016840184149761586,0.0011069302326556002
pi+ n,3.15,3.25,3.2,1.815,1.825,1.82,0.016572776952728588,0.0010936321985989502
pi+ n,3.15,3.25,3.2,1.825,1.835,1.83,0.016305369755695583,0.0010803341645423002
pi+ n,3.15,3.25,3.2,1.835,1.845,1.84,0.016037962558662584,0.00106703613048565
pi+ n,3.15,3.25,3.2,1.845,1.855,1.85,0.015770555361629583,0.001053738096429
pi+ n,3.15,3.25,3.2,1.855,1.865,1.86,0.015497063398378974,0.0010402768461452289
pi+ n,3.15,3.25,3.2,1.865,1.875,1.87,0.01502885891616549,0.0010215926765935956
pi+ n,3.15,3.25,3.2,1.875,1.885,1.88,0.014560654433952018,0.0010029085070419625
pi+ n,3.15,3.25,3.2,1.885,1.895,1.89,0.014092449951738535,0.0009842243374903292
pi+ n,3.15,3.25,3.2,1.895,1.905,1.9,0.013624245469525051,0.000965540167938696
pi+ n,3.15,3.25,3.2,1.905,1.915,1.91,0.013156040987311567,0.0009468559983870626
pi+ n,3.15,3.25,3.2,1.915,1.925,1.92,0.013016720731257543,0.0011115414750071683
pi+ n,3.15,3.25,3.2,1.925,1.935,1.93,0.012898618812375074,0.0012880572513802857
pi+ n,3.15,3.25,3.2,1.935,1.945,1.94,0.012780516893492608,0.001464573027753403
pi+ n,3.15,3.25,3.2,1.945,1.955,1.95,0.01266241497461014,0.0016410888041265205
pi+ n,3.15,3.25,3.2,1.955,1.965,1.96,0.012544313055727674,0.001817604580499638
pi+ n,3.15,3.25,3.2,1.965,1.975,1.97,0.011780694384132538,0.0018764223344263718
pi+ n,3.15,3.25,3.2,1.975,1.985,1.98,0.010901804863838753,0.0019142225843448292
pi+ n,3.15,3.25,3.2,1.985,1.995,1.99,0.010022915343544964,0.0019520228342632866
pi+ n,3.15,3.25,3.2,1.995,2.005,2.0,0.009144025823251176,0.0019898230841817444
pi+ n,3.25,3.35,3.3,1.115,1.125,1.12,0.0029941648723281543,0.0003939299517907396
pi+ n,3.25,3.35,3.3,1.125,1.135,1.13,0.005136103419065041,0.0006022147665740787
pi+ n,3.25,3.35,3.3,1.135,1.145,1.14,0.004395506029235953,0.0004878171774638868
pi+ n,3.25,3.35,3.3,1.145,1.155,1.15,0.003502605307577802,0.00034923835006138676
pi+ n,3.25,3.35,3.3,1.155,1.165,1.16,0.004262078808530152,0.0005889232709625868
pi+ n,3.25,3.35,3.3,1.165,1.175,1.17,0.004904523071504654,0.0006311288700697229
pi+ n,3.25,3.35,3.3,1.175,1.185,1.18,0.005651253898141244,0.0005787408954758548
pi+ n,3.25,3.35,3.3,1.185,1.195,1.19,0.006850117417404393,0.0005735953136870548
pi+ n,3.25,3.35,3.3,1.195,1.205,1.2,0.008247611173720252,0.0006375040191675642
pi+ n,3.25,3.35,3.3,1.205,1.215,1.21,0.009664389419070355,0.000708117024382958
pi+ n,3.25,3.35,3.3,1.215,1.225,1.22,0.010322287589200885,0.0006923542707955526
pi+ n,3.25,3.35,3.3,1.225,1.235,1.23,0.010841310357735386,0.0007232448075000527
pi+ n,3.25,3.35,3.3,1.235,1.245,1.24,0.011108201719710685,0.0008116501356937185
pi+ n,3.25,3.35,3.3,1.245,1.255,1.25,0.011745533998216586,0.0008122119757978685
pi+ n,3.25,3.35,3.3,1.255,1.265,1.26,0.011719959685252036,0.0009111196438281685
pi+ n,3.25,3.35,3.3,1.265,1.275,1.27,0.01213633977655975,0.0009258003423435632
pi+ n,3.25,3.35,3.3,1.275,1.285,1.28,0.0124923739516789,0.0008064568454424131
pi+ n,3.25,3.35,3.3,1.285,1.295,1.29,0.012936935240003397,0.000845922199364758
pi+ n,3.25,3.35,3.3,1.295,1.305,1.3,0.013526588847272161,0.0008190538406872264
pi+ n,3.25,3.35,3.3,1.305,1.315,1.31,0.013970473024165436,0.0008810023850855264
pi+ n,3.25,3.35,3.3,1.315,1.325,1.32,0.014414357201058712,0.0009429509294838264
pi+ n,3.25,3.35,3.3,1.325,1.335,1.33,0.015075049503169236,0.000987716884068537
pi+ n,3.25,3.35,3.3,1.335,1.345,1.34,0.015404680204153812,0.0010634173496055048
pi+ n,3.25,3.35,3.3,1.345,1.355,1.35,0.015734310905138386,0.0011391178151424729
pi+ n,3.25,3.35,3.3,1.355,1.365,1.36,0.016063941606122963,0.0012148182806794407
pi+ n,3.25,3.35,3.3,1.365,1.375,1.37,0.016393572307107543,0.0012905187462164088
pi+ n,3.25,3.35,3.3,1.375,1.385,1.38,0.01672320300809211,0.001366219211753375
pi+ n,3.25,3.35,3.3,1.385,1.395,1.39,0.017052833709076686,0.001441919677290343
pi+ n,3.25,3.35,3.3,1.395,1.405,1.4,0.01738246441006126,0.0015176201428273109
pi+ n,3.25,3.35,3.3,1.405,1.415,1.41,0.017712095111045836,0.0015933206083642787
pi+ n,3.25,3.35,3.3,1.415,1.425,1.42,0.018041725812030413,0.0016690210739012464
pi+ n,3.25,3.35,3.3,1.425,1.435,1.43,0.01837135651301499,0.0017447215394382144
pi+ n,3.25,3.35,3.3,1.435,1.445,1.44,0.018700987213999567,0.0018204220049751825
pi+ n,3.25,3.35,3.3,1.445,1.455,1.45,0.019030617914984144,0.0018961224705121504
pi+ n,3.25,3.35,3.3,1.455,1.465,1.46,0.01936024861596872,0.0019718229360491187
pi+ n,3.25,3.35,3.3,1.465,1.475,1.47,0.019689879316953297,0.0020475234015860863
pi+ n,3.25,3.35,3.3,1.475,1.485,1.48,0.020019510017937874,0.0021232238671230544
pi+ n,3.25,3.35,3.3,1.485,1.495,1.49,0.021012610615823806,0.0023985705685404166
pi+ n,3.25,3.35,3.3,1.495,1.505,1.5,0.02216931442931771,0.0022768796182551913
pi+ n,3.25,3.35,3.3,1.505,1.515,1.51,0.022319967490799442,0.002327393809783764
pi+ n,3.25,3.35,3.3,1.515,1.525,1.52,0.022682393287101844,0.002304305626046974
pi+ n,3.25,3.35,3.3,1.525,1.535,1.53,0.024302314310393508,0.0021738347782725783
pi+ n,3.25,3.35,3.3,1.535,1.545,1.54,0.0261554915913087,0.0023311247851390553
pi+ n,3.25,3.35,3.3,1.545,1.555,1.55,0.02934157813836549,0.00237506595098521
pi+ n,3.25,3.35,3.3,1.555,1.565,1.56,0.03040378210467664,0.002268811386672255
pi+ n,3.25,3.35,3.3,1.565,1.575,1.57,0.028533455025363072,0.0021744323878023233
pi+ n,3.25,3.35,3.3,1.575,1.585,1.58,0.02758340668189837,0.002245657769458647
pi+ n,3.25,3.35,3.3,1.585,1.595,1.59,0.02675810263517999,0.0023757182156766603
pi+ n,3.25,3.35,3.3,1.595,1.605,1.6,0.026277862381951973,0.002448554949924355
pi+ n,3.25,3.35,3.3,1.605,1.615,1.61,0.02727055064284533,0.002451799819875965
pi+ n,3.25,3.35,3.3,1.615,1.625,1.62,0.028627934440651637,0.0024317011548737905
pi+ n,3.25,3.35,3.3,1.625,1.635,1.63,0.03006924056066309,0.0017146440271163443
pi+ n,3.25,3.35,3.3,1.635,1.645,1.64,0.031787415781252194,0.0018111710202912816
pi+ n,3.25,3.35,3.3,1.645,1.655,1.65,0.03227325374500319,0.0017568300203329916
pi+ n,3.25,3.35,3.3,1.655,1.665,1.66,0.03311540577865066,0.001677406438608337
pi+ n,3.25,3.35,3.3,1.665,1.675,1.67,0.034107488965984985,0.0017428904866666275
pi+ n,3.25,3.35,3.3,1.675,1.685,1.68,0.03514322890651943,0.0017325628738090904
pi+ n,3.25,3.35,3.3,1.685,1.695,1.69,0.03581364802779641,0.0017981799247237186
pi+ n,3.25,3.35,3.3,1.695,1.705,1.7,0.034114141863553216,0.001678825315487856
pi+ n,3.25,3.35,3.3,1.705,1.715,1.71,0.031167128985486806,0.0016203246196226382
pi+ n,3.25,3.35,3.3,1.715,1.725,1.72,0.02828694534202554,0.0017573207139964147
pi+ n,3.25,3.35,3.3,1.725,1.735,1.73,0.026534460306297664,0.001841691373391309
pi+ n,3.25,3.35,3.3,1.735,1.745,1.74,0.025021458626346596,0.001486465602599111
pi+ n,3.25,3.35,3.3,1.745,1.755,1.75,0.024500362333343517,0.0014091513915621312
pi+ n,3.25,3.35,3.3,1.755,1.765,1.76,0.02397926604034044,0.001331837180525151
pi+ n,3.25,3.35,3.3,1.765,1.775,1.77,0.02355042032769012,0.0012778015792992
pi+ n,3.25,3.35,3.3,1.775,1.785,1.78,0.023283013130657115,0.00126450354524255
pi+ n,3.25,3.35,3.3,1.785,1.795,1.79,0.023015605933624117,0.0012512055111859
pi+ n,3.25,3.35,3.3,1.795,1.805,1.8,0.022729944437938333,0.0012374178284478873
pi+ n,3.25,3.35,3.3,1.805,1.815,1.81,0.02226173995572485,0.001218733658896254
pi+ n,3.25,3.35,3.3,1.815,1.825,1.82,0.021793535473511365,0.0012000494893446207
pi+ n,3.25,3.35,3.3,1.825,1.835,1.83,0.02132533099129788,0.0011813653197929874
pi+ n,3.25,3.35,3.3,1.835,1.845,1.84,0.021143574060900693,0.0013223901969070598
pi+ n,3.25,3.35,3.3,1.845,1.855,1.85,0.021025472142018227,0.0014989059732801772
pi+ n,3.25,3.35,3.3,1.855,1.865,1.86,0.020907370223135758,0.0016754217496532946
pi+ n,3.25,3.35,3.3,1.865,1.875,1.87,0.020374293248938014,0.0017762745115965962
pi+ n,3.25,3.35,3.3,1.875,1.885,1.88,0.019495403728644247,0.0018140747615150526
pi+ n,3.25,3.35,3.3,1.885,1.895,1.89,0.01861651420835046,0.0018518750114335106
pi+ n,3.25,3.35,3.3,1.895,1.905,1.9,0.01773762468805667,0.0018896752613519676
pi+ n,3.25,3.35,3.3,1.905,1.915,1.91,0.016858735167762883,0.0019274755112704252
pi+ n,3.25,3.35,3.3,1.915,1.925,1.92,0.01597984564746909,0.0019652757611888826
pi+ n,3.25,3.35,3.3,1.925,1.935,1.93,0.015100956127175304,0.00200307601110734
pi+ n,3.25,3.35,3.3,1.935,1.945,1.94,0.014222066606881516,0.002040876261025798
pi+ n,3.25,3.35,3.3,1.945,1.955,1.95,0.01334317708658773,0.0020786765109442554
pi+ n,3.25,3.35,3.3,1.955,1.965,1.96,0.01246428756629394,0.002116476760862713
pi+ n,3.25,3.35,3.3,1.965,1.975,1.97,0.011585398046000152,0.0021542770107811707
pi+ n,3.25,3.35,3.3,1.975,1.985,1.98,0.010706508525706364,0.0021920772606996283
pi+ n,3.25,3.35,3.3,1.985,1.995,1.99,0.009827619005412576,0.002229877510618086
pi+ n,3.25,3.35,3.3,1.995,2.005,2.0,0.008948729485118786,0.0022676777605365435
pi+ n,3.35,3.45,3.4,1.115,1.125,1.12,0.0029498304609857475,0.00039285308148638565
pi+ n,3.35,3.45,3.4,1.125,1.135,1.13,0.004970659401653518,0.0006069244521314239
pi+ n,3.35,3.45,3.4,1.135,1.145,1.14,0.004145449049697173,0.0004790928417477275
pi+ n,3.35,3.45,3.4,1.145,1.155,1.15,0.0032525483280390235,0.00034051401434522747
pi+ n,3.35,3.45,3.4,1.155,1.165,1.16,0.004012021828991373,0.0005801989352464275
pi+ n,3.35,3.45,3.4,1.165,1.175,1.17,0.004719482335286902,0.0007321152686835991
pi+ n,3.35,3.45,3.4,1.175,1.185,1.18,0.005295284948857352,0.0006618673651024492
pi+ n,3.35,3.45,3.4,1.185,1.195,1.19,0.006223971615209508,0.0006284915729789132
pi+ n,3.35,3.45,3.4,1.195,1.205,1.2,0.007422835134472658,0.0006233459911901133
pi+ n,3.35,3.45,3.4,1.205,1.215,1.21,0.008806829748464546,0.0006825616868562035
pi+ n,3.35,3.45,3.4,1.215,1.225,1.22,0.009387574917708393,0.0006927174278754122
pi+ n,3.35,3.45,3.4,1.225,1.235,1.23,0.009906597686242892,0.0007236079645799123
pi+ n,3.35,3.45,3.4,1.235,1.245,1.24,0.010379289557401859,0.0007632113549460692
pi+ n,3.35,3.45,3.4,1.245,1.255,1.25,0.01101662183590776,0.0007637731950502193
pi+ n,3.35,3.45,3.4,1.255,1.265,1.26,0.01099104752294321,0.0008626808630805193
pi+ n,3.35,3.45,3.4,1.265,1.275,1.27,0.011161897389655222,0.000924154322437528
pi+ n,3.35,3.45,3.4,1.275,1.285,1.28,0.011517931564774372,0.000804810825536378
pi+ n,3.35,3.45,3.4,1.285,1.295,1.29,0.011913311123540342,0.0007560490401123369
pi+ n,3.35,3.45,3.4,1.295,1.305,1.3,0.012421981713933834,0.0007785234053658228
pi+ n,3.35,3.45,3.4,1.305,1.315,1.31,0.012865865890827109,0.0008404719497641228
pi+ n,3.35,3.45,3.4,1.315,1.325,1.32,0.013309750067720385,0.0009024204941624228
pi+ n,3.35,3.45,3.4,1.325,1.335,1.33,0.01384999341137688,0.0009567323319769051
pi+ n,3.35,3.45,3.4,1.335,1.345,1.34,0.014179624112361459,0.0010324327975138733
pi+ n,3.35,3.45,3.4,1.345,1.355,1.35,0.014509254813346034,0.001108133263050841
pi+ n,3.35,3.45,3.4,1.355,1.365,1.36,0.014838885514330612,0.001183833728587809
pi+ n,3.35,3.45,3.4,1.365,1.375,1.37,0.015168516215315187,0.001259534194124777
pi+ n,3.35,3.45,3.4,1.375,1.385,1.38,0.015498146916299756,0.0013352346596617434
pi+ n,3.35,3.45,3.4,1.385,1.395,1.39,0.015827777617284332,0.0014109351251987113
pi+ n,3.35,3.45,3.4,1.395,1.405,1.4,0.016367012619886254,0.0015675754774211017
pi+ n,3.35,3.45,3.4,1.405,1.415,1.41,0.017325456225722905,0.0018860956030143517
pi+ n,3.35,3.45,3.4,1.415,1.425,1.42,0.018595812760003244,0.0018160549110245927
pi+ n,3.35,3.45,3.4,1.425,1.435,1.43,0.019630538770240444,0.001717495020776918
pi+ n,3.35,3.45,3.4,1.435,1.445,1.44,0.019963892411751546,0.0017519387257451684
pi+ n,3.35,3.45,3.4,1.445,1.455,1.45,0.019769444377622254,0.001832808280776573
pi+ n,3.35,3.45,3.4,1.455,1.465,1.46,0.019957126603533243,0.0018388343485630052
pi+ n,3.35,3.45,3.4,1.465,1.475,1.47,0.021542757392575537,0.0016119464041636552
pi+ n,3.35,3.45,3.4,1.475,1.485,1.48,0.023185538572033447,0.0015457536208058956
pi+ n,3.35,3.45,3.4,1.485,1.495,1.49,0.024931989199324035,0.001607454550621858
pi+ n,3.35,3.45,3.4,1.495,1.505,1.5,0.026945256460676133,0.0019081281730641078
pi+ n,3.35,3.45,3.4,1.505,1.515,1.51,0.03029888861997645,0.0019153932736822488
pi+ n,3.35,3.45,3.4,1.515,1.525,1.52,0.03334022198233909,0.001811611833419291
pi+ n,3.35,3.45,3.4,1.525,1.535,1.53,0.03335465156250534,0.0017040479681386912
pi+ n,3.35,3.45,3.4,1.535,1.545,1.54,0.031763547692003596,0.001607715655726438
pi+ n,3.35,3.45,3.4,1.545,1.555,1.55,0.029742208509285616,0.001548801509212543
pi+ n,3.35,3.45,3.4,1.555,1.565,1.56,0.028926071520727566,0.001636294331890143
pi+ n,3.35,3.45,3.4,1.565,1.575,1.57,0.02809127243418805,0.0017541659783090096
pi+ n,3.35,3.45,3.4,1.575,1.585,1.58,0.027278519113344255,0.0018822260164793655
pi+ n,3.35,3.45,3.4,1.585,1.595,1.59,0.026641475954744608,0.0019822803419825155
pi+ n,3.35,3.45,3.4,1.595,1.605,1.6,0.026553242964945656,0.0019870730980915746
pi+ n,3.35,3.45,3.4,1.605,1.615,1.61,0.027119644870311755,0.001960936136735707
pi+ n,3.35,3.45,3.4,1.615,1.625,1.62,0.028126720549447704,0.0019065924039773506
pi+ n,3.35,3.45,3.4,1.625,1.635,1.63,0.029171095038452596,0.0015424893544388751
pi+ n,3.35,3.45,3.4,1.635,1.645,1.64,0.03077322475102561,0.001618129454400403
pi+ n,3.35,3.45,3.4,1.645,1.655,1.65,0.03182764901611503,0.0016267171129693851
pi+ n,3.35,3.45,3.4,1.655,1.665,1.66,0.032767635625246816,0.0015535232895551774
pi+ n,3.35,3.45,3.4,1.665,1.675,1.67,0.033774258302683886,0.0015447328571556122
pi+ n,3.35,3.45,3.4,1.675,1.685,1.68,0.034883225341128324,0.001598421050595651
pi+ n,3.35,3.45,3.4,1.685,1.695,1.69,0.035829827571013904,0.0016858624279344303
pi+ n,3.35,3.45,3.4,1.695,1.705,1.7,0.033211219898447907,0.0015820298749063281
pi+ n,3.35,3.45,3.4,1.705,1.715,1.71,0.031249417316641062,0.0016706492398538301
pi+ n,3.35,3.45,3.4,1.715,1.725,1.72,0.03062800183136715,0.0014871894539613983
pi+ n,3.35,3.45,3.4,1.725,1.735,1.73,0.030260656505618665,0.0014486729259428
pi+ n,3.35,3.45,3.4,1.735,1.745,1.74,0.029962825477497707,0.0014345588107505464
pi+ n,3.35,3.45,3.4,1.745,1.755,1.75,0.029494620995284222,0.001415874641198913
pi+ n,3.35,3.45,3.4,1.755,1.765,1.76,0.029270427390543877,0.001533238918806954
pi+ n,3.35,3.45,3.4,1.765,1.775,1.77,0.02896789211374351,0.0016761266887668205
pi+ n,3.35,3.45,3.4,1.775,1.785,1.78,0.02808900259344972,0.001713926938685278
pi+ n,3.35,3.45,3.4,1.785,1.795,1.79,0.027210113073155934,0.001751727188603735
pi+ n,3.35,3.45,3.4,1.795,1.805,1.8,0.026331223552862146,0.0017895274385221933
pi+ n,3.35,3.45,3.4,1.805,1.815,1.81,0.025452334032568358,0.0018273276884406503
pi+ n,3.35,3.45,3.4,1.815,1.825,1.82,0.02457344451227457,0.0018651279383591084
pi+ n,3.35,3.45,3.4,1.825,1.835,1.83,0.023694554991980782,0.0019029281882775653
pi+ n,3.35,3.45,3.4,1.835,1.845,1.84,0.02281566547168699,0.0019407284381960234
pi+ n,3.35,3.45,3.4,1.845,1.855,1.85,0.021936775951393202,0.0019785286881144806
pi+ n,3.35,3.45,3.4,1.855,1.865,1.86,0.021057886431099414,0.0020163289380329386
pi+ n,3.35,3.45,3.4,1.865,1.875,1.87,0.020178996910805626,0.0020541291879513967
pi+ n,3.35,3.45,3.4,1.875,1.885,1.88,0.01930010739051186,0.0020919294378698525
pi+ n,3.35,3.45,3.4,1.885,1.895,1.89,0.01842121787021807,0.0021297296877883106
pi+ n,3.35,3.45,3.4,1.895,1.905,1.9,0.017542328349924283,0.0021675299377067673
pi+ n,3.35,3.45,3.4,1.905,1.915,1.91,0.016663438829630492,0.0022053301876252254
pi+ n,3.35,3.45,3.4,1.915,1.925,1.92,0.015784549309336704,0.002243130437543683
pi+ n,3.35,3.45,3.4,1.925,1.935,1.93,0.014905659789042916,0.0022809306874621406
pi+ n,3.35,3.45,3.4,1.935,1.945,1.94,0.014026770268749128,0.0023187309373805982
pi+ n,3.35,3.45,3.4,1.945,1.955,1.95,0.013147880748455342,0.0023565311872990554
pi+ n,3.35,3.45,3.4,1.955,1.965,1.96,0.012268991228161552,0.0023943314372175135
pi+ n,3.35,3.45,3.4,1.965,1.975,1.97,0.011390101707867764,0.002432131687135971
pi+ n,3.35,3.45,3.4,1.975,1.985,1.98,0.010511212187573974,0.0024699319370544283
pi+ n,3.35,3.45,3.4,1.985,1.995,1.99,0.009632322667280186,0.0025077321869728855
pi+ n,3.35,3.45,3.4,1.995,2.005,2.0,0.008753433146986398,0.0025455324368913435
pi+ n,3.45,3.55,3.5,1.115,1.125,1.12,0.0029018497170179313,0.00039076854426785653
pi+ n,3.45,3.55,3.5,1.125,1.135,1.13,0.004914739425735871,0.0006445484189030066
pi+ n,3.45,3.55,3.5,1.135,1.145,1.14,0.003909985307689389,0.0004702724220542815
pi+ n,3.45,3.55,3.5,1.145,1.155,1.15,0.0030170845860312385,0.0003316935946517815
pi+ n,3.45,3.55,3.5,1.155,1.165,1.16,0.0037765580869835885,0.0005713785155529815
pi+ n,3.45,3.55,3.5,1.165,1.175,1.17,0.004525147387202197,0.0007926970468552275
pi+ n,3.45,3.55,3.5,1.175,1.185,1.18,0.005100950000772647,0.0007224491432740775
pi+ n,3.45,3.55,3.5,1.185,1.195,1.19,0.005750596869832599,0.0006599170704238725
pi+ n,3.45,3.55,3.5,1.195,1.205,1.2,0.00694946038909575,0.0006547714886350725
pi+ n,3.45,3.55,3.5,1.205,1.215,1.21,0.008008118613240411,0.0006604826629752646
pi+ n,3.45,3.55,3.5,1.215,1.225,1.22,0.00852714138177491,0.0006913731996797648
pi+ n,3.45,3.55,3.5,1.225,1.235,1.23,0.009041617103086501,0.0007224098695193354
pi+ n,3.45,3.55,3.5,1.235,1.245,1.24,0.009620807807719192,0.0007202751215891119
pi+ n,3.45,3.55,3.5,1.245,1.255,1.25,0.010258140086225092,0.0007208369616932618
pi+ n,3.45,3.55,3.5,1.255,1.265,1.26,0.010232565773260541,0.0008197446297235618
pi+ n,3.45,3.55,3.5,1.265,1.275,1.27,0.010243397740648785,0.0009186664680213382
pi+ n,3.45,3.55,3.5,1.275,1.285,1.28,0.010583051837520391,0.0008031980543793793
pi+ n,3.45,3.55,3.5,1.285,1.295,1.29,0.010939086012639541,0.0006838545574782294
pi+ n,3.45,3.55,3.5,1.295,1.305,1.3,0.011375873158206958,0.0007420203680458971
pi+ n,3.45,3.55,3.5,1.305,1.315,1.31,0.011819757335100232,0.000803968912444197
pi+ n,3.45,3.55,3.5,1.315,1.325,1.32,0.012263641511993507,0.0008659174568424969
pi+ n,3.45,3.55,3.5,1.325,1.335,1.33,0.012707525688886782,0.0009278660012407969
pi+ n,3.45,3.55,3.5,1.335,1.345,1.34,0.012869192789936555,0.0009437695690155416
pi+ n,3.45,3.55,3.5,1.345,1.355,1.35,0.013781668520497036,0.001244831047042339
pi+ n,3.45,3.55,3.5,1.355,1.365,1.36,0.014747443413113346,0.001554218332906074
pi+ n,3.45,3.55,3.5,1.365,1.375,1.37,0.016087113931492297,0.001397830792564524
pi+ n,3.45,3.55,3.5,1.375,1.385,1.38,0.01733002321171087,0.001259792410425839
pi+ n,3.45,3.55,3.5,1.385,1.395,1.39,0.017663376853221974,0.001294236115394089
pi+ n,3.45,3.55,3.5,1.395,1.405,1.4,0.01788078589586829,0.0013388783983717752
pi+ n,3.45,3.55,3.5,1.405,1.415,1.41,0.017544237410605037,0.0014322472207278752
pi+ n,3.45,3.55,3.5,1.415,1.425,1.42,0.017688233743918175,0.0014455518513951126
pi+ n,3.45,3.55,3.5,1.425,1.435,1.43,0.019273864532960476,0.0012186639069957626
pi+ n,3.45,3.55,3.5,1.435,1.445,1.44,0.02088415791355905,0.001061122105168976
pi+ n,3.45,3.55,3.5,1.445,1.455,1.45,0.022545227217949947,0.001046351773344526
pi+ n,3.45,3.55,3.5,1.455,1.465,1.46,0.024348530312652102,0.0011589722692047046
pi+ n,3.45,3.55,3.5,1.465,1.475,1.47,0.0263617975740042,0.001459645891646955
pi+ n,3.45,3.55,3.5,1.475,1.485,1.48,0.029261123361644187,0.0015663595537487483
pi+ n,3.45,3.55,3.5,1.485,1.495,1.49,0.033117392357675086,0.0014635964586828484
pi+ n,3.45,3.55,3.5,1.495,1.505,1.5,0.03483109706408915,0.0013581560109972117
pi+ n,3.45,3.55,3.5,1.505,1.515,1.51,0.034845526644255394,0.0012505921457166115
pi+ n,3.45,3.55,3.5,1.515,1.525,1.52,0.03339806163597899,0.0011532550037417222
pi+ n,3.45,3.55,3.5,1.525,1.535,1.53,0.031108899743447688,0.0010618059751852722
pi+ n,3.45,3.55,3.5,1.535,1.545,1.54,0.029867851724897355,0.0010976809561607423
pi+ n,3.45,3.55,3.5,1.545,1.555,1.55,0.029051714736339305,0.0011851737788383424
pi+ n,3.45,3.55,3.5,1.555,1.565,1.56,0.028213506228053173,0.001308595402671479
pi+ n,3.45,3.55,3.5,1.565,1.575,1.57,0.027369376092522928,0.001441656460960979
pi+ n,3.45,3.55,3.5,1.575,1.585,1.58,0.026704455840874924,0.0015461540004930606
pi+ n,3.45,3.55,3.5,1.585,1.595,1.59,0.02606741268227527,0.0016462083259962106
pi+ n,3.45,3.55,3.5,1.595,1.605,1.6,0.026243030735168957,0.0016052022506658026
pi+ n,3.45,3.55,3.5,1.605,1.615,1.61,0.026532534412583422,0.001583636883758089
pi+ n,3.45,3.55,3.5,1.615,1.625,1.62,0.02731385106165217,0.0015305914132227971
pi+ n,3.45,3.55,3.5,1.625,1.635,1.63,0.02802774586211448,0.0019479679876908034
pi+ n,3.45,3.55,3.5,1.635,1.645,1.64,0.029467940586973683,0.001476856519831973
pi+ n,3.45,3.55,3.5,1.645,1.655,1.65,0.030942137748039136,0.001530218466437631
pi+ n,3.45,3.55,3.5,1.655,1.665,1.66,0.03193473893086062,0.001458884822466574
pi+ n,3.45,3.55,3.5,1.665,1.675,1.67,0.03283810534855738,0.001384657825481821
pi+ n,3.45,3.55,3.5,1.675,1.685,1.68,0.03404084844628048,0.0015002251019977748
pi+ n,3.45,3.55,3.5,1.685,1.695,1.69,0.03515444162896672,0.0015994198490466385
pi+ n,3.45,3.55,3.5,1.695,1.705,1.7,0.03472367732034404,0.0016052191098700117
pi+ n,3.45,3.55,3.5,1.705,1.715,1.71,0.03404593289737386,0.0017271798656108752
pi+ n,3.45,3.55,3.5,1.715,1.725,1.72,0.03316704337708006,0.0017649801155293328
pi+ n,3.45,3.55,3.5,1.725,1.735,1.73,0.032288153856786274,0.0018027803654477904
pi+ n,3.45,3.55,3.5,1.735,1.745,1.74,0.03140926433649249,0.0018405806153662476
pi+ n,3.45,3.55,3.5,1.745,1.755,1.75,0.030530374816198698,0.0018783808652847052
pi+ n,3.45,3.55,3.5,1.755,1.765,1.76,0.029651485295904913,0.0019161811152031633
pi+ n,3.45,3.55,3.5,1.765,1.775,1.77,0.02877259577561112,0.0019539813651216205
pi+ n,3.45,3.55,3.5,1.775,1.785,1.78,0.02789370625531733,0.001991781615040078
pi+ n,3.45,3.55,3.5,1.785,1.795,1.79,0.027014816735023546,0.0020295818649585353
pi+ n,3.45,3.55,3.5,1.795,1.805,1.8,0.026135927214729755,0.002067382114876993
pi+ n,3.45,3.55,3.5,1.805,1.815,1.81,0.025257037694435967,0.002105182364795451
pi+ n,3.45,3.55,3.5,1.815,1.825,1.82,0.02437814817414218,0.002142982614713908
pi+ n,3.45,3.55,3.5,1.825,1.835,1.83,0.02349925865384839,0.0021807828646323657
pi+ n,3.45,3.55,3.5,1.835,1.845,1.84,0.0226203691335546,0.002218583114550824
pi+ n,3.45,3.55,3.5,1.845,1.855,1.85,0.021741479613260815,0.002256383364469281
pi+ n,3.45,3.55,3.5,1.855,1.865,1.86,0.020862590092967023,0.0022941836143877386
pi+ n,3.45,3.55,3.5,1.865,1.875,1.87,0.019983700572673235,0.002331983864306196
pi+ n,3.45,3.55,3.5,1.875,1.885,1.88,0.019104811052379468,0.002369784114224653
pi+ n,3.45,3.55,3.5,1.885,1.895,1.89,0.018225921532085684,0.0024075843641431106
pi+ n,3.45,3.55,3.5,1.895,1.905,1.9,0.017347032011791892,0.002445384614061568
pi+ n,3.45,3.55,3.5,1.905,1.915,1.91,0.016468142491498104,0.002483184863980026
pi+ n,3.45,3.55,3.5,1.915,1.925,1.92,0.015589252971204316,0.002520985113898483
pi+ n,3.45,3.55,3.5,1.925,1.935,1.93,0.014710363450910528,0.002558785363816941
pi+ n,3.45,3.55,3.5,1.935,1.945,1.94,0.013831473930616739,0.0025965856137353982
pi+ n,3.45,3.55,3.5,1.945,1.955,1.95,0.012952584410322952,0.002634385863653856
pi+ n,3.45,3.55,3.5,1.955,1.965,1.96,0.012073694890029161,0.002672186113572313
pi+ n,3.45,3.55,3.5,1.965,1.975,1.97,0.011194805369735375,0.0027099863634907706
pi+ n,3.45,3.55,3.5,1.975,1.985,1.98,0.010315915849441587,0.0027477866134092283
pi+ n,3.45,3.55,3.5,1.985,1.995,1.99,0.009437026329147799,0.002785586863327686
pi+ n,3.45,3.55,3.5,1.995,2.005,2.0,0.00855813680885401,0.0028233871132461435
pi+ n,3.55,3.65,3.6,1.115,1.125,1.12,0.0028392836425484794,0.0003846533393926269
pi+ n,3.55,3.65,3.6,1.125,1.135,1.13,0.005296915615793723,0.0008138295105315401
pi+ n,3.55,3.65,3.6,1.135,1.145,1.14,0.003732894515805581,0.0004610676664516889
pi+ n,3.55,3.65,3.6,1.145,1.155,1.15,0.002839993794147431,0.00032248883904918886
pi+ n,3.55,3.65,3.6,1.155,1.165,1.16,0.003599467295099781,0.0005621737599503889
pi+ n,3.55,3.65,3.6,1.165,1.175,1.17,0.0042936355916496785,0.0006916603432578644
pi+ n,3.55,3.65,3.6,1.175,1.185,1.18,0.004869438205220128,0.0006214124396767144
pi+ n,3.55,3.65,3.6,1.185,1.195,1.19,0.005888306351727607,0.0005974595204812355
pi+ n,3.55,3.65,3.6,1.195,1.205,1.2,0.007034592885321325,0.0005963852222408076
pi+ n,3.55,3.65,3.6,1.205,1.215,1.21,0.007444801619542971,0.0006523088936775882
pi+ n,3.55,3.65,3.6,1.215,1.225,1.22,0.007963824388077469,0.0006831994303820883
pi+ n,3.55,3.65,3.6,1.225,1.235,1.23,0.008455564873274516,0.0007149667658970119
pi+ n,3.55,3.65,3.6,1.235,1.245,1.24,0.008744047708541145,0.0006993490777949206
pi+ n,3.55,3.65,3.6,1.245,1.255,1.25,0.009381379987047047,0.0006999109178990705
pi+ n,3.55,3.65,3.6,1.255,1.265,1.26,0.009355805674082496,0.0007988185859293705
pi+ n,3.55,3.65,3.6,1.265,1.275,1.27,0.00954866904323471,0.0008978112755645294
pi+ n,3.55,3.65,3.6,1.275,1.285,1.28,0.009806422748868596,0.0008017182782185264
pi+ n,3.55,3.65,3.6,1.285,1.295,1.29,0.010162456923987746,0.0006823747813173764
pi+ n,3.55,3.65,3.6,1.295,1.305,1.3,0.01056375891292587,0.0007216269227318824
pi+ n,3.55,3.65,3.6,1.305,1.315,1.31,0.011007643089819143,0.0007835754671301823
pi+ n,3.55,3.65,3.6,1.315,1.325,1.32,0.011451527266712419,0.0008455240115284822
pi+ n,3.55,3.65,3.6,1.325,1.335,1.33,0.011895411443605694,0.0009074725559267824
pi+ n,3.55,3.65,3.6,1.335,1.345,1.34,0.012057078544655467,0.0009233761237015268
pi+ n,3.55,3.65,3.6,1.345,1.355,1.35,0.01221874564570524,0.0009392796914762715
pi+ n,3.55,3.65,3.6,1.355,1.365,1.36,0.012380412746755012,0.0009551832592510161
pi+ n,3.55,3.65,3.6,1.365,1.375,1.37,0.012542079847804788,0.0009710868270257608
pi+ n,3.55,3.65,3.6,1.375,1.385,1.38,0.012703746948854554,0.0009869903948005049
pi+ n,3.55,3.65,3.6,1.385,1.395,1.39,0.01286541404990433,0.0010028939625752495
pi+ n,3.55,3.65,3.6,1.395,1.405,1.4,0.013548050404083965,0.0012166622027697798
pi+ n,3.55,3.65,3.6,1.405,1.415,1.41,0.014550481730598563,0.001480385289985947
pi+ n,3.55,3.65,3.6,1.415,1.425,1.42,0.015890152248977513,0.001323997749644397
pi+ n,3.55,3.65,3.6,1.425,1.435,1.43,0.016649255338394273,0.001277705158520036
pi+ n,3.55,3.65,3.6,1.435,1.445,1.44,0.016956843513490975,0.00131441521415705
pi+ n,3.55,3.65,3.6,1.445,1.455,1.45,0.016620295028227726,0.0014077840365131497
pi+ n,3.55,3.65,3.6,1.455,1.465,1.46,0.017244836180117244,0.0013410244754915256
pi+ n,3.55,3.65,3.6,1.465,1.475,1.47,0.018830466969159545,0.0011141365310921754
pi+ n,3.55,3.65,3.6,1.475,1.485,1.48,0.020488634792190884,0.0010912078295533057
pi+ n,3.55,3.65,3.6,1.485,1.495,1.49,0.022298710924526906,0.0012098945553032283
pi+ n,3.55,3.65,3.6,1.495,1.505,1.5,0.024311978185879008,0.0015105681777454784
pi+ n,3.55,3.65,3.6,1.505,1.515,1.51,0.027955593135600813,0.0014543554731612884
pi+ n,3.55,3.65,3.6,1.515,1.525,1.52,0.030481994641524707,0.0013499305730210694
pi+ n,3.55,3.65,3.6,1.525,1.535,1.53,0.03049642422169095,0.0012423667077404693
pi+ n,3.55,3.65,3.6,1.535,1.545,1.54,0.028650260689293813,0.0011478186721216826
pi+ n,3.55,3.65,3.6,1.545,1.555,1.55,0.026757682424755316,0.001104546295820554
pi+ n,3.55,3.65,3.6,1.555,1.565,1.56,0.025941545436197262,0.0011920391184981538
pi+ n,3.55,3.65,3.6,1.565,1.575,1.57,0.02510495191715953,0.001312831805661373
pi+ n,3.55,3.65,3.6,1.575,1.585,1.58,0.02430064620026978,0.0014395454153381135
pi+ n,3.55,3.65,3.6,1.585,1.595,1.59,0.023663603041670127,0.0015395997408412638
pi+ n,3.55,3.65,3.6,1.595,1.605,1.6,0.023590447254310754,0.001541775420868067
pi+ n,3.55,3.65,3.6,1.605,1.615,1.61,0.024200605214076024,0.0016605953514310344
pi+ n,3.55,3.65,3.6,1.615,1.625,1.62,0.025254359187490243,0.0017510214630357874
pi+ n,3.55,3.65,3.6,1.625,1.635,1.63,0.02590358206926589,0.004663979844660315
pi+ n,3.55,3.65,3.6,1.635,1.645,1.64,0.026998283887620343,0.0015426581105533385
pi+ n,3.55,3.65,3.6,1.645,1.655,1.65,0.028297000323212307,0.0015681768632332853
pi+ n,3.55,3.65,3.6,1.655,1.665,1.66,0.029161336072545,0.0014812250832361945
pi+ n,3.55,3.65,3.6,1.665,1.675,1.67,0.02949026323112924,0.0013769131851569271
pi+ n,3.55,3.65,3.6,1.675,1.685,1.68,0.03086897823360566,0.00154581265186215
pi+ n,3.55,3.65,3.6,1.685,1.695,1.69,0.03171279374586082,0.0016164769417648312
pi+ n,3.55,3.65,3.6,1.695,1.705,1.7,0.030567833339081505,0.0015218997353587376
pi+ n,3.55,3.65,3.6,1.705,1.715,1.71,0.03236817384379606,0.0020995433126982242
pi+ n,3.55,3.65,3.6,1.715,1.725,1.72,0.02977533750596267,0.0018045664319794085
pi+ n,3.55,3.65,3.6,1.725,1.735,1.73,0.028264817694981396,0.0015370864059042393
pi+ n,3.55,3.65,3.6,1.735,1.745,1.74,0.027696742043274672,0.0014325639329079356
pi+ n,3.55,3.65,3.6,1.745,1.755,1.75,0.029128207894124725,0.0016512725067050695
pi+ n,3.55,3.65,3.6,1.755,1.765,1.76,0.02912094712889986,0.0020537682818539517
pi+ n,3.55,3.65,3.6,1.765,1.775,1.77,0.028577299437478734,0.0022318360414764213
pi+ n,3.55,3.65,3.6,1.775,1.785,1.78,0.027698409917184943,0.002269636291394878
pi+ n,3.55,3.65,3.6,1.785,1.795,1.79,0.02681952039689116,0.0023074365413133357
pi+ n,3.55,3.65,3.6,1.795,1.805,1.8,0.02594063087659737,0.0023452367912317933
pi+ n,3.55,3.65,3.6,1.805,1.815,1.81,0.02506174135630358,0.002383037041150251
pi+ n,3.55,3.65,3.6,1.815,1.825,1.82,0.02418285183600979,0.0024208372910687085
pi+ n,3.55,3.65,3.6,1.825,1.835,1.83,0.023303962315716003,0.002458637540987166
pi+ n,3.55,3.65,3.6,1.835,1.845,1.84,0.02242507279542221,0.0024964377909056238
pi+ n,3.55,3.65,3.6,1.845,1.855,1.85,0.021546183275128427,0.002534238040824081
pi+ n,3.55,3.65,3.6,1.855,1.865,1.86,0.02066729375483464,0.002572038290742539
pi+ n,3.55,3.65,3.6,1.865,1.875,1.87,0.019788404234540848,0.0026098385406609966
pi+ n,3.55,3.65,3.6,1.875,1.885,1.88,0.01890951471424708,0.0026476387905794534
pi+ n,3.55,3.65,3.6,1.885,1.895,1.89,0.018030625193953292,0.0026854390404979105
pi+ n,3.55,3.65,3.6,1.895,1.905,1.9,0.017151735673659504,0.0027232392904163677
pi+ n,3.55,3.65,3.6,1.905,1.915,1.91,0.016272846153365716,0.0027610395403348258
pi+ n,3.55,3.65,3.6,1.915,1.925,1.92,0.015393956633071929,0.002798839790253283
pi+ n,3.55,3.65,3.6,1.925,1.935,1.93,0.014515067112778139,0.002836640040171741
pi+ n,3.55,3.65,3.6,1.935,1.945,1.94,0.01363617759248435,0.002874440290090198
pi+ n,3.55,3.65,3.6,1.945,1.955,1.95,0.012757288072190565,0.002912240540008656
pi+ n,3.55,3.65,3.6,1.955,1.965,1.96,0.011878398551896775,0.0029500407899271134
pi+ n,3.55,3.65,3.6,1.965,1.975,1.97,0.010999509031602987,0.002987841039845571
pi+ n,3.55,3.65,3.6,1.975,1.985,1.98,0.010120619511309199,0.0030256412897640282
pi+ n,3.55,3.65,3.6,1.985,1.995,1.99,0.00924172999101541,0.0030634415396824854
pi+ n,3.55,3.65,3.6,1.995,2.005,2.0,0.008362840470721623,0.003101241789600944
pi+ n,3.65,3.75,3.7,1.115,1.125,1.12,0.0027767175680790276,0.00037853813451739726
pi+ n,3.65,3.75,3.7,1.125,1.135,1.13,0.005679091805851575,0.0009831106021600735
pi+ n,3.65,3.75,3.7,1.135,1.145,1.14,0.003555803723921774,0.00045186291084909627
pi+ n,3.65,3.75,3.7,1.145,1.155,1.15,0.0026629030022636236,0.00031328408344659625
pi+ n,3.65,3.75,3.7,1.155,1.165,1.16,0.0034223765032159736,0.0005529690043477963
pi+ n,3.65,3.75,3.7,1.165,1.175,1.17,0.004062123796097159,0.0005906236396605013
pi+ n,3.65,3.75,3.7,1.175,1.185,1.18,0.004827152314359466,0.0005401475523273984
pi+ n,3.65,3.75,3.7,1.185,1.195,1.19,0.006026015833622615,0.0005350019705385985
pi+ n,3.65,3.75,3.7,1.195,1.205,1.2,0.0064712758916238835,0.0005882114529431311
pi+ n,3.65,3.75,3.7,1.205,1.215,1.21,0.006881484625845528,0.0006441351243799118
pi+ n,3.65,3.75,3.7,1.215,1.225,1.22,0.0074005073943800275,0.0006750256610844117
pi+ n,3.65,3.75,3.7,1.225,1.235,1.23,0.00786951264346253,0.0007075236622746883
pi+ n,3.65,3.75,3.7,1.235,1.245,1.24,0.0078672876093631,0.0006784230340007294
pi+ n,3.65,3.75,3.7,1.245,1.255,1.25,0.008504619887869002,0.0006789848741048794
pi+ n,3.65,3.75,3.7,1.255,1.265,1.26,0.008479045574904453,0.0007778925421351794
pi+ n,3.65,3.75,3.7,1.265,1.275,1.27,0.008853940345820637,0.0008769560831077205
pi+ n,3.65,3.75,3.7,1.275,1.285,1.28,0.009029793660216803,0.0008002385020576735
pi+ n,3.65,3.75,3.7,1.285,1.295,1.29,0.009385827835335953,0.0006808950051565235
pi+ n,3.65,3.75,3.7,1.295,1.305,1.3,0.009769387245959427,0.0007106903119944485
pi+ n,3.65,3.75,3.7,1.305,1.315,1.31,0.010195528844538056,0.0007631820218161676
pi+ n,3.65,3.75,3.7,1.315,1.325,1.32,0.01063941302143133,0.0008251305662144677
pi+ n,3.65,3.75,3.7,1.325,1.335,1.33,0.011083297198324606,0.0008870791106127676
pi+ n,3.65,3.75,3.7,1.335,1.345,1.34,0.011244964299374377,0.0009029826783875123
pi+ n,3.65,3.75,3.7,1.345,1.355,1.35,0.01140663140042415,0.0009188862461622569
pi+ n,3.65,3.75,3.7,1.355,1.365,1.36,0.011568298501473924,0.0009347898139370015
pi+ n,3.65,3.75,3.7,1.365,1.375,1.37,0.011729965602523698,0.000950693381711746
pi+ n,3.65,3.75,3.7,1.375,1.385,1.38,0.011891632703573468,0.0009665969494864904
pi+ n,3.65,3.75,3.7,1.385,1.395,1.39,0.01205329980462324,0.000982500517261235
pi+ n,3.65,3.75,3.7,1.395,1.405,1.4,0.012214966905673013,0.0009984040850359796
pi+ n,3.65,3.75,3.7,1.405,1.415,1.41,0.012376634006722786,0.0010143076528107242
pi+ n,3.65,3.75,3.7,1.415,1.425,1.42,0.01253830110777256,0.0010302112205854688
pi+ n,3.65,3.75,3.7,1.425,1.435,1.43,0.012699968208822333,0.0010461147883602134
pi+ n,3.65,3.75,3.7,1.435,1.445,1.44,0.012861635309872107,0.001062018356134958
pi+ n,3.65,3.75,3.7,1.445,1.455,1.45,0.013314432287670916,0.0011884933584972277
pi+ n,3.65,3.75,3.7,1.455,1.465,1.46,0.014353520048083815,0.001406552247065817
pi+ n,3.65,3.75,3.7,1.465,1.475,1.47,0.015635133823566558,0.0012611742016459832
pi+ n,3.65,3.75,3.7,1.475,1.485,1.48,0.015968487465077664,0.0012956179066142335
pi+ n,3.65,3.75,3.7,1.485,1.495,1.49,0.01569635264585041,0.0013833208522984247
pi+ n,3.65,3.75,3.7,1.495,1.505,1.5,0.01680143861631632,0.0012364970995879378
pi+ n,3.65,3.75,3.7,1.505,1.515,1.51,0.018432042366431825,0.0011360638857620857
pi+ n,3.65,3.75,3.7,1.515,1.525,1.52,0.020248891536401723,0.0012608168414017526
pi+ n,3.65,3.75,3.7,1.525,1.535,1.53,0.022793793913526546,0.0014451144876397289
pi+ n,3.65,3.75,3.7,1.535,1.545,1.54,0.02613289221896027,0.001341705135044927
pi+ n,3.65,3.75,3.7,1.545,1.555,1.55,0.02614732179912652,0.0012341412697643268
pi+ n,3.65,3.75,3.7,1.555,1.565,1.56,0.023902459742608642,0.0011423823405016433
pi+ n,3.65,3.75,3.7,1.565,1.575,1.57,0.02283137613605522,0.0011989044581579658
pi+ n,3.65,3.75,3.7,1.575,1.585,1.58,0.021996397606265886,0.0013170682086512675
pi+ n,3.65,3.75,3.7,1.585,1.595,1.59,0.021259793401064986,0.0014329911556863165
pi+ n,3.65,3.75,3.7,1.595,1.605,1.6,0.02093786377345255,0.0014783485910703313
pi+ n,3.65,3.75,3.7,1.605,1.615,1.61,0.021868676015568626,0.0017375538191039797
pi+ n,3.65,3.75,3.7,1.615,1.625,1.62,0.02319486731332832,0.001971451512848778
pi+ n,3.65,3.75,3.7,1.625,1.635,1.63,0.023779418276417302,0.007379991701629826
pi+ n,3.65,3.75,3.7,1.635,1.645,1.64,0.02452862718826701,0.001608459701274704
pi+ n,3.65,3.75,3.7,1.645,1.655,1.65,0.025651862898385478,0.0016061352600289396
pi+ n,3.65,3.75,3.7,1.655,1.665,1.66,0.02638793321422938,0.0015035653440058148
pi+ n,3.65,3.75,3.7,1.665,1.675,1.67,0.026142421113701107,0.0013691685448320333
pi+ n,3.65,3.75,3.7,1.675,1.685,1.68,0.027697108020930835,0.0015914002017265246
pi+ n,3.65,3.75,3.7,1.685,1.695,1.69,0.028271145862754914,0.001633534034483024
pi+ n,3.65,3.75,3.7,1.695,1.705,1.7,0.027380927120693465,0.0015844050229050226
pi+ n,3.65,3.75,3.7,1.705,1.715,1.71,0.03284924502060511,0.002579689369101801
pi+ n,3.65,3.75,3.7,1.715,1.725,1.72,0.03254202392428039,0.0028548279674805656
pi+ n,3.65,3.75,3.7,1.725,1.735,1.73,0.02544857607362972,0.0021842755498206823
pi+ n,3.65,3.75,3.7,1.735,1.745,1.74,0.02496228719539322,0.002047001694302282
pi+ n,3.65,3.75,3.7,1.745,1.755,1.75,0.024373575223882255,0.001896707221728206
pi+ n,3.65,3.75,3.7,1.755,1.765,1.76,0.022555786133077543,0.0015901653444860045
pi+ n,3.65,3.75,3.7,1.765,1.775,1.77,0.020737997042272836,0.0012836234672438036
pi+ n,3.65,3.75,3.7,1.775,1.785,1.78,0.02066980676620531,0.0012599087559458603
pi+ n,3.65,3.75,3.7,1.785,1.795,1.79,0.02210127261705536,0.0014786173297429935
pi+ n,3.65,3.75,3.7,1.795,1.805,1.8,0.023532738467905413,0.0016973259035401272
pi+ n,3.65,3.75,3.7,1.805,1.815,1.81,0.02352547770268055,0.0020998216786890104
pi+ n,3.65,3.75,3.7,1.815,1.825,1.82,0.02351821693745568,0.002502317453837895
pi+ n,3.65,3.75,3.7,1.825,1.835,1.83,0.02310866597758362,0.0027364922173419657
pi+ n,3.65,3.75,3.7,1.835,1.845,1.84,0.02222977645728982,0.0027742924672604237
pi+ n,3.65,3.75,3.7,1.845,1.855,1.85,0.021350886936996036,0.0028120927171788814
pi+ n,3.65,3.75,3.7,1.855,1.865,1.86,0.020471997416702248,0.002849892967097339
pi+ n,3.65,3.75,3.7,1.865,1.875,1.87,0.01959310789640846,0.002887693217015797
pi+ n,3.65,3.75,3.7,1.875,1.885,1.88,0.018714218376114693,0.002925493466934253
pi+ n,3.65,3.75,3.7,1.885,1.895,1.89,0.017835328855820905,0.0029632937168527114
pi+ n,3.65,3.75,3.7,1.895,1.905,1.9,0.016956439335527117,0.003001093966771168
pi+ n,3.65,3.75,3.7,1.905,1.915,1.91,0.016077549815233325,0.0030388942166896258
pi+ n,3.65,3.75,3.7,1.915,1.925,1.92,0.01519866029493954,0.003076694466608084
pi+ n,3.65,3.75,3.7,1.925,1.935,1.93,0.01431977077464575,0.003114494716526541
pi+ n,3.65,3.75,3.7,1.935,1.945,1.94,0.013440881254351961,0.003152294966444998
pi+ n,3.65,3.75,3.7,1.945,1.955,1.95,0.012561991734058175,0.003190095216363456
pi+ n,3.65,3.75,3.7,1.955,1.965,1.96,0.011683102213764385,0.003227895466281914
pi+ n,3.65,3.75,3.7,1.965,1.975,1.97,0.010804212693470597,0.0032656957162003715
pi+ n,3.65,3.75,3.7,1.975,1.985,1.98,0.00992532317317681,0.003303495966118829
pi+ n,3.65,3.75,3.7,1.985,1.995,1.99,0.009046433652883022,0.0033412962160372863
pi+ n,3.65,3.75,3.7,1.995,2.005,2.0,0.008167544132589234,0.003379096465955744
pi+ n,3.75,3.85,3.8,1.115,1.125,1.12,0.0027141514936095757,0.0003724229296421677
pi+ n,3.75,3.85,3.8,1.125,1.135,1.13,0.006061267995909425,0.0011523916937886062
pi+ n,3.75,3.85,3.8,1.135,1.145,1.14,0.003378712932037967,0.00044265815524650377
pi+ n,3.75,3.85,3.8,1.145,1.155,1.15,0.002485812210379817,0.00030407932784400375
pi+ n,3.75,3.85,3.8,1.155,1.165,1.16,0.003245285711332167,0.0005437642487452038
pi+ n,3.75,3.85,3.8,1.165,1.175,1.17,0.0038306120005446413,0.0004895869360631388
pi+ n,3.75,3.85,3.8,1.175,1.185,1.18,0.004964861796254473,0.0004776900023847617
pi+ n,3.75,3.85,3.8,1.185,1.195,1.19,0.005497750163704799,0.0005241140122086741
pi+ n,3.75,3.85,3.8,1.195,1.205,1.2,0.005907958897926444,0.0005800376836454547
pi+ n,3.75,3.85,3.8,1.205,1.215,1.21,0.006318167632148089,0.0006359613550822353
pi+ n,3.75,3.85,3.8,1.215,1.225,1.22,0.006837190400682588,0.0006668518917867354
pi+ n,3.75,3.85,3.8,1.225,1.235,1.23,0.007283460413650547,0.0007000805586523648
pi+ n,3.75,3.85,3.8,1.235,1.245,1.24,0.00699052751018506,0.0006574969902065383
pi+ n,3.75,3.85,3.8,1.245,1.255,1.25,0.007627859788690961,0.0006580588303106883
pi+ n,3.75,3.85,3.8,1.255,1.265,1.26,0.007602285475726411,0.0007569664983409882
pi+ n,3.75,3.85,3.8,1.265,1.275,1.27,0.008159211648406566,0.0008561008906509118
pi+ n,3.75,3.85,3.8,1.275,1.285,1.28,0.008253164571565011,0.0007987587258968206
pi+ n,3.75,3.85,3.8,1.285,1.295,1.29,0.008609198746684161,0.0006794152289956706
pi+ n,3.75,3.85,3.8,1.295,1.305,1.3,0.008992758157307636,0.0007092105358335955
pi+ n,3.75,3.85,3.8,1.305,1.315,1.31,0.00938341459925697,0.000742788576502153
pi+ n,3.75,3.85,3.8,1.315,1.325,1.32,0.009827298776150245,0.000804737120900453
pi+ n,3.75,3.85,3.8,1.325,1.335,1.33,0.01027118295304352,0.0008666856652987529
pi+ n,3.75,3.85,3.8,1.335,1.345,1.34,0.010432850054093291,0.0008825892330734975
pi+ n,3.75,3.85,3.8,1.345,1.355,1.35,0.010594517155143066,0.0008984928008482422
pi+ n,3.75,3.85,3.8,1.355,1.365,1.36,0.010756184256192838,0.0009143963686229868
pi+ n,3.75,3.85,3.8,1.365,1.375,1.37,0.010917851357242613,0.0009302999363977314
pi+ n,3.75,3.85,3.8,1.375,1.385,1.38,0.011079518458292381,0.0009462035041724757
pi+ n,3.75,3.85,3.8,1.385,1.395,1.39,0.011241185559342157,0.0009621070719472203
pi+ n,3.75,3.85,3.8,1.395,1.405,1.4,0.01140285266039193,0.0009780106397219647
pi+ n,3.75,3.85,3.8,1.405,1.415,1.41,0.0115645197614417,0.0009939142074967093
pi+ n,3.75,3.85,3.8,1.415,1.425,1.42,0.011726186862491474,0.0010098177752714541
pi+ n,3.75,3.85,3.8,1.425,1.435,1.43,0.011887853963541247,0.0010257213430461987
pi+ n,3.75,3.85,3.8,1.435,1.445,1.44,0.01204952106459102,0.0010416249108209435
pi+ n,3.75,3.85,3.8,1.445,1.455,1.45,0.012211188165640794,0.001057528478595688
pi+ n,3.75,3.85,3.8,1.455,1.465,1.46,0.012372855266690568,0.0010734320463704327
pi+ n,3.75,3.85,3.8,1.465,1.475,1.47,0.012534522367740341,0.0010893356141451773
pi+ n,3.75,3.85,3.8,1.475,1.485,1.48,0.012696189468790114,0.0011052391819199219
pi+ n,3.75,3.85,3.8,1.485,1.495,1.49,0.012857856569839888,0.0011211427496946665
pi+ n,3.75,3.85,3.8,1.495,1.505,1.5,0.013080814171257886,0.0011603245142246831
pi+ n,3.75,3.85,3.8,1.505,1.515,1.51,0.014156558365569094,0.0013327192041456834
pi+ n,3.75,3.85,3.8,1.515,1.525,1.52,0.014954365950249966,0.001279086949740181
pi+ n,3.75,3.85,3.8,1.525,1.535,1.53,0.014772410263473095,0.0013588576680837012
pi+ n,3.75,3.85,3.8,1.535,1.545,1.54,0.01637544994067279,0.001180919941970865
pi+ n,3.75,3.85,3.8,1.545,1.555,1.55,0.018199072148276558,0.0013117391275002802
pi+ n,3.75,3.85,3.8,1.555,1.565,1.56,0.02148826368748323,0.0013331104070522684
pi+ n,3.75,3.85,3.8,1.565,1.575,1.57,0.021443820688454768,0.0012283950374380528
pi+ n,3.75,3.85,3.8,1.575,1.585,1.58,0.019721206835913194,0.0012057697978177775
pi+ n,3.75,3.85,3.8,1.585,1.595,1.59,0.01888784329537225,0.0013213046116411626
pi+ n,3.75,3.85,3.8,1.595,1.605,1.6,0.01828528029259436,0.001414921761272596
pi+ n,3.75,3.85,3.8,1.605,1.615,1.61,0.019536746817061235,0.0018145122867769248
pi+ n,3.75,3.85,3.8,1.615,1.625,1.62,0.0211353754391664,0.0021918815626617676
pi+ n,3.75,3.85,3.8,1.625,1.635,1.63,0.021655254483568715,0.010096003558599324
pi+ n,3.75,3.85,3.8,1.635,1.645,1.64,0.022058970488913685,0.001674261291996069
pi+ n,3.75,3.85,3.8,1.645,1.655,1.65,0.02300672547355866,0.001644093656824594
pi+ n,3.75,3.85,3.8,1.655,1.665,1.66,0.023614530355913765,0.001525905604775435
pi+ n,3.75,3.85,3.8,1.665,1.675,1.67,0.02279457899627299,0.0013614239045071392
pi+ n,3.75,3.85,3.8,1.675,1.685,1.68,0.024525237808256023,0.0016369877515908992
pi+ n,3.75,3.85,3.8,1.685,1.695,1.69,0.024829497979649024,0.0016505911272012164
pi+ n,3.75,3.85,3.8,1.695,1.705,1.7,0.02431757316314451,0.0015405951647162147
pi+ n,3.75,3.85,3.8,1.705,1.715,1.71,0.024771340411221258,0.0018039302013072279
pi+ n,3.75,3.85,3.8,1.715,1.725,1.72,0.03825074722693901,0.004147451624287405
pi+ n,3.75,3.85,3.8,1.725,1.735,1.73,0.029508534480285516,0.003484960037334799
pi+ n,3.75,3.85,3.8,1.735,1.745,1.74,0.03043602584232198,0.0032470383949265496
pi+ n,3.75,3.85,3.8,1.745,1.755,1.75,0.020635525763060294,0.0024267108121435537
pi+ n,3.75,3.85,3.8,1.755,1.765,1.76,0.02014923688482379,0.0022894369566251534
pi+ n,3.75,3.85,3.8,1.765,1.775,1.77,0.019662948006587293,0.002152163101106753
pi+ n,3.75,3.85,3.8,1.775,1.785,1.78,0.0186645436619784,0.0019497861603099676
pi+ n,3.75,3.85,3.8,1.785,1.795,1.79,0.016846754571173694,0.0016432442830677661
pi+ n,3.75,3.85,3.8,1.795,1.805,1.8,0.015028965480368986,0.0013367024058255652
pi+ n,3.75,3.85,3.8,1.805,1.815,1.81,0.01321117638956428,0.001030160528583364
pi+ n,3.75,3.85,3.8,1.815,1.825,1.82,0.013642871489136003,0.001087253578983789
pi+ n,3.75,3.85,3.8,1.825,1.835,1.83,0.015074337339986057,0.0013059621527809228
pi+ n,3.75,3.85,3.8,1.835,1.845,1.84,0.016505803190836103,0.001524670726578056
pi+ n,3.75,3.85,3.8,1.845,1.855,1.85,0.017937269041686157,0.0017433793003751893
pi+ n,3.75,3.85,3.8,1.855,1.865,1.86,0.017930008276461257,0.0021458750755240785
pi+ n,3.75,3.85,3.8,1.865,1.875,1.87,0.01792274751123639,0.002548370850672963
pi+ n,3.75,3.85,3.8,1.875,1.885,1.88,0.017915486746011525,0.0029508666258218387
pi+ n,3.75,3.85,3.8,1.885,1.895,1.89,0.017640032517688517,0.00324114839320751
pi+ n,3.75,3.85,3.8,1.895,1.905,1.9,0.01676114299739473,0.003278948643125967
pi+ n,3.75,3.85,3.8,1.905,1.915,1.91,0.01588225347710094,0.0033167488930444244
pi+ n,3.75,3.85,3.8,1.915,1.925,1.92,0.015003363956807153,0.003354549142962883
pi+ n,3.75,3.85,3.8,1.925,1.935,1.93,0.014124474436513363,0.00339234939288134
pi+ n,3.75,3.85,3.8,1.935,1.945,1.94,0.013245584916219574,0.0034301496427997973
pi+ n,3.75,3.85,3.8,1.945,1.955,1.95,0.012366695395925787,0.003467949892718255
pi+ n,3.75,3.85,3.8,1.955,1.965,1.96,0.011487805875632,0.0035057501426367125
pi+ n,3.75,3.85,3.8,1.965,1.975,1.97,0.01060891635533821,0.00354355039255517
pi+ n,3.75,3.85,3.8,1.975,1.985,1.98,0.009730026835044422,0.0035813506424736278
pi+ n,3.75,3.85,3.8,1.985,1.995,1.99,0.008851137314750634,0.003619150892392085
pi+ n,3.75,3.85,3.8,1.995,2.005,2.0,0.007972247794456846,0.003656951142310543
pi+ n,3.85,3.95,3.9,1.115,1.125,1.12,0.0030184977873751653,0.0005110096693825485
pi+ n,3.85,3.95,3.9,1.125,1.135,1.13,0.006443444185967278,0.0013216727854171394
pi+ n,3.85,3.95,3.9,1.135,1.145,1.14,0.0036630174002560273,0.0005807042236095895
pi+ n,3.85,3.95,3.9,1.145,1.155,1.15,0.0023087214184960092,0.00029487457224141114
pi+ n,3.85,3.95,3.9,1.155,1.165,1.16,0.0030232975914216732,0.00045879813604692585
pi+ n,3.85,3.95,3.9,1.165,1.175,1.17,0.0039037077588863307,0.0004203780342309246
pi+ n,3.85,3.95,3.9,1.175,1.185,1.18,0.0045242244357857125,0.00046001657147421696
pi+ n,3.85,3.95,3.9,1.185,1.195,1.19,0.004934433170007357,0.0005159402429109975
pi+ n,3.85,3.95,3.9,1.195,1.205,1.2,0.005344641904229003,0.0005718639143477782
pi+ n,3.85,3.95,3.9,1.205,1.215,1.21,0.005754850638450648,0.0006277875857845588
pi+ n,3.85,3.95,3.9,1.215,1.225,1.22,0.006255685218093512,0.0006592626550293412
pi+ n,3.85,3.95,3.9,1.225,1.235,1.23,0.006697408183838562,0.0006926374550300413
pi+ n,3.85,3.95,3.9,1.235,1.245,1.24,0.006346333706499861,0.0006473572985498412
pi+ n,3.85,3.95,3.9,1.245,1.255,1.25,0.0067510996895129155,0.0006371327865164971
pi+ n,3.85,3.95,3.9,1.255,1.265,1.26,0.006871150497959541,0.000736097135616703
pi+ n,3.85,3.95,3.9,1.265,1.275,1.27,0.007464482950992493,0.0008352456981941031
pi+ n,3.85,3.95,3.9,1.275,1.285,1.28,0.0075420557959033924,0.0007817786166992029
pi+ n,3.85,3.95,3.9,1.285,1.295,1.29,0.007832569658032366,0.0006779354528348176
pi+ n,3.85,3.95,3.9,1.295,1.305,1.3,0.00821612906865584,0.0007077307596727426
pi+ n,3.85,3.95,3.9,1.305,1.315,1.31,0.008599688479279315,0.0007375260665106676
pi+ n,3.85,3.95,3.9,1.315,1.325,1.32,0.009015184530869157,0.0007843436755864382
pi+ n,3.85,3.95,3.9,1.325,1.335,1.33,0.009459068707762431,0.0008462922199847383
pi+ n,3.85,3.95,3.9,1.335,1.345,1.34,0.009620735808812203,0.0008621957877594828
pi+ n,3.85,3.95,3.9,1.345,1.355,1.35,0.009782402909861978,0.0008780993555342275
pi+ n,3.85,3.95,3.9,1.355,1.365,1.36,0.00994407001091175,0.000894002923308972
pi+ n,3.85,3.95,3.9,1.365,1.375,1.37,0.010105737111961523,0.0009099064910837167
pi+ n,3.85,3.95,3.9,1.375,1.385,1.38,0.010267404213011293,0.000925810058858461
pi+ n,3.85,3.95,3.9,1.385,1.395,1.39,0.010429071314061067,0.0009417136266332057
pi+ n,3.85,3.95,3.9,1.395,1.405,1.4,0.01059073841511084,0.0009576171944079503
pi+ n,3.85,3.95,3.9,1.405,1.415,1.41,0.010752405516160614,0.0009735207621826949
pi+ n,3.85,3.95,3.9,1.415,1.425,1.42,0.010914072617210386,0.0009894243299574394
pi+ n,3.85,3.95,3.9,1.425,1.435,1.43,0.011075739718260159,0.001005327897732184
pi+ n,3.85,3.95,3.9,1.435,1.445,1.44,0.01123740681930993,0.0010212314655069286
pi+ n,3.85,3.95,3.9,1.445,1.455,1.45,0.011399073920359706,0.0010371350332816732
pi+ n,3.85,3.95,3.9,1.455,1.465,1.46,0.011560741021409478,0.0010530386010564178
pi+ n,3.85,3.95,3.9,1.465,1.475,1.47,0.011722408122459251,0.0010689421688311624
pi+ n,3.85,3.95,3.9,1.475,1.485,1.48,0.011884075223509026,0.0010848457366059074
pi+ n,3.85,3.95,3.9,1.485,1.495,1.49,0.0120457423245588,0.0011007493043806518
pi+ n,3.85,3.95,3.9,1.495,1.505,1.5,0.012207409425608573,0.0011166528721553964
pi+ n,3.85,3.95,3.9,1.505,1.515,1.51,0.012369076526658345,0.001132556439930141
pi+ n,3.85,3.95,3.9,1.515,1.525,1.52,0.012530743627708119,0.0011484600077048856
pi+ n,3.85,3.95,3.9,1.525,1.535,1.53,0.01269241072875789,0.0011643635754796302
pi+ n,3.85,3.95,3.9,1.535,1.545,1.54,0.012854077829807664,0.001180267143254375
pi+ n,3.85,3.95,3.9,1.545,1.555,1.55,0.013015744930857439,0.0011961707110291194
pi+ n,3.85,3.95,3.9,1.555,1.565,1.56,0.01394024443542226,0.0012625559928661281
pi+ n,3.85,3.95,3.9,1.565,1.575,1.57,0.014329012699672196,0.0012543302921801096
pi+ n,3.85,3.95,3.9,1.575,1.585,1.58,0.016326464465408964,0.0013238694215307084
pi+ n,3.85,3.95,3.9,1.585,1.595,1.59,0.016696019741769597,0.0012229587058180133
pi+ n,3.85,3.95,3.9,1.595,1.605,1.6,0.01581513096125506,0.0013198283108795728
pi+ n,3.85,3.95,3.9,1.605,1.615,1.61,0.017204817618553837,0.0018914707544498701
pi+ n,3.85,3.95,3.9,1.615,1.625,1.62,0.018941882170419207,0.007983714782951186
pi+ n,3.85,3.95,3.9,1.625,1.635,1.63,0.019531090690720128,0.012812015415568838
pi+ n,3.85,3.95,3.9,1.635,1.645,1.64,0.01994945764246122,0.001814152395910441
pi+ n,3.85,3.95,3.9,1.645,1.655,1.65,0.02036158804873183,0.001682052053620248
pi+ n,3.85,3.95,3.9,1.655,1.665,1.66,0.02051716009501732,0.0015182667952406631
pi+ n,3.85,3.95,3.9,1.665,1.675,1.67,0.01944673687884485,0.001353679264182245
pi+ n,3.85,3.95,3.9,1.675,1.685,1.68,0.0208360919590655,0.0016024857693505458
pi+ n,3.85,3.95,3.9,1.685,1.695,1.69,0.021387850096543124,0.0016676482199194094
pi+ n,3.85,3.95,3.9,1.695,1.705,1.7,0.020847015017755346,0.0015344837971514968
pi+ n,3.85,3.95,3.9,1.705,1.715,1.71,0.01953175382730884,0.001581563586944807
pi+ n,3.85,3.95,3.9,1.715,1.725,1.72,0.02074958789804985,0.0018027820192263284
pi+ n,3.85,3.95,3.9,1.725,1.735,1.73,0.0436522494332726,0.005715213879472962
pi+ n,3.85,3.95,3.9,1.735,1.745,1.74,0.04270313368111054,0.006270485264489149
pi+ n,3.85,3.95,3.9,1.745,1.755,1.75,0.030691206905641776,0.003955753336311787
pi+ n,3.85,3.95,3.9,1.755,1.765,1.76,0.023681680439316233,0.0033583805181862636
pi+ n,3.85,3.95,3.9,1.765,1.775,1.77,0.015822475452490846,0.0026691460744664264
pi+ n,3.85,3.95,3.9,1.775,1.785,1.78,0.015336186574254345,0.0025318722189480265
pi+ n,3.85,3.95,3.9,1.785,1.795,1.79,0.014849897696017845,0.0023945983634296266
pi+ n,3.85,3.95,3.9,1.795,1.805,1.8,0.014363608817781346,0.0022573245079112263
pi+ n,3.85,3.95,3.9,1.805,1.815,1.81,0.012955512100074546,0.0020028650988917333
pi+ n,3.85,3.95,3.9,1.815,1.825,1.82,0.011137723009269839,0.0016963232216495316
pi+ n,3.85,3.95,3.9,1.825,1.835,1.83,0.009319933918465133,0.0013897813444073309
pi+ n,3.85,3.95,3.9,1.835,1.845,1.84,0.007502144827660425,0.0010832394671651294
pi+ n,3.85,3.95,3.9,1.845,1.855,1.85,0.00568435573685572,0.0007766975899229287
pi+ n,3.85,3.95,3.9,1.855,1.865,1.86,0.006615936212066643,0.0009145984020217136
pi+ n,3.85,3.95,3.9,1.865,1.875,1.87,0.008047402062916695,0.001133306975818847
pi+ n,3.85,3.95,3.9,1.875,1.885,1.88,0.009478867913766712,0.0013520155496159756
pi+ n,3.85,3.95,3.9,1.885,1.895,1.89,0.010910333764616763,0.001570724123413109
pi+ n,3.85,3.95,3.9,1.895,1.905,1.9,0.012341799615466813,0.0017894326972102423
pi+ n,3.85,3.95,3.9,1.905,1.915,1.91,0.012334538850241945,0.0021919284723591267
pi+ n,3.85,3.95,3.9,1.915,1.925,1.92,0.012327278085017079,0.002594424247508011
pi+ n,3.85,3.95,3.9,1.925,1.935,1.93,0.012320017319792213,0.0029969200226568965
pi+ n,3.85,3.95,3.9,1.935,1.945,1.94,0.012312756554567345,0.003399415797805781
pi+ n,3.85,3.95,3.9,1.945,1.955,1.95,0.012171399057793398,0.0037458045690730553
pi+ n,3.85,3.95,3.9,1.955,1.965,1.96,0.01129250953749961,0.0037836048189915125
pi+ n,3.85,3.95,3.9,1.965,1.975,1.97,0.010413620017205822,0.0038214050689099706
pi+ n,3.85,3.95,3.9,1.975,1.985,1.98,0.009534730496912034,0.0038592053188284277
pi+ n,3.85,3.95,3.9,1.985,1.995,1.99,0.008655840976618244,0.003897005568746885
pi+ n,3.85,3.95,3.9,1.995,2.005,2.0,0.007776951456324456,0.0039348058186653425
pi+ n,3.95,4.05,4.0,1.115,1.125,1.12,0.0034006739774330172,0.000680290761011082
pi+ n,3.95,4.05,4.0,1.125,1.135,1.13,0.00682562037602513,0.0014909538770456732
pi+ n,3.95,4.05,4.0,1.135,1.145,1.14,0.004045193590313879,0.000749985315238123
pi+ n,3.95,4.05,4.0,1.145,1.155,1.15,0.002131630626612202,0.00028566981663881853
pi+ n,3.95,4.05,4.0,1.155,1.165,1.16,0.0028425537215181883,0.00036306606607708754
pi+ n,3.95,4.05,4.0,1.165,1.175,1.17,0.0035506987078666253,0.00039591913073975984
pi+ n,3.95,4.05,4.0,1.175,1.185,1.18,0.003960907442088271,0.00045184280217654046
pi+ n,3.95,4.05,4.0,1.185,1.195,1.19,0.004371116176309916,0.0005077664736133211
pi+ n,3.95,4.05,4.0,1.195,1.205,1.2,0.004781324910531561,0.0005636901450501016
pi+ n,3.95,4.05,4.0,1.205,1.215,1.21,0.0051915336447532065,0.0006196138164868823
pi+ n,3.95,4.05,4.0,1.215,1.225,1.22,0.005669632988281527,0.0006518195514070176
pi+ n,3.95,4.05,4.0,1.225,1.235,1.23,0.006111355954026575,0.0006851943514077177
pi+ n,3.95,4.05,4.0,1.235,1.245,1.24,0.005760281476687876,0.0006399141949275176
pi+ n,3.95,4.05,4.0,1.245,1.255,1.25,0.005874339590334872,0.0006162067427223059
pi+ n,3.95,4.05,4.0,1.255,1.265,1.26,0.006176421800545469,0.0007152419431598941
pi+ n,3.95,4.05,4.0,1.265,1.275,1.27,0.006769754253578419,0.0008143905057372941
pi+ n,3.95,4.05,4.0,1.275,1.285,1.28,0.006847327098489319,0.0007609234242423941
pi+ n,3.95,4.05,4.0,1.285,1.295,1.29,0.007055940569380572,0.0006764556766739647
pi+ n,3.95,4.05,4.0,1.295,1.305,1.3,0.007439499980004047,0.0007062509835118896
pi+ n,3.95,4.05,4.0,1.305,1.315,1.31,0.007823059390627522,0.0007360462903498147
pi+ n,3.95,4.05,4.0,1.315,1.325,1.32,0.008206618801250997,0.0007658415971877397
pi+ n,3.95,4.05,4.0,1.325,1.335,1.33,0.008646954462481342,0.0008258987746707236
pi+ n,3.95,4.05,4.0,1.335,1.345,1.34,0.008808621563531115,0.0008418023424454681
pi+ n,3.95,4.05,4.0,1.345,1.355,1.35,0.00897028866458089,0.0008577059102202128
pi+ n,3.95,4.05,4.0,1.355,1.365,1.36,0.009131955765630662,0.0008736094779949574
pi+ n,3.95,4.05,4.0,1.365,1.375,1.37,0.009293622866680435,0.000889513045769702
pi+ n,3.95,4.05,4.0,1.375,1.385,1.38,0.009455289967730204,0.0009054166135444463
pi+ n,3.95,4.05,4.0,1.385,1.395,1.39,0.009616957068779977,0.0009213201813191909
pi+ n,3.95,4.05,4.0,1.395,1.405,1.4,0.00977862416982975,0.0009372237490939355
pi+ n,3.95,4.05,4.0,1.405,1.415,1.41,0.009940291270879526,0.0009531273168686802
pi+ n,3.95,4.05,4.0,1.415,1.425,1.42,0.010101958371929298,0.0009690308846434248
pi+ n,3.95,4.05,4.0,1.425,1.435,1.43,0.010263625472979071,0.0009849344524181691
pi+ n,3.95,4.05,4.0,1.435,1.445,1.44,0.010425292574028844,0.001000838020192914
pi+ n,3.95,4.05,4.0,1.445,1.455,1.45,0.010586959675078618,0.0010167415879676585
pi+ n,3.95,4.05,4.0,1.455,1.465,1.46,0.01074862677612839,0.0010326451557424031
pi+ n,3.95,4.05,4.0,1.465,1.475,1.47,0.010910293877178163,0.0010485487235171477
pi+ n,3.95,4.05,4.0,1.475,1.485,1.48,0.011071960978227937,0.0010644522912918923
pi+ n,3.95,4.05,4.0,1.485,1.495,1.49,0.011233628079277708,0.0010803558590666371
pi+ n,3.95,4.05,4.0,1.495,1.505,1.5,0.011395295180327484,0.0010962594268413817
pi+ n,3.95,4.05,4.0,1.505,1.515,1.51,0.011556962281377255,0.0011121629946161263
pi+ n,3.95,4.05,4.0,1.515,1.525,1.52,0.011718629382427029,0.001128066562390871
pi+ n,3.95,4.05,4.0,1.525,1.535,1.53,0.011880296483476802,0.0011439701301656155
pi+ n,3.95,4.05,4.0,1.535,1.545,1.54,0.012041963584526574,0.00115987369794036
pi+ n,3.95,4.05,4.0,1.545,1.555,1.55,0.012203630685576351,0.001175777265715105
pi+ n,3.95,4.05,4.0,1.555,1.565,1.56,0.012365297786626123,0.0011916808334898493
pi+ n,3.95,4.05,4.0,1.565,1.575,1.57,0.012526964887675894,0.001207584401264594
pi+ n,3.95,4.05,4.0,1.575,1.585,1.58,0.01268863198872567,0.0012234879690393387
pi+ n,3.95,4.05,4.0,1.585,1.595,1.59,0.012850299089775443,0.0012393915368140833
pi+ n,3.95,4.05,4.0,1.595,1.605,1.6,0.013011966190825217,0.0012552951045888279
pi+ n,3.95,4.05,4.0,1.605,1.615,1.61,0.01487288842004644,0.0019684292221228156
pi+ n,3.95,4.05,4.0,1.615,1.625,1.62,0.016699661121822848,0.015801512792504243
pi+ n,3.95,4.05,4.0,1.625,1.635,1.63,0.017406926897871537,0.015528027272538348
pi+ n,3.95,4.05,4.0,1.635,1.645,1.64,0.017970906197063603,0.0019809851409859033
pi+ n,3.95,4.05,4.0,1.645,1.655,1.65,0.017716450623905006,0.0017200104504159028
pi+ n,3.95,4.05,4.0,1.655,1.665,1.66,0.017301983505909654,0.0014997265055952023
pi+ n,3.95,4.05,4.0,1.665,1.675,1.67,0.01609889476141672,0.0013459346238573512
pi+ n,3.95,4.05,4.0,1.675,1.685,1.68,0.01695884587841476,0.0015388603208902946
pi+ n,3.95,4.05,4.0,1.685,1.695,1.69,0.01794620221343722,0.001684705312637602
pi+ n,3.95,4.05,4.0,1.695,1.705,1.7,0.017228382622242498,0.0015420809716319012
pi+ n,3.95,4.05,4.0,1.705,1.715,1.71,0.01646839986975987,0.001537753728755999
pi+ n,3.95,4.05,4.0,1.715,1.725,1.72,0.017103519836700217,0.0018159684950281446
pi+ n,3.95,4.05,4.0,1.725,1.735,1.73,0.015230773267549737,0.0015856400993633595
pi+ n,3.95,4.05,4.0,1.735,1.745,1.74,0.04905375163960619,0.007282976134658518
pi+ n,3.95,4.05,4.0,1.745,1.755,1.75,0.05589773288193555,0.0090560104916435
pi+ n,3.95,4.05,4.0,1.755,1.765,1.76,0.027657717461647448,0.004585885406166099
pi+ n,3.95,4.05,4.0,1.765,1.775,1.77,0.027598607671489105,0.0043243889022984965
pi+ n,3.95,4.05,4.0,1.775,1.785,1.78,0.0114957140201579,0.0030488551923077
pi+ n,3.95,4.05,4.0,1.785,1.795,1.79,0.0110094251419214,0.0029115813367893003
pi+ n,3.95,4.05,4.0,1.795,1.805,1.8,0.0105231362636849,0.0027743074812709
pi+ n,3.95,4.05,4.0,1.805,1.815,1.81,0.0100368473854484,0.0026370336257525
pi+ n,3.95,4.05,4.0,1.815,1.825,1.82,0.0095505585072119,0.0024997597702341003
pi+ n,3.95,4.05,4.0,1.825,1.835,1.83,0.0090642696289754,0.0023624859147157
pi+ n,3.95,4.05,4.0,1.835,1.845,1.84,0.0072464805381706925,0.002055944037473499
pi+ n,3.95,4.05,4.0,1.845,1.855,1.85,0.005428691447365986,0.0017494021602312976
pi+ n,3.95,4.05,4.0,1.855,1.865,1.86,0.003610902356561279,0.0014428602829890964
pi+ n,3.95,4.05,4.0,1.865,1.875,1.87,0.0017931132657565722,0.0011363184057468954
pi+ n,3.95,4.05,4.0,1.875,1.885,1.88,-2.4675825048093474e-05,0.0008297765285047011
pi+ n,3.95,4.05,4.0,1.885,1.895,1.89,-0.0018424649158528,0.0005232346512625
pi+ n,3.95,4.05,4.0,1.895,1.905,1.9,-0.00041099906500275036,0.0007419432250596333
pi+ n,3.95,4.05,4.0,1.905,1.915,1.91,0.0010204667858472992,0.0009606517988567666
pi+ n,3.95,4.05,4.0,1.915,1.925,1.92,0.0024519326366973498,0.0011793603726539
pi+ n,3.95,4.05,4.0,1.925,1.935,1.93,0.0038833984875473997,0.0013980689464510334
pi+ n,3.95,4.05,4.0,1.935,1.945,1.94,0.005314864338397449,0.0016167775202481666
pi+ n,3.95,4.05,4.0,1.945,1.955,1.95,0.0067463301892475,0.0018354860940453
pi+ n,3.95,4.05,4.0,1.955,1.965,1.96,0.006739069424022633,0.002237981869194185
pi+ n,3.95,4.05,4.0,1.965,1.975,1.97,0.006731808658797766,0.00264047764434307
pi+ n,3.95,4.05,4.0,1.975,1.985,1.98,0.006724547893572899,0.003042973419491954
pi+ n,3.95,4.05,4.0,1.985,1.995,1.99,0.006717287128348033,0.003445469194640839
pi+ n,3.95,4.05,4.0,1.995,2.005,2.0,0.006710026363123166,0.0038479649697897235
pi+ n,4.05,4.15,4.1,1.115,1.125,1.12,0.0037828501674908675,0.0008495718526396145
pi+ n,4.05,4.15,4.1,1.125,1.135,1.13,0.00720779656608298,0.0016602349686742055
pi+ n,4.05,4.15,4.1,1.135,1.145,1.14,0.0044273697803717295,0.0009192664068666557
pi+ n,4.05,4.15,4.1,1.145,1.155,1.15,0.0019545398347283953,0.000276465061036226
pi+ n,4.05,4.15,4.1,1.155,1.165,1.16,0.0025771729799475415,0.0003318216900053027
pi+ n,4.05,4.15,4.1,1.165,1.175,1.17,0.002987381714169187,0.0003877453614420834
pi+ n,4.05,4.15,4.1,1.175,1.185,1.18,0.0033975904483908317,0.000443669032878864
pi+ n,4.05,4.15,4.1,1.185,1.195,1.19,0.0038077991826124774,0.0004995927043156446
pi+ n,4.05,4.15,4.1,1.195,1.205,1.2,0.004218007916834122,0.0005555163757524253
pi+ n,4.05,4.15,4.1,1.205,1.215,1.21,0.0046282166510557676,0.0006114400471892059
pi+ n,4.05,4.15,4.1,1.215,1.225,1.22,0.005083580758469544,0.0006443764477846942
pi+ n,4.05,4.15,4.1,1.225,1.235,1.23,0.005525303724214593,0.0006777512477853942
pi+ n,4.05,4.15,4.1,1.235,1.245,1.24,0.005174229246875894,0.0006324710913051942
pi+ n,4.05,4.15,4.1,1.245,1.255,1.25,0.004997579491156831,0.0005952806989281148
pi+ n,4.05,4.15,4.1,1.255,1.265,1.26,0.005481693103131398,0.0006943867507030854
pi+ n,4.05,4.15,4.1,1.265,1.275,1.27,0.0060750255561643485,0.0007935353132804854
pi+ n,4.05,4.15,4.1,1.275,1.285,1.28,0.006152598401075248,0.0007400682317855854
pi+ n,4.05,4.15,4.1,1.285,1.295,1.29,0.006279311480728781,0.0006749759005131117
pi+ n,4.05,4.15,4.1,1.295,1.305,1.3,0.0066628708913522555,0.0007047712073510367
pi+ n,4.05,4.15,4.1,1.305,1.315,1.31,0.007046430301975731,0.0007345665141889617
pi+ n,4.05,4.15,4.1,1.315,1.325,1.32,0.007429989712599206,0.0007643618210268866
pi+ n,4.05,4.15,4.1,1.325,1.335,1.33,0.007834840217200257,0.000805505329356709
pi+ n,4.05,4.15,4.1,1.335,1.345,1.34,0.00799650731825003,0.0008214088971314535
pi+ n,4.05,4.15,4.1,1.345,1.355,1.35,0.008158174419299804,0.0008373124649061982
pi+ n,4.05,4.15,4.1,1.355,1.365,1.36,0.008319841520349577,0.0008532160326809428
pi+ n,4.05,4.15,4.1,1.365,1.375,1.37,0.008481508621399349,0.0008691196004556874
pi+ n,4.05,4.15,4.1,1.375,1.385,1.38,0.008643175722449119,0.0008850231682304315
pi+ n,4.05,4.15,4.1,1.385,1.395,1.39,0.00880484282349889,0.0009009267360051762
pi+ n,4.05,4.15,4.1,1.395,1.405,1.4,0.008966509924548666,0.0009168303037799208
pi+ n,4.05,4.15,4.1,1.405,1.415,1.41,0.009128177025598438,0.0009327338715546654
pi+ n,4.05,4.15,4.1,1.415,1.425,1.42,0.009289844126648213,0.0009486374393294101
pi+ n,4.05,4.15,4.1,1.425,1.435,1.43,0.009451511227697986,0.0009645410071041547
pi+ n,4.05,4.15,4.1,1.435,1.445,1.44,0.009823954109210217,0.0011765876293911256
pi+ n,4.05,4.15,4.1,1.445,1.455,1.45,0.01006526329779125,0.001236054483433279
pi+ n,4.05,4.15,4.1,1.455,1.465,1.46,0.010046346185160735,0.0010219198652966894
pi+ n,4.05,4.15,4.1,1.465,1.475,1.47,0.010164166591406436,0.0009689920652119386
pi+ n,4.05,4.15,4.1,1.475,1.485,1.48,0.010379421676083144,0.0009964216152596366
pi+ n,4.05,4.15,4.1,1.485,1.495,1.49,0.011299467060288542,0.0009729913052545442
pi+ n,4.05,4.15,4.1,1.495,1.505,1.5,0.012459698819555505,0.0009444711606053113
pi+ n,4.05,4.15,4.1,1.505,1.515,1.51,0.013607534776722045,0.0009784687504925719
pi+ n,4.05,4.15,4.1,1.515,1.525,1.52,0.015131882899078398,0.0011693664038949219
pi+ n,4.05,4.15,4.1,1.525,1.535,1.53,0.01705713438202276,0.001162918466373201
pi+ n,4.05,4.15,4.1,1.535,1.545,1.54,0.01731426492078621,0.001111920889275196
pi+ n,4.05,4.15,4.1,1.545,1.555,1.55,0.016618665194648597,0.0010476948279659897
pi+ n,4.05,4.15,4.1,1.555,1.565,1.56,0.015784265581855448,0.001013323683949403
pi+ n,4.05,4.15,4.1,1.565,1.575,1.57,0.015364321297965347,0.001102522974061153
pi+ n,4.05,4.15,4.1,1.575,1.585,1.58,0.014619260001327614,0.0011537887024005125
pi+ n,4.05,4.15,4.1,1.585,1.595,1.59,0.014360977133762842,0.001221411250734875
pi+ n,4.05,4.15,4.1,1.595,1.605,1.6,0.01420599618506455,0.0012258227285917842
pi+ n,4.05,4.15,4.1,1.605,1.615,1.61,0.014614088445605978,0.0014188497831119332
pi+ n,4.05,4.15,4.1,1.615,1.625,1.62,0.015499456100183292,0.011515187904225593
pi+ n,4.05,4.15,4.1,1.625,1.635,1.63,0.016086699682664955,0.006463609961861233
pi+ n,4.05,4.15,4.1,1.635,1.645,1.64,0.016716180433052102,0.0013593904173688674
pi+ n,4.05,4.15,4.1,1.645,1.655,1.65,0.01750052660380269,0.001372866569020215
pi+ n,4.05,4.15,4.1,1.655,1.665,1.66,0.01794102775158251,0.001267569745539752
pi+ n,4.05,4.15,4.1,1.665,1.675,1.67,0.01766270633621283,0.0011371233954667577
pi+ n,4.05,4.15,4.1,1.675,1.685,1.68,0.018977429598357343,0.001334553446917311
pi+ n,4.05,4.15,4.1,1.685,1.695,1.69,0.019254966329837826,0.0013625211435809147
pi+ n,4.05,4.15,4.1,1.695,1.705,1.7,0.018564872274540487,0.0013527884304615021
pi+ n,4.05,4.15,4.1,1.705,1.715,1.71,0.04021831676397315,0.005002745216094486
pi+ n,4.05,4.15,4.1,1.715,1.725,1.72,0.022874618376607404,0.0023524024897037654
pi+ n,4.05,4.15,4.1,1.725,1.735,1.73,0.016532102708460266,0.0017882811887582084
pi+ n,4.05,4.15,4.1,1.735,1.745,1.74,0.016045813830223764,0.0016510073332398085
pi+ n,4.05,4.15,4.1,1.745,1.755,1.75,0.014560899792561161,0.0013867824614285642
pi+ n,4.05,4.15,4.1,1.755,1.765,1.76,0.012743110701756457,0.0010802405841863632
pi+ n,4.05,4.15,4.1,1.765,1.775,1.77,0.012549949081778968,0.0010363239324638043
pi+ n,4.05,4.15,4.1,1.775,1.785,1.78,0.013981414932629018,0.0012550325062609378
pi+ n,4.05,4.15,4.1,1.785,1.795,1.79,0.015053199129460433,0.001519687880395997
pi+ n,4.05,4.15,4.1,1.795,1.805,1.8,0.015045938364235567,0.001922183655544881
pi+ n,4.05,4.15,4.1,1.805,1.815,1.81,0.0150386775990107,0.002324679430693766
pi+ n + pi0 p,0.35,0.45,0.4,1.115,1.125,1.12,0.04237572125705533,0.002641379076470415
pi+ n + pi0 p,0.35,0.45,0.4,1.125,1.135,1.13,0.05668356719856121,0.0030069044158863908
pi+ n + pi0 p,0.35,0.45,0.4,1.135,1.145,1.14,0.07317006657836564,0.003926371004480026
pi+ n + pi0 p,0.35,0.45,0.4,1.145,1.155,1.15,0.0997957961186885,0.005133970558884043
pi+ n + pi0 p,0.35,0.45,0.4,1.155,1.165,1.16,0.12827115754748544,0.0061704024125144325
pi+ n + pi0 p,0.35,0.45,0.4,1.165,1.175,1.17,0.16903813219092595,0.007394582188615561
pi+ n + pi0 p,0.35,0.45,0.4,1.175,1.185,1.18,0.2177440131785208,0.00902789536558303
pi+ n + pi0 p,0.35,0.45,0.4,1.185,1.195,1.19,0.26151066953106394,0.010633624832652962
pi+ n + pi0 p,0.35,0.45,0.4,1.195,1.205,1.2,0.3057953148465937,0.011247732565420396
pi+ n + pi0 p,0.35,0.45,0.4,1.205,1.215,1.21,0.3500799601621235,0.011901448586762281
pi+ n + pi0 p,0.35,0.45,0.4,1.215,1.225,1.22,0.36997201310073835,0.012539791039957263
pi+ n + pi0 p,0.35,0.45,0.4,1.225,1.235,1.23,0.3461592707453185,0.012200413999956895
pi+ n + pi0 p,0.35,0.45,0.4,1.235,1.245,1.24,0.32234652838989863,0.011863754444378026
pi+ n + pi0 p,0.35,0.45,0.4,1.245,1.255,1.25,0.29853378603447883,0.011530050414645112
pi+ n + pi0 p,0.35,0.45,0.4,1.255,1.265,1.26,0.27255975836762947,0.011123885363298896
pi+ n + pi0 p,0.35,0.45,0.4,1.265,1.275,1.27,0.247650062101715,0.010659438456290993
pi+ n + pi0 p,0.35,0.45,0.4,1.275,1.285,1.28,0.2240644900035246,0.010610458296600372
pi+ n + pi0 p,0.35,0.45,0.4,1.285,1.295,1.29,0.20512501566435104,0.010688093441622998
pi+ n + pi0 p,0.35,0.45,0.4,1.295,1.305,1.3,0.1861855413251775,0.010787742872873754
pi+ n + pi0 p,0.35,0.45,0.4,1.305,1.315,1.31,0.16920003843452325,0.010880277659766884
pi+ n + pi0 p,0.35,0.45,0.4,1.315,1.325,1.32,0.1552059094818583,0.009886557391821402
pi+ n + pi0 p,0.35,0.45,0.4,1.325,1.335,1.33,0.14443224274877076,0.009004732999165207
pi+ n + pi0 p,0.35,0.45,0.4,1.335,1.345,1.34,0.13454960382089434,0.008779898293882983
pi+ n + pi0 p,0.35,0.45,0.4,1.345,1.355,1.35,0.12923928281311894,0.008721443160082432
pi+ n + pi0 p,0.35,0.45,0.4,1.355,1.365,1.36,0.1237262308048538,0.008291843277524441
pi+ n + pi0 p,0.35,0.45,0.4,1.365,1.375,1.37,0.11753422377682417,0.007914144991281355
pi+ n + pi0 p,0.35,0.45,0.4,1.375,1.385,1.38,0.11190401867271438,0.0077868325417787395
pi+ n + pi0 p,0.35,0.45,0.4,1.385,1.395,1.39,0.10772476269589375,0.00759299844379202
pi+ n + pi0 p,0.35,0.45,0.4,1.395,1.405,1.4,0.10654088369089171,0.008021237659224252
pi+ n + pi0 p,0.35,0.45,0.4,1.405,1.415,1.41,0.1049563924261534,0.008339674389138022
pi+ n + pi0 p,0.35,0.45,0.4,1.415,1.425,1.42,0.10333395272574056,0.008248905901879076
pi+ n + pi0 p,0.35,0.45,0.4,1.425,1.435,1.43,0.10372942447624145,0.008192795926244447
pi+ n + pi0 p,0.35,0.45,0.4,1.435,1.445,1.44,0.10592163320322864,0.007360000607985943
pi+ n + pi0 p,0.35,0.45,0.4,1.445,1.455,1.45,0.1129349297748265,0.0069046527656413635
pi+ n + pi0 p,0.35,0.45,0.4,1.455,1.465,1.46,0.12395050895466334,0.007306005256114942
pi+ n + pi0 p,0.35,0.45,0.4,1.465,1.475,1.47,0.1356134712035503,0.007799012590652554
pi+ n + pi0 p,0.35,0.45,0.4,1.475,1.485,1.48,0.14761458544251005,0.008691005404701482
pi+ n + pi0 p,0.35,0.45,0.4,1.485,1.495,1.49,0.15858003638369034,0.009556035817268056
pi+ n + pi0 p,0.35,0.45,0.4,1.495,1.505,1.5,0.15895089856791766,0.00979404609251842
pi+ n + pi0 p,0.35,0.45,0.4,1.505,1.515,1.51,0.15326898084146642,0.009717726228243878
pi+ n + pi0 p,0.35,0.45,0.4,1.515,1.525,1.52,0.14458056510031664,0.009803176840408533
pi+ n + pi0 p,0.35,0.45,0.4,1.525,1.535,1.53,0.13256772379688134,0.009541465419427455
pi+ n + pi0 p,0.35,0.45,0.4,1.535,1.545,1.54,0.10388712843528079,0.009632900758845575
pi+ n + pi0 p,0.35,0.45,0.4,1.545,1.555,1.55,0.0780895227786314,0.01009183793513597
pi+ n + pi0 p,0.35,0.45,0.4,1.555,1.565,1.56,0.07770990521237994,0.009692556304318142
pi+ n + pi0 p,0.35,0.45,0.4,1.565,1.575,1.57,0.07621146942198308,0.00925330569626538
pi+ n + pi0 p,0.35,0.45,0.4,1.575,1.585,1.58,0.07471303363158624,0.00881540333849749
pi+ n + pi0 p,0.35,0.45,0.4,1.585,1.595,1.59,0.07742324521857824,0.008594866762722121
pi+ n + pi0 p,0.45,0.55,0.5,1.115,1.125,1.12,0.03992192239117341,0.0024705283104408332
pi+ n + pi0 p,0.45,0.55,0.5,1.125,1.135,1.13,0.05108394374402485,0.002563617509200532
pi+ n + pi0 p,0.45,0.55,0.5,1.135,1.145,1.14,0.06832574335475619,0.003404495569576501
pi+ n + pi0 p,0.45,0.55,0.5,1.145,1.155,1.15,0.09145493395142155,0.004357593924692863
pi+ n + pi0 p,0.45,0.55,0.5,1.155,1.165,1.16,0.11608530943996989,0.0048928396860300335
pi+ n + pi0 p,0.45,0.55,0.5,1.165,1.175,1.17,0.15059630628179493,0.005731102760695481
pi+ n + pi0 p,0.45,0.55,0.5,1.175,1.185,1.18,0.1926496045225055,0.007247508675102327
pi+ n + pi0 p,0.45,0.55,0.5,1.185,1.195,1.19,0.23490762895312922,0.008764019343630214
pi+ n + pi0 p,0.45,0.55,0.5,1.195,1.205,1.2,0.2682754267065711,0.009246618942516582
pi+ n + pi0 p,0.45,0.55,0.5,1.205,1.215,1.21,0.30344147302630875,0.010184623656318897
pi+ n + pi0 p,0.45,0.55,0.5,1.215,1.225,1.22,0.3387359656722103,0.01125004987820844
pi+ n + pi0 p,0.45,0.55,0.5,1.225,1.235,1.23,0.3283542435257698,0.010958215692089079
pi+ n + pi0 p,0.45,0.55,0.5,1.235,1.245,1.24,0.3051785450752126,0.010548901564416428
pi+ n + pi0 p,0.45,0.55,0.5,1.245,1.255,1.25,0.28200284662465536,0.010140704419282762
pi+ n + pi0 p,0.45,0.55,0.5,1.255,1.265,1.26,0.26330584458812584,0.01132079652831959
pi+ n + pi0 p,0.45,0.55,0.5,1.265,1.275,1.27,0.2457713936586634,0.012304024325397542
pi+ n + pi0 p,0.45,0.55,0.5,1.275,1.285,1.28,0.21651027288645922,0.009740228609069401
pi+ n + pi0 p,0.45,0.55,0.5,1.285,1.295,1.29,0.18896890222651153,0.007603708125494368
pi+ n + pi0 p,0.45,0.55,0.5,1.295,1.305,1.3,0.17310275089109084,0.009377873827151648
pi+ n + pi0 p,0.45,0.55,0.5,1.305,1.315,1.31,0.1599261277339844,0.011352029443434233
pi+ n + pi0 p,0.45,0.55,0.5,1.315,1.325,1.32,0.14661369087082105,0.010280805488645194
pi+ n + pi0 p,0.45,0.55,0.5,1.325,1.335,1.33,0.13274974056725475,0.009200190237160996
pi+ n + pi0 p,0.45,0.55,0.5,1.335,1.345,1.34,0.12412028836027374,0.008726394142785232
pi+ n + pi0 p,0.45,0.55,0.5,1.345,1.355,1.35,0.11557107254428868,0.008247883225575936
pi+ n + pi0 p,0.45,0.55,0.5,1.355,1.365,1.36,0.11126902458821486,0.0069744684928397865
pi+ n + pi0 p,0.45,0.55,0.5,1.365,1.375,1.37,0.10808393815659166,0.005848235680215526
pi+ n + pi0 p,0.45,0.55,0.5,1.375,1.385,1.38,0.10495046512478719,0.006873839446093873
pi+ n + pi0 p,0.45,0.55,0.5,1.385,1.395,1.39,0.10263864990093559,0.008079284341286585
pi+ n + pi0 p,0.45,0.55,0.5,1.395,1.405,1.4,0.10111856139152325,0.007611655338208062
pi+ n + pi0 p,0.45,0.55,0.5,1.405,1.415,1.41,0.10037878637500011,0.007112705179921927
pi+ n + pi0 p,0.45,0.55,0.5,1.415,1.425,1.42,0.09885685030608325,0.007727186681744503
pi+ n + pi0 p,0.45,0.55,0.5,1.425,1.435,1.43,0.0961840445299781,0.00827283603338675
pi+ n + pi0 p,0.45,0.55,0.5,1.435,1.445,1.44,0.09961673780349038,0.007402551272674045
pi+ n + pi0 p,0.45,0.55,0.5,1.445,1.455,1.45,0.10316043051077073,0.006612548244332874
pi+ n + pi0 p,0.45,0.55,0.5,1.455,1.465,1.46,0.11221287118239698,0.006815423392789867
pi+ n + pi0 p,0.45,0.55,0.5,1.465,1.475,1.47,0.12366718178944755,0.00721660323218256
pi+ n + pi0 p,0.45,0.55,0.5,1.475,1.485,1.48,0.1317578689283201,0.009626216397493554
pi+ n + pi0 p,0.45,0.55,0.5,1.485,1.495,1.49,0.14232861130715357,0.012227670177907027
pi+ n + pi0 p,0.45,0.55,0.5,1.495,1.505,1.5,0.1325574409226981,0.017380298671966415
pi+ n + pi0 p,0.45,0.55,0.5,1.505,1.515,1.51,0.11709682227542094,0.022615065051187776
pi+ n + pi0 p,0.45,0.55,0.5,1.515,1.525,1.52,0.10856057368910138,0.020719711973566125
pi+ n + pi0 p,0.45,0.55,0.5,1.525,1.535,1.53,0.1010101042788875,0.018780044495085843
pi+ n + pi0 p,0.45,0.55,0.5,1.535,1.545,1.54,0.09049491250543316,0.016765781268185422
pi+ n + pi0 p,0.45,0.55,0.5,1.545,1.555,1.55,0.0788409239541481,0.014812701805724953
pi+ n + pi0 p,0.45,0.55,0.5,1.555,1.565,1.56,0.08000519530322125,0.013046607807253833
pi+ n + pi0 p,0.45,0.55,0.5,1.565,1.575,1.57,0.07280926705000589,0.011272971187019951
pi+ n + pi0 p,0.45,0.55,0.5,1.575,1.585,1.58,0.06538794315389614,0.009511133064783536
pi+ n + pi0 p,0.45,0.55,0.5,1.585,1.595,1.59,0.06444607626750368,0.008827822285201804
pi+ n + pi0 p,0.45,0.55,0.5,1.595,1.605,1.6,0.06667298466882927,0.008533640326220521
pi+ n + pi0 p,0.45,0.55,0.5,1.605,1.615,1.61,0.06852791143251011,0.008339560199488989
pi+ n + pi0 p,0.45,0.55,0.5,1.615,1.625,1.62,0.07011029393821468,0.008245622941588548
pi+ n + pi0 p,0.55,0.65,0.6,1.115,1.125,1.12,0.03337588425973832,0.0020309054978087725
pi+ n + pi0 p,0.55,0.65,0.6,1.125,1.135,1.13,0.04489709606761203,0.002389046875905495
pi+ n + pi0 p,0.55,0.65,0.6,1.135,1.145,1.14,0.06078249313004058,0.003649696779873584
pi+ n + pi0 p,0.55,0.65,0.6,1.145,1.155,1.15,0.08115204710566615,0.004782993055297064
pi+ n + pi0 p,0.55,0.65,0.6,1.155,1.165,1.16,0.10434079892735867,0.006018270813359593
pi+ n + pi0 p,0.55,0.65,0.6,1.165,1.175,1.17,0.13393044172862895,0.007247933177516052
pi+ n + pi0 p,0.55,0.65,0.6,1.175,1.185,1.18,0.1799241550573128,0.007332713798126092
pi+ n + pi0 p,0.55,0.65,0.6,1.185,1.195,1.19,0.2115233590842606,0.007264009707627644
pi+ n + pi0 p,0.55,0.65,0.6,1.195,1.205,1.2,0.25147256740940427,0.008758754905953361
pi+ n + pi0 p,0.55,0.65,0.6,1.205,1.215,1.21,0.2925266316946642,0.010327382850673111
pi+ n + pi0 p,0.55,0.65,0.6,1.215,1.225,1.22,0.32213696625757626,0.011114489267868191
pi+ n + pi0 p,0.55,0.65,0.6,1.225,1.235,1.23,0.31472124014282393,0.010978264518632153
pi+ n + pi0 p,0.55,0.65,0.6,1.235,1.245,1.24,0.2904603953558112,0.010482071348975218
pi+ n + pi0 p,0.55,0.65,0.6,1.245,1.255,1.25,0.2647059426368157,0.009972189991548164
pi+ n + pi0 p,0.55,0.65,0.6,1.255,1.265,1.26,0.2389177755506777,0.010969646733857306
pi+ n + pi0 p,0.55,0.65,0.6,1.265,1.275,1.27,0.21695876273969456,0.011691563687173986
pi+ n + pi0 p,0.55,0.65,0.6,1.275,1.285,1.28,0.20187956036285454,0.012242007402316728
pi+ n + pi0 p,0.55,0.65,0.6,1.285,1.295,1.29,0.18772367792848205,0.013048036918273723
pi+ n + pi0 p,0.55,0.65,0.6,1.295,1.305,1.3,0.166736413452319,0.01104089793936618
pi+ n + pi0 p,0.55,0.65,0.6,1.305,1.315,1.31,0.14420007764776688,0.008663476918146848
pi+ n + pi0 p,0.55,0.65,0.6,1.315,1.325,1.32,0.136645239569098,0.00859043626065804
pi+ n + pi0 p,0.55,0.65,0.6,1.325,1.335,1.33,0.12500060290464032,0.00804704321088459
pi+ n + pi0 p,0.55,0.65,0.6,1.335,1.345,1.34,0.12142231321181049,0.00765425100267253
pi+ n + pi0 p,0.55,0.65,0.6,1.345,1.355,1.35,0.11705854369306327,0.007122286742685834
pi+ n + pi0 p,0.55,0.65,0.6,1.355,1.365,1.36,0.11111169102144336,0.007935802589587326
pi+ n + pi0 p,0.55,0.65,0.6,1.365,1.375,1.37,0.10611909865339478,0.008714039118014614
pi+ n + pi0 p,0.55,0.65,0.6,1.375,1.385,1.38,0.10377443412535031,0.009148043576009905
pi+ n + pi0 p,0.55,0.65,0.6,1.385,1.395,1.39,0.09322199303603312,0.009176863969623566
pi+ n + pi0 p,0.55,0.65,0.6,1.395,1.405,1.4,0.09042752225039923,0.009663742115713754
pi+ n + pi0 p,0.55,0.65,0.6,1.405,1.415,1.41,0.0743037709994358,0.009659097388837521
pi+ n + pi0 p,0.55,0.65,0.6,1.415,1.425,1.42,0.08295117224839754,0.01085728057932363
pi+ n + pi0 p,0.55,0.65,0.6,1.425,1.435,1.43,0.07892249157109697,0.011686620281937283
pi+ n + pi0 p,0.55,0.65,0.6,1.435,1.445,1.44,0.08155792364987202,0.012636822833576169
pi+ n + pi0 p,0.55,0.65,0.6,1.445,1.455,1.45,0.08691820718034687,0.013629696276636983
pi+ n + pi0 p,0.55,0.65,0.6,1.455,1.465,1.46,0.08876867655836644,0.014558189384470597
pi+ n + pi0 p,0.55,0.65,0.6,1.465,1.475,1.47,0.09111515961948524,0.015546502390562435
pi+ n + pi0 p,0.55,0.65,0.6,1.475,1.485,1.48,0.09514843975834841,0.016539677841773022
pi+ n + pi0 p,0.55,0.65,0.6,1.485,1.495,1.49,0.08003509622062188,0.01717945190682058
pi+ n + pi0 p,0.55,0.65,0.6,1.495,1.505,1.5,0.10186613325300381,0.01847091192011397
pi+ n + pi0 p,0.55,0.65,0.6,1.505,1.515,1.51,0.08352104454827085,0.019063306567649457
pi+ n + pi0 p,0.55,0.65,0.6,1.515,1.525,1.52,0.10249915105212226,0.020258521927614577
pi+ n + pi0 p,0.55,0.65,0.6,1.525,1.535,1.53,0.09900099742879735,0.020645886283301555
pi+ n + pi0 p,0.55,0.65,0.6,1.535,1.545,1.54,0.09640862161560242,0.02073288638502031
pi+ n + pi0 p,0.55,0.65,0.6,1.545,1.555,1.55,0.08787098898661898,0.02040976940066782
pi+ n + pi0 p,0.55,0.65,0.6,1.555,1.565,1.56,0.08224277273390677,0.018491261411055896
pi+ n + pi0 p,0.55,0.65,0.6,1.565,1.575,1.57,0.07236419368376734,0.016446805994399315
pi+ n + pi0 p,0.55,0.65,0.6,1.575,1.585,1.58,0.07705041693035364,0.014676701423642153
pi+ n + pi0 p,0.55,0.65,0.6,1.585,1.595,1.59,0.06462467667768082,0.012440896829927973
pi+ n + pi0 p,0.55,0.65,0.6,1.595,1.605,1.6,0.06981982228869603,0.010935959467687049
pi+ n + pi0 p,0.55,0.65,0.6,1.605,1.615,1.61,0.06115779344103907,0.00867314414557477
pi+ n + pi0 p,0.55,0.65,0.6,1.615,1.625,1.62,0.06282559869958652,0.00787644516155547
pi+ n + pi0 p,0.55,0.65,0.6,1.625,1.635,1.63,0.06772688177341953,0.007455657819207763
pi+ n + pi0 p,0.55,0.65,0.6,1.635,1.645,1.64,0.07332273841888279,0.007324302735758817
pi+ n + pi0 p,0.55,0.65,0.6,1.645,1.655,1.65,0.0771027488310115,0.007017477847263655
pi+ n + pi0 p,0.65,0.75,0.7,1.115,1.125,1.12,0.02745530736924679,0.002271287890356818
pi+ n + pi0 p,0.65,0.75,0.7,1.125,1.135,1.13,0.03955716363291961,0.002157372370929103
pi+ n + pi0 p,0.65,0.75,0.7,1.135,1.145,1.14,0.05430395262320203,0.00377992298875197
pi+ n + pi0 p,0.65,0.75,0.7,1.145,1.155,1.15,0.07524656111329445,0.004996680337227567
pi+ n + pi0 p,0.65,0.75,0.7,1.155,1.165,1.16,0.09721522297925625,0.006895244641644498
pi+ n + pi0 p,0.65,0.75,0.7,1.165,1.175,1.17,0.12370139741947962,0.006743581150812191
pi+ n + pi0 p,0.65,0.75,0.7,1.175,1.185,1.18,0.1607425241311644,0.007509072795480633
pi+ n + pi0 p,0.65,0.75,0.7,1.185,1.195,1.19,0.20745529246319577,0.007801237883470879
pi+ n + pi0 p,0.65,0.75,0.7,1.195,1.205,1.2,0.2509735297933706,0.009077686405151584
pi+ n + pi0 p,0.65,0.75,0.7,1.205,1.215,1.21,0.27886193004308835,0.00995220923968456
pi+ n + pi0 p,0.65,0.75,0.7,1.215,1.225,1.22,0.2958215640568584,0.01224379943463249
pi+ n + pi0 p,0.65,0.75,0.7,1.225,1.235,1.23,0.28855833474983367,0.009994714659932694
pi+ n + pi0 p,0.65,0.75,0.7,1.235,1.245,1.24,0.26954976193209673,0.00961896797777581
pi+ n + pi0 p,0.65,0.75,0.7,1.245,1.255,1.25,0.2450335295846852,0.009245073782373783
pi+ n + pi0 p,0.65,0.75,0.7,1.255,1.265,1.26,0.22372905466319612,0.010054298105089189
pi+ n + pi0 p,0.65,0.75,0.7,1.265,1.275,1.27,0.20407834170838174,0.011252975259357686
pi+ n + pi0 p,0.65,0.75,0.7,1.275,1.285,1.28,0.18947269260475263,0.012039632705149175
pi+ n + pi0 p,0.65,0.75,0.7,1.285,1.295,1.29,0.1726830843013896,0.012008879499273737
pi+ n + pi0 p,0.65,0.75,0.7,1.295,1.305,1.3,0.15860096356733996,0.01078727918914152
pi+ n + pi0 p,0.65,0.75,0.7,1.305,1.315,1.31,0.13851818386707007,0.008076872288354768
pi+ n + pi0 p,0.65,0.75,0.7,1.315,1.325,1.32,0.13549782656259438,0.008942131692507025
pi+ n + pi0 p,0.65,0.75,0.7,1.325,1.335,1.33,0.12454861010836443,0.007605327486285397
pi+ n + pi0 p,0.65,0.75,0.7,1.335,1.345,1.34,0.12454589437735909,0.00831148099043947
pi+ n + pi0 p,0.65,0.75,0.7,1.345,1.355,1.35,0.1203399423756543,0.007816634816174723
pi+ n + pi0 p,0.65,0.75,0.7,1.355,1.365,1.36,0.11890663598557447,0.008673173443955835
pi+ n + pi0 p,0.65,0.75,0.7,1.365,1.375,1.37,0.10349524669489403,0.008166521113833746
pi+ n + pi0 p,0.65,0.75,0.7,1.375,1.385,1.38,0.11087142038024089,0.009506382105330124
pi+ n + pi0 p,0.65,0.75,0.7,1.385,1.395,1.39,0.09049232229556536,0.008470035640285496
pi+ n + pi0 p,0.65,0.75,0.7,1.395,1.405,1.4,0.09865371068332862,0.009643366389031894
pi+ n + pi0 p,0.65,0.75,0.7,1.405,1.415,1.41,0.07357461135606383,0.008931477918556878
pi+ n + pi0 p,0.65,0.75,0.7,1.415,1.425,1.42,0.0967054888978052,0.010206805856067213
pi+ n + pi0 p,0.65,0.75,0.7,1.425,1.435,1.43,0.08086950265228489,0.009293019282359018
pi+ n + pi0 p,0.65,0.75,0.7,1.435,1.445,1.44,0.09977587342857333,0.010763910025337014
pi+ n + pi0 p,0.65,0.75,0.7,1.445,1.455,1.45,0.10552613630932096,0.011773833050069805
pi+ n + pi0 p,0.65,0.75,0.7,1.455,1.465,1.46,0.10892236455574296,0.01278240668039317
pi+ n + pi0 p,0.65,0.75,0.7,1.465,1.475,1.47,0.09100399954517338,0.012675228835802932
pi+ n + pi0 p,0.65,0.75,0.7,1.475,1.485,1.48,0.12158399023263837,0.01497603932925166
pi+ n + pi0 p,0.65,0.75,0.7,1.485,1.495,1.49,0.07849978778046007,0.014168580378738235
pi+ n + pi0 p,0.65,0.75,0.7,1.495,1.505,1.5,0.1299829400745689,0.017122190156029293
pi+ n + pi0 p,0.65,0.75,0.7,1.505,1.515,1.51,0.08222572562866375,0.016031061728787425
pi+ n + pi0 p,0.65,0.75,0.7,1.515,1.525,1.52,0.12968249615776578,0.01873990462494903
pi+ n + pi0 p,0.65,0.75,0.7,1.525,1.535,1.53,0.10098201054447893,0.018333757980505273
pi+ n + pi0 p,0.65,0.75,0.7,1.535,1.545,1.54,0.1262727853370777,0.02030395225804817
pi+ n + pi0 p,0.65,0.75,0.7,1.545,1.555,1.55,0.11555689585698509,0.019877304114619705
pi+ n + pi0 p,0.65,0.75,0.7,1.555,1.565,1.56,0.10688494502443424,0.01981020127682177
pi+ n + pi0 p,0.65,0.75,0.7,1.565,1.575,1.57,0.08386329003945746,0.019005548055189742
pi+ n + pi0 p,0.65,0.75,0.7,1.575,1.585,1.58,0.09923245300352163,0.019765752994379607
pi+ n + pi0 p,0.65,0.75,0.7,1.585,1.595,1.59,0.0689759746830676,0.018245587743437732
pi+ n + pi0 p,0.65,0.75,0.7,1.595,1.605,1.6,0.09001533897824304,0.01739697451501693
pi+ n + pi0 p,0.65,0.75,0.7,1.605,1.615,1.61,0.0782927061851996,0.014462871076241723
pi+ n + pi0 p,0.65,0.75,0.7,1.615,1.625,1.62,0.07954514002156439,0.013711619772033234
pi+ n + pi0 p,0.65,0.75,0.7,1.625,1.635,1.63,0.07296273026970261,0.01107518921081916
pi+ n + pi0 p,0.65,0.75,0.7,1.635,1.645,1.64,0.0725019085532059,0.010578699627089173
pi+ n + pi0 p,0.65,0.75,0.7,1.645,1.655,1.65,0.06909871442068788,0.009302487721395617
pi+ n + pi0 p,0.65,0.75,0.7,1.655,1.665,1.66,0.07248047486580722,0.009416569574582841
pi+ n + pi0 p,0.65,0.75,0.7,1.665,1.675,1.67,0.07225690949618277,0.006891831787912923
pi+ n + pi0 p,0.65,0.75,0.7,1.675,1.685,1.68,0.07849514869489202,0.008610225892523575
pi+ n + pi0 p,0.75,0.85,0.8,1.115,1.125,1.12,0.025036094388662868,0.001673229534505691
pi+ n + pi0 p,0.75,0.85,0.8,1.125,1.135,1.13,0.03490795715768205,0.0019792734547950702
pi+ n + pi0 p,0.75,0.85,0.8,1.135,1.145,1.14,0.047999589096673796,0.00293658823871403
pi+ n + pi0 p,0.75,0.85,0.8,1.145,1.155,1.15,0.06436248791131861,0.004049129707775105
pi+ n + pi0 p,0.75,0.85,0.8,1.155,1.165,1.16,0.08673035830604961,0.005585902381027257
pi+ n + pi0 p,0.75,0.85,0.8,1.165,1.175,1.17,0.11560944315039212,0.006258860542662884
pi+ n + pi0 p,0.75,0.85,0.8,1.175,1.185,1.18,0.15396625494154448,0.006485603714925473
pi+ n + pi0 p,0.75,0.85,0.8,1.185,1.195,1.19,0.18382809638223907,0.008195757067928964
pi+ n + pi0 p,0.75,0.85,0.8,1.195,1.205,1.2,0.19043450267687576,0.0073567373041043774
pi+ n + pi0 p,0.75,0.85,0.8,1.205,1.215,1.21,0.2103624080035622,0.008225984737607443
pi+ n + pi0 p,0.75,0.85,0.8,1.215,1.225,1.22,0.22522858084087866,0.008801155707686425
pi+ n + pi0 p,0.75,0.85,0.8,1.225,1.235,1.23,0.24016714462287936,0.009434183279771307
pi+ n + pi0 p,0.75,0.85,0.8,1.235,1.245,1.24,0.24351286170189537,0.00991570611383691
pi+ n + pi0 p,0.75,0.85,0.8,1.245,1.255,1.25,0.22887439655564173,0.009073830405687055
pi+ n + pi0 p,0.75,0.85,0.8,1.255,1.265,1.26,0.21333909969093673,0.00913899453661722
pi+ n + pi0 p,0.75,0.85,0.8,1.265,1.275,1.27,0.1954683196757174,0.009863071217695236
pi+ n + pi0 p,0.75,0.85,0.8,1.275,1.285,1.28,0.18263677550203053,0.01054836409494281
pi+ n + pi0 p,0.75,0.85,0.8,1.285,1.295,1.29,0.16702366778741062,0.011117955198676867
pi+ n + pi0 p,0.75,0.85,0.8,1.295,1.305,1.3,0.14103962099937797,0.008577200104376568
pi+ n + pi0 p,0.75,0.85,0.8,1.305,1.315,1.31,0.13045320921149028,0.007497863033904558
pi+ n + pi0 p,0.75,0.85,0.8,1.315,1.325,1.32,0.12523820930234167,0.007494818258422304
pi+ n + pi0 p,0.75,0.85,0.8,1.325,1.335,1.33,0.11903869142089575,0.007133204423518159
pi+ n + pi0 p,0.75,0.85,0.8,1.335,1.345,1.34,0.11302217686616639,0.006859823212629463
pi+ n + pi0 p,0.75,0.85,0.8,1.345,1.355,1.35,0.10826509642119866,0.006376309704540754
pi+ n + pi0 p,0.75,0.85,0.8,1.355,1.365,1.36,0.10648314007568097,0.007271208110296402
pi+ n + pi0 p,0.75,0.85,0.8,1.365,1.375,1.37,0.10287099322847976,0.007640652449181439
pi+ n + pi0 p,0.75,0.85,0.8,1.375,1.385,1.38,0.09778903267685415,0.00802901425929675
pi+ n + pi0 p,0.75,0.85,0.8,1.385,1.395,1.39,0.0864813494677518,0.007768696080069061
pi+ n + pi0 p,0.75,0.85,0.8,1.395,1.405,1.4,0.0875545847252493,0.008275887423892488
pi+ n + pi0 p,0.75,0.85,0.8,1.405,1.415,1.41,0.0730868781325993,0.008207334921933622
pi+ n + pi0 p,0.75,0.85,0.8,1.415,1.425,1.42,0.0821151378284326,0.008611915873403427
pi+ n + pi0 p,0.75,0.85,0.8,1.425,1.435,1.43,0.08499158939665187,0.00857925472485879
pi+ n + pi0 p,0.75,0.85,0.8,1.435,1.445,1.44,0.08428019274324977,0.008786675268497924
pi+ n + pi0 p,0.75,0.85,0.8,1.445,1.455,1.45,0.08524818513604772,0.008868290157801594
pi+ n + pi0 p,0.75,0.85,0.8,1.455,1.465,1.46,0.09179849638648166,0.009080933960384126
pi+ n + pi0 p,0.75,0.85,0.8,1.465,1.475,1.47,0.09639876151669224,0.00996351505048592
pi+ n + pi0 p,0.75,0.85,0.8,1.475,1.485,1.48,0.09595880215982355,0.010855262671376768
pi+ n + pi0 p,0.75,0.85,0.8,1.485,1.495,1.49,0.07720446886085297,0.011149099434254146
pi+ n + pi0 p,0.75,0.85,0.8,1.495,1.505,1.5,0.09855552685212553,0.01277644971924559
pi+ n + pi0 p,0.75,0.85,0.8,1.505,1.515,1.51,0.08069041718850192,0.013023559508650197
pi+ n + pi0 p,0.75,0.85,0.8,1.515,1.525,1.52,0.10110801346385294,0.014630981220939001
pi+ n + pi0 p,0.75,0.85,0.8,1.525,1.535,1.53,0.09968669162487181,0.015385545961742854
pi+ n + pi0 p,0.75,0.85,0.8,1.535,1.545,1.54,0.09961407260260646,0.01628756126802675
pi+ n + pi0 p,0.75,0.85,0.8,1.545,1.555,1.55,0.09393578875225668,0.016977315799181682
pi+ n + pi0 p,0.75,0.85,0.8,1.555,1.565,1.56,0.09326145555201391,0.01737882647266419
pi+ n + pi0 p,0.75,0.85,0.8,1.565,1.575,1.57,0.08878390434173745,0.017365444416148616
pi+ n + pi0 p,0.75,0.85,0.8,1.575,1.585,1.58,0.0880726087063694,0.017435104880894926
pi+ n + pi0 p,0.75,0.85,0.8,1.585,1.595,1.59,0.07486833329629872,0.017189402196420386
pi+ n + pi0 p,0.75,0.85,0.8,1.595,1.605,1.6,0.08258735863983621,0.017492365646820173
pi+ n + pi0 p,0.75,0.85,0.8,1.605,1.615,1.61,0.0779687020267294,0.017244137546488545
pi+ n + pi0 p,0.75,0.85,0.8,1.615,1.625,1.62,0.07997279184476114,0.017505060626316373
pi+ n + pi0 p,0.75,0.85,0.8,1.625,1.635,1.63,0.07884108702997933,0.016612348928408387
pi+ n + pi0 p,0.75,0.85,0.8,1.635,1.645,1.64,0.07475862636193507,0.014803534607618575
pi+ n + pi0 p,0.75,0.85,0.8,1.645,1.655,1.65,0.07045451651738727,0.012947857801854878
pi+ n + pi0 p,0.75,0.85,0.8,1.655,1.665,1.66,0.0682284645575556,0.011123224615973325
pi+ n + pi0 p,0.75,0.85,0.8,1.665,1.675,1.67,0.06473466980297385,0.009282191194408729
pi+ n + pi0 p,0.75,0.85,0.8,1.675,1.685,1.68,0.0596868725211413,0.007706901449153086
pi+ n + pi0 p,0.75,0.85,0.8,1.685,1.695,1.69,0.05572151014761223,0.006018620024659242
pi+ n + pi0 p,0.75,0.85,0.8,1.695,1.705,1.7,0.05200454450413794,0.005539525029177231
pi+ n + pi0 p,0.75,0.85,0.8,1.705,1.715,1.71,0.0543870489348313,0.005131686879178031
pi+ n + pi0 p,0.85,0.95,0.9,1.115,1.125,1.12,0.021008719602103026,0.001732014719088309
pi+ n + pi0 p,0.85,0.95,0.9,1.125,1.135,1.13,0.032119904752257504,0.0021439348568075643
pi+ n + pi0 p,0.85,0.95,0.9,1.135,1.145,1.14,0.04465309687812842,0.0028639194507068663
pi+ n + pi0 p,0.85,0.95,0.9,1.145,1.155,1.15,0.06293865092399982,0.004035746152992654
pi+ n + pi0 p,0.85,0.95,0.9,1.155,1.165,1.16,0.08551703544999863,0.004838400144732164
pi+ n + pi0 p,0.85,0.95,0.9,1.165,1.175,1.17,0.1116266238532293,0.006052668796927474
pi+ n + pi0 p,0.85,0.95,0.9,1.175,1.185,1.18,0.13623807295548465,0.006143678848941969
pi+ n + pi0 p,0.85,0.95,0.9,1.185,1.195,1.19,0.17404714533859544,0.006238748695788732
pi+ n + pi0 p,0.85,0.95,0.9,1.195,1.205,1.2,0.21194180330164306,0.007375849802840095
pi+ n + pi0 p,0.85,0.95,0.9,1.205,1.215,1.21,0.23182224293512566,0.00794955075864482
pi+ n + pi0 p,0.85,0.95,0.9,1.215,1.225,1.22,0.2465016797323735,0.00815720371451476
pi+ n + pi0 p,0.85,0.95,0.9,1.225,1.235,1.23,0.2378222078231738,0.009753127208407167
pi+ n + pi0 p,0.85,0.95,0.9,1.235,1.245,1.24,0.21754988921098944,0.011405640685483992
pi+ n + pi0 p,0.85,0.95,0.9,1.245,1.255,1.25,0.20606538303902247,0.009213735353780629
pi+ n + pi0 p,0.85,0.95,0.9,1.255,1.265,1.26,0.19289140659362214,0.00791065571917737
pi+ n + pi0 p,0.85,0.95,0.9,1.265,1.275,1.27,0.17573953941754628,0.009105894734322816
pi+ n + pi0 p,0.85,0.95,0.9,1.275,1.285,1.28,0.16546748267561362,0.010000481839325347
pi+ n + pi0 p,0.85,0.95,0.9,1.285,1.295,1.29,0.15599031665854707,0.010433118426452769
pi+ n + pi0 p,0.85,0.95,0.9,1.295,1.305,1.3,0.13888592302051586,0.008582832145634267
pi+ n + pi0 p,0.85,0.95,0.9,1.305,1.315,1.31,0.12993920860068348,0.007842454797775468
pi+ n + pi0 p,0.85,0.95,0.9,1.315,1.325,1.32,0.12333179260901975,0.007491295180194712
pi+ n + pi0 p,0.85,0.95,0.9,1.325,1.335,1.33,0.11796861183215426,0.007329205327020846
pi+ n + pi0 p,0.85,0.95,0.9,1.335,1.345,1.34,0.11022598641585893,0.007007815885033168
pi+ n + pi0 p,0.85,0.95,0.9,1.345,1.355,1.35,0.10724256086045991,0.006706274226292995
pi+ n + pi0 p,0.85,0.95,0.9,1.355,1.365,1.36,0.10409640980556999,0.0075082226039515435
pi+ n + pi0 p,0.85,0.95,0.9,1.365,1.375,1.37,0.10434278425541449,0.008071397294083826
pi+ n + pi0 p,0.85,0.95,0.9,1.375,1.385,1.38,0.10256478519150855,0.008622057816874622
pi+ n + pi0 p,0.85,0.95,0.9,1.385,1.395,1.39,0.10054133564276213,0.008605295493395814
pi+ n + pi0 p,0.85,0.95,0.9,1.395,1.405,1.4,0.0994030759932128,0.0086144226531931
pi+ n + pi0 p,0.85,0.95,0.9,1.405,1.415,1.41,0.093548267025061,0.008813839478031304
pi+ n + pi0 p,0.85,0.95,0.9,1.415,1.425,1.42,0.09345107410877665,0.008739726300915015
pi+ n + pi0 p,0.85,0.95,0.9,1.425,1.435,1.43,0.10121553833192475,0.008795829471738693
pi+ n + pi0 p,0.85,0.95,0.9,1.435,1.445,1.44,0.10401390653205257,0.008823568514333458
pi+ n + pi0 p,0.85,0.95,0.9,1.445,1.455,1.45,0.10130484124492889,0.008957046574645203
pi+ n + pi0 p,0.85,0.95,0.9,1.455,1.465,1.46,0.10203281128777886,0.00918550197904129
pi+ n + pi0 p,0.85,0.95,0.9,1.465,1.475,1.47,0.10693315299011735,0.009375760150394659
pi+ n + pi0 p,0.85,0.95,0.9,1.475,1.485,1.48,0.11713222081579688,0.00966761538588326
pi+ n + pi0 p,0.85,0.95,0.9,1.485,1.495,1.49,0.12327885048671802,0.010412787583907483
pi+ n + pi0 p,0.85,0.95,0.9,1.495,1.505,1.5,0.12867534130141428,0.011550572612187662
pi+ n + pi0 p,0.85,0.95,0.9,1.505,1.515,1.51,0.12828364768143102,0.012293701679314232
pi+ n + pi0 p,0.85,0.95,0.9,1.515,1.525,1.52,0.12789195406144777,0.013062836847057205
pi+ n + pi0 p,0.85,0.95,0.9,1.525,1.535,1.53,0.12275864131605128,0.013495801994327601
pi+ n + pi0 p,0.85,0.95,0.9,1.535,1.545,1.54,0.11762532857065483,0.01401552586368051
pi+ n + pi0 p,0.85,0.95,0.9,1.545,1.555,1.55,0.11530713207729035,0.014841611806537867
pi+ n + pi0 p,0.85,0.95,0.9,1.555,1.565,1.56,0.11298893558392586,0.01568161344006943
pi+ n + pi0 p,0.85,0.95,0.9,1.565,1.575,1.57,0.11231689043659215,0.0164183046133146
pi+ n + pi0 p,0.85,0.95,0.9,1.575,1.585,1.58,0.10784621943143856,0.01636767714726599
pi+ n + pi0 p,0.85,0.95,0.9,1.585,1.595,1.59,0.10568775035216678,0.016398423495547258
pi+ n + pi0 p,0.85,0.95,0.9,1.595,1.605,1.6,0.103529281272895,0.01642940151156877
pi+ n + pi0 p,0.85,0.95,0.9,1.605,1.615,1.61,0.10144984719169052,0.01636975504915637
pi+ n + pi0 p,0.85,0.95,0.9,1.615,1.625,1.62,0.09937041311048604,0.016312577243689175
pi+ n + pi0 p,0.85,0.95,0.9,1.625,1.635,1.63,0.10079992978498953,0.016526172185898358
pi+ n + pi0 p,0.85,0.95,0.9,1.635,1.645,1.64,0.10222944645949303,0.016760783786014383
pi+ n + pi0 p,0.85,0.95,0.9,1.645,1.655,1.65,0.0983790883558628,0.01671608241710643
pi+ n + pi0 p,0.85,0.95,0.9,1.655,1.665,1.66,0.09452873025223257,0.01667248807946509
pi+ n + pi0 p,0.85,0.95,0.9,1.665,1.675,1.67,0.09120829102339828,0.015572847314003544
pi+ n + pi0 p,0.85,0.95,0.9,1.675,1.685,1.68,0.08667317140587512,0.01380823313996999
pi+ n + pi0 p,0.85,0.95,0.9,1.685,1.695,1.69,0.0691325785132508,0.011282535396505203
pi+ n + pi0 p,0.85,0.95,0.9,1.695,1.705,1.7,0.051591985620626495,0.008844784644969189
pi+ n + pi0 p,0.85,0.95,0.9,1.705,1.715,1.71,0.03405139272800223,0.006593264273122657
pi+ n + pi0 p,0.85,0.95,0.9,1.715,1.725,1.72,0.03237768317220701,0.005526841747359344
pi+ n + pi0 p,0.85,0.95,0.9,1.725,1.735,1.73,0.04760073990599666,0.005719429730715043
pi+ n + pi0 p,0.85,0.95,0.9,1.735,1.745,1.74,0.04909849626956016,0.0072085111489699795
pi+ n + pi0 p,0.95,1.05,1.0,1.115,1.125,1.12,0.02207699416114251,0.0013737634286889234
pi+ n + pi0 p,0.95,1.05,1.0,1.125,1.135,1.13,0.026954522560641764,0.0014136166206360108
pi+ n + pi0 p,0.95,1.05,1.0,1.135,1.145,1.14,0.03763738375023527,0.002032919857332515
pi+ n + pi0 p,0.95,1.05,1.0,1.145,1.155,1.15,0.0526038162618065,0.0031710903455342246
pi+ n + pi0 p,0.95,1.05,1.0,1.155,1.165,1.16,0.07311642666864007,0.003733351881822167
pi+ n + pi0 p,0.95,1.05,1.0,1.165,1.175,1.17,0.09757525519127272,0.005011485906064416
pi+ n + pi0 p,0.95,1.05,1.0,1.175,1.185,1.18,0.10821595553376179,0.004959715759611482
pi+ n + pi0 p,0.95,1.05,1.0,1.185,1.195,1.19,0.12424170518525578,0.004694820252359924
pi+ n + pi0 p,0.95,1.05,1.0,1.195,1.205,1.2,0.1401909277897276,0.005643053704928667
pi+ n + pi0 p,0.95,1.05,1.0,1.205,1.215,1.21,0.14767173265668032,0.005924443721977671
pi+ n + pi0 p,0.95,1.05,1.0,1.215,1.225,1.22,0.15203244364943602,0.005943193299239193
pi+ n + pi0 p,0.95,1.05,1.0,1.225,1.235,1.23,0.15653793653156006,0.005923912609928339
pi+ n + pi0 p,0.95,1.05,1.0,1.235,1.245,1.24,0.1494505827106995,0.005610202862594582
pi+ n + pi0 p,0.95,1.05,1.0,1.245,1.255,1.25,0.15020474941079573,0.005643969588545358
pi+ n + pi0 p,0.95,1.05,1.0,1.255,1.265,1.26,0.14847680728247653,0.006071283939320456
pi+ n + pi0 p,0.95,1.05,1.0,1.265,1.275,1.27,0.14207789885312871,0.007474829394758086
pi+ n + pi0 p,0.95,1.05,1.0,1.275,1.285,1.28,0.14255880085792408,0.008504575792722806
pi+ n + pi0 p,0.95,1.05,1.0,1.285,1.295,1.29,0.1422088939915065,0.008838789984749297
pi+ n + pi0 p,0.95,1.05,1.0,1.295,1.305,1.3,0.12788493964666833,0.006868368422120013
pi+ n + pi0 p,0.95,1.05,1.0,1.305,1.315,1.31,0.11836641447451343,0.006337717776228066
pi+ n + pi0 p,0.95,1.05,1.0,1.315,1.325,1.32,0.11196706454333573,0.005907210974004332
pi+ n + pi0 p,0.95,1.05,1.0,1.325,1.335,1.33,0.10690727144659631,0.005803431443454485
pi+ n + pi0 p,0.95,1.05,1.0,1.335,1.345,1.34,0.09968224525541164,0.005549756501516587
pi+ n + pi0 p,0.95,1.05,1.0,1.345,1.355,1.35,0.09291788665768355,0.005000773321777491
pi+ n + pi0 p,0.95,1.05,1.0,1.355,1.365,1.36,0.08738862826461909,0.005796425894700105
pi+ n + pi0 p,0.95,1.05,1.0,1.365,1.375,1.37,0.08566183180679397,0.005979452448842136
pi+ n + pi0 p,0.95,1.05,1.0,1.375,1.385,1.38,0.0824099069200726,0.00633081887606562
pi+ n + pi0 p,0.95,1.05,1.0,1.385,1.395,1.39,0.08142664599993471,0.006453655746970181
pi+ n + pi0 p,0.95,1.05,1.0,1.395,1.405,1.4,0.08114253966499095,0.006609628486357606
pi+ n + pi0 p,0.95,1.05,1.0,1.405,1.415,1.41,0.07316249424282405,0.0068441731875811046
pi+ n + pi0 p,0.95,1.05,1.0,1.415,1.425,1.42,0.0710785895268458,0.0067722347901180155
pi+ n + pi0 p,0.95,1.05,1.0,1.425,1.435,1.43,0.06969317243250242,0.0066909757070880505
pi+ n + pi0 p,0.95,1.05,1.0,1.435,1.445,1.44,0.07644522833477671,0.006745514820234012
pi+ n + pi0 p,0.95,1.05,1.0,1.445,1.455,1.45,0.0776011351238362,0.006761169250101233
pi+ n + pi0 p,0.95,1.05,1.0,1.455,1.465,1.46,0.07234503722392502,0.006723017486666257
pi+ n + pi0 p,0.95,1.05,1.0,1.465,1.475,1.47,0.07133650468255229,0.0068054260205741525
pi+ n + pi0 p,0.95,1.05,1.0,1.475,1.485,1.48,0.07218886917017692,0.0068941509738600715
pi+ n + pi0 p,0.95,1.05,1.0,1.485,1.495,1.49,0.07144656113996502,0.006914592836588976
pi+ n + pi0 p,0.95,1.05,1.0,1.495,1.505,1.5,0.07802640833378814,0.0070913832385771395
pi+ n + pi0 p,0.95,1.05,1.0,1.505,1.515,1.51,0.08136250968982042,0.007079144717525358
pi+ n + pi0 p,0.95,1.05,1.0,1.515,1.525,1.52,0.08246255044372577,0.008027136222471585
pi+ n + pi0 p,0.95,1.05,1.0,1.525,1.535,1.53,0.08420552460755025,0.008947930545854375
pi+ n + pi0 p,0.95,1.05,1.0,1.535,1.545,1.54,0.0834428072883551,0.009833380006708248
pi+ n + pi0 p,0.95,1.05,1.0,1.545,1.555,1.55,0.08518578145217959,0.01076532545240038
pi+ n + pi0 p,0.95,1.05,1.0,1.555,1.565,1.56,0.08591623040782749,0.011701008328851847
pi+ n + pi0 p,0.95,1.05,1.0,1.565,1.575,1.57,0.0851057512605905,0.012615214493711831
pi+ n + pi0 p,0.95,1.05,1.0,1.575,1.585,1.58,0.0865082203620623,0.013545247116786696
pi+ n + pi0 p,0.95,1.05,1.0,1.585,1.595,1.59,0.08562668938775662,0.013904891197104082
pi+ n + pi0 p,0.95,1.05,1.0,1.595,1.605,1.6,0.08315664214563541,0.013913792375151739
pi+ n + pi0 p,0.95,1.05,1.0,1.605,1.615,1.61,0.08068659490351418,0.013922693613531167
pi+ n + pi0 p,0.95,1.05,1.0,1.615,1.625,1.62,0.07821654766139294,0.013931594912126715
pi+ n + pi0 p,0.95,1.05,1.0,1.625,1.635,1.63,0.07574407590402099,0.013933970911838976
pi+ n + pi0 p,0.95,1.05,1.0,1.635,1.645,1.64,0.07556481908989972,0.013963037453119538
pi+ n + pi0 p,0.95,1.05,1.0,1.645,1.655,1.65,0.07509181605759103,0.013982096585729707
pi+ n + pi0 p,0.95,1.05,1.0,1.655,1.665,1.66,0.07379899675860317,0.014013545829822815
pi+ n + pi0 p,0.95,1.05,1.0,1.665,1.675,1.67,0.07266447661438671,0.01406165208997867
pi+ n + pi0 p,0.95,1.05,1.0,1.675,1.685,1.68,0.06835100394782315,0.014058450855369317
pi+ n + pi0 p,0.95,1.05,1.0,1.685,1.695,1.69,0.06648974462742248,0.014112541848883761
pi+ n + pi0 p,0.95,1.05,1.0,1.695,1.705,1.7,0.0683068053262662,0.014287134687030714
pi+ n + pi0 p,0.95,1.05,1.0,1.705,1.715,1.71,0.07287939793832857,0.013308261561384729
pi+ n + pi0 p,0.95,1.05,1.0,1.715,1.725,1.72,0.06163855996140627,0.012819141900460601
pi+ n + pi0 p,0.95,1.05,1.0,1.725,1.735,1.73,0.049293168777353784,0.01047796908097804
pi+ n + pi0 p,0.95,1.05,1.0,1.735,1.745,1.74,0.03989411803786397,0.007262879507901744
pi+ n + pi0 p,0.95,1.05,1.0,1.745,1.755,1.75,0.03324757536535804,0.005096509472720712
pi+ n + pi0 p,0.95,1.05,1.0,1.755,1.765,1.76,0.035608733359235166,0.0046769683051144815
pi+ n + pi0 p,1.05,1.15,1.1,1.115,1.125,1.12,0.02126907607413501,0.0018375418560191452
pi+ n + pi0 p,1.05,1.15,1.1,1.125,1.135,1.13,0.023098791960508715,0.001775459285133868
pi+ n + pi0 p,1.05,1.15,1.1,1.135,1.145,1.14,0.03368749176530826,0.002237433110993313
pi+ n + pi0 p,1.05,1.15,1.1,1.145,1.155,1.15,0.047557801080297814,0.00325424257317229
pi+ n + pi0 p,1.05,1.15,1.1,1.155,1.165,1.16,0.0679746841987812,0.003684491432188567
pi+ n + pi0 p,1.05,1.15,1.1,1.165,1.175,1.17,0.09124875773403565,0.004936972391782287
pi+ n + pi0 p,1.05,1.15,1.1,1.175,1.185,1.18,0.11115820224721709,0.005250103736465944
pi+ n + pi0 p,1.05,1.15,1.1,1.185,1.195,1.19,0.1448434739831091,0.005506729384899107
pi+ n + pi0 p,1.05,1.15,1.1,1.195,1.205,1.2,0.1627104916272221,0.006290298492495754
pi+ n + pi0 p,1.05,1.15,1.1,1.205,1.215,1.21,0.1691549429061879,0.006396843786997535
pi+ n + pi0 p,1.05,1.15,1.1,1.215,1.225,1.22,0.17456020927299437,0.0064358718247459245
pi+ n + pi0 p,1.05,1.15,1.1,1.225,1.235,1.23,0.1791197396974381,0.006440419847496641
pi+ n + pi0 p,1.05,1.15,1.1,1.235,1.245,1.24,0.17203238587657754,0.006211476455904308
pi+ n + pi0 p,1.05,1.15,1.1,1.245,1.255,1.25,0.17474693270691297,0.00632678770890296
pi+ n + pi0 p,1.05,1.15,1.1,1.255,1.265,1.26,0.17189990250566173,0.006459373363486002
pi+ n + pi0 p,1.05,1.15,1.1,1.265,1.275,1.27,0.15406684583536867,0.007485737905858338
pi+ n + pi0 p,1.05,1.15,1.1,1.275,1.285,1.28,0.14525536768437453,0.008279538320685549
pi+ n + pi0 p,1.05,1.15,1.1,1.285,1.295,1.29,0.1365937124600865,0.008312844168136454
pi+ n + pi0 p,1.05,1.15,1.1,1.295,1.305,1.3,0.12180196768163365,0.0064738620224986726
pi+ n + pi0 p,1.05,1.15,1.1,1.305,1.315,1.31,0.1156237437343961,0.006354937872120172
pi+ n + pi0 p,1.05,1.15,1.1,1.315,1.325,1.32,0.10953948211859738,0.005986621449803545
pi+ n + pi0 p,1.05,1.15,1.1,1.325,1.335,1.33,0.10671598271353461,0.006084993327861374
pi+ n + pi0 p,1.05,1.15,1.1,1.335,1.345,1.34,0.10029773148687102,0.006065966473515754
pi+ n + pi0 p,1.05,1.15,1.1,1.345,1.355,1.35,0.09533057736591308,0.005614714104366405
pi+ n + pi0 p,1.05,1.15,1.1,1.355,1.365,1.36,0.09239728099484992,0.006299019967162787
pi+ n + pi0 p,1.05,1.15,1.1,1.365,1.375,1.37,0.09048174017168858,0.0062718033128577105
pi+ n + pi0 p,1.05,1.15,1.1,1.375,1.385,1.38,0.0865922807033988,0.006539566255362043
pi+ n + pi0 p,1.05,1.15,1.1,1.385,1.395,1.39,0.08624803246232446,0.006568834339776773
pi+ n + pi0 p,1.05,1.15,1.1,1.395,1.405,1.4,0.08908315106092801,0.006667569226470226
pi+ n + pi0 p,1.05,1.15,1.1,1.405,1.415,1.41,0.08305609347633824,0.0070017414763353545
pi+ n + pi0 p,1.05,1.15,1.1,1.415,1.425,1.42,0.08336642376726941,0.007073655232900885
pi+ n + pi0 p,1.05,1.15,1.1,1.425,1.435,1.43,0.08217460242505616,0.006926898224684319
pi+ n + pi0 p,1.05,1.15,1.1,1.435,1.445,1.44,0.08978214621664127,0.00692964930811819
pi+ n + pi0 p,1.05,1.15,1.1,1.445,1.455,1.45,0.09857735024722913,0.007088708233997871
pi+ n + pi0 p,1.05,1.15,1.1,1.455,1.465,1.46,0.09915563668428214,0.0071313109667686175
pi+ n + pi0 p,1.05,1.15,1.1,1.465,1.475,1.47,0.09993738601537955,0.0073732881320064695
pi+ n + pi0 p,1.05,1.15,1.1,1.475,1.485,1.48,0.09812735000604841,0.007518871195351165
pi+ n + pi0 p,1.05,1.15,1.1,1.485,1.495,1.49,0.09593265870230648,0.007717089465632416
pi+ n + pi0 p,1.05,1.15,1.1,1.495,1.505,1.5,0.09980464688532825,0.007897259925436015
pi+ n + pi0 p,1.05,1.15,1.1,1.505,1.515,1.51,0.09739527070902906,0.008041428852546523
pi+ n + pi0 p,1.05,1.15,1.1,1.515,1.525,1.52,0.10322562912561387,0.008361394208524522
pi+ n + pi0 p,1.05,1.15,1.1,1.525,1.535,1.53,0.10425148388907193,0.008223904341757059
pi+ n + pi0 p,1.05,1.15,1.1,1.535,1.545,1.54,0.10198378309138395,0.008300668329553227
pi+ n + pi0 p,1.05,1.15,1.1,1.545,1.555,1.55,0.10242493913041,0.009083814967738394
pi+ n + pi0 p,1.05,1.15,1.1,1.555,1.565,1.56,0.10127498412801572,0.009905035169197336
pi+ n + pi0 p,1.05,1.15,1.1,1.565,1.575,1.57,0.10035580779798164,0.010729772599745953
pi+ n + pi0 p,1.05,1.15,1.1,1.575,1.585,1.58,0.09961976443837847,0.011477991760668667
pi+ n + pi0 p,1.05,1.15,1.1,1.585,1.595,1.59,0.09909270485318515,0.012159311525443186
pi+ n + pi0 p,1.05,1.15,1.1,1.595,1.605,1.6,0.10010058400736997,0.012908451255134528
pi+ n + pi0 p,1.05,1.15,1.1,1.605,1.615,1.61,0.09762972859349849,0.012909705438068618
pi+ n + pi0 p,1.05,1.15,1.1,1.615,1.625,1.62,0.09514351791637216,0.01278140144677617
pi+ n + pi0 p,1.05,1.15,1.1,1.625,1.635,1.63,0.09486277722715648,0.012841553912605275
pi+ n + pi0 p,1.05,1.15,1.1,1.635,1.645,1.64,0.09628667509320761,0.01306129965028585
pi+ n + pi0 p,1.05,1.15,1.1,1.645,1.655,1.65,0.09475962257516857,0.013145038804947367
pi+ n + pi0 p,1.05,1.15,1.1,1.655,1.665,1.66,0.091944287352348,0.013288132187595291
pi+ n + pi0 p,1.05,1.15,1.1,1.665,1.675,1.67,0.09331876217896436,0.013500940332564836
pi+ n + pi0 p,1.05,1.15,1.1,1.675,1.685,1.68,0.09225494460876503,0.01361386438774971
pi+ n + pi0 p,1.05,1.15,1.1,1.685,1.695,1.69,0.09457419619805951,0.014040882518499182
pi+ n + pi0 p,1.05,1.15,1.1,1.695,1.705,1.7,0.0816756101191187,0.015357439599661706
pi+ n + pi0 p,1.05,1.15,1.1,1.705,1.715,1.71,0.07112853850970526,0.015065750211505588
pi+ n + pi0 p,1.05,1.15,1.1,1.715,1.725,1.72,0.06488765678080638,0.013548173309657496
pi+ n + pi0 p,1.05,1.15,1.1,1.725,1.735,1.73,0.0586467750519075,0.01258606487282756
pi+ n + pi0 p,1.05,1.15,1.1,1.735,1.745,1.74,0.05337255428126394,0.012312498081644384
pi+ n + pi0 p,1.05,1.15,1.1,1.745,1.755,1.75,0.04807657065015903,0.010517747377691017
pi+ n + pi0 p,1.15,1.25,1.2,1.115,1.125,1.12,0.02082309177356082,0.002251160401834606
pi+ n + pi0 p,1.15,1.25,1.2,1.125,1.135,1.13,0.02095360459824304,0.0022204769858634272
pi+ n + pi0 p,1.15,1.25,1.2,1.135,1.145,1.14,0.029283593355650846,0.0024132669830817834
pi+ n + pi0 p,1.15,1.25,1.2,1.145,1.155,1.15,0.04304717184026767,0.003252819392135631
pi+ n + pi0 p,1.15,1.25,1.2,1.155,1.165,1.16,0.0626151864728248,0.0036671637493472047
pi+ n + pi0 p,1.15,1.25,1.2,1.165,1.175,1.17,0.08504826700181328,0.004849220945209459
pi+ n + pi0 p,1.15,1.25,1.2,1.175,1.185,1.18,0.10137951406355532,0.005206530918506512
pi+ n + pi0 p,1.15,1.25,1.2,1.185,1.195,1.19,0.1326424543950036,0.005585537300211892
pi+ n + pi0 p,1.15,1.25,1.2,1.195,1.205,1.2,0.16556646993708046,0.006714744171353256
pi+ n + pi0 p,1.15,1.25,1.2,1.205,1.215,1.21,0.1719345079622469,0.006785640512110346
pi+ n + pi0 p,1.15,1.25,1.2,1.215,1.225,1.22,0.17731805704564813,0.006834147032253337
pi+ n + pi0 p,1.15,1.25,1.2,1.225,1.235,1.23,0.18288982258522823,0.006849865377473433
pi+ n + pi0 p,1.15,1.25,1.2,1.235,1.245,1.24,0.17598465951293868,0.006682700995528185
pi+ n + pi0 p,1.15,1.25,1.2,1.245,1.255,1.25,0.16974287323673018,0.006542841689405626
pi+ n + pi0 p,1.15,1.25,1.2,1.255,1.265,1.26,0.15844916938787706,0.006381043651759738
pi+ n + pi0 p,1.15,1.25,1.2,1.265,1.275,1.27,0.14468833939779013,0.007180923320415072
pi+ n + pi0 p,1.15,1.25,1.2,1.275,1.285,1.28,0.13671168096759861,0.007814899693310793
pi+ n + pi0 p,1.15,1.25,1.2,1.285,1.295,1.29,0.129007138043822,0.007769428995337415
pi+ n + pi0 p,1.15,1.25,1.2,1.295,1.305,1.3,0.11578562194268863,0.0062432561371493995
pi+ n + pi0 p,1.15,1.25,1.2,1.305,1.315,1.31,0.11094383920407674,0.006296041921105776
pi+ n + pi0 p,1.15,1.25,1.2,1.315,1.325,1.32,0.10518258626094923,0.006009922373710855
pi+ n + pi0 p,1.15,1.25,1.2,1.325,1.335,1.33,0.10409852832272277,0.006295269954218526
pi+ n + pi0 p,1.15,1.25,1.2,1.335,1.345,1.34,0.09746437377444553,0.006363971353208607
pi+ n + pi0 p,1.15,1.25,1.2,1.345,1.355,1.35,0.09436487965301438,0.006055037477229082
pi+ n + pi0 p,1.15,1.25,1.2,1.355,1.365,1.36,0.0915651947792728,0.0065461699805509175
pi+ n + pi0 p,1.15,1.25,1.2,1.365,1.375,1.37,0.09056478600894863,0.006575681682015767
pi+ n + pi0 p,1.15,1.25,1.2,1.375,1.385,1.38,0.0863709941758934,0.006738685190362917
pi+ n + pi0 p,1.15,1.25,1.2,1.385,1.395,1.39,0.08640057398393486,0.006711285969239991
pi+ n + pi0 p,1.15,1.25,1.2,1.395,1.405,1.4,0.09092362843476517,0.0068224327467888025
pi+ n + pi0 p,1.15,1.25,1.2,1.405,1.415,1.41,0.08665583689813561,0.007248570076415821
pi+ n + pi0 p,1.15,1.25,1.2,1.415,1.425,1.42,0.08822511530857183,0.007355185468467102
pi+ n + pi0 p,1.15,1.25,1.2,1.425,1.435,1.43,0.08787620763674497,0.007322902902027462
pi+ n + pi0 p,1.15,1.25,1.2,1.435,1.445,1.44,0.09347528719477466,0.007267966469048829
pi+ n + pi0 p,1.15,1.25,1.2,1.445,1.455,1.45,0.10409283551852919,0.00745586464554657
pi+ n + pi0 p,1.15,1.25,1.2,1.455,1.465,1.46,0.11104898371131802,0.00759844290347773
pi+ n + pi0 p,1.15,1.25,1.2,1.465,1.475,1.47,0.11585001023511797,0.008091040218701252
pi+ n + pi0 p,1.15,1.25,1.2,1.475,1.485,1.48,0.11709824919458589,0.008451055147357004
pi+ n + pi0 p,1.15,1.25,1.2,1.485,1.495,1.49,0.11236743466884871,0.008643104090512225
pi+ n + pi0 p,1.15,1.25,1.2,1.495,1.505,1.5,0.10977967831544774,0.00892645268495067
pi+ n + pi0 p,1.15,1.25,1.2,1.505,1.515,1.51,0.10826118775798431,0.009256155264719184
pi+ n + pi0 p,1.15,1.25,1.2,1.515,1.525,1.52,0.10734323167042975,0.00925350704748045
pi+ n + pi0 p,1.15,1.25,1.2,1.525,1.535,1.53,0.10146476431389723,0.008893160469756673
pi+ n + pi0 p,1.15,1.25,1.2,1.535,1.545,1.54,0.10478852306471215,0.00889148374916599
pi+ n + pi0 p,1.15,1.25,1.2,1.545,1.555,1.55,0.10597164023079683,0.009102731437818142
pi+ n + pi0 p,1.15,1.25,1.2,1.555,1.565,1.56,0.1063219629408523,0.009089126533108593
pi+ n + pi0 p,1.15,1.25,1.2,1.565,1.575,1.57,0.10541493285673192,0.009688150405718706
pi+ n + pi0 p,1.15,1.25,1.2,1.575,1.585,1.58,0.10493172001527407,0.01041217381028946
pi+ n + pi0 p,1.15,1.25,1.2,1.585,1.595,1.59,0.10440466043008075,0.01078274484254349
pi+ n + pi0 p,1.15,1.25,1.2,1.595,1.605,1.6,0.10354930270651024,0.012273213152950543
pi+ n + pi0 p,1.15,1.25,1.2,1.605,1.615,1.61,0.1060808567701352,0.012836984788195362
pi+ n + pi0 p,1.15,1.25,1.2,1.615,1.625,1.62,0.10497596458676152,0.012836109252712748
pi+ n + pi0 p,1.15,1.25,1.2,1.625,1.635,1.63,0.10649969934219998,0.013233993870461948
pi+ n + pi0 p,1.15,1.25,1.2,1.635,1.645,1.64,0.1083634003753807,0.013327519370300148
pi+ n + pi0 p,1.15,1.25,1.2,1.645,1.655,1.65,0.10554806515256013,0.013554583521544568
pi+ n + pi0 p,1.15,1.25,1.2,1.655,1.665,1.66,0.10420283871901567,0.013820531192260663
pi+ n + pi0 p,1.15,1.25,1.2,1.665,1.675,1.67,0.10579782986402342,0.01416218411288156
pi+ n + pi0 p,1.15,1.25,1.2,1.675,1.685,1.68,0.09612513048886248,0.015341917915080902
pi+ n + pi0 p,1.15,1.25,1.2,1.685,1.695,1.69,0.08421820944349705,0.01555813282836468
pi+ n + pi0 p,1.15,1.25,1.2,1.695,1.705,1.7,0.07797732771459819,0.013510350243030399
pi+ n + pi0 p,1.15,1.25,1.2,1.705,1.715,1.71,0.07173644598569931,0.011886273117976794
pi+ n + pi0 p,1.15,1.25,1.2,1.715,1.725,1.72,0.06549556425680043,0.010877374312875185
pi+ n + pi0 p,1.15,1.25,1.2,1.725,1.735,1.73,0.06069911844253592,0.01064456321188356
pi+ n + pi0 p,1.15,1.25,1.2,1.735,1.745,1.74,0.058340967269440824,0.010654613172072756
pi+ n + pi0 p,1.25,1.35,1.3,1.115,1.125,1.12,0.020739041259419944,0.002562321247448329
pi+ n + pi0 p,1.25,1.35,1.3,1.125,1.135,1.13,0.02086955408410216,0.002550261716861695
pi+ n + pi0 p,1.25,1.35,1.3,1.135,1.145,1.14,0.02447905393644937,0.002374698642437985
pi+ n + pi0 p,1.25,1.35,1.3,1.145,1.155,1.15,0.03797580534513438,0.0030577322217036247
pi+ n + pi0 p,1.25,1.35,1.3,1.155,1.165,1.16,0.05690530804429888,0.003505568622629089
pi+ n + pi0 p,1.25,1.35,1.3,1.165,1.175,1.17,0.07721913621166301,0.004585006320783437
pi+ n + pi0 p,1.25,1.35,1.3,1.175,1.185,1.18,0.09355038327340506,0.004983642245844798
pi+ n + pi0 p,1.25,1.35,1.3,1.185,1.195,1.19,0.11952791979055669,0.0054916766545619125
pi+ n + pi0 p,1.25,1.35,1.3,1.195,1.205,1.2,0.15033483089825378,0.006488551676231135
pi+ n + pi0 p,1.25,1.35,1.3,1.205,1.215,1.21,0.1590905677370772,0.00665016412785478
pi+ n + pi0 p,1.25,1.35,1.3,1.215,1.225,1.22,0.1644741168204784,0.006700502271812503
pi+ n + pi0 p,1.25,1.35,1.3,1.225,1.235,1.23,0.17000968688771645,0.0067282180362903616
pi+ n + pi0 p,1.25,1.35,1.3,1.235,1.245,1.24,0.16169947964583095,0.006606540303767039
pi+ n + pi0 p,1.25,1.35,1.3,1.245,1.255,1.25,0.15806086748213813,0.006328417457473167
pi+ n + pi0 p,1.25,1.35,1.3,1.255,1.265,1.26,0.146767163633285,0.00615345762311695
pi+ n + pi0 p,1.25,1.35,1.3,1.265,1.275,1.27,0.13526499793250224,0.006705114885927069
pi+ n + pi0 p,1.25,1.35,1.3,1.275,1.285,1.28,0.12708063728450752,0.007122434113681713
pi+ n + pi0 p,1.25,1.35,1.3,1.285,1.295,1.29,0.11937609436073089,0.00706365646961648
pi+ n + pi0 p,1.25,1.35,1.3,1.295,1.305,1.3,0.10957403634573257,0.006010670807453611
pi+ n + pi0 p,1.25,1.35,1.3,1.305,1.315,1.31,0.10432670088355538,0.005974242381725915
pi+ n + pi0 p,1.25,1.35,1.3,1.315,1.325,1.32,0.09897910922788215,0.005776275806155592
pi+ n + pi0 p,1.25,1.35,1.3,1.325,1.335,1.33,0.0978950512896557,0.006076309681813765
pi+ n + pi0 p,1.25,1.35,1.3,1.335,1.345,1.34,0.09134663374306456,0.006137520303215357
pi+ n + pi0 p,1.25,1.35,1.3,1.345,1.355,1.35,0.08742483149698618,0.005887969124744789
pi+ n + pi0 p,1.25,1.35,1.3,1.355,1.365,1.36,0.08493874114301803,0.006148555775066969
pi+ n + pi0 p,1.25,1.35,1.3,1.365,1.375,1.37,0.08550526549393969,0.006508324133878074
pi+ n + pi0 p,1.25,1.35,1.3,1.375,1.385,1.38,0.08185469075672444,0.006597473984759836
pi+ n + pi0 p,1.25,1.35,1.3,1.385,1.395,1.39,0.0818842705647659,0.006558832519904394
pi+ n + pi0 p,1.25,1.35,1.3,1.395,1.405,1.4,0.08627258572191665,0.006765907701263607
pi+ n + pi0 p,1.25,1.35,1.3,1.405,1.415,1.41,0.08396172450821615,0.0071871303633169945
pi+ n + pi0 p,1.25,1.35,1.3,1.415,1.425,1.42,0.08559063251808754,0.007091819259631867
pi+ n + pi0 p,1.25,1.35,1.3,1.425,1.435,1.43,0.08556937337479674,0.007265778130406563
pi+ n + pi0 p,1.25,1.35,1.3,1.435,1.445,1.44,0.08863520473374652,0.007177271300686055
pi+ n + pi0 p,1.25,1.35,1.3,1.445,1.455,1.45,0.09774343695695897,0.007351473895284055
pi+ n + pi0 p,1.25,1.35,1.3,1.455,1.465,1.46,0.10829968567430016,0.007469155971209683
pi+ n + pi0 p,1.25,1.35,1.3,1.465,1.475,1.47,0.11717673504332474,0.008336744443781607
pi+ n + pi0 p,1.25,1.35,1.3,1.475,1.485,1.48,0.12149385844007925,0.008744376562305528
pi+ n + pi0 p,1.25,1.35,1.3,1.485,1.495,1.49,0.11719578406994444,0.008943713717070253
pi+ n + pi0 p,1.25,1.35,1.3,1.495,1.505,1.5,0.11339182869670446,0.009311404706284944
pi+ n + pi0 p,1.25,1.35,1.3,1.505,1.515,1.51,0.10711264235283477,0.009600766676773403
pi+ n + pi0 p,1.25,1.35,1.3,1.515,1.525,1.52,0.09921701534143365,0.008976539821659246
pi+ n + pi0 p,1.25,1.35,1.3,1.525,1.535,1.53,0.09681814848750511,0.008644950208247706
pi+ n + pi0 p,1.25,1.35,1.3,1.535,1.545,1.54,0.09409648270953741,0.008991222468637837
pi+ n + pi0 p,1.25,1.35,1.3,1.545,1.555,1.55,0.09077957822504155,0.009457765784134606
pi+ n + pi0 p,1.25,1.35,1.3,1.555,1.565,1.56,0.09619704767417246,0.009603190408790416
pi+ n + pi0 p,1.25,1.35,1.3,1.565,1.575,1.57,0.09767783521533421,0.009650867534397754
pi+ n + pi0 p,1.25,1.35,1.3,1.575,1.585,1.58,0.09976441954985923,0.009907376923667574
pi+ n + pi0 p,1.25,1.35,1.3,1.585,1.595,1.59,0.09998749882089074,0.009712044759841307
pi+ n + pi0 p,1.25,1.35,1.3,1.595,1.605,1.6,0.09847554482056586,0.014154057077179562
pi+ n + pi0 p,1.25,1.35,1.3,1.605,1.615,1.61,0.10261658555380199,0.014649575445333156
pi+ n + pi0 p,1.25,1.35,1.3,1.615,1.625,1.62,0.10434339628262138,0.01476928584251133
pi+ n + pi0 p,1.25,1.35,1.3,1.625,1.635,1.63,0.10925136134775389,0.01574487734861234
pi+ n + pi0 p,1.25,1.35,1.3,1.635,1.645,1.64,0.11179499493641903,0.015013925642816986
pi+ n + pi0 p,1.25,1.35,1.3,1.645,1.655,1.65,0.10897965971359848,0.015307145539375662
pi+ n + pi0 p,1.25,1.35,1.3,1.655,1.665,1.66,0.11057465085860621,0.015731303017501853
pi+ n + pi0 p,1.25,1.35,1.3,1.665,1.675,1.67,0.09730788037728887,0.016640245279757573
pi+ n + pi0 p,1.25,1.35,1.3,1.675,1.685,1.68,0.09106699864839,0.014186956176223467
pi+ n + pi0 p,1.25,1.35,1.3,1.685,1.695,1.69,0.08482611691949113,0.011996730658106362
pi+ n + pi0 p,1.25,1.35,1.3,1.695,1.705,1.7,0.07858523519059224,0.010239786412893874
pi+ n + pi0 p,1.25,1.35,1.3,1.705,1.715,1.71,0.07234435346169338,0.009168683844570943
pi+ n + pi0 p,1.25,1.35,1.3,1.715,1.725,1.72,0.0680256826038079,0.008977112109842285
pi+ n + pi0 p,1.25,1.35,1.3,1.725,1.735,1.73,0.06569013095586941,0.008987572220982084
pi+ n + pi0 p,1.35,1.45,1.4,1.115,1.125,1.12,0.020654990745279066,0.002878295826962584
pi+ n + pi0 p,1.35,1.45,1.4,1.125,1.135,1.13,0.01970629755636827,0.0026337173745870765
pi+ n + pi0 p,1.35,1.45,1.4,1.135,1.145,1.14,0.019674514517247894,0.0023654892653457945
pi+ n + pi0 p,1.35,1.45,1.4,1.145,1.155,1.15,0.03226592691660847,0.0029490292516389576
pi+ n + pi0 p,1.35,1.45,1.4,1.155,1.165,1.16,0.051195429615772975,0.003386284221995592
pi+ n + pi0 p,1.35,1.45,1.4,1.165,1.175,1.17,0.0721723850154973,0.004337690741334984
pi+ n + pi0 p,1.35,1.45,1.4,1.175,1.185,1.18,0.08572125248325481,0.004818445319437211
pi+ n + pi0 p,1.35,1.45,1.4,1.185,1.195,1.19,0.10949508397336055,0.005411623554878352
pi+ n + pi0 p,1.35,1.45,1.4,1.195,1.205,1.2,0.1351031918594271,0.006334281669142039
pi+ n + pi0 p,1.35,1.45,1.4,1.205,1.215,1.21,0.14385892869825057,0.0065073157311079655
pi+ n + pi0 p,1.35,1.45,1.4,1.215,1.225,1.22,0.15163017659530875,0.006648118733862951
pi+ n + pi0 p,1.35,1.45,1.4,1.225,1.235,1.23,0.15376412689036953,0.006652607160109885
pi+ n + pi0 p,1.35,1.45,1.4,1.235,1.245,1.24,0.14741429977872325,0.006590835502097568
pi+ n + pi0 p,1.35,1.45,1.4,1.245,1.255,1.25,0.1437756876150304,0.00627924207594866
pi+ n + pi0 p,1.35,1.45,1.4,1.255,1.265,1.26,0.13508515787869296,0.005975862858456138
pi+ n + pi0 p,1.35,1.45,1.4,1.265,1.275,1.27,0.12475073375316738,0.006282190380792529
pi+ n + pi0 p,1.35,1.45,1.4,1.275,1.285,1.28,0.11744959360141649,0.006520729921275228
pi+ n + pi0 p,1.35,1.45,1.4,1.285,1.295,1.29,0.11176950510629456,0.006524519201336144
pi+ n + pi0 p,1.35,1.45,1.4,1.295,1.305,1.3,0.10336245074877654,0.005851200530085605
pi+ n + pi0 p,1.35,1.45,1.4,1.305,1.315,1.31,0.09811511528659933,0.005795227567061489
pi+ n + pi0 p,1.35,1.45,1.4,1.315,1.325,1.32,0.0927756321948151,0.0055910090404257505
pi+ n + pi0 p,1.35,1.45,1.4,1.325,1.335,1.33,0.09177731125827476,0.005862993095220836
pi+ n + pi0 p,1.35,1.45,1.4,1.335,1.345,1.34,0.08522889371168361,0.0059545562357832486
pi+ n + pi0 p,1.35,1.45,1.4,1.345,1.355,1.35,0.08056652023507999,0.005681947373737162
pi+ n + pi0 p,1.35,1.45,1.4,1.355,1.365,1.36,0.07831228750676329,0.005801309824933166
pi+ n + pi0 p,1.35,1.45,1.4,1.365,1.375,1.37,0.07887881185768494,0.006191650241847851
pi+ n + pi0 p,1.35,1.45,1.4,1.375,1.385,1.38,0.07733838733755548,0.006562309247776642
pi+ n + pi0 p,1.35,1.45,1.4,1.385,1.395,1.39,0.07723322785191739,0.0066372287951595305
pi+ n + pi0 p,1.35,1.45,1.4,1.395,1.405,1.4,0.08162154300906813,0.006834832849207168
pi+ n + pi0 p,1.35,1.45,1.4,1.405,1.415,1.41,0.08132724171773187,0.007005309659033448
pi+ n + pi0 p,1.35,1.45,1.4,1.415,1.425,1.42,0.08295614972760326,0.0069108955867759605
pi+ n + pi0 p,1.35,1.45,1.4,1.425,1.435,1.43,0.08325504874764031,0.007109535681569168
pi+ n + pi0 p,1.35,1.45,1.4,1.435,1.445,1.44,0.08379512227271838,0.007210366972077361
pi+ n + pi0 p,1.35,1.45,1.4,1.445,1.455,1.45,0.09175565628459109,0.007322690461560163
pi+ n + pi0 p,1.35,1.45,1.4,1.455,1.465,1.46,0.10150693641497653,0.007426088357939728
pi+ n + pi0 p,1.35,1.45,1.4,1.465,1.475,1.47,0.11442743700630689,0.00836990725343279
pi+ n + pi0 p,1.35,1.45,1.4,1.475,1.485,1.48,0.12359763739606949,0.009151892968860202
pi+ n + pi0 p,1.35,1.45,1.4,1.485,1.495,1.49,0.12227434571397822,0.00948147293143047
pi+ n + pi0 p,1.35,1.45,1.4,1.495,1.505,1.5,0.11939312434554736,0.00986702167027911
pi+ n + pi0 p,1.35,1.45,1.4,1.505,1.515,1.51,0.10905991622407693,0.009477981118316457
pi+ n + pi0 p,1.35,1.45,1.4,1.515,1.525,1.52,0.09869784173970261,0.00876985080164036
pi+ n + pi0 p,1.35,1.45,1.4,1.525,1.535,1.53,0.09166766409251184,0.008900045917512707
pi+ n + pi0 p,1.35,1.45,1.4,1.535,1.545,1.54,0.08723406447865069,0.009304673534556666
pi+ n + pi0 p,1.35,1.45,1.4,1.545,1.555,1.55,0.08858557599771455,0.00982868561886383
pi+ n + pi0 p,1.35,1.45,1.4,1.555,1.565,1.56,0.08450806281359945,0.010159366263134746
pi+ n + pi0 p,1.35,1.45,1.4,1.565,1.575,1.57,0.08267292529738124,0.010359745400170088
pi+ n + pi0 p,1.35,1.45,1.4,1.575,1.585,1.58,0.08960477139277352,0.010735794409447155
pi+ n + pi0 p,1.35,1.45,1.4,1.585,1.595,1.59,0.09140601984557126,0.013479378432385523
pi+ n + pi0 p,1.35,1.45,1.4,1.595,1.605,1.6,0.09190150922217179,0.01787940099162135
pi+ n + pi0 p,1.35,1.45,1.4,1.605,1.615,1.61,0.09754282766785763,0.017924484844990658
pi+ n + pi0 p,1.35,1.45,1.4,1.615,1.625,1.62,0.10087912506628816,0.01806678471250575
pi+ n + pi0 p,1.35,1.45,1.4,1.625,1.635,1.63,0.1072958137831567,0.01799648241181763
pi+ n + pi0 p,1.35,1.45,1.4,1.635,1.645,1.64,0.11405246877776758,0.01750332550944105
pi+ n + pi0 p,1.35,1.45,1.4,1.645,1.655,1.65,0.11039755131108064,0.01820724106040909
pi+ n + pi0 p,1.35,1.45,1.4,1.655,1.665,1.66,0.10415666958218178,0.01548462093816687
pi+ n + pi0 p,1.35,1.45,1.4,1.665,1.675,1.67,0.09791578785328292,0.012896635318060972
pi+ n + pi0 p,1.35,1.45,1.4,1.675,1.685,1.68,0.09167490612438405,0.01054290177403132
pi+ n + pi0 p,1.35,1.45,1.4,1.685,1.695,1.69,0.08543402439548517,0.00861755252192644
pi+ n + pi0 p,1.35,1.45,1.4,1.695,1.705,1.7,0.07919314266658628,0.007459993530890085
pi+ n + pi0 p,1.35,1.45,1.4,1.705,1.715,1.71,0.07535224676507989,0.007310475811681002
pi+ n + pi0 p,1.35,1.45,1.4,1.715,1.725,1.72,0.07303929464229798,0.007321539491351949
pi+ n + pi0 p,1.35,1.45,1.4,1.725,1.735,1.73,0.07047713694481628,0.007330048717449921
pi+ n + pi0 p,1.45,1.55,1.5,1.115,1.125,1.12,0.02051789738572192,0.0028902641778574263
pi+ n + pi0 p,1.45,1.55,1.5,1.125,1.135,1.13,0.01878245312186952,0.0026700653425017007
pi+ n + pi0 p,1.45,1.55,1.5,1.135,1.145,1.14,0.017294156926162176,0.0023654485437267308
pi+ n + pi0 p,1.45,1.55,1.5,1.145,1.155,1.15,0.027114716548014027,0.002823323091197319
pi+ n + pi0 p,1.45,1.55,1.5,1.155,1.165,1.16,0.04533933646986344,0.003220285212110434
pi+ n + pi0 p,1.45,1.55,1.5,1.165,1.175,1.17,0.06589919114555808,0.004036246022337143
pi+ n + pi0 p,1.45,1.55,1.5,1.175,1.185,1.18,0.07805686881632332,0.004574658877099046
pi+ n + pi0 p,1.45,1.55,1.5,1.185,1.195,1.19,0.09962699527938321,0.005234310256711029
pi+ n + pi0 p,1.45,1.55,1.5,1.195,1.205,1.2,0.1199416833910685,0.006066132051302931
pi+ n + pi0 p,1.45,1.55,1.5,1.205,1.215,1.21,0.12835272036765286,0.006301487660834214
pi+ n + pi0 p,1.45,1.55,1.5,1.215,1.225,1.22,0.13731781767153955,0.006493250408022579
pi+ n + pi0 p,1.45,1.55,1.5,1.225,1.235,1.23,0.13773286034434068,0.006486250663844037
pi+ n + pi0 p,1.45,1.55,1.5,1.235,1.245,1.24,0.133053953508673,0.006372899927022268
pi+ n + pi0 p,1.45,1.55,1.5,1.245,1.255,1.25,0.13018294200097308,0.0061007174342912855
pi+ n + pi0 p,1.45,1.55,1.5,1.255,1.265,1.26,0.12279399932089345,0.0057218976182697575
pi+ n + pi0 p,1.45,1.55,1.5,1.265,1.275,1.27,0.113627316770625,0.00582607118503423
pi+ n + pi0 p,1.45,1.55,1.5,1.275,1.285,1.28,0.10771838149408872,0.005937823471354187
pi+ n + pi0 p,1.45,1.55,1.5,1.285,1.295,1.29,0.10308140247855607,0.006022620708521488
pi+ n + pi0 p,1.45,1.55,1.5,1.295,1.305,1.3,0.09606935177851836,0.005665426854467169
pi+ n + pi0 p,1.45,1.55,1.5,1.305,1.315,1.31,0.09082201631634115,0.005591383394634681
pi+ n + pi0 p,1.45,1.55,1.5,1.315,1.325,1.32,0.08665924317382055,0.005581326830366993
pi+ n + pi0 p,1.45,1.55,1.5,1.325,1.335,1.33,0.08593162567435605,0.006091020573989185
pi+ n + pi0 p,1.45,1.55,1.5,1.335,1.345,1.34,0.0793832081277649,0.006224603799526816
pi+ n + pi0 p,1.45,1.55,1.5,1.345,1.355,1.35,0.07393939497357507,0.005967098375070622
pi+ n + pi0 p,1.45,1.55,1.5,1.355,1.365,1.36,0.07193314445376797,0.00572573840880042
pi+ n + pi0 p,1.45,1.55,1.5,1.365,1.375,1.37,0.0725154966184232,0.006411725679442764
pi+ n + pi0 p,1.45,1.55,1.5,1.375,1.385,1.38,0.07230175575475664,0.006932284083731532
pi+ n + pi0 p,1.45,1.55,1.5,1.385,1.395,1.39,0.07212922662227875,0.007071512077542017
pi+ n + pi0 p,1.45,1.55,1.5,1.395,1.405,1.4,0.07590769808261721,0.006620081561109623
pi+ n + pi0 p,1.45,1.55,1.5,1.405,1.415,1.41,0.07760014191392761,0.006639512216406691
pi+ n + pi0 p,1.45,1.55,1.5,1.415,1.425,1.42,0.0799206092525173,0.0070388231412636774
pi+ n + pi0 p,1.45,1.55,1.5,1.425,1.435,1.43,0.07919403884359766,0.006590932777455316
pi+ n + pi0 p,1.45,1.55,1.5,1.435,1.445,1.44,0.07872455827164786,0.0068070693582322215
pi+ n + pi0 p,1.45,1.55,1.5,1.445,1.455,1.45,0.08494346801519592,0.0068792835522260565
pi+ n + pi0 p,1.45,1.55,1.5,1.455,1.465,1.46,0.09432304129158542,0.0072145829904200764
pi+ n + pi0 p,1.45,1.55,1.5,1.465,1.475,1.47,0.10886092237183811,0.00819990765926909
pi+ n + pi0 p,1.45,1.55,1.5,1.475,1.485,1.48,0.11812750145207505,0.008866186858550684
pi+ n + pi0 p,1.45,1.55,1.5,1.485,1.495,1.49,0.12344060403230021,0.009289388017316904
pi+ n + pi0 p,1.45,1.55,1.5,1.495,1.505,1.5,0.1152826266761179,0.008710664637811515
pi+ n + pi0 p,1.45,1.55,1.5,1.505,1.515,1.51,0.10536465913404272,0.008129382270757112
pi+ n + pi0 p,1.45,1.55,1.5,1.515,1.525,1.52,0.09621481637123748,0.008485557907399252
pi+ n + pi0 p,1.45,1.55,1.5,1.525,1.535,1.53,0.0881835809488172,0.008908952814559515
pi+ n + pi0 p,1.45,1.55,1.5,1.535,1.545,1.54,0.08099709935629149,0.009416799029821298
pi+ n + pi0 p,1.45,1.55,1.5,1.545,1.555,1.55,0.07698787694952323,0.009807130054499805
pi+ n + pi0 p,1.45,1.55,1.5,1.555,1.565,1.56,0.07684529155361676,0.0101352086797209
pi+ n + pi0 p,1.45,1.55,1.5,1.565,1.575,1.57,0.07780885332098125,0.014573278572640134
pi+ n + pi0 p,1.45,1.55,1.5,1.575,1.585,1.58,0.07334106965329232,0.01777907271207672
pi+ n + pi0 p,1.45,1.55,1.5,1.585,1.595,1.59,0.07612352678755299,0.017846775153251913
pi+ n + pi0 p,1.45,1.55,1.5,1.595,1.605,1.6,0.08832662869309987,0.01740918720835813
pi+ n + pi0 p,1.45,1.55,1.5,1.605,1.615,1.61,0.09866527469191941,0.016552933939370358
pi+ n + pi0 p,1.45,1.55,1.5,1.615,1.625,1.62,0.1043696891253666,0.017023646066247098
pi+ n + pi0 p,1.45,1.55,1.5,1.625,1.635,1.63,0.108724163104011,0.017687000303047262
pi+ n + pi0 p,1.45,1.55,1.5,1.635,1.645,1.64,0.10985628657439668,0.016805939716698273
pi+ n + pi0 p,1.45,1.55,1.5,1.645,1.655,1.65,0.10782842625144351,0.01418129418152933
pi+ n + pi0 p,1.45,1.55,1.5,1.655,1.665,1.66,0.10476457705817585,0.011713920268123606
pi+ n + pi0 p,1.45,1.55,1.5,1.665,1.675,1.67,0.09852369532927698,0.009177323013304201
pi+ n + pi0 p,1.45,1.55,1.5,1.675,1.685,1.68,0.09228281360037811,0.007036365943764014
pi+ n + pi0 p,1.45,1.55,1.5,1.685,1.695,1.69,0.08604193187147921,0.005751303509646672
pi+ n + pi0 p,1.45,1.55,1.5,1.695,1.705,1.7,0.08267881092635188,0.00564537600636777
pi+ n + pi0 p,1.45,1.55,1.5,1.705,1.715,1.71,0.08038235034895451,0.0056573204446235875
pi+ n + pi0 p,1.45,1.55,1.5,1.715,1.725,1.72,0.07782630063124486,0.005665766790927043
pi+ n + pi0 p,1.55,1.65,1.6,1.115,1.125,1.12,0.020327761180748506,0.0026126783483471834
pi+ n + pi0 p,1.55,1.65,1.6,1.125,1.135,1.13,0.018098020780605933,0.002660477138081197
pi+ n + pi0 p,1.55,1.65,1.6,1.135,1.145,1.14,0.01660972458489859,0.0023427297630578565
pi+ n + pi0 p,1.55,1.65,1.6,1.145,1.155,1.15,0.022522174239351062,0.0026749551010747316
pi+ n + pi0 p,1.55,1.65,1.6,1.155,1.165,1.16,0.039337028606570304,0.002998542381845484
pi+ n + pi0 p,1.55,1.65,1.6,1.165,1.175,1.17,0.058399554601845365,0.0036690470620219604
pi+ n + pi0 p,1.55,1.65,1.6,1.175,1.185,1.18,0.07055723227261061,0.004237684996492949
pi+ n + pi0 p,1.55,1.65,1.6,1.185,1.195,1.19,0.08992365370862461,0.004948387012788794
pi+ n + pi0 p,1.55,1.65,1.6,1.195,1.205,1.2,0.10485030549317798,0.0056675947035872915
pi+ n + pi0 p,1.55,1.65,1.6,1.205,1.215,1.21,0.11257194274528418,0.006021821800941016
pi+ n + pi0 p,1.55,1.65,1.6,1.215,1.225,1.22,0.12153704004917089,0.006217886663686627
pi+ n + pi0 p,1.55,1.65,1.6,1.225,1.235,1.23,0.1219158872496299,0.006214025697149723
pi+ n + pi0 p,1.55,1.65,1.6,1.235,1.245,1.24,0.11861844083568017,0.005931654746260996
pi+ n + pi0 p,1.55,1.65,1.6,1.245,1.255,1.25,0.1172826306399661,0.005774188461064
pi+ n + pi0 p,1.55,1.65,1.6,1.255,1.265,1.26,0.1098936879598865,0.005380989408476052
pi+ n + pi0 p,1.55,1.65,1.6,1.265,1.275,1.27,0.10189474698487519,0.005328472012983773
pi+ n + pi0 p,1.55,1.65,1.6,1.275,1.285,1.28,0.09788700096252431,0.005376258414966594
pi+ n + pi0 p,1.55,1.65,1.6,1.285,1.295,1.29,0.09331178647751545,0.005557840394923234
pi+ n + pi0 p,1.55,1.65,1.6,1.295,1.305,1.3,0.08769473943495804,0.0054402411637783366
pi+ n + pi0 p,1.55,1.65,1.6,1.305,1.315,1.31,0.08244740397278083,0.005349281085835116
pi+ n + pi0 p,1.55,1.65,1.6,1.315,1.325,1.32,0.08062994216489852,0.005770594974781668
pi+ n + pi0 p,1.55,1.65,1.6,1.325,1.335,1.33,0.08035799453789963,0.0068265381546083175
pi+ n + pi0 p,1.55,1.65,1.6,1.335,1.345,1.34,0.07380957699130847,0.007002754171958245
pi+ n + pi0 p,1.55,1.65,1.6,1.345,1.355,1.35,0.0675434557124714,0.006793907802186073
pi+ n + pi0 p,1.55,1.65,1.6,1.355,1.365,1.36,0.0658013119840321,0.005963940808815969
pi+ n + pi0 p,1.55,1.65,1.6,1.365,1.375,1.37,0.06641531977615446,0.007237329556040574
pi+ n + pi0 p,1.55,1.65,1.6,1.375,1.385,1.38,0.0667447960083279,0.007741660076311851
pi+ n + pi0 p,1.55,1.65,1.6,1.385,1.395,1.39,0.06657226687585001,0.00787994784288399
pi+ n + pi0 p,1.55,1.65,1.6,1.395,1.405,1.4,0.0691310509425639,0.00606373663334558
pi+ n + pi0 p,1.55,1.65,1.6,1.405,1.415,1.41,0.07278042509680337,0.006058280798273578
pi+ n + pi0 p,1.55,1.65,1.6,1.415,1.425,1.42,0.07648401109282968,0.007510814621374757
pi+ n + pi0 p,1.55,1.65,1.6,1.425,1.435,1.43,0.07338634366266882,0.005663401221202505
pi+ n + pi0 p,1.55,1.65,1.6,1.435,1.445,1.44,0.07291686309071901,0.005891399856384794
pi+ n + pi0 p,1.55,1.65,1.6,1.445,1.455,1.45,0.07660252463518716,0.005951401011460154
pi+ n + pi0 p,1.55,1.65,1.6,1.455,1.465,1.46,0.08775421103782159,0.006804399881042331
pi+ n + pi0 p,1.55,1.65,1.6,1.465,1.475,1.47,0.09874020510666569,0.007402921333793077
pi+ n + pi0 p,1.55,1.65,1.6,1.475,1.485,1.48,0.1053957443272146,0.007188992287279719
pi+ n + pi0 p,1.55,1.65,1.6,1.485,1.495,1.49,0.10505077209446123,0.00694603581244392
pi+ n + pi0 p,1.55,1.65,1.6,1.495,1.505,1.5,0.10491266532587273,0.007367287707046774
pi+ n + pi0 p,1.55,1.65,1.6,1.505,1.515,1.51,0.09845194667591167,0.007830176289809063
pi+ n + pi0 p,1.55,1.65,1.6,1.515,1.525,1.52,0.09263914260185792,0.00811758578974581
pi+ n + pi0 p,1.55,1.65,1.6,1.525,1.535,1.53,0.08338026526803902,0.012572820267810108
pi+ n + pi0 p,1.55,1.65,1.6,1.535,1.545,1.54,0.07963286016685696,0.01326607311899275
pi+ n + pi0 p,1.55,1.65,1.6,1.545,1.555,1.55,0.07922736981817867,0.012646905630582362
pi+ n + pi0 p,1.55,1.65,1.6,1.555,1.565,1.56,0.07910096960863619,0.012668617503565726
pi+ n + pi0 p,1.55,1.65,1.6,1.565,1.575,1.57,0.07800678636490778,0.01336966864857363
pi+ n + pi0 p,1.55,1.65,1.6,1.575,1.585,1.58,0.08287764873610531,0.01406798875755542
pi+ n + pi0 p,1.55,1.65,1.6,1.585,1.595,1.59,0.08712328587960491,0.01476243904936453
pi+ n + pi0 p,1.55,1.65,1.6,1.595,1.605,1.6,0.08486447368079733,0.015435893837314045
pi+ n + pi0 p,1.55,1.65,1.6,1.605,1.615,1.61,0.0867772446664641,0.016126454300810368
pi+ n + pi0 p,1.55,1.65,1.6,1.615,1.625,1.62,0.09595564915721086,0.016852358971934586
pi+ n + pi0 p,1.55,1.65,1.6,1.625,1.635,1.63,0.10069756097709671,0.01621481900727917
pi+ n + pi0 p,1.55,1.65,1.6,1.635,1.645,1.64,0.10105751827942577,0.01326785804653197
pi+ n + pi0 p,1.55,1.65,1.6,1.645,1.655,1.65,0.10072012279310072,0.010328744403438339
pi+ n + pi0 p,1.55,1.65,1.6,1.655,1.665,1.66,0.10019254018259728,0.0074438312389992645
pi+ n + pi0 p,1.55,1.65,1.6,1.665,1.675,1.67,0.09816467985964412,0.005380688986675794
pi+ n + pi0 p,1.55,1.65,1.6,1.675,1.685,1.68,0.09289072107637217,0.004042614151653947
pi+ n + pi0 p,1.55,1.65,1.6,1.685,1.695,1.69,0.09000537508762385,0.00398373980236871
pi+ n + pi0 p,1.55,1.65,1.6,1.695,1.705,1.7,0.0877089145102265,0.003996966664056921
pi+ n + pi0 p,1.55,1.65,1.6,1.705,1.715,1.71,0.08517546431767344,0.004005624292585224
pi+ n + pi0 p,1.65,1.75,1.7,1.115,1.125,1.12,0.020137624975775096,0.002364568105588548
pi+ n + pi0 p,1.65,1.75,1.7,1.125,1.135,1.13,0.017784310541559992,0.00242461551072552
pi+ n + pi0 p,1.65,1.75,1.7,1.135,1.145,1.14,0.01592529224363501,0.0023224343798589637
pi+ n + pi0 p,1.65,1.75,1.7,1.145,1.155,1.15,0.01687230776471548,0.002541091039506079
pi+ n + pi0 p,1.65,1.75,1.7,1.155,1.165,1.16,0.03333472074327719,0.0028176219372126384
pi+ n + pi0 p,1.65,1.75,1.7,1.165,1.175,1.17,0.05252025999271749,0.0033989177265856202
pi+ n + pi0 p,1.65,1.75,1.7,1.175,1.185,1.18,0.06305759572889791,0.00395328578038558
pi+ n + pi0 p,1.65,1.75,1.7,1.185,1.195,1.19,0.07776711321830193,0.004662235531830161
pi+ n + pi0 p,1.65,1.75,1.7,1.195,1.205,1.2,0.0897589275952875,0.005333670704527926
pi+ n + pi0 p,1.65,1.75,1.7,1.205,1.215,1.21,0.09730821491627414,0.005725294694082753
pi+ n + pi0 p,1.65,1.75,1.7,1.215,1.225,1.22,0.10575626242680222,0.006008279377327551
pi+ n + pi0 p,1.65,1.75,1.7,1.225,1.235,1.23,0.1056647243735282,0.005857295473397265
pi+ n + pi0 p,1.65,1.75,1.7,1.235,1.245,1.24,0.10418292816268737,0.005529794970893661
pi+ n + pi0 p,1.65,1.75,1.7,1.245,1.255,1.25,0.10323091829496978,0.005388838747416783
pi+ n + pi0 p,1.65,1.75,1.7,1.255,1.265,1.26,0.09699337659887956,0.005086439011071816
pi+ n + pi0 p,1.65,1.75,1.7,1.265,1.275,1.27,0.09174384580311686,0.004985496541822819
pi+ n + pi0 p,1.65,1.75,1.7,1.275,1.285,1.28,0.08805562043095991,0.00496324514123198
pi+ n + pi0 p,1.65,1.75,1.7,1.285,1.295,1.29,0.08349584707858201,0.005175112481281089
pi+ n + pi0 p,1.65,1.75,1.7,1.295,1.305,1.3,0.07932012709139774,0.0052822860652826506
pi+ n + pi0 p,1.65,1.75,1.7,1.305,1.315,1.31,0.07552152916460853,0.0054696166592013715
pi+ n + pi0 p,1.65,1.75,1.7,1.315,1.325,1.32,0.0746006411559765,0.006036669503881567
pi+ n + pi0 p,1.65,1.75,1.7,1.325,1.335,1.33,0.07444261099709401,0.0072537991408658685
pi+ n + pi0 p,1.65,1.75,1.7,1.335,1.345,1.34,0.06823594585485206,0.007871048467192505
pi+ n + pi0 p,1.65,1.75,1.7,1.345,1.355,1.35,0.06117170332565501,0.0073205009488751
pi+ n + pi0 p,1.65,1.75,1.7,1.355,1.365,1.36,0.05966947951429623,0.00630508453935168
pi+ n + pi0 p,1.65,1.75,1.7,1.365,1.375,1.37,0.06029140121328538,0.007755160962676678
pi+ n + pi0 p,1.65,1.75,1.7,1.375,1.385,1.38,0.06118783626189918,0.008668066153967847
pi+ n + pi0 p,1.65,1.75,1.7,1.385,1.395,1.39,0.060100541584202846,0.007779154617090794
pi+ n + pi0 p,1.65,1.75,1.7,1.395,1.405,1.4,0.0623544038025106,0.005564549042280212
pi+ n + pi0 p,1.65,1.75,1.7,1.405,1.415,1.41,0.06899804727275659,0.006322517614820033
pi+ n + pi0 p,1.65,1.75,1.7,1.415,1.425,1.42,0.07304741293314204,0.00809757818610639
pi+ n + pi0 p,1.65,1.75,1.7,1.425,1.435,1.43,0.06959708987016677,0.0058367700676170775
pi+ n + pi0 p,1.65,1.75,1.7,1.435,1.445,1.44,0.06710916790979018,0.005014015965781805
pi+ n + pi0 p,1.65,1.75,1.7,1.445,1.455,1.45,0.06996799512499761,0.00546487862138764
pi+ n + pi0 p,1.65,1.75,1.7,1.455,1.465,1.46,0.0764744770821963,0.005642792627516494
pi+ n + pi0 p,1.65,1.75,1.7,1.465,1.475,1.47,0.07923291538554723,0.005731034877358826
pi+ n + pi0 p,1.65,1.75,1.7,1.475,1.485,1.48,0.0863234306371947,0.006147573073186152
pi+ n + pi0 p,1.65,1.75,1.7,1.485,1.495,1.49,0.09378948883992627,0.008753278441146161
pi+ n + pi0 p,1.65,1.75,1.7,1.495,1.505,1.5,0.10076065515384236,0.008454925910536532
pi+ n + pi0 p,1.65,1.75,1.7,1.505,1.515,1.51,0.10402291988135197,0.009141008527073521
pi+ n + pi0 p,1.65,1.75,1.7,1.515,1.525,1.52,0.1013277694758551,0.009817294539617528
pi+ n + pi0 p,1.65,1.75,1.7,1.525,1.535,1.53,0.09816170978568631,0.010496102835600415
pi+ n + pi0 p,1.65,1.75,1.7,1.535,1.545,1.54,0.09326898271838704,0.011177598414926914
pi+ n + pi0 p,1.65,1.75,1.7,1.545,1.555,1.55,0.08870927973873717,0.011861418453508934
pi+ n + pi0 p,1.65,1.75,1.7,1.555,1.565,1.56,0.08514864902203556,0.012548991439844434
pi+ n + pi0 p,1.65,1.75,1.7,1.565,1.575,1.57,0.08229271758332629,0.013240300651387284
pi+ n + pi0 p,1.65,1.75,1.7,1.575,1.585,1.58,0.08119853433959788,0.013940076072362898
pi+ n + pi0 p,1.65,1.75,1.7,1.585,1.595,1.59,0.08216917457795922,0.01463937422869948
pi+ n + pi0 p,1.65,1.75,1.7,1.595,1.605,1.6,0.08748017767130697,0.015337972908827555
pi+ n + pi0 p,1.65,1.75,1.7,1.605,1.615,1.61,0.08950432611225101,0.016043438343857443
pi+ n + pi0 p,1.65,1.75,1.7,1.615,1.625,1.62,0.08526265413908454,0.01569274665152923
pi+ n + pi0 p,1.65,1.75,1.7,1.625,1.635,1.63,0.0827105268540507,0.012696658625149772
pi+ n + pi0 p,1.65,1.75,1.7,1.635,1.645,1.64,0.08725009098262271,0.009751208763557367
pi+ n + pi0 p,1.65,1.75,1.7,1.645,1.655,1.65,0.08999839504280488,0.006863776651745941
pi+ n + pi0 p,1.65,1.75,1.7,1.655,1.665,1.66,0.09035835234513395,0.004139525501645154
pi+ n + pi0 p,1.65,1.75,1.7,1.665,1.675,1.67,0.09030623754507643,0.0022605045548632465
pi+ n + pi0 p,1.65,1.75,1.7,1.675,1.685,1.68,0.09361196563110263,0.0021831406499691315
pi+ n + pi0 p,1.65,1.75,1.7,1.685,1.695,1.69,0.09503547867149846,0.002349235899949709
pi+ n + pi0 p,1.65,1.75,1.7,1.695,1.705,1.7,0.09252462800410202,0.0023583791325231676
pi+ n + pi0 p,1.75,1.85,1.8,1.115,1.125,1.12,0.01994748877080168,0.002156133006087334
pi+ n + pi0 p,1.75,1.85,1.8,1.125,1.135,1.13,0.01759417433658658,0.0021331013056519626
pi+ n + pi0 p,1.75,1.85,1.8,1.135,1.145,1.14,0.015240859902371423,0.002304626418992939
pi+ n + pi0 p,1.75,1.85,1.8,1.145,1.155,1.15,0.013654951032388346,0.0024491622999699963
pi+ n + pi0 p,1.75,1.85,1.8,1.155,1.165,1.16,0.03011736401095004,0.0027223227960116504
pi+ n + pi0 p,1.75,1.85,1.8,1.165,1.175,1.17,0.04503373365733128,0.003279507572291823
pi+ n + pi0 p,1.75,1.85,1.8,1.175,1.185,1.18,0.054846182890651934,0.0037907232711148096
pi+ n + pi0 p,1.75,1.85,1.8,1.185,1.195,1.19,0.06584402748189463,0.004450612284768645
pi+ n + pi0 p,1.75,1.85,1.8,1.195,1.205,1.2,0.07741242097200424,0.0051181424119745855
pi+ n + pi0 p,1.75,1.85,1.8,1.205,1.215,1.21,0.08514060770648088,0.005513885011140218
pi+ n + pi0 p,1.75,1.85,1.8,1.215,1.225,1.22,0.09289925549253078,0.005910012434303478
pi+ n + pi0 p,1.75,1.85,1.8,1.225,1.235,1.23,0.09185067194280964,0.005562447773755663
pi+ n + pi0 p,1.75,1.85,1.8,1.235,1.245,1.24,0.08966888955771876,0.005225466379010211
pi+ n + pi0 p,1.75,1.85,1.8,1.245,1.255,1.25,0.08871687969000115,0.005081544556015032
pi+ n + pi0 p,1.75,1.85,1.8,1.255,1.265,1.26,0.08401453930589681,0.0049157493433717335
pi+ n + pi0 p,1.75,1.85,1.8,1.265,1.275,1.27,0.07997552690247148,0.0048710476811510105
pi+ n + pi0 p,1.75,1.85,1.8,1.275,1.285,1.28,0.07551271232574572,0.004827652588841337
pi+ n + pi0 p,1.75,1.85,1.8,1.285,1.295,1.29,0.07095293897336781,0.005040100557753805
pi+ n + pi0 p,1.75,1.85,1.8,1.295,1.305,1.3,0.06796264731947692,0.005263057211502072
pi+ n + pi0 p,1.75,1.85,1.8,1.305,1.315,1.31,0.06609569943987167,0.005847275343747733
pi+ n + pi0 p,1.75,1.85,1.8,1.315,1.325,1.32,0.06525754368873052,0.006422998702730501
pi+ n + pi0 p,1.75,1.85,1.8,1.325,1.335,1.33,0.06751420340395803,0.007680207688462098
pi+ n + pi0 p,1.75,1.85,1.8,1.335,1.345,1.34,0.06176320813418168,0.008856955801813619
pi+ n + pi0 p,1.75,1.85,1.8,1.345,1.355,1.35,0.05716560302641491,0.007823379185704025
pi+ n + pi0 p,1.75,1.85,1.8,1.355,1.365,1.36,0.05559789896995024,0.00679853213245989
pi+ n + pi0 p,1.75,1.85,1.8,1.365,1.375,1.37,0.056219820668939394,0.008251923028742768
pi+ n + pi0 p,1.75,1.85,1.8,1.375,1.385,1.38,0.05708997109161448,0.009719792980399967
pi+ n + pi0 p,1.75,1.85,1.8,1.385,1.395,1.39,0.05478298902029359,0.007460434204275465
pi+ n + pi0 p,1.75,1.85,1.8,1.395,1.405,1.4,0.05703685123860134,0.005244856704640237
pi+ n + pi0 p,1.75,1.85,1.8,1.405,1.415,1.41,0.06307577999895561,0.007046774107851304
pi+ n + pi0 p,1.75,1.85,1.8,1.415,1.425,1.42,0.06573262300472457,0.008833284787992002
pi+ n + pi0 p,1.75,1.85,1.8,1.425,1.435,1.43,0.06234633157441487,0.006558795426609728
pi+ n + pi0 p,1.75,1.85,1.8,1.435,1.445,1.44,0.06002675730446648,0.004318941646734718
pi+ n + pi0 p,1.75,1.85,1.8,1.445,1.455,1.45,0.060334458977740923,0.004973868270747319
pi+ n + pi0 p,1.75,1.85,1.8,1.455,1.465,1.46,0.06773525560843911,0.0056592005644110505
pi+ n + pi0 p,1.75,1.85,1.8,1.465,1.475,1.47,0.07424336738905789,0.006344906211653072
pi+ n + pi0 p,1.75,1.85,1.8,1.475,1.485,1.48,0.07631607055869405,0.007053693268293618
pi+ n + pi0 p,1.75,1.85,1.8,1.485,1.495,1.49,0.07838877372833018,0.007762626029353493
pi+ n + pi0 p,1.75,1.85,1.8,1.495,1.505,1.5,0.08046147689796633,0.008471667916057073
pi+ n + pi0 p,1.75,1.85,1.8,1.505,1.515,1.51,0.08253418006760248,0.009180793644790951
pi+ n + pi0 p,1.75,1.85,1.8,1.515,1.525,1.52,0.08460688323723863,0.009889985180800108
pi+ n + pi0 p,1.75,1.85,1.8,1.525,1.535,1.53,0.08667958640687479,0.010599229314652377
pi+ n + pi0 p,1.75,1.85,1.8,1.535,1.545,1.54,0.08875228957651093,0.011308516149904704
pi+ n + pi0 p,1.75,1.85,1.8,1.545,1.555,1.55,0.09082499274614707,0.012017838125913227
pi+ n + pi0 p,1.75,1.85,1.8,1.555,1.565,1.56,0.09289769591578322,0.012727189367200447
pi+ n + pi0 p,1.75,1.85,1.8,1.565,1.575,1.57,0.09497039908541938,0.013436565238796543
pi+ n + pi0 p,1.75,1.85,1.8,1.575,1.585,1.58,0.09704310225505551,0.0141459620353025
pi+ n + pi0 p,1.75,1.85,1.8,1.585,1.595,1.59,0.09874162661396371,0.014865395472395248
pi+ n + pi0 p,1.75,1.85,1.8,1.595,1.605,1.6,0.10014965697004402,0.01557722376218891
pi+ n + pi0 p,1.75,1.85,1.8,1.605,1.615,1.61,0.10153597088207987,0.015574793645316842
pi+ n + pi0 p,1.75,1.85,1.8,1.615,1.625,1.62,0.10093071004505565,0.012630292634116367
pi+ n + pi0 p,1.75,1.85,1.8,1.625,1.635,1.63,0.09977166335275839,0.009732804926506165
pi+ n + pi0 p,1.75,1.85,1.8,1.635,1.645,1.64,0.09863524842437715,0.0069391634225788945
pi+ n + pi0 p,1.75,1.85,1.8,1.645,1.655,1.65,0.09714556533792029,0.004461547305923504
pi+ n + pi0 p,1.75,1.85,1.8,1.655,1.665,1.66,0.09463781464061588,0.0031251098399565653
pi+ n + pi0 p,1.75,1.85,1.8,1.665,1.675,1.67,0.09361282739178037,0.0030694133211860816
pi+ n + pi0 p,1.75,1.85,1.8,1.675,1.685,1.68,0.09021944982700741,0.002979057415321878
pi+ n + pi0 p,1.75,1.85,1.8,1.685,1.695,1.69,0.0863933484579692,0.002933668262328862
pi+ n + pi0 p,1.75,1.85,1.8,1.695,1.705,1.7,0.08145435854582485,0.0027927966908966434
pi+ n + pi0 p,1.85,1.95,1.9,1.115,1.125,1.12,0.02045808538509506,0.0021607736142016426
pi+ n + pi0 p,1.85,1.95,1.9,1.125,1.135,1.13,0.018002237782843312,0.0020745778188170864
pi+ n + pi0 p,1.85,1.95,1.9,1.135,1.145,1.14,0.015227454885440157,0.0021763458874629773
pi+ n + pi0 p,1.85,1.95,1.9,1.145,1.155,1.15,0.013394491343561032,0.00228537254603031
pi+ n + pi0 p,1.85,1.95,1.9,1.155,1.165,1.16,0.028925561457320247,0.0025486144183701075
pi+ n + pi0 p,1.85,1.95,1.9,1.165,1.175,1.17,0.03882103826078007,0.0030550884773400512
pi+ n + pi0 p,1.85,1.95,1.9,1.175,1.185,1.18,0.04990714209170707,0.0035405510527682276
pi+ n + pi0 p,1.85,1.95,1.9,1.185,1.195,1.19,0.0607041043162226,0.004152292777452296
pi+ n + pi0 p,1.85,1.95,1.9,1.195,1.205,1.2,0.07180842941500833,0.004768141369604369
pi+ n + pi0 p,1.85,1.95,1.9,1.205,1.215,1.21,0.0795640102590584,0.005139001110566168
pi+ n + pi0 p,1.85,1.95,1.9,1.215,1.225,1.22,0.08686696416164047,0.005498390061293613
pi+ n + pi0 p,1.85,1.95,1.9,1.225,1.235,1.23,0.08574118959186902,0.005179593352960866
pi+ n + pi0 p,1.85,1.95,1.9,1.235,1.245,1.24,0.08263489622665367,0.00485776093488913
pi+ n + pi0 p,1.85,1.95,1.9,1.245,1.255,1.25,0.081702453944316,0.004722845322624781
pi+ n + pi0 p,1.85,1.95,1.9,1.255,1.265,1.26,0.07703674332435106,0.004567720011107799
pi+ n + pi0 p,1.85,1.95,1.9,1.265,1.275,1.27,0.07189432535008514,0.004514939552717335
pi+ n + pi0 p,1.85,1.95,1.9,1.275,1.285,1.28,0.06680795433137218,0.004465445720861173
pi+ n + pi0 p,1.85,1.95,1.9,1.285,1.295,1.29,0.06233520949761091,0.004659386364517115
pi+ n + pi0 p,1.85,1.95,1.9,1.295,1.305,1.3,0.06045103733947667,0.004860877161074067
pi+ n + pi0 p,1.85,1.95,1.9,1.305,1.315,1.31,0.058787128197800506,0.0053973947384492425
pi+ n + pi0 p,1.85,1.95,1.9,1.315,1.325,1.32,0.058494624496096145,0.0059346265287197495
pi+ n + pi0 p,1.85,1.95,1.9,1.325,1.335,1.33,0.06335311276791848,0.007129232916278222
pi+ n + pi0 p,1.85,1.95,1.9,1.335,1.345,1.34,0.05811069906163353,0.008199495427312749
pi+ n + pi0 p,1.85,1.95,1.9,1.345,1.355,1.35,0.05641612413947392,0.007268195029253398
pi+ n + pi0 p,1.85,1.95,1.9,1.355,1.365,1.36,0.05488590016219777,0.006326694318062794
pi+ n + pi0 p,1.85,1.95,1.9,1.365,1.375,1.37,0.05547002440723062,0.007650651960184255
pi+ n + pi0 p,1.85,1.95,1.9,1.375,1.385,1.38,0.05612760483218375,0.008984983896361072
pi+ n + pi0 p,1.85,1.95,1.9,1.385,1.395,1.39,0.05403245649052383,0.006917125573305245
pi+ n + pi0 p,1.85,1.95,1.9,1.395,1.405,1.4,0.05635390556317773,0.005048438461345201
pi+ n + pi0 p,1.85,1.95,1.9,1.405,1.415,1.41,0.05986491367712323,0.0068277815171092285
pi+ n + pi0 p,1.85,1.95,1.9,1.415,1.425,1.42,0.0591832870896884,0.00759231301738025
pi+ n + pi0 p,1.85,1.95,1.9,1.425,1.435,1.43,0.055535897661638106,0.005324936725167735
pi+ n + pi0 p,1.85,1.95,1.9,1.435,1.445,1.44,0.058540850953966,0.0043271017823231055
pi+ n + pi0 p,1.85,1.95,1.9,1.445,1.455,1.45,0.05938472816630243,0.00498253338104714
pi+ n + pi0 p,1.85,1.95,1.9,1.455,1.465,1.46,0.06661814638761074,0.005666188694886247
pi+ n + pi0 p,1.85,1.95,1.9,1.465,1.475,1.47,0.07217778051502012,0.006349338061437624
pi+ n + pi0 p,1.85,1.95,1.9,1.475,1.485,1.48,0.07425048368465628,0.007058405999713425
pi+ n + pi0 p,1.85,1.95,1.9,1.485,1.495,1.49,0.07632318685429242,0.007767568278109255
pi+ n + pi0 p,1.85,1.95,1.9,1.495,1.505,1.5,0.07839589002392856,0.008476801219405621
pi+ n + pi0 p,1.85,1.95,1.9,1.505,1.515,1.51,0.08046859319356472,0.00918608845654519
pi+ n + pi0 p,1.85,1.95,1.9,1.515,1.525,1.52,0.08254129636320087,0.009895418314025822
pi+ n + pi0 p,1.85,1.95,1.9,1.525,1.535,1.53,0.08461399953283702,0.010604782239516813
pi+ n + pi0 p,1.85,1.95,1.9,1.535,1.545,1.54,0.08668670270247315,0.011314173825141344
pi+ n + pi0 p,1.85,1.95,1.9,1.545,1.555,1.55,0.08875940587210931,0.012023588175057583
pi+ n + pi0 p,1.85,1.95,1.9,1.555,1.565,1.56,0.09612135710144316,0.012717797787498045
pi+ n + pi0 p,1.85,1.95,1.9,1.565,1.575,1.57,0.09456971319123192,0.0133922667278886
pi+ n + pi0 p,1.85,1.95,1.9,1.575,1.585,1.58,0.09172769306850845,0.014084618016403991
pi+ n + pi0 p,1.85,1.95,1.9,1.585,1.595,1.59,0.08870029404956285,0.014754599203801802
pi+ n + pi0 p,1.85,1.95,1.9,1.595,1.605,1.6,0.0864540211762059,0.015079873820559241
pi+ n + pi0 p,1.85,1.95,1.9,1.605,1.615,1.61,0.0831264495217304,0.012107870426011006
pi+ n + pi0 p,1.85,1.95,1.9,1.615,1.625,1.62,0.0831709318432994,0.00919309644774219
pi+ n + pi0 p,1.85,1.95,1.9,1.625,1.635,1.63,0.08244140305953934,0.006356799112461581
pi+ n + pi0 p,1.85,1.95,1.9,1.635,1.645,1.64,0.08113439985862726,0.003791963324233034
pi+ n + pi0 p,1.85,1.95,1.9,1.645,1.655,1.65,0.07724666149301389,0.0024983570189268276
pi+ n + pi0 p,1.85,1.95,1.9,1.655,1.665,1.66,0.0825907373389389,0.0027215307071768655
pi+ n + pi0 p,1.85,1.95,1.9,1.665,1.675,1.67,0.08297349601297678,0.0027081093686062894
pi+ n + pi0 p,1.85,1.95,1.9,1.675,1.685,1.68,0.07988991205585225,0.002602497385077803
pi+ n + pi0 p,1.85,1.95,1.9,1.685,1.695,1.69,0.08038115243060313,0.0025306484121651483
pi+ n + pi0 p,1.95,2.05,2.0,1.115,1.125,1.12,0.020968681999388443,0.0021705868649573973
pi+ n + pi0 p,1.95,2.05,2.0,1.125,1.135,1.13,0.018058091359804244,0.0020112520639185122
pi+ n + pi0 p,1.95,2.05,2.0,1.135,1.145,1.14,0.015134002170941655,0.002050705212889255
pi+ n + pi0 p,1.95,2.05,2.0,1.145,1.155,1.15,0.013134031654733716,0.0021231088787577483
pi+ n + pi0 p,1.95,2.05,2.0,1.155,1.165,1.16,0.023056851663563645,0.0023618362052283542
pi+ n + pi0 p,1.95,2.05,2.0,1.165,1.175,1.17,0.032608342864228854,0.002830692745435546
pi+ n + pi0 p,1.95,2.05,2.0,1.175,1.185,1.18,0.043442808794722176,0.0032815685000971502
pi+ n + pi0 p,1.95,2.05,2.0,1.185,1.195,1.19,0.05556418115055055,0.003854960949480999
pi+ n + pi0 p,1.95,2.05,2.0,1.195,1.205,1.2,0.06639451848484552,0.004423381441431138
pi+ n + pi0 p,1.95,2.05,2.0,1.205,1.215,1.21,0.07398741281163594,0.004766006175217523
pi+ n + pi0 p,1.95,2.05,2.0,1.215,1.225,1.22,0.08044060571895159,0.005090707279689667
pi+ n + pi0 p,1.95,2.05,2.0,1.225,1.235,1.23,0.07963170724092837,0.004799470913440921
pi+ n + pi0 p,1.95,2.05,2.0,1.235,1.245,1.24,0.07676121898340509,0.00450385457848483
pi+ n + pi0 p,1.95,2.05,2.0,1.245,1.255,1.25,0.07468802819863082,0.0043645871282878435
pi+ n + pi0 p,1.95,2.05,2.0,1.255,1.265,1.26,0.06885628086093368,0.00421054718237454
pi+ n + pi0 p,1.95,2.05,2.0,1.265,1.275,1.27,0.06381312379769878,0.004158847712087737
pi+ n + pi0 p,1.95,2.05,2.0,1.275,1.285,1.28,0.058882060645569806,0.004113202133813
pi+ n + pi0 p,1.95,2.05,2.0,1.285,1.295,1.29,0.053717480021853996,0.004279723286164303
pi+ n + pi0 p,1.95,2.05,2.0,1.295,1.305,1.3,0.05204197284624831,0.004463268827278286
pi+ n + pi0 p,1.95,2.05,2.0,1.305,1.315,1.31,0.05147855695572932,0.00494856843355591
pi+ n + pi0 p,1.95,2.05,2.0,1.315,1.325,1.32,0.054297313294703636,0.0054820906664506145
pi+ n + pi0 p,1.95,2.05,2.0,1.325,1.335,1.33,0.05919202213187892,0.006582425885335923
pi+ n + pi0 p,1.95,2.05,2.0,1.335,1.345,1.34,0.05721946798726896,0.00756518425469363
pi+ n + pi0 p,1.95,2.05,2.0,1.345,1.355,1.35,0.05566664525253292,0.006723034877283955
pi+ n + pi0 p,1.95,2.05,2.0,1.355,1.365,1.36,0.05429274386032123,0.005868913500899484
pi+ n + pi0 p,1.95,2.05,2.0,1.365,1.375,1.37,0.054720228145521854,0.007056175415105532
pi+ n + pi0 p,1.95,2.05,2.0,1.375,1.385,1.38,0.05534223372486273,0.008259554058298937
pi+ n + pi0 p,1.95,2.05,2.0,1.385,1.395,1.39,0.05328192396075407,0.006378767025794417
pi+ n + pi0 p,1.95,2.05,2.0,1.395,1.405,1.4,0.05314303924134535,0.004832565692120961
pi+ n + pi0 p,1.95,2.05,2.0,1.405,1.415,1.41,0.05665404735529085,0.006608970470508926
pi+ n + pi0 p,1.95,2.05,2.0,1.415,1.425,1.42,0.05411350649518222,0.006358748174914878
pi+ n + pi0 p,1.95,2.05,2.0,1.425,1.435,1.43,0.048725463748861324,0.004100850435478424
pi+ n + pi0 p,1.95,2.05,2.0,1.435,1.445,1.44,0.05401661654878093,0.004312318593988005
pi+ n + pi0 p,1.95,2.05,2.0,1.445,1.455,1.45,0.05843499735486394,0.004992193355309103
pi+ n + pi0 p,1.95,2.05,2.0,1.455,1.465,1.46,0.06455255951357297,0.005672407961951302
pi+ n + pi0 p,1.95,2.05,2.0,1.465,1.475,1.47,0.07011219364098235,0.006354373769936031
pi+ n + pi0 p,1.95,2.05,2.0,1.475,1.485,1.48,0.0721848968106185,0.0070636615856292315
pi+ n + pi0 p,1.95,2.05,2.0,1.485,1.495,1.49,0.07425759998025465,0.007773003553612067
pi+ n + pi0 p,1.95,2.05,2.0,1.495,1.505,1.5,0.078432690250797,0.008478268726510464
pi+ n + pi0 p,1.95,2.05,2.0,1.505,1.515,1.51,0.0875133504234536,0.009174118591931875
pi+ n + pi0 p,1.95,2.05,2.0,1.515,1.525,1.52,0.0894686178949654,0.009852205954088268
pi+ n + pi0 p,1.95,2.05,2.0,1.525,1.535,1.53,0.08826897892795864,0.010525498505340947
pi+ n + pi0 p,1.95,2.05,2.0,1.535,1.545,1.54,0.08615883957584207,0.011203865266798842
pi+ n + pi0 p,1.95,2.05,2.0,1.545,1.555,1.55,0.08389679660974689,0.01188525030593462
pi+ n + pi0 p,1.95,2.05,2.0,1.555,1.565,1.56,0.08097770863519035,0.012582800333147728
pi+ n + pi0 p,1.95,2.05,2.0,1.565,1.575,1.57,0.07813873509725261,0.013281860816038011
pi+ n + pi0 p,1.95,2.05,2.0,1.575,1.585,1.58,0.07545976976098887,0.013949111383986352
pi+ n + pi0 p,1.95,2.05,2.0,1.585,1.595,1.59,0.07354259597629867,0.014608059602580516
pi+ n + pi0 p,1.95,2.05,2.0,1.595,1.605,1.6,0.0687263169772231,0.011615292626592798
pi+ n + pi0 p,1.95,2.05,2.0,1.605,1.615,1.61,0.06471692816138087,0.008641031555240139
pi+ n + pi0 p,1.95,2.05,2.0,1.615,1.625,1.62,0.06504303731473875,0.005753577866991841
pi+ n + pi0 p,1.95,2.05,2.0,1.625,1.635,1.63,0.06511114276632027,0.003126915267794668
pi+ n + pi0 p,1.95,2.05,2.0,1.635,1.645,1.64,0.06227808760067417,0.0019371420543217075
pi+ n + pi0 p,1.95,2.05,2.0,1.645,1.655,1.65,0.06092551429820184,0.0018266759094316897
pi+ n + pi0 p,1.95,2.05,2.0,1.655,1.665,1.66,0.06745672566150203,0.0021277986404323254
pi+ n + pi0 p,1.95,2.05,2.0,1.665,1.675,1.67,0.07218757311964388,0.002345927302354631
pi+ n + pi0 p,1.95,2.05,2.0,1.675,1.685,1.68,0.07266637635939481,0.002232030355295136
pi+ n + pi0 p,2.05,2.15,2.1,1.115,1.125,1.12,0.021736849622393726,0.0022006613264156953
pi+ n + pi0 p,2.05,2.15,2.1,1.125,1.135,1.13,0.026650877228872622,0.0023396362785361646
pi+ n + pi0 p,2.05,2.15,2.1,1.135,1.145,1.14,0.02327931026645817,0.0021961081053696765
pi+ n + pi0 p,2.05,2.15,2.1,1.145,1.155,1.15,0.013565671179307135,0.0019772742147528034
pi+ n + pi0 p,2.05,2.15,2.1,1.155,1.165,1.16,0.021067257012778076,0.0021884519493898394
pi+ n + pi0 p,2.05,2.15,2.1,1.165,1.175,1.17,0.028490517992607753,0.00259225022782346
pi+ n + pi0 p,2.05,2.15,2.1,1.175,1.185,1.18,0.031574694866330785,0.002994125666712836
pi+ n + pi0 p,2.05,2.15,2.1,1.185,1.195,1.19,0.03892059597477822,0.003520144374125124
pi+ n + pi0 p,2.05,2.15,2.1,1.195,1.205,1.2,0.04722638901283539,0.0040399823025104534
pi+ n + pi0 p,2.05,2.15,2.1,1.205,1.215,1.21,0.05251785242405037,0.004352847828523613
pi+ n + pi0 p,2.05,2.15,2.1,1.215,1.225,1.22,0.05713891750171066,0.004640463519596035
pi+ n + pi0 p,2.05,2.15,2.1,1.225,1.235,1.23,0.05543272409763578,0.0043693921361262645
pi+ n + pi0 p,2.05,2.15,2.1,1.235,1.245,1.24,0.05348331774139238,0.004095971493552707
pi+ n + pi0 p,2.05,2.15,2.1,1.245,1.255,1.25,0.05163719412295553,0.003956207921628401
pi+ n + pi0 p,2.05,2.15,2.1,1.255,1.265,1.26,0.04986467783764981,0.0038234397375787794
pi+ n + pi0 p,2.05,2.15,2.1,1.265,1.275,1.27,0.04943859858388036,0.0037885477658247215
pi+ n + pi0 p,2.05,2.15,2.1,1.275,1.285,1.28,0.049180660196769796,0.003762006111140717
pi+ n + pi0 p,2.05,2.15,2.1,1.285,1.295,1.29,0.048300216157164,0.003920939308876514
pi+ n + pi0 p,2.05,2.15,2.1,1.295,1.305,1.3,0.04683337396408688,0.004087571811331175
pi+ n + pi0 p,2.05,2.15,2.1,1.305,1.315,1.31,0.04736960735943029,0.004519203117598374
pi+ n + pi0 p,2.05,2.15,2.1,1.315,1.325,1.32,0.05082503717310002,0.0050181259212425675
pi+ n + pi0 p,2.05,2.15,2.1,1.325,1.335,1.33,0.055755966575628244,0.006023547614178201
pi+ n + pi0 p,2.05,2.15,2.1,1.335,1.345,1.34,0.055428990817291135,0.006913955881833895
pi+ n + pi0 p,2.05,2.15,2.1,1.345,1.355,1.35,0.05427533445613292,0.006174039400638102
pi+ n + pi0 p,2.05,2.15,2.1,1.355,1.365,1.36,0.052503108048162495,0.005395373667523592
pi+ n + pi0 p,2.05,2.15,2.1,1.365,1.375,1.37,0.0528438597299285,0.006451048277204657
pi+ n + pi0 p,2.05,2.15,2.1,1.375,1.385,1.38,0.05343029046365712,0.007525363097690003
pi+ n + pi0 p,2.05,2.15,2.1,1.385,1.395,1.39,0.05210291865324847,0.00583658545889263
pi+ n + pi0 p,2.05,2.15,2.1,1.395,1.405,1.4,0.05090134614903928,0.00461586455736546
pi+ n + pi0 p,2.05,2.15,2.1,1.405,1.415,1.41,0.05441235426298479,0.006389360507863288
pi+ n + pi0 p,2.05,2.15,2.1,1.415,1.425,1.42,0.052446385703379256,0.005173017671892079
pi+ n + pi0 p,2.05,2.15,2.1,1.425,1.435,1.43,0.04999322257565496,0.0037235580746864047
pi+ n + pi0 p,2.05,2.15,2.1,1.435,1.445,1.44,0.05165521856159574,0.004397192364808354
pi+ n + pi0 p,2.05,2.15,2.1,1.445,1.455,1.45,0.05331721454753651,0.005076737288755337
pi+ n + pi0 p,2.05,2.15,2.1,1.455,1.465,1.46,0.05497921053347728,0.005760101314498935
pi+ n + pi0 p,2.05,2.15,2.1,1.465,1.475,1.47,0.05664120651941805,0.0064460699387990875
pi+ n + pi0 p,2.05,2.15,2.1,1.475,1.485,1.48,0.057086459218770404,0.0071131505270666875
pi+ n + pi0 p,2.05,2.15,2.1,1.485,1.495,1.49,0.05747782249656628,0.007773213483206288
pi+ n + pi0 p,2.05,2.15,2.1,1.495,1.505,1.5,0.06368345509952257,0.0084691926924356
pi+ n + pi0 p,2.05,2.15,2.1,1.505,1.515,1.51,0.06935075563952312,0.009154648511357454
pi+ n + pi0 p,2.05,2.15,2.1,1.515,1.525,1.52,0.07667090278955607,0.009845005117932092
pi+ n + pi0 p,2.05,2.15,2.1,1.525,1.535,1.53,0.08405504089051163,0.01053757779945346
pi+ n + pi0 p,2.05,2.15,2.1,1.535,1.545,1.54,0.08267593452491556,0.011218984000370615
pi+ n + pi0 p,2.05,2.15,2.1,1.545,1.555,1.55,0.08015442919859846,0.011913148005775026
pi+ n + pi0 p,2.05,2.15,2.1,1.555,1.565,1.56,0.07731240907587497,0.012610694035861942
pi+ n + pi0 p,2.05,2.15,2.1,1.565,1.575,1.57,0.07405459482376668,0.013264419663173896
pi+ n + pi0 p,2.05,2.15,2.1,1.575,1.585,1.58,0.07091715416239598,0.01391399009499119
pi+ n + pi0 p,2.05,2.15,2.1,1.585,1.595,1.59,0.06517260654643921,0.011254869723573866
pi+ n + pi0 p,2.05,2.15,2.1,1.595,1.605,1.6,0.06004567314566377,0.008288023129071195
pi+ n + pi0 p,2.05,2.15,2.1,1.605,1.615,1.61,0.056455967006915686,0.005391041495833766
pi+ n + pi0 p,2.05,2.15,2.1,1.615,1.625,1.62,0.056880610839649154,0.0028494451199417045
pi+ n + pi0 p,2.05,2.15,2.1,1.625,1.635,1.63,0.05875095011100796,0.002107402228051245
pi+ n + pi0 p,2.05,2.15,2.1,1.635,1.645,1.64,0.059542512266293535,0.002053461183976592
pi+ n + pi0 p,2.05,2.15,2.1,1.645,1.655,1.65,0.05852766844664508,0.001960601765014005
pi+ n + pi0 p,2.05,2.15,2.1,1.655,1.665,1.66,0.04741765732370234,0.0015604542658721248
pi+ n + pi0 p,2.05,2.15,2.1,1.665,1.675,1.67,0.0680425831697159,0.0023942493736486222
pi+ n + pi0 p,2.05,2.15,2.1,1.675,1.685,1.68,0.06839123724223652,0.002258597681528475
pi+ n + pi0 p,2.15,2.25,2.2,1.115,1.125,1.12,0.020933163962841575,0.002135904420800682
pi+ n + pi0 p,2.15,2.25,2.2,1.125,1.135,1.13,0.025569217702272454,0.002243766927297308
pi+ n + pi0 p,2.15,2.25,2.2,1.135,1.145,1.14,0.023079559490144744,0.002093828200345152
pi+ n + pi0 p,2.15,2.25,2.2,1.145,1.155,1.15,0.01319891342866489,0.0018183849216937534
pi+ n + pi0 p,2.15,2.25,2.2,1.155,1.165,1.16,0.017495740112685048,0.0020011921696539824
pi+ n + pi0 p,2.15,2.25,2.2,1.165,1.175,1.17,0.023405923653154373,0.0023586970631660716
pi+ n + pi0 p,2.15,2.25,2.2,1.175,1.185,1.18,0.029474081737243273,0.00275792169440994
pi+ n + pi0 p,2.15,2.25,2.2,1.185,1.195,1.19,0.0362453294862697,0.003234986304449259
pi+ n + pi0 p,2.15,2.25,2.2,1.195,1.205,1.2,0.04405351049297363,0.0037018471191295993
pi+ n + pi0 p,2.15,2.25,2.2,1.205,1.215,1.21,0.04918228738692893,0.003986012862084718
pi+ n + pi0 p,2.15,2.25,2.2,1.215,1.225,1.22,0.053417199836144666,0.0042367209992154025
pi+ n + pi0 p,2.15,2.25,2.2,1.225,1.235,1.23,0.05202788252381802,0.003993327655058828
pi+ n + pi0 p,2.15,2.25,2.2,1.235,1.245,1.24,0.05031428127526669,0.0037468197925571178
pi+ n + pi0 p,2.15,2.25,2.2,1.245,1.255,1.25,0.048692486904765624,0.0036186220827106545
pi+ n + pi0 p,2.15,2.25,2.2,1.255,1.265,1.26,0.04716883564510606,0.0034996584361245637
pi+ n + pi0 p,2.15,2.25,2.2,1.265,1.275,1.27,0.04684201730236762,0.0034670931268784657
pi+ n + pi0 p,2.15,2.25,2.2,1.275,1.285,1.28,0.046739386781841016,0.0034455269368390325
pi+ n + pi0 p,2.15,2.25,2.2,1.285,1.295,1.29,0.04608341790354088,0.003587287231051183
pi+ n + pi0 p,2.15,2.25,2.2,1.295,1.305,1.3,0.04482524069299232,0.0037384620167528236
pi+ n + pi0 p,2.15,2.25,2.2,1.305,1.315,1.31,0.04646027940890339,0.004111191493310592
pi+ n + pi0 p,2.15,2.25,2.2,1.315,1.325,1.32,0.04807779613128525,0.004539929199477955
pi+ n + pi0 p,2.15,2.25,2.2,1.325,1.335,1.33,0.053044946099166414,0.005449468229987471
pi+ n + pi0 p,2.15,2.25,2.2,1.335,1.345,1.34,0.05273926755170008,0.006237863643663636
pi+ n + pi0 p,2.15,2.25,2.2,1.345,1.355,1.35,0.052242191750273906,0.005616461966587687
pi+ n + pi0 p,2.15,2.25,2.2,1.355,1.365,1.36,0.04951699272572158,0.004897495286994471
pi+ n + pi0 p,2.15,2.25,2.2,1.365,1.375,1.37,0.04984091916045057,0.005829713290818267
pi+ n + pi0 p,2.15,2.25,2.2,1.375,1.385,1.38,0.05039177504856693,0.0067776359910531854
pi+ n + pi0 p,2.15,2.25,2.2,1.385,1.395,1.39,0.05049544056800705,0.00528807280288905
pi+ n + pi0 p,2.15,2.25,2.2,1.395,1.405,1.4,0.04962882628625953,0.0043982496769614365
pi+ n + pi0 p,2.15,2.25,2.2,1.405,1.415,1.41,0.05313983440020504,0.0061688927285695385
pi+ n + pi0 p,2.15,2.25,2.2,1.415,1.425,1.42,0.04931495156792572,0.0039708875368711935
pi+ n + pi0 p,2.15,2.25,2.2,1.425,1.435,1.43,0.04914798794779314,0.0037115993852895827
pi+ n + pi0 p,2.15,2.25,2.2,1.435,1.445,1.44,0.0508099839337339,0.00438576076082176
pi+ n + pi0 p,2.15,2.25,2.2,1.445,1.455,1.45,0.05247197991967468,0.005065705257295293
pi+ n + pi0 p,2.15,2.25,2.2,1.455,1.465,1.46,0.05413397590561546,0.0057493814367076
pi+ n + pi0 p,2.15,2.25,2.2,1.465,1.475,1.47,0.05579597189155622,0.006435600119963182
pi+ n + pi0 p,2.15,2.25,2.2,1.475,1.485,1.48,0.05745796787749699,0.0071236265870500085
pi+ n + pi0 p,2.15,2.25,2.2,1.485,1.495,1.49,0.059119963863437756,0.00781298326170771
pi+ n + pi0 p,2.15,2.25,2.2,1.495,1.505,1.5,0.06078195984937853,0.008503346634829571
pi+ n + pi0 p,2.15,2.25,2.2,1.505,1.515,1.51,0.06244395583531931,0.009194489946960264
pi+ n + pi0 p,2.15,2.25,2.2,1.515,1.525,1.52,0.06404982499965088,0.009887752066849283
pi+ n + pi0 p,2.15,2.25,2.2,1.525,1.535,1.53,0.06513184382896336,0.010595555810274354
pi+ n + pi0 p,2.15,2.25,2.2,1.535,1.545,1.54,0.06621386265827583,0.011303799574382009
pi+ n + pi0 p,2.15,2.25,2.2,1.545,1.555,1.55,0.06724968385653693,0.012005220525884798
pi+ n + pi0 p,2.15,2.25,2.2,1.555,1.565,1.56,0.06801601887366486,0.012664984888545274
pi+ n + pi0 p,2.15,2.25,2.2,1.565,1.575,1.57,0.06878235389079279,0.013324933846917986
pi+ n + pi0 p,2.15,2.25,2.2,1.575,1.585,1.58,0.06628709249128285,0.011031804560268999
pi+ n + pi0 p,2.15,2.25,2.2,1.585,1.595,1.59,0.0630670318880757,0.00813243627685538
pi+ n + pi0 p,2.15,2.25,2.2,1.595,1.605,1.6,0.05984697128486853,0.005372369180848182
pi+ n + pi0 p,2.15,2.25,2.2,1.605,1.615,1.61,0.05834356605833467,0.0031927829359272297
pi+ n + pi0 p,2.15,2.25,2.2,1.615,1.625,1.62,0.060574342004033346,0.0028898206230303773
pi+ n + pi0 p,2.15,2.25,2.2,1.625,1.635,1.63,0.06418304246039425,0.002872061377794094
pi+ n + pi0 p,2.15,2.25,2.2,1.635,1.645,1.64,0.06749167357509453,0.002842073339890771
pi+ n + pi0 p,2.15,2.25,2.2,1.645,1.655,1.65,0.06995173147412738,0.002893467402359164
pi+ n + pi0 p,2.15,2.25,2.2,1.655,1.665,1.66,0.02247841870935753,0.0010327993663449165
pi+ n + pi0 p,2.15,2.25,2.2,1.665,1.675,1.67,0.07063503224359122,0.0028567748045430588
pi+ n + pi0 p,2.25,2.35,2.3,1.115,1.125,1.12,0.015760892736322113,0.0016667990535929875
pi+ n + pi0 p,2.25,2.35,2.3,1.125,1.135,1.13,0.016668638861480987,0.0017375111931636396
pi+ n + pi0 p,2.25,2.35,2.3,1.135,1.145,1.14,0.02046464624268484,0.0018910337442809956
pi+ n + pi0 p,2.25,2.35,2.3,1.145,1.155,1.15,0.012569126885913877,0.0016531814049719072
pi+ n + pi0 p,2.25,2.35,2.3,1.155,1.165,1.16,0.018235928670433325,0.0018557249510588632
pi+ n + pi0 p,2.25,2.35,2.3,1.165,1.175,1.17,0.022902296654477548,0.002155083636178883
pi+ n + pi0 p,2.25,2.35,2.3,1.175,1.185,1.18,0.02880936659326097,0.002482537991778711
pi+ n + pi0 p,2.25,2.35,2.3,1.185,1.195,1.19,0.03634880855306091,0.0029121038099097813
pi+ n + pi0 p,2.25,2.35,2.3,1.195,1.205,1.2,0.0445776042862967,0.003345701712775691
pi+ n + pi0 p,2.25,2.35,2.3,1.205,1.215,1.21,0.05009278607258477,0.003630828674587314
pi+ n + pi0 p,2.25,2.35,2.3,1.215,1.225,1.22,0.05097340587880513,0.0038411232578084535
pi+ n + pi0 p,2.25,2.35,2.3,1.225,1.235,1.23,0.048623040950000286,0.003623957703376249
pi+ n + pi0 p,2.25,2.35,2.3,1.235,1.245,1.24,0.047145244809141014,0.003404965006897248
pi+ n + pi0 p,2.25,2.35,2.3,1.245,1.255,1.25,0.04574777968657573,0.003288826199129728
pi+ n + pi0 p,2.25,2.35,2.3,1.255,1.265,1.26,0.04447299345256231,0.0031841180316096807
pi+ n + pi0 p,2.25,2.35,2.3,1.265,1.275,1.27,0.044245436020854886,0.0031542085689305376
pi+ n + pi0 p,2.25,2.35,2.3,1.275,1.285,1.28,0.044298113366912265,0.0031378426113417247
pi+ n + pi0 p,2.25,2.35,2.3,1.285,1.295,1.29,0.04386661964991778,0.0032623774496839154
pi+ n + pi0 p,2.25,2.35,2.3,1.295,1.305,1.3,0.043396884921574064,0.0033911837791114193
pi+ n + pi0 p,2.25,2.35,2.3,1.305,1.315,1.31,0.045550951458376496,0.0037080602750056845
pi+ n + pi0 p,2.25,2.35,2.3,1.315,1.325,1.32,0.046392501023601464,0.004080657792400026
pi+ n + pi0 p,2.25,2.35,2.3,1.325,1.335,1.33,0.05033392562270461,0.004876551400998585
pi+ n + pi0 p,2.25,2.35,2.3,1.335,1.345,1.34,0.05033269989087869,0.00557939950890831
pi+ n + pi0 p,2.25,2.35,2.3,1.345,1.355,1.35,0.05020904904441491,0.005066299690001083
pi+ n + pi0 p,2.25,2.35,2.3,1.355,1.365,1.36,0.04714098976418618,0.00441568801351992
pi+ n + pi0 p,2.25,2.35,2.3,1.365,1.375,1.37,0.046837978590972655,0.005209521142367552
pi+ n + pi0 p,2.25,2.35,2.3,1.375,1.385,1.38,0.048006642672345834,0.006036438526198055
pi+ n + pi0 p,2.25,2.35,2.3,1.385,1.395,1.39,0.04888796248276564,0.0047430369147085346
pi+ n + pi0 p,2.25,2.35,2.3,1.395,1.405,1.4,0.04845460917493241,0.0041840570353510725
pi+ n + pi0 p,2.25,2.35,2.3,1.405,1.415,1.41,0.05000840026475151,0.004945983325383863
pi+ n + pi0 p,2.25,2.35,2.3,1.415,1.425,1.42,0.046640757333990535,0.0030344259668064998
pi+ n + pi0 p,2.25,2.35,2.3,1.425,1.435,1.43,0.0483027533199313,0.003699680398451097
pi+ n + pi0 p,2.25,2.35,2.3,1.435,1.445,1.44,0.04996474930587208,0.004374365554189593
pi+ n + pi0 p,2.25,2.35,2.3,1.445,1.455,1.45,0.051626745291812846,0.0050547064999880075
pi+ n + pi0 p,2.25,2.35,2.3,1.455,1.465,1.46,0.05328874127775362,0.0057386920503460625
pi+ n + pi0 p,2.25,2.35,2.3,1.465,1.475,1.47,0.05495073726369439,0.006425158359506214
pi+ n + pi0 p,2.25,2.35,2.3,1.475,1.485,1.48,0.05661273324963516,0.007113387258479852
pi+ n + pi0 p,2.25,2.35,2.3,1.485,1.495,1.49,0.058274729235575945,0.007802912371789003
pi+ n + pi0 p,2.25,2.35,2.3,1.495,1.505,1.5,0.059936725221516704,0.008493418011782753
pi+ n + pi0 p,2.25,2.35,2.3,1.505,1.515,1.51,0.06118712451565675,0.009195687150371926
pi+ n + pi0 p,2.25,2.35,2.3,1.515,1.525,1.52,0.062269143344969226,0.009903100312332776
pi+ n + pi0 p,2.25,2.35,2.3,1.525,1.535,1.53,0.06366761642793728,0.010603134107810806
pi+ n + pi0 p,2.25,2.35,2.3,1.535,1.545,1.54,0.06572406240333527,0.011277586209803365
pi+ n + pi0 p,2.25,2.35,2.3,1.545,1.555,1.55,0.07033661331145163,0.011928517799925924
pi+ n + pi0 p,2.25,2.35,2.3,1.555,1.565,1.56,0.07519799013731751,0.012583923058076369
pi+ n + pi0 p,2.25,2.35,2.3,1.565,1.575,1.57,0.07189305880053908,0.01060590032629601
pi+ n + pi0 p,2.25,2.35,2.3,1.575,1.585,1.58,0.062969696529154,0.007646698932689923
pi+ n + pi0 p,2.25,2.35,2.3,1.585,1.595,1.59,0.058907881650045436,0.004853564257034863
pi+ n + pi0 p,2.25,2.35,2.3,1.595,1.605,1.6,0.05391770520586413,0.00259555077958801
pi+ n + pi0 p,2.25,2.35,2.3,1.605,1.615,1.61,0.05380520520637616,0.0023105285458834453
pi+ n + pi0 p,2.25,2.35,2.3,1.615,1.625,1.62,0.05551508096786252,0.002350958720062301
pi+ n + pi0 p,2.25,2.35,2.3,1.625,1.635,1.63,0.058768749547610216,0.002371953846569322
pi+ n + pi0 p,2.25,2.35,2.3,1.635,1.645,1.64,0.061817792436850295,0.0023854186394724596
pi+ n + pi0 p,2.25,2.35,2.3,1.645,1.655,1.65,0.06392842795733882,0.002422997882442713
pi+ n + pi0 p,2.25,2.35,2.3,1.655,1.665,1.66,0.03724819222637725,0.0013415509350637094
pi+ n + pi0 p,2.35,2.45,2.4,1.115,1.125,1.12,0.01058862150980263,0.0012295540990322677
pi+ n + pi0 p,2.35,2.45,2.4,1.125,1.135,1.13,0.011393834466924851,0.001314637548984856
pi+ n + pi0 p,2.35,2.45,2.4,1.135,1.145,1.14,0.012366675789886915,0.0014624862265391171
pi+ n + pi0 p,2.35,2.45,2.4,1.145,1.155,1.15,0.011939340343162862,0.0014885363904106048
pi+ n + pi0 p,2.35,2.45,2.4,1.155,1.165,1.16,0.017500135834666912,0.0016794552055005598
pi+ n + pi0 p,2.35,2.45,2.4,1.165,1.175,1.17,0.023727010336580638,0.0019859703290268206
pi+ n + pi0 p,2.35,2.45,2.4,1.175,1.185,1.18,0.028174968204846565,0.002253437913653352
pi+ n + pi0 p,2.35,2.45,2.4,1.185,1.195,1.19,0.03475551853028208,0.0026176180265310746
pi+ n + pi0 p,2.35,2.45,2.4,1.195,1.205,1.2,0.0420185074671587,0.0029747098933937976
pi+ n + pi0 p,2.35,2.45,2.4,1.205,1.215,1.21,0.0468185188860924,0.0032015238560222587
pi+ n + pi0 p,2.35,2.45,2.4,1.215,1.225,1.22,0.0501171458177608,0.0033799896096517257
pi+ n + pi0 p,2.35,2.45,2.4,1.225,1.235,1.23,0.051585919365747274,0.0032314321362209883
pi+ n + pi0 p,2.35,2.45,2.4,1.235,1.245,1.24,0.051321160929828094,0.0030863255125531492
pi+ n + pi0 p,2.35,2.45,2.4,1.245,1.255,1.25,0.046843845775891166,0.0029780045164411162
pi+ n + pi0 p,2.35,2.45,2.4,1.255,1.265,1.26,0.043460765034348633,0.0028838579225542
pi+ n + pi0 p,2.35,2.45,2.4,1.265,1.275,1.27,0.04201397579883541,0.002853681057811061
pi+ n + pi0 p,2.35,2.45,2.4,1.275,1.285,1.28,0.041856839951983485,0.002841811239942855
pi+ n + pi0 p,2.35,2.45,2.4,1.285,1.295,1.29,0.04164982139629467,0.0029491008633688344
pi+ n + pi0 p,2.35,2.45,2.4,1.295,1.305,1.3,0.04244289255898188,0.0030460543089201263
pi+ n + pi0 p,2.35,2.45,2.4,1.305,1.315,1.31,0.0446416235078496,0.0033115922670715987
pi+ n + pi0 p,2.35,2.45,2.4,1.315,1.325,1.32,0.04557607077111573,0.003642829608563065
pi+ n + pi0 p,2.35,2.45,2.4,1.325,1.335,1.33,0.04762290514624279,0.004305261268620908
pi+ n + pi0 p,2.35,2.45,2.4,1.335,1.345,1.34,0.0481578049975961,0.004941401592733771
pi+ n + pi0 p,2.35,2.45,2.4,1.345,1.355,1.35,0.0481759063385559,0.004526257295047287
pi+ n + pi0 p,2.35,2.45,2.4,1.355,1.365,1.36,0.04526416964339163,0.003952718375480313
pi+ n + pi0 p,2.35,2.45,2.4,1.365,1.375,1.37,0.04383503802149472,0.004590935015192355
pi+ n + pi0 p,2.35,2.45,2.4,1.375,1.385,1.38,0.04615609641883586,0.005303008954123124
pi+ n + pi0 p,2.35,2.45,2.4,1.385,1.395,1.39,0.04728048439752422,0.0042028306456310905
pi+ n + pi0 p,2.35,2.45,2.4,1.395,1.405,1.4,0.04736082158752104,0.00397323133852071
pi+ n + pi0 p,2.35,2.45,2.4,1.405,1.415,1.41,0.04687696612929797,0.003740810545510809
pi+ n + pi0 p,2.35,2.45,2.4,1.415,1.425,1.42,0.0457955227061287,0.0030218329367450317
pi+ n + pi0 p,2.35,2.45,2.4,1.425,1.435,1.43,0.04745751869206947,0.0036878014991273745
pi+ n + pi0 p,2.35,2.45,2.4,1.435,1.445,1.44,0.049119514678010234,0.0043630070300973095
pi+ n + pi0 p,2.35,2.45,2.4,1.445,1.455,1.45,0.051161255768337674,0.005029598547465706
pi+ n + pi0 p,2.35,2.45,2.4,1.455,1.465,1.46,0.0533910095514816,0.005697537715696797
pi+ n + pi0 p,2.35,2.45,2.4,1.465,1.475,1.47,0.05629650423952194,0.006364540852969179
pi+ n + pi0 p,2.35,2.45,2.4,1.475,1.485,1.48,0.06022777435633882,0.007039480440347513
pi+ n + pi0 p,2.35,2.45,2.4,1.485,1.495,1.49,0.0654080406680789,0.007726387713559434
pi+ n + pi0 p,2.35,2.45,2.4,1.495,1.505,1.5,0.07165602144477176,0.008431723317793034
pi+ n + pi0 p,2.35,2.45,2.4,1.505,1.515,1.51,0.07794578747142802,0.00913870378428526
pi+ n + pi0 p,2.35,2.45,2.4,1.515,1.525,1.52,0.07933964978821853,0.009835906758575708
pi+ n + pi0 p,2.35,2.45,2.4,1.525,1.535,1.53,0.07919970973844416,0.010512725924836605
pi+ n + pi0 p,2.35,2.45,2.4,1.535,1.545,1.54,0.07704025982138782,0.01117942610636421
pi+ n + pi0 p,2.35,2.45,2.4,1.545,1.555,1.55,0.07154778982353913,0.011815532985634099
pi+ n + pi0 p,2.35,2.45,2.4,1.555,1.565,1.56,0.06309467985943373,0.010125890330024125
pi+ n + pi0 p,2.35,2.45,2.4,1.565,1.575,1.57,0.060750774831028496,0.007186041634178232
pi+ n + pi0 p,2.35,2.45,2.4,1.575,1.585,1.58,0.05719579037545236,0.004350983770707841
pi+ n + pi0 p,2.35,2.45,2.4,1.585,1.595,1.59,0.05194529472183697,0.002071206796248937
pi+ n + pi0 p,2.35,2.45,2.4,1.595,1.605,1.6,0.05076338090820522,0.0018897652134727471
pi+ n + pi0 p,2.35,2.45,2.4,1.605,1.615,1.61,0.05093350117899568,0.0018906378917389944
pi+ n + pi0 p,2.35,2.45,2.4,1.615,1.625,1.62,0.05192343707573074,0.0018888897922795039
pi+ n + pi0 p,2.35,2.45,2.4,1.625,1.635,1.63,0.053298263220923264,0.0018796580556178037
pi+ n + pi0 p,2.35,2.45,2.4,1.635,1.645,1.64,0.055709051428983435,0.0019141616097564738
pi+ n + pi0 p,2.35,2.45,2.4,1.645,1.655,1.65,0.05790512444055024,0.001957583165175219
pi+ n + pi0 p,2.45,2.55,2.5,1.115,1.125,1.12,0.008105462838707451,0.0010133752302473546
pi+ n + pi0 p,2.45,2.55,2.5,1.125,1.135,1.13,0.008968296300493742,0.0010579985634288985
pi+ n + pi0 p,2.45,2.55,2.5,1.135,1.145,1.14,0.010648923256559311,0.001238054131034435
pi+ n + pi0 p,2.45,2.55,2.5,1.145,1.155,1.15,0.012984412302251575,0.0013681488713209223
pi+ n + pi0 p,2.45,2.55,2.5,1.155,1.165,1.16,0.01701885479789713,0.001505651977126998
pi+ n + pi0 p,2.45,2.55,2.5,1.165,1.175,1.17,0.02161582495544113,0.0017431620118666747
pi+ n + pi0 p,2.45,2.55,2.5,1.175,1.185,1.18,0.02685922902951184,0.002006062862885307
pi+ n + pi0 p,2.45,2.55,2.5,1.185,1.195,1.19,0.03319470175685006,0.0023344420331271945
pi+ n + pi0 p,2.45,2.55,2.5,1.195,1.205,1.2,0.039960078662373444,0.002636339912893647
pi+ n + pi0 p,2.45,2.55,2.5,1.205,1.215,1.21,0.04444317018882765,0.0028274215120900844
pi+ n + pi0 p,2.45,2.55,2.5,1.215,1.225,1.22,0.047355644492051485,0.002969588119033607
pi+ n + pi0 p,2.45,2.55,2.5,1.225,1.235,1.23,0.04660380305855699,0.0028009441118089667
pi+ n + pi0 p,2.45,2.55,2.5,1.235,1.245,1.24,0.046915102583601244,0.0026783816576108057
pi+ n + pi0 p,2.45,2.55,2.5,1.245,1.255,1.25,0.0482279521171222,0.002663191451044563
pi+ n + pi0 p,2.45,2.55,2.5,1.255,1.265,1.26,0.044146716655093676,0.002581682459911095
pi+ n + pi0 p,2.45,2.55,2.5,1.265,1.275,1.27,0.04144955780691099,0.00254716986765032
pi+ n + pi0 p,2.45,2.55,2.5,1.275,1.285,1.28,0.040494358171299476,0.0025373591416465715
pi+ n + pi0 p,2.45,2.55,2.5,1.285,1.295,1.29,0.039276951391213163,0.002635837979112196
pi+ n + pi0 p,2.45,2.55,2.5,1.295,1.305,1.3,0.04010568824207428,0.002700983664199219
pi+ n + pi0 p,2.45,2.55,2.5,1.305,1.315,1.31,0.04234908360300729,0.0029155729770912898
pi+ n + pi0 p,2.45,2.55,2.5,1.315,1.325,1.32,0.043207175800590365,0.0031956981180038405
pi+ n + pi0 p,2.45,2.55,2.5,1.325,1.335,1.33,0.04451790642533876,0.0037445438454597134
pi+ n + pi0 p,2.45,2.55,2.5,1.335,1.345,1.34,0.045280034836486224,0.0042984825383550205
pi+ n + pi0 p,2.45,2.55,2.5,1.345,1.355,1.35,0.04531352263406196,0.003993924747741485
pi+ n + pi0 p,2.45,2.55,2.5,1.355,1.365,1.36,0.042558108523962135,0.003494949788835733
pi+ n + pi0 p,2.45,2.55,2.5,1.365,1.375,1.37,0.041770546769842334,0.004006107122451515
pi+ n + pi0 p,2.45,2.55,2.5,1.375,1.385,1.38,0.044001739177103816,0.004576143721207563
pi+ n + pi0 p,2.45,2.55,2.5,1.385,1.395,1.39,0.045369195324060745,0.003671091712716519
pi+ n + pi0 p,2.45,2.55,2.5,1.395,1.405,1.4,0.04631187313626969,0.003797363254075552
pi+ n + pi0 p,2.45,2.55,2.5,1.405,1.415,1.41,0.04424626061960757,0.0026791339217407577
pi+ n + pi0 p,2.45,2.55,2.5,1.415,1.425,1.42,0.045351372746973415,0.0030958145761668895
pi+ n + pi0 p,2.45,2.55,2.5,1.425,1.435,1.43,0.046913724775857576,0.0037465425791664946
pi+ n + pi0 p,2.45,2.55,2.5,1.435,1.445,1.44,0.048476076804741745,0.004410639300729621
pi+ n + pi0 p,2.45,2.55,2.5,1.445,1.455,1.45,0.05003842883362592,0.005082867411305045
pi+ n + pi0 p,2.45,2.55,2.5,1.455,1.465,1.46,0.05160078086251009,0.0057603808499791095
pi+ n + pi0 p,2.45,2.55,2.5,1.465,1.475,1.47,0.05316313289139427,0.006441512111984131
pi+ n + pi0 p,2.45,2.55,2.5,1.475,1.485,1.48,0.05385606615311472,0.00711729515007391
pi+ n + pi0 p,2.45,2.55,2.5,1.485,1.495,1.49,0.05514609276099876,0.007804564611956858
pi+ n + pi0 p,2.45,2.55,2.5,1.495,1.505,1.5,0.05705695110076982,0.00849519712870896
pi+ n + pi0 p,2.45,2.55,2.5,1.505,1.515,1.51,0.05984406757513132,0.009186653192826947
pi+ n + pi0 p,2.45,2.55,2.5,1.515,1.525,1.52,0.06437735916482439,0.009845981943104036
pi+ n + pi0 p,2.45,2.55,2.5,1.525,1.535,1.53,0.07067480668338702,0.010504191509681772
pi+ n + pi0 p,2.45,2.55,2.5,1.535,1.545,1.54,0.07342204327090172,0.01115527829897471
pi+ n + pi0 p,2.45,2.55,2.5,1.545,1.555,1.55,0.07090936172993849,0.009832340993810407
pi+ n + pi0 p,2.45,2.55,2.5,1.555,1.565,1.56,0.06393026117234894,0.006897856523654424
pi+ n + pi0 p,2.45,2.55,2.5,1.565,1.575,1.57,0.05334038886056772,0.003989630867550304
pi+ n + pi0 p,2.45,2.55,2.5,1.575,1.585,1.58,0.05048111087695151,0.0019536962984413797
pi+ n + pi0 p,2.45,2.55,2.5,1.585,1.595,1.59,0.04985001398977489,0.002033579841551381
pi+ n + pi0 p,2.45,2.55,2.5,1.595,1.605,1.6,0.04903117892117057,0.0020771736564667415
pi+ n + pi0 p,2.45,2.55,2.5,1.605,1.615,1.61,0.04954375592048439,0.0020753527733197857
pi+ n + pi0 p,2.45,2.55,2.5,1.615,1.625,1.62,0.050749393790411886,0.0020697214647695653
pi+ n + pi0 p,2.45,2.55,2.5,1.625,1.635,1.63,0.051247234467112664,0.0020592839014084803
pi+ n + pi0 p,2.45,2.55,2.5,1.635,1.645,1.64,0.05363627484338625,0.0022058798455598535
pi+ n + pi0 p,2.45,2.55,2.5,1.645,1.655,1.65,0.05578961807845255,0.0022036387778934454
pi+ n + pi0 p,2.55,2.65,2.6,1.115,1.125,1.12,0.0073126820230586306,0.0009616832492859482
pi+ n + pi0 p,2.55,2.65,2.6,1.125,1.135,1.13,0.008291598965435028,0.001005471790167836
pi+ n + pi0 p,2.55,2.65,2.6,1.135,1.145,1.14,0.009547080353892949,0.0011052186689561323
pi+ n + pi0 p,2.55,2.65,2.6,1.145,1.155,1.15,0.011715562425256397,0.0012197029249575466
pi+ n + pi0 p,2.55,2.65,2.6,1.155,1.165,1.16,0.016153755560860246,0.001355727410358465
pi+ n + pi0 p,2.55,2.65,2.6,1.165,1.175,1.17,0.021037653886268045,0.0015622094157826715
pi+ n + pi0 p,2.55,2.65,2.6,1.175,1.185,1.18,0.026029420059905092,0.001784976601939248
pi+ n + pi0 p,2.55,2.65,2.6,1.185,1.195,1.19,0.03189484115615615,0.0020607321602113915
pi+ n + pi0 p,2.55,2.65,2.6,1.195,1.205,1.2,0.038162606030326285,0.0023062357708679916
pi+ n + pi0 p,2.55,2.65,2.6,1.205,1.215,1.21,0.04147024802518535,0.0024667749847901094
pi+ n + pi0 p,2.55,2.65,2.6,1.215,1.225,1.22,0.04399656969996464,0.0025729514027458757
pi+ n + pi0 p,2.55,2.65,2.6,1.225,1.235,1.23,0.04331298413196112,0.002425040816360753
pi+ n + pi0 p,2.55,2.65,2.6,1.235,1.245,1.24,0.04228647091520528,0.0023249097656772625
pi+ n + pi0 p,2.55,2.65,2.6,1.245,1.255,1.25,0.04382364969666202,0.0023330460517893264
pi+ n + pi0 p,2.55,2.65,2.6,1.255,1.265,1.26,0.03999127926027965,0.0022647600298758776
pi+ n + pi0 p,2.55,2.65,2.6,1.265,1.275,1.27,0.038453474724411504,0.0022243652272105887
pi+ n + pi0 p,2.55,2.65,2.6,1.275,1.285,1.28,0.03765358295538397,0.0022189000950588594
pi+ n + pi0 p,2.55,2.65,2.6,1.285,1.295,1.29,0.03680003355182607,0.0023256339000356173
pi+ n + pi0 p,2.55,2.65,2.6,1.295,1.305,1.3,0.03684634262228973,0.0023588839307496145
pi+ n + pi0 p,2.55,2.65,2.6,1.305,1.315,1.31,0.039134402395288044,0.002522846947190651
pi+ n + pi0 p,2.55,2.65,2.6,1.315,1.325,1.32,0.039803304351371915,0.00274219114434546
pi+ n + pi0 p,2.55,2.65,2.6,1.325,1.335,1.33,0.04115025554147325,0.0031955277082744236
pi+ n + pi0 p,2.55,2.65,2.6,1.335,1.345,1.34,0.041933681163491485,0.003654601334095261
pi+ n + pi0 p,2.55,2.65,2.6,1.345,1.355,1.35,0.041898311597144716,0.003475032542903483
pi+ n + pi0 p,2.55,2.65,2.6,1.355,1.365,1.36,0.03929922007210935,0.003046730811949575
pi+ n + pi0 p,2.55,2.65,2.6,1.365,1.375,1.37,0.0403316883967403,0.0034638580776990514
pi+ n + pi0 p,2.55,2.65,2.6,1.375,1.385,1.38,0.041644841276557085,0.0038591260801918693
pi+ n + pi0 p,2.55,2.65,2.6,1.385,1.395,1.39,0.04325536559178256,0.0031515490385858607
pi+ n + pi0 p,2.55,2.65,2.6,1.395,1.405,1.4,0.04471173390182158,0.0035939918679588306
pi+ n + pi0 p,2.55,2.65,2.6,1.405,1.415,1.41,0.04261616671855903,0.0024692658625140437
pi+ n + pi0 p,2.55,2.65,2.6,1.415,1.425,1.42,0.044178518747443205,0.0030946987497791623
pi+ n + pi0 p,2.55,2.65,2.6,1.425,1.435,1.43,0.045740870776327366,0.003744554865417945
pi+ n + pi0 p,2.55,2.65,2.6,1.435,1.445,1.44,0.04730322280521154,0.004408045628677034
pi+ n + pi0 p,2.55,2.65,2.6,1.445,1.455,1.45,0.048865574834095704,0.005079831269344015
pi+ n + pi0 p,2.55,2.65,2.6,1.455,1.465,1.46,0.05010987487386114,0.005765320725630945
pi+ n + pi0 p,2.55,2.65,2.6,1.465,1.475,1.47,0.05109224974611702,0.006461503846547825
pi+ n + pi0 p,2.55,2.65,2.6,1.475,1.485,1.48,0.0520746246183729,0.007160458102126456
pi+ n + pi0 p,2.55,2.65,2.6,1.485,1.495,1.49,0.05305699949062879,0.00786144438951634
pi+ n + pi0 p,2.55,2.65,2.6,1.495,1.505,1.5,0.05403167475770943,0.008562776711309342
pi+ n + pi0 p,2.55,2.65,2.6,1.505,1.515,1.51,0.05469836581778077,0.009217696550108491
pi+ n + pi0 p,2.55,2.65,2.6,1.515,1.525,1.52,0.055365056877852106,0.00987336372800667
pi+ n + pi0 p,2.55,2.65,2.6,1.525,1.535,1.53,0.05603174793792344,0.010529638638369743
pi+ n + pi0 p,2.55,2.65,2.6,1.535,1.545,1.54,0.05488644098875152,0.00955079565759306
pi+ n + pi0 p,2.55,2.65,2.6,1.545,1.555,1.55,0.05156673642848775,0.006663183225505852
pi+ n + pi0 p,2.55,2.65,2.6,1.555,1.565,1.56,0.04824703186822399,0.003983145247802167
pi+ n + pi0 p,2.55,2.65,2.6,1.565,1.575,1.57,0.0451717703088984,0.0023964912988679045
pi+ n + pi0 p,2.55,2.65,2.6,1.575,1.585,1.58,0.04579648690013615,0.002463244251512134
pi+ n + pi0 p,2.55,2.65,2.6,1.585,1.595,1.59,0.046421203491373915,0.002530269071586925
pi+ n + pi0 p,2.55,2.65,2.6,1.595,1.605,1.6,0.04704592008261167,0.002597544714074223
pi+ n + pi0 p,2.55,2.65,2.6,1.605,1.615,1.61,0.049130988810962874,0.002661697379116073
pi+ n + pi0 p,2.55,2.65,2.6,1.615,1.625,1.62,0.05050613338226491,0.002668184680585605
pi+ n + pi0 p,2.55,2.65,2.6,1.625,1.635,1.63,0.051600446882569526,0.0026972650173852954
pi+ n + pi0 p,2.55,2.65,2.6,1.635,1.645,1.64,0.054169868628909906,0.002892749568721867
pi+ n + pi0 p,2.65,2.75,2.7,1.115,1.125,1.12,0.0061743458595804185,0.0008235714884136774
pi+ n + pi0 p,2.65,2.75,2.7,1.125,1.135,1.13,0.007487962931173672,0.0009423579561033306
pi+ n + pi0 p,2.65,2.75,2.7,1.135,1.145,1.14,0.008524111304849053,0.0009877230329250366
pi+ n + pi0 p,2.65,2.75,2.7,1.145,1.155,1.15,0.010446712548261222,0.0010770225725976641
pi+ n + pi0 p,2.65,2.75,2.7,1.155,1.165,1.16,0.014401091644847722,0.0011951402176388075
pi+ n + pi0 p,2.65,2.75,2.7,1.165,1.175,1.17,0.020093145788970715,0.0013886621779666017
pi+ n + pi0 p,2.65,2.75,2.7,1.175,1.185,1.18,0.025199611090298342,0.0015780480155933518
pi+ n + pi0 p,2.65,2.75,2.7,1.185,1.195,1.19,0.030594980555462233,0.0017999502106071706
pi+ n + pi0 p,2.65,2.75,2.7,1.195,1.205,1.2,0.036111942644695263,0.0019881327665248047
pi+ n + pi0 p,2.65,2.75,2.7,1.205,1.215,1.21,0.03849732586154306,0.002117275687057392
pi+ n + pi0 p,2.65,2.75,2.7,1.215,1.225,1.22,0.040575339851313466,0.002185972770638659
pi+ n + pi0 p,2.65,2.75,2.7,1.225,1.235,1.23,0.04002216520536525,0.0020574867277066795
pi+ n + pi0 p,2.65,2.75,2.7,1.235,1.245,1.24,0.038051243709182364,0.0019823297368091576
pi+ n + pi0 p,2.65,2.75,2.7,1.245,1.255,1.25,0.03941934727620183,0.00201330672793843
pi+ n + pi0 p,2.65,2.75,2.7,1.255,1.265,1.26,0.03610086521578651,0.0019564315200147593
pi+ n + pi0 p,2.65,2.75,2.7,1.265,1.275,1.27,0.03545739164191202,0.0019103540261992623
pi+ n + pi0 p,2.65,2.75,2.7,1.275,1.285,1.28,0.03484765329327415,0.001915920073140132
pi+ n + pi0 p,2.65,2.75,2.7,1.285,1.295,1.29,0.03432311571243896,0.0020327536495084093
pi+ n + pi0 p,2.65,2.75,2.7,1.295,1.305,1.3,0.033834770193236684,0.002032997303693877
pi+ n + pi0 p,2.65,2.75,2.7,1.305,1.315,1.31,0.035919721187568796,0.002143115256679579
pi+ n + pi0 p,2.65,2.75,2.7,1.315,1.325,1.32,0.036469954887038566,0.002302667508475544
pi+ n + pi0 p,2.65,2.75,2.7,1.325,1.335,1.33,0.03778260465760774,0.0026573988448167184
pi+ n + pi0 p,2.65,2.75,2.7,1.335,1.345,1.34,0.038534675102660225,0.0030312061520114384
pi+ n + pi0 p,2.65,2.75,2.7,1.345,1.355,1.35,0.038483100560227475,0.0029823493214914012
pi+ n + pi0 p,2.65,2.75,2.7,1.355,1.365,1.36,0.0364995454517035,0.0026351988964129287
pi+ n + pi0 p,2.65,2.75,2.7,1.365,1.375,1.37,0.03889283002363826,0.0029604713011031907
pi+ n + pi0 p,2.65,2.75,2.7,1.375,1.385,1.38,0.03950855954646848,0.003169721696673765
pi+ n + pi0 p,2.65,2.75,2.7,1.385,1.395,1.39,0.041141535859504384,0.002650000807866564
pi+ n + pi0 p,2.65,2.75,2.7,1.395,1.405,1.4,0.04125268039469966,0.0024809423135843016
pi+ n + pi0 p,2.65,2.75,2.7,1.405,1.415,1.41,0.04144331271902882,0.0024695445609134816
pi+ n + pi0 p,2.65,2.75,2.7,1.415,1.425,1.42,0.043005664747912994,0.0030936312274065874
pi+ n + pi0 p,2.65,2.75,2.7,1.425,1.435,1.43,0.04456801677679716,0.0037426063565603623
pi+ n + pi0 p,2.65,2.75,2.7,1.435,1.445,1.44,0.04603682410299934,0.004407872220577867
pi+ n + pi0 p,2.65,2.75,2.7,1.445,1.455,1.45,0.04701919897525523,0.005094252158109217
pi+ n + pi0 p,2.65,2.75,2.7,1.455,1.465,1.46,0.048001573847511116,0.005786405790441266
pi+ n + pi0 p,2.65,2.75,2.7,1.465,1.475,1.47,0.048983948719766995,0.006482483958846136
pi+ n + pi0 p,2.65,2.75,2.7,1.475,1.485,1.48,0.049966323592022875,0.0071813455539708
pi+ n + pi0 p,2.65,2.75,2.7,1.485,1.495,1.49,0.05087170241252642,0.007870418577632812
pi+ n + pi0 p,2.65,2.75,2.7,1.495,1.505,1.5,0.05153839347259776,0.008524180024205087
pi+ n + pi0 p,2.65,2.75,2.7,1.505,1.515,1.51,0.0522050845326691,0.009178910529930112
pi+ n + pi0 p,2.65,2.75,2.7,1.515,1.525,1.52,0.052871775592740436,0.009834416550124481
pi+ n + pi0 p,2.65,2.75,2.7,1.525,1.535,1.53,0.05208886824541715,0.009183816830783014
pi+ n + pi0 p,2.65,2.75,2.7,1.535,1.545,1.54,0.048761776751355956,0.00629188351045689
pi+ n + pi0 p,2.65,2.75,2.7,1.545,1.555,1.55,0.046125443527844465,0.0035701699131287018
pi+ n + pi0 p,2.65,2.75,2.7,1.555,1.565,1.56,0.045163186942955014,0.002104690933024307
pi+ n + pi0 p,2.65,2.75,2.7,1.565,1.575,1.57,0.04937228114211142,0.0021686477173782667
pi+ n + pi0 p,2.65,2.75,2.7,1.575,1.585,1.58,0.0484370466713018,0.002197418000950894
pi+ n + pi0 p,2.65,2.75,2.7,1.585,1.595,1.59,0.0466547611887629,0.002249341543346671
pi+ n + pi0 p,2.65,2.75,2.7,1.595,1.605,1.6,0.04510612768713712,0.002273522722650601
pi+ n + pi0 p,2.65,2.75,2.7,1.605,1.615,1.61,0.04630044964009708,0.002333418796483844
pi+ n + pi0 p,2.65,2.75,2.7,1.615,1.625,1.62,0.04766142915135953,0.002327070824086056
pi+ n + pi0 p,2.65,2.75,2.7,1.625,1.635,1.63,0.04822485980319316,0.0023338341725689933
pi+ n + pi0 p,2.75,2.85,2.8,1.115,1.125,1.12,0.005036009696102212,0.0006873516421415318
pi+ n + pi0 p,2.75,2.85,2.8,1.125,1.135,1.13,0.006247093599658814,0.0007752539328965859
pi+ n + pi0 p,2.75,2.85,2.8,1.135,1.145,1.14,0.007737558112948483,0.0009154992952737574
pi+ n + pi0 p,2.75,2.85,2.8,1.145,1.155,1.15,0.009177862671266052,0.0009427292953448535
pi+ n + pi0 p,2.75,2.85,2.8,1.155,1.165,1.16,0.013026235474837151,0.0010477977524481533
pi+ n + pi0 p,2.75,2.85,2.8,1.165,1.175,1.17,0.017886810150356564,0.0012000733897279583
pi+ n + pi0 p,2.75,2.85,2.8,1.175,1.185,1.18,0.024268041835101537,0.0013890717449771763
pi+ n + pi0 p,2.75,2.85,2.8,1.185,1.195,1.19,0.02929511995476833,0.0015585989797368984
pi+ n + pi0 p,2.75,2.85,2.8,1.195,1.205,1.2,0.03330170699831264,0.0016898689514982333
pi+ n + pi0 p,2.75,2.85,2.8,1.205,1.215,1.21,0.035524403697900775,0.001785481709591029
pi+ n + pi0 p,2.75,2.85,2.8,1.215,1.225,1.22,0.03696764483296937,0.0018082757160003326
pi+ n + pi0 p,2.75,2.85,2.8,1.225,1.235,1.23,0.036731346278769395,0.0017036942033410378
pi+ n + pi0 p,2.75,2.85,2.8,1.235,1.245,1.24,0.03499622989027857,0.0016696407265963285
pi+ n + pi0 p,2.75,2.85,2.8,1.245,1.255,1.25,0.03501504485574168,0.00170982133800406
pi+ n + pi0 p,2.75,2.85,2.8,1.255,1.265,1.26,0.03300552122225603,0.0016565812867787688
pi+ n + pi0 p,2.75,2.85,2.8,1.265,1.275,1.27,0.03246130855941255,0.0016102887501445538
pi+ n + pi0 p,2.75,2.85,2.8,1.275,1.285,1.28,0.0321462602925814,0.0016526813827252137
pi+ n + pi0 p,2.75,2.85,2.8,1.285,1.295,1.29,0.031846197873051874,0.0017658383108073387
pi+ n + pi0 p,2.75,2.85,2.8,1.295,1.305,1.3,0.03156651733637815,0.0017404750100932654
pi+ n + pi0 p,2.75,2.85,2.8,1.305,1.315,1.31,0.03270503997984956,0.0017846917487722477
pi+ n + pi0 p,2.75,2.85,2.8,1.315,1.325,1.32,0.033348171377360486,0.0019001213413462155
pi+ n + pi0 p,2.75,2.85,2.8,1.325,1.335,1.33,0.034414953773742256,0.0021383924964377228
pi+ n + pi0 p,2.75,2.85,2.8,1.335,1.345,1.34,0.03497771187831941,0.002459074523266253
pi+ n + pi0 p,2.75,2.85,2.8,1.345,1.355,1.35,0.03506788952331025,0.00253122574933723
pi+ n + pi0 p,2.75,2.85,2.8,1.355,1.365,1.36,0.035077512325638494,0.002323756293147386
pi+ n + pi0 p,2.75,2.85,2.8,1.365,1.375,1.37,0.03745397165053623,0.0025193504923294655
pi+ n + pi0 p,2.75,2.85,2.8,1.375,1.385,1.38,0.038034126327754186,0.0025653279499327428
pi+ n + pi0 p,2.75,2.85,2.8,1.385,1.395,1.39,0.03902770612722621,0.0021789087131915026
pi+ n + pi0 p,2.75,2.85,2.8,1.395,1.405,1.4,0.03870810669061444,0.00189764360638806
pi+ n + pi0 p,2.75,2.85,2.8,1.405,1.415,1.41,0.040270458719498615,0.0024698842350038674
pi+ n + pi0 p,2.75,2.85,2.8,1.415,1.425,1.42,0.041832810748382784,0.003092612059070588
pi+ n + pi0 p,2.75,2.85,2.8,1.425,1.435,1.43,0.04294614820439344,0.0037519051467924075
pi+ n + pi0 p,2.75,2.85,2.8,1.435,1.445,1.44,0.04392852307664932,0.00442920284020442
pi+ n + pi0 p,2.75,2.85,2.8,1.445,1.455,1.45,0.0449108979489052,0.005115457237883618
pi+ n + pi0 p,2.75,2.85,2.8,1.455,1.465,1.46,0.04589327282116109,0.005807494045571665
pi+ n + pi0 p,2.75,2.85,2.8,1.465,1.475,1.47,0.046869355120182116,0.006496229685087007
pi+ n + pi0 p,2.75,2.85,2.8,1.475,1.485,1.48,0.047757030432013736,0.0071539533186832
pi+ n + pi0 p,2.75,2.85,2.8,1.485,1.495,1.49,0.04925684743351764,0.007776970380173434
pi+ n + pi0 p,2.75,2.85,2.8,1.495,1.505,1.5,0.05091177537532343,0.008413478806425864
pi+ n + pi0 p,2.75,2.85,2.8,1.505,1.515,1.51,0.05321369645345183,0.009053243036388714
pi+ n + pi0 p,2.75,2.85,2.8,1.515,1.525,1.52,0.055622029012436944,0.008708216655652688
pi+ n + pi0 p,2.75,2.85,2.8,1.525,1.535,1.53,0.057346601878006054,0.005776410183207734
pi+ n + pi0 p,2.75,2.85,2.8,1.535,1.545,1.54,0.05445425017815923,0.00305172352094151
pi+ n + pi0 p,2.75,2.85,2.8,1.545,1.555,1.55,0.050593751979312054,0.0017813350693460272
pi+ n + pi0 p,2.75,2.85,2.8,1.555,1.565,1.56,0.04848198508329428,0.0017731326655810089
pi+ n + pi0 p,2.75,2.85,2.8,1.565,1.575,1.57,0.04650113255952527,0.0018171254900821879
pi+ n + pi0 p,2.75,2.85,2.8,1.575,1.585,1.58,0.04540135543906525,0.0019236014838892302
pi+ n + pi0 p,2.75,2.85,2.8,1.585,1.595,1.59,0.04376064883361061,0.0019327257953396521
pi+ n + pi0 p,2.75,2.85,2.8,1.595,1.605,1.6,0.042759264902797516,0.0019460533862912708
pi+ n + pi0 p,2.75,2.85,2.8,1.605,1.615,1.61,0.0434699104692313,0.002008329219171844
pi+ n + pi0 p,2.75,2.85,2.8,1.615,1.625,1.62,0.04437642628949524,0.0019878605661434014
pi+ n + pi0 p,2.85,2.95,2.9,1.115,1.125,1.12,0.0038976735326239982,0.0005544199872275521
pi+ n + pi0 p,2.85,2.95,2.9,1.125,1.135,1.13,0.0050062242681439524,0.0006083642500915392
pi+ n + pi0 p,2.85,2.95,2.9,1.135,1.145,1.14,0.006422093674370273,0.0007243653192383362
pi+ n + pi0 p,2.85,2.95,2.9,1.145,1.155,1.15,0.007909012794270875,0.000820949409159622
pi+ n + pi0 p,2.85,2.95,2.9,1.155,1.165,1.16,0.011651379304826574,0.0009134376941028676
pi+ n + pi0 p,2.85,2.95,2.9,1.165,1.175,1.17,0.015680474511742395,0.0010245031227984892
pi+ n + pi0 p,2.85,2.95,2.9,1.175,1.185,1.18,0.021810068296053704,0.0011829824050303035
pi+ n + pi0 p,2.85,2.95,2.9,1.185,1.195,1.19,0.02799525935407441,0.0013471626082421566
pi+ n + pi0 p,2.85,2.95,2.9,1.195,1.205,1.2,0.030491471351930012,0.0014226899078649002
pi+ n + pi0 p,2.85,2.95,2.9,1.205,1.215,1.21,0.03255148153425847,0.0014833221586781097
pi+ n + pi0 p,2.85,2.95,2.9,1.215,1.225,1.22,0.033359949814625256,0.0014561018992420222
pi+ n + pi0 p,2.85,2.95,2.9,1.225,1.235,1.23,0.03344052735217352,0.0013743325188766214
pi+ n + pi0 p,2.85,2.95,2.9,1.235,1.245,1.24,0.03194121607137476,0.0013873677454533716
pi+ n + pi0 p,2.85,2.95,2.9,1.245,1.255,1.25,0.030610742435281495,0.0014329546263456125
pi+ n + pi0 p,2.85,2.95,2.9,1.255,1.265,1.26,0.02991017722872554,0.0013799451788482002
pi+ n + pi0 p,2.85,2.95,2.9,1.265,1.275,1.27,0.029465225476913073,0.0013336164082309175
pi+ n + pi0 p,2.85,2.95,2.9,1.275,1.285,1.28,0.02944486729188863,0.0014249095106545616
pi+ n + pi0 p,2.85,2.95,2.9,1.285,1.295,1.29,0.029369280033664766,0.0015384621080710237
pi+ n + pi0 p,2.85,2.95,2.9,1.295,1.305,1.3,0.029298264479519606,0.0014879905782915208
pi+ n + pi0 p,2.85,2.95,2.9,1.305,1.315,1.31,0.029490358772130312,0.0014633187018274828
pi+ n + pi0 p,2.85,2.95,2.9,1.315,1.325,1.32,0.030226387867682405,0.0015378533051799222
pi+ n + pi0 p,2.85,2.95,2.9,1.325,1.335,1.33,0.031047302889876744,0.0016565804778257355
pi+ n + pi0 p,2.85,2.95,2.9,1.335,1.345,1.34,0.03142074865397859,0.0019539753758899404
pi+ n + pi0 p,2.85,2.95,2.9,1.345,1.355,1.35,0.031652678486393006,0.0021480084102165494
pi+ n + pi0 p,2.85,2.95,2.9,1.355,1.365,1.36,0.03365547919957348,0.0020971439631491686
pi+ n + pi0 p,2.85,2.95,2.9,1.365,1.375,1.37,0.03601511327743419,0.0021786515366336696
pi+ n + pi0 p,2.85,2.95,2.9,1.375,1.385,1.38,0.03655969310903989,0.0020682697416071847
pi+ n + pi0 p,2.85,2.95,2.9,1.385,1.395,1.39,0.03691387639494803,0.0017628607542278158
pi+ n + pi0 p,2.85,2.95,2.9,1.395,1.405,1.4,0.03753005447841196,0.0018845662266793763
pi+ n + pi0 p,2.85,2.95,2.9,1.405,1.415,1.41,0.03885093663213934,0.002422638723452397
pi+ n + pi0 p,2.85,2.95,2.9,1.415,1.425,1.42,0.04013170433815115,0.0030249675860828185
pi+ n + pi0 p,2.85,2.95,2.9,1.425,1.435,1.43,0.0419472051518396,0.003651455173355485
pi+ n + pi0 p,2.85,2.95,2.9,1.435,1.445,1.44,0.04384817525916378,0.004310360416022039
pi+ n + pi0 p,2.85,2.95,2.9,1.445,1.455,1.45,0.045859938895275024,0.0049895730762656975
pi+ n + pi0 p,2.85,2.95,2.9,1.455,1.465,1.46,0.04847754378558796,0.0056739307413178315
pi+ n + pi0 p,2.85,2.95,2.9,1.465,1.475,1.47,0.05148540098519609,0.006328296358273052
pi+ n + pi0 p,2.85,2.95,2.9,1.475,1.485,1.48,0.05597561840422123,0.006980342988783624
pi+ n + pi0 p,2.85,2.95,2.9,1.485,1.495,1.49,0.06168658689012543,0.007640479099903678
pi+ n + pi0 p,2.85,2.95,2.9,1.495,1.505,1.5,0.06423860698916611,0.008304348625347754
pi+ n + pi0 p,2.85,2.95,2.9,1.505,1.515,1.51,0.06420285832302579,0.008308926983999536
pi+ n + pi0 p,2.85,2.95,2.9,1.515,1.525,1.52,0.058961531720250024,0.00534574018664559
pi+ n + pi0 p,2.85,2.95,2.9,1.525,1.535,1.53,0.05286123653887058,0.0025053496840438194
pi+ n + pi0 p,2.85,2.95,2.9,1.535,1.545,1.54,0.0485374251938249,0.0013586995377993156
pi+ n + pi0 p,2.85,2.95,2.9,1.545,1.555,1.55,0.04651177222581983,0.001401144305236775
pi+ n + pi0 p,2.85,2.95,2.9,1.555,1.565,1.56,0.045247726809827624,0.001496562813928391
pi+ n + pi0 p,2.85,2.95,2.9,1.565,1.575,1.57,0.04414794968936759,0.0016033507205219177
pi+ n + pi0 p,2.85,2.95,2.9,1.575,1.585,1.58,0.04241516998008408,0.0015987023896519802
pi+ n + pi0 p,2.85,2.95,2.9,1.585,1.595,1.59,0.040392933396746065,0.0015676923189522417
pi+ n + pi0 p,2.85,2.95,2.9,1.595,1.605,1.6,0.040436778066466214,0.0016254541746062849
pi+ n + pi0 p,2.85,2.95,2.9,1.605,1.615,1.61,0.040639371298365506,0.0016882718549982392
pi+ n + pi0 p,2.85,2.95,2.9,1.615,1.625,1.62,0.04107624071621853,0.001654117334709215
pi+ n + pi0 p,2.95,3.05,3.0,1.115,1.125,1.12,0.0052190408781022865,0.0005495439985532835
pi+ n + pi0 p,2.95,3.05,3.0,1.125,1.135,1.13,0.007980542380934506,0.0006858012248293708
pi+ n + pi0 p,2.95,3.05,3.0,1.135,1.145,1.14,0.008157355618840007,0.0006268214223571566
pi+ n + pi0 p,2.95,3.05,3.0,1.145,1.155,1.15,0.008262247838937337,0.0005748377283138026
pi+ n + pi0 p,2.95,3.05,3.0,1.155,1.165,1.16,0.010725339314195566,0.0006561182610012317
pi+ n + pi0 p,2.95,3.05,3.0,1.165,1.175,1.17,0.013704808076860768,0.0007469653970299609
pi+ n + pi0 p,2.95,3.05,3.0,1.175,1.185,1.18,0.01779244926785747,0.0008670793984820422
pi+ n + pi0 p,2.95,3.05,3.0,1.185,1.195,1.19,0.021880090458854175,0.0009873556261254786
pi+ n + pi0 p,2.95,3.05,3.0,1.195,1.205,1.2,0.02563700684665792,0.001077596661627898
pi+ n + pi0 p,2.95,3.05,3.0,1.205,1.215,1.21,0.029393923234461675,0.0011680298275599317
pi+ n + pi0 p,2.95,3.05,3.0,1.215,1.225,1.22,0.02979137686375817,0.0011067425367869092
pi+ n + pi0 p,2.95,3.05,3.0,1.225,1.235,1.23,0.030119392792256658,0.0010611955008302107
pi+ n + pi0 p,2.95,3.05,3.0,1.235,1.245,1.24,0.028855886619149958,0.0011237416718575127
pi+ n + pi0 p,2.95,3.05,3.0,1.245,1.255,1.25,0.027777600904308558,0.0011656666438888033
pi+ n + pi0 p,2.95,3.05,3.0,1.255,1.265,1.26,0.02721093286139098,0.0011551750582843969
pi+ n + pi0 p,2.95,3.05,3.0,1.265,1.275,1.27,0.026865242020609525,0.0011098827167900476
pi+ n + pi0 p,2.95,3.05,3.0,1.275,1.285,1.28,0.026969866367088653,0.0011560001094655403
pi+ n + pi0 p,2.95,3.05,3.0,1.285,1.295,1.29,0.027118754270170454,0.0012717145867990505
pi+ n + pi0 p,2.95,3.05,3.0,1.295,1.305,1.3,0.027256403698553856,0.001201798186872359
pi+ n + pi0 p,2.95,3.05,3.0,1.305,1.315,1.31,0.02732116841174951,0.0011708342490175784
pi+ n + pi0 p,2.95,3.05,3.0,1.315,1.325,1.32,0.028041691142734138,0.0012206870902362718
pi+ n + pi0 p,2.95,3.05,3.0,1.325,1.335,1.33,0.028870617936327385,0.0012631833528771843
pi+ n + pi0 p,2.95,3.05,3.0,1.335,1.345,1.34,0.02906293146863186,0.0013346724398350638
pi+ n + pi0 p,2.95,3.05,3.0,1.345,1.355,1.35,0.029255245000936337,0.0014067115783398811
pi+ n + pi0 p,2.95,3.05,3.0,1.355,1.365,1.36,0.029622403304931263,0.0014805497482020728
pi+ n + pi0 p,2.95,3.05,3.0,1.365,1.375,1.37,0.029989561608926192,0.0015547164527134525
pi+ n + pi0 p,2.95,3.05,3.0,1.375,1.385,1.38,0.03013172473001821,0.001606370724708544
pi+ n + pi0 p,2.95,3.05,3.0,1.385,1.395,1.39,0.030273887851110237,0.0016607217578949024
pi+ n + pi0 p,2.95,3.05,3.0,1.395,1.405,1.4,0.031134763497836813,0.0020962969279175315
pi+ n + pi0 p,2.95,3.05,3.0,1.405,1.415,1.41,0.03199563914456339,0.0026540499660545527
pi+ n + pi0 p,2.95,3.05,3.0,1.415,1.425,1.42,0.03285651479128997,0.0032720877118589922
pi+ n + pi0 p,2.95,3.05,3.0,1.425,1.435,1.43,0.03371739043801654,0.003922013656956055
pi+ n + pi0 p,2.95,3.05,3.0,1.435,1.445,1.44,0.03470295691992241,0.00466078159397857
pi+ n + pi0 p,2.95,3.05,3.0,1.445,1.455,1.45,0.03653019944637417,0.005375289009881523
pi+ n + pi0 p,2.95,3.05,3.0,1.455,1.465,1.46,0.03878018860433455,0.005968014857946665
pi+ n + pi0 p,2.95,3.05,3.0,1.465,1.475,1.47,0.039692222303778,0.006512457596966464
pi+ n + pi0 p,2.95,3.05,3.0,1.475,1.485,1.48,0.04035834485188507,0.007134747025934104
pi+ n + pi0 p,2.95,3.05,3.0,1.485,1.495,1.49,0.04159250918771629,0.0077548649919405134
pi+ n + pi0 p,2.95,3.05,3.0,1.495,1.505,1.5,0.042815791572181496,0.008055355522194186
pi+ n + pi0 p,2.95,3.05,3.0,1.505,1.515,1.51,0.040752666246098745,0.00514926582952055
pi+ n + pi0 p,2.95,3.05,3.0,1.515,1.525,1.52,0.03967403295809376,0.002522717619381778
pi+ n + pi0 p,2.95,3.05,3.0,1.525,1.535,1.53,0.043378948265518885,0.0018860201405824447
pi+ n + pi0 p,2.95,3.05,3.0,1.535,1.545,1.54,0.04559537369310077,0.001985129727201488
pi+ n + pi0 p,2.95,3.05,3.0,1.545,1.555,1.55,0.045016159093686094,0.0020331621096109304
pi+ n + pi0 p,2.95,3.05,3.0,1.555,1.565,1.56,0.04288470151290933,0.0020144317814676602
pi+ n + pi0 p,2.95,3.05,3.0,1.565,1.575,1.57,0.040859048544904256,0.00205556024045213
pi+ n + pi0 p,2.95,3.05,3.0,1.575,1.585,1.58,0.03951511080092503,0.0021491069572007492
pi+ n + pi0 p,2.95,3.05,3.0,1.585,1.595,1.59,0.037659059554042446,0.002154415405620846
pi+ n + pi0 p,2.95,3.05,3.0,1.595,1.605,1.6,0.03655600635605232,0.00216327919523329
pi+ n + pi0 p,2.95,3.05,3.0,1.605,1.615,1.61,0.0372318501633015,0.0022422951048075733
pi+ n + pi0 p,3.05,3.15,3.1,1.115,1.125,1.12,0.004907749223154724,0.0005545897148083446
pi+ n + pi0 p,3.05,3.15,3.1,1.125,1.135,1.13,0.007669250725986944,0.0006910949031416647
pi+ n + pi0 p,3.05,3.15,3.1,1.135,1.145,1.14,0.007846063963892444,0.0006320184782449241
pi+ n + pi0 p,3.05,3.15,3.1,1.145,1.155,1.15,0.0077701236552178594,0.0005601098141002676
pi+ n + pi0 p,3.05,3.15,3.1,1.155,1.165,1.16,0.010028896836247308,0.0006941704094972144
pi+ n + pi0 p,3.05,3.15,3.1,1.165,1.175,1.17,0.0124787376892122,0.0007237294832042265
pi+ n + pi0 p,3.05,3.15,3.1,1.175,1.185,1.18,0.016566378880208902,0.0008440439985758277
pi+ n + pi0 p,3.05,3.15,3.1,1.185,1.195,1.19,0.020313561663520344,0.000958356353540875
pi+ n + pi0 p,3.05,3.15,3.1,1.195,1.205,1.2,0.023790037061233355,0.0010487353548228543
pi+ n + pi0 p,3.05,3.15,3.1,1.205,1.215,1.21,0.027546953449037105,0.001139060329473308
pi+ n + pi0 p,3.05,3.15,3.1,1.215,1.225,1.22,0.027944407078333604,0.0010777932437321185
pi+ n + pi0 p,3.05,3.15,3.1,1.225,1.235,1.23,0.028255155868814663,0.001052424361566337
pi+ n + pi0 p,3.05,3.15,3.1,1.235,1.245,1.24,0.027078630465452166,0.0011151994806371808
pi+ n + pi0 p,3.05,3.15,3.1,1.245,1.255,1.25,0.026206145259794433,0.0011181101258356336
pi+ n + pi0 p,3.05,3.15,3.1,1.255,1.265,1.26,0.02539394699228115,0.0011462523967076049
pi+ n + pi0 p,3.05,3.15,3.1,1.265,1.275,1.27,0.02533063060811388,0.0011074236149185908
pi+ n + pi0 p,3.05,3.15,3.1,1.275,1.285,1.28,0.025344155855789342,0.001077293572594516
pi+ n + pi0 p,3.05,3.15,3.1,1.285,1.295,1.29,0.02549304375887114,0.0011906733447351213
pi+ n + pi0 p,3.05,3.15,3.1,1.295,1.305,1.3,0.02576439170396924,0.00112332489611329
pi+ n + pi0 p,3.05,3.15,3.1,1.305,1.315,1.31,0.025748173400289624,0.001134495415302494
pi+ n + pi0 p,3.05,3.15,3.1,1.315,1.325,1.32,0.026348247172820225,0.001192437671017164
pi+ n + pi0 p,3.05,3.15,3.1,1.325,1.335,1.33,0.02709666889762137,0.0012325010069582996
pi+ n + pi0 p,3.05,3.15,3.1,1.335,1.345,1.34,0.02741859672797055,0.0013068201381076143
pi+ n + pi0 p,3.05,3.15,3.1,1.345,1.355,1.35,0.027610910260275026,0.0013785939208393757
pi+ n + pi0 p,3.05,3.15,3.1,1.355,1.365,1.36,0.027978068564269952,0.001452223953869995
pi+ n + pi0 p,3.05,3.15,3.1,1.365,1.375,1.37,0.02833449296756764,0.0015242351444598322
pi+ n + pi0 p,3.05,3.15,3.1,1.375,1.385,1.38,0.028602938089188002,0.0015864126098789216
pi+ n + pi0 p,3.05,3.15,3.1,1.385,1.395,1.39,0.028745101210280025,0.0016395619764517737
pi+ n + pi0 p,3.05,3.15,3.1,1.395,1.405,1.4,0.029605976857006604,0.0020848689843606483
pi+ n + pi0 p,3.05,3.15,3.1,1.405,1.415,1.41,0.030466852503733176,0.002649198038791797
pi+ n + pi0 p,3.05,3.15,3.1,1.415,1.425,1.42,0.031327728150459755,0.0032715253590633155
pi+ n + pi0 p,3.05,3.15,3.1,1.425,1.435,1.43,0.03218860379718633,0.003924355037546572
pi+ n + pi0 p,3.05,3.15,3.1,1.435,1.445,1.44,0.03301098141803674,0.004589146856838564
pi+ n + pi0 p,3.05,3.15,3.1,1.445,1.455,1.45,0.03355617325257877,0.005223892754104809
pi+ n + pi0 p,3.05,3.15,3.1,1.455,1.465,1.46,0.034101365087120805,0.0058646803875671664
pi+ n + pi0 p,3.05,3.15,3.1,1.465,1.475,1.47,0.03464655692166283,0.006509725839035776
pi+ n + pi0 p,3.05,3.15,3.1,1.475,1.485,1.48,0.03519174875620486,0.00715787809757011
pi+ n + pi0 p,3.05,3.15,3.1,1.485,1.495,1.49,0.03573694059074689,0.007808363537202053
pi+ n + pi0 p,3.05,3.15,3.1,1.495,1.505,1.5,0.03229573680495379,0.00502673572652924
pi+ n + pi0 p,3.05,3.15,3.1,1.505,1.515,1.51,0.028854533019160716,0.0028029916767911087
pi+ n + pi0 p,3.05,3.15,3.1,1.515,1.525,1.52,0.028046647016201097,0.0025279730303847795
pi+ n + pi0 p,3.05,3.15,3.1,1.525,1.535,1.53,0.028549864381909554,0.002609287860314225
pi+ n + pi0 p,3.05,3.15,3.1,1.535,1.545,1.54,0.029053081747618004,0.0026908071733683665
pi+ n + pi0 p,3.05,3.15,3.1,1.545,1.555,1.55,0.02959786272505289,0.002825874229788054
pi+ n + pi0 p,3.05,3.15,3.1,1.555,1.565,1.56,0.031103482639876015,0.0028058576427407484
pi+ n + pi0 p,3.05,3.15,3.1,1.565,1.575,1.57,0.03205980393656878,0.0027635102095992336
pi+ n + pi0 p,3.05,3.15,3.1,1.575,1.585,1.58,0.03520773259028028,0.0027552116853249227
pi+ n + pi0 p,3.05,3.15,3.1,1.585,1.595,1.59,0.034777286552659416,0.0027872176076266923
pi+ n + pi0 p,3.05,3.15,3.1,1.595,1.605,1.6,0.03292037228066344,0.0028297233993071673
pi+ n + pi0 p,3.15,3.25,3.2,1.115,1.125,1.12,0.0045994853083588865,0.0005595380714982646
pi+ n + pi0 p,3.15,3.25,3.2,1.125,1.135,1.13,0.007357959071039382,0.0006963887376735552
pi+ n + pi0 p,3.15,3.25,3.2,1.135,1.145,1.14,0.0075326569848917,0.0006369554470615096
pi+ n + pi0 p,3.15,3.25,3.2,1.145,1.155,1.15,0.00727799947149838,0.0005453845276196324
pi+ n + pi0 p,3.15,3.25,3.2,1.155,1.165,1.16,0.00960016348976583,0.000760455681069817
pi+ n + pi0 p,3.15,3.25,3.2,1.165,1.175,1.17,0.011487395001010287,0.0007539946469544279
pi+ n + pi0 p,3.15,3.25,3.2,1.175,1.185,1.18,0.015346093839270606,0.0008225219023163715
pi+ n + pi0 p,3.15,3.25,3.2,1.185,1.195,1.19,0.018747032868186513,0.0009294417429916747
pi+ n + pi0 p,3.15,3.25,3.2,1.195,1.205,1.2,0.021943067275808782,0.0010199477419297477
pi+ n + pi0 p,3.15,3.25,3.2,1.205,1.215,1.21,0.025699983663612536,0.0011101529006395214
pi+ n + pi0 p,3.15,3.25,3.2,1.215,1.225,1.22,0.0260935796428647,0.001049764563898966
pi+ n + pi0 p,3.15,3.25,3.2,1.225,1.235,1.23,0.026390918945372672,0.0010437259262985974
pi+ n + pi0 p,3.15,3.25,3.2,1.235,1.245,1.24,0.025311664337213553,0.0011048636454581747
pi+ n + pi0 p,3.15,3.25,3.2,1.245,1.255,1.25,0.024634689615280307,0.0010708112630453204
pi+ n + pi0 p,3.15,3.25,3.2,1.255,1.265,1.26,0.023589237634401107,0.0011354523118518136
pi+ n + pi0 p,3.15,3.25,3.2,1.265,1.275,1.27,0.023796019195618235,0.0011049650429435856
pi+ n + pi0 p,3.15,3.25,3.2,1.275,1.285,1.28,0.02372090443096795,0.0010040516910597853
pi+ n + pi0 p,3.15,3.25,3.2,1.285,1.295,1.29,0.023867333247571825,0.0011110225044547782
pi+ n + pi0 p,3.15,3.25,3.2,1.295,1.305,1.3,0.024268330558540864,0.001048719262180083
pi+ n + pi0 p,3.15,3.25,3.2,1.305,1.315,1.31,0.024175178388829738,0.0010984607007347052
pi+ n + pi0 p,3.15,3.25,3.2,1.315,1.325,1.32,0.024660825650829013,0.0011639342276194508
pi+ n + pi0 p,3.15,3.25,3.2,1.325,1.335,1.33,0.025322719858915363,0.0012018891266073538
pi+ n + pi0 p,3.15,3.25,3.2,1.335,1.345,1.34,0.025774261987309234,0.001279115564871283
pi+ n + pi0 p,3.15,3.25,3.2,1.345,1.355,1.35,0.025966575519613715,0.0013506051738902606
pi+ n + pi0 p,3.15,3.25,3.2,1.355,1.365,1.36,0.026333733823608638,0.0014240121736524716
pi+ n + pi0 p,3.15,3.25,3.2,1.365,1.375,1.37,0.026679424326209084,0.0014938022054694004
pi+ n + pi0 p,3.15,3.25,3.2,1.375,1.385,1.38,0.027074151448357786,0.001567040882022201
pi+ n + pi0 p,3.15,3.25,3.2,1.385,1.395,1.39,0.027216314569449812,0.001618939247060008
pi+ n + pi0 p,3.15,3.25,3.2,1.395,1.405,1.4,0.028077190216176388,0.002074013174371221
pi+ n + pi0 p,3.15,3.25,3.2,1.405,1.415,1.41,0.028938065862902963,0.002644835225250583
pi+ n + pi0 p,3.15,3.25,3.2,1.415,1.425,1.42,0.029798941509629542,0.003271365532840065
pi+ n + pi0 p,3.15,3.25,3.2,1.425,1.435,1.43,0.030552022683902856,0.003911822890300332
pi+ n + pi0 p,3.15,3.25,3.2,1.435,1.445,1.44,0.031097214518444882,0.004538120044348741
pi+ n + pi0 p,3.15,3.25,3.2,1.445,1.455,1.45,0.031642406352986915,0.005173329939017113
pi+ n + pi0 p,3.15,3.25,3.2,1.455,1.465,1.46,0.03218759818752894,0.005814532284553125
pi+ n + pi0 p,3.15,3.25,3.2,1.465,1.475,1.47,0.03273279002207098,0.006459942927569809
pi+ n + pi0 p,3.15,3.25,3.2,1.475,1.485,1.48,0.033277981856613,0.007108415679740218
pi+ n + pi0 p,3.15,3.25,3.2,1.485,1.495,1.49,0.030199177672668553,0.0046544837605864324
pi+ n + pi0 p,3.15,3.25,3.2,1.495,1.505,1.5,0.026757973886875487,0.002538579281071505
pi+ n + pi0 p,3.15,3.25,3.2,1.505,1.515,1.51,0.02642786284029492,0.0024241019673636715
pi+ n + pi0 p,3.15,3.25,3.2,1.515,1.525,1.52,0.02693108020600337,0.00250565006429593
pi+ n + pi0 p,3.15,3.25,3.2,1.525,1.535,1.53,0.027434297571711827,0.002587396133542961
pi+ n + pi0 p,3.15,3.25,3.2,1.535,1.545,1.54,0.02793751493742028,0.0026693219868867495
pi+ n + pi0 p,3.15,3.25,3.2,1.545,1.555,1.55,0.028440732303128734,0.002751411564655145
pi+ n + pi0 p,3.15,3.25,3.2,1.555,1.565,1.56,0.028802855336102735,0.0028283771809742043
pi+ n + pi0 p,3.15,3.25,3.2,1.565,1.575,1.57,0.029537223251530412,0.0029015970859734724
pi+ n + pi0 p,3.15,3.25,3.2,1.575,1.585,1.58,0.030156112756528575,0.0028666026787984022
pi+ n + pi0 p,3.15,3.25,3.2,1.585,1.595,1.59,0.03209782489926246,0.002896156377835991
pi+ n + pi0 p,3.25,3.35,3.3,1.115,1.125,1.12,0.00442331300623966,0.0005540796145368898
pi+ n + pi0 p,3.25,3.35,3.3,1.125,1.135,1.13,0.007046667416091821,0.0007016827248892534
pi+ n + pi0 p,3.25,3.35,3.3,1.135,1.145,1.14,0.007088642584494553,0.0006271859345759577
pi+ n + pi0 p,3.25,3.35,3.3,1.145,1.155,1.15,0.0067858752877789025,0.000530662087621994
pi+ n + pi0 p,3.25,3.35,3.3,1.155,1.165,1.16,0.009044817549615322,0.0007473379108426863
pi+ n + pi0 p,3.25,3.35,3.3,1.165,1.175,1.17,0.010933843547749775,0.0008227437125291393
pi+ n + pi0 p,3.25,3.35,3.3,1.175,1.185,1.18,0.014181208116190334,0.0008494587108837903
pi+ n + pi0 p,3.25,3.35,3.3,1.185,1.195,1.19,0.017199788561886933,0.0009048549355313183
pi+ n + pi0 p,3.25,3.35,3.3,1.195,1.205,1.2,0.020236317985429592,0.0009911038460719748
pi+ n + pi0 p,3.25,3.35,3.3,1.205,1.215,1.21,0.02385301387818798,0.0010813125190827998
pi+ n + pi0 p,3.25,3.35,3.3,1.215,1.225,1.22,0.024199399787988088,0.0010393976959429472
pi+ n + pi0 p,3.25,3.35,3.3,1.225,1.235,1.23,0.024526682021930687,0.0010351020279233056
pi+ n + pi0 p,3.25,3.35,3.3,1.235,1.245,1.24,0.023696718307827335,0.001059131538240488
pi+ n + pi0 p,3.25,3.35,3.3,1.245,1.255,1.25,0.023063233970766185,0.0010238057664325789
pi+ n + pi0 p,3.25,3.35,3.3,1.255,1.265,1.26,0.022158969218194075,0.0010904610790200163
pi+ n + pi0 p,3.25,3.35,3.3,1.265,1.275,1.27,0.02226140778312259,0.0011025070044100118
pi+ n + pi0 p,3.25,3.35,3.3,1.275,1.285,1.28,0.02216533433384974,0.001000403600017632
pi+ n + pi0 p,3.25,3.35,3.3,1.285,1.295,1.29,0.022241622736272518,0.0010330837163096804
pi+ n + pi0 p,3.25,3.35,3.3,1.295,1.305,1.3,0.02262848628872363,0.0010130224995845004
pi+ n + pi0 p,3.25,3.35,3.3,1.305,1.315,1.31,0.022602183377369855,0.0010627610407900553
pi+ n + pi0 p,3.25,3.35,3.3,1.315,1.325,1.32,0.023047578104973085,0.0011267202548533167
pi+ n + pi0 p,3.25,3.35,3.3,1.325,1.335,1.33,0.023548770820209355,0.001171353236430984
pi+ n + pi0 p,3.25,3.35,3.3,1.335,1.345,1.34,0.024065120097625584,0.0012499973712918986
pi+ n + pi0 p,3.25,3.35,3.3,1.345,1.355,1.35,0.024322240778952404,0.0013227535205498624
pi+ n + pi0 p,3.25,3.35,3.3,1.355,1.365,1.36,0.02468403213259871,0.001394870979172132
pi+ n + pi0 p,3.25,3.35,3.3,1.365,1.375,1.37,0.025024355684850542,0.0014634206533714698
pi+ n + pi0 p,3.25,3.35,3.3,1.375,1.385,1.38,0.02548222380726341,0.0015423611526542951
pi+ n + pi0 p,3.25,3.35,3.3,1.385,1.395,1.39,0.025687527928619606,0.0015988743509981868
pi+ n + pi0 p,3.25,3.35,3.3,1.395,1.405,1.4,0.02654840357534618,0.0020637385266902507
pi+ n + pi0 p,3.25,3.35,3.3,1.405,1.415,1.41,0.027409279222072758,0.0026409639494469
pi+ n + pi0 p,3.25,3.35,3.3,1.415,1.425,1.42,0.028093063949768977,0.0032475359453962346
pi+ n + pi0 p,3.25,3.35,3.3,1.425,1.435,1.43,0.02863825578431101,0.003860317798778686
pi+ n + pi0 p,3.25,3.35,3.3,1.435,1.445,1.44,0.02918344761885304,0.004487120592057141
pi+ n + pi0 p,3.25,3.35,3.3,1.445,1.455,1.45,0.029728639453395073,0.0051228002905566936
pi+ n + pi0 p,3.25,3.35,3.3,1.455,1.465,1.46,0.030273831287937102,0.005764420901995366
pi+ n + pi0 p,3.25,3.35,3.3,1.465,1.475,1.47,0.030819023122479132,0.006410198730379831
pi+ n + pi0 p,3.25,3.35,3.3,1.475,1.485,1.48,0.02810261854038334,0.004283660032308608
pi+ n + pi0 p,3.25,3.35,3.3,1.485,1.495,1.49,0.025324884651491634,0.002497850461006969
pi+ n + pi0 p,3.25,3.35,3.3,1.495,1.505,1.5,0.026299621673799428,0.002322710360498837
pi+ n + pi0 p,3.25,3.35,3.3,1.505,1.515,1.51,0.026623861400005038,0.0023798617592663412
pi+ n + pi0 p,3.25,3.35,3.3,1.515,1.525,1.52,0.027159873861031317,0.0023655539266645496
pi+ n + pi0 p,3.25,3.35,3.3,1.525,1.535,1.53,0.028953381549046857,0.00224799533116811
pi+ n + pi0 p,3.25,3.35,3.3,1.535,1.545,1.54,0.030980145494685925,0.002409737749898897
pi+ n + pi0 p,3.25,3.35,3.3,1.545,1.555,1.55,0.034221323898888746,0.0024568041232484166
pi+ n + pi0 p,3.25,3.35,3.3,1.555,1.565,1.56,0.03519141740983943,0.002352454603849888
pi+ n + pi0 p,3.25,3.35,3.3,1.565,1.575,1.57,0.03322897987516539,0.0022597286589716094
pi+ n + pi0 p,3.25,3.35,3.3,1.575,1.585,1.58,0.032186821076340216,0.0023265783009669616
pi+ n + pi0 p,3.25,3.35,3.3,1.585,1.595,1.59,0.031269406574261374,0.0024506908628013423
pi+ n + pi0 p,3.35,3.45,3.4,1.115,1.125,1.12,0.004261150450879652,0.0005423415083872615
pi+ n + pi0 p,3.35,3.45,3.4,1.125,1.135,1.13,0.006735375761144259,0.0007069768613587766
pi+ n + pi0 p,3.35,3.45,3.4,1.135,1.145,1.14,0.006596518400775074,0.0006129161412823226
pi+ n + pi0 p,3.35,3.45,3.4,1.145,1.155,1.15,0.0062937511040594245,0.0005159427377808183
pi+ n + pi0 p,3.35,3.45,3.4,1.155,1.165,1.16,0.008426249853033783,0.0007353295000813807
pi+ n + pi0 p,3.35,3.45,3.4,1.165,1.175,1.17,0.010380292094489263,0.0008976870939511987
pi+ n + pi0 p,3.35,3.45,3.4,1.175,1.185,1.18,0.013116270042178423,0.0008970339073633201
pi+ n + pi0 p,3.35,3.45,3.4,1.185,1.195,1.19,0.01586467363496403,0.0009285296219155136
pi+ n + pi0 p,3.35,3.45,3.4,1.195,1.205,1.2,0.01870257282145398,0.0009694959783943212
pi+ n + pi0 p,3.35,3.45,3.4,1.205,1.215,1.21,0.022006044092763407,0.0010525446962292779
pi+ n + pi0 p,3.35,3.45,3.4,1.215,1.225,1.22,0.022335162864546093,0.0010304585933869367
pi+ n + pi0 p,3.35,3.45,3.4,1.225,1.235,1.23,0.022662445098488693,0.001026554544954888
pi+ n + pi0 p,3.35,3.45,3.4,1.235,1.245,1.24,0.02203828189356901,0.0010143039862249704
pi+ n + pi0 p,3.35,3.45,3.4,1.245,1.255,1.25,0.021491778326252063,0.0009771359743883312
pi+ n + pi0 p,3.35,3.45,3.4,1.255,1.265,1.26,0.02086988803029413,0.001049197352822925
pi+ n + pi0 p,3.35,3.45,3.4,1.265,1.275,1.27,0.020726796370626945,0.0011000495028937623
pi+ n + pi0 p,3.35,3.45,3.4,1.275,1.285,1.28,0.020630722921354094,0.0009979048118158905
pi+ n + pi0 p,3.35,3.45,3.4,1.285,1.295,1.29,0.020615912224973203,0.0009572752437833527
pi+ n + pi0 p,3.35,3.45,3.4,1.295,1.305,1.3,0.020921792760549045,0.0009769932970507278
pi+ n + pi0 p,3.35,3.45,3.4,1.305,1.315,1.31,0.02102918836590997,0.0010274313620043545
pi+ n + pi0 p,3.35,3.45,3.4,1.315,1.325,1.32,0.021394078024721097,0.0010884605397533205
pi+ n + pi0 p,3.35,3.45,3.4,1.325,1.335,1.33,0.02177482178150334,0.0011408994380199687
pi+ n + pi0 p,3.35,3.45,3.4,1.335,1.345,1.34,0.02229117105891957,0.0012194020519377636
pi+ n + pi0 p,3.35,3.45,3.4,1.345,1.355,1.35,0.022677906038291094,0.001295047805966646
pi+ n + pi0 p,3.35,3.45,3.4,1.355,1.365,1.36,0.023028963491240163,0.0013647609819660536
pi+ n + pi0 p,3.35,3.45,3.4,1.365,1.375,1.37,0.02336928704349199,0.0014330937563723065
pi+ n + pi0 p,3.35,3.45,3.4,1.375,1.385,1.38,0.023827155165904855,0.0015119569574287125
pi+ n + pi0 p,3.35,3.45,3.4,1.385,1.395,1.39,0.024158741287789394,0.0015793885489177092
pi+ n + pi0 p,3.35,3.45,3.4,1.395,1.405,1.4,0.025229221236133314,0.0021133727444442316
pi+ n + pi0 p,3.35,3.45,3.4,1.405,1.415,1.41,0.026472522422104516,0.0028123167885749775
pi+ n + pi0 p,3.35,3.45,3.4,1.415,1.425,1.42,0.027958440089942308,0.003290365817261996
pi+ n + pi0 p,3.35,3.45,3.4,1.425,1.435,1.43,0.029208727233736964,0.003810524423502099
pi+ n + pi0 p,3.35,3.45,3.4,1.435,1.445,1.44,0.02975764200880552,0.004421156498795843
pi+ n + pi0 p,3.35,3.45,3.4,1.445,1.455,1.45,0.029778755108233683,0.005060506172581226
pi+ n + pi0 p,3.35,3.45,3.4,1.455,1.465,1.46,0.030181998467702125,0.005680512487344677
pi+ n + pi0 p,3.35,3.45,3.4,1.465,1.475,1.47,0.029083993575512695,0.0037224436768401358
pi+ n + pi0 p,3.35,3.45,3.4,1.475,1.485,1.48,0.027078161768662037,0.0016036356197558501
pi+ n + pi0 p,3.35,3.45,3.4,1.485,1.495,1.49,0.0289981990606765,0.0016733038050258003
pi+ n + pi0 p,3.35,3.45,3.4,1.495,1.505,1.5,0.031185052986752476,0.0019732193626142143
pi+ n + pi0 p,3.35,3.45,3.4,1.505,1.515,1.51,0.03471227181077667,0.001990186535792491
pi+ n + pi0 p,3.35,3.45,3.4,1.515,1.525,1.52,0.03792719183786319,0.0019016786019901524
pi+ n + pi0 p,3.35,3.45,3.4,1.525,1.535,1.53,0.038115208082753316,0.0018120209859634581
pi+ n + pi0 p,3.35,3.45,3.4,1.535,1.545,1.54,0.0366017955945542,0.0017296446014067595
pi+ n + pi0 p,3.35,3.45,3.4,1.545,1.555,1.55,0.03448834595647575,0.0016724739303661793
pi+ n + pi0 p,3.35,3.45,3.4,1.555,1.565,1.56,0.033580098512557235,0.001751397930360885
pi+ n + pi0 p,3.35,3.45,3.4,1.565,1.575,1.57,0.03265318897065725,0.0018597518673758272
pi+ n + pi0 p,3.35,3.45,3.4,1.575,1.585,1.58,0.03174832519445299,0.0019789106059877213
pi+ n + pi0 p,3.45,3.55,3.5,1.115,1.125,1.12,0.004095341562894236,0.0005300698457378403
pi+ n + pi0 p,3.45,3.55,3.5,1.125,1.135,1.13,0.0065336081476905705,0.0007407270267438248
pi+ n + pi0 p,3.45,3.55,3.5,1.135,1.145,1.14,0.00611898745458659,0.0005985954431787195
pi+ n + pi0 p,3.45,3.55,3.5,1.145,1.155,1.15,0.005816220157870939,0.000501163152220342
pi+ n + pi0 p,3.45,3.55,3.5,1.155,1.165,1.16,0.007822275393983238,0.0007232472056301337
pi+ n + pi0 p,3.45,3.55,3.5,1.165,1.175,1.17,0.009817446429361797,0.0009431982050958586
pi+ n + pi0 p,3.45,3.55,3.5,1.175,1.185,1.18,0.012212965969365698,0.0009322176065283716
pi+ n + pi0 p,3.45,3.55,3.5,1.185,1.195,1.19,0.0146823297648591,0.000938405033588273
pi+ n + pi0 p,3.45,3.55,3.5,1.195,1.205,1.2,0.01752022895134905,0.000977807666479447
pi+ n + pi0 p,3.45,3.55,3.5,1.205,1.215,1.21,0.02021792284272051,0.0010260897566663494
pi+ n + pi0 p,3.45,3.55,3.5,1.215,1.225,1.22,0.02054520507666311,0.0010204332832701398
pi+ n + pi0 p,3.45,3.55,3.5,1.225,1.235,1.23,0.020867940263382803,0.0010169757718251164
pi+ n + pi0 p,3.45,3.55,3.5,1.235,1.245,1.24,0.02035027589193684,0.0009740430942058325
pi+ n + pi0 p,3.45,3.55,3.5,1.245,1.255,1.25,0.01989075309436409,0.0009350875666545815
pi+ n + pi0 p,3.45,3.55,3.5,1.255,1.265,1.26,0.01955123725502034,0.001013023381960186
pi+ n + pi0 p,3.45,3.55,3.5,1.265,1.275,1.27,0.019248127696029384,0.0010943655237102507
pi+ n + pi0 p,3.45,3.55,3.5,1.275,1.285,1.28,0.01913567416850899,0.0009954332418177672
pi+ n + pi0 p,3.45,3.55,3.5,1.285,1.295,1.29,0.01903960071923614,0.0008975408287749366
pi+ n + pi0 p,3.45,3.55,3.5,1.295,1.305,1.3,0.019273597809985908,0.000944527317700938
pi+ n + pi0 p,3.45,3.55,3.5,1.305,1.315,1.31,0.019514691932061533,0.0009957600203529253
pi+ n + pi0 p,3.45,3.55,3.5,1.315,1.325,1.32,0.019799076522080558,0.0010537410819616423
pi+ n + pi0 p,3.45,3.55,3.5,1.325,1.335,1.33,0.020083461112099583,0.0011123008614956126
pi+ n + pi0 p,3.45,3.55,3.5,1.335,1.345,1.34,0.020431846789581005,0.0011407207821287743
pi+ n + pi0 p,3.45,3.55,3.5,1.345,1.355,1.35,0.021531041096573136,0.0014127650748565691
pi+ n + pi0 p,3.45,3.55,3.5,1.355,1.365,1.36,0.022507508840456696,0.0016935218203616
pi+ n + pi0 p,3.45,3.55,3.5,1.365,1.375,1.37,0.023857872210102896,0.0015532272365254114
pi+ n + pi0 p,3.45,3.55,3.5,1.375,1.385,1.38,0.025229018911749772,0.0014426229782854441
pi+ n + pi0 p,3.45,3.55,3.5,1.385,1.395,1.39,0.025690609974689173,0.0014852457097600362
pi+ n + pi0 p,3.45,3.55,3.5,1.395,1.405,1.4,0.026123580150892944,0.0019273177577756593
pi+ n + pi0 p,3.45,3.55,3.5,1.405,1.415,1.41,0.026002592799187145,0.0024958994252849897
pi+ n + pi0 p,3.45,3.55,3.5,1.415,1.425,1.42,0.02636215026605774,0.003064179865669643
pi+ n + pi0 p,3.45,3.55,3.5,1.425,1.435,1.43,0.028163342188657493,0.0035736940068743332
pi+ n + pi0 p,3.45,3.55,3.5,1.435,1.445,1.44,0.02998919670281352,0.004154981238139267
pi+ n + pi0 p,3.45,3.55,3.5,1.445,1.455,1.45,0.031865827140761874,0.004790579883443322
pi+ n + pi0 p,3.45,3.55,3.5,1.455,1.465,1.46,0.03134789415608095,0.0032069609085043967
pi+ n + pi0 p,3.45,3.55,3.5,1.465,1.475,1.47,0.03019032338750354,0.0015224084491409495
pi+ n + pi0 p,3.45,3.55,3.5,1.475,1.485,1.48,0.0332632358398674,0.0016354860951465192
pi+ n + pi0 p,3.45,3.55,3.5,1.485,1.495,1.49,0.037293091500622176,0.001549348817446344
pi+ n + pi0 p,3.45,3.55,3.5,1.495,1.505,1.5,0.039180382871760115,0.0014638487123296282
pi+ n + pi0 p,3.45,3.55,3.5,1.505,1.515,1.51,0.03936839911665024,0.001380220143712313
pi+ n + pi0 p,3.45,3.55,3.5,1.515,1.525,1.52,0.03809452077309772,0.001310209582970774
pi+ n + pi0 p,3.45,3.55,3.5,1.525,1.535,1.53,0.03590564978802564,0.0012435851826098
pi+ n + pi0 p,3.45,3.55,3.5,1.535,1.545,1.54,0.034572491314114835,0.0012709486862974946
pi+ n + pi0 p,3.45,3.55,3.5,1.545,1.555,1.55,0.03366424387019632,0.0013440496247231852
pi+ n + pi0 p,3.45,3.55,3.5,1.555,1.565,1.56,0.03273392490654972,0.001451127280195667
pi+ n + pi0 p,3.45,3.55,3.5,1.565,1.575,1.57,0.031797684315659006,0.0015694993712651157
pi+ n + pi0 p,3.55,3.65,3.6,1.115,1.125,1.12,0.00401332903625727,0.000522455595106522
pi+ n + pi0 p,3.55,3.65,3.6,1.125,1.135,1.13,0.006806681229335151,0.0008873918050733539
pi+ n + pi0 p,3.55,3.65,3.6,1.135,1.145,1.14,0.005760671410390238,0.000584602163365457
pi+ n + pi0 p,3.55,3.65,3.6,1.145,1.155,1.15,0.005457904113674588,0.00048686961612244957
pi+ n + pi0 p,3.55,3.65,3.6,1.155,1.165,1.16,0.007337877525651859,0.000708528471525714
pi+ n + pi0 p,3.55,3.65,3.6,1.165,1.175,1.17,0.009278627557361706,0.0008528545355820004
pi+ n + pi0 p,3.55,3.65,3.6,1.175,1.185,1.18,0.011674147097365606,0.0008479768659058909
pi+ n + pi0 p,3.55,3.65,3.6,1.185,1.195,1.19,0.014296734419080508,0.0008817396952549608
pi+ n + pi0 p,3.55,3.65,3.6,1.195,1.205,1.2,0.017082056619901025,0.0009253336950731013
pi+ n + pi0 p,3.55,3.65,3.6,1.205,1.215,1.21,0.01894212535857671,0.0010005773341745191
pi+ n + pi0 p,3.55,3.65,3.6,1.215,1.225,1.22,0.019356706312594923,0.0009992306134491463
pi+ n + pi0 p,3.55,3.65,3.6,1.225,1.235,1.23,0.019656706263200072,0.0009967131190042756
pi+ n + pi0 p,3.55,3.65,3.6,1.235,1.245,1.24,0.019002221511310737,0.0009493462004341393
pi+ n + pi0 p,3.55,3.65,3.6,1.245,1.255,1.25,0.01854269871373799,0.0009102258804871776
pi+ n + pi0 p,3.55,3.65,3.6,1.255,1.265,1.26,0.01820318287439424,0.0009880343567662648
pi+ n + pi0 p,3.55,3.65,3.6,1.265,1.275,1.27,0.01805974032352134,0.0010674833433253674
pi+ n + pi0 p,3.55,3.65,3.6,1.275,1.285,1.28,0.017865386404763227,0.0009841298643992107
pi+ n + pi0 p,3.55,3.65,3.6,1.285,1.295,1.29,0.017828463201943503,0.0008878330105275806
pi+ n + pi0 p,3.55,3.65,3.6,1.295,1.305,1.3,0.018026975136063977,0.0009202662911493708
pi+ n + pi0 p,3.55,3.65,3.6,1.305,1.315,1.31,0.018370623783999042,0.0009742869913447371
pi+ n + pi0 p,3.55,3.65,3.6,1.315,1.325,1.32,0.01864649297681907,0.001030838222293508
pi+ n + pi0 p,3.55,3.65,3.6,1.325,1.335,1.33,0.018930877566838093,0.0010893411927015769
pi+ n + pi0 p,3.55,3.65,3.6,1.335,1.345,1.34,0.019279263244319514,0.0011177910020764169
pi+ n + pi0 p,3.55,3.65,3.6,1.345,1.355,1.35,0.019626519035640368,0.0011471946118643027
pi+ n + pi0 p,3.55,3.65,3.6,1.355,1.365,1.36,0.019804668524819675,0.001163004020698065
pi+ n + pi0 p,3.55,3.65,3.6,1.365,1.375,1.37,0.0199770284771367,0.0011786822366741032
pi+ n + pi0 p,3.55,3.65,3.6,1.375,1.385,1.38,0.01991403184109395,0.0011878193985898557
pi+ n + pi0 p,3.55,3.65,3.6,1.385,1.395,1.39,0.02020393636357203,0.001215410427116987
pi+ n + pi0 p,3.55,3.65,3.6,1.395,1.405,1.4,0.02110213385130912,0.0018131346827947323
pi+ n + pi0 p,3.55,3.65,3.6,1.405,1.415,1.41,0.022320126311381173,0.0024899132742818232
pi+ n + pi0 p,3.55,3.65,3.6,1.415,1.425,1.42,0.02387535796331758,0.0029710616587743134
pi+ n + pi0 p,3.55,3.65,3.6,1.425,1.435,1.43,0.02485002218629179,0.00355500357693563
pi+ n + pi0 p,3.55,3.65,3.6,1.435,1.445,1.44,0.025373171494945945,0.004186844005222644
pi+ n + pi0 p,3.55,3.65,3.6,1.445,1.455,1.45,0.023077786532148266,0.0029787609953729212
pi+ n + pi0 p,3.55,3.65,3.6,1.455,1.465,1.46,0.02100926461048733,0.0014108297446972552
pi+ n + pi0 p,3.55,3.65,3.6,1.465,1.475,1.47,0.02276848206425351,0.0012116079833234122
pi+ n + pi0 p,3.55,3.65,3.6,1.475,1.485,1.48,0.024600236552008724,0.0012061888255879092
pi+ n + pi0 p,3.55,3.65,3.6,1.485,1.495,1.49,0.026583899349068622,0.001329785148313421
pi+ n + pi0 p,3.55,3.65,3.6,1.495,1.505,1.5,0.0287707532751446,0.0016215702775519035
pi+ n + pi0 p,3.55,3.65,3.6,1.505,1.515,1.51,0.032587954889590286,0.0015839436597015163
pi+ n + pi0 p,3.55,3.65,3.6,1.515,1.525,1.52,0.03523724682813,0.00150123777608268
pi+ n + pi0 p,3.55,3.65,3.6,1.525,1.535,1.53,0.03515956595293578,0.001402171543708725
pi+ n + pi0 p,3.55,3.65,3.6,1.535,1.545,1.54,0.033221291965178174,0.0013158251861296348
pi+ n + pi0 p,3.55,3.65,3.6,1.545,1.555,1.55,0.03123660324527921,0.0012748801797280607
pi+ n + pi0 p,3.55,3.65,3.6,1.555,1.565,1.56,0.030328355801360687,0.001348233463286827
pi+ n + pi0 p,3.65,3.75,3.7,1.115,1.125,1.12,0.003931316509620303,0.0005148424304258808
pi+ n + pi0 p,3.65,3.75,3.7,1.125,1.135,1.13,0.007079754310979732,0.0010410654761887465
pi+ n + pi0 p,3.65,3.75,3.7,1.135,1.145,1.14,0.005402355366193888,0.0005706239774700918
pi+ n + pi0 p,3.65,3.75,3.7,1.145,1.155,1.15,0.005099588069478238,0.0004725763329854592
pi+ n + pi0 p,3.65,3.75,3.7,1.155,1.165,1.16,0.006853479657320481,0.0006938328902716043
pi+ n + pi0 p,3.65,3.75,3.7,1.165,1.175,1.17,0.008739808685361616,0.0007653833351171697
pi+ n + pi0 p,3.65,3.75,3.7,1.175,1.185,1.18,0.011324554130057372,0.00078152486968258
pi+ n + pi0 p,3.65,3.75,3.7,1.185,1.195,1.19,0.013911139073301916,0.0008263336361260897
pi+ n + pi0 p,3.65,3.75,3.7,1.195,1.205,1.2,0.015995434798529985,0.0009057838730782284
pi+ n + pi0 p,3.65,3.75,3.7,1.205,1.215,1.21,0.017666327874432914,0.0009751882017011094
pi+ n + pi0 p,3.65,3.75,3.7,1.215,1.225,1.22,0.01816820754852674,0.0009781025201472447
pi+ n + pi0 p,3.65,3.75,3.7,1.225,1.235,1.23,0.01844547226301734,0.0009765533928573117
pi+ n + pi0 p,3.65,3.75,3.7,1.235,1.245,1.24,0.017654167130684635,0.0009246665970610153
pi+ n + pi0 p,3.65,3.75,3.7,1.245,1.255,1.25,0.017194644333111887,0.0008853730277336921
pi+ n + pi0 p,3.65,3.75,3.7,1.255,1.265,1.26,0.016855128493768138,0.0009630468609761398
pi+ n + pi0 p,3.65,3.75,3.7,1.265,1.275,1.27,0.016871352951013295,0.0010406109747724149
pi+ n + pi0 p,3.65,3.75,3.7,1.275,1.285,1.28,0.01659509864101746,0.0009730036311377968
pi+ n + pi0 p,3.65,3.75,3.7,1.285,1.295,1.29,0.016617325684650866,0.0008782224503944923
pi+ n + pi0 p,3.65,3.75,3.7,1.295,1.305,1.3,0.016798095040456693,0.000903430837063951
pi+ n + pi0 p,3.65,3.75,3.7,1.305,1.315,1.31,0.017226555635936558,0.0009528425366634423
pi+ n + pi0 p,3.65,3.75,3.7,1.315,1.325,1.32,0.01749390943155758,0.0010079430597995586
pi+ n + pi0 p,3.65,3.75,3.7,1.325,1.335,1.33,0.017778294021576605,0.0010663863560072472
pi+ n + pi0 p,3.65,3.75,3.7,1.335,1.345,1.34,0.018126679699058026,0.0010948671811662032
pi+ n + pi0 p,3.65,3.75,3.7,1.345,1.355,1.35,0.01847280560421831,0.0011250985277078819
pi+ n + pi0 p,3.65,3.75,3.7,1.355,1.365,1.36,0.018656744630259903,0.0011410452682687213
pi+ n + pi0 p,3.65,3.75,3.7,1.365,1.375,1.37,0.018829104582576923,0.0011567046347830468
pi+ n + pi0 p,3.65,3.75,3.7,1.375,1.385,1.38,0.018413206788013364,0.0011477317690296832
pi+ n + pi0 p,3.65,3.75,3.7,1.385,1.395,1.39,0.01870311131049144,0.0011750680428452734
pi+ n + pi0 p,3.65,3.75,3.7,1.395,1.405,1.4,0.019080339545098666,0.0016409650180101362
pi+ n + pi0 p,3.65,3.75,3.7,1.405,1.415,1.41,0.019457567779705896,0.0022069041915066235
pi+ n + pi0 p,3.65,3.75,3.7,1.415,1.425,1.42,0.019834796014313122,0.002813141422997734
pi+ n + pi0 p,3.65,3.75,3.7,1.425,1.435,1.43,0.02021202424892035,0.003438427235848046
pi+ n + pi0 p,3.65,3.75,3.7,1.435,1.445,1.44,0.018777254474284338,0.002497085818455286
pi+ n + pi0 p,3.65,3.75,3.7,1.445,1.455,1.45,0.017014763334911753,0.0012687029245773273
pi+ n + pi0 p,3.65,3.75,3.7,1.455,1.465,1.46,0.018227437760048527,0.0014867778092064283
pi+ n + pi0 p,3.65,3.75,3.7,1.465,1.475,1.47,0.019682638200255148,0.001364027591134409
pi+ n + pi0 p,3.65,3.75,3.7,1.475,1.485,1.48,0.020189578506490127,0.0014104580902479366
pi+ n + pi0 p,3.65,3.75,3.7,1.485,1.495,1.49,0.020091030351986755,0.0015059753306113498
pi+ n + pi0 p,3.65,3.75,3.7,1.495,1.505,1.5,0.02136970298717654,0.0013891697284952932
pi+ n + pi0 p,3.65,3.75,3.7,1.505,1.515,1.51,0.02314579669506447,0.0013170240554826749
pi+ n + pi0 p,3.65,3.75,3.7,1.515,1.525,1.52,0.0248705354096739,0.0014229022453357393
pi+ n + pi0 p,3.65,3.75,3.7,1.525,1.535,1.53,0.027323327331438257,0.0015857233612489906
pi+ n + pi0 p,3.65,3.75,3.7,1.535,1.545,1.54,0.030570315181511515,0.0014891597936451289
pi+ n + pi0 p,3.65,3.75,3.7,1.545,1.555,1.55,0.030492634306317296,0.0013899212001731783
pi+ n + pi0 p,3.65,3.75,3.7,1.555,1.565,1.56,0.02815566179443895,0.0013058546052186566
pi+ n + pi0 p,3.75,3.85,3.8,1.115,1.125,1.12,0.0038493039829833376,0.000507230400593942
pi+ n + pi0 p,3.75,3.85,3.8,1.125,1.135,1.13,0.007352827392624311,0.0011990562364422338
pi+ n + pi0 p,3.75,3.85,3.8,1.135,1.145,1.14,0.005044039321997539,0.0005566620225513626
pi+ n + pi0 p,3.75,3.85,3.8,1.145,1.155,1.15,0.004741272025281889,0.00045828332647797294
pi+ n + pi0 p,3.75,3.85,3.8,1.155,1.165,1.16,0.006369081788989104,0.000679161964800774
pi+ n + pi0 p,3.75,3.85,3.8,1.165,1.175,1.17,0.008200989813361528,0.000681890919819971
pi+ n + pi0 p,3.75,3.85,3.8,1.175,1.185,1.18,0.01115495653550481,0.0007304901339811781
pi+ n + pi0 p,3.75,3.85,3.8,1.185,1.195,1.19,0.0128595685757105,0.0008050394024121241
pi+ n + pi0 p,3.75,3.85,3.8,1.195,1.205,1.2,0.014908812977158944,0.000886272890829621
pi+ n + pi0 p,3.75,3.85,3.8,1.205,1.215,1.21,0.01639053039028912,0.0009499322449287516
pi+ n + pi0 p,3.75,3.85,3.8,1.215,1.225,1.22,0.01697970878445856,0.000957053942470736
pi+ n + pi0 p,3.75,3.85,3.8,1.225,1.235,1.23,0.01723423826283462,0.0009565031014047878
pi+ n + pi0 p,3.75,3.85,3.8,1.235,1.245,1.24,0.01630611275005854,0.0009000057064791618
pi+ n + pi0 p,3.75,3.85,3.8,1.245,1.255,1.25,0.015846589952485793,0.0008605297737446327
pi+ n + pi0 p,3.75,3.85,3.8,1.255,1.265,1.26,0.01550707411314204,0.0009380610168077888
pi+ n + pi0 p,3.75,3.85,3.8,1.265,1.275,1.27,0.015682965578505254,0.0010137491983250521
pi+ n + pi0 p,3.75,3.85,3.8,1.275,1.285,1.28,0.015324810877271697,0.0009620606880704654
pi+ n + pi0 p,3.75,3.85,3.8,1.285,1.295,1.29,0.015406188167358233,0.0008687123762795823
pi+ n + pi0 p,3.75,3.85,3.8,1.295,1.305,1.3,0.01558695752316406,0.0008940933909657604
pi+ n + pi0 p,3.75,3.85,3.8,1.305,1.315,1.31,0.01608248748787407,0.0009314286299272689
pi+ n + pi0 p,3.75,3.85,3.8,1.315,1.325,1.32,0.016341325886296096,0.0009850561311845443
pi+ n + pi0 p,3.75,3.85,3.8,1.325,1.335,1.33,0.01662571047631512,0.0010434366703205552
pi+ n + pi0 p,3.75,3.85,3.8,1.335,1.345,1.34,0.016974096153796542,0.0010719497017099096
pi+ n + pi0 p,3.75,3.85,3.8,1.345,1.355,1.35,0.01731909217279625,0.001103017229788698
pi+ n + pi0 p,3.75,3.85,3.8,1.355,1.365,1.36,0.01750882073570013,0.0011191020026901997
pi+ n + pi0 p,3.75,3.85,3.8,1.365,1.375,1.37,0.017681180688017155,0.0011347415764456244
pi+ n + pi0 p,3.75,3.85,3.8,1.375,1.385,1.38,0.016912381734932782,0.0011081634407231694
pi+ n + pi0 p,3.75,3.85,3.8,1.385,1.395,1.39,0.01720228625741086,0.0011352145224711996
pi+ n + pi0 p,3.75,3.85,3.8,1.395,1.405,1.4,0.017579514492018087,0.0015952298324241534
pi+ n + pi0 p,3.75,3.85,3.8,1.405,1.415,1.41,0.01795674272662531,0.0021602044022782157
pi+ n + pi0 p,3.75,3.85,3.8,1.415,1.425,1.42,0.01833397096123254,0.0027665658380252017
pi+ n + pi0 p,3.75,3.85,3.8,1.425,1.435,1.43,0.017261600788445186,0.002154684683910305
pi+ n + pi0 p,3.75,3.85,3.8,1.435,1.445,1.44,0.015685754728702605,0.0011345192729998834
pi+ n + pi0 p,3.75,3.85,3.8,1.445,1.455,1.45,0.016021008494476255,0.0011644633972307094
pi+ n + pi0 p,3.75,3.85,3.8,1.455,1.465,1.46,0.016356262260249905,0.0011950670955138804
pi+ n + pi0 p,3.75,3.85,3.8,1.465,1.475,1.47,0.016691516026023555,0.0012262809868369788
pi+ n + pi0 p,3.75,3.85,3.8,1.475,1.485,1.48,0.017026769791797205,0.0012580596532691776
pi+ n + pi0 p,3.75,3.85,3.8,1.485,1.495,1.49,0.017362023557570855,0.001290361368104938
pi+ n + pi0 p,3.75,3.85,3.8,1.495,1.505,1.5,0.01775307064191788,0.0013427404295908289
pi+ n + pi0 p,3.75,3.85,3.8,1.505,1.515,1.51,0.01873670438086862,0.0014912050935353628
pi+ n + pi0 p,3.75,3.85,3.8,1.515,1.525,1.52,0.019442401510189024,0.0014403677903911164
pi+ n + pi0 p,3.75,3.85,3.8,1.525,1.535,1.53,0.019168335368051688,0.0015087161506384201
pi+ n + pi0 p,3.75,3.85,3.8,1.535,1.545,1.54,0.020679264589890913,0.001347414934863033
pi+ n + pi0 p,3.75,3.85,3.8,1.545,1.555,1.55,0.022410776342134214,0.0014604554063702767
pi+ n + pi0 p,3.85,3.95,3.9,1.115,1.125,1.12,0.0040893754964585315,0.0006118163441505374
pi+ n + pi0 p,3.85,3.95,3.9,1.125,1.135,1.13,0.007625900474268892,0.0013598602181945341
pi+ n + pi0 p,3.85,3.95,3.9,1.135,1.145,1.14,0.005183179609852692,0.0006661651365975493
pi+ n + pi0 p,3.85,3.95,3.9,1.145,1.155,1.15,0.004382955981085538,0.00044399062331587527
pi+ n + pi0 p,3.85,3.95,3.9,1.155,1.165,1.16,0.005902827504698552,0.0006056473406950355
pi+ n + pi0 p,3.85,3.95,3.9,1.165,1.175,1.17,0.007966778495255646,0.0006249783979874583
pi+ n + pi0 p,3.85,3.95,3.9,1.175,1.185,1.18,0.010299013222975464,0.0007072639735959414
pi+ n + pi0 p,3.85,3.95,3.9,1.185,1.195,1.19,0.011772946754339458,0.0007855441818369898
pi+ n + pi0 p,3.85,3.95,3.9,1.195,1.205,1.2,0.013727603324401526,0.0008638630832837145
pi+ n + pi0 p,3.85,3.95,3.9,1.205,1.215,1.21,0.01511473290614532,0.0009248203746235207
pi+ n + pi0 p,3.85,3.95,3.9,1.215,1.225,1.22,0.015729372471460935,0.0009346597095244902
pi+ n + pi0 p,3.85,3.95,3.9,1.225,1.235,1.23,0.01602300426265189,0.0009365692730827675
pi+ n + pi0 p,3.85,3.95,3.9,1.235,1.245,1.24,0.01511368092046394,0.0008806476109709475
pi+ n + pi0 p,3.85,3.95,3.9,1.245,1.255,1.25,0.014498535571859688,0.000835696974564733
pi+ n + pi0 p,3.85,3.95,3.9,1.255,1.265,1.26,0.014293462657104156,0.0009120739674427962
pi+ n + pi0 p,3.85,3.95,3.9,1.265,1.275,1.27,0.014494578205997208,0.0009868988788831277
pi+ n + pi0 p,3.85,3.95,3.9,1.275,1.285,1.28,0.014149618549742672,0.0009394455125935457
pi+ n + pi0 p,3.85,3.95,3.9,1.285,1.295,1.29,0.014195050650065596,0.0008593061244723573
pi+ n + pi0 p,3.85,3.95,3.9,1.295,1.305,1.3,0.014427097268801141,0.0008863064633583203
pi+ n + pi0 p,3.85,3.95,3.9,1.305,1.315,1.31,0.014966807465115016,0.0009221042748197444
pi+ n + pi0 p,3.85,3.95,3.9,1.315,1.325,1.32,0.015193000039634107,0.0009628384625854535
pi+ n + pi0 p,3.85,3.95,3.9,1.325,1.335,1.33,0.015473126931053632,0.0010204924831620208
pi+ n + pi0 p,3.85,3.95,3.9,1.335,1.345,1.34,0.01582094766545477,0.0010494303581565698
pi+ n + pi0 p,3.85,3.95,3.9,1.345,1.355,1.35,0.016165378741374192,0.0010809516242512238
pi+ n + pi0 p,3.85,3.95,3.9,1.355,1.365,1.36,0.016358002072709214,0.0010970966328538248
pi+ n + pi0 p,3.85,3.95,3.9,1.365,1.375,1.37,0.01653325679345738,0.0011127939227944341
pi+ n + pi0 p,3.85,3.95,3.9,1.375,1.385,1.38,0.015588007261112613,0.0010774904878276307
pi+ n + pi0 p,3.85,3.95,3.9,1.385,1.395,1.39,0.015701461204330268,0.0010959032012384006
pi+ n + pi0 p,3.85,3.95,3.9,1.395,1.405,1.4,0.016078689438937498,0.0015495531465299108
pi+ n + pi0 p,3.85,3.95,3.9,1.405,1.415,1.41,0.016455917673544724,0.002113505314991337
pi+ n + pi0 p,3.85,3.95,3.9,1.415,1.425,1.42,0.01574594710260601,0.0018218516216772888
pi+ n + pi0 p,3.85,3.95,3.9,1.425,1.435,1.43,0.01464787599924249,0.0011036125867318744
pi+ n + pi0 p,3.85,3.95,3.9,1.435,1.445,1.44,0.014983129765016139,0.001134052852454227
pi+ n + pi0 p,3.85,3.95,3.9,1.445,1.455,1.45,0.015318383530789792,0.0011651439135721025
pi+ n + pi0 p,3.85,3.95,3.9,1.455,1.465,1.46,0.01565363729656344,0.0011968350525935715
pi+ n + pi0 p,3.85,3.95,3.9,1.465,1.475,1.47,0.015988891062337092,0.0012290798523721697
pi+ n + pi0 p,3.85,3.95,3.9,1.475,1.485,1.48,0.016324144828110742,0.001261835869083507
pi+ n + pi0 p,3.85,3.95,3.9,1.485,1.495,1.49,0.016659398593884392,0.0012950643127320968
pi+ n + pi0 p,3.85,3.95,3.9,1.495,1.505,1.5,0.016746057582935448,0.0013066005599957629
pi+ n + pi0 p,3.85,3.95,3.9,1.505,1.515,1.51,0.01681561422862475,0.0013167733509367118
pi+ n + pi0 p,3.85,3.95,3.9,1.515,1.525,1.52,0.016885170874314057,0.0013270928606552875
pi+ n + pi0 p,3.85,3.95,3.9,1.525,1.535,1.53,0.016954727520003363,0.0013375556932616506
pi+ n + pi0 p,3.85,3.95,3.9,1.535,1.545,1.54,0.017024284165692665,0.0013481585118450866
pi+ n + pi0 p,3.95,4.05,4.0,1.115,1.125,1.12,0.004362448578103112,0.0007540151861887695
pi+ n + pi0 p,3.95,4.05,4.0,1.125,1.135,1.13,0.007898973555913473,0.0015225863490598217
pi+ n + pi0 p,3.95,4.05,4.0,1.135,1.145,1.14,0.005456252691497273,0.0008135211628888082
pi+ n + pi0 p,3.95,4.05,4.0,1.145,1.155,1.15,0.004024639936889188,0.0004296982537689593
pi+ n + pi0 p,3.95,4.05,4.0,1.155,1.165,1.16,0.005540858382482524,0.0005287708142010651
pi+ n + pi0 p,3.95,4.05,4.0,1.165,1.175,1.17,0.007306462367788369,0.0005996070940112607
pi+ n + pi0 p,3.95,4.05,4.0,1.175,1.185,1.18,0.009212391401604424,0.0006877669373389438
pi+ n + pi0 p,3.95,4.05,4.0,1.185,1.195,1.19,0.010686324932968417,0.0007660966770582947
pi+ n + pi0 p,3.95,4.05,4.0,1.195,1.205,1.2,0.012451805840257724,0.0008386390929120273
pi+ n + pi0 p,3.95,4.05,4.0,1.205,1.215,1.21,0.01383893542200152,0.0008998646536159081
pi+ n + pi0 p,3.95,4.05,4.0,1.215,1.225,1.22,0.014430839751202592,0.0009106968251606817
pi+ n + pi0 p,3.95,4.05,4.0,1.225,1.235,1.23,0.014811770262469161,0.0009167595049731115
pi+ n + pi0 p,3.95,4.05,4.0,1.235,1.245,1.24,0.013902446920281213,0.0008607696885184698
pi+ n + pi0 p,3.95,4.05,4.0,1.245,1.255,1.25,0.013150481191233587,0.0008108755907198733
pi+ n + pi0 p,3.95,4.05,4.0,1.255,1.265,1.26,0.013105075284596111,0.0008850522840586058
pi+ n + pi0 p,3.95,4.05,4.0,1.265,1.275,1.27,0.013306190833489162,0.0009600609777118647
pi+ n + pi0 p,3.95,4.05,4.0,1.275,1.285,1.28,0.013020381423687756,0.0009147035434830746
pi+ n + pi0 p,3.95,4.05,4.0,1.285,1.295,1.29,0.012983913132772959,0.0008500071416994441
pi+ n + pi0 p,3.95,4.05,4.0,1.295,1.305,1.3,0.013318514277367946,0.0008800216974122811
pi+ n + pi0 p,3.95,4.05,4.0,1.305,1.315,1.31,0.013858224473681822,0.0009158317299404397
pi+ n + pi0 p,3.95,4.05,4.0,1.315,1.325,1.32,0.014052480407234547,0.0009428380597965153
pi+ n + pi0 p,3.95,4.05,4.0,1.325,1.335,1.33,0.014320543385792143,0.0009975541739374546
pi+ n + pi0 p,3.95,4.05,4.0,1.335,1.345,1.34,0.014667234234032708,0.001027315071349624
pi+ n + pi0 p,3.95,4.05,4.0,1.345,1.355,1.35,0.015011665309952134,0.0010589026920979658
pi+ n + pi0 p,3.95,4.05,4.0,1.355,1.365,1.36,0.015204288641287155,0.001075028853003253
pi+ n + pi0 p,3.95,4.05,4.0,1.365,1.375,1.37,0.015385332898897607,0.0010908626036354684
pi+ n + pi0 p,3.95,4.05,4.0,1.375,1.385,1.38,0.014440083366552838,0.0010552926513179494
pi+ n + pi0 p,3.95,4.05,4.0,1.385,1.395,1.39,0.014200636151249679,0.0010571945651966827
pi+ n + pi0 p,3.95,4.05,4.0,1.395,1.405,1.4,0.014577864385856905,0.001503940290479402
pi+ n + pi0 p,3.95,4.05,4.0,1.405,1.415,1.41,0.014230293416766845,0.0015049482774242208
pi+ n + pi0 p,3.95,4.05,4.0,1.415,1.425,1.42,0.013609997269782377,0.00107307343832505
pi+ n + pi0 p,3.95,4.05,4.0,1.425,1.435,1.43,0.013945251035556029,0.0011040271022442988
pi+ n + pi0 p,3.95,4.05,4.0,1.435,1.445,1.44,0.014280504801329677,0.0011356207190559439
pi+ n + pi0 p,3.95,4.05,4.0,1.445,1.455,1.45,0.014615758567103329,0.0011678023502358307
pi+ n + pi0 p,3.95,4.05,4.0,1.455,1.465,1.46,0.014951012332876977,0.0012005247092382217
pi+ n + pi0 p,3.95,4.05,4.0,1.465,1.475,1.47,0.015286266098650626,0.0012337447719746168
pi+ n + pi0 p,3.95,4.05,4.0,1.475,1.485,1.48,0.015621519864424277,0.0012674234035498467
pi+ n + pi0 p,3.95,4.05,4.0,1.485,1.495,1.49,0.01573077837863193,0.001280772490430102
pi+ n + pi0 p,3.95,4.05,4.0,1.495,1.505,1.5,0.015800335024321238,0.001290652351135309
pi+ n + pi0 p,3.95,4.05,4.0,1.505,1.515,1.51,0.01586989167001054,0.0013006864262569047
pi+ n + pi0 p,3.95,4.05,4.0,1.515,1.525,1.52,0.015939448315699847,0.0013108711744927869
pi+ n + pi0 p,3.95,4.05,4.0,1.525,1.535,1.53,0.016009004961389153,0.0013212031113695281
pi+ n + pi0 p,4.05,4.15,4.1,1.115,1.125,1.12,0.004635521659747691,0.0009057173871992285
pi+ n + pi0 p,4.05,4.15,4.1,1.125,1.135,1.13,0.008172046637558052,0.001686678389645371
pi+ n + pi0 p,4.05,4.15,4.1,1.135,1.145,1.14,0.005729325773141851,0.0009682059688702826
pi+ n + pi0 p,4.05,4.15,4.1,1.145,1.155,1.15,0.003666323892692839,0.00041540625227208235
pi+ n + pi0 p,4.05,4.15,4.1,1.155,1.165,1.16,0.0050942523885993355,0.0004995951039782457
pi+ n + pi0 p,4.05,4.15,4.1,1.165,1.175,1.17,0.006435838297643361,0.0005850773729486135
pi+ n + pi0 p,4.05,4.15,4.1,1.175,1.185,1.18,0.008125769580233385,0.0006683244920294339
pi+ n + pi0 p,4.05,4.15,4.1,1.185,1.195,1.19,0.00959970311159738,0.0007467006162991404
pi+ n + pi0 p,4.05,4.15,4.1,1.195,1.205,1.2,0.011176008356113931,0.0008135808772367061
pi+ n + pi0 p,4.05,4.15,4.1,1.205,1.215,1.21,0.012563137937857728,0.0008750784413301731
pi+ n + pi0 p,4.05,4.15,4.1,1.215,1.225,1.22,0.013132307030944253,0.0008869430843217427
pi+ n + pi0 p,4.05,4.15,4.1,1.225,1.235,1.23,0.013600536262286439,0.0008970820157735082
pi+ n + pi0 p,4.05,4.15,4.1,1.235,1.245,1.24,0.01269121292009849,0.0008410296457470956
pi+ n + pi0 p,4.05,4.15,4.1,1.245,1.255,1.25,0.01180242681060749,0.000786066703586251
pi+ n + pi0 p,4.05,4.15,4.1,1.255,1.265,1.26,0.01191668791208807,0.0008580337363391177
pi+ n + pi0 p,4.05,4.15,4.1,1.265,1.275,1.27,0.012117803460981121,0.0009332365661811308
pi+ n + pi0 p,4.05,4.15,4.1,1.275,1.285,1.28,0.011891144297632843,0.0008899618390406731
pi+ n + pi0 p,4.05,4.15,4.1,1.285,1.295,1.29,0.011772775615480326,0.0008408189869730509
pi+ n + pi0 p,4.05,4.15,4.1,1.295,1.305,1.3,0.012209931285934757,0.0008737771214072812
pi+ n + pi0 p,4.05,4.15,4.1,1.305,1.315,1.31,0.012749641482248632,0.0009095979609383988
pi+ n + pi0 p,4.05,4.15,4.1,1.315,1.325,1.32,0.012943897415801358,0.0009366917579734604
pi+ n + pi0 p,4.05,4.15,4.1,1.325,1.335,1.33,0.013167959840530659,0.0009746221576689077
pi+ n + pi0 p,4.05,4.15,4.1,1.335,1.345,1.34,0.013513520802610653,0.0010052151648397845
pi+ n + pi0 p,4.05,4.15,4.1,1.345,1.355,1.35,0.013857951878530077,0.0010368714970012509
pi+ n + pi0 p,4.05,4.15,4.1,1.355,1.365,1.36,0.0140505752098651,0.0010529777492236548
pi+ n + pi0 p,4.05,4.15,4.1,1.365,1.375,1.37,0.014237409004337837,0.0010689486243597893
pi+ n + pi0 p,4.05,4.15,4.1,1.375,1.385,1.38,0.013292159471993067,0.001033101371889764
pi+ n + pi0 p,4.05,4.15,4.1,1.385,1.395,1.39,0.012699811098169094,0.001019157288459441
pi+ n + pi0 p,4.05,4.15,4.1,1.395,1.405,1.4,0.012714639730927693,0.0012164884076798887
pi+ n + pi0 p,4.05,4.15,4.1,1.405,1.415,1.41,0.012572118540322266,0.001042934114959023
pi+ n + pi0 p,4.05,4.15,4.1,1.415,1.425,1.42,0.012907372306095918,0.0010744184075495023
pi+ n + pi0 p,4.05,4.15,4.1,1.425,1.435,1.43,0.013242626071869568,0.001106529528492147
pi+ n + pi0 p,4.05,4.15,4.1,1.435,1.445,1.44,0.013788655618105675,0.0013118294485959887
pi+ n + pi0 p,4.05,4.15,4.1,1.445,1.455,1.45,0.014203551471410584,0.0013819196929571822
pi+ n + pi0 p,4.05,4.15,4.1,1.455,1.465,1.46,0.014358221023503946,0.00121424394242976
pi+ n + pi0 p,4.05,4.15,4.1,1.465,1.475,1.47,0.014649628094473524,0.001191668595552943
pi+ n + pi0 p,4.05,4.15,4.1,1.475,1.485,1.48,0.014835074117464713,0.001216208123574019
pi+ n + pi0 p,4.05,4.15,4.1,1.485,1.495,1.49,0.015663009046309642,0.0011931807926837499
pi+ n + pi0 p,4.05,4.15,4.1,1.495,1.505,1.5,0.016731130350216138,0.0011660818060301953
pi+ n + pi0 p,4.05,4.15,4.1,1.505,1.515,1.51,0.017786855852022214,0.0011899434036181562
pi+ n + pi0 p,4.05,4.15,4.1,1.515,1.525,1.52,0.019219093519018095,0.0013479301611877853
pi+ n + pi0 p,4.05,4.15,4.1,1.525,1.535,1.53,0.02105223454660199,0.0013389927329319068
pi0 p,0.35,0.45,0.4,1.095,1.105,1.1,0.006501662277706301,0.0015262764424198
pi0 p,0.35,0.45,0.4,1.105,1.115,1.11,0.01220543832647605,0.00177842464283905
pi0 p,0.35,0.45,0.4,1.115,1.125,1.12,0.0179092143752458,0.0020305728432583
pi0 p,0.35,0.45,0.4,1.125,1.135,1.13,0.025663246493034413,0.0023446011898932465
pi0 p,0.35,0.45,0.4,1.135,1.145,1.14,0.0334172786108232,0.0026586295365282
pi0 p,0.35,0.45,0.4,1.145,1.155,1.15,0.051310540889130396,0.0033435095994040495
pi0 p,0.35,0.45,0.4,1.155,1.165,1.16,0.0692038031674376,0.0040283896622799
pi0 p,0.35,0.45,0.4,1.165,1.175,1.17,0.09938867866038835,0.0049955993922935
pi0 p,0.35,0.45,0.4,1.175,1.185,1.18,0.1295735541533391,0.0059628091223071
pi0 p,0.35,0.45,0.4,1.185,1.195,1.19,0.15481920501123814,0.0068835218594267495
pi0 p,0.35,0.45,0.4,1.195,1.205,1.2,0.18006485586913717,0.0078042345965464
pi0 p,0.35,0.45,0.4,1.205,1.215,1.21,0.2053105067270362,0.00872494733366605
pi0 p,0.35,0.45,0.4,1.215,1.225,1.22,0.23055615758493522,0.0096456600707857
pi0 p,0.35,0.45,0.4,1.225,1.235,1.23,0.21209701314879958,0.009270458417410926
pi0 p,0.35,0.45,0.4,1.235,1.245,1.24,0.19363786871266397,0.008895256764036151
pi0 p,0.35,0.45,0.4,1.245,1.255,1.25,0.17517872427652834,0.008520055110661374
pi0 p,0.35,0.45,0.4,1.255,1.265,1.26,0.1567195798403927,0.0081448534572866
pi0 p,0.35,0.45,0.4,1.265,1.275,1.27,0.1393247668051919,0.00768740094087865
pi0 p,0.35,0.45,0.4,1.275,1.285,1.28,0.1219299537699911,0.0072299484244707
pi0 p,0.35,0.45,0.4,1.285,1.295,1.29,0.10918123849380716,0.006917526342615251
pi0 p,0.35,0.45,0.4,1.295,1.305,1.3,0.0964325232176232,0.0066051042607598
pi0 p,0.35,0.45,0.4,1.305,1.315,1.31,0.08563777938995855,0.0062431002772104505
pi0 p,0.35,0.45,0.4,1.315,1.325,1.32,0.0748430355622939,0.0058810962936611
pi0 p,0.35,0.45,0.4,1.325,1.335,1.33,0.06726875395420664,0.0056849070252108
pi0 p,0.35,0.45,0.4,1.335,1.345,1.34,0.0596944723461194,0.0054887177567605
pi0 p,0.35,0.45,0.4,1.345,1.355,1.35,0.05669250865813315,0.0055565586559173
pi0 p,0.35,0.45,0.4,1.355,1.365,1.36,0.0536905449701469,0.0056243995550741
pi0 p,0.35,0.45,0.4,1.365,1.375,1.37,0.05000962626239616,0.005726054432578551
pi0 p,0.35,0.45,0.4,1.375,1.385,1.38,0.0463287075546455,0.005827709310083
pi0 p,0.35,0.45,0.4,1.385,1.395,1.39,0.04409873797418405,0.00582890753263415
pi0 p,0.35,0.45,0.4,1.395,1.405,1.4,0.041868768393722604,0.0058301057551853
pi0 p,0.35,0.45,0.4,1.405,1.415,1.41,0.0392381865535249,0.005630285886765601
pi0 p,0.35,0.45,0.4,1.415,1.425,1.42,0.0366076047133272,0.0054304660183459
pi0 p,0.35,0.45,0.4,1.425,1.435,1.43,0.03599493432404325,0.0052779243169128
pi0 p,0.35,0.45,0.4,1.435,1.445,1.44,0.0353822639347593,0.0051253826154797
pi0 p,0.35,0.45,0.4,1.445,1.455,1.45,0.039590681390086,0.005403922421064749
pi0 p,0.35,0.45,0.4,1.455,1.465,1.46,0.0437990988454127,0.0056824622266498
pi0 p,0.35,0.45,0.4,1.465,1.475,1.47,0.0486548993697895,0.00607854127680465
pi0 p,0.35,0.45,0.4,1.475,1.485,1.48,0.0535106998941663,0.0064746203269595
pi0 p,0.35,0.45,0.4,1.485,1.495,1.49,0.0573308371207636,0.006804914925986449
pi0 p,0.35,0.45,0.4,1.495,1.505,1.5,0.0611509743473609,0.0071352095250134
pi0 p,0.35,0.45,0.4,1.505,1.515,1.51,0.058918331663279644,0.00703000061378445
pi0 p,0.35,0.45,0.4,1.515,1.525,1.52,0.056685688979198394,0.0069247917025555
pi0 p,0.35,0.45,0.4,1.525,1.535,1.53,0.05112862073283164,0.006296679763686501
pi0 p,0.35,0.45,0.4,1.535,1.545,1.54,0.0455715524864649,0.0056685678248175
pi0 p,0.35,0.45,0.4,1.545,1.555,1.55,0.042897473945049294,0.0055810694612599
pi0 p,0.35,0.45,0.4,1.555,1.565,1.56,0.0402233954036337,0.0054935710977023
pi0 p,0.35,0.45,0.4,1.565,1.575,1.57,0.03643049863807265,0.0053320185314808
pi0 p,0.35,0.45,0.4,1.575,1.585,1.58,0.0326376018725116,0.0051704659652593
pi0 p,0.35,0.45,0.4,1.585,1.595,1.59,0.03305335248433945,0.00536211630422755
pi0 p,0.35,0.45,0.4,1.595,1.605,1.6,0.0334691030961673,0.0055537666431958
pi0 p,0.35,0.45,0.4,1.605,1.615,1.61,0.03159952759540325,0.005165160262877701
pi0 p,0.35,0.45,0.4,1.615,1.625,1.62,0.0297299520946392,0.0047765538825596
pi0 p,0.35,0.45,0.4,1.625,1.635,1.63,0.03243157328171497,0.005373954364089144
pi0 p,0.35,0.45,0.4,1.635,1.645,1.64,0.0351331944687908,0.0059713548456187
pi0 p,0.35,0.45,0.4,1.645,1.655,1.65,0.036756931152045494,0.006503965434868799
pi0 p,0.35,0.45,0.4,1.655,1.665,1.66,0.0383806678353002,0.0070365760241189
pi0 p,0.35,0.45,0.4,1.665,1.675,1.67,0.0391557025636049,0.0073595449297604
pi0 p,0.35,0.45,0.4,1.675,1.685,1.68,0.0399307372919096,0.0076825138354019
pi0 p,0.45,0.55,0.5,1.095,1.105,1.1,0.006634831605255581,0.0014881435830454799
pi0 p,0.45,0.55,0.5,1.105,1.115,1.11,0.011878338345961349,0.0012247128292621262
pi0 p,0.45,0.55,0.5,1.115,1.125,1.12,0.01669875568438051,0.0013694853759003355
pi0 p,0.45,0.55,0.5,1.125,1.135,1.13,0.023688691980459645,0.0015480447577492823
pi0 p,0.45,0.55,0.5,1.135,1.145,1.14,0.03238779391766045,0.0019139573686752765
pi0 p,0.45,0.55,0.5,1.145,1.155,1.15,0.04697428684079526,0.0024733195041309265
pi0 p,0.45,0.55,0.5,1.155,1.165,1.16,0.06132208951736555,0.0027107328546740715
pi0 p,0.45,0.55,0.5,1.165,1.175,1.17,0.08555051354721255,0.0034729730002503
pi0 p,0.45,0.55,0.5,1.175,1.185,1.18,0.11079798527668455,0.004276491560617359
pi0 p,0.45,0.55,0.5,1.185,1.195,1.19,0.13625018319606974,0.00507696244129946
pi0 p,0.45,0.55,0.5,1.195,1.205,1.2,0.16170238111545496,0.005877433321981559
pi0 p,0.45,0.55,0.5,1.205,1.215,1.21,0.18895282760113596,0.0072696292796937505
pi0 p,0.45,0.55,0.5,1.215,1.225,1.22,0.2163317204129809,0.00870409131433666
pi0 p,0.45,0.55,0.5,1.225,1.235,1.23,0.19803439843248374,0.00832806395562552
pi0 p,0.45,0.55,0.5,1.235,1.245,1.24,0.1803843662745407,0.007948733775568921
pi0 p,0.45,0.55,0.5,1.245,1.255,1.25,0.16273433411659763,0.007569403595512321
pi0 p,0.45,0.55,0.5,1.255,1.265,1.26,0.14508430195865454,0.00719007341545572
pi0 p,0.45,0.55,0.5,1.265,1.275,1.27,0.12859682090777852,0.006002608211052536
pi0 p,0.45,0.55,0.5,1.275,1.285,1.28,0.11273470353408671,0.005059850021497612
pi0 p,0.45,0.55,0.5,1.285,1.295,1.29,0.09859233627265145,0.004790036122775412
pi0 p,0.45,0.55,0.5,1.295,1.305,1.3,0.08592470798701463,0.00458013999921106
pi0 p,0.45,0.55,0.5,1.305,1.315,1.31,0.07594660787969208,0.004407667323139429
pi0 p,0.45,0.55,0.5,1.315,1.325,1.32,0.06643098651245534,0.0042274471157035835
pi0 p,0.45,0.55,0.5,1.325,1.335,1.33,0.05636385170481565,0.004007633345488619
pi0 p,0.45,0.55,0.5,1.335,1.345,1.34,0.050673974724621235,0.003850717491054286
pi0 p,0.45,0.55,0.5,1.345,1.355,1.35,0.04506433413542278,0.0036823884928410856
pi0 p,0.45,0.55,0.5,1.355,1.365,1.36,0.04237059951183692,0.0036455336689103683
pi0 p,0.45,0.55,0.5,1.365,1.375,1.37,0.040793826412701656,0.0037213073469888865
pi0 p,0.45,0.55,0.5,1.375,1.385,1.38,0.037575438736551836,0.0036962176430700277
pi0 p,0.45,0.55,0.5,1.385,1.395,1.39,0.03517870886835489,0.0038930839940211318
pi0 p,0.45,0.55,0.5,1.395,1.405,1.4,0.03382146079336776,0.004075188678812498
pi0 p,0.45,0.55,0.5,1.405,1.415,1.41,0.03324452621126982,0.004147584916872765
pi0 p,0.45,0.55,0.5,1.415,1.425,1.42,0.03163400278014526,0.004182485380656423
pi0 p,0.45,0.55,0.5,1.425,1.435,1.43,0.0288726096418324,0.004044885293616312
pi0 p,0.45,0.55,0.5,1.435,1.445,1.44,0.029359056577116835,0.004005700119015888
pi0 p,0.45,0.55,0.5,1.445,1.455,1.45,0.029956502946169337,0.004041577949449919
pi0 p,0.45,0.55,0.5,1.455,1.465,1.46,0.03184308504698439,0.004096207648252619
pi0 p,0.45,0.55,0.5,1.465,1.475,1.47,0.036131537083223746,0.00447633096281564
pi0 p,0.45,0.55,0.5,1.475,1.485,1.48,0.03752256109317379,0.004605367804119152
pi0 p,0.45,0.55,0.5,1.485,1.495,1.49,0.041393640343084764,0.004801248459324708
pi0 p,0.45,0.55,0.5,1.495,1.505,1.5,0.04470378942386411,0.004973264377989198
pi0 p,0.45,0.55,0.5,1.505,1.515,1.51,0.042324490241821736,0.0049729618556419684
pi0 p,0.45,0.55,0.5,1.515,1.525,1.52,0.03941645790821438,0.004972592106106464
pi0 p,0.45,0.55,0.5,1.525,1.535,1.53,0.037494204750712704,0.004759929152202025
pi0 p,0.45,0.55,0.5,1.535,1.545,1.54,0.0326072292299706,0.004245060990382849
pi0 p,0.45,0.55,0.5,1.545,1.555,1.55,0.0265814569313977,0.003965241949750599
pi0 p,0.45,0.55,0.5,1.555,1.565,1.56,0.03337394453318306,0.0042795434965404635
pi0 p,0.45,0.55,0.5,1.565,1.575,1.57,0.03180623253267992,0.004403353908791112
pi0 p,0.45,0.55,0.5,1.575,1.585,1.58,0.030013124889282313,0.004404094471210763
pi0 p,0.45,0.55,0.5,1.585,1.595,1.59,0.02904041909283319,0.004538729107687169
pi0 p,0.45,0.55,0.5,1.595,1.605,1.6,0.028972866518994583,0.004660034494960482
pi0 p,0.45,0.55,0.5,1.605,1.615,1.61,0.02853333230751124,0.004930213444517305
pi0 p,0.45,0.55,0.5,1.615,1.625,1.62,0.027821253838051625,0.005315771001532504
pi0 p,0.45,0.55,0.5,1.625,1.635,1.63,0.02976523138511747,0.006262942622651344
pi0 p,0.45,0.55,0.5,1.635,1.645,1.64,0.032581249080577974,0.008199157948252258
pi0 p,0.45,0.55,0.5,1.645,1.655,1.65,0.03483259294845085,0.008836281859592383
pi0 p,0.45,0.55,0.5,1.655,1.665,1.66,0.035742136056065806,0.011163809447859333
pi0 p,0.45,0.55,0.5,1.665,1.675,1.67,0.03491667437301079,0.011280049601934105
pi0 p,0.45,0.55,0.5,1.675,1.685,1.68,0.032697952351027654,0.010515180914306456
pi0 p,0.45,0.55,0.5,1.685,1.695,1.69,0.031563003596067354,0.007704405771098799
pi0 p,0.45,0.55,0.5,1.695,1.705,1.7,0.030428054841107062,0.0048936306278911405
pi0 p,0.45,0.55,0.5,1.705,1.715,1.71,0.029293106086146763,0.0020828554846834815
pi0 p,0.45,0.55,0.5,1.715,1.725,1.72,0.025323541769097836,0.0012772517342968114
pi0 p,0.45,0.55,0.5,1.725,1.735,1.73,0.02021561692494951,0.0009664183446456769
pi0 p,0.45,0.55,0.5,1.735,1.745,1.74,0.015581718906973316,0.0007082082027596583
pi0 p,0.45,0.55,0.5,1.745,1.755,1.75,0.01456275473999465,0.00068658100181295
pi0 p,0.45,0.55,0.5,1.755,1.765,1.76,0.014066887839697067,0.0007016808092637835
pi0 p,0.45,0.55,0.5,1.765,1.775,1.77,0.013674392588877704,0.0006880092864815193
pi0 p,0.45,0.55,0.5,1.775,1.785,1.78,0.013663745496875147,0.0006918744958770769
pi0 p,0.55,0.65,0.6,1.095,1.105,1.1,0.006478787463311771,0.0018790413478237229
pi0 p,0.55,0.65,0.6,1.105,1.115,1.11,0.01168659090920771,0.0006516230193038452
pi0 p,0.55,0.65,0.6,1.115,1.125,1.12,0.014678208785495753,0.0010090834344352617
pi0 p,0.55,0.65,0.6,1.125,1.135,1.13,0.020082966557789832,0.000991218370806973
pi0 p,0.55,0.65,0.6,1.135,1.145,1.14,0.02835767795942049,0.0014487454467564552
pi0 p,0.55,0.65,0.6,1.145,1.155,1.15,0.041116546274248156,0.0015468239522691218
pi0 p,0.55,0.65,0.6,1.155,1.165,1.16,0.05439116365209598,0.001964864994811351
pi0 p,0.55,0.65,0.6,1.165,1.175,1.17,0.07406667200952155,0.002365628469623963
pi0 p,0.55,0.65,0.6,1.175,1.185,1.18,0.10503327511419841,0.0033279955795450537
pi0 p,0.55,0.65,0.6,1.185,1.195,1.19,0.12160536891713919,0.003756981199950242
pi0 p,0.55,0.65,0.6,1.195,1.205,1.2,0.14644188143833908,0.004948254077468588
pi0 p,0.55,0.65,0.6,1.205,1.215,1.21,0.17238324991965517,0.006229292499942393
pi0 p,0.55,0.65,0.6,1.215,1.225,1.22,0.19832461840097126,0.007510330922416197
pi0 p,0.55,0.65,0.6,1.225,1.235,1.23,0.18723992620462293,0.007356327763661171
pi0 p,0.55,0.65,0.6,1.235,1.245,1.24,0.1709029620389988,0.007022062987864885
pi0 p,0.55,0.65,0.6,1.245,1.255,1.25,0.1530723899413919,0.0066673415364913126
pi0 p,0.55,0.65,0.6,1.255,1.265,1.26,0.13451965808512975,0.0064110549998498455
pi0 p,0.55,0.65,0.6,1.265,1.275,1.27,0.11979608050402245,0.005367185385085412
pi0 p,0.55,0.65,0.6,1.275,1.285,1.28,0.10507250292291513,0.004323315770320981
pi0 p,0.55,0.65,0.6,1.285,1.295,1.29,0.09127224528427533,0.0036758067204132874
pi0 p,0.55,0.65,0.6,1.295,1.305,1.3,0.0788909398782193,0.0034934061436221
pi0 p,0.55,0.65,0.6,1.305,1.315,1.31,0.06496056314377416,0.0020072211059319472
pi0 p,0.55,0.65,0.6,1.315,1.325,1.32,0.05948737473460264,0.003185499244277987
pi0 p,0.55,0.65,0.6,1.325,1.335,1.33,0.049924387739642306,0.0028426827788807403
pi0 p,0.55,0.65,0.6,1.335,1.345,1.34,0.047099284119435036,0.003081260504412377
pi0 p,0.55,0.65,0.6,1.345,1.355,1.35,0.04348870067331037,0.0029445228501825504
pi0 p,0.55,0.65,0.6,1.355,1.365,1.36,0.03845775957380391,0.0028666282889052586
pi0 p,0.55,0.65,0.6,1.365,1.375,1.37,0.03438107877786879,0.002607402892759063
pi0 p,0.55,0.65,0.6,1.375,1.385,1.38,0.0342811264587339,0.0028729245149286295
pi0 p,0.55,0.65,0.6,1.385,1.395,1.39,0.025973397578326327,0.0014867186321276455
pi0 p,0.55,0.65,0.6,1.395,1.405,1.4,0.028779588783672178,0.0025643589078716846
pi0 p,0.55,0.65,0.6,1.405,1.415,1.41,0.018256499523688498,0.0012416841397836788
pi0 p,0.55,0.65,0.6,1.415,1.425,1.42,0.025160926608825768,0.0026726379504726345
pi0 p,0.55,0.65,0.6,1.425,1.435,1.43,0.019389271767700708,0.002252824502777946
pi0 p,0.55,0.65,0.6,1.435,1.445,1.44,0.020281729682651302,0.0023748528866174806
pi0 p,0.55,0.65,0.6,1.445,1.455,1.45,0.02389903904930165,0.002718198570521321
pi0 p,0.55,0.65,0.6,1.455,1.465,1.46,0.024006534263496734,0.002728927754417026
pi0 p,0.55,0.65,0.6,1.465,1.475,1.47,0.02461004316079107,0.003050070239118423
pi0 p,0.55,0.65,0.6,1.475,1.485,1.48,0.026900349135829758,0.0033896896660729164
pi0 p,0.55,0.65,0.6,1.485,1.495,1.49,0.010044031434278743,0.0012646420323676178
pi0 p,0.55,0.65,0.6,1.495,1.505,1.5,0.030132094302836202,0.00379392609710285
pi0 p,0.55,0.65,0.6,1.505,1.515,1.51,0.010044031434278745,0.001264642032367618
pi0 p,0.55,0.65,0.6,1.515,1.525,1.52,0.027279163774305667,0.003432868285768188
pi0 p,0.55,0.65,0.6,1.525,1.535,1.53,0.024248145577160624,0.003051438476238393
pi0 p,0.55,0.65,0.6,1.535,1.545,1.54,0.024125817006086934,0.003541994280655717
pi0 p,0.55,0.65,0.6,1.545,1.555,1.55,0.01854410377470028,0.003331281386630846
pi0 p,0.55,0.65,0.6,1.555,1.565,1.56,0.01854410377470028,0.003331281386630846
pi0 p,0.55,0.65,0.6,1.565,1.575,1.57,0.014293740977273069,0.0025914616746534227
pi0 p,0.55,0.65,0.6,1.575,1.585,1.58,0.02460818047657152,0.003329713296044486
pi0 p,0.55,0.65,0.6,1.585,1.595,1.59,0.01781065647661091,0.0015284437581422838
pi0 p,0.55,0.65,0.6,1.595,1.605,1.6,0.028634018340338345,0.0033837637290465234
pi0 p,0.55,0.65,0.6,1.605,1.615,1.61,0.0256002057453936,0.0019463089795064663
pi0 p,0.55,0.65,0.6,1.615,1.625,1.62,0.029500794158991758,0.003286586441475779
pi0 p,0.55,0.65,0.6,1.625,1.635,1.63,0.032107616257660634,0.003197435422202921
pi0 p,0.55,0.65,0.6,1.635,1.645,1.64,0.03540901192795969,0.003714594914986143
pi0 p,0.55,0.65,0.6,1.645,1.655,1.65,0.03689456136492424,0.003815284072935602
pi0 p,0.55,0.65,0.6,1.655,1.665,1.66,0.03802168583158033,0.004340301832081177
pi0 p,0.55,0.65,0.6,1.665,1.675,1.67,0.03715855392186329,0.0036092920725741503
pi0 p,0.55,0.65,0.6,1.675,1.685,1.68,0.03756160997413718,0.0038269944440101436
pi0 p,0.55,0.65,0.6,1.685,1.695,1.69,0.03532094206080763,0.00172069870597695
pi0 p,0.55,0.65,0.6,1.695,1.705,1.7,0.032748753255355555,0.0016467958958204499
pi0 p,0.55,0.65,0.6,1.705,1.715,1.71,0.02614423726448293,0.0012691712080646167
pi0 p,0.55,0.65,0.6,1.715,1.725,1.72,0.023450005253257973,0.001169434251833327
pi0 p,0.55,0.65,0.6,1.725,1.735,1.73,0.01982285900473866,0.000995623801597827
pi0 p,0.55,0.65,0.6,1.735,1.745,1.74,0.015188960986762466,0.0007374136597118083
pi0 p,0.55,0.65,0.6,1.745,1.755,1.75,0.0141699968197838,0.0007157864587651001
pi0 p,0.55,0.65,0.6,1.755,1.765,1.76,0.013231511784647258,0.0006823358544692667
pi0 p,0.55,0.65,0.6,1.765,1.775,1.77,0.013320101301175703,0.0006985215529154231
pi0 p,0.55,0.65,0.6,1.775,1.785,1.78,0.012154828590306439,0.0006568875347365388
pi0 p,0.65,0.75,0.7,1.095,1.105,1.1,0.005771843972247874,0.0018217292461888174
pi0 p,0.65,0.75,0.7,1.105,1.115,1.11,0.010775804479296134,0.0005598182253685603
pi0 p,0.65,0.75,0.7,1.115,1.125,1.12,0.0117439196421206,0.001701214645399117
pi0 p,0.65,0.75,0.7,1.125,1.135,1.13,0.017729321870213782,0.0009913699376471732
pi0 p,0.65,0.75,0.7,1.135,1.145,1.14,0.025132252275630117,0.002356272002087371
pi0 p,0.65,0.75,0.7,1.145,1.155,1.15,0.03846417510492463,0.0028098644376328853
pi0 p,0.65,0.75,0.7,1.155,1.165,1.16,0.04985557529468154,0.004593890154643803
pi0 p,0.65,0.75,0.7,1.165,1.175,1.17,0.06642761529106021,0.002393403918864249
pi0 p,0.65,0.75,0.7,1.175,1.185,1.18,0.09064533680578389,0.004464973715416914
pi0 p,0.65,0.75,0.7,1.185,1.195,1.19,0.12233099491380825,0.005304383163196049
pi0 p,0.65,0.75,0.7,1.195,1.205,1.2,0.15073653644003926,0.006091398417416246
pi0 p,0.65,0.75,0.7,1.205,1.215,1.21,0.165629345320193,0.006474781390335442
pi0 p,0.65,0.75,0.7,1.215,1.225,1.22,0.17895620872470913,0.00965890368211731
pi0 p,0.65,0.75,0.7,1.225,1.235,1.23,0.16802401333608843,0.00662866909188288
pi0 p,0.65,0.75,0.7,1.235,1.245,1.24,0.15693932113974007,0.006474665933127857
pi0 p,0.65,0.75,0.7,1.245,1.255,1.25,0.13838658928347794,0.00621837939648639
pi0 p,0.65,0.75,0.7,1.255,1.265,1.26,0.12314980801660758,0.006002061797115175
pi0 p,0.65,0.75,0.7,1.265,1.275,1.27,0.11073453029166905,0.005949093594492595
pi0 p,0.65,0.75,0.7,1.275,1.285,1.28,0.09648450598377264,0.00567504253816196
pi0 p,0.65,0.75,0.7,1.285,1.295,1.29,0.08025822469394553,0.003455231186445234
pi0 p,0.65,0.75,0.7,1.295,1.305,1.3,0.0747820630300029,0.005192826964056841
pi0 p,0.65,0.75,0.7,1.305,1.315,1.31,0.06191023874235971,0.002119632502211597
pi0 p,0.65,0.75,0.7,1.315,1.325,1.32,0.06097153110738136,0.005101679368071634
pi0 p,0.65,0.75,0.7,1.325,1.335,1.33,0.05169030303519445,0.0030057629990358895
pi0 p,0.65,0.75,0.7,1.335,1.345,1.34,0.05326308150145889,0.005163173658657003
pi0 p,0.65,0.75,0.7,1.345,1.355,1.35,0.049810315572376654,0.005019897882988005
pi0 p,0.65,0.75,0.7,1.355,1.365,1.36,0.049292920754410295,0.005246302466598296
pi0 p,0.65,0.75,0.7,1.365,1.375,1.37,0.03456558541019186,0.002869810301910809
pi0 p,0.65,0.75,0.7,1.375,1.385,1.38,0.0441864713044483,0.005110154742188193
pi0 p,0.65,0.75,0.7,1.385,1.395,1.39,0.025508868332842383,0.0015404586416424453
pi0 p,0.65,0.75,0.7,1.395,1.405,1.4,0.03731398838865632,0.004413787890910435
pi0 p,0.65,0.75,0.7,1.405,1.415,1.41,0.017835551052371293,0.0013049502080661158
pi0 p,0.65,0.75,0.7,1.415,1.425,1.42,0.037976304784439446,0.005107629834292056
pi0 p,0.65,0.75,0.7,1.425,1.435,1.43,0.024264108000451454,0.0028018616579548444
pi0 p,0.65,0.75,0.7,1.435,1.445,1.44,0.03979499838095969,0.005295059172639159
pi0 p,0.65,0.75,0.7,1.445,1.455,1.45,0.04380228709788285,0.005675362245432793
pi0 p,0.65,0.75,0.7,1.455,1.465,1.46,0.04545554118048037,0.006050128054551457
pi0 p,0.65,0.75,0.7,1.465,1.475,1.47,0.025794202006086314,0.0034234382820196797
pi0 p,0.65,0.75,0.7,1.475,1.485,1.48,0.05463121852972681,0.00716948185081819
pi0 p,0.65,0.75,0.7,1.485,1.495,1.49,0.009804041913724047,0.001465072026744933
pi0 p,0.65,0.75,0.7,1.495,1.505,1.5,0.05954422004400839,0.008189142177337653
pi0 p,0.65,0.75,0.7,1.505,1.515,1.51,0.010044031434278745,0.001264642032367618
pi0 p,0.65,0.75,0.7,1.515,1.525,1.52,0.0557578277995563,0.008044685687844642
pi0 p,0.65,0.75,0.7,1.525,1.535,1.53,0.02531436802244498,0.004099393246290178
pi0 p,0.65,0.75,0.7,1.535,1.545,1.54,0.04906936642528223,0.0077472400886316115
pi0 p,0.65,0.75,0.7,1.545,1.555,1.55,0.04082352418731082,0.00652230885691866
pi0 p,0.65,0.75,0.7,1.555,1.565,1.56,0.0346216205968812,0.00628818341911325
pi0 p,0.65,0.75,0.7,1.565,1.575,1.57,0.014070012854025647,0.002823429642244
pi0 p,0.65,0.75,0.7,1.575,1.585,1.58,0.03190922306021105,0.0060917527315096
pi0 p,0.65,0.75,0.7,1.585,1.595,1.59,0.005094536292829367,0.0011291735217447167
pi0 p,0.65,0.75,0.7,1.595,1.605,1.6,0.03176211684071705,0.006177469887403649
pi0 p,0.65,0.75,0.7,1.605,1.615,1.61,0.0256677003003858,0.0020565805525127163
pi0 p,0.65,0.75,0.7,1.615,1.625,1.62,0.03254835038946275,0.0059184029191664995
pi0 p,0.65,0.75,0.7,1.625,1.635,1.63,0.03159415689031309,0.003749467376639077
pi0 p,0.65,0.75,0.7,1.635,1.645,1.64,0.036761551426528545,0.0063326857839238
pi0 p,0.65,0.75,0.7,1.645,1.655,1.65,0.03785476251416895,0.0064070970666263004
pi0 p,0.65,0.75,0.7,1.655,1.665,1.66,0.0389420619841241,0.006979262448127
pi0 p,0.65,0.75,0.7,1.665,1.675,1.67,0.036424035639335495,0.0035639754852966
pi0 p,0.65,0.75,0.7,1.675,1.685,1.68,0.04036781386288055,0.00664449902060595
pi0 p,0.65,0.75,0.7,1.685,1.695,1.69,0.033344653013823264,0.0016426060873641916
pi0 p,0.65,0.75,0.7,1.695,1.705,1.7,0.027333226395184807,0.0012679433325161501
pi0 p,0.65,0.75,0.7,1.705,1.715,1.71,0.02072871040431218,0.0008903186447603166
pi0 p,0.65,0.75,0.7,1.715,1.725,1.72,0.018034478393087222,0.0007905816885290268
pi0 p,0.65,0.75,0.7,1.725,1.735,1.73,0.01626911553578776,0.0007593111965854116
pi0 p,0.65,0.75,0.7,1.735,1.745,1.74,0.014722181135267225,0.0007661012694828833
pi0 p,0.65,0.75,0.7,1.745,1.755,1.75,0.0142437679258081,0.0009291554761185499
pi0 p,0.65,0.75,0.7,1.755,1.765,1.76,0.013305282890671559,0.0008957048718227164
pi0 p,0.65,0.75,0.7,1.765,1.775,1.77,0.010976863022697667,0.0007995245025720113
pi0 p,0.65,0.75,0.7,1.775,1.785,1.78,0.0070884514025509136,0.0011204817563419552
pi0 p,0.75,0.85,0.8,1.095,1.105,1.1,0.004870924532435498,0.0013829518538579222
pi0 p,0.75,0.85,0.8,1.105,1.115,1.11,0.009855063096406982,0.0005921234150604104
pi0 p,0.75,0.85,0.8,1.115,1.125,1.12,0.012310994408653056,0.0011153747998853196
pi0 p,0.75,0.85,0.8,1.125,1.135,1.13,0.016066403142092605,0.0010802513903580995
pi0 p,0.75,0.85,0.8,1.135,1.145,1.14,0.02208100357215008,0.001436170385500976
pi0 p,0.75,0.85,0.8,1.145,1.155,1.15,0.030833216725997,0.0015575843258174345
pi0 p,0.75,0.85,0.8,1.155,1.165,1.16,0.0419606982121629,0.0031753488651589056
pi0 p,0.75,0.85,0.8,1.165,1.175,1.17,0.0609256486126607,0.002453049825181349
pi0 p,0.75,0.85,0.8,1.175,1.185,1.18,0.08866276023389782,0.003370845888253356
pi0 p,0.75,0.85,0.8,1.185,1.195,1.19,0.1034974914505854,0.006315257476279066
pi0 p,0.75,0.85,0.8,1.195,1.205,1.2,0.09499120194127829,0.003906458574246244
pi0 p,0.75,0.85,0.8,1.205,1.215,1.21,0.10404062033278051,0.004510850809908537
pi0 p,0.75,0.85,0.8,1.215,1.225,1.22,0.11531021803318518,0.005519090470670445
pi0 p,0.75,0.85,0.8,1.225,1.235,1.23,0.12657981573358984,0.006527330131432353
pi0 p,0.75,0.85,0.8,1.235,1.245,1.24,0.13784941343399448,0.0075355697921942605
pi0 p,0.75,0.85,0.8,1.245,1.255,1.25,0.12721406864865104,0.006561977776755637
pi0 p,0.75,0.85,0.8,1.255,1.265,1.26,0.11657872386330759,0.005588385761317016
pi0 p,0.75,0.85,0.8,1.265,1.275,1.27,0.10594337907796414,0.004614793745878393
pi0 p,0.75,0.85,0.8,1.275,1.285,1.28,0.09346745970000996,0.003944111496866731
pi0 p,0.75,0.85,0.8,1.285,1.295,1.29,0.0786253812167292,0.003704700514711748
pi0 p,0.75,0.85,0.8,1.295,1.305,1.3,0.06124729349880356,0.0015463880120231064
pi0 p,0.75,0.85,0.8,1.305,1.315,1.31,0.056476833466062235,0.0022259775068646497
pi0 p,0.75,0.85,0.8,1.315,1.325,1.32,0.05334348322641099,0.003338786434542471
pi0 p,0.75,0.85,0.8,1.325,1.335,1.33,0.048398292439553806,0.0030587932390692516
pi0 p,0.75,0.85,0.8,1.335,1.345,1.34,0.04477958020674145,0.0032892135385630883
pi0 p,0.75,0.85,0.8,1.345,1.355,1.35,0.04077568583439628,0.0032289837438807547
pi0 p,0.75,0.85,0.8,1.355,1.365,1.36,0.03990964106099205,0.003426724889661783
pi0 p,0.75,0.85,0.8,1.365,1.375,1.37,0.03674969053460142,0.003115687549973159
pi0 p,0.75,0.85,0.8,1.375,1.385,1.38,0.033912442191885384,0.003238419446498068
pi0 p,0.75,0.85,0.8,1.385,1.395,1.39,0.023763037000012643,0.0016010964167665325
pi0 p,0.75,0.85,0.8,1.395,1.405,1.4,0.026523073602631748,0.0026779184225871207
pi0 p,0.75,0.85,0.8,1.405,1.415,1.41,0.017656029000961495,0.001369257735179816
pi0 p,0.75,0.85,0.8,1.415,1.425,1.42,0.024820894239971046,0.003050770161770874
pi0 p,0.75,0.85,0.8,1.425,1.435,1.43,0.023580492645667653,0.0028419588286365946
pi0 p,0.75,0.85,0.8,1.435,1.445,1.44,0.027540707824525487,0.003431563886519541
pi0 p,0.75,0.85,0.8,1.445,1.455,1.45,0.028084667308128156,0.003514435081728124
pi0 p,0.75,0.85,0.8,1.455,1.465,1.46,0.029626991930826182,0.0038600114294557804
pi0 p,0.75,0.85,0.8,1.465,1.475,1.47,0.03248428289721227,0.0039107141099149235
pi0 p,0.75,0.85,0.8,1.475,1.485,1.48,0.030301349376519116,0.0039574416089368965
pi0 p,0.75,0.85,0.8,1.485,1.495,1.49,0.009804041913724047,0.001465072026744933
pi0 p,0.75,0.85,0.8,1.495,1.505,1.5,0.02941212574117212,0.004395216080234796
pi0 p,0.75,0.85,0.8,1.505,1.515,1.51,0.009804041913724047,0.001465072026744933
pi0 p,0.75,0.85,0.8,1.515,1.525,1.52,0.02847866402525057,0.004611817402076445
pi0 p,0.75,0.85,0.8,1.525,1.535,1.53,0.02531436802244498,0.004099393246290178
pi0 p,0.75,0.85,0.8,1.535,1.545,1.54,0.02349877483635514,0.004059340141024051
pi0 p,0.75,0.85,0.8,1.545,1.555,1.55,0.016077516822180882,0.0029569020324823965
pi0 p,0.75,0.85,0.8,1.555,1.565,1.56,0.016077516822180882,0.0029569020324823965
pi0 p,0.75,0.85,0.8,1.565,1.575,1.57,0.014070012854025647,0.002823429642244
pi0 p,0.75,0.85,0.8,1.575,1.585,1.58,0.015828764460778834,0.0031763583475244964
pi0 p,0.75,0.85,0.8,1.585,1.595,1.59,0.005094536292829367,0.0011291735217447167
pi0 p,0.75,0.85,0.8,1.595,1.605,1.6,0.015283608878488085,0.003387520565234146
pi0 p,0.75,0.85,0.8,1.605,1.615,1.61,0.01313499950750252,0.0015954666790832827
pi0 p,0.75,0.85,0.8,1.615,1.625,1.62,0.01760913656765547,0.00336229328509244
pi0 p,0.75,0.85,0.8,1.625,1.635,1.63,0.020405095461421482,0.003280816273147377
pi0 p,0.75,0.85,0.8,1.635,1.645,1.64,0.02195085104608938,0.0036840221703048474
pi0 p,0.75,0.85,0.8,1.645,1.655,1.65,0.023274957454253793,0.0037581629521907965
pi0 p,0.75,0.85,0.8,1.655,1.665,1.66,0.026677121747134335,0.0038298692267277963
pi0 p,0.75,0.85,0.8,1.665,1.675,1.67,0.02881154324526474,0.003739180631732689
pi0 p,0.75,0.85,0.8,1.675,1.685,1.68,0.02939196221614442,0.004063862083941435
pi0 p,0.75,0.85,0.8,1.685,1.695,1.69,0.0242639499000049,0.0011495117627281911
pi0 p,0.75,0.85,0.8,1.695,1.705,1.7,0.018252523281366444,0.0007748490078801495
pi0 p,0.75,0.85,0.8,1.705,1.715,1.71,0.018340566736895617,0.0008409959300619001
pi0 p,0.75,0.85,0.8,1.715,1.725,1.72,0.012880665983442252,0.0005696870455539733
pi0 p,0.75,0.85,0.8,1.725,1.735,1.73,0.0085501902314498,0.0003757126471952612
pi0 p,0.75,0.85,0.8,1.735,1.745,1.74,0.007003255830929267,0.00038250272009273295
pi0 p,0.75,0.85,0.8,1.745,1.755,1.75,0.006524842621470142,0.0005455569267283995
pi0 p,0.75,0.85,0.8,1.755,1.765,1.76,0.010544055122478933,0.0036461121733932854
pi0 p,0.75,0.85,0.8,1.765,1.775,1.77,0.006546579063042625,0.0007553695847665032
pi0 p,0.85,0.95,0.9,1.095,1.105,1.1,0.004230524003163705,0.0011539292452950416
pi0 p,0.85,0.95,0.9,1.105,1.115,1.11,0.00738608739703992,0.0012638295949857473
pi0 p,0.85,0.95,0.9,1.115,1.125,1.12,0.010541650790916136,0.0013737299446764527
pi0 p,0.85,0.95,0.9,1.125,1.135,1.13,0.016264638483784444,0.0016229627558454847
pi0 p,0.85,0.95,0.9,1.135,1.145,1.14,0.02198762617665288,0.0018721955670145218
pi0 p,0.85,0.95,0.9,1.145,1.155,1.15,0.03266249456172639,0.002260347343288658
pi0 p,0.85,0.95,0.9,1.155,1.165,1.16,0.0433373629467999,0.0026484991195627945
pi0 p,0.85,0.95,0.9,1.165,1.175,1.17,0.05953281690618587,0.003077877513657888
pi0 p,0.85,0.95,0.9,1.175,1.185,1.18,0.07572827086557185,0.0035072559077529816
pi0 p,0.85,0.95,0.9,1.185,1.195,1.19,0.09851023302467567,0.004071324174830612
pi0 p,0.85,0.95,0.9,1.195,1.205,1.2,0.12129219518377947,0.004635392441908244
pi0 p,0.85,0.95,0.9,1.205,1.215,1.21,0.13241125231645762,0.004975789408819806
pi0 p,0.85,0.95,0.9,1.215,1.225,1.22,0.14353030944913575,0.0053161863757313675
pi0 p,0.85,0.95,0.9,1.225,1.235,1.23,0.13118187145834004,0.007575528479602033
pi0 p,0.85,0.95,0.9,1.235,1.245,1.24,0.1188334334675443,0.0098348705834727
pi0 p,0.85,0.95,0.9,1.245,1.255,1.25,0.10939166752624835,0.0072447699900862125
pi0 p,0.85,0.95,0.9,1.255,1.265,1.26,0.09994990158495241,0.004654669396699725
pi0 p,0.85,0.95,0.9,1.265,1.275,1.27,0.09003346963875243,0.004559933290000824
pi0 p,0.85,0.95,0.9,1.275,1.285,1.28,0.08011703769255245,0.004465197183301924
pi0 p,0.85,0.95,0.9,1.285,1.295,1.29,0.07161860312462828,0.004391079009335655
pi0 p,0.85,0.95,0.9,1.295,1.305,1.3,0.06312016855670409,0.0043169608353693855
pi0 p,0.85,0.95,0.9,1.305,1.315,1.31,0.05859440223453777,0.004349408111857947
pi0 p,0.85,0.95,0.9,1.315,1.325,1.32,0.054068635912371425,0.004381855388346508
pi0 p,0.85,0.95,0.9,1.325,1.335,1.33,0.04954612094264035,0.0043454814193581714
pi0 p,0.85,0.95,0.9,1.335,1.345,1.34,0.04502360597290927,0.004309107450369834
pi0 p,0.85,0.95,0.9,1.345,1.355,1.35,0.042793366490132795,0.004463810856202278
pi0 p,0.85,0.95,0.9,1.355,1.365,1.36,0.04056312700735633,0.004618514262034722
pi0 p,0.85,0.95,0.9,1.365,1.375,1.37,0.04102984015235997,0.005036279515144716
pi0 p,0.85,0.95,0.9,1.375,1.385,1.38,0.041496553297363604,0.005454044768254701
pi0 p,0.85,0.95,0.9,1.385,1.395,1.39,0.040088164670006796,0.0051753933299791
pi0 p,0.85,0.95,0.9,1.395,1.405,1.4,0.03867977604265,0.0048967418917035
pi0 p,0.85,0.95,0.9,1.405,1.415,1.41,0.038425629065477945,0.00486581467449525
pi0 p,0.85,0.95,0.9,1.415,1.425,1.42,0.0381714820883059,0.004834887457287
pi0 p,0.85,0.95,0.9,1.425,1.435,1.43,0.0390461896158779,0.0048562622586869495
pi0 p,0.85,0.95,0.9,1.435,1.445,1.44,0.0399208971434499,0.004877637060086899
pi0 p,0.85,0.95,0.9,1.445,1.455,1.45,0.0424118476536744,0.005161467244451199
pi0 p,0.85,0.95,0.9,1.455,1.465,1.46,0.0449027981638989,0.0054452974288155
pi0 p,0.85,0.95,0.9,1.465,1.475,1.47,0.04921151198611165,0.0057264196747855
pi0 p,0.85,0.95,0.9,1.475,1.485,1.48,0.0535202258083244,0.0060075419207555
pi0 p,0.85,0.95,0.9,1.485,1.495,1.49,0.0571737424591962,0.0066506129176556
pi0 p,0.85,0.95,0.9,1.495,1.505,1.5,0.060827259110068005,0.0072936839145557
pi0 p,0.85,0.95,0.9,1.505,1.515,1.51,0.05869259132626026,0.007287772396891649
pi0 p,0.85,0.95,0.9,1.515,1.525,1.52,0.0565579235424525,0.0072818608792276
pi0 p,0.85,0.95,0.9,1.525,1.535,1.53,0.04968163663323155,0.00656906130083505
pi0 p,0.85,0.95,0.9,1.535,1.545,1.54,0.0428053497240106,0.0058562617224425
pi0 p,0.85,0.95,0.9,1.545,1.555,1.55,0.03874417906682165,0.00576160186529775
pi0 p,0.85,0.95,0.9,1.555,1.565,1.56,0.0346830084096327,0.005666942008153
pi0 p,0.85,0.95,0.9,1.565,1.575,1.57,0.03268238464660035,0.00548752861622725
pi0 p,0.85,0.95,0.9,1.575,1.585,1.58,0.030681760883568,0.0053081152243015
pi0 p,0.85,0.95,0.9,1.585,1.595,1.59,0.030993339046417448,0.00537646288313645
pi0 p,0.85,0.95,0.9,1.595,1.605,1.6,0.0313049172092669,0.0054448105419714
pi0 p,0.85,0.95,0.9,1.605,1.615,1.61,0.03169553037018365,0.00523565811071535
pi0 p,0.85,0.95,0.9,1.615,1.625,1.62,0.0320861435311004,0.0050265056794593
pi0 p,0.85,0.95,0.9,1.625,1.635,1.63,0.03598570744772506,0.005657043178353893
pi0 p,0.85,0.95,0.9,1.635,1.645,1.64,0.0398852713643498,0.0062875806772485
pi0 p,0.85,0.95,0.9,1.645,1.655,1.65,0.0385049605028408,0.0061448414245255
pi0 p,0.85,0.95,0.9,1.655,1.665,1.66,0.037124649641331796,0.0060021021718025
pi0 p,0.85,0.95,0.9,1.665,1.675,1.67,0.038217746276520845,0.0060259850177746994
pi0 p,0.85,0.95,0.9,1.675,1.685,1.68,0.0393108429117099,0.0060498678637469
pi0 p,0.85,0.95,0.9,1.685,1.695,1.69,0.027398466271797792,0.004216574571702382
pi0 p,0.85,0.95,0.9,1.695,1.705,1.7,0.015486089631885696,0.0023832812796578664
pi0 p,0.85,0.95,0.9,1.705,1.715,1.71,0.0035737129919735937,0.0005499879876133493
pi0 p,0.85,0.95,0.9,1.715,1.725,1.72,0.0030009755586754734,0.0006004540249118107
pi0 p,0.85,0.95,0.9,1.725,1.735,1.73,0.015929571317300932,0.002644449653454439
pi0 p,0.85,0.95,0.9,1.735,1.745,1.74,0.01513286670570024,0.005509363851379979
pi0 p,0.85,0.95,0.9,1.745,1.755,1.75,0.009775541210311945,0.003413475749630723
pi0 p,0.85,0.95,0.9,1.755,1.765,1.76,0.00601581776903151,0.0003988801082352311
pi0 p,0.95,1.05,1.0,1.095,1.105,1.1,0.0037616212245697826,0.001118844414280225
pi0 p,0.95,1.05,1.0,1.105,1.115,1.11,0.007936103245018498,0.0006390379644507403
pi0 p,0.95,1.05,1.0,1.115,1.125,1.12,0.010954930205604431,0.0007907120814192852
pi0 p,0.95,1.05,1.0,1.125,1.135,1.13,0.01408554403928508,0.0008314241359855923
pi0 p,0.95,1.05,1.0,1.135,1.145,1.14,0.018225027871807922,0.0009945367157565455
pi0 p,0.95,1.05,1.0,1.145,1.155,1.15,0.02558077472258125,0.0011654417286133692
pi0 p,0.95,1.05,1.0,1.155,1.165,1.16,0.03352674175612933,0.0012919110729277443
pi0 p,0.95,1.05,1.0,1.165,1.175,1.17,0.04807143583491728,0.0018304981240940882
pi0 p,0.95,1.05,1.0,1.175,1.185,1.18,0.05249984606158285,0.001979424080981774
pi0 p,0.95,1.05,1.0,1.185,1.195,1.19,0.05349848548906984,0.0020355495439698607
pi0 p,0.95,1.05,1.0,1.195,1.205,1.2,0.05433501228959789,0.0020927023590001075
pi0 p,0.95,1.05,1.0,1.205,1.215,1.21,0.055171539090125954,0.0021498551740303544
pi0 p,0.95,1.05,1.0,1.215,1.225,1.22,0.056008065890654005,0.0022070079890606008
pi0 p,0.95,1.05,1.0,1.225,1.235,1.23,0.056844592691182055,0.002264160804090847
pi0 p,0.95,1.05,1.0,1.235,1.245,1.24,0.057681119491710106,0.002321313619121094
pi0 p,0.95,1.05,1.0,1.245,1.255,1.25,0.05851764629223816,0.002378466434151341
pi0 p,0.95,1.05,1.0,1.255,1.265,1.26,0.05935417309276622,0.0024356192491815877
pi0 p,0.95,1.05,1.0,1.265,1.275,1.27,0.06019069989329427,0.0024927720642118345
pi0 p,0.95,1.05,1.0,1.275,1.285,1.28,0.06102722669382232,0.002549924879242081
pi0 p,0.95,1.05,1.0,1.285,1.295,1.29,0.061863753494350374,0.0026070776942723273
pi0 p,0.95,1.05,1.0,1.295,1.305,1.3,0.0561457582196192,0.0024938145958414808
pi0 p,0.95,1.05,1.0,1.305,1.315,1.31,0.04965317748765008,0.0023350216788209756
pi0 p,0.95,1.05,1.0,1.315,1.325,1.32,0.04533547722596974,0.002297483792428453
pi0 p,0.95,1.05,1.0,1.325,1.335,1.33,0.04070268864891043,0.002224963702544414
pi0 p,0.95,1.05,1.0,1.335,1.345,1.34,0.037520081028937224,0.002338580817687776
pi0 p,0.95,1.05,1.0,1.345,1.355,1.35,0.03150890850383169,0.002157493243799443
pi0 p,0.95,1.05,1.0,1.355,1.365,1.36,0.026895561682880684,0.0020381802743305337
pi0 p,0.95,1.05,1.0,1.365,1.375,1.37,0.025157246294563267,0.001990916799307978
pi0 p,0.95,1.05,1.0,1.375,1.385,1.38,0.02415003361675147,0.001993726862313555
pi0 p,0.95,1.05,1.0,1.385,1.395,1.39,0.023238616522163198,0.001961969800838041
pi0 p,0.95,1.05,1.0,1.395,1.405,1.4,0.020727450886482906,0.0018549404851884014
pi0 p,0.95,1.05,1.0,1.405,1.415,1.41,0.01834806745529576,0.001791061553906391
pi0 p,0.95,1.05,1.0,1.415,1.425,1.42,0.015787050515101955,0.0017569294952768436
pi0 p,0.95,1.05,1.0,1.425,1.435,1.43,0.01115195673132657,0.0014681120005748305
pi0 p,0.95,1.05,1.0,1.435,1.445,1.44,0.010008222588866798,0.0013464193732956207
pi0 p,0.95,1.05,1.0,1.445,1.455,1.45,0.010826213097615089,0.0014180963326393475
pi0 p,0.95,1.05,1.0,1.455,1.465,1.46,0.010946185321144173,0.0014330424020761118
pi0 p,0.95,1.05,1.0,1.465,1.475,1.47,0.013904806320850999,0.0016641856659770978
pi0 p,0.95,1.05,1.0,1.475,1.485,1.48,0.01329177885308146,0.001615388748048944
pi0 p,0.95,1.05,1.0,1.485,1.495,1.49,0.01316679695987316,0.001687831829238972
pi0 p,0.95,1.05,1.0,1.495,1.505,1.5,0.013227505606736514,0.001713262137225702
pi0 p,0.95,1.05,1.0,1.505,1.515,1.51,0.013066772254256735,0.001745922258200412
pi0 p,0.95,1.05,1.0,1.515,1.525,1.52,0.012423838844337617,0.0018765627420992525
pi0 p,0.95,1.05,1.0,1.525,1.535,1.53,0.012423838844337617,0.0018765627420992525
pi0 p,0.95,1.05,1.0,1.535,1.545,1.54,0.009918147361317985,0.0016545940887077518
pi0 p,0.95,1.05,1.0,1.545,1.555,1.55,0.009918147361317985,0.0016545940887077518
pi0 p,0.95,1.05,1.0,1.555,1.565,1.56,0.008905622153141423,0.0016670373013678648
pi0 p,0.95,1.05,1.0,1.565,1.575,1.57,0.006352168842079954,0.0014986193027007122
pi0 p,0.95,1.05,1.0,1.575,1.585,1.58,0.006011663779727282,0.0014246353485862016
pi0 p,0.95,1.05,1.0,1.585,1.595,1.59,0.006011663779727282,0.0014246353485862016
pi0 p,0.95,1.05,1.0,1.595,1.605,1.6,0.006011663779727282,0.0014246353485862016
pi0 p,0.95,1.05,1.0,1.605,1.615,1.61,0.006011663779727282,0.0014246353485862016
pi0 p,0.95,1.05,1.0,1.615,1.625,1.62,0.006011663779727282,0.0014246353485862016
pi0 p,0.95,1.05,1.0,1.625,1.635,1.63,0.006009239264476517,0.0013592994414715711
pi0 p,0.95,1.05,1.0,1.635,1.645,1.64,0.008300029692476465,0.0015525156661658393
pi0 p,0.95,1.05,1.0,1.645,1.655,1.65,0.010297073902289008,0.0016414917435382558
pi0 p,0.95,1.05,1.0,1.655,1.665,1.66,0.011474301845422388,0.0018238303180477724
pi0 p,0.95,1.05,1.0,1.665,1.675,1.67,0.012809828943327165,0.0021043311895327928
pi0 p,0.95,1.05,1.0,1.675,1.685,1.68,0.010966403518884818,0.0020221994258044084
pi0 p,0.95,1.05,1.0,1.685,1.695,1.69,0.011575191440605388,0.002316036953231268
pi0 p,0.95,1.05,1.0,1.695,1.705,1.7,0.015862299381570345,0.0031738284173909964
pi0 p,0.95,1.05,1.0,1.705,1.715,1.71,0.02533430001313164,0.004743342380180472
pi0 p,0.95,1.05,1.0,1.715,1.725,1.72,0.019721678288921553,0.0073726155293666745
pi0 p,0.95,1.05,1.0,1.725,1.735,1.73,0.013004503357581286,0.0060715819144949576
pi0 p,0.95,1.05,1.0,1.735,1.745,1.74,0.009233668870803655,0.0030483635780552704
pi0 p,0.95,1.05,1.0,1.745,1.755,1.75,0.005951720385902258,0.00040454382355995867
pi0 p,0.95,1.05,1.0,1.755,1.765,1.76,0.006018417404615192,0.00042445336700554383
pi0 p,1.05,1.15,1.1,1.095,1.105,1.1,0.0032927184459758596,0.0010837595832654083
pi0 p,1.05,1.15,1.1,1.105,1.115,1.11,0.006584976886754598,0.0011359022403701806
pi0 p,1.05,1.15,1.1,1.115,1.125,1.12,0.00949201697424574,0.0013985384197409626
pi0 p,1.05,1.15,1.1,1.125,1.135,1.13,0.013216101186268411,0.0015387928554825064
pi0 p,1.05,1.15,1.1,1.135,1.145,1.14,0.017528250709929107,0.0017620775673969163
pi0 p,1.05,1.15,1.1,1.145,1.155,1.15,0.02378787436412076,0.002015505964689716
pi0 p,1.05,1.15,1.1,1.155,1.165,1.16,0.030974986876958446,0.002199106882844383
pi0 p,1.05,1.15,1.1,1.165,1.175,1.17,0.0443349259683682,0.0027220250669465493
pi0 p,1.05,1.15,1.1,1.175,1.185,1.18,0.06023578539277202,0.003339609395880814
pi0 p,1.05,1.15,1.1,1.185,1.195,1.19,0.07889394690465702,0.004047394233775563
pi0 p,1.05,1.15,1.1,1.195,1.205,1.2,0.08164826874482624,0.004130572087015361
pi0 p,1.05,1.15,1.1,1.205,1.215,1.21,0.08356554639174718,0.004180875888431211
pi0 p,1.05,1.15,1.1,1.215,1.225,1.22,0.08548282403866812,0.00423117968984706
pi0 p,1.05,1.15,1.1,1.225,1.235,1.23,0.08637338838151584,0.0042879900541965875
pi0 p,1.05,1.15,1.1,1.235,1.245,1.24,0.08720991518204389,0.004345142869226834
pi0 p,1.05,1.15,1.1,1.245,1.255,1.25,0.08804644198257194,0.004402295684257081
pi0 p,1.05,1.15,1.1,1.255,1.265,1.26,0.08659613913491085,0.004402859983649936
pi0 p,1.05,1.15,1.1,1.265,1.275,1.27,0.07599851769449362,0.004177070220493237
pi0 p,1.05,1.15,1.1,1.275,1.285,1.28,0.0675426643392322,0.003946727891494061
pi0 p,1.05,1.15,1.1,1.285,1.295,1.29,0.060275144999693026,0.0037339455135986617
pi0 p,1.05,1.15,1.1,1.295,1.305,1.3,0.05408935929134718,0.003599207338705462
pi0 p,1.05,1.15,1.1,1.305,1.315,1.31,0.0495420761268151,0.003569240679428827
pi0 p,1.05,1.15,1.1,1.315,1.325,1.32,0.04553946418051371,0.0035666849965278196
pi0 p,1.05,1.15,1.1,1.325,1.335,1.33,0.04272930800767674,0.00371682946703463
pi0 p,1.05,1.15,1.1,1.335,1.345,1.34,0.041175783476871876,0.004023483425443661
pi0 p,1.05,1.15,1.1,1.345,1.355,1.35,0.03696181542853647,0.003921820342951731
pi0 p,1.05,1.15,1.1,1.355,1.365,1.36,0.03494443062958678,0.003917231638833181
pi0 p,1.05,1.15,1.1,1.365,1.375,1.37,0.0327855132502817,0.0038266406898594747
pi0 p,1.05,1.15,1.1,1.375,1.385,1.38,0.0311407659909015,0.003775590657609588
pi0 p,1.05,1.15,1.1,1.385,1.395,1.39,0.030325144479536777,0.0037092664716529824
pi0 p,1.05,1.15,1.1,1.395,1.405,1.4,0.02897627345447472,0.003617851534305003
pi0 p,1.05,1.15,1.1,1.405,1.415,1.41,0.028549877860864707,0.0038284892875304335
pi0 p,1.05,1.15,1.1,1.415,1.425,1.42,0.02806293776425247,0.004049042664973352
pi0 p,1.05,1.15,1.1,1.425,1.435,1.43,0.02615468793168712,0.0038671969739688134
pi0 p,1.05,1.15,1.1,1.435,1.445,1.44,0.026567067534619092,0.0037864415494314107
pi0 p,1.05,1.15,1.1,1.445,1.455,1.45,0.02868137771591734,0.00396347587574521
pi0 p,1.05,1.15,1.1,1.455,1.465,1.46,0.029698802020442547,0.004051361660776641
pi0 p,1.05,1.15,1.1,1.465,1.475,1.47,0.035699651713422924,0.004519471486293096
pi0 p,1.05,1.15,1.1,1.475,1.485,1.48,0.03889449261081312,0.004768091175461786
pi0 p,1.05,1.15,1.1,1.485,1.495,1.49,0.039257556292166054,0.004961774255769995
pi0 p,1.05,1.15,1.1,1.495,1.505,1.5,0.03968251682020954,0.005139786411677106
pi0 p,1.05,1.15,1.1,1.505,1.515,1.51,0.03855738335285108,0.005368407258500076
pi0 p,1.05,1.15,1.1,1.515,1.525,1.52,0.03727151653301284,0.0056296882262977565
pi0 p,1.05,1.15,1.1,1.525,1.535,1.53,0.034515255901691244,0.005385522707567105
pi0 p,1.05,1.15,1.1,1.535,1.545,1.54,0.029754442083953954,0.004963782266123255
pi0 p,1.05,1.15,1.1,1.545,1.555,1.55,0.028452623959155515,0.004979780682400543
pi0 p,1.05,1.15,1.1,1.555,1.565,1.56,0.025559694792936766,0.005015332718572293
pi0 p,1.05,1.15,1.1,1.565,1.575,1.57,0.02289754429907822,0.0050149793225120025
pi0 p,1.05,1.15,1.1,1.575,1.585,1.58,0.020418526775650543,0.0047917937245601765
pi0 p,1.05,1.15,1.1,1.585,1.595,1.59,0.018148493026632743,0.004298567363796776
pi0 p,1.05,1.15,1.1,1.595,1.605,1.6,0.018034991339181846,0.004273906045758604
pi0 p,1.05,1.15,1.1,1.605,1.615,1.61,0.018034183167431588,0.004252127410053722
pi0 p,1.05,1.15,1.1,1.615,1.625,1.62,0.018018019732426484,0.0038165546959561727
pi0 p,1.05,1.15,1.1,1.625,1.635,1.63,0.020207326285331995,0.003986099263937079
pi0 p,1.05,1.15,1.1,1.635,1.645,1.64,0.02410127139350438,0.004621956567548551
pi0 p,1.05,1.15,1.1,1.645,1.655,1.65,0.025044266117586565,0.0048309701412400955
pi0 p,1.05,1.15,1.1,1.655,1.665,1.66,0.024698978136887213,0.0051866962104327955
pi0 p,1.05,1.15,1.1,1.665,1.675,1.67,0.028543500205624794,0.005690669862873426
pi0 p,1.05,1.15,1.1,1.675,1.685,1.68,0.029949729877546696,0.005935187455447809
pi0 p,1.05,1.15,1.1,1.685,1.695,1.69,0.03473902870896243,0.006842235106906511
pi0 p,1.05,1.15,1.1,1.695,1.705,1.7,0.024310489872142838,0.009235867207353376
pi0 p,1.05,1.15,1.1,1.705,1.715,1.71,0.01623346550485063,0.008729688079359194
pi0 p,1.05,1.15,1.1,1.715,1.725,1.72,0.012462631018072979,0.00570646974291949
pi0 p,1.05,1.15,1.1,1.725,1.735,1.73,0.008691796531295327,0.002683251406479787
pi0 p,1.05,1.15,1.1,1.735,1.745,1.74,0.005887623002773006,0.0004102075388846861
pi0 p,1.05,1.15,1.1,1.745,1.755,1.75,0.005976919546642539,0.0004339077557570591
pi0 p,1.15,1.25,1.2,1.095,1.105,1.1,0.0027960614738076,0.0010601398876509999
pi0 p,1.15,1.25,1.2,1.105,1.115,1.11,0.005539890878376616,0.0015470991661684333
pi0 p,1.15,1.25,1.2,1.115,1.125,1.12,0.008391037529320366,0.0018652163767403336
pi0 p,1.15,1.25,1.2,1.125,1.135,1.13,0.012600688414531972,0.002086914578897981
pi0 p,1.15,1.25,1.2,1.135,1.145,1.14,0.01627073629294715,0.0021780206511082334
pi0 p,1.15,1.25,1.2,1.145,1.155,1.15,0.0225303599471388,0.002431449048401033
pi0 p,1.15,1.25,1.2,1.155,1.165,1.16,0.02847072763463413,0.00270993223292665
pi0 p,1.15,1.25,1.2,1.165,1.175,1.17,0.04072442282683382,0.003279245220465367
pi0 p,1.15,1.25,1.2,1.175,1.185,1.18,0.054369307816025766,0.0038230291329774168
pi0 p,1.15,1.25,1.2,1.185,1.195,1.19,0.07148661993428539,0.00455165273749185
pi0 p,1.15,1.25,1.2,1.195,1.205,1.2,0.09014478144617039,0.0052594375753866
pi0 p,1.15,1.25,1.2,1.205,1.215,1.21,0.09325590849991984,0.005359090114060617
pi0 p,1.15,1.25,1.2,1.215,1.225,1.22,0.09517318614684078,0.005409393915476467
pi0 p,1.15,1.25,1.2,1.225,1.235,1.23,0.09709046379376172,0.005459697716892317
pi0 p,1.15,1.25,1.2,1.235,1.245,1.24,0.09732502929076511,0.005491767151819884
pi0 p,1.15,1.25,1.2,1.245,1.255,1.25,0.0880289949066057,0.005200991690129933
pi0 p,1.15,1.25,1.2,1.255,1.265,1.26,0.07743137346618845,0.004975201926973233
pi0 p,1.15,1.25,1.2,1.265,1.275,1.27,0.07043888207587448,0.004759595473926933
pi0 p,1.15,1.25,1.2,1.275,1.285,1.28,0.06290092932853698,0.004527302045280983
pi0 p,1.15,1.25,1.2,1.285,1.295,1.29,0.056715143620191144,0.004392563870387783
pi0 p,1.15,1.25,1.2,1.295,1.305,1.3,0.05154158512617265,0.0043104497406641
pi0 p,1.15,1.25,1.2,1.305,1.315,1.31,0.047493740975778076,0.0042730726251577165
pi0 p,1.15,1.25,1.2,1.315,1.325,1.32,0.043648673187166184,0.004288008044002467
pi0 p,1.15,1.25,1.2,1.325,1.335,1.33,0.04232976170869293,0.0046203326093745166
pi0 p,1.15,1.25,1.2,1.335,1.345,1.34,0.04105371873106273,0.004928085769670334
pi0 p,1.15,1.25,1.2,1.345,1.355,1.35,0.03903633393211303,0.004923497065551784
pi0 p,1.15,1.25,1.2,1.355,1.365,1.36,0.037059817580224336,0.0048747291154651665
pi0 p,1.15,1.25,1.2,1.365,1.375,1.37,0.03567691767836556,0.0049748908369790824
pi0 p,1.15,1.25,1.2,1.375,1.385,1.38,0.033510551215883935,0.004879773454065634
pi0 p,1.15,1.25,1.2,1.385,1.395,1.39,0.032742827496130986,0.004796165705868483
pi0 p,1.15,1.25,1.2,1.395,1.405,1.4,0.031907734129538255,0.0047841024645177335
pi0 p,1.15,1.25,1.2,1.405,1.415,1.41,0.032457832454716805,0.005131998559996883
pi0 p,1.15,1.25,1.2,1.415,1.425,1.42,0.033037745579612934,0.005339309665999567
pi0 p,1.15,1.25,1.2,1.425,1.435,1.43,0.03336429507155078,0.005366821179390517
pi0 p,1.15,1.25,1.2,1.435,1.445,1.44,0.03368709938088453,0.0052724978732293665
pi0 p,1.15,1.25,1.2,1.445,1.455,1.45,0.035801409562182786,0.005449532199543167
pi0 p,1.15,1.25,1.2,1.455,1.465,1.46,0.03769404439460431,0.005592015032089201
pi0 p,1.15,1.25,1.2,1.465,1.475,1.47,0.043711262933659914,0.0062595492368073165
pi0 p,1.15,1.25,1.2,1.475,1.485,1.48,0.05002163249345352,0.006751509786327967
pi0 p,1.15,1.25,1.2,1.485,1.495,1.49,0.050628718962087066,0.007005812866195267
pi0 p,1.15,1.25,1.2,1.495,1.505,1.5,0.05165576651076948,0.007319995983668101
pi0 p,1.15,1.25,1.2,1.505,1.515,1.51,0.05004843298597168,0.0076465971934152
pi0 p,1.15,1.25,1.2,1.515,1.525,1.52,0.04708013674767235,0.0076083923438794495
pi0 p,1.15,1.25,1.2,1.525,1.535,1.53,0.0420687537816331,0.00716445503709645
pi0 p,1.15,1.25,1.2,1.535,1.545,1.54,0.03767920060656169,0.006999596745634117
pi0 p,1.15,1.25,1.2,1.545,1.555,1.55,0.034794921691599194,0.007199689642087767
pi0 p,1.15,1.25,1.2,1.555,1.565,1.56,0.03190199252538045,0.007235241678259517
pi0 p,1.15,1.25,1.2,1.565,1.575,1.57,0.0292519882774356,0.007232998522608067
pi0 p,1.15,1.25,1.2,1.575,1.585,1.58,0.027025801272153246,0.007335238157410634
pi0 p,1.15,1.25,1.2,1.585,1.595,1.59,0.02475576752313545,0.0068420117966472346
pi0 p,1.15,1.25,1.2,1.595,1.605,1.6,0.022157435635740467,0.008034134775406786
pi0 p,1.15,1.25,1.2,1.605,1.615,1.61,0.022946015535540952,0.007764702057346219
pi0 p,1.15,1.25,1.2,1.615,1.625,1.62,0.022929852100535848,0.007329129343248669
pi0 p,1.15,1.25,1.2,1.625,1.635,1.63,0.026923634098095506,0.007993769869293762
pi0 p,1.15,1.25,1.2,1.635,1.645,1.64,0.031257382373397466,0.008136074124597251
pi0 p,1.15,1.25,1.2,1.645,1.655,1.65,0.030912094392698118,0.00849180019378995
pi0 p,1.15,1.25,1.2,1.655,1.665,1.66,0.032036915201274885,0.008899542958859117
pi0 p,1.15,1.25,1.2,1.665,1.675,1.67,0.03610195358840387,0.009411319115681216
pi0 p,1.15,1.25,1.2,1.675,1.685,1.68,0.028899301455364144,0.011099118885340058
pi0 p,1.15,1.25,1.2,1.685,1.695,1.69,0.01946242765211997,0.011387794244223428
pi0 p,1.15,1.25,1.2,1.695,1.705,1.7,0.015691593165342316,0.008364575907783724
pi0 p,1.15,1.25,1.2,1.705,1.715,1.71,0.011920758678564689,0.005341357571344038
pi0 p,1.15,1.25,1.2,1.715,1.725,1.72,0.008149924191787039,0.0023181392349043354
pi0 p,1.15,1.25,1.2,1.725,1.735,1.73,0.005823525619643753,0.0004158712542094136
pi0 p,1.15,1.25,1.2,1.735,1.745,1.74,0.005935421688669887,0.0004433621445085745
pi0 p,1.25,1.35,1.3,1.095,1.105,1.1,0.0022716503080649993,0.001047985327437
pi0 p,1.25,1.35,1.3,1.105,1.115,1.11,0.00480084521988455,0.0018726287418454998
pi0 p,1.25,1.35,1.3,1.115,1.125,1.12,0.007651991870828299,0.0021907459524174
pi0 p,1.25,1.35,1.3,1.125,1.135,1.13,0.011861642756039903,0.0024124441545750478
pi0 p,1.25,1.35,1.3,1.135,1.145,1.14,0.01445248462086205,0.0022423659668905005
pi0 p,1.25,1.35,1.3,1.145,1.155,1.15,0.020712108275053702,0.0024957943641833002
pi0 p,1.25,1.35,1.3,1.155,1.165,1.16,0.026013964029156397,0.0028243871231745502
pi0 p,1.25,1.35,1.3,1.165,1.175,1.17,0.03548527962737155,0.0034447582607666
pi0 p,1.25,1.35,1.3,1.175,1.185,1.18,0.0491301646165635,0.0039885421732786495
pi0 p,1.25,1.35,1.3,1.185,1.195,1.19,0.06316577794757235,0.00475884331103245
pi0 p,1.25,1.35,1.3,1.195,1.205,1.2,0.08182393945945735,0.0054666281489272
pi0 p,1.25,1.35,1.3,1.205,1.215,1.21,0.08732276532686378,0.00566497816211755
pi0 p,1.25,1.35,1.3,1.215,1.225,1.22,0.08924004297378475,0.0057152819635334015
pi0 p,1.25,1.35,1.3,1.225,1.235,1.23,0.09115732062070571,0.005765585764949251
pi0 p,1.25,1.35,1.3,1.235,1.245,1.24,0.08802646181787394,0.005761186466900251
pi0 p,1.25,1.35,1.3,1.245,1.255,1.25,0.0813336015462302,0.0053404396081438
pi0 p,1.25,1.35,1.3,1.255,1.265,1.26,0.07073598010581295,0.0051146498449871
pi0 p,1.25,1.35,1.3,1.265,1.275,1.27,0.06483441142954603,0.0049324173431401
pi0 p,1.25,1.35,1.3,1.275,1.285,1.28,0.05729645868220855,0.00470012391449415
pi0 p,1.25,1.35,1.3,1.285,1.295,1.29,0.051110672973862695,0.004565385739600951
pi0 p,1.25,1.35,1.3,1.295,1.305,1.3,0.047961568908498946,0.004588519700216301
pi0 p,1.25,1.35,1.3,1.305,1.315,1.31,0.04350817203453905,0.00444651751600765
pi0 p,1.25,1.35,1.3,1.315,1.325,1.32,0.039663104245927144,0.0044614529348524
pi0 p,1.25,1.35,1.3,1.325,1.335,1.33,0.03834419276745389,0.00479377750022445
pi0 p,1.25,1.35,1.3,1.335,1.345,1.34,0.0371538867915098,0.005052387850367801
pi0 p,1.25,1.35,1.3,1.345,1.355,1.35,0.0351365019925601,0.00504779914624925
pi0 p,1.25,1.35,1.3,1.355,1.365,1.36,0.0332417225347934,0.0049106727042265
pi0 p,1.25,1.35,1.3,1.365,1.375,1.37,0.03342575575418045,0.005401392634595156
pi0 p,1.25,1.35,1.3,1.375,1.385,1.38,0.0312593892916988,0.005306275251681701
pi0 p,1.25,1.35,1.3,1.385,1.395,1.39,0.03049166557194585,0.005222667503484551
pi0 p,1.25,1.35,1.3,1.395,1.405,1.4,0.029521832911673547,0.005353693275826601
pi0 p,1.25,1.35,1.3,1.405,1.415,1.41,0.030071931236852097,0.005701589371305751
pi0 p,1.25,1.35,1.3,1.415,1.425,1.42,0.0307114739611834,0.0056277304983555
pi0 p,1.25,1.35,1.3,1.425,1.435,1.43,0.03104551381832945,0.005898911650850651
pi0 p,1.25,1.35,1.3,1.435,1.445,1.44,0.0313683181276632,0.0058045883446895
pi0 p,1.25,1.35,1.3,1.445,1.455,1.45,0.03348262830896145,0.0059816226710033005
pi0 p,1.25,1.35,1.3,1.455,1.465,1.46,0.034931912443629545,0.0060550025160138006
pi0 p,1.25,1.35,1.3,1.465,1.475,1.47,0.04036282894120914,0.0070736840311268505
pi0 p,1.25,1.35,1.3,1.475,1.485,1.48,0.04667319850100274,0.0075656445806475
pi0 p,1.25,1.35,1.3,1.485,1.495,1.49,0.047280284969636294,0.0078199476605148
pi0 p,1.25,1.35,1.3,1.495,1.505,1.5,0.04914725467841645,0.0082538908531987
pi0 p,1.25,1.35,1.3,1.505,1.515,1.51,0.04753992115361865,0.0085804920629458
pi0 p,1.25,1.35,1.3,1.515,1.525,1.52,0.04184969948831624,0.00781267509484435
pi0 p,1.25,1.35,1.3,1.525,1.535,1.53,0.036838316522276995,0.00736873778806135
pi0 p,1.25,1.35,1.3,1.535,1.545,1.54,0.03369242292914129,0.00776203752724035
pi0 p,1.25,1.35,1.3,1.545,1.555,1.55,0.030825444516691294,0.008291212144257801
pi0 p,1.25,1.35,1.3,1.555,1.565,1.56,0.027932515350472545,0.00832676418042955
pi0 p,1.25,1.35,1.3,1.565,1.575,1.57,0.025282511102527695,0.008324521024778101
pi0 p,1.25,1.35,1.3,1.575,1.585,1.58,0.02390395858257035,0.008635726240488702
pi0 p,1.25,1.35,1.3,1.585,1.595,1.59,0.02163392483355255,0.0081424998797253
pi0 p,1.25,1.35,1.3,1.595,1.605,1.6,0.018378996669403198,0.012705321537530756
pi0 p,1.25,1.35,1.3,1.605,1.615,1.61,0.020777063238814845,0.012768168811544156
pi0 p,1.25,1.35,1.3,1.615,1.625,1.62,0.020760899803809747,0.012332596097446608
pi0 p,1.25,1.35,1.3,1.625,1.635,1.63,0.024754681801369402,0.0129972366234917
pi0 p,1.25,1.35,1.3,1.635,1.645,1.64,0.0297683626321558,0.012094868337311953
pi0 p,1.25,1.35,1.3,1.645,1.655,1.65,0.029423074651456448,0.012450594406504653
pi0 p,1.25,1.35,1.3,1.655,1.665,1.66,0.03348811303858545,0.012962370563326754
pi0 p,1.25,1.35,1.3,1.665,1.675,1.67,0.02269138979938931,0.014045900409087663
pi0 p,1.25,1.35,1.3,1.675,1.685,1.68,0.018920555312611678,0.011022682072647975
pi0 p,1.25,1.35,1.3,1.685,1.695,1.69,0.01514972082583403,0.007999463736208273
pi0 p,1.25,1.35,1.3,1.695,1.705,1.7,0.011378886339056378,0.004976245399768571
pi0 p,1.25,1.35,1.3,1.705,1.715,1.71,0.00760805185227875,0.0019530270633288836
pi0 p,1.25,1.35,1.3,1.715,1.725,1.72,0.005759428236514502,0.000421534969534141
pi0 p,1.25,1.35,1.3,1.725,1.735,1.73,0.0058939238306972355,0.0004528165332600897
pi0 p,1.35,1.45,1.4,1.095,1.105,1.1,0.0017472391423224002,0.0010358307672230001
pi0 p,1.35,1.45,1.4,1.105,1.115,1.11,0.0042764340541419504,0.0018604741816315
pi0 p,1.35,1.45,1.4,1.115,1.125,1.12,0.006912946212336233,0.0025162755280944667
pi0 p,1.35,1.45,1.4,1.125,1.135,1.13,0.010043391083954824,0.0024767894703573187
pi0 p,1.35,1.45,1.4,1.135,1.145,1.14,0.012634232948776952,0.002306711282672767
pi0 p,1.35,1.45,1.4,1.145,1.155,1.15,0.018255344669575967,0.0026102492544312
pi0 p,1.35,1.45,1.4,1.155,1.165,1.16,0.02355720042367867,0.0029388420134224503
pi0 p,1.35,1.45,1.4,1.165,1.175,1.17,0.03302851602189382,0.0035592131510145
pi0 p,1.35,1.45,1.4,1.175,1.185,1.18,0.04389102141710124,0.004154055213579883
pi0 p,1.35,1.45,1.4,1.185,1.195,1.19,0.057926634748110085,0.004924356351333683
pi0 p,1.35,1.45,1.4,1.195,1.205,1.2,0.07350309747274432,0.0056738187224678
pi0 p,1.35,1.45,1.4,1.205,1.215,1.21,0.07900192334015077,0.0058721687356581495
pi0 p,1.35,1.45,1.4,1.215,1.225,1.22,0.08330689980072872,0.006021170011590333
pi0 p,1.35,1.45,1.4,1.225,1.235,1.23,0.08185875314781452,0.006035005080029616
pi0 p,1.35,1.45,1.4,1.235,1.245,1.24,0.07872789434498279,0.006030605781980617
pi0 p,1.35,1.45,1.4,1.245,1.255,1.25,0.07203503407333903,0.005609858923224166
pi0 p,1.35,1.45,1.4,1.255,1.265,1.26,0.06404058674543746,0.005254097763000966
pi0 p,1.35,1.45,1.4,1.265,1.275,1.27,0.05813901806917056,0.0050718652611539666
pi0 p,1.35,1.45,1.4,1.275,1.285,1.28,0.05169198803588012,0.004872945783707317
pi0 p,1.35,1.45,1.4,1.285,1.295,1.29,0.047530656756189005,0.00484345569915315
pi0 p,1.35,1.45,1.4,1.295,1.305,1.3,0.04438155269082525,0.0048665896597685
pi0 p,1.35,1.45,1.4,1.305,1.315,1.31,0.03992815581686535,0.004724587475559849
pi0 p,1.35,1.45,1.4,1.315,1.325,1.32,0.03567753530468812,0.004634897825702333
pi0 p,1.35,1.45,1.4,1.325,1.335,1.33,0.03444436082790097,0.004918079580921917
pi0 p,1.35,1.45,1.4,1.335,1.345,1.34,0.03325405485195687,0.0051766899310652665
pi0 p,1.35,1.45,1.4,1.345,1.355,1.35,0.03131840694712917,0.005083742735010583
pi0 p,1.35,1.45,1.4,1.355,1.365,1.36,0.02942362748936247,0.004946616292987834
pi0 p,1.35,1.45,1.4,1.365,1.375,1.37,0.02960766070874952,0.005437336223356489
pi0 p,1.35,1.45,1.4,1.375,1.385,1.38,0.029008227367513666,0.005732777049297767
pi0 p,1.35,1.45,1.4,1.385,1.395,1.39,0.028105764354081155,0.005792258314793417
pi0 p,1.35,1.45,1.4,1.395,1.405,1.4,0.027135931693808853,0.005923284087135467
pi0 p,1.35,1.45,1.4,1.405,1.415,1.41,0.027745659618422566,0.0059900102036616835
pi0 p,1.35,1.45,1.4,1.415,1.425,1.42,0.028385202342753872,0.005916151330711434
pi0 p,1.35,1.45,1.4,1.425,1.435,1.43,0.02871924219989992,0.0061873324832065835
pi0 p,1.35,1.45,1.4,1.435,1.445,1.44,0.02904953687444187,0.006336678816149633
pi0 p,1.35,1.45,1.4,1.445,1.455,1.45,0.03072049635798669,0.0064446101549279
pi0 p,1.35,1.45,1.4,1.455,1.465,1.46,0.03216978049265479,0.0065179899999384
pi0 p,1.35,1.45,1.4,1.465,1.475,1.47,0.037600696990234383,0.007536671515051449
pi0 p,1.35,1.45,1.4,1.475,1.485,1.48,0.04332476450855198,0.008379779374967034
pi0 p,1.35,1.45,1.4,1.485,1.495,1.49,0.04477177313728327,0.0087538425300454
pi0 p,1.35,1.45,1.4,1.495,1.505,1.5,0.04663874284606342,0.009187785722729299
pi0 p,1.35,1.45,1.4,1.505,1.515,1.51,0.042309483894262555,0.0087847748139107
pi0 p,1.35,1.45,1.4,1.515,1.525,1.52,0.036619262228960156,0.00801695784580925
pi0 p,1.35,1.45,1.4,1.525,1.535,1.53,0.0328515388448566,0.008131178569667582
pi0 p,1.35,1.45,1.4,1.535,1.545,1.54,0.0297056452517209,0.008524478308846582
pi0 p,1.35,1.45,1.4,1.545,1.555,1.55,0.0268386668392709,0.009053652925864034
pi0 p,1.35,1.45,1.4,1.555,1.565,1.56,0.02396303817556465,0.009418286682599584
pi0 p,1.35,1.45,1.4,1.565,1.575,1.57,0.022160668412944805,0.009625009107856167
pi0 p,1.35,1.45,1.4,1.575,1.585,1.58,0.02078211589298745,0.009936214323566766
pi0 p,1.35,1.45,1.4,1.585,1.595,1.59,0.017855485867215283,0.012813686641849264
pi0 p,1.35,1.45,1.4,1.595,1.605,1.6,0.014600557703065934,0.017376508299654717
pi0 p,1.35,1.45,1.4,1.605,1.615,1.61,0.016998624272477586,0.017439355573668117
pi0 p,1.35,1.45,1.4,1.615,1.625,1.62,0.01859194750708365,0.017336062851644532
pi0 p,1.35,1.45,1.4,1.625,1.635,1.63,0.02326566206012773,0.016956030836206407
pi0 p,1.35,1.45,1.4,1.635,1.645,1.64,0.028279342890914137,0.01605366255002665
pi0 p,1.35,1.45,1.4,1.645,1.655,1.65,0.025920351946658628,0.016704006573951883
pi0 p,1.35,1.45,1.4,1.655,1.665,1.66,0.022149517459881,0.013680788237512195
pi0 p,1.35,1.45,1.4,1.665,1.675,1.67,0.018378682973103348,0.010657569901072493
pi0 p,1.35,1.45,1.4,1.675,1.685,1.68,0.01460784848632572,0.007634351564632806
pi0 p,1.35,1.45,1.4,1.685,1.695,1.69,0.010837013999548072,0.004611133228193103
pi0 p,1.35,1.45,1.4,1.695,1.705,1.7,0.00706617951277042,0.0015879148917534
pi0 p,1.35,1.45,1.4,1.705,1.715,1.71,0.005695330853385251,0.0004271986848588685
pi0 p,1.35,1.45,1.4,1.715,1.725,1.72,0.005852425972724582,0.00046227092201160517
pi0 p,1.35,1.45,1.4,1.725,1.735,1.73,0.0057603155173641145,0.00045554330083651974
pi0 p,1.45,1.55,1.5,1.095,1.105,1.1,0.0013590717591602142,0.0009695347531327286
pi0 p,1.45,1.55,1.5,1.105,1.115,1.11,0.003888266670979764,0.0017941781675412285
pi0 p,1.45,1.55,1.5,1.115,1.125,1.12,0.006120857708427899,0.0024908773622329284
pi0 p,1.45,1.55,1.5,1.125,1.135,1.13,0.008464551505104886,0.002489948601588152
pi0 p,1.45,1.55,1.5,1.135,1.145,1.14,0.011055393369927016,0.0023198704139036
pi0 p,1.45,1.55,1.5,1.145,1.155,1.15,0.016357249124029714,0.00264846317289485
pi0 p,1.45,1.55,1.5,1.155,1.165,1.16,0.020954222100817328,0.0029514471826969572
pi0 p,1.45,1.55,1.5,1.165,1.175,1.17,0.029345309742642593,0.003543285158367336
pi0 p,1.45,1.55,1.5,1.175,1.185,1.18,0.038816625340857745,0.004163656295959385
pi0 p,1.45,1.55,1.5,1.185,1.195,1.19,0.05285223867186659,0.004933957433713185
pi0 p,1.45,1.55,1.5,1.195,1.205,1.2,0.06525238605649937,0.0056772330311639
pi0 p,1.45,1.55,1.5,1.205,1.215,1.21,0.07040651206166673,0.0059324038456797495
pi0 p,1.45,1.55,1.5,1.215,1.225,1.22,0.07590533792907318,0.0061307538588701
pi0 p,1.45,1.55,1.5,1.225,1.235,1.23,0.07277447912624144,0.0061263545608211
pi0 p,1.45,1.55,1.5,1.235,1.245,1.24,0.06935416046914906,0.0060222473891871145
pi0 p,1.45,1.55,1.5,1.245,1.255,1.25,0.06342890085349825,0.005671941078241507
pi0 p,1.45,1.55,1.5,1.255,1.265,1.26,0.0567360405818545,0.005251194219485056
pi0 p,1.45,1.55,1.5,1.265,1.275,1.27,0.0508344719055876,0.005068961717638057
pi0 p,1.45,1.55,1.5,1.275,1.285,1.28,0.04598734896531501,0.0049266934713135145
pi0 p,1.45,1.55,1.5,1.285,1.295,1.29,0.04286912716521316,0.005002916634517579
pi0 p,1.45,1.55,1.5,1.295,1.305,1.3,0.039720023099849414,0.005026050595132929
pi0 p,1.45,1.55,1.5,1.305,1.315,1.31,0.03526662622588951,0.004884048410924278
pi0 p,1.45,1.55,1.5,1.315,1.325,1.32,0.031779054375521594,0.004946730458103943
pi0 p,1.45,1.55,1.5,1.325,1.335,1.33,0.030816583335810298,0.005484500645408007
pi0 p,1.45,1.55,1.5,1.335,1.345,1.34,0.0296262773598662,0.0057431109955513576
pi0 p,1.45,1.55,1.5,1.345,1.355,1.35,0.0277314979020995,0.005605984553528607
pi0 p,1.45,1.55,1.5,1.355,1.365,1.36,0.025852843027190972,0.005215962920659287
pi0 p,1.45,1.55,1.5,1.365,1.375,1.37,0.026052704060311595,0.005987835571065699
pi0 p,1.45,1.55,1.5,1.375,1.385,1.38,0.026236737279698642,0.006478555501434343
pi0 p,1.45,1.55,1.5,1.385,1.395,1.39,0.025266904619426343,0.006609581273776394
pi0 p,1.45,1.55,1.5,1.395,1.405,1.4,0.023687228262341757,0.006051860587818129
pi0 p,1.45,1.55,1.5,1.405,1.415,1.41,0.024326770986673057,0.005978001714867879
pi0 p,1.45,1.55,1.5,1.415,1.425,1.42,0.025657873039722657,0.0064454062296373585
pi0 p,1.45,1.55,1.5,1.425,1.435,1.43,0.024646285304584178,0.005984491124058921
pi0 p,1.45,1.55,1.5,1.435,1.445,1.44,0.024980325161730228,0.006255672276554072
pi0 p,1.45,1.55,1.5,1.445,1.455,1.45,0.026429609296398326,0.006329052121564571
pi0 p,1.45,1.55,1.5,1.455,1.465,1.46,0.02901650267761257,0.006672518158032943
pi0 p,1.45,1.55,1.5,1.465,1.475,1.47,0.03444741917519217,0.007691199673145992
pi0 p,1.45,1.55,1.5,1.475,1.485,1.48,0.037841794650600655,0.008375745004013814
pi0 p,1.45,1.55,1.5,1.485,1.495,1.49,0.03970876435938081,0.008809688196697713
pi0 p,1.45,1.55,1.5,1.495,1.505,1.5,0.03509814146180447,0.008213551251565598
pi0 p,1.45,1.55,1.5,1.505,1.515,1.51,0.02977139523538303,0.007611608098789927
pi0 p,1.45,1.55,1.5,1.515,1.525,1.52,0.02662550164224733,0.008004907837968927
pi0 p,1.45,1.55,1.5,1.525,1.535,1.53,0.02359914312654838,0.008456439667650124
pi0 p,1.45,1.55,1.5,1.535,1.545,1.54,0.020732164714098375,0.008985614284667575
pi0 p,1.45,1.55,1.5,1.545,1.555,1.55,0.01892834765342883,0.009359096472180126
pi0 p,1.45,1.55,1.5,1.555,1.565,1.56,0.01754979513347148,0.009670301687890726
pi0 p,1.45,1.55,1.5,1.565,1.575,1.57,0.014294866969322126,0.014233123345696184
pi0 p,1.45,1.55,1.5,1.575,1.585,1.58,0.012655080157618796,0.017510238036703908
pi0 p,1.45,1.55,1.5,1.585,1.595,1.59,0.015053146727030444,0.017573085310717308
pi0 p,1.45,1.55,1.5,1.595,1.605,1.6,0.018945850017227667,0.017084380836048893
pi0 p,1.45,1.55,1.5,1.605,1.615,1.61,0.023959530848014072,0.016182012549869132
pi0 p,1.45,1.55,1.5,1.615,1.625,1.62,0.025628247054443724,0.016646088382079996
pi0 p,1.45,1.55,1.5,1.625,1.635,1.63,0.026739469156813994,0.017337904900689247
pi0 p,1.45,1.55,1.5,1.635,1.645,1.64,0.025378479607150343,0.01633889440237643
pi0 p,1.45,1.55,1.5,1.645,1.655,1.65,0.021607645120372693,0.013315676065936727
pi0 p,1.45,1.55,1.5,1.655,1.665,1.66,0.01783681063359506,0.01029245772949704
pi0 p,1.45,1.55,1.5,1.665,1.675,1.67,0.014065976146817412,0.007269239393057338
pi0 p,1.45,1.55,1.5,1.675,1.685,1.68,0.010295141660039782,0.0042460210566176515
pi0 p,1.45,1.55,1.5,1.685,1.695,1.69,0.006524307173262132,0.0012228027201779484
pi0 p,1.45,1.55,1.5,1.695,1.705,1.7,0.0056312334702559984,0.000432862400183596
pi0 p,1.45,1.55,1.5,1.705,1.715,1.71,0.005804820134979876,0.00047070080443155604
pi0 p,1.45,1.55,1.5,1.715,1.725,1.72,0.005718817659391463,0.0004649976895880351
pi0 p,1.55,1.65,1.6,1.095,1.105,1.1,0.0011071481585784426,0.0008490972851661856
pi0 p,1.55,1.65,1.6,1.105,1.115,1.11,0.0036363430703979923,0.0016737406995746857
pi0 p,1.55,1.65,1.6,1.115,1.125,1.12,0.005275726359103299,0.0021145514548327853
pi0 p,1.55,1.65,1.6,1.125,1.135,1.13,0.007125124019490113,0.002451921548267552
pi0 p,1.55,1.65,1.6,1.135,1.145,1.14,0.009715965884312243,0.002281843360583
pi0 p,1.55,1.65,1.6,1.145,1.155,1.15,0.015017821638414941,0.00261043611957425
pi0 p,1.55,1.65,1.6,1.155,1.165,1.16,0.018205029060572385,0.0028622026309980714
pi0 p,1.55,1.65,1.6,1.165,1.175,1.17,0.024435660789617876,0.003396974282825107
pi0 p,1.55,1.65,1.6,1.175,1.185,1.18,0.03390697638783303,0.004017345420417157
pi0 p,1.55,1.65,1.6,1.185,1.195,1.19,0.047942589718841876,0.004787646558170957
pi0 p,1.55,1.65,1.6,1.195,1.205,1.2,0.057071805210722505,0.0054768710750155
pi0 p,1.55,1.65,1.6,1.205,1.215,1.21,0.0615365314914117,0.0058456834921823495
pi0 p,1.55,1.65,1.6,1.215,1.225,1.22,0.06703535735881816,0.0060440335053727
pi0 p,1.55,1.65,1.6,1.225,1.235,1.23,0.0639044985559864,0.0060396342073237
pi0 p,1.55,1.65,1.6,1.235,1.245,1.24,0.0599052601903728,0.005736111288519743
pi0 p,1.55,1.65,1.6,1.245,1.255,1.25,0.05551520188670784,0.005526686073195821
pi0 p,1.55,1.65,1.6,1.255,1.265,1.26,0.048822341615064095,0.005105939214439371
pi0 p,1.55,1.65,1.6,1.265,1.275,1.27,0.042920772938797196,0.004923706712592371
pi0 p,1.55,1.65,1.6,1.275,1.285,1.28,0.04018254147051324,0.0048613669773127435
pi0 p,1.55,1.65,1.6,1.285,1.295,1.29,0.03712608420093519,0.005043768545694237
pi0 p,1.55,1.65,1.6,1.295,1.305,1.3,0.03397698013557143,0.005066902506309586
pi0 p,1.55,1.65,1.6,1.305,1.315,1.31,0.029523583261611537,0.004924900322100936
pi0 p,1.55,1.65,1.6,1.315,1.325,1.32,0.0279676614584276,0.005396950832057229
pi0 p,1.55,1.65,1.6,1.325,1.335,1.33,0.027460860291181895,0.006493040693682722
pi0 p,1.55,1.65,1.6,1.335,1.345,1.34,0.026270554315237796,0.006751651043826072
pi0 p,1.55,1.65,1.6,1.345,1.355,1.35,0.024375774857471097,0.006614524601803322
pi0 p,1.55,1.65,1.6,1.355,1.365,1.36,0.022529369148278914,0.005718712587240857
pi0 p,1.55,1.65,1.6,1.365,1.375,1.37,0.022760885808866677,0.007052890677722785
pi0 p,1.55,1.65,1.6,1.375,1.385,1.38,0.022944919028253727,0.00754361060809143
pi0 p,1.55,1.65,1.6,1.385,1.395,1.39,0.021975086367981424,0.00767463638043348
pi0 p,1.55,1.65,1.6,1.395,1.405,1.4,0.019175722617272267,0.005739422777874586
pi0 p,1.55,1.65,1.6,1.405,1.415,1.41,0.019815265341603567,0.005665563904924336
pi0 p,1.55,1.65,1.6,1.415,1.425,1.42,0.02252948605208977,0.007215495195133273
pi0 p,1.55,1.65,1.6,1.425,1.435,1.43,0.01882664313238223,0.005290387573407664
pi0 p,1.55,1.65,1.6,1.435,1.445,1.44,0.019160682989528284,0.005561568725902814
pi0 p,1.55,1.65,1.6,1.445,1.455,1.45,0.020609967124196382,0.005634948570913314
pi0 p,1.55,1.65,1.6,1.455,1.465,1.46,0.02547207899850291,0.006518586990297428
pi0 p,1.55,1.65,1.6,1.465,1.475,1.47,0.028357319218368617,0.007119598275103941
pi0 p,1.55,1.65,1.6,1.475,1.485,1.48,0.02590589385624444,0.0068668213759104976
pi0 p,1.55,1.65,1.6,1.485,1.495,1.49,0.021306098507584907,0.006596625853786384
pi0 p,1.55,1.65,1.6,1.495,1.505,1.5,0.01823989496607371,0.007028746986633517
pi0 p,1.55,1.65,1.6,1.505,1.515,1.51,0.015585548823979792,0.007526783117749982
pi0 p,1.55,1.65,1.6,1.515,1.525,1.52,0.014206996304022442,0.007837988333460583
pi0 p,1.55,1.65,1.6,1.525,1.535,1.53,0.010952068139873095,0.012400809991266058
pi0 p,1.55,1.65,1.6,1.535,1.545,1.54,0.012542564033061764,0.013106510748678296
pi0 p,1.55,1.65,1.6,1.545,1.555,1.55,0.01680892650345539,0.012479918336839434
pi0 p,1.55,1.65,1.6,1.555,1.565,1.56,0.019592630918003947,0.012488512796253428
pi0 p,1.55,1.65,1.6,1.565,1.575,1.57,0.020703853020374238,0.013180329314862696
pi0 p,1.55,1.65,1.6,1.575,1.585,1.58,0.02181507512274453,0.013872145833471957
pi0 p,1.55,1.65,1.6,1.585,1.595,1.59,0.02292629722511482,0.014563962352081225
pi0 p,1.55,1.65,1.6,1.595,1.605,1.6,0.02403751932748511,0.015255778870690484
pi0 p,1.55,1.65,1.6,1.605,1.615,1.61,0.0251487414298554,0.01594759538929975
pi0 p,1.55,1.65,1.6,1.615,1.625,1.62,0.026016747305252524,0.016646060376215674
pi0 p,1.55,1.65,1.6,1.625,1.635,1.63,0.024836607267642034,0.015973782230800964
pi0 p,1.55,1.65,1.6,1.635,1.645,1.64,0.02106577278086438,0.012950563894361259
pi0 p,1.55,1.65,1.6,1.645,1.655,1.65,0.01729493829408673,0.009927345557921559
pi0 p,1.55,1.65,1.6,1.655,1.665,1.66,0.013524103807309102,0.0069041272214818705
pi0 p,1.55,1.65,1.6,1.665,1.675,1.67,0.009753269320531452,0.0038809088850421673
pi0 p,1.55,1.65,1.6,1.675,1.685,1.68,0.005982434833753823,0.0008576905486024806
pi0 p,1.55,1.65,1.6,1.685,1.695,1.69,0.005567136087126747,0.0004385261155083236
pi0 p,1.55,1.65,1.6,1.695,1.705,1.7,0.005740722751850624,0.00047636451975628354
pi0 p,1.55,1.65,1.6,1.705,1.715,1.71,0.005677319801418811,0.0004744520783395504
pi0 p,1.65,1.75,1.7,1.095,1.105,1.1,0.0008552245579966716,0.000728659817199643
pi0 p,1.65,1.75,1.7,1.105,1.115,1.11,0.0029395136582591004,0.001361386902032943
pi0 p,1.65,1.75,1.7,1.115,1.125,1.12,0.0044305950097787,0.0017382255474326432
pi0 p,1.65,1.75,1.7,1.125,1.135,1.13,0.0061564186360929815,0.0021601703543872885
pi0 p,1.65,1.75,1.7,1.135,1.145,1.14,0.008376538398697474,0.0022438163072624
pi0 p,1.65,1.75,1.7,1.145,1.155,1.15,0.012621069986827544,0.0025339959424699357
pi0 p,1.65,1.75,1.7,1.155,1.165,1.16,0.015455836020327445,0.002772958079299186
pi0 p,1.65,1.75,1.7,1.165,1.175,1.17,0.021146353771177996,0.003293463150165386
pi0 p,1.65,1.75,1.7,1.175,1.185,1.18,0.028997327434808318,0.003871034544874929
pi0 p,1.65,1.75,1.7,1.185,1.195,1.19,0.04057974184625306,0.004600797372174101
pi0 p,1.65,1.75,1.7,1.195,1.205,1.2,0.04889122436494567,0.005276509118867101
pi0 p,1.65,1.75,1.7,1.205,1.215,1.21,0.053183600714515306,0.0056737319366967
pi0 p,1.65,1.75,1.7,1.215,1.225,1.22,0.058165376788563136,0.005957313151875301
pi0 p,1.65,1.75,1.7,1.225,1.235,1.23,0.05460032820434046,0.005803352043448822
pi0 p,1.65,1.75,1.7,1.235,1.245,1.24,0.05045635991159656,0.005449975187852372
pi0 p,1.65,1.75,1.7,1.245,1.255,1.25,0.04645010193592806,0.005275770246433871
pi0 p,1.65,1.75,1.7,1.255,1.265,1.26,0.04090864264827371,0.004960684209393686
pi0 p,1.65,1.75,1.7,1.265,1.275,1.27,0.03658874257599828,0.004838398090830372
pi0 p,1.65,1.75,1.7,1.275,1.285,1.28,0.03437773397571148,0.004796040483311972
pi0 p,1.65,1.75,1.7,1.285,1.295,1.29,0.03133671783876438,0.005004986652987821
pi0 p,1.65,1.75,1.7,1.295,1.305,1.3,0.028233937171293473,0.0051077544174862426
pi0 p,1.65,1.75,1.7,1.305,1.315,1.31,0.025229277832721553,0.005272778580360064
pi0 p,1.65,1.75,1.7,1.315,1.325,1.32,0.024156268541333605,0.005847171206010514
pi0 p,1.65,1.75,1.7,1.325,1.335,1.33,0.023763384842204305,0.007082840986216364
pi0 p,1.65,1.75,1.7,1.335,1.345,1.34,0.0229148312706094,0.007760191092100785
pi0 p,1.65,1.75,1.7,1.345,1.355,1.35,0.02104423868712996,0.0072437218638081785
pi0 p,1.65,1.75,1.7,1.355,1.365,1.36,0.019205895269366863,0.006221462253822429
pi0 p,1.65,1.75,1.7,1.365,1.375,1.37,0.01944532583682141,0.007696216704323245
pi0 p,1.65,1.75,1.7,1.375,1.385,1.38,0.01965310077680882,0.008608665714748514
pi0 p,1.65,1.75,1.7,1.385,1.395,1.39,0.01776850257131809,0.0077065717996400935
pi0 p,1.65,1.75,1.7,1.395,1.405,1.4,0.014664216972202788,0.005426984967931044
pi0 p,1.65,1.75,1.7,1.405,1.415,1.41,0.016341098689611536,0.006165021176560386
pi0 p,1.65,1.75,1.7,1.415,1.425,1.42,0.01940109906445689,0.007985584160629186
pi0 p,1.65,1.75,1.7,1.425,1.435,1.43,0.015025442348607088,0.005694428409866786
pi0 p,1.65,1.75,1.7,1.435,1.445,1.44,0.013341040817326347,0.004867465175251558
pi0 p,1.65,1.75,1.7,1.445,1.455,1.45,0.016496738821813656,0.005345974307448864
pi0 p,1.65,1.75,1.7,1.455,1.465,1.46,0.016713646250684437,0.005520091500255401
pi0 p,1.65,1.75,1.7,1.465,1.475,1.47,0.012880646805599066,0.005601054305616906
pi0 p,1.65,1.75,1.7,1.475,1.485,1.48,0.01086419747457343,0.006005674979030441
pi0 p,1.65,1.75,1.7,1.485,1.495,1.49,0.010031981339093075,0.008639936186639306
pi0 p,1.65,1.75,1.7,1.495,1.505,1.5,0.013557014781564174,0.008330937210426865
pi0 p,1.65,1.75,1.7,1.505,1.515,1.51,0.014668236883934467,0.009022753729036131
pi0 p,1.65,1.75,1.7,1.515,1.525,1.52,0.015779458986304756,0.009714570247645393
pi0 p,1.65,1.75,1.7,1.525,1.535,1.53,0.016890681088675044,0.010406386766254657
pi0 p,1.65,1.75,1.7,1.535,1.545,1.54,0.018001903191045332,0.011098203284863922
pi0 p,1.65,1.75,1.7,1.545,1.555,1.55,0.019113125293415623,0.011790019803473186
pi0 p,1.65,1.75,1.7,1.555,1.565,1.56,0.020224347395785915,0.012481836322082449
pi0 p,1.65,1.75,1.7,1.565,1.575,1.57,0.021335569498156206,0.013173652840691713
pi0 p,1.65,1.75,1.7,1.575,1.585,1.58,0.022446791600526494,0.013865469359300978
pi0 p,1.65,1.75,1.7,1.585,1.595,1.59,0.023558013702896778,0.014557285877910239
pi0 p,1.65,1.75,1.7,1.595,1.605,1.6,0.024650526864730665,0.015249613817158478
pi0 p,1.65,1.75,1.7,1.605,1.615,1.61,0.02516637260012219,0.01595484742164521
pi0 p,1.65,1.75,1.7,1.615,1.625,1.62,0.024294734928133624,0.015608670059225416
pi0 p,1.65,1.75,1.7,1.625,1.635,1.63,0.020523900441356074,0.012585451722785792
pi0 p,1.65,1.75,1.7,1.635,1.645,1.64,0.016753065954578424,0.009562233386346089
pi0 p,1.65,1.75,1.7,1.645,1.655,1.65,0.012982231467800772,0.006539015049906388
pi0 p,1.65,1.75,1.7,1.655,1.665,1.66,0.009211396981023145,0.0035157967134667005
pi0 p,1.65,1.75,1.7,1.665,1.675,1.67,0.005440562494245493,0.0004925783770269975
pi0 p,1.65,1.75,1.7,1.675,1.685,1.68,0.005503038703997496,0.00044418983083305123
pi0 p,1.65,1.75,1.7,1.685,1.695,1.69,0.005676625368721372,0.0004820282350810113
pi0 p,1.65,1.75,1.7,1.695,1.705,1.7,0.005635821943446159,0.0004839064670910656
pi0 p,1.75,1.85,1.8,1.095,1.105,1.1,0.0006033009574149,0.0006082223492331
pi0 p,1.75,1.85,1.8,1.105,1.115,1.11,0.0020943823089345,0.0009850609946328
pi0 p,1.75,1.85,1.8,1.115,1.125,1.12,0.0035854636604541,0.0013618996400325
pi0 p,1.75,1.85,1.8,1.125,1.135,1.13,0.005311287286768381,0.0017838444469871454
pi0 p,1.75,1.85,1.8,1.135,1.145,1.14,0.0070371109130827,0.0022057892539418
pi0 p,1.75,1.85,1.8,1.145,1.155,1.15,0.0098718769465826,0.0024447513907710503
pi0 p,1.75,1.85,1.8,1.155,1.165,1.16,0.0127066429800825,0.0026837135276003
pi0 p,1.75,1.85,1.8,1.165,1.175,1.17,0.01839716073093305,0.0032042185984665003
pi0 p,1.75,1.85,1.8,1.175,1.185,1.18,0.0240876784817836,0.0037247236693327
pi0 p,1.75,1.85,1.8,1.185,1.195,1.19,0.0323991610004762,0.0044004354160257
pi0 p,1.75,1.85,1.8,1.195,1.205,1.2,0.0407106435191688,0.005076147162718701
pi0 p,1.75,1.85,1.8,1.205,1.215,1.21,0.04500301986873845,0.005473369980548301
pi0 p,1.75,1.85,1.8,1.215,1.225,1.22,0.0492953962183081,0.0058705927983779
pi0 p,1.75,1.85,1.8,1.225,1.235,1.23,0.0451514279255642,0.00551721594278145
pi0 p,1.75,1.85,1.8,1.235,1.245,1.24,0.0410074596328203,0.005163839087185
pi0 p,1.75,1.85,1.8,1.245,1.255,1.25,0.0370012016571518,0.004989634145766499
pi0 p,1.75,1.85,1.8,1.255,1.265,1.26,0.0329949436814833,0.004815429204348
pi0 p,1.75,1.85,1.8,1.265,1.275,1.27,0.0307839350811965,0.0047730715968296
pi0 p,1.75,1.85,1.8,1.275,1.285,1.28,0.028572926480909703,0.0047307139893112
pi0 p,1.75,1.85,1.8,1.285,1.295,1.29,0.0255319103439626,0.0049396601589870495
pi0 p,1.75,1.85,1.8,1.295,1.305,1.3,0.0224908942070155,0.0051486063286629
pi0 p,1.75,1.85,1.8,1.305,1.315,1.31,0.02141788491562755,0.0057229989543133505
pi0 p,1.75,1.85,1.8,1.315,1.325,1.32,0.020344875624239603,0.0062973915799638
pi0 p,1.75,1.85,1.8,1.325,1.335,1.33,0.019951991925110303,0.00753306136016965
pi0 p,1.75,1.85,1.8,1.335,1.345,1.34,0.019559108225981,0.0087687311403755
pi0 p,1.75,1.85,1.8,1.345,1.355,1.35,0.017720764808217902,0.00774647153038975
pi0 p,1.75,1.85,1.8,1.355,1.365,1.36,0.0158824213904548,0.006724211920404
pi0 p,1.75,1.85,1.8,1.365,1.375,1.37,0.016121851957909352,0.008198966370904816
pi0 p,1.75,1.85,1.8,1.375,1.385,1.38,0.0163612825253639,0.0096737208214056
pi0 p,1.75,1.85,1.8,1.385,1.395,1.39,0.013256996926248599,0.007394133989696551
pi0 p,1.75,1.85,1.8,1.395,1.405,1.4,0.0101527113271333,0.005114547157987501
pi0 p,1.75,1.85,1.8,1.405,1.415,1.41,0.01321271170197865,0.0069351101420563
pi0 p,1.75,1.85,1.8,1.415,1.425,1.42,0.016272712076824,0.0087556731261251
pi0 p,1.75,1.85,1.8,1.425,1.435,1.43,0.0118970553609742,0.0064645173753627005
pi0 p,1.75,1.85,1.8,1.435,1.445,1.44,0.0075213986451244,0.0041733616246003
pi0 p,1.75,1.85,1.8,1.445,1.455,1.45,0.008632620747494688,0.004865178143209563
pi0 p,1.75,1.85,1.8,1.455,1.465,1.46,0.009743842849864981,0.005556994661818829
pi0 p,1.75,1.85,1.8,1.465,1.475,1.47,0.010855064952235271,0.0062488111804280926
pi0 p,1.75,1.85,1.8,1.475,1.485,1.48,0.011966287054605559,0.006940627699037355
pi0 p,1.75,1.85,1.8,1.485,1.495,1.49,0.013077509156975847,0.007632444217646618
pi0 p,1.75,1.85,1.8,1.495,1.505,1.5,0.014188731259346138,0.008324260736255883
pi0 p,1.75,1.85,1.8,1.505,1.515,1.51,0.01529995336171643,0.009016077254865149
pi0 p,1.75,1.85,1.8,1.515,1.525,1.52,0.016411175464086717,0.009707893773474412
pi0 p,1.75,1.85,1.8,1.525,1.535,1.53,0.01752239756645701,0.010399710292083676
pi0 p,1.75,1.85,1.8,1.535,1.545,1.54,0.018633619668827296,0.011091526810692939
pi0 p,1.75,1.85,1.8,1.545,1.555,1.55,0.019744841771197588,0.011783343329302205
pi0 p,1.75,1.85,1.8,1.555,1.565,1.56,0.020856063873567875,0.012475159847911466
pi0 p,1.75,1.85,1.8,1.565,1.575,1.57,0.021967285975938163,0.01316697636652073
pi0 p,1.75,1.85,1.8,1.575,1.585,1.58,0.023078508078308455,0.013858792885129995
pi0 p,1.75,1.85,1.8,1.585,1.595,1.59,0.023815551369950803,0.014560837816518733
pi0 p,1.75,1.85,1.8,1.595,1.605,1.6,0.024262100658765242,0.015255105128317244
pi0 p,1.75,1.85,1.8,1.605,1.615,1.61,0.023752862588625342,0.015243557887649974
pi0 p,1.75,1.85,1.8,1.615,1.625,1.62,0.019982028101847706,0.012220339551210279
pi0 p,1.75,1.85,1.8,1.625,1.635,1.63,0.016211193615070153,0.009197121214770653
pi0 p,1.75,1.85,1.8,1.635,1.645,1.64,0.012440359128292505,0.006173902878330951
pi0 p,1.75,1.85,1.8,1.645,1.655,1.65,0.008669524641514855,0.0031506845418912484
pi0 p,1.75,1.85,1.8,1.655,1.665,1.66,0.005265354656144366,0.00041201514190981854
pi0 p,1.75,1.85,1.8,1.665,1.675,1.67,0.005438941320868244,0.0004498535461577787
pi0 p,1.75,1.85,1.8,1.675,1.685,1.68,0.005612527985592121,0.00048769195040573865
pi0 p,1.75,1.85,1.8,1.685,1.695,1.69,0.005594324085473508,0.000493360855842581
pi0 p,1.75,1.85,1.8,1.695,1.705,1.7,0.00550221363011304,0.0004866332346674956
pi0 p,1.85,1.95,1.9,1.105,1.115,1.11,0.00203295509068045,0.0009388079255892584
pi0 p,1.85,1.95,1.9,1.115,1.125,1.12,0.003441065130396292,0.0012810263074757545
pi0 p,1.85,1.95,1.9,1.125,1.135,1.13,0.005064355588673924,0.00166459200412095
pi0 p,1.85,1.95,1.9,1.135,1.145,1.14,0.006715584107924896,0.0020548125052332667
pi0 p,1.85,1.95,1.9,1.145,1.155,1.15,0.009383343167095983,0.0022772988920639627
pi0 p,1.85,1.95,1.9,1.155,1.165,1.16,0.012112102907580484,0.002501243703081592
pi0 p,1.85,1.95,1.9,1.165,1.175,1.17,0.017458635055636412,0.0029832695369664255
pi0 p,1.85,1.95,1.9,1.175,1.185,1.18,0.022897514906053303,0.003468564720311017
pi0 p,1.85,1.95,1.9,1.185,1.195,1.19,0.030738945793658736,0.004096132689830176
pi0 p,1.85,1.95,1.9,1.195,1.205,1.2,0.03855281628099809,0.004720381116054926
pi0 p,1.85,1.95,1.9,1.205,1.215,1.21,0.04268250611330807,0.005089348024154892
pi0 p,1.85,1.95,1.9,1.215,1.225,1.22,0.046588729834433164,0.005449821919913368
pi0 p,1.85,1.95,1.9,1.225,1.235,1.23,0.0427616376334375,0.005122246115031296
pi0 p,1.85,1.95,1.9,1.235,1.245,1.24,0.03885347444838566,0.004793616968535409
pi0 p,1.85,1.95,1.9,1.245,1.255,1.25,0.03507154572065294,0.004629228743369308
pi0 p,1.85,1.95,1.9,1.255,1.265,1.26,0.0313141527706306,0.004467034670147271
pi0 p,1.85,1.95,1.9,1.265,1.275,1.27,0.02920240508137481,0.004425700653000325
pi0 p,1.85,1.95,1.9,1.275,1.285,1.28,0.027146704347671982,0.004387121742073012
pi0 p,1.85,1.95,1.9,1.285,1.295,1.29,0.024330163372030544,0.004578904626907096
pi0 p,1.85,1.95,1.9,1.295,1.305,1.3,0.021497812217612,0.004770192926075916
pi0 p,1.85,1.95,1.9,1.305,1.315,1.31,0.020469467338289346,0.005296473809888121
pi0 p,1.85,1.95,1.9,1.315,1.325,1.32,0.019489355744942562,0.005825056811733858
pi0 p,1.85,1.95,1.9,1.325,1.335,1.33,0.0191326926111662,0.006959810538588713
pi0 p,1.85,1.95,1.9,1.335,1.345,1.34,0.018761106122907666,0.008093541108859468
pi0 p,1.85,1.95,1.9,1.345,1.355,1.35,0.01706451489256815,0.007157503071454589
pi0 p,1.85,1.95,1.9,1.355,1.365,1.36,0.015382494059869505,0.006221701711728443
pi0 p,1.85,1.95,1.9,1.365,1.375,1.37,0.015605099380287039,0.007574829907448315
pi0 p,1.85,1.95,1.9,1.375,1.385,1.38,0.01580895510212933,0.00892355617591051
pi0 p,1.85,1.95,1.9,1.385,1.395,1.39,0.012947737671282591,0.006830802935680356
pi0 p,1.85,1.95,1.9,1.395,1.405,1.4,0.010357142569997346,0.004892895255286126
pi0 p,1.85,1.95,1.9,1.405,1.415,1.41,0.013417142944842695,0.006713458239354925
pi0 p,1.85,1.95,1.9,1.415,1.425,1.42,0.01461822904701426,0.0075060915397159285
pi0 p,1.85,1.95,1.9,1.425,1.435,1.43,0.01024257233116446,0.005214935788953528
pi0 p,1.85,1.95,1.9,1.435,1.445,1.44,0.008153115122906361,0.004166685150429318
pi0 p,1.85,1.95,1.9,1.445,1.455,1.45,0.00926433722527665,0.004858501669038582
pi0 p,1.85,1.95,1.9,1.455,1.465,1.46,0.010375559327646944,0.005550318187647848
pi0 p,1.85,1.95,1.9,1.465,1.475,1.47,0.011486781430017233,0.006242134706257112
pi0 p,1.85,1.95,1.9,1.475,1.485,1.48,0.01259800353238752,0.0069339512248663745
pi0 p,1.85,1.95,1.9,1.485,1.495,1.49,0.013709225634757809,0.007625767743475637
pi0 p,1.85,1.95,1.9,1.495,1.505,1.5,0.0148204477371281,0.008317584262084902
pi0 p,1.85,1.95,1.9,1.505,1.515,1.51,0.015931669839498393,0.009009400780694168
pi0 p,1.85,1.95,1.9,1.515,1.525,1.52,0.017042891941868678,0.00970121729930343
pi0 p,1.85,1.95,1.9,1.525,1.535,1.53,0.01815411404423897,0.010393033817912694
pi0 p,1.85,1.95,1.9,1.535,1.545,1.54,0.01926533614660926,0.011084850336521958
pi0 p,1.85,1.95,1.9,1.545,1.555,1.55,0.020376558248979548,0.011776666855131223
pi0 p,1.85,1.95,1.9,1.555,1.565,1.56,0.02148778035134984,0.012468483373740485
pi0 p,1.85,1.95,1.9,1.565,1.575,1.57,0.022449330929428944,0.013164391257461536
pi0 p,1.85,1.95,1.9,1.575,1.585,1.58,0.022980575875170946,0.013872061815878986
pi0 p,1.85,1.95,1.9,1.585,1.595,1.59,0.023357828717408286,0.014555362834989278
pi0 p,1.85,1.95,1.9,1.595,1.605,1.6,0.023210990249117026,0.014878445716074499
pi0 p,1.85,1.95,1.9,1.605,1.615,1.61,0.01944015576233939,0.011855227379634804
pi0 p,1.85,1.95,1.9,1.615,1.625,1.62,0.015669321275561747,0.008832009043195107
pi0 p,1.85,1.95,1.9,1.625,1.635,1.63,0.011898486788784197,0.005808790706755483
pi0 p,1.85,1.95,1.9,1.635,1.645,1.64,0.008127652302006546,0.0027855723703157803
pi0 p,1.85,1.95,1.9,1.645,1.655,1.65,0.005201257273015116,0.00041767885723454604
pi0 p,1.85,1.95,1.9,1.655,1.665,1.66,0.005374843937738991,0.000455517261482506
pi0 p,1.85,1.95,1.9,1.665,1.675,1.67,0.005548430602462869,0.0004933556657304661
pi0 p,1.85,1.95,1.9,1.675,1.685,1.68,0.005552826227500854,0.0005028152445940963
pi0 p,1.85,1.95,1.9,1.685,1.695,1.69,0.005460715772140386,0.000496087623419011
pi0 p,1.95,2.05,2.0,1.105,1.115,1.11,0.0019715278724264,0.0008925548565457167
pi0 p,1.95,2.05,2.0,1.115,1.125,1.12,0.0032966666003384844,0.0012001529749190083
pi0 p,1.95,2.05,2.0,1.125,1.135,1.13,0.004817423890579467,0.0015453395612547547
pi0 p,1.95,2.05,2.0,1.135,1.145,1.14,0.0063940573027670925,0.0019038357565247337
pi0 p,1.95,2.05,2.0,1.145,1.155,1.15,0.008894809387609367,0.002109846393356875
pi0 p,1.95,2.05,2.0,1.155,1.165,1.16,0.011517562835078467,0.0023187738785628836
pi0 p,1.95,2.05,2.0,1.165,1.175,1.17,0.016520109380339775,0.00276232047546635
pi0 p,1.95,2.05,2.0,1.175,1.185,1.18,0.021707351330323,0.0032124057712893334
pi0 p,1.95,2.05,2.0,1.185,1.195,1.19,0.029078730586841267,0.0037918299636346504
pi0 p,1.95,2.05,2.0,1.195,1.205,1.2,0.03639498904282738,0.004364615069391151
pi0 p,1.95,2.05,2.0,1.205,1.215,1.21,0.0403619923578777,0.004705326067761484
pi0 p,1.95,2.05,2.0,1.215,1.225,1.22,0.04388206345055823,0.005029051041448834
pi0 p,1.95,2.05,2.0,1.225,1.235,1.23,0.0403718473413108,0.004727276287281142
pi0 p,1.95,2.05,2.0,1.235,1.245,1.24,0.03669948926395102,0.004423394849885816
pi0 p,1.95,2.05,2.0,1.245,1.255,1.25,0.03314188978415408,0.004268823340972117
pi0 p,1.95,2.05,2.0,1.255,1.265,1.26,0.02963336185977789,0.004118640135946542
pi0 p,1.95,2.05,2.0,1.265,1.275,1.27,0.027620875081553115,0.00407832970917105
pi0 p,1.95,2.05,2.0,1.275,1.285,1.28,0.025720482214434265,0.004043529494834826
pi0 p,1.95,2.05,2.0,1.285,1.295,1.29,0.023128416400098484,0.004218149094827142
pi0 p,1.95,2.05,2.0,1.295,1.305,1.3,0.0205047302282085,0.004391779523488934
pi0 p,1.95,2.05,2.0,1.305,1.315,1.31,0.01952104976095114,0.004869948665462892
pi0 p,1.95,2.05,2.0,1.315,1.325,1.32,0.01863383586564552,0.005352722043503917
pi0 p,1.95,2.05,2.0,1.325,1.335,1.33,0.018313393297222102,0.006386559717007774
pi0 p,1.95,2.05,2.0,1.335,1.345,1.34,0.017963104019834336,0.007418351077343433
pi0 p,1.95,2.05,2.0,1.345,1.355,1.35,0.0164082649769184,0.006568534612519425
pi0 p,1.95,2.05,2.0,1.355,1.365,1.36,0.014882566729284211,0.005719191503052884
pi0 p,1.95,2.05,2.0,1.365,1.375,1.37,0.015088346802664729,0.006950693443991815
pi0 p,1.95,2.05,2.0,1.375,1.385,1.38,0.015256627678894758,0.008173391530415419
pi0 p,1.95,2.05,2.0,1.385,1.395,1.39,0.012638478416316584,0.006267471881664159
pi0 p,1.95,2.05,2.0,1.395,1.405,1.4,0.010561573812861392,0.004671243352584751
pi0 p,1.95,2.05,2.0,1.405,1.415,1.41,0.013621574187706742,0.006491806336653551
pi0 p,1.95,2.05,2.0,1.415,1.425,1.42,0.012963746017204517,0.006256509953306751
pi0 p,1.95,2.05,2.0,1.425,1.435,1.43,0.008588089301354719,0.003965354202544351
pi0 p,1.95,2.05,2.0,1.435,1.445,1.44,0.008784831600688322,0.004160008676258335
pi0 p,1.95,2.05,2.0,1.445,1.455,1.45,0.009896053703058611,0.004851825194867599
pi0 p,1.95,2.05,2.0,1.455,1.465,1.46,0.011007275805428905,0.005543641713476865
pi0 p,1.95,2.05,2.0,1.465,1.475,1.47,0.012118497907799194,0.006235458232086128
pi0 p,1.95,2.05,2.0,1.475,1.485,1.48,0.01322972001016948,0.006927274750695391
pi0 p,1.95,2.05,2.0,1.485,1.495,1.49,0.01434094211253977,0.007619091269304655
pi0 p,1.95,2.05,2.0,1.495,1.505,1.5,0.015452164214910061,0.00831090778791392
pi0 p,1.95,2.05,2.0,1.505,1.515,1.51,0.016563386317280354,0.009002724306523185
pi0 p,1.95,2.05,2.0,1.515,1.525,1.52,0.017674608419650642,0.009694540825132446
pi0 p,1.95,2.05,2.0,1.525,1.535,1.53,0.018785830522020933,0.010386357343741711
pi0 p,1.95,2.05,2.0,1.535,1.545,1.54,0.01989705262439122,0.011078173862350974
pi0 p,1.95,2.05,2.0,1.545,1.555,1.55,0.021008274726761512,0.011769990380960242
pi0 p,1.95,2.05,2.0,1.555,1.565,1.56,0.021614355434649086,0.012475615256821794
pi0 p,1.95,2.05,2.0,1.565,1.575,1.57,0.022145600380391085,0.013183285815239237
pi0 p,1.95,2.05,2.0,1.575,1.585,1.58,0.022453556776051334,0.01385562054166131
pi0 p,1.95,2.05,2.0,1.585,1.595,1.59,0.022669117909608787,0.014513333544499091
pi0 p,1.95,2.05,2.0,1.595,1.605,1.6,0.018898283422831067,0.011490115208059327
pi0 p,1.95,2.05,2.0,1.605,1.615,1.61,0.015127448936053427,0.008466896871619634
pi0 p,1.95,2.05,2.0,1.615,1.625,1.62,0.011356614449275788,0.005443678535179937
pi0 p,1.95,2.05,2.0,1.625,1.635,1.63,0.0075857799624982365,0.002420460198740313
pi0 p,1.95,2.05,2.0,1.635,1.645,1.64,0.005137159889885863,0.0004233425725592736
pi0 p,1.95,2.05,2.0,1.645,1.655,1.65,0.00531074655460974,0.00046118097680723357
pi0 p,1.95,2.05,2.0,1.655,1.665,1.66,0.0054843332193336165,0.0004990193810551935
pi0 p,1.95,2.05,2.0,1.665,1.675,1.67,0.005511328369528202,0.0005122696333456115
pi0 p,1.95,2.05,2.0,1.675,1.685,1.68,0.005419217914167735,0.0005055420121705263
pi0 p,2.05,2.15,2.1,1.105,1.115,1.11,0.00191010065417235,0.0008463017875021751
pi0 p,2.05,2.15,2.1,1.115,1.125,1.12,0.003152268070280677,0.0011192796423622625
pi0 p,2.05,2.15,2.1,1.125,1.135,1.13,0.00457049219248501,0.0014260871183885589
pi0 p,2.05,2.15,2.1,1.135,1.145,1.14,0.006072530497609288,0.0017528590078162002
pi0 p,2.05,2.15,2.1,1.145,1.155,1.15,0.008406275608122751,0.0019423938946497876
pi0 p,2.05,2.15,2.1,1.155,1.165,1.16,0.010923022762576451,0.002136304054044175
pi0 p,2.05,2.15,2.1,1.165,1.175,1.17,0.015581583705043138,0.002541371413966275
pi0 p,2.05,2.15,2.1,1.175,1.185,1.18,0.0205171877545927,0.00295624682226765
pi0 p,2.05,2.15,2.1,1.185,1.195,1.19,0.0274185153800238,0.0034875272374391255
pi0 p,2.05,2.15,2.1,1.195,1.205,1.2,0.03423716180465666,0.004008849022727376
pi0 p,2.05,2.15,2.1,1.205,1.215,1.21,0.03804147860244732,0.004321304111368076
pi0 p,2.05,2.15,2.1,1.215,1.225,1.22,0.041175397066683286,0.004608280162984301
pi0 p,2.05,2.15,2.1,1.225,1.235,1.23,0.0379820570491841,0.004332306459530987
pi0 p,2.05,2.15,2.1,1.235,1.245,1.24,0.03454550407951639,0.004053172731236225
pi0 p,2.05,2.15,2.1,1.245,1.255,1.25,0.031212233847655223,0.003908417938574925
pi0 p,2.05,2.15,2.1,1.255,1.265,1.26,0.027952570948925188,0.0037702456017458122
pi0 p,2.05,2.15,2.1,1.265,1.275,1.27,0.026039345081731426,0.0037309587653417747
pi0 p,2.05,2.15,2.1,1.275,1.285,1.28,0.02429426008119654,0.0036999372475966376
pi0 p,2.05,2.15,2.1,1.285,1.295,1.29,0.02192666942816643,0.0038573935627471876
pi0 p,2.05,2.15,2.1,1.295,1.305,1.3,0.019511648238805,0.00401336612090195
pi0 p,2.05,2.15,2.1,1.305,1.315,1.31,0.018572632183612936,0.004443423521037663
pi0 p,2.05,2.15,2.1,1.315,1.325,1.32,0.017778315986348478,0.004880387275273975
pi0 p,2.05,2.15,2.1,1.325,1.335,1.33,0.017494093983278,0.005813308895426838
pi0 p,2.05,2.15,2.1,1.335,1.345,1.34,0.017165101916761,0.0067431610458274
pi0 p,2.05,2.15,2.1,1.345,1.355,1.35,0.01575201506126865,0.005979566153584262
pi0 p,2.05,2.15,2.1,1.355,1.365,1.36,0.014382639398698913,0.005216681294377325
pi0 p,2.05,2.15,2.1,1.365,1.375,1.37,0.014571594225042415,0.006326556980535312
pi0 p,2.05,2.15,2.1,1.375,1.385,1.38,0.01470430025566019,0.007423226884920325
pi0 p,2.05,2.15,2.1,1.385,1.395,1.39,0.012329219161350574,0.005704140827647963
pi0 p,2.05,2.15,2.1,1.395,1.405,1.4,0.010766005055725437,0.0044495914498833755
pi0 p,2.05,2.15,2.1,1.405,1.415,1.41,0.013826005430570788,0.006270154433952175
pi0 p,2.05,2.15,2.1,1.415,1.425,1.42,0.011309262987394776,0.005006928366897575
pi0 p,2.05,2.15,2.1,1.425,1.435,1.43,0.008305325976099998,0.0034615156834780915
pi0 p,2.05,2.15,2.1,1.435,1.445,1.44,0.009416548078470288,0.004153332202087355
pi0 p,2.05,2.15,2.1,1.445,1.455,1.45,0.010527770180840576,0.004845148720696618
pi0 p,2.05,2.15,2.1,1.455,1.465,1.46,0.011638992283210869,0.005536965239305884
pi0 p,2.05,2.15,2.1,1.465,1.475,1.47,0.012750214385581158,0.006228781757915148
pi0 p,2.05,2.15,2.1,1.475,1.485,1.48,0.013861436487951446,0.006920598276524411
pi0 p,2.05,2.15,2.1,1.485,1.495,1.49,0.014972658590321736,0.007612414795133674
pi0 p,2.05,2.15,2.1,1.495,1.505,1.5,0.016083880692692027,0.008304231313742938
pi0 p,2.05,2.15,2.1,1.505,1.515,1.51,0.01719510279506232,0.008996047832352203
pi0 p,2.05,2.15,2.1,1.515,1.525,1.52,0.018306324897432606,0.009687864350961467
pi0 p,2.05,2.15,2.1,1.525,1.535,1.53,0.019417546999802898,0.010379680869570732
pi0 p,2.05,2.15,2.1,1.535,1.545,1.54,0.02024813499412723,0.0110791686977646
pi0 p,2.05,2.15,2.1,1.545,1.555,1.55,0.020779379939869228,0.011786839256182046
pi0 p,2.05,2.15,2.1,1.555,1.565,1.56,0.021310624885611227,0.012494509814599493
pi0 p,2.05,2.15,2.1,1.565,1.575,1.57,0.021549284834694378,0.013155878248333346
pi0 p,2.05,2.15,2.1,1.575,1.585,1.58,0.02176484596825183,0.013813591251171124
pi0 p,2.05,2.15,2.1,1.585,1.595,1.59,0.01835641108332278,0.011125003036483876
pi0 p,2.05,2.15,2.1,1.595,1.605,1.6,0.014585576596545129,0.008101784700044173
pi0 p,2.05,2.15,2.1,1.605,1.615,1.61,0.01081474210976749,0.005078566363604478
pi0 p,2.05,2.15,2.1,1.615,1.625,1.62,0.007043907622989849,0.002055348027164783
pi0 p,2.05,2.15,2.1,1.625,1.635,1.63,0.005073062506756612,0.00042900628788400137
pi0 p,2.05,2.15,2.1,1.635,1.645,1.64,0.005246649171480489,0.00046684469213196123
pi0 p,2.05,2.15,2.1,1.645,1.655,1.65,0.005420235836204366,0.0005046830963799212
pi0 p,2.05,2.15,2.1,1.655,1.665,1.66,0.00546983051155555,0.000521724022097127
pi0 p,2.05,2.15,2.1,1.665,1.675,1.67,0.0053777200561950815,0.0005149964009220416
pi0 p,2.05,2.15,2.1,1.675,1.685,1.68,0.005285609600834615,0.0005082687797469562
pi0 p,2.15,2.25,2.2,1.105,1.115,1.11,0.0018486734359182998,0.0008000487184586331
pi0 p,2.15,2.25,2.2,1.115,1.125,1.12,0.003007869540222868,0.0010384063098055165
pi0 p,2.15,2.25,2.2,1.125,1.135,1.13,0.004323560494390553,0.001306834675522363
pi0 p,2.15,2.25,2.2,1.135,1.145,1.14,0.005751003692451483,0.0016018822591076665
pi0 p,2.15,2.25,2.2,1.145,1.155,1.15,0.007917741828636131,0.0017749413959426998
pi0 p,2.15,2.25,2.2,1.155,1.165,1.16,0.010328482690074433,0.0019538342295254666
pi0 p,2.15,2.25,2.2,1.165,1.175,1.17,0.014643058029746497,0.0023204223524661994
pi0 p,2.15,2.25,2.2,1.175,1.185,1.18,0.0193270241788624,0.0027000878732459663
pi0 p,2.15,2.25,2.2,1.185,1.195,1.19,0.02575830017320633,0.0031832245112435997
pi0 p,2.15,2.25,2.2,1.195,1.205,1.2,0.03207933456648595,0.0036530829760636
pi0 p,2.15,2.25,2.2,1.205,1.215,1.21,0.03572096484701694,0.003937282154974666
pi0 p,2.15,2.25,2.2,1.215,1.225,1.22,0.03846873068280835,0.004187509284519766
pi0 p,2.15,2.25,2.2,1.225,1.235,1.23,0.03559226675705739,0.003937336631780833
pi0 p,2.15,2.25,2.2,1.235,1.245,1.24,0.032391518895081746,0.0036829506125866324
pi0 p,2.15,2.25,2.2,1.245,1.255,1.25,0.029282577911156363,0.0035480125361777325
pi0 p,2.15,2.25,2.2,1.255,1.265,1.26,0.02627178003807248,0.0034218510675450824
pi0 p,2.15,2.25,2.2,1.265,1.275,1.27,0.02445781508190973,0.0033835878215124995
pi0 p,2.15,2.25,2.2,1.275,1.285,1.28,0.022868037947958816,0.0033563450003584495
pi0 p,2.15,2.25,2.2,1.285,1.295,1.29,0.020724922456234366,0.0034966380306672325
pi0 p,2.15,2.25,2.2,1.295,1.305,1.3,0.018518566249401496,0.003634952718314966
pi0 p,2.15,2.25,2.2,1.305,1.315,1.31,0.01762421460627473,0.004016898376612433
pi0 p,2.15,2.25,2.2,1.315,1.325,1.32,0.016922796107051434,0.004408052507044032
pi0 p,2.15,2.25,2.2,1.325,1.335,1.33,0.0166747946693339,0.0052400580738459
pi0 p,2.15,2.25,2.2,1.335,1.345,1.34,0.016367099813687665,0.006067971014311366
pi0 p,2.15,2.25,2.2,1.345,1.355,1.35,0.0150957651456189,0.005390597694649099
pi0 p,2.15,2.25,2.2,1.355,1.365,1.36,0.013882712068113617,0.0047141710857017665
pi0 p,2.15,2.25,2.2,1.365,1.375,1.37,0.014054841647420102,0.00570242051707881
pi0 p,2.15,2.25,2.2,1.375,1.385,1.38,0.014151972832425617,0.006673062239425232
pi0 p,2.15,2.25,2.2,1.385,1.395,1.39,0.012019959906384565,0.005140809773631766
pi0 p,2.15,2.25,2.2,1.395,1.405,1.4,0.010970436298589483,0.004227939547182
pi0 p,2.15,2.25,2.2,1.405,1.415,1.41,0.014030436673434836,0.0060485025312508
pi0 p,2.15,2.25,2.2,1.415,1.425,1.42,0.009654779957585033,0.0037573467804883996
pi0 p,2.15,2.25,2.2,1.425,1.435,1.43,0.008937042453881962,0.0034548392093071093
pi0 p,2.15,2.25,2.2,1.435,1.445,1.44,0.01004826455625225,0.004146655727916372
pi0 p,2.15,2.25,2.2,1.445,1.455,1.45,0.01115948665862254,0.004838472246525637
pi0 p,2.15,2.25,2.2,1.455,1.465,1.46,0.012270708760992833,0.005530288765134903
pi0 p,2.15,2.25,2.2,1.465,1.475,1.47,0.01338193086336312,0.006222105283744166
pi0 p,2.15,2.25,2.2,1.475,1.485,1.48,0.014493152965733409,0.0069139218023534284
pi0 p,2.15,2.25,2.2,1.485,1.495,1.49,0.0156043750681037,0.007605738320962693
pi0 p,2.15,2.25,2.2,1.495,1.505,1.5,0.016715597170473988,0.008297554839571957
pi0 p,2.15,2.25,2.2,1.505,1.515,1.51,0.01782681927284428,0.00898937135818122
pi0 p,2.15,2.25,2.2,1.515,1.525,1.52,0.01888191455360537,0.009682722138707406
pi0 p,2.15,2.25,2.2,1.525,1.535,1.53,0.01941315949934737,0.010390392697124853
pi0 p,2.15,2.25,2.2,1.535,1.545,1.54,0.019944404445089367,0.0110980632555423
pi0 p,2.15,2.25,2.2,1.545,1.555,1.55,0.02042945175977997,0.0117984229521676
pi0 p,2.15,2.25,2.2,1.555,1.565,1.56,0.020645012893337422,0.01245613595500538
pi0 p,2.15,2.25,2.2,1.565,1.575,1.57,0.020860574026894875,0.01311384895784316
pi0 p,2.15,2.25,2.2,1.575,1.585,1.58,0.01781453874381446,0.0107598908649084
pi0 p,2.15,2.25,2.2,1.585,1.595,1.59,0.014043704257036821,0.007736672528468705
pi0 p,2.15,2.25,2.2,1.595,1.605,1.6,0.01027286977025917,0.004713454192029003
pi0 p,2.15,2.25,2.2,1.605,1.615,1.61,0.006502035283481531,0.0016902358555893073
pi0 p,2.15,2.25,2.2,1.615,1.625,1.62,0.005008965123627364,0.00043467000320872957
pi0 p,2.15,2.25,2.2,1.625,1.635,1.63,0.005182551788351237,0.00047250840745668884
pi0 p,2.15,2.25,2.2,1.635,1.645,1.64,0.005356138453075114,0.0005103468117046488
pi0 p,2.15,2.25,2.2,1.645,1.655,1.65,0.005428332653582898,0.0005311784108486422
pi0 p,2.15,2.25,2.2,1.655,1.665,1.66,0.0053362221982224305,0.0005244507896735569
pi0 p,2.15,2.25,2.2,1.665,1.675,1.67,0.005244111742861962,0.0005177231684984716
pi0 p,2.25,2.35,2.3,1.105,1.115,1.11,0.00178724621766425,0.0007537956494150917
pi0 p,2.25,2.35,2.3,1.115,1.125,1.12,0.002863471010165061,0.0009575329772487708
pi0 p,2.25,2.35,2.3,1.125,1.135,1.13,0.004076628796296097,0.0011875822326561682
pi0 p,2.25,2.35,2.3,1.135,1.145,1.14,0.005429476887293679,0.0014509055103991337
pi0 p,2.25,2.35,2.3,1.145,1.155,1.15,0.0074292080491495174,0.0016074888972356129
pi0 p,2.25,2.35,2.3,1.155,1.165,1.16,0.009733942617572417,0.001771364405006759
pi0 p,2.25,2.35,2.3,1.165,1.175,1.17,0.013704532354449865,0.0020994732909661255
pi0 p,2.25,2.35,2.3,1.175,1.185,1.18,0.0181368606031321,0.002443928924224284
pi0 p,2.25,2.35,2.3,1.185,1.195,1.19,0.02409808496638887,0.0028789217850480756
pi0 p,2.25,2.35,2.3,1.195,1.205,1.2,0.029921507328315243,0.0032973169293998264
pi0 p,2.25,2.35,2.3,1.205,1.215,1.21,0.03340045109158656,0.00355326019858126
pi0 p,2.25,2.35,2.3,1.215,1.225,1.22,0.03576206429893342,0.0037667384060552345
pi0 p,2.25,2.35,2.3,1.225,1.235,1.23,0.03320247646493071,0.00354236680403068
pi0 p,2.25,2.35,2.3,1.235,1.245,1.24,0.030237533710647118,0.0033127284939370423
pi0 p,2.25,2.35,2.3,1.245,1.255,1.25,0.027352921974657513,0.003187607133780542
pi0 p,2.25,2.35,2.3,1.255,1.265,1.26,0.024590989127219784,0.0030734565333443544
pi0 p,2.25,2.35,2.3,1.265,1.275,1.27,0.022876285082088044,0.003036216877683225
pi0 p,2.25,2.35,2.3,1.275,1.285,1.28,0.0214418158147211,0.003012752753120263
pi0 p,2.25,2.35,2.3,1.285,1.295,1.29,0.01952317548430231,0.0031358824985872795
pi0 p,2.25,2.35,2.3,1.295,1.305,1.3,0.017525484259998,0.003256539315727984
pi0 p,2.25,2.35,2.3,1.305,1.315,1.31,0.01667579702893653,0.003590373232187205
pi0 p,2.25,2.35,2.3,1.315,1.325,1.32,0.016067276227754394,0.003935717738814092
pi0 p,2.25,2.35,2.3,1.325,1.335,1.33,0.0158554953553898,0.0046668072522649635
pi0 p,2.25,2.35,2.3,1.335,1.345,1.34,0.015569097710614335,0.005392780982795334
pi0 p,2.25,2.35,2.3,1.345,1.355,1.35,0.014439515229969151,0.004801629235713938
pi0 p,2.25,2.35,2.3,1.355,1.365,1.36,0.013382784737528321,0.004211660877026209
pi0 p,2.25,2.35,2.3,1.365,1.375,1.37,0.013538089069797789,0.00507828405362231
pi0 p,2.25,2.35,2.3,1.375,1.385,1.38,0.013599645409191046,0.005922897593930144
pi0 p,2.25,2.35,2.3,1.385,1.395,1.39,0.011710700651418559,0.004577478719615572
pi0 p,2.25,2.35,2.3,1.395,1.405,1.4,0.01117486754145353,0.004006287644480626
pi0 p,2.25,2.35,2.3,1.405,1.415,1.41,0.012375953643625096,0.004798920944841628
pi0 p,2.25,2.35,2.3,1.415,1.425,1.42,0.008457536829293634,0.002756346216526864
pi0 p,2.25,2.35,2.3,1.425,1.435,1.43,0.009568758931663921,0.0034481627351361276
pi0 p,2.25,2.35,2.3,1.435,1.445,1.44,0.010679981034034211,0.004139979253745391
pi0 p,2.25,2.35,2.3,1.445,1.455,1.45,0.011791203136404499,0.004831795772354654
pi0 p,2.25,2.35,2.3,1.455,1.465,1.46,0.012902425238774792,0.00552361229096392
pi0 p,2.25,2.35,2.3,1.465,1.475,1.47,0.014013647341145082,0.006215428809573185
pi0 p,2.25,2.35,2.3,1.475,1.485,1.48,0.01512486944351537,0.006907245328182447
pi0 p,2.25,2.35,2.3,1.485,1.495,1.49,0.01623609154588566,0.00759906184679171
pi0 p,2.25,2.35,2.3,1.495,1.505,1.5,0.01734731364825595,0.008290878365400973
pi0 p,2.25,2.35,2.3,1.505,1.515,1.51,0.01804693905882551,0.008993946138067655
pi0 p,2.25,2.35,2.3,1.515,1.525,1.52,0.01857818400456751,0.009701616696485107
pi0 p,2.25,2.35,2.3,1.525,1.535,1.53,0.01910942895030951,0.010409287254902552
pi0 p,2.25,2.35,2.3,1.535,1.545,1.54,0.019525179818423017,0.011098680658839632
pi0 p,2.25,2.35,2.3,1.545,1.555,1.55,0.01974074095198047,0.011756393661677413
pi0 p,2.25,2.35,2.3,1.555,1.565,1.56,0.019956302085537926,0.012414106664515194
pi0 p,2.25,2.35,2.3,1.565,1.575,1.57,0.017272666404306174,0.010394778693332947
pi0 p,2.25,2.35,2.3,1.575,1.585,1.58,0.013501831917528533,0.007371560356893254
pi0 p,2.25,2.35,2.3,1.585,1.595,1.59,0.009730997430750891,0.004348342020453559
pi0 p,2.25,2.35,2.3,1.595,1.605,1.6,0.005960162943973241,0.0013251236840138556
pi0 p,2.25,2.35,2.3,1.605,1.615,1.61,0.004944867740498112,0.000440333718533457
pi0 p,2.25,2.35,2.3,1.615,1.625,1.62,0.005118454405221989,0.00047817212278141694
pi0 p,2.25,2.35,2.3,1.625,1.635,1.63,0.005292041069945862,0.0005160105270293762
pi0 p,2.25,2.35,2.3,1.635,1.645,1.64,0.005386834795610245,0.0005406327996001574
pi0 p,2.25,2.35,2.3,1.645,1.655,1.65,0.005294724340249778,0.0005339051784250721
pi0 p,2.25,2.35,2.3,1.655,1.665,1.66,0.005202613884889311,0.0005271775572499869
pi0 p,2.35,2.45,2.4,1.105,1.115,1.11,0.0017258189994102,0.0007075425803715501
pi0 p,2.35,2.45,2.4,1.115,1.125,1.12,0.002719072480107253,0.0008766596446920249
pi0 p,2.35,2.45,2.4,1.125,1.135,1.13,0.0038296970982016404,0.0010683297897899728
pi0 p,2.35,2.45,2.4,1.135,1.145,1.14,0.0051079500821358745,0.0012999287616906
pi0 p,2.35,2.45,2.4,1.145,1.155,1.15,0.006940674269662901,0.0014400363985285253
pi0 p,2.35,2.45,2.4,1.155,1.165,1.16,0.009139402545070402,0.0015888945804880504
pi0 p,2.35,2.45,2.4,1.165,1.175,1.17,0.012766006679153228,0.0018785242294660502
pi0 p,2.35,2.45,2.4,1.175,1.185,1.18,0.016946697027401803,0.0021877699752026
pi0 p,2.35,2.45,2.4,1.185,1.195,1.19,0.022437869759571405,0.002574619058852551
pi0 p,2.35,2.45,2.4,1.195,1.205,1.2,0.027763680090144523,0.0029415508827360503
pi0 p,2.35,2.45,2.4,1.205,1.215,1.21,0.03107993733615618,0.003169238242187851
pi0 p,2.35,2.45,2.4,1.215,1.225,1.22,0.03305539791505848,0.0033459675275907008
pi0 p,2.35,2.45,2.4,1.225,1.235,1.23,0.030812686172804006,0.003147396976280526
pi0 p,2.35,2.45,2.4,1.235,1.245,1.24,0.028083548526212476,0.00294250637528745
pi0 p,2.35,2.45,2.4,1.245,1.255,1.25,0.02542326603815865,0.0028272017313833503
pi0 p,2.35,2.45,2.4,1.255,1.265,1.26,0.022910198216367077,0.002725061999143625
pi0 p,2.35,2.45,2.4,1.265,1.275,1.27,0.021294755082266352,0.0026888459338539504
pi0 p,2.35,2.45,2.4,1.275,1.285,1.28,0.020015593681483375,0.002669160505882075
pi0 p,2.35,2.45,2.4,1.285,1.295,1.29,0.01832142851237025,0.0027751269665073253
pi0 p,2.35,2.45,2.4,1.295,1.305,1.3,0.0165324022705945,0.0028781259131410004
pi0 p,2.35,2.45,2.4,1.305,1.315,1.31,0.015727379451598328,0.003163848087761976
pi0 p,2.35,2.45,2.4,1.315,1.325,1.32,0.015211756348457353,0.003463382970584151
pi0 p,2.35,2.45,2.4,1.325,1.335,1.33,0.015036196041445701,0.004093556430684026
pi0 p,2.35,2.45,2.4,1.335,1.345,1.34,0.014771095607541,0.0047175909512793
pi0 p,2.35,2.45,2.4,1.345,1.355,1.35,0.013783265314319402,0.004212660776778776
pi0 p,2.35,2.45,2.4,1.355,1.365,1.36,0.012882857406943025,0.00370915066835065
pi0 p,2.35,2.45,2.4,1.365,1.375,1.37,0.013021336492175477,0.004454147590165809
pi0 p,2.35,2.45,2.4,1.375,1.385,1.38,0.013047317985956475,0.005172732948435051
pi0 p,2.35,2.45,2.4,1.385,1.395,1.39,0.01140144139645255,0.004014147665599376
pi0 p,2.35,2.45,2.4,1.395,1.405,1.4,0.011379298784317576,0.0037846357417792506
pi0 p,2.35,2.45,2.4,1.405,1.415,1.41,0.010721470613815353,0.003549339358432451
pi0 p,2.35,2.45,2.4,1.415,1.425,1.42,0.009089253307075594,0.002749669742355882
pi0 p,2.35,2.45,2.4,1.425,1.435,1.43,0.010200475409445882,0.0034414862609651454
pi0 p,2.35,2.45,2.4,1.435,1.445,1.44,0.011311697511816172,0.004133302779574407
pi0 p,2.35,2.45,2.4,1.445,1.455,1.45,0.01242291961418646,0.0048251192981836714
pi0 p,2.35,2.45,2.4,1.455,1.465,1.46,0.013534141716556751,0.005516935816792936
pi0 p,2.35,2.45,2.4,1.465,1.475,1.47,0.01464536381892704,0.0062087523354022005
pi0 p,2.35,2.45,2.4,1.475,1.485,1.48,0.01575658592129733,0.006900568854011464
pi0 p,2.35,2.45,2.4,1.485,1.495,1.49,0.016680718618303652,0.007597499579010466
pi0 p,2.35,2.45,2.4,1.495,1.505,1.5,0.017211963564045647,0.00830517013742791
pi0 p,2.35,2.45,2.4,1.505,1.515,1.51,0.017743208509787646,0.009012840695845355
pi0 p,2.35,2.45,2.4,1.515,1.525,1.52,0.01827445345552965,0.009720511254262806
pi0 p,2.35,2.45,2.4,1.525,1.535,1.53,0.01862090787706606,0.010398938365511668
pi0 p,2.35,2.45,2.4,1.535,1.545,1.54,0.018836469010623517,0.011056651368349447
pi0 p,2.35,2.45,2.4,1.545,1.555,1.55,0.01905203014418097,0.011714364371187228
pi0 p,2.35,2.45,2.4,1.555,1.565,1.56,0.01673079406479785,0.010029666521757474
pi0 p,2.35,2.45,2.4,1.565,1.575,1.57,0.012959959578020213,0.007006448185317778
pi0 p,2.35,2.45,2.4,1.575,1.585,1.58,0.009189125091242572,0.003983229848878083
pi0 p,2.35,2.45,2.4,1.585,1.595,1.59,0.005418290604464932,0.0009600115124383878
pi0 p,2.35,2.45,2.4,1.595,1.605,1.6,0.004880770357368861,0.0004459974338581845
pi0 p,2.35,2.45,2.4,1.605,1.615,1.61,0.005054357022092738,0.0004838358381061445
pi0 p,2.35,2.45,2.4,1.615,1.625,1.62,0.005227943686816614,0.0005216742423541044
pi0 p,2.35,2.45,2.4,1.625,1.635,1.63,0.005345336937637594,0.0005500871883516728
pi0 p,2.35,2.45,2.4,1.635,1.645,1.64,0.005253226482277126,0.0005433595671765875
pi0 p,2.35,2.45,2.4,1.645,1.655,1.65,0.005161116026916658,0.0005366319460015023
pi0 p,2.45,2.55,2.5,1.105,1.115,1.11,0.00166439178115615,0.0006612895113280083
pi0 p,2.45,2.55,2.5,1.115,1.125,1.12,0.002574673950049445,0.000795786312135279
pi0 p,2.45,2.55,2.5,1.125,1.135,1.13,0.003582765400107183,0.000949077346923777
pi0 p,2.45,2.55,2.5,1.135,1.145,1.14,0.00478642327697807,0.0011489520129820666
pi0 p,2.45,2.55,2.5,1.145,1.155,1.15,0.0064521404901762835,0.0012725838998214375
pi0 p,2.45,2.55,2.5,1.155,1.165,1.16,0.008544862472568382,0.0014064247559693417
pi0 p,2.45,2.55,2.5,1.165,1.175,1.17,0.011827481003856588,0.001657575167965975
pi0 p,2.45,2.55,2.5,1.175,1.185,1.18,0.015756533451671502,0.0019316110261809168
pi0 p,2.45,2.55,2.5,1.185,1.195,1.19,0.020777654552753932,0.0022703163326570253
pi0 p,2.45,2.55,2.5,1.195,1.205,1.2,0.02560585285197381,0.002585784836072275
pi0 p,2.45,2.55,2.5,1.205,1.215,1.21,0.028759423580725797,0.002785216285794442
pi0 p,2.45,2.55,2.5,1.215,1.225,1.22,0.03034873153118354,0.002925196649126167
pi0 p,2.45,2.55,2.5,1.225,1.235,1.23,0.0284228958806773,0.002752427148530371
pi0 p,2.45,2.55,2.5,1.235,1.245,1.24,0.025929563341777838,0.002572284256637858
pi0 p,2.45,2.55,2.5,1.245,1.255,1.25,0.02349361010165979,0.0024667963289861585
pi0 p,2.45,2.55,2.5,1.255,1.265,1.26,0.021229407305514373,0.002376667464942896
pi0 p,2.45,2.55,2.5,1.265,1.275,1.27,0.01971322508244466,0.002341474990024675
pi0 p,2.45,2.55,2.5,1.275,1.285,1.28,0.01858937154824565,0.0023255682586438868
pi0 p,2.45,2.55,2.5,1.285,1.295,1.29,0.017119681540438192,0.0024143714344273706
pi0 p,2.45,2.55,2.5,1.295,1.305,1.3,0.015539320281191,0.002499712510554017
pi0 p,2.45,2.55,2.5,1.305,1.315,1.31,0.014778961874260121,0.002737322943336746
pi0 p,2.45,2.55,2.5,1.315,1.325,1.32,0.014356236469160311,0.0029910482023542085
pi0 p,2.45,2.55,2.5,1.325,1.335,1.33,0.0142168967275016,0.003520305609103087
pi0 p,2.45,2.55,2.5,1.335,1.345,1.34,0.013973093504467668,0.004042400919763266
pi0 p,2.45,2.55,2.5,1.345,1.355,1.35,0.01312701539866965,0.003623692317843612
pi0 p,2.45,2.55,2.5,1.355,1.365,1.36,0.01238293007635773,0.0032066404596750916
pi0 p,2.45,2.55,2.5,1.365,1.375,1.37,0.012504583914553166,0.0038300111267093066
pi0 p,2.45,2.55,2.5,1.375,1.385,1.38,0.012494990562721905,0.0044225683029399596
pi0 p,2.45,2.55,2.5,1.385,1.395,1.39,0.011092182141486542,0.0034508166115831797
pi0 p,2.45,2.55,2.5,1.395,1.405,1.4,0.011583730027181622,0.003562983839077875
pi0 p,2.45,2.55,2.5,1.405,1.415,1.41,0.00906698758400561,0.0022997577720232755
pi0 p,2.45,2.55,2.5,1.415,1.425,1.42,0.009720969784857564,0.0027429932681849035
pi0 p,2.45,2.55,2.5,1.425,1.435,1.43,0.010832191887227852,0.003434809786794167
pi0 p,2.45,2.55,2.5,1.435,1.445,1.44,0.011943413989598138,0.0041266263054034295
pi0 p,2.45,2.55,2.5,1.445,1.455,1.45,0.013054636091968427,0.004818442824012692
pi0 p,2.45,2.55,2.5,1.455,1.465,1.46,0.014165858194338719,0.005510259342621958
pi0 p,2.45,2.55,2.5,1.465,1.475,1.47,0.01527708029670901,0.006202075861231221
pi0 p,2.45,2.55,2.5,1.475,1.485,1.48,0.015845743123523794,0.00690872357837072
pi0 p,2.45,2.55,2.5,1.485,1.495,1.49,0.016376988069265793,0.007616394136788166
pi0 p,2.45,2.55,2.5,1.495,1.505,1.5,0.01690823301500779,0.00832406469520561
pi0 p,2.45,2.55,2.5,1.505,1.515,1.51,0.017439477960749787,0.009031735253623056
pi0 p,2.45,2.55,2.5,1.515,1.525,1.52,0.017716635935709105,0.009699196072183702
pi0 p,2.45,2.55,2.5,1.525,1.535,1.53,0.017932197069266558,0.01035690907502148
pi0 p,2.45,2.55,2.5,1.535,1.545,1.54,0.01814775820282401,0.01101462207785926
pi0 p,2.45,2.55,2.5,1.545,1.555,1.55,0.016188921725289542,0.009664554350182004
pi0 p,2.45,2.55,2.5,1.555,1.565,1.56,0.012418087238511902,0.0066413360137423105
pi0 p,2.45,2.55,2.5,1.565,1.575,1.57,0.008647252751734264,0.0036181176773026156
pi0 p,2.45,2.55,2.5,1.575,1.585,1.58,0.004876418264956624,0.0005948993408629203
pi0 p,2.45,2.55,2.5,1.585,1.595,1.59,0.004816672974239609,0.00045166114918291224
pi0 p,2.45,2.55,2.5,1.595,1.605,1.6,0.004990259638963485,0.0004894995534308721
pi0 p,2.45,2.55,2.5,1.605,1.615,1.61,0.005163846303687363,0.0005273379576788322
pi0 p,2.45,2.55,2.5,1.615,1.625,1.62,0.00530383907966494,0.0005595415771031879
pi0 p,2.45,2.55,2.5,1.625,1.635,1.63,0.005211728624304474,0.0005528139559281028
pi0 p,2.45,2.55,2.5,1.635,1.645,1.64,0.005119618168944006,0.0005460863347530175
pi0 p,2.45,2.55,2.5,1.645,1.655,1.65,0.005027507713583538,0.0005393587135779322
pi0 p,2.55,2.65,2.6,1.105,1.115,1.11,0.0016029645629021,0.0006150364422844667
pi0 p,2.55,2.65,2.6,1.115,1.125,1.12,0.0024302754199916365,0.0007149129795785329
pi0 p,2.55,2.65,2.6,1.125,1.135,1.13,0.0033358337020127264,0.0008298249040575817
pi0 p,2.55,2.65,2.6,1.135,1.145,1.14,0.004464896471820266,0.000997975264273533
pi0 p,2.55,2.65,2.6,1.145,1.155,1.15,0.005963606710689665,0.00110513140111435
pi0 p,2.55,2.65,2.6,1.155,1.165,1.16,0.007950322400066366,0.0012239549314506334
pi0 p,2.55,2.65,2.6,1.165,1.175,1.17,0.010888955328559949,0.0014366261064658998
pi0 p,2.55,2.65,2.6,1.175,1.185,1.18,0.014566369875941199,0.0016754520771592332
pi0 p,2.55,2.65,2.6,1.185,1.195,1.19,0.019117439345936467,0.0019660136064615
pi0 p,2.55,2.65,2.6,1.195,1.205,1.2,0.0234480256138031,0.0022300187894085
pi0 p,2.55,2.65,2.6,1.205,1.215,1.21,0.026438909825295412,0.002401194329401033
pi0 p,2.55,2.65,2.6,1.215,1.225,1.22,0.0276420651473086,0.002504425770661633
pi0 p,2.55,2.65,2.6,1.225,1.235,1.23,0.026033105588550595,0.002357457320780216
pi0 p,2.55,2.65,2.6,1.235,1.245,1.24,0.023775578157343196,0.002202062137988266
pi0 p,2.55,2.65,2.6,1.245,1.255,1.25,0.02156395416516093,0.0021063909265889662
pi0 p,2.55,2.65,2.6,1.255,1.265,1.26,0.019548616394661666,0.0020282729307421663
pi0 p,2.55,2.65,2.6,1.265,1.275,1.27,0.018131695082622967,0.0019941040461954
pi0 p,2.55,2.65,2.6,1.275,1.285,1.28,0.017163149415007933,0.0019819760114056996
pi0 p,2.55,2.65,2.6,1.285,1.295,1.29,0.015917934568506133,0.0020536159023474164
pi0 p,2.55,2.65,2.6,1.295,1.305,1.3,0.0145462382917875,0.002121299107967033
pi0 p,2.55,2.65,2.6,1.305,1.315,1.31,0.013830544296921916,0.0023107977989115162
pi0 p,2.55,2.65,2.6,1.315,1.325,1.32,0.013500716589863267,0.0025187134341242666
pi0 p,2.55,2.65,2.6,1.325,1.335,1.33,0.013397597413557501,0.0029470547875221497
pi0 p,2.55,2.65,2.6,1.335,1.345,1.34,0.013175091401394333,0.003367210888247233
pi0 p,2.55,2.65,2.6,1.345,1.355,1.35,0.0124707654830199,0.0030347238589084496
pi0 p,2.55,2.65,2.6,1.355,1.365,1.36,0.011883002745772434,0.002704130250999533
pi0 p,2.55,2.65,2.6,1.365,1.375,1.37,0.011987831336930852,0.003205874663252805
pi0 p,2.55,2.65,2.6,1.375,1.385,1.38,0.011942663139487334,0.0036724036574448666
pi0 p,2.55,2.65,2.6,1.385,1.395,1.39,0.010782922886520533,0.002887485557566983
pi0 p,2.55,2.65,2.6,1.395,1.405,1.4,0.011788161270045668,0.0033413319363765
pi0 p,2.55,2.65,2.6,1.405,1.415,1.41,0.00924146416026923,0.0020445002754046534
pi0 p,2.55,2.65,2.6,1.415,1.425,1.42,0.010352686262639521,0.0027363167940139188
pi0 p,2.55,2.65,2.6,1.425,1.435,1.43,0.01146390836500981,0.0034281333126231824
pi0 p,2.55,2.65,2.6,1.435,1.445,1.44,0.0125751304673801,0.004119949831232446
pi0 p,2.55,2.65,2.6,1.445,1.455,1.45,0.013686352569750388,0.00481176634984171
pi0 p,2.55,2.65,2.6,1.455,1.465,1.46,0.014479522683001936,0.005512277019313526
pi0 p,2.55,2.65,2.6,1.465,1.475,1.47,0.015010767628743935,0.006219947577730973
pi0 p,2.55,2.65,2.6,1.475,1.485,1.48,0.015542012574485934,0.00692761813614842
pi0 p,2.55,2.65,2.6,1.485,1.495,1.49,0.01607325752022793,0.007635288694565866
pi0 p,2.55,2.65,2.6,1.495,1.505,1.5,0.0165968028607947,0.008341740776017955
pi0 p,2.55,2.65,2.6,1.505,1.515,1.51,0.01681236399435215,0.008999453778855736
pi0 p,2.55,2.65,2.6,1.515,1.525,1.52,0.017027925127909606,0.009657166781693517
pi0 p,2.55,2.65,2.6,1.525,1.535,1.53,0.017243486261467062,0.010314879784531295
pi0 p,2.55,2.65,2.6,1.535,1.545,1.54,0.015647049385781247,0.009299442178606546
pi0 p,2.55,2.65,2.6,1.545,1.555,1.55,0.011876214899003593,0.006276223842166842
pi0 p,2.55,2.65,2.6,1.555,1.565,1.56,0.008105380412225954,0.0032530055057271474
pi0 p,2.55,2.65,2.6,1.565,1.575,1.57,0.0045789889263864805,0.0004194864602596796
pi0 p,2.55,2.65,2.6,1.575,1.585,1.58,0.004752575591110357,0.0004573248645076396
pi0 p,2.55,2.65,2.6,1.585,1.595,1.59,0.004926162255834234,0.0004951632687555997
pi0 p,2.55,2.65,2.6,1.595,1.605,1.6,0.005099748920558111,0.0005330016730035596
pi0 p,2.55,2.65,2.6,1.605,1.615,1.61,0.005262341221692287,0.0005689959658547032
pi0 p,2.55,2.65,2.6,1.615,1.625,1.62,0.005170230766331819,0.000562268344679618
pi0 p,2.55,2.65,2.6,1.625,1.635,1.63,0.005078120310971354,0.0005555407235045327
pi0 p,2.55,2.65,2.6,1.635,1.645,1.64,0.0049860098556108855,0.0005488131023294474
pi0 p,2.65,2.75,2.7,1.105,1.115,1.11,0.00154153734464805,0.0005687833732409249
pi0 p,2.65,2.75,2.7,1.115,1.125,1.12,0.002285876889933829,0.000634039647021787
pi0 p,2.65,2.75,2.7,1.125,1.135,1.13,0.00308890200391827,0.0007105724611913861
pi0 p,2.65,2.75,2.7,1.135,1.145,1.14,0.004143369666662462,0.0008469985155649999
pi0 p,2.65,2.75,2.7,1.145,1.155,1.15,0.00547507293120305,0.0009376789024072624
pi0 p,2.65,2.75,2.7,1.155,1.165,1.16,0.007355782327564349,0.0010414851069319247
pi0 p,2.65,2.75,2.7,1.165,1.175,1.17,0.009950429653263312,0.0012156770449658248
pi0 p,2.65,2.75,2.7,1.175,1.185,1.18,0.0133762063002109,0.0014192931281375497
pi0 p,2.65,2.75,2.7,1.185,1.195,1.19,0.017457224139118994,0.0016617108802659745
pi0 p,2.65,2.75,2.7,1.195,1.205,1.2,0.02129019837563239,0.0018742527427447252
pi0 p,2.65,2.75,2.7,1.205,1.215,1.21,0.024118396069865034,0.0020171723730076246
pi0 p,2.65,2.75,2.7,1.215,1.225,1.22,0.02493539876343366,0.002083654892197099
pi0 p,2.65,2.75,2.7,1.225,1.235,1.23,0.023643315296423894,0.001962487493030062
pi0 p,2.65,2.75,2.7,1.235,1.245,1.24,0.02162159297290856,0.0018318400193386743
pi0 p,2.65,2.75,2.7,1.245,1.255,1.25,0.01963429822866207,0.0017459855241917744
pi0 p,2.65,2.75,2.7,1.255,1.265,1.26,0.01786782548380896,0.001679878396541437
pi0 p,2.65,2.75,2.7,1.265,1.275,1.27,0.01655016508280127,0.0016467331023661243
pi0 p,2.65,2.75,2.7,1.275,1.285,1.28,0.015736927281770213,0.0016383837641675125
pi0 p,2.65,2.75,2.7,1.285,1.295,1.29,0.014716187596574072,0.001692860370267462
pi0 p,2.65,2.75,2.7,1.295,1.305,1.3,0.013553156302383998,0.0017428857053800495
pi0 p,2.65,2.75,2.7,1.305,1.315,1.31,0.012882126719583711,0.0018842726544862866
pi0 p,2.65,2.75,2.7,1.315,1.325,1.32,0.012645196710566225,0.0020463786658943242
pi0 p,2.65,2.75,2.7,1.325,1.335,1.33,0.012578298099613399,0.0023738039659412114
pi0 p,2.65,2.75,2.7,1.335,1.345,1.34,0.012377089298321,0.002692020856731199
pi0 p,2.65,2.75,2.7,1.345,1.355,1.35,0.011814515567370149,0.0024457553999732862
pi0 p,2.65,2.75,2.7,1.355,1.365,1.36,0.011383075415187138,0.0022016200423239747
pi0 p,2.65,2.75,2.7,1.365,1.375,1.37,0.011471078759308539,0.002581738199796303
pi0 p,2.65,2.75,2.7,1.375,1.385,1.38,0.011390335716252763,0.002922239011949774
pi0 p,2.65,2.75,2.7,1.385,1.395,1.39,0.010473663631554525,0.0023241545035507867
pi0 p,2.65,2.75,2.7,1.395,1.405,1.4,0.010133678240235923,0.002091750349967323
pi0 p,2.65,2.75,2.7,1.405,1.415,1.41,0.009873180638051194,0.0020378238012336717
pi0 p,2.65,2.75,2.7,1.415,1.425,1.42,0.010984402740421485,0.002729640319842936
pi0 p,2.65,2.75,2.7,1.425,1.435,1.43,0.012095624842791773,0.0034214568384522
pi0 p,2.65,2.75,2.7,1.435,1.445,1.44,0.013113302242480076,0.004115830460256333
pi0 p,2.65,2.75,2.7,1.445,1.455,1.45,0.013644547188222077,0.00482350101867378
pi0 p,2.65,2.75,2.7,1.455,1.465,1.46,0.014175792133964076,0.005531171577091226
pi0 p,2.65,2.75,2.7,1.465,1.475,1.47,0.014707037079706074,0.006238842135508673
pi0 p,2.65,2.75,2.7,1.475,1.485,1.48,0.015238282025448073,0.00694651269392612
pi0 p,2.65,2.75,2.7,1.485,1.495,1.49,0.01569253091943774,0.007641998482689988
pi0 p,2.65,2.75,2.7,1.495,1.505,1.5,0.015908092052995197,0.008299711485527769
pi0 p,2.65,2.75,2.7,1.505,1.515,1.51,0.01612365318655265,0.00895742448836555
pi0 p,2.65,2.75,2.7,1.515,1.525,1.52,0.016339214320110106,0.00961513749120333
pi0 p,2.65,2.75,2.7,1.525,1.535,1.53,0.015105177046272936,0.008934330007031076
pi0 p,2.65,2.75,2.7,1.535,1.545,1.54,0.011334342559495296,0.005911111670591383
pi0 p,2.65,2.75,2.7,1.545,1.555,1.55,0.0075635080727176444,0.0028878933341516797
pi0 p,2.65,2.75,2.7,1.555,1.565,1.56,0.004514891543257229,0.00042515017558440716
pi0 p,2.65,2.75,2.7,1.565,1.575,1.57,0.004688478207981106,0.00046298857983236713
pi0 p,2.65,2.75,2.7,1.575,1.585,1.58,0.004862064872704982,0.0005008269840803271
pi0 p,2.65,2.75,2.7,1.585,1.595,1.59,0.005035651537428859,0.0005386653883282872
pi0 p,2.65,2.75,2.7,1.595,1.605,1.6,0.005209238202152736,0.0005765037925762472
pi0 p,2.65,2.75,2.7,1.605,1.615,1.61,0.005128732908359168,0.0005717227334311333
pi0 p,2.65,2.75,2.7,1.615,1.625,1.62,0.005036622452998699,0.000564995112256048
pi0 p,2.65,2.75,2.7,1.625,1.635,1.63,0.004944511997638235,0.0005582674910809628
pi0 p,2.75,2.85,2.8,1.105,1.115,1.11,0.0014801101263940003,0.0005225303041973834
pi0 p,2.75,2.85,2.8,1.115,1.125,1.12,0.002141478359876022,0.0005531663144650415
pi0 p,2.75,2.85,2.8,1.125,1.135,1.13,0.002841970305823814,0.0005913200183251912
pi0 p,2.75,2.85,2.8,1.135,1.145,1.14,0.003821842861504659,0.0006960217668564671
pi0 p,2.75,2.85,2.8,1.145,1.155,1.15,0.0049865391517164345,0.0007702264037001753
pi0 p,2.75,2.85,2.8,1.155,1.165,1.16,0.006761242255062335,0.000859015282413217
pi0 p,2.75,2.85,2.8,1.165,1.175,1.17,0.009011903977966678,0.0009947279834657506
pi0 p,2.75,2.85,2.8,1.175,1.185,1.18,0.012186042724480603,0.0011631341791158672
pi0 p,2.75,2.85,2.8,1.185,1.195,1.19,0.015797008932301536,0.0013574081540704505
pi0 p,2.75,2.85,2.8,1.195,1.205,1.2,0.019132371137461683,0.0015184866960809512
pi0 p,2.75,2.85,2.8,1.205,1.215,1.21,0.021797882314434667,0.0016331504166142176
pi0 p,2.75,2.85,2.8,1.215,1.225,1.22,0.02222873237955873,0.0016628840137325675
pi0 p,2.75,2.85,2.8,1.225,1.235,1.23,0.0212535250042972,0.001567517665279909
pi0 p,2.75,2.85,2.8,1.235,1.245,1.24,0.01946760778847393,0.001461617900689084
pi0 p,2.75,2.85,2.8,1.245,1.255,1.25,0.01770464229216322,0.001385580121794584
pi0 p,2.75,2.85,2.8,1.255,1.265,1.26,0.016187034572956262,0.001331483862340709
pi0 p,2.75,2.85,2.8,1.265,1.275,1.27,0.014968635082979584,0.0012993621585368506
pi0 p,2.75,2.85,2.8,1.275,1.285,1.28,0.014310705148532497,0.0012947915169293262
pi0 p,2.75,2.85,2.8,1.285,1.295,1.29,0.01351444062464202,0.0013321048381875092
pi0 p,2.75,2.85,2.8,1.295,1.305,1.3,0.012560074312980502,0.0013644723027930673
pi0 p,2.75,2.85,2.8,1.305,1.315,1.31,0.011933709142245508,0.001457747510061059
pi0 p,2.75,2.85,2.8,1.315,1.325,1.32,0.011789676831269184,0.0015740438976643845
pi0 p,2.75,2.85,2.8,1.325,1.335,1.33,0.011758998785669304,0.0018005531443602762
pi0 p,2.75,2.85,2.8,1.335,1.345,1.34,0.011579087195247669,0.0020168308252151677
pi0 p,2.75,2.85,2.8,1.345,1.355,1.35,0.0111582656517204,0.0018567869410381257
pi0 p,2.75,2.85,2.8,1.355,1.365,1.36,0.010883148084601845,0.001699109833648418
pi0 p,2.75,2.85,2.8,1.365,1.375,1.37,0.010954326181686227,0.001957601736339804
pi0 p,2.75,2.85,2.8,1.375,1.385,1.38,0.010838008293018194,0.0021720743664546847
pi0 p,2.75,2.85,2.8,1.385,1.395,1.39,0.010164404376588517,0.001760823449534593
pi0 p,2.75,2.85,2.8,1.395,1.405,1.4,0.009393675013462865,0.001339330808453428
pi0 p,2.75,2.85,2.8,1.405,1.415,1.41,0.010504897115833155,0.0020311473270626917
pi0 p,2.75,2.85,2.8,1.415,1.425,1.42,0.011616119218203446,0.002722963845671957
pi0 p,2.75,2.85,2.8,1.425,1.435,1.43,0.012278326747700219,0.0034270544596165867
pi0 p,2.75,2.85,2.8,1.435,1.445,1.44,0.012809571693442217,0.004134725018034033
pi0 p,2.75,2.85,2.8,1.445,1.455,1.45,0.013340816639184216,0.00484239557645148
pi0 p,2.75,2.85,2.8,1.455,1.465,1.46,0.013872061584926217,0.005550066134868926
pi0 p,2.75,2.85,2.8,1.465,1.475,1.47,0.014403306530668215,0.006257736693286373
pi0 p,2.75,2.85,2.8,1.475,1.485,1.48,0.014788258978080792,0.0069422561893620225
pi0 p,2.75,2.85,2.8,1.485,1.495,1.49,0.015003820111638243,0.007599969192199803
pi0 p,2.75,2.85,2.8,1.495,1.505,1.5,0.0152193812451957,0.008257682195037582
pi0 p,2.75,2.85,2.8,1.505,1.515,1.51,0.015434942378753154,0.008915395197875363
pi0 p,2.75,2.85,2.8,1.515,1.525,1.52,0.014563304706764636,0.008569217835455618
pi0 p,2.75,2.85,2.8,1.525,1.535,1.53,0.010792470219986994,0.005545999499015923
pi0 p,2.75,2.85,2.8,1.535,1.545,1.54,0.007021635733209356,0.002522781162576228
pi0 p,2.75,2.85,2.8,1.545,1.555,1.55,0.004450794160127977,0.00043081389090913466
pi0 p,2.75,2.85,2.8,1.555,1.565,1.56,0.0046243808248518535,0.0004686522951570946
pi0 p,2.75,2.85,2.8,1.565,1.575,1.57,0.00479796748957573,0.0005064906994050546
pi0 p,2.75,2.85,2.8,1.575,1.585,1.58,0.004971554154299607,0.0005443291036530145
pi0 p,2.75,2.85,2.8,1.585,1.595,1.59,0.005145140819023484,0.0005821675079009746
pi0 p,2.75,2.85,2.8,1.595,1.605,1.6,0.005087235050386515,0.0005811771221826485
pi0 p,2.75,2.85,2.8,1.605,1.615,1.61,0.004995124595026048,0.0005744495010075632
pi0 p,2.75,2.85,2.8,1.615,1.625,1.62,0.004903014139665579,0.0005677218798324779
pi0 p,2.85,2.95,2.9,1.105,1.115,1.11,0.00141868290813995,0.0004762772351538417
pi0 p,2.85,2.95,2.9,1.115,1.125,1.12,0.0019970798298182134,0.00047229298190829553
pi0 p,2.85,2.95,2.9,1.125,1.135,1.13,0.0025950386077293565,0.00047206757545899546
pi0 p,2.85,2.95,2.9,1.135,1.145,1.14,0.003500316056346854,0.0005450450181479335
pi0 p,2.85,2.95,2.9,1.145,1.155,1.15,0.004498005372229817,0.0006027739049930877
pi0 p,2.85,2.95,2.9,1.155,1.165,1.16,0.006166702182560317,0.0006765454578945086
pi0 p,2.85,2.95,2.9,1.165,1.175,1.17,0.008073378302670037,0.0007737789219656752
pi0 p,2.85,2.95,2.9,1.175,1.185,1.18,0.0109958791487503,0.0009069752300941837
pi0 p,2.85,2.95,2.9,1.185,1.195,1.19,0.014136793725484065,0.0010531054278749249
pi0 p,2.85,2.95,2.9,1.195,1.205,1.2,0.016974543899290966,0.0011627206494171755
pi0 p,2.85,2.95,2.9,1.205,1.215,1.21,0.01947736855900428,0.0012491284602208085
pi0 p,2.85,2.95,2.9,1.215,1.225,1.22,0.01952206599568379,0.0012421131352680337
pi0 p,2.85,2.95,2.9,1.225,1.235,1.23,0.0188637347121705,0.001172547837529754
pi0 p,2.85,2.95,2.9,1.235,1.245,1.24,0.01731362260403929,0.001091395782039492
pi0 p,2.85,2.95,2.9,1.245,1.255,1.25,0.015774986355664357,0.001025174719397392
pi0 p,2.85,2.95,2.9,1.255,1.265,1.26,0.014506243662103556,0.0009830893281399795
pi0 p,2.85,2.95,2.9,1.265,1.275,1.27,0.01338710508315789,0.0009519912147075749
pi0 p,2.85,2.95,2.9,1.275,1.285,1.28,0.012884483015294773,0.0009511992696911379
pi0 p,2.85,2.95,2.9,1.285,1.295,1.29,0.012312693652709959,0.0009713493061075543
pi0 p,2.85,2.95,2.9,1.295,1.305,1.3,0.011566992323577,0.0009860589002060837
pi0 p,2.85,2.95,2.9,1.305,1.315,1.31,0.010985291564907303,0.001031222365635829
pi0 p,2.85,2.95,2.9,1.315,1.325,1.32,0.010934156951972144,0.001101709129434442
pi0 p,2.85,2.95,2.9,1.325,1.335,1.33,0.010939699471725201,0.001227302322779338
pi0 p,2.85,2.95,2.9,1.335,1.345,1.34,0.010781085092174337,0.0013416407936991338
pi0 p,2.85,2.95,2.9,1.345,1.355,1.35,0.01050201573607065,0.0012678184821029624
pi0 p,2.85,2.95,2.9,1.355,1.365,1.36,0.010383220754016547,0.001196599624972859
pi0 p,2.85,2.95,2.9,1.365,1.375,1.37,0.010437573604063914,0.0013334652728833017
pi0 p,2.85,2.95,2.9,1.375,1.385,1.38,0.010285680869783626,0.0014219097209595927
pi0 p,2.85,2.95,2.9,1.385,1.395,1.39,0.00985514512162251,0.0011974923955183963
pi0 p,2.85,2.95,2.9,1.395,1.405,1.4,0.010025391491244826,0.0013326543342824428
pi0 p,2.85,2.95,2.9,1.405,1.415,1.41,0.01091210630717836,0.002030607900559393
pi0 p,2.85,2.95,2.9,1.415,1.425,1.42,0.01144335125292036,0.00273827845897684
pi0 p,2.85,2.95,2.9,1.425,1.435,1.43,0.011974596198662358,0.0034459490173942863
pi0 p,2.85,2.95,2.9,1.435,1.445,1.44,0.012505841144404357,0.004153619575811733
pi0 p,2.85,2.95,2.9,1.445,1.455,1.45,0.013037086090146355,0.00486129013422918
pi0 p,2.85,2.95,2.9,1.455,1.465,1.46,0.013568331035888356,0.005568960692646626
pi0 p,2.85,2.95,2.9,1.465,1.475,1.47,0.013883987036723836,0.006242513896034057
pi0 p,2.85,2.95,2.9,1.475,1.485,1.48,0.01409954817028129,0.006900226898871837
pi0 p,2.85,2.95,2.9,1.485,1.495,1.49,0.014315109303838744,0.007557939901709617
pi0 p,2.85,2.95,2.9,1.495,1.505,1.5,0.014530670437396198,0.008215652904547397
pi0 p,2.85,2.95,2.9,1.505,1.515,1.51,0.014021432367256328,0.008204105663880149
pi0 p,2.85,2.95,2.9,1.515,1.525,1.52,0.010250597880478687,0.005180887327440455
pi0 p,2.85,2.95,2.9,1.525,1.535,1.53,0.006479763393701047,0.0021576689910007604
pi0 p,2.85,2.95,2.9,1.535,1.545,1.54,0.004386696776998726,0.0004364776062338621
pi0 p,2.85,2.95,2.9,1.545,1.555,1.55,0.004560283441722602,0.00047431601048182213
pi0 p,2.85,2.95,2.9,1.555,1.565,1.56,0.004733870106446478,0.0005121544147297821
pi0 p,2.85,2.95,2.9,1.565,1.575,1.57,0.004907456771170355,0.0005499928189777421
pi0 p,2.85,2.95,2.9,1.575,1.585,1.58,0.0050810434358942325,0.0005878312232257021
pi0 p,2.85,2.95,2.9,1.585,1.595,1.59,0.005045737192413863,0.0005906315109341639
pi0 p,2.85,2.95,2.9,1.595,1.605,1.6,0.004953626737053396,0.0005839038897590787
pi0 p,2.85,2.95,2.9,1.605,1.615,1.61,0.004861516281692928,0.0005771762685839931
pi0 p,2.85,2.95,2.9,1.615,1.625,1.62,0.00476940582633246,0.0005704486474089079
pi0 p,2.95,3.05,3.0,1.105,1.115,1.11,0.0013572556898859,0.0004300241661103
pi0 p,2.95,3.05,3.0,1.115,1.125,1.12,0.0018526812997604054,0.0003914196493515496
pi0 p,2.95,3.05,3.0,1.125,1.135,1.13,0.0023481069096349,0.0003528151325928
pi0 p,2.95,3.05,3.0,1.135,1.145,1.14,0.00317878925118905,0.0003940682694394
pi0 p,2.95,3.05,3.0,1.145,1.155,1.15,0.0040094715927432,0.00043532140628600003
pi0 p,2.95,3.05,3.0,1.155,1.165,1.16,0.0055721621100583,0.0004940756333758
pi0 p,2.95,3.05,3.0,1.165,1.175,1.17,0.0071348526273734,0.0005528298604656
pi0 p,2.95,3.05,3.0,1.175,1.185,1.18,0.009805715573019999,0.0006508162810725
pi0 p,2.95,3.05,3.0,1.185,1.195,1.19,0.0124765785186666,0.0007488027016794
pi0 p,2.95,3.05,3.0,1.195,1.205,1.2,0.01481671666112025,0.0008069546027534001
pi0 p,2.95,3.05,3.0,1.205,1.215,1.21,0.0171568548035739,0.0008651065038274
pi0 p,2.95,3.05,3.0,1.215,1.225,1.22,0.01681539961180885,0.0008213422568035
pi0 p,2.95,3.05,3.0,1.225,1.235,1.23,0.0164739444200438,0.0007775780097796
pi0 p,2.95,3.05,3.0,1.235,1.245,1.24,0.01515963741960465,0.0007211736633899
pi0 p,2.95,3.05,3.0,1.245,1.255,1.25,0.0138453304191655,0.0006647693170002
pi0 p,2.95,3.05,3.0,1.255,1.265,1.26,0.01282545275125085,0.00063469479393925
pi0 p,2.95,3.05,3.0,1.265,1.275,1.27,0.0118055750833362,0.0006046202708783
pi0 p,2.95,3.05,3.0,1.275,1.285,1.28,0.01145826088205705,0.00060760702245295
pi0 p,2.95,3.05,3.0,1.285,1.295,1.29,0.0111109466807779,0.0006105937740276
pi0 p,2.95,3.05,3.0,1.295,1.305,1.3,0.0105739103341735,0.0006076454976191
pi0 p,2.95,3.05,3.0,1.305,1.315,1.31,0.0100368739875691,0.0006046972212106
pi0 p,2.95,3.05,3.0,1.315,1.325,1.32,0.0100786370726751,0.0006293743612044999
pi0 p,2.95,3.05,3.0,1.325,1.335,1.33,0.0101204001577811,0.0006540515011984
pi0 p,2.95,3.05,3.0,1.335,1.345,1.34,0.009983082989101,0.0006664507621830999
pi0 p,2.95,3.05,3.0,1.345,1.355,1.35,0.0098457658204209,0.0006788500231678
pi0 p,2.95,3.05,3.0,1.355,1.365,1.36,0.00988329342343125,0.0006940894162973
pi0 p,2.95,3.05,3.0,1.365,1.375,1.37,0.0099208210264416,0.0007093288094268
pi0 p,2.95,3.05,3.0,1.375,1.385,1.38,0.009733353446549051,0.0006717450754645004
pi0 p,2.95,3.05,3.0,1.385,1.395,1.39,0.0095458858666565,0.0006341613415022
pi0 p,2.95,3.05,3.0,1.395,1.405,1.4,0.0100771308123985,0.0013418318999196465
pi0 p,2.95,3.05,3.0,1.405,1.415,1.41,0.0106083757581405,0.002049502458337093
pi0 p,2.95,3.05,3.0,1.415,1.425,1.42,0.011139620703882497,0.00275717301675454
pi0 p,2.95,3.05,3.0,1.425,1.435,1.43,0.011670865649624497,0.0034648435751719864
pi0 p,2.95,3.05,3.0,1.435,1.445,1.44,0.012202110595366496,0.004172514133589433
pi0 p,2.95,3.05,3.0,1.445,1.455,1.45,0.012733355541108495,0.00488018469200688
pi0 p,2.95,3.05,3.0,1.455,1.465,1.46,0.01297971509536688,0.00554277160270609
pi0 p,2.95,3.05,3.0,1.465,1.475,1.47,0.013195276228924337,0.006200484605543871
pi0 p,2.95,3.05,3.0,1.475,1.485,1.48,0.013410837362481788,0.006858197608381651
pi0 p,2.95,3.05,3.0,1.485,1.495,1.49,0.013626398496039242,0.007515910611219432
pi0 p,2.95,3.05,3.0,1.495,1.505,1.5,0.013479560027748022,0.007838993492304687
pi0 p,2.95,3.05,3.0,1.505,1.515,1.51,0.009708725540970378,0.004815775155864987
pi0 p,2.95,3.05,3.0,1.515,1.525,1.52,0.005937891054192739,0.0017925568194252929
pi0 p,2.95,3.05,3.0,1.525,1.535,1.53,0.004322599393869474,0.0004421413215585897
pi0 p,2.95,3.05,3.0,1.535,1.545,1.54,0.004496186058593351,0.0004799797258065497
pi0 p,2.95,3.05,3.0,1.545,1.555,1.55,0.004669772723317227,0.0005178181300545097
pi0 p,2.95,3.05,3.0,1.555,1.565,1.56,0.004843359388041103,0.0005556565343024696
pi0 p,2.95,3.05,3.0,1.565,1.575,1.57,0.00501694605276498,0.0005934949385504296
pi0 p,2.95,3.05,3.0,1.575,1.585,1.58,0.0050042393344412114,0.0006000858996856792
pi0 p,2.95,3.05,3.0,1.585,1.595,1.59,0.004912128879080743,0.0005933582785105939
pi0 p,2.95,3.05,3.0,1.595,1.605,1.6,0.004820018423720275,0.0005866306573355086
pi0 p,2.95,3.05,3.0,1.605,1.615,1.61,0.004727907968359807,0.0005799030361604233
pi0 p,3.05,3.15,3.1,1.105,1.115,1.11,0.0012394275458683,0.00041427833609137995
pi0 p,3.05,3.15,3.1,1.115,1.125,1.12,0.0017068336622243652,0.00039385905124146955
pi0 p,3.05,3.15,3.1,1.125,1.135,1.13,0.0022022592720988598,0.00035525453448271996
pi0 p,3.05,3.15,3.1,1.135,1.145,1.14,0.0030329416136530094,0.00039650767132932003
pi0 p,3.05,3.15,3.1,1.145,1.155,1.15,0.0037674043885624997,0.00042339536147614006
pi0 p,3.05,3.15,3.1,1.155,1.165,1.16,0.0053300949058776,0.00048214958856594004
pi0 p,3.05,3.15,3.1,1.165,1.175,1.17,0.006766341910330639,0.0005444899605856
pi0 p,3.05,3.15,3.1,1.175,1.185,1.18,0.00943720485597724,0.0006424763811925
pi0 p,3.05,3.15,3.1,1.185,1.195,1.19,0.01176760939393858,0.0007324758103571
pi0 p,3.05,3.15,3.1,1.195,1.205,1.2,0.01382730654630149,0.0007909839741475401
pi0 p,3.05,3.15,3.1,1.205,1.215,1.21,0.01616744468875514,0.00084913587522154
pi0 p,3.05,3.15,3.1,1.215,1.225,1.22,0.015825989496990087,0.00080537162819764
pi0 p,3.05,3.15,3.1,1.225,1.235,1.23,0.015544420168094299,0.0007652215781063199
pi0 p,3.05,3.15,3.1,1.235,1.245,1.24,0.014317093937399349,0.0007073470986193201
pi0 p,3.05,3.15,3.1,1.245,1.255,1.25,0.0130027869369602,0.00065094275222962
pi0 p,3.05,3.15,3.1,1.255,1.265,1.26,0.01198290926904555,0.0006208682291686699
pi0 p,3.05,3.15,3.1,1.265,1.275,1.27,0.011245406057745079,0.00060263953429868
pi0 p,3.05,3.15,3.1,1.275,1.285,1.28,0.01085617448722079,0.00060175046847543
pi0 p,3.05,3.15,3.1,1.285,1.295,1.29,0.010508860285941638,0.00060473722005008
pi0 p,3.05,3.15,3.1,1.295,1.305,1.3,0.01010552245605194,0.00060420873521132
pi0 p,3.05,3.15,3.1,1.305,1.315,1.31,0.009568486109447539,0.00060126045880282
pi0 p,3.05,3.15,3.1,1.315,1.325,1.32,0.009610249194553541,0.0006259375987967199
pi0 p,3.05,3.15,3.1,1.325,1.335,1.33,0.00957150721086744,0.0006459241892212
pi0 p,3.05,3.15,3.1,1.335,1.345,1.34,0.009563804340232039,0.0006642922572124
pi0 p,3.05,3.15,3.1,1.345,1.355,1.35,0.00942648717155194,0.0006766915181970999
pi0 p,3.05,3.15,3.1,1.355,1.365,1.36,0.00946401477456229,0.0006919309113266
pi0 p,3.05,3.15,3.1,1.365,1.375,1.37,0.0094908084768754,0.0007029006972025
pi0 p,3.05,3.15,3.1,1.375,1.385,1.38,0.009429622897511192,0.0006906396332422005
pi0 p,3.05,3.15,3.1,1.385,1.395,1.39,0.00924215531761864,0.0006530558992798999
pi0 p,3.05,3.15,3.1,1.395,1.405,1.4,0.00977340026336064,0.0013607264576973466
pi0 p,3.05,3.15,3.1,1.405,1.415,1.41,0.01030464520910264,0.002068397016114793
pi0 p,3.05,3.15,3.1,1.415,1.425,1.42,0.010835890154844636,0.00277606757453224
pi0 p,3.05,3.15,3.1,1.425,1.435,1.43,0.011367135100586637,0.0034837381329496865
pi0 p,3.05,3.15,3.1,1.435,1.445,1.44,0.011859882020452472,0.004185316306540344
pi0 p,3.05,3.15,3.1,1.445,1.455,1.45,0.012075443154009926,0.004843029309378125
pi0 p,3.05,3.15,3.1,1.455,1.465,1.46,0.01229100428756738,0.0055007423122159045
pi0 p,3.05,3.15,3.1,1.465,1.475,1.47,0.012506565421124835,0.006158455315053686
pi0 p,3.05,3.15,3.1,1.475,1.485,1.48,0.01272212655468229,0.006816168317891466
pi0 p,3.05,3.15,3.1,1.485,1.495,1.49,0.012937687688239743,0.007473881320729245
pi0 p,3.05,3.15,3.1,1.495,1.505,1.5,0.009166853201462065,0.004450662984289516
pi0 p,3.05,3.15,3.1,1.505,1.515,1.51,0.005396018714684419,0.0014274446478498173
pi0 p,3.05,3.15,3.1,1.515,1.525,1.52,0.004258502010740222,0.00044780503688331727
pi0 p,3.05,3.15,3.1,1.525,1.535,1.53,0.0044320886754640985,0.00048564344113127724
pi0 p,3.05,3.15,3.1,1.535,1.545,1.54,0.004605675340187976,0.0005234818453792372
pi0 p,3.05,3.15,3.1,1.545,1.555,1.55,0.0047792620049118524,0.0005613202496271972
pi0 p,3.05,3.15,3.1,1.555,1.565,1.56,0.004952848669635729,0.0005991586538751573
pi0 p,3.05,3.15,3.1,1.565,1.575,1.57,0.004962741476468559,0.0006095402884371945
pi0 p,3.05,3.15,3.1,1.575,1.585,1.58,0.00487063102110809,0.0006028126672621092
pi0 p,3.05,3.15,3.1,1.585,1.595,1.59,0.004778520565747623,0.0005960850460870238
pi0 p,3.05,3.15,3.1,1.595,1.605,1.6,0.0046864101103871545,0.0005893574249119385
pi0 p,3.15,3.25,3.2,1.105,1.115,1.11,0.0011215994018506999,0.00039853250607246
pi0 p,3.15,3.25,3.2,1.115,1.125,1.12,0.0015609860246883255,0.00039629845313138957
pi0 p,3.15,3.25,3.2,1.125,1.135,1.13,0.0020564116345628196,0.00035769393637264
pi0 p,3.15,3.25,3.2,1.135,1.145,1.14,0.0028870939761169697,0.00039894707321924
pi0 p,3.15,3.25,3.2,1.145,1.155,1.15,0.0035253371843817997,0.00041146931666628003
pi0 p,3.15,3.25,3.2,1.155,1.165,1.16,0.0050880277016969,0.00047022354375608
pi0 p,3.15,3.25,3.2,1.165,1.175,1.17,0.00639783119328788,0.0005361500607056
pi0 p,3.15,3.25,3.2,1.175,1.185,1.18,0.009068694138934479,0.0006341364813125
pi0 p,3.15,3.25,3.2,1.185,1.195,1.19,0.011058640269210558,0.0007161489190348
pi0 p,3.15,3.25,3.2,1.195,1.205,1.2,0.012837896431482728,0.00077501334554168
pi0 p,3.15,3.25,3.2,1.205,1.215,1.21,0.015178034573936378,0.00083316524661568
pi0 p,3.15,3.25,3.2,1.215,1.225,1.22,0.014836579382171328,0.0007894009995917799
pi0 p,3.15,3.25,3.2,1.225,1.235,1.23,0.014614895916144798,0.00075286514643304
pi0 p,3.15,3.25,3.2,1.235,1.245,1.24,0.013474550455194047,0.0006935205338487399
pi0 p,3.15,3.25,3.2,1.245,1.255,1.25,0.012160243454754898,0.00063711618745904
pi0 p,3.15,3.25,3.2,1.255,1.265,1.26,0.011140365786840249,0.0006070416643980899
pi0 p,3.15,3.25,3.2,1.265,1.275,1.27,0.01068523703215396,0.00060065879771906
pi0 p,3.15,3.25,3.2,1.275,1.285,1.28,0.010254088092384529,0.00059589391449791
pi0 p,3.15,3.25,3.2,1.285,1.295,1.29,0.009906773891105378,0.00059888066607256
pi0 p,3.15,3.25,3.2,1.295,1.305,1.3,0.00963713457793038,0.00060077197280354
pi0 p,3.15,3.25,3.2,1.305,1.315,1.31,0.00910009823132598,0.00059782369639504
pi0 p,3.15,3.25,3.2,1.315,1.325,1.32,0.009141861316431979,0.00062250083638894
pi0 p,3.15,3.25,3.2,1.325,1.335,1.33,0.00902261426395378,0.000637796877244
pi0 p,3.15,3.25,3.2,1.335,1.345,1.34,0.009144525691363078,0.0006621337522417
pi0 p,3.15,3.25,3.2,1.345,1.355,1.35,0.00900720852268298,0.0006745330132264
pi0 p,3.15,3.25,3.2,1.355,1.365,1.36,0.00904473612569333,0.0006897724063559
pi0 p,3.15,3.25,3.2,1.365,1.375,1.37,0.009060795927309198,0.0006964725849782001
pi0 p,3.15,3.25,3.2,1.375,1.385,1.38,0.009125892348473332,0.0007095341910199005
pi0 p,3.15,3.25,3.2,1.385,1.395,1.39,0.00893842476858078,0.0006719504570576
pi0 p,3.15,3.25,3.2,1.395,1.405,1.4,0.009469669714322778,0.0013796210154750467
pi0 p,3.15,3.25,3.2,1.405,1.415,1.41,0.010000914660064779,0.0020872915738924932
pi0 p,3.15,3.25,3.2,1.415,1.425,1.42,0.010532159605806777,0.00279496213230994
pi0 p,3.15,3.25,3.2,1.425,1.435,1.43,0.010955610079095518,0.0034855740132123786
pi0 p,3.15,3.25,3.2,1.435,1.445,1.44,0.01117117121265297,0.0041432870160501584
pi0 p,3.15,3.25,3.2,1.445,1.455,1.45,0.011386732346210425,0.0048010000188879395
pi0 p,3.15,3.25,3.2,1.455,1.465,1.46,0.01160229347976788,0.005458713021725719
pi0 p,3.15,3.25,3.2,1.465,1.475,1.47,0.011817854613325336,0.0061164260245635
pi0 p,3.15,3.25,3.2,1.475,1.485,1.48,0.012033415746882787,0.006774139027401279
pi0 p,3.15,3.25,3.2,1.485,1.495,1.49,0.008624980861953761,0.004085550812714053
pi0 p,3.15,3.25,3.2,1.495,1.505,1.5,0.004854146375176116,0.0010623324762743538
pi0 p,3.15,3.25,3.2,1.505,1.515,1.51,0.004194404627610971,0.00045346875220804477
pi0 p,3.15,3.25,3.2,1.515,1.525,1.52,0.004367991292334847,0.0004913071564560048
pi0 p,3.15,3.25,3.2,1.525,1.535,1.53,0.004541577957058724,0.0005291455607039648
pi0 p,3.15,3.25,3.2,1.535,1.545,1.54,0.004715164621782601,0.0005669839649519247
pi0 p,3.15,3.25,3.2,1.545,1.555,1.55,0.004888751286506478,0.0006048223691998848
pi0 p,3.15,3.25,3.2,1.555,1.565,1.56,0.004921243618495906,0.0006189946771887098
pi0 p,3.15,3.25,3.2,1.565,1.575,1.57,0.004829133163135438,0.0006122670560136245
pi0 p,3.15,3.25,3.2,1.575,1.585,1.58,0.00473702270777497,0.0006055394348385392
pi0 p,3.15,3.25,3.2,1.585,1.595,1.59,0.004644912252414503,0.000598811813663454
pi0 p,3.25,3.35,3.3,1.105,1.115,1.11,0.0010037712578331004,0.00038278667605354
pi0 p,3.25,3.35,3.3,1.115,1.125,1.12,0.001429148133911505,0.0003896452390668901
pi0 p,3.25,3.35,3.3,1.125,1.135,1.13,0.0019105639970267803,0.00036013333826256
pi0 p,3.25,3.35,3.3,1.135,1.145,1.14,0.0026931365552586004,0.00039420375175927005
pi0 p,3.25,3.35,3.3,1.145,1.155,1.15,0.0032832699802011005,0.00039954327185642
pi0 p,3.25,3.35,3.3,1.155,1.165,1.16,0.004782738741085171,0.00046009057141115
pi0 p,3.25,3.35,3.3,1.165,1.175,1.17,0.006029320476245121,0.0005278101608256001
pi0 p,3.25,3.35,3.3,1.175,1.185,1.18,0.00852995421804909,0.0006218030857113501
pi0 p,3.25,3.35,3.3,1.185,1.195,1.19,0.010349671144482542,0.0006998220277125001
pi0 p,3.25,3.35,3.3,1.195,1.205,1.2,0.01198870681170934,0.0007588645855776
pi0 p,3.25,3.35,3.3,1.205,1.215,1.21,0.014188624459117623,0.00081719461800982
pi0 p,3.25,3.35,3.3,1.215,1.225,1.22,0.0138771121987872,0.00077523746945221
pi0 p,3.25,3.35,3.3,1.225,1.235,1.23,0.013685371664195301,0.00074050871475976
pi0 p,3.25,3.35,3.3,1.235,1.245,1.24,0.01258851658811665,0.0006804290356268101
pi0 p,3.25,3.35,3.3,1.245,1.255,1.25,0.0113176999725496,0.00062328962268846
pi0 p,3.25,3.35,3.3,1.255,1.265,1.26,0.01043900953294204,0.00059913801372299
pi0 p,3.25,3.35,3.3,1.265,1.275,1.27,0.010125068006562842,0.00059867806113944
pi0 p,3.25,3.35,3.3,1.275,1.285,1.28,0.009672960382170841,0.00059197526921934
pi0 p,3.25,3.35,3.3,1.285,1.295,1.29,0.009304687496269122,0.00059302411209504
pi0 p,3.25,3.35,3.3,1.295,1.305,1.3,0.00910189744145147,0.00059612531461089
pi0 p,3.25,3.35,3.3,1.305,1.315,1.31,0.008631710353204421,0.0005943869339872601
pi0 p,3.25,3.35,3.3,1.315,1.325,1.32,0.008633220903914371,0.0006167187991964499
pi0 p,3.25,3.35,3.3,1.325,1.335,1.33,0.00847372131704012,0.0006296695652668
pi0 p,3.25,3.35,3.3,1.335,1.345,1.34,0.008660439893471771,0.00065699084376775
pi0 p,3.25,3.35,3.3,1.345,1.355,1.35,0.00858792987381402,0.0006723745082557
pi0 p,3.25,3.35,3.3,1.355,1.365,1.36,0.00862009052647575,0.0006854790977583999
pi0 p,3.25,3.35,3.3,1.365,1.375,1.37,0.008630783377743,0.0006900444727539
pi0 p,3.25,3.35,3.3,1.375,1.385,1.38,0.008759020799171301,0.0007157674137965997
pi0 p,3.25,3.35,3.3,1.385,1.395,1.39,0.00863469421954292,0.0006908450148352999
pi0 p,3.25,3.35,3.3,1.395,1.405,1.4,0.009165939165284919,0.0013985155732527468
pi0 p,3.25,3.35,3.3,1.405,1.415,1.41,0.00969718411102692,0.0021061861316701933
pi0 p,3.25,3.35,3.3,1.415,1.425,1.42,0.010051338137738564,0.0027858317198844124
pi0 p,3.25,3.35,3.3,1.425,1.435,1.43,0.01026689927129602,0.003443544722722193
pi0 p,3.25,3.35,3.3,1.435,1.445,1.44,0.010482460404853473,0.004101257725559973
pi0 p,3.25,3.35,3.3,1.445,1.455,1.45,0.010698021538410927,0.004758970728397753
pi0 p,3.25,3.35,3.3,1.455,1.465,1.46,0.010913582671968382,0.005416683731235533
pi0 p,3.25,3.35,3.3,1.465,1.475,1.47,0.011129143805525836,0.0060743967340733136
pi0 p,3.25,3.35,3.3,1.475,1.485,1.48,0.008083108522445467,0.0037204386411385966
pi0 p,3.25,3.35,3.3,1.485,1.495,1.49,0.004312274035667827,0.0006972203046989017
pi0 p,3.25,3.35,3.3,1.495,1.505,1.5,0.004130307244481719,0.00045913246753277216
pi0 p,3.25,3.35,3.3,1.505,1.515,1.51,0.004303893909205595,0.0004969708717807321
pi0 p,3.25,3.35,3.3,1.515,1.525,1.52,0.004477480573929472,0.0005348092760286921
pi0 p,3.25,3.35,3.3,1.525,1.535,1.53,0.004651067238653349,0.0005726476802766521
pi0 p,3.25,3.35,3.3,1.535,1.545,1.54,0.004824653903377225,0.0006104860845246122
pi0 p,3.25,3.35,3.3,1.545,1.555,1.55,0.004879745760523254,0.0006284490659402252
pi0 p,3.25,3.35,3.3,1.555,1.565,1.56,0.004787635305162787,0.0006217214447651399
pi0 p,3.25,3.35,3.3,1.565,1.575,1.57,0.004695524849802319,0.0006149938235900544
pi0 p,3.25,3.35,3.3,1.575,1.585,1.58,0.004603414394441851,0.0006082662024149692
pi0 p,3.25,3.35,3.3,1.585,1.595,1.59,0.004511303939081383,0.0006015385812398839
pi0 p,3.35,3.45,3.4,1.105,1.115,1.11,0.0008859431138155004,0.00036704084603462003
pi0 p,3.35,3.45,3.4,1.115,1.125,1.12,0.001311319989893905,0.0003738994090479701
pi0 p,3.35,3.45,3.4,1.125,1.135,1.13,0.0017647163594907403,0.00036257274015248
pi0 p,3.35,3.45,3.4,1.135,1.145,1.14,0.0024510693510779004,0.00038227770694940997
pi0 p,3.35,3.45,3.4,1.145,1.155,1.15,0.0030412027760204005,0.00038761722704656003
pi0 p,3.35,3.45,3.4,1.155,1.165,1.16,0.0044142280240424105,0.00045175067153115
pi0 p,3.35,3.45,3.4,1.165,1.175,1.17,0.005660809759202361,0.0005194702609455999
pi0 p,3.35,3.45,3.4,1.175,1.185,1.18,0.007820985093321072,0.0006054761943890501
pi0 p,3.35,3.45,3.4,1.185,1.195,1.19,0.009640702019754522,0.0006834951363902
pi0 p,3.35,3.45,3.4,1.195,1.205,1.2,0.01127973768698132,0.0007425376942553001
pi0 p,3.35,3.45,3.4,1.205,1.215,1.21,0.013199214344298861,0.00080122398940396
pi0 p,3.35,3.45,3.4,1.215,1.225,1.22,0.012947587946837699,0.00076288103777893
pi0 p,3.35,3.45,3.4,1.225,1.235,1.23,0.0127558474122458,0.0007281522830864801
pi0 p,3.35,3.45,3.4,1.235,1.245,1.24,0.01165899233616715,0.00066807260395353
pi0 p,3.35,3.45,3.4,1.245,1.255,1.25,0.010475156490344301,0.00060946305791788
pi0 p,3.35,3.45,3.4,1.255,1.265,1.26,0.00987884050735092,0.00059715727714337
pi0 p,3.35,3.45,3.4,1.265,1.275,1.27,0.009564898980971721,0.00059669732455982
pi0 p,3.35,3.45,3.4,1.275,1.285,1.28,0.009112791356579721,0.00058999453263972
pi0 p,3.35,3.45,3.4,1.285,1.295,1.29,0.008702601101432861,0.0005871675581175201
pi0 p,3.35,3.45,3.4,1.295,1.305,1.3,0.008499811046615211,0.00059026876063337
pi0 p,3.35,3.45,3.4,1.305,1.315,1.31,0.00816332247508286,0.00059095017157948
pi0 p,3.35,3.45,3.4,1.315,1.325,1.32,0.00808432795700071,0.00060859148721925
pi0 p,3.35,3.45,3.4,1.325,1.335,1.33,0.00792482837012646,0.0006215422532896
pi0 p,3.35,3.45,3.4,1.335,1.345,1.34,0.00811154694655811,0.00064886353179055
pi0 p,3.35,3.45,3.4,1.345,1.355,1.35,0.00816865122494506,0.000670216003285
pi0 p,3.35,3.45,3.4,1.355,1.365,1.36,0.00819007797690955,0.0006790509855341
pi0 p,3.35,3.45,3.4,1.365,1.375,1.37,0.008200770828176801,0.0006836163605296
pi0 p,3.35,3.45,3.4,1.375,1.385,1.38,0.0083290082496051,0.0007093393015722997
pi0 p,3.35,3.45,3.4,1.385,1.395,1.39,0.008330963670505061,0.000709739572613
pi0 p,3.35,3.45,3.4,1.395,1.405,1.4,0.00886220861624706,0.0014174101310304467
pi0 p,3.35,3.45,3.4,1.405,1.415,1.41,0.009147066196381611,0.0020860894265564466
pi0 p,3.35,3.45,3.4,1.415,1.425,1.42,0.009362627329939064,0.002743802429394227
pi0 p,3.35,3.45,3.4,1.425,1.435,1.43,0.009578188463496519,0.003401515432232007
pi0 p,3.35,3.45,3.4,1.435,1.445,1.44,0.009793749597053973,0.004059228435069787
pi0 p,3.35,3.45,3.4,1.445,1.455,1.45,0.01000931073061143,0.0047169414379075675
pi0 p,3.35,3.45,3.4,1.455,1.465,1.46,0.010224871864168882,0.005374654440745348
pi0 p,3.35,3.45,3.4,1.465,1.475,1.47,0.0075412361829371565,0.003355326469563129
pi0 p,3.35,3.45,3.4,1.475,1.485,1.48,0.00389262319662859,0.00042695777860953974
pi0 p,3.35,3.45,3.4,1.485,1.495,1.49,0.004066209861352466,0.00046479618285749977
pi0 p,3.35,3.45,3.4,1.495,1.505,1.5,0.004239796526076344,0.0005026345871054598
pi0 p,3.35,3.45,3.4,1.505,1.515,1.51,0.00441338319080022,0.0005404729913534197
pi0 p,3.35,3.45,3.4,1.515,1.525,1.52,0.0045869698555240975,0.0005783113956013798
pi0 p,3.35,3.45,3.4,1.525,1.535,1.53,0.004760556520247974,0.0006161497998493396
pi0 p,3.35,3.45,3.4,1.535,1.545,1.54,0.004838247902550602,0.0006379034546917405
pi0 p,3.35,3.45,3.4,1.545,1.555,1.55,0.004746137447190135,0.0006311758335166552
pi0 p,3.35,3.45,3.4,1.555,1.565,1.56,0.004654026991829667,0.0006244482123415699
pi0 p,3.35,3.45,3.4,1.565,1.575,1.57,0.004561916536469198,0.0006177205911664845
pi0 p,3.35,3.45,3.4,1.575,1.585,1.58,0.004469806081108731,0.0006109929699913991
pi0 p,3.45,3.55,3.5,1.105,1.115,1.11,0.0007681149697979,0.0003512950160157
pi0 p,3.45,3.55,3.5,1.115,1.125,1.12,0.0011934918458763048,0.0003581535790290501
pi0 p,3.45,3.55,3.5,1.125,1.135,1.13,0.0016188687219547,0.0003650121420424
pi0 p,3.45,3.55,3.5,1.135,1.145,1.14,0.0022090021468972004,0.00037035166213955
pi0 p,3.45,3.55,3.5,1.145,1.155,1.15,0.0027991355718397005,0.0003756911822367
pi0 p,3.45,3.55,3.5,1.155,1.165,1.16,0.00404571730699965,0.00044341077165114997
pi0 p,3.45,3.55,3.5,1.165,1.175,1.17,0.0052922990421596,0.0005111303610656
pi0 p,3.45,3.55,3.5,1.175,1.185,1.18,0.0071120159685930506,0.00058914930306675
pi0 p,3.45,3.55,3.5,1.185,1.195,1.19,0.0089317328950265,0.0006671682450679
pi0 p,3.45,3.55,3.5,1.195,1.205,1.2,0.0105707685622533,0.000726210802933
pi0 p,3.45,3.55,3.5,1.205,1.215,1.21,0.0122098042294801,0.0007852533607981
pi0 p,3.45,3.55,3.5,1.215,1.225,1.22,0.0120180636948882,0.0007505246061056501
pi0 p,3.45,3.55,3.5,1.225,1.235,1.23,0.0118263231602963,0.0007157958514132
pi0 p,3.45,3.55,3.5,1.235,1.245,1.24,0.01072946808421765,0.0006557161722802499
pi0 p,3.45,3.55,3.5,1.245,1.255,1.25,0.009632613008139,0.0005956364931473
pi0 p,3.45,3.55,3.5,1.255,1.265,1.26,0.0093186714817598,0.00059517654056375
pi0 p,3.45,3.55,3.5,1.265,1.275,1.27,0.0090047299553806,0.0005947165879802
pi0 p,3.45,3.55,3.5,1.275,1.285,1.28,0.0085526223309886,0.0005880137960601001
pi0 p,3.45,3.55,3.5,1.285,1.295,1.29,0.0081005147065966,0.00058131100414
pi0 p,3.45,3.55,3.5,1.295,1.305,1.3,0.00789772465177895,0.0005844122066558501
pi0 p,3.45,3.55,3.5,1.305,1.315,1.31,0.0076949345969613,0.0005875134091717
pi0 p,3.45,3.55,3.5,1.315,1.325,1.32,0.00753543501008705,0.00060046417524205
pi0 p,3.45,3.55,3.5,1.325,1.335,1.33,0.0073759354232128,0.0006134149413124
pi0 p,3.45,3.55,3.5,1.335,1.345,1.34,0.00756265399964445,0.0006407362198133501
pi0 p,3.45,3.55,3.5,1.345,1.355,1.35,0.007749372576076099,0.0006680574983143
pi0 p,3.45,3.55,3.5,1.355,1.365,1.36,0.007760065427343349,0.0006726228733098
pi0 p,3.45,3.55,3.5,1.365,1.375,1.37,0.007770758278610599,0.0006771882483053
pi0 p,3.45,3.55,3.5,1.375,1.385,1.38,0.007898995700038899,0.0007029111893479997
pi0 p,3.45,3.55,3.5,1.385,1.395,1.39,0.0080272331214672,0.0007286341303907
pi0 p,3.45,3.55,3.5,1.395,1.405,1.4,0.008242794255024654,0.0013863471332284801
pi0 p,3.45,3.55,3.5,1.405,1.415,1.41,0.00845835538858211,0.0020440601360662606
pi0 p,3.45,3.55,3.5,1.415,1.425,1.42,0.008673916522139564,0.0027017731389040412
pi0 p,3.45,3.55,3.5,1.425,1.435,1.43,0.008889477655697019,0.0033594861417418215
pi0 p,3.45,3.55,3.5,1.435,1.445,1.44,0.009105038789254472,0.004017199144579602
pi0 p,3.45,3.55,3.5,1.445,1.455,1.45,0.009320599922811926,0.004674912147417382
pi0 p,3.45,3.55,3.5,1.455,1.465,1.46,0.006999363843428847,0.0029902142979876616
pi0 p,3.45,3.55,3.5,1.465,1.475,1.47,0.003828525813499339,0.0004326214939342673
pi0 p,3.45,3.55,3.5,1.475,1.485,1.48,0.004002112478223215,0.00047045989818222727
pi0 p,3.45,3.55,3.5,1.485,1.495,1.49,0.004175699142947092,0.0005082983024301874
pi0 p,3.45,3.55,3.5,1.495,1.505,1.5,0.004349285807670969,0.0005461367066781473
pi0 p,3.45,3.55,3.5,1.505,1.515,1.51,0.004522872472394846,0.0005839751109261072
pi0 p,3.45,3.55,3.5,1.515,1.525,1.52,0.004696459137118723,0.0006218135151740673
pi0 p,3.45,3.55,3.5,1.525,1.535,1.53,0.004796750044577951,0.0006473578434432558
pi0 p,3.45,3.55,3.5,1.535,1.545,1.54,0.004704639589217483,0.0006406302222681704
pi0 p,3.45,3.55,3.5,1.545,1.555,1.55,0.004612529133857015,0.0006339026010930852
pi0 p,3.45,3.55,3.5,1.555,1.565,1.56,0.004520418678496546,0.0006271749799179999
pi0 p,3.45,3.55,3.5,1.565,1.575,1.57,0.004428308223136079,0.0006204473587429145
pi0 p,3.55,3.65,3.6,1.105,1.115,1.11,0.0007486685176303857,0.00034669717142212853
pi0 p,3.55,3.65,3.6,1.115,1.125,1.12,0.0011740453937087905,0.0003535557344354786
pi0 p,3.55,3.65,3.6,1.125,1.135,1.13,0.0015097656135414285,0.0003537594429825714
pi0 p,3.55,3.65,3.6,1.135,1.145,1.14,0.002027776894584657,0.00035941104096057853
pi0 p,3.55,3.65,3.6,1.145,1.155,1.15,0.0026179103195271575,0.00036475056105772855
pi0 p,3.55,3.65,3.6,1.155,1.165,1.16,0.0037384102305520785,0.00043124616935783574
pi0 p,3.55,3.65,3.6,1.165,1.175,1.17,0.004984991965712029,0.0004989657587722858
pi0 p,3.55,3.65,3.6,1.175,1.185,1.18,0.006804708892145479,0.0005769847007734357
pi0 p,3.55,3.65,3.6,1.185,1.195,1.19,0.0084084280673529,0.0006484651197825857
pi0 p,3.55,3.65,3.6,1.195,1.205,1.2,0.010047463734579699,0.0007075076776476857
pi0 p,3.55,3.65,3.6,1.205,1.215,1.21,0.01149732373903374,0.0007587147744000429
pi0 p,3.55,3.65,3.6,1.215,1.225,1.22,0.011392881924517456,0.0007291778638847642
pi0 p,3.55,3.65,3.6,1.225,1.235,1.23,0.011201141389925557,0.0006944491091923142
pi0 p,3.55,3.65,3.6,1.235,1.245,1.24,0.010258173802769593,0.0006420039529988357
pi0 p,3.55,3.65,3.6,1.245,1.255,1.25,0.009161318726690942,0.0005819242738658856
pi0 p,3.55,3.65,3.6,1.255,1.265,1.26,0.008847377200311743,0.0005814643212823357
pi0 p,3.55,3.65,3.6,1.265,1.275,1.27,0.00851107128028663,0.0005774561470330857
pi0 p,3.55,3.65,3.6,1.275,1.285,1.28,0.008058963655894629,0.0005707533551129857
pi0 p,3.55,3.65,3.6,1.285,1.295,1.29,0.007666006277955757,0.0005679895354709714
pi0 p,3.55,3.65,3.6,1.295,1.305,1.3,0.007463216223138107,0.0005710907379868214
pi0 p,3.55,3.65,3.6,1.305,1.315,1.31,0.0073629806941799,0.0005790031336834857
pi0 p,3.55,3.65,3.6,1.315,1.325,1.32,0.00719496571010665,0.0005896749837580214
pi0 p,3.55,3.65,3.6,1.325,1.335,1.33,0.0070354661232324,0.0006026257498283715
pi0 p,3.55,3.65,3.6,1.335,1.345,1.34,0.0072221846996640485,0.0006299470283293214
pi0 p,3.55,3.65,3.6,1.345,1.355,1.35,0.007407773389935127,0.0006586418895505572
pi0 p,3.55,3.65,3.6,1.355,1.365,1.36,0.007424255778064663,0.0006634781785458142
pi0 p,3.55,3.65,3.6,1.365,1.375,1.37,0.007434948629331913,0.0006680435535413143
pi0 p,3.55,3.65,3.6,1.375,1.385,1.38,0.007210284892239397,0.000660881898857814
pi0 p,3.55,3.65,3.6,1.385,1.395,1.39,0.0073385223136676996,0.0006866048399005143
pi0 p,3.55,3.65,3.6,1.395,1.405,1.4,0.007554083447225154,0.0013443178427382946
pi0 p,3.55,3.65,3.6,1.405,1.415,1.41,0.007769644580782609,0.002002030845576075
pi0 p,3.55,3.65,3.6,1.415,1.425,1.42,0.007985205714340063,0.0026597438484138552
pi0 p,3.55,3.65,3.6,1.425,1.435,1.43,0.008200766847897518,0.0033174568512516355
pi0 p,3.55,3.65,3.6,1.435,1.445,1.44,0.00841632798145497,0.003975169854089416
pi0 p,3.55,3.65,3.6,1.445,1.455,1.45,0.006457491503920539,0.0026251021264121935
pi0 p,3.55,3.65,3.6,1.455,1.465,1.46,0.003764428430370087,0.00043828520925899485
pi0 p,3.55,3.65,3.6,1.465,1.475,1.47,0.0039380150950939635,0.0004761236135069549
pi0 p,3.55,3.65,3.6,1.475,1.485,1.48,0.00411160175981784,0.0005139620177549148
pi0 p,3.55,3.65,3.6,1.485,1.495,1.49,0.004285188424541717,0.0005518004220028749
pi0 p,3.55,3.65,3.6,1.495,1.505,1.5,0.004458775089265594,0.0005896388262508349
pi0 p,3.55,3.65,3.6,1.505,1.515,1.51,0.0046323617539894705,0.0006274772304987948
pi0 p,3.55,3.65,3.6,1.515,1.525,1.52,0.004755252186605298,0.000656812232194771
pi0 p,3.55,3.65,3.6,1.525,1.535,1.53,0.00466314173124483,0.0006500846110196858
pi0 p,3.55,3.65,3.6,1.535,1.545,1.54,0.004571031275884362,0.0006433569898446005
pi0 p,3.55,3.65,3.6,1.545,1.555,1.55,0.0044789208205238944,0.0006366293686695152
pi0 p,3.55,3.65,3.6,1.555,1.565,1.56,0.004386810365163426,0.0006299017474944298
pi0 p,3.65,3.75,3.7,1.105,1.115,1.11,0.0007292220654628714,0.0003420993268285571
pi0 p,3.65,3.75,3.7,1.115,1.125,1.12,0.001154598941541276,0.0003489578898419072
pi0 p,3.65,3.75,3.7,1.125,1.135,1.13,0.0014006625051281572,0.0003425067439227428
pi0 p,3.65,3.75,3.7,1.135,1.145,1.14,0.001846551642272114,0.00034847041978160713
pi0 p,3.65,3.75,3.7,1.145,1.155,1.15,0.0024366850672146146,0.00035380993987875714
pi0 p,3.65,3.75,3.7,1.155,1.165,1.16,0.0034311031541045074,0.0004190815670645214
pi0 p,3.65,3.75,3.7,1.165,1.175,1.17,0.004677684889264457,0.00048680115647897147
pi0 p,3.65,3.75,3.7,1.175,1.185,1.18,0.006497401815697906,0.0005648200984801214
pi0 p,3.65,3.75,3.7,1.185,1.195,1.19,0.0078851232396793,0.0006297619944972714
pi0 p,3.65,3.75,3.7,1.195,1.205,1.2,0.0095241589069061,0.0006888045523623714
pi0 p,3.65,3.75,3.7,1.205,1.215,1.21,0.010784843248587386,0.0007321761880019857
pi0 p,3.65,3.75,3.7,1.215,1.225,1.22,0.010767700154146713,0.0007078311216638785
pi0 p,3.65,3.75,3.7,1.225,1.235,1.23,0.010575959619554813,0.0006731023669714286
pi0 p,3.65,3.75,3.7,1.235,1.245,1.24,0.009786879521321535,0.0006282917337174215
pi0 p,3.65,3.75,3.7,1.245,1.255,1.25,0.008690024445242885,0.0005682120545844714
pi0 p,3.65,3.75,3.7,1.255,1.265,1.26,0.008376082918863685,0.0005677521020009213
pi0 p,3.65,3.75,3.7,1.265,1.275,1.27,0.008017412605192658,0.0005601957060859715
pi0 p,3.65,3.75,3.7,1.275,1.285,1.28,0.007565304980800658,0.0005534929141658714
pi0 p,3.65,3.75,3.7,1.285,1.295,1.29,0.0072314978493149135,0.0005546680668019428
pi0 p,3.65,3.75,3.7,1.295,1.305,1.3,0.0070287077944972635,0.0005577692693177928
pi0 p,3.65,3.75,3.7,1.305,1.315,1.31,0.0070310267913985,0.0005704928581952714
pi0 p,3.65,3.75,3.7,1.315,1.325,1.32,0.00685449641012625,0.0005788857922739928
pi0 p,3.65,3.75,3.7,1.325,1.335,1.33,0.0066949968232519995,0.0005918365583443429
pi0 p,3.65,3.75,3.7,1.335,1.345,1.34,0.006881715399683649,0.0006191578368452929
pi0 p,3.65,3.75,3.7,1.345,1.355,1.35,0.007066174203794157,0.0006492262807868143
pi0 p,3.65,3.75,3.7,1.355,1.365,1.36,0.0070884461287859775,0.0006543334837818286
pi0 p,3.65,3.75,3.7,1.365,1.375,1.37,0.0070991389800532274,0.0006588988587773286
pi0 p,3.65,3.75,3.7,1.375,1.385,1.38,0.0065215740844398965,0.0006188526083676282
pi0 p,3.65,3.75,3.7,1.385,1.395,1.39,0.006649811505868199,0.0006445755494103285
pi0 p,3.65,3.75,3.7,1.395,1.405,1.4,0.006865372639425654,0.0013022885522481088
pi0 p,3.65,3.75,3.7,1.405,1.415,1.41,0.007080933772983109,0.001960001555085889
pi0 p,3.65,3.75,3.7,1.415,1.425,1.42,0.007296494906540562,0.0026177145579236697
pi0 p,3.65,3.75,3.7,1.425,1.435,1.43,0.007512056040098018,0.00327542756076145
pi0 p,3.65,3.75,3.7,1.435,1.445,1.44,0.005915619164412231,0.002259989954836726
pi0 p,3.65,3.75,3.7,1.445,1.455,1.45,0.0037003310472408357,0.0004439489245837224
pi0 p,3.65,3.75,3.7,1.455,1.465,1.46,0.003873917711964712,0.0004817873288316824
pi0 p,3.65,3.75,3.7,1.465,1.475,1.47,0.004047504376688589,0.0005196257330796425
pi0 p,3.65,3.75,3.7,1.475,1.485,1.48,0.004221091041412465,0.0005574641373276023
pi0 p,3.65,3.75,3.7,1.485,1.495,1.49,0.004394677706136343,0.0005953025415755624
pi0 p,3.65,3.75,3.7,1.495,1.505,1.5,0.004568264370860219,0.0006331409458235223
pi0 p,3.65,3.75,3.7,1.505,1.515,1.51,0.004713754328632646,0.0006662666209462864
pi0 p,3.65,3.75,3.7,1.515,1.525,1.52,0.0046216438732721785,0.000659538999771201
pi0 p,3.65,3.75,3.7,1.525,1.535,1.53,0.00452953341791171,0.0006528113785961157
pi0 p,3.65,3.75,3.7,1.535,1.545,1.54,0.004437422962551242,0.0006460837574210304
pi0 p,3.65,3.75,3.7,1.545,1.555,1.55,0.004345312507190774,0.0006393561362459451
pi0 p,3.65,3.75,3.7,1.555,1.565,1.56,0.004253202051830307,0.0006326285150708599
pi0 p,3.75,3.85,3.8,1.105,1.115,1.11,0.0007097756132953572,0.0003375014822349857
pi0 p,3.75,3.85,3.8,1.115,1.125,1.12,0.001135152489373762,0.00034436004524833583
pi0 p,3.75,3.85,3.8,1.125,1.135,1.13,0.001291559396714886,0.0003312540448629143
pi0 p,3.75,3.85,3.8,1.135,1.145,1.14,0.001665326389959572,0.0003375297986026358
pi0 p,3.75,3.85,3.8,1.145,1.155,1.15,0.002255459814902072,0.00034286931869978573
pi0 p,3.75,3.85,3.8,1.155,1.165,1.16,0.0031237960776569367,0.00040691696477120716
pi0 p,3.75,3.85,3.8,1.165,1.175,1.17,0.004370377812816887,0.0004746365541856572
pi0 p,3.75,3.85,3.8,1.175,1.185,1.18,0.0061900947392503364,0.0005526554961868071
pi0 p,3.75,3.85,3.8,1.185,1.195,1.19,0.007361818412005701,0.0006110588692119572
pi0 p,3.75,3.85,3.8,1.195,1.205,1.2,0.009000854079232502,0.0006701014270770572
pi0 p,3.75,3.85,3.8,1.205,1.215,1.21,0.01007236275814103,0.0007056376016039286
pi0 p,3.75,3.85,3.8,1.215,1.225,1.22,0.010142518383775972,0.0006864843794429929
pi0 p,3.75,3.85,3.8,1.225,1.235,1.23,0.009950777849184073,0.0006517556247505429
pi0 p,3.75,3.85,3.8,1.235,1.245,1.24,0.00931558523987348,0.0006145795144360071
pi0 p,3.75,3.85,3.8,1.245,1.255,1.25,0.00821873016379483,0.0005544998353030572
pi0 p,3.75,3.85,3.8,1.255,1.265,1.26,0.00790478863741563,0.0005540398827195072
pi0 p,3.75,3.85,3.8,1.265,1.275,1.27,0.0075237539300986875,0.0005429352651388573
pi0 p,3.75,3.85,3.8,1.275,1.285,1.28,0.007071646305706687,0.0005362324732187572
pi0 p,3.75,3.85,3.8,1.285,1.295,1.29,0.006796989420674073,0.0005413465981329143
pi0 p,3.75,3.85,3.8,1.295,1.305,1.3,0.006594199365856423,0.0005444478006487643
pi0 p,3.75,3.85,3.8,1.305,1.315,1.31,0.0066990728886171,0.0005619825827070572
pi0 p,3.75,3.85,3.8,1.315,1.325,1.32,0.006514027110145851,0.0005680966007899644
pi0 p,3.75,3.85,3.8,1.325,1.335,1.33,0.006354527523271601,0.0005810473668603144
pi0 p,3.75,3.85,3.8,1.335,1.345,1.34,0.0065412460997032506,0.0006083686453612643
pi0 p,3.75,3.85,3.8,1.345,1.355,1.35,0.006724575017653186,0.0006398106720230715
pi0 p,3.75,3.85,3.8,1.355,1.365,1.36,0.006752636479507293,0.0006451887890178429
pi0 p,3.75,3.85,3.8,1.365,1.375,1.37,0.006763329330774543,0.0006497541640133428
pi0 p,3.75,3.85,3.8,1.375,1.385,1.38,0.0058328632766404,0.0005768233178774426
pi0 p,3.75,3.85,3.8,1.385,1.395,1.39,0.005961100698068702,0.000602546258920143
pi0 p,3.75,3.85,3.8,1.395,1.405,1.4,0.006176661831626157,0.0012602592617579232
pi0 p,3.75,3.85,3.8,1.405,1.415,1.41,0.00639222296518361,0.0019179722645957036
pi0 p,3.75,3.85,3.8,1.415,1.425,1.42,0.006607784098741066,0.002575685267433484
pi0 p,3.75,3.85,3.8,1.425,1.435,1.43,0.005373746824903939,0.0018948777832612724
pi0 p,3.75,3.85,3.8,1.435,1.445,1.44,0.0036362336641115834,0.00044961263990844975
pi0 p,3.75,3.85,3.8,1.445,1.455,1.45,0.00380982032883546,0.0004874510441564097
pi0 p,3.75,3.85,3.8,1.455,1.465,1.46,0.003983406993559337,0.0005252894484043698
pi0 p,3.75,3.85,3.8,1.465,1.475,1.47,0.004156993658283214,0.0005631278526523297
pi0 p,3.75,3.85,3.8,1.475,1.485,1.48,0.00433058032300709,0.0006009662569002898
pi0 p,3.75,3.85,3.8,1.485,1.495,1.49,0.004504166987730967,0.0006388046611482497
pi0 p,3.75,3.85,3.8,1.495,1.505,1.5,0.004672256470659994,0.0006757210096978016
pi0 p,3.75,3.85,3.8,1.505,1.515,1.51,0.004580146015299527,0.0006689933885227163
pi0 p,3.75,3.85,3.8,1.515,1.525,1.52,0.004488035559939058,0.0006622657673476311
pi0 p,3.75,3.85,3.8,1.525,1.535,1.53,0.004395925104578591,0.0006555381461725457
pi0 p,3.75,3.85,3.8,1.535,1.545,1.54,0.004303814649218122,0.0006488105249974605
pi0 p,3.75,3.85,3.8,1.545,1.555,1.55,0.004211704193857655,0.0006420829038223752
pi0 p,3.85,3.95,3.9,1.105,1.115,1.11,0.000690329161127843,0.0003329036376414143
pi0 p,3.85,3.95,3.9,1.115,1.125,1.12,0.0010708777090833658,0.0003364347734216356
pi0 p,3.85,3.95,3.9,1.125,1.135,1.13,0.0011824562883016145,0.0003200013458030857
pi0 p,3.85,3.95,3.9,1.135,1.145,1.14,0.0015201622095966645,0.0003264331384832357
pi0 p,3.85,3.95,3.9,1.145,1.155,1.15,0.002074234562589529,0.0003319286975208143
pi0 p,3.85,3.95,3.9,1.155,1.165,1.16,0.002879529913276879,0.00039536435303506434
pi0 p,3.85,3.95,3.9,1.165,1.175,1.17,0.004063070736369315,0.00046247195189234283
pi0 p,3.85,3.95,3.9,1.175,1.185,1.18,0.005774788787189751,0.0005372216323974929
pi0 p,3.85,3.95,3.9,1.185,1.195,1.19,0.006838513584332101,0.0005923557439266429
pi0 p,3.85,3.95,3.9,1.195,1.205,1.2,0.008382961420172523,0.0006474805712353715
pi0 p,3.85,3.95,3.9,1.205,1.215,1.21,0.009359882267694672,0.0006790990152058715
pi0 p,3.85,3.95,3.9,1.215,1.225,1.22,0.009473687253367422,0.0006625417151335214
pi0 p,3.85,3.95,3.9,1.225,1.235,1.23,0.00932559607881333,0.0006304088825296572
pi0 p,3.85,3.95,3.9,1.235,1.245,1.24,0.008767347213964079,0.0005970500336848571
pi0 p,3.85,3.95,3.9,1.245,1.255,1.25,0.007747435882346772,0.0005407876160216428
pi0 p,3.85,3.95,3.9,1.255,1.265,1.26,0.007422312159144615,0.0005385535526052429
pi0 p,3.85,3.95,3.9,1.265,1.275,1.27,0.007030095255004715,0.0005256748241917429
pi0 p,3.85,3.95,3.9,1.275,1.285,1.28,0.00660756275383928,0.0005209415184106857
pi0 p,3.85,3.95,3.9,1.285,1.295,1.29,0.00636248099203323,0.0005280251294638857
pi0 p,3.85,3.95,3.9,1.295,1.305,1.3,0.0062109682001453,0.0005335319285701429
pi0 p,3.85,3.95,3.9,1.305,1.315,1.31,0.006367118985835701,0.0005534723072188429
pi0 p,3.85,3.95,3.9,1.315,1.325,1.32,0.006177815508764951,0.0005584468673038429
pi0 p,3.85,3.95,3.9,1.325,1.335,1.33,0.006014058223291201,0.0005702581753762857
pi0 p,3.85,3.95,3.9,1.335,1.345,1.34,0.006200211856642565,0.0005982662452373787
pi0 p,3.85,3.95,3.9,1.345,1.355,1.35,0.006382975831512214,0.0006303950632593286
pi0 p,3.85,3.95,3.9,1.355,1.365,1.36,0.006413932061797464,0.0006359086372539787
pi0 p,3.85,3.95,3.9,1.365,1.375,1.37,0.006427519681495858,0.0006406094692493571
pi0 p,3.85,3.95,3.9,1.375,1.385,1.38,0.00532060304810132,0.0005512363252503582
pi0 p,3.85,3.95,3.9,1.385,1.395,1.39,0.005272389890269202,0.0005605169684299572
pi0 p,3.85,3.95,3.9,1.395,1.405,1.4,0.0054879510238266555,0.0012182299712677376
pi0 p,3.85,3.95,3.9,1.405,1.415,1.41,0.005703512157384111,0.0018759429741055178
pi0 p,3.85,3.95,3.9,1.415,1.425,1.42,0.004831874485395626,0.001529765611685803
pi0 p,3.85,3.95,3.9,1.425,1.435,1.43,0.003572136280982331,0.0004552763552331773
pi0 p,3.85,3.95,3.9,1.435,1.445,1.44,0.0037457229457062086,0.0004931147594811373
pi0 p,3.85,3.95,3.9,1.445,1.455,1.45,0.003919309610430086,0.0005309531637290974
pi0 p,3.85,3.95,3.9,1.455,1.465,1.46,0.004092896275153962,0.0005687915679770572
pi0 p,3.85,3.95,3.9,1.465,1.475,1.47,0.004266482939877839,0.0006066299722250173
pi0 p,3.85,3.95,3.9,1.475,1.485,1.48,0.004440069604601715,0.0006444683764729773
pi0 p,3.85,3.95,3.9,1.485,1.495,1.49,0.004613656269325592,0.0006823067807209373
pi0 p,3.85,3.95,3.9,1.495,1.505,1.5,0.004538648157326874,0.0006784477772742316
pi0 p,3.85,3.95,3.9,1.505,1.515,1.51,0.0044465377019664055,0.0006717201560991464
pi0 p,3.85,3.95,3.9,1.515,1.525,1.52,0.004354427246605938,0.0006649925349240611
pi0 p,3.85,3.95,3.9,1.525,1.535,1.53,0.0042623167912454706,0.0006582649137489758
pi0 p,3.85,3.95,3.9,1.535,1.545,1.54,0.004170206335885002,0.0006515372925738905
pi0 p,3.95,4.05,4.0,1.105,1.115,1.11,0.0006708827089603286,0.00032830579304784287
pi0 p,3.95,4.05,4.0,1.115,1.125,1.12,0.0009617746006700943,0.00032518207436180695
pi0 p,3.95,4.05,4.0,1.125,1.135,1.13,0.001073353179888343,0.00030874864674325717
pi0 p,3.95,4.05,4.0,1.135,1.145,1.14,0.001411059101183393,0.00031518043942340714
pi0 p,3.95,4.05,4.0,1.145,1.155,1.15,0.0018930093102769861,0.0003209880763418429
pi0 p,3.95,4.05,4.0,1.155,1.165,1.16,0.002698304660964336,0.0003844237318560929
pi0 p,3.95,4.05,4.0,1.165,1.175,1.17,0.0037557636599217436,0.0004503073495990286
pi0 p,3.95,4.05,4.0,1.175,1.185,1.18,0.005251483959516152,0.0005185185071121786
pi0 p,3.95,4.05,4.0,1.185,1.195,1.19,0.006315208756658501,0.0005736526186413286
pi0 p,3.95,4.05,4.0,1.195,1.205,1.2,0.0076704809297261645,0.0006209419848373142
pi0 p,3.95,4.05,4.0,1.205,1.215,1.21,0.008647401777248315,0.0006525604288078143
pi0 p,3.95,4.05,4.0,1.215,1.225,1.22,0.008761206762921065,0.0006360031287354643
pi0 p,3.95,4.05,4.0,1.225,1.235,1.23,0.008700414308442586,0.0006090621403087714
pi0 p,3.95,4.05,4.0,1.235,1.245,1.24,0.008142165443593337,0.0005757032914639714
pi0 p,3.95,4.05,4.0,1.245,1.255,1.25,0.007276141600898714,0.0005270753967402286
pi0 p,3.95,4.05,4.0,1.255,1.265,1.26,0.006928653484050643,0.0005212931116581286
pi0 p,3.95,4.05,4.0,1.265,1.275,1.27,0.006536436579910744,0.0005084143832446285
pi0 p,3.95,4.05,4.0,1.275,1.285,1.28,0.006173054325198436,0.0005076200497416572
pi0 p,3.95,4.05,4.0,1.285,1.295,1.29,0.005927972563392387,0.0005147036607948572
pi0 p,3.95,4.05,4.0,1.295,1.305,1.3,0.005879014297363899,0.0005250216530819286
pi0 p,3.95,4.05,4.0,1.305,1.315,1.31,0.006035165083054301,0.0005449620317306286
pi0 p,3.95,4.05,4.0,1.315,1.325,1.32,0.005845861605983551,0.0005499365918156286
pi0 p,3.95,4.05,4.0,1.325,1.335,1.33,0.005673588923310801,0.0005594689838922572
pi0 p,3.95,4.05,4.0,1.335,1.345,1.34,0.005858612670501593,0.0005888506364736357
pi0 p,3.95,4.05,4.0,1.345,1.355,1.35,0.006041376645371244,0.0006209794544955858
pi0 p,3.95,4.05,4.0,1.355,1.365,1.36,0.006072332875656492,0.0006264930284902358
pi0 p,3.95,4.05,4.0,1.365,1.375,1.37,0.006091710032217172,0.0006314647744853715
pi0 p,3.95,4.05,4.0,1.375,1.385,1.38,0.004984793398822634,0.0005420916304863725
pi0 p,3.95,4.05,4.0,1.385,1.395,1.39,0.004583679082469701,0.0005184876779397715
pi0 p,3.95,4.05,4.0,1.395,1.405,1.4,0.004799240216027155,0.0011762006807775518
pi0 p,3.95,4.05,4.0,1.405,1.415,1.41,0.004290002145887319,0.001164653440110336
pi0 p,3.95,4.05,4.0,1.415,1.425,1.42,0.00350803889785308,0.00046094007055790486
pi0 p,3.95,4.05,4.0,1.425,1.435,1.43,0.0036816255625769572,0.0004987784748058648
pi0 p,3.95,4.05,4.0,1.435,1.445,1.44,0.003855212227300833,0.0005366168790538248
pi0 p,3.95,4.05,4.0,1.445,1.455,1.45,0.00402879889202471,0.0005744552833017848
pi0 p,3.95,4.05,4.0,1.455,1.465,1.46,0.004202385556748588,0.0006122936875497449
pi0 p,3.95,4.05,4.0,1.465,1.475,1.47,0.004375972221472463,0.0006501320917977048
pi0 p,3.95,4.05,4.0,1.475,1.485,1.48,0.004549558886196341,0.0006879704960456647
pi0 p,3.95,4.05,4.0,1.485,1.495,1.49,0.004497150299354221,0.000687902166025747
pi0 p,3.95,4.05,4.0,1.495,1.505,1.5,0.004405039843993755,0.0006811745448506617
pi0 p,3.95,4.05,4.0,1.505,1.515,1.51,0.004312929388633286,0.0006744469236755763
pi0 p,3.95,4.05,4.0,1.515,1.525,1.52,0.004220818933272819,0.000667719302500491
pi0 p,3.95,4.05,4.0,1.525,1.535,1.53,0.00412870847791235,0.0006609916813254057
pi0 p,4.05,4.15,4.1,1.105,1.115,1.11,0.0006514362567928144,0.0003237079484542714
pi0 p,4.05,4.15,4.1,1.115,1.125,1.12,0.0008526714922568231,0.0003139293753019784
pi0 p,4.05,4.15,4.1,1.125,1.135,1.13,0.000964250071475072,0.00029749594768342864
pi0 p,4.05,4.15,4.1,1.135,1.145,1.14,0.001301955992770122,0.0003039277403635786
pi0 p,4.05,4.15,4.1,1.145,1.155,1.15,0.0017117840579644438,0.00031004745516287146
pi0 p,4.05,4.15,4.1,1.155,1.165,1.16,0.0025170794086517936,0.00037348311067712147
pi0 p,4.05,4.15,4.1,1.165,1.175,1.17,0.0034484565834741734,0.00043814274730571436
pi0 p,4.05,4.15,4.1,1.175,1.185,1.18,0.004728179131842553,0.0004998153818268644
pi0 p,4.05,4.15,4.1,1.185,1.195,1.19,0.005791903928984903,0.0005549494933560144
pi0 p,4.05,4.15,4.1,1.195,1.205,1.2,0.00695800043927981,0.0005944033984392572
pi0 p,4.05,4.15,4.1,1.205,1.215,1.21,0.00793492128680196,0.0006260218424097572
pi0 p,4.05,4.15,4.1,1.215,1.225,1.22,0.00804872627247471,0.0006094645423374073
pi0 p,4.05,4.15,4.1,1.225,1.235,1.23,0.008075232538071846,0.0005877153980878857
pi0 p,4.05,4.15,4.1,1.235,1.245,1.24,0.007516983673222596,0.0005543565492430858
pi0 p,4.05,4.15,4.1,1.245,1.255,1.25,0.00680484731945066,0.0005133631774588143
pi0 p,4.05,4.15,4.1,1.255,1.265,1.26,0.006434994808956674,0.0005040326707110144
pi0 p,4.05,4.15,4.1,1.265,1.275,1.27,0.006042777904816774,0.0004911539422975144
pi0 p,4.05,4.15,4.1,1.275,1.285,1.28,0.005738545896557595,0.0004942985810726286
pi0 p,4.05,4.15,4.1,1.285,1.295,1.29,0.005493464134751545,0.0005013821921258287
pi0 p,4.05,4.15,4.1,1.295,1.305,1.3,0.005547060394582502,0.0005165113775937144
pi0 p,4.05,4.15,4.1,1.305,1.315,1.31,0.005703211180272902,0.0005364517562424144
pi0 p,4.05,4.15,4.1,1.315,1.325,1.32,0.005513907703202151,0.0005414263163274144
pi0 p,4.05,4.15,4.1,1.325,1.335,1.33,0.005333119623330402,0.0005486797924082287
pi0 p,4.05,4.15,4.1,1.335,1.345,1.34,0.005517013484360623,0.0005794350277098929
pi0 p,4.05,4.15,4.1,1.345,1.355,1.35,0.005699777459230273,0.0006115638457318429
pi0 p,4.05,4.15,4.1,1.355,1.365,1.36,0.005730733689515523,0.000617077419726493
pi0 p,4.05,4.15,4.1,1.365,1.375,1.37,0.005755900382938488,0.0006223200797213858
pi0 p,4.05,4.15,4.1,1.375,1.385,1.38,0.004648983749543949,0.0005329469357223868
pi0 p,4.05,4.15,4.1,1.385,1.395,1.39,0.0038949682746702036,0.0004764583874495859
pi0 p,4.05,4.15,4.1,1.395,1.405,1.4,0.003748129806379028,0.0007995412685348827
pi0 p,4.05,4.15,4.1,1.405,1.415,1.41,0.003443941514723828,0.00046660378588263225
pi0 p,4.05,4.15,4.1,1.415,1.425,1.42,0.003617528179447705,0.0005044421901305922
pi0 p,4.05,4.15,4.1,1.425,1.435,1.43,0.0037911148441715815,0.0005422805943785523
pi0 p,4.05,4.15,4.1,1.435,1.445,1.44,0.003964701508895458,0.0005801189986265122
pi0 p,4.05,4.15,4.1,1.445,1.455,1.45,0.004138288173619335,0.0006179574028744722
pi0 p,4.05,4.15,4.1,1.455,1.465,1.46,0.004311874838343212,0.0006557958071224322
pi0 p,4.05,4.15,4.1,1.465,1.475,1.47,0.0044854615030670885,0.0006936342113703922
pi0 p,4.05,4.15,4.1,1.475,1.485,1.48,0.004455652441381569,0.0006973565547772622
pi0 p,4.05,4.15,4.1,1.485,1.495,1.49,0.004363541986021102,0.0006906289336021769
pi0 p,4.05,4.15,4.1,1.495,1.505,1.5,0.004271431530660634,0.0006839013124270916
pi0 p,4.05,4.15,4.1,1.505,1.515,1.51,0.004179321075300167,0.0006771736912520063
pi0 p,4.05,4.15,4.1,1.515,1.525,1.52,0.0040872106199396985,0.0006704460700769209
pi0 p,4.05,4.15,4.1,1.525,1.535,1.53,0.003995100164579231,0.0006637184489018357
pi0 p,4.15,4.25,4.2,1.105,1.115,1.11,0.0006319898046253,0.0003191101038607
pi0 p,4.15,4.25,4.2,1.115,1.125,1.12,0.0007435683838435512,0.00030267667624214983
pi0 p,4.15,4.25,4.2,1.125,1.135,1.13,0.0008551469630618,0.0002862432486236
pi0 p,4.15,4.25,4.2,1.135,1.145,1.14,0.00119285288435685,0.00029267504130374997
pi0 p,4.15,4.25,4.2,1.145,1.155,1.15,0.0015305588056519,0.0002991068339839
pi0 p,4.15,4.25,4.2,1.155,1.165,1.16,0.00233585415633925,0.00036254248949815
pi0 p,4.15,4.25,4.2,1.165,1.175,1.17,0.0031411495070266,0.0004259781450124
pi0 p,4.15,4.25,4.2,1.175,1.185,1.18,0.00420487430416895,0.00048111225654155
pi0 p,4.15,4.25,4.2,1.185,1.195,1.19,0.0052685991013113,0.0005362463680707
pi0 p,4.15,4.25,4.2,1.195,1.205,1.2,0.00624551994883345,0.0005678648120412
pi0 p,4.15,4.25,4.2,1.205,1.215,1.21,0.0072224407963556,0.0005994832560117
pi0 p,4.15,4.25,4.2,1.215,1.225,1.22,0.00733624578202835,0.00058292595593935
pi0 p,4.15,4.25,4.2,1.225,1.235,1.23,0.0074500507677010995,0.000566368655867
pi0 p,4.15,4.25,4.2,1.235,1.245,1.24,0.00689180190285185,0.0005330098070222
pi0 p,4.15,4.25,4.2,1.245,1.255,1.25,0.0063335530380026,0.0004996509581774
pi0 p,4.15,4.25,4.2,1.255,1.265,1.26,0.0059413361338627,0.00048677222976389997
pi0 p,4.15,4.25,4.2,1.265,1.275,1.27,0.0055491192297228,0.00047389350135039997
pi0 p,4.15,4.25,4.2,1.275,1.285,1.28,0.00530403746791675,0.0004809771124036
pi0 p,4.15,4.25,4.2,1.285,1.295,1.29,0.0050589557061107,0.0004880607234568
pi0 p,4.15,4.25,4.2,1.295,1.305,1.3,0.0052151064918011004,0.0005080011021055
pi0 p,4.15,4.25,4.2,1.305,1.315,1.31,0.0053712572774915,0.0005279414807542
pi0 p,4.15,4.25,4.2,1.315,1.325,1.32,0.00518195380042075,0.0005329160408392
pi0 p,4.15,4.25,4.2,1.325,1.335,1.33,0.00499265032335,0.0005378906009242
pi0 p,4.15,4.25,4.2,1.335,1.345,1.34,0.00517541429821965,0.0005700194189461501
pi0 p,4.15,4.25,4.2,1.345,1.355,1.35,0.0053581782730893,0.0006021482369681
pi0 p,4.15,4.25,4.2,1.355,1.365,1.36,0.005389134503374551,0.0006076618109627501
pi0 p,4.15,4.25,4.2,1.365,1.375,1.37,0.0054200907336598,0.0006131753849574
pi0 p,4.15,4.25,4.2,1.375,1.385,1.38,0.004313174100265263,0.000523802240958401
pi0 p,4.15,4.25,4.2,1.385,1.395,1.39,0.0032062574668707,0.0004344290969594
pi0 p,4.15,4.25,4.2,1.395,1.405,1.4,0.003379844131594577,0.00047226750120735997
pi0 p,4.15,4.25,4.2,1.405,1.415,1.41,0.0035534307963184537,0.0005101059054553199
pi0 p,4.15,4.25,4.2,1.415,1.425,1.42,0.00372701746104233,0.00054794430970328
pi0 p,4.15,4.25,4.2,1.425,1.435,1.43,0.003900604125766207,0.00058578271395124
pi0 p,4.15,4.25,4.2,1.435,1.445,1.44,0.004074190790490084,0.0006236211181992
pi0 p,4.15,4.25,4.2,1.445,1.455,1.45,0.004247777455213961,0.0006614595224471598
pi0 p,4.15,4.25,4.2,1.455,1.465,1.46,0.004421364119937838,0.0006992979266951199
pi0 p,4.15,4.25,4.2,1.465,1.475,1.47,0.0044141545834089175,0.0007068109435287777
pi0 p,4.15,4.25,4.2,1.475,1.485,1.48,0.004322044128048449,0.0007000833223536921
pi0 p,4.15,4.25,4.2,1.485,1.495,1.49,0.004229933672687981,0.0006933557011786069
pi0 p,4.15,4.25,4.2,1.495,1.505,1.5,0.004137823217327513,0.0006866280800035217
pi0 p,4.15,4.25,4.2,1.505,1.515,1.51,0.004045712761967046,0.0006799004588284364
pi0 p,4.15,4.25,4.2,1.515,1.525,1.52,0.003953602306606578,0.0006731728376533511
pi0 p,4.25,4.35,4.3,1.105,1.115,1.11,0.0005729715417576251,0.000320015718533575
pi0 p,4.25,4.35,4.3,1.115,1.125,1.12,0.0006853070325122264,0.0003201973334427998
pi0 p,4.25,4.35,4.3,1.125,1.135,1.13,0.0007968856117304752,0.00030376390582424994
pi0 p,4.25,4.35,4.3,1.135,1.145,1.14,0.0011345915330255253,0.0003101956985043999
pi0 p,4.25,4.35,4.3,1.145,1.155,1.15,0.0014426689798927503,0.00030856248681696247
pi0 p,4.25,4.35,4.3,1.155,1.165,1.16,0.0022479643305801005,0.0003719981423312125
pi0 p,4.25,4.35,4.3,1.165,1.175,1.17,0.0029172399614177634,0.00042505709449425005
pi0 p,4.25,4.35,4.3,1.175,1.185,1.18,0.0039203680753191385,0.000478486900651575
pi0 p,4.25,4.35,4.3,1.185,1.195,1.19,0.004984092872461488,0.000533621012180725
pi0 p,4.25,4.35,4.3,1.195,1.205,1.2,0.005875103029126751,0.00056476928216155
pi0 p,4.25,4.35,4.3,1.205,1.215,1.21,0.006852023876648901,0.00059638772613205
pi0 p,4.25,4.35,4.3,1.215,1.225,1.22,0.006965828862321651,0.0005798304260597
pi0 p,4.25,4.35,4.3,1.225,1.235,1.23,0.007092763370112675,0.0005668042615478875
pi0 p,4.25,4.35,4.3,1.235,1.245,1.24,0.006534514505263426,0.0005334454127030874
pi0 p,4.25,4.35,4.3,1.245,1.255,1.25,0.0060561326795578125,0.0005035123706991625
pi0 p,4.25,4.35,4.3,1.255,1.265,1.26,0.0057541111143492,0.0004945333591444875
pi0 p,4.25,4.35,4.3,1.265,1.275,1.27,0.0053618942102093,0.0004816546307309875
pi0 p,4.25,4.35,4.3,1.275,1.285,1.28,0.00511681244840325,0.0004887382417841876
pi0 p,4.25,4.35,4.3,1.285,1.295,1.29,0.004915635495501213,0.000499768117525075
pi0 p,4.25,4.35,4.3,1.295,1.305,1.3,0.005021483707880189,0.0005205697813449376
pi0 p,4.25,4.35,4.3,1.305,1.315,1.31,0.0051776344935705884,0.0005405101599936375
pi0 p,4.25,4.35,4.3,1.315,1.325,1.32,0.004988331016499838,0.0005454847200786375
pi0 p,4.25,4.35,4.3,1.325,1.335,1.33,0.0048332758877911875,0.0005450244486848125
pi0 p,4.25,4.35,4.3,1.335,1.345,1.34,0.004979405176061701,0.000575983876586875
pi0 p,4.25,4.35,4.3,1.345,1.355,1.35,0.005162169150931351,0.000608112694608825
pi0 p,4.25,4.35,4.3,1.355,1.365,1.36,0.005193125381216601,0.000613626268603475
pi0 p,4.25,4.35,4.3,1.365,1.375,1.37,0.005219065625811788,0.000619500674483025
pi0 p,4.25,4.35,4.3,1.375,1.385,1.38,0.004422663381859887,0.0005673043605310884
pi0 p,4.25,4.35,4.3,1.385,1.395,1.39,0.003315746748465325,0.00047793121653208736
pi0 p,4.25,4.35,4.3,1.395,1.405,1.4,0.003489333413189202,0.0005157696207800473
pi0 p,4.25,4.35,4.3,1.405,1.415,1.41,0.0036629200779130784,0.0005536080250280074
pi0 p,4.25,4.35,4.3,1.415,1.425,1.42,0.003836506742636955,0.0005914464292759672
pi0 p,4.25,4.35,4.3,1.425,1.435,1.43,0.004010093407360832,0.0006292848335239273
pi0 p,4.25,4.35,4.3,1.435,1.445,1.44,0.004183680072084708,0.0006671232377718873
pi0 p,4.25,4.35,4.3,1.445,1.455,1.45,0.004357266736808585,0.0007049616420198473
pi0 p,4.25,4.35,4.3,1.455,1.465,1.46,0.004372656725436266,0.0007162653322802929
pi0 p,4.25,4.35,4.3,1.465,1.475,1.47,0.004280546270075797,0.0007095377111052076
pi0 p,4.25,4.35,4.3,1.475,1.485,1.48,0.00418843581471533,0.0007028100899301222
pi0 p,4.25,4.35,4.3,1.485,1.495,1.49,0.0040963253593548615,0.000696082468755037
pi0 p,4.25,4.35,4.3,1.495,1.505,1.5,0.004004214903994394,0.0006893548475799516
pi0 p,4.25,4.35,4.3,1.505,1.515,1.51,0.0039121044486339265,0.0006826272264048663
pi0 p,4.35,4.45,4.4,1.105,1.115,1.11,0.0005139532788899498,0.00032092133320645
pi0 p,4.35,4.45,4.4,1.115,1.125,1.12,0.0006270456811809011,0.00033771799064344983
pi0 p,4.35,4.45,4.4,1.125,1.135,1.13,0.00073862426039915,0.00032128456302490005
pi0 p,4.35,4.45,4.4,1.135,1.145,1.14,0.0010763301816941997,0.00032771635570505
pi0 p,4.35,4.45,4.4,1.145,1.155,1.15,0.0013547791541335997,0.00031801813965002504
pi0 p,4.35,4.45,4.4,1.155,1.165,1.16,0.00216007450482095,0.00038145379516427505
pi0 p,4.35,4.45,4.4,1.165,1.175,1.17,0.0026933304158089245,0.00042413604397610003
pi0 p,4.35,4.45,4.4,1.175,1.185,1.18,0.003635861846469324,0.00047586154476160004
pi0 p,4.35,4.45,4.4,1.185,1.195,1.19,0.004699586643611675,0.0005309956562907501
pi0 p,4.35,4.45,4.4,1.195,1.205,1.2,0.005504686109420049,0.0005616737522819
pi0 p,4.35,4.45,4.4,1.205,1.215,1.21,0.006481606956942199,0.0005932921962524
pi0 p,4.35,4.45,4.4,1.215,1.225,1.22,0.006595411942614949,0.00057673489618005
pi0 p,4.35,4.45,4.4,1.225,1.235,1.23,0.006735475972524248,0.000567239867228775
pi0 p,4.35,4.45,4.4,1.235,1.245,1.24,0.006177227107674999,0.0005338810183839749
pi0 p,4.35,4.45,4.4,1.245,1.255,1.25,0.005778712321113024,0.000507373783220925
pi0 p,4.35,4.45,4.4,1.255,1.265,1.26,0.0055668860948357,0.000502294488525075
pi0 p,4.35,4.45,4.4,1.265,1.275,1.27,0.005174669190695799,0.000489415760111575
pi0 p,4.35,4.45,4.4,1.275,1.285,1.28,0.004929587428889749,0.000496499371164775
pi0 p,4.35,4.45,4.4,1.285,1.295,1.29,0.004772315284891724,0.0005114755115933501
pi0 p,4.35,4.45,4.4,1.295,1.305,1.3,0.004827860923959274,0.0005331384605843751
pi0 p,4.35,4.45,4.4,1.305,1.315,1.31,0.004984011709649675,0.0005530788392330751
pi0 p,4.35,4.45,4.4,1.315,1.325,1.32,0.004794708232578924,0.000558053399318075
pi0 p,4.35,4.45,4.4,1.325,1.335,1.33,0.004673901452232374,0.000552158296445425
pi0 p,4.35,4.45,4.4,1.335,1.345,1.34,0.00478339605390375,0.0005819483342276
pi0 p,4.35,4.45,4.4,1.345,1.355,1.35,0.004966160028773399,0.0006140771522495501
pi0 p,4.35,4.45,4.4,1.355,1.365,1.36,0.004997116259058651,0.0006195907262442001
pi0 p,4.35,4.45,4.4,1.365,1.375,1.37,0.005018040517963774,0.00062582596400865
pi0 p,4.35,4.45,4.4,1.375,1.385,1.38,0.004532152663454513,0.000610806480103776
pi0 p,4.35,4.45,4.4,1.385,1.395,1.39,0.003425236030059951,0.000521433336104775
pi0 p,4.35,4.45,4.4,1.395,1.405,1.4,0.003598822694783827,0.0005592717403527351
pi0 p,4.35,4.45,4.4,1.405,1.415,1.41,0.003772409359507704,0.0005971101446006951
pi0 p,4.35,4.45,4.4,1.415,1.425,1.42,0.0039459960242315805,0.0006349485488486551
pi0 p,4.35,4.45,4.4,1.425,1.435,1.43,0.004119582688955457,0.0006727869530966152
pi0 p,4.35,4.45,4.4,1.435,1.445,1.44,0.004293169353679334,0.000710625357344575
pi0 p,4.35,4.45,4.4,1.445,1.455,1.45,0.004331158867463612,0.0007257197210318081
pi0 p,4.35,4.45,4.4,1.455,1.465,1.46,0.0042390484121031455,0.0007189920998567229
pi0 p,4.35,4.45,4.4,1.465,1.475,1.47,0.004146937956742677,0.0007122644786816376
pi0 p,4.35,4.45,4.4,1.475,1.485,1.48,0.004054827501382209,0.0007055368575065522
pi0 p,4.35,4.45,4.4,1.485,1.495,1.49,0.003962717046021741,0.0006988092363314669
pi0 p,4.35,4.45,4.4,1.495,1.505,1.5,0.0038706065906612733,0.0006920816151563817
pi0 p,4.45,4.55,4.5,1.105,1.115,1.11,0.000454935016022275,0.00032182694787932504
pi0 p,4.45,4.55,4.5,1.115,1.125,1.12,0.0005687843298495764,0.0003552386478440998
pi0 p,4.45,4.55,4.5,1.125,1.135,1.13,0.0006803629090678251,0.00033880522022555
pi0 p,4.45,4.55,4.5,1.135,1.145,1.14,0.001018068830362875,0.0003452370129056999
pi0 p,4.45,4.55,4.5,1.145,1.155,1.15,0.00126688932837445,0.0003274737924830875
pi0 p,4.45,4.55,4.5,1.155,1.165,1.16,0.0020721846790618,0.0003909094479973375
pi0 p,4.45,4.55,4.5,1.165,1.175,1.17,0.0024694208702000877,0.00042321499345795
pi0 p,4.45,4.55,4.5,1.175,1.185,1.18,0.003351355617619513,0.000473236188871625
pi0 p,4.45,4.55,4.5,1.185,1.195,1.19,0.004415080414761863,0.000528370300400775
pi0 p,4.45,4.55,4.5,1.195,1.205,1.2,0.00513426918971335,0.0005585782224022499
pi0 p,4.45,4.55,4.5,1.205,1.215,1.21,0.0061111900372355,0.00059019666637275
pi0 p,4.45,4.55,4.5,1.215,1.225,1.22,0.00622499502290825,0.0005736393663003999
pi0 p,4.45,4.55,4.5,1.225,1.235,1.23,0.006378188574935825,0.0005676754729096625
pi0 p,4.45,4.55,4.5,1.235,1.245,1.24,0.005819939710086575,0.0005343166240648625
pi0 p,4.45,4.55,4.5,1.245,1.255,1.25,0.005501291962668238,0.0005112351957426875
pi0 p,4.45,4.55,4.5,1.255,1.265,1.26,0.0053796610753222,0.0005100556179056624
pi0 p,4.45,4.55,4.5,1.265,1.275,1.27,0.0049874441711823,0.0004971768894921624
pi0 p,4.45,4.55,4.5,1.275,1.285,1.28,0.00474236240937625,0.0005042605005453624
pi0 p,4.45,4.55,4.5,1.285,1.295,1.29,0.004628995074282238,0.000523182905661625
pi0 p,4.45,4.55,4.5,1.295,1.305,1.3,0.004634238140038363,0.0005457071398238126
pi0 p,4.45,4.55,4.5,1.305,1.315,1.31,0.004790388925728763,0.0005656475184725126
pi0 p,4.45,4.55,4.5,1.315,1.325,1.32,0.004601085448658012,0.0005706220785575125
pi0 p,4.45,4.55,4.5,1.325,1.335,1.33,0.004514527016673563,0.0005592921442060375
pi0 p,4.45,4.55,4.5,1.335,1.345,1.34,0.0045873869317458,0.000587912791868325
pi0 p,4.45,4.55,4.5,1.345,1.355,1.35,0.00477015090661545,0.0006200416098902751
pi0 p,4.45,4.55,4.5,1.355,1.365,1.36,0.0048011071369007,0.000625555183884925
pi0 p,4.45,4.55,4.5,1.365,1.375,1.37,0.004817015410115763,0.000632151253534275
pi0 p,4.45,4.55,4.5,1.375,1.385,1.38,0.004641641945049137,0.0006543085996764636
pi0 p,4.45,4.55,4.5,1.385,1.395,1.39,0.0035347253116545753,0.0005649354556774625
pi0 p,4.45,4.55,4.5,1.395,1.405,1.4,0.0037083119763784518,0.0006027738599254225
pi0 p,4.45,4.55,4.5,1.405,1.415,1.41,0.0038818986411023283,0.0006406122641733824
pi0 p,4.45,4.55,4.5,1.415,1.425,1.42,0.004055485305826205,0.0006784506684213424
pi0 p,4.45,4.55,4.5,1.425,1.435,1.43,0.004229071970550082,0.0007162890726693025
pi0 p,4.45,4.55,4.5,1.435,1.445,1.44,0.004289661009490961,0.0007351741097833235
pi0 p,4.45,4.55,4.5,1.445,1.455,1.45,0.004197550554130493,0.0007284464886082382
pi0 p,4.45,4.55,4.5,1.455,1.465,1.46,0.004105440098770025,0.0007217188674331529
pi0 p,4.45,4.55,4.5,1.465,1.475,1.47,0.004013329643409558,0.0007149912462580676
pi0 p,4.45,4.55,4.5,1.475,1.485,1.48,0.003921219188049089,0.0007082636250829822
pi0 p,4.45,4.55,4.5,1.485,1.495,1.49,0.003829108732688621,0.0007015360039078969
pi0 p,4.45,4.55,4.5,1.495,1.505,1.5,0.0037369982773281536,0.0006948083827328116
pi0 p,4.55,4.65,4.6,1.105,1.115,1.11,0.0003959167531546002,0.00032273256255219997
pi0 p,4.55,4.65,4.6,1.115,1.125,1.12,0.0005105229785182517,0.0003727593050447506
pi0 p,4.55,4.65,4.6,1.125,1.135,1.13,0.0006221015577365003,0.00035632587742619995
pi0 p,4.55,4.65,4.6,1.135,1.145,1.14,0.0009598074790315503,0.0003627576701063499
pi0 p,4.55,4.65,4.6,1.145,1.155,1.15,0.0011789995026153005,0.00033692944531615
pi0 p,4.55,4.65,4.6,1.155,1.165,1.16,0.0019842948533026505,0.0004003651008304
pi0 p,4.55,4.65,4.6,1.165,1.175,1.17,0.002245511324591251,0.00042229394293980004
pi0 p,4.55,4.65,4.6,1.175,1.185,1.18,0.0030668493887697013,0.00047061083298165
pi0 p,4.55,4.65,4.6,1.185,1.195,1.19,0.004130574185912051,0.0005257449445108
pi0 p,4.55,4.65,4.6,1.195,1.205,1.2,0.0047638522700066506,0.0005554826925226
pi0 p,4.55,4.65,4.6,1.205,1.215,1.21,0.005740773117528802,0.0005871011364931001
pi0 p,4.55,4.65,4.6,1.215,1.225,1.22,0.0058545781032015515,0.00057054383642075
pi0 p,4.55,4.65,4.6,1.225,1.235,1.23,0.006020901177347401,0.0005681110785905499
pi0 p,4.55,4.65,4.6,1.235,1.245,1.24,0.005462652312498152,0.00053475222974575
pi0 p,4.55,4.65,4.6,1.245,1.255,1.25,0.005223871604223451,0.0005150966082644499
pi0 p,4.55,4.65,4.6,1.255,1.265,1.26,0.0051924360558087005,0.0005178167472862499
pi0 p,4.55,4.65,4.6,1.265,1.275,1.27,0.0048002191516688004,0.00050493801887275
pi0 p,4.55,4.65,4.6,1.275,1.285,1.28,0.0045551373898627505,0.00051202162992595
pi0 p,4.55,4.65,4.6,1.285,1.295,1.29,0.00448567486367275,0.0005348902997299
pi0 p,4.55,4.65,4.6,1.295,1.305,1.3,0.00444061535611745,0.0005582758190632501
pi0 p,4.55,4.65,4.6,1.305,1.315,1.31,0.004596766141807851,0.00057821619771195
pi0 p,4.55,4.65,4.6,1.315,1.325,1.32,0.004407462664737101,0.00058319075779695
pi0 p,4.55,4.65,4.6,1.325,1.335,1.33,0.00435515258111475,0.0005664259919666501
pi0 p,4.55,4.65,4.6,1.335,1.345,1.34,0.004391377809587851,0.0005938772495090501
pi0 p,4.55,4.65,4.6,1.345,1.355,1.35,0.004574141784457501,0.000626006067531
pi0 p,4.55,4.65,4.6,1.355,1.365,1.36,0.004605098014742751,0.00063151964152565
pi0 p,4.55,4.65,4.6,1.365,1.375,1.37,0.004615990302267751,0.0006384765430599
pi0 p,4.55,4.65,4.6,1.375,1.385,1.38,0.004751131226643749,0.0006978107192491494
pi0 p,4.55,4.65,4.6,1.385,1.395,1.39,0.0036442145932491996,0.0006084375752501498
pi0 p,4.55,4.65,4.6,1.395,1.405,1.4,0.003817801257973076,0.0006462759794981098
pi0 p,4.55,4.65,4.6,1.405,1.415,1.41,0.0039913879226969535,0.0006841143837460698
pi0 p,4.55,4.65,4.6,1.415,1.425,1.42,0.00416497458742083,0.0007219527879940298
pi0 p,4.55,4.65,4.6,1.425,1.435,1.43,0.004248163151518309,0.0007446284985348388
pi0 p,4.55,4.65,4.6,1.435,1.445,1.44,0.004156052696157841,0.0007379008773597534
pi0 p,4.55,4.65,4.6,1.445,1.455,1.45,0.0040639422407973734,0.0007311732561846682
pi0 p,4.55,4.65,4.6,1.455,1.465,1.46,0.003971831785436906,0.0007244456350095829
pi0 p,4.55,4.65,4.6,1.465,1.475,1.47,0.003879721330076438,0.0007177180138344976
pi0 p,4.55,4.65,4.6,1.475,1.485,1.48,0.00378761087471597,0.0007109903926594121
pi0 p,4.55,4.65,4.6,1.485,1.495,1.49,0.0036955004193555017,0.0007042627714843269
pi0 p,4.65,4.75,4.7,1.105,1.115,1.11,0.0003368984902869248,0.00032363817722507485
pi0 p,4.65,4.75,4.7,1.115,1.125,1.12,0.00045150471565057627,0.0003736649197176255
pi0 p,4.65,4.75,4.7,1.125,1.135,1.13,0.000563840206405175,0.00037384653462685
pi0 p,4.65,4.75,4.7,1.135,1.145,1.14,0.0008719176532723999,0.00037221332293941255
pi0 p,4.65,4.75,4.7,1.145,1.155,1.15,0.00109110967685615,0.00034638509814921255
pi0 p,4.65,4.75,4.7,1.155,1.165,1.16,0.0017603853076938122,0.00039944405031225
pi0 p,4.65,4.75,4.7,1.165,1.175,1.17,0.0020216017789824125,0.00042137289242165
pi0 p,4.65,4.75,4.7,1.175,1.185,1.18,0.0028429398431608624,0.00046968978246350005
pi0 p,4.65,4.75,4.7,1.185,1.195,1.19,0.003846067957062237,0.000523119588620825
pi0 p,4.65,4.75,4.7,1.195,1.205,1.2,0.004479346041156837,0.000552857336632625
pi0 p,4.65,4.75,4.7,1.205,1.215,1.21,0.0053703561978221,0.00058400560661345
pi0 p,4.65,4.75,4.7,1.215,1.225,1.22,0.0054972907056131245,0.0005709794421016375
pi0 p,4.65,4.75,4.7,1.225,1.235,1.23,0.005663613779758974,0.0005685466842714375
pi0 p,4.65,4.75,4.7,1.235,1.245,1.24,0.005185231954053362,0.0005386136422675125
pi0 p,4.65,4.75,4.7,1.245,1.255,1.25,0.004946451245778662,0.0005189580207862125
pi0 p,4.65,4.75,4.7,1.255,1.265,1.26,0.004915015697363912,0.0005216781598080124
pi0 p,4.65,4.75,4.7,1.265,1.275,1.27,0.004612994132155299,0.0005126991482533375
pi0 p,4.65,4.75,4.7,1.275,1.285,1.28,0.004411817179253263,0.0005237290239942251
pi0 p,4.65,4.75,4.7,1.285,1.295,1.29,0.004342354653063263,0.0005465976937981751
pi0 p,4.65,4.75,4.7,1.295,1.305,1.3,0.004297295145507962,0.000569983213131525
pi0 p,4.65,4.75,4.7,1.305,1.315,1.31,0.004403143357886937,0.0005907848769513876
pi0 p,4.65,4.75,4.7,1.315,1.325,1.32,0.004248088229178288,0.0005903246055575626
pi0 p,4.65,4.75,4.7,1.325,1.335,1.33,0.004195778145555938,0.0005735598397272625
pi0 p,4.65,4.75,4.7,1.335,1.345,1.34,0.004232003374029037,0.0006010110972696625
pi0 p,4.65,4.75,4.7,1.345,1.355,1.35,0.00437813266229955,0.000631970525171725
pi0 p,4.65,4.75,4.7,1.355,1.365,1.36,0.004404072906894737,0.0006378449310512751
pi0 p,4.65,4.75,4.7,1.365,1.375,1.37,0.004414965194419737,0.000644801832585525
pi0 p,4.65,4.75,4.7,1.375,1.385,1.38,0.004550106118795736,0.0007041360087747744
pi0 p,4.65,4.75,4.7,1.385,1.395,1.39,0.0037537038748438256,0.0006519396948228375
pi0 p,4.65,4.75,4.7,1.395,1.405,1.4,0.003927290539567702,0.0006897780990707975
pi0 p,4.65,4.75,4.7,1.405,1.415,1.41,0.004100877204291579,0.0007276165033187576
pi0 p,4.65,4.75,4.7,1.415,1.425,1.42,0.004206665293545657,0.0007540828872863542
pi0 p,4.65,4.75,4.7,1.425,1.435,1.43,0.004114554838185188,0.0007473552661112688
pi0 p,4.65,4.75,4.7,1.435,1.445,1.44,0.004022444382824721,0.0007406276449361834
pi0 p,4.65,4.75,4.7,1.445,1.455,1.45,0.003930333927464252,0.0007339000237610982
pi0 p,4.65,4.75,4.7,1.455,1.465,1.46,0.003838223472103785,0.0007271724025860128
pi0 p,4.65,4.75,4.7,1.465,1.475,1.47,0.003746113016743317,0.0007204447814109275
pi0 p,4.65,4.75,4.7,1.475,1.485,1.48,0.003654002561382849,0.0007137171602358422
pi0 p,4.75,4.85,4.8,1.105,1.115,1.11,0.00027788022741925,0.00032454379189795005
pi0 p,4.75,4.85,4.8,1.115,1.125,1.12,0.00039248645278290145,0.00037457053439050056
pi0 p,4.75,4.85,4.8,1.125,1.135,1.13,0.0005055788550738502,0.00039136719182749995
pi0 p,4.75,4.85,4.8,1.135,1.145,1.14,0.0007840278275132502,0.00038166897577247497
pi0 p,4.75,4.85,4.8,1.145,1.155,1.15,0.0010032198510970002,0.000355840750982275
pi0 p,4.75,4.85,4.8,1.155,1.165,1.16,0.0015364757620849755,0.0003985229997941
pi0 p,4.75,4.85,4.8,1.165,1.175,1.17,0.0017976922333735757,0.00042045184190350006
pi0 p,4.75,4.85,4.8,1.175,1.185,1.18,0.002619030297552025,0.00046876873194535003
pi0 p,4.75,4.85,4.8,1.185,1.195,1.19,0.0035615617282124257,0.00052049423273085
pi0 p,4.75,4.85,4.8,1.195,1.205,1.2,0.004194839812307026,0.00055023198074265
pi0 p,4.75,4.85,4.8,1.205,1.215,1.21,0.004999939278115401,0.0005809100767338
pi0 p,4.75,4.85,4.8,1.215,1.225,1.22,0.005140003308024701,0.000571415047782525
pi0 p,4.75,4.85,4.8,1.225,1.235,1.23,0.005306326382170551,0.0005689822899523251
pi0 p,4.75,4.85,4.8,1.235,1.245,1.24,0.004907811595608575,0.0005424750547892748
pi0 p,4.75,4.85,4.8,1.245,1.255,1.25,0.004669030887333876,0.000522819433307975
pi0 p,4.75,4.85,4.8,1.255,1.265,1.26,0.004637595338919126,0.0005255395723297749
pi0 p,4.75,4.85,4.8,1.265,1.275,1.27,0.004425769112641801,0.0005204602776339249
pi0 p,4.75,4.85,4.8,1.275,1.285,1.28,0.0042684969686437755,0.0005354364180625
pi0 p,4.75,4.85,4.8,1.285,1.295,1.29,0.004199034442453776,0.00055830508786645
pi0 p,4.75,4.85,4.8,1.295,1.305,1.3,0.004153974934898475,0.0005816906071998
pi0 p,4.75,4.85,4.8,1.305,1.315,1.31,0.004209520573966025,0.000603353556190825
pi0 p,4.75,4.85,4.8,1.315,1.325,1.32,0.004088713793619476,0.000597458453318175
pi0 p,4.75,4.85,4.8,1.325,1.335,1.33,0.004036403709997125,0.000580693687487875
pi0 p,4.75,4.85,4.8,1.335,1.345,1.34,0.004072628938470225,0.000608144945030275
pi0 p,4.75,4.85,4.8,1.345,1.355,1.35,0.0041821235401416,0.0006379349828124501
pi0 p,4.75,4.85,4.8,1.355,1.365,1.36,0.004203047799046726,0.0006441702205769001
pi0 p,4.75,4.85,4.8,1.365,1.375,1.37,0.004213940086571726,0.00065112712211115
pi0 p,4.75,4.85,4.8,1.375,1.385,1.38,0.004349081010947724,0.0007104612983003994
pi0 p,4.75,4.85,4.8,1.385,1.395,1.39,0.00386319315643845,0.000695441814395525
pi0 p,4.75,4.85,4.8,1.395,1.405,1.4,0.004036779821162326,0.0007332802186434848
pi0 p,4.75,4.85,4.8,1.405,1.415,1.41,0.004165167435573006,0.0007635372760378694
pi0 p,4.75,4.85,4.8,1.415,1.425,1.42,0.004073056980212537,0.0007568096548627841
pi0 p,4.75,4.85,4.8,1.425,1.435,1.43,0.003980946524852069,0.0007500820336876988
pi0 p,4.75,4.85,4.8,1.435,1.445,1.44,0.003888836069491601,0.0007433544125126135
pi0 p,4.75,4.85,4.8,1.445,1.455,1.45,0.003796725614131133,0.0007366267913375282
pi0 p,4.75,4.85,4.8,1.455,1.465,1.46,0.0037046151587706655,0.0007298991701624428
pi0 p,4.75,4.85,4.8,1.465,1.475,1.47,0.0036125047034101976,0.0007231715489873575
pi0 p,4.85,4.95,4.9,1.105,1.115,1.11,0.0002188619645515746,0.00032544940657082487
pi0 p,4.85,4.95,4.9,1.115,1.125,1.12,0.00033346818991522614,0.00037547614906337554
pi0 p,4.85,4.95,4.9,1.125,1.135,1.13,0.0004473175037425248,0.00040888784902815006
pi0 p,4.85,4.95,4.9,1.135,1.145,1.14,0.0006961380017540997,0.00039112462860553754
pi0 p,4.85,4.95,4.9,1.145,1.155,1.15,0.0009153300253378497,0.0003652964038153376
pi0 p,4.85,4.95,4.9,1.155,1.165,1.16,0.0013125662164761367,0.00039760194927595003
pi0 p,4.85,4.95,4.9,1.165,1.175,1.17,0.001573782687764737,0.00041953079138535004
pi0 p,4.85,4.95,4.9,1.175,1.185,1.18,0.0023951207519431867,0.0004678476814272
pi0 p,4.85,4.95,4.9,1.185,1.195,1.19,0.0032770554993626112,0.000517868876840875
pi0 p,4.85,4.95,4.9,1.195,1.205,1.2,0.003910333583457212,0.000547606624852675
pi0 p,4.85,4.95,4.9,1.205,1.215,1.21,0.004629522358408699,0.00057781454685415
pi0 p,4.85,4.95,4.9,1.215,1.225,1.22,0.004782715910436273,0.0005718506534634126
pi0 p,4.85,4.95,4.9,1.225,1.235,1.23,0.004949038984582124,0.0005694178956332125
pi0 p,4.85,4.95,4.9,1.235,1.245,1.24,0.004630391237163787,0.0005463364673110374
pi0 p,4.85,4.95,4.9,1.245,1.255,1.25,0.004391610528889087,0.0005266808458297375
pi0 p,4.85,4.95,4.9,1.255,1.265,1.26,0.004360174980474337,0.0005294009848515375
pi0 p,4.85,4.95,4.9,1.265,1.275,1.27,0.0042385440931283,0.0005282214070145125
pi0 p,4.85,4.95,4.9,1.275,1.285,1.28,0.004125176758034288,0.000547143812130775
pi0 p,4.85,4.95,4.9,1.285,1.295,1.29,0.004055714231844287,0.000570012481934725
pi0 p,4.85,4.95,4.9,1.295,1.305,1.3,0.004010654724288987,0.0005933980012680751
pi0 p,4.85,4.95,4.9,1.305,1.315,1.31,0.004015897790045112,0.0006159222354302626
pi0 p,4.85,4.95,4.9,1.315,1.325,1.32,0.003929339358060662,0.0006045923010787876
pi0 p,4.85,4.95,4.9,1.325,1.335,1.33,0.003877029274438312,0.0005878275352484875
pi0 p,4.85,4.95,4.9,1.335,1.345,1.34,0.003913254502911412,0.0006152787927908875
pi0 p,4.85,4.95,4.9,1.345,1.355,1.35,0.003986114417983649,0.000643899440453175
pi0 p,4.85,4.95,4.9,1.355,1.365,1.36,0.004002022691198712,0.0006504955101025251
pi0 p,4.85,4.95,4.9,1.365,1.375,1.37,0.0040129149787237126,0.000657452411636775
pi0 p,4.85,4.95,4.9,1.375,1.385,1.38,0.004148055903099711,0.0007167865878260245
pi0 p,4.85,4.95,4.9,1.385,1.395,1.39,0.003972682438033075,0.0007389439339682126
pi0 p,4.85,4.95,4.9,1.395,1.405,1.4,0.004123669577600351,0.0007729916647893847
pi0 p,4.85,4.95,4.9,1.405,1.415,1.41,0.004031559122239884,0.0007662640436142995
pi0 p,4.85,4.95,4.9,1.415,1.425,1.42,0.003939448666879416,0.0007595364224392141
pi0 p,4.85,4.95,4.9,1.425,1.435,1.43,0.003847338211518948,0.0007528088012641288
pi0 p,4.85,4.95,4.9,1.435,1.445,1.44,0.0037552277561584803,0.0007460811800890435
pi0 p,4.85,4.95,4.9,1.445,1.455,1.45,0.003663117300798013,0.0007393535589139582
pi0 p,4.85,4.95,4.9,1.455,1.465,1.46,0.003571006845437545,0.0007326259377388729
pi0 p,4.85,4.95,4.9,1.465,1.475,1.47,0.0034788963900770765,0.0007258983165637875
pi0 p,4.95,5.05,5.0,1.105,1.115,1.11,0.0001598437016839,0.0003263550212437
pi0 p,4.95,5.05,5.0,1.115,1.125,1.12,0.0002744499270475513,0.0003763817637362505
pi0 p,4.95,5.05,5.0,1.125,1.135,1.13,0.0003890561524112,0.0004264085062288
pi0 p,4.95,5.05,5.0,1.135,1.145,1.14,0.00060824817599495,0.0004005802814386
pi0 p,4.95,5.05,5.0,1.145,1.155,1.15,0.0008274401995787,0.0003747520566484
pi0 p,4.95,5.05,5.0,1.155,1.165,1.16,0.0010886566708673,0.0003966808987578
pi0 p,4.95,5.05,5.0,1.165,1.175,1.17,0.0013498731421559,0.0004186097408672
pi0 p,4.95,5.05,5.0,1.175,1.185,1.18,0.00217121120633435,0.00046692663090905004
pi0 p,4.95,5.05,5.0,1.185,1.195,1.19,0.0029925492705128,0.0005152435209509
pi0 p,4.95,5.05,5.0,1.195,1.205,1.2,0.0036258273546073997,0.0005449812689627
pi0 p,4.95,5.05,5.0,1.205,1.215,1.21,0.004259105438702,0.0005747190169745
pi0 p,4.95,5.05,5.0,1.215,1.225,1.22,0.00442542851284785,0.0005722862591443
pi0 p,4.95,5.05,5.0,1.225,1.235,1.23,0.0045917515869937,0.0005698535013141
pi0 p,4.95,5.05,5.0,1.235,1.245,1.24,0.004352970878719,0.0005501978798328
pi0 p,4.95,5.05,5.0,1.245,1.255,1.25,0.0041141901704443,0.0005305422583515
pi0 p,4.95,5.05,5.0,1.255,1.265,1.26,0.00408275462202955,0.0005332623973732999
pi0 p,4.95,5.05,5.0,1.265,1.275,1.27,0.0040513190736148,0.0005359825363951
pi0 p,4.95,5.05,5.0,1.275,1.285,1.28,0.0039818565474248006,0.00055885120619905
pi0 p,4.95,5.05,5.0,1.285,1.295,1.29,0.0039123940212348,0.000581719876003
pi0 p,4.95,5.05,5.0,1.295,1.305,1.3,0.0038673345136795,0.0006051053953363501
pi0 p,4.95,5.05,5.0,1.305,1.315,1.31,0.0038222750061242,0.0006284909146697001
pi0 p,4.95,5.05,5.0,1.315,1.325,1.32,0.00376996492250185,0.0006117261488394
pi0 p,4.95,5.05,5.0,1.325,1.335,1.33,0.0037176548388795,0.0005949613830091
pi0 p,4.95,5.05,5.0,1.335,1.345,1.34,0.0037538800673526,0.0006224126405515
pi0 p,4.95,5.05,5.0,1.345,1.355,1.35,0.0037901052958256997,0.0006498638980939
pi0 p,4.95,5.05,5.0,1.355,1.365,1.36,0.0038009975833506997,0.00065682079962815
pi0 p,4.95,5.05,5.0,1.365,1.375,1.37,0.0038118898708757003,0.0006637777011624
pi0 p,4.95,5.05,5.0,1.375,1.385,1.38,0.0039470307952516985,0.0007231118773516494
pi0 p,4.95,5.05,5.0,1.385,1.395,1.39,0.0040821717196277,0.0007824460535409
pi0 p,4.95,5.05,5.0,1.395,1.405,1.4,0.003990061264267233,0.0007757184323658147
pi0 p,4.95,5.05,5.0,1.405,1.415,1.41,0.0038979508089067643,0.0007689908111907294
pi0 p,4.95,5.05,5.0,1.415,1.425,1.42,0.0038058403535462973,0.0007622631900156442
pi0 p,4.95,5.05,5.0,1.425,1.435,1.43,0.0037137298981858285,0.0007555355688405587
pi0 p,4.95,5.05,5.0,1.435,1.445,1.44,0.003621619442825361,0.0007488079476654734
pi0 p,4.95,5.05,5.0,1.445,1.455,1.45,0.0035295089874648926,0.0007420803264903881
pi0 p,4.95,5.05,5.0,1.455,1.465,1.46,0.003437398532104425,0.0007353527053153029
pi0 p,5.05,5.15,5.1,1.105,1.115,1.11,0.00015226353748428495,0.00031473544173295004
pi0 p,5.05,5.15,5.1,1.115,1.125,1.12,0.00025684983906317134,0.00036332654203683065
pi0 p,5.05,5.15,5.1,1.125,1.135,1.13,0.00037145606442682004,0.0004133532845293801
pi0 p,5.05,5.15,5.1,1.135,1.145,1.14,0.0005740525985336602,0.00039627825612812003
pi0 p,5.05,5.15,5.1,1.145,1.155,1.15,0.0007932446221174101,0.00037045003133792003
pi0 p,5.05,5.15,5.1,1.155,1.165,1.16,0.00105446109340601,0.00039237887344732004
pi0 p,5.05,5.15,5.1,1.165,1.175,1.17,0.0012992246024274702,0.00041460597729618
pi0 p,5.05,5.15,5.1,1.175,1.185,1.18,0.0020014031688297506,0.00045185358078883
pi0 p,5.05,5.15,5.1,1.185,1.195,1.19,0.0028227412330082005,0.0005001704708306801
pi0 p,5.05,5.15,5.1,1.195,1.205,1.2,0.0034560193171028005,0.0005299082188424801
pi0 p,5.05,5.15,5.1,1.205,1.215,1.21,0.004037604733967821,0.0005596422599939201
pi0 p,5.05,5.15,5.1,1.215,1.225,1.22,0.004189534060326481,0.0005581958423011001
pi0 p,5.05,5.15,5.1,1.225,1.235,1.23,0.00435585713447233,0.0005557630844709
pi0 p,5.05,5.15,5.1,1.235,1.245,1.24,0.004117076426197631,0.0005361074629896001
pi0 p,5.05,5.15,5.1,1.245,1.255,1.25,0.003951239286962011,0.00052318621199884
pi0 p,5.05,5.15,5.1,1.255,1.265,1.26,0.003919803738547261,0.00052590635102064
pi0 p,5.05,5.15,5.1,1.265,1.275,1.27,0.003874053967294781,0.00052837987332635
pi0 p,5.05,5.15,5.1,1.275,1.285,1.28,0.0038315109529560402,0.0005543740091119599
pi0 p,5.05,5.15,5.1,1.285,1.295,1.29,0.0037620484267660405,0.00057724267891591
pi0 p,5.05,5.15,5.1,1.295,1.305,1.3,0.0037169889192107406,0.0006006281982492601
pi0 p,5.05,5.15,5.1,1.305,1.315,1.31,0.0037021201981011905,0.0006234308184534501
pi0 p,5.05,5.15,5.1,1.315,1.325,1.32,0.0036399359582532606,0.0006091310381905101
pi0 p,5.05,5.15,5.1,1.325,1.335,1.33,0.0035876258746309103,0.00059236627236021
pi0 p,5.05,5.15,5.1,1.335,1.345,1.34,0.00362385110310401,0.00061981752990261
pi0 p,5.05,5.15,5.1,1.345,1.355,1.35,0.00365610102574236,0.00064547859071761
pi0 p,5.05,5.15,5.1,1.355,1.365,1.36,0.00367600021923008,0.0006583620569002001
pi0 p,5.05,5.15,5.1,1.365,1.375,1.37,0.003686892506755081,0.00066531895843445
pi0 p,5.05,5.15,5.1,1.375,1.385,1.38,0.0038220334311310795,0.0007246531346236994
pi0 p,5.05,5.15,5.1,1.385,1.395,1.39,0.003948563406294581,0.0007851728211173299
pi0 p,5.05,5.15,5.1,1.395,1.405,1.4,0.0038564529509341125,0.0007784451999422447
pi0 p,5.05,5.15,5.1,1.405,1.415,1.41,0.003764342495573645,0.0007717175787671595
pi0 p,5.05,5.15,5.1,1.415,1.425,1.42,0.0036722320402131775,0.0007649899575920741
pi0 p,5.05,5.15,5.1,1.425,1.435,1.43,0.003580121584852709,0.0007582623364169887
pi0 p,5.05,5.15,5.1,1.435,1.445,1.44,0.003488011129492241,0.0007515347152419035
pi0 p,5.05,5.15,5.1,1.445,1.455,1.45,0.0033959006741317733,0.0007448070940668181
pi0 p,5.15,5.25,5.2,1.105,1.115,1.11,0.0001446833732846698,0.00030311586222219996
pi0 p,5.15,5.25,5.2,1.115,1.125,1.12,0.00023924975107879126,0.00035027132033741055
pi0 p,5.15,5.25,5.2,1.125,1.135,1.13,0.00035385597644243996,0.00040029806282996
pi0 p,5.15,5.25,5.2,1.135,1.145,1.14,0.0005398570210723699,0.00039197623081764
pi0 p,5.15,5.25,5.2,1.145,1.155,1.15,0.0007590490446561199,0.00036614800602744
pi0 p,5.15,5.25,5.2,1.155,1.165,1.16,0.00102026551594472,0.00038807684813683995
pi0 p,5.15,5.25,5.2,1.165,1.175,1.17,0.00124857606269904,0.00041060221372516
pi0 p,5.15,5.25,5.2,1.175,1.185,1.18,0.0018315951313251496,0.00043678053066860997
pi0 p,5.15,5.25,5.2,1.185,1.195,1.19,0.0026529331955035995,0.00048509742071046
pi0 p,5.15,5.25,5.2,1.195,1.205,1.2,0.0032862112795981994,0.00051483516872226
pi0 p,5.15,5.25,5.2,1.205,1.215,1.21,0.0038161040292336397,0.0005445655030133401
pi0 p,5.15,5.25,5.2,1.215,1.225,1.22,0.003953639607805109,0.0005441054254578999
pi0 p,5.15,5.25,5.2,1.225,1.235,1.23,0.00411996268195096,0.0005416726676277
pi0 p,5.15,5.25,5.2,1.235,1.245,1.24,0.0038811819736762595,0.0005220170461463999
pi0 p,5.15,5.25,5.2,1.245,1.255,1.25,0.00378828840347972,0.0005158301656461799
pi0 p,5.15,5.25,5.2,1.255,1.265,1.26,0.00375685285506497,0.0005185503046679799
pi0 p,5.15,5.25,5.2,1.265,1.275,1.27,0.0036967888609747597,0.0005207772102575999
pi0 p,5.15,5.25,5.2,1.275,1.285,1.28,0.00368116535848728,0.0005498968120248699
pi0 p,5.15,5.25,5.2,1.285,1.295,1.29,0.0036117028322972798,0.00057276548182882
pi0 p,5.15,5.25,5.2,1.295,1.305,1.3,0.00356664332474198,0.00059615100116217
pi0 p,5.15,5.25,5.2,1.305,1.315,1.31,0.0035819653900781797,0.0006183707222372
pi0 p,5.15,5.25,5.2,1.315,1.325,1.32,0.00350990699400467,0.0006065359275416201
pi0 p,5.15,5.25,5.2,1.325,1.335,1.33,0.0034575969103823197,0.00058977116171132
pi0 p,5.15,5.25,5.2,1.335,1.345,1.34,0.0034938221388554195,0.00061722241925372
pi0 p,5.15,5.25,5.2,1.345,1.355,1.35,0.0035220967556590195,0.0006410932833413199
pi0 p,5.15,5.25,5.2,1.355,1.365,1.36,0.00355100285510946,0.00065990331417225
pi0 p,5.15,5.25,5.2,1.365,1.375,1.37,0.00356189514263446,0.0006668602157065
pi0 p,5.15,5.25,5.2,1.375,1.385,1.38,0.0036970360670104587,0.0007261943918957494
pi0 p,5.15,5.25,5.2,1.385,1.395,1.39,0.00381495509296146,0.00078789958869376
pi0 p,5.15,5.25,5.2,1.395,1.405,1.4,0.003722844637600992,0.0007811719675186747
pi0 p,5.15,5.25,5.2,1.405,1.415,1.41,0.003630734182240524,0.0007744443463435894
pi0 p,5.15,5.25,5.2,1.415,1.425,1.42,0.0035386237268800564,0.0007677167251685041
pi0 p,5.15,5.25,5.2,1.425,1.435,1.43,0.003446513271519588,0.0007609891039934188
pi0 p,5.15,5.25,5.2,1.435,1.445,1.44,0.00335440281615912,0.0007542614828183335
pi0 p,5.25,5.35,5.3,1.105,1.115,1.11,0.00013710320908505474,0.00029149628271145004
pi0 p,5.25,5.35,5.3,1.115,1.125,1.12,0.00022164966309441133,0.00033721609863799056
pi0 p,5.25,5.35,5.3,1.125,1.135,1.13,0.00033625588845806004,0.00038724284113054005
pi0 p,5.25,5.35,5.3,1.135,1.145,1.14,0.0005056614436110801,0.00038767420550716
pi0 p,5.25,5.35,5.3,1.145,1.155,1.15,0.00072485346719483,0.0003618459807169601
pi0 p,5.25,5.35,5.3,1.155,1.165,1.16,0.00098606993848343,0.00038377482282636003
pi0 p,5.25,5.35,5.3,1.165,1.175,1.17,0.00119792752297061,0.00040659845015413997
pi0 p,5.25,5.35,5.3,1.175,1.185,1.18,0.0016617870938205504,0.00042170748054839
pi0 p,5.25,5.35,5.3,1.185,1.195,1.19,0.0024831251579990003,0.00047002437059024
pi0 p,5.25,5.35,5.3,1.195,1.205,1.2,0.0031164032420936,0.00049976211860204
pi0 p,5.25,5.35,5.3,1.205,1.215,1.21,0.0035946033244994608,0.00052948874603276
pi0 p,5.25,5.35,5.3,1.215,1.225,1.22,0.0037177451552837405,0.0005300150086147001
pi0 p,5.25,5.35,5.3,1.225,1.235,1.23,0.00388406822942959,0.0005275822507845
pi0 p,5.25,5.35,5.3,1.235,1.245,1.24,0.0036452875211548906,0.0005079266293032001
pi0 p,5.25,5.35,5.3,1.245,1.255,1.25,0.0036253375199974307,0.00050847411929352
pi0 p,5.25,5.35,5.3,1.255,1.265,1.26,0.0035939019715826807,0.00051119425831532
pi0 p,5.25,5.35,5.3,1.265,1.275,1.27,0.0035195237546547407,0.00051317454718885
pi0 p,5.25,5.35,5.3,1.275,1.285,1.28,0.0035308197640185205,0.0005454196149377801
pi0 p,5.25,5.35,5.3,1.285,1.295,1.29,0.0034613572378285203,0.00056828828474173
pi0 p,5.25,5.35,5.3,1.295,1.305,1.3,0.0034162977302732204,0.00059167380407508
pi0 p,5.25,5.35,5.3,1.305,1.315,1.31,0.0034618105820551706,0.0006133106260209501
pi0 p,5.25,5.35,5.3,1.315,1.325,1.32,0.00337987802975608,0.0006039408168927301
pi0 p,5.25,5.35,5.3,1.325,1.335,1.33,0.00332756794613373,0.00058717605106243
pi0 p,5.25,5.35,5.3,1.335,1.345,1.34,0.00336379317460683,0.00061462730860483
pi0 p,5.25,5.35,5.3,1.345,1.355,1.35,0.00338809248557568,0.00063670797596503
pi0 p,5.25,5.35,5.3,1.355,1.365,1.36,0.00342600549098884,0.0006614445714442999
pi0 p,5.25,5.35,5.3,1.365,1.375,1.37,0.00343689777851384,0.00066840147297855
pi0 p,5.25,5.35,5.3,1.375,1.385,1.38,0.003572038702889839,0.0007277356491677993
pi0 p,5.25,5.35,5.3,1.385,1.395,1.39,0.0036813467796283405,0.00079062635627019
pi0 p,5.25,5.35,5.3,1.395,1.405,1.4,0.0035892363242678725,0.0007838987350951047
pi0 p,5.25,5.35,5.3,1.405,1.415,1.41,0.0034971258689074046,0.0007771711139200194
pi0 p,5.25,5.35,5.3,1.415,1.425,1.42,0.003405015413546937,0.000770443492744934
pi0 p,5.25,5.35,5.3,1.425,1.435,1.43,0.0033129049581864687,0.0007637158715698487
pi0 p,5.25,5.35,5.3,1.435,1.445,1.44,0.003220794502826001,0.0007569882503947634
pi0 p,5.35,5.45,5.4,1.105,1.115,1.11,0.0001295230448854396,0.00027987670320069996
pi0 p,5.35,5.45,5.4,1.115,1.125,1.12,0.00020404957511003125,0.0003241608769385705
pi0 p,5.35,5.45,5.4,1.125,1.135,1.13,0.00031865580047367995,0.00037418761943112
pi0 p,5.35,5.45,5.4,1.135,1.145,1.14,0.0004714658661497899,0.00038337218019668005
pi0 p,5.35,5.45,5.4,1.145,1.155,1.15,0.0006906578897335399,0.00035754395540648
pi0 p,5.35,5.45,5.4,1.155,1.165,1.16,0.0009518743610221399,0.00037947279751588
pi0 p,5.35,5.45,5.4,1.165,1.175,1.17,0.0011472789832421798,0.00040259468658312
pi0 p,5.35,5.45,5.4,1.175,1.185,1.18,0.0014919790563159493,0.0004066344304281699
pi0 p,5.35,5.45,5.4,1.185,1.195,1.19,0.0023133171204943992,0.0004549513204700199
pi0 p,5.35,5.45,5.4,1.195,1.205,1.2,0.002946595204588999,0.00048468906848181994
pi0 p,5.35,5.45,5.4,1.205,1.215,1.21,0.0033731026197652797,0.00051441198905218
pi0 p,5.35,5.45,5.4,1.215,1.225,1.22,0.003481850702762369,0.0005159245917715
pi0 p,5.35,5.45,5.4,1.225,1.235,1.23,0.003648173776908219,0.0005134918339413
pi0 p,5.35,5.45,5.4,1.235,1.245,1.24,0.003409393068633519,0.00049383621246
pi0 p,5.35,5.45,5.4,1.245,1.255,1.25,0.0034623866365151397,0.00050111807294086
pi0 p,5.35,5.45,5.4,1.255,1.265,1.26,0.0034309510881003896,0.0005038382119626599
pi0 p,5.35,5.45,5.4,1.265,1.275,1.27,0.0033422586483347195,0.0005055718841201
pi0 p,5.35,5.45,5.4,1.275,1.285,1.28,0.0033804741695497593,0.0005409424178506899
pi0 p,5.35,5.45,5.4,1.285,1.295,1.29,0.003311011643359759,0.0005638110876546401
pi0 p,5.35,5.45,5.4,1.295,1.305,1.3,0.003265952135804459,0.00058719660698799
pi0 p,5.35,5.45,5.4,1.305,1.315,1.31,0.0033416557740321593,0.0006082505298047
pi0 p,5.35,5.45,5.4,1.315,1.325,1.32,0.00324984906550749,0.00060134570624384
pi0 p,5.35,5.45,5.4,1.325,1.335,1.33,0.00319753898188514,0.00058458094041354
pi0 p,5.35,5.45,5.4,1.335,1.345,1.34,0.0032337642103582396,0.0006120321979559399
pi0 p,5.35,5.45,5.4,1.345,1.355,1.35,0.0032540882154923393,0.00063232266858874
pi0 p,5.35,5.45,5.4,1.355,1.365,1.36,0.0033010081268682193,0.0006629858287163499
pi0 p,5.35,5.45,5.4,1.365,1.375,1.37,0.00331190041439322,0.0006699427302506
pi0 p,5.35,5.45,5.4,1.375,1.385,1.38,0.003447041338769218,0.0007292769064398492
pi0 p,5.35,5.45,5.4,1.385,1.395,1.39,0.0035477384662952194,0.00079335312384662
pi0 p,5.35,5.45,5.4,1.395,1.405,1.4,0.003455628010934752,0.0007866255026715348
pi0 p,5.35,5.45,5.4,1.405,1.415,1.41,0.003363517555574284,0.0007798978814964495
pi0 p,5.35,5.45,5.4,1.415,1.425,1.42,0.003271407100213816,0.0007731702603213642
pi0 p,5.35,5.45,5.4,1.425,1.435,1.43,0.0031792966448533477,0.0007664426391462788
pi0 p,5.45,5.55,5.5,1.105,1.115,1.11,0.00012194288068582451,0.00026825712368995004
pi0 p,5.45,5.55,5.5,1.115,1.125,1.12,0.0001864494871256507,0.0003111056552391505
pi0 p,5.45,5.55,5.5,1.125,1.135,1.13,0.00030105571248930003,0.0003611323977317
pi0 p,5.45,5.55,5.5,1.135,1.145,1.14,0.00043727028868850005,0.0003790701548862
pi0 p,5.45,5.55,5.5,1.145,1.155,1.15,0.00065646231227225,0.000353241930096
pi0 p,5.45,5.55,5.5,1.155,1.165,1.16,0.00091767878356085,0.0003751707722054
pi0 p,5.45,5.55,5.5,1.165,1.175,1.17,0.00109663044351375,0.0003985909230121
pi0 p,5.45,5.55,5.5,1.175,1.185,1.18,0.00132217101881135,0.00039156138030794997
pi0 p,5.45,5.55,5.5,1.185,1.195,1.19,0.0021435090829898,0.0004398782703498
pi0 p,5.45,5.55,5.5,1.195,1.205,1.2,0.0027767871670844,0.0004696160183616
pi0 p,5.45,5.55,5.5,1.205,1.215,1.21,0.0031516019150311,0.0004993352320716001
pi0 p,5.45,5.55,5.5,1.215,1.225,1.22,0.003245956250241,0.0005018341749283
pi0 p,5.45,5.55,5.5,1.225,1.235,1.23,0.0034122793243868497,0.0004994014170981
pi0 p,5.45,5.55,5.5,1.235,1.245,1.24,0.0031734986161121503,0.0004797457956168
pi0 p,5.45,5.55,5.5,1.245,1.255,1.25,0.0032994357530328504,0.0004937620265882
pi0 p,5.45,5.55,5.5,1.255,1.265,1.26,0.0032680002046181003,0.00049648216561
pi0 p,5.45,5.55,5.5,1.265,1.275,1.27,0.0031649935420147,0.00049796922105135
pi0 p,5.45,5.55,5.5,1.275,1.285,1.28,0.003230128575081,0.0005364652207636
pi0 p,5.45,5.55,5.5,1.285,1.295,1.29,0.003160666048891,0.00055933389056755
pi0 p,5.45,5.55,5.5,1.295,1.305,1.3,0.0031156065413357,0.0005827194099009001
pi0 p,5.45,5.55,5.5,1.305,1.315,1.31,0.00322150096600915,0.0006031904335884501
pi0 p,5.45,5.55,5.5,1.315,1.325,1.32,0.0031198201012589003,0.00059875059559495
pi0 p,5.45,5.55,5.5,1.325,1.335,1.33,0.00306751001763655,0.0005819858297646499
pi0 p,5.45,5.55,5.5,1.335,1.345,1.34,0.00310373524610965,0.00060943708730705
pi0 p,5.45,5.55,5.5,1.345,1.355,1.35,0.003120083945409,0.00062793736121245
pi0 p,5.45,5.55,5.5,1.355,1.365,1.36,0.0031760107627476,0.0006645270859884
pi0 p,5.45,5.55,5.5,1.365,1.375,1.37,0.0031869030502726,0.00067148398752265
pi0 p,5.45,5.55,5.5,1.375,1.385,1.38,0.0033220439746485986,0.0007308181637118993
pi0 p,5.45,5.55,5.5,1.385,1.395,1.39,0.0034141301529621,0.0007960798914230501
pi0 p,5.45,5.55,5.5,1.395,1.405,1.4,0.003322019697601632,0.0007893522702479647
pi0 p,5.45,5.55,5.5,1.405,1.415,1.41,0.003229909242241164,0.0007826246490728794
pi0 p,5.45,5.55,5.5,1.415,1.425,1.42,0.0031377987868806967,0.0007758970278977941
pi0 p,5.55,5.65,5.6,1.105,1.115,1.11,0.00011436271648620943,0.00025663754417920006
pi0 p,5.55,5.65,5.6,1.115,1.125,1.12,0.00017886932292603561,0.0002994860757284005
pi0 p,5.55,5.65,5.6,1.125,1.135,1.13,0.00028345562450492006,0.0003480771760322801
pi0 p,5.55,5.65,5.6,1.135,1.145,1.14,0.0004196702007041201,0.00036601493318678003
pi0 p,5.55,5.65,5.6,1.145,1.155,1.15,0.0006222667348109601,0.00034893990478552004
pi0 p,5.55,5.65,5.6,1.155,1.165,1.16,0.0008670302438324202,0.00037116700863438004
pi0 p,5.55,5.65,5.6,1.165,1.175,1.17,0.00104598190378532,0.00039458715944108003
pi0 p,5.55,5.65,5.6,1.175,1.185,1.18,0.0012715224790829202,0.00038755761673693004
pi0 p,5.55,5.65,5.6,1.185,1.195,1.19,0.0019737010454852003,0.00042480522022958
pi0 p,5.55,5.65,5.6,1.195,1.205,1.2,0.002555286462350221,0.0004545392613810201
pi0 p,5.55,5.65,5.6,1.205,1.215,1.21,0.002930101210296921,0.00048425847509102007
pi0 p,5.55,5.65,5.6,1.215,1.225,1.22,0.003024455545506821,0.0004867574179477201
pi0 p,5.55,5.65,5.6,1.225,1.235,1.23,0.003176384871865481,0.00048531100025490004
pi0 p,5.55,5.65,5.6,1.235,1.245,1.24,0.0030105477326298606,0.00047238974926414
pi0 p,5.55,5.65,5.6,1.245,1.255,1.25,0.003136484869550561,0.00048640598023554
pi0 p,5.55,5.65,5.6,1.255,1.265,1.26,0.0030907350982980804,0.0004888795025412499
pi0 p,5.55,5.65,5.6,1.265,1.275,1.27,0.0029877284356946807,0.0004903665579826
pi0 p,5.55,5.65,5.6,1.275,1.285,1.28,0.003052863468760981,0.00052886255769485
pi0 p,5.55,5.65,5.6,1.285,1.295,1.29,0.0030103204544222406,0.00055485669348046
pi0 p,5.55,5.65,5.6,1.295,1.305,1.3,0.0029954517333126906,0.0005776593136846501
pi0 p,5.55,5.65,5.6,1.305,1.315,1.31,0.0031013461579861403,0.0005981303373722002
pi0 p,5.55,5.65,5.6,1.315,1.325,1.32,0.0029996652932358907,0.0005936904993787001
pi0 p,5.55,5.65,5.6,1.325,1.335,1.33,0.0029374810533879603,0.0005793907191157599
pi0 p,5.55,5.65,5.6,1.335,1.345,1.34,0.0029697309760263104,0.00060505177993076
pi0 p,5.55,5.65,5.6,1.345,1.355,1.35,0.00298607967532566,0.00062355205383616
pi0 p,5.55,5.65,5.6,1.355,1.365,1.36,0.00304200649266426,0.00066014177861211
pi0 p,5.55,5.65,5.6,1.365,1.375,1.37,0.0030619056861519805,0.0006730252447947
pi0 p,5.55,5.65,5.6,1.375,1.385,1.38,0.0031884356613154797,0.0007335449312883293
pi0 p,5.55,5.65,5.6,1.385,1.395,1.39,0.0032805218396289807,0.00079880665899948
pi0 p,5.55,5.65,5.6,1.395,1.405,1.4,0.0031884113842685123,0.0007920790378243947
pi0 p,5.55,5.65,5.6,1.405,1.415,1.41,0.003096300928908045,0.0007853514166493093
pi0 p,5.65,5.75,5.7,1.105,1.115,1.11,0.0001067825522865943,0.00024501796466845
pi0 p,5.65,5.75,5.7,1.115,1.125,1.12,0.00017128915872642052,0.0002878664962176505
pi0 p,5.65,5.75,5.7,1.125,1.135,1.13,0.00026585553652053997,0.00033502195433286004
pi0 p,5.65,5.75,5.7,1.135,1.145,1.14,0.00040207011271974004,0.00035295971148736004
pi0 p,5.65,5.75,5.7,1.145,1.155,1.15,0.00058807115734967,0.00034463787947504
pi0 p,5.65,5.75,5.7,1.155,1.165,1.16,0.00081638170410399,0.00036716324506336
pi0 p,5.65,5.75,5.7,1.165,1.175,1.17,0.0009953333640568898,0.00039058339587006005
pi0 p,5.65,5.75,5.7,1.175,1.185,1.18,0.00122087393935449,0.00038355385316591
pi0 p,5.65,5.75,5.7,1.185,1.195,1.19,0.0018038930079805997,0.00040973217010936
pi0 p,5.65,5.75,5.7,1.195,1.205,1.2,0.00233378575761604,0.00043946250440044
pi0 p,5.65,5.75,5.7,1.205,1.215,1.21,0.00270860050556274,0.00046918171811044
pi0 p,5.65,5.75,5.7,1.215,1.225,1.22,0.0028029548407726397,0.00047168066096714
pi0 p,5.65,5.75,5.7,1.225,1.235,1.23,0.0029404904193441094,0.0004712205834117
pi0 p,5.65,5.75,5.7,1.235,1.245,1.24,0.0028475968491475695,0.00046503370291147995
pi0 p,5.65,5.75,5.7,1.245,1.255,1.25,0.00297353398606827,0.00047904993388287994
pi0 p,5.65,5.75,5.7,1.255,1.265,1.26,0.0029134699919780597,0.00048127683947249997
pi0 p,5.65,5.75,5.7,1.265,1.275,1.27,0.0028104633293746595,0.00048276389491385004
pi0 p,5.65,5.75,5.7,1.275,1.285,1.28,0.0028755983624409597,0.0005212598946261
pi0 p,5.65,5.75,5.7,1.285,1.295,1.29,0.0028599748599534795,0.00055037949639337
pi0 p,5.65,5.75,5.7,1.295,1.305,1.3,0.0028752969252896794,0.0005725992174684
pi0 p,5.65,5.75,5.7,1.305,1.315,1.31,0.00298119134996313,0.00059307024115595
pi0 p,5.65,5.75,5.7,1.315,1.325,1.32,0.0028795104852128795,0.00058863040316245
pi0 p,5.65,5.75,5.7,1.325,1.335,1.33,0.0028074520891393697,0.0005767956084668699
pi0 p,5.65,5.75,5.7,1.335,1.345,1.34,0.0028357267059429697,0.00060066647255447
pi0 p,5.65,5.75,5.7,1.345,1.355,1.35,0.0028520754052423197,0.00061916674645987
pi0 p,5.65,5.75,5.7,1.355,1.365,1.36,0.0029080022225809197,0.00065575647123582
pi0 p,5.65,5.75,5.7,1.365,1.375,1.37,0.0029369083220313597,0.00067456650206675
pi0 p,5.65,5.75,5.7,1.375,1.385,1.38,0.0030548273479823586,0.0007362716988647593
pi0 p,5.65,5.75,5.7,1.385,1.395,1.39,0.0031469135262958596,0.00080153342657591
pi0 p,5.65,5.75,5.7,1.395,1.405,1.4,0.0030548030709353917,0.0007948058054008247
pi0 p,5.65,5.75,5.7,1.405,1.415,1.41,0.002962692615574924,0.0007880781842257394
pi0 p,5.75,5.85,5.8,1.105,1.115,1.11,9.920238808697922e-05,0.0002333983851577
pi0 p,5.75,5.85,5.8,1.115,1.125,1.12,0.00016370899452680543,0.00027624691670690056
pi0 p,5.75,5.85,5.8,1.125,1.135,1.13,0.00024825544853616,0.00032196673263344005
pi0 p,5.75,5.85,5.8,1.135,1.145,1.14,0.00038447002473536007,0.00033990448978794005
pi0 p,5.75,5.85,5.8,1.145,1.155,1.15,0.00055387557988838,0.00034033585416456003
pi0 p,5.75,5.85,5.8,1.155,1.165,1.16,0.00076573316437556,0.00036315948149234003
pi0 p,5.75,5.85,5.8,1.165,1.175,1.17,0.0009446848243284601,0.00038657963229904
pi0 p,5.75,5.85,5.8,1.175,1.185,1.18,0.00117022539962606,0.00037955008959489
pi0 p,5.75,5.85,5.8,1.185,1.195,1.19,0.0016340849704760002,0.00039465911998914
pi0 p,5.75,5.85,5.8,1.195,1.205,1.2,0.0021122850528818606,0.00042438574741986005
pi0 p,5.75,5.85,5.8,1.205,1.215,1.21,0.0024870998008285606,0.00045410496112986004
pi0 p,5.75,5.85,5.8,1.215,1.225,1.22,0.0025814541360384604,0.00045660390398656007
pi0 p,5.75,5.85,5.8,1.225,1.235,1.23,0.0027045959668227405,0.0004571301665685
pi0 p,5.75,5.85,5.8,1.235,1.245,1.24,0.00268464596566528,0.00045767765655882
pi0 p,5.75,5.85,5.8,1.245,1.255,1.25,0.0028105831025859803,0.00047169388753022
pi0 p,5.75,5.85,5.8,1.255,1.265,1.26,0.0027362048856580403,0.00047367417640375
pi0 p,5.75,5.85,5.8,1.265,1.275,1.27,0.00263319822305464,0.00047516123184509996
pi0 p,5.75,5.85,5.8,1.275,1.285,1.28,0.0026983332561209402,0.00051365723155735
pi0 p,5.75,5.85,5.8,1.285,1.295,1.29,0.00270962926548472,0.00054590229930628
pi0 p,5.75,5.85,5.8,1.295,1.305,1.3,0.00275514211726667,0.0005675391212521501
pi0 p,5.75,5.85,5.8,1.305,1.315,1.31,0.0028610365419401203,0.0005880101449397
pi0 p,5.75,5.85,5.8,1.315,1.325,1.32,0.00275935567718987,0.0005835703069462001
pi0 p,5.75,5.85,5.8,1.325,1.335,1.33,0.0026774231248907804,0.00057420049781798
pi0 p,5.75,5.85,5.8,1.335,1.345,1.34,0.00270172243585963,0.00059628116517818
pi0 p,5.75,5.85,5.8,1.345,1.355,1.35,0.0027180711351589802,0.0006147814390835799
pi0 p,5.75,5.85,5.8,1.355,1.365,1.36,0.00277399795249758,0.00065137116385953
pi0 p,5.75,5.85,5.8,1.365,1.375,1.37,0.0028119109579107402,0.0006761077593388
pi0 p,5.75,5.85,5.8,1.375,1.385,1.38,0.0029212190346492393,0.0007389984664411893
pi0 p,5.75,5.85,5.8,1.385,1.395,1.39,0.0030133052129627403,0.00080426019415234
pi0 p,5.75,5.85,5.8,1.395,1.405,1.4,0.0029211947576022724,0.0007975325729772547
pi0 p,5.85,5.95,5.9,1.105,1.115,1.11,9.162222388736409e-05,0.00022177880564694995
pi0 p,5.85,5.95,5.9,1.115,1.125,1.12,0.00015612883032719028,0.0002646273371961505
pi0 p,5.85,5.95,5.9,1.125,1.135,1.13,0.00023065536055177994,0.00030891151093401996
pi0 p,5.85,5.95,5.9,1.135,1.145,1.14,0.00036686993675098,0.00032684926808851996
pi0 p,5.85,5.95,5.9,1.145,1.155,1.15,0.0005196800024270899,0.00033603382885408
pi0 p,5.85,5.95,5.9,1.155,1.165,1.16,0.00071508462464713,0.00035915571792131994
pi0 p,5.85,5.95,5.9,1.165,1.175,1.17,0.0008940362846000297,0.00038257586872802
pi0 p,5.85,5.95,5.9,1.175,1.185,1.18,0.0011195768598976298,0.00037554632602386994
pi0 p,5.85,5.95,5.9,1.185,1.195,1.19,0.0014642769329713994,0.0003795860698689199
pi0 p,5.85,5.95,5.9,1.195,1.205,1.2,0.0018907843481476795,0.00040930899043927995
pi0 p,5.85,5.95,5.9,1.205,1.215,1.21,0.002265599096094379,0.00043902820414927994
pi0 p,5.85,5.95,5.9,1.215,1.225,1.22,0.0023599534313042793,0.00044152714700597997
pi0 p,5.85,5.95,5.9,1.225,1.235,1.23,0.002468701514301369,0.00044303974972529996
pi0 p,5.85,5.95,5.9,1.235,1.245,1.24,0.0025216950821829896,0.00045032161020615996
pi0 p,5.85,5.95,5.9,1.245,1.255,1.25,0.002647632219103689,0.00046433784117755995
pi0 p,5.85,5.95,5.9,1.255,1.265,1.26,0.002558939779338019,0.00046607151333499997
pi0 p,5.85,5.95,5.9,1.265,1.275,1.27,0.0024559331167346194,0.00046755856877635
pi0 p,5.85,5.95,5.9,1.275,1.285,1.28,0.0025210681498009195,0.0005060545684886
pi0 p,5.85,5.95,5.9,1.285,1.295,1.29,0.0025592836710159592,0.0005414251022191899
pi0 p,5.85,5.95,5.9,1.295,1.305,1.3,0.0026349873092436594,0.0005624790250359
pi0 p,5.85,5.95,5.9,1.305,1.315,1.31,0.00274088173391711,0.00058295004872345
pi0 p,5.85,5.95,5.9,1.315,1.325,1.32,0.0026392008691668595,0.0005785102107299499
pi0 p,5.85,5.95,5.9,1.325,1.335,1.33,0.00254739416064219,0.00057160538716909
pi0 p,5.85,5.95,5.9,1.335,1.345,1.34,0.0025677181657762895,0.0005918958578018899
pi0 p,5.85,5.95,5.9,1.345,1.355,1.35,0.0025840668650756395,0.00061039613170729
pi0 p,5.85,5.95,5.9,1.355,1.365,1.36,0.00263999368241424,0.0006469858564832399
pi0 p,5.85,5.95,5.9,1.365,1.375,1.37,0.0026869135937901195,0.00067764901661085
pi0 p,5.85,5.95,5.9,1.375,1.385,1.38,0.0027876107213161186,0.0007417252340176192
pi0 p,5.85,5.95,5.9,1.385,1.395,1.39,0.0028796968996296192,0.0008069869617287701
pi0 p,5.95,6.05,6.0,1.105,1.115,1.11,8.404205968774901e-05,0.0002101592261362
pi0 p,5.95,6.05,6.0,1.115,1.125,1.12,0.00014854866612757522,0.0002530077576854005
pi0 p,5.95,6.05,6.0,1.125,1.135,1.13,0.0002130552725674,0.0002958562892346
pi0 p,5.95,6.05,6.0,1.135,1.145,1.14,0.0003492698487666,0.0003137940463891
pi0 p,5.95,6.05,6.0,1.145,1.155,1.15,0.0004854844249658001,0.0003317318035436
pi0 p,5.95,6.05,6.0,1.155,1.165,1.16,0.0006644360849187,0.0003551519543503
pi0 p,5.95,6.05,6.0,1.165,1.175,1.17,0.0008433877448716,0.000378572105157
pi0 p,5.95,6.05,6.0,1.175,1.185,1.18,0.0010689283201692,0.00037154256245285
pi0 p,5.95,6.05,6.0,1.185,1.195,1.19,0.0012944688954668,0.0003645130197487
pi0 p,5.95,6.05,6.0,1.195,1.205,1.2,0.0016692836434135001,0.00039423223345869997
pi0 p,5.95,6.05,6.0,1.205,1.215,1.21,0.0020440983913602,0.0004239514471687
pi0 p,5.95,6.05,6.0,1.215,1.225,1.22,0.0021384527265701,0.0004264503900254
pi0 p,5.95,6.05,6.0,1.225,1.235,1.23,0.00223280706178,0.0004289493328821
pi0 p,5.95,6.05,6.0,1.235,1.245,1.24,0.0023587441987007,0.0004429655638535
pi0 p,5.95,6.05,6.0,1.245,1.255,1.25,0.0024846813356214,0.0004569817948249
pi0 p,5.95,6.05,6.0,1.255,1.265,1.26,0.002381674673018,0.00045846885026625
pi0 p,5.95,6.05,6.0,1.265,1.275,1.27,0.0022786680104146,0.0004599559057076
pi0 p,5.95,6.05,6.0,1.275,1.285,1.28,0.0023438030434808996,0.00049845190541985
pi0 p,5.95,6.05,6.0,1.285,1.295,1.29,0.0024089380765472,0.0005369479051321
pi0 p,5.95,6.05,6.0,1.295,1.305,1.3,0.00251483250122065,0.0005574189288196499
pi0 p,5.95,6.05,6.0,1.305,1.315,1.31,0.0026207269258941,0.0005778899525072
pi0 p,5.95,6.05,6.0,1.315,1.325,1.32,0.00251904606114385,0.0005734501145137
pi0 p,5.95,6.05,6.0,1.325,1.335,1.33,0.0024173651963936,0.0005690102765202
pi0 p,5.95,6.05,6.0,1.335,1.345,1.34,0.00243371389569295,0.0005875105504255999
pi0 p,5.95,6.05,6.0,1.345,1.355,1.35,0.0024500625949923,0.000606010824331
pi0 p,5.95,6.05,6.0,1.355,1.365,1.36,0.0025059894123309,0.0006426005491069499
pi0 p,5.95,6.05,6.0,1.365,1.375,1.37,0.0025619162296695,0.0006791902738829
pi0 p,5.95,6.05,6.0,1.375,1.385,1.38,0.002654002407982999,0.0007444520015940493
pi0 p,5.95,6.05,6.0,1.385,1.395,1.39,0.0027460885862965,0.0008097137293052
