channel,q2_min,q2_max,q2,w_min,w_max,w,beam_energy,sigma_U,sigma_U_err,F_2,F_2_err,d2sigma_dOmega_pi_dE_f,d2sigma_dOmega_pi_dE_f_err,d2sigma_dWdQ2,d2sigma_dWdQ2_err
pi+ n,0.25,0.35,0.3,1.1,1.12,1.11,1.515,74.08683057024878,8.21795518063674,0.030771809311079517,0.0034133104061695677,0.11946460480766566,0.013251407307145925,0.25098381878101494,0.027839951553221217
pi+ n,0.25,0.35,0.3,1.12,1.14,1.13,1.515,73.55863107355957,4.311316100915599,0.03540180264407201,0.0020749211821002186,0.12403004920850123,0.007269476611320103,0.270807181060292,0.015872173569696432
pi+ n,0.25,0.35,0.3,1.14,1.16,1.15,1.515,95.78504326707275,4.922631070040695,0.05258253123139248,0.0027023467668048614,0.16658148669530118,0.008561035983597571,0.37818587465309167,0.019435910590205847
pi+ n,0.25,0.35,0.3,1.16,1.18,1.17,1.515,126.77939818156352,22.238273987853717,0.07833722536292369,0.01374107075799542,0.2247813561180601,0.039428719937256065,0.5309168881810057,0.09312771154852229
pi+ n,0.25,0.35,0.3,1.18,1.2,1.19,1.515,166.63562712272372,17.004887183400058,0.11457954024365832,0.011692650539456914,0.29819515239039784,0.030430316809147796,0.733199646340119,0.07482179822049781
pi+ n,0.25,0.35,0.3,1.2,1.22,1.21,1.515,201.74328285422962,17.07913344152727,0.1528478408870602,0.01293975508788395,0.3611880309341843,0.030577367883245398,0.9251353096266036,0.07831987851609477
pi+ n,0.25,0.35,0.3,1.22,1.24,1.23,1.515,175.9721328153745,20.657532502809865,0.1456346299519022,0.01709618479718319,0.31274717780624184,0.036713682373065167,0.8351018787007629,0.09803338702792251
pi+ n,0.25,0.35,0.3,1.24,1.26,1.25,1.515,145.84480391236727,40.89850358675898,0.13084601835523635,0.0366924717745188,0.2555178869220097,0.07165355867624935,0.7118636705372064,0.19962424509990062
pi+ n,0.25,0.35,0.3,1.26,1.28,1.27,1.515,109.7213859395777,20.112448833291975,0.10599310621583495,0.019429037531676907,0.18830300607704678,0.03451683135833936,0.5478372812224124,0.10042116396181171
pi+ n,0.25,0.35,0.3,1.28,1.3,1.29,1.515,86.90844006665178,18.305855795201094,0.0898583450839085,0.018927205526182662,0.1452638930015299,0.030597487142746443,0.4417710600636579,0.09305192123821768
pi+ n,0.25,0.35,0.3,1.3,1.32,1.31,1.515,73.30506266900714,14.451403220516646,0.0806892248080691,0.01590712129280163,0.11870043455276388,0.023400673564907694,0.377749785662076,0.07446981518473526
pi+ n,0.25,0.35,0.3,1.32,1.34,1.33,1.515,66.588756240394,17.561008390435443,0.07765841069814437,0.02048033450173848,0.10394399386261374,0.02741245596729484,0.34655763635578335,0.09139533313766211
pi+ n,0.25,0.35,0.3,1.36,1.38,1.37,1.515,52.34440709067848,5.717523081640569,0.06768195873730408,0.007392827291382063,0.07490611619396237,0.008181914212020908,0.2752205131469876,0.030062039555303073
pi+ n,0.25,0.35,0.3,1.38,1.4,1.39,1.515,49.18542292040946,3.7801349671143485,0.06660544001435811,0.005118946587197838,0.06696486251439818,0.00514656992516461,0.25887528533658877,0.019895803677566447
pi+ n,0.25,0.35,0.3,1.4,1.42,1.41,1.515,45.63516949516726,4.708890591586232,0.06452002979084376,0.006657535506319127,0.058874274118603485,0.006074975036806197,0.23988155619602244,0.024752313085768984
pi+ n,0.25,0.35,0.3,1.42,1.44,1.43,1.515,44.77127599672704,5.553582225202172,0.06590271562569228,0.00817479828178571,0.05451732066878774,0.0067625149449383574,0.23456314357299862,0.029096014706611897
pi+ n,0.25,0.35,0.3,1.44,1.46,1.45,1.515,47.81617535913886,6.203381699861554,0.07309668726253743,0.009483122576809416,0.054743587316230274,0.007102102273794068,0.24924621518929263,0.03233569808651585
pi+ n,0.25,0.35,0.3,1.46,1.48,1.47,1.515,54.68400411845411,4.993078847427473,0.0866209583798513,0.007909173477740528,0.05863465280731331,0.005353804085455591,0.2831645954064795,0.02585515041293981
pi+ n,0.25,0.35,0.3,1.48,1.5,1.49,1.515,58.307298540734074,3.871506374673326,0.09550944824988547,0.006341666429334603,0.05832284569616764,0.003872538679596989,0.29953753325708,0.019888787484272783
pi+ n,0.25,0.35,0.3,1.5,1.52,1.51,1.515,52.36278015381236,5.103173407785094,0.08853571194193698,0.00862851608517045,0.04866237715743069,0.004742539420938841,0.266570437691773,0.025979429757822862
pi+ n,0.25,0.35,0.3,1.52,1.54,1.53,1.515,43.1115060080752,3.3728146544930238,0.07511994931674221,0.005876984808946909,0.03706533227014775,0.002899794218067703,0.21728777487369919,0.016999438414397303
pi+ n,0.25,0.35,0.3,1.54,1.56,1.55,1.515,34.54372871466261,3.722730906556086,0.061939299204335545,0.006675114472530295,0.027351226110749093,0.0029476046322547073,0.17223895178790247,0.018561958798080803
pi+ n,0.25,0.35,0.3,1.56,1.58,1.57,1.515,26.45229012519784,3.640214396394582,0.04874520634347889,0.006708039305743446,0.019194087288401728,0.0026413816173268528,0.13040180691755776,0.01794515834396437
pi+ n,0.35,0.45,0.4,1.1,1.12,1.11,1.515,37.36289659770263,3.120236075487084,0.01791269305809217,0.0014959180411195131,0.03175447602813947,0.0026518677801678496,0.06990331791190266,0.005837739420834213
pi+ n,0.35,0.45,0.4,1.12,1.14,1.13,1.515,56.00978413926333,3.3992573321990984,0.031020320705526835,0.001882636296959249,0.05001791032910988,0.003035607993145535,0.11454571584256217,0.006951827621432876
pi+ n,0.35,0.45,0.4,1.14,1.16,1.15,1.515,76.8902537128946,6.178419986217229,0.04848525522955819,0.0038959719272835315,0.07118610587088067,0.005720070334218012,0.16968941264738188,0.013635180116127337
pi+ n,0.35,0.45,0.4,1.16,1.18,1.17,1.515,98.2092177427332,7.687532075447531,0.06964945353053763,0.0054519567547723245,0.09319338617946202,0.007294907361454811,0.23137839475545638,0.018111628135636437
pi+ n,0.35,0.45,0.4,1.18,1.2,1.19,1.515,135.1794135329106,10.269142049173032,0.10669146451982586,0.008105004866896068,0.13018659482986886,0.009889853789612556,0.33688544438825163,0.02559209566240267
pi+ n,0.35,0.45,0.4,1.2,1.22,1.21,1.515,166.33250354281566,9.300073479605334,0.1447694534350873,0.008094428484340383,0.16117129978066555,0.009011497445403721,0.4350229537497901,0.02432324019067377
pi+ n,0.35,0.45,0.4,1.24,1.26,1.25,1.515,119.27379815526798,7.511545710966774,0.12335506175795058,0.007768572808151583,0.11439886158184681,0.0072045352067682915,0.3368113961444613,0.021211483471166026
pi+ n,0.35,0.45,0.4,1.26,1.28,1.27,1.515,97.03771726001509,6.614826584578794,0.10832529529652316,0.007384273490170498,0.0916908942577722,0.006250346587141269,0.2823561618524236,0.019247536921508518
pi+ n,0.35,0.45,0.4,1.3,1.32,1.31,1.515,65.30637668385918,6.964131968663832,0.08356225904456478,0.008910900116279935,0.05887299997893615,0.006278090472377835,0.19901344844360022,0.02122236738395952
pi+ n,0.35,0.45,0.4,1.32,1.34,1.33,1.515,56.72794850499552,5.133912457275585,0.07716348879456415,0.006983340783676895,0.049562047695871095,0.004485394250622557,0.1758745103916502,0.01591674586535462
pi+ n,0.35,0.45,0.4,1.34,1.36,1.35,1.515,50.376039353854665,4.667867963678636,0.07254677415498585,0.006722218882028402,0.042449238814924926,0.003933366824551083,0.15836002969150664,0.014673716290632108
pi+ n,0.35,0.45,0.4,1.36,1.38,1.37,1.515,44.45261436935781,3.596485468050512,0.06752459751442805,0.005463148504129445,0.03596090615854024,0.0029094548937546897,0.14126266856788322,0.011429004612890386
pi+ n,0.35,0.45,0.4,1.38,1.4,1.39,1.515,39.84321826647361,3.047103443461896,0.06362602472170978,0.004865949274646102,0.030806088216930587,0.0023559677548534584,0.12765161327649693,0.009762456129342845
pi+ n,0.35,0.45,0.4,1.4,1.42,1.41,1.515,39.26508134381142,3.6758182553473966,0.06571820587262857,0.006152239409364174,0.02888973705977703,0.0027045257323337194,0.12652629357838227,0.011844815897475896
pi+ n,0.35,0.45,0.4,1.42,1.44,1.43,1.515,38.7190062509959,3.5819495088761215,0.06773449015219828,0.006266212571723753,0.026992563581798367,0.0024971198702353897,0.1252211508697665,0.011584384086493076
pi+ n,0.35,0.45,0.4,1.44,1.46,1.45,1.515,40.2118042535373,2.3563658544649084,0.07334424838474059,0.004297889282100362,0.02644735195269204,0.0015497846525217105,0.13027762102729917,0.007634119967711798
pi+ n,0.35,0.45,0.4,1.46,1.48,1.47,1.515,45.83004844550126,2.575242296090269,0.0869585718337608,0.004886300577670171,0.028312993936059044,0.0015909391760689656,0.14849489277179917,0.008344096102670916
pi+ n,0.35,0.45,0.4,1.48,1.5,1.49,1.515,51.40010345360111,3.4058969357048556,0.10124919926292672,0.006709020300386429,0.029692586559944233,0.0019675036193060433,0.16631976391733713,0.011020755527944888
pi+ n,0.35,0.45,0.4,1.5,1.52,1.51,1.515,46.222220339147704,3.2868229472191497,0.09435064917818688,0.006709194766683215,0.02485052081848909,0.001767099491916429,0.14917927103190134,0.01060801163767979
pi+ n,0.35,0.45,0.4,1.52,1.54,1.53,1.515,38.56503957782156,3.3947356882934647,0.08143910306404974,0.007168778578231555,0.019200033677388262,0.0016901069013436274,0.12401335592874463,0.010916430264432005
pi+ n,0.35,0.45,0.4,1.54,1.56,1.55,1.515,16.132832258420454,3.85448285854239,0.03519204883358217,0.008408142278627413,0.007397539245919792,0.0017674322624850857,0.051643634757558086,0.01233878228802221
pi+ n,0.45,0.55,0.5,1.1,1.12,1.11,1.515,35.32211038715677,3.8360394043036257,0.0190510816500205,0.0020689788662983386,0.017833488688350038,0.0019367462638808753,0.04122965923648906,0.00447760894588818
pi+ n,0.45,0.55,0.5,1.12,1.14,1.13,1.515,44.09399575115073,3.289034258416617,0.027395251763565276,0.0020434510421061805,0.023459163979257673,0.00174985262023068,0.05648383483695925,0.00421321009041592
pi+ n,0.45,0.55,0.5,1.14,1.16,1.15,1.515,63.00763523277575,5.081987007063591,0.04448064711062633,0.003587661556363179,0.03485892849496654,0.00281160562584368,0.08746628882907331,0.007054740933273394
pi+ n,0.45,0.55,0.5,1.16,1.18,1.17,1.515,82.0283960275796,5.749228213903692,0.06504579273458247,0.004558946960997011,0.04666427491429671,0.003270618211630404,0.1221046392317506,0.008558102692678315
pi+ n,0.45,0.55,0.5,1.18,1.2,1.19,1.515,111.86242673480916,8.099864203646405,0.09865744575705954,0.007143702641149006,0.06479901171346479,0.00469204191907837,0.17695965879235748,0.012813500006930129
pi+ n,0.45,0.55,0.5,1.22,1.24,1.23,1.515,122.42850688441345,6.690932209964555,0.1303198450932861,0.007122207656714221,0.07172852639073284,0.003920089526650493,0.2139263890124019,0.011691451633530596
pi+ n,0.45,0.55,0.5,1.24,1.26,1.25,1.515,103.05510026068983,5.830834795381578,0.11926851250805773,0.006748186076828828,0.06006890985610458,0.0033986856431521702,0.18750264114674733,0.010608857994012703
pi+ n,0.45,0.55,0.5,1.26,1.28,1.27,1.515,93.67293876617961,8.586260855360116,0.11717457275088497,0.010740470625842227,0.053975282869175016,0.004947489259554573,0.1765345753892974,0.016181534755371735
pi+ n,0.45,0.55,0.5,1.28,1.3,1.29,1.515,67.19995951478353,4.390876030107136,0.09037656595386014,0.005905246074484625,0.038052526527450954,0.00248636945350604,0.13056783285292803,0.008531361800163482
pi+ n,0.45,0.55,0.5,1.3,1.32,1.31,1.515,58.355443942459864,7.269392159992446,0.08397951985429232,0.0104614072310147,0.03229432972398518,0.004022934818887319,0.1164103020228951,0.014501340058384191
pi+ n,0.45,0.55,0.5,1.32,1.34,1.33,1.515,49.81672813511502,5.400927224330954,0.07638588886243915,0.008281447661374272,0.02680260099604325,0.002905829082347375,0.10165046180882958,0.011020529992657938
pi+ n,0.45,0.55,0.5,1.34,1.36,1.35,1.515,43.323859179213144,4.534877929011441,0.07050673840886591,0.007380216303776575,0.02254822240145441,0.0023602107024634205,0.09012276044793831,0.009433502116381949
pi+ n,0.45,0.55,0.5,1.36,1.38,1.37,1.515,39.093426547299224,2.6210452375082385,0.06729011174389006,0.004511511077299127,0.019587194113938933,0.0013132366840848287,0.08265766316024567,0.0055418389612790124
pi+ n,0.45,0.55,0.5,1.38,1.4,1.39,1.515,37.173538187324006,3.90110807124683,0.06745994103258074,0.007079458487967527,0.017845693803045903,0.0018727832626866093,0.07967444219343578,0.00836128667512443
pi+ n,0.45,0.55,0.5,1.4,1.42,1.41,1.515,35.18999879823911,3.0288027488317546,0.06713426016373034,0.005778244918123369,0.016110918280639822,0.0013866665314307264,0.07627220530094288,0.006564747739818494
pi+ n,0.45,0.55,0.5,1.42,1.44,1.43,1.515,33.65015135617906,3.607682585057736,0.06731143488814578,0.007216558667175793,0.014623685543022175,0.0015678269944314526,0.07359768860308706,0.007890517242059997
pi+ n,0.45,0.55,0.5,1.44,1.46,1.45,1.515,34.985385793421486,2.501265151527578,0.07320392756460141,0.005233683402934389,0.014363540155749815,0.001026915142690797,0.07706642976029607,0.005509831340728645
pi+ n,0.45,0.55,0.5,1.46,1.48,1.47,1.515,40.07989164396923,2.591792416165686,0.08753564470622385,0.005660549736738183,0.01546964785168211,0.0010003548996314812,0.08877146402026279,0.005740464801238092
pi+ n,0.45,0.55,0.5,1.48,1.5,1.49,1.515,44.36292992872289,4.942673212269194,0.10093497096406885,0.011245618311658566,0.01601507361850386,0.0017843112592851428,0.09864865233220337,0.010990889287345026
pi+ n,0.45,0.55,0.5,1.5,1.52,1.51,1.515,31.602674105250127,9.324346551821536,0.0747723320335992,0.022061523466247433,0.010612593944782813,0.0031312383067760184,0.07046248183140376,0.02078990522476981
pi+ n,0.55,0.65,0.6,1.1,1.12,1.11,1.515,21.116315612303147,2.267923542457136,0.012581221438662884,0.0013512417988763847,0.006835640767711557,0.000734157933112174,0.016639106064334393,0.0017870646121030105
pi+ n,0.55,0.65,0.6,1.12,1.14,1.13,1.515,36.24893428711261,3.1754006897895377,0.024814129509822272,0.002173713669425864,0.012387174249755483,0.001085114429728243,0.03144054674273321,0.0027541867306628515
pi+ n,0.55,0.65,0.6,1.14,1.16,1.15,1.515,51.57289253232778,5.830253057163751,0.04003550083141805,0.00452596489466133,0.018361456396378737,0.0020757404138591214,0.048630039586446926,0.0054975670947902
pi+ n,0.55,0.65,0.6,1.16,1.18,1.17,1.515,68.7524337724549,7.86825837803655,0.05986376971910742,0.0068510099466752164,0.02521926654519225,0.0028861771779437107,0.06975169706458752,0.007982617409983093
pi+ n,0.55,0.65,0.6,1.18,1.2,1.19,1.515,92.93727744477785,6.425742602764134,0.08991799016712143,0.006216987155827908,0.03478446863640482,0.0024050203338942186,0.10055715021402307,0.006952585463101578
pi+ n,0.55,0.65,0.6,1.2,1.22,1.21,1.515,112.66456133688108,7.724400956230765,0.120143381775009,0.008237156760347517,0.042659730770357104,0.0029247960604913284,0.12902376230759108,0.008846005000323
pi+ n,0.55,0.65,0.6,1.22,1.24,1.23,1.515,109.23536814057188,6.982690699196071,0.12748131393820103,0.008149032683370883,0.0415237957068558,0.002654340137385303,0.13153256413458947,0.008408002168693933
pi+ n,0.55,0.65,0.6,1.24,1.26,1.25,1.515,87.9559361283854,5.842742293501884,0.11163355269542384,0.007415600451973693,0.03333279171161616,0.0022142327222766825,0.11071316387134969,0.007354460806992426
pi+ n,0.55,0.65,0.6,1.26,1.28,1.27,1.515,70.78588778444784,7.567103924485187,0.09716268223567211,0.010386817726973526,0.02657267457163294,0.0028406536433841223,0.09266415053949847,0.00990591880887003
pi+ n,0.55,0.65,0.6,1.28,1.3,1.29,1.515,65.29805556357714,8.47580758643379,0.09645143264420676,0.012519573170631655,0.024136250937358727,0.0031329297180028907,0.08849308795910839,0.011486565408375456
pi+ n,0.55,0.65,0.6,1.3,1.32,1.31,1.515,50.07554757225342,5.325928331343358,0.07923951450399279,0.008427745590795082,0.018122734294330877,0.0019274953285396744,0.0699686903496834,0.007441720526424192
pi+ n,0.55,0.65,0.6,1.32,1.34,1.33,1.515,44.46676298094903,4.458875070860269,0.07507621516499803,0.007528217521863942,0.015671944845659713,0.0015714938416845781,0.063825178570846,0.006400027313539261
pi+ n,0.55,0.65,0.6,1.34,1.36,1.35,1.515,40.989368680015154,3.6131773005970484,0.07356984301975293,0.0064851178578181805,0.013995585614797034,0.0012336987340964465,0.06023912414982321,0.005310026550667728
pi+ n,0.55,0.65,0.6,1.36,1.38,1.37,1.515,37.72238635256519,4.372216630258636,0.07173801987552604,0.008314801735767454,0.012415028963521991,0.0014389650641962177,0.056594609868836666,0.0065596034179502705
pi+ n,0.55,0.65,0.6,1.38,1.4,1.39,1.515,33.474832417478034,4.507689943086927,0.0672485954577068,0.009055633607090188,0.010566153071898022,0.0014228283907537507,0.05113415455231488,0.00688567791315885
pi+ n,0.55,0.65,0.6,1.4,1.42,1.41,1.515,26.482708062449984,4.526119963017436,0.056047271475747305,0.009578955207331213,0.007976788255003671,0.0013633009311810943,0.04109024245850174,0.007022671784097217
pi+ n,1.8,1.8,1.8,1.605,1.605,1.605,5.499,14.793581584168768,0.6257635837336021,0.07636829684491177,0.003230353572284618,0.015285255479093119,0.0006465612260601481,0.004108107915831492,0.00017377159933508677
pi+ n,1.8,1.8,1.8,1.615,1.615,1.615,5.499,15.09514848102956,0.6022364672383508,0.07919791974199737,0.00315968242763478,0.015583720697078498,0.0006217285580749464,0.004234402059423793,0.00016893582334343843
pi+ n,1.8,1.8,1.8,1.625,1.625,1.625,5.499,15.513710560154054,0.6047798016715155,0.08269944414441856,0.0032239194636301998,0.015996964704014537,0.0006236187727962917,0.00439456893007445,0.00017131597986547956
pi+ n,1.8,1.8,1.8,1.635,1.635,1.635,5.499,15.591157220789649,0.5808067034855038,0.08442149533095801,0.0031448961556945422,0.016052593651985053,0.0005979962788759278,0.004458493225529278,0.00016608919505854092
pi+ n,1.8,1.8,1.8,1.645,1.645,1.645,5.499,15.998642953566641,0.5802853540728088,0.0879682832612114,0.0031906897695988114,0.016442003983153826,0.0005963664625007413,0.00461709472232471,0.0001674662315740098
pi+ n,1.8,1.8,1.8,1.655,1.655,1.655,5.499,15.94101853261943,0.5602034398182867,0.08898379813159954,0.003127091891864635,0.016347638749543765,0.0005744929937608126,0.0046413853208676645,0.00016310877607673895
pi+ n,1.8,1.8,1.8,1.665,1.665,1.665,5.499,15.843636090607387,0.5416298008873666,0.08976112183734362,0.003068569504509698,0.016207891947304112,0.000554082234533685,0.004652705814723535,0.00015905718293480393
pi+ n,1.8,1.8,1.8,1.675,1.675,1.675,5.499,15.062235303483694,0.522557259807259,0.0865866503044806,0.003003968654541855,0.015366033425392755,0.000533096991189803,0.004460008727136705,0.00015473200970575582
pi+ n,1.8,1.8,1.8,1.685,1.685,1.685,5.499,14.169059122345697,0.49279845236107067,0.08262719337834996,0.002873765482111192,0.014410681046210096,0.0005012020385913727,0.004229238905234055,0.00014709250410831348
pi+ n,1.8,1.8,1.8,1.695,1.695,1.695,5.499,13.35270524933741,0.4920354309904846,0.07897085536664142,0.002910006484112332,0.013534954336071433,0.0004987511493609808,0.004016499250695105,0.00014800446074302365
pi+ n,1.8,1.8,1.8,1.705,1.705,1.705,5.499,12.162300624080167,0.43192886011875736,0.07293343446478211,0.0025901394963505865,0.012283510943472868,0.000436233492663875,0.003685840226363974,0.00013089799510474263
pi+ n,1.8,1.8,1.8,1.715,1.715,1.715,5.499,10.700402808688409,0.387701533832433,0.06504662024885999,0.0023567967385883823,0.010764741425775558,0.0003900326779001209,0.003266262643340946,0.00011834461369011597
pi+ n,1.8,1.8,1.8,1.725,1.725,1.725,5.499,9.428404783448105,0.36432125145520644,0.0580870501647661,0.0022445309991908895,0.009445348215382695,0.0003649759594856882,0.0028980770140598494,0.0001119840597456529
pi+ n,1.8,1.8,1.8,1.735,1.735,1.735,5.499,8.004589555245028,0.3262145971506666,0.04996914218094661,0.0020364146686123125,0.007983195163419027,0.00032534270198819327,0.0024769919560573795,0.00010094595450696598
pi+ n,1.8,1.8,1.8,1.745,1.745,1.745,5.499,6.90021413599721,0.2997655615996269,0.04363698058455164,0.0018957185579501889,0.006849230778095129,0.00029755069484150367,0.0021491044718038657,9.336340818261468e-05
pi+ n,1.8,1.8,1.8,1.755,1.755,1.755,5.499,6.184507256642697,1.052159850970006,0.03961287620255478,0.006739272215584578,0.0061081742677024245,0.0010391734475372625,0.0019382399167996458,0.00032974950749934133
pi+ n,1.8,1.8,1.8,1.765,1.765,1.765,5.499,5.32051675273634,0.2808112172565521,0.03450931210475618,0.0018213648014244065,0.005227265728218126,0.00027588952733011537,0.0016775061511385921,8.853699107597291e-05
pi+ n,1.8,1.8,1.8,1.775,1.775,1.775,5.499,4.852575458491013,0.4447346381139112,0.03186546169953391,0.0029204439371421586,0.004741291207024158,0.00043453552596671343,0.001538839010170959,0.00014103335767946373
pi+ n,1.8,1.8,1.8,1.78,1.78,1.78,5.499,4.522280532372766,0.2263614820244438,0.029878350684694882,0.0014955524525775037,0.004405980483309029,0.00022054011572990962,0.0014381291801831427,7.198515223425352e-05
pi+ n,1.8,1.8,1.8,1.83,1.83,1.83,5.499,3.5957468480297194,0.16461393854070616,0.025188616671152766,0.0011531394093837713,0.0033933091659783623,0.00015534630498363722,0.001172671151432813,5.368509659021044e-05
pi+ n,1.8,1.8,1.8,1.89,1.89,1.89,5.499,3.233690357110226,0.15198754469178377,0.024166629017078087,0.0011358621890641685,0.0029146615785198143,0.00013699278780748305,0.0010801285085274164,5.076740869814969e-05
pi+ n,1.8,1.8,1.8,1.95,1.95,1.95,5.499,2.3669566080457907,0.1143360665341806,0.018773025233323578,0.0009068327889193022,0.002021828235025566,9.76646072913965e-05,0.0008048668704524604,3.8879171565036956e-05
pi+ n,1.8,1.8,1.8,2.01,2.01,2.01,5.499,1.8185193209273658,0.11042863357818743,0.015237955857177856,0.0009253168907629648,0.0014612755631158464,8.873519343956672e-05,0.0006261994610284691,3.80256343900199e-05
pi+ n,2.2,2.2,2.2,1.605,1.605,1.605,5.499,8.759437090611343,0.45929973204865926,0.04984948845639464,0.002613850234203444,0.005477516077847714,0.00028721271022589113,0.0015638265813789462,8.199900545752893e-05
pi+ n,2.2,2.2,2.2,1.615,1.615,1.615,5.499,9.305165926925236,0.48458953897566254,0.05383357309331166,0.0028035165166926455,0.005819537903463594,0.00030306683532968184,0.0016802483347979449,8.750308939342172e-05
pi+ n,2.2,2.2,2.2,1.625,1.625,1.625,5.499,9.74496811385168,0.49498882877987915,0.057297180667500336,0.00291037015407794,0.006093326649734848,0.00030950625866474574,0.0017792112151753298,9.037378729847593e-05
pi+ n,2.2,2.2,2.2,1.635,1.635,1.635,5.499,10.161479408294856,0.46125252783265586,0.06070380067658581,0.0027554827782525996,0.006350330376786216,0.0002882558553899252,0.0018752794736821446,8.512317575750803e-05
pi+ n,2.2,2.2,2.2,1.645,1.645,1.645,5.499,10.47570014994353,0.46740913328979916,0.06356726956745319,0.002836270793249317,0.006541032030373804,0.00029185047952659434,0.001953537157421087,8.716373097071994e-05
pi+ n,2.2,2.2,2.2,1.655,1.655,1.655,5.499,10.62612864757012,0.4628785644208084,0.06547952807363593,0.002852315359517824,0.006627096859714201,0.0002886790836476097,0.0020017694659801456,8.719790691845034e-05
pi+ n,2.2,2.2,2.2,1.66,1.66,1.66,5.499,2.7608127744187883,0.14329481757256657,0.017142196511135167,0.0008897336120060965,0.0017205863751670143,8.930381409123454e-05,0.0005226713182559359,2.7128276098209696e-05
pi+ n,2.2,2.2,2.2,1.665,1.665,1.665,5.499,10.509601144266439,0.4582389487617783,0.06574881981864947,0.002866775785536099,0.0065446027665144015,0.00028535734616599596,0.001999399297072738,8.71776787214697e-05
pi+ n,2.2,2.2,2.2,1.675,1.675,1.675,5.499,10.241578377593362,0.4334185482112244,0.06503302118280914,0.0027521653975240493,0.006366181433853408,0.0002694136599829817,0.001967122736404128,8.324766448410615e-05
pi+ n,2.2,2.2,2.2,1.685,1.685,1.685,5.499,9.794617956909098,0.39950403656794226,0.06311267358375004,0.002574247200475783,0.006075517925534196,0.0002478089442763478,0.0018988174089781856,7.744918923123105e-05
pi+ n,2.2,2.2,2.2,1.695,1.695,1.695,5.499,9.273978089051958,0.39237849052065227,0.060625663281407546,0.0025650487866964327,0.005738738810807814,0.00024280385940692267,0.0018141600982578216,7.675642470597755e-05
pi+ n,2.2,2.2,2.2,1.705,1.705,1.705,5.499,8.453706770070166,0.3529704645743573,0.0560532507060545,0.002340410246149898,0.005217052932263023,0.00021782936731724466,0.0016682303094959312,6.96541816951282e-05
pi+ n,2.2,2.2,2.2,1.715,1.715,1.715,5.499,7.438957899865313,0.33017604491549957,0.050018788134814675,0.002220069781295367,0.004577127480715957,0.0002031545102149592,0.001480499649800823,6.571155872234046e-05
pi+ n,2.2,2.2,2.2,1.725,1.725,1.725,5.499,6.327772779530928,0.28921718559774134,0.043136607483336434,0.001971601801651584,0.0038807155196579264,0.00017737198534239118,0.0012697702212304699,5.8036118320816345e-05
pi+ n,2.2,2.2,2.2,1.735,1.735,1.735,5.499,5.174611936763104,0.2423388469298401,0.035756568184486366,0.0016745614183035747,0.003162261967131356,0.00014809592065450066,0.001046702532837641,4.901946039360159e-05
pi+ n,2.2,2.2,2.2,1.74,1.74,1.74,5.499,1.6263475388919981,0.0835849678680465,0.011313562848343525,0.0005814524660554218,0.000992014961621369,5.098389901843106e-05,0.0003302593798496555,1.697344447771663e-05
pi+ n,2.2,2.2,2.2,1.745,1.745,1.745,5.499,4.368121613581235,0.2210759565592053,0.030589106934787134,0.001548151968771673,0.0026592235889828053,0.00013458654557861328,0.0008904448755498705,4.506649998328146e-05
pi+ n,2.2,2.2,2.2,1.755,1.755,1.755,5.499,3.976431754629128,0.337178713494896,0.028214534589006413,0.002392431471633721,0.0024108847880762473,0.00020442926759188932,0.0008167152033410377,6.925278705806365e-05
pi+ n,2.2,2.2,2.2,1.765,1.765,1.765,5.499,3.550979262315077,0.27102688922520635,0.02552408070622127,0.00194811393790856,0.0021435729056790507,0.00016360723438155658,0.0007346665821470315,5.607309524168015e-05
pi+ n,2.2,2.2,2.2,1.775,1.775,1.775,5.499,3.135369181704923,0.20009728935781249,0.022826043291612516,0.0014567437276818893,0.0018839615751044087,0.00012023324290879156,0.0006532784936833521,4.1691822623169444e-05
pi+ n,2.2,2.2,2.2,1.78,1.78,1.78,5.499,2.8500079082978997,0.1695057075149882,0.02087986252215181,0.0012418407188725192,0.0017083772828697889,0.00010160663035083342,0.0005958728751546542,3.5439850183574424e-05
pi+ n,2.2,2.2,2.2,1.83,1.83,1.83,5.499,2.3681500959083777,0.1298677275076837,0.018434417239328083,0.0010109308016144555,0.001380970541635264,7.573147762343756e-05,0.0005110241067177411,2.8024211622287607e-05
pi+ n,2.2,2.2,2.2,1.89,1.89,1.89,5.499,2.1372919753080755,0.11826229537060745,0.017798023471160218,0.0009848140231078896,0.001196265380162973,6.619268278030809e-05,0.00047599033434676905,2.6337865937085057e-05
pi+ n,2.2,2.2,2.2,1.95,1.95,1.95,5.499,1.8108913091925418,0.1022860255091,0.016050077505301966,0.0009065693941964777,0.0009648947078557907,5.450092128684422e-05,0.00041367820753965333,2.3366117819532145e-05
pi+ n,2.2,2.2,2.2,2.01,2.01,2.01,5.499,1.4480061125477746,0.1124571375830712,0.013599319583163415,0.001056169956844367,0.0007287388223634439,5.6596364682781835e-05,0.000337473654260338,2.620936530512366e-05
pi+ n,2.6,2.6,2.6,1.605,1.605,1.605,5.499,6.8502113652260075,0.4179050700218545,0.04217173612531056,0.0025727355549721234,0.002742546522573561,0.00016731222373260064,0.0008349916075394926,5.0939629102224024e-05
pi+ n,2.6,2.6,2.6,1.615,1.615,1.615,5.499,7.279563349628725,0.41978618094962544,0.045565559053230634,0.0026276015605751794,0.0029168170500034223,0.00016820232631290153,0.0008983853610453218,5.1806645758979565e-05
pi+ n,2.6,2.6,2.6,1.625,1.625,1.625,5.499,7.0893797194714825,0.4069047163494776,0.0451062461786356,0.0025889351442830778,0.0028419574491188584,0.00016311806328201656,0.0008855373581463074,5.082663671459423e-05
pi+ n,2.6,2.6,2.6,1.635,1.635,1.635,5.499,7.414327511534978,0.4160348229593295,0.04793840696456087,0.0026899333248261623,0.0029726312264623726,0.0001668011163656583,0.0009370812341456811,5.258176479792387e-05
pi+ n,2.6,2.6,2.6,1.645,1.645,1.645,5.499,7.677123334215316,0.45525837234872923,0.05042931058203737,0.0029904906896475528,0.0030774066157160237,0.00018249219999919242,0.0009814758349518565,5.8202150944792984e-05
pi+ n,2.6,2.6,2.6,1.655,1.655,1.655,5.499,7.845071027579436,0.4152643927344066,0.052341510256426124,0.0027706014891420204,0.0031431135856502656,0.0001663749314508172,0.001014204541573859,5.368505034365429e-05
pi+ n,2.6,2.6,2.6,1.665,1.665,1.665,5.499,7.880237862152224,0.3940935454830826,0.05338859635992813,0.0026699830126831825,0.0031545800266659712,0.000157761688030997,0.0010298894080763847,5.150514177162733e-05
pi+ n,2.6,2.6,2.6,1.675,1.675,1.675,5.499,7.592273291160246,0.3709312297740911,0.052220189599232,0.0025512910829529954,0.003035831279206624,0.00014831982287753998,0.0010028215631266808,4.899426316590227e-05
pi+ n,2.6,2.6,2.6,1.685,1.685,1.685,5.499,7.371569484300804,0.37217502431460137,0.051461711597030134,0.002598193479107162,0.002943310896069017,0.00014860157075678967,0.0009837691348865635,4.966843254697871e-05
pi+ n,2.6,2.6,2.6,1.695,1.695,1.695,5.499,7.142697816842871,0.35807721595454245,0.05059957943695439,0.0025366544963628165,0.0028469364856908708,0.00014272241622650492,0.0009628541430422897,4.826973501495177e-05
pi+ n,2.6,2.6,2.6,1.705,1.705,1.705,5.499,6.664876114556587,0.33569235203663395,0.04790073884702451,0.0024126347454126707,0.0026510499866880836,0.0001335264437180341,0.0009072805172500312,4.569734314002919e-05
pi+ n,2.6,2.6,2.6,1.715,1.715,1.715,5.499,5.903494915695207,0.30718710981424674,0.04303603964479197,0.002239371224185794,0.0023427089491747394,0.00012190236487198057,0.0008113324621576663,4.2217513135494984e-05
pi+ n,2.6,2.6,2.6,1.725,1.725,1.725,5.499,5.039661765760105,0.26979524360466517,0.03725694227945822,0.001994527864259424,0.001994659148887814,0.0001067828707550765,0.0006990731187170692,3.742445646712923e-05
pi+ n,2.6,2.6,2.6,1.735,1.735,1.735,5.499,4.154925592489718,0.23313878128675078,0.031143234653732626,0.0017474911670193756,0.0016397036469452332,9.200610249464976e-05,0.0005815805309019647,3.263331031479142e-05
pi+ n,2.6,2.6,2.6,1.74,1.74,1.74,5.499,1.292840775175886,0.08673798546284378,0.00975686903642626,0.0006545981383742147,0.000509411610573018,3.4176936341194093e-05,0.00018176710215918836,1.2194937356119514e-05
pi+ n,2.6,2.6,2.6,1.745,1.745,1.745,5.499,3.5805918394086764,0.22494239536886615,0.027205956316688717,0.0017091512399769518,0.0014085429729577149,8.848845233625336e-05,0.0005056185971200003,3.176431815752603e-05
pi+ n,2.6,2.6,2.6,1.755,1.755,1.755,5.499,3.5601044156647568,0.25094372048217517,0.0274155368346303,0.001932459279010677,0.0013956328797899195,9.837500994092031e-05,0.0005070503578134939,3.57408346512717e-05
pi+ n,2.6,2.6,2.6,1.765,1.765,1.765,5.499,3.039193042517404,0.3312695032950248,0.023715663381917048,0.002584987501265208,0.001186974747780578,0.0001293792561446869,0.00043648321230814046,4.7576305590041024e-05
pi+ n,2.6,2.6,2.6,1.775,1.775,1.775,5.499,2.7845210784609096,0.21417879472719473,0.022013573731139477,0.0016932321776424568,0.0010831572072801867,8.33138980163771e-05,0.000403165734674854,3.101055754108073e-05
pi+ n,2.6,2.6,2.6,1.78,1.78,1.78,5.499,2.3393611416224958,0.18785981282862707,0.018613989448163018,0.0014947758648759448,0.0009080792309904786,7.292229973911544e-05,0.0003400607970179,2.7308206732812953e-05
pi+ n,2.6,2.6,2.6,1.83,1.83,1.83,5.499,1.9893859142788763,0.13794244919362936,0.016844544400519024,0.001167987414347755,0.0007534380968887084,5.224280299495785e-05,0.00030004784220989694,2.0805080569146317e-05
pi+ n,2.6,2.6,2.6,1.89,1.89,1.89,5.499,1.727976025090437,0.13427701219343424,0.015683011573361258,0.0012186904827894156,0.0006301474291714737,4.8967296306145656e-05,0.0002706833320345911,2.1034174403123405e-05
pi+ n,2.6,2.6,2.6,1.95,1.95,1.95,5.499,1.3087963248194947,0.09711063692665636,0.012669790393633026,0.0009400785985723368,0.00045563178430825567,3.3807164597826935e-05,0.0002116314068862983,1.5702718846836023e-05
pi+ n,2.6,2.6,2.6,2.01,2.01,2.01,5.499,1.0510843558891219,0.11185163745584789,0.0108063075137718,0.00114995831066704,0.00034641354674214554,3.6863760955913484e-05,0.00017449569118195882,1.8569041274695705e-05
pi+ n,3.15,3.15,3.15,1.605,1.605,1.605,5.499,3.8674136539045647,0.46389002069846724,0.025977477917933676,0.0031159565144726047,0.0008936697687324694,0.00010719424520217867,0.00029942603026855116,3.591566866365666e-05
pi+ n,3.15,3.15,3.15,1.615,1.615,1.615,5.499,4.248035434707683,0.4773031323884265,0.029016340685357772,0.0032602341747001054,0.0009830150059751046,0.00011045014777967163,0.0003333746806953275,3.745749813073788e-05
pi+ n,3.15,3.15,3.15,1.625,1.625,1.625,5.499,4.360332061296939,0.2699365868347031,0.030278862014445743,0.0018744839958329542,0.0010100819318572985,6.253149193134222e-05,0.0003467397756388941,2.1465739361133443e-05
pi+ n,3.15,3.15,3.15,1.635,1.635,1.635,5.499,4.612424761286997,0.2934678326661727,0.032554055673512015,0.002071268076432271,0.001069260359073034,6.803222521194245e-05,0.0003715526956120974,2.3640226116584177e-05
pi+ n,3.15,3.15,3.15,1.645,1.645,1.645,5.499,4.567282284483424,0.2798011296168382,0.03275538780267413,0.0020066625921858075,0.0010592142343395215,6.488964789439392e-05,0.00037258607941230946,2.2825391426591934e-05
pi+ n,3.15,3.15,3.15,1.655,1.655,1.655,5.499,4.546993238293505,0.26041994563168985,0.033127933873996804,0.0018973361705710956,0.0010545789792965302,6.039890232073355e-05,0.0003755298501274428,2.1507721262846678e-05
pi+ n,3.15,3.15,3.15,1.665,1.665,1.665,5.499,4.610176462756411,0.2761450846906318,0.03411391096251051,0.0020433900758407664,0.0010689578078709175,6.402953265887243e-05,0.00038535928593544854,2.3082646295786383e-05
pi+ n,3.15,3.15,3.15,1.675,1.675,1.675,5.499,4.6715096370377625,0.27108327819259137,0.035100758959362884,0.0020368637860256537,0.0010825551478626818,6.281964955828883e-05,0.0003951056975700479,2.292760928515952e-05
pi+ n,3.15,3.15,3.15,1.685,1.685,1.685,5.499,4.734818434605721,0.2603875562568521,0.03611700861299237,0.0019862260278683506,0.0010962497594348088,6.0287379515992337e-05,0.00040508819034777455,2.2277501325550006e-05
pi+ n,3.15,3.15,3.15,1.695,1.695,1.695,5.499,4.580324040269155,0.2514903111556009,0.03546174881294807,0.0019470863119470478,0.001059208362569912,5.8157597222241136e-05,0.00039629429933054684,2.175919777107592e-05
pi+ n,3.15,3.15,3.15,1.705,1.705,1.705,5.499,4.301353277820658,0.2288072366873132,0.03379350396727966,0.0017976199026955174,0.000993200258570878,5.283253710233905e-05,0.0003762615946674776,2.001495115301175e-05
pi+ n,3.15,3.15,3.15,1.715,1.715,1.715,5.499,3.8181554375367717,0.20678895823599314,0.030433844301013615,0.0016482783535347917,0.0008800373697655636,4.7662284545431575e-05,0.00033759178881127236,1.8283764361973043e-05
pi+ n,3.15,3.15,3.15,1.725,1.725,1.725,5.499,3.4756035012451467,0.20751053259975444,0.028100992616045116,0.0016777667366971586,0.0007994006898891386,4.772813206687062e-05,0.00031053802875616093,1.8540639551255774e-05
pi+ n,3.15,3.15,3.15,1.735,1.735,1.735,5.499,2.819586351245913,0.1774095640893047,0.02311959973218951,0.0014546949798485596,0.0006469624422064787,4.0707150112031795e-05,0.0002545138730998362,1.60141203908759e-05
pi+ n,3.15,3.15,3.15,1.745,1.745,1.745,5.499,2.6449526467279023,0.227534626630111,0.021990423789056968,0.0018917476169076112,0.000605264313904529,5.2068451904865054e-05,0.00024114761997021534,2.0744958795592193e-05
pi+ n,3.15,3.15,3.15,1.755,1.755,1.755,5.499,2.4197852996257563,0.2616224398834968,0.020395418616698028,0.0022051126526684336,0.0005520940475716187,5.969132542179727e-05,0.00022278231551451527,2.408678693800513e-05
pi+ n,3.15,3.15,3.15,1.765,1.765,1.765,5.499,2.1600927527092284,0.23582569433779405,0.01845395774492748,0.0020146900604242944,0.0004912410199028903,5.3630685284466346e-05,0.0002007784313499455,2.1919759196343942e-05
pi+ n,3.15,3.15,3.15,1.775,1.775,1.775,5.499,1.8914529446257697,0.21564346933764297,0.01637559596993389,0.0018669723386255037,0.00042862942244996263,4.886779551134323e-05,0.00017745371136150702,2.0231396225618125e-05
pi+ n,3.15,3.15,3.15,1.78,1.78,1.78,5.499,1.8463128072272526,0.16156874545951364,0.016090547525812734,0.0014080656145187308,0.00041761735727745454,3.6545222582714185e-05,0.00017401310822537543,1.5227690280558157e-05
pi+ n,3.15,3.15,3.15,1.83,1.83,1.83,5.499,1.4518852873060042,0.1099803972092862,0.013485066060797395,0.0010214945593338602,0.0003211039923298829,2.4323646592945307e-05,0.00014283834726039937,1.0820013334225425e-05
pi+ n,3.15,3.15,3.15,1.89,1.89,1.89,5.499,1.1909482235352988,0.09439938646585519,0.011880622878599315,0.0009417063549939763,0.00025415438909818437,2.0145307683698585e-05,0.00012258436981795175,9.716534331582686e-06
pi+ n,3.15,3.15,3.15,1.95,1.95,1.95,5.499,0.8506828149335344,0.07779702290098876,0.00907139598531846,0.0008296013376841258,0.00017355674845532154,1.5872188901870257e-05,9.105330733346054e-05,8.327047533439899e-06
pi+ n,3.15,3.15,3.15,2.01,2.01,2.01,5.499,0.736681220546466,0.1663760289616811,0.00836278447202365,0.0018886959959228979,0.00014237936593321525,3.215571789990575e-05,8.155788121819163e-05,1.841946832518085e-05
pi+ n,4.0,4.0,4.0,1.605,1.605,1.605,5.499,1.7578216206484039,0.1696018221196255,0.013092799741350178,0.0012632468884762366,0.00019076213594170356,1.840551138244074e-05,7.56658828322857e-05,7.300553964009179e-06
pi+ n,4.0,4.0,4.0,1.615,1.615,1.615,5.499,2.198304326608229,0.35293460237577495,0.01665297709874279,0.0026736115557694194,0.00023898098600881124,3.836805407308008e-05,9.605146871032727e-05,1.54209253498549e-05
pi+ n,4.0,4.0,4.0,1.625,1.625,1.625,5.499,2.1740927353055115,3.755758545126829,0.01674634514490307,0.02892941402923856,0.00023667644345988007,0.0004088600088301937,9.639448642458893e-05,0.00016652206698137355
pi+ n,4.0,4.0,4.0,1.635,1.635,1.635,5.499,2.3074051763779035,0.2715936894991091,0.018067508650840124,0.0021266405158376377,0.0002514478477754137,2.9596730298203268e-05,0.00010378300943479888,1.2215804457873628e-05
pi+ n,4.0,4.0,4.0,1.645,1.645,1.645,5.499,2.2460783140118377,0.23062685103595987,0.017874303743287107,0.0018353297661342584,0.00024493110507852546,2.51494745898341e-05,0.00010245403578635647,1.0519958944409453e-05
pi+ n,4.0,4.0,4.0,1.655,1.655,1.655,5.499,2.171478865812831,0.19845280263731116,0.017558597504522933,0.0016046911346976115,0.00023687522988891593,2.164817442476763e-05,0.00010042414279025403,9.17782480084853e-06
pi+ n,4.0,4.0,4.0,1.665,1.665,1.665,5.499,2.0751018998607167,0.16979819759992415,0.017045369507296446,0.0013947618764928655,0.0002263604025647946,1.8522265516732075e-05,9.727020548241057e-05,7.95927446849534e-06
pi+ n,4.0,4.0,4.0,1.675,1.675,1.675,5.499,1.8162552440051742,0.15547866694587303,0.015152420015537061,0.0012971073712219686,0.00019805634319522384,1.6954410081846407e-05,8.626955314502777e-05,7.385016596801002e-06
pi+ n,4.0,4.0,4.0,1.685,1.685,1.685,5.499,2.215153361633307,0.2101931443586614,0.018765271741292645,0.001780613270558724,0.00024139158447195568,2.290534688960241e-05,0.00010658838230763962,1.0114038882087405e-05
pi+ n,4.0,4.0,4.0,1.695,1.695,1.695,5.499,1.991486999037106,0.1847401625308958,0.017127132685581886,0.0015887973547165808,0.0002168001084299802,2.0111448022224383e-05,9.70502735376243e-05,9.002862341394853e-06
pi+ n,4.0,4.0,4.0,1.705,1.705,1.705,5.499,1.9852424754864522,0.1713054957992886,0.017329632558903286,0.0014953645885473,0.00021583309591741552,1.8624120711989368e-05,9.795722156372013e-05,8.452675486394688e-06
pi+ n,4.0,4.0,4.0,1.715,1.715,1.715,5.499,1.7618339771138904,0.17837634229316954,0.015607167180616588,0.0015801428689647885,0.0001912282785820856,1.936084859276537e-05,8.800034804677841e-05,8.909568329942295e-06
pi+ n,4.0,4.0,4.0,1.725,1.725,1.725,5.499,2.0694299127726685,0.2282835073565883,0.018599872492784046,0.0020517941210916038,0.0002241723368602418,2.4728958924834226e-05,0.00010460729266670792,1.1539467714100105e-05
pi+ n,4.0,4.0,4.0,1.735,1.735,1.735,5.499,1.3009712169633765,0.12278361044140405,0.01186167404231532,0.0011194860776351505,0.0001406066547448616,1.3270234188546299e-05,6.65377994246302e-05,6.279732508803121e-06
pi+ n,4.0,4.0,4.0,1.745,1.745,1.745,5.499,9.32652455823907,1.4540853542469234,0.08624582923689877,0.013446466191682221,0.001005376584938662,0.0001567468523278211,0.0004825141402132085,7.52281023997587e-05
pi+ n,4.0,4.0,4.0,1.755,1.755,1.755,5.499,2.7246055650497425,0.49753336161284734,0.025549636526972407,0.004665554791604817,0.0002928519927419494,5.3476964986402784e-05,0.00014255599303698665,2.6031790929141238e-05
pi+ n,4.0,4.0,4.0,1.765,1.765,1.765,5.499,3.1307536002728167,0.4739618216403169,0.02976579839632245,0.004506216020727419,0.0003354245578111642,5.077960604412422e-05,0.0001656253035900346,2.507385780612781e-05
pi+ n,4.0,4.0,4.0,1.775,1.775,1.775,5.499,2.6386864580828013,0.42981960870667846,0.025431416946655943,0.0041425617838696015,0.0002817097152283736,4.58881195215236e-05,0.00014111330471663756,2.2986158598274867e-05
pi+ n,4.0,4.0,4.0,1.78,1.78,1.78,5.499,1.184740142762188,0.31421285615335365,0.01149571402015791,0.003048855192307789,0.00012624709815554496,3.348283717308732e-05,6.369715146275969e-05,1.6893547511003836e-05
pi+ n,4.0,4.0,4.0,1.83,1.83,1.83,5.499,0.8751016292317245,0.22808404401342136,0.00906426962897549,0.0023624859147157616,9.113645060050082e-05,2.375354989138907e-05,4.9489977067203986e-05,1.2898929370671266e-05
pi+ n,4.0,4.0,4.0,1.89,1.89,1.89,5.499,-0.16525334989622553,0.04692967456744685,-0.0018424649158528814,0.0005232346512625158,-1.6577846841231397e-05,4.7078800991116e-06,-9.869549408757465e-06,2.8028160528738816e-06
pi+ n,4.0,4.0,4.0,1.95,1.95,1.95,5.499,0.5646890916724902,0.15363596891179507,0.006746330189247573,0.0018354860940453309,5.3978996557808216e-05,1.4686161924047187e-05,3.540520985113892e-05,9.632758628105363e-06
pi+ n,4.0,4.0,4.0,2.01,2.01,2.01,5.499,0.5256457202127196,0.33333054347144186,0.0067027655978983665,0.004250460744938607,4.734762013754535e-05,3.0024800632145382e-05,3.4418618739287055e-05,2.1826063541923402e-05
pi+ n,2.0,2.23,2.115,1.1,1.12,1.11,5.729,18.623887880588455,1.97735244151017,0.022504397875583348,0.0023893574944886847,0.006531141315795941,0.0006934303035671516,0.0009597889118462403,0.00010190358534920405
pi+ n,2.0,2.23,2.115,1.14,1.16,1.15,5.73,3.545004566237258,0.26440338643630856,0.005401236448803569,0.00040285003342681325,0.0014842365940323176,0.00011070146015393665,0.00022837825615940275,1.703354204168421e-05
pi+ n,2.66,3.17,2.915,1.1,1.12,1.11,5.739,0.8704850588272742,0.12582972893444622,0.0012409111001839004,0.0001793752871281256,0.00012218897694110396,1.76625729429403e-05,1.979157148950489e-05,2.8608969797438704e-06
pi+ n,2.66,3.17,2.915,1.12,1.14,1.13,5.742,3.5933624993847006,0.3635539940321843,0.005773062886099433,0.0005840824771783541,0.0005560643812959924,5.625912409165779e-05,9.212450042213526e-05,9.320582068305626e-06
pi+ n,2.0,2.23,2.115,1.12,1.14,1.13,5.746,21.615404764055892,1.6923667864953553,0.029496004844132537,0.0023093742392242596,0.008390270430662242,0.000656911825689194,0.0012534529383176596,9.813844082028559e-05
pi+ n,2.66,3.17,2.915,1.14,1.16,1.15,5.746,2.4939721776081787,0.21381647734031634,0.004465324678802122,0.0003828270425686557,0.0004208141434504497,3.6077787304688105e-05,7.126555473604532e-05,6.109831539491485e-06
pi+ n,3.79,4.52,4.155,1.14,1.16,1.15,5.746,0.8825864737289023,0.1289811970544484,0.0018571398991923595,0.0002714024454548629,4.8041868342645025e-05,7.020839172151078e-06,9.766989367932216e-06,1.4273479344992983e-06
pi+ n,3.17,3.79,3.48,1.14,1.16,1.15,5.747,1.5687731411259849,0.1714134534371187,0.0030525027444080134,0.000333534545772313,0.0001532999472009996,1.6750461027520227e-05,2.8087117614747305e-05,3.0689649772960516e-06
pi+ n,2.23,2.66,2.445,1.1,1.12,1.11,5.75,4.532911510881049,0.5613295844393494,0.005912417977259852,0.0007321596987367491,0.0010696379773457837,0.00013245779007218104,0.00016230903029653063,2.009941299502596e-05
pi+ n,3.79,4.52,4.155,1.1,1.12,1.11,5.751,0.3382364314560915,0.07859825221139596,0.0005681006734305279,0.00013201333700078679,1.5356602281113413e-05,3.568515946094171e-06,2.9630112067167525e-06,6.885346475781646e-07
pi+ n,3.17,3.79,3.48,1.12,1.14,1.13,5.752,2.7691260176854517,0.34951991354882633,0.004838304187724334,0.0006106922005773541,0.00024901075180957816,3.1430211514158085e-05,4.443450824660374e-05,5.608536910833253e-06
pi+ n,1.72,1.72,1.72,1.15,1.15,1.15,5.754,2.6368455283081356,0.08122897874578171,0.00360061481327838,0.00011091823961610484,0.00193298659475554,5.9546350112523685e-05,0.0002810937105271787,8.659193264398501e-06
pi+ n,1.72,1.72,1.72,1.17,1.17,1.17,5.754,20.397622460281948,0.48309976278807953,0.030855908703401946,0.0007307950818410271,0.01606207966509465,0.00038041624170659366,0.0023891967920051326,5.658602642142274e-05
pi+ n,1.72,1.72,1.72,1.19,1.19,1.19,5.754,21.792308350391384,0.3940386081560745,0.03622863284850218,0.0006550696618958613,0.018284215358807303,0.00033060686621024963,0.002781510872670576,5.029401453097637e-05
pi+ n,1.72,1.72,1.72,1.21,1.21,1.21,5.754,23.555813605705918,0.3476576965806468,0.042742454791336135,0.0006308312515836379,0.020911979172254885,0.0003086376311029874,0.003253009493577945,4.8010814078539784e-05
pi+ n,1.72,1.72,1.72,1.23,1.23,1.23,5.754,25.23174502727604,0.33491338401129017,0.049674997664296644,0.0006593607200182854,0.023557851405768437,0.0003126949692069239,0.0037466918076227767,4.9731686444272425e-05
pi+ n,1.72,1.72,1.72,1.25,1.25,1.25,5.754,26.25143872976172,0.46270789753985886,0.05578349388019841,0.000983239944920477,0.025639933435082012,0.00045192950431926344,0.004168620210013459,7.347610593360421e-05
pi+ n,1.72,1.72,1.72,1.27,1.27,1.27,5.754,23.824522229115463,0.4534039074114111,0.05439132906332677,0.001035120070381693,0.02422733504005529,0.00046106982829238876,0.00402614880480685,7.662154071187782e-05
pi+ n,1.72,1.72,1.72,1.29,1.29,1.29,5.754,21.023743367799597,0.45537068434938577,0.05135381463246512,0.001112314838705372,0.022164860193358265,0.0004800870795548717,0.0037645054081715027,8.153854306372455e-05
pi+ n,1.72,1.72,1.72,1.31,1.31,1.31,5.754,19.113013212593273,0.5097770428360777,0.0497659374560305,0.0013273434255559886,0.02081096722644886,0.0005550644062898232,0.0036120041967967224,9.633838462170474e-05
pi+ n,1.72,1.72,1.72,1.33,1.33,1.33,5.754,18.160754753063536,0.5267740520771352,0.050235644536524196,0.0014571439563516731,0.02035125273011949,0.0005903120223394055,0.0036092640291185245,0.00010469094833816245
pi+ n,1.72,1.72,1.72,1.35,1.35,1.35,5.754,13.489414518281004,0.32726584667931824,0.03951942139523,0.0009587782246337883,0.015508144846655697,0.00037624213762489086,0.002810097705253264,6.817560565842203e-05
pi+ n,1.72,1.72,1.72,1.37,1.37,1.37,5.754,13.019784115681171,0.26518807552865414,0.040284403658299224,0.0008205161763855355,0.015311118129574157,0.0003118581625392203,0.002834451692054301,5.773235429376333e-05
pi+ n,1.72,1.72,1.72,1.39,1.39,1.39,5.754,12.849132802738175,0.28067973969733595,0.04187901071388808,0.000914815809472459,0.01541477328080318,0.00033672424578157337,0.0029152129058496643,6.368065550710389e-05
pi+ n,1.72,1.72,1.72,1.41,1.41,1.41,5.754,15.355914062180661,0.36604688185628814,0.052595306348734126,0.0012537415754784692,0.018745968881336426,0.0004468573755103292,0.003621481134231012,8.632712266549278e-05
pi+ n,1.72,1.72,1.72,1.43,1.43,1.43,5.754,15.196067370516197,0.31551538170280186,0.05457403691981432,0.0011331186990672774,0.01883283993418619,0.00039102555519801433,0.0037163559911932223,7.716256124132944e-05
pi+ n,1.72,1.72,1.72,1.45,1.45,1.45,5.754,14.094994201372279,0.26014079688832353,0.052966996061622675,0.0009775723471322688,0.01769504610203726,0.0003265842701454557,0.003566629464796453,6.582662028248239e-05
pi+ n,1.72,1.72,1.72,1.47,1.47,1.47,5.754,16.7016364579088,0.26772469053458087,0.06554614511827846,0.0010506947305284023,0.021196147913026594,0.0003397710251232935,0.004363684200405158,6.99491936067676e-05
pi+ n,1.72,1.72,1.72,1.49,1.49,1.49,5.754,20.473168704025806,0.30548703151952256,0.08376007428362463,0.0012498122211891745,0.0262153703898447,0.0003911683528990643,0.005512280525268838,8.225059046361136e-05
pi+ n,1.72,1.72,1.72,1.51,1.51,1.51,5.754,21.29110120094383,0.31166730744654825,0.09065234002651468,0.0013270037309549923,0.02745690989260838,0.00040192478051123063,0.005896554658097658,8.63160292253569e-05
pi+ n,1.72,1.72,1.72,1.53,1.53,1.53,5.754,18.770073627402937,0.27774870840572985,0.08303959501078038,0.0012287719653431288,0.024336313958222777,0.0003601147178977769,0.005337879488056205,7.898685763643343e-05
pi+ n,1.72,1.72,1.72,1.55,1.55,1.55,5.754,15.475497977953937,0.25048553320453115,0.07103169667144128,0.0011497150166356637,0.020140050132545533,0.00032598571001743253,0.004511710707956571,7.302629381988462e-05
pi+ n,1.72,1.72,1.72,1.57,1.57,1.57,5.754,12.972320933870737,0.24051994717971648,0.06168799103329744,0.0011437577300613651,0.016919522774903755,0.000313705060557085,0.003871136282006394,7.177478099871837e-05
pi+ n,1.72,1.72,1.72,1.59,1.59,1.59,5.754,11.641316091139043,0.2785971241216008,0.057277180341100055,0.0013707434448043951,0.015194519527618138,0.00036363151809150183,0.0035506950427230174,8.497436370518376e-05
pi+ n,1.72,1.72,1.72,1.61,1.61,1.61,5.754,12.924985746139036,0.3073117305808486,0.06571416020412779,0.001562456833039853,0.016858509998103937,0.00040083741555223593,0.004023754831625786,9.567105798235435e-05
pi+ n,1.72,1.72,1.72,1.63,1.63,1.63,5.754,11.238312585536546,0.27433954625885326,0.058974091601772076,0.0014396223105486595,0.014628896932547049,0.0003571074319384473,0.0035663435222918712,8.705836007515195e-05
pi+ n,1.72,1.72,1.72,1.65,1.65,1.65,5.754,13.973074613357507,0.3524856507632302,0.07559488883247134,0.001906961375488216,0.018128678063349814,0.00045731516229995393,0.004514335576173674,0.00011387891050191924
pi+ n,1.72,1.72,1.72,1.67,1.67,1.67,5.754,15.05086734947387,0.37774387443090246,0.08385647241068472,0.002104614175981521,0.01943859799591695,0.0004878663235802903,0.004944576482848629,0.00012409806256889625
pi+ n,1.72,1.72,1.72,1.69,1.69,1.69,5.754,15.761110658437799,0.3431942878039993,0.09034297616323314,0.0019671959695198053,0.02023981381311149,0.0004407169416806083,0.005259337179158787,0.00011452076675549457
pi+ n,2.05,2.05,2.05,1.15,1.15,1.15,5.754,2.904176213572705,0.17308023245100604,0.004353259312454034,0.00025944125917626184,0.0013374335186403779,7.970704505195082e-05,0.00020221635217250399,1.2051490910172791e-05
pi+ n,2.05,2.05,2.05,1.17,1.17,1.17,5.754,8.110883132429132,0.3607789271450085,0.013451148623261886,0.0005983184432488657,0.004017648999344223,0.00017870841830198083,0.0006214943019878802,2.764459108052405e-05
pi+ n,2.05,2.05,2.05,1.19,1.19,1.19,5.754,13.59362286560156,0.3855764651894685,0.024745596584282027,0.0007018967463130231,0.00718433813057807,0.00020378023787344642,0.0011368472275410395,3.2246115681562524e-05
pi+ n,2.05,2.05,2.05,1.21,1.21,1.21,5.754,16.121664323319347,0.39341650993956573,0.031997378607762215,0.0007808311081674278,0.00902821038996142,0.00022031515800022841,0.0014611722326936599,3.565694389105013e-05
pi+ n,2.05,2.05,2.05,1.23,1.23,1.23,5.754,17.384508905030255,0.3995998770222074,0.03740001387021066,0.000859675762186221,0.010253697807686056,0.00023569123553375952,0.001697085829647383,3.900917147144714e-05
pi+ n,2.05,2.05,2.05,1.25,1.25,1.25,5.754,16.811801652840167,0.3862284492014115,0.03900375350988366,0.0008960585868327515,0.010388679961092767,0.0002386658987226862,0.0017581306902315242,4.0390679357486497e-05
pi+ n,2.05,2.05,2.05,1.29,1.29,1.29,5.754,10.094213656137523,0.24554987205093823,0.02688107236984316,0.0006539037220589887,0.006754050260480901,0.00016429770894321326,0.0011946489256205923,2.9060796692525522e-05
pi+ n,2.05,2.05,2.05,1.31,1.31,1.31,5.754,10.143530377613574,0.2814434560360235,0.02877743036241179,0.0007984615962611866,0.007020838192206266,0.00019480091166731607,0.0012693797926276694,3.522034464922388e-05
pi+ n,2.05,2.05,2.05,1.33,1.33,1.33,5.754,13.015042678140551,0.5371623263367996,0.03920773317360911,0.0016181980868415664,0.009286523184149542,0.0003832772984722226,0.001716105952847314,7.082784810380614e-05
pi+ n,2.05,2.05,2.05,1.35,1.35,1.35,5.754,12.29488008293662,0.47587852693299776,0.03921176578996895,0.001517707957840871,0.009015037538459397,0.0003489308358526957,0.0017026003516306767,6.589986578348859e-05
pi+ n,2.05,2.05,2.05,1.37,1.37,1.37,5.754,11.735312315644157,0.38193194901567207,0.039515359500813994,0.0012860482843802719,0.00881682065702517,0.00028694809367537673,0.0017016936878582014,5.538252151712543e-05
pi+ n,2.05,2.05,2.05,1.39,1.39,1.39,5.754,11.39900066288064,0.3482227307981298,0.040422808907035666,0.0012348574511427167,0.008751701816869116,0.0002673516386155709,0.0017260766030891032,5.272910547779139e-05
pi+ n,2.05,2.05,2.05,1.41,1.41,1.41,5.754,11.09097122856011,0.33179980234415707,0.04132482438523594,0.001236282042425639,0.008680039906002924,0.0002596738793925325,0.0017493042263819463,5.2332549115149184e-05
pi+ n,2.05,2.05,2.05,1.43,1.43,1.43,5.754,9.614530157046202,0.2636052947704971,0.03755939900602316,0.0010297805805028766,0.007652411853475842,0.00020980913777283102,0.0015757952655996764,4.320418873323009e-05
pi+ n,2.05,2.05,2.05,1.45,1.45,1.45,5.754,11.681116448836505,0.2962190731020781,0.0477482200071951,0.0012108374687262225,0.009434734221184326,0.00023925351983303345,0.0019850640793696757,5.033883911821497e-05
pi+ n,2.05,2.05,2.05,1.47,1.47,1.47,5.754,13.268292368778225,0.29383513608435075,0.056645044057273386,0.0012544420763774303,0.010853013177688832,0.00024034717621202828,0.002333070878933522,5.16674022663998e-05
pi+ n,2.05,2.05,2.05,1.49,1.49,1.49,5.754,16.307037271266438,0.32172472726779117,0.07258392019784596,0.0014320223558221832,0.01348239810250774,0.0002659968687315215,0.0029612192028151798,5.842247273724856e-05
pi+ n,2.05,2.05,2.05,1.51,1.51,1.51,5.754,14.71237370647044,0.2867762256692847,0.06816453147800516,0.0013286752669408033,0.012272838293210917,0.00023922436407583948,0.0027540447544771294,5.368233405231507e-05
pi+ n,2.05,2.05,2.05,1.53,1.53,1.53,5.754,12.817924221317412,0.26252751604999414,0.06172180856903141,0.0012641417447914716,0.010769748581129428,0.00022057825390984134,0.0024691902679810276,5.057218130762628e-05
pi+ n,2.05,2.05,2.05,1.55,1.55,1.55,5.754,10.940081194931265,0.24802190434020344,0.05467147120414327,0.0012394535433077655,0.009243309138482059,0.00020955448996061397,0.002165227730517978,4.9087744001580036e-05
pi+ n,2.05,2.05,2.05,1.57,1.57,1.57,5.754,9.261031868478971,0.22967552469854788,0.04796546761428697,0.0011895536154257842,0.007856215941770247,0.000194835796290973,0.0018802880254262732,4.6631535768065954e-05
pi+ n,2.05,2.05,2.05,1.59,1.59,1.59,5.754,8.151553290122507,0.24002272076580433,0.04369999777779166,0.0012867476897679118,0.006932678200305641,0.00020413290873623572,0.0016953457601370902,4.991950460287791e-05
pi+ n,2.05,2.05,2.05,1.61,1.61,1.61,5.754,7.675784215477562,0.2451621032284556,0.04254107195829576,0.0013587482897003218,0.006535493520983329,0.0002087415816105678,0.0016330405838649981,5.215879615147037e-05
pi+ n,2.05,2.05,2.05,1.63,1.63,1.63,5.754,8.914156494099593,0.2932759959265742,0.05101658607035557,0.0016784470968689907,0.007588318500785108,0.0002496558891689721,0.0019375112652599599,6.374417437187559e-05
pi+ n,2.05,2.05,2.05,1.65,1.65,1.65,5.754,8.02915684033865,0.24047986039334196,0.04739944950538881,0.0014196525521223218,0.006824704153278411,0.00020440551039690877,0.0017806766365082093,5.333273187563225e-05
pi+ n,2.05,2.05,2.05,1.67,1.67,1.67,5.754,10.077366357117379,0.34564072133285917,0.06130183441991663,0.002102574176333548,0.008542219706323836,0.0002929871631581832,0.0022777218820342645,7.812293474335487e-05
pi+ n,2.05,2.05,2.05,1.69,1.69,1.69,5.754,10.555903959124992,0.2979875600599504,0.06610255508741338,0.0018660400076110177,0.008912728300259241,0.0002516015842845612,0.002428842197362935,6.856492470615699e-05
pi+ n,2.44,2.44,2.44,1.15,1.15,1.15,5.754,3.014094257336505,0.2276235334864852,0.004942164968194294,0.00037323088035329276,0.0008569269201999449,6.471487513730594e-05,0.00013594880132924536,1.0266814468888115e-05
pi+ n,2.44,2.44,2.44,1.17,1.17,1.17,5.754,6.437876266926294,0.3904599854045382,0.011666299400387315,0.0007075661141550728,0.0019710831332671224,0.00011954704618982443,0.0003200205451835287,1.9409384744384305e-05
pi+ n,2.44,2.44,2.44,1.19,1.19,1.19,5.754,6.139890983064048,0.25105932442766093,0.012200834440422099,0.0004988904950454815,0.0020082020597342203,8.211511471812906e-05,0.0003336216643489717,1.3641745414848674e-05
pi+ n,2.44,2.44,2.44,1.21,1.21,1.21,5.754,7.426473705673983,0.2031429561112973,0.016075191653029022,0.00043971904861886315,0.0025770435194052968,7.049216886871651e-05,0.00043800626328627154,1.1981175810432802e-05
pi+ n,2.44,2.44,2.44,1.23,1.23,1.23,5.754,7.9859159590546405,0.20875880614996806,0.018721524358561212,0.0004893969701709009,0.002922516446753467,7.639712808223982e-05,0.0005081244891666955,1.3282817184387046e-05
pi+ n,2.44,2.44,2.44,1.25,1.25,1.25,5.754,10.378776833303858,0.39748194291954825,0.02621912990583929,0.0010041289897660833,0.003984623553148025,0.00015260140353206704,0.0007086027111490229,2.7137762658291376e-05
pi+ n,2.44,2.44,2.44,1.27,1.27,1.27,5.754,8.333451504765357,0.3738167641503277,0.022585064574073083,0.0010131067244320538,0.0033407753288492684,0.00014985841370403988,0.0006075998196916548,2.725533332324255e-05
pi+ n,2.44,2.44,2.44,1.29,1.29,1.29,5.754,7.915142159754568,0.35816398817730155,0.022922372371248088,0.0010372483704355825,0.0032994874395918367,0.00014930339297175295,0.0006136614288492437,2.7768474692063112e-05
pi+ n,2.44,2.44,2.44,1.31,1.31,1.31,5.754,9.381765566512055,0.32385438793225585,0.02892987990697585,0.0009986466282711172,0.00405134208135416,0.0001398505324780711,0.0007704684765678204,2.6596230222445783e-05
pi+ n,2.44,2.44,2.44,1.33,1.33,1.33,5.754,9.725402309983265,0.39747922795793256,0.03183002063979009,0.0013008996056442412,0.004335699327680561,0.00017720093899407664,0.0008430527681785886,3.445574308832885e-05
pi+ n,2.44,2.44,2.44,1.35,1.35,1.35,5.754,9.770672330990307,0.48249683184778663,0.03384188390815284,0.001671185074711164,0.004482820934938658,0.00022137134739320542,0.0008911626401818619,4.4007529470111344e-05
pi+ n,2.44,2.44,2.44,1.37,1.37,1.37,5.754,8.15685001533646,0.2988362854267029,0.029819226332577043,0.0010924642251323629,0.0038403649608360654,0.0001406965185606366,0.0007804815038312664,2.859390487880166e-05
pi+ n,2.44,2.44,2.44,1.39,1.39,1.39,5.754,9.18656928819917,0.3237998964572702,0.035359755468961564,0.0012463287218996825,0.004426588499743059,0.0001560243931014555,0.0009196498673623832,3.241498784659533e-05
pi+ n,2.44,2.44,2.44,1.41,1.41,1.41,5.754,8.795491352235128,0.2906374675532323,0.035564715073225166,0.001175197417539125,0.004326804321615603,0.000142974553697125,0.0009188966180879482,3.036394162975825e-05
pi+ n,2.44,2.44,2.44,1.43,1.43,1.43,5.754,8.888763779464076,0.2801098916219895,0.03767891645206395,0.001187368397414873,0.004453877155963864,0.00014035416829694534,0.0009668753626409629,3.046895606192619e-05
pi+ n,2.44,2.44,2.44,1.45,1.45,1.45,5.754,9.30451288891156,0.2570777350281948,0.041267461623404035,0.0011401935481384123,0.004738521977152091,0.00013092232896139112,0.0010514747054600796,2.905157303196948e-05
pi+ n,2.44,2.44,2.44,1.47,1.47,1.47,5.754,10.74643416015822,0.2521083934103148,0.04977972885287157,0.0011678187646676815,0.005551186198378069,0.00013022930333330245,0.0012590998004201694,2.953813544999223e-05
pi+ n,2.44,2.44,2.44,1.49,1.49,1.49,5.754,12.875626213921889,0.26749375221923233,0.06218693532558473,0.0012919462240422184,0.00673337261449243,0.0001398871849660647,0.0015610762586263202,3.243167664100135e-05
pi+ n,2.44,2.44,2.44,1.51,1.51,1.51,5.754,12.711447362947847,0.2532735582440503,0.06391217006768173,0.0012734397795898774,0.006717668315989174,0.00013384846814952552,0.0015919510857365679,3.171937109303939e-05
pi+ n,2.44,2.44,2.44,1.53,1.53,1.53,5.754,11.319844083504762,0.285641967173031,0.05916214796645416,0.0014928820752880636,0.006035048343554126,0.0001522868219845139,0.0014619013949451296,3.688923515065208e-05
pi+ n,2.44,2.44,2.44,1.55,1.55,1.55,5.754,8.391263092776716,0.20792122666206317,0.04552407231644698,0.0011280090796862343,0.004505873689333724,0.00011164788593948967,0.0011157139536318078,2.7645494042821393e-05
pi+ n,2.44,2.44,2.44,1.57,1.57,1.57,5.754,8.601873784034666,0.2730690083890017,0.048377931233191784,0.001535771628534948,0.004644985503271553,0.00014745642835562668,0.0011757337658550187,3.732401353846729e-05
pi+ n,2.44,2.44,2.44,1.59,1.59,1.59,5.754,7.799685035354159,0.29278911987993894,0.04541860889951626,0.001704950195499363,0.0042292837026858335,0.00015876131502991236,0.001094360430813751,4.1080739275626386e-05
pi+ n,2.44,2.44,2.44,1.61,1.61,1.61,5.754,7.4203992936973915,0.2742347484289296,0.04468666683331295,0.0016514794355567358,0.004034615850068247,0.000149106782379029,0.0010673006509656423,3.9444093765169264e-05
pi+ n,2.44,2.44,2.44,1.63,1.63,1.63,5.754,7.353016431001163,0.2556247422999798,0.04574341340553422,0.001590251888247042,0.0040034810749175215,0.0001391794548103976,0.0010827780148165442,3.7642354481707134e-05
pi+ n,2.44,2.44,2.44,1.65,1.65,1.65,5.754,7.848911422282935,0.2632891887820724,0.050388130332251445,0.0016902534944858738,0.004273802761159991,0.00014336332791396264,0.001181852370435486,3.964485457037071e-05
pi+ n,2.44,2.44,2.44,1.67,1.67,1.67,5.754,8.37573970875735,0.26289783165348535,0.055432495475712676,0.0017399159203179923,0.004555309333593875,0.00014298211118721473,0.001288094779229025,4.043073641238152e-05
pi+ n,2.44,2.44,2.44,1.69,1.69,1.69,5.754,8.716700958465491,0.26350979193347185,0.05941609730205906,0.0017961753548926091,0.0047294755053114805,0.00014297417248766958,0.0013676101139501943,4.134346908197357e-05
pi+ n,2.91,2.91,2.91,1.15,1.15,1.15,5.754,1.8630775409142761,0.3123088338481046,0.0033329758122902452,0.0005587087849652739,0.00031715938489819173,5.3165622721708275e-05,5.349260909271422e-05,8.966998956489906e-06
pi+ n,2.91,2.91,2.91,1.17,1.17,1.17,5.754,3.7867731295197258,0.33992656925294973,0.007480315212740637,0.0006714840842657162,0.0006949639894132019,6.238470502338617e-05,0.00012000007628560108,1.0772024847189657e-05
pi+ n,2.91,2.91,2.91,1.19,1.19,1.19,5.754,6.4195911585897285,0.3915868573910454,0.013894501089202784,0.0008475468113350456,0.0012599927041435646,7.685794486943843e-05,0.0002227038221978336,1.3584648571698425e-05
pi+ n,2.91,2.91,2.91,1.21,1.21,1.21,5.754,5.52186430987925,0.3428788593128168,0.01300887213443305,0.0008077828407373944,0.0011511546251052774,7.148067438792281e-05,0.00020824591913361378,1.2930981132827583e-05
pi+ n,2.91,2.91,2.91,1.23,1.23,1.23,5.754,5.681614296314291,0.28309787531195063,0.014486689776556115,0.0007218284948886521,0.0012506013547291047,6.231373126044949e-05,0.0002315223402405176,1.1536066897723002e-05
pi+ n,2.91,2.91,2.91,1.25,1.25,1.25,5.754,5.312810168338771,0.3645922246511428,0.014588291431221097,0.0010011232207137563,0.0012282790677423626,8.429079594625268e-05,0.00023267796523686584,1.59675528176336e-05
pi+ n,2.91,2.91,2.91,1.27,1.27,1.27,5.754,5.413020690802978,0.3166362063107066,0.01593666508548749,0.0009322198199771706,0.0013083393764951714,7.653168912585351e-05,0.0002535833633706687,1.4833431968516458e-05
pi+ n,2.91,2.91,2.91,1.29,1.29,1.29,5.754,5.38383529505113,0.3804916029712521,0.016929069294209342,0.0011964275204492383,0.0013547964368886374,9.57474810652808e-05,0.00026864531166497256,1.8985960688670415e-05
pi+ n,2.91,2.91,2.91,1.31,1.31,1.31,5.754,5.461753076045463,0.31048324806827127,0.018278440844184965,0.0010390710828390923,0.0014255611205478906,8.103860443065354e-05,0.00028917674110655886,1.6438775718064816e-05
pi+ n,2.91,2.91,2.91,1.33,1.33,1.33,5.754,5.591356339376657,0.31221515808642886,0.019852768261159417,0.0011085566372259037,0.0015085552272007764,8.42360565406402e-05,0.0003130278948025967,1.7479131668462086e-05
pi+ n,2.91,2.91,2.91,1.35,1.35,1.35,5.754,5.557288908641128,0.461975639233803,0.02087476663819566,0.0017353126353646731,0.001545050944889795,0.00012843958801645014,0.00032793325455370313,2.7260985957181885e-05
pi+ n,2.91,2.91,2.91,1.37,1.37,1.37,5.754,6.429982457986717,0.438148419008568,0.02548532909382233,0.0017366076382528107,0.0018368758676217498,0.00012516741104227815,0.0003987716219318695,2.717288217138274e-05
pi+ n,2.91,2.91,2.91,1.39,1.39,1.39,5.754,6.442248672872159,0.3103267882528982,0.02687827422559437,0.0012947417800453598,0.0018860202077353647,9.085066773519037e-05,0.0004187722367854049,2.0172497190046887e-05
pi+ n,2.91,2.91,2.91,1.41,1.41,1.41,5.754,6.331671390216946,0.29032817909302616,0.027746608901182024,0.0012722742451121605,0.0018949459643361197,8.688957107840901e-05,0.00043033346003321527,1.973221952852549e-05
pi+ n,2.91,2.91,2.91,1.43,1.43,1.43,5.754,6.5996866292652525,0.2431492738439334,0.030315120637074946,0.001116886298314537,0.0020145319865737263,7.422049215165712e-05,0.00046790007560859446,1.7238631166403928e-05
pi+ n,2.91,2.91,2.91,1.45,1.45,1.45,5.754,6.924234622942528,0.22089474413553348,0.033276158017813445,0.0010615654742263479,0.00215110349957745,6.862382386261255e-05,0.000510986091326951,1.6301316758749014e-05
pi+ n,2.91,2.91,2.91,1.47,1.47,1.47,5.754,7.702704979703979,0.19241207450042816,0.0386605604153587,0.0009657332911579563,0.0024304912032572954,6.071319824737081e-05,0.0005904906607300736,1.4750342029660388e-05
pi+ n,2.91,2.91,2.91,1.49,1.49,1.49,5.754,9.487544317731857,0.20956274879043046,0.04965137512005226,0.0010967093594425954,0.0030348593691522036,6.703457188634998e-05,0.0007541111273392721,1.6656955208452566e-05
pi+ n,2.91,2.91,2.91,1.51,1.51,1.51,5.754,9.28691287741495,0.23989708441635688,0.05059835392805136,0.0013070433354797672,0.0030061290910724852,7.765353394035719e-05,0.0007639993646091896,1.9735430113856183e-05
pi+ n,2.91,2.91,2.91,1.53,1.53,1.53,5.754,8.110668969596393,0.21520787462756918,0.04593943253884774,0.0012189534149824877,0.00265217523434225,7.03726162986373e-05,0.0006894315982176837,1.82933256812353e-05
pi+ n,2.91,2.91,2.91,1.55,1.55,1.55,5.754,7.064308396569573,0.21808507392449697,0.04154095327338981,0.0012824272889785735,0.002329799306504409,7.192416093201515e-05,0.0006194843048205591,1.9124346337634683e-05
pi+ n,2.91,2.91,2.91,1.57,1.57,1.57,5.754,6.395397221664313,0.24308796751164077,0.03899422570302208,0.0014821639285715915,0.002123960854892702,8.073139312459964e-05,0.0005777029822568232,2.195839271820539e-05
pi+ n,2.91,2.91,2.91,1.59,1.59,1.59,5.754,5.546034463805619,0.2237864609689887,0.03502036502330676,0.0014130967994436634,0.0018520306055224338,7.473076078429592e-05,0.0005153239495134199,2.0793690278483623e-05
pi+ n,2.91,2.91,2.91,1.61,1.61,1.61,5.754,5.435966044199214,0.23771281279774817,0.03550816193091939,0.0015527589725995421,0.001822688249409264,7.970549247319788e-05,0.0005188606254967943,2.2689585941851024e-05
pi+ n,2.91,2.91,2.91,1.63,1.63,1.63,5.754,5.403344354008959,0.21956328413915566,0.03647219239686416,0.0014820366457801665,0.0018166713287170915,7.381989690118996e-05,0.0005291238102343009,2.1500788008276897e-05
pi+ n,2.91,2.91,2.91,1.65,1.65,1.65,5.754,5.70108294428794,0.23789144613807287,0.03972493028927836,0.0016576185974840059,0.001919461928556942,8.009418183415275e-05,0.0005720631585462456,2.387071603742075e-05
pi+ n,2.91,2.91,2.91,1.67,1.67,1.67,5.754,6.11626680307798,0.2325026128165599,0.043952152099820806,0.0016707888212097832,0.002059528408421554,7.829052452175006e-05,0.0006281469131143306,2.3878258296096843e-05
pi+ n,2.91,2.91,2.91,1.69,1.69,1.69,5.754,6.247273581197264,0.2099670402503916,0.04625669043608258,0.0015546590454874104,0.002101360531584474,7.062544093534386e-05,0.0006559534441285281,2.2046193658021702e-05
pi+ n,3.48,3.48,3.48,1.17,1.17,1.17,5.754,2.129134850859928,0.3786070411029756,0.004571449746312788,0.0008129043875747908,0.00022528346027061544,4.006035797500025e-05,4.214675481422909e-05,7.4946207028000295e-06
pi+ n,3.48,3.48,3.48,1.19,1.19,1.19,5.754,2.434256784448744,0.2860037438715897,0.005723054973453618,0.0006724085804124915,0.0002757258648782372,3.23953619606594e-05,5.2830600526018e-05,6.207130504043041e-06
pi+ n,3.48,3.48,3.48,1.21,1.21,1.21,5.754,3.1752076949832038,0.25888643652974114,0.008120782011979927,0.0006621174168348146,0.00038238043908068656,3.117689259467493e-05,7.502860170555127e-05,6.117359618411411e-06
pi+ n,3.48,3.48,3.48,1.23,1.23,1.23,5.754,3.3105852056116953,0.2616631462194839,0.009158827549048957,0.0007238984902438205,0.0004213664701269241,3.330410469361025e-05,8.465832526633217e-05,6.6912531673589385e-06
pi+ n,3.48,3.48,3.48,1.25,1.25,1.25,5.754,3.5036926228425522,0.2434711987307732,0.010433492106060732,0.0007250221704521992,0.00046886312510097746,3.2581244817183065e-05,9.644838313470088e-05,6.7021870880897064e-06
pi+ n,3.48,3.48,3.48,1.27,1.27,1.27,5.754,3.2531820246453025,0.28915999490874833,0.01038234348013169,0.0009228375065127456,0.0004555981526952038,4.049596933579027e-05,9.594797962451329e-05,8.528363027197638e-06
pi+ n,3.48,3.48,3.48,1.29,1.29,1.29,5.754,3.2561791040368275,0.2007962781231663,0.01109441183036995,0.000684150512710469,0.00047526372545420015,2.9307720536577217e-05,0.00010246238199145485,6.318468454641118e-06
pi+ n,3.48,3.48,3.48,1.33,1.33,1.33,5.754,3.347410954697075,0.24239427658137122,0.012869948537943066,0.0009319446903036424,0.0005249456371816713,3.8012607263129764e-05,0.00011858462515599436,8.587004947219439e-06
pi+ n,3.48,3.48,3.48,1.35,1.35,1.35,5.754,3.6363809301595715,0.3858450190123002,0.014786835749616313,0.0015689849414901925,0.000588267819298211,6.241926032526033e-05,0.00013602139542712746,1.4432805284334316e-05
pi+ n,3.48,3.48,3.48,1.37,1.37,1.37,5.754,4.0716270127689365,0.2928413049705738,0.017466176786374202,0.001256209860807019,0.0006775349111161493,4.872995657808173e-05,0.00016035120307925283,1.1532848027598719e-05
pi+ n,3.48,3.48,3.48,1.39,1.39,1.39,5.754,4.016361929212154,0.29350379180439085,0.018132884069396456,0.001325097270743542,0.0006856549017386645,5.010562222141184e-05,0.00016609233383652156,1.2137534074331371e-05
pi+ n,3.48,3.48,3.48,1.41,1.41,1.41,5.754,3.682461811202426,0.3188626705172502,0.017459787098869996,0.0015118349154557694,0.0006433577256759854,5.5708048860923394e-05,0.00015951433296800533,1.3812272551265859e-05
pi+ n,3.48,3.48,3.48,1.43,1.43,1.43,5.754,4.151635636763803,0.21291576737811796,0.02063104867695453,0.0010580590266570614,0.0007405915502761367,3.7981083128891325e-05,0.0001879461904287185,9.638781160506052e-06
pi+ n,3.48,3.48,3.48,1.45,1.45,1.45,5.754,4.607456840018687,0.19783813778922832,0.02395318728573635,0.001028518363008145,0.0008373991122702995,3.595681668007488e-05,0.00021752235608330436,9.340123922869306e-06
pi+ n,3.48,3.48,3.48,1.47,1.47,1.47,5.754,5.153307752351989,0.3001887985144778,0.027979721808440505,0.0016298656078926512,0.0009523375785447782,5.5475257295290955e-05,0.0002532168774098438,1.475030676337082e-05
pi+ n,3.48,3.48,3.48,1.49,1.49,1.49,5.754,6.30456981957072,0.2515908871063818,0.03569225980050233,0.0014243394177608252,0.0011824019412435061,4.7185067629882675e-05,0.0003218218641688577,1.2842660262898875e-05
pi+ n,3.48,3.48,3.48,1.51,1.51,1.51,5.754,6.060294217098526,0.2051497491783202,0.035721118960834894,0.0012092116871996873,0.0011513924828327401,3.897630553851703e-05,0.000320808253120281,1.085982467258334e-05
pi+ n,3.48,3.48,3.48,1.53,1.53,1.53,5.754,5.081839905615095,0.1674724934487964,0.031142795175772203,0.001026313630086786,0.0009763941917479061,3.217715884757925e-05,0.0002785138687237041,9.178449719301784e-06
pi+ n,3.48,3.48,3.48,1.55,1.55,1.55,5.754,4.637728809022062,0.1887903036503506,0.029510521198656107,0.0012012992754419358,0.0008996507299473466,3.662252397242557e-05,0.00026274085061137606,1.0695520805739535e-05
pi+ n,3.48,3.48,3.48,1.57,1.57,1.57,5.754,4.216212895777897,0.22237448684274572,0.027822260927595634,0.0014674213920209433,0.0008244743629545942,4.3485010816371664e-05,0.00024654727072774286,1.3003570779232647e-05
pi+ n,3.48,3.48,3.48,1.59,1.59,1.59,5.754,3.8839367426991824,0.24395580105654055,0.02654817461039638,0.0016675300430272178,0.0007644747827055471,4.8017789772973424e-05,0.00023409806804151052,1.470404527627974e-05
pi+ n,3.48,3.48,3.48,1.61,1.61,1.61,5.754,3.8174092697517352,0.2217360424217792,0.026998920252284963,0.001568245190223534,0.0007552181715334364,4.386720854055223e-05,0.00023684593461174437,1.375730934082191e-05
pi+ n,3.48,3.48,3.48,1.63,1.63,1.63,5.754,3.8920670069659864,0.19215980317984035,0.028452578620684284,0.0014047656162969567,0.0007728522751750944,3.815739575370467e-05,0.0002482567780870503,1.2256976442051732e-05
pi+ n,3.48,3.48,3.48,1.65,1.65,1.65,5.754,4.169033622905973,0.20170471043794178,0.03147116523300458,0.00152262678707856,0.0008298223240907358,4.014817023207221e-05,0.0002730601468721233,1.321109946304352e-05
pi+ n,3.48,3.48,3.48,1.67,1.67,1.67,5.754,4.302651160490582,0.17799994524849452,0.03350767377204302,0.0013862067535468125,0.0008573531328622104,3.5468552995753085e-05,0.00028904421483853484,1.195770990874079e-05
pi+ n,3.48,3.48,3.48,1.69,1.69,1.69,5.754,4.465268113173556,0.19882964718895677,0.03584277120558793,0.0015960084305030734,0.0008896165682542048,3.961288413512987e-05,0.0003073313995859052,1.3684865544685993e-05
pi+ n,4.16,4.16,4.16,1.15,1.15,1.15,5.754,0.5311553531277335,0.21860366735305276,0.0011182307280968367,0.000460221923151845,2.8914276493890854e-05,1.1900034223894333e-05,5.8606596437018785e-06,2.4120282016872928e-06
pi+ n,4.16,4.16,4.16,1.17,1.17,1.17,5.754,0.8904907208453342,0.26581061642555937,0.0020676886088050205,0.0006172030441382106,5.234646621916168e-05,1.5625369392065564e-05,1.0876129922262162e-05,3.2465142323061903e-06
pi+ n,4.16,4.16,4.16,1.19,1.19,1.19,5.754,1.400591120008709,0.30413303855681234,0.0035594506594366234,0.000772921182479565,8.82001803069379e-05,1.9152333935860557e-05,1.8782962063489763e-05,4.078648824669797e-06
pi+ n,4.16,4.16,4.16,1.21,1.21,1.21,5.754,1.552476024888947,0.21948311477499335,0.004290226454837328,0.000606535785610687,0.0001040191921391389,1.4705835015204075e-05,2.2702639792113613e-05,3.209612267953858e-06
pi+ n,4.16,4.16,4.16,1.23,1.23,1.23,5.754,1.7314112548684377,0.22532039281572727,0.005173672386327474,0.0006732853856120778,0.0001226989699498647,1.5967656459117434e-05,2.7443440795535585e-05,3.5714027172216196e-06
pi+ n,4.16,4.16,4.16,1.25,1.25,1.25,5.754,1.3907202358911295,0.18123746031644095,0.004471523431650078,0.000582725072651606,0.0001036973283072217,1.3513746286979526e-05,2.376687878281088e-05,3.097279121336199e-06
pi+ n,4.16,4.16,4.16,1.27,1.27,1.27,5.754,1.6425377366322729,0.22672600423945227,0.0056581883377159765,0.0007810221978064757,0.0001282685267438786,1.770541393949823e-05,3.0123774969914256e-05,4.158104242731401e-06
pi+ n,4.16,4.16,4.16,1.29,1.29,1.29,5.754,1.5811635825517427,0.18334460862510724,0.0058133340275377055,0.0006740880348166253,0.00012878294985229846,1.4933090920391088e-05,3.0989575554040074e-05,3.5934116267996802e-06
pi+ n,4.16,4.16,4.16,1.33,1.33,1.33,5.754,1.7718433960067346,0.19129434411111462,0.007347571670031647,0.0007932692621683416,0.00015528620993992688,1.6765236559228203e-05,3.922812662204915e-05,4.235204290506114e-06
pi+ n,4.16,4.16,4.16,1.35,1.35,1.35,5.754,1.88915070264974,0.31827817232659567,0.00828407177893118,0.0013956743744807506,0.0001709213038391108,2.8796284023973452e-05,4.423958421699228e-05,7.453346093206531e-06
pi+ n,4.16,4.16,4.16,1.37,1.37,1.37,5.754,1.769225601980935,0.19307066923892355,0.008183127929573458,0.0008930019914144898,0.0001647745337066112,1.79813865798952e-05,4.369782441561971e-05,4.7686220427526825e-06
pi+ n,4.16,4.16,4.16,1.39,1.39,1.39,5.754,1.729654100916318,0.16172091494039628,0.0084187687420648,0.0007871463912449617,0.00016538319775463294,1.5463162283417567e-05,4.4939269965076916e-05,4.20177644284805e-06
pi+ n,4.16,4.16,4.16,1.41,1.41,1.41,5.754,1.7339078173692786,0.1668350774350154,0.008862270201875756,0.0008527198046913702,0.00016978991062906065,1.63370351086264e-05,4.727447659043311e-05,4.548708347500916e-06
pi+ n,4.16,4.16,4.16,1.43,1.43,1.43,5.754,2.1164479298400645,0.14089886705977941,0.011337174292377522,0.0007547528058372601,0.00021176104724350098,1.409762613260059e-05,6.0417364394373726e-05,4.022181729057896e-06
pi+ n,4.16,4.16,4.16,1.45,1.45,1.45,5.754,2.4017473785745667,0.13389551468503932,0.013459071361238431,0.0007503325716817236,0.00024500732434328963,1.3658964338713706e-05,7.163439339733557e-05,3.993560712775456e-06
pi+ n,4.16,4.16,4.16,1.47,1.47,1.47,5.754,2.8205979907133054,0.19344091190974064,0.016507767605951164,0.0011321278784864044,0.0002927664602693943,2.00783703447142e-05,8.772472485266307e-05,6.01629541976621e-06
pi+ n,4.16,4.16,4.16,1.49,1.49,1.49,5.754,3.344674137497728,0.17908623070241103,0.020411724353251642,0.0010929192579864377,0.00035255405687720405,1.887704887514615e-05,0.0001082733002226019,5.7973531726719586e-06
pi+ n,4.16,4.16,4.16,1.51,1.51,1.51,5.754,3.0507130593866365,0.15145356069530547,0.01938521467179033,0.0009623847702922982,0.00032596525083271034,1.6182642202173613e-05,0.00010261343633829617,5.094274684666884e-06
pi+ n,4.16,4.16,4.16,1.53,1.53,1.53,5.754,2.6524250706369985,0.1266207712089281,0.017525128371325752,0.0008366099741998794,0.00028678443898864654,1.3690440207889234e-05,9.25494152145258e-05,4.418099670044303e-06
pi+ n,4.16,4.16,4.16,1.55,1.55,1.55,5.754,2.431773617629891,0.14793140844106883,0.016685239803545544,0.0010150085544233989,0.00026561752410894597,1.6158237001667413e-05,8.788476409034837e-05,5.346269421685537e-06
pi+ n,4.16,4.16,4.16,1.57,1.57,1.57,5.754,2.12905473073401,0.156320731273301,0.015151768275237077,0.0011124822028657241,0.00023455823627234807,1.722187527214396e-05,7.958033166916915e-05,5.8429947628483645e-06
pi+ n,4.16,4.16,4.16,1.59,1.59,1.59,5.754,2.0476364527280895,0.17155549155020824,0.015097432446097904,0.0012648961396373069,0.00022718702515619929,1.903422930499905e-05,7.905004955929144e-05,6.62298724519407e-06
pi+ n,4.16,4.16,4.16,1.61,1.61,1.61,5.754,1.8948460586600275,0.142728279759485,0.014458808460941745,0.0010891021197054227,0.00021141339213328264,1.5924602233196396e-05,7.545467666404935e-05,5.683583714280074e-06
pi+ n,4.16,4.16,4.16,1.63,1.63,1.63,5.754,1.9386966989608818,0.12992105100161122,0.015294563353541086,0.0010249595754549122,0.00021720979874042428,1.4556235307632194e-05,7.953273002157226e-05,5.329856846080367e-06
pi+ n,4.16,4.16,4.16,1.65,1.65,1.65,5.754,2.1317891825196633,0.14291886089014413,0.01737097219174137,0.001164580240182895,0.00023951217397171726,1.6057313431387634e-05,8.998935027043123e-05,6.033042825413429e-06
pi+ n,4.16,4.16,4.16,1.67,1.67,1.67,5.754,2.2120639334778627,0.1203294547159832,0.01860099328109053,0.0010118366584324992,0.00024889448311663973,1.353909214918334e-05,9.597691078254727e-05,5.2208478991070974e-06
pi+ n,4.16,4.16,4.16,1.69,1.69,1.69,5.754,2.311422277527747,0.13485574899461383,0.020040224799678236,0.0011692106421469762,0.00026011616896461304,1.5176007055210762e-05,0.0001029685682474807,6.007514736238121e-06
pi+ n,3.17,3.79,3.48,1.1,1.12,1.11,5.759,0.6383590608388315,0.11169167988964857,0.0009904216760993104,0.0001732909699085205,5.2271771115160686e-05,9.145827614615037e-06,9.075353524198655e-06,1.5878861018722302e-06
pi+ n,2.23,2.66,2.445,1.14,1.16,1.15,5.764,4.241211369704386,0.30145124501817827,0.0069614456657050156,0.0004947964815060483,0.0012041766940440052,8.558888770185028e-05,0.0001903763931954149,1.3531322951920717e-05
pi+ n,2.23,2.66,2.445,1.12,1.14,1.13,5.771,3.820641980645912,0.2802975338131111,0.005621902000716993,0.0004124451529670846,0.0010008195083654678,7.342411076671083e-05,0.00015414411861325945,1.130862732440267e-05
pi+ n,3.79,4.52,4.155,1.12,1.14,1.13,7.483,3.924135689049223,0.9275206840319749,0.007417993470614884,0.0017533395690699156,0.0004156657748369834,9.824803073995936e-05,4.155594768465869e-05,9.822290582263326e-06
pi0 p,0.35,0.45,0.4,1.22,1.22,1.22,1.643,253.49962254521094,10.605534082267226,0.23055615758493522,0.009645660070785765,0.30597304796831165,0.012800837949588568,0.6879312867849349,0.02878062947393295
pi0 p,0.45,0.6,0.525,1.16,1.16,1.16,1.643,79.63103598159864,4.758923856188857,0.061086054553247185,0.0036506354427070196,0.049412887903972684,0.0029530216221692884,0.1047347611499607,0.0062591770565934525
pi0 p,0.45,0.6,0.525,1.18,1.18,1.18,1.643,129.51755440041808,6.147288709730214,0.11096681944245157,0.005266815602496056,0.08257503335101397,0.0039192569113445635,0.18211469080176865,0.008643705386689323
pi0 p,0.35,0.45,0.4,1.12,1.12,1.12,1.644,34.71253793738646,3.935758173382423,0.017909214375245817,0.002030572843258337,0.03714132568601574,0.004211137670275485,0.06879499598587127,0.0078000769701021076
pi0 p,0.35,0.45,0.4,1.18,1.18,1.18,1.644,173.21311210599674,7.971045725477143,0.12957355415333915,0.005962809122307189,0.20528175315727767,0.009446803542340615,0.42604376223366064,0.019605988649061684
pi0 p,0.35,0.45,0.4,1.3,1.3,1.3,1.644,78.08601328093378,5.3484679423319985,0.0964325232176232,0.006605104260759823,0.09057821542535592,0.006204115962908902,0.239969110871307,0.01643658118423216
pi0 p,0.35,0.45,0.4,1.34,1.34,1.34,1.644,42.80423760427278,3.93571414185459,0.05969447234611941,0.005488717756760555,0.04710967338085315,0.004331585331744504,0.13632424039037572,0.012534582340707989
pi0 p,0.35,0.45,0.4,1.4,1.4,1.4,1.644,25.74536436253897,3.5849680489260987,0.04186876839372265,0.005830105755185363,0.0253486646423997,0.0035297287521854964,0.08448559985312307,0.011764377143891091
pi0 p,0.35,0.45,0.4,1.44,1.44,1.44,1.644,19.938576448535045,2.888250262763489,0.03538226393475938,0.00512538261547977,0.01787327666971087,0.0025890763150009056,0.06593852985096477,0.009551683725258124
pi0 p,0.35,0.45,0.4,1.64,1.64,1.64,1.644,14.352353471554354,2.439373838451556,0.03513319446879084,0.005971354845618757,0.006344988055461585,0.0010784153204181335,0.045410524927366046,0.00771812418902001
pi0 p,0.45,0.6,0.525,1.32,1.32,1.32,1.644,47.605558789495284,3.7552885763257846,0.07225555441603078,0.005699764165660437,0.029944380221299152,0.002362114673780782,0.08896806451634226,0.007018103869201062
pi0 p,0.45,0.6,0.525,1.4,1.4,1.4,1.644,22.688337099998506,3.062556489848669,0.043101606237981704,0.0058180158080885285,0.012599995493211467,0.001700794456628613,0.04554100193985722,0.006147294551839576
pi0 p,0.6,0.7,0.65,1.12,1.12,1.12,1.644,17.422889582505256,3.907400956911459,0.011635778581744588,0.0026095357001155433,0.005896214639477218,0.0013223337389213856,0.012246023524949905,0.0027463942656100492
pi0 p,0.6,0.7,0.65,1.14,1.14,1.14,1.644,36.11579312796541,4.94329107015747,0.02748678424244353,0.0037622093639639457,0.012868313351798251,0.00176132968351389,0.027813836369019615,0.0038069740975266624
pi0 p,0.6,0.7,0.65,1.16,1.16,1.16,1.644,65.20469171986693,6.205870712968108,0.055891855170026025,0.005319519469293605,0.02417228154066132,0.0023006021518096344,0.054404578005176556,0.005177967541725893
pi0 p,0.6,0.7,0.65,1.28,1.28,1.28,1.644,71.8177945211559,6.2108134408310045,0.10613572750487554,0.009178633336414636,0.02830064295303281,0.002447443768063325,0.08255736718581154,0.007139573265595265
pi0 p,0.6,0.7,0.65,1.3,1.3,1.3,1.644,50.00178973646498,5.08144659374679,0.07931227408682497,0.008060133189730527,0.019465201572155012,0.0019781568369199457,0.05950106958898978,0.006046813703685609
pi0 p,0.7,0.8,0.75,1.12,1.12,1.12,1.644,17.206446415043533,4.986374463045673,0.01243981463904558,0.00360501945287938,0.004042235823437444,0.0011714273242367152,0.008823563977430228,0.0025570412988727793
pi0 p,0.7,0.8,0.75,1.18,1.18,1.18,1.644,83.73338421732394,8.095785045655704,0.08622316794715645,0.008336510463304888,0.022265472137251323,0.002152743234351789,0.055081975363951305,0.005325615781625033
pi0 p,0.7,0.8,0.75,1.34,1.34,1.34,1.644,25.731786399090154,4.709847093210506,0.04999527484417531,0.009150942583116786,0.006760898225134122,0.0012374887759159206,0.024387398677400217,0.004463775541669369
pi0 p,0.8,1.0,0.9,1.16,1.16,1.16,1.644,41.40607179379264,4.72542064124672,0.04221294924147543,0.0048175046081882136,0.006568221479436636,0.0007495907728166314,0.01693208129065319,0.0019323544341174332
pi0 p,0.8,1.0,0.9,1.32,1.32,1.32,1.644,24.431550314807716,6.135526499384348,0.048832135984884284,0.012263276807907127,0.004050968787984532,0.001017324976376703,0.015447451209140638,0.0038793381926395818
pi0 p,0.35,0.45,0.4,1.1,1.1,1.1,1.645,14.677200435120849,3.445498136932114,0.006501662277706322,0.0015262764424198237,0.014807359301785767,0.0034760531555531075,0.026392284439792673,0.006195634328811927
pi0 p,0.35,0.45,0.4,1.28,1.28,1.28,1.645,105.65913111659006,6.265155074104089,0.12192995376999118,0.007229948424470735,0.1251207336291805,0.007419148642321195,0.3171412694148011,0.018805182403870573
pi0 p,0.35,0.45,0.4,1.36,1.36,1.36,1.645,36.45171734722846,3.818531231959685,0.05369054497014692,0.005624399555074193,0.038887439602441655,0.0040736874270797495,0.11760486881912029,0.012319799924336825
pi0 p,0.35,0.45,0.4,1.42,1.42,1.42,1.645,21.521449057490344,3.1925469772600565,0.03660760471332721,0.005430466018345904,0.02029695822671295,0.003010902865377151,0.07098408419640576,0.01052996119496589
pi0 p,0.35,0.45,0.4,1.48,1.48,1.48,1.645,27.9042919668271,3.376328404135267,0.053510699894166396,0.0064746203269595215,0.02248590989526369,0.0027207218288304645,0.09232019508859321,0.01117044278792246
pi0 p,0.35,0.45,0.4,1.52,1.52,1.52,1.645,27.571471641105802,3.3681640196282734,0.05668568897919842,0.006924791702555549,0.019636916749733807,0.0023988692846660296,0.09070773667374456,0.011080965823780348
pi0 p,0.35,0.45,0.4,1.58,1.58,1.58,1.645,14.470571603108938,2.292435524643684,0.03263760187251166,0.005170465965259333,0.008309924709391162,0.001316462620372912,0.04683126557422996,0.007419033595281214
pi0 p,0.35,0.45,0.4,1.6,1.6,1.6,1.645,14.425213288376412,2.3936783770923356,0.03346910309616732,0.00555376664319581,0.007640816838764991,0.0012678951558388579,0.046358847159692254,0.0076926536762198195
pi0 p,0.35,0.45,0.4,1.62,1.62,1.62,1.645,12.46953416240492,2.003413985584073,0.029729952094639262,0.004776553882559601,0.006060484409494568,0.0009737059193439802,0.039773116045173605,0.006390135822025876
pi0 p,0.35,0.45,0.4,1.66,1.66,1.66,1.645,15.28753020630435,2.802761770047589,0.03838066783530028,0.007036576024118908,0.006142026526411296,0.0011260574407071136,0.047979994133447654,0.0087964825887231
pi0 p,0.35,0.45,0.4,1.68,1.68,1.68,1.645,15.518110540707228,2.985622280318747,0.03993073729190964,0.007682513835401949,0.0056062211330469335,0.001078614479469735,0.04829692323051716,0.00929213448310083
pi0 p,0.45,0.6,0.525,1.1,1.1,1.1,1.645,13.004880400132546,2.883742290654078,0.00666812393714295,0.0014786103682019186,0.006964310056180113,0.0015442875917589661,0.013108113326403163,0.0029066334781248614
pi0 p,0.45,0.6,0.525,1.28,1.28,1.28,1.645,85.90042341384364,4.835968696775946,0.11389074796534958,0.006411750607553668,0.056016273103390614,0.00315356935940775,0.15182230640938155,0.008547197930921617
pi0 p,0.45,0.6,0.525,1.34,1.34,1.34,1.645,37.717622106992465,3.3386720049704204,0.060864338114071014,0.005387562905903092,0.023194660245956258,0.0020531348081356915,0.07209466628421464,0.006381644191354493
pi0 p,0.45,0.6,0.525,1.36,1.36,1.36,1.645,29.04254753389045,2.954798624014211,0.04964505693567413,0.005050904909476678,0.0173495059679924,0.001765144614181271,0.056587071150413774,0.005757187787232617
pi0 p,0.45,0.6,0.525,1.42,1.42,1.42,1.645,21.216035986078953,3.038436138592393,0.04230465641737,0.006058624569340569,0.011323742965745773,0.0016217199986759733,0.04307405564211639,0.006168813410036745
pi0 p,0.45,0.6,0.525,1.46,1.46,1.46,1.645,21.596470290058065,2.78760856858562,0.047101825517563894,0.0060797644543437515,0.010475112687948412,0.0013520965923430272,0.04456930346810811,0.005752873991671947
pi0 p,0.45,0.6,0.525,1.48,1.48,1.48,1.645,24.639900739593795,3.028870259642462,0.05602185386653174,0.006886510171435512,0.011323083331645594,0.0013918948259220958,0.0511310847195565,0.006285310297596472
pi0 p,0.45,0.6,0.525,1.5,1.5,1.5,1.645,28.34498201790207,3.153358835596268,0.06705568413579625,0.0074598965669838155,0.012289082677499858,0.0013671515973441924,0.059054652827911475,0.006569787596279017
pi0 p,0.45,0.6,0.525,1.52,1.52,1.52,1.645,24.061112558652333,3.0354350624783066,0.05912468686232162,0.007458888159159738,0.009798856425403,0.0012361769346016086,0.050262103596957125,0.00634082697548654
pi0 p,0.45,0.6,0.525,1.54,1.54,1.54,1.645,19.42914206701423,2.509632768043442,0.049513421074813296,0.0063955733896375756,0.007398245956324664,0.0009556201922862635,0.040645486275297175,0.0052501157219249995
pi0 p,0.45,0.6,0.525,1.56,1.56,1.56,1.645,14.194413042487785,2.2112527199663634,0.03746187647766746,0.005835935308373099,0.005028863415121851,0.0007834130141022417,0.0297073616211874,0.004627911276869659
pi0 p,0.45,0.6,0.525,1.58,1.58,1.58,1.645,11.89354828211046,2.2073483578156123,0.0324662546165753,0.006025479706515682,0.0038995936861003617,0.0007237337012461645,0.024880783954086327,0.004617676432593762
pi0 p,0.45,0.6,0.525,1.6,1.6,1.6,1.645,10.912887568921793,2.2827686709384376,0.030775824591325288,0.006437717584431716,0.0032918419057871495,0.0006885907625048159,0.022802206464174427,0.0047697882174580234
pi0 p,0.45,0.6,0.525,1.62,1.62,1.62,1.645,9.567180072571297,2.524017751024143,0.027845455773926074,0.007346200669959572,0.0026374930583926474,0.000695824605274397,0.019954549414645757,0.005264418204132112
pi0 p,0.45,0.6,0.525,1.64,1.64,1.64,1.645,11.159037636515862,3.8293789395684112,0.03348845491890458,0.01149202898693504,0.0027902108545424043,0.0009574996546634037,0.023221840655805796,0.00796889753775586
pi0 p,0.45,0.6,0.525,1.66,1.66,1.66,1.645,11.419858941802191,5.222607339539519,0.03530754113413444,0.016147084163468998,0.002566877442445674,0.0011739018002703638,0.023702062478495916,0.010839587957544597
pi0 p,0.6,0.7,0.65,1.1,1.1,1.1,1.645,5.910447905201772,9.17295988501571,0.003414971830590833,0.0053000043504146215,0.0018759671641261735,0.0029114834980596307,0.0037403650337286543,0.005805011559193684
pi0 p,0.6,0.7,0.65,1.18,1.18,1.18,1.645,97.47815995285934,7.363925589728975,0.09317320045901425,0.007038710163065162,0.037279780699169734,0.0028162773199951817,0.08729119208629676,0.006594357581976214
pi0 p,0.6,0.7,0.65,1.24,1.24,1.24,1.645,131.48400290600608,8.501564176637242,0.166244091785715,0.010749100910118917,0.05229119335192169,0.003381072421959265,0.1391641704827192,0.008998152629206878
pi0 p,0.6,0.7,0.65,1.32,1.32,1.32,1.645,37.32700275963042,5.012756424749561,0.06327965922249675,0.008498017383452893,0.014308268265661282,0.001921500746727622,0.04580715551661534,0.006151581861369075
pi0 p,0.6,0.7,0.65,1.34,1.34,1.34,1.645,30.601675985569912,4.741003435190994,0.05523780708131439,0.008557787267874433,0.011472290966559301,0.0017773592174368394,0.03858794130494484,0.005978285711212653
pi0 p,0.6,0.7,0.65,1.36,1.36,1.36,1.645,25.785187191015872,4.185961311170838,0.049387223765455984,0.008017510457335989,0.009409527019301697,0.0015275404350346224,0.03330393403650779,0.005406552931102258
pi0 p,0.6,0.7,0.65,1.38,1.38,1.38,1.645,21.749000896575158,4.155008849618578,0.044063150285764,0.008417985738749639,0.007690321204150232,0.0014691871507847218,0.028690541323711894,0.00548114617619711
pi0 p,0.6,0.7,0.65,1.4,1.4,1.4,1.645,19.11995908441854,3.8516219717062437,0.04085786290477213,0.008230616069112138,0.006521628578535143,0.0013137500877218645,0.025694215779326613,0.005175973735323779
pi0 p,0.6,0.7,0.65,1.42,1.42,1.42,1.645,18.639289125233994,4.567003553058814,0.04190258836734363,0.010266983288377789,0.006105733850189411,0.0014960285234320303,0.025457162199168926,0.006237520617511183
pi0 p,0.6,0.7,0.65,1.46,1.46,1.46,1.645,19.021049181312915,4.194819114830277,0.04699941171107791,0.010365044995788143,0.005670368837072637,0.00125051837883153,0.026669714583127432,0.005881622378132597
pi0 p,0.6,0.7,0.65,1.48,1.48,1.48,1.645,19.092759175223758,4.746138792829042,0.04930878562810224,0.01225733473873791,0.005392541391273854,0.0013404950879113147,0.027052015796877892,0.006724676115142038
pi0 p,0.6,0.7,0.65,1.5,1.5,1.5,1.645,22.90232982519043,5.826749521198326,0.061709694350912975,0.015700015446331886,0.006099012970844341,0.0015516945733862317,0.03274123069444508,0.00832993637452846
pi0 p,0.6,0.7,0.65,1.52,1.52,1.52,1.645,16.564380274873464,5.3138166148880295,0.04648982816900838,0.014913834218265278,0.004138063758615792,0.001327481716134809,0.023860861599179623,0.007654511711711654
pi0 p,0.6,0.7,0.65,1.54,1.54,1.54,1.645,15.13207163543411,8.873361503791685,0.04417190220878319,0.025902154447303028,0.003526836812238037,0.0020681172250458083,0.02193741954897129,0.012863979156862127
pi0 p,0.7,0.8,0.75,1.1,1.1,1.1,1.645,9.251468860441445,4.373388232161927,0.00580031088460677,0.0027419441980815976,0.0020365157863471736,0.000962709198828535,0.004262761566556381,0.0020151082550150055
pi0 p,0.7,0.8,0.75,1.14,1.14,1.14,1.645,24.62764852824479,4.460053058564477,0.020250543796169113,0.0036673618958023573,0.006107999103678468,0.0011061551431849905,0.0138690407207407,0.002511675339809771
pi0 p,0.7,0.8,0.75,1.16,1.16,1.16,1.645,49.49265694783891,6.366564718484764,0.04576111507466415,0.005886552039829403,0.0127855037503383,0.001644683112703909,0.030266562364465902,0.003893386210857717
pi0 p,0.7,0.8,0.75,1.2,1.2,1.2,1.645,124.64778419445918,9.65706929825833,0.14177074571022066,0.010983668298936513,0.03393350294198742,0.0026289932994893322,0.08751312859161009,0.006780067153044011
pi0 p,0.7,0.8,0.75,1.22,1.22,1.22,1.645,135.6697415771283,9.978610201194984,0.16922179419446107,0.012446388577023997,0.03745246455662179,0.0027546565692552587,0.10094728668553976,0.007424747869300123
pi0 p,0.7,0.8,0.75,1.24,1.24,1.24,1.645,111.82065510666673,8.80883169896007,0.15199732325892637,0.011973806073690987,0.0310813427719188,0.002448477136843374,0.08764241385954392,0.006904156236992924
pi0 p,0.7,0.8,0.75,1.26,1.26,1.26,1.645,81.13483470346307,7.481999192286858,0.11952097650655345,0.01102184842000054,0.022561052008694817,0.0020805092353135893,0.06662652260142682,0.0061440882958683106
pi0 p,0.7,0.8,0.75,1.3,1.3,1.3,1.645,46.74124381863967,5.987148718098556,0.07971441740408164,0.010210726822474847,0.012781654494716552,0.0016372192965199534,0.041555807860141486,0.005322939259484964
pi0 p,0.7,0.8,0.75,1.36,1.36,1.36,1.645,22.899263630760526,4.528498452765048,0.047243783399133384,0.009342806977354193,0.005871975915253109,0.001161226591198216,0.022302797762649776,0.00441054292352094
pi0 p,0.7,0.8,0.75,1.4,1.4,1.4,1.645,13.651049460308199,3.108569024173986,0.0314823899107535,0.00716905922640518,0.0032736271077509205,0.0007454588640557924,0.013923438275131664,0.0031705964481279956
pi0 p,0.7,0.8,0.75,1.42,1.42,1.42,1.645,15.617611063231722,5.199246817729537,0.0379342947214622,0.012628676710851855,0.0035962575868054123,0.0011972273312628287,0.016242808459420294,0.005407380799260102
pi0 p,0.7,0.8,0.75,1.44,1.44,1.44,1.645,17.36199295050807,6.770641080023961,0.0443145536480476,0.0172813074067984,0.0038205650134366417,0.0014899023690779372,0.018374162003064347,0.007165355752855682
pi0 p,0.8,1.0,0.9,1.12,1.12,1.12,1.645,9.74327890717562,2.7567993661546777,0.007803487501902778,0.0022079476122969376,0.001408089039418288,0.00039840992014493677,0.003322753356371731,0.0009401521227097114
pi0 p,0.8,1.0,0.9,1.14,1.14,1.14,1.645,22.031518040727182,3.594907736802807,0.02001782840528593,0.003266331719635701,0.003358492278689858,0.0005480089866860648,0.008273032093974073,0.0013499200112523741
pi0 p,0.8,1.0,0.9,1.18,1.18,1.18,1.645,66.21986596994793,5.965504569981502,0.07504993052243952,0.006760972662064711,0.010859029265312122,0.0009782500728283078,0.029221920399248813,0.0026324955076844525
pi0 p,0.8,1.0,0.9,1.2,1.2,1.2,1.645,94.99861396871646,7.176519069512455,0.11874889273163428,0.008970696071973193,0.015933899071529603,0.001203701041113874,0.04488080318457987,0.003390448833445486
pi0 p,0.8,1.0,0.9,1.22,1.22,1.22,1.645,99.54141977766035,7.452123313101037,0.13629934449827727,0.010203988701032726,0.016942581017877097,0.0012683986552476378,0.05000461066398548,0.0037435725321576844
pi0 p,0.8,1.0,0.9,1.24,1.24,1.24,1.645,79.70262659498862,6.596334001732398,0.11883343346754437,0.009834870583472764,0.013668259630311182,0.0011312099688016665,0.04232083959848738,0.0035025494786255613
pi0 p,0.8,1.0,0.9,1.28,1.28,1.28,1.645,44.48307330242462,5.775219368608215,0.07744143450981153,0.01005419003928154,0.0075963245152152244,0.000986227731439436,0.02599190452958768,0.0033745184251491103
pi0 p,0.8,1.0,0.9,1.3,1.3,1.3,1.645,29.690249691281057,5.244415640217464,0.055487605318798615,0.009801199659751507,0.005015032123859839,0.0008858434395143253,0.018080708827578305,0.003193733739107476
pi0 p,0.8,1.0,0.9,1.34,1.34,1.34,1.645,16.548508948787525,5.568017879662738,0.03525040744172006,0.011860579071401742,0.002690424837530308,0.0009052376649531952,0.010828517317004413,0.0036434326632029126
pi0 p,0.8,1.0,0.9,1.36,1.36,1.36,1.645,14.940377934897372,8.014342700851007,0.033813002809786684,0.018138027929634832,0.002364282388185993,0.0012682523416124786,0.010086176801746786,0.005410443951472059
pi0 p,0.35,0.45,0.4,1.14,1.14,1.14,1.646,56.50626883016343,4.495555639357754,0.033417278610823206,0.0026586295365282043,0.06348068576969905,0.005050429993175019,0.12171932380087977,0.00968381037821702
pi0 p,0.35,0.45,0.4,1.16,1.16,1.16,1.646,103.45705687879753,6.022289517992177,0.06920380316743763,0.004028389662279918,0.12019017226822164,0.006996332937100251,0.23934972336262927,0.013932672875372474
pi0 p,0.35,0.45,0.4,1.26,1.26,1.26,1.646,146.1148774158571,7.593717809182323,0.15671957984039278,0.008144853457286669,0.17567744608967883,0.00913011032576813,0.42641723451975855,0.022161276149170225
pi0 p,0.35,0.45,0.4,1.32,1.32,1.32,1.646,56.90875711457075,4.471837333011364,0.07484303556229391,0.005881096293661123,0.0646808720177557,0.00508256291098428,0.17841204952940465,0.01401945331785133
pi0 p,0.35,0.45,0.4,1.38,1.38,1.38,1.646,29.887328081626052,3.7595406672926788,0.0463287075546455,0.00582770931008307,0.030780004178052413,0.003871830801695767,0.09739856873481148,0.012251810502918096
pi0 p,0.35,0.45,0.4,1.46,1.46,1.46,1.646,23.71875435763473,3.0772533968370044,0.04379909884541271,0.0056824622266498535,0.02025863992357522,0.0026283407458981053,0.07854067339037728,0.010189808045404702
pi0 p,0.35,0.45,0.4,1.5,1.5,1.5,1.646,30.771460218940522,3.590471262249495,0.061150974347360984,0.007135209525013411,0.02340733247119504,0.0027312111276414073,0.10160236902813312,0.011855153560357766
pi0 p,0.35,0.45,0.4,1.54,1.54,1.54,1.646,21.46285835450089,2.669728408596033,0.04557155248646491,0.0056685678248175626,0.014321087669230629,0.001781375712453583,0.07030049604143004,0.008744559010745204
pi0 p,0.35,0.45,0.4,1.56,1.56,1.56,1.646,18.369174988878342,2.5087978723552014,0.04022339540363376,0.0054935710977023185,0.011409998455644282,0.001558337805939995,0.05983558358372315,0.008172135377710983
pi0 p,0.45,0.6,0.525,1.14,1.14,1.14,1.646,46.95666282689631,3.7254361306742405,0.03191306870697758,0.002531911171795724,0.028202196730242064,0.002237498926415321,0.05722747711463001,0.004540299460720164
pi0 p,0.45,0.6,0.525,1.26,1.26,1.26,1.646,115.56532045241023,5.6503291488820775,0.14217548248822004,0.006951378404998042,0.07618374095010175,0.0037248476487243914,0.19736931544416564,0.00964996758355644
pi0 p,0.45,0.6,0.525,1.3,1.3,1.3,1.646,62.436684698271414,4.220667173588398,0.08876616839061854,0.006000518042590371,0.04019911128433881,0.002717425984822238,0.11372258433408458,0.007687550690976991
pi0 p,0.45,0.6,0.525,1.38,1.38,1.38,1.646,25.76644444924456,2.887923563358703,0.046499601034890724,0.0052117122243995435,0.014916719076626709,0.0016718777243111456,0.051033614734099335,0.005719888081737113
pi0 p,0.45,0.6,0.525,1.44,1.44,1.44,1.646,20.75464283941684,2.8599014199861412,0.04332866131593374,0.005970505056738392,0.010604045802768865,0.0014611923646954393,0.042529850543840404,0.005860432333295942
pi0 p,0.6,0.7,0.65,1.2,1.2,1.2,1.646,146.47197596960535,9.327160315626616,0.154786656320799,0.00985662921980025,0.05728240561326221,0.0036476751056496734,0.13963505166094278,0.008891793149514694
pi0 p,0.6,0.7,0.65,1.22,1.22,1.22,1.646,165.45004188023185,9.796343501508808,0.19187179208190086,0.011360782760303188,0.0655382559541193,0.0038805385633031296,0.16671672145388067,0.009871343955233631
pi0 p,0.6,0.7,0.65,1.26,1.26,1.26,1.646,94.5173345405571,7.157978647038732,0.129530629643505,0.00980960249918857,0.03763022498626227,0.0028498089609091623,0.10452640514074722,0.007915984720539688
pi0 p,0.6,0.7,0.65,1.44,1.44,1.44,1.646,16.63605885285777,3.81671645684826,0.03924858314870096,0.009004579422120237,0.005222025463180358,0.001198059630570335,0.023045993120778395,0.005287311254815426
pi0 p,0.7,0.8,0.75,1.28,1.28,1.28,1.646,55.175930005074285,6.043209258517477,0.08764772847791451,0.009599721548455046,0.015286347111578029,0.001674255320845604,0.04725029625435633,0.005175144809806734
pi0 p,0.7,0.8,0.75,1.32,1.32,1.32,1.646,31.13624939150475,5.080588473827856,0.05677753327796524,0.009264548132220201,0.008392141856580038,0.0013693691443421561,0.02863479574111819,0.004672419319471195
pi0 p,0.7,0.8,0.75,1.38,1.38,1.38,1.646,21.556641178395857,4.99748839017917,0.04708281881544905,0.010915236676246684,0.0053696453655389,0.0012448479404367462,0.021514752788890174,0.004987777381005452
pi0 p,0.8,1.0,0.9,1.1,1.1,1.1,1.646,7.982560738100606,5.960363498494355,0.0055606735305033855,0.004152005431046981,0.0010802050522142653,0.0008065600720551575,0.0024397082722251726,0.0018216645773002547
pi0 p,0.8,1.0,0.9,1.26,1.26,1.26,1.646,58.31749124273756,5.911078558979352,0.09417435058730904,0.009545540672272507,0.010029917118449192,0.0010166354341346645,0.03256161104041634,0.003300454748056395
pi0 p,0.45,0.6,0.525,1.12,1.12,1.12,1.647,25.820630639333675,3.0732722061725894,0.01535592068770952,0.0018277215963051396,0.014782917901298286,0.0017595205689121644,0.028820452319349932,0.003430322687295379
pi0 p,0.45,0.6,0.525,1.22,1.22,1.22,1.647,204.36452910683306,8.13392897693494,0.2127756111199923,0.008468699125224459,0.1349457244916922,0.00537098557931575,0.3208326929577196,0.012769487686547907
pi0 p,0.45,0.45,0.45,1.1125,1.1125,1.112,2.035,28.036163460054187,0.7797550154757159,0.014479750088088382,0.00040271764608979893,0.037748109259104365,0.0010498682375514672,0.04302084617431809,0.0011965160861695503
pi0 p,0.45,0.45,0.45,1.1625,1.1625,1.162,2.035,90.30477923454386,1.19434743759582,0.06464636069025737,0.0008549958916323797,0.13798348199530233,0.001824933514577466,0.17077355465672325,0.0022586064562944656
pi0 p,0.45,0.45,0.45,1.3125,1.3125,1.312,2.035,48.094120429425644,1.1015909097394483,0.06516703943496839,0.0014926443734746275,0.0784833327670214,0.0017976527103572904,0.12577373148600407,0.0028808344565175144
pi0 p,0.45,0.45,0.45,1.3625,1.3625,1.362,2.035,17.57066381774481,0.5348727794637241,0.027495003627853638,0.0008369819811214627,0.027456003447768013,0.0008357947673122202,0.048227400771026226,0.00146810184090248
pi0 p,0.45,0.45,0.45,1.4125,1.4125,1.412,2.035,8.060176926200196,0.3338744712638311,0.014247620996396699,0.0005901752493145279,0.011787846177855782,0.0004882846798533437,0.022785978333384114,0.0009438572549888436
pi0 p,0.45,0.45,0.45,1.4625,1.4625,1.462,2.035,0.8679403687778667,0.07136503882851994,0.0017029205259886926,0.00014001997583104668,0.001164826958216286,9.577607413129446e-05,0.00248999868372383,0.00020473624587496678
pi0 p,0.45,0.45,0.45,1.5125,1.5125,1.512,2.035,0.0,0.0,0.0,0.0,0.0,0.0,0.0,0.0
pi0 p,0.45,0.45,0.45,1.5625,1.5625,1.562,2.035,11.827248110749103,0.5476432390628106,0.02748881524823397,0.0012728289522277174,0.012692003127119244,0.0005876844416930616,0.03383174155763239,0.0015665287779765879
pi0 p,0.45,0.45,0.45,1.6125,1.6125,1.612,2.035,10.703607232710254,0.4402347057738989,0.026685679675542633,0.0010975703877135195,0.010023234340853678,0.0004122512649253155,0.030224255718912286,0.0012431104798939158
pi0 p,0.45,0.45,0.45,1.6625,1.6625,1.662,2.035,13.854982805823328,0.6261365217652226,0.036793234521451695,0.0016627655342936298,0.01113304626915055,0.0005031263456124496,0.03842278191392706,0.001736408291608873
pi0 p,0.45,0.45,0.45,1.7125,1.7125,1.712,2.035,10.0908710015541,0.5332156712152333,0.028386733788782474,0.0014999945305477244,0.00682925310056384,0.00036086724083134517,0.027385614171539233,0.0014470939763148066
pi0 p,0.45,0.45,0.45,1.7625,1.7625,1.762,2.035,5.066082047696443,0.2510669634808983,0.015033285888383466,0.0007450257227580601,0.002824326899423754,0.00013996914614483383,0.013425597366279006,0.0006653512382811665
pi0 p,0.55,0.55,0.55,1.1125,1.1125,1.112,2.035,22.894689471856896,0.6057866536020692,0.013165171558454525,0.0003483465120720181,0.019419941085629517,0.0005138458478711431,0.02289245927507294,0.0006057276432604663
pi0 p,0.55,0.55,0.55,1.1625,1.1625,1.162,2.035,72.54713410524269,0.9074533212872039,0.05749867635535197,0.0007192202072736532,0.07031904724820026,0.0008795833737906369,0.0901389579153815,0.001127500041821353
pi0 p,0.55,0.55,0.55,1.3125,1.3125,1.312,2.035,41.98015386893902,0.8941444151810046,0.06306093759876523,0.001343148606506973,0.04454399297995396,0.0009487521812624151,0.07432444941779445,0.0015830525911315239
pi0 p,0.55,0.55,0.55,1.3625,1.3625,1.362,2.035,15.237528617629813,0.45898876305056385,0.026542191798895068,0.0007995107401032503,0.015613245316799735,0.00047030619826836676,0.028620679044489762,0.0008621194684483509
pi0 p,0.55,0.55,0.55,1.4125,1.4125,1.412,2.035,7.111711254525517,0.3108316949658322,0.014064946710774528,0.0006147368852935572,0.006875440982679297,0.0003005050258366173,0.013906882473433196,0.0006078283687568343
pi0 p,0.55,0.55,0.55,1.4625,1.4625,1.462,2.035,0.7562190508309065,0.03974895858242709,0.001669639222364246,8.776084155038297e-05,0.0006759143724363351,3.5527923246205846e-05,0.0015166967018026573,7.972176093132838e-05
pi0 p,0.55,0.55,0.55,1.5125,1.5125,1.512,2.035,0.0,0.0,0.0,0.0,0.0,0.0,0.0,0.0
pi0 p,0.55,0.55,0.55,1.5625,1.5625,1.562,2.035,0.0,0.0,0.0,0.0,0.0,0.0,0.0,0.0
pi0 p,0.55,0.55,0.55,1.6125,1.6125,1.612,2.035,8.385224951696518,0.4119257138340923,0.023986400534035123,0.001178336326003252,0.005314460152510289,0.0002610738298109371,0.017058841445155418,0.0008380187150562407
pi0 p,0.55,0.55,0.55,1.6625,1.6625,1.662,2.035,11.50378344795019,0.576713226751575,0.03529130389385506,0.001769240688246977,0.006270015119130935,0.0003143314256128041,0.023199611905130476,0.0011630541466404335
pi0 p,0.55,0.55,0.55,1.7125,1.7125,1.712,2.035,9.089990998046929,0.4710416923347589,0.02974549888152704,0.001541406381536203,0.004171499233044616,0.00021616633709853762,0.0181011051065841,0.0009379959984962243
pi0 p,0.55,0.55,0.55,1.7625,1.7625,1.762,2.035,3.71161579102774,0.1911238911353861,0.01290214303089176,0.0006643758187499606,0.0013976042805279427,7.196746198991904e-05,0.007279666517465687,0.0003748551222217895
pi0 p,0.65,0.65,0.65,1.1125,1.1125,1.112,2.035,19.250096418500846,0.5700152532654882,0.012135733816229288,0.00035935162268445467,0.010962175931078833,0.0003246013606295156,0.01338179478901672,0.00039624877610884167
pi0 p,0.65,0.65,0.65,1.1625,1.1625,1.162,2.035,59.51171742451725,0.8117206136452989,0.05144249474441217,0.0007016590212564856,0.03891342761284626,0.0005307665903106427,0.05172968439360881,0.0007055761953587815
pi0 p,0.65,0.65,0.65,1.3125,1.3125,1.312,2.035,36.88672111560042,0.8627594102425852,0.06032802011097732,0.0014110380504933745,0.026866875590321772,0.0006284009269005913,0.046754910313398686,0.0010935707384105943
pi0 p,0.65,0.65,0.65,1.3625,1.3625,1.362,2.035,13.743739009959711,0.43791325988939866,0.0261288905295627,0.0008325381921762483,0.009724972412124468,0.0003098643220918074,0.018639375316339753,0.0005939016741488792
pi0 p,0.65,0.65,0.65,1.4125,1.4125,1.412,2.035,6.577590237932793,0.287281224898254,0.014245753305820298,0.000622194042385439,0.004416462909384215,0.00019289235547216942,0.009367758324703285,0.0004091439248604456
pi0 p,0.65,0.65,0.65,1.4625,1.4625,1.462,2.035,0.6831016234112578,0.03806540139971209,0.001658318882427649,9.240875990471274e-05,0.00042624617635228447,2.375229576664885e-05,0.0010064945387198527,5.6086264927412335e-05
pi0 p,0.65,0.65,0.65,1.5125,1.5125,1.512,2.035,0.0,0.0,0.0,0.0,0.0,0.0,0.0,0.0
pi0 p,0.65,0.65,0.65,1.5625,1.5625,1.562,2.035,0.0,0.0,0.0,0.0,0.0,0.0,0.0,0.0
pi0 p,0.65,0.65,0.65,1.6125,1.6125,1.612,2.035,7.628113688551992,0.40157006477354473,0.02434250847289922,0.0012814731273451017,0.003407964806807314,0.00017940695486348427,0.011693331223019491,0.0006155770572341601
pi0 p,0.65,0.65,0.65,1.6625,1.6625,1.662,2.035,10.478895393384285,0.49022600703741276,0.036052004397681824,0.00168659286099266,0.0040257382850501615,0.00018833298079335155,0.016053097985036884,0.0007509995882536786
pi0 p,0.65,0.65,0.65,1.7125,1.7125,1.712,2.035,5.393762727836473,0.22925835067725375,0.019901169251089892,0.0008458861594907131,0.0017396039454331763,7.394072588758944e-05,0.008223629078366218,0.00034953996573816343
pi0 p,0.65,0.65,0.65,1.7625,1.7625,1.762,2.035,3.3456956451082145,0.174298512944525,0.013185486524348242,0.000686915648470361,0.0008789496187224038,4.579006214162588e-05,0.005062898791668813,0.0002637585196569678
pi0 p,0.75,0.75,0.75,1.1125,1.1125,1.112,2.035,16.876428389969234,0.57341084959216,0.011528250315008953,0.00039169566300944206,0.006752652208093613,0.00022943504100338808,0.00854701353132665,0.000290402102697669
pi0 p,0.75,0.75,0.75,1.1625,1.1625,1.162,2.035,50.048373272332405,0.7867131793274426,0.04665874787564121,0.0007334314680908029,0.02307434233956734,0.0003627068780852078,0.03185423002458164,0.000500718423779819
pi0 p,0.75,0.75,0.75,1.3125,1.3125,1.312,2.035,32.39808264718971,0.8918365417241668,0.05696028879593639,0.0015679713990662397,0.016848150914584102,0.0004637866015016453,0.030636000023497735,0.0008433309035832007
pi0 p,0.75,0.75,0.75,1.3625,1.3625,1.362,2.035,16.558461514314104,0.6383330942009031,0.033887783028234565,0.0013063830463550083,0.008401176745315129,0.0003238675973688621,0.01687106208485825,0.0006503839293145348
pi0 p,0.75,0.75,0.75,1.4125,1.4125,1.412,2.035,6.098805234340402,0.32035025570114456,0.01425036000881081,0.0007485247187352808,0.00294790704735052,0.0001548438981268894,0.006572581651927395,0.000345236178547897
pi0 p,0.75,0.75,0.75,1.4625,1.4625,1.462,2.035,0.5966135776579305,0.03712564807653181,0.0015669747026101802,9.750859439422339e-05,0.00026892441439405756,1.673443840680664e-05,0.0006700620885476777,4.169615010523606e-05
pi0 p,0.75,0.75,0.75,1.5125,1.5125,1.512,2.035,0.0,0.0,0.0,0.0,0.0,0.0,0.0,0.0
pi0 p,0.75,0.75,0.75,1.5625,1.5625,1.562,2.035,0.0,0.0,0.0,0.0,0.0,0.0,0.0,0.0
pi0 p,0.75,0.75,0.75,1.6125,1.6125,1.612,2.035,6.911887112201284,0.4008432821176908,0.024121389644019536,0.001398879472015731,0.0022401368129501002,0.00012991297136645603,0.00825542404602155,0.0004787594496500246
pi0 p,0.75,0.75,0.75,1.6625,1.6625,1.662,2.035,8.953287735318623,0.44435389025363614,0.033822267328799484,0.0016786075136918032,0.0024895437565803863,0.00012355667391647588,0.010763778071479052,0.0005342089745447331
pi0 p,0.75,0.75,0.75,1.7125,1.7125,1.712,2.035,4.649475445903901,0.19264639859422775,0.018914445161185546,0.0007837012549276996,0.0010791550082332514,4.471371626324253e-05,0.005602536203717545,0.00023213552479147125
pi0 p,0.75,0.75,0.75,1.7625,1.7625,1.762,2.035,2.990626560214189,0.2500530863095726,0.013049685242940355,0.0010911138534568543,0.0005590637569862573,4.674459183169508e-05,0.0036016440532798378,0.000301141648138991
pi0 p,0.85,0.85,0.85,1.1125,1.1125,1.112,2.035,14.036943852319249,0.5781023592082705,0.01029425105045094,0.0004239620020681803,0.004083502982928433,0.00016817640172257965,0.005366435734795646,0.00022101314869278665
pi0 p,0.85,0.85,0.85,1.1625,1.1625,1.162,2.035,40.570169386896076,0.8236226326156997,0.0404385613876131,0.0008209508338906556,0.013633905035376084,0.0002767844681884877,0.019574873656893192,0.00039739318859283564
pi0 p,0.85,0.85,0.85,1.3125,1.3125,1.312,2.035,27.649364289358907,0.8948292834356965,0.051766940996296695,0.0016753576766754738,0.01057577719341476,0.0003422688141658658,0.020134359611077426,0.0006516176789696016
pi0 p,0.85,0.85,0.85,1.3625,1.3625,1.362,2.035,13.983411113502077,0.6072094927870437,0.03049710077838186,0.0013242926883009186,0.005233703280391781,0.00022726602890306335,0.011037284605678072,0.0004792781913340713
pi0 p,0.85,0.85,0.85,1.4125,1.4125,1.412,2.035,5.569076164277398,0.3011017932863108,0.013886709203000655,0.0007508090966128041,0.0019909645772124805,0.00010764496424264364,0.004678258438701957,0.00025293818288670315
pi0 p,0.85,0.85,0.85,1.4625,1.4625,1.462,2.035,5.354857244414418,0.3799200756302336,0.015038480664679577,0.001066960415695202,0.0017888970021153689,0.00012691988848951866,0.004717688569803133,0.00033471379654594275
pi0 p,0.85,0.85,0.85,1.5125,1.5125,1.512,2.035,0.0,0.0,0.0,0.0,0.0,0.0,0.0,0.0
pi0 p,0.85,0.85,0.85,1.5625,1.5625,1.562,2.035,0.0,0.0,0.0,0.0,0.0,0.0,0.0,0.0
pi0 p,0.85,0.85,0.85,1.6125,1.6125,1.612,2.035,0.0,0.0,0.0,0.0,0.0,0.0,0.0,0.0
pi0 p,0.85,0.85,0.85,1.6625,1.6625,1.662,2.035,4.191588316643188,0.1815083581819359,0.017120080047893324,0.000741350864324627,0.0008591663936041834,3.720448424979834e-05,0.004056467071954417,0.0001756572026231763
pi0 p,0.85,0.85,0.85,1.7125,1.7125,1.712,2.035,4.034502400778392,0.20957888631470936,0.017801905694817426,0.0009247493740689066,0.0006841468429772355,3.5539136969959415e-05,0.003938651684429092,0.00020459976264853492
pi0 p,0.95,0.95,0.95,1.1125,1.1125,1.112,2.035,11.74948112620214,0.5812479646076024,0.009181895754339277,0.00045422926860549717,0.0025518430592655294,0.00012623992227949284,0.003487039062348924,0.00017250415875621404
pi0 p,0.95,0.95,0.95,1.1625,1.1625,1.162,2.035,34.387684690634664,0.8160474666003319,0.036391812602424495,0.0008636070368323027,0.00864363527970961,0.00020512043005167197,0.012927427743868772,0.00030677827701834306
pi0 p,0.95,0.95,0.95,1.3125,1.3125,1.312,2.035,24.72440329879005,0.8694003987583026,0.04893971461034525,0.0017208992622860949,0.007118338992306701,0.0002503068196881855,0.014220348108357433,0.0005000394212341962
pi0 p,0.95,0.95,0.95,1.3625,1.3625,1.362,2.035,9.741557314401453,0.47595838166304266,0.02246765024973779,0.001097736851255543,0.002749608823258634,0.00013434190483998734,0.006104758428961934,0.0002982696553041909
pi0 p,0.95,0.95,0.95,1.4125,1.4125,1.412,2.035,5.061005233968243,0.3190041511114007,0.013357181917547064,0.0008419269061902712,0.001366485521433123,8.613201006887725e-05,0.003393810815025618,0.0002139179250030255
pi0 p,0.95,0.95,0.95,1.4625,1.4625,1.462,2.035,0.5354844678043804,0.04262450379642451,0.0015938714162008047,0.00012687198661321837,0.0001352151019390051,1.07631070039524e-05,0.0003787155346284088,3.014571423466692e-05
pi0 p,0.95,0.95,0.95,1.5125,1.5125,1.512,2.035,0.0,0.0,0.0,0.0,0.0,0.0,0.0,0.0
pi0 p,0.95,0.95,0.95,1.5625,1.5625,1.562,2.035,0.0,0.0,0.0,0.0,0.0,0.0,0.0,0.0
pi0 p,0.95,0.95,0.95,1.6625,1.6625,1.662,2.035,1.0979740660590183,0.048919009892002624,0.004792906103550148,0.00021354258569382872,0.00016791746246454977,7.481375253995983e-06,0.0008731409829789811,3.890182264210761e-05
pi0 p,0.45,0.45,0.45,1.1375,1.1375,1.138,2.037,49.1911645840592,0.915548065453405,0.030419945754399418,0.0005661773353433317,0.07157988853777916,0.0013322479561171268,0.08494749714579651,0.0015810464609765668
pi0 p,0.45,0.45,0.45,1.3375,1.3375,1.338,2.037,21.446723134632055,0.5534489675694767,0.03141517606356148,0.0008106924609995776,0.034418030463364876,0.0008881833978154205,0.057681137576166636,0.00148850553249379
pi0 p,0.45,0.45,0.45,1.3875,1.3875,1.388,2.037,9.738220943003341,0.3523732710454363,0.016274718811883287,0.0005888935912065435,0.01478263202291277,0.0005349030825098831,0.027205761331690587,0.0009844285899691945
pi0 p,0.45,0.45,0.45,1.4375,1.4375,1.438,2.037,0.7456193172176946,0.03758731466050035,0.0013941131516190899,7.027844972925954e-05,0.0010483212237582876,5.28467795734148e-05,0.002128075201536009,0.00010727811146286034
pi0 p,0.45,0.45,0.45,1.4875,1.4875,1.488,2.037,0.0,0.0,0.0,0.0,0.0,0.0,0.0,0.0
pi0 p,0.45,0.45,0.45,1.5375,1.5375,1.538,2.037,0.0,0.0,0.0,0.0,0.0,0.0,0.0,0.0
pi0 p,0.45,0.45,0.45,1.5875,1.5875,1.588,2.037,9.967324728859031,0.4607964616614623,0.024048221073124144,0.001111766244322684,0.01001939415373964,0.00046320366794784545,0.028350060057964605,0.0013106432987756629
pi0 p,0.45,0.45,0.45,1.6375,1.6375,1.638,2.037,11.721778562182788,0.6240949832633251,0.030218983120513486,0.0016089295378498955,0.010196504769978548,0.00054288582914325,0.03281743248906958,0.0017472770767132835
pi0 p,0.45,0.45,0.45,1.6875,1.6875,1.688,2.037,12.659801579876934,0.566247652626464,0.03465750512912553,0.0015501610196206363,0.00936408500930619,0.00041883682947626704,0.03473829230757304,0.0015537744688417466
pi0 p,0.45,0.45,0.45,1.7375,1.7375,1.738,2.037,5.607554391098566,0.24498966326270152,0.016223366449097693,0.0007087861848760784,0.003456580338412082,0.00015101529010441762,0.015038257474525576,0.000657009701161375
pi0 p,0.45,0.45,0.45,1.7875,1.7875,1.788,2.037,4.621860846478846,0.2267531211872665,0.014079989808413932,0.0006907783988726314,0.0023157873419453225,0.00011361484588877679,0.012095521581112661,0.0005934184005117234
pi0 p,0.55,0.55,0.55,1.1375,1.1375,1.138,2.037,39.17078463846635,0.7051305693582293,0.026877392399765547,0.0004838317940432569,0.03603513565097174,0.0006486843690518828,0.04426114130245883,0.000796764324613483
pi0 p,0.55,0.55,0.55,1.3375,1.3375,1.338,2.037,23.733230816582473,0.6062656643735806,0.03861645043771052,0.0009864576871687486,0.024876520970381653,0.0006354710249931106,0.043455122890090035,0.0011100616326955562
pi0 p,0.55,0.55,0.55,1.3875,1.3875,1.388,2.037,12.518731503360135,0.49311529531626586,0.02334810762758013,0.0009196865500917457,0.01251531336952343,0.0004929806543523739,0.024067596644208628,0.000948027363920714
pi0 p,0.55,0.55,0.55,1.4375,1.4375,1.438,2.037,0.6728411818046335,0.029556475866502466,0.001411650708296069,6.20108002006909e-05,0.0006278864926075453,2.7581712397393557e-05,0.0013357307926212445,5.867580047696502e-05
pi0 p,0.55,0.55,0.55,1.4875,1.4875,1.488,2.037,0.0,0.0,0.0,0.0,0.0,0.0,0.0,0.0
pi0 p,0.55,0.55,0.55,1.5375,1.5375,1.538,2.037,0.0,0.0,0.0,0.0,0.0,0.0,0.0,0.0
pi0 p,0.55,0.55,0.55,1.5875,1.5875,1.588,2.037,8.928337206463814,0.4337827864436039,0.024635640978402564,0.0011969213015049455,0.006064467502853142,0.0002946418298112453,0.01821153185157386,0.000884806302596068
pi0 p,0.55,0.55,0.55,1.6375,1.6375,1.638,2.037,10.688175729595821,0.5146290986278045,0.03172598524514019,0.0015275867091682765,0.00630229111264632,0.00030345144734197286,0.021663941083703293,0.0010431054610901022
pi0 p,0.55,0.55,0.55,1.6875,1.6875,1.688,2.037,11.317273375291872,0.5415507010971835,0.035918752014612004,0.001718773125911818,0.005680223428132967,0.0002718083126462183,0.022688692904648294,0.001085692387383378
pi0 p,0.55,0.55,0.55,1.7375,1.7375,1.738,2.037,4.544031030078813,0.2120716890267569,0.015347657031640587,0.0007162811010220917,0.0018969318749694117,8.853054568302071e-05,0.008981731558302912,0.00041918089232792656
pi0 p,0.55,0.55,0.55,1.7875,1.7875,1.788,2.037,3.8529874604392806,0.2062516075453306,0.013800074232447978,0.000738722231492231,0.0012990495719544736,6.95385243911842e-05,0.007494819502326775,0.00040120000038638916
pi0 p,0.65,0.65,0.65,1.1375,1.1375,1.138,2.037,31.76248818788604,0.6165586906327702,0.023820057336029276,0.00046238390629299076,0.01966520672058571,0.00038173187298630353,0.025030177270048325,0.00048587419325079776
pi0 p,0.65,0.65,0.65,1.3375,1.3375,1.338,2.037,24.588918974011335,0.6706161822843656,0.04360938509112715,0.0011893633621099969,0.017748649920357407,0.00048406080246439005,0.03237419128015444,0.0008829447355448005
pi0 p,0.65,0.65,0.65,1.3875,1.3875,1.388,2.037,11.5118447746993,0.44134834114819327,0.023471706094525327,0.000899873022220045,0.007972080137191279,0.0003056386194315878,0.016051721959933752,0.0006154010063755258
pi0 p,0.65,0.65,0.65,1.4375,1.4375,1.438,2.037,6.558979443052928,0.34222423086812565,0.015100208613600799,0.0007878752058311763,0.004263095787739787,0.00022243318335471446,0.0095259487736605,0.0004970301432806034
pi0 p,0.65,0.65,0.65,1.4875,1.4875,1.488,2.037,0.0,0.0,0.0,0.0,0.0,0.0,0.0,0.0
pi0 p,0.65,0.65,0.65,1.5375,1.5375,1.538,2.037,0.0,0.0,0.0,0.0,0.0,0.0,0.0,0.0
pi0 p,0.65,0.65,0.65,1.5875,1.5875,1.588,2.037,0.0,0.0,0.0,0.0,0.0,0.0,0.0,0.0
pi0 p,0.65,0.65,0.65,1.6375,1.6375,1.638,2.037,9.436665747370565,0.45373505533617653,0.03133300860276329,0.00150655801241928,0.003923976405117064,0.00018867317111552308,0.014473250329019059,0.0006959048052286512
pi0 p,0.65,0.65,0.65,1.6875,1.6875,1.688,2.037,10.016867645006142,0.4909209442046253,0.03575200762918417,0.0017521854101047473,0.0035405685703516396,0.00017352123709499023,0.015317274474997956,0.0007506908461205681
pi0 p,0.65,0.65,0.65,1.7375,1.7375,1.738,2.037,4.0423563824123665,0.20088833396795644,0.015437850608675986,0.0007671970987803803,0.0011826188080642018,5.87712461733545e-05,0.006142027038264502,0.00030523325065336354
pi0 p,0.65,0.65,0.65,1.7875,1.7875,1.788,2.037,1.5294152683618119,0.09726167937477521,0.006228137226271835,0.0003960723411978188,0.00035760784353760323,2.2741723676731937e-05,0.0023042571257035033,0.00014653699514669447
pi0 p,0.75,0.75,0.75,1.1375,1.1375,1.138,2.037,27.356756349603554,0.5973973708360343,0.022170103024613474,0.0004841349277236237,0.011922248700672813,0.0002603495800896907,0.015745771564566906,0.00034384495055801365
pi0 p,0.75,0.75,0.75,1.2875,1.2875,1.288,2.037,43.63331647192574,0.8744340695687958,0.07072764600131054,0.00141741834737087,0.02280768021728353,0.00045707762421990245,0.03950097540216564,0.0007916198324066598
pi0 p,0.75,0.75,0.75,1.3375,1.3375,1.338,2.037,22.093910070827473,0.6880676069810412,0.042148281028814856,0.001312618127479094,0.011412654776510994,0.00035542274030268855,0.02177969054088913,0.0006782819113147563
pi0 p,0.75,0.75,0.75,1.3875,1.3875,1.388,2.037,10.203597629150211,0.4674950443064381,0.022419049136612287,0.0010271665691213314,0.00507771345985639,0.00023264401098190487,0.010728494179957939,0.0004915440655629331
pi0 p,0.75,0.75,0.75,1.4375,1.4375,1.438,2.037,5.802867206372243,0.3318659978897974,0.014433016765036983,0.0008254242844001962,0.0027204766320996438,0.00015558406907126946,0.006401431338242406,0.0003660978828976084
pi0 p,0.75,0.75,0.75,1.4875,1.4875,1.488,2.037,0.0,0.0,0.0,0.0,0.0,0.0,0.0,0.0
pi0 p,0.75,0.75,0.75,1.5375,1.5375,1.538,2.037,0.0,0.0,0.0,0.0,0.0,0.0,0.0,0.0
pi0 p,0.75,0.75,0.75,1.5875,1.5875,1.588,2.037,0.0,0.0,0.0,0.0,0.0,0.0,0.0,0.0
pi0 p,0.75,0.75,0.75,1.6375,1.6375,1.638,2.037,7.418827069155147,0.42212143268813224,0.026994357198229593,0.0015359431657853049,0.002236432884211637,0.0001272500685612794,0.008898502591703859,0.0005063130098295782
pi0 p,0.75,0.75,0.75,1.6875,1.6875,1.688,2.037,8.489689190613685,0.4285071382427616,0.03334186904591787,0.001682891866562952,0.0021671319633589617,0.0001093834526757556,0.010225086538957463,0.0005160992908830533
pi0 p,0.75,0.75,0.75,1.7375,1.7375,1.738,2.037,3.3645640505856753,0.16583234822979281,0.014197876945642299,0.0006997837575312781,0.0007051013327411117,3.475297482538966e-05,0.004054827616853583,0.00019985400047676158
pi0 p,0.85,0.85,0.85,1.1375,1.1375,1.138,2.037,22.388641727216655,0.6100920073275945,0.01943324981838054,0.0005295573771311735,0.007103402758946799,0.00019356820752524466,0.009748275725079341,0.0002656411754477563
pi0 p,0.85,0.85,0.85,1.3375,1.3375,1.338,2.037,19.73673540372721,0.722831145826171,0.040106447272010265,0.0014688441955385083,0.007510949290905791,0.0002750783232956766,0.015028680739700071,0.0005504050339187115
pi0 p,0.85,0.85,0.85,1.3875,1.3875,1.388,2.037,8.815629428423625,0.4390651191961029,0.020654932449235396,0.001028725226195522,0.003241115578204928,0.00016142475239313216,0.00720351909538324,0.00035877347113164753
pi0 p,0.85,0.85,0.85,1.4375,1.4375,1.438,2.037,5.168912658433744,0.3267299854591306,0.013732977904033146,0.0008680695471946573,0.0017945445262823826,0.00011343420671295932,0.004459223341708537,0.0002818701096096538
pi0 p,0.85,0.85,0.85,1.4875,1.4875,1.488,2.037,0.0,0.0,0.0,0.0,0.0,0.0,0.0,0.0
pi0 p,0.85,0.85,0.85,1.5375,1.5375,1.538,2.037,0.0,0.0,0.0,0.0,0.0,0.0,0.0,0.0
pi0 p,0.85,0.85,0.85,1.5875,1.5875,1.588,2.037,0.0,0.0,0.0,0.0,0.0,0.0,0.0,0.0
pi0 p,0.85,0.85,0.85,1.6375,1.6375,1.638,2.037,2.2796464435949764,0.14491552536951044,0.008954885744980096,0.0005692558054358944,0.0005080316994972509,3.2295218780026615e-05,0.0021941940658833834,0.00013948337765864836
pi0 p,0.85,0.85,0.85,1.6875,1.6875,1.688,2.037,4.135850179783199,0.18009889307848415,0.01759060140154745,0.0007659967608327623,0.0007754033220434157,3.376555579117205e-05,0.004023124979285086,0.00017519018436098788
pi0 p,0.85,0.85,0.85,1.7375,1.7375,1.738,2.037,0.0,0.0,0.0,0.0,0.0,0.0,0.0,0.0
pi0 p,0.95,0.95,0.95,1.1375,1.1375,1.138,2.037,18.765870176432433,0.6067837685868126,0.01732149172190903,0.0005600806104778971,0.004449503222024859,0.00014387216302871614,0.006354667115494868,0.00020547455695911192
pi0 p,0.95,0.95,0.95,1.3375,1.3375,1.338,2.037,17.17236641793739,0.7132241962710099,0.03689446430999101,0.0015323470285875385,0.0049244031765637965,0.00020452647074024988,0.01035529918842829,0.0004300892352901304
pi0 p,0.95,0.95,0.95,1.3875,1.3875,1.388,2.037,8.007831709406082,0.44581814134033526,0.019848897287427072,0.0011050430150700888,0.002222307697344839,0.0001237220165295004,0.0052096189697249775,0.00029003389812076833
pi0 p,0.95,0.95,0.95,1.4375,1.4375,1.438,2.037,0.4641011995295131,0.032339870335450084,0.0013059380797310726,9.10014199649657e-05,0.00012176681848201579,8.4850526670924e-06,0.00032053244193763406,2.2335597540098743e-05
pi0 p,0.95,0.95,0.95,1.4875,1.4875,1.488,2.037,0.0,0.0,0.0,0.0,0.0,0.0,0.0,0.0
pi0 p,0.95,0.95,0.95,1.5375,1.5375,1.538,2.037,0.0,0.0,0.0,0.0,0.0,0.0,0.0,0.0
pi0 p,0.95,0.95,0.95,1.6375,1.6375,1.638,2.037,0.0,0.0,0.0,0.0,0.0,0.0,0.0,0.0
pi0 p,0.95,0.95,0.95,1.6875,1.6875,1.688,2.037,0.0,0.0,0.0,0.0,0.0,0.0,0.0,0.0
pi0 p,0.6,0.7,0.65,1.12,1.12,1.12,2.441,18.297791720603477,3.1281428592449108,0.012186469720415745,0.002083367152572746,0.01678649476557899,0.0028697754644114045,0.013606830383138422,0.002326188315502771
pi0 p,0.6,0.7,0.65,1.2,1.2,1.2,2.441,153.7957761441747,7.406002984844747,0.16146782039762314,0.007775448648863734,0.17139817821459755,0.008253642923615112,0.15705173945981235,0.007562793207819091
pi0 p,0.6,0.7,0.65,1.26,1.26,1.26,2.441,95.38825942235587,5.6693255556936135,0.129345237821546,0.007687531638899969,0.1132875581585267,0.006733156181899429,0.1139863127913781,0.006774686109389177
pi0 p,0.6,0.7,0.65,1.32,1.32,1.32,2.441,38.07260322729219,3.8655685179858836,0.06352478597682666,0.006449766813102604,0.04595433700222773,0.004665812771462527,0.05088319871811683,0.005166247495211304
pi0 p,0.7,0.8,0.75,1.12,1.12,1.12,2.441,15.561923191854191,2.8269385407496226,0.011220337954644603,0.002038257444993937,0.010123817578631273,0.0018390664019940642,0.008443591522576713,0.0015338409014904579
pi0 p,0.7,0.8,0.75,1.2,1.2,1.2,2.441,126.50029970087209,6.458945665725333,0.1429200044018303,0.007297315066916663,0.1006285564551467,0.005137967104434346,0.09502460227846274,0.004851836276080532
pi0 p,0.8,1.0,0.9,1.12,1.12,1.12,2.441,15.360327191273331,2.19647266408847,0.012271053778067571,0.0017547174514874785,0.00634779997781379,0.0009077130294653291,0.005534440068240988,0.0007914054283839467
pi0 p,0.7,0.8,0.75,1.14,1.14,1.14,2.442,30.25997751900957,3.651989736535419,0.024794366743283853,0.00299236087711844,0.02104204385503001,0.0025395038098102647,0.018082457301318175,0.002182319812837566
pi0 p,0.7,0.8,0.75,1.18,1.18,1.18,2.442,83.55357830338839,5.226792178172225,0.08556479953262458,0.005352606483232566,0.064151358676038,0.004013063552221778,0.05865751435051917,0.0036693896709614087
pi0 p,0.8,1.0,0.9,1.28,1.28,1.28,2.442,46.995907602324955,2.899565864271023,0.08077442474452158,0.0049836416965752285,0.026188802346687336,0.0016158036132243735,0.029492659833992504,0.0018196458811867093
pi0 p,1.0,1.3,1.15,1.1,1.1,1.1,2.442,3.813340561150977,1.3294617825895234,0.0030582670566789015,0.0010662171677580132,0.0007633202346068354,0.0002661197088257858,0.0006962597824217728,0.00024274012683631266
pi0 p,0.6,0.7,0.65,1.46,1.46,1.46,2.443,19.316515970383037,2.630371829054608,0.046131874246730445,0.00628187726120692,0.02132808315193773,0.0029042912902413408,0.02984819701941274,0.004064493654461961
pi0 p,0.6,0.7,0.65,1.48,1.48,1.48,2.443,22.116472989265556,3.2522301251640267,0.055020239488979786,0.008090733113125631,0.02382481036952434,0.003503441351055154,0.03455634739830886,0.005081515216235466
pi0 p,0.7,0.8,0.75,1.1,1.1,1.1,2.443,7.882764905866672,2.8569700315320428,0.004932202867046791,0.0017875905153662383,0.00474699469243035,0.0017204650573838338,0.003831883514173093,0.0013887990438693138
pi0 p,0.7,0.8,0.75,1.44,1.44,1.44,2.443,16.52810744609512,2.579908875217252,0.0408216023431055,0.006371934265858665,0.01363643488599519,0.002128541304770671,0.019121795687721505,0.00298476341382321
pi0 p,0.7,0.8,0.75,1.46,1.46,1.46,2.443,17.257987384118326,2.606555178630338,0.044546154013492496,0.006728015605040111,0.013954394041918405,0.0021075979049609765,0.02028489026748349,0.0030637225881457227
pi0 p,0.7,0.8,0.75,1.5,1.5,1.5,2.443,20.995043792454837,3.13740512650732,0.05882425148234436,0.008790432160469618,0.016177746672440426,0.002417529863104738,0.025321822669282887,0.0037839795449089815
pi0 p,0.8,1.0,0.9,1.18,1.18,1.18,2.443,67.39642383464384,3.6390487209565903,0.07597802189474583,0.004102409410850125,0.03307988747278165,0.0017861381264466336,0.03164630463538012,0.0017087322717438543
pi0 p,1.0,1.3,1.15,1.16,1.16,1.16,2.443,25.611174373933537,2.2875731350210087,0.029699109437373097,0.002652704787802711,0.006326742304727842,0.0005651004330057773,0.00635717519620698,0.0005678186787196303
pi0 p,1.0,1.3,1.15,1.26,1.26,1.26,2.443,44.67149346341632,2.712769862092445,0.08077907014637625,0.004905477967966339,0.013089304167470985,0.0007948753692409188,0.015553796815244068,0.0009445368392721905
pi0 p,1.0,1.3,1.15,1.32,1.32,1.32,2.443,20.553650024625473,1.8919587208216848,0.04564145765778571,0.004201285598577513,0.0062392619232282025,0.0005743226138909298,0.008234468042005916,0.0007579808746735942
pi0 p,0.6,0.7,0.65,1.38,1.38,1.38,2.444,22.374096153230536,3.0080558010247436,0.044315606671131665,0.005957953197755479,0.026560591464599864,0.003570903632779909,0.03235729118054148,0.0043502332686194784
pi0 p,0.6,0.7,0.65,1.4,1.4,1.4,2.444,18.269768714133455,2.4681252660322652,0.038069719612303196,0.00514296805373358,0.021399226727148342,0.0028908944051365816,0.026962066075273697,0.0036423973147144853
pi0 p,0.6,0.7,0.65,1.6,1.6,1.6,2.444,10.763825280694265,1.822405712620238,0.03295701592445795,0.00557989864433905,0.009531346122095493,0.0016137366752897737,0.017373829059697747,0.002941534677757095
pi0 p,0.6,0.7,0.65,1.66,1.66,1.66,2.444,12.285461965645789,2.106813407448848,0.04096952766329671,0.007025796052215672,0.009571386011406441,0.001641381043145776,0.019818946721682027,0.0033987181590333653
pi0 p,0.7,0.8,0.75,1.3,1.3,1.3,2.444,39.345551437785545,3.5896157622740565,0.06612292231485165,0.006032597727454124,0.034310127689488726,0.0031302185548109326,0.037886742491566566,0.00345652413193373
pi0 p,0.7,0.8,0.75,1.32,1.32,1.32,2.444,33.03734020352747,3.3738521148015566,0.05924584143036974,0.006050326877758406,0.02889540241747294,0.0029508675321212444,0.03296925093387556,0.0033668986759049875
pi0 p,0.7,0.8,0.75,1.36,1.36,1.36,2.444,24.912584698740076,3.4396821347895137,0.05031041774555646,0.00694636253948952,0.02166528416004485,0.002991327145360929,0.02642117317484932,0.0036479730404812357
pi0 p,0.7,0.8,0.75,1.4,1.4,1.4,2.444,17.14546181845205,2.5426776351767444,0.03849796428452047,0.005709260784141476,0.01462154911371447,0.002168380549718939,0.019090797753741177,0.002831171595149406
pi0 p,0.7,0.8,0.75,1.42,1.42,1.42,2.444,14.989895718303256,2.484799771387447,0.035343542950666114,0.005858721707890462,0.012599590473267124,0.002088570869063616,0.01703433559831308,0.002823696308223316
pi0 p,0.7,0.8,0.75,1.58,1.58,1.58,2.444,9.790541027056227,1.9646679812014445,0.03165752892155777,0.0063527166950490994,0.006664134025194358,0.0013372918519571476,0.012192269971632336,0.0024466229563037943
pi0 p,0.7,0.8,0.75,1.66,1.66,1.66,2.444,10.105140115386705,1.8977912089910733,0.03691459630495153,0.006932728844038443,0.005850927239222301,0.0010988307091492093,0.012732998263608283,0.002391314904380192
pi0 p,0.7,0.8,0.75,1.68,1.68,1.68,2.444,11.004666056703764,1.961793267507506,0.04133809883186588,0.0073693107598219445,0.006084590684912816,0.001084695253785489,0.01387363273811279,0.0024732417286684833
pi0 p,0.8,1.0,0.9,1.32,1.32,1.32,2.444,27.905473205664848,2.3875352579511966,0.05483505336311111,0.004691575101098306,0.01581629339841673,0.0013532097399142104,0.019004640332561294,0.001625998187676689
pi0 p,0.8,1.0,0.9,1.4,1.4,1.4,2.444,15.690382915459478,1.9863547098690997,0.03867977604265001,0.004896741891703531,0.008747431155547061,0.0011073981539326749,0.012078429071449551,0.0015290923493176641
pi0 p,0.8,1.0,0.9,1.44,1.44,1.44,2.444,14.69584264592725,1.7955755468472026,0.039920897143449936,0.004877637060086952,0.007969614308042699,0.0009737478084178378,0.011834602736246905,0.0014459819550221612
pi0 p,0.8,1.0,0.9,1.48,1.48,1.48,2.444,18.036662539237096,2.024580514720735,0.05352022580832445,0.006007541920755515,0.009407567425408691,0.0010559812636606308,0.015063715577494254,0.0016908729633958125
pi0 p,0.8,1.0,0.9,1.54,1.54,1.54,2.444,12.810365549392877,1.752604613701471,0.042805349724010636,0.0058562617224425335,0.006180123575294778,0.0008455116327121663,0.011147030319633317,0.0015250413184489822
pi0 p,0.8,1.0,0.9,1.58,1.58,1.58,2.444,8.548449539606429,1.4789292999692263,0.03068176088356803,0.005308115224301549,0.0038668321128984776,0.0006689834552255849,0.00758709907236515,0.0013126103240011361
pi0 p,0.8,1.0,0.9,1.62,1.62,1.62,2.444,8.365495749831974,1.310509998101399,0.0320861435311004,0.005026505679459366,0.0035138492781703586,0.0005504676290052663,0.007534937445637364,0.0011803975703143141
pi0 p,0.8,1.0,0.9,1.64,1.64,1.64,2.444,10.076312861197367,1.5884467593369205,0.03988527136434987,0.006287580677248511,0.004063657466833063,0.0006406017382710785,0.009127923982932808,0.001438941155350394
pi0 p,1.0,1.3,1.15,1.36,1.36,1.36,2.444,15.574338766021178,1.9410568827989338,0.038968865102939884,0.004856757321084574,0.004748019793217512,0.0005917539510182945,0.006729122271358224,0.0008386621927418343
pi0 p,1.0,1.3,1.15,1.38,1.38,1.38,2.444,13.097733312602044,1.764656273164101,0.03463613217797652,0.004666522555257674,0.003977629189661999,0.0005359055749825186,0.00585013852710133,0.0007881885670091915
pi0 p,1.0,1.3,1.15,1.6,1.6,1.6,2.444,5.660760404279762,1.341478776476079,0.024046655118909112,0.005698541394344837,0.0013531933031479732,0.0003206777830183631,0.003168706847277969,0.0007509155450713095
pi0 p,1.0,1.3,1.15,1.64,1.64,1.64,2.444,7.041634888794541,1.354703383165759,0.032001892244018317,0.006156677018239906,0.0015544966856867154,0.0002990615038236183,0.004028291881964643,0.0007749820499158076
pi0 p,1.0,1.3,1.15,1.68,1.68,1.68,2.444,8.143303467814182,1.6293632679519299,0.03944139305687764,0.00789168147026952,0.0016406260155276133,0.0003282667503074839,0.00474225211229705,0.0009488595665977678
pi0 p,1.3,1.6,1.45,1.1,1.1,1.1,2.444,1.6194658801843098,1.1229716842234978,0.001485033559451171,0.0010297534871160753,0.00016885413290870717,0.00011708700525324372,0.00017013760110952828,0.00011797698908356643
pi0 p,1.3,1.6,1.45,1.18,1.18,1.18,2.444,28.390365465375826,2.9144756014356994,0.0412714498173701,0.004236811733730554,0.003846527165044811,0.0003948737323038306,0.004446621581311868,0.00045647774852902235
pi0 p,1.3,1.6,1.45,1.24,1.24,1.24,2.444,39.30055126461553,3.270853671565619,0.07407861060853721,0.006165315439520824,0.005909573958883834,0.0004918341106885961,0.0075993681260799265,0.000632470037618706
pi0 p,1.3,1.6,1.45,1.26,1.26,1.26,2.444,29.84897551851103,2.618274135146509,0.06069289006524975,0.005323821722007997,0.00459079199587089,0.0004026922778362066,0.006122189196418374,0.0005370224386265713
pi0 p,1.3,1.6,1.45,1.3,1.3,1.3,2.444,18.23037314225744,2.1425474442072225,0.04259154458198846,0.005005624639544676,0.0028897908229930163,0.0003396262870640555,0.004151107914898866,0.00048786415858263744
pi0 p,1.3,1.6,1.45,1.44,1.44,1.44,2.444,8.08796745481385,1.9147485556434598,0.02789014624783123,0.006602724051879708,0.0012572874329049373,0.00029765071504467494,0.0023955195791327635,0.0005671162352947001
pi0 p,1.3,1.6,1.45,1.46,1.46,1.46,2.444,8.522920957703358,1.8683896791289634,0.03078871451716741,0.006749483741900714,0.0013034799655119022,0.00028574810520946994,0.0025955011261936645,0.0005689842180179737
pi0 p,1.3,1.6,1.45,1.54,1.54,1.54,2.444,6.475463343949896,2.080975458020415,0.027712256413010772,0.00890569869964976,0.0008996447835025732,0.000289112703750243,0.002165213679072716,0.0006958199418625689
pi0 p,1.3,1.6,1.45,1.58,1.58,1.58,2.444,4.161058319235602,2.291786316449269,0.019221194548196003,0.010586458365105817,0.0005407841750081245,0.00029784772943619803,0.0014449569210645496,0.0007958390018822757
pi0 p,1.6,2.0,1.8,1.14,1.14,1.14,2.444,5.303869195646655,1.6625029533527187,0.007037110913082772,0.00220578925394188,0.00033246876590128905,0.00010421265774467068,0.0004116550789861068,0.00012903368452954635
pi0 p,1.6,2.0,1.8,1.28,1.28,1.28,2.444,11.751843603877639,1.9457093754189196,0.028572926480909793,0.0047307139893112355,0.0009480533202755726,0.0001569656894556154,0.0015381813744468045,0.00025467101352237066
pi0 p,1.6,2.0,1.8,1.32,1.32,1.32,2.444,7.3489768980952315,2.2747440728649377,0.02034487562423964,0.006297391579963811,0.0006048533604791888,0.00018722151610778474,0.0010667170729653352,0.0003301831496817814
pi0 p,1.6,2.0,1.8,1.38,1.38,1.38,2.444,4.974598869623908,2.941265795552382,0.016361282525363986,0.009673720821405687,0.0004088285385071057,0.00024172268519964704,0.0008230765402463109,0.0004866496653088117
pi0 p,1.6,2.0,1.8,1.44,1.44,1.44,2.444,1.9659521339487278,1.0908382308576663,0.007521398645124485,0.004173361624600378,0.00015592709702128953,8.651850455577326e-05,0.0003623623467415727,0.00020106222039855542
pi0 p,0.6,0.7,0.65,1.54,1.54,1.54,2.445,17.962024580973104,2.6684690071594264,0.04992828548338354,0.007417431247374395,0.01775598757725996,0.002637859798478189,0.028717852045608627,0.004266373080074303
pi0 p,0.6,0.7,0.65,1.58,1.58,1.58,2.445,10.83307226596469,1.964040879195684,0.03216091719886447,0.00583078876797029,0.009981814858603664,0.0018097075279793378,0.01745373537129659,0.003164370081014827
pi0 p,0.6,0.7,0.65,1.62,1.62,1.62,2.445,10.34802920980635,1.6766036533494606,0.03263377710360843,0.005287374900589962,0.008811190585582026,0.001427602689036249,0.016718449579483066,0.002708748987366321
pi0 p,0.6,0.7,0.65,1.64,1.64,1.64,2.445,11.956870223636217,1.8127090189899813,0.03879492872338647,0.005881465289214274,0.00975600001556852,0.0014790483535171556,0.019313600381558837,0.0029280185321082404
pi0 p,0.6,0.7,0.65,1.68,1.68,1.68,2.445,11.506717695488643,1.728945248723077,0.03939752889389532,0.005919687281390094,0.008566248444499828,0.0012871241773234868,0.018527662857624784,0.0027838794272490473
pi0 p,0.7,0.8,0.75,1.54,1.54,1.54,2.445,16.112839162773007,2.7702262103223076,0.04864671812030462,0.008363666528390797,0.011746912497592006,0.0020196071320798606,0.019808544240511303,0.0034056163466320856
pi0 p,0.7,0.8,0.75,1.56,1.56,1.56,2.445,10.28420461345602,1.8914230263494296,0.032155033644361806,0.005913804064964856,0.0072578810317763835,0.0013348356846231,0.01273415060023235,0.002342005684597796
pi0 p,0.7,0.8,0.75,1.6,1.6,1.6,2.445,9.153834443953183,2.028892696494314,0.03056721775697624,0.0067750411304683174,0.006012406194377763,0.0013326138997617864,0.011452995247368326,0.002538487947607514
pi0 p,0.7,0.8,0.75,1.64,1.64,1.64,2.445,9.785426514216178,1.91151472925209,0.03472817412967078,0.006783906278633421,0.005928236047741337,0.0011580395098034681,0.012314354396871709,0.0024055231293856395
pi0 p,0.8,1.0,0.9,1.1,1.1,1.1,2.445,5.924302328804103,1.7276704881944926,0.004119183222658993,0.001201253902025355,0.0022676357875181133,0.0006612976871589816,0.0019086347094998627,0.0005566042509873434
pi0 p,0.8,1.0,0.9,1.3,1.3,1.3,2.445,35.27626532314662,2.6113493250666657,0.0649572658400252,0.004808505400321535,0.019913351401667573,0.0014740992638027231,0.02311127232922653,0.0017108275166180286
pi0 p,0.8,1.0,0.9,1.36,1.36,1.36,2.445,18.53014391326298,2.1568701242649846,0.041031130398496346,0.004775938046438724,0.010501531597311316,0.001222356386830511,0.013498974491671412,0.0015712524913776675
pi0 p,0.8,1.0,0.9,1.38,1.38,1.38,2.445,17.73659645852212,2.331186169319597,0.04149655329736363,0.005454044768254712,0.009992125495324782,0.00131330183957671,0.013301142102690235,0.0017482180743333955
pi0 p,0.8,1.0,0.9,1.42,1.42,1.42,2.445,14.733529191399713,1.8661825947516375,0.038171482088305994,0.004834887457287013,0.008123326400712694,0.00102891915056886,0.011615211316321787,0.001471209301674632
pi0 p,0.8,1.0,0.9,1.46,1.46,1.46,2.445,15.800162729146518,1.9160628958989965,0.04490279816389892,0.005445297428815518,0.008425421454347277,0.001021738681286241,0.012972073777551519,0.0015731046365858167
pi0 p,0.8,1.0,0.9,1.5,1.5,1.5,2.445,19.670843639410815,2.358694406711538,0.06082725911006806,0.0072936839145557,0.010035220865470183,0.0012033047366649906,0.01668452338442049,0.002000610279196912
pi0 p,0.8,1.0,0.9,1.52,1.52,1.52,2.445,17.581106471725345,2.263576231434641,0.05655792354245259,0.007281860879227681,0.008738895737705752,0.0011251371870518558,0.01511679527520507,0.0019462949351594276
pi0 p,0.8,1.0,0.9,1.56,1.56,1.56,2.445,10.008504725362284,1.6353141918104468,0.03468300840963272,0.0056669420081530125,0.004687659332076062,0.0007659281823278733,0.008802498529208029,0.001438261874596199
pi0 p,0.8,1.0,0.9,1.68,1.68,1.68,2.445,9.352716108481337,1.4393661502128443,0.03931084291170999,0.006049867863746974,0.0034564551799137915,0.0005319422217022259,0.008546225918584106,0.0013152487637389705
pi0 p,1.0,1.3,1.15,1.4,1.4,1.4,2.445,11.874434832406019,1.6140671676004108,0.03310068473847065,0.004499307058863369,0.003584944972325208,0.0004872940951844731,0.005468614765789002,0.0007433374026043102
pi0 p,1.0,1.3,1.15,1.42,1.42,1.42,2.445,11.666844673042114,1.7721887140752557,0.03420088138882775,0.005195099249821667,0.003486018756074262,0.0005295247575245719,0.005525818320482543,0.0008393694386124017
pi0 p,1.0,1.3,1.15,1.48,1.48,1.48,2.445,15.355350908510047,1.8845060128851154,0.05169584948967894,0.00634444238916822,0.0043691057348080355,0.0005362043549010305,0.007808454825922601,0.0009583030800447377
pi0 p,1.0,1.3,1.15,1.5,1.5,1.5,2.445,15.062893765202066,1.9509865527353256,0.05291002242694601,0.006853048548902873,0.004192734414638239,0.0005430542490478812,0.007813327062367037,0.0010120031561277232
pi0 p,1.0,1.3,1.15,1.52,1.52,1.52,2.445,13.58185274052023,2.0514753242437034,0.04969535537735046,0.00750625096839705,0.003688199597849526,0.0005570852968609083,0.007174235728305021,0.0010836347476376456
pi0 p,1.0,1.3,1.15,1.62,1.62,1.62,2.445,5.462934314883213,1.0981671775981203,0.024014328248898945,0.004827395966149731,0.0012587644255922788,0.00025303869620902514,0.003093312327376882,0.0006218222428064403
pi0 p,1.3,1.6,1.45,1.12,1.12,1.12,2.445,6.251913893905753,2.5596890790834768,0.006543423383090246,0.0026790403159330607,0.000709348477103218,0.0002904249132214575,0.0007386289886394995,0.0003024130830653283
pi0 p,1.3,1.6,1.45,1.28,1.28,1.28,2.445,22.38727199281969,2.270955805702712,0.04888975271271596,0.004959356718313957,0.0035082378464729954,0.0003558742265600344,0.004848489521316289,0.0004918288137497714
pi0 p,1.3,1.6,1.45,1.32,1.32,1.32,2.445,13.524971063934334,1.8958067363020268,0.03368475083406864,0.004721620271127309,0.0021648261327925082,0.00030344552650575854,0.003226326809038305,0.00045223698218452155
pi0 p,1.3,1.6,1.45,1.34,1.34,1.34,2.445,11.8282974026954,1.9795008349705803,0.03130413888218042,0.005238840971414058,0.0019015158064478379,0.0003182243393470568,0.0029456937721938454,0.0004929706350042064
pi0 p,1.3,1.6,1.45,1.36,1.36,1.36,2.445,9.812199166810071,1.770462320467308,0.02751457996664705,0.004964588087368586,0.001578247110019496,0.00028477072195267494,0.002543180651716665,0.0004588783249769314
pi0 p,1.3,1.6,1.45,1.38,1.38,1.38,2.445,9.409729731958683,2.0066429547903497,0.02788264640542115,0.005946027948105842,0.0015088372703497017,0.00032176244852062295,0.0025310390117248625,0.0005397489349696792
pi0 p,1.3,1.6,1.45,1.42,1.42,1.42,2.445,8.285938057472464,1.8446719310869775,0.027222066533539136,0.006060361746889477,0.0013069673892879847,0.00029096597647038157,0.002382156613953172,0.0005303319202645653
pi0 p,1.3,1.6,1.45,1.48,1.48,1.48,2.445,11.025739860224045,2.3260555379841716,0.04165054751232668,0.00878684677212688,0.0016563558653389949,0.00034943466672412906,0.0034460262798782088,0.0007269941622028095
pi0 p,1.3,1.6,1.45,1.56,1.56,1.56,2.445,4.940324093773244,2.2397376958553523,0.021978299588110706,0.009964047933684637,0.0006660143063243719,0.00030194321658649407,0.001684650408142261,0.0007637505053990314
pi0 p,1.3,1.6,1.45,1.6,1.6,1.6,2.445,2.6534331375190896,4.114810172219784,0.01271133821989732,0.019712101680716763,0.0003324839316731629,0.0005155992984347492,0.0009373200940132293,0.0014535486886538863
pi0 p,1.3,1.6,1.45,1.62,1.62,1.62,2.445,3.527575010195142,3.9971114503067158,0.017507471358720668,0.01983779622874357,0.00042397897606426683,0.0004804125256069464,0.0012661036214249475,0.0014346278301230228
pi0 p,1.3,1.6,1.45,1.64,1.64,1.64,2.445,5.360424146596578,3.510638628091733,0.02753483302029331,0.018033059656384014,0.0006157445943915246,0.0004032622604093809,0.001952792667406837,0.0012789192017958943
pi0 p,1.6,2.0,1.8,1.2,1.2,1.2,2.445,22.81214726647648,2.8444113532060067,0.04071064351916887,0.005076147162718733,0.0016640801581413048,0.00020749158065526882,0.0023027438420933194,0.00028712556742086783
pi0 p,1.6,2.0,1.8,1.22,1.22,1.22,2.445,25.375768553214744,3.0220023683769406,0.04929539621830818,0.0058705927983779055,0.0019159788563963027,0.00022817407991594592,0.0027553511027766774,0.0003281349899152617
pi0 p,1.6,2.0,1.8,1.36,1.36,1.36,2.445,5.10112965533989,2.1596881226547513,0.01588242139045485,0.0067242119204040515,0.0004217187076437626,0.00017854493916776557,0.0008103192044632809,0.000343068473001161
pi0 p,1.6,2.0,1.8,1.4,1.4,1.4,2.445,2.9291141760569013,1.47557554842869,0.01015271132713338,0.005114547157987598,0.00023913370742813136,0.00012046640392866548,0.0005035668927353113,0.0002536777159430209
pi0 p,1.6,2.0,1.8,1.42,1.42,1.42,2.445,4.464272275789475,2.4020402135981307,0.01627271207682404,0.00875567312612511,0.0003601790446429406,0.0001937974424229538,0.0007955616758051767,0.0004280588233932509
pi0 p,0.6,0.7,0.65,1.16,1.16,1.16,2.446,61.79480705366056,4.933405367355095,0.0527337620268541,0.004210014352794994,0.06403948630968634,0.005112609951326884,0.054916582383582754,0.004384280414577595
pi0 p,0.6,0.7,0.65,1.3,1.3,1.3,2.446,51.38006926544789,4.339785270247603,0.08035869449426293,0.006787446643966477,0.062300406105123704,0.00526216466055406,0.0664603048283743,0.00561352789269795
pi0 p,0.6,0.7,0.65,1.5,1.5,1.5,2.446,23.133513345382795,3.3516177382219814,0.059823642728564275,0.008667338122859292,0.02434450594505384,0.0035270681428931387,0.0364939128006494,0.005287292235020379
pi0 p,0.6,0.7,0.65,1.52,1.52,1.52,2.446,21.14075714291364,2.8822196573131547,0.056728151447999274,0.007734017855707086,0.021601187997454255,0.0029449923787828436,0.03360288407809553,0.004581240509863502
pi0 p,0.6,0.7,0.65,1.56,1.56,1.56,2.446,12.901735630129883,2.3176807184675496,0.03708820754940069,0.006662562773261788,0.012342970564204367,0.0022173036020411,0.020723237484670445,0.0037227431501757665
pi0 p,0.7,0.8,0.75,1.26,1.26,1.26,2.446,79.48196741018579,4.855469560582975,0.11579754641875836,0.0070739499806898535,0.06813232564767516,0.004162131915617615,0.07039130534943544,0.004300130603084255
pi0 p,0.7,0.8,0.75,1.34,1.34,1.34,2.446,26.42372846422861,3.2420407229494814,0.05037127105718377,0.00618026756728117,0.023140748416510416,0.002839237802016433,0.027234178307633722,0.0033414782947435006
pi0 p,0.7,0.8,0.75,1.38,1.38,1.38,2.446,20.262003412222114,2.8833418125331605,0.04320828715500026,0.006148664496167345,0.017518746222089748,0.002492968363377106,0.022053518876304058,0.003138279655563595
pi0 p,0.7,0.8,0.75,1.62,1.62,1.62,2.446,9.425098403220046,1.9015240799231592,0.03246292367531714,0.006549430937743175,0.0059605611569928385,0.001202549839267913,0.011834258410489592,0.0023875747894463394
pi0 p,0.8,1.0,0.9,1.34,1.34,1.34,2.446,22.26048987969142,2.2136898804954055,0.04650980910862599,0.004625158490400914,0.012661891268618317,0.0012591591973384751,0.015707251775628445,0.001562004452463747
pi0 p,0.8,1.0,0.9,1.6,1.6,1.6,2.446,8.433083974181303,1.46675182742092,0.031304917209266925,0.0054448105419714525,0.003691092306778768,0.0006419853523008051,0.007546105353387898,0.0013124811576499227
pi0 p,0.8,1.0,0.9,1.66,1.66,1.66,2.446,9.098190554872799,1.470943694188528,0.03712464964133186,0.006002102171802552,0.0035250449216665445,0.0005699092108462868,0.008282762003436897,0.0013391098445277815
pi0 p,1.0,1.3,1.15,1.28,1.28,1.28,2.446,33.79575836921589,2.284262618337465,0.0657031646517012,0.004440891110674451,0.010101682159140264,0.0006827748821718766,0.012384360487054068,0.0008370616041083239
pi0 p,1.0,1.3,1.15,1.3,1.3,1.3,2.446,25.620391806779168,2.003939392764583,0.053331593235009564,0.004171414760888008,0.0077482606195063775,0.0006060424367408339,0.009836816485648187,0.0007694021310700862
pi0 p,1.0,1.3,1.15,1.44,1.44,1.44,2.446,11.328777887589316,1.6276241860447456,0.034846490007495276,0.005006452637499351,0.0033444452662103785,0.0004805019621887218,0.005506198712106764,0.0007910846417786422
pi0 p,1.0,1.3,1.15,1.46,1.46,1.46,2.446,12.131366845987207,1.6642422667609236,0.039075110370091745,0.005360521290126959,0.003523441152397919,0.0004833634795410602,0.006037312772231041,0.0008282291040045479
pi0 p,1.0,1.3,1.15,1.54,1.54,1.54,2.446,10.425048495301755,1.739157827205923,0.039672589445271945,0.006618376354831015,0.0027584211935993844,0.00046017338065535915,0.005599441402930495,0.0009341263350742434
pi0 p,1.0,1.3,1.15,1.56,1.56,1.56,2.446,8.57346290031431,1.6924622228621455,0.03388673111283446,0.00668948042717454,0.00220125714874623,0.00043454373225568536,0.004675202451929904,0.0009229180351190132
pi0 p,1.0,1.3,1.15,1.58,1.58,1.58,2.446,6.972614098195174,1.630543131623263,0.02858672261694478,0.006684994115871686,0.0017324825314788445,0.00040514037527063506,0.0038550701679435826,0.0009015066796674164
pi0 p,1.0,1.3,1.15,1.66,1.66,1.66,2.446,6.671649521981271,1.463424603140679,0.03131131628261968,0.006868129156625327,0.001413962188972164,0.00031015224172597415,0.0038531818070916234,0.0008451944362924784
pi0 p,1.3,1.6,1.45,1.16,1.16,1.16,2.446,16.978379354763526,2.2781502552364716,0.022328818620939876,0.002996069458546478,0.0021942026120353956,0.0002944169838711082,0.0024443990477972495,0.0003279882136145528
pi0 p,1.3,1.6,1.45,1.2,1.2,1.2,2.446,43.476174007393176,3.6222982661053478,0.06934267647938787,0.005777414009238193,0.006155134649909088,0.0005128264866687492,0.007352933999648211,0.000612623366379561
pi0 p,1.3,1.6,1.45,1.22,1.22,1.22,2.446,46.20602952780349,3.5509102561446504,0.08034032821420072,0.006174114035618898,0.006771268838994488,0.0005203686231691937,0.008380987403088224,0.0006440746896103153
pi0 p,1.3,1.6,1.45,1.4,1.4,1.4,2.446,8.305598144298632,1.9875053428240252,0.02594298108487654,0.006208079492789969,0.0013249391017340836,0.00031705405172059736,0.002312611558629622,0.0005534011818050834
pi0 p,1.3,1.6,1.45,1.5,1.5,1.5,2.446,11.508043447588456,2.4481292214004107,0.04538448692988694,0.009654733157494643,0.0016930555419827997,0.00036016710960980604,0.003684872526316521,0.0007838903415594434
pi0 p,1.3,1.6,1.45,1.52,1.52,1.52,2.446,8.27149301445126,1.9749731321356523,0.03400404359928212,0.008119099221291766,0.0011862911391577696,0.0002832491211240685,0.00270875952191182,0.000646766825269134
pi0 p,1.6,2.0,1.8,1.1,1.1,1.1,2.446,0.5822125169338748,0.5869618810482343,0.000603300957414919,0.0006082223492331417,3.137363583642576e-05,3.1629564412065484e-05,3.6031387168013376e-05,3.632531107419727e-05
pi0 p,1.6,2.0,1.8,1.12,1.12,1.12,2.446,3.038623812775734,1.154188431040851,0.0035854636604541676,0.001361899640032542,0.00017801116720702207,6.761561892676028e-05,0.00021198132892221198,8.051881789710046e-05
pi0 p,1.6,2.0,1.8,1.16,1.16,1.16,2.446,8.605494579010312,1.81752822122899,0.012706642980082524,0.0026837135276003236,0.00057371446987681,0.00012117168052977307,0.0007353560931772933,0.00015531128858791695
pi0 p,1.6,2.0,1.8,1.18,1.18,1.18,2.446,14.784831399432832,2.286206680407506,0.02408767848178367,0.0037247236693327794,0.0010359207951208833,0.00016018640850170744,0.0013784291964099979,0.00021314913590574853
pi0 p,1.6,2.0,1.8,1.24,1.24,1.24,2.446,19.498213123096058,2.4553004735442014,0.04100745963282038,0.005163839087185086,0.0015162011627458084,0.00019092669719916017,0.002264427527169468,0.0002851466411134853
pi0 p,1.6,2.0,1.8,1.26,1.26,1.26,2.446,14.560364604333845,2.125004534589143,0.03299494368148332,0.004815429204348092,0.001157865873387383,0.0001689841084516425,0.0017993325498293843,0.0002626026154924175
pi0 p,1.6,2.0,1.8,1.3,1.3,1.3,2.446,8.654402893441398,1.9811623805545349,0.022490894207015506,0.005148606328662916,0.0007087972128030492,0.00016225756886260645,0.0011952066292896764,0.00027360621409624585
pi0 p,1.6,2.0,1.8,1.34,1.34,1.34,2.446,6.65289421383934,2.9826227245384156,0.01955910822598101,0.008768731140375532,0.0005510977657288996,0.00024706791761187294,0.0010118344543850407,0.00045362519530851375
pi0 p,0.6,0.7,0.65,1.28,1.28,1.28,2.447,70.87856513188278,5.345234801040332,0.10346473393040298,0.0078026875326289175,0.08557931810381585,0.00645387711400001,0.08834315674805285,0.006662309190441557
pi0 p,0.6,0.7,0.65,1.34,1.34,1.34,2.447,32.085148602965624,3.698554260869998,0.056880159052010305,0.006556751761509094,0.03886967135651486,0.004480627170944962,0.04418758113573094,0.005093639069883896
pi0 p,0.6,0.7,0.65,1.42,1.42,1.42,2.447,18.13054589409697,2.55120846465722,0.03963318645409846,0.005576915408595313,0.020963881082247626,0.002949896334147933,0.027242214849325055,0.0038333412311780985
pi0 p,0.6,0.7,0.65,1.44,1.44,1.44,2.447,16.62578584488053,2.3472363447024756,0.038030986710457716,0.005369232772787749,0.018856994663984494,0.002662239465859252,0.025366606923381586,0.003581269617440484
pi0 p,0.7,0.8,0.75,1.24,1.24,1.24,2.447,108.06960604465112,5.606610466005866,0.14551305244092977,0.007549162365028875,0.09115563773074196,0.004729120159144992,0.09113605606997457,0.004728104269958213
pi0 p,0.7,0.8,0.75,1.28,1.28,1.28,2.447,56.57335439968818,4.1703627333716495,0.08872547152581103,0.0065404889612504435,0.04913643042002164,0.003622142269076708,0.052368131107353104,0.0038603703935156746
pi0 p,0.7,0.8,0.75,1.48,1.48,1.48,2.447,20.796382039412432,2.8186197491507836,0.05597547393313692,0.007586587705352245,0.016519380989378548,0.0022389400912219398,0.024795019005179726,0.003360571570387594
pi0 p,0.7,0.8,0.75,1.52,1.52,1.52,2.447,19.568810993207528,3.1689612615395695,0.05695732805050127,0.00922363480415294,0.014741674092838336,0.0023872576697000925,0.023855420902531323,0.0038631322436546243
pi0 p,1.0,1.3,1.15,1.12,1.12,1.12,2.447,9.541990782674814,1.8543080241855527,0.00876056035856648,0.0017024515889018648,0.0020853610124012844,0.0004052510368843008,0.001954843089384676,0.0003798873116971878
pi0 p,1.0,1.3,1.15,1.14,1.14,1.14,2.447,16.560886823842676,2.0685349795021377,0.017179862128989788,0.002145847993217168,0.003877977553942098,0.00048437818006850307,0.003755511059508691,0.00046908152172845616
pi0 p,1.0,1.3,1.15,1.18,1.18,1.18,2.447,44.363334640025705,2.9116376259520402,0.05698887941575693,0.0037402726128268667,0.01155547082547509,0.0007584042974688535,0.01195008677374906,0.0007843035823652283
pi0 p,1.0,1.3,1.15,1.2,1.2,1.2,2.447,66.78131255944157,3.6510596072795174,0.09430520243952699,0.005155842288616347,0.018112895745779,0.0009902659815111564,0.019363519301878393,0.0010586399168919936
pi0 p,1.0,1.3,1.15,1.24,1.24,1.24,2.447,60.91046128804566,3.1998336976890345,0.10197431302721073,0.005357057494279704,0.017550685145348438,0.0009219971833744455,0.02006744042940293,0.0010542108983333737
pi0 p,1.0,1.3,1.15,1.34,1.34,1.34,2.447,18.216481019543266,2.0612259464964295,0.04300363470083927,0.004865934729321644,0.005576116004684442,0.0006309470515847058,0.007593437931020431,0.0008592104737318749
pi0 p,1.3,1.6,1.45,1.14,1.14,1.14,2.447,9.941689332805735,1.9831339107615986,0.011725107112734409,0.0023388839405639864,0.0012126357984112877,0.0002418924080938068,0.0013037378702735476,0.0002600651352835931
pi0 p,0.6,0.7,0.65,1.1,1.1,1.1,2.448,12.016617032722188,4.070499463323727,0.00692861685827069,0.0023469942602287967,0.01026911160334512,0.0034785508397581423,0.00802216118460319,0.00271742061078453
pi0 p,0.6,0.7,0.65,1.14,1.14,1.14,2.448,35.79999395124126,4.092280754230197,0.027149691447737507,0.0031034686750557997,0.03526452242316922,0.004031071251464583,0.029275968445647556,0.0033465224154715285
pi0 p,0.6,0.7,0.65,1.18,1.18,1.18,2.448,102.11809752346694,5.987365204730749,0.09707722453304045,0.00569180987931538,0.11071470947069532,0.006491399812696097,0.09771109410154769,0.005728974776535932
pi0 p,0.6,0.7,0.65,1.22,1.22,1.22,2.448,162.38656178638092,7.498714428833885,0.18685554062744336,0.008628647119543115,0.18737359959083422,0.008652570134976351,0.17589238183820805,0.008122388497560697
pi0 p,0.6,0.7,0.65,1.24,1.24,1.24,2.448,133.04989206507608,6.615363931994882,0.16668599540750736,0.008287782161056939,0.15678997489445667,0.007795742850417761,0.15183506626694374,0.007549380201699887
pi0 p,0.6,0.7,0.65,1.36,1.36,1.36,2.448,26.296311749384312,3.318003553753484,0.04935502166818992,0.0062274945190543135,0.03168014404974255,0.003997322192642821,0.037177274036347296,0.004690936453259671
pi0 p,0.8,1.0,0.9,1.14,1.14,1.14,2.448,25.34491183017119,2.523021561679886,0.022951411282308473,0.0022847546649309514,0.011285275170141697,0.0011234204630320794,0.010084113933974202,0.0010038479145769291
pi0 p,0.8,1.0,0.9,1.16,1.16,1.16,2.448,43.17133898903006,3.1233950582745456,0.04382441675446595,0.0031706444582931498,0.020332553063008362,0.001471036044891785,0.01875058441889046,0.0013565824939690608
pi0 p,0.8,1.0,0.9,1.2,1.2,1.2,2.448,98.41608243958858,4.359783089288003,0.12221863714075638,0.005414224323846434,0.050469978952399686,0.002235794753245346,0.049598339001472994,0.0021971815406097925
pi0 p,0.8,1.0,0.9,1.22,1.22,1.22,2.448,107.63562015229894,4.584602498450855,0.14622424004648982,0.006228235739271638,0.056955138765523404,0.0024259317790390105,0.05779690893167024,0.0024617859098683553
pi0 p,0.8,1.0,0.9,1.26,1.26,1.26,2.448,63.70797414784367,3.3381148754009375,0.1017516332097084,0.005331493348469065,0.03523976379702421,0.001846462414006042,0.038159834873816176,0.001999465751956276
pi0 p,3.0,3.0,3.0,1.11,1.11,1.11,5.75,0.9387832831163164,0.297438059378768,0.0013572556898859178,0.0004300241661103795,0.00012143975439737154,3.8476190968680663e-05,1.9802450965853013e-05,6.2740812412791454e-06
pi0 p,3.0,3.0,3.0,1.13,1.13,1.13,5.75,1.4413061607992323,0.2165636590662266,0.002348106909634993,0.0003528151325928298,0.00020529442325556185,3.084654232065557e-05,3.4285799137900074e-05,5.151617551676861e-06
pi0 p,3.0,3.0,3.0,1.15,1.15,1.15,5.75,2.208646449623847,0.23979994774848376,0.004009471592743293,0.000435321406286017,0.0003424431754049252,3.718017231001881e-05,5.856415164858033e-05,6.358500930583802e-06
pi0 p,3.0,3.0,3.0,1.17,1.17,1.17,5.75,3.559845449932817,0.27582754208760496,0.007134852627373405,0.0005528298604656664,0.0005951291383977412,4.611239723119469e-05,0.0001042062346850587,8.074212767839772e-06
pi0 p,3.0,3.0,3.0,1.19,1.19,1.19,5.75,5.682104384768252,0.34102098649667684,0.012476578518666669,0.0007488027016794216,0.0010160847172567915,6.098202165591516e-05,0.00018213359688299102,1.0931052067562275e-05
pi0 p,3.0,3.0,3.0,1.21,1.21,1.21,5.75,7.17929319568954,0.3620041847752333,0.017156854803573932,0.000865106503827401,0.0013638424548104088,6.876953796954878e-05,0.00025023376543740914,1.2617630704202753e-05
pi0 p,3.0,3.0,3.0,1.23,1.23,1.23,5.75,6.370050344051344,0.3006694051181063,0.01647394442004386,0.0007775780097796054,0.0012779109100386481,6.031800258440175e-05,0.00023996780727570223,1.1326594605089705e-05
pi0 p,3.0,3.0,3.0,1.25,1.25,1.25,5.75,4.97172117075322,0.23871208464783356,0.013845330419165575,0.000664769317000205,0.0010477735379609094,5.030777006498774e-05,0.00020134681157227437,9.667460317435788e-06
pi0 p,3.0,3.0,3.0,1.27,1.27,1.27,5.75,3.9541216111436426,0.20250958235741526,0.011805575083336257,0.0006046202708783313,0.0008713592884038163,4.462649936729554e-05,0.00017133997603252125,8.775144115367709e-06
pi0 p,3.0,3.0,3.0,1.29,1.29,1.29,5.75,3.4846859872883345,0.1914983150770395,0.011110946680777913,0.0006105937740276911,0.0007996357810610822,4.394338695282827e-05,0.0001608798963718729,8.841034514262303e-06
pi0 p,3.0,3.0,3.0,1.31,1.31,1.31,5.75,2.9578408992813263,0.17820271279621838,0.010036873987569186,0.0006046972212106496,0.0007041346404104267,4.242239774472509e-05,0.00014493795727248013,8.732159048640486e-06
pi0 p,3.0,3.0,3.0,1.33,1.33,1.33,5.75,2.811273035620748,0.18168425364215218,0.01012040015778118,0.0006540515011984212,0.0006919201354053068,4.4716749952155475e-05,0.00014570439203037255,9.416443505487024e-06
pi0 p,3.0,3.0,3.0,1.35,1.35,1.35,5.75,2.585367391086413,0.1782570036041634,0.009845765820420925,0.0006788500231678912,0.0006558335155203832,4.521868642070323e-05,0.00014127927699808293,9.740983303134392e-06
pi0 p,3.0,3.0,3.0,1.37,1.37,1.37,5.75,2.4689776664562184,0.17652944085788513,0.009920821026441646,0.0007093288094268589,0.0006436681508674352,4.6021630861387176e-05,0.00014183959340027225,1.0141389472509367e-05
pi0 p,3.0,3.0,3.0,1.39,1.39,1.39,5.75,2.2569264455242144,0.1499342776938983,0.00954588586665655,0.0006341613415022509,0.0006030940163236729,4.0065313558767394e-05,0.00013594333435776207,9.031116492366203e-06
pi0 p,3.5,3.5,3.5,1.11,1.11,1.11,5.75,0.4937641173647078,0.2258214985229246,0.0007681149697979404,0.00035129501601579893,3.95250617730405e-05,1.8076665283893982e-05,6.909569761897936e-06,3.1600704524828333e-06
pi0 p,3.5,3.5,3.5,1.13,1.13,1.13,5.75,0.9240994790534376,0.2083600268107466,0.0016188687219547998,0.0003650121420424216,8.151321485053838e-05,1.8379077162867e-05,1.4600751408072752e-05,3.292083832748448e-06
pi0 p,3.5,3.5,3.5,1.15,1.15,1.15,5.75,1.4348093471916088,0.19257560275167884,0.002799135571839768,0.0003756911822367176,0.0001378742672808023,1.850505098640178e-05,2.530067722153637e-05,3.3957774079878336e-06
pi0 p,3.5,3.5,3.5,1.17,1.17,1.17,5.75,2.458484746993228,0.23744051241144332,0.005292299042159677,0.0005111303610656266,0.00025492927247363365,2.46210748953582e-05,4.791917581945366e-05,4.6280350833254376e-06
pi0 p,3.5,3.5,3.5,1.19,1.19,1.19,5.75,3.789269678239172,0.2830447832500459,0.00893173289502656,0.0006671682450679694,0.0004206302320999488,3.141956181077905e-05,8.09795851813531e-05,6.0488830517826214e-06
pi0 p,3.5,3.5,3.5,1.21,1.21,1.21,5.75,4.76179994964035,0.3062472864941747,0.012209804229480163,0.0007852533607981188,0.0005620001068367856,3.614410717552322e-05,0.00011080190180646186,7.126041019254876e-06
pi0 p,3.5,3.5,3.5,1.23,1.23,1.23,5.75,4.2639203458994395,0.25807653426874166,0.011826323160296364,0.0007157958514132661,0.00053188033693473,3.219240109253274e-05,0.00010737823687452325,6.499137174341229e-06
pi0 p,3.5,3.5,3.5,1.25,1.25,1.25,5.75,3.2265664516840897,0.19951603210511304,0.009632613008139071,0.0005956364931473515,0.00042317334036627726,2.616709341860242e-05,8.74728386833132e-05,5.408918103005809e-06
pi0 p,3.5,3.5,3.5,1.27,1.27,1.27,5.75,2.8144209114596452,0.18587817845702362,0.009004729955380675,0.0005947165879802535,0.00038630312143764206,2.5513355252839862e-05,8.175267668576676e-05,5.399348251166587e-06
pi0 p,3.5,3.5,3.5,1.29,1.29,1.29,5.75,2.3715191791565555,0.17018550614447178,0.008100514706596666,0.0005813110041400527,0.00033925524028146335,2.4345712776398246e-05,7.350053554580117e-05,5.2745623791247225e-06
pi0 p,3.5,3.5,3.5,1.31,1.31,1.31,5.75,2.117446014890135,0.1616684211242672,0.00769493459696133,0.0005875134091717491,0.0003145198349082127,2.4013800004489936e-05,6.975550221616216e-05,5.3258793039889534e-06
pi0 p,3.5,3.5,3.5,1.33,1.33,1.33,5.75,1.9136697490076864,0.1591491179660584,0.007375935423212887,0.0006134149413124373,0.0002941451121077832,2.4462389694071e-05,6.677897969376154e-05,5.553631039235698e-06
pi0 p,3.5,3.5,3.5,1.35,1.35,1.35,5.75,1.900996564243105,0.16388101056504986,0.007749372576076167,0.0006680574983143619,0.0003014284172927918,2.5985524944193985e-05,7.004805895111895e-05,6.038699335366879e-06
pi0 p,3.5,3.5,3.5,1.37,1.37,1.37,5.75,1.8069938288623917,0.1574717603858827,0.00777075827861061,0.0006771882483053965,0.00029473057381450935,2.5684505147054676e-05,7.01070523601245e-05,6.109528861846921e-06
pi0 p,3.5,3.5,3.5,1.39,1.39,1.39,5.75,1.773604982140039,0.1609906058866332,0.008027233121467248,0.0007286341303907234,0.00029678505390549686,2.693925994089843e-05,7.22601275183438e-05,6.5590713985178796e-06
pi0 p,4.2,4.2,4.2,1.11,1.11,1.11,5.75,0.37453439297566793,0.18911334987871348,0.0006319898046253108,0.0003191101038607442,1.637842337558397e-05,8.269944144995344e-06,3.184468588238298e-06,1.60793116359919e-06
pi0 p,4.2,4.2,4.2,1.13,1.13,1.13,5.75,0.4502719086684107,0.15071946632391928,0.0008551469630618704,0.0002862432486236236,2.1712819506599847e-05,7.267929678536266e-06,4.3287913111887015e-06,1.4489758381317204e-06
pi0 p,4.2,4.2,4.2,1.15,1.15,1.15,5.75,0.724055425243454,0.14149729175626816,0.001530558805651964,0.000299106833983935,3.80628906552322e-05,7.438375235320447e-06,7.780023511878613e-06,1.520397773914569e-06
pi0 p,4.2,4.2,4.2,1.17,1.17,1.17,5.75,1.3473285581597474,0.18271416837796686,0.003141149507026677,0.0004259781450124885,7.648551471924208e-05,1.0372367697731307e-05,1.6026419501813033e-05,2.1733777508210487e-06
pi0 p,4.2,4.2,4.2,1.19,1.19,1.19,5.75,2.0647740724600485,0.2101559780792318,0.005268599101311381,0.0005362463680707996,0.00012557024951885784,1.2780739044174223e-05,2.6969805680077137e-05,2.7450295734053493e-06
pi0 p,4.2,4.2,4.2,1.21,1.21,1.21,5.75,2.603067124096738,0.21606202102178282,0.007222440796355655,0.0005994832560117972,0.0001684373172455223,1.398077938239224e-05,3.707871455247495e-05,3.0776394234848793e-06
pi0 p,4.2,4.2,4.2,1.23,1.23,1.23,5.75,2.4832719130300522,0.18878359616457205,0.007450050767701164,0.0005663686558670612,0.0001699563540213551,1.292044239489703e-05,3.8343030700226665e-05,2.9149184934021275e-06
pi0 p,4.2,4.2,4.2,1.25,1.25,1.25,5.75,1.9620125767611265,0.15478223014045306,0.006333553038002633,0.0004996509581774421,0.00014128949736007607,1.1146260608032165e-05,3.2665904985977805e-05,2.576997560144267e-06
pi0 p,4.2,4.2,4.2,1.27,1.27,1.27,5.75,1.6044930495973007,0.13702333608068387,0.0055491192297228015,0.00047389350135042946,0.00012101256783103179,1.0334445360208757e-05,2.8670139236298613e-05,2.448423273034012e-06
pi0 p,4.2,4.2,4.2,1.29,1.29,1.29,5.75,1.3705449278697759,0.13222277242281788,0.005058955706110752,0.00048806072345681996,0.00010781272052927096,1.0401188987641233e-05,2.617388016426059e-05,2.525114594937209e-06
pi0 p,4.2,4.2,4.2,1.31,1.31,1.31,5.75,1.3680756360440542,0.13446830783988573,0.0053712572774915575,0.0005279414807542872,0.00011182670528002278,1.0991459415062674e-05,2.7818400356760436e-05,2.734273693816146e-06
pi0 p,4.2,4.2,4.2,1.33,1.33,1.33,5.75,1.1992275972842175,0.129200567067828,0.004992650323350011,0.0005378906009242869,0.00010151209033923039,1.0936555884613112e-05,2.5875459586432352e-05,2.7877310856409558e-06
pi0 p,4.2,4.2,4.2,1.35,1.35,1.35,5.75,1.2171158258537575,0.13677860484871324,0.005358178273089316,0.0006021482369681255,0.00010635946959833762,1.1952601022096747e-05,2.7779900228883574e-05,3.1218852926161006e-06
pi0 p,4.2,4.2,4.2,1.37,1.37,1.37,5.75,1.1672524672559805,0.13205138366178526,0.005420090733659839,0.0006131753849574358,0.00010500062528518723,1.1878730817213073e-05,2.8101953923931173e-05,3.1791767448378756e-06
pi0 p,4.2,4.2,4.2,1.39,1.39,1.39,5.75,0.6561530416287642,0.08890489185205738,0.003206257466870765,0.00043442909695947497,6.0598581444190245e-05,8.21075265659128e-06,1.6619136136343183e-05,2.2517955524652686e-06
pi0 p,5.0,5.0,5.0,1.11,1.11,1.11,5.75,0.08814680667442241,0.17997051283060933,0.00015984370168393994,0.00032635502124376983,2.0615563950396676e-06,4.2091072341951325e-06,4.597932815555435e-07,9.387660858011692e-07
pi0 p,5.0,5.0,5.0,1.13,1.13,1.13,5.75,0.19068839088759326,0.20899592876152204,0.0003890561524112253,0.00042640850622888463,4.919517166950112e-06,5.3918282837211e-06,1.1262577386084845e-06,1.2343870594832653e-06
pi0 p,5.0,5.0,5.0,1.15,1.15,1.15,5.75,0.3644812964841806,0.1650755130544492,0.0008274401995787356,0.00037475205664843763,1.0254345409570107e-05,4.644247443834997e-06,2.409517105852307e-06,1.091283081735045e-06
pi0 p,5.0,5.0,5.0,1.17,1.17,1.17,5.75,0.539292078100531,0.16724009835833967,0.001349873142155928,0.00041860974086727667,1.638984971419141e-05,5.082663346241128e-06,3.952478688472824e-06,1.2257048665495417e-06
pi0 p,5.0,5.0,5.0,1.19,1.19,1.19,5.75,1.0926584912891444,0.18812896876792798,0.002992549270512802,0.0005152435209509655,3.55862623404213e-05,6.12708077572318e-06,8.806876382131463e-06,1.516327914939138e-06
pi0 p,5.0,5.0,5.0,1.21,1.21,1.21,5.75,1.4305242148121124,0.19303336870328994,0.004259105438702045,0.0005747190169745864,4.9586739657273034e-05,6.6911802680065946e-06,1.2592997618365261e-05,1.6992852879913172e-06
pi0 p,5.0,5.0,5.0,1.23,1.23,1.23,5.75,1.4266537726628898,0.17705305526933018,0.0045917515869937945,0.0005698535013141905,5.232114502932503e-05,6.4932492803358435e-06,1.3634852903249974e-05,1.6921361096338973e-06
pi0 p,5.0,5.0,5.0,1.25,1.25,1.25,5.75,1.1882383061819604,0.15322836531728753,0.004114190170444361,0.0005305422583515871,4.5864738455326354e-05,5.914452397849557e-06,1.2264612887935359e-05,1.5815738091344517e-06
pi0 p,5.0,5.0,5.0,1.27,1.27,1.27,5.75,1.092331765653171,0.14451361141925256,0.004051319073614866,0.0005359825363951553,4.417016232253591e-05,5.843636406918342e-06,1.2120040599784342e-05,1.6034604986292466e-06
pi0 p,5.0,5.0,5.0,1.29,1.29,1.29,5.75,0.9885272611932573,0.14698058341921552,0.003912394021234805,0.0005817198760030158,4.170167753012647e-05,6.200473303628693e-06,1.1741769918241655e-05,1.7458417796936775e-06
pi0 p,5.0,5.0,5.0,1.31,1.31,1.31,5.75,0.908089922890744,0.14931585647959913,0.0038222750061242226,0.0006284909146697686,3.981526678980674e-05,6.546764270611785e-06,1.1503917940189936e-05,1.891571877201804e-06
pi0 p,5.0,5.0,5.0,1.33,1.33,1.33,5.75,0.8330309912111767,0.13331556911556594,0.0037176548388795465,0.0005949613830091255,3.7831162777485316e-05,6.054376186714433e-06,1.1217069787735103e-05,1.7951433480124068e-06
pi0 p,5.0,5.0,5.0,1.35,1.35,1.35,5.75,0.8032047105579952,0.1377201168383149,0.0037901052958257842,0.0006498638980939517,3.7663320754965166e-05,6.457876636815624e-06,1.1460558121361426e-05,1.965064923996396e-06
pi0 p,5.0,5.0,5.0,1.37,1.37,1.37,5.75,0.7659265721304988,0.13337346999250835,0.0038118898708757406,0.0006637777011624164,3.6976483444560574e-05,6.438844250309311e-06,1.1547831245795173e-05,2.0108642005400977e-06
pi0 p,5.0,5.0,5.0,1.39,1.39,1.39,5.75,0.779479402838085,0.14940591049480406,0.004082171719627732,0.0007824460535409568,3.863873647619659e-05,7.406039957664022e-06,1.2385743748180857e-05,2.3740246568602125e-06
pi0 p,6.0,6.0,6.0,1.11,1.11,1.11,5.75,0.04325344765462427,0.1081614505950093,8.404205968774901e-05,0.00021015922613621885,4.904616197318942e-07,1.2264696371714078e-06,1.3403491286056908e-07,3.3517352700149177e-07
pi0 p,6.0,6.0,6.0,1.13,1.13,1.13,5.75,0.09747733685558413,0.135360570142405,0.0002130552725674049,0.00029585628923465326,1.2188679591673094e-06,1.6925643149815403e-06,3.4255554496911014e-07,4.7568507068630194e-07
pi0 p,6.0,6.0,6.0,1.15,1.15,1.15,5.75,0.19966077950624572,0.13642833235523416,0.0004854844249658723,0.00033173180354362914,2.7215904602650913e-06,1.8596644206543612e-06,7.865884012256995e-07,5.374763340831046e-07
pi0 p,6.0,6.0,6.0,1.17,1.17,1.17,5.75,0.31463678744232493,0.14123125656753252,0.0008433877448716768,0.0003785721051570253,4.631081062411994e-06,2.078756915322376e-06,1.3764318971250585e-06,6.178400434063631e-07
pi0 p,6.0,6.0,6.0,1.19,1.19,1.19,5.75,0.44141890057059463,0.1243003497300203,0.0012944688954668077,0.0003645130197487423,6.959469464916458e-06,1.9597359499248858e-06,2.1271657510446138e-06,5.989943938666509e-07
pi0 p,6.0,6.0,6.0,1.21,1.21,1.21,5.75,0.6412870251919773,0.13300463594600687,0.0020440983913602795,0.00042395144716876685,1.075559842130985e-05,2.230739740882035e-06,3.380850671181974e-06,7.011974280529961e-07
pi0 p,6.0,6.0,6.0,1.23,1.23,1.23,5.75,0.648060298953117,0.124500247989071,0.0022328070617800974,0.00042894933288218837,1.1493384431755899e-05,2.208018627740157e-06,3.7155833087441316e-06,7.138086442109962e-07
pi0 p,6.0,6.0,6.0,1.25,1.25,1.25,5.75,0.6704347218319834,0.12330613914284641,0.0024846813356214064,0.0004569817948249809,1.2506727089985574e-05,2.3002332375706594e-06,4.1585312522195725e-06,7.648357349614822e-07
pi0 p,6.0,6.0,6.0,1.27,1.27,1.27,5.75,0.5740380928492342,0.11587129397542319,0.0022786680104146797,0.00045995590570763325,1.121085932202748e-05,2.262945251197701e-06,3.834336014018011e-06,7.739721126791524e-07
pi0 p,6.0,6.0,6.0,1.29,1.29,1.29,5.75,0.5687225180793603,0.12676721234855576,0.002408938076547213,0.0005369479051321292,1.1579053667258138e-05,2.58094995075931e-06,4.074040175074495e-06,9.080961269730294e-07
pi0 p,6.0,6.0,6.0,1.31,1.31,1.31,5.75,0.5818041098889082,0.1282921719581776,0.002620726925894161,0.0005778899525072773,1.2301534424550254e-05,2.7125806485711973e-06,4.453145499172921e-06,9.8195199797362e-07
pi0 p,6.0,6.0,6.0,1.33,1.33,1.33,5.75,0.5061671251610802,0.11914389116011084,0.002417365196393696,0.0005690102765202584,1.1075563990759214e-05,2.60701599344667e-06,4.12564367302727e-06,9.71112536374491e-07
pi0 p,6.0,6.0,6.0,1.35,1.35,1.35,5.75,0.4851938526057149,0.12001029164680091,0.002450062594992376,0.0006060108243310616,1.0951610095019288e-05,2.7088264091700344e-06,4.198495713639556e-06,1.0384770795543914e-06
pi0 p,6.0,6.0,6.0,1.37,1.37,1.37,5.75,0.48102810074705477,0.1275254841310355,0.0025619162296695633,0.0006791902738829101,1.1166803209297572e-05,2.960434085347753e-06,4.406715373842832e-06,1.1682654518607666e-06
pi0 p,6.0,6.0,6.0,1.39,1.39,1.39,5.75,0.48997535662447844,0.14447449920585095,0.002746088586296565,0.0008097137293052974,1.1666000178521875e-05,3.439845516187974e-06,4.7398892415921815e-06,1.397607278022888e-06
