     Q**2          x         u           d           g          ub          db          sb          s          cb          c          bb          b
     8.294     0.001    0.561E+00    0.534E+00    0.718E+01    0.514E+00    0.520E+00    0.340E+00    0.340E+00    0.222E+00    0.222E+00    0.000E+00    0.000E+00
     8.294     0.002    0.507E+00    0.473E+00    0.628E+01    0.438E+00    0.448E+00    0.289E+00    0.289E+00    0.186E+00    0.186E+00    0.000E+00    0.000E+00
     8.294     0.003    0.484E+00    0.446E+00    0.582E+01    0.397E+00    0.409E+00    0.261E+00    0.261E+00    0.166E+00    0.166E+00    0.000E+00    0.000E+00
     8.294     0.004    0.475E+00    0.433E+00    0.553E+01    0.371E+00    0.386E+00    0.244E+00    0.244E+00    0.154E+00    0.154E+00    0.000E+00    0.000E+00
     8.294     0.005    0.469E+00    0.425E+00    0.531E+01    0.352E+00    0.368E+00    0.230E+00    0.230E+00    0.144E+00    0.144E+00    0.000E+00    0.000E+00
     8.294     0.006    0.467E+00    0.420E+00    0.513E+01    0.336E+00    0.354E+00    0.220E+00    0.220E+00    0.136E+00    0.136E+00    0.000E+00    0.000E+00
     8.294     0.007    0.466E+00    0.417E+00    0.499E+01    0.324E+00    0.342E+00    0.211E+00    0.211E+00    0.129E+00    0.129E+00    0.000E+00    0.000E+00
     8.294     0.008    0.465E+00    0.415E+00    0.484E+01    0.312E+00    0.331E+00    0.202E+00    0.202E+00    0.123E+00    0.123E+00    0.000E+00    0.000E+00
     8.294     0.009    0.467E+00    0.414E+00    0.473E+01    0.303E+00    0.323E+00    0.196E+00    0.196E+00    0.118E+00    0.118E+00    0.000E+00    0.000E+00
     8.294     0.010    0.468E+00    0.414E+00    0.462E+01    0.294E+00    0.314E+00    0.189E+00    0.189E+00    0.113E+00    0.113E+00    0.000E+00    0.000E+00
     8.294     0.011    0.470E+00    0.414E+00    0.453E+01    0.287E+00    0.308E+00    0.184E+00    0.184E+00    0.109E+00    0.109E+00    0.000E+00    0.000E+00
     8.294     0.012    0.472E+00    0.415E+00    0.443E+01    0.280E+00    0.301E+00    0.179E+00    0.179E+00    0.105E+00    0.105E+00    0.000E+00    0.000E+00
     8.294     0.013    0.474E+00    0.415E+00    0.435E+01    0.274E+00    0.295E+00    0.174E+00    0.174E+00    0.101E+00    0.101E+00    0.000E+00    0.000E+00
     8.294     0.014    0.477E+00    0.417E+00    0.427E+01    0.268E+00    0.290E+00    0.170E+00    0.170E+00    0.977E-01    0.977E-01    0.000E+00    0.000E+00
     8.294     0.015    0.480E+00    0.418E+00    0.419E+01    0.263E+00    0.284E+00    0.166E+00    0.166E+00    0.944E-01    0.944E-01    0.000E+00    0.000E+00
     8.294     0.016    0.482E+00    0.419E+00    0.412E+01    0.258E+00    0.279E+00    0.162E+00    0.162E+00    0.914E-01    0.914E-01    0.000E+00    0.000E+00
     8.294     0.017    0.486E+00    0.420E+00    0.405E+01    0.253E+00    0.275E+00    0.159E+00    0.159E+00    0.888E-01    0.888E-01    0.000E+00    0.000E+00
     8.294     0.018    0.489E+00    0.422E+00    0.398E+01    0.249E+00    0.270E+00    0.155E+00    0.155E+00    0.861E-01    0.861E-01    0.000E+00    0.000E+00
     8.294     0.019    0.492E+00    0.423E+00    0.392E+01    0.245E+00    0.266E+00    0.152E+00    0.152E+00    0.835E-01    0.835E-01    0.000E+00    0.000E+00
     8.294     0.020    0.495E+00    0.424E+00    0.386E+01    0.241E+00    0.262E+00    0.149E+00    0.149E+00    0.812E-01    0.812E-01    0.000E+00    0.000E+00
     8.294     0.021    0.498E+00    0.426E+00    0.380E+01    0.237E+00    0.259E+00    0.147E+00    0.147E+00    0.790E-01    0.790E-01    0.000E+00    0.000E+00
     8.294     0.022    0.501E+00    0.427E+00    0.374E+01    0.234E+00    0.255E+00    0.144E+00    0.144E+00    0.768E-01    0.768E-01    0.000E+00    0.000E+00
     8.294     0.023    0.504E+00    0.428E+00    0.368E+01    0.230E+00    0.251E+00    0.141E+00    0.141E+00    0.746E-01    0.746E-01    0.000E+00    0.000E+00
     8.294     0.024    0.507E+00    0.429E+00    0.362E+01    0.227E+00    0.248E+00    0.138E+00    0.138E+00    0.726E-01    0.726E-01    0.000E+00    0.000E+00
     8.294     0.025    0.510E+00    0.430E+00    0.357E+01    0.224E+00    0.244E+00    0.136E+00    0.136E+00    0.706E-01    0.706E-01    0.000E+00    0.000E+00
     8.294     0.026    0.513E+00    0.432E+00    0.352E+01    0.221E+00    0.241E+00    0.134E+00    0.134E+00    0.689E-01    0.689E-01    0.000E+00    0.000E+00
     8.294     0.027    0.516E+00    0.433E+00    0.347E+01    0.218E+00    0.238E+00    0.131E+00    0.131E+00    0.670E-01    0.670E-01    0.000E+00    0.000E+00
     8.294     0.028    0.519E+00    0.433E+00    0.341E+01    0.215E+00    0.235E+00    0.129E+00    0.129E+00    0.653E-01    0.653E-01    0.000E+00    0.000E+00
     8.294     0.029    0.522E+00    0.435E+00    0.337E+01    0.212E+00    0.232E+00    0.127E+00    0.127E+00    0.636E-01    0.636E-01    0.000E+00    0.000E+00
     8.294     0.030    0.525E+00    0.436E+00    0.332E+01    0.209E+00    0.230E+00    0.125E+00    0.125E+00    0.621E-01    0.621E-01    0.000E+00    0.000E+00
     8.294     0.031    0.528E+00    0.437E+00    0.327E+01    0.207E+00    0.227E+00    0.123E+00    0.123E+00    0.607E-01    0.607E-01    0.000E+00    0.000E+00
     8.294     0.032    0.531E+00    0.438E+00    0.323E+01    0.205E+00    0.225E+00    0.122E+00    0.122E+00    0.593E-01    0.593E-01    0.000E+00    0.000E+00
     8.294     0.033    0.534E+00    0.439E+00    0.318E+01    0.202E+00    0.223E+00    0.120E+00    0.120E+00    0.579E-01    0.579E-01    0.000E+00    0.000E+00
     8.294     0.034    0.537E+00    0.439E+00    0.314E+01    0.200E+00    0.220E+00    0.118E+00    0.118E+00    0.566E-01    0.566E-01    0.000E+00    0.000E+00
     8.294     0.035    0.539E+00    0.440E+00    0.310E+01    0.198E+00    0.218E+00    0.116E+00    0.116E+00    0.553E-01    0.553E-01    0.000E+00    0.000E+00
     8.294     0.036    0.542E+00    0.441E+00    0.306E+01    0.196E+00    0.216E+00    0.115E+00    0.115E+00    0.542E-01    0.542E-01    0.000E+00    0.000E+00
     8.294     0.037    0.545E+00    0.442E+00    0.302E+01    0.194E+00    0.214E+00    0.113E+00    0.113E+00    0.531E-01    0.531E-01    0.000E+00    0.000E+00
     8.294     0.038    0.548E+00    0.443E+00    0.298E+01    0.192E+00    0.212E+00    0.112E+00    0.112E+00    0.520E-01    0.520E-01    0.000E+00    0.000E+00
     8.294     0.039    0.551E+00    0.443E+00    0.294E+01    0.190E+00    0.210E+00    0.111E+00    0.111E+00    0.509E-01    0.509E-01    0.000E+00    0.000E+00
     8.294     0.040    0.553E+00    0.444E+00    0.290E+01    0.188E+00    0.208E+00    0.109E+00    0.109E+00    0.497E-01    0.497E-01    0.000E+00    0.000E+00
     8.294     0.041    0.556E+00    0.445E+00    0.286E+01    0.186E+00    0.206E+00    0.108E+00    0.108E+00    0.487E-01    0.487E-01    0.000E+00    0.000E+00
     8.294     0.042    0.558E+00    0.445E+00    0.282E+01    0.184E+00    0.204E+00    0.106E+00    0.106E+00    0.476E-01    0.476E-01    0.000E+00    0.000E+00
     8.294     0.043    0.561E+00    0.446E+00    0.279E+01    0.182E+00    0.203E+00    0.105E+00    0.105E+00    0.466E-01    0.466E-01    0.000E+00    0.000E+00
     8.294     0.044    0.563E+00    0.446E+00    0.275E+01    0.180E+00    0.201E+00    0.104E+00    0.104E+00    0.457E-01    0.457E-01    0.000E+00    0.000E+00
     8.294     0.045    0.565E+00    0.447E+00    0.272E+01    0.178E+00    0.199E+00    0.102E+00    0.102E+00    0.447E-01    0.447E-01    0.000E+00    0.000E+00
     8.294     0.046    0.568E+00    0.447E+00    0.268E+01    0.176E+00    0.198E+00    0.101E+00    0.101E+00    0.438E-01    0.438E-01    0.000E+00    0.000E+00
     8.294     0.047    0.570E+00    0.448E+00    0.264E+01    0.175E+00    0.196E+00    0.998E-01    0.998E-01    0.429E-01    0.429E-01    0.000E+00    0.000E+00
     8.294     0.048    0.572E+00    0.448E+00    0.261E+01    0.173E+00    0.194E+00    0.986E-01    0.986E-01    0.420E-01    0.420E-01    0.000E+00    0.000E+00
     8.294     0.049    0.574E+00    0.448E+00    0.257E+01    0.171E+00    0.193E+00    0.974E-01    0.974E-01    0.411E-01    0.411E-01    0.000E+00    0.000E+00
     8.294     0.050    0.576E+00    0.449E+00    0.254E+01    0.169E+00    0.191E+00    0.962E-01    0.962E-01    0.403E-01    0.403E-01    0.000E+00    0.000E+00
     8.294     0.051    0.579E+00    0.449E+00    0.251E+01    0.167E+00    0.190E+00    0.951E-01    0.951E-01    0.395E-01    0.395E-01    0.000E+00    0.000E+00
     8.294     0.052    0.581E+00    0.449E+00    0.248E+01    0.166E+00    0.188E+00    0.940E-01    0.940E-01    0.387E-01    0.387E-01    0.000E+00    0.000E+00
     8.294     0.053    0.583E+00    0.449E+00    0.245E+01    0.164E+00    0.187E+00    0.930E-01    0.930E-01    0.380E-01    0.380E-01    0.000E+00    0.000E+00
     8.294     0.054    0.585E+00    0.450E+00    0.241E+01    0.162E+00    0.186E+00    0.919E-01    0.919E-01    0.372E-01    0.372E-01    0.000E+00    0.000E+00
     8.294     0.055    0.587E+00    0.450E+00    0.238E+01    0.161E+00    0.184E+00    0.909E-01    0.909E-01    0.365E-01    0.365E-01    0.000E+00    0.000E+00
     8.294     0.056    0.589E+00    0.450E+00    0.235E+01    0.159E+00    0.183E+00    0.898E-01    0.898E-01    0.358E-01    0.358E-01    0.000E+00    0.000E+00
     8.294     0.057    0.591E+00    0.450E+00    0.232E+01    0.157E+00    0.181E+00    0.888E-01    0.888E-01    0.351E-01    0.351E-01    0.000E+00    0.000E+00
     8.294     0.058    0.593E+00    0.450E+00    0.229E+01    0.156E+00    0.180E+00    0.879E-01    0.879E-01    0.344E-01    0.344E-01    0.000E+00    0.000E+00
     8.294     0.059    0.594E+00    0.450E+00    0.226E+01    0.154E+00    0.179E+00    0.869E-01    0.869E-01    0.338E-01    0.338E-01    0.000E+00    0.000E+00
     8.294     0.060    0.596E+00    0.450E+00    0.224E+01    0.153E+00    0.178E+00    0.860E-01    0.860E-01    0.332E-01    0.332E-01    0.000E+00    0.000E+00
     8.294     0.061    0.598E+00    0.450E+00    0.221E+01    0.151E+00    0.176E+00    0.851E-01    0.851E-01    0.326E-01    0.326E-01    0.000E+00    0.000E+00
     8.294     0.062    0.600E+00    0.450E+00    0.218E+01    0.150E+00    0.175E+00    0.842E-01    0.842E-01    0.320E-01    0.320E-01    0.000E+00    0.000E+00
     8.294     0.063    0.602E+00    0.450E+00    0.215E+01    0.148E+00    0.174E+00    0.833E-01    0.833E-01    0.314E-01    0.314E-01    0.000E+00    0.000E+00
     8.294     0.064    0.603E+00    0.450E+00    0.213E+01    0.147E+00    0.173E+00    0.824E-01    0.824E-01    0.309E-01    0.309E-01    0.000E+00    0.000E+00
     8.294     0.065    0.605E+00    0.450E+00    0.210E+01    0.145E+00    0.172E+00    0.815E-01    0.815E-01    0.303E-01    0.303E-01    0.000E+00    0.000E+00
     8.294     0.066    0.606E+00    0.450E+00    0.207E+01    0.143E+00    0.171E+00    0.807E-01    0.807E-01    0.297E-01    0.297E-01    0.000E+00    0.000E+00
     8.294     0.067    0.608E+00    0.450E+00    0.205E+01    0.142E+00    0.170E+00    0.798E-01    0.798E-01    0.292E-01    0.292E-01    0.000E+00    0.000E+00
     8.294     0.068    0.610E+00    0.450E+00    0.202E+01    0.140E+00    0.168E+00    0.790E-01    0.790E-01    0.286E-01    0.286E-01    0.000E+00    0.000E+00
     8.294     0.069    0.611E+00    0.449E+00    0.200E+01    0.139E+00    0.167E+00    0.781E-01    0.781E-01    0.281E-01    0.281E-01    0.000E+00    0.000E+00
     8.294     0.070    0.613E+00    0.449E+00    0.197E+01    0.138E+00    0.166E+00    0.773E-01    0.773E-01    0.276E-01    0.276E-01    0.000E+00    0.000E+00
     8.294     0.071    0.614E+00    0.449E+00    0.195E+01    0.136E+00    0.165E+00    0.766E-01    0.766E-01    0.271E-01    0.271E-01    0.000E+00    0.000E+00
     8.294     0.072    0.616E+00    0.449E+00    0.192E+01    0.135E+00    0.164E+00    0.758E-01    0.758E-01    0.266E-01    0.266E-01    0.000E+00    0.000E+00
     8.294     0.073    0.617E+00    0.449E+00    0.190E+01    0.133E+00    0.163E+00    0.750E-01    0.750E-01    0.262E-01    0.262E-01    0.000E+00    0.000E+00
     8.294     0.074    0.619E+00    0.448E+00    0.188E+01    0.132E+00    0.162E+00    0.743E-01    0.743E-01    0.257E-01    0.257E-01    0.000E+00    0.000E+00
     8.294     0.075    0.620E+00    0.448E+00    0.185E+01    0.131E+00    0.161E+00    0.735E-01    0.735E-01    0.253E-01    0.253E-01    0.000E+00    0.000E+00
     8.294     0.076    0.621E+00    0.448E+00    0.183E+01    0.129E+00    0.160E+00    0.727E-01    0.727E-01    0.248E-01    0.248E-01    0.000E+00    0.000E+00
     8.294     0.077    0.623E+00    0.448E+00    0.181E+01    0.128E+00    0.159E+00    0.720E-01    0.720E-01    0.244E-01    0.244E-01    0.000E+00    0.000E+00
     8.294     0.078    0.624E+00    0.447E+00    0.179E+01    0.126E+00    0.158E+00    0.713E-01    0.713E-01    0.240E-01    0.240E-01    0.000E+00    0.000E+00
     8.294     0.079    0.625E+00    0.447E+00    0.176E+01    0.125E+00    0.157E+00    0.706E-01    0.706E-01    0.235E-01    0.235E-01    0.000E+00    0.000E+00
     8.294     0.080    0.626E+00    0.447E+00    0.174E+01    0.124E+00    0.156E+00    0.699E-01    0.699E-01    0.231E-01    0.231E-01    0.000E+00    0.000E+00
     8.294     0.081    0.628E+00    0.446E+00    0.172E+01    0.123E+00    0.155E+00    0.692E-01    0.692E-01    0.228E-01    0.228E-01    0.000E+00    0.000E+00
     8.294     0.082    0.629E+00    0.446E+00    0.170E+01    0.121E+00    0.154E+00    0.686E-01    0.686E-01    0.224E-01    0.224E-01    0.000E+00    0.000E+00
     8.294     0.083    0.630E+00    0.445E+00    0.168E+01    0.120E+00    0.153E+00    0.679E-01    0.679E-01    0.220E-01    0.220E-01    0.000E+00    0.000E+00
     8.294     0.084    0.631E+00    0.445E+00    0.166E+01    0.119E+00    0.153E+00    0.673E-01    0.673E-01    0.216E-01    0.216E-01    0.000E+00    0.000E+00
     8.294     0.085    0.632E+00    0.445E+00    0.164E+01    0.118E+00    0.152E+00    0.666E-01    0.666E-01    0.213E-01    0.213E-01    0.000E+00    0.000E+00
     8.294     0.086    0.634E+00    0.444E+00    0.162E+01    0.116E+00    0.151E+00    0.660E-01    0.660E-01    0.209E-01    0.209E-01    0.000E+00    0.000E+00
     8.294     0.087    0.635E+00    0.444E+00    0.160E+01    0.115E+00    0.150E+00    0.653E-01    0.653E-01    0.206E-01    0.206E-01    0.000E+00    0.000E+00
     8.294     0.088    0.636E+00    0.443E+00    0.158E+01    0.114E+00    0.149E+00    0.647E-01    0.647E-01    0.202E-01    0.202E-01    0.000E+00    0.000E+00
     8.294     0.089    0.637E+00    0.443E+00    0.156E+01    0.113E+00    0.148E+00    0.641E-01    0.641E-01    0.199E-01    0.199E-01    0.000E+00    0.000E+00
     8.294     0.090    0.638E+00    0.442E+00    0.154E+01    0.112E+00    0.147E+00    0.635E-01    0.635E-01    0.196E-01    0.196E-01    0.000E+00    0.000E+00
     8.294     0.091    0.639E+00    0.442E+00    0.152E+01    0.110E+00    0.146E+00    0.629E-01    0.629E-01    0.193E-01    0.193E-01    0.000E+00    0.000E+00
     8.294     0.092    0.640E+00    0.441E+00    0.151E+01    0.109E+00    0.145E+00    0.623E-01    0.623E-01    0.189E-01    0.189E-01    0.000E+00    0.000E+00
     8.294     0.093    0.641E+00    0.441E+00    0.149E+01    0.108E+00    0.144E+00    0.617E-01    0.617E-01    0.186E-01    0.186E-01    0.000E+00    0.000E+00
     8.294     0.094    0.642E+00    0.440E+00    0.147E+01    0.107E+00    0.143E+00    0.611E-01    0.611E-01    0.183E-01    0.183E-01    0.000E+00    0.000E+00
     8.294     0.095    0.643E+00    0.440E+00    0.145E+01    0.106E+00    0.143E+00    0.605E-01    0.605E-01    0.181E-01    0.181E-01    0.000E+00    0.000E+00
     8.294     0.096    0.644E+00    0.439E+00    0.144E+01    0.105E+00    0.142E+00    0.600E-01    0.600E-01    0.178E-01    0.178E-01    0.000E+00    0.000E+00
     8.294     0.097    0.645E+00    0.439E+00    0.142E+01    0.104E+00    0.141E+00    0.594E-01    0.594E-01    0.175E-01    0.175E-01    0.000E+00    0.000E+00
     8.294     0.098    0.646E+00    0.438E+00    0.140E+01    0.103E+00    0.140E+00    0.589E-01    0.589E-01    0.172E-01    0.172E-01    0.000E+00    0.000E+00
     8.294     0.099    0.647E+00    0.437E+00    0.139E+01    0.102E+00    0.139E+00    0.583E-01    0.583E-01    0.169E-01    0.169E-01    0.000E+00    0.000E+00
     8.294     0.100    0.647E+00    0.437E+00    0.137E+01    0.101E+00    0.138E+00    0.578E-01    0.578E-01    0.167E-01    0.167E-01    0.000E+00    0.000E+00
     8.294     0.101    0.648E+00    0.436E+00    0.135E+01    0.996E-01    0.137E+00    0.572E-01    0.572E-01    0.164E-01    0.164E-01    0.000E+00    0.000E+00
     8.294     0.102    0.649E+00    0.436E+00    0.134E+01    0.986E-01    0.136E+00    0.567E-01    0.567E-01    0.162E-01    0.162E-01    0.000E+00    0.000E+00
     8.294     0.103    0.650E+00    0.435E+00    0.132E+01    0.976E-01    0.136E+00    0.562E-01    0.562E-01    0.159E-01    0.159E-01    0.000E+00    0.000E+00
     8.294     0.104    0.651E+00    0.434E+00    0.131E+01    0.966E-01    0.135E+00    0.557E-01    0.557E-01    0.157E-01    0.157E-01    0.000E+00    0.000E+00
     8.294     0.105    0.652E+00    0.434E+00    0.129E+01    0.957E-01    0.134E+00    0.551E-01    0.551E-01    0.154E-01    0.154E-01    0.000E+00    0.000E+00
     8.294     0.106    0.652E+00    0.433E+00    0.128E+01    0.947E-01    0.133E+00    0.546E-01    0.546E-01    0.152E-01    0.152E-01    0.000E+00    0.000E+00
     8.294     0.107    0.653E+00    0.432E+00    0.126E+01    0.938E-01    0.132E+00    0.541E-01    0.541E-01    0.150E-01    0.150E-01    0.000E+00    0.000E+00
     8.294     0.108    0.654E+00    0.432E+00    0.125E+01    0.928E-01    0.131E+00    0.537E-01    0.537E-01    0.147E-01    0.147E-01    0.000E+00    0.000E+00
     8.294     0.109    0.655E+00    0.431E+00    0.123E+01    0.919E-01    0.130E+00    0.532E-01    0.532E-01    0.145E-01    0.145E-01    0.000E+00    0.000E+00
     8.294     0.110    0.655E+00    0.430E+00    0.122E+01    0.910E-01    0.130E+00    0.527E-01    0.527E-01    0.143E-01    0.143E-01    0.000E+00    0.000E+00
     8.294     0.111    0.656E+00    0.430E+00    0.121E+01    0.901E-01    0.129E+00    0.522E-01    0.522E-01    0.141E-01    0.141E-01    0.000E+00    0.000E+00
     8.294     0.112    0.657E+00    0.429E+00    0.119E+01    0.892E-01    0.128E+00    0.517E-01    0.517E-01    0.139E-01    0.139E-01    0.000E+00    0.000E+00
     8.294     0.113    0.657E+00    0.428E+00    0.118E+01    0.883E-01    0.127E+00    0.513E-01    0.513E-01    0.137E-01    0.137E-01    0.000E+00    0.000E+00
     8.294     0.114    0.658E+00    0.427E+00    0.116E+01    0.875E-01    0.126E+00    0.508E-01    0.508E-01    0.135E-01    0.135E-01    0.000E+00    0.000E+00
     8.294     0.115    0.659E+00    0.427E+00    0.115E+01    0.866E-01    0.125E+00    0.503E-01    0.503E-01    0.133E-01    0.133E-01    0.000E+00    0.000E+00
     8.294     0.116    0.659E+00    0.426E+00    0.114E+01    0.858E-01    0.124E+00    0.499E-01    0.499E-01    0.131E-01    0.131E-01    0.000E+00    0.000E+00
     8.294     0.117    0.660E+00    0.425E+00    0.113E+01    0.850E-01    0.124E+00    0.494E-01    0.494E-01    0.129E-01    0.129E-01    0.000E+00    0.000E+00
     8.294     0.118    0.661E+00    0.424E+00    0.111E+01    0.841E-01    0.123E+00    0.490E-01    0.490E-01    0.127E-01    0.127E-01    0.000E+00    0.000E+00
     8.294     0.119    0.661E+00    0.424E+00    0.110E+01    0.833E-01    0.122E+00    0.486E-01    0.486E-01    0.125E-01    0.125E-01    0.000E+00    0.000E+00
     8.294     0.120    0.662E+00    0.423E+00    0.109E+01    0.825E-01    0.121E+00    0.481E-01    0.481E-01    0.123E-01    0.123E-01    0.000E+00    0.000E+00
     8.294     0.121    0.662E+00    0.422E+00    0.108E+01    0.818E-01    0.120E+00    0.477E-01    0.477E-01    0.122E-01    0.122E-01    0.000E+00    0.000E+00
     8.294     0.122    0.663E+00    0.421E+00    0.106E+01    0.810E-01    0.119E+00    0.473E-01    0.473E-01    0.120E-01    0.120E-01    0.000E+00    0.000E+00
     8.294     0.123    0.663E+00    0.421E+00    0.105E+01    0.802E-01    0.119E+00    0.469E-01    0.469E-01    0.118E-01    0.118E-01    0.000E+00    0.000E+00
     8.294     0.124    0.664E+00    0.420E+00    0.104E+01    0.795E-01    0.118E+00    0.465E-01    0.465E-01    0.117E-01    0.117E-01    0.000E+00    0.000E+00
     8.294     0.125    0.664E+00    0.419E+00    0.103E+01    0.787E-01    0.117E+00    0.460E-01    0.460E-01    0.115E-01    0.115E-01    0.000E+00    0.000E+00
     8.294     0.126    0.665E+00    0.418E+00    0.102E+01    0.780E-01    0.116E+00    0.456E-01    0.456E-01    0.113E-01    0.113E-01    0.000E+00    0.000E+00
     8.294     0.127    0.665E+00    0.417E+00    0.101E+01    0.772E-01    0.115E+00    0.452E-01    0.452E-01    0.112E-01    0.112E-01    0.000E+00    0.000E+00
     8.294     0.128    0.666E+00    0.416E+00    0.995E+00    0.765E-01    0.114E+00    0.448E-01    0.448E-01    0.110E-01    0.110E-01    0.000E+00    0.000E+00
     8.294     0.129    0.666E+00    0.416E+00    0.984E+00    0.758E-01    0.114E+00    0.444E-01    0.444E-01    0.109E-01    0.109E-01    0.000E+00    0.000E+00
     8.294     0.130    0.667E+00    0.415E+00    0.973E+00    0.751E-01    0.113E+00    0.440E-01    0.440E-01    0.107E-01    0.107E-01    0.000E+00    0.000E+00
     8.294     0.131    0.667E+00    0.414E+00    0.962E+00    0.744E-01    0.112E+00    0.436E-01    0.436E-01    0.106E-01    0.106E-01    0.000E+00    0.000E+00
     8.294     0.132    0.667E+00    0.413E+00    0.952E+00    0.737E-01    0.111E+00    0.432E-01    0.432E-01    0.104E-01    0.104E-01    0.000E+00    0.000E+00
     8.294     0.133    0.668E+00    0.412E+00    0.942E+00    0.730E-01    0.110E+00    0.429E-01    0.429E-01    0.103E-01    0.103E-01    0.000E+00    0.000E+00
     8.294     0.134    0.668E+00    0.412E+00    0.932E+00    0.724E-01    0.110E+00    0.425E-01    0.425E-01    0.101E-01    0.101E-01    0.000E+00    0.000E+00
     8.294     0.135    0.668E+00    0.411E+00    0.922E+00    0.717E-01    0.109E+00    0.421E-01    0.421E-01    0.100E-01    0.100E-01    0.000E+00    0.000E+00
     8.294     0.136    0.669E+00    0.410E+00    0.912E+00    0.711E-01    0.108E+00    0.417E-01    0.417E-01    0.987E-02    0.987E-02    0.000E+00    0.000E+00
     8.294     0.137    0.669E+00    0.409E+00    0.902E+00    0.704E-01    0.107E+00    0.414E-01    0.414E-01    0.974E-02    0.974E-02    0.000E+00    0.000E+00
     8.294     0.138    0.669E+00    0.408E+00    0.892E+00    0.698E-01    0.106E+00    0.410E-01    0.410E-01    0.961E-02    0.961E-02    0.000E+00    0.000E+00
     8.294     0.139    0.670E+00    0.407E+00    0.883E+00    0.692E-01    0.106E+00    0.406E-01    0.406E-01    0.948E-02    0.948E-02    0.000E+00    0.000E+00
     8.294     0.140    0.670E+00    0.406E+00    0.873E+00    0.686E-01    0.105E+00    0.403E-01    0.403E-01    0.936E-02    0.936E-02    0.000E+00    0.000E+00
     8.294     0.141    0.670E+00    0.406E+00    0.864E+00    0.679E-01    0.104E+00    0.399E-01    0.399E-01    0.923E-02    0.923E-02    0.000E+00    0.000E+00
     8.294     0.142    0.671E+00    0.405E+00    0.855E+00    0.673E-01    0.103E+00    0.396E-01    0.396E-01    0.911E-02    0.911E-02    0.000E+00    0.000E+00
     8.294     0.143    0.671E+00    0.404E+00    0.846E+00    0.667E-01    0.102E+00    0.392E-01    0.392E-01    0.899E-02    0.899E-02    0.000E+00    0.000E+00
     8.294     0.144    0.671E+00    0.403E+00    0.837E+00    0.662E-01    0.102E+00    0.389E-01    0.389E-01    0.888E-02    0.888E-02    0.000E+00    0.000E+00
     8.294     0.145    0.671E+00    0.402E+00    0.828E+00    0.656E-01    0.101E+00    0.385E-01    0.385E-01    0.876E-02    0.876E-02    0.000E+00    0.000E+00
     8.294     0.146    0.671E+00    0.401E+00    0.819E+00    0.650E-01    0.100E+00    0.382E-01    0.382E-01    0.865E-02    0.865E-02    0.000E+00    0.000E+00
     8.294     0.147    0.672E+00    0.400E+00    0.811E+00    0.644E-01    0.992E-01    0.379E-01    0.379E-01    0.854E-02    0.854E-02    0.000E+00    0.000E+00
     8.294     0.148    0.672E+00    0.399E+00    0.802E+00    0.639E-01    0.984E-01    0.375E-01    0.375E-01    0.843E-02    0.843E-02    0.000E+00    0.000E+00
     8.294     0.149    0.672E+00    0.398E+00    0.794E+00    0.633E-01    0.976E-01    0.372E-01    0.372E-01    0.833E-02    0.833E-02    0.000E+00    0.000E+00
     8.294     0.150    0.672E+00    0.398E+00    0.786E+00    0.628E-01    0.969E-01    0.369E-01    0.369E-01    0.822E-02    0.822E-02    0.000E+00    0.000E+00
     8.294     0.151    0.672E+00    0.397E+00    0.778E+00    0.623E-01    0.961E-01    0.365E-01    0.365E-01    0.812E-02    0.812E-02    0.000E+00    0.000E+00
     8.294     0.152    0.672E+00    0.396E+00    0.770E+00    0.617E-01    0.953E-01    0.362E-01    0.362E-01    0.802E-02    0.802E-02    0.000E+00    0.000E+00
     8.294     0.153    0.673E+00    0.395E+00    0.762E+00    0.612E-01    0.946E-01    0.359E-01    0.359E-01    0.792E-02    0.792E-02    0.000E+00    0.000E+00
     8.294     0.154    0.673E+00    0.394E+00    0.754E+00    0.607E-01    0.938E-01    0.356E-01    0.356E-01    0.782E-02    0.782E-02    0.000E+00    0.000E+00
     8.294     0.155    0.673E+00    0.393E+00    0.747E+00    0.602E-01    0.930E-01    0.353E-01    0.353E-01    0.772E-02    0.772E-02    0.000E+00    0.000E+00
     8.294     0.156    0.673E+00    0.392E+00    0.739E+00    0.596E-01    0.923E-01    0.350E-01    0.350E-01    0.763E-02    0.763E-02    0.000E+00    0.000E+00
     8.294     0.157    0.673E+00    0.391E+00    0.732E+00    0.591E-01    0.915E-01    0.346E-01    0.346E-01    0.753E-02    0.753E-02    0.000E+00    0.000E+00
     8.294     0.158    0.673E+00    0.390E+00    0.724E+00    0.586E-01    0.907E-01    0.343E-01    0.343E-01    0.744E-02    0.744E-02    0.000E+00    0.000E+00
     8.294     0.159    0.673E+00    0.389E+00    0.717E+00    0.581E-01    0.900E-01    0.340E-01    0.340E-01    0.735E-02    0.735E-02    0.000E+00    0.000E+00
     8.294     0.160    0.673E+00    0.389E+00    0.710E+00    0.577E-01    0.892E-01    0.337E-01    0.337E-01    0.726E-02    0.726E-02    0.000E+00    0.000E+00
     8.294     0.161    0.673E+00    0.388E+00    0.702E+00    0.572E-01    0.885E-01    0.334E-01    0.334E-01    0.717E-02    0.717E-02    0.000E+00    0.000E+00
     8.294     0.162    0.673E+00    0.387E+00    0.695E+00    0.567E-01    0.877E-01    0.331E-01    0.331E-01    0.708E-02    0.708E-02    0.000E+00    0.000E+00
     8.294     0.163    0.673E+00    0.386E+00    0.689E+00    0.562E-01    0.870E-01    0.328E-01    0.328E-01    0.700E-02    0.700E-02    0.000E+00    0.000E+00
     8.294     0.164    0.673E+00    0.385E+00    0.682E+00    0.558E-01    0.863E-01    0.326E-01    0.326E-01    0.691E-02    0.691E-02    0.000E+00    0.000E+00
     8.294     0.165    0.673E+00    0.384E+00    0.675E+00    0.553E-01    0.855E-01    0.323E-01    0.323E-01    0.683E-02    0.683E-02    0.000E+00    0.000E+00
     8.294     0.166    0.673E+00    0.383E+00    0.668E+00    0.549E-01    0.848E-01    0.320E-01    0.320E-01    0.675E-02    0.675E-02    0.000E+00    0.000E+00
     8.294     0.167    0.673E+00    0.382E+00    0.662E+00    0.544E-01    0.841E-01    0.317E-01    0.317E-01    0.667E-02    0.667E-02    0.000E+00    0.000E+00
     8.294     0.168    0.673E+00    0.381E+00    0.656E+00    0.540E-01    0.834E-01    0.314E-01    0.314E-01    0.659E-02    0.659E-02    0.000E+00    0.000E+00
     8.294     0.169    0.672E+00    0.380E+00    0.649E+00    0.535E-01    0.826E-01    0.311E-01    0.311E-01    0.651E-02    0.651E-02    0.000E+00    0.000E+00
     8.294     0.170    0.672E+00    0.379E+00    0.643E+00    0.531E-01    0.819E-01    0.309E-01    0.309E-01    0.644E-02    0.644E-02    0.000E+00    0.000E+00
     8.294     0.171    0.672E+00    0.378E+00    0.637E+00    0.527E-01    0.812E-01    0.306E-01    0.306E-01    0.636E-02    0.636E-02    0.000E+00    0.000E+00
     8.294     0.172    0.672E+00    0.377E+00    0.630E+00    0.522E-01    0.805E-01    0.303E-01    0.303E-01    0.628E-02    0.628E-02    0.000E+00    0.000E+00
     8.294     0.173    0.672E+00    0.376E+00    0.624E+00    0.518E-01    0.798E-01    0.300E-01    0.300E-01    0.621E-02    0.621E-02    0.000E+00    0.000E+00
     8.294     0.174    0.672E+00    0.376E+00    0.618E+00    0.514E-01    0.791E-01    0.298E-01    0.298E-01    0.614E-02    0.614E-02    0.000E+00    0.000E+00
     8.294     0.175    0.671E+00    0.375E+00    0.612E+00    0.510E-01    0.784E-01    0.295E-01    0.295E-01    0.607E-02    0.607E-02    0.000E+00    0.000E+00
     8.294     0.176    0.671E+00    0.374E+00    0.607E+00    0.506E-01    0.777E-01    0.292E-01    0.292E-01    0.600E-02    0.600E-02    0.000E+00    0.000E+00
     8.294     0.177    0.671E+00    0.373E+00    0.601E+00    0.502E-01    0.770E-01    0.290E-01    0.290E-01    0.593E-02    0.593E-02    0.000E+00    0.000E+00
     8.294     0.178    0.671E+00    0.372E+00    0.595E+00    0.498E-01    0.763E-01    0.287E-01    0.287E-01    0.586E-02    0.586E-02    0.000E+00    0.000E+00
     8.294     0.179    0.671E+00    0.371E+00    0.589E+00    0.494E-01    0.756E-01    0.285E-01    0.285E-01    0.579E-02    0.579E-02    0.000E+00    0.000E+00
     8.294     0.180    0.670E+00    0.370E+00    0.584E+00    0.490E-01    0.749E-01    0.282E-01    0.282E-01    0.573E-02    0.573E-02    0.000E+00    0.000E+00
     8.294     0.181    0.670E+00    0.369E+00    0.579E+00    0.486E-01    0.743E-01    0.280E-01    0.280E-01    0.566E-02    0.566E-02    0.000E+00    0.000E+00
     8.294     0.182    0.670E+00    0.368E+00    0.573E+00    0.482E-01    0.736E-01    0.277E-01    0.277E-01    0.560E-02    0.560E-02    0.000E+00    0.000E+00
     8.294     0.183    0.670E+00    0.367E+00    0.568E+00    0.478E-01    0.729E-01    0.275E-01    0.275E-01    0.554E-02    0.554E-02    0.000E+00    0.000E+00
     8.294     0.184    0.669E+00    0.366E+00    0.563E+00    0.474E-01    0.722E-01    0.272E-01    0.272E-01    0.548E-02    0.548E-02    0.000E+00    0.000E+00
     8.294     0.185    0.669E+00    0.365E+00    0.557E+00    0.471E-01    0.716E-01    0.270E-01    0.270E-01    0.542E-02    0.542E-02    0.000E+00    0.000E+00
     8.294     0.186    0.669E+00    0.364E+00    0.552E+00    0.467E-01    0.709E-01    0.267E-01    0.267E-01    0.535E-02    0.535E-02    0.000E+00    0.000E+00
     8.294     0.187    0.668E+00    0.363E+00    0.547E+00    0.463E-01    0.703E-01    0.265E-01    0.265E-01    0.529E-02    0.529E-02    0.000E+00    0.000E+00
     8.294     0.188    0.668E+00    0.362E+00    0.542E+00    0.460E-01    0.696E-01    0.263E-01    0.263E-01    0.524E-02    0.524E-02    0.000E+00    0.000E+00
     8.294     0.189    0.668E+00    0.361E+00    0.537E+00    0.456E-01    0.690E-01    0.260E-01    0.260E-01    0.518E-02    0.518E-02    0.000E+00    0.000E+00
     8.294     0.190    0.667E+00    0.360E+00    0.532E+00    0.452E-01    0.683E-01    0.258E-01    0.258E-01    0.512E-02    0.512E-02    0.000E+00    0.000E+00
     8.294     0.191    0.667E+00    0.360E+00    0.527E+00    0.449E-01    0.677E-01    0.256E-01    0.256E-01    0.506E-02    0.506E-02    0.000E+00    0.000E+00
     8.294     0.192    0.666E+00    0.359E+00    0.523E+00    0.445E-01    0.670E-01    0.253E-01    0.253E-01    0.501E-02    0.501E-02    0.000E+00    0.000E+00
     8.294     0.193    0.666E+00    0.358E+00    0.518E+00    0.442E-01    0.664E-01    0.251E-01    0.251E-01    0.495E-02    0.495E-02    0.000E+00    0.000E+00
     8.294     0.194    0.666E+00    0.357E+00    0.513E+00    0.438E-01    0.658E-01    0.249E-01    0.249E-01    0.490E-02    0.490E-02    0.000E+00    0.000E+00
     8.294     0.195    0.665E+00    0.356E+00    0.509E+00    0.435E-01    0.651E-01    0.246E-01    0.246E-01    0.485E-02    0.485E-02    0.000E+00    0.000E+00
     8.294     0.196    0.665E+00    0.355E+00    0.504E+00    0.432E-01    0.645E-01    0.244E-01    0.244E-01    0.479E-02    0.479E-02    0.000E+00    0.000E+00
     8.294     0.197    0.664E+00    0.354E+00    0.500E+00    0.428E-01    0.639E-01    0.242E-01    0.242E-01    0.474E-02    0.474E-02    0.000E+00    0.000E+00
     8.294     0.198    0.664E+00    0.353E+00    0.495E+00    0.425E-01    0.633E-01    0.240E-01    0.240E-01    0.469E-02    0.469E-02    0.000E+00    0.000E+00
     8.294     0.199    0.663E+00    0.352E+00    0.491E+00    0.422E-01    0.627E-01    0.238E-01    0.238E-01    0.464E-02    0.464E-02    0.000E+00    0.000E+00
     8.294     0.200    0.663E+00    0.351E+00    0.487E+00    0.418E-01    0.621E-01    0.235E-01    0.235E-01    0.459E-02    0.459E-02    0.000E+00    0.000E+00
     8.294     0.201    0.662E+00    0.350E+00    0.483E+00    0.415E-01    0.615E-01    0.233E-01    0.233E-01    0.454E-02    0.454E-02    0.000E+00    0.000E+00
     8.294     0.202    0.662E+00    0.349E+00    0.478E+00    0.412E-01    0.609E-01    0.231E-01    0.231E-01    0.450E-02    0.450E-02    0.000E+00    0.000E+00
     8.294     0.203    0.661E+00    0.348E+00    0.474E+00    0.409E-01    0.603E-01    0.229E-01    0.229E-01    0.445E-02    0.445E-02    0.000E+00    0.000E+00
     8.294     0.204    0.661E+00    0.347E+00    0.470E+00    0.406E-01    0.597E-01    0.227E-01    0.227E-01    0.440E-02    0.440E-02    0.000E+00    0.000E+00
     8.294     0.205    0.660E+00    0.346E+00    0.466E+00    0.402E-01    0.591E-01    0.225E-01    0.225E-01    0.435E-02    0.435E-02    0.000E+00    0.000E+00
     8.294     0.206    0.660E+00    0.345E+00    0.462E+00    0.399E-01    0.585E-01    0.223E-01    0.223E-01    0.431E-02    0.431E-02    0.000E+00    0.000E+00
     8.294     0.207    0.659E+00    0.344E+00    0.458E+00    0.396E-01    0.580E-01    0.221E-01    0.221E-01    0.426E-02    0.426E-02    0.000E+00    0.000E+00
     8.294     0.208    0.658E+00    0.343E+00    0.454E+00    0.393E-01    0.574E-01    0.219E-01    0.219E-01    0.422E-02    0.422E-02    0.000E+00    0.000E+00
     8.294     0.209    0.658E+00    0.342E+00    0.450E+00    0.390E-01    0.568E-01    0.217E-01    0.217E-01    0.417E-02    0.417E-02    0.000E+00    0.000E+00
     8.294     0.210    0.657E+00    0.341E+00    0.446E+00    0.387E-01    0.562E-01    0.215E-01    0.215E-01    0.413E-02    0.413E-02    0.000E+00    0.000E+00
     8.294     0.211    0.657E+00    0.340E+00    0.443E+00    0.384E-01    0.557E-01    0.213E-01    0.213E-01    0.408E-02    0.408E-02    0.000E+00    0.000E+00
     8.294     0.212    0.656E+00    0.339E+00    0.439E+00    0.381E-01    0.551E-01    0.211E-01    0.211E-01    0.404E-02    0.404E-02    0.000E+00    0.000E+00
     8.294     0.213    0.655E+00    0.338E+00    0.435E+00    0.378E-01    0.546E-01    0.209E-01    0.209E-01    0.400E-02    0.400E-02    0.000E+00    0.000E+00
     8.294     0.214    0.655E+00    0.337E+00    0.432E+00    0.375E-01    0.540E-01    0.207E-01    0.207E-01    0.396E-02    0.396E-02    0.000E+00    0.000E+00
     8.294     0.215    0.654E+00    0.337E+00    0.428E+00    0.372E-01    0.535E-01    0.205E-01    0.205E-01    0.392E-02    0.392E-02    0.000E+00    0.000E+00
     8.294     0.216    0.653E+00    0.336E+00    0.424E+00    0.369E-01    0.529E-01    0.203E-01    0.203E-01    0.388E-02    0.388E-02    0.000E+00    0.000E+00
     8.294     0.217    0.653E+00    0.335E+00    0.421E+00    0.366E-01    0.524E-01    0.201E-01    0.201E-01    0.384E-02    0.384E-02    0.000E+00    0.000E+00
     8.294     0.218    0.652E+00    0.334E+00    0.417E+00    0.364E-01    0.519E-01    0.199E-01    0.199E-01    0.380E-02    0.380E-02    0.000E+00    0.000E+00
     8.294     0.219    0.651E+00    0.333E+00    0.414E+00    0.361E-01    0.514E-01    0.197E-01    0.197E-01    0.376E-02    0.376E-02    0.000E+00    0.000E+00
     8.294     0.220    0.651E+00    0.332E+00    0.411E+00    0.358E-01    0.508E-01    0.196E-01    0.196E-01    0.372E-02    0.372E-02    0.000E+00    0.000E+00
     8.294     0.221    0.650E+00    0.331E+00    0.407E+00    0.355E-01    0.503E-01    0.194E-01    0.194E-01    0.368E-02    0.368E-02    0.000E+00    0.000E+00
     8.294     0.222    0.649E+00    0.330E+00    0.404E+00    0.352E-01    0.498E-01    0.192E-01    0.192E-01    0.364E-02    0.364E-02    0.000E+00    0.000E+00
     8.294     0.223    0.648E+00    0.329E+00    0.401E+00    0.350E-01    0.493E-01    0.190E-01    0.190E-01    0.360E-02    0.360E-02    0.000E+00    0.000E+00
     8.294     0.224    0.648E+00    0.328E+00    0.397E+00    0.347E-01    0.488E-01    0.188E-01    0.188E-01    0.357E-02    0.357E-02    0.000E+00    0.000E+00
     8.294     0.225    0.647E+00    0.327E+00    0.394E+00    0.344E-01    0.483E-01    0.187E-01    0.187E-01    0.353E-02    0.353E-02    0.000E+00    0.000E+00
     8.294     0.226    0.646E+00    0.326E+00    0.391E+00    0.341E-01    0.478E-01    0.185E-01    0.185E-01    0.349E-02    0.349E-02    0.000E+00    0.000E+00
     8.294     0.227    0.645E+00    0.325E+00    0.388E+00    0.339E-01    0.473E-01    0.183E-01    0.183E-01    0.346E-02    0.346E-02    0.000E+00    0.000E+00
     8.294     0.228    0.644E+00    0.324E+00    0.385E+00    0.336E-01    0.468E-01    0.181E-01    0.181E-01    0.342E-02    0.342E-02    0.000E+00    0.000E+00
     8.294     0.229    0.644E+00    0.323E+00    0.382E+00    0.333E-01    0.463E-01    0.180E-01    0.180E-01    0.339E-02    0.339E-02    0.000E+00    0.000E+00
     8.294     0.230    0.643E+00    0.322E+00    0.379E+00    0.331E-01    0.458E-01    0.178E-01    0.178E-01    0.335E-02    0.335E-02    0.000E+00    0.000E+00
     8.294     0.231    0.642E+00    0.321E+00    0.376E+00    0.328E-01    0.453E-01    0.176E-01    0.176E-01    0.332E-02    0.332E-02    0.000E+00    0.000E+00
     8.294     0.232    0.641E+00    0.320E+00    0.373E+00    0.325E-01    0.449E-01    0.175E-01    0.175E-01    0.329E-02    0.329E-02    0.000E+00    0.000E+00
     8.294     0.233    0.640E+00    0.319E+00    0.370E+00    0.323E-01    0.444E-01    0.173E-01    0.173E-01    0.325E-02    0.325E-02    0.000E+00    0.000E+00
     8.294     0.234    0.639E+00    0.318E+00    0.367E+00    0.320E-01    0.439E-01    0.171E-01    0.171E-01    0.322E-02    0.322E-02    0.000E+00    0.000E+00
     8.294     0.235    0.639E+00    0.317E+00    0.364E+00    0.318E-01    0.434E-01    0.170E-01    0.170E-01    0.319E-02    0.319E-02    0.000E+00    0.000E+00
     8.294     0.236    0.638E+00    0.316E+00    0.361E+00    0.315E-01    0.430E-01    0.168E-01    0.168E-01    0.316E-02    0.316E-02    0.000E+00    0.000E+00
     8.294     0.237    0.637E+00    0.315E+00    0.358E+00    0.313E-01    0.425E-01    0.166E-01    0.166E-01    0.313E-02    0.313E-02    0.000E+00    0.000E+00
     8.294     0.238    0.636E+00    0.314E+00    0.355E+00    0.310E-01    0.421E-01    0.165E-01    0.165E-01    0.309E-02    0.309E-02    0.000E+00    0.000E+00
     8.294     0.239    0.635E+00    0.313E+00    0.353E+00    0.308E-01    0.416E-01    0.163E-01    0.163E-01    0.306E-02    0.306E-02    0.000E+00    0.000E+00
     8.294     0.240    0.634E+00    0.312E+00    0.350E+00    0.305E-01    0.412E-01    0.162E-01    0.162E-01    0.303E-02    0.303E-02    0.000E+00    0.000E+00
     8.294     0.241    0.633E+00    0.311E+00    0.347E+00    0.303E-01    0.407E-01    0.160E-01    0.160E-01    0.300E-02    0.300E-02    0.000E+00    0.000E+00
     8.294     0.242    0.632E+00    0.310E+00    0.345E+00    0.300E-01    0.403E-01    0.159E-01    0.159E-01    0.297E-02    0.297E-02    0.000E+00    0.000E+00
     8.294     0.243    0.631E+00    0.309E+00    0.342E+00    0.298E-01    0.399E-01    0.157E-01    0.157E-01    0.294E-02    0.294E-02    0.000E+00    0.000E+00
     8.294     0.244    0.630E+00    0.308E+00    0.339E+00    0.295E-01    0.394E-01    0.155E-01    0.155E-01    0.291E-02    0.291E-02    0.000E+00    0.000E+00
     8.294     0.245    0.629E+00    0.307E+00    0.337E+00    0.293E-01    0.390E-01    0.154E-01    0.154E-01    0.288E-02    0.288E-02    0.000E+00    0.000E+00
     8.294     0.246    0.628E+00    0.306E+00    0.334E+00    0.291E-01    0.386E-01    0.152E-01    0.152E-01    0.285E-02    0.285E-02    0.000E+00    0.000E+00
     8.294     0.247    0.627E+00    0.305E+00    0.332E+00    0.288E-01    0.382E-01    0.151E-01    0.151E-01    0.283E-02    0.283E-02    0.000E+00    0.000E+00
     8.294     0.248    0.626E+00    0.304E+00    0.329E+00    0.286E-01    0.378E-01    0.150E-01    0.150E-01    0.280E-02    0.280E-02    0.000E+00    0.000E+00
     8.294     0.249    0.625E+00    0.303E+00    0.327E+00    0.284E-01    0.374E-01    0.148E-01    0.148E-01    0.277E-02    0.277E-02    0.000E+00    0.000E+00
     8.294     0.250    0.624E+00    0.302E+00    0.324E+00    0.281E-01    0.369E-01    0.147E-01    0.147E-01    0.274E-02    0.274E-02    0.000E+00    0.000E+00
     8.294     0.251    0.623E+00    0.301E+00    0.322E+00    0.279E-01    0.365E-01    0.145E-01    0.145E-01    0.272E-02    0.272E-02    0.000E+00    0.000E+00
     8.294     0.252    0.622E+00    0.300E+00    0.319E+00    0.277E-01    0.361E-01    0.144E-01    0.144E-01    0.269E-02    0.269E-02    0.000E+00    0.000E+00
     8.294     0.253    0.621E+00    0.299E+00    0.317E+00    0.274E-01    0.358E-01    0.142E-01    0.142E-01    0.266E-02    0.266E-02    0.000E+00    0.000E+00
     8.294     0.254    0.620E+00    0.298E+00    0.315E+00    0.272E-01    0.354E-01    0.141E-01    0.141E-01    0.264E-02    0.264E-02    0.000E+00    0.000E+00
     8.294     0.255    0.619E+00    0.297E+00    0.312E+00    0.270E-01    0.350E-01    0.140E-01    0.140E-01    0.261E-02    0.261E-02    0.000E+00    0.000E+00
     8.294     0.256    0.618E+00    0.296E+00    0.310E+00    0.268E-01    0.346E-01    0.138E-01    0.138E-01    0.258E-02    0.258E-02    0.000E+00    0.000E+00
     8.294     0.257    0.617E+00    0.295E+00    0.308E+00    0.265E-01    0.342E-01    0.137E-01    0.137E-01    0.256E-02    0.256E-02    0.000E+00    0.000E+00
     8.294     0.258    0.616E+00    0.294E+00    0.305E+00    0.263E-01    0.338E-01    0.135E-01    0.135E-01    0.253E-02    0.253E-02    0.000E+00    0.000E+00
     8.294     0.259    0.615E+00    0.293E+00    0.303E+00    0.261E-01    0.335E-01    0.134E-01    0.134E-01    0.251E-02    0.251E-02    0.000E+00    0.000E+00
     8.294     0.260    0.614E+00    0.292E+00    0.301E+00    0.259E-01    0.331E-01    0.133E-01    0.133E-01    0.248E-02    0.248E-02    0.000E+00    0.000E+00
     8.294     0.261    0.613E+00    0.291E+00    0.299E+00    0.257E-01    0.327E-01    0.131E-01    0.131E-01    0.246E-02    0.246E-02    0.000E+00    0.000E+00
     8.294     0.262    0.612E+00    0.290E+00    0.296E+00    0.254E-01    0.324E-01    0.130E-01    0.130E-01    0.243E-02    0.243E-02    0.000E+00    0.000E+00
     8.294     0.263    0.611E+00    0.289E+00    0.294E+00    0.252E-01    0.320E-01    0.129E-01    0.129E-01    0.241E-02    0.241E-02    0.000E+00    0.000E+00
     8.294     0.264    0.609E+00    0.288E+00    0.292E+00    0.250E-01    0.316E-01    0.128E-01    0.128E-01    0.239E-02    0.239E-02    0.000E+00    0.000E+00
     8.294     0.265    0.608E+00    0.287E+00    0.290E+00    0.248E-01    0.313E-01    0.126E-01    0.126E-01    0.236E-02    0.236E-02    0.000E+00    0.000E+00
     8.294     0.266    0.607E+00    0.286E+00    0.288E+00    0.246E-01    0.309E-01    0.125E-01    0.125E-01    0.234E-02    0.234E-02    0.000E+00    0.000E+00
     8.294     0.267    0.606E+00    0.285E+00    0.286E+00    0.244E-01    0.306E-01    0.124E-01    0.124E-01    0.232E-02    0.232E-02    0.000E+00    0.000E+00
     8.294     0.268    0.605E+00    0.284E+00    0.284E+00    0.242E-01    0.302E-01    0.123E-01    0.123E-01    0.229E-02    0.229E-02    0.000E+00    0.000E+00
     8.294     0.269    0.604E+00    0.283E+00    0.282E+00    0.239E-01    0.299E-01    0.121E-01    0.121E-01    0.227E-02    0.227E-02    0.000E+00    0.000E+00
     8.294     0.270    0.603E+00    0.282E+00    0.280E+00    0.237E-01    0.296E-01    0.120E-01    0.120E-01    0.225E-02    0.225E-02    0.000E+00    0.000E+00
     8.294     0.271    0.601E+00    0.281E+00    0.278E+00    0.235E-01    0.292E-01    0.119E-01    0.119E-01    0.223E-02    0.223E-02    0.000E+00    0.000E+00
     8.294     0.272    0.600E+00    0.280E+00    0.276E+00    0.233E-01    0.289E-01    0.118E-01    0.118E-01    0.220E-02    0.220E-02    0.000E+00    0.000E+00
     8.294     0.273    0.599E+00    0.279E+00    0.274E+00    0.231E-01    0.286E-01    0.116E-01    0.116E-01    0.218E-02    0.218E-02    0.000E+00    0.000E+00
     8.294     0.274    0.598E+00    0.278E+00    0.272E+00    0.229E-01    0.283E-01    0.115E-01    0.115E-01    0.216E-02    0.216E-02    0.000E+00    0.000E+00
     8.294     0.275    0.597E+00    0.277E+00    0.270E+00    0.227E-01    0.279E-01    0.114E-01    0.114E-01    0.214E-02    0.214E-02    0.000E+00    0.000E+00
     8.294     0.276    0.595E+00    0.276E+00    0.268E+00    0.225E-01    0.276E-01    0.113E-01    0.113E-01    0.212E-02    0.212E-02    0.000E+00    0.000E+00
     8.294     0.277    0.594E+00    0.275E+00    0.266E+00    0.223E-01    0.273E-01    0.112E-01    0.112E-01    0.210E-02    0.210E-02    0.000E+00    0.000E+00
     8.294     0.278    0.593E+00    0.274E+00    0.264E+00    0.221E-01    0.270E-01    0.111E-01    0.111E-01    0.208E-02    0.208E-02    0.000E+00    0.000E+00
     8.294     0.279    0.592E+00    0.273E+00    0.262E+00    0.219E-01    0.267E-01    0.110E-01    0.110E-01    0.205E-02    0.205E-02    0.000E+00    0.000E+00
     8.294     0.280    0.590E+00    0.272E+00    0.260E+00    0.217E-01    0.264E-01    0.108E-01    0.108E-01    0.203E-02    0.203E-02    0.000E+00    0.000E+00
     8.294     0.281    0.589E+00    0.271E+00    0.258E+00    0.215E-01    0.261E-01    0.107E-01    0.107E-01    0.201E-02    0.201E-02    0.000E+00    0.000E+00
     8.294     0.282    0.588E+00    0.270E+00    0.256E+00    0.213E-01    0.258E-01    0.106E-01    0.106E-01    0.199E-02    0.199E-02    0.000E+00    0.000E+00
     8.294     0.283    0.587E+00    0.269E+00    0.255E+00    0.211E-01    0.255E-01    0.105E-01    0.105E-01    0.197E-02    0.197E-02    0.000E+00    0.000E+00
     8.294     0.284    0.585E+00    0.268E+00    0.253E+00    0.210E-01    0.252E-01    0.104E-01    0.104E-01    0.195E-02    0.195E-02    0.000E+00    0.000E+00
     8.294     0.285    0.584E+00    0.267E+00    0.251E+00    0.208E-01    0.249E-01    0.103E-01    0.103E-01    0.193E-02    0.193E-02    0.000E+00    0.000E+00
     8.294     0.286    0.583E+00    0.266E+00    0.249E+00    0.206E-01    0.246E-01    0.102E-01    0.102E-01    0.192E-02    0.192E-02    0.000E+00    0.000E+00
     8.294     0.287    0.582E+00    0.265E+00    0.248E+00    0.204E-01    0.243E-01    0.101E-01    0.101E-01    0.190E-02    0.190E-02    0.000E+00    0.000E+00
     8.294     0.288    0.580E+00    0.264E+00    0.246E+00    0.202E-01    0.241E-01    0.998E-02    0.998E-02    0.188E-02    0.188E-02    0.000E+00    0.000E+00
     8.294     0.289    0.579E+00    0.263E+00    0.244E+00    0.200E-01    0.238E-01    0.987E-02    0.987E-02    0.186E-02    0.186E-02    0.000E+00    0.000E+00
     8.294     0.290    0.578E+00    0.262E+00    0.242E+00    0.198E-01    0.235E-01    0.977E-02    0.977E-02    0.184E-02    0.184E-02    0.000E+00    0.000E+00
     8.294     0.291    0.576E+00    0.261E+00    0.241E+00    0.196E-01    0.232E-01    0.967E-02    0.967E-02    0.182E-02    0.182E-02    0.000E+00    0.000E+00
     8.294     0.292    0.575E+00    0.260E+00    0.239E+00    0.195E-01    0.230E-01    0.957E-02    0.957E-02    0.180E-02    0.180E-02    0.000E+00    0.000E+00
     8.294     0.293    0.574E+00    0.259E+00    0.237E+00    0.193E-01    0.227E-01    0.947E-02    0.947E-02    0.179E-02    0.179E-02    0.000E+00    0.000E+00
     8.294     0.294    0.572E+00    0.258E+00    0.236E+00    0.191E-01    0.224E-01    0.937E-02    0.937E-02    0.177E-02    0.177E-02    0.000E+00    0.000E+00
     8.294     0.295    0.571E+00    0.257E+00    0.234E+00    0.189E-01    0.222E-01    0.927E-02    0.927E-02    0.175E-02    0.175E-02    0.000E+00    0.000E+00
     8.294     0.296    0.570E+00    0.256E+00    0.232E+00    0.187E-01    0.219E-01    0.917E-02    0.917E-02    0.173E-02    0.173E-02    0.000E+00    0.000E+00
     8.294     0.297    0.568E+00    0.255E+00    0.231E+00    0.186E-01    0.217E-01    0.907E-02    0.907E-02    0.171E-02    0.171E-02    0.000E+00    0.000E+00
     8.294     0.298    0.567E+00    0.254E+00    0.229E+00    0.184E-01    0.214E-01    0.898E-02    0.898E-02    0.170E-02    0.170E-02    0.000E+00    0.000E+00
     8.294     0.299    0.566E+00    0.253E+00    0.227E+00    0.182E-01    0.212E-01    0.888E-02    0.888E-02    0.168E-02    0.168E-02    0.000E+00    0.000E+00
     8.294     0.300    0.564E+00    0.252E+00    0.226E+00    0.180E-01    0.209E-01    0.879E-02    0.879E-02    0.166E-02    0.166E-02    0.000E+00    0.000E+00
     8.294     0.301    0.563E+00    0.251E+00    0.224E+00    0.179E-01    0.207E-01    0.869E-02    0.869E-02    0.165E-02    0.165E-02    0.000E+00    0.000E+00
     8.294     0.302    0.562E+00    0.250E+00    0.223E+00    0.177E-01    0.204E-01    0.860E-02    0.860E-02    0.163E-02    0.163E-02    0.000E+00    0.000E+00
     8.294     0.303    0.560E+00    0.249E+00    0.221E+00    0.175E-01    0.202E-01    0.851E-02    0.851E-02    0.161E-02    0.161E-02    0.000E+00    0.000E+00
     8.294     0.304    0.559E+00    0.248E+00    0.220E+00    0.174E-01    0.199E-01    0.842E-02    0.842E-02    0.160E-02    0.160E-02    0.000E+00    0.000E+00
     8.294     0.305    0.558E+00    0.247E+00    0.218E+00    0.172E-01    0.197E-01    0.833E-02    0.833E-02    0.158E-02    0.158E-02    0.000E+00    0.000E+00
     8.294     0.306    0.556E+00    0.246E+00    0.217E+00    0.170E-01    0.195E-01    0.824E-02    0.824E-02    0.156E-02    0.156E-02    0.000E+00    0.000E+00
     8.294     0.307    0.555E+00    0.245E+00    0.215E+00    0.169E-01    0.192E-01    0.815E-02    0.815E-02    0.155E-02    0.155E-02    0.000E+00    0.000E+00
     8.294     0.308    0.553E+00    0.244E+00    0.214E+00    0.167E-01    0.190E-01    0.806E-02    0.806E-02    0.153E-02    0.153E-02    0.000E+00    0.000E+00
     8.294     0.309    0.552E+00    0.243E+00    0.212E+00    0.165E-01    0.188E-01    0.798E-02    0.798E-02    0.152E-02    0.152E-02    0.000E+00    0.000E+00
     8.294     0.310    0.551E+00    0.242E+00    0.211E+00    0.164E-01    0.186E-01    0.789E-02    0.789E-02    0.150E-02    0.150E-02    0.000E+00    0.000E+00
     8.294     0.311    0.549E+00    0.241E+00    0.209E+00    0.162E-01    0.184E-01    0.780E-02    0.780E-02    0.149E-02    0.149E-02    0.000E+00    0.000E+00
     8.294     0.312    0.548E+00    0.240E+00    0.208E+00    0.160E-01    0.181E-01    0.772E-02    0.772E-02    0.147E-02    0.147E-02    0.000E+00    0.000E+00
     8.294     0.313    0.546E+00    0.239E+00    0.206E+00    0.159E-01    0.179E-01    0.764E-02    0.764E-02    0.146E-02    0.146E-02    0.000E+00    0.000E+00
     8.294     0.314    0.545E+00    0.238E+00    0.205E+00    0.157E-01    0.177E-01    0.755E-02    0.755E-02    0.144E-02    0.144E-02    0.000E+00    0.000E+00
     8.294     0.315    0.544E+00    0.237E+00    0.203E+00    0.156E-01    0.175E-01    0.747E-02    0.747E-02    0.143E-02    0.143E-02    0.000E+00    0.000E+00
     8.294     0.316    0.542E+00    0.236E+00    0.202E+00    0.154E-01    0.173E-01    0.739E-02    0.739E-02    0.141E-02    0.141E-02    0.000E+00    0.000E+00
     8.294     0.317    0.541E+00    0.235E+00    0.201E+00    0.153E-01    0.171E-01    0.731E-02    0.731E-02    0.140E-02    0.140E-02    0.000E+00    0.000E+00
     8.294     0.318    0.539E+00    0.234E+00    0.199E+00    0.151E-01    0.169E-01    0.723E-02    0.723E-02    0.138E-02    0.138E-02    0.000E+00    0.000E+00
     8.294     0.319    0.538E+00    0.233E+00    0.198E+00    0.149E-01    0.167E-01    0.715E-02    0.715E-02    0.137E-02    0.137E-02    0.000E+00    0.000E+00
     8.294     0.320    0.536E+00    0.232E+00    0.196E+00    0.148E-01    0.165E-01    0.707E-02    0.707E-02    0.135E-02    0.135E-02    0.000E+00    0.000E+00
     8.294     0.321    0.535E+00    0.231E+00    0.195E+00    0.146E-01    0.163E-01    0.699E-02    0.699E-02    0.134E-02    0.134E-02    0.000E+00    0.000E+00
     8.294     0.322    0.533E+00    0.230E+00    0.194E+00    0.145E-01    0.161E-01    0.691E-02    0.691E-02    0.133E-02    0.133E-02    0.000E+00    0.000E+00
     8.294     0.323    0.532E+00    0.229E+00    0.192E+00    0.143E-01    0.159E-01    0.684E-02    0.684E-02    0.131E-02    0.131E-02    0.000E+00    0.000E+00
     8.294     0.324    0.530E+00    0.228E+00    0.191E+00    0.142E-01    0.157E-01    0.676E-02    0.676E-02    0.130E-02    0.130E-02    0.000E+00    0.000E+00
     8.294     0.325    0.529E+00    0.227E+00    0.190E+00    0.141E-01    0.155E-01    0.669E-02    0.669E-02    0.128E-02    0.128E-02    0.000E+00    0.000E+00
     8.294     0.326    0.528E+00    0.226E+00    0.188E+00    0.139E-01    0.153E-01    0.661E-02    0.661E-02    0.127E-02    0.127E-02    0.000E+00    0.000E+00
     8.294     0.327    0.526E+00    0.224E+00    0.187E+00    0.138E-01    0.151E-01    0.654E-02    0.654E-02    0.126E-02    0.126E-02    0.000E+00    0.000E+00
     8.294     0.328    0.525E+00    0.223E+00    0.186E+00    0.136E-01    0.150E-01    0.646E-02    0.646E-02    0.125E-02    0.125E-02    0.000E+00    0.000E+00
     8.294     0.329    0.523E+00    0.222E+00    0.185E+00    0.135E-01    0.148E-01    0.639E-02    0.639E-02    0.123E-02    0.123E-02    0.000E+00    0.000E+00
     8.294     0.330    0.522E+00    0.221E+00    0.183E+00    0.133E-01    0.146E-01    0.632E-02    0.632E-02    0.122E-02    0.122E-02    0.000E+00    0.000E+00
     8.294     0.331    0.520E+00    0.220E+00    0.182E+00    0.132E-01    0.144E-01    0.625E-02    0.625E-02    0.121E-02    0.121E-02    0.000E+00    0.000E+00
     8.294     0.332    0.519E+00    0.219E+00    0.181E+00    0.131E-01    0.143E-01    0.618E-02    0.618E-02    0.119E-02    0.119E-02    0.000E+00    0.000E+00
     8.294     0.333    0.517E+00    0.218E+00    0.179E+00    0.129E-01    0.141E-01    0.611E-02    0.611E-02    0.118E-02    0.118E-02    0.000E+00    0.000E+00
     8.294     0.334    0.516E+00    0.217E+00    0.178E+00    0.128E-01    0.139E-01    0.604E-02    0.604E-02    0.117E-02    0.117E-02    0.000E+00    0.000E+00
     8.294     0.335    0.514E+00    0.216E+00    0.177E+00    0.126E-01    0.137E-01    0.597E-02    0.597E-02    0.116E-02    0.116E-02    0.000E+00    0.000E+00
     8.294     0.336    0.513E+00    0.215E+00    0.176E+00    0.125E-01    0.136E-01    0.590E-02    0.590E-02    0.114E-02    0.114E-02    0.000E+00    0.000E+00
     8.294     0.337    0.511E+00    0.214E+00    0.174E+00    0.124E-01    0.134E-01    0.584E-02    0.584E-02    0.113E-02    0.113E-02    0.000E+00    0.000E+00
     8.294     0.338    0.510E+00    0.213E+00    0.173E+00    0.122E-01    0.132E-01    0.577E-02    0.577E-02    0.112E-02    0.112E-02    0.000E+00    0.000E+00
     8.294     0.339    0.508E+00    0.212E+00    0.172E+00    0.121E-01    0.131E-01    0.570E-02    0.570E-02    0.111E-02    0.111E-02    0.000E+00    0.000E+00
     8.294     0.340    0.507E+00    0.211E+00    0.171E+00    0.120E-01    0.129E-01    0.564E-02    0.564E-02    0.110E-02    0.110E-02    0.000E+00    0.000E+00
     8.294     0.341    0.505E+00    0.210E+00    0.170E+00    0.119E-01    0.128E-01    0.557E-02    0.557E-02    0.108E-02    0.108E-02    0.000E+00    0.000E+00
     8.294     0.342    0.504E+00    0.209E+00    0.168E+00    0.117E-01    0.126E-01    0.551E-02    0.551E-02    0.107E-02    0.107E-02    0.000E+00    0.000E+00
     8.294     0.343    0.502E+00    0.208E+00    0.167E+00    0.116E-01    0.125E-01    0.545E-02    0.545E-02    0.106E-02    0.106E-02    0.000E+00    0.000E+00
     8.294     0.344    0.501E+00    0.207E+00    0.166E+00    0.115E-01    0.123E-01    0.538E-02    0.538E-02    0.105E-02    0.105E-02    0.000E+00    0.000E+00
     8.294     0.345    0.499E+00    0.206E+00    0.165E+00    0.113E-01    0.122E-01    0.532E-02    0.532E-02    0.104E-02    0.104E-02    0.000E+00    0.000E+00
     8.294     0.346    0.497E+00    0.205E+00    0.164E+00    0.112E-01    0.120E-01    0.526E-02    0.526E-02    0.103E-02    0.103E-02    0.000E+00    0.000E+00
     8.294     0.347    0.496E+00    0.204E+00    0.163E+00    0.111E-01    0.119E-01    0.520E-02    0.520E-02    0.102E-02    0.102E-02    0.000E+00    0.000E+00
     8.294     0.348    0.494E+00    0.203E+00    0.161E+00    0.110E-01    0.117E-01    0.514E-02    0.514E-02    0.100E-02    0.100E-02    0.000E+00    0.000E+00
     8.294     0.349    0.493E+00    0.202E+00    0.160E+00    0.108E-01    0.116E-01    0.508E-02    0.508E-02    0.994E-03    0.994E-03    0.000E+00    0.000E+00
     8.294     0.350    0.491E+00    0.201E+00    0.159E+00    0.107E-01    0.114E-01    0.502E-02    0.502E-02    0.983E-03    0.983E-03    0.000E+00    0.000E+00
     8.294     0.351    0.490E+00    0.200E+00    0.158E+00    0.106E-01    0.113E-01    0.496E-02    0.496E-02    0.972E-03    0.972E-03    0.000E+00    0.000E+00
     8.294     0.352    0.488E+00    0.199E+00    0.157E+00    0.105E-01    0.111E-01    0.490E-02    0.490E-02    0.962E-03    0.962E-03    0.000E+00    0.000E+00
     8.294     0.353    0.487E+00    0.198E+00    0.156E+00    0.104E-01    0.110E-01    0.485E-02    0.485E-02    0.951E-03    0.951E-03    0.000E+00    0.000E+00
     8.294     0.354    0.485E+00    0.197E+00    0.155E+00    0.103E-01    0.109E-01    0.479E-02    0.479E-02    0.941E-03    0.941E-03    0.000E+00    0.000E+00
     8.294     0.355    0.484E+00    0.196E+00    0.154E+00    0.101E-01    0.107E-01    0.473E-02    0.473E-02    0.930E-03    0.930E-03    0.000E+00    0.000E+00
     8.294     0.356    0.482E+00    0.195E+00    0.152E+00    0.100E-01    0.106E-01    0.468E-02    0.468E-02    0.920E-03    0.920E-03    0.000E+00    0.000E+00
     8.294     0.357    0.480E+00    0.194E+00    0.151E+00    0.991E-02    0.105E-01    0.462E-02    0.462E-02    0.910E-03    0.910E-03    0.000E+00    0.000E+00
     8.294     0.358    0.479E+00    0.193E+00    0.150E+00    0.980E-02    0.103E-01    0.457E-02    0.457E-02    0.900E-03    0.900E-03    0.000E+00    0.000E+00
     8.294     0.359    0.477E+00    0.192E+00    0.149E+00    0.968E-02    0.102E-01    0.451E-02    0.451E-02    0.890E-03    0.890E-03    0.000E+00    0.000E+00
     8.294     0.360    0.476E+00    0.191E+00    0.148E+00    0.957E-02    0.101E-01    0.446E-02    0.446E-02    0.880E-03    0.880E-03    0.000E+00    0.000E+00
     8.294     0.361    0.474E+00    0.190E+00    0.147E+00    0.946E-02    0.995E-02    0.441E-02    0.441E-02    0.870E-03    0.870E-03    0.000E+00    0.000E+00
     8.294     0.362    0.473E+00    0.189E+00    0.146E+00    0.935E-02    0.983E-02    0.435E-02    0.435E-02    0.860E-03    0.860E-03    0.000E+00    0.000E+00
     8.294     0.363    0.471E+00    0.188E+00    0.145E+00    0.925E-02    0.971E-02    0.430E-02    0.430E-02    0.851E-03    0.851E-03    0.000E+00    0.000E+00
     8.294     0.364    0.469E+00    0.187E+00    0.144E+00    0.914E-02    0.958E-02    0.425E-02    0.425E-02    0.841E-03    0.841E-03    0.000E+00    0.000E+00
     8.294     0.365    0.468E+00    0.186E+00    0.143E+00    0.903E-02    0.946E-02    0.420E-02    0.420E-02    0.832E-03    0.832E-03    0.000E+00    0.000E+00
     8.294     0.366    0.466E+00    0.185E+00    0.142E+00    0.893E-02    0.934E-02    0.415E-02    0.415E-02    0.822E-03    0.822E-03    0.000E+00    0.000E+00
     8.294     0.367    0.465E+00    0.184E+00    0.141E+00    0.882E-02    0.923E-02    0.410E-02    0.410E-02    0.813E-03    0.813E-03    0.000E+00    0.000E+00
     8.294     0.368    0.463E+00    0.183E+00    0.140E+00    0.872E-02    0.911E-02    0.405E-02    0.405E-02    0.804E-03    0.804E-03    0.000E+00    0.000E+00
     8.294     0.369    0.462E+00    0.182E+00    0.139E+00    0.862E-02    0.899E-02    0.400E-02    0.400E-02    0.795E-03    0.795E-03    0.000E+00    0.000E+00
     8.294     0.370    0.460E+00    0.181E+00    0.138E+00    0.852E-02    0.888E-02    0.395E-02    0.395E-02    0.786E-03    0.786E-03    0.000E+00    0.000E+00
     8.294     0.371    0.458E+00    0.180E+00    0.137E+00    0.842E-02    0.877E-02    0.390E-02    0.390E-02    0.777E-03    0.777E-03    0.000E+00    0.000E+00
     8.294     0.372    0.457E+00    0.179E+00    0.136E+00    0.832E-02    0.866E-02    0.386E-02    0.386E-02    0.768E-03    0.768E-03    0.000E+00    0.000E+00
     8.294     0.373    0.455E+00    0.178E+00    0.135E+00    0.822E-02    0.855E-02    0.381E-02    0.381E-02    0.759E-03    0.759E-03    0.000E+00    0.000E+00
     8.294     0.374    0.454E+00    0.177E+00    0.134E+00    0.812E-02    0.844E-02    0.376E-02    0.376E-02    0.750E-03    0.750E-03    0.000E+00    0.000E+00
     8.294     0.375    0.452E+00    0.176E+00    0.133E+00    0.802E-02    0.833E-02    0.372E-02    0.372E-02    0.742E-03    0.742E-03    0.000E+00    0.000E+00
     8.294     0.376    0.451E+00    0.175E+00    0.132E+00    0.793E-02    0.822E-02    0.367E-02    0.367E-02    0.733E-03    0.733E-03    0.000E+00    0.000E+00
     8.294     0.377    0.449E+00    0.174E+00    0.131E+00    0.783E-02    0.812E-02    0.362E-02    0.362E-02    0.725E-03    0.725E-03    0.000E+00    0.000E+00
     8.294     0.378    0.447E+00    0.173E+00    0.130E+00    0.774E-02    0.801E-02    0.358E-02    0.358E-02    0.716E-03    0.716E-03    0.000E+00    0.000E+00
     8.294     0.379    0.446E+00    0.172E+00    0.129E+00    0.764E-02    0.791E-02    0.354E-02    0.354E-02    0.708E-03    0.708E-03    0.000E+00    0.000E+00
     8.294     0.380    0.444E+00    0.171E+00    0.128E+00    0.755E-02    0.781E-02    0.349E-02    0.349E-02    0.700E-03    0.700E-03    0.000E+00    0.000E+00
     8.294     0.381    0.443E+00    0.170E+00    0.127E+00    0.746E-02    0.771E-02    0.345E-02    0.345E-02    0.692E-03    0.692E-03    0.000E+00    0.000E+00
     8.294     0.382    0.441E+00    0.169E+00    0.126E+00    0.737E-02    0.761E-02    0.341E-02    0.341E-02    0.684E-03    0.684E-03    0.000E+00    0.000E+00
     8.294     0.383    0.439E+00    0.168E+00    0.125E+00    0.728E-02    0.751E-02    0.336E-02    0.336E-02    0.676E-03    0.676E-03    0.000E+00    0.000E+00
     8.294     0.384    0.438E+00    0.168E+00    0.124E+00    0.719E-02    0.741E-02    0.332E-02    0.332E-02    0.668E-03    0.668E-03    0.000E+00    0.000E+00
     8.294     0.385    0.436E+00    0.167E+00    0.123E+00    0.710E-02    0.732E-02    0.328E-02    0.328E-02    0.660E-03    0.660E-03    0.000E+00    0.000E+00
     8.294     0.386    0.435E+00    0.166E+00    0.122E+00    0.701E-02    0.722E-02    0.324E-02    0.324E-02    0.652E-03    0.652E-03    0.000E+00    0.000E+00
     8.294     0.387    0.433E+00    0.165E+00    0.121E+00    0.693E-02    0.713E-02    0.320E-02    0.320E-02    0.644E-03    0.644E-03    0.000E+00    0.000E+00
     8.294     0.388    0.432E+00    0.164E+00    0.120E+00    0.684E-02    0.704E-02    0.316E-02    0.316E-02    0.637E-03    0.637E-03    0.000E+00    0.000E+00
     8.294     0.389    0.430E+00    0.163E+00    0.120E+00    0.676E-02    0.695E-02    0.312E-02    0.312E-02    0.629E-03    0.629E-03    0.000E+00    0.000E+00
     8.294     0.390    0.428E+00    0.162E+00    0.119E+00    0.667E-02    0.686E-02    0.308E-02    0.308E-02    0.622E-03    0.622E-03    0.000E+00    0.000E+00
     8.294     0.391    0.427E+00    0.161E+00    0.118E+00    0.659E-02    0.677E-02    0.304E-02    0.304E-02    0.614E-03    0.614E-03    0.000E+00    0.000E+00
     8.294     0.392    0.425E+00    0.160E+00    0.117E+00    0.651E-02    0.668E-02    0.300E-02    0.300E-02    0.607E-03    0.607E-03    0.000E+00    0.000E+00
     8.294     0.393    0.424E+00    0.159E+00    0.116E+00    0.643E-02    0.659E-02    0.296E-02    0.296E-02    0.600E-03    0.600E-03    0.000E+00    0.000E+00
     8.294     0.394    0.422E+00    0.158E+00    0.115E+00    0.635E-02    0.650E-02    0.293E-02    0.293E-02    0.593E-03    0.593E-03    0.000E+00    0.000E+00
     8.294     0.395    0.420E+00    0.157E+00    0.114E+00    0.627E-02    0.642E-02    0.289E-02    0.289E-02    0.585E-03    0.585E-03    0.000E+00    0.000E+00
     8.294     0.396    0.419E+00    0.156E+00    0.113E+00    0.619E-02    0.633E-02    0.285E-02    0.285E-02    0.578E-03    0.578E-03    0.000E+00    0.000E+00
     8.294     0.397    0.417E+00    0.155E+00    0.112E+00    0.611E-02    0.625E-02    0.281E-02    0.281E-02    0.571E-03    0.571E-03    0.000E+00    0.000E+00
     8.294     0.398    0.416E+00    0.154E+00    0.112E+00    0.603E-02    0.617E-02    0.278E-02    0.278E-02    0.564E-03    0.564E-03    0.000E+00    0.000E+00
     8.294     0.399    0.414E+00    0.153E+00    0.111E+00    0.595E-02    0.609E-02    0.274E-02    0.274E-02    0.558E-03    0.558E-03    0.000E+00    0.000E+00
     8.294     0.400    0.412E+00    0.152E+00    0.110E+00    0.588E-02    0.601E-02    0.271E-02    0.271E-02    0.551E-03    0.551E-03    0.000E+00    0.000E+00
     8.294     0.401    0.411E+00    0.151E+00    0.109E+00    0.580E-02    0.593E-02    0.267E-02    0.267E-02    0.544E-03    0.544E-03    0.000E+00    0.000E+00
     8.294     0.402    0.409E+00    0.150E+00    0.108E+00    0.573E-02    0.585E-02    0.264E-02    0.264E-02    0.537E-03    0.537E-03    0.000E+00    0.000E+00
     8.294     0.403    0.408E+00    0.150E+00    0.107E+00    0.566E-02    0.577E-02    0.260E-02    0.260E-02    0.531E-03    0.531E-03    0.000E+00    0.000E+00
     8.294     0.404    0.406E+00    0.149E+00    0.106E+00    0.558E-02    0.569E-02    0.257E-02    0.257E-02    0.524E-03    0.524E-03    0.000E+00    0.000E+00
     8.294     0.405    0.404E+00    0.148E+00    0.106E+00    0.551E-02    0.562E-02    0.254E-02    0.254E-02    0.518E-03    0.518E-03    0.000E+00    0.000E+00
     8.294     0.406    0.403E+00    0.147E+00    0.105E+00    0.544E-02    0.554E-02    0.250E-02    0.250E-02    0.512E-03    0.512E-03    0.000E+00    0.000E+00
     8.294     0.407    0.401E+00    0.146E+00    0.104E+00    0.537E-02    0.547E-02    0.247E-02    0.247E-02    0.505E-03    0.505E-03    0.000E+00    0.000E+00
     8.294     0.408    0.400E+00    0.145E+00    0.103E+00    0.530E-02    0.539E-02    0.244E-02    0.244E-02    0.499E-03    0.499E-03    0.000E+00    0.000E+00
     8.294     0.409    0.398E+00    0.144E+00    0.102E+00    0.523E-02    0.532E-02    0.241E-02    0.241E-02    0.493E-03    0.493E-03    0.000E+00    0.000E+00
     8.294     0.410    0.396E+00    0.143E+00    0.102E+00    0.516E-02    0.525E-02    0.237E-02    0.237E-02    0.487E-03    0.487E-03    0.000E+00    0.000E+00
     8.294     0.411    0.395E+00    0.142E+00    0.101E+00    0.510E-02    0.518E-02    0.234E-02    0.234E-02    0.481E-03    0.481E-03    0.000E+00    0.000E+00
     8.294     0.412    0.393E+00    0.141E+00    0.999E-01    0.503E-02    0.511E-02    0.231E-02    0.231E-02    0.475E-03    0.475E-03    0.000E+00    0.000E+00
     8.294     0.413    0.392E+00    0.140E+00    0.991E-01    0.496E-02    0.504E-02    0.228E-02    0.228E-02    0.469E-03    0.469E-03    0.000E+00    0.000E+00
     8.294     0.414    0.390E+00    0.139E+00    0.983E-01    0.490E-02    0.497E-02    0.225E-02    0.225E-02    0.463E-03    0.463E-03    0.000E+00    0.000E+00
     8.294     0.415    0.388E+00    0.139E+00    0.976E-01    0.483E-02    0.490E-02    0.222E-02    0.222E-02    0.457E-03    0.457E-03    0.000E+00    0.000E+00
     8.294     0.416    0.387E+00    0.138E+00    0.968E-01    0.477E-02    0.484E-02    0.219E-02    0.219E-02    0.451E-03    0.451E-03    0.000E+00    0.000E+00
     8.294     0.417    0.385E+00    0.137E+00    0.960E-01    0.471E-02    0.477E-02    0.216E-02    0.216E-02    0.445E-03    0.445E-03    0.000E+00    0.000E+00
     8.294     0.418    0.384E+00    0.136E+00    0.952E-01    0.464E-02    0.471E-02    0.213E-02    0.213E-02    0.440E-03    0.440E-03    0.000E+00    0.000E+00
     8.294     0.419    0.382E+00    0.135E+00    0.944E-01    0.458E-02    0.464E-02    0.211E-02    0.211E-02    0.434E-03    0.434E-03    0.000E+00    0.000E+00
     8.294     0.420    0.381E+00    0.134E+00    0.937E-01    0.452E-02    0.458E-02    0.208E-02    0.208E-02    0.429E-03    0.429E-03    0.000E+00    0.000E+00
     8.294     0.421    0.379E+00    0.133E+00    0.929E-01    0.446E-02    0.452E-02    0.205E-02    0.205E-02    0.423E-03    0.423E-03    0.000E+00    0.000E+00
     8.294     0.422    0.377E+00    0.132E+00    0.922E-01    0.440E-02    0.445E-02    0.202E-02    0.202E-02    0.418E-03    0.418E-03    0.000E+00    0.000E+00
     8.294     0.423    0.376E+00    0.131E+00    0.914E-01    0.434E-02    0.439E-02    0.199E-02    0.199E-02    0.412E-03    0.412E-03    0.000E+00    0.000E+00
     8.294     0.424    0.374E+00    0.131E+00    0.906E-01    0.428E-02    0.433E-02    0.197E-02    0.197E-02    0.407E-03    0.407E-03    0.000E+00    0.000E+00
     8.294     0.425    0.373E+00    0.130E+00    0.899E-01    0.422E-02    0.427E-02    0.194E-02    0.194E-02    0.402E-03    0.402E-03    0.000E+00    0.000E+00
     8.294     0.426    0.371E+00    0.129E+00    0.892E-01    0.417E-02    0.421E-02    0.191E-02    0.191E-02    0.396E-03    0.396E-03    0.000E+00    0.000E+00
     8.294     0.427    0.369E+00    0.128E+00    0.884E-01    0.411E-02    0.415E-02    0.189E-02    0.189E-02    0.391E-03    0.391E-03    0.000E+00    0.000E+00
     8.294     0.428    0.368E+00    0.127E+00    0.877E-01    0.405E-02    0.410E-02    0.186E-02    0.186E-02    0.386E-03    0.386E-03    0.000E+00    0.000E+00
     8.294     0.429    0.366E+00    0.126E+00    0.870E-01    0.400E-02    0.404E-02    0.184E-02    0.184E-02    0.381E-03    0.381E-03    0.000E+00    0.000E+00
     8.294     0.430    0.365E+00    0.125E+00    0.862E-01    0.394E-02    0.398E-02    0.181E-02    0.181E-02    0.376E-03    0.376E-03    0.000E+00    0.000E+00
     8.294     0.431    0.363E+00    0.124E+00    0.855E-01    0.389E-02    0.393E-02    0.179E-02    0.179E-02    0.371E-03    0.371E-03    0.000E+00    0.000E+00
     8.294     0.432    0.362E+00    0.124E+00    0.848E-01    0.384E-02    0.387E-02    0.176E-02    0.176E-02    0.366E-03    0.366E-03    0.000E+00    0.000E+00
     8.294     0.433    0.360E+00    0.123E+00    0.841E-01    0.378E-02    0.382E-02    0.174E-02    0.174E-02    0.361E-03    0.361E-03    0.000E+00    0.000E+00
     8.294     0.434    0.358E+00    0.122E+00    0.834E-01    0.373E-02    0.377E-02    0.171E-02    0.171E-02    0.357E-03    0.357E-03    0.000E+00    0.000E+00
     8.294     0.435    0.357E+00    0.121E+00    0.827E-01    0.368E-02    0.371E-02    0.169E-02    0.169E-02    0.352E-03    0.352E-03    0.000E+00    0.000E+00
     8.294     0.436    0.355E+00    0.120E+00    0.820E-01    0.363E-02    0.366E-02    0.167E-02    0.167E-02    0.347E-03    0.347E-03    0.000E+00    0.000E+00
     8.294     0.437    0.354E+00    0.119E+00    0.813E-01    0.358E-02    0.361E-02    0.164E-02    0.164E-02    0.343E-03    0.343E-03    0.000E+00    0.000E+00
     8.294     0.438    0.352E+00    0.118E+00    0.806E-01    0.353E-02    0.356E-02    0.162E-02    0.162E-02    0.338E-03    0.338E-03    0.000E+00    0.000E+00
     8.294     0.439    0.351E+00    0.118E+00    0.799E-01    0.348E-02    0.351E-02    0.160E-02    0.160E-02    0.333E-03    0.333E-03    0.000E+00    0.000E+00
     8.294     0.440    0.349E+00    0.117E+00    0.792E-01    0.343E-02    0.346E-02    0.157E-02    0.157E-02    0.329E-03    0.329E-03    0.000E+00    0.000E+00
     8.294     0.441    0.347E+00    0.116E+00    0.786E-01    0.338E-02    0.341E-02    0.155E-02    0.155E-02    0.325E-03    0.325E-03    0.000E+00    0.000E+00
     8.294     0.442    0.346E+00    0.115E+00    0.779E-01    0.333E-02    0.336E-02    0.153E-02    0.153E-02    0.320E-03    0.320E-03    0.000E+00    0.000E+00
     8.294     0.443    0.344E+00    0.114E+00    0.772E-01    0.329E-02    0.331E-02    0.151E-02    0.151E-02    0.316E-03    0.316E-03    0.000E+00    0.000E+00
     8.294     0.444    0.343E+00    0.114E+00    0.765E-01    0.324E-02    0.326E-02    0.149E-02    0.149E-02    0.312E-03    0.312E-03    0.000E+00    0.000E+00
     8.294     0.445    0.341E+00    0.113E+00    0.759E-01    0.320E-02    0.322E-02    0.147E-02    0.147E-02    0.307E-03    0.307E-03    0.000E+00    0.000E+00
     8.294     0.446    0.340E+00    0.112E+00    0.752E-01    0.315E-02    0.317E-02    0.145E-02    0.145E-02    0.303E-03    0.303E-03    0.000E+00    0.000E+00
     8.294     0.447    0.338E+00    0.111E+00    0.746E-01    0.311E-02    0.312E-02    0.143E-02    0.143E-02    0.299E-03    0.299E-03    0.000E+00    0.000E+00
     8.294     0.448    0.337E+00    0.110E+00    0.739E-01    0.306E-02    0.308E-02    0.140E-02    0.140E-02    0.295E-03    0.295E-03    0.000E+00    0.000E+00
     8.294     0.449    0.335E+00    0.109E+00    0.733E-01    0.302E-02    0.304E-02    0.138E-02    0.138E-02    0.291E-03    0.291E-03    0.000E+00    0.000E+00
     8.294     0.450    0.333E+00    0.109E+00    0.726E-01    0.297E-02    0.299E-02    0.137E-02    0.137E-02    0.287E-03    0.287E-03    0.000E+00    0.000E+00
     8.294     0.451    0.332E+00    0.108E+00    0.720E-01    0.293E-02    0.295E-02    0.135E-02    0.135E-02    0.283E-03    0.283E-03    0.000E+00    0.000E+00
     8.294     0.452    0.330E+00    0.107E+00    0.714E-01    0.289E-02    0.291E-02    0.133E-02    0.133E-02    0.279E-03    0.279E-03    0.000E+00    0.000E+00
     8.294     0.453    0.329E+00    0.106E+00    0.707E-01    0.285E-02    0.286E-02    0.131E-02    0.131E-02    0.275E-03    0.275E-03    0.000E+00    0.000E+00
     8.294     0.454    0.327E+00    0.105E+00    0.701E-01    0.281E-02    0.282E-02    0.129E-02    0.129E-02    0.271E-03    0.271E-03    0.000E+00    0.000E+00
     8.294     0.455    0.326E+00    0.105E+00    0.695E-01    0.277E-02    0.278E-02    0.127E-02    0.127E-02    0.267E-03    0.267E-03    0.000E+00    0.000E+00
     8.294     0.456    0.324E+00    0.104E+00    0.688E-01    0.273E-02    0.274E-02    0.125E-02    0.125E-02    0.264E-03    0.264E-03    0.000E+00    0.000E+00
     8.294     0.457    0.323E+00    0.103E+00    0.682E-01    0.269E-02    0.270E-02    0.123E-02    0.123E-02    0.260E-03    0.260E-03    0.000E+00    0.000E+00
     8.294     0.458    0.321E+00    0.102E+00    0.676E-01    0.265E-02    0.266E-02    0.121E-02    0.121E-02    0.256E-03    0.256E-03    0.000E+00    0.000E+00
     8.294     0.459    0.320E+00    0.102E+00    0.670E-01    0.261E-02    0.262E-02    0.120E-02    0.120E-02    0.253E-03    0.253E-03    0.000E+00    0.000E+00
     8.294     0.460    0.318E+00    0.101E+00    0.664E-01    0.257E-02    0.258E-02    0.118E-02    0.118E-02    0.249E-03    0.249E-03    0.000E+00    0.000E+00
     8.294     0.461    0.317E+00    0.100E+00    0.658E-01    0.253E-02    0.254E-02    0.116E-02    0.116E-02    0.245E-03    0.245E-03    0.000E+00    0.000E+00
     8.294     0.462    0.315E+00    0.992E-01    0.652E-01    0.249E-02    0.251E-02    0.115E-02    0.115E-02    0.242E-03    0.242E-03    0.000E+00    0.000E+00
     8.294     0.463    0.314E+00    0.984E-01    0.646E-01    0.246E-02    0.247E-02    0.113E-02    0.113E-02    0.238E-03    0.238E-03    0.000E+00    0.000E+00
     8.294     0.464    0.312E+00    0.977E-01    0.640E-01    0.242E-02    0.243E-02    0.111E-02    0.111E-02    0.235E-03    0.235E-03    0.000E+00    0.000E+00
     8.294     0.465    0.311E+00    0.969E-01    0.634E-01    0.239E-02    0.239E-02    0.110E-02    0.110E-02    0.232E-03    0.232E-03    0.000E+00    0.000E+00
     8.294     0.466    0.309E+00    0.962E-01    0.629E-01    0.235E-02    0.236E-02    0.108E-02    0.108E-02    0.228E-03    0.228E-03    0.000E+00    0.000E+00
     8.294     0.467    0.307E+00    0.954E-01    0.623E-01    0.232E-02    0.232E-02    0.106E-02    0.106E-02    0.225E-03    0.225E-03    0.000E+00    0.000E+00
     8.294     0.468    0.306E+00    0.947E-01    0.617E-01    0.228E-02    0.229E-02    0.105E-02    0.105E-02    0.222E-03    0.222E-03    0.000E+00    0.000E+00
     8.294     0.469    0.304E+00    0.939E-01    0.611E-01    0.225E-02    0.225E-02    0.103E-02    0.103E-02    0.219E-03    0.219E-03    0.000E+00    0.000E+00
     8.294     0.470    0.303E+00    0.932E-01    0.606E-01    0.221E-02    0.222E-02    0.102E-02    0.102E-02    0.215E-03    0.215E-03    0.000E+00    0.000E+00
     8.294     0.471    0.301E+00    0.925E-01    0.600E-01    0.218E-02    0.219E-02    0.100E-02    0.100E-02    0.212E-03    0.212E-03    0.000E+00    0.000E+00
     8.294     0.472    0.300E+00    0.917E-01    0.594E-01    0.215E-02    0.215E-02    0.986E-03    0.986E-03    0.209E-03    0.209E-03    0.000E+00    0.000E+00
     8.294     0.473    0.298E+00    0.910E-01    0.589E-01    0.211E-02    0.212E-02    0.971E-03    0.971E-03    0.206E-03    0.206E-03    0.000E+00    0.000E+00
     8.294     0.474    0.297E+00    0.903E-01    0.583E-01    0.208E-02    0.209E-02    0.956E-03    0.956E-03    0.203E-03    0.203E-03    0.000E+00    0.000E+00
     8.294     0.475    0.295E+00    0.895E-01    0.578E-01    0.205E-02    0.206E-02    0.942E-03    0.942E-03    0.200E-03    0.200E-03    0.000E+00    0.000E+00
     8.294     0.476    0.294E+00    0.888E-01    0.572E-01    0.202E-02    0.203E-02    0.927E-03    0.927E-03    0.197E-03    0.197E-03    0.000E+00    0.000E+00
     8.294     0.477    0.292E+00    0.881E-01    0.567E-01    0.199E-02    0.199E-02    0.913E-03    0.913E-03    0.194E-03    0.194E-03    0.000E+00    0.000E+00
     8.294     0.478    0.291E+00    0.874E-01    0.562E-01    0.196E-02    0.196E-02    0.899E-03    0.899E-03    0.191E-03    0.191E-03    0.000E+00    0.000E+00
     8.294     0.479    0.290E+00    0.867E-01    0.556E-01    0.193E-02    0.193E-02    0.886E-03    0.886E-03    0.188E-03    0.188E-03    0.000E+00    0.000E+00
     8.294     0.480    0.288E+00    0.860E-01    0.551E-01    0.190E-02    0.190E-02    0.872E-03    0.872E-03    0.185E-03    0.185E-03    0.000E+00    0.000E+00
     8.294     0.481    0.287E+00    0.853E-01    0.546E-01    0.187E-02    0.187E-02    0.859E-03    0.859E-03    0.183E-03    0.183E-03    0.000E+00    0.000E+00
     8.294     0.482    0.285E+00    0.846E-01    0.540E-01    0.184E-02    0.185E-02    0.845E-03    0.845E-03    0.180E-03    0.180E-03    0.000E+00    0.000E+00
     8.294     0.483    0.284E+00    0.839E-01    0.535E-01    0.181E-02    0.182E-02    0.832E-03    0.832E-03    0.177E-03    0.177E-03    0.000E+00    0.000E+00
     8.294     0.484    0.282E+00    0.832E-01    0.530E-01    0.178E-02    0.179E-02    0.819E-03    0.819E-03    0.175E-03    0.175E-03    0.000E+00    0.000E+00
     8.294     0.485    0.281E+00    0.825E-01    0.525E-01    0.176E-02    0.176E-02    0.807E-03    0.807E-03    0.172E-03    0.172E-03    0.000E+00    0.000E+00
     8.294     0.486    0.279E+00    0.818E-01    0.520E-01    0.173E-02    0.173E-02    0.794E-03    0.794E-03    0.169E-03    0.169E-03    0.000E+00    0.000E+00
     8.294     0.487    0.278E+00    0.811E-01    0.515E-01    0.170E-02    0.171E-02    0.782E-03    0.782E-03    0.167E-03    0.167E-03    0.000E+00    0.000E+00
     8.294     0.488    0.276E+00    0.804E-01    0.510E-01    0.168E-02    0.168E-02    0.769E-03    0.769E-03    0.164E-03    0.164E-03    0.000E+00    0.000E+00
     8.294     0.489    0.275E+00    0.798E-01    0.505E-01    0.165E-02    0.165E-02    0.757E-03    0.757E-03    0.162E-03    0.162E-03    0.000E+00    0.000E+00
     8.294     0.490    0.273E+00    0.791E-01    0.500E-01    0.162E-02    0.163E-02    0.746E-03    0.746E-03    0.159E-03    0.159E-03    0.000E+00    0.000E+00
     8.294     0.491    0.272E+00    0.784E-01    0.495E-01    0.160E-02    0.160E-02    0.734E-03    0.734E-03    0.157E-03    0.157E-03    0.000E+00    0.000E+00
     8.294     0.492    0.270E+00    0.778E-01    0.490E-01    0.157E-02    0.158E-02    0.722E-03    0.722E-03    0.154E-03    0.154E-03    0.000E+00    0.000E+00
     8.294     0.493    0.269E+00    0.771E-01    0.485E-01    0.155E-02    0.155E-02    0.711E-03    0.711E-03    0.152E-03    0.152E-03    0.000E+00    0.000E+00
     8.294     0.494    0.268E+00    0.764E-01    0.480E-01    0.152E-02    0.153E-02    0.700E-03    0.700E-03    0.149E-03    0.149E-03    0.000E+00    0.000E+00
     8.294     0.495    0.266E+00    0.758E-01    0.475E-01    0.150E-02    0.150E-02    0.689E-03    0.689E-03    0.147E-03    0.147E-03    0.000E+00    0.000E+00
     8.294     0.496    0.265E+00    0.751E-01    0.471E-01    0.148E-02    0.148E-02    0.678E-03    0.678E-03    0.145E-03    0.145E-03    0.000E+00    0.000E+00
     8.294     0.497    0.263E+00    0.745E-01    0.466E-01    0.145E-02    0.145E-02    0.667E-03    0.667E-03    0.142E-03    0.142E-03    0.000E+00    0.000E+00
     8.294     0.498    0.262E+00    0.738E-01    0.461E-01    0.143E-02    0.143E-02    0.656E-03    0.656E-03    0.140E-03    0.140E-03    0.000E+00    0.000E+00
     8.294     0.499    0.260E+00    0.732E-01    0.457E-01    0.141E-02    0.141E-02    0.646E-03    0.646E-03    0.138E-03    0.138E-03    0.000E+00    0.000E+00
     8.294     0.500    0.259E+00    0.726E-01    0.452E-01    0.138E-02    0.139E-02    0.635E-03    0.635E-03    0.136E-03    0.136E-03    0.000E+00    0.000E+00
     8.294     0.501    0.258E+00    0.719E-01    0.447E-01    0.136E-02    0.136E-02    0.625E-03    0.625E-03    0.134E-03    0.134E-03    0.000E+00    0.000E+00
     8.294     0.502    0.256E+00    0.713E-01    0.443E-01    0.134E-02    0.134E-02    0.615E-03    0.615E-03    0.131E-03    0.131E-03    0.000E+00    0.000E+00
     8.294     0.503    0.255E+00    0.707E-01    0.438E-01    0.132E-02    0.132E-02    0.605E-03    0.605E-03    0.129E-03    0.129E-03    0.000E+00    0.000E+00
     8.294     0.504    0.253E+00    0.701E-01    0.434E-01    0.130E-02    0.130E-02    0.595E-03    0.595E-03    0.127E-03    0.127E-03    0.000E+00    0.000E+00
     8.294     0.505    0.252E+00    0.694E-01    0.429E-01    0.128E-02    0.128E-02    0.585E-03    0.585E-03    0.125E-03    0.125E-03    0.000E+00    0.000E+00
     8.294     0.506    0.251E+00    0.688E-01    0.425E-01    0.125E-02    0.126E-02    0.576E-03    0.576E-03    0.123E-03    0.123E-03    0.000E+00    0.000E+00
     8.294     0.507    0.249E+00    0.682E-01    0.421E-01    0.123E-02    0.124E-02    0.567E-03    0.567E-03    0.121E-03    0.121E-03    0.000E+00    0.000E+00
     8.294     0.508    0.248E+00    0.676E-01    0.416E-01    0.121E-02    0.121E-02    0.557E-03    0.557E-03    0.119E-03    0.119E-03    0.000E+00    0.000E+00
     8.294     0.509    0.246E+00    0.670E-01    0.412E-01    0.119E-02    0.119E-02    0.548E-03    0.548E-03    0.117E-03    0.117E-03    0.000E+00    0.000E+00
     8.294     0.510    0.245E+00    0.664E-01    0.408E-01    0.117E-02    0.118E-02    0.539E-03    0.539E-03    0.115E-03    0.115E-03    0.000E+00    0.000E+00
     8.294     0.511    0.244E+00    0.658E-01    0.403E-01    0.115E-02    0.116E-02    0.530E-03    0.530E-03    0.113E-03    0.113E-03    0.000E+00    0.000E+00
     8.294     0.512    0.242E+00    0.652E-01    0.399E-01    0.114E-02    0.114E-02    0.521E-03    0.521E-03    0.112E-03    0.112E-03    0.000E+00    0.000E+00
     8.294     0.513    0.241E+00    0.646E-01    0.395E-01    0.112E-02    0.112E-02    0.513E-03    0.513E-03    0.110E-03    0.110E-03    0.000E+00    0.000E+00
     8.294     0.514    0.239E+00    0.640E-01    0.391E-01    0.110E-02    0.110E-02    0.504E-03    0.504E-03    0.108E-03    0.108E-03    0.000E+00    0.000E+00
     8.294     0.515    0.238E+00    0.634E-01    0.387E-01    0.108E-02    0.108E-02    0.496E-03    0.496E-03    0.106E-03    0.106E-03    0.000E+00    0.000E+00
     8.294     0.516    0.237E+00    0.629E-01    0.383E-01    0.106E-02    0.106E-02    0.488E-03    0.488E-03    0.104E-03    0.104E-03    0.000E+00    0.000E+00
     8.294     0.517    0.235E+00    0.623E-01    0.378E-01    0.104E-02    0.105E-02    0.480E-03    0.480E-03    0.103E-03    0.103E-03    0.000E+00    0.000E+00
     8.294     0.518    0.234E+00    0.617E-01    0.374E-01    0.103E-02    0.103E-02    0.471E-03    0.471E-03    0.101E-03    0.101E-03    0.000E+00    0.000E+00
     8.294     0.519    0.233E+00    0.611E-01    0.370E-01    0.101E-02    0.101E-02    0.464E-03    0.464E-03    0.992E-04    0.992E-04    0.000E+00    0.000E+00
     8.294     0.520    0.231E+00    0.606E-01    0.366E-01    0.993E-03    0.994E-03    0.456E-03    0.456E-03    0.975E-04    0.975E-04    0.000E+00    0.000E+00
     8.294     0.521    0.230E+00    0.600E-01    0.362E-01    0.976E-03    0.977E-03    0.448E-03    0.448E-03    0.959E-04    0.959E-04    0.000E+00    0.000E+00
     8.294     0.522    0.229E+00    0.594E-01    0.359E-01    0.960E-03    0.960E-03    0.440E-03    0.440E-03    0.942E-04    0.942E-04    0.000E+00    0.000E+00
     8.294     0.523    0.227E+00    0.589E-01    0.355E-01    0.943E-03    0.944E-03    0.433E-03    0.433E-03    0.926E-04    0.926E-04    0.000E+00    0.000E+00
     8.294     0.524    0.226E+00    0.583E-01    0.351E-01    0.927E-03    0.928E-03    0.426E-03    0.426E-03    0.910E-04    0.910E-04    0.000E+00    0.000E+00
     8.294     0.525    0.224E+00    0.578E-01    0.347E-01    0.911E-03    0.912E-03    0.418E-03    0.418E-03    0.895E-04    0.895E-04    0.000E+00    0.000E+00
     8.294     0.526    0.223E+00    0.572E-01    0.343E-01    0.896E-03    0.896E-03    0.411E-03    0.411E-03    0.879E-04    0.879E-04    0.000E+00    0.000E+00
     8.294     0.527    0.222E+00    0.567E-01    0.339E-01    0.880E-03    0.881E-03    0.404E-03    0.404E-03    0.864E-04    0.864E-04    0.000E+00    0.000E+00
     8.294     0.528    0.220E+00    0.562E-01    0.336E-01    0.865E-03    0.866E-03    0.397E-03    0.397E-03    0.849E-04    0.849E-04    0.000E+00    0.000E+00
     8.294     0.529    0.219E+00    0.556E-01    0.332E-01    0.850E-03    0.851E-03    0.390E-03    0.390E-03    0.834E-04    0.834E-04    0.000E+00    0.000E+00
     8.294     0.530    0.218E+00    0.551E-01    0.328E-01    0.836E-03    0.836E-03    0.384E-03    0.384E-03    0.820E-04    0.820E-04    0.000E+00    0.000E+00
     8.294     0.531    0.217E+00    0.546E-01    0.325E-01    0.821E-03    0.822E-03    0.377E-03    0.377E-03    0.805E-04    0.805E-04    0.000E+00    0.000E+00
     8.294     0.532    0.215E+00    0.540E-01    0.321E-01    0.807E-03    0.807E-03    0.370E-03    0.370E-03    0.791E-04    0.791E-04    0.000E+00    0.000E+00
     8.294     0.533    0.214E+00    0.535E-01    0.317E-01    0.793E-03    0.793E-03    0.364E-03    0.364E-03    0.777E-04    0.777E-04    0.000E+00    0.000E+00
     8.294     0.534    0.213E+00    0.530E-01    0.314E-01    0.779E-03    0.779E-03    0.358E-03    0.358E-03    0.763E-04    0.763E-04    0.000E+00    0.000E+00
     8.294     0.535    0.211E+00    0.525E-01    0.310E-01    0.766E-03    0.766E-03    0.351E-03    0.351E-03    0.750E-04    0.750E-04    0.000E+00    0.000E+00
     8.294     0.536    0.210E+00    0.520E-01    0.307E-01    0.752E-03    0.753E-03    0.345E-03    0.345E-03    0.737E-04    0.737E-04    0.000E+00    0.000E+00
     8.294     0.537    0.209E+00    0.515E-01    0.303E-01    0.739E-03    0.739E-03    0.339E-03    0.339E-03    0.724E-04    0.724E-04    0.000E+00    0.000E+00
     8.294     0.538    0.207E+00    0.510E-01    0.300E-01    0.726E-03    0.726E-03    0.333E-03    0.333E-03    0.711E-04    0.711E-04    0.000E+00    0.000E+00
     8.294     0.539    0.206E+00    0.505E-01    0.297E-01    0.713E-03    0.714E-03    0.327E-03    0.327E-03    0.698E-04    0.698E-04    0.000E+00    0.000E+00
     8.294     0.540    0.205E+00    0.500E-01    0.293E-01    0.701E-03    0.701E-03    0.321E-03    0.321E-03    0.685E-04    0.685E-04    0.000E+00    0.000E+00
     8.294     0.541    0.204E+00    0.495E-01    0.290E-01    0.688E-03    0.689E-03    0.316E-03    0.316E-03    0.673E-04    0.673E-04    0.000E+00    0.000E+00
     8.294     0.542    0.202E+00    0.490E-01    0.287E-01    0.676E-03    0.676E-03    0.310E-03    0.310E-03    0.661E-04    0.661E-04    0.000E+00    0.000E+00
     8.294     0.543    0.201E+00    0.485E-01    0.283E-01    0.664E-03    0.664E-03    0.305E-03    0.305E-03    0.649E-04    0.649E-04    0.000E+00    0.000E+00
     8.294     0.544    0.200E+00    0.480E-01    0.280E-01    0.652E-03    0.652E-03    0.299E-03    0.299E-03    0.637E-04    0.637E-04    0.000E+00    0.000E+00
     8.294     0.545    0.198E+00    0.475E-01    0.277E-01    0.641E-03    0.641E-03    0.294E-03    0.294E-03    0.625E-04    0.625E-04    0.000E+00    0.000E+00
     8.294     0.546    0.197E+00    0.471E-01    0.274E-01    0.629E-03    0.629E-03    0.288E-03    0.288E-03    0.614E-04    0.614E-04    0.000E+00    0.000E+00
     8.294     0.547    0.196E+00    0.466E-01    0.270E-01    0.618E-03    0.618E-03    0.283E-03    0.283E-03    0.602E-04    0.602E-04    0.000E+00    0.000E+00
     8.294     0.548    0.195E+00    0.461E-01    0.267E-01    0.607E-03    0.607E-03    0.278E-03    0.278E-03    0.591E-04    0.591E-04    0.000E+00    0.000E+00
     8.294     0.549    0.193E+00    0.456E-01    0.264E-01    0.596E-03    0.596E-03    0.273E-03    0.273E-03    0.580E-04    0.580E-04    0.000E+00    0.000E+00
     8.294     0.550    0.192E+00    0.452E-01    0.261E-01    0.585E-03    0.585E-03    0.268E-03    0.268E-03    0.569E-04    0.569E-04    0.000E+00    0.000E+00
     8.294     0.551    0.191E+00    0.447E-01    0.258E-01    0.574E-03    0.574E-03    0.263E-03    0.263E-03    0.559E-04    0.559E-04    0.000E+00    0.000E+00
     8.294     0.552    0.190E+00    0.443E-01    0.255E-01    0.564E-03    0.564E-03    0.258E-03    0.258E-03    0.548E-04    0.548E-04    0.000E+00    0.000E+00
     8.294     0.553    0.188E+00    0.438E-01    0.252E-01    0.553E-03    0.554E-03    0.254E-03    0.254E-03    0.538E-04    0.538E-04    0.000E+00    0.000E+00
     8.294     0.554    0.187E+00    0.434E-01    0.249E-01    0.543E-03    0.543E-03    0.249E-03    0.249E-03    0.528E-04    0.528E-04    0.000E+00    0.000E+00
     8.294     0.555    0.186E+00    0.429E-01    0.246E-01    0.533E-03    0.533E-03    0.244E-03    0.244E-03    0.518E-04    0.518E-04    0.000E+00    0.000E+00
     8.294     0.556    0.185E+00    0.425E-01    0.243E-01    0.524E-03    0.524E-03    0.240E-03    0.240E-03    0.508E-04    0.508E-04    0.000E+00    0.000E+00
     8.294     0.557    0.184E+00    0.420E-01    0.240E-01    0.514E-03    0.514E-03    0.235E-03    0.235E-03    0.498E-04    0.498E-04    0.000E+00    0.000E+00
     8.294     0.558    0.182E+00    0.416E-01    0.237E-01    0.504E-03    0.505E-03    0.231E-03    0.231E-03    0.489E-04    0.489E-04    0.000E+00    0.000E+00
     8.294     0.559    0.181E+00    0.412E-01    0.234E-01    0.495E-03    0.495E-03    0.227E-03    0.227E-03    0.479E-04    0.479E-04    0.000E+00    0.000E+00
     8.294     0.560    0.180E+00    0.407E-01    0.231E-01    0.486E-03    0.486E-03    0.223E-03    0.223E-03    0.470E-04    0.470E-04    0.000E+00    0.000E+00
     8.294     0.561    0.179E+00    0.403E-01    0.229E-01    0.477E-03    0.477E-03    0.218E-03    0.218E-03    0.461E-04    0.461E-04    0.000E+00    0.000E+00
     8.294     0.562    0.178E+00    0.399E-01    0.226E-01    0.468E-03    0.468E-03    0.214E-03    0.214E-03    0.452E-04    0.452E-04    0.000E+00    0.000E+00
     8.294     0.563    0.176E+00    0.395E-01    0.223E-01    0.459E-03    0.459E-03    0.210E-03    0.210E-03    0.444E-04    0.444E-04    0.000E+00    0.000E+00
     8.294     0.564    0.175E+00    0.390E-01    0.220E-01    0.451E-03    0.451E-03    0.206E-03    0.206E-03    0.435E-04    0.435E-04    0.000E+00    0.000E+00
     8.294     0.565    0.174E+00    0.386E-01    0.218E-01    0.442E-03    0.442E-03    0.202E-03    0.202E-03    0.426E-04    0.426E-04    0.000E+00    0.000E+00
     8.294     0.566    0.173E+00    0.382E-01    0.215E-01    0.434E-03    0.434E-03    0.199E-03    0.199E-03    0.418E-04    0.418E-04    0.000E+00    0.000E+00
     8.294     0.567    0.172E+00    0.378E-01    0.212E-01    0.426E-03    0.426E-03    0.195E-03    0.195E-03    0.410E-04    0.410E-04    0.000E+00    0.000E+00
     8.294     0.568    0.170E+00    0.374E-01    0.210E-01    0.418E-03    0.418E-03    0.191E-03    0.191E-03    0.402E-04    0.402E-04    0.000E+00    0.000E+00
     8.294     0.569    0.169E+00    0.370E-01    0.207E-01    0.410E-03    0.410E-03    0.187E-03    0.187E-03    0.394E-04    0.394E-04    0.000E+00    0.000E+00
     8.294     0.570    0.168E+00    0.366E-01    0.204E-01    0.402E-03    0.402E-03    0.184E-03    0.184E-03    0.386E-04    0.386E-04    0.000E+00    0.000E+00
     8.294     0.571    0.167E+00    0.362E-01    0.202E-01    0.394E-03    0.394E-03    0.180E-03    0.180E-03    0.378E-04    0.378E-04    0.000E+00    0.000E+00
     8.294     0.572    0.166E+00    0.358E-01    0.199E-01    0.387E-03    0.387E-03    0.177E-03    0.177E-03    0.370E-04    0.370E-04    0.000E+00    0.000E+00
     8.294     0.573    0.165E+00    0.354E-01    0.197E-01    0.379E-03    0.379E-03    0.173E-03    0.173E-03    0.363E-04    0.363E-04    0.000E+00    0.000E+00
     8.294     0.574    0.163E+00    0.350E-01    0.194E-01    0.372E-03    0.372E-03    0.170E-03    0.170E-03    0.355E-04    0.355E-04    0.000E+00    0.000E+00
     8.294     0.575    0.162E+00    0.347E-01    0.192E-01    0.365E-03    0.365E-03    0.167E-03    0.167E-03    0.348E-04    0.348E-04    0.000E+00    0.000E+00
     8.294     0.576    0.161E+00    0.343E-01    0.189E-01    0.358E-03    0.358E-03    0.163E-03    0.163E-03    0.341E-04    0.341E-04    0.000E+00    0.000E+00
     8.294     0.577    0.160E+00    0.339E-01    0.187E-01    0.351E-03    0.351E-03    0.160E-03    0.160E-03    0.334E-04    0.334E-04    0.000E+00    0.000E+00
     8.294     0.578    0.159E+00    0.335E-01    0.185E-01    0.344E-03    0.344E-03    0.157E-03    0.157E-03    0.327E-04    0.327E-04    0.000E+00    0.000E+00
     8.294     0.579    0.158E+00    0.332E-01    0.182E-01    0.337E-03    0.337E-03    0.154E-03    0.154E-03    0.321E-04    0.321E-04    0.000E+00    0.000E+00
     8.294     0.580    0.157E+00    0.328E-01    0.180E-01    0.331E-03    0.331E-03    0.151E-03    0.151E-03    0.314E-04    0.314E-04    0.000E+00    0.000E+00
     8.294     0.581    0.156E+00    0.324E-01    0.177E-01    0.324E-03    0.324E-03    0.148E-03    0.148E-03    0.307E-04    0.307E-04    0.000E+00    0.000E+00
     8.294     0.582    0.154E+00    0.321E-01    0.175E-01    0.318E-03    0.318E-03    0.145E-03    0.145E-03    0.301E-04    0.301E-04    0.000E+00    0.000E+00
     8.294     0.583    0.153E+00    0.317E-01    0.173E-01    0.311E-03    0.311E-03    0.142E-03    0.142E-03    0.295E-04    0.295E-04    0.000E+00    0.000E+00
     8.294     0.584    0.152E+00    0.314E-01    0.171E-01    0.305E-03    0.305E-03    0.139E-03    0.139E-03    0.289E-04    0.289E-04    0.000E+00    0.000E+00
     8.294     0.585    0.151E+00    0.310E-01    0.168E-01    0.299E-03    0.299E-03    0.137E-03    0.137E-03    0.283E-04    0.283E-04    0.000E+00    0.000E+00
     8.294     0.586    0.150E+00    0.307E-01    0.166E-01    0.293E-03    0.293E-03    0.134E-03    0.134E-03    0.277E-04    0.277E-04    0.000E+00    0.000E+00
     8.294     0.587    0.149E+00    0.303E-01    0.164E-01    0.288E-03    0.288E-03    0.131E-03    0.131E-03    0.271E-04    0.271E-04    0.000E+00    0.000E+00
     8.294     0.588    0.148E+00    0.300E-01    0.162E-01    0.282E-03    0.282E-03    0.129E-03    0.129E-03    0.265E-04    0.265E-04    0.000E+00    0.000E+00
     8.294     0.589    0.147E+00    0.296E-01    0.160E-01    0.276E-03    0.276E-03    0.126E-03    0.126E-03    0.259E-04    0.259E-04    0.000E+00    0.000E+00
     8.294     0.590    0.146E+00    0.293E-01    0.158E-01    0.271E-03    0.271E-03    0.123E-03    0.123E-03    0.254E-04    0.254E-04    0.000E+00    0.000E+00
     8.294     0.591    0.145E+00    0.289E-01    0.155E-01    0.265E-03    0.265E-03    0.121E-03    0.121E-03    0.248E-04    0.248E-04    0.000E+00    0.000E+00
     8.294     0.592    0.144E+00    0.286E-01    0.153E-01    0.260E-03    0.260E-03    0.118E-03    0.118E-03    0.243E-04    0.243E-04    0.000E+00    0.000E+00
     8.294     0.593    0.142E+00    0.283E-01    0.151E-01    0.254E-03    0.254E-03    0.116E-03    0.116E-03    0.238E-04    0.238E-04    0.000E+00    0.000E+00
     8.294     0.594    0.141E+00    0.280E-01    0.149E-01    0.249E-03    0.249E-03    0.114E-03    0.114E-03    0.232E-04    0.232E-04    0.000E+00    0.000E+00
     8.294     0.595    0.140E+00    0.276E-01    0.147E-01    0.244E-03    0.244E-03    0.111E-03    0.111E-03    0.227E-04    0.227E-04    0.000E+00    0.000E+00
     8.294     0.596    0.139E+00    0.273E-01    0.145E-01    0.239E-03    0.239E-03    0.109E-03    0.109E-03    0.222E-04    0.222E-04    0.000E+00    0.000E+00
     8.294     0.597    0.138E+00    0.270E-01    0.143E-01    0.234E-03    0.234E-03    0.107E-03    0.107E-03    0.217E-04    0.217E-04    0.000E+00    0.000E+00
     8.294     0.598    0.137E+00    0.267E-01    0.141E-01    0.229E-03    0.229E-03    0.105E-03    0.105E-03    0.213E-04    0.213E-04    0.000E+00    0.000E+00
     8.294     0.599    0.136E+00    0.264E-01    0.139E-01    0.225E-03    0.225E-03    0.102E-03    0.102E-03    0.208E-04    0.208E-04    0.000E+00    0.000E+00
     8.294     0.600    0.135E+00    0.261E-01    0.137E-01    0.220E-03    0.220E-03    0.100E-03    0.100E-03    0.203E-04    0.203E-04    0.000E+00    0.000E+00
     8.294     0.601    0.134E+00    0.258E-01    0.136E-01    0.216E-03    0.216E-03    0.981E-04    0.981E-04    0.199E-04    0.199E-04    0.000E+00    0.000E+00
     8.294     0.602    0.133E+00    0.255E-01    0.134E-01    0.211E-03    0.211E-03    0.961E-04    0.961E-04    0.194E-04    0.194E-04    0.000E+00    0.000E+00
     8.294     0.603    0.132E+00    0.252E-01    0.132E-01    0.207E-03    0.207E-03    0.941E-04    0.941E-04    0.190E-04    0.190E-04    0.000E+00    0.000E+00
     8.294     0.604    0.131E+00    0.249E-01    0.130E-01    0.202E-03    0.202E-03    0.921E-04    0.921E-04    0.185E-04    0.185E-04    0.000E+00    0.000E+00
     8.294     0.605    0.130E+00    0.246E-01    0.128E-01    0.198E-03    0.198E-03    0.902E-04    0.902E-04    0.181E-04    0.181E-04    0.000E+00    0.000E+00
     8.294     0.606    0.129E+00    0.243E-01    0.126E-01    0.194E-03    0.194E-03    0.883E-04    0.883E-04    0.177E-04    0.177E-04    0.000E+00    0.000E+00
     8.294     0.607    0.128E+00    0.240E-01    0.125E-01    0.190E-03    0.190E-03    0.864E-04    0.864E-04    0.173E-04    0.173E-04    0.000E+00    0.000E+00
     8.294     0.608    0.127E+00    0.237E-01    0.123E-01    0.186E-03    0.186E-03    0.846E-04    0.846E-04    0.169E-04    0.169E-04    0.000E+00    0.000E+00
     8.294     0.609    0.126E+00    0.234E-01    0.121E-01    0.182E-03    0.182E-03    0.827E-04    0.827E-04    0.165E-04    0.165E-04    0.000E+00    0.000E+00
     8.294     0.610    0.125E+00    0.231E-01    0.119E-01    0.178E-03    0.178E-03    0.810E-04    0.810E-04    0.161E-04    0.161E-04    0.000E+00    0.000E+00
     8.294     0.611    0.124E+00    0.228E-01    0.118E-01    0.174E-03    0.174E-03    0.792E-04    0.792E-04    0.158E-04    0.158E-04    0.000E+00    0.000E+00
     8.294     0.612    0.123E+00    0.226E-01    0.116E-01    0.171E-03    0.171E-03    0.775E-04    0.775E-04    0.154E-04    0.154E-04    0.000E+00    0.000E+00
     8.294     0.613    0.122E+00    0.223E-01    0.114E-01    0.167E-03    0.167E-03    0.758E-04    0.758E-04    0.150E-04    0.150E-04    0.000E+00    0.000E+00
     8.294     0.614    0.121E+00    0.220E-01    0.113E-01    0.163E-03    0.163E-03    0.742E-04    0.742E-04    0.147E-04    0.147E-04    0.000E+00    0.000E+00
     8.294     0.615    0.120E+00    0.218E-01    0.111E-01    0.160E-03    0.160E-03    0.725E-04    0.725E-04    0.143E-04    0.143E-04    0.000E+00    0.000E+00
     8.294     0.616    0.119E+00    0.215E-01    0.109E-01    0.156E-03    0.156E-03    0.709E-04    0.709E-04    0.140E-04    0.140E-04    0.000E+00    0.000E+00
     8.294     0.617    0.118E+00    0.212E-01    0.108E-01    0.153E-03    0.153E-03    0.694E-04    0.694E-04    0.136E-04    0.136E-04    0.000E+00    0.000E+00
     8.294     0.618    0.117E+00    0.210E-01    0.106E-01    0.150E-03    0.150E-03    0.679E-04    0.679E-04    0.133E-04    0.133E-04    0.000E+00    0.000E+00
     8.294     0.619    0.116E+00    0.207E-01    0.105E-01    0.146E-03    0.146E-03    0.664E-04    0.664E-04    0.130E-04    0.130E-04    0.000E+00    0.000E+00
     8.294     0.620    0.115E+00    0.205E-01    0.103E-01    0.143E-03    0.143E-03    0.649E-04    0.649E-04    0.127E-04    0.127E-04    0.000E+00    0.000E+00
     8.294     0.621    0.114E+00    0.202E-01    0.102E-01    0.140E-03    0.140E-03    0.634E-04    0.634E-04    0.124E-04    0.124E-04    0.000E+00    0.000E+00
     8.294     0.622    0.113E+00    0.199E-01    0.100E-01    0.137E-03    0.137E-03    0.620E-04    0.620E-04    0.121E-04    0.121E-04    0.000E+00    0.000E+00
     8.294     0.623    0.113E+00    0.197E-01    0.987E-02    0.134E-03    0.134E-03    0.607E-04    0.607E-04    0.118E-04    0.118E-04    0.000E+00    0.000E+00
     8.294     0.624    0.112E+00    0.195E-01    0.973E-02    0.131E-03    0.131E-03    0.593E-04    0.593E-04    0.115E-04    0.115E-04    0.000E+00    0.000E+00
     8.294     0.625    0.111E+00    0.192E-01    0.958E-02    0.128E-03    0.128E-03    0.580E-04    0.580E-04    0.112E-04    0.112E-04    0.000E+00    0.000E+00
     8.294     0.626    0.110E+00    0.190E-01    0.944E-02    0.125E-03    0.125E-03    0.567E-04    0.567E-04    0.109E-04    0.109E-04    0.000E+00    0.000E+00
     8.294     0.627    0.109E+00    0.187E-01    0.930E-02    0.123E-03    0.123E-03    0.554E-04    0.554E-04    0.106E-04    0.106E-04    0.000E+00    0.000E+00
     8.294     0.628    0.108E+00    0.185E-01    0.916E-02    0.120E-03    0.120E-03    0.541E-04    0.541E-04    0.104E-04    0.104E-04    0.000E+00    0.000E+00
     8.294     0.629    0.107E+00    0.183E-01    0.902E-02    0.117E-03    0.117E-03    0.529E-04    0.529E-04    0.101E-04    0.101E-04    0.000E+00    0.000E+00
     8.294     0.630    0.106E+00    0.180E-01    0.888E-02    0.115E-03    0.115E-03    0.517E-04    0.517E-04    0.985E-05    0.985E-05    0.000E+00    0.000E+00
     8.294     0.631    0.105E+00    0.178E-01    0.875E-02    0.112E-03    0.112E-03    0.505E-04    0.505E-04    0.960E-05    0.960E-05    0.000E+00    0.000E+00
     8.294     0.632    0.104E+00    0.176E-01    0.862E-02    0.109E-03    0.109E-03    0.494E-04    0.494E-04    0.935E-05    0.935E-05    0.000E+00    0.000E+00
     8.294     0.633    0.103E+00    0.173E-01    0.848E-02    0.107E-03    0.107E-03    0.482E-04    0.482E-04    0.911E-05    0.911E-05    0.000E+00    0.000E+00
     8.294     0.634    0.103E+00    0.171E-01    0.835E-02    0.104E-03    0.104E-03    0.471E-04    0.471E-04    0.887E-05    0.887E-05    0.000E+00    0.000E+00
     8.294     0.635    0.102E+00    0.169E-01    0.822E-02    0.102E-03    0.102E-03    0.460E-04    0.460E-04    0.864E-05    0.864E-05    0.000E+00    0.000E+00
     8.294     0.636    0.101E+00    0.167E-01    0.810E-02    0.997E-04    0.997E-04    0.449E-04    0.449E-04    0.841E-05    0.841E-05    0.000E+00    0.000E+00
     8.294     0.637    0.999E-01    0.165E-01    0.797E-02    0.974E-04    0.974E-04    0.439E-04    0.439E-04    0.819E-05    0.819E-05    0.000E+00    0.000E+00
     8.294     0.638    0.990E-01    0.163E-01    0.785E-02    0.952E-04    0.952E-04    0.429E-04    0.429E-04    0.797E-05    0.797E-05    0.000E+00    0.000E+00
     8.294     0.639    0.982E-01    0.160E-01    0.773E-02    0.930E-04    0.930E-04    0.418E-04    0.418E-04    0.776E-05    0.776E-05    0.000E+00    0.000E+00
     8.294     0.640    0.973E-01    0.158E-01    0.760E-02    0.908E-04    0.908E-04    0.409E-04    0.409E-04    0.755E-05    0.755E-05    0.000E+00    0.000E+00
     8.294     0.641    0.965E-01    0.156E-01    0.749E-02    0.887E-04    0.887E-04    0.399E-04    0.399E-04    0.735E-05    0.735E-05    0.000E+00    0.000E+00
     8.294     0.642    0.956E-01    0.154E-01    0.737E-02    0.866E-04    0.866E-04    0.389E-04    0.389E-04    0.715E-05    0.715E-05    0.000E+00    0.000E+00
     8.294     0.643    0.948E-01    0.152E-01    0.725E-02    0.846E-04    0.846E-04    0.380E-04    0.380E-04    0.696E-05    0.696E-05    0.000E+00    0.000E+00
     8.294     0.644    0.939E-01    0.150E-01    0.714E-02    0.826E-04    0.826E-04    0.371E-04    0.371E-04    0.677E-05    0.677E-05    0.000E+00    0.000E+00
     8.294     0.645    0.931E-01    0.148E-01    0.702E-02    0.807E-04    0.807E-04    0.362E-04    0.362E-04    0.658E-05    0.658E-05    0.000E+00    0.000E+00
     8.294     0.646    0.923E-01    0.146E-01    0.691E-02    0.788E-04    0.788E-04    0.354E-04    0.354E-04    0.640E-05    0.640E-05    0.000E+00    0.000E+00
     8.294     0.647    0.914E-01    0.144E-01    0.680E-02    0.769E-04    0.769E-04    0.345E-04    0.345E-04    0.622E-05    0.622E-05    0.000E+00    0.000E+00
     8.294     0.648    0.906E-01    0.142E-01    0.669E-02    0.751E-04    0.751E-04    0.337E-04    0.337E-04    0.605E-05    0.605E-05    0.000E+00    0.000E+00
     8.294     0.649    0.898E-01    0.140E-01    0.658E-02    0.733E-04    0.733E-04    0.329E-04    0.329E-04    0.588E-05    0.588E-05    0.000E+00    0.000E+00
     8.294     0.650    0.890E-01    0.139E-01    0.648E-02    0.716E-04    0.716E-04    0.321E-04    0.321E-04    0.572E-05    0.572E-05    0.000E+00    0.000E+00
     8.294     0.651    0.882E-01    0.137E-01    0.637E-02    0.699E-04    0.699E-04    0.313E-04    0.313E-04    0.556E-05    0.556E-05    0.000E+00    0.000E+00
     8.294     0.652    0.874E-01    0.135E-01    0.627E-02    0.682E-04    0.682E-04    0.305E-04    0.305E-04    0.540E-05    0.540E-05    0.000E+00    0.000E+00
     8.294     0.653    0.866E-01    0.133E-01    0.617E-02    0.666E-04    0.666E-04    0.298E-04    0.298E-04    0.525E-05    0.525E-05    0.000E+00    0.000E+00
     8.294     0.654    0.858E-01    0.131E-01    0.607E-02    0.650E-04    0.650E-04    0.290E-04    0.290E-04    0.509E-05    0.509E-05    0.000E+00    0.000E+00
     8.294     0.655    0.850E-01    0.130E-01    0.597E-02    0.634E-04    0.634E-04    0.283E-04    0.283E-04    0.495E-05    0.495E-05    0.000E+00    0.000E+00
     8.294     0.656    0.842E-01    0.128E-01    0.587E-02    0.618E-04    0.618E-04    0.276E-04    0.276E-04    0.480E-05    0.480E-05    0.000E+00    0.000E+00
     8.294     0.657    0.834E-01    0.126E-01    0.577E-02    0.603E-04    0.603E-04    0.269E-04    0.269E-04    0.466E-05    0.466E-05    0.000E+00    0.000E+00
     8.294     0.658    0.826E-01    0.124E-01    0.567E-02    0.588E-04    0.588E-04    0.262E-04    0.262E-04    0.452E-05    0.452E-05    0.000E+00    0.000E+00
     8.294     0.659    0.819E-01    0.123E-01    0.558E-02    0.574E-04    0.574E-04    0.256E-04    0.256E-04    0.439E-05    0.439E-05    0.000E+00    0.000E+00
     8.294     0.660    0.811E-01    0.121E-01    0.549E-02    0.559E-04    0.559E-04    0.249E-04    0.249E-04    0.425E-05    0.425E-05    0.000E+00    0.000E+00
     8.294     0.661    0.803E-01    0.119E-01    0.539E-02    0.546E-04    0.546E-04    0.243E-04    0.243E-04    0.413E-05    0.413E-05    0.000E+00    0.000E+00
     8.294     0.662    0.796E-01    0.118E-01    0.530E-02    0.532E-04    0.532E-04    0.237E-04    0.237E-04    0.400E-05    0.400E-05    0.000E+00    0.000E+00
     8.294     0.663    0.788E-01    0.116E-01    0.521E-02    0.519E-04    0.519E-04    0.231E-04    0.231E-04    0.388E-05    0.388E-05    0.000E+00    0.000E+00
     8.294     0.664    0.781E-01    0.114E-01    0.512E-02    0.506E-04    0.506E-04    0.225E-04    0.225E-04    0.376E-05    0.376E-05    0.000E+00    0.000E+00
     8.294     0.665    0.773E-01    0.113E-01    0.504E-02    0.493E-04    0.493E-04    0.219E-04    0.219E-04    0.364E-05    0.364E-05    0.000E+00    0.000E+00
     8.294     0.666    0.766E-01    0.111E-01    0.495E-02    0.481E-04    0.481E-04    0.213E-04    0.213E-04    0.353E-05    0.353E-05    0.000E+00    0.000E+00
     8.294     0.667    0.758E-01    0.110E-01    0.487E-02    0.469E-04    0.469E-04    0.208E-04    0.208E-04    0.342E-05    0.342E-05    0.000E+00    0.000E+00
     8.294     0.668    0.751E-01    0.108E-01    0.478E-02    0.457E-04    0.457E-04    0.203E-04    0.203E-04    0.331E-05    0.331E-05    0.000E+00    0.000E+00
     8.294     0.669    0.744E-01    0.107E-01    0.470E-02    0.445E-04    0.445E-04    0.197E-04    0.197E-04    0.321E-05    0.321E-05    0.000E+00    0.000E+00
     8.294     0.670    0.736E-01    0.105E-01    0.462E-02    0.434E-04    0.434E-04    0.192E-04    0.192E-04    0.311E-05    0.311E-05    0.000E+00    0.000E+00
     8.294     0.671    0.729E-01    0.104E-01    0.454E-02    0.423E-04    0.423E-04    0.187E-04    0.187E-04    0.301E-05    0.301E-05    0.000E+00    0.000E+00
     8.294     0.672    0.722E-01    0.102E-01    0.446E-02    0.412E-04    0.412E-04    0.182E-04    0.182E-04    0.291E-05    0.291E-05    0.000E+00    0.000E+00
     8.294     0.673    0.715E-01    0.101E-01    0.438E-02    0.402E-04    0.402E-04    0.178E-04    0.178E-04    0.282E-05    0.282E-05    0.000E+00    0.000E+00
     8.294     0.674    0.708E-01    0.993E-02    0.431E-02    0.391E-04    0.391E-04    0.173E-04    0.173E-04    0.273E-05    0.273E-05    0.000E+00    0.000E+00
     8.294     0.675    0.701E-01    0.979E-02    0.423E-02    0.381E-04    0.381E-04    0.168E-04    0.168E-04    0.264E-05    0.264E-05    0.000E+00    0.000E+00
     8.294     0.676    0.694E-01    0.965E-02    0.415E-02    0.371E-04    0.371E-04    0.164E-04    0.164E-04    0.255E-05    0.255E-05    0.000E+00    0.000E+00
     8.294     0.677    0.687E-01    0.951E-02    0.408E-02    0.362E-04    0.362E-04    0.159E-04    0.159E-04    0.247E-05    0.247E-05    0.000E+00    0.000E+00
     8.294     0.678    0.680E-01    0.937E-02    0.401E-02    0.352E-04    0.352E-04    0.155E-04    0.155E-04    0.238E-05    0.238E-05    0.000E+00    0.000E+00
     8.294     0.679    0.673E-01    0.924E-02    0.394E-02    0.343E-04    0.343E-04    0.151E-04    0.151E-04    0.230E-05    0.230E-05    0.000E+00    0.000E+00
     8.294     0.680    0.666E-01    0.910E-02    0.387E-02    0.334E-04    0.334E-04    0.147E-04    0.147E-04    0.222E-05    0.222E-05    0.000E+00    0.000E+00
     8.294     0.681    0.659E-01    0.897E-02    0.380E-02    0.325E-04    0.325E-04    0.143E-04    0.143E-04    0.214E-05    0.214E-05    0.000E+00    0.000E+00
     8.294     0.682    0.653E-01    0.884E-02    0.373E-02    0.316E-04    0.316E-04    0.139E-04    0.139E-04    0.207E-05    0.207E-05    0.000E+00    0.000E+00
     8.294     0.683    0.646E-01    0.871E-02    0.366E-02    0.308E-04    0.308E-04    0.135E-04    0.135E-04    0.200E-05    0.200E-05    0.000E+00    0.000E+00
     8.294     0.684    0.639E-01    0.859E-02    0.359E-02    0.299E-04    0.299E-04    0.131E-04    0.131E-04    0.192E-05    0.192E-05    0.000E+00    0.000E+00
     8.294     0.685    0.633E-01    0.846E-02    0.353E-02    0.291E-04    0.291E-04    0.128E-04    0.128E-04    0.186E-05    0.186E-05    0.000E+00    0.000E+00
     8.294     0.686    0.626E-01    0.834E-02    0.346E-02    0.283E-04    0.283E-04    0.124E-04    0.124E-04    0.179E-05    0.179E-05    0.000E+00    0.000E+00
     8.294     0.687    0.620E-01    0.822E-02    0.340E-02    0.276E-04    0.276E-04    0.121E-04    0.121E-04    0.172E-05    0.172E-05    0.000E+00    0.000E+00
     8.294     0.688    0.613E-01    0.809E-02    0.334E-02    0.268E-04    0.268E-04    0.117E-04    0.117E-04    0.166E-05    0.166E-05    0.000E+00    0.000E+00
     8.294     0.689    0.607E-01    0.798E-02    0.328E-02    0.261E-04    0.261E-04    0.114E-04    0.114E-04    0.160E-05    0.160E-05    0.000E+00    0.000E+00
     8.294     0.690    0.600E-01    0.786E-02    0.321E-02    0.254E-04    0.254E-04    0.111E-04    0.111E-04    0.154E-05    0.154E-05    0.000E+00    0.000E+00
     8.294     0.691    0.594E-01    0.774E-02    0.315E-02    0.247E-04    0.247E-04    0.108E-04    0.108E-04    0.148E-05    0.148E-05    0.000E+00    0.000E+00
     8.294     0.692    0.588E-01    0.763E-02    0.310E-02    0.240E-04    0.240E-04    0.105E-04    0.105E-04    0.143E-05    0.143E-05    0.000E+00    0.000E+00
     8.294     0.693    0.582E-01    0.751E-02    0.304E-02    0.233E-04    0.233E-04    0.102E-04    0.102E-04    0.137E-05    0.137E-05    0.000E+00    0.000E+00
     8.294     0.694    0.575E-01    0.740E-02    0.298E-02    0.227E-04    0.227E-04    0.987E-05    0.987E-05    0.132E-05    0.132E-05    0.000E+00    0.000E+00
     8.294     0.695    0.569E-01    0.729E-02    0.292E-02    0.221E-04    0.221E-04    0.959E-05    0.959E-05    0.127E-05    0.127E-05    0.000E+00    0.000E+00
     8.294     0.696    0.563E-01    0.718E-02    0.287E-02    0.215E-04    0.215E-04    0.932E-05    0.932E-05    0.122E-05    0.122E-05    0.000E+00    0.000E+00
     8.294     0.697    0.557E-01    0.707E-02    0.281E-02    0.209E-04    0.209E-04    0.905E-05    0.905E-05    0.117E-05    0.117E-05    0.000E+00    0.000E+00
     8.294     0.698    0.551E-01    0.697E-02    0.276E-02    0.203E-04    0.203E-04    0.879E-05    0.879E-05    0.112E-05    0.112E-05    0.000E+00    0.000E+00
     8.294     0.699    0.545E-01    0.686E-02    0.271E-02    0.197E-04    0.197E-04    0.853E-05    0.853E-05    0.108E-05    0.108E-05    0.000E+00    0.000E+00
     8.294     0.700    0.539E-01    0.676E-02    0.266E-02    0.192E-04    0.192E-04    0.828E-05    0.828E-05    0.103E-05    0.103E-05    0.000E+00    0.000E+00
     8.294     0.701    0.533E-01    0.666E-02    0.260E-02    0.186E-04    0.186E-04    0.803E-05    0.803E-05    0.989E-06    0.989E-06    0.000E+00    0.000E+00
     8.294     0.702    0.527E-01    0.655E-02    0.255E-02    0.181E-04    0.181E-04    0.779E-05    0.779E-05    0.946E-06    0.946E-06    0.000E+00    0.000E+00
     8.294     0.703    0.521E-01    0.645E-02    0.250E-02    0.175E-04    0.175E-04    0.756E-05    0.756E-05    0.906E-06    0.906E-06    0.000E+00    0.000E+00
     8.294     0.704    0.516E-01    0.635E-02    0.245E-02    0.170E-04    0.170E-04    0.733E-05    0.733E-05    0.866E-06    0.866E-06    0.000E+00    0.000E+00
     8.294     0.705    0.510E-01    0.626E-02    0.241E-02    0.165E-04    0.165E-04    0.711E-05    0.711E-05    0.827E-06    0.827E-06    0.000E+00    0.000E+00
     8.294     0.706    0.504E-01    0.616E-02    0.236E-02    0.161E-04    0.161E-04    0.690E-05    0.690E-05    0.790E-06    0.790E-06    0.000E+00    0.000E+00
     8.294     0.707    0.498E-01    0.607E-02    0.231E-02    0.156E-04    0.156E-04    0.669E-05    0.669E-05    0.754E-06    0.754E-06    0.000E+00    0.000E+00
     8.294     0.708    0.493E-01    0.597E-02    0.227E-02    0.151E-04    0.151E-04    0.648E-05    0.648E-05    0.720E-06    0.720E-06    0.000E+00    0.000E+00
     8.294     0.709    0.487E-01    0.588E-02    0.222E-02    0.147E-04    0.147E-04    0.628E-05    0.628E-05    0.686E-06    0.686E-06    0.000E+00    0.000E+00
     8.294     0.710    0.482E-01    0.579E-02    0.218E-02    0.142E-04    0.142E-04    0.609E-05    0.609E-05    0.654E-06    0.654E-06    0.000E+00    0.000E+00
     8.294     0.711    0.476E-01    0.570E-02    0.213E-02    0.138E-04    0.138E-04    0.590E-05    0.590E-05    0.623E-06    0.623E-06    0.000E+00    0.000E+00
     8.294     0.712    0.471E-01    0.561E-02    0.209E-02    0.134E-04    0.134E-04    0.572E-05    0.572E-05    0.593E-06    0.593E-06    0.000E+00    0.000E+00
     8.294     0.713    0.465E-01    0.552E-02    0.205E-02    0.130E-04    0.130E-04    0.555E-05    0.555E-05    0.564E-06    0.564E-06    0.000E+00    0.000E+00
     8.294     0.714    0.460E-01    0.544E-02    0.201E-02    0.126E-04    0.126E-04    0.537E-05    0.537E-05    0.536E-06    0.536E-06    0.000E+00    0.000E+00
     8.294     0.715    0.454E-01    0.535E-02    0.197E-02    0.123E-04    0.123E-04    0.521E-05    0.521E-05    0.509E-06    0.509E-06    0.000E+00    0.000E+00
     8.294     0.716    0.449E-01    0.527E-02    0.193E-02    0.119E-04    0.119E-04    0.504E-05    0.504E-05    0.483E-06    0.483E-06    0.000E+00    0.000E+00
     8.294     0.717    0.444E-01    0.518E-02    0.189E-02    0.115E-04    0.115E-04    0.489E-05    0.489E-05    0.458E-06    0.458E-06    0.000E+00    0.000E+00
     8.294     0.718    0.439E-01    0.510E-02    0.185E-02    0.112E-04    0.112E-04    0.473E-05    0.473E-05    0.434E-06    0.434E-06    0.000E+00    0.000E+00
     8.294     0.719    0.433E-01    0.502E-02    0.181E-02    0.108E-04    0.108E-04    0.459E-05    0.459E-05    0.410E-06    0.410E-06    0.000E+00    0.000E+00
     8.294     0.720    0.428E-01    0.494E-02    0.177E-02    0.105E-04    0.105E-04    0.444E-05    0.444E-05    0.388E-06    0.388E-06    0.000E+00    0.000E+00
     8.294     0.721    0.423E-01    0.486E-02    0.174E-02    0.102E-04    0.102E-04    0.430E-05    0.430E-05    0.366E-06    0.366E-06    0.000E+00    0.000E+00
     8.294     0.722    0.418E-01    0.479E-02    0.170E-02    0.988E-05    0.988E-05    0.416E-05    0.416E-05    0.344E-06    0.344E-06    0.000E+00    0.000E+00
     8.294     0.723    0.413E-01    0.471E-02    0.166E-02    0.957E-05    0.957E-05    0.402E-05    0.402E-05    0.323E-06    0.323E-06    0.000E+00    0.000E+00
     8.294     0.724    0.408E-01    0.463E-02    0.163E-02    0.927E-05    0.927E-05    0.389E-05    0.389E-05    0.302E-06    0.302E-06    0.000E+00    0.000E+00
     8.294     0.725    0.403E-01    0.456E-02    0.159E-02    0.898E-05    0.898E-05    0.376E-05    0.376E-05    0.283E-06    0.283E-06    0.000E+00    0.000E+00
     8.294     0.726    0.398E-01    0.448E-02    0.156E-02    0.869E-05    0.869E-05    0.364E-05    0.364E-05    0.264E-06    0.264E-06    0.000E+00    0.000E+00
     8.294     0.727    0.393E-01    0.441E-02    0.153E-02    0.842E-05    0.842E-05    0.351E-05    0.351E-05    0.245E-06    0.245E-06    0.000E+00    0.000E+00
     8.294     0.728    0.389E-01    0.434E-02    0.149E-02    0.815E-05    0.815E-05    0.340E-05    0.340E-05    0.228E-06    0.228E-06    0.000E+00    0.000E+00
     8.294     0.729    0.384E-01    0.427E-02    0.146E-02    0.789E-05    0.789E-05    0.328E-05    0.328E-05    0.211E-06    0.211E-06    0.000E+00    0.000E+00
     8.294     0.730    0.379E-01    0.420E-02    0.143E-02    0.763E-05    0.763E-05    0.317E-05    0.317E-05    0.195E-06    0.195E-06    0.000E+00    0.000E+00
     8.294     0.731    0.374E-01    0.413E-02    0.140E-02    0.739E-05    0.739E-05    0.306E-05    0.306E-05    0.180E-06    0.180E-06    0.000E+00    0.000E+00
     8.294     0.732    0.370E-01    0.406E-02    0.137E-02    0.715E-05    0.715E-05    0.296E-05    0.296E-05    0.165E-06    0.165E-06    0.000E+00    0.000E+00
     8.294     0.733    0.365E-01    0.400E-02    0.134E-02    0.692E-05    0.692E-05    0.286E-05    0.286E-05    0.151E-06    0.151E-06    0.000E+00    0.000E+00
     8.294     0.734    0.360E-01    0.393E-02    0.131E-02    0.669E-05    0.669E-05    0.276E-05    0.276E-05    0.138E-06    0.138E-06    0.000E+00    0.000E+00
     8.294     0.735    0.356E-01    0.387E-02    0.128E-02    0.647E-05    0.647E-05    0.267E-05    0.267E-05    0.125E-06    0.125E-06    0.000E+00    0.000E+00
     8.294     0.736    0.351E-01    0.380E-02    0.125E-02    0.626E-05    0.626E-05    0.257E-05    0.257E-05    0.114E-06    0.114E-06    0.000E+00    0.000E+00
     8.294     0.737    0.347E-01    0.374E-02    0.123E-02    0.606E-05    0.606E-05    0.249E-05    0.249E-05    0.102E-06    0.102E-06    0.000E+00    0.000E+00
     8.294     0.738    0.342E-01    0.368E-02    0.120E-02    0.586E-05    0.586E-05    0.240E-05    0.240E-05    0.916E-07    0.916E-07    0.000E+00    0.000E+00
     8.294     0.739    0.338E-01    0.362E-02    0.117E-02    0.567E-05    0.567E-05    0.232E-05    0.232E-05    0.816E-07    0.816E-07    0.000E+00    0.000E+00
     8.294     0.740    0.334E-01    0.356E-02    0.115E-02    0.548E-05    0.548E-05    0.224E-05    0.224E-05    0.722E-07    0.722E-07    0.000E+00    0.000E+00
     8.294     0.741    0.329E-01    0.350E-02    0.112E-02    0.530E-05    0.530E-05    0.216E-05    0.216E-05    0.634E-07    0.634E-07    0.000E+00    0.000E+00
     8.294     0.742    0.325E-01    0.344E-02    0.109E-02    0.513E-05    0.513E-05    0.208E-05    0.208E-05    0.552E-07    0.552E-07    0.000E+00    0.000E+00
     8.294     0.743    0.321E-01    0.338E-02    0.107E-02    0.496E-05    0.496E-05    0.201E-05    0.201E-05    0.476E-07    0.476E-07    0.000E+00    0.000E+00
     8.294     0.744    0.317E-01    0.332E-02    0.105E-02    0.479E-05    0.479E-05    0.194E-05    0.194E-05    0.407E-07    0.407E-07    0.000E+00    0.000E+00
     8.294     0.745    0.312E-01    0.327E-02    0.102E-02    0.463E-05    0.463E-05    0.187E-05    0.187E-05    0.347E-07    0.347E-07    0.000E+00    0.000E+00
     8.294     0.746    0.308E-01    0.321E-02    0.998E-03    0.446E-05    0.446E-05    0.180E-05    0.180E-05    0.292E-07    0.292E-07    0.000E+00    0.000E+00
     8.294     0.747    0.304E-01    0.316E-02    0.975E-03    0.431E-05    0.431E-05    0.173E-05    0.173E-05    0.242E-07    0.242E-07    0.000E+00    0.000E+00
     8.294     0.748    0.300E-01    0.310E-02    0.952E-03    0.416E-05    0.416E-05    0.167E-05    0.167E-05    0.197E-07    0.197E-07    0.000E+00    0.000E+00
     8.294     0.749    0.296E-01    0.305E-02    0.930E-03    0.401E-05    0.401E-05    0.160E-05    0.160E-05    0.157E-07    0.157E-07    0.000E+00    0.000E+00
     8.294     0.750    0.292E-01    0.300E-02    0.908E-03    0.387E-05    0.387E-05    0.154E-05    0.154E-05    0.121E-07    0.121E-07    0.000E+00    0.000E+00
     8.294     0.751    0.288E-01    0.295E-02    0.887E-03    0.373E-05    0.373E-05    0.149E-05    0.149E-05    0.893E-08    0.893E-08    0.000E+00    0.000E+00
     8.294     0.752    0.284E-01    0.290E-02    0.866E-03    0.360E-05    0.360E-05    0.143E-05    0.143E-05    0.619E-08    0.619E-08    0.000E+00    0.000E+00
     8.294     0.753    0.280E-01    0.285E-02    0.846E-03    0.347E-05    0.347E-05    0.137E-05    0.137E-05    0.383E-08    0.383E-08    0.000E+00    0.000E+00
     8.294     0.754    0.276E-01    0.280E-02    0.826E-03    0.335E-05    0.335E-05    0.132E-05    0.132E-05    0.185E-08    0.185E-08    0.000E+00    0.000E+00
     8.294     0.755    0.273E-01    0.275E-02    0.806E-03    0.323E-05    0.323E-05    0.127E-05    0.127E-05    0.213E-09    0.213E-09    0.000E+00    0.000E+00
     8.294     0.756    0.269E-01    0.270E-02    0.787E-03    0.311E-05    0.311E-05    0.122E-05    0.122E-05    0.000E+00    0.000E+00    0.000E+00    0.000E+00
     8.294     0.757    0.265E-01    0.265E-02    0.768E-03    0.300E-05    0.300E-05    0.117E-05    0.117E-05    0.000E+00    0.000E+00    0.000E+00    0.000E+00
     8.294     0.758    0.261E-01    0.261E-02    0.749E-03    0.289E-05    0.289E-05    0.113E-05    0.113E-05    0.000E+00    0.000E+00    0.000E+00    0.000E+00
     8.294     0.759    0.258E-01    0.256E-02    0.731E-03    0.279E-05    0.279E-05    0.108E-05    0.108E-05    0.000E+00    0.000E+00    0.000E+00    0.000E+00
     8.294     0.760    0.254E-01    0.252E-02    0.714E-03    0.268E-05    0.268E-05    0.104E-05    0.104E-05    0.000E+00    0.000E+00    0.000E+00    0.000E+00
     8.294     0.761    0.250E-01    0.247E-02    0.696E-03    0.259E-05    0.259E-05    0.100E-05    0.100E-05    0.000E+00    0.000E+00    0.000E+00    0.000E+00
     8.294     0.762    0.247E-01    0.243E-02    0.679E-03    0.249E-05    0.249E-05    0.962E-06    0.962E-06    0.000E+00    0.000E+00    0.000E+00    0.000E+00
     8.294     0.763    0.243E-01    0.239E-02    0.663E-03    0.240E-05    0.240E-05    0.924E-06    0.924E-06    0.000E+00    0.000E+00    0.000E+00    0.000E+00
     8.294     0.764    0.240E-01    0.235E-02    0.646E-03    0.231E-05    0.231E-05    0.888E-06    0.888E-06    0.000E+00    0.000E+00    0.000E+00    0.000E+00
     8.294     0.765    0.236E-01    0.230E-02    0.630E-03    0.223E-05    0.223E-05    0.853E-06    0.853E-06    0.000E+00    0.000E+00    0.000E+00    0.000E+00
     8.294     0.766    0.233E-01    0.226E-02    0.615E-03    0.215E-05    0.215E-05    0.819E-06    0.819E-06    0.000E+00    0.000E+00    0.000E+00    0.000E+00
     8.294     0.767    0.229E-01    0.222E-02    0.599E-03    0.207E-05    0.207E-05    0.786E-06    0.786E-06    0.000E+00    0.000E+00    0.000E+00    0.000E+00
     8.294     0.768    0.226E-01    0.218E-02    0.584E-03    0.199E-05    0.199E-05    0.753E-06    0.753E-06    0.000E+00    0.000E+00    0.000E+00    0.000E+00
     8.294     0.769    0.223E-01    0.214E-02    0.570E-03    0.191E-05    0.191E-05    0.721E-06    0.721E-06    0.000E+00    0.000E+00    0.000E+00    0.000E+00
     8.294     0.770    0.219E-01    0.210E-02    0.555E-03    0.184E-05    0.184E-05    0.690E-06    0.690E-06    0.000E+00    0.000E+00    0.000E+00    0.000E+00
     8.294     0.771    0.216E-01    0.207E-02    0.541E-03    0.176E-05    0.176E-05    0.660E-06    0.660E-06    0.000E+00    0.000E+00    0.000E+00    0.000E+00
     8.294     0.772    0.213E-01    0.203E-02    0.527E-03    0.169E-05    0.169E-05    0.631E-06    0.631E-06    0.000E+00    0.000E+00    0.000E+00    0.000E+00
     8.294     0.773    0.210E-01    0.199E-02    0.513E-03    0.163E-05    0.163E-05    0.603E-06    0.603E-06    0.000E+00    0.000E+00    0.000E+00    0.000E+00
     8.294     0.774    0.206E-01    0.196E-02    0.500E-03    0.156E-05    0.156E-05    0.577E-06    0.577E-06    0.000E+00    0.000E+00    0.000E+00    0.000E+00
     8.294     0.775    0.203E-01    0.192E-02    0.487E-03    0.150E-05    0.150E-05    0.551E-06    0.551E-06    0.000E+00    0.000E+00    0.000E+00    0.000E+00
     8.294     0.776    0.200E-01    0.188E-02    0.474E-03    0.144E-05    0.144E-05    0.527E-06    0.527E-06    0.000E+00    0.000E+00    0.000E+00    0.000E+00
     8.294     0.777    0.197E-01    0.185E-02    0.462E-03    0.138E-05    0.138E-05    0.503E-06    0.503E-06    0.000E+00    0.000E+00    0.000E+00    0.000E+00
     8.294     0.778    0.194E-01    0.182E-02    0.450E-03    0.132E-05    0.132E-05    0.481E-06    0.481E-06    0.000E+00    0.000E+00    0.000E+00    0.000E+00
     8.294     0.779    0.191E-01    0.178E-02    0.438E-03    0.127E-05    0.127E-05    0.459E-06    0.459E-06    0.000E+00    0.000E+00    0.000E+00    0.000E+00
     8.294     0.780    0.188E-01    0.175E-02    0.426E-03    0.122E-05    0.122E-05    0.438E-06    0.438E-06    0.000E+00    0.000E+00    0.000E+00    0.000E+00
     8.294     0.781    0.185E-01    0.172E-02    0.415E-03    0.117E-05    0.117E-05    0.418E-06    0.418E-06    0.000E+00    0.000E+00    0.000E+00    0.000E+00
     8.294     0.782    0.182E-01    0.169E-02    0.404E-03    0.112E-05    0.112E-05    0.399E-06    0.399E-06    0.000E+00    0.000E+00    0.000E+00    0.000E+00
     8.294     0.783    0.179E-01    0.165E-02    0.393E-03    0.108E-05    0.108E-05    0.381E-06    0.381E-06    0.000E+00    0.000E+00    0.000E+00    0.000E+00
     8.294     0.784    0.176E-01    0.162E-02    0.383E-03    0.103E-05    0.103E-05    0.364E-06    0.364E-06    0.000E+00    0.000E+00    0.000E+00    0.000E+00
     8.294     0.785    0.174E-01    0.159E-02    0.372E-03    0.990E-06    0.990E-06    0.347E-06    0.347E-06    0.000E+00    0.000E+00    0.000E+00    0.000E+00
     8.294     0.786    0.171E-01    0.156E-02    0.362E-03    0.950E-06    0.950E-06    0.331E-06    0.331E-06    0.000E+00    0.000E+00    0.000E+00    0.000E+00
     8.294     0.787    0.168E-01    0.153E-02    0.353E-03    0.911E-06    0.911E-06    0.316E-06    0.316E-06    0.000E+00    0.000E+00    0.000E+00    0.000E+00
     8.294     0.788    0.165E-01    0.150E-02    0.343E-03    0.874E-06    0.874E-06    0.301E-06    0.301E-06    0.000E+00    0.000E+00    0.000E+00    0.000E+00
     8.294     0.789    0.163E-01    0.148E-02    0.334E-03    0.838E-06    0.838E-06    0.288E-06    0.288E-06    0.000E+00    0.000E+00    0.000E+00    0.000E+00
     8.294     0.790    0.160E-01    0.145E-02    0.324E-03    0.803E-06    0.803E-06    0.274E-06    0.274E-06    0.000E+00    0.000E+00    0.000E+00    0.000E+00
     8.294     0.791    0.157E-01    0.142E-02    0.315E-03    0.767E-06    0.767E-06    0.260E-06    0.260E-06    0.000E+00    0.000E+00    0.000E+00    0.000E+00
     8.294     0.792    0.155E-01    0.139E-02    0.307E-03    0.733E-06    0.733E-06    0.246E-06    0.246E-06    0.000E+00    0.000E+00    0.000E+00    0.000E+00
     8.294     0.793    0.152E-01    0.137E-02    0.298E-03    0.700E-06    0.700E-06    0.234E-06    0.234E-06    0.000E+00    0.000E+00    0.000E+00    0.000E+00
     8.294     0.794    0.150E-01    0.134E-02    0.289E-03    0.668E-06    0.668E-06    0.221E-06    0.221E-06    0.000E+00    0.000E+00    0.000E+00    0.000E+00
     8.294     0.795    0.147E-01    0.131E-02    0.281E-03    0.638E-06    0.638E-06    0.210E-06    0.210E-06    0.000E+00    0.000E+00    0.000E+00    0.000E+00
     8.294     0.796    0.145E-01    0.129E-02    0.273E-03    0.608E-06    0.608E-06    0.198E-06    0.198E-06    0.000E+00    0.000E+00    0.000E+00    0.000E+00
     8.294     0.797    0.142E-01    0.126E-02    0.265E-03    0.580E-06    0.580E-06    0.188E-06    0.188E-06    0.000E+00    0.000E+00    0.000E+00    0.000E+00
     8.294     0.798    0.140E-01    0.124E-02    0.258E-03    0.554E-06    0.554E-06    0.177E-06    0.177E-06    0.000E+00    0.000E+00    0.000E+00    0.000E+00
     8.294     0.799    0.137E-01    0.121E-02    0.250E-03    0.528E-06    0.528E-06    0.168E-06    0.168E-06    0.000E+00    0.000E+00    0.000E+00    0.000E+00
     8.294     0.800    0.135E-01    0.119E-02    0.243E-03    0.503E-06    0.503E-06    0.159E-06    0.159E-06    0.000E+00    0.000E+00    0.000E+00    0.000E+00
     8.294     0.801    0.133E-01    0.117E-02    0.236E-03    0.480E-06    0.480E-06    0.150E-06    0.150E-06    0.000E+00    0.000E+00    0.000E+00    0.000E+00
     8.294     0.802    0.130E-01    0.114E-02    0.229E-03    0.457E-06    0.457E-06    0.141E-06    0.141E-06    0.000E+00    0.000E+00    0.000E+00    0.000E+00
     8.294     0.803    0.128E-01    0.112E-02    0.222E-03    0.436E-06    0.436E-06    0.133E-06    0.133E-06    0.000E+00    0.000E+00    0.000E+00    0.000E+00
     8.294     0.804    0.126E-01    0.110E-02    0.216E-03    0.416E-06    0.416E-06    0.126E-06    0.126E-06    0.000E+00    0.000E+00    0.000E+00    0.000E+00
     8.294     0.805    0.123E-01    0.108E-02    0.209E-03    0.396E-06    0.396E-06    0.119E-06    0.119E-06    0.000E+00    0.000E+00    0.000E+00    0.000E+00
     8.294     0.806    0.121E-01    0.105E-02    0.203E-03    0.378E-06    0.378E-06    0.112E-06    0.112E-06    0.000E+00    0.000E+00    0.000E+00    0.000E+00
     8.294     0.807    0.119E-01    0.103E-02    0.197E-03    0.360E-06    0.360E-06    0.106E-06    0.106E-06    0.000E+00    0.000E+00    0.000E+00    0.000E+00
     8.294     0.808    0.117E-01    0.101E-02    0.191E-03    0.343E-06    0.343E-06    0.997E-07    0.997E-07    0.000E+00    0.000E+00    0.000E+00    0.000E+00
     8.294     0.809    0.115E-01    0.992E-03    0.185E-03    0.327E-06    0.327E-06    0.940E-07    0.940E-07    0.000E+00    0.000E+00    0.000E+00    0.000E+00
     8.294     0.810    0.113E-01    0.972E-03    0.180E-03    0.312E-06    0.312E-06    0.886E-07    0.886E-07    0.000E+00    0.000E+00    0.000E+00    0.000E+00
     8.294     0.811    0.111E-01    0.952E-03    0.174E-03    0.297E-06    0.297E-06    0.836E-07    0.836E-07    0.000E+00    0.000E+00    0.000E+00    0.000E+00
     8.294     0.812    0.109E-01    0.933E-03    0.169E-03    0.284E-06    0.284E-06    0.788E-07    0.788E-07    0.000E+00    0.000E+00    0.000E+00    0.000E+00
     8.294     0.813    0.107E-01    0.913E-03    0.164E-03    0.270E-06    0.270E-06    0.741E-07    0.741E-07    0.000E+00    0.000E+00    0.000E+00    0.000E+00
     8.294     0.814    0.105E-01    0.895E-03    0.159E-03    0.256E-06    0.256E-06    0.691E-07    0.691E-07    0.000E+00    0.000E+00    0.000E+00    0.000E+00
     8.294     0.815    0.103E-01    0.876E-03    0.154E-03    0.242E-06    0.242E-06    0.643E-07    0.643E-07    0.000E+00    0.000E+00    0.000E+00    0.000E+00
     8.294     0.816    0.101E-01    0.858E-03    0.149E-03    0.229E-06    0.229E-06    0.598E-07    0.598E-07    0.000E+00    0.000E+00    0.000E+00    0.000E+00
     8.294     0.817    0.987E-02    0.840E-03    0.144E-03    0.217E-06    0.217E-06    0.554E-07    0.554E-07    0.000E+00    0.000E+00    0.000E+00    0.000E+00
     8.294     0.818    0.968E-02    0.822E-03    0.140E-03    0.205E-06    0.205E-06    0.514E-07    0.514E-07    0.000E+00    0.000E+00    0.000E+00    0.000E+00
     8.294     0.819    0.949E-02    0.805E-03    0.135E-03    0.194E-06    0.194E-06    0.475E-07    0.475E-07    0.000E+00    0.000E+00    0.000E+00    0.000E+00
     8.294     0.820    0.931E-02    0.788E-03    0.131E-03    0.183E-06    0.183E-06    0.439E-07    0.439E-07    0.000E+00    0.000E+00    0.000E+00    0.000E+00
     8.294     0.821    0.913E-02    0.771E-03    0.127E-03    0.173E-06    0.173E-06    0.405E-07    0.405E-07    0.000E+00    0.000E+00    0.000E+00    0.000E+00
     8.294     0.822    0.895E-02    0.754E-03    0.123E-03    0.164E-06    0.164E-06    0.373E-07    0.373E-07    0.000E+00    0.000E+00    0.000E+00    0.000E+00
     8.294     0.823    0.877E-02    0.738E-03    0.119E-03    0.154E-06    0.154E-06    0.343E-07    0.343E-07    0.000E+00    0.000E+00    0.000E+00    0.000E+00
     8.294     0.824    0.860E-02    0.722E-03    0.115E-03    0.146E-06    0.146E-06    0.315E-07    0.315E-07    0.000E+00    0.000E+00    0.000E+00    0.000E+00
     8.294     0.825    0.842E-02    0.707E-03    0.111E-03    0.138E-06    0.138E-06    0.289E-07    0.289E-07    0.000E+00    0.000E+00    0.000E+00    0.000E+00
     8.294     0.826    0.825E-02    0.691E-03    0.107E-03    0.130E-06    0.130E-06    0.264E-07    0.264E-07    0.000E+00    0.000E+00    0.000E+00    0.000E+00
     8.294     0.827    0.809E-02    0.676E-03    0.104E-03    0.123E-06    0.123E-06    0.241E-07    0.241E-07    0.000E+00    0.000E+00    0.000E+00    0.000E+00
     8.294     0.828    0.792E-02    0.662E-03    0.100E-03    0.116E-06    0.116E-06    0.220E-07    0.220E-07    0.000E+00    0.000E+00    0.000E+00    0.000E+00
     8.294     0.829    0.776E-02    0.647E-03    0.969E-04    0.109E-06    0.109E-06    0.201E-07    0.201E-07    0.000E+00    0.000E+00    0.000E+00    0.000E+00
     8.294     0.830    0.760E-02    0.633E-03    0.937E-04    0.103E-06    0.103E-06    0.183E-07    0.183E-07    0.000E+00    0.000E+00    0.000E+00    0.000E+00
     8.294     0.831    0.744E-02    0.619E-03    0.906E-04    0.974E-07    0.974E-07    0.167E-07    0.167E-07    0.000E+00    0.000E+00    0.000E+00    0.000E+00
     8.294     0.832    0.729E-02    0.605E-03    0.875E-04    0.920E-07    0.920E-07    0.152E-07    0.152E-07    0.000E+00    0.000E+00    0.000E+00    0.000E+00
     8.294     0.833    0.713E-02    0.592E-03    0.846E-04    0.870E-07    0.870E-07    0.138E-07    0.138E-07    0.000E+00    0.000E+00    0.000E+00    0.000E+00
     8.294     0.834    0.698E-02    0.579E-03    0.817E-04    0.822E-07    0.822E-07    0.125E-07    0.125E-07    0.000E+00    0.000E+00    0.000E+00    0.000E+00
     8.294     0.835    0.683E-02    0.566E-03    0.789E-04    0.778E-07    0.778E-07    0.114E-07    0.114E-07    0.000E+00    0.000E+00    0.000E+00    0.000E+00
     8.294     0.836    0.669E-02    0.553E-03    0.763E-04    0.736E-07    0.736E-07    0.104E-07    0.104E-07    0.000E+00    0.000E+00    0.000E+00    0.000E+00
     8.294     0.837    0.654E-02    0.540E-03    0.736E-04    0.687E-07    0.687E-07    0.908E-08    0.908E-08    0.000E+00    0.000E+00    0.000E+00    0.000E+00
     8.294     0.838    0.640E-02    0.528E-03    0.709E-04    0.641E-07    0.641E-07    0.791E-08    0.791E-08    0.000E+00    0.000E+00    0.000E+00    0.000E+00
     8.294     0.839    0.626E-02    0.516E-03    0.684E-04    0.598E-07    0.598E-07    0.683E-08    0.683E-08    0.000E+00    0.000E+00    0.000E+00    0.000E+00
     8.294     0.840    0.612E-02    0.504E-03    0.659E-04    0.557E-07    0.557E-07    0.584E-08    0.584E-08    0.000E+00    0.000E+00    0.000E+00    0.000E+00
     8.294     0.841    0.599E-02    0.492E-03    0.636E-04    0.518E-07    0.518E-07    0.495E-08    0.495E-08    0.000E+00    0.000E+00    0.000E+00    0.000E+00
     8.294     0.842    0.585E-02    0.481E-03    0.612E-04    0.482E-07    0.482E-07    0.414E-08    0.414E-08    0.000E+00    0.000E+00    0.000E+00    0.000E+00
     8.294     0.843    0.572E-02    0.469E-03    0.590E-04    0.447E-07    0.447E-07    0.341E-08    0.341E-08    0.000E+00    0.000E+00    0.000E+00    0.000E+00
     8.294     0.844    0.559E-02    0.458E-03    0.569E-04    0.415E-07    0.415E-07    0.275E-08    0.275E-08    0.000E+00    0.000E+00    0.000E+00    0.000E+00
     8.294     0.845    0.547E-02    0.447E-03    0.548E-04    0.385E-07    0.385E-07    0.218E-08    0.218E-08    0.000E+00    0.000E+00    0.000E+00    0.000E+00
     8.294     0.846    0.534E-02    0.437E-03    0.527E-04    0.357E-07    0.357E-07    0.167E-08    0.167E-08    0.000E+00    0.000E+00    0.000E+00    0.000E+00
     8.294     0.847    0.522E-02    0.426E-03    0.508E-04    0.331E-07    0.331E-07    0.123E-08    0.123E-08    0.000E+00    0.000E+00    0.000E+00    0.000E+00
     8.294     0.848    0.510E-02    0.416E-03    0.489E-04    0.306E-07    0.306E-07    0.860E-09    0.860E-09    0.000E+00    0.000E+00    0.000E+00    0.000E+00
     8.294     0.849    0.498E-02    0.406E-03    0.471E-04    0.284E-07    0.284E-07    0.548E-09    0.548E-09    0.000E+00    0.000E+00    0.000E+00    0.000E+00
     8.294     0.850    0.486E-02    0.396E-03    0.453E-04    0.262E-07    0.262E-07    0.293E-09    0.293E-09    0.000E+00    0.000E+00    0.000E+00    0.000E+00
     8.294     0.851    0.474E-02    0.386E-03    0.436E-04    0.243E-07    0.243E-07    0.914E-10    0.914E-10    0.000E+00    0.000E+00    0.000E+00    0.000E+00
     8.294     0.852    0.463E-02    0.377E-03    0.419E-04    0.225E-07    0.225E-07    0.000E+00    0.000E+00    0.000E+00    0.000E+00    0.000E+00    0.000E+00
     8.294     0.853    0.452E-02    0.368E-03    0.404E-04    0.209E-07    0.209E-07    0.000E+00    0.000E+00    0.000E+00    0.000E+00    0.000E+00    0.000E+00
     8.294     0.854    0.441E-02    0.359E-03    0.388E-04    0.194E-07    0.194E-07    0.000E+00    0.000E+00    0.000E+00    0.000E+00    0.000E+00    0.000E+00
     8.294     0.855    0.430E-02    0.350E-03    0.374E-04    0.180E-07    0.180E-07    0.000E+00    0.000E+00    0.000E+00    0.000E+00    0.000E+00    0.000E+00
     8.294     0.856    0.420E-02    0.341E-03    0.359E-04    0.167E-07    0.167E-07    0.000E+00    0.000E+00    0.000E+00    0.000E+00    0.000E+00    0.000E+00
     8.294     0.857    0.409E-02    0.332E-03    0.346E-04    0.156E-07    0.156E-07    0.000E+00    0.000E+00    0.000E+00    0.000E+00    0.000E+00    0.000E+00
     8.294     0.858    0.399E-02    0.324E-03    0.332E-04    0.145E-07    0.145E-07    0.000E+00    0.000E+00    0.000E+00    0.000E+00    0.000E+00    0.000E+00
     8.294     0.859    0.389E-02    0.316E-03    0.320E-04    0.136E-07    0.136E-07    0.000E+00    0.000E+00    0.000E+00    0.000E+00    0.000E+00    0.000E+00
     8.294     0.860    0.379E-02    0.308E-03    0.307E-04    0.124E-07    0.124E-07    0.000E+00    0.000E+00    0.000E+00    0.000E+00    0.000E+00    0.000E+00
     8.294     0.861    0.370E-02    0.300E-03    0.294E-04    0.111E-07    0.111E-07    0.000E+00    0.000E+00    0.000E+00    0.000E+00    0.000E+00    0.000E+00
     8.294     0.862    0.360E-02    0.292E-03    0.282E-04    0.997E-08    0.997E-08    0.000E+00    0.000E+00    0.000E+00    0.000E+00    0.000E+00    0.000E+00
     8.294     0.863    0.351E-02    0.284E-03    0.270E-04    0.890E-08    0.890E-08    0.000E+00    0.000E+00    0.000E+00    0.000E+00    0.000E+00    0.000E+00
     8.294     0.864    0.342E-02    0.277E-03    0.259E-04    0.791E-08    0.791E-08    0.000E+00    0.000E+00    0.000E+00    0.000E+00    0.000E+00    0.000E+00
     8.294     0.865    0.333E-02    0.269E-03    0.248E-04    0.700E-08    0.700E-08    0.000E+00    0.000E+00    0.000E+00    0.000E+00    0.000E+00    0.000E+00
     8.294     0.866    0.324E-02    0.262E-03    0.238E-04    0.616E-08    0.616E-08    0.000E+00    0.000E+00    0.000E+00    0.000E+00    0.000E+00    0.000E+00
     8.294     0.867    0.315E-02    0.255E-03    0.228E-04    0.538E-08    0.538E-08    0.000E+00    0.000E+00    0.000E+00    0.000E+00    0.000E+00    0.000E+00
     8.294     0.868    0.307E-02    0.248E-03    0.218E-04    0.468E-08    0.468E-08    0.000E+00    0.000E+00    0.000E+00    0.000E+00    0.000E+00    0.000E+00
     8.294     0.869    0.298E-02    0.241E-03    0.209E-04    0.404E-08    0.404E-08    0.000E+00    0.000E+00    0.000E+00    0.000E+00    0.000E+00    0.000E+00
     8.294     0.870    0.290E-02    0.235E-03    0.200E-04    0.346E-08    0.346E-08    0.000E+00    0.000E+00    0.000E+00    0.000E+00    0.000E+00    0.000E+00
     8.294     0.871    0.282E-02    0.228E-03    0.191E-04    0.294E-08    0.294E-08    0.000E+00    0.000E+00    0.000E+00    0.000E+00    0.000E+00    0.000E+00
     8.294     0.872    0.274E-02    0.222E-03    0.183E-04    0.248E-08    0.248E-08    0.000E+00    0.000E+00    0.000E+00    0.000E+00    0.000E+00    0.000E+00
     8.294     0.873    0.267E-02    0.215E-03    0.175E-04    0.208E-08    0.208E-08    0.000E+00    0.000E+00    0.000E+00    0.000E+00    0.000E+00    0.000E+00
     8.294     0.874    0.259E-02    0.209E-03    0.167E-04    0.172E-08    0.172E-08    0.000E+00    0.000E+00    0.000E+00    0.000E+00    0.000E+00    0.000E+00
     8.294     0.875    0.252E-02    0.203E-03    0.160E-04    0.141E-08    0.141E-08    0.000E+00    0.000E+00    0.000E+00    0.000E+00    0.000E+00    0.000E+00
     8.294     0.876    0.244E-02    0.198E-03    0.153E-04    0.115E-08    0.115E-08    0.000E+00    0.000E+00    0.000E+00    0.000E+00    0.000E+00    0.000E+00
     8.294     0.877    0.237E-02    0.192E-03    0.146E-04    0.928E-09    0.928E-09    0.000E+00    0.000E+00    0.000E+00    0.000E+00    0.000E+00    0.000E+00
     8.294     0.878    0.230E-02    0.186E-03    0.140E-04    0.748E-09    0.748E-09    0.000E+00    0.000E+00    0.000E+00    0.000E+00    0.000E+00    0.000E+00
     8.294     0.879    0.224E-02    0.181E-03    0.134E-04    0.605E-09    0.605E-09    0.000E+00    0.000E+00    0.000E+00    0.000E+00    0.000E+00    0.000E+00
     8.294     0.880    0.217E-02    0.176E-03    0.128E-04    0.497E-09    0.497E-09    0.000E+00    0.000E+00    0.000E+00    0.000E+00    0.000E+00    0.000E+00
     8.294     0.881    0.211E-02    0.170E-03    0.122E-04    0.419E-09    0.419E-09    0.000E+00    0.000E+00    0.000E+00    0.000E+00    0.000E+00    0.000E+00
     8.294     0.882    0.204E-02    0.165E-03    0.117E-04    0.370E-09    0.370E-09    0.000E+00    0.000E+00    0.000E+00    0.000E+00    0.000E+00    0.000E+00
     8.294     0.883    0.198E-02    0.160E-03    0.112E-04    0.253E-09    0.253E-09    0.000E+00    0.000E+00    0.000E+00    0.000E+00    0.000E+00    0.000E+00
     8.294     0.884    0.192E-02    0.156E-03    0.106E-04    0.711E-10    0.711E-10    0.000E+00    0.000E+00    0.000E+00    0.000E+00    0.000E+00    0.000E+00
     8.294     0.885    0.186E-02    0.151E-03    0.101E-04    0.000E+00    0.000E+00    0.000E+00    0.000E+00    0.000E+00    0.000E+00    0.000E+00    0.000E+00
     8.294     0.886    0.180E-02    0.146E-03    0.961E-05    0.000E+00    0.000E+00    0.000E+00    0.000E+00    0.000E+00    0.000E+00    0.000E+00    0.000E+00
     8.294     0.887    0.174E-02    0.141E-03    0.913E-05    0.000E+00    0.000E+00    0.000E+00    0.000E+00    0.000E+00    0.000E+00    0.000E+00    0.000E+00
     8.294     0.888    0.169E-02    0.137E-03    0.868E-05    0.000E+00    0.000E+00    0.000E+00    0.000E+00    0.000E+00    0.000E+00    0.000E+00    0.000E+00
     8.294     0.889    0.163E-02    0.133E-03    0.824E-05    0.000E+00    0.000E+00    0.000E+00    0.000E+00    0.000E+00    0.000E+00    0.000E+00    0.000E+00
     8.294     0.890    0.158E-02    0.128E-03    0.783E-05    0.000E+00    0.000E+00    0.000E+00    0.000E+00    0.000E+00    0.000E+00    0.000E+00    0.000E+00
     8.294     0.891    0.153E-02    0.124E-03    0.743E-05    0.000E+00    0.000E+00    0.000E+00    0.000E+00    0.000E+00    0.000E+00    0.000E+00    0.000E+00
     8.294     0.892    0.148E-02    0.120E-03    0.705E-05    0.000E+00    0.000E+00    0.000E+00    0.000E+00    0.000E+00    0.000E+00    0.000E+00    0.000E+00
     8.294     0.893    0.143E-02    0.116E-03    0.669E-05    0.000E+00    0.000E+00    0.000E+00    0.000E+00    0.000E+00    0.000E+00    0.000E+00    0.000E+00
     8.294     0.894    0.138E-02    0.112E-03    0.635E-05    0.000E+00    0.000E+00    0.000E+00    0.000E+00    0.000E+00    0.000E+00    0.000E+00    0.000E+00
     8.294     0.895    0.133E-02    0.109E-03    0.602E-05    0.000E+00    0.000E+00    0.000E+00    0.000E+00    0.000E+00    0.000E+00    0.000E+00    0.000E+00
     8.294     0.896    0.129E-02    0.105E-03    0.571E-05    0.000E+00    0.000E+00    0.000E+00    0.000E+00    0.000E+00    0.000E+00    0.000E+00    0.000E+00
     8.294     0.897    0.124E-02    0.101E-03    0.542E-05    0.000E+00    0.000E+00    0.000E+00    0.000E+00    0.000E+00    0.000E+00    0.000E+00    0.000E+00
     8.294     0.898    0.120E-02    0.978E-04    0.514E-05    0.000E+00    0.000E+00    0.000E+00    0.000E+00    0.000E+00    0.000E+00    0.000E+00    0.000E+00
     8.294     0.899    0.116E-02    0.944E-04    0.487E-05    0.000E+00    0.000E+00    0.000E+00    0.000E+00    0.000E+00    0.000E+00    0.000E+00    0.000E+00
     8.294     0.900    0.111E-02    0.911E-04    0.462E-05    0.000E+00    0.000E+00    0.000E+00    0.000E+00    0.000E+00    0.000E+00    0.000E+00    0.000E+00
     8.294     0.901    0.107E-02    0.879E-04    0.438E-05    0.000E+00    0.000E+00    0.000E+00    0.000E+00    0.000E+00    0.000E+00    0.000E+00    0.000E+00
     8.294     0.902    0.104E-02    0.848E-04    0.415E-05    0.000E+00    0.000E+00    0.000E+00    0.000E+00    0.000E+00    0.000E+00    0.000E+00    0.000E+00
     8.294     0.903    0.997E-03    0.818E-04    0.394E-05    0.000E+00    0.000E+00    0.000E+00    0.000E+00    0.000E+00    0.000E+00    0.000E+00    0.000E+00
     8.294     0.904    0.960E-03    0.788E-04    0.374E-05    0.000E+00    0.000E+00    0.000E+00    0.000E+00    0.000E+00    0.000E+00    0.000E+00    0.000E+00
     8.294     0.905    0.924E-03    0.759E-04    0.355E-05    0.000E+00    0.000E+00    0.000E+00    0.000E+00    0.000E+00    0.000E+00    0.000E+00    0.000E+00
     8.294     0.906    0.889E-03    0.731E-04    0.336E-05    0.000E+00    0.000E+00    0.000E+00    0.000E+00    0.000E+00    0.000E+00    0.000E+00    0.000E+00
     8.294     0.907    0.854E-03    0.703E-04    0.316E-05    0.000E+00    0.000E+00    0.000E+00    0.000E+00    0.000E+00    0.000E+00    0.000E+00    0.000E+00
     8.294     0.908    0.821E-03    0.677E-04    0.297E-05    0.000E+00    0.000E+00    0.000E+00    0.000E+00    0.000E+00    0.000E+00    0.000E+00    0.000E+00
     8.294     0.909    0.788E-03    0.650E-04    0.279E-05    0.000E+00    0.000E+00    0.000E+00    0.000E+00    0.000E+00    0.000E+00    0.000E+00    0.000E+00
     8.294     0.910    0.757E-03    0.625E-04    0.262E-05    0.000E+00    0.000E+00    0.000E+00    0.000E+00    0.000E+00    0.000E+00    0.000E+00    0.000E+00
     8.294     0.911    0.726E-03    0.600E-04    0.246E-05    0.000E+00    0.000E+00    0.000E+00    0.000E+00    0.000E+00    0.000E+00    0.000E+00    0.000E+00
     8.294     0.912    0.697E-03    0.576E-04    0.231E-05    0.000E+00    0.000E+00    0.000E+00    0.000E+00    0.000E+00    0.000E+00    0.000E+00    0.000E+00
     8.294     0.913    0.668E-03    0.553E-04    0.216E-05    0.000E+00    0.000E+00    0.000E+00    0.000E+00    0.000E+00    0.000E+00    0.000E+00    0.000E+00
     8.294     0.914    0.640E-03    0.530E-04    0.202E-05    0.000E+00    0.000E+00    0.000E+00    0.000E+00    0.000E+00    0.000E+00    0.000E+00    0.000E+00
     8.294     0.915    0.613E-03    0.508E-04    0.189E-05    0.000E+00    0.000E+00    0.000E+00    0.000E+00    0.000E+00    0.000E+00    0.000E+00    0.000E+00
     8.294     0.916    0.586E-03    0.487E-04    0.177E-05    0.000E+00    0.000E+00    0.000E+00    0.000E+00    0.000E+00    0.000E+00    0.000E+00    0.000E+00
     8.294     0.917    0.561E-03    0.467E-04    0.166E-05    0.000E+00    0.000E+00    0.000E+00    0.000E+00    0.000E+00    0.000E+00    0.000E+00    0.000E+00
     8.294     0.918    0.536E-03    0.447E-04    0.155E-05    0.000E+00    0.000E+00    0.000E+00    0.000E+00    0.000E+00    0.000E+00    0.000E+00    0.000E+00
     8.294     0.919    0.513E-03    0.427E-04    0.145E-05    0.000E+00    0.000E+00    0.000E+00    0.000E+00    0.000E+00    0.000E+00    0.000E+00    0.000E+00
     8.294     0.920    0.490E-03    0.409E-04    0.136E-05    0.000E+00    0.000E+00    0.000E+00    0.000E+00    0.000E+00    0.000E+00    0.000E+00    0.000E+00
     8.294     0.921    0.467E-03    0.391E-04    0.127E-05    0.000E+00    0.000E+00    0.000E+00    0.000E+00    0.000E+00    0.000E+00    0.000E+00    0.000E+00
     8.294     0.922    0.446E-03    0.373E-04    0.119E-05    0.000E+00    0.000E+00    0.000E+00    0.000E+00    0.000E+00    0.000E+00    0.000E+00    0.000E+00
     8.294     0.923    0.425E-03    0.356E-04    0.111E-05    0.000E+00    0.000E+00    0.000E+00    0.000E+00    0.000E+00    0.000E+00    0.000E+00    0.000E+00
     8.294     0.924    0.405E-03    0.340E-04    0.104E-05    0.000E+00    0.000E+00    0.000E+00    0.000E+00    0.000E+00    0.000E+00    0.000E+00    0.000E+00
     8.294     0.925    0.386E-03    0.324E-04    0.975E-06    0.000E+00    0.000E+00    0.000E+00    0.000E+00    0.000E+00    0.000E+00    0.000E+00    0.000E+00
     8.294     0.926    0.367E-03    0.309E-04    0.915E-06    0.000E+00    0.000E+00    0.000E+00    0.000E+00    0.000E+00    0.000E+00    0.000E+00    0.000E+00
     8.294     0.927    0.349E-03    0.294E-04    0.859E-06    0.000E+00    0.000E+00    0.000E+00    0.000E+00    0.000E+00    0.000E+00    0.000E+00    0.000E+00
     8.294     0.928    0.332E-03    0.280E-04    0.807E-06    0.000E+00    0.000E+00    0.000E+00    0.000E+00    0.000E+00    0.000E+00    0.000E+00    0.000E+00
     8.294     0.929    0.315E-03    0.267E-04    0.760E-06    0.000E+00    0.000E+00    0.000E+00    0.000E+00    0.000E+00    0.000E+00    0.000E+00    0.000E+00
     8.294     0.930    0.299E-03    0.253E-04    0.705E-06    0.000E+00    0.000E+00    0.000E+00    0.000E+00    0.000E+00    0.000E+00    0.000E+00    0.000E+00
     8.294     0.931    0.283E-03    0.240E-04    0.649E-06    0.000E+00    0.000E+00    0.000E+00    0.000E+00    0.000E+00    0.000E+00    0.000E+00    0.000E+00
     8.294     0.932    0.268E-03    0.228E-04    0.596E-06    0.000E+00    0.000E+00    0.000E+00    0.000E+00    0.000E+00    0.000E+00    0.000E+00    0.000E+00
     8.294     0.933    0.254E-03    0.216E-04    0.547E-06    0.000E+00    0.000E+00    0.000E+00    0.000E+00    0.000E+00    0.000E+00    0.000E+00    0.000E+00
     8.294     0.934    0.240E-03    0.204E-04    0.501E-06    0.000E+00    0.000E+00    0.000E+00    0.000E+00    0.000E+00    0.000E+00    0.000E+00    0.000E+00
     8.294     0.935    0.226E-03    0.193E-04    0.458E-06    0.000E+00    0.000E+00    0.000E+00    0.000E+00    0.000E+00    0.000E+00    0.000E+00    0.000E+00
     8.294     0.936    0.213E-03    0.183E-04    0.419E-06    0.000E+00    0.000E+00    0.000E+00    0.000E+00    0.000E+00    0.000E+00    0.000E+00    0.000E+00
     8.294     0.937    0.201E-03    0.172E-04    0.382E-06    0.000E+00    0.000E+00    0.000E+00    0.000E+00    0.000E+00    0.000E+00    0.000E+00    0.000E+00
     8.294     0.938    0.189E-03    0.162E-04    0.348E-06    0.000E+00    0.000E+00    0.000E+00    0.000E+00    0.000E+00    0.000E+00    0.000E+00    0.000E+00
     8.294     0.939    0.178E-03    0.153E-04    0.317E-06    0.000E+00    0.000E+00    0.000E+00    0.000E+00    0.000E+00    0.000E+00    0.000E+00    0.000E+00
     8.294     0.940    0.167E-03    0.144E-04    0.288E-06    0.000E+00    0.000E+00    0.000E+00    0.000E+00    0.000E+00    0.000E+00    0.000E+00    0.000E+00
     8.294     0.941    0.157E-03    0.135E-04    0.262E-06    0.000E+00    0.000E+00    0.000E+00    0.000E+00    0.000E+00    0.000E+00    0.000E+00    0.000E+00
     8.294     0.942    0.147E-03    0.127E-04    0.238E-06    0.000E+00    0.000E+00    0.000E+00    0.000E+00    0.000E+00    0.000E+00    0.000E+00    0.000E+00
     8.294     0.943    0.138E-03    0.119E-04    0.216E-06    0.000E+00    0.000E+00    0.000E+00    0.000E+00    0.000E+00    0.000E+00    0.000E+00    0.000E+00
     8.294     0.944    0.129E-03    0.112E-04    0.197E-06    0.000E+00    0.000E+00    0.000E+00    0.000E+00    0.000E+00    0.000E+00    0.000E+00    0.000E+00
     8.294     0.945    0.120E-03    0.105E-04    0.180E-06    0.000E+00    0.000E+00    0.000E+00    0.000E+00    0.000E+00    0.000E+00    0.000E+00    0.000E+00
     8.294     0.946    0.112E-03    0.978E-05    0.164E-06    0.000E+00    0.000E+00    0.000E+00    0.000E+00    0.000E+00    0.000E+00    0.000E+00    0.000E+00
     8.294     0.947    0.105E-03    0.913E-05    0.151E-06    0.000E+00    0.000E+00    0.000E+00    0.000E+00    0.000E+00    0.000E+00    0.000E+00    0.000E+00
     8.294     0.948    0.974E-04    0.851E-05    0.139E-06    0.000E+00    0.000E+00    0.000E+00    0.000E+00    0.000E+00    0.000E+00    0.000E+00    0.000E+00
     8.294     0.949    0.905E-04    0.792E-05    0.129E-06    0.000E+00    0.000E+00    0.000E+00    0.000E+00    0.000E+00    0.000E+00    0.000E+00    0.000E+00
     8.294     0.950    0.840E-04    0.737E-05    0.120E-06    0.000E+00    0.000E+00    0.000E+00    0.000E+00    0.000E+00    0.000E+00    0.000E+00    0.000E+00
     8.294     0.951    0.779E-04    0.684E-05    0.112E-06    0.000E+00    0.000E+00    0.000E+00    0.000E+00    0.000E+00    0.000E+00    0.000E+00    0.000E+00
     8.294     0.952    0.721E-04    0.634E-05    0.106E-06    0.000E+00    0.000E+00    0.000E+00    0.000E+00    0.000E+00    0.000E+00    0.000E+00    0.000E+00
     8.294     0.953    0.666E-04    0.586E-05    0.992E-07    0.000E+00    0.000E+00    0.000E+00    0.000E+00    0.000E+00    0.000E+00    0.000E+00    0.000E+00
     8.294     0.954    0.608E-04    0.537E-05    0.870E-07    0.000E+00    0.000E+00    0.000E+00    0.000E+00    0.000E+00    0.000E+00    0.000E+00    0.000E+00
     8.294     0.955    0.554E-04    0.491E-05    0.758E-07    0.000E+00    0.000E+00    0.000E+00    0.000E+00    0.000E+00    0.000E+00    0.000E+00    0.000E+00
     8.294     0.956    0.504E-04    0.447E-05    0.655E-07    0.000E+00    0.000E+00    0.000E+00    0.000E+00    0.000E+00    0.000E+00    0.000E+00    0.000E+00
     8.294     0.957    0.455E-04    0.405E-05    0.561E-07    0.000E+00    0.000E+00    0.000E+00    0.000E+00    0.000E+00    0.000E+00    0.000E+00    0.000E+00
     8.294     0.958    0.410E-04    0.366E-05    0.476E-07    0.000E+00    0.000E+00    0.000E+00    0.000E+00    0.000E+00    0.000E+00    0.000E+00    0.000E+00
     8.294     0.959    0.368E-04    0.329E-05    0.399E-07    0.000E+00    0.000E+00    0.000E+00    0.000E+00    0.000E+00    0.000E+00    0.000E+00    0.000E+00
     8.294     0.960    0.328E-04    0.295E-05    0.330E-07    0.000E+00    0.000E+00    0.000E+00    0.000E+00    0.000E+00    0.000E+00    0.000E+00    0.000E+00
     8.294     0.961    0.291E-04    0.262E-05    0.268E-07    0.000E+00    0.000E+00    0.000E+00    0.000E+00    0.000E+00    0.000E+00    0.000E+00    0.000E+00
     8.294     0.962    0.256E-04    0.232E-05    0.213E-07    0.000E+00    0.000E+00    0.000E+00    0.000E+00    0.000E+00    0.000E+00    0.000E+00    0.000E+00
     8.294     0.963    0.224E-04    0.204E-05    0.166E-07    0.000E+00    0.000E+00    0.000E+00    0.000E+00    0.000E+00    0.000E+00    0.000E+00    0.000E+00
     8.294     0.964    0.194E-04    0.177E-05    0.124E-07    0.000E+00    0.000E+00    0.000E+00    0.000E+00    0.000E+00    0.000E+00    0.000E+00    0.000E+00
     8.294     0.965    0.167E-04    0.153E-05    0.894E-08    0.000E+00    0.000E+00    0.000E+00    0.000E+00    0.000E+00    0.000E+00    0.000E+00    0.000E+00
     8.294     0.966    0.141E-04    0.130E-05    0.603E-08    0.000E+00    0.000E+00    0.000E+00    0.000E+00    0.000E+00    0.000E+00    0.000E+00    0.000E+00
     8.294     0.967    0.118E-04    0.109E-05    0.367E-08    0.000E+00    0.000E+00    0.000E+00    0.000E+00    0.000E+00    0.000E+00    0.000E+00    0.000E+00
     8.294     0.968    0.971E-05    0.904E-06    0.183E-08    0.000E+00    0.000E+00    0.000E+00    0.000E+00    0.000E+00    0.000E+00    0.000E+00    0.000E+00
     8.294     0.969    0.780E-05    0.730E-06    0.462E-09    0.000E+00    0.000E+00    0.000E+00    0.000E+00    0.000E+00    0.000E+00    0.000E+00    0.000E+00
     8.294     0.970    0.607E-05    0.572E-06    0.000E+00    0.000E+00    0.000E+00    0.000E+00    0.000E+00    0.000E+00    0.000E+00    0.000E+00    0.000E+00
     8.294     0.971    0.453E-05    0.429E-06    0.000E+00    0.000E+00    0.000E+00    0.000E+00    0.000E+00    0.000E+00    0.000E+00    0.000E+00    0.000E+00
     8.294     0.972    0.315E-05    0.301E-06    0.000E+00    0.000E+00    0.000E+00    0.000E+00    0.000E+00    0.000E+00    0.000E+00    0.000E+00    0.000E+00
     8.294     0.973    0.194E-05    0.187E-06    0.000E+00    0.000E+00    0.000E+00    0.000E+00    0.000E+00    0.000E+00    0.000E+00    0.000E+00    0.000E+00
     8.294     0.974    0.889E-06    0.863E-07    0.000E+00    0.000E+00    0.000E+00    0.000E+00    0.000E+00    0.000E+00    0.000E+00    0.000E+00    0.000E+00
     8.294     0.975    0.000E+00    0.000E+00    0.407E-09    0.000E+00    0.000E+00    0.000E+00    0.000E+00    0.000E+00    0.000E+00    0.000E+00    0.000E+00
     8.294     0.976    0.000E+00    0.000E+00    0.142E-08    0.000E+00    0.000E+00    0.000E+00    0.000E+00    0.000E+00    0.000E+00    0.000E+00    0.000E+00
     8.294     0.977    0.000E+00    0.000E+00    0.264E-08    0.000E+00    0.000E+00    0.000E+00    0.000E+00    0.000E+00    0.000E+00    0.000E+00    0.000E+00
     8.294     0.978    0.000E+00    0.000E+00    0.401E-08    0.000E+00    0.000E+00    0.000E+00    0.000E+00    0.000E+00    0.000E+00    0.000E+00    0.000E+00
     8.294     0.979    0.000E+00    0.000E+00    0.551E-08    0.000E+00    0.000E+00    0.000E+00    0.000E+00    0.000E+00    0.000E+00    0.000E+00    0.000E+00
     8.294     0.980    0.000E+00    0.000E+00    0.709E-08    0.000E+00    0.000E+00    0.000E+00    0.000E+00    0.000E+00    0.000E+00    0.000E+00    0.000E+00
     8.294     0.981    0.000E+00    0.000E+00    0.873E-08    0.000E+00    0.000E+00    0.000E+00    0.000E+00    0.000E+00    0.000E+00    0.000E+00    0.000E+00
     8.294     0.982    0.000E+00    0.000E+00    0.104E-07    0.000E+00    0.000E+00    0.000E+00    0.000E+00    0.000E+00    0.000E+00    0.000E+00    0.000E+00
     8.294     0.983    0.000E+00    0.000E+00    0.120E-07    0.000E+00    0.000E+00    0.000E+00    0.000E+00    0.000E+00    0.000E+00    0.000E+00    0.000E+00
     8.294     0.984    0.000E+00    0.000E+00    0.136E-07    0.000E+00    0.000E+00    0.000E+00    0.000E+00    0.000E+00    0.000E+00    0.000E+00    0.000E+00
     8.294     0.985    0.000E+00    0.000E+00    0.151E-07    0.000E+00    0.000E+00    0.000E+00    0.000E+00    0.000E+00    0.000E+00    0.000E+00    0.000E+00
     8.294     0.986    0.000E+00    0.000E+00    0.164E-07    0.000E+00    0.000E+00    0.000E+00    0.000E+00    0.000E+00    0.000E+00    0.000E+00    0.000E+00
     8.294     0.987    0.000E+00    0.000E+00    0.176E-07    0.000E+00    0.000E+00    0.000E+00    0.000E+00    0.000E+00    0.000E+00    0.000E+00    0.000E+00
     8.294     0.988    0.000E+00    0.000E+00    0.186E-07    0.000E+00    0.000E+00    0.000E+00    0.000E+00    0.000E+00    0.000E+00    0.000E+00    0.000E+00
     8.294     0.989    0.000E+00    0.000E+00    0.193E-07    0.000E+00    0.000E+00    0.000E+00    0.000E+00    0.000E+00    0.000E+00    0.000E+00    0.000E+00
     8.294     0.990    0.000E+00    0.000E+00    0.197E-07    0.000E+00    0.000E+00    0.000E+00    0.000E+00    0.000E+00    0.000E+00    0.000E+00    0.000E+00
     8.294     0.991    0.000E+00    0.000E+00    0.198E-07    0.000E+00    0.000E+00    0.000E+00    0.000E+00    0.000E+00    0.000E+00    0.000E+00    0.000E+00
     8.294     0.992    0.000E+00    0.000E+00    0.196E-07    0.000E+00    0.000E+00    0.000E+00    0.000E+00    0.000E+00    0.000E+00    0.000E+00    0.000E+00
     8.294     0.993    0.000E+00    0.000E+00    0.189E-07    0.000E+00    0.000E+00    0.000E+00    0.000E+00    0.000E+00    0.000E+00    0.000E+00    0.000E+00
     8.294     0.994    0.000E+00    0.000E+00    0.179E-07    0.000E+00    0.000E+00    0.000E+00    0.000E+00    0.000E+00    0.000E+00    0.000E+00    0.000E+00
     8.294     0.995    0.000E+00    0.000E+00    0.163E-07    0.000E+00    0.000E+00    0.000E+00    0.000E+00    0.000E+00    0.000E+00    0.000E+00    0.000E+00
     8.294     0.996    0.000E+00    0.000E+00    0.142E-07    0.000E+00    0.000E+00    0.000E+00    0.000E+00    0.000E+00    0.000E+00    0.000E+00    0.000E+00
     8.294     0.997    0.000E+00    0.000E+00    0.116E-07    0.000E+00    0.000E+00    0.000E+00    0.000E+00    0.000E+00    0.000E+00    0.000E+00    0.000E+00
     8.294     0.998    0.193E-07    0.000E+00    0.837E-08    0.000E+00    0.000E+00    0.000E+00    0.000E+00    0.000E+00    0.000E+00    0.000E+00    0.000E+00
     8.294     0.999    0.464E-07    0.000E+00    0.452E-08    0.000E+00    0.000E+00    0.000E+00    0.000E+00    0.000E+00    0.000E+00    0.000E+00    0.000E+00

