     Q**2          x         u           d           g          ub          db          sb          s          cb          c          bb          b
     9.699     0.001    0.594E+00    0.554E+00    0.113E+02    0.525E+00    0.533E+00    0.317E+00    0.317E+00    0.176E+00    0.176E+00    0.000E+00    0.000E+00
     9.699     0.002    0.537E+00    0.496E+00    0.892E+01    0.448E+00    0.460E+00    0.268E+00    0.268E+00    0.144E+00    0.144E+00    0.000E+00    0.000E+00
     9.699     0.003    0.510E+00    0.469E+00    0.767E+01    0.406E+00    0.420E+00    0.242E+00    0.242E+00    0.128E+00    0.128E+00    0.000E+00    0.000E+00
     9.699     0.004    0.495E+00    0.455E+00    0.694E+01    0.379E+00    0.395E+00    0.225E+00    0.225E+00    0.117E+00    0.117E+00    0.000E+00    0.000E+00
     9.699     0.005    0.486E+00    0.447E+00    0.640E+01    0.359E+00    0.377E+00    0.213E+00    0.213E+00    0.110E+00    0.110E+00    0.000E+00    0.000E+00
     9.699     0.006    0.479E+00    0.441E+00    0.597E+01    0.342E+00    0.361E+00    0.203E+00    0.203E+00    0.103E+00    0.103E+00    0.000E+00    0.000E+00
     9.699     0.007    0.475E+00    0.437E+00    0.564E+01    0.329E+00    0.349E+00    0.195E+00    0.195E+00    0.983E-01    0.983E-01    0.000E+00    0.000E+00
     9.699     0.008    0.470E+00    0.433E+00    0.533E+01    0.317E+00    0.337E+00    0.187E+00    0.187E+00    0.936E-01    0.936E-01    0.000E+00    0.000E+00
     9.699     0.009    0.469E+00    0.432E+00    0.510E+01    0.307E+00    0.328E+00    0.181E+00    0.181E+00    0.900E-01    0.900E-01    0.000E+00    0.000E+00
     9.699     0.010    0.466E+00    0.429E+00    0.487E+01    0.298E+00    0.318E+00    0.175E+00    0.175E+00    0.864E-01    0.864E-01    0.000E+00    0.000E+00
     9.699     0.011    0.466E+00    0.428E+00    0.469E+01    0.290E+00    0.311E+00    0.170E+00    0.170E+00    0.835E-01    0.835E-01    0.000E+00    0.000E+00
     9.699     0.012    0.465E+00    0.427E+00    0.451E+01    0.282E+00    0.303E+00    0.165E+00    0.165E+00    0.806E-01    0.806E-01    0.000E+00    0.000E+00
     9.699     0.013    0.464E+00    0.426E+00    0.436E+01    0.276E+00    0.296E+00    0.161E+00    0.161E+00    0.781E-01    0.781E-01    0.000E+00    0.000E+00
     9.699     0.014    0.465E+00    0.426E+00    0.423E+01    0.270E+00    0.290E+00    0.158E+00    0.158E+00    0.760E-01    0.760E-01    0.000E+00    0.000E+00
     9.699     0.015    0.465E+00    0.425E+00    0.409E+01    0.264E+00    0.284E+00    0.154E+00    0.154E+00    0.738E-01    0.738E-01    0.000E+00    0.000E+00
     9.699     0.016    0.465E+00    0.424E+00    0.398E+01    0.259E+00    0.279E+00    0.151E+00    0.151E+00    0.718E-01    0.718E-01    0.000E+00    0.000E+00
     9.699     0.017    0.467E+00    0.425E+00    0.388E+01    0.254E+00    0.274E+00    0.148E+00    0.148E+00    0.701E-01    0.701E-01    0.000E+00    0.000E+00
     9.699     0.018    0.467E+00    0.424E+00    0.377E+01    0.250E+00    0.269E+00    0.145E+00    0.145E+00    0.683E-01    0.683E-01    0.000E+00    0.000E+00
     9.699     0.019    0.468E+00    0.424E+00    0.368E+01    0.245E+00    0.264E+00    0.142E+00    0.142E+00    0.667E-01    0.667E-01    0.000E+00    0.000E+00
     9.699     0.020    0.469E+00    0.424E+00    0.359E+01    0.241E+00    0.259E+00    0.139E+00    0.139E+00    0.652E-01    0.652E-01    0.000E+00    0.000E+00
     9.699     0.021    0.471E+00    0.424E+00    0.352E+01    0.237E+00    0.255E+00    0.137E+00    0.137E+00    0.638E-01    0.638E-01    0.000E+00    0.000E+00
     9.699     0.022    0.472E+00    0.424E+00    0.344E+01    0.234E+00    0.251E+00    0.134E+00    0.134E+00    0.624E-01    0.624E-01    0.000E+00    0.000E+00
     9.699     0.023    0.473E+00    0.423E+00    0.336E+01    0.230E+00    0.247E+00    0.132E+00    0.132E+00    0.610E-01    0.610E-01    0.000E+00    0.000E+00
     9.699     0.024    0.474E+00    0.423E+00    0.328E+01    0.226E+00    0.243E+00    0.130E+00    0.130E+00    0.597E-01    0.597E-01    0.000E+00    0.000E+00
     9.699     0.025    0.476E+00    0.423E+00    0.322E+01    0.223E+00    0.239E+00    0.128E+00    0.128E+00    0.585E-01    0.585E-01    0.000E+00    0.000E+00
     9.699     0.026    0.478E+00    0.423E+00    0.316E+01    0.220E+00    0.236E+00    0.126E+00    0.126E+00    0.573E-01    0.573E-01    0.000E+00    0.000E+00
     9.699     0.027    0.479E+00    0.423E+00    0.309E+01    0.216E+00    0.232E+00    0.123E+00    0.123E+00    0.562E-01    0.562E-01    0.000E+00    0.000E+00
     9.699     0.028    0.480E+00    0.423E+00    0.303E+01    0.213E+00    0.229E+00    0.122E+00    0.122E+00    0.551E-01    0.551E-01    0.000E+00    0.000E+00
     9.699     0.029    0.482E+00    0.422E+00    0.298E+01    0.211E+00    0.226E+00    0.120E+00    0.120E+00    0.541E-01    0.541E-01    0.000E+00    0.000E+00
     9.699     0.030    0.484E+00    0.422E+00    0.293E+01    0.208E+00    0.223E+00    0.118E+00    0.118E+00    0.531E-01    0.531E-01    0.000E+00    0.000E+00
     9.699     0.031    0.486E+00    0.422E+00    0.288E+01    0.205E+00    0.220E+00    0.116E+00    0.116E+00    0.523E-01    0.523E-01    0.000E+00    0.000E+00
     9.699     0.032    0.487E+00    0.422E+00    0.284E+01    0.203E+00    0.217E+00    0.115E+00    0.115E+00    0.514E-01    0.514E-01    0.000E+00    0.000E+00
     9.699     0.033    0.489E+00    0.422E+00    0.279E+01    0.200E+00    0.215E+00    0.113E+00    0.113E+00    0.506E-01    0.506E-01    0.000E+00    0.000E+00
     9.699     0.034    0.491E+00    0.422E+00    0.275E+01    0.198E+00    0.212E+00    0.112E+00    0.112E+00    0.498E-01    0.498E-01    0.000E+00    0.000E+00
     9.699     0.035    0.492E+00    0.422E+00    0.271E+01    0.196E+00    0.210E+00    0.111E+00    0.111E+00    0.490E-01    0.490E-01    0.000E+00    0.000E+00
     9.699     0.036    0.494E+00    0.422E+00    0.268E+01    0.194E+00    0.207E+00    0.109E+00    0.109E+00    0.483E-01    0.483E-01    0.000E+00    0.000E+00
     9.699     0.037    0.496E+00    0.422E+00    0.265E+01    0.192E+00    0.205E+00    0.108E+00    0.108E+00    0.476E-01    0.476E-01    0.000E+00    0.000E+00
     9.699     0.038    0.498E+00    0.422E+00    0.262E+01    0.190E+00    0.203E+00    0.107E+00    0.107E+00    0.470E-01    0.470E-01    0.000E+00    0.000E+00
     9.699     0.039    0.500E+00    0.422E+00    0.258E+01    0.188E+00    0.201E+00    0.106E+00    0.106E+00    0.463E-01    0.463E-01    0.000E+00    0.000E+00
     9.699     0.040    0.501E+00    0.422E+00    0.254E+01    0.186E+00    0.199E+00    0.104E+00    0.104E+00    0.456E-01    0.456E-01    0.000E+00    0.000E+00
     9.699     0.041    0.503E+00    0.421E+00    0.251E+01    0.184E+00    0.196E+00    0.103E+00    0.103E+00    0.449E-01    0.449E-01    0.000E+00    0.000E+00
     9.699     0.042    0.505E+00    0.421E+00    0.248E+01    0.181E+00    0.194E+00    0.102E+00    0.102E+00    0.443E-01    0.443E-01    0.000E+00    0.000E+00
     9.699     0.043    0.506E+00    0.421E+00    0.244E+01    0.180E+00    0.192E+00    0.101E+00    0.101E+00    0.436E-01    0.436E-01    0.000E+00    0.000E+00
     9.699     0.044    0.508E+00    0.421E+00    0.241E+01    0.178E+00    0.190E+00    0.994E-01    0.994E-01    0.430E-01    0.430E-01    0.000E+00    0.000E+00
     9.699     0.045    0.510E+00    0.421E+00    0.238E+01    0.176E+00    0.189E+00    0.983E-01    0.983E-01    0.424E-01    0.424E-01    0.000E+00    0.000E+00
     9.699     0.046    0.511E+00    0.421E+00    0.235E+01    0.174E+00    0.187E+00    0.972E-01    0.972E-01    0.418E-01    0.418E-01    0.000E+00    0.000E+00
     9.699     0.047    0.513E+00    0.421E+00    0.232E+01    0.172E+00    0.185E+00    0.961E-01    0.961E-01    0.412E-01    0.412E-01    0.000E+00    0.000E+00
     9.699     0.048    0.514E+00    0.420E+00    0.230E+01    0.170E+00    0.183E+00    0.950E-01    0.950E-01    0.406E-01    0.406E-01    0.000E+00    0.000E+00
     9.699     0.049    0.516E+00    0.420E+00    0.227E+01    0.168E+00    0.181E+00    0.939E-01    0.939E-01    0.401E-01    0.401E-01    0.000E+00    0.000E+00
     9.699     0.050    0.517E+00    0.420E+00    0.224E+01    0.166E+00    0.180E+00    0.929E-01    0.929E-01    0.395E-01    0.395E-01    0.000E+00    0.000E+00
     9.699     0.051    0.519E+00    0.420E+00    0.221E+01    0.165E+00    0.178E+00    0.919E-01    0.919E-01    0.390E-01    0.390E-01    0.000E+00    0.000E+00
     9.699     0.052    0.520E+00    0.419E+00    0.219E+01    0.163E+00    0.176E+00    0.909E-01    0.909E-01    0.385E-01    0.385E-01    0.000E+00    0.000E+00
     9.699     0.053    0.522E+00    0.419E+00    0.216E+01    0.161E+00    0.175E+00    0.900E-01    0.900E-01    0.380E-01    0.380E-01    0.000E+00    0.000E+00
     9.699     0.054    0.523E+00    0.419E+00    0.214E+01    0.159E+00    0.173E+00    0.890E-01    0.890E-01    0.375E-01    0.375E-01    0.000E+00    0.000E+00
     9.699     0.055    0.525E+00    0.419E+00    0.212E+01    0.158E+00    0.172E+00    0.881E-01    0.881E-01    0.370E-01    0.370E-01    0.000E+00    0.000E+00
     9.699     0.056    0.526E+00    0.418E+00    0.209E+01    0.156E+00    0.170E+00    0.872E-01    0.872E-01    0.365E-01    0.365E-01    0.000E+00    0.000E+00
     9.699     0.057    0.528E+00    0.418E+00    0.207E+01    0.154E+00    0.169E+00    0.863E-01    0.863E-01    0.361E-01    0.361E-01    0.000E+00    0.000E+00
     9.699     0.058    0.529E+00    0.418E+00    0.205E+01    0.153E+00    0.167E+00    0.854E-01    0.854E-01    0.356E-01    0.356E-01    0.000E+00    0.000E+00
     9.699     0.059    0.531E+00    0.418E+00    0.203E+01    0.151E+00    0.166E+00    0.845E-01    0.845E-01    0.352E-01    0.352E-01    0.000E+00    0.000E+00
     9.699     0.060    0.532E+00    0.417E+00    0.201E+01    0.150E+00    0.165E+00    0.837E-01    0.837E-01    0.347E-01    0.347E-01    0.000E+00    0.000E+00
     9.699     0.061    0.534E+00    0.417E+00    0.199E+01    0.148E+00    0.163E+00    0.829E-01    0.829E-01    0.343E-01    0.343E-01    0.000E+00    0.000E+00
     9.699     0.062    0.535E+00    0.417E+00    0.197E+01    0.147E+00    0.162E+00    0.821E-01    0.821E-01    0.339E-01    0.339E-01    0.000E+00    0.000E+00
     9.699     0.063    0.536E+00    0.417E+00    0.195E+01    0.145E+00    0.161E+00    0.813E-01    0.813E-01    0.335E-01    0.335E-01    0.000E+00    0.000E+00
     9.699     0.064    0.538E+00    0.416E+00    0.193E+01    0.144E+00    0.159E+00    0.805E-01    0.805E-01    0.331E-01    0.331E-01    0.000E+00    0.000E+00
     9.699     0.065    0.539E+00    0.416E+00    0.191E+01    0.142E+00    0.158E+00    0.797E-01    0.797E-01    0.327E-01    0.327E-01    0.000E+00    0.000E+00
     9.699     0.066    0.540E+00    0.416E+00    0.189E+01    0.141E+00    0.157E+00    0.789E-01    0.789E-01    0.323E-01    0.323E-01    0.000E+00    0.000E+00
     9.699     0.067    0.542E+00    0.415E+00    0.187E+01    0.139E+00    0.156E+00    0.781E-01    0.781E-01    0.319E-01    0.319E-01    0.000E+00    0.000E+00
     9.699     0.068    0.543E+00    0.415E+00    0.185E+01    0.138E+00    0.155E+00    0.774E-01    0.774E-01    0.315E-01    0.315E-01    0.000E+00    0.000E+00
     9.699     0.069    0.544E+00    0.414E+00    0.183E+01    0.136E+00    0.153E+00    0.766E-01    0.766E-01    0.311E-01    0.311E-01    0.000E+00    0.000E+00
     9.699     0.070    0.545E+00    0.414E+00    0.181E+01    0.135E+00    0.152E+00    0.759E-01    0.759E-01    0.307E-01    0.307E-01    0.000E+00    0.000E+00
     9.699     0.071    0.547E+00    0.414E+00    0.179E+01    0.134E+00    0.151E+00    0.752E-01    0.752E-01    0.304E-01    0.304E-01    0.000E+00    0.000E+00
     9.699     0.072    0.548E+00    0.413E+00    0.178E+01    0.132E+00    0.150E+00    0.745E-01    0.745E-01    0.300E-01    0.300E-01    0.000E+00    0.000E+00
     9.699     0.073    0.549E+00    0.413E+00    0.176E+01    0.131E+00    0.149E+00    0.738E-01    0.738E-01    0.297E-01    0.297E-01    0.000E+00    0.000E+00
     9.699     0.074    0.551E+00    0.413E+00    0.174E+01    0.130E+00    0.148E+00    0.731E-01    0.731E-01    0.293E-01    0.293E-01    0.000E+00    0.000E+00
     9.699     0.075    0.552E+00    0.412E+00    0.172E+01    0.128E+00    0.147E+00    0.724E-01    0.724E-01    0.290E-01    0.290E-01    0.000E+00    0.000E+00
     9.699     0.076    0.553E+00    0.412E+00    0.171E+01    0.127E+00    0.146E+00    0.717E-01    0.717E-01    0.286E-01    0.286E-01    0.000E+00    0.000E+00
     9.699     0.077    0.554E+00    0.412E+00    0.169E+01    0.126E+00    0.145E+00    0.710E-01    0.710E-01    0.283E-01    0.283E-01    0.000E+00    0.000E+00
     9.699     0.078    0.555E+00    0.411E+00    0.167E+01    0.124E+00    0.144E+00    0.703E-01    0.703E-01    0.280E-01    0.280E-01    0.000E+00    0.000E+00
     9.699     0.079    0.556E+00    0.411E+00    0.166E+01    0.123E+00    0.143E+00    0.697E-01    0.697E-01    0.276E-01    0.276E-01    0.000E+00    0.000E+00
     9.699     0.080    0.558E+00    0.410E+00    0.164E+01    0.122E+00    0.142E+00    0.691E-01    0.691E-01    0.273E-01    0.273E-01    0.000E+00    0.000E+00
     9.699     0.081    0.559E+00    0.410E+00    0.163E+01    0.121E+00    0.141E+00    0.684E-01    0.684E-01    0.270E-01    0.270E-01    0.000E+00    0.000E+00
     9.699     0.082    0.560E+00    0.410E+00    0.161E+01    0.119E+00    0.140E+00    0.678E-01    0.678E-01    0.267E-01    0.267E-01    0.000E+00    0.000E+00
     9.699     0.083    0.561E+00    0.409E+00    0.160E+01    0.118E+00    0.139E+00    0.672E-01    0.672E-01    0.264E-01    0.264E-01    0.000E+00    0.000E+00
     9.699     0.084    0.562E+00    0.409E+00    0.158E+01    0.117E+00    0.138E+00    0.666E-01    0.666E-01    0.261E-01    0.261E-01    0.000E+00    0.000E+00
     9.699     0.085    0.563E+00    0.408E+00    0.157E+01    0.116E+00    0.137E+00    0.660E-01    0.660E-01    0.258E-01    0.258E-01    0.000E+00    0.000E+00
     9.699     0.086    0.564E+00    0.408E+00    0.155E+01    0.115E+00    0.136E+00    0.654E-01    0.654E-01    0.255E-01    0.255E-01    0.000E+00    0.000E+00
     9.699     0.087    0.565E+00    0.407E+00    0.154E+01    0.113E+00    0.135E+00    0.648E-01    0.648E-01    0.252E-01    0.252E-01    0.000E+00    0.000E+00
     9.699     0.088    0.566E+00    0.407E+00    0.153E+01    0.112E+00    0.134E+00    0.642E-01    0.642E-01    0.249E-01    0.249E-01    0.000E+00    0.000E+00
     9.699     0.089    0.567E+00    0.406E+00    0.151E+01    0.111E+00    0.133E+00    0.636E-01    0.636E-01    0.247E-01    0.247E-01    0.000E+00    0.000E+00
     9.699     0.090    0.568E+00    0.406E+00    0.150E+01    0.110E+00    0.132E+00    0.631E-01    0.631E-01    0.244E-01    0.244E-01    0.000E+00    0.000E+00
     9.699     0.091    0.569E+00    0.405E+00    0.148E+01    0.109E+00    0.131E+00    0.625E-01    0.625E-01    0.241E-01    0.241E-01    0.000E+00    0.000E+00
     9.699     0.092    0.570E+00    0.405E+00    0.147E+01    0.108E+00    0.130E+00    0.620E-01    0.620E-01    0.238E-01    0.238E-01    0.000E+00    0.000E+00
     9.699     0.093    0.571E+00    0.405E+00    0.146E+01    0.107E+00    0.130E+00    0.614E-01    0.614E-01    0.236E-01    0.236E-01    0.000E+00    0.000E+00
     9.699     0.094    0.572E+00    0.404E+00    0.145E+01    0.106E+00    0.129E+00    0.609E-01    0.609E-01    0.233E-01    0.233E-01    0.000E+00    0.000E+00
     9.699     0.095    0.573E+00    0.404E+00    0.143E+01    0.105E+00    0.128E+00    0.604E-01    0.604E-01    0.231E-01    0.231E-01    0.000E+00    0.000E+00
     9.699     0.096    0.574E+00    0.403E+00    0.142E+01    0.104E+00    0.127E+00    0.598E-01    0.598E-01    0.228E-01    0.228E-01    0.000E+00    0.000E+00
     9.699     0.097    0.575E+00    0.403E+00    0.141E+01    0.103E+00    0.126E+00    0.593E-01    0.593E-01    0.225E-01    0.225E-01    0.000E+00    0.000E+00
     9.699     0.098    0.576E+00    0.402E+00    0.139E+01    0.102E+00    0.125E+00    0.588E-01    0.588E-01    0.223E-01    0.223E-01    0.000E+00    0.000E+00
     9.699     0.099    0.577E+00    0.402E+00    0.138E+01    0.101E+00    0.124E+00    0.583E-01    0.583E-01    0.220E-01    0.220E-01    0.000E+00    0.000E+00
     9.699     0.100    0.578E+00    0.401E+00    0.137E+01    0.997E-01    0.124E+00    0.578E-01    0.578E-01    0.218E-01    0.218E-01    0.000E+00    0.000E+00
     9.699     0.101    0.579E+00    0.400E+00    0.136E+01    0.988E-01    0.123E+00    0.573E-01    0.573E-01    0.216E-01    0.216E-01    0.000E+00    0.000E+00
     9.699     0.102    0.580E+00    0.400E+00    0.135E+01    0.978E-01    0.122E+00    0.568E-01    0.568E-01    0.213E-01    0.213E-01    0.000E+00    0.000E+00
     9.699     0.103    0.581E+00    0.399E+00    0.133E+01    0.968E-01    0.121E+00    0.563E-01    0.563E-01    0.211E-01    0.211E-01    0.000E+00    0.000E+00
     9.699     0.104    0.582E+00    0.399E+00    0.132E+01    0.959E-01    0.120E+00    0.558E-01    0.558E-01    0.209E-01    0.209E-01    0.000E+00    0.000E+00
     9.699     0.105    0.583E+00    0.398E+00    0.131E+01    0.950E-01    0.120E+00    0.553E-01    0.553E-01    0.206E-01    0.206E-01    0.000E+00    0.000E+00
     9.699     0.106    0.583E+00    0.398E+00    0.130E+01    0.941E-01    0.119E+00    0.548E-01    0.548E-01    0.204E-01    0.204E-01    0.000E+00    0.000E+00
     9.699     0.107    0.584E+00    0.397E+00    0.129E+01    0.932E-01    0.118E+00    0.544E-01    0.544E-01    0.202E-01    0.202E-01    0.000E+00    0.000E+00
     9.699     0.108    0.585E+00    0.397E+00    0.128E+01    0.923E-01    0.117E+00    0.539E-01    0.539E-01    0.200E-01    0.200E-01    0.000E+00    0.000E+00
     9.699     0.109    0.586E+00    0.396E+00    0.127E+01    0.915E-01    0.116E+00    0.534E-01    0.534E-01    0.198E-01    0.198E-01    0.000E+00    0.000E+00
     9.699     0.110    0.587E+00    0.396E+00    0.126E+01    0.906E-01    0.116E+00    0.530E-01    0.530E-01    0.195E-01    0.195E-01    0.000E+00    0.000E+00
     9.699     0.111    0.588E+00    0.395E+00    0.124E+01    0.897E-01    0.115E+00    0.525E-01    0.525E-01    0.193E-01    0.193E-01    0.000E+00    0.000E+00
     9.699     0.112    0.588E+00    0.394E+00    0.123E+01    0.889E-01    0.114E+00    0.521E-01    0.521E-01    0.191E-01    0.191E-01    0.000E+00    0.000E+00
     9.699     0.113    0.589E+00    0.394E+00    0.122E+01    0.880E-01    0.113E+00    0.516E-01    0.516E-01    0.189E-01    0.189E-01    0.000E+00    0.000E+00
     9.699     0.114    0.590E+00    0.393E+00    0.121E+01    0.872E-01    0.113E+00    0.512E-01    0.512E-01    0.187E-01    0.187E-01    0.000E+00    0.000E+00
     9.699     0.115    0.591E+00    0.393E+00    0.120E+01    0.864E-01    0.112E+00    0.508E-01    0.508E-01    0.185E-01    0.185E-01    0.000E+00    0.000E+00
     9.699     0.116    0.591E+00    0.392E+00    0.119E+01    0.856E-01    0.111E+00    0.503E-01    0.503E-01    0.183E-01    0.183E-01    0.000E+00    0.000E+00
     9.699     0.117    0.592E+00    0.391E+00    0.118E+01    0.848E-01    0.110E+00    0.499E-01    0.499E-01    0.181E-01    0.181E-01    0.000E+00    0.000E+00
     9.699     0.118    0.593E+00    0.391E+00    0.117E+01    0.840E-01    0.110E+00    0.495E-01    0.495E-01    0.179E-01    0.179E-01    0.000E+00    0.000E+00
     9.699     0.119    0.594E+00    0.390E+00    0.116E+01    0.833E-01    0.109E+00    0.491E-01    0.491E-01    0.177E-01    0.177E-01    0.000E+00    0.000E+00
     9.699     0.120    0.594E+00    0.389E+00    0.115E+01    0.825E-01    0.108E+00    0.487E-01    0.487E-01    0.175E-01    0.175E-01    0.000E+00    0.000E+00
     9.699     0.121    0.595E+00    0.389E+00    0.114E+01    0.818E-01    0.108E+00    0.483E-01    0.483E-01    0.174E-01    0.174E-01    0.000E+00    0.000E+00
     9.699     0.122    0.596E+00    0.388E+00    0.113E+01    0.810E-01    0.107E+00    0.479E-01    0.479E-01    0.172E-01    0.172E-01    0.000E+00    0.000E+00
     9.699     0.123    0.596E+00    0.388E+00    0.112E+01    0.803E-01    0.106E+00    0.475E-01    0.475E-01    0.170E-01    0.170E-01    0.000E+00    0.000E+00
     9.699     0.124    0.597E+00    0.387E+00    0.111E+01    0.796E-01    0.105E+00    0.471E-01    0.471E-01    0.168E-01    0.168E-01    0.000E+00    0.000E+00
     9.699     0.125    0.598E+00    0.386E+00    0.110E+01    0.788E-01    0.105E+00    0.467E-01    0.467E-01    0.166E-01    0.166E-01    0.000E+00    0.000E+00
     9.699     0.126    0.598E+00    0.386E+00    0.109E+01    0.781E-01    0.104E+00    0.463E-01    0.463E-01    0.164E-01    0.164E-01    0.000E+00    0.000E+00
     9.699     0.127    0.599E+00    0.385E+00    0.109E+01    0.774E-01    0.103E+00    0.459E-01    0.459E-01    0.163E-01    0.163E-01    0.000E+00    0.000E+00
     9.699     0.128    0.600E+00    0.384E+00    0.108E+01    0.767E-01    0.103E+00    0.455E-01    0.455E-01    0.161E-01    0.161E-01    0.000E+00    0.000E+00
     9.699     0.129    0.600E+00    0.384E+00    0.107E+01    0.761E-01    0.102E+00    0.451E-01    0.451E-01    0.159E-01    0.159E-01    0.000E+00    0.000E+00
     9.699     0.130    0.601E+00    0.383E+00    0.106E+01    0.754E-01    0.101E+00    0.448E-01    0.448E-01    0.158E-01    0.158E-01    0.000E+00    0.000E+00
     9.699     0.131    0.601E+00    0.382E+00    0.105E+01    0.747E-01    0.101E+00    0.444E-01    0.444E-01    0.156E-01    0.156E-01    0.000E+00    0.000E+00
     9.699     0.132    0.602E+00    0.382E+00    0.104E+01    0.741E-01    0.998E-01    0.440E-01    0.440E-01    0.154E-01    0.154E-01    0.000E+00    0.000E+00
     9.699     0.133    0.602E+00    0.381E+00    0.103E+01    0.734E-01    0.992E-01    0.437E-01    0.437E-01    0.153E-01    0.153E-01    0.000E+00    0.000E+00
     9.699     0.134    0.603E+00    0.380E+00    0.102E+01    0.728E-01    0.985E-01    0.433E-01    0.433E-01    0.151E-01    0.151E-01    0.000E+00    0.000E+00
     9.699     0.135    0.604E+00    0.380E+00    0.101E+01    0.722E-01    0.978E-01    0.430E-01    0.430E-01    0.149E-01    0.149E-01    0.000E+00    0.000E+00
     9.699     0.136    0.604E+00    0.379E+00    0.101E+01    0.715E-01    0.971E-01    0.426E-01    0.426E-01    0.148E-01    0.148E-01    0.000E+00    0.000E+00
     9.699     0.137    0.605E+00    0.378E+00    0.998E+00    0.709E-01    0.965E-01    0.423E-01    0.423E-01    0.146E-01    0.146E-01    0.000E+00    0.000E+00
     9.699     0.138    0.605E+00    0.378E+00    0.989E+00    0.703E-01    0.958E-01    0.419E-01    0.419E-01    0.145E-01    0.145E-01    0.000E+00    0.000E+00
     9.699     0.139    0.606E+00    0.377E+00    0.981E+00    0.697E-01    0.952E-01    0.416E-01    0.416E-01    0.143E-01    0.143E-01    0.000E+00    0.000E+00
     9.699     0.140    0.606E+00    0.376E+00    0.973E+00    0.691E-01    0.945E-01    0.412E-01    0.412E-01    0.142E-01    0.142E-01    0.000E+00    0.000E+00
     9.699     0.141    0.606E+00    0.376E+00    0.965E+00    0.685E-01    0.938E-01    0.409E-01    0.409E-01    0.140E-01    0.140E-01    0.000E+00    0.000E+00
     9.699     0.142    0.607E+00    0.375E+00    0.957E+00    0.680E-01    0.932E-01    0.405E-01    0.405E-01    0.139E-01    0.139E-01    0.000E+00    0.000E+00
     9.699     0.143    0.607E+00    0.374E+00    0.949E+00    0.674E-01    0.925E-01    0.402E-01    0.402E-01    0.137E-01    0.137E-01    0.000E+00    0.000E+00
     9.699     0.144    0.608E+00    0.373E+00    0.941E+00    0.668E-01    0.919E-01    0.399E-01    0.399E-01    0.136E-01    0.136E-01    0.000E+00    0.000E+00
     9.699     0.145    0.608E+00    0.373E+00    0.933E+00    0.663E-01    0.912E-01    0.396E-01    0.396E-01    0.134E-01    0.134E-01    0.000E+00    0.000E+00
     9.699     0.146    0.609E+00    0.372E+00    0.925E+00    0.657E-01    0.906E-01    0.392E-01    0.392E-01    0.133E-01    0.133E-01    0.000E+00    0.000E+00
     9.699     0.147    0.609E+00    0.371E+00    0.917E+00    0.652E-01    0.900E-01    0.389E-01    0.389E-01    0.132E-01    0.132E-01    0.000E+00    0.000E+00
     9.699     0.148    0.609E+00    0.371E+00    0.910E+00    0.646E-01    0.893E-01    0.386E-01    0.386E-01    0.130E-01    0.130E-01    0.000E+00    0.000E+00
     9.699     0.149    0.610E+00    0.370E+00    0.902E+00    0.641E-01    0.887E-01    0.383E-01    0.383E-01    0.129E-01    0.129E-01    0.000E+00    0.000E+00
     9.699     0.150    0.610E+00    0.369E+00    0.895E+00    0.636E-01    0.881E-01    0.380E-01    0.380E-01    0.127E-01    0.127E-01    0.000E+00    0.000E+00
     9.699     0.151    0.611E+00    0.368E+00    0.887E+00    0.631E-01    0.875E-01    0.377E-01    0.377E-01    0.126E-01    0.126E-01    0.000E+00    0.000E+00
     9.699     0.152    0.611E+00    0.368E+00    0.880E+00    0.626E-01    0.868E-01    0.374E-01    0.374E-01    0.125E-01    0.125E-01    0.000E+00    0.000E+00
     9.699     0.153    0.611E+00    0.367E+00    0.873E+00    0.621E-01    0.862E-01    0.371E-01    0.371E-01    0.123E-01    0.123E-01    0.000E+00    0.000E+00
     9.699     0.154    0.612E+00    0.366E+00    0.865E+00    0.616E-01    0.856E-01    0.368E-01    0.368E-01    0.122E-01    0.122E-01    0.000E+00    0.000E+00
     9.699     0.155    0.612E+00    0.365E+00    0.858E+00    0.611E-01    0.850E-01    0.365E-01    0.365E-01    0.121E-01    0.121E-01    0.000E+00    0.000E+00
     9.699     0.156    0.612E+00    0.365E+00    0.851E+00    0.606E-01    0.844E-01    0.362E-01    0.362E-01    0.120E-01    0.120E-01    0.000E+00    0.000E+00
     9.699     0.157    0.612E+00    0.364E+00    0.844E+00    0.601E-01    0.838E-01    0.359E-01    0.359E-01    0.118E-01    0.118E-01    0.000E+00    0.000E+00
     9.699     0.158    0.613E+00    0.363E+00    0.837E+00    0.596E-01    0.832E-01    0.356E-01    0.356E-01    0.117E-01    0.117E-01    0.000E+00    0.000E+00
     9.699     0.159    0.613E+00    0.362E+00    0.830E+00    0.591E-01    0.826E-01    0.353E-01    0.353E-01    0.116E-01    0.116E-01    0.000E+00    0.000E+00
     9.699     0.160    0.613E+00    0.362E+00    0.823E+00    0.587E-01    0.820E-01    0.350E-01    0.350E-01    0.115E-01    0.115E-01    0.000E+00    0.000E+00
     9.699     0.161    0.613E+00    0.361E+00    0.816E+00    0.582E-01    0.814E-01    0.347E-01    0.347E-01    0.113E-01    0.113E-01    0.000E+00    0.000E+00
     9.699     0.162    0.614E+00    0.360E+00    0.809E+00    0.578E-01    0.808E-01    0.344E-01    0.344E-01    0.112E-01    0.112E-01    0.000E+00    0.000E+00
     9.699     0.163    0.614E+00    0.359E+00    0.802E+00    0.573E-01    0.802E-01    0.342E-01    0.342E-01    0.111E-01    0.111E-01    0.000E+00    0.000E+00
     9.699     0.164    0.614E+00    0.359E+00    0.796E+00    0.569E-01    0.796E-01    0.339E-01    0.339E-01    0.110E-01    0.110E-01    0.000E+00    0.000E+00
     9.699     0.165    0.614E+00    0.358E+00    0.789E+00    0.564E-01    0.790E-01    0.336E-01    0.336E-01    0.109E-01    0.109E-01    0.000E+00    0.000E+00
     9.699     0.166    0.615E+00    0.357E+00    0.783E+00    0.560E-01    0.784E-01    0.333E-01    0.333E-01    0.108E-01    0.108E-01    0.000E+00    0.000E+00
     9.699     0.167    0.615E+00    0.356E+00    0.776E+00    0.556E-01    0.779E-01    0.331E-01    0.331E-01    0.106E-01    0.106E-01    0.000E+00    0.000E+00
     9.699     0.168    0.615E+00    0.356E+00    0.770E+00    0.552E-01    0.773E-01    0.328E-01    0.328E-01    0.105E-01    0.105E-01    0.000E+00    0.000E+00
     9.699     0.169    0.615E+00    0.355E+00    0.763E+00    0.547E-01    0.767E-01    0.325E-01    0.325E-01    0.104E-01    0.104E-01    0.000E+00    0.000E+00
     9.699     0.170    0.615E+00    0.354E+00    0.757E+00    0.543E-01    0.761E-01    0.323E-01    0.323E-01    0.103E-01    0.103E-01    0.000E+00    0.000E+00
     9.699     0.171    0.615E+00    0.353E+00    0.750E+00    0.539E-01    0.756E-01    0.320E-01    0.320E-01    0.102E-01    0.102E-01    0.000E+00    0.000E+00
     9.699     0.172    0.615E+00    0.352E+00    0.744E+00    0.535E-01    0.750E-01    0.318E-01    0.318E-01    0.101E-01    0.101E-01    0.000E+00    0.000E+00
     9.699     0.173    0.616E+00    0.352E+00    0.738E+00    0.531E-01    0.745E-01    0.315E-01    0.315E-01    0.998E-02    0.998E-02    0.000E+00    0.000E+00
     9.699     0.174    0.616E+00    0.351E+00    0.732E+00    0.527E-01    0.739E-01    0.312E-01    0.312E-01    0.988E-02    0.988E-02    0.000E+00    0.000E+00
     9.699     0.175    0.616E+00    0.350E+00    0.726E+00    0.523E-01    0.733E-01    0.310E-01    0.310E-01    0.977E-02    0.977E-02    0.000E+00    0.000E+00
     9.699     0.176    0.616E+00    0.349E+00    0.719E+00    0.519E-01    0.728E-01    0.307E-01    0.307E-01    0.967E-02    0.967E-02    0.000E+00    0.000E+00
     9.699     0.177    0.616E+00    0.348E+00    0.713E+00    0.515E-01    0.722E-01    0.305E-01    0.305E-01    0.957E-02    0.957E-02    0.000E+00    0.000E+00
     9.699     0.178    0.616E+00    0.348E+00    0.707E+00    0.511E-01    0.717E-01    0.302E-01    0.302E-01    0.947E-02    0.947E-02    0.000E+00    0.000E+00
     9.699     0.179    0.616E+00    0.347E+00    0.701E+00    0.508E-01    0.712E-01    0.300E-01    0.300E-01    0.937E-02    0.937E-02    0.000E+00    0.000E+00
     9.699     0.180    0.616E+00    0.346E+00    0.696E+00    0.504E-01    0.706E-01    0.298E-01    0.298E-01    0.927E-02    0.927E-02    0.000E+00    0.000E+00
     9.699     0.181    0.616E+00    0.345E+00    0.690E+00    0.500E-01    0.701E-01    0.295E-01    0.295E-01    0.917E-02    0.917E-02    0.000E+00    0.000E+00
     9.699     0.182    0.616E+00    0.344E+00    0.684E+00    0.497E-01    0.695E-01    0.293E-01    0.293E-01    0.907E-02    0.907E-02    0.000E+00    0.000E+00
     9.699     0.183    0.616E+00    0.344E+00    0.678E+00    0.493E-01    0.690E-01    0.290E-01    0.290E-01    0.898E-02    0.898E-02    0.000E+00    0.000E+00
     9.699     0.184    0.616E+00    0.343E+00    0.673E+00    0.489E-01    0.685E-01    0.288E-01    0.288E-01    0.888E-02    0.888E-02    0.000E+00    0.000E+00
     9.699     0.185    0.616E+00    0.342E+00    0.667E+00    0.486E-01    0.680E-01    0.286E-01    0.286E-01    0.879E-02    0.879E-02    0.000E+00    0.000E+00
     9.699     0.186    0.616E+00    0.341E+00    0.661E+00    0.482E-01    0.674E-01    0.284E-01    0.284E-01    0.870E-02    0.870E-02    0.000E+00    0.000E+00
     9.699     0.187    0.616E+00    0.340E+00    0.656E+00    0.479E-01    0.669E-01    0.281E-01    0.281E-01    0.860E-02    0.860E-02    0.000E+00    0.000E+00
     9.699     0.188    0.616E+00    0.340E+00    0.650E+00    0.475E-01    0.664E-01    0.279E-01    0.279E-01    0.851E-02    0.851E-02    0.000E+00    0.000E+00
     9.699     0.189    0.616E+00    0.339E+00    0.645E+00    0.472E-01    0.659E-01    0.277E-01    0.277E-01    0.842E-02    0.842E-02    0.000E+00    0.000E+00
     9.699     0.190    0.616E+00    0.338E+00    0.639E+00    0.469E-01    0.654E-01    0.274E-01    0.274E-01    0.833E-02    0.833E-02    0.000E+00    0.000E+00
     9.699     0.191    0.615E+00    0.337E+00    0.634E+00    0.465E-01    0.649E-01    0.272E-01    0.272E-01    0.824E-02    0.824E-02    0.000E+00    0.000E+00
     9.699     0.192    0.615E+00    0.336E+00    0.629E+00    0.462E-01    0.644E-01    0.270E-01    0.270E-01    0.815E-02    0.815E-02    0.000E+00    0.000E+00
     9.699     0.193    0.615E+00    0.336E+00    0.623E+00    0.459E-01    0.639E-01    0.268E-01    0.268E-01    0.807E-02    0.807E-02    0.000E+00    0.000E+00
     9.699     0.194    0.615E+00    0.335E+00    0.618E+00    0.456E-01    0.634E-01    0.266E-01    0.266E-01    0.798E-02    0.798E-02    0.000E+00    0.000E+00
     9.699     0.195    0.615E+00    0.334E+00    0.613E+00    0.452E-01    0.629E-01    0.264E-01    0.264E-01    0.790E-02    0.790E-02    0.000E+00    0.000E+00
     9.699     0.196    0.615E+00    0.333E+00    0.608E+00    0.449E-01    0.624E-01    0.261E-01    0.261E-01    0.781E-02    0.781E-02    0.000E+00    0.000E+00
     9.699     0.197    0.615E+00    0.332E+00    0.602E+00    0.446E-01    0.619E-01    0.259E-01    0.259E-01    0.773E-02    0.773E-02    0.000E+00    0.000E+00
     9.699     0.198    0.615E+00    0.331E+00    0.597E+00    0.443E-01    0.614E-01    0.257E-01    0.257E-01    0.765E-02    0.765E-02    0.000E+00    0.000E+00
     9.699     0.199    0.614E+00    0.331E+00    0.592E+00    0.440E-01    0.609E-01    0.255E-01    0.255E-01    0.757E-02    0.757E-02    0.000E+00    0.000E+00
     9.699     0.200    0.614E+00    0.330E+00    0.587E+00    0.437E-01    0.604E-01    0.253E-01    0.253E-01    0.749E-02    0.749E-02    0.000E+00    0.000E+00
     9.699     0.201    0.614E+00    0.329E+00    0.582E+00    0.434E-01    0.600E-01    0.251E-01    0.251E-01    0.741E-02    0.741E-02    0.000E+00    0.000E+00
     9.699     0.202    0.614E+00    0.328E+00    0.577E+00    0.431E-01    0.595E-01    0.249E-01    0.249E-01    0.733E-02    0.733E-02    0.000E+00    0.000E+00
     9.699     0.203    0.614E+00    0.327E+00    0.572E+00    0.428E-01    0.590E-01    0.247E-01    0.247E-01    0.725E-02    0.725E-02    0.000E+00    0.000E+00
     9.699     0.204    0.613E+00    0.326E+00    0.568E+00    0.425E-01    0.586E-01    0.245E-01    0.245E-01    0.717E-02    0.717E-02    0.000E+00    0.000E+00
     9.699     0.205    0.613E+00    0.326E+00    0.563E+00    0.422E-01    0.581E-01    0.243E-01    0.243E-01    0.709E-02    0.709E-02    0.000E+00    0.000E+00
     9.699     0.206    0.613E+00    0.325E+00    0.558E+00    0.419E-01    0.576E-01    0.241E-01    0.241E-01    0.702E-02    0.702E-02    0.000E+00    0.000E+00
     9.699     0.207    0.612E+00    0.324E+00    0.553E+00    0.416E-01    0.572E-01    0.239E-01    0.239E-01    0.694E-02    0.694E-02    0.000E+00    0.000E+00
     9.699     0.208    0.612E+00    0.323E+00    0.548E+00    0.413E-01    0.567E-01    0.237E-01    0.237E-01    0.687E-02    0.687E-02    0.000E+00    0.000E+00
     9.699     0.209    0.612E+00    0.322E+00    0.544E+00    0.411E-01    0.562E-01    0.235E-01    0.235E-01    0.679E-02    0.679E-02    0.000E+00    0.000E+00
     9.699     0.210    0.612E+00    0.321E+00    0.539E+00    0.408E-01    0.558E-01    0.233E-01    0.233E-01    0.672E-02    0.672E-02    0.000E+00    0.000E+00
     9.699     0.211    0.611E+00    0.320E+00    0.534E+00    0.405E-01    0.553E-01    0.232E-01    0.232E-01    0.665E-02    0.665E-02    0.000E+00    0.000E+00
     9.699     0.212    0.611E+00    0.320E+00    0.530E+00    0.402E-01    0.549E-01    0.230E-01    0.230E-01    0.658E-02    0.658E-02    0.000E+00    0.000E+00
     9.699     0.213    0.611E+00    0.319E+00    0.525E+00    0.399E-01    0.545E-01    0.228E-01    0.228E-01    0.651E-02    0.651E-02    0.000E+00    0.000E+00
     9.699     0.214    0.610E+00    0.318E+00    0.521E+00    0.397E-01    0.540E-01    0.226E-01    0.226E-01    0.644E-02    0.644E-02    0.000E+00    0.000E+00
     9.699     0.215    0.610E+00    0.317E+00    0.516E+00    0.394E-01    0.536E-01    0.224E-01    0.224E-01    0.637E-02    0.637E-02    0.000E+00    0.000E+00
     9.699     0.216    0.610E+00    0.316E+00    0.512E+00    0.391E-01    0.531E-01    0.222E-01    0.222E-01    0.630E-02    0.630E-02    0.000E+00    0.000E+00
     9.699     0.217    0.609E+00    0.315E+00    0.508E+00    0.389E-01    0.527E-01    0.221E-01    0.221E-01    0.623E-02    0.623E-02    0.000E+00    0.000E+00
     9.699     0.218    0.609E+00    0.315E+00    0.503E+00    0.386E-01    0.523E-01    0.219E-01    0.219E-01    0.616E-02    0.616E-02    0.000E+00    0.000E+00
     9.699     0.219    0.608E+00    0.314E+00    0.499E+00    0.384E-01    0.519E-01    0.217E-01    0.217E-01    0.610E-02    0.610E-02    0.000E+00    0.000E+00
     9.699     0.220    0.608E+00    0.313E+00    0.495E+00    0.381E-01    0.514E-01    0.215E-01    0.215E-01    0.603E-02    0.603E-02    0.000E+00    0.000E+00
     9.699     0.221    0.608E+00    0.312E+00    0.490E+00    0.378E-01    0.510E-01    0.214E-01    0.214E-01    0.597E-02    0.597E-02    0.000E+00    0.000E+00
     9.699     0.222    0.607E+00    0.311E+00    0.486E+00    0.376E-01    0.506E-01    0.212E-01    0.212E-01    0.590E-02    0.590E-02    0.000E+00    0.000E+00
     9.699     0.223    0.607E+00    0.310E+00    0.482E+00    0.373E-01    0.502E-01    0.210E-01    0.210E-01    0.584E-02    0.584E-02    0.000E+00    0.000E+00
     9.699     0.224    0.606E+00    0.309E+00    0.478E+00    0.371E-01    0.498E-01    0.208E-01    0.208E-01    0.577E-02    0.577E-02    0.000E+00    0.000E+00
     9.699     0.225    0.606E+00    0.308E+00    0.474E+00    0.368E-01    0.494E-01    0.207E-01    0.207E-01    0.571E-02    0.571E-02    0.000E+00    0.000E+00
     9.699     0.226    0.605E+00    0.308E+00    0.469E+00    0.366E-01    0.489E-01    0.205E-01    0.205E-01    0.565E-02    0.565E-02    0.000E+00    0.000E+00
     9.699     0.227    0.605E+00    0.307E+00    0.465E+00    0.364E-01    0.485E-01    0.203E-01    0.203E-01    0.559E-02    0.559E-02    0.000E+00    0.000E+00
     9.699     0.228    0.605E+00    0.306E+00    0.461E+00    0.361E-01    0.481E-01    0.202E-01    0.202E-01    0.553E-02    0.553E-02    0.000E+00    0.000E+00
     9.699     0.229    0.604E+00    0.305E+00    0.457E+00    0.359E-01    0.477E-01    0.200E-01    0.200E-01    0.547E-02    0.547E-02    0.000E+00    0.000E+00
     9.699     0.230    0.604E+00    0.304E+00    0.453E+00    0.356E-01    0.473E-01    0.198E-01    0.198E-01    0.541E-02    0.541E-02    0.000E+00    0.000E+00
     9.699     0.231    0.603E+00    0.303E+00    0.449E+00    0.354E-01    0.469E-01    0.197E-01    0.197E-01    0.535E-02    0.535E-02    0.000E+00    0.000E+00
     9.699     0.232    0.602E+00    0.302E+00    0.445E+00    0.352E-01    0.466E-01    0.195E-01    0.195E-01    0.529E-02    0.529E-02    0.000E+00    0.000E+00
     9.699     0.233    0.602E+00    0.302E+00    0.442E+00    0.349E-01    0.462E-01    0.194E-01    0.194E-01    0.523E-02    0.523E-02    0.000E+00    0.000E+00
     9.699     0.234    0.601E+00    0.301E+00    0.438E+00    0.347E-01    0.458E-01    0.192E-01    0.192E-01    0.517E-02    0.517E-02    0.000E+00    0.000E+00
     9.699     0.235    0.601E+00    0.300E+00    0.434E+00    0.345E-01    0.454E-01    0.190E-01    0.190E-01    0.512E-02    0.512E-02    0.000E+00    0.000E+00
     9.699     0.236    0.600E+00    0.299E+00    0.430E+00    0.342E-01    0.450E-01    0.189E-01    0.189E-01    0.506E-02    0.506E-02    0.000E+00    0.000E+00
     9.699     0.237    0.600E+00    0.298E+00    0.426E+00    0.340E-01    0.446E-01    0.187E-01    0.187E-01    0.501E-02    0.501E-02    0.000E+00    0.000E+00
     9.699     0.238    0.599E+00    0.297E+00    0.423E+00    0.338E-01    0.443E-01    0.186E-01    0.186E-01    0.495E-02    0.495E-02    0.000E+00    0.000E+00
     9.699     0.239    0.599E+00    0.296E+00    0.419E+00    0.336E-01    0.439E-01    0.184E-01    0.184E-01    0.490E-02    0.490E-02    0.000E+00    0.000E+00
     9.699     0.240    0.598E+00    0.295E+00    0.415E+00    0.333E-01    0.435E-01    0.183E-01    0.183E-01    0.484E-02    0.484E-02    0.000E+00    0.000E+00
     9.699     0.241    0.597E+00    0.294E+00    0.412E+00    0.331E-01    0.432E-01    0.181E-01    0.181E-01    0.479E-02    0.479E-02    0.000E+00    0.000E+00
     9.699     0.242    0.597E+00    0.294E+00    0.408E+00    0.329E-01    0.428E-01    0.180E-01    0.180E-01    0.474E-02    0.474E-02    0.000E+00    0.000E+00
     9.699     0.243    0.596E+00    0.293E+00    0.404E+00    0.327E-01    0.424E-01    0.178E-01    0.178E-01    0.469E-02    0.469E-02    0.000E+00    0.000E+00
     9.699     0.244    0.596E+00    0.292E+00    0.401E+00    0.325E-01    0.421E-01    0.177E-01    0.177E-01    0.463E-02    0.463E-02    0.000E+00    0.000E+00
     9.699     0.245    0.595E+00    0.291E+00    0.397E+00    0.323E-01    0.417E-01    0.175E-01    0.175E-01    0.458E-02    0.458E-02    0.000E+00    0.000E+00
     9.699     0.246    0.594E+00    0.290E+00    0.394E+00    0.320E-01    0.414E-01    0.174E-01    0.174E-01    0.453E-02    0.453E-02    0.000E+00    0.000E+00
     9.699     0.247    0.594E+00    0.289E+00    0.390E+00    0.318E-01    0.410E-01    0.173E-01    0.173E-01    0.448E-02    0.448E-02    0.000E+00    0.000E+00
     9.699     0.248    0.593E+00    0.288E+00    0.387E+00    0.316E-01    0.407E-01    0.171E-01    0.171E-01    0.443E-02    0.443E-02    0.000E+00    0.000E+00
     9.699     0.249    0.592E+00    0.287E+00    0.383E+00    0.314E-01    0.403E-01    0.170E-01    0.170E-01    0.438E-02    0.438E-02    0.000E+00    0.000E+00
     9.699     0.250    0.592E+00    0.287E+00    0.380E+00    0.312E-01    0.400E-01    0.168E-01    0.168E-01    0.433E-02    0.433E-02    0.000E+00    0.000E+00
     9.699     0.251    0.591E+00    0.286E+00    0.377E+00    0.310E-01    0.396E-01    0.167E-01    0.167E-01    0.429E-02    0.429E-02    0.000E+00    0.000E+00
     9.699     0.252    0.590E+00    0.285E+00    0.373E+00    0.308E-01    0.393E-01    0.166E-01    0.166E-01    0.424E-02    0.424E-02    0.000E+00    0.000E+00
     9.699     0.253    0.589E+00    0.284E+00    0.370E+00    0.306E-01    0.390E-01    0.164E-01    0.164E-01    0.419E-02    0.419E-02    0.000E+00    0.000E+00
     9.699     0.254    0.589E+00    0.283E+00    0.367E+00    0.304E-01    0.386E-01    0.163E-01    0.163E-01    0.415E-02    0.415E-02    0.000E+00    0.000E+00
     9.699     0.255    0.588E+00    0.282E+00    0.363E+00    0.302E-01    0.383E-01    0.162E-01    0.162E-01    0.410E-02    0.410E-02    0.000E+00    0.000E+00
     9.699     0.256    0.587E+00    0.281E+00    0.360E+00    0.300E-01    0.380E-01    0.160E-01    0.160E-01    0.405E-02    0.405E-02    0.000E+00    0.000E+00
     9.699     0.257    0.587E+00    0.280E+00    0.357E+00    0.298E-01    0.376E-01    0.159E-01    0.159E-01    0.401E-02    0.401E-02    0.000E+00    0.000E+00
     9.699     0.258    0.586E+00    0.279E+00    0.354E+00    0.296E-01    0.373E-01    0.158E-01    0.158E-01    0.396E-02    0.396E-02    0.000E+00    0.000E+00
     9.699     0.259    0.585E+00    0.278E+00    0.351E+00    0.294E-01    0.370E-01    0.156E-01    0.156E-01    0.392E-02    0.392E-02    0.000E+00    0.000E+00
     9.699     0.260    0.584E+00    0.278E+00    0.347E+00    0.292E-01    0.367E-01    0.155E-01    0.155E-01    0.388E-02    0.388E-02    0.000E+00    0.000E+00
     9.699     0.261    0.583E+00    0.277E+00    0.344E+00    0.290E-01    0.364E-01    0.154E-01    0.154E-01    0.383E-02    0.383E-02    0.000E+00    0.000E+00
     9.699     0.262    0.583E+00    0.276E+00    0.341E+00    0.288E-01    0.361E-01    0.152E-01    0.152E-01    0.379E-02    0.379E-02    0.000E+00    0.000E+00
     9.699     0.263    0.582E+00    0.275E+00    0.338E+00    0.286E-01    0.357E-01    0.151E-01    0.151E-01    0.375E-02    0.375E-02    0.000E+00    0.000E+00
     9.699     0.264    0.581E+00    0.274E+00    0.335E+00    0.284E-01    0.354E-01    0.150E-01    0.150E-01    0.370E-02    0.370E-02    0.000E+00    0.000E+00
     9.699     0.265    0.580E+00    0.273E+00    0.332E+00    0.282E-01    0.351E-01    0.149E-01    0.149E-01    0.366E-02    0.366E-02    0.000E+00    0.000E+00
     9.699     0.266    0.579E+00    0.272E+00    0.329E+00    0.281E-01    0.348E-01    0.147E-01    0.147E-01    0.362E-02    0.362E-02    0.000E+00    0.000E+00
     9.699     0.267    0.579E+00    0.271E+00    0.326E+00    0.279E-01    0.345E-01    0.146E-01    0.146E-01    0.358E-02    0.358E-02    0.000E+00    0.000E+00
     9.699     0.268    0.578E+00    0.270E+00    0.323E+00    0.277E-01    0.342E-01    0.145E-01    0.145E-01    0.354E-02    0.354E-02    0.000E+00    0.000E+00
     9.699     0.269    0.577E+00    0.270E+00    0.320E+00    0.275E-01    0.339E-01    0.144E-01    0.144E-01    0.350E-02    0.350E-02    0.000E+00    0.000E+00
     9.699     0.270    0.576E+00    0.269E+00    0.317E+00    0.273E-01    0.336E-01    0.143E-01    0.143E-01    0.346E-02    0.346E-02    0.000E+00    0.000E+00
     9.699     0.271    0.575E+00    0.268E+00    0.314E+00    0.271E-01    0.333E-01    0.141E-01    0.141E-01    0.342E-02    0.342E-02    0.000E+00    0.000E+00
     9.699     0.272    0.574E+00    0.267E+00    0.312E+00    0.269E-01    0.331E-01    0.140E-01    0.140E-01    0.338E-02    0.338E-02    0.000E+00    0.000E+00
     9.699     0.273    0.574E+00    0.266E+00    0.309E+00    0.268E-01    0.328E-01    0.139E-01    0.139E-01    0.335E-02    0.335E-02    0.000E+00    0.000E+00
     9.699     0.274    0.573E+00    0.265E+00    0.306E+00    0.266E-01    0.325E-01    0.138E-01    0.138E-01    0.331E-02    0.331E-02    0.000E+00    0.000E+00
     9.699     0.275    0.572E+00    0.264E+00    0.303E+00    0.264E-01    0.322E-01    0.137E-01    0.137E-01    0.327E-02    0.327E-02    0.000E+00    0.000E+00
     9.699     0.276    0.571E+00    0.263E+00    0.300E+00    0.262E-01    0.319E-01    0.136E-01    0.136E-01    0.323E-02    0.323E-02    0.000E+00    0.000E+00
     9.699     0.277    0.570E+00    0.262E+00    0.298E+00    0.260E-01    0.316E-01    0.135E-01    0.135E-01    0.320E-02    0.320E-02    0.000E+00    0.000E+00
     9.699     0.278    0.569E+00    0.261E+00    0.295E+00    0.259E-01    0.314E-01    0.133E-01    0.133E-01    0.316E-02    0.316E-02    0.000E+00    0.000E+00
     9.699     0.279    0.568E+00    0.260E+00    0.292E+00    0.257E-01    0.311E-01    0.132E-01    0.132E-01    0.312E-02    0.312E-02    0.000E+00    0.000E+00
     9.699     0.280    0.567E+00    0.260E+00    0.289E+00    0.255E-01    0.308E-01    0.131E-01    0.131E-01    0.309E-02    0.309E-02    0.000E+00    0.000E+00
     9.699     0.281    0.566E+00    0.259E+00    0.287E+00    0.253E-01    0.305E-01    0.130E-01    0.130E-01    0.305E-02    0.305E-02    0.000E+00    0.000E+00
     9.699     0.282    0.565E+00    0.258E+00    0.284E+00    0.252E-01    0.303E-01    0.129E-01    0.129E-01    0.302E-02    0.302E-02    0.000E+00    0.000E+00
     9.699     0.283    0.564E+00    0.257E+00    0.281E+00    0.250E-01    0.300E-01    0.128E-01    0.128E-01    0.298E-02    0.298E-02    0.000E+00    0.000E+00
     9.699     0.284    0.563E+00    0.256E+00    0.279E+00    0.248E-01    0.297E-01    0.127E-01    0.127E-01    0.295E-02    0.295E-02    0.000E+00    0.000E+00
     9.699     0.285    0.563E+00    0.255E+00    0.276E+00    0.247E-01    0.295E-01    0.126E-01    0.126E-01    0.292E-02    0.292E-02    0.000E+00    0.000E+00
     9.699     0.286    0.562E+00    0.254E+00    0.274E+00    0.245E-01    0.292E-01    0.125E-01    0.125E-01    0.288E-02    0.288E-02    0.000E+00    0.000E+00
     9.699     0.287    0.561E+00    0.253E+00    0.271E+00    0.243E-01    0.290E-01    0.124E-01    0.124E-01    0.285E-02    0.285E-02    0.000E+00    0.000E+00
     9.699     0.288    0.560E+00    0.252E+00    0.269E+00    0.242E-01    0.287E-01    0.123E-01    0.123E-01    0.282E-02    0.282E-02    0.000E+00    0.000E+00
     9.699     0.289    0.559E+00    0.251E+00    0.266E+00    0.240E-01    0.285E-01    0.122E-01    0.122E-01    0.278E-02    0.278E-02    0.000E+00    0.000E+00
     9.699     0.290    0.558E+00    0.251E+00    0.264E+00    0.238E-01    0.282E-01    0.121E-01    0.121E-01    0.275E-02    0.275E-02    0.000E+00    0.000E+00
     9.699     0.291    0.557E+00    0.250E+00    0.261E+00    0.237E-01    0.280E-01    0.120E-01    0.120E-01    0.272E-02    0.272E-02    0.000E+00    0.000E+00
     9.699     0.292    0.556E+00    0.249E+00    0.259E+00    0.235E-01    0.277E-01    0.119E-01    0.119E-01    0.269E-02    0.269E-02    0.000E+00    0.000E+00
     9.699     0.293    0.555E+00    0.248E+00    0.256E+00    0.233E-01    0.275E-01    0.118E-01    0.118E-01    0.266E-02    0.266E-02    0.000E+00    0.000E+00
     9.699     0.294    0.554E+00    0.247E+00    0.254E+00    0.232E-01    0.272E-01    0.117E-01    0.117E-01    0.263E-02    0.263E-02    0.000E+00    0.000E+00
     9.699     0.295    0.553E+00    0.246E+00    0.252E+00    0.230E-01    0.270E-01    0.116E-01    0.116E-01    0.260E-02    0.260E-02    0.000E+00    0.000E+00
     9.699     0.296    0.552E+00    0.245E+00    0.249E+00    0.228E-01    0.267E-01    0.115E-01    0.115E-01    0.257E-02    0.257E-02    0.000E+00    0.000E+00
     9.699     0.297    0.551E+00    0.244E+00    0.247E+00    0.227E-01    0.265E-01    0.114E-01    0.114E-01    0.254E-02    0.254E-02    0.000E+00    0.000E+00
     9.699     0.298    0.549E+00    0.243E+00    0.245E+00    0.225E-01    0.263E-01    0.113E-01    0.113E-01    0.251E-02    0.251E-02    0.000E+00    0.000E+00
     9.699     0.299    0.548E+00    0.242E+00    0.242E+00    0.224E-01    0.260E-01    0.112E-01    0.112E-01    0.248E-02    0.248E-02    0.000E+00    0.000E+00
     9.699     0.300    0.547E+00    0.241E+00    0.240E+00    0.222E-01    0.258E-01    0.111E-01    0.111E-01    0.245E-02    0.245E-02    0.000E+00    0.000E+00
     9.699     0.301    0.546E+00    0.241E+00    0.238E+00    0.221E-01    0.256E-01    0.110E-01    0.110E-01    0.242E-02    0.242E-02    0.000E+00    0.000E+00
     9.699     0.302    0.545E+00    0.240E+00    0.236E+00    0.219E-01    0.253E-01    0.109E-01    0.109E-01    0.239E-02    0.239E-02    0.000E+00    0.000E+00
     9.699     0.303    0.544E+00    0.239E+00    0.233E+00    0.217E-01    0.251E-01    0.108E-01    0.108E-01    0.236E-02    0.236E-02    0.000E+00    0.000E+00
     9.699     0.304    0.543E+00    0.238E+00    0.231E+00    0.216E-01    0.249E-01    0.107E-01    0.107E-01    0.234E-02    0.234E-02    0.000E+00    0.000E+00
     9.699     0.305    0.542E+00    0.237E+00    0.229E+00    0.214E-01    0.247E-01    0.106E-01    0.106E-01    0.231E-02    0.231E-02    0.000E+00    0.000E+00
     9.699     0.306    0.541E+00    0.236E+00    0.227E+00    0.213E-01    0.245E-01    0.105E-01    0.105E-01    0.228E-02    0.228E-02    0.000E+00    0.000E+00
     9.699     0.307    0.540E+00    0.235E+00    0.225E+00    0.211E-01    0.242E-01    0.104E-01    0.104E-01    0.225E-02    0.225E-02    0.000E+00    0.000E+00
     9.699     0.308    0.539E+00    0.234E+00    0.222E+00    0.210E-01    0.240E-01    0.103E-01    0.103E-01    0.223E-02    0.223E-02    0.000E+00    0.000E+00
     9.699     0.309    0.538E+00    0.233E+00    0.220E+00    0.208E-01    0.238E-01    0.102E-01    0.102E-01    0.220E-02    0.220E-02    0.000E+00    0.000E+00
     9.699     0.310    0.537E+00    0.232E+00    0.218E+00    0.207E-01    0.236E-01    0.102E-01    0.102E-01    0.218E-02    0.218E-02    0.000E+00    0.000E+00
     9.699     0.311    0.535E+00    0.231E+00    0.216E+00    0.205E-01    0.234E-01    0.101E-01    0.101E-01    0.215E-02    0.215E-02    0.000E+00    0.000E+00
     9.699     0.312    0.534E+00    0.231E+00    0.214E+00    0.204E-01    0.232E-01    0.999E-02    0.999E-02    0.213E-02    0.213E-02    0.000E+00    0.000E+00
     9.699     0.313    0.533E+00    0.230E+00    0.212E+00    0.202E-01    0.230E-01    0.990E-02    0.990E-02    0.210E-02    0.210E-02    0.000E+00    0.000E+00
     9.699     0.314    0.532E+00    0.229E+00    0.210E+00    0.201E-01    0.228E-01    0.982E-02    0.982E-02    0.208E-02    0.208E-02    0.000E+00    0.000E+00
     9.699     0.315    0.531E+00    0.228E+00    0.208E+00    0.199E-01    0.226E-01    0.973E-02    0.973E-02    0.205E-02    0.205E-02    0.000E+00    0.000E+00
     9.699     0.316    0.530E+00    0.227E+00    0.206E+00    0.198E-01    0.224E-01    0.965E-02    0.965E-02    0.203E-02    0.203E-02    0.000E+00    0.000E+00
     9.699     0.317    0.529E+00    0.226E+00    0.204E+00    0.196E-01    0.222E-01    0.956E-02    0.956E-02    0.200E-02    0.200E-02    0.000E+00    0.000E+00
     9.699     0.318    0.527E+00    0.225E+00    0.202E+00    0.195E-01    0.220E-01    0.948E-02    0.948E-02    0.198E-02    0.198E-02    0.000E+00    0.000E+00
     9.699     0.319    0.526E+00    0.224E+00    0.200E+00    0.194E-01    0.218E-01    0.940E-02    0.940E-02    0.195E-02    0.195E-02    0.000E+00    0.000E+00
     9.699     0.320    0.525E+00    0.223E+00    0.198E+00    0.192E-01    0.216E-01    0.932E-02    0.932E-02    0.193E-02    0.193E-02    0.000E+00    0.000E+00
     9.699     0.321    0.524E+00    0.222E+00    0.196E+00    0.191E-01    0.214E-01    0.923E-02    0.923E-02    0.191E-02    0.191E-02    0.000E+00    0.000E+00
     9.699     0.322    0.523E+00    0.221E+00    0.194E+00    0.189E-01    0.212E-01    0.915E-02    0.915E-02    0.189E-02    0.189E-02    0.000E+00    0.000E+00
     9.699     0.323    0.522E+00    0.221E+00    0.192E+00    0.188E-01    0.210E-01    0.907E-02    0.907E-02    0.186E-02    0.186E-02    0.000E+00    0.000E+00
     9.699     0.324    0.520E+00    0.220E+00    0.191E+00    0.187E-01    0.208E-01    0.900E-02    0.900E-02    0.184E-02    0.184E-02    0.000E+00    0.000E+00
     9.699     0.325    0.519E+00    0.219E+00    0.189E+00    0.185E-01    0.206E-01    0.892E-02    0.892E-02    0.182E-02    0.182E-02    0.000E+00    0.000E+00
     9.699     0.326    0.518E+00    0.218E+00    0.187E+00    0.184E-01    0.204E-01    0.884E-02    0.884E-02    0.180E-02    0.180E-02    0.000E+00    0.000E+00
     9.699     0.327    0.517E+00    0.217E+00    0.185E+00    0.182E-01    0.202E-01    0.876E-02    0.876E-02    0.178E-02    0.178E-02    0.000E+00    0.000E+00
     9.699     0.328    0.516E+00    0.216E+00    0.183E+00    0.181E-01    0.201E-01    0.869E-02    0.869E-02    0.175E-02    0.175E-02    0.000E+00    0.000E+00
     9.699     0.329    0.514E+00    0.215E+00    0.181E+00    0.180E-01    0.199E-01    0.861E-02    0.861E-02    0.173E-02    0.173E-02    0.000E+00    0.000E+00
     9.699     0.330    0.513E+00    0.214E+00    0.180E+00    0.178E-01    0.197E-01    0.853E-02    0.853E-02    0.171E-02    0.171E-02    0.000E+00    0.000E+00
     9.699     0.331    0.512E+00    0.213E+00    0.178E+00    0.177E-01    0.195E-01    0.846E-02    0.846E-02    0.169E-02    0.169E-02    0.000E+00    0.000E+00
     9.699     0.332    0.511E+00    0.212E+00    0.176E+00    0.176E-01    0.193E-01    0.839E-02    0.839E-02    0.167E-02    0.167E-02    0.000E+00    0.000E+00
     9.699     0.333    0.509E+00    0.211E+00    0.174E+00    0.174E-01    0.192E-01    0.831E-02    0.831E-02    0.165E-02    0.165E-02    0.000E+00    0.000E+00
     9.699     0.334    0.508E+00    0.211E+00    0.173E+00    0.173E-01    0.190E-01    0.824E-02    0.824E-02    0.163E-02    0.163E-02    0.000E+00    0.000E+00
     9.699     0.335    0.507E+00    0.210E+00    0.171E+00    0.172E-01    0.188E-01    0.817E-02    0.817E-02    0.161E-02    0.161E-02    0.000E+00    0.000E+00
     9.699     0.336    0.506E+00    0.209E+00    0.169E+00    0.170E-01    0.187E-01    0.809E-02    0.809E-02    0.159E-02    0.159E-02    0.000E+00    0.000E+00
     9.699     0.337    0.505E+00    0.208E+00    0.168E+00    0.169E-01    0.185E-01    0.802E-02    0.802E-02    0.157E-02    0.157E-02    0.000E+00    0.000E+00
     9.699     0.338    0.503E+00    0.207E+00    0.166E+00    0.168E-01    0.183E-01    0.795E-02    0.795E-02    0.155E-02    0.155E-02    0.000E+00    0.000E+00
     9.699     0.339    0.502E+00    0.206E+00    0.164E+00    0.166E-01    0.182E-01    0.788E-02    0.788E-02    0.153E-02    0.153E-02    0.000E+00    0.000E+00
     9.699     0.340    0.501E+00    0.205E+00    0.163E+00    0.165E-01    0.180E-01    0.781E-02    0.781E-02    0.151E-02    0.151E-02    0.000E+00    0.000E+00
     9.699     0.341    0.500E+00    0.204E+00    0.161E+00    0.164E-01    0.178E-01    0.774E-02    0.774E-02    0.150E-02    0.150E-02    0.000E+00    0.000E+00
     9.699     0.342    0.498E+00    0.203E+00    0.160E+00    0.163E-01    0.177E-01    0.767E-02    0.767E-02    0.148E-02    0.148E-02    0.000E+00    0.000E+00
     9.699     0.343    0.497E+00    0.202E+00    0.158E+00    0.161E-01    0.175E-01    0.760E-02    0.760E-02    0.146E-02    0.146E-02    0.000E+00    0.000E+00
     9.699     0.344    0.496E+00    0.202E+00    0.156E+00    0.160E-01    0.173E-01    0.754E-02    0.754E-02    0.144E-02    0.144E-02    0.000E+00    0.000E+00
     9.699     0.345    0.494E+00    0.201E+00    0.155E+00    0.159E-01    0.172E-01    0.747E-02    0.747E-02    0.142E-02    0.142E-02    0.000E+00    0.000E+00
     9.699     0.346    0.493E+00    0.200E+00    0.153E+00    0.158E-01    0.170E-01    0.740E-02    0.740E-02    0.141E-02    0.141E-02    0.000E+00    0.000E+00
     9.699     0.347    0.492E+00    0.199E+00    0.152E+00    0.156E-01    0.169E-01    0.734E-02    0.734E-02    0.139E-02    0.139E-02    0.000E+00    0.000E+00
     9.699     0.348    0.491E+00    0.198E+00    0.150E+00    0.155E-01    0.167E-01    0.727E-02    0.727E-02    0.137E-02    0.137E-02    0.000E+00    0.000E+00
     9.699     0.349    0.489E+00    0.197E+00    0.149E+00    0.154E-01    0.166E-01    0.720E-02    0.720E-02    0.136E-02    0.136E-02    0.000E+00    0.000E+00
     9.699     0.350    0.488E+00    0.196E+00    0.147E+00    0.153E-01    0.164E-01    0.714E-02    0.714E-02    0.134E-02    0.134E-02    0.000E+00    0.000E+00
     9.699     0.351    0.487E+00    0.195E+00    0.146E+00    0.151E-01    0.163E-01    0.708E-02    0.708E-02    0.132E-02    0.132E-02    0.000E+00    0.000E+00
     9.699     0.352    0.485E+00    0.194E+00    0.144E+00    0.150E-01    0.161E-01    0.701E-02    0.701E-02    0.131E-02    0.131E-02    0.000E+00    0.000E+00
     9.699     0.353    0.484E+00    0.194E+00    0.143E+00    0.149E-01    0.160E-01    0.695E-02    0.695E-02    0.129E-02    0.129E-02    0.000E+00    0.000E+00
     9.699     0.354    0.483E+00    0.193E+00    0.141E+00    0.148E-01    0.158E-01    0.689E-02    0.689E-02    0.127E-02    0.127E-02    0.000E+00    0.000E+00
     9.699     0.355    0.481E+00    0.192E+00    0.140E+00    0.147E-01    0.157E-01    0.682E-02    0.682E-02    0.126E-02    0.126E-02    0.000E+00    0.000E+00
     9.699     0.356    0.480E+00    0.191E+00    0.138E+00    0.145E-01    0.155E-01    0.676E-02    0.676E-02    0.124E-02    0.124E-02    0.000E+00    0.000E+00
     9.699     0.357    0.479E+00    0.190E+00    0.137E+00    0.144E-01    0.154E-01    0.670E-02    0.670E-02    0.123E-02    0.123E-02    0.000E+00    0.000E+00
     9.699     0.358    0.478E+00    0.189E+00    0.136E+00    0.143E-01    0.153E-01    0.664E-02    0.664E-02    0.121E-02    0.121E-02    0.000E+00    0.000E+00
     9.699     0.359    0.476E+00    0.188E+00    0.134E+00    0.142E-01    0.151E-01    0.658E-02    0.658E-02    0.120E-02    0.120E-02    0.000E+00    0.000E+00
     9.699     0.360    0.475E+00    0.187E+00    0.133E+00    0.141E-01    0.150E-01    0.652E-02    0.652E-02    0.118E-02    0.118E-02    0.000E+00    0.000E+00
     9.699     0.361    0.474E+00    0.186E+00    0.132E+00    0.140E-01    0.148E-01    0.646E-02    0.646E-02    0.117E-02    0.117E-02    0.000E+00    0.000E+00
     9.699     0.362    0.472E+00    0.186E+00    0.130E+00    0.139E-01    0.147E-01    0.640E-02    0.640E-02    0.115E-02    0.115E-02    0.000E+00    0.000E+00
     9.699     0.363    0.471E+00    0.185E+00    0.129E+00    0.137E-01    0.146E-01    0.634E-02    0.634E-02    0.114E-02    0.114E-02    0.000E+00    0.000E+00
     9.699     0.364    0.470E+00    0.184E+00    0.128E+00    0.136E-01    0.144E-01    0.628E-02    0.628E-02    0.112E-02    0.112E-02    0.000E+00    0.000E+00
     9.699     0.365    0.468E+00    0.183E+00    0.126E+00    0.135E-01    0.143E-01    0.623E-02    0.623E-02    0.111E-02    0.111E-02    0.000E+00    0.000E+00
     9.699     0.366    0.467E+00    0.182E+00    0.125E+00    0.134E-01    0.142E-01    0.617E-02    0.617E-02    0.109E-02    0.109E-02    0.000E+00    0.000E+00
     9.699     0.367    0.465E+00    0.181E+00    0.124E+00    0.133E-01    0.140E-01    0.611E-02    0.611E-02    0.108E-02    0.108E-02    0.000E+00    0.000E+00
     9.699     0.368    0.464E+00    0.180E+00    0.122E+00    0.132E-01    0.139E-01    0.606E-02    0.606E-02    0.107E-02    0.107E-02    0.000E+00    0.000E+00
     9.699     0.369    0.463E+00    0.179E+00    0.121E+00    0.131E-01    0.138E-01    0.600E-02    0.600E-02    0.105E-02    0.105E-02    0.000E+00    0.000E+00
     9.699     0.370    0.461E+00    0.179E+00    0.120E+00    0.130E-01    0.136E-01    0.595E-02    0.595E-02    0.104E-02    0.104E-02    0.000E+00    0.000E+00
     9.699     0.371    0.460E+00    0.178E+00    0.119E+00    0.129E-01    0.135E-01    0.589E-02    0.589E-02    0.103E-02    0.103E-02    0.000E+00    0.000E+00
     9.699     0.372    0.459E+00    0.177E+00    0.117E+00    0.127E-01    0.134E-01    0.584E-02    0.584E-02    0.101E-02    0.101E-02    0.000E+00    0.000E+00
     9.699     0.373    0.457E+00    0.176E+00    0.116E+00    0.126E-01    0.133E-01    0.578E-02    0.578E-02    0.100E-02    0.100E-02    0.000E+00    0.000E+00
     9.699     0.374    0.456E+00    0.175E+00    0.115E+00    0.125E-01    0.131E-01    0.573E-02    0.573E-02    0.988E-03    0.988E-03    0.000E+00    0.000E+00
     9.699     0.375    0.455E+00    0.174E+00    0.114E+00    0.124E-01    0.130E-01    0.568E-02    0.568E-02    0.975E-03    0.975E-03    0.000E+00    0.000E+00
     9.699     0.376    0.453E+00    0.173E+00    0.113E+00    0.123E-01    0.129E-01    0.562E-02    0.562E-02    0.963E-03    0.963E-03    0.000E+00    0.000E+00
     9.699     0.377    0.452E+00    0.172E+00    0.111E+00    0.122E-01    0.128E-01    0.557E-02    0.557E-02    0.950E-03    0.950E-03    0.000E+00    0.000E+00
     9.699     0.378    0.451E+00    0.172E+00    0.110E+00    0.121E-01    0.127E-01    0.552E-02    0.552E-02    0.938E-03    0.938E-03    0.000E+00    0.000E+00
     9.699     0.379    0.449E+00    0.171E+00    0.109E+00    0.120E-01    0.125E-01    0.547E-02    0.547E-02    0.926E-03    0.926E-03    0.000E+00    0.000E+00
     9.699     0.380    0.448E+00    0.170E+00    0.108E+00    0.119E-01    0.124E-01    0.542E-02    0.542E-02    0.914E-03    0.914E-03    0.000E+00    0.000E+00
     9.699     0.381    0.446E+00    0.169E+00    0.107E+00    0.118E-01    0.123E-01    0.536E-02    0.536E-02    0.902E-03    0.902E-03    0.000E+00    0.000E+00
     9.699     0.382    0.445E+00    0.168E+00    0.106E+00    0.117E-01    0.122E-01    0.531E-02    0.531E-02    0.891E-03    0.891E-03    0.000E+00    0.000E+00
     9.699     0.383    0.444E+00    0.167E+00    0.105E+00    0.116E-01    0.121E-01    0.526E-02    0.526E-02    0.879E-03    0.879E-03    0.000E+00    0.000E+00
     9.699     0.384    0.442E+00    0.166E+00    0.103E+00    0.115E-01    0.120E-01    0.521E-02    0.521E-02    0.868E-03    0.868E-03    0.000E+00    0.000E+00
     9.699     0.385    0.441E+00    0.166E+00    0.102E+00    0.114E-01    0.119E-01    0.517E-02    0.517E-02    0.856E-03    0.856E-03    0.000E+00    0.000E+00
     9.699     0.386    0.439E+00    0.165E+00    0.101E+00    0.113E-01    0.117E-01    0.512E-02    0.512E-02    0.845E-03    0.845E-03    0.000E+00    0.000E+00
     9.699     0.387    0.438E+00    0.164E+00    0.100E+00    0.112E-01    0.116E-01    0.507E-02    0.507E-02    0.834E-03    0.834E-03    0.000E+00    0.000E+00
     9.699     0.388    0.437E+00    0.163E+00    0.991E-01    0.111E-01    0.115E-01    0.502E-02    0.502E-02    0.823E-03    0.823E-03    0.000E+00    0.000E+00
     9.699     0.389    0.435E+00    0.162E+00    0.981E-01    0.110E-01    0.114E-01    0.497E-02    0.497E-02    0.813E-03    0.813E-03    0.000E+00    0.000E+00
     9.699     0.390    0.434E+00    0.161E+00    0.970E-01    0.109E-01    0.113E-01    0.493E-02    0.493E-02    0.802E-03    0.802E-03    0.000E+00    0.000E+00
     9.699     0.391    0.432E+00    0.160E+00    0.960E-01    0.108E-01    0.112E-01    0.488E-02    0.488E-02    0.792E-03    0.792E-03    0.000E+00    0.000E+00
     9.699     0.392    0.431E+00    0.160E+00    0.950E-01    0.107E-01    0.111E-01    0.483E-02    0.483E-02    0.781E-03    0.781E-03    0.000E+00    0.000E+00
     9.699     0.393    0.430E+00    0.159E+00    0.940E-01    0.106E-01    0.110E-01    0.479E-02    0.479E-02    0.771E-03    0.771E-03    0.000E+00    0.000E+00
     9.699     0.394    0.428E+00    0.158E+00    0.929E-01    0.105E-01    0.109E-01    0.474E-02    0.474E-02    0.761E-03    0.761E-03    0.000E+00    0.000E+00
     9.699     0.395    0.427E+00    0.157E+00    0.919E-01    0.104E-01    0.108E-01    0.469E-02    0.469E-02    0.751E-03    0.751E-03    0.000E+00    0.000E+00
     9.699     0.396    0.425E+00    0.156E+00    0.910E-01    0.104E-01    0.107E-01    0.465E-02    0.465E-02    0.741E-03    0.741E-03    0.000E+00    0.000E+00
     9.699     0.397    0.424E+00    0.155E+00    0.900E-01    0.103E-01    0.106E-01    0.460E-02    0.460E-02    0.731E-03    0.731E-03    0.000E+00    0.000E+00
     9.699     0.398    0.423E+00    0.155E+00    0.890E-01    0.102E-01    0.105E-01    0.456E-02    0.456E-02    0.722E-03    0.722E-03    0.000E+00    0.000E+00
     9.699     0.399    0.421E+00    0.154E+00    0.880E-01    0.101E-01    0.104E-01    0.452E-02    0.452E-02    0.712E-03    0.712E-03    0.000E+00    0.000E+00
     9.699     0.400    0.420E+00    0.153E+00    0.871E-01    0.999E-02    0.103E-01    0.447E-02    0.447E-02    0.703E-03    0.703E-03    0.000E+00    0.000E+00
     9.699     0.401    0.418E+00    0.152E+00    0.861E-01    0.990E-02    0.102E-01    0.443E-02    0.443E-02    0.693E-03    0.693E-03    0.000E+00    0.000E+00
     9.699     0.402    0.417E+00    0.151E+00    0.852E-01    0.981E-02    0.101E-01    0.439E-02    0.439E-02    0.684E-03    0.684E-03    0.000E+00    0.000E+00
     9.699     0.403    0.416E+00    0.150E+00    0.843E-01    0.972E-02    0.998E-02    0.434E-02    0.434E-02    0.675E-03    0.675E-03    0.000E+00    0.000E+00
     9.699     0.404    0.414E+00    0.150E+00    0.834E-01    0.963E-02    0.988E-02    0.430E-02    0.430E-02    0.666E-03    0.666E-03    0.000E+00    0.000E+00
     9.699     0.405    0.413E+00    0.149E+00    0.824E-01    0.954E-02    0.979E-02    0.426E-02    0.426E-02    0.657E-03    0.657E-03    0.000E+00    0.000E+00
     9.699     0.406    0.411E+00    0.148E+00    0.815E-01    0.945E-02    0.969E-02    0.422E-02    0.422E-02    0.648E-03    0.648E-03    0.000E+00    0.000E+00
     9.699     0.407    0.410E+00    0.147E+00    0.807E-01    0.937E-02    0.960E-02    0.418E-02    0.418E-02    0.640E-03    0.640E-03    0.000E+00    0.000E+00
     9.699     0.408    0.408E+00    0.146E+00    0.798E-01    0.928E-02    0.951E-02    0.414E-02    0.414E-02    0.631E-03    0.631E-03    0.000E+00    0.000E+00
     9.699     0.409    0.407E+00    0.145E+00    0.789E-01    0.920E-02    0.941E-02    0.410E-02    0.410E-02    0.623E-03    0.623E-03    0.000E+00    0.000E+00
     9.699     0.410    0.406E+00    0.145E+00    0.780E-01    0.911E-02    0.932E-02    0.406E-02    0.406E-02    0.614E-03    0.614E-03    0.000E+00    0.000E+00
     9.699     0.411    0.404E+00    0.144E+00    0.772E-01    0.903E-02    0.923E-02    0.402E-02    0.402E-02    0.606E-03    0.606E-03    0.000E+00    0.000E+00
     9.699     0.412    0.403E+00    0.143E+00    0.763E-01    0.894E-02    0.914E-02    0.398E-02    0.398E-02    0.598E-03    0.598E-03    0.000E+00    0.000E+00
     9.699     0.413    0.401E+00    0.142E+00    0.755E-01    0.886E-02    0.905E-02    0.394E-02    0.394E-02    0.590E-03    0.590E-03    0.000E+00    0.000E+00
     9.699     0.414    0.400E+00    0.141E+00    0.747E-01    0.878E-02    0.897E-02    0.390E-02    0.390E-02    0.582E-03    0.582E-03    0.000E+00    0.000E+00
     9.699     0.415    0.398E+00    0.141E+00    0.738E-01    0.870E-02    0.888E-02    0.386E-02    0.386E-02    0.574E-03    0.574E-03    0.000E+00    0.000E+00
     9.699     0.416    0.397E+00    0.140E+00    0.730E-01    0.862E-02    0.879E-02    0.382E-02    0.382E-02    0.566E-03    0.566E-03    0.000E+00    0.000E+00
     9.699     0.417    0.396E+00    0.139E+00    0.722E-01    0.854E-02    0.870E-02    0.378E-02    0.378E-02    0.558E-03    0.558E-03    0.000E+00    0.000E+00
     9.699     0.418    0.394E+00    0.138E+00    0.714E-01    0.845E-02    0.862E-02    0.375E-02    0.375E-02    0.551E-03    0.551E-03    0.000E+00    0.000E+00
     9.699     0.419    0.393E+00    0.137E+00    0.706E-01    0.838E-02    0.853E-02    0.371E-02    0.371E-02    0.543E-03    0.543E-03    0.000E+00    0.000E+00
     9.699     0.420    0.391E+00    0.137E+00    0.698E-01    0.830E-02    0.845E-02    0.367E-02    0.367E-02    0.536E-03    0.536E-03    0.000E+00    0.000E+00
     9.699     0.421    0.390E+00    0.136E+00    0.690E-01    0.822E-02    0.837E-02    0.363E-02    0.363E-02    0.528E-03    0.528E-03    0.000E+00    0.000E+00
     9.699     0.422    0.388E+00    0.135E+00    0.683E-01    0.814E-02    0.828E-02    0.360E-02    0.360E-02    0.521E-03    0.521E-03    0.000E+00    0.000E+00
     9.699     0.423    0.387E+00    0.134E+00    0.675E-01    0.806E-02    0.820E-02    0.356E-02    0.356E-02    0.514E-03    0.514E-03    0.000E+00    0.000E+00
     9.699     0.424    0.386E+00    0.133E+00    0.667E-01    0.798E-02    0.812E-02    0.353E-02    0.353E-02    0.507E-03    0.507E-03    0.000E+00    0.000E+00
     9.699     0.425    0.384E+00    0.133E+00    0.660E-01    0.791E-02    0.804E-02    0.349E-02    0.349E-02    0.500E-03    0.500E-03    0.000E+00    0.000E+00
     9.699     0.426    0.383E+00    0.132E+00    0.652E-01    0.783E-02    0.796E-02    0.345E-02    0.345E-02    0.493E-03    0.493E-03    0.000E+00    0.000E+00
     9.699     0.427    0.381E+00    0.131E+00    0.645E-01    0.776E-02    0.788E-02    0.342E-02    0.342E-02    0.486E-03    0.486E-03    0.000E+00    0.000E+00
     9.699     0.428    0.380E+00    0.130E+00    0.638E-01    0.768E-02    0.780E-02    0.338E-02    0.338E-02    0.480E-03    0.480E-03    0.000E+00    0.000E+00
     9.699     0.429    0.378E+00    0.129E+00    0.630E-01    0.761E-02    0.772E-02    0.335E-02    0.335E-02    0.473E-03    0.473E-03    0.000E+00    0.000E+00
     9.699     0.430    0.377E+00    0.129E+00    0.623E-01    0.753E-02    0.764E-02    0.332E-02    0.332E-02    0.467E-03    0.467E-03    0.000E+00    0.000E+00
     9.699     0.431    0.376E+00    0.128E+00    0.616E-01    0.746E-02    0.757E-02    0.328E-02    0.328E-02    0.460E-03    0.460E-03    0.000E+00    0.000E+00
     9.699     0.432    0.374E+00    0.127E+00    0.609E-01    0.739E-02    0.749E-02    0.325E-02    0.325E-02    0.454E-03    0.454E-03    0.000E+00    0.000E+00
     9.699     0.433    0.373E+00    0.126E+00    0.602E-01    0.732E-02    0.742E-02    0.322E-02    0.322E-02    0.447E-03    0.447E-03    0.000E+00    0.000E+00
     9.699     0.434    0.371E+00    0.126E+00    0.596E-01    0.725E-02    0.734E-02    0.318E-02    0.318E-02    0.441E-03    0.441E-03    0.000E+00    0.000E+00
     9.699     0.435    0.370E+00    0.125E+00    0.589E-01    0.717E-02    0.727E-02    0.315E-02    0.315E-02    0.435E-03    0.435E-03    0.000E+00    0.000E+00
     9.699     0.436    0.368E+00    0.124E+00    0.582E-01    0.710E-02    0.719E-02    0.312E-02    0.312E-02    0.429E-03    0.429E-03    0.000E+00    0.000E+00
     9.699     0.437    0.367E+00    0.123E+00    0.575E-01    0.703E-02    0.712E-02    0.308E-02    0.308E-02    0.423E-03    0.423E-03    0.000E+00    0.000E+00
     9.699     0.438    0.366E+00    0.123E+00    0.569E-01    0.696E-02    0.705E-02    0.305E-02    0.305E-02    0.417E-03    0.417E-03    0.000E+00    0.000E+00
     9.699     0.439    0.364E+00    0.122E+00    0.562E-01    0.689E-02    0.698E-02    0.302E-02    0.302E-02    0.411E-03    0.411E-03    0.000E+00    0.000E+00
     9.699     0.440    0.363E+00    0.121E+00    0.556E-01    0.683E-02    0.690E-02    0.299E-02    0.299E-02    0.405E-03    0.405E-03    0.000E+00    0.000E+00
     9.699     0.441    0.361E+00    0.120E+00    0.549E-01    0.676E-02    0.683E-02    0.296E-02    0.296E-02    0.400E-03    0.400E-03    0.000E+00    0.000E+00
     9.699     0.442    0.360E+00    0.119E+00    0.543E-01    0.669E-02    0.676E-02    0.293E-02    0.293E-02    0.394E-03    0.394E-03    0.000E+00    0.000E+00
     9.699     0.443    0.358E+00    0.119E+00    0.537E-01    0.662E-02    0.669E-02    0.290E-02    0.290E-02    0.388E-03    0.388E-03    0.000E+00    0.000E+00
     9.699     0.444    0.357E+00    0.118E+00    0.530E-01    0.656E-02    0.663E-02    0.287E-02    0.287E-02    0.383E-03    0.383E-03    0.000E+00    0.000E+00
     9.699     0.445    0.356E+00    0.117E+00    0.524E-01    0.649E-02    0.656E-02    0.284E-02    0.284E-02    0.377E-03    0.377E-03    0.000E+00    0.000E+00
     9.699     0.446    0.354E+00    0.116E+00    0.518E-01    0.643E-02    0.649E-02    0.281E-02    0.281E-02    0.372E-03    0.372E-03    0.000E+00    0.000E+00
     9.699     0.447    0.353E+00    0.116E+00    0.512E-01    0.636E-02    0.642E-02    0.278E-02    0.278E-02    0.367E-03    0.367E-03    0.000E+00    0.000E+00
     9.699     0.448    0.351E+00    0.115E+00    0.506E-01    0.630E-02    0.636E-02    0.275E-02    0.275E-02    0.362E-03    0.362E-03    0.000E+00    0.000E+00
     9.699     0.449    0.350E+00    0.114E+00    0.500E-01    0.623E-02    0.629E-02    0.272E-02    0.272E-02    0.356E-03    0.356E-03    0.000E+00    0.000E+00
     9.699     0.450    0.348E+00    0.114E+00    0.494E-01    0.617E-02    0.622E-02    0.269E-02    0.269E-02    0.351E-03    0.351E-03    0.000E+00    0.000E+00
     9.699     0.451    0.347E+00    0.113E+00    0.489E-01    0.611E-02    0.616E-02    0.266E-02    0.266E-02    0.346E-03    0.346E-03    0.000E+00    0.000E+00
     9.699     0.452    0.346E+00    0.112E+00    0.483E-01    0.604E-02    0.609E-02    0.263E-02    0.263E-02    0.341E-03    0.341E-03    0.000E+00    0.000E+00
     9.699     0.453    0.344E+00    0.111E+00    0.477E-01    0.598E-02    0.603E-02    0.260E-02    0.260E-02    0.336E-03    0.336E-03    0.000E+00    0.000E+00
     9.699     0.454    0.343E+00    0.111E+00    0.472E-01    0.592E-02    0.597E-02    0.258E-02    0.258E-02    0.332E-03    0.332E-03    0.000E+00    0.000E+00
     9.699     0.455    0.341E+00    0.110E+00    0.466E-01    0.586E-02    0.590E-02    0.255E-02    0.255E-02    0.327E-03    0.327E-03    0.000E+00    0.000E+00
     9.699     0.456    0.340E+00    0.109E+00    0.461E-01    0.580E-02    0.584E-02    0.252E-02    0.252E-02    0.322E-03    0.322E-03    0.000E+00    0.000E+00
     9.699     0.457    0.338E+00    0.108E+00    0.455E-01    0.574E-02    0.578E-02    0.249E-02    0.249E-02    0.318E-03    0.318E-03    0.000E+00    0.000E+00
     9.699     0.458    0.337E+00    0.108E+00    0.450E-01    0.568E-02    0.572E-02    0.247E-02    0.247E-02    0.313E-03    0.313E-03    0.000E+00    0.000E+00
     9.699     0.459    0.336E+00    0.107E+00    0.444E-01    0.562E-02    0.566E-02    0.244E-02    0.244E-02    0.308E-03    0.308E-03    0.000E+00    0.000E+00
     9.699     0.460    0.334E+00    0.106E+00    0.439E-01    0.556E-02    0.560E-02    0.241E-02    0.241E-02    0.304E-03    0.304E-03    0.000E+00    0.000E+00
     9.699     0.461    0.333E+00    0.106E+00    0.434E-01    0.550E-02    0.554E-02    0.239E-02    0.239E-02    0.299E-03    0.299E-03    0.000E+00    0.000E+00
     9.699     0.462    0.331E+00    0.105E+00    0.429E-01    0.544E-02    0.548E-02    0.236E-02    0.236E-02    0.295E-03    0.295E-03    0.000E+00    0.000E+00
     9.699     0.463    0.330E+00    0.104E+00    0.424E-01    0.538E-02    0.542E-02    0.234E-02    0.234E-02    0.291E-03    0.291E-03    0.000E+00    0.000E+00
     9.699     0.464    0.328E+00    0.103E+00    0.418E-01    0.533E-02    0.536E-02    0.231E-02    0.231E-02    0.287E-03    0.287E-03    0.000E+00    0.000E+00
     9.699     0.465    0.327E+00    0.103E+00    0.413E-01    0.527E-02    0.530E-02    0.228E-02    0.228E-02    0.282E-03    0.282E-03    0.000E+00    0.000E+00
     9.699     0.466    0.326E+00    0.102E+00    0.408E-01    0.521E-02    0.525E-02    0.226E-02    0.226E-02    0.278E-03    0.278E-03    0.000E+00    0.000E+00
     9.699     0.467    0.324E+00    0.101E+00    0.404E-01    0.516E-02    0.519E-02    0.223E-02    0.223E-02    0.274E-03    0.274E-03    0.000E+00    0.000E+00
     9.699     0.468    0.323E+00    0.101E+00    0.399E-01    0.510E-02    0.513E-02    0.221E-02    0.221E-02    0.270E-03    0.270E-03    0.000E+00    0.000E+00
     9.699     0.469    0.321E+00    0.999E-01    0.394E-01    0.505E-02    0.508E-02    0.218E-02    0.218E-02    0.266E-03    0.266E-03    0.000E+00    0.000E+00
     9.699     0.470    0.320E+00    0.992E-01    0.389E-01    0.499E-02    0.502E-02    0.216E-02    0.216E-02    0.262E-03    0.262E-03    0.000E+00    0.000E+00
     9.699     0.471    0.319E+00    0.986E-01    0.384E-01    0.494E-02    0.497E-02    0.214E-02    0.214E-02    0.258E-03    0.258E-03    0.000E+00    0.000E+00
     9.699     0.472    0.317E+00    0.979E-01    0.380E-01    0.489E-02    0.491E-02    0.211E-02    0.211E-02    0.254E-03    0.254E-03    0.000E+00    0.000E+00
     9.699     0.473    0.316E+00    0.972E-01    0.375E-01    0.483E-02    0.486E-02    0.209E-02    0.209E-02    0.251E-03    0.251E-03    0.000E+00    0.000E+00
     9.699     0.474    0.314E+00    0.965E-01    0.371E-01    0.478E-02    0.480E-02    0.207E-02    0.207E-02    0.247E-03    0.247E-03    0.000E+00    0.000E+00
     9.699     0.475    0.313E+00    0.958E-01    0.366E-01    0.473E-02    0.475E-02    0.204E-02    0.204E-02    0.243E-03    0.243E-03    0.000E+00    0.000E+00
     9.699     0.476    0.312E+00    0.952E-01    0.362E-01    0.468E-02    0.470E-02    0.202E-02    0.202E-02    0.240E-03    0.240E-03    0.000E+00    0.000E+00
     9.699     0.477    0.310E+00    0.945E-01    0.357E-01    0.463E-02    0.465E-02    0.200E-02    0.200E-02    0.236E-03    0.236E-03    0.000E+00    0.000E+00
     9.699     0.478    0.309E+00    0.938E-01    0.353E-01    0.457E-02    0.459E-02    0.197E-02    0.197E-02    0.233E-03    0.233E-03    0.000E+00    0.000E+00
     9.699     0.479    0.307E+00    0.931E-01    0.348E-01    0.452E-02    0.454E-02    0.195E-02    0.195E-02    0.229E-03    0.229E-03    0.000E+00    0.000E+00
     9.699     0.480    0.306E+00    0.925E-01    0.344E-01    0.447E-02    0.449E-02    0.193E-02    0.193E-02    0.226E-03    0.226E-03    0.000E+00    0.000E+00
     9.699     0.481    0.305E+00    0.918E-01    0.340E-01    0.442E-02    0.444E-02    0.191E-02    0.191E-02    0.222E-03    0.222E-03    0.000E+00    0.000E+00
     9.699     0.482    0.303E+00    0.912E-01    0.336E-01    0.437E-02    0.439E-02    0.188E-02    0.188E-02    0.219E-03    0.219E-03    0.000E+00    0.000E+00
     9.699     0.483    0.302E+00    0.905E-01    0.332E-01    0.433E-02    0.434E-02    0.186E-02    0.186E-02    0.216E-03    0.216E-03    0.000E+00    0.000E+00
     9.699     0.484    0.300E+00    0.898E-01    0.328E-01    0.428E-02    0.429E-02    0.184E-02    0.184E-02    0.212E-03    0.212E-03    0.000E+00    0.000E+00
     9.699     0.485    0.299E+00    0.892E-01    0.323E-01    0.423E-02    0.424E-02    0.182E-02    0.182E-02    0.209E-03    0.209E-03    0.000E+00    0.000E+00
     9.699     0.486    0.298E+00    0.885E-01    0.319E-01    0.418E-02    0.420E-02    0.180E-02    0.180E-02    0.206E-03    0.206E-03    0.000E+00    0.000E+00
     9.699     0.487    0.296E+00    0.879E-01    0.315E-01    0.413E-02    0.415E-02    0.178E-02    0.178E-02    0.203E-03    0.203E-03    0.000E+00    0.000E+00
     9.699     0.488    0.295E+00    0.872E-01    0.312E-01    0.409E-02    0.410E-02    0.176E-02    0.176E-02    0.200E-03    0.200E-03    0.000E+00    0.000E+00
     9.699     0.489    0.293E+00    0.866E-01    0.308E-01    0.404E-02    0.405E-02    0.174E-02    0.174E-02    0.197E-03    0.197E-03    0.000E+00    0.000E+00
     9.699     0.490    0.292E+00    0.860E-01    0.304E-01    0.399E-02    0.401E-02    0.172E-02    0.172E-02    0.194E-03    0.194E-03    0.000E+00    0.000E+00
     9.699     0.491    0.291E+00    0.853E-01    0.300E-01    0.395E-02    0.396E-02    0.170E-02    0.170E-02    0.191E-03    0.191E-03    0.000E+00    0.000E+00
     9.699     0.492    0.289E+00    0.847E-01    0.296E-01    0.390E-02    0.391E-02    0.168E-02    0.168E-02    0.188E-03    0.188E-03    0.000E+00    0.000E+00
     9.699     0.493    0.288E+00    0.841E-01    0.293E-01    0.386E-02    0.387E-02    0.166E-02    0.166E-02    0.185E-03    0.185E-03    0.000E+00    0.000E+00
     9.699     0.494    0.287E+00    0.834E-01    0.289E-01    0.381E-02    0.382E-02    0.164E-02    0.164E-02    0.182E-03    0.182E-03    0.000E+00    0.000E+00
     9.699     0.495    0.285E+00    0.828E-01    0.285E-01    0.377E-02    0.378E-02    0.162E-02    0.162E-02    0.179E-03    0.179E-03    0.000E+00    0.000E+00
     9.699     0.496    0.284E+00    0.822E-01    0.282E-01    0.373E-02    0.373E-02    0.160E-02    0.160E-02    0.177E-03    0.177E-03    0.000E+00    0.000E+00
     9.699     0.497    0.282E+00    0.816E-01    0.278E-01    0.368E-02    0.369E-02    0.158E-02    0.158E-02    0.174E-03    0.174E-03    0.000E+00    0.000E+00
     9.699     0.498    0.281E+00    0.809E-01    0.275E-01    0.364E-02    0.365E-02    0.156E-02    0.156E-02    0.171E-03    0.171E-03    0.000E+00    0.000E+00
     9.699     0.499    0.280E+00    0.803E-01    0.271E-01    0.360E-02    0.360E-02    0.154E-02    0.154E-02    0.169E-03    0.169E-03    0.000E+00    0.000E+00
     9.699     0.500    0.278E+00    0.797E-01    0.268E-01    0.355E-02    0.356E-02    0.152E-02    0.152E-02    0.166E-03    0.166E-03    0.000E+00    0.000E+00
     9.699     0.501    0.277E+00    0.791E-01    0.264E-01    0.351E-02    0.352E-02    0.150E-02    0.150E-02    0.163E-03    0.163E-03    0.000E+00    0.000E+00
     9.699     0.502    0.276E+00    0.785E-01    0.261E-01    0.347E-02    0.348E-02    0.149E-02    0.149E-02    0.161E-03    0.161E-03    0.000E+00    0.000E+00
     9.699     0.503    0.274E+00    0.779E-01    0.257E-01    0.343E-02    0.344E-02    0.147E-02    0.147E-02    0.158E-03    0.158E-03    0.000E+00    0.000E+00
     9.699     0.504    0.273E+00    0.773E-01    0.254E-01    0.339E-02    0.339E-02    0.145E-02    0.145E-02    0.156E-03    0.156E-03    0.000E+00    0.000E+00
     9.699     0.505    0.272E+00    0.767E-01    0.251E-01    0.335E-02    0.335E-02    0.143E-02    0.143E-02    0.153E-03    0.153E-03    0.000E+00    0.000E+00
     9.699     0.506    0.270E+00    0.761E-01    0.248E-01    0.331E-02    0.331E-02    0.141E-02    0.141E-02    0.151E-03    0.151E-03    0.000E+00    0.000E+00
     9.699     0.507    0.269E+00    0.755E-01    0.245E-01    0.327E-02    0.327E-02    0.140E-02    0.140E-02    0.149E-03    0.149E-03    0.000E+00    0.000E+00
     9.699     0.508    0.268E+00    0.749E-01    0.241E-01    0.323E-02    0.323E-02    0.138E-02    0.138E-02    0.146E-03    0.146E-03    0.000E+00    0.000E+00
     9.699     0.509    0.266E+00    0.743E-01    0.238E-01    0.319E-02    0.319E-02    0.136E-02    0.136E-02    0.144E-03    0.144E-03    0.000E+00    0.000E+00
     9.699     0.510    0.265E+00    0.737E-01    0.235E-01    0.315E-02    0.315E-02    0.135E-02    0.135E-02    0.142E-03    0.142E-03    0.000E+00    0.000E+00
     9.699     0.511    0.264E+00    0.732E-01    0.232E-01    0.311E-02    0.311E-02    0.133E-02    0.133E-02    0.139E-03    0.139E-03    0.000E+00    0.000E+00
     9.699     0.512    0.262E+00    0.726E-01    0.229E-01    0.307E-02    0.308E-02    0.131E-02    0.131E-02    0.137E-03    0.137E-03    0.000E+00    0.000E+00
     9.699     0.513    0.261E+00    0.720E-01    0.226E-01    0.303E-02    0.304E-02    0.130E-02    0.130E-02    0.135E-03    0.135E-03    0.000E+00    0.000E+00
     9.699     0.514    0.260E+00    0.714E-01    0.223E-01    0.300E-02    0.300E-02    0.128E-02    0.128E-02    0.133E-03    0.133E-03    0.000E+00    0.000E+00
     9.699     0.515    0.258E+00    0.709E-01    0.220E-01    0.296E-02    0.296E-02    0.126E-02    0.126E-02    0.131E-03    0.131E-03    0.000E+00    0.000E+00
     9.699     0.516    0.257E+00    0.703E-01    0.217E-01    0.292E-02    0.293E-02    0.125E-02    0.125E-02    0.129E-03    0.129E-03    0.000E+00    0.000E+00
     9.699     0.517    0.256E+00    0.697E-01    0.215E-01    0.289E-02    0.289E-02    0.123E-02    0.123E-02    0.127E-03    0.127E-03    0.000E+00    0.000E+00
     9.699     0.518    0.254E+00    0.692E-01    0.212E-01    0.285E-02    0.285E-02    0.122E-02    0.122E-02    0.125E-03    0.125E-03    0.000E+00    0.000E+00
     9.699     0.519    0.253E+00    0.686E-01    0.209E-01    0.281E-02    0.282E-02    0.120E-02    0.120E-02    0.123E-03    0.123E-03    0.000E+00    0.000E+00
     9.699     0.520    0.252E+00    0.680E-01    0.206E-01    0.278E-02    0.278E-02    0.118E-02    0.118E-02    0.121E-03    0.121E-03    0.000E+00    0.000E+00
     9.699     0.521    0.250E+00    0.675E-01    0.203E-01    0.274E-02    0.275E-02    0.117E-02    0.117E-02    0.119E-03    0.119E-03    0.000E+00    0.000E+00
     9.699     0.522    0.249E+00    0.669E-01    0.201E-01    0.271E-02    0.271E-02    0.115E-02    0.115E-02    0.117E-03    0.117E-03    0.000E+00    0.000E+00
     9.699     0.523    0.248E+00    0.664E-01    0.198E-01    0.267E-02    0.268E-02    0.114E-02    0.114E-02    0.115E-03    0.115E-03    0.000E+00    0.000E+00
     9.699     0.524    0.246E+00    0.658E-01    0.196E-01    0.264E-02    0.264E-02    0.112E-02    0.112E-02    0.113E-03    0.113E-03    0.000E+00    0.000E+00
     9.699     0.525    0.245E+00    0.653E-01    0.193E-01    0.261E-02    0.261E-02    0.111E-02    0.111E-02    0.111E-03    0.111E-03    0.000E+00    0.000E+00
     9.699     0.526    0.244E+00    0.647E-01    0.190E-01    0.257E-02    0.257E-02    0.109E-02    0.109E-02    0.109E-03    0.109E-03    0.000E+00    0.000E+00
     9.699     0.527    0.242E+00    0.642E-01    0.188E-01    0.254E-02    0.254E-02    0.108E-02    0.108E-02    0.108E-03    0.108E-03    0.000E+00    0.000E+00
     9.699     0.528    0.241E+00    0.637E-01    0.185E-01    0.250E-02    0.251E-02    0.107E-02    0.107E-02    0.106E-03    0.106E-03    0.000E+00    0.000E+00
     9.699     0.529    0.240E+00    0.631E-01    0.183E-01    0.247E-02    0.247E-02    0.105E-02    0.105E-02    0.104E-03    0.104E-03    0.000E+00    0.000E+00
     9.699     0.530    0.238E+00    0.626E-01    0.180E-01    0.244E-02    0.244E-02    0.104E-02    0.104E-02    0.102E-03    0.102E-03    0.000E+00    0.000E+00
     9.699     0.531    0.237E+00    0.621E-01    0.178E-01    0.241E-02    0.241E-02    0.102E-02    0.102E-02    0.101E-03    0.101E-03    0.000E+00    0.000E+00
     9.699     0.532    0.236E+00    0.615E-01    0.176E-01    0.238E-02    0.238E-02    0.101E-02    0.101E-02    0.990E-04    0.990E-04    0.000E+00    0.000E+00
     9.699     0.533    0.235E+00    0.610E-01    0.173E-01    0.234E-02    0.235E-02    0.996E-03    0.996E-03    0.974E-04    0.974E-04    0.000E+00    0.000E+00
     9.699     0.534    0.233E+00    0.605E-01    0.171E-01    0.231E-02    0.231E-02    0.983E-03    0.983E-03    0.958E-04    0.958E-04    0.000E+00    0.000E+00
     9.699     0.535    0.232E+00    0.600E-01    0.169E-01    0.228E-02    0.228E-02    0.970E-03    0.970E-03    0.942E-04    0.942E-04    0.000E+00    0.000E+00
     9.699     0.536    0.231E+00    0.595E-01    0.166E-01    0.225E-02    0.225E-02    0.956E-03    0.956E-03    0.926E-04    0.926E-04    0.000E+00    0.000E+00
     9.699     0.537    0.230E+00    0.590E-01    0.164E-01    0.222E-02    0.222E-02    0.943E-03    0.943E-03    0.911E-04    0.911E-04    0.000E+00    0.000E+00
     9.699     0.538    0.228E+00    0.585E-01    0.162E-01    0.219E-02    0.219E-02    0.930E-03    0.930E-03    0.896E-04    0.896E-04    0.000E+00    0.000E+00
     9.699     0.539    0.227E+00    0.579E-01    0.160E-01    0.216E-02    0.216E-02    0.918E-03    0.918E-03    0.881E-04    0.881E-04    0.000E+00    0.000E+00
     9.699     0.540    0.226E+00    0.574E-01    0.157E-01    0.213E-02    0.213E-02    0.905E-03    0.905E-03    0.866E-04    0.866E-04    0.000E+00    0.000E+00
     9.699     0.541    0.224E+00    0.569E-01    0.155E-01    0.210E-02    0.210E-02    0.892E-03    0.892E-03    0.852E-04    0.852E-04    0.000E+00    0.000E+00
     9.699     0.542    0.223E+00    0.564E-01    0.153E-01    0.207E-02    0.207E-02    0.880E-03    0.880E-03    0.837E-04    0.837E-04    0.000E+00    0.000E+00
     9.699     0.543    0.222E+00    0.559E-01    0.151E-01    0.204E-02    0.205E-02    0.868E-03    0.868E-03    0.823E-04    0.823E-04    0.000E+00    0.000E+00
     9.699     0.544    0.221E+00    0.555E-01    0.149E-01    0.202E-02    0.202E-02    0.855E-03    0.855E-03    0.809E-04    0.809E-04    0.000E+00    0.000E+00
     9.699     0.545    0.219E+00    0.550E-01    0.147E-01    0.199E-02    0.199E-02    0.843E-03    0.843E-03    0.796E-04    0.796E-04    0.000E+00    0.000E+00
     9.699     0.546    0.218E+00    0.545E-01    0.145E-01    0.196E-02    0.196E-02    0.831E-03    0.831E-03    0.782E-04    0.782E-04    0.000E+00    0.000E+00
     9.699     0.547    0.217E+00    0.540E-01    0.143E-01    0.193E-02    0.193E-02    0.819E-03    0.819E-03    0.769E-04    0.769E-04    0.000E+00    0.000E+00
     9.699     0.548    0.216E+00    0.535E-01    0.141E-01    0.191E-02    0.191E-02    0.808E-03    0.808E-03    0.756E-04    0.756E-04    0.000E+00    0.000E+00
     9.699     0.549    0.214E+00    0.530E-01    0.139E-01    0.188E-02    0.188E-02    0.796E-03    0.796E-03    0.743E-04    0.743E-04    0.000E+00    0.000E+00
     9.699     0.550    0.213E+00    0.526E-01    0.137E-01    0.185E-02    0.185E-02    0.785E-03    0.785E-03    0.730E-04    0.730E-04    0.000E+00    0.000E+00
     9.699     0.551    0.212E+00    0.521E-01    0.135E-01    0.183E-02    0.183E-02    0.773E-03    0.773E-03    0.718E-04    0.718E-04    0.000E+00    0.000E+00
     9.699     0.552    0.211E+00    0.516E-01    0.133E-01    0.180E-02    0.180E-02    0.762E-03    0.762E-03    0.706E-04    0.706E-04    0.000E+00    0.000E+00
     9.699     0.553    0.209E+00    0.511E-01    0.131E-01    0.177E-02    0.177E-02    0.751E-03    0.751E-03    0.694E-04    0.694E-04    0.000E+00    0.000E+00
     9.699     0.554    0.208E+00    0.507E-01    0.130E-01    0.175E-02    0.175E-02    0.740E-03    0.740E-03    0.682E-04    0.682E-04    0.000E+00    0.000E+00
     9.699     0.555    0.207E+00    0.502E-01    0.128E-01    0.172E-02    0.172E-02    0.729E-03    0.729E-03    0.670E-04    0.670E-04    0.000E+00    0.000E+00
     9.699     0.556    0.206E+00    0.498E-01    0.126E-01    0.170E-02    0.170E-02    0.718E-03    0.718E-03    0.658E-04    0.658E-04    0.000E+00    0.000E+00
     9.699     0.557    0.205E+00    0.493E-01    0.124E-01    0.167E-02    0.167E-02    0.707E-03    0.707E-03    0.647E-04    0.647E-04    0.000E+00    0.000E+00
     9.699     0.558    0.203E+00    0.489E-01    0.122E-01    0.165E-02    0.165E-02    0.697E-03    0.697E-03    0.636E-04    0.636E-04    0.000E+00    0.000E+00
     9.699     0.559    0.202E+00    0.484E-01    0.121E-01    0.162E-02    0.162E-02    0.686E-03    0.686E-03    0.625E-04    0.625E-04    0.000E+00    0.000E+00
     9.699     0.560    0.201E+00    0.480E-01    0.119E-01    0.160E-02    0.160E-02    0.676E-03    0.676E-03    0.614E-04    0.614E-04    0.000E+00    0.000E+00
     9.699     0.561    0.200E+00    0.475E-01    0.117E-01    0.157E-02    0.157E-02    0.666E-03    0.666E-03    0.604E-04    0.604E-04    0.000E+00    0.000E+00
     9.699     0.562    0.199E+00    0.471E-01    0.116E-01    0.155E-02    0.155E-02    0.656E-03    0.656E-03    0.593E-04    0.593E-04    0.000E+00    0.000E+00
     9.699     0.563    0.197E+00    0.466E-01    0.114E-01    0.153E-02    0.153E-02    0.646E-03    0.646E-03    0.583E-04    0.583E-04    0.000E+00    0.000E+00
     9.699     0.564    0.196E+00    0.462E-01    0.112E-01    0.150E-02    0.150E-02    0.636E-03    0.636E-03    0.573E-04    0.573E-04    0.000E+00    0.000E+00
     9.699     0.565    0.195E+00    0.457E-01    0.111E-01    0.148E-02    0.148E-02    0.626E-03    0.626E-03    0.563E-04    0.563E-04    0.000E+00    0.000E+00
     9.699     0.566    0.194E+00    0.453E-01    0.109E-01    0.146E-02    0.146E-02    0.616E-03    0.616E-03    0.553E-04    0.553E-04    0.000E+00    0.000E+00
     9.699     0.567    0.193E+00    0.449E-01    0.108E-01    0.144E-02    0.144E-02    0.607E-03    0.607E-03    0.543E-04    0.543E-04    0.000E+00    0.000E+00
     9.699     0.568    0.191E+00    0.445E-01    0.106E-01    0.141E-02    0.141E-02    0.597E-03    0.597E-03    0.533E-04    0.533E-04    0.000E+00    0.000E+00
     9.699     0.569    0.190E+00    0.440E-01    0.105E-01    0.139E-02    0.139E-02    0.588E-03    0.588E-03    0.524E-04    0.524E-04    0.000E+00    0.000E+00
     9.699     0.570    0.189E+00    0.436E-01    0.103E-01    0.137E-02    0.137E-02    0.578E-03    0.578E-03    0.515E-04    0.515E-04    0.000E+00    0.000E+00
     9.699     0.571    0.188E+00    0.432E-01    0.102E-01    0.135E-02    0.135E-02    0.569E-03    0.569E-03    0.505E-04    0.505E-04    0.000E+00    0.000E+00
     9.699     0.572    0.187E+00    0.428E-01    0.100E-01    0.133E-02    0.133E-02    0.560E-03    0.560E-03    0.496E-04    0.496E-04    0.000E+00    0.000E+00
     9.699     0.573    0.186E+00    0.424E-01    0.986E-02    0.130E-02    0.130E-02    0.551E-03    0.551E-03    0.488E-04    0.488E-04    0.000E+00    0.000E+00
     9.699     0.574    0.184E+00    0.420E-01    0.972E-02    0.128E-02    0.128E-02    0.542E-03    0.542E-03    0.479E-04    0.479E-04    0.000E+00    0.000E+00
     9.699     0.575    0.183E+00    0.415E-01    0.957E-02    0.126E-02    0.126E-02    0.533E-03    0.533E-03    0.470E-04    0.470E-04    0.000E+00    0.000E+00
     9.699     0.576    0.182E+00    0.411E-01    0.943E-02    0.124E-02    0.124E-02    0.525E-03    0.525E-03    0.462E-04    0.462E-04    0.000E+00    0.000E+00
     9.699     0.577    0.181E+00    0.407E-01    0.930E-02    0.122E-02    0.122E-02    0.516E-03    0.516E-03    0.454E-04    0.454E-04    0.000E+00    0.000E+00
     9.699     0.578    0.180E+00    0.403E-01    0.916E-02    0.120E-02    0.120E-02    0.507E-03    0.507E-03    0.445E-04    0.445E-04    0.000E+00    0.000E+00
     9.699     0.579    0.179E+00    0.399E-01    0.903E-02    0.118E-02    0.118E-02    0.499E-03    0.499E-03    0.437E-04    0.437E-04    0.000E+00    0.000E+00
     9.699     0.580    0.178E+00    0.395E-01    0.889E-02    0.116E-02    0.116E-02    0.491E-03    0.491E-03    0.430E-04    0.430E-04    0.000E+00    0.000E+00
     9.699     0.581    0.176E+00    0.392E-01    0.876E-02    0.114E-02    0.114E-02    0.482E-03    0.482E-03    0.422E-04    0.422E-04    0.000E+00    0.000E+00
     9.699     0.582    0.175E+00    0.388E-01    0.863E-02    0.112E-02    0.112E-02    0.474E-03    0.474E-03    0.414E-04    0.414E-04    0.000E+00    0.000E+00
     9.699     0.583    0.174E+00    0.384E-01    0.851E-02    0.110E-02    0.110E-02    0.466E-03    0.466E-03    0.407E-04    0.407E-04    0.000E+00    0.000E+00
     9.699     0.584    0.173E+00    0.380E-01    0.838E-02    0.109E-02    0.109E-02    0.458E-03    0.458E-03    0.399E-04    0.399E-04    0.000E+00    0.000E+00
     9.699     0.585    0.172E+00    0.376E-01    0.826E-02    0.107E-02    0.107E-02    0.450E-03    0.450E-03    0.392E-04    0.392E-04    0.000E+00    0.000E+00
     9.699     0.586    0.171E+00    0.372E-01    0.814E-02    0.105E-02    0.105E-02    0.443E-03    0.443E-03    0.385E-04    0.385E-04    0.000E+00    0.000E+00
     9.699     0.587    0.170E+00    0.369E-01    0.801E-02    0.103E-02    0.103E-02    0.435E-03    0.435E-03    0.378E-04    0.378E-04    0.000E+00    0.000E+00
     9.699     0.588    0.169E+00    0.365E-01    0.789E-02    0.101E-02    0.101E-02    0.427E-03    0.427E-03    0.371E-04    0.371E-04    0.000E+00    0.000E+00
     9.699     0.589    0.167E+00    0.361E-01    0.778E-02    0.995E-03    0.995E-03    0.420E-03    0.420E-03    0.364E-04    0.364E-04    0.000E+00    0.000E+00
     9.699     0.590    0.166E+00    0.357E-01    0.766E-02    0.977E-03    0.977E-03    0.412E-03    0.412E-03    0.357E-04    0.357E-04    0.000E+00    0.000E+00
     9.699     0.591    0.165E+00    0.354E-01    0.754E-02    0.960E-03    0.960E-03    0.405E-03    0.405E-03    0.351E-04    0.351E-04    0.000E+00    0.000E+00
     9.699     0.592    0.164E+00    0.350E-01    0.743E-02    0.942E-03    0.942E-03    0.398E-03    0.398E-03    0.344E-04    0.344E-04    0.000E+00    0.000E+00
     9.699     0.593    0.163E+00    0.347E-01    0.732E-02    0.925E-03    0.925E-03    0.390E-03    0.390E-03    0.338E-04    0.338E-04    0.000E+00    0.000E+00
     9.699     0.594    0.162E+00    0.343E-01    0.721E-02    0.909E-03    0.909E-03    0.383E-03    0.383E-03    0.332E-04    0.332E-04    0.000E+00    0.000E+00
     9.699     0.595    0.161E+00    0.339E-01    0.710E-02    0.892E-03    0.892E-03    0.376E-03    0.376E-03    0.325E-04    0.325E-04    0.000E+00    0.000E+00
     9.699     0.596    0.160E+00    0.336E-01    0.699E-02    0.875E-03    0.875E-03    0.369E-03    0.369E-03    0.319E-04    0.319E-04    0.000E+00    0.000E+00
     9.699     0.597    0.159E+00    0.332E-01    0.688E-02    0.859E-03    0.859E-03    0.362E-03    0.362E-03    0.313E-04    0.313E-04    0.000E+00    0.000E+00
     9.699     0.598    0.158E+00    0.329E-01    0.678E-02    0.843E-03    0.843E-03    0.356E-03    0.356E-03    0.307E-04    0.307E-04    0.000E+00    0.000E+00
     9.699     0.599    0.156E+00    0.325E-01    0.668E-02    0.827E-03    0.827E-03    0.349E-03    0.349E-03    0.302E-04    0.302E-04    0.000E+00    0.000E+00
     9.699     0.600    0.155E+00    0.322E-01    0.657E-02    0.811E-03    0.812E-03    0.342E-03    0.342E-03    0.296E-04    0.296E-04    0.000E+00    0.000E+00
     9.699     0.601    0.154E+00    0.319E-01    0.647E-02    0.796E-03    0.796E-03    0.336E-03    0.336E-03    0.290E-04    0.290E-04    0.000E+00    0.000E+00
     9.699     0.602    0.153E+00    0.315E-01    0.637E-02    0.781E-03    0.781E-03    0.329E-03    0.329E-03    0.285E-04    0.285E-04    0.000E+00    0.000E+00
     9.699     0.603    0.152E+00    0.312E-01    0.628E-02    0.765E-03    0.766E-03    0.323E-03    0.323E-03    0.280E-04    0.280E-04    0.000E+00    0.000E+00
     9.699     0.604    0.151E+00    0.308E-01    0.618E-02    0.750E-03    0.751E-03    0.317E-03    0.317E-03    0.274E-04    0.274E-04    0.000E+00    0.000E+00
     9.699     0.605    0.150E+00    0.305E-01    0.609E-02    0.736E-03    0.736E-03    0.310E-03    0.310E-03    0.269E-04    0.269E-04    0.000E+00    0.000E+00
     9.699     0.606    0.149E+00    0.302E-01    0.599E-02    0.721E-03    0.721E-03    0.304E-03    0.304E-03    0.264E-04    0.264E-04    0.000E+00    0.000E+00
     9.699     0.607    0.148E+00    0.299E-01    0.590E-02    0.707E-03    0.707E-03    0.298E-03    0.298E-03    0.259E-04    0.259E-04    0.000E+00    0.000E+00
     9.699     0.608    0.147E+00    0.295E-01    0.581E-02    0.692E-03    0.692E-03    0.292E-03    0.292E-03    0.254E-04    0.254E-04    0.000E+00    0.000E+00
     9.699     0.609    0.146E+00    0.292E-01    0.572E-02    0.678E-03    0.678E-03    0.286E-03    0.286E-03    0.249E-04    0.249E-04    0.000E+00    0.000E+00
     9.699     0.610    0.145E+00    0.289E-01    0.563E-02    0.664E-03    0.664E-03    0.280E-03    0.280E-03    0.244E-04    0.244E-04    0.000E+00    0.000E+00
     9.699     0.611    0.144E+00    0.286E-01    0.554E-02    0.650E-03    0.650E-03    0.275E-03    0.275E-03    0.240E-04    0.240E-04    0.000E+00    0.000E+00
     9.699     0.612    0.143E+00    0.283E-01    0.545E-02    0.637E-03    0.637E-03    0.269E-03    0.269E-03    0.235E-04    0.235E-04    0.000E+00    0.000E+00
     9.699     0.613    0.142E+00    0.280E-01    0.537E-02    0.623E-03    0.623E-03    0.263E-03    0.263E-03    0.230E-04    0.230E-04    0.000E+00    0.000E+00
     9.699     0.614    0.141E+00    0.276E-01    0.528E-02    0.610E-03    0.610E-03    0.258E-03    0.258E-03    0.226E-04    0.226E-04    0.000E+00    0.000E+00
     9.699     0.615    0.140E+00    0.273E-01    0.520E-02    0.597E-03    0.597E-03    0.252E-03    0.252E-03    0.222E-04    0.222E-04    0.000E+00    0.000E+00
     9.699     0.616    0.139E+00    0.270E-01    0.512E-02    0.584E-03    0.584E-03    0.247E-03    0.247E-03    0.217E-04    0.217E-04    0.000E+00    0.000E+00
     9.699     0.617    0.138E+00    0.267E-01    0.504E-02    0.571E-03    0.571E-03    0.241E-03    0.241E-03    0.213E-04    0.213E-04    0.000E+00    0.000E+00
     9.699     0.618    0.137E+00    0.264E-01    0.496E-02    0.559E-03    0.559E-03    0.236E-03    0.236E-03    0.209E-04    0.209E-04    0.000E+00    0.000E+00
     9.699     0.619    0.136E+00    0.261E-01    0.488E-02    0.546E-03    0.546E-03    0.231E-03    0.231E-03    0.205E-04    0.205E-04    0.000E+00    0.000E+00
     9.699     0.620    0.135E+00    0.258E-01    0.480E-02    0.534E-03    0.534E-03    0.226E-03    0.226E-03    0.201E-04    0.201E-04    0.000E+00    0.000E+00
     9.699     0.621    0.134E+00    0.256E-01    0.472E-02    0.522E-03    0.522E-03    0.220E-03    0.220E-03    0.197E-04    0.197E-04    0.000E+00    0.000E+00
     9.699     0.622    0.133E+00    0.253E-01    0.465E-02    0.510E-03    0.510E-03    0.215E-03    0.215E-03    0.193E-04    0.193E-04    0.000E+00    0.000E+00
     9.699     0.623    0.132E+00    0.250E-01    0.457E-02    0.498E-03    0.498E-03    0.210E-03    0.210E-03    0.189E-04    0.189E-04    0.000E+00    0.000E+00
     9.699     0.624    0.131E+00    0.247E-01    0.450E-02    0.486E-03    0.486E-03    0.206E-03    0.206E-03    0.185E-04    0.185E-04    0.000E+00    0.000E+00
     9.699     0.625    0.130E+00    0.244E-01    0.443E-02    0.474E-03    0.474E-03    0.201E-03    0.201E-03    0.182E-04    0.182E-04    0.000E+00    0.000E+00
     9.699     0.626    0.129E+00    0.241E-01    0.436E-02    0.463E-03    0.463E-03    0.196E-03    0.196E-03    0.178E-04    0.178E-04    0.000E+00    0.000E+00
     9.699     0.627    0.128E+00    0.239E-01    0.429E-02    0.452E-03    0.452E-03    0.191E-03    0.191E-03    0.175E-04    0.175E-04    0.000E+00    0.000E+00
     9.699     0.628    0.127E+00    0.236E-01    0.422E-02    0.441E-03    0.441E-03    0.187E-03    0.187E-03    0.171E-04    0.171E-04    0.000E+00    0.000E+00
     9.699     0.629    0.126E+00    0.233E-01    0.415E-02    0.430E-03    0.430E-03    0.182E-03    0.182E-03    0.168E-04    0.168E-04    0.000E+00    0.000E+00
     9.699     0.630    0.125E+00    0.230E-01    0.408E-02    0.419E-03    0.419E-03    0.177E-03    0.177E-03    0.164E-04    0.164E-04    0.000E+00    0.000E+00
     9.699     0.631    0.124E+00    0.228E-01    0.402E-02    0.408E-03    0.408E-03    0.173E-03    0.173E-03    0.161E-04    0.161E-04    0.000E+00    0.000E+00
     9.699     0.632    0.123E+00    0.225E-01    0.395E-02    0.398E-03    0.398E-03    0.169E-03    0.169E-03    0.158E-04    0.158E-04    0.000E+00    0.000E+00
     9.699     0.633    0.122E+00    0.222E-01    0.389E-02    0.387E-03    0.387E-03    0.164E-03    0.164E-03    0.155E-04    0.155E-04    0.000E+00    0.000E+00
     9.699     0.634    0.121E+00    0.220E-01    0.382E-02    0.377E-03    0.377E-03    0.160E-03    0.160E-03    0.151E-04    0.151E-04    0.000E+00    0.000E+00
     9.699     0.635    0.120E+00    0.217E-01    0.376E-02    0.367E-03    0.367E-03    0.156E-03    0.156E-03    0.148E-04    0.148E-04    0.000E+00    0.000E+00
     9.699     0.636    0.119E+00    0.214E-01    0.370E-02    0.357E-03    0.357E-03    0.151E-03    0.151E-03    0.145E-04    0.145E-04    0.000E+00    0.000E+00
     9.699     0.637    0.118E+00    0.212E-01    0.364E-02    0.347E-03    0.347E-03    0.147E-03    0.147E-03    0.142E-04    0.142E-04    0.000E+00    0.000E+00
     9.699     0.638    0.118E+00    0.209E-01    0.358E-02    0.337E-03    0.337E-03    0.143E-03    0.143E-03    0.139E-04    0.139E-04    0.000E+00    0.000E+00
     9.699     0.639    0.117E+00    0.207E-01    0.352E-02    0.328E-03    0.328E-03    0.139E-03    0.139E-03    0.137E-04    0.137E-04    0.000E+00    0.000E+00
     9.699     0.640    0.116E+00    0.204E-01    0.346E-02    0.318E-03    0.318E-03    0.135E-03    0.135E-03    0.134E-04    0.134E-04    0.000E+00    0.000E+00
     9.699     0.641    0.115E+00    0.202E-01    0.340E-02    0.309E-03    0.309E-03    0.131E-03    0.131E-03    0.131E-04    0.131E-04    0.000E+00    0.000E+00
     9.699     0.642    0.114E+00    0.199E-01    0.335E-02    0.300E-03    0.300E-03    0.128E-03    0.128E-03    0.128E-04    0.128E-04    0.000E+00    0.000E+00
     9.699     0.643    0.113E+00    0.197E-01    0.329E-02    0.291E-03    0.291E-03    0.124E-03    0.124E-03    0.126E-04    0.126E-04    0.000E+00    0.000E+00
     9.699     0.644    0.112E+00    0.195E-01    0.323E-02    0.282E-03    0.282E-03    0.120E-03    0.120E-03    0.123E-04    0.123E-04    0.000E+00    0.000E+00
     9.699     0.645    0.111E+00    0.192E-01    0.318E-02    0.273E-03    0.273E-03    0.116E-03    0.116E-03    0.120E-04    0.120E-04    0.000E+00    0.000E+00
     9.699     0.646    0.110E+00    0.190E-01    0.313E-02    0.264E-03    0.264E-03    0.113E-03    0.113E-03    0.118E-04    0.118E-04    0.000E+00    0.000E+00
     9.699     0.647    0.109E+00    0.188E-01    0.307E-02    0.256E-03    0.256E-03    0.109E-03    0.109E-03    0.115E-04    0.115E-04    0.000E+00    0.000E+00
     9.699     0.648    0.109E+00    0.185E-01    0.302E-02    0.247E-03    0.247E-03    0.106E-03    0.106E-03    0.113E-04    0.113E-04    0.000E+00    0.000E+00
     9.699     0.649    0.108E+00    0.183E-01    0.297E-02    0.239E-03    0.239E-03    0.102E-03    0.102E-03    0.111E-04    0.111E-04    0.000E+00    0.000E+00
     9.699     0.650    0.107E+00    0.181E-01    0.292E-02    0.231E-03    0.231E-03    0.989E-04    0.989E-04    0.108E-04    0.108E-04    0.000E+00    0.000E+00
     9.699     0.651    0.106E+00    0.178E-01    0.287E-02    0.223E-03    0.223E-03    0.955E-04    0.955E-04    0.106E-04    0.106E-04    0.000E+00    0.000E+00
     9.699     0.652    0.105E+00    0.176E-01    0.282E-02    0.215E-03    0.215E-03    0.922E-04    0.922E-04    0.104E-04    0.104E-04    0.000E+00    0.000E+00
     9.699     0.653    0.104E+00    0.174E-01    0.278E-02    0.207E-03    0.207E-03    0.889E-04    0.889E-04    0.102E-04    0.102E-04    0.000E+00    0.000E+00
     9.699     0.654    0.103E+00    0.172E-01    0.273E-02    0.199E-03    0.199E-03    0.856E-04    0.856E-04    0.996E-05    0.996E-05    0.000E+00    0.000E+00
     9.699     0.655    0.102E+00    0.170E-01    0.268E-02    0.191E-03    0.191E-03    0.824E-04    0.824E-04    0.974E-05    0.974E-05    0.000E+00    0.000E+00
     9.699     0.656    0.102E+00    0.167E-01    0.264E-02    0.183E-03    0.183E-03    0.792E-04    0.792E-04    0.953E-05    0.953E-05    0.000E+00    0.000E+00
     9.699     0.657    0.101E+00    0.165E-01    0.259E-02    0.176E-03    0.176E-03    0.760E-04    0.760E-04    0.933E-05    0.933E-05    0.000E+00    0.000E+00
     9.699     0.658    0.999E-01    0.163E-01    0.255E-02    0.168E-03    0.168E-03    0.729E-04    0.729E-04    0.913E-05    0.913E-05    0.000E+00    0.000E+00
     9.699     0.659    0.990E-01    0.161E-01    0.250E-02    0.161E-03    0.161E-03    0.699E-04    0.699E-04    0.893E-05    0.893E-05    0.000E+00    0.000E+00
     9.699     0.660    0.982E-01    0.159E-01    0.246E-02    0.154E-03    0.154E-03    0.669E-04    0.669E-04    0.874E-05    0.874E-05    0.000E+00    0.000E+00
     9.699     0.661    0.974E-01    0.157E-01    0.241E-02    0.147E-03    0.147E-03    0.639E-04    0.639E-04    0.855E-05    0.855E-05    0.000E+00    0.000E+00
     9.699     0.662    0.965E-01    0.155E-01    0.237E-02    0.140E-03    0.140E-03    0.610E-04    0.610E-04    0.836E-05    0.836E-05    0.000E+00    0.000E+00
     9.699     0.663    0.957E-01    0.153E-01    0.233E-02    0.133E-03    0.133E-03    0.582E-04    0.582E-04    0.818E-05    0.818E-05    0.000E+00    0.000E+00
     9.699     0.664    0.949E-01    0.151E-01    0.229E-02    0.126E-03    0.126E-03    0.554E-04    0.554E-04    0.800E-05    0.800E-05    0.000E+00    0.000E+00
     9.699     0.665    0.941E-01    0.149E-01    0.225E-02    0.120E-03    0.120E-03    0.527E-04    0.527E-04    0.783E-05    0.783E-05    0.000E+00    0.000E+00
     9.699     0.666    0.933E-01    0.147E-01    0.221E-02    0.113E-03    0.113E-03    0.500E-04    0.500E-04    0.766E-05    0.766E-05    0.000E+00    0.000E+00
     9.699     0.667    0.925E-01    0.145E-01    0.217E-02    0.107E-03    0.107E-03    0.474E-04    0.474E-04    0.749E-05    0.749E-05    0.000E+00    0.000E+00
     9.699     0.668    0.917E-01    0.143E-01    0.213E-02    0.101E-03    0.101E-03    0.449E-04    0.449E-04    0.733E-05    0.733E-05    0.000E+00    0.000E+00
     9.699     0.669    0.909E-01    0.141E-01    0.210E-02    0.950E-04    0.950E-04    0.424E-04    0.424E-04    0.717E-05    0.717E-05    0.000E+00    0.000E+00
     9.699     0.670    0.901E-01    0.139E-01    0.206E-02    0.892E-04    0.892E-04    0.400E-04    0.400E-04    0.701E-05    0.701E-05    0.000E+00    0.000E+00
     9.699     0.671    0.893E-01    0.137E-01    0.202E-02    0.836E-04    0.836E-04    0.376E-04    0.376E-04    0.686E-05    0.686E-05    0.000E+00    0.000E+00
     9.699     0.672    0.885E-01    0.136E-01    0.199E-02    0.781E-04    0.781E-04    0.353E-04    0.353E-04    0.670E-05    0.670E-05    0.000E+00    0.000E+00
     9.699     0.673    0.877E-01    0.134E-01    0.195E-02    0.728E-04    0.728E-04    0.331E-04    0.331E-04    0.656E-05    0.656E-05    0.000E+00    0.000E+00
     9.699     0.674    0.869E-01    0.132E-01    0.192E-02    0.676E-04    0.676E-04    0.309E-04    0.309E-04    0.641E-05    0.641E-05    0.000E+00    0.000E+00
     9.699     0.675    0.861E-01    0.130E-01    0.188E-02    0.627E-04    0.627E-04    0.288E-04    0.288E-04    0.627E-05    0.627E-05    0.000E+00    0.000E+00
     9.699     0.676    0.854E-01    0.128E-01    0.185E-02    0.581E-04    0.581E-04    0.269E-04    0.269E-04    0.613E-05    0.613E-05    0.000E+00    0.000E+00
     9.699     0.677    0.846E-01    0.127E-01    0.182E-02    0.538E-04    0.538E-04    0.250E-04    0.250E-04    0.599E-05    0.599E-05    0.000E+00    0.000E+00
     9.699     0.678    0.838E-01    0.125E-01    0.178E-02    0.498E-04    0.498E-04    0.232E-04    0.232E-04    0.585E-05    0.585E-05    0.000E+00    0.000E+00
     9.699     0.679    0.831E-01    0.123E-01    0.175E-02    0.459E-04    0.459E-04    0.214E-04    0.214E-04    0.572E-05    0.572E-05    0.000E+00    0.000E+00
     9.699     0.680    0.823E-01    0.122E-01    0.172E-02    0.421E-04    0.421E-04    0.198E-04    0.198E-04    0.559E-05    0.559E-05    0.000E+00    0.000E+00
     9.699     0.681    0.816E-01    0.120E-01    0.169E-02    0.385E-04    0.385E-04    0.182E-04    0.182E-04    0.546E-05    0.546E-05    0.000E+00    0.000E+00
     9.699     0.682    0.808E-01    0.118E-01    0.166E-02    0.351E-04    0.351E-04    0.166E-04    0.166E-04    0.534E-05    0.534E-05    0.000E+00    0.000E+00
     9.699     0.683    0.801E-01    0.117E-01    0.163E-02    0.318E-04    0.318E-04    0.151E-04    0.151E-04    0.522E-05    0.522E-05    0.000E+00    0.000E+00
     9.699     0.684    0.793E-01    0.115E-01    0.160E-02    0.287E-04    0.287E-04    0.137E-04    0.137E-04    0.510E-05    0.510E-05    0.000E+00    0.000E+00
     9.699     0.685    0.786E-01    0.113E-01    0.157E-02    0.258E-04    0.258E-04    0.123E-04    0.123E-04    0.498E-05    0.498E-05    0.000E+00    0.000E+00
     9.699     0.686    0.778E-01    0.112E-01    0.154E-02    0.229E-04    0.229E-04    0.110E-04    0.110E-04    0.487E-05    0.487E-05    0.000E+00    0.000E+00
     9.699     0.687    0.771E-01    0.110E-01    0.151E-02    0.203E-04    0.203E-04    0.979E-05    0.979E-05    0.475E-05    0.475E-05    0.000E+00    0.000E+00
     9.699     0.688    0.764E-01    0.109E-01    0.148E-02    0.178E-04    0.178E-04    0.861E-05    0.861E-05    0.464E-05    0.464E-05    0.000E+00    0.000E+00
     9.699     0.689    0.757E-01    0.107E-01    0.145E-02    0.154E-04    0.154E-04    0.749E-05    0.749E-05    0.454E-05    0.454E-05    0.000E+00    0.000E+00
     9.699     0.690    0.750E-01    0.105E-01    0.143E-02    0.132E-04    0.132E-04    0.644E-05    0.644E-05    0.443E-05    0.443E-05    0.000E+00    0.000E+00
     9.699     0.691    0.742E-01    0.104E-01    0.140E-02    0.111E-04    0.111E-04    0.543E-05    0.543E-05    0.433E-05    0.433E-05    0.000E+00    0.000E+00
     9.699     0.692    0.735E-01    0.102E-01    0.138E-02    0.910E-05    0.910E-05    0.449E-05    0.449E-05    0.423E-05    0.423E-05    0.000E+00    0.000E+00
     9.699     0.693    0.728E-01    0.101E-01    0.135E-02    0.727E-05    0.727E-05    0.361E-05    0.361E-05    0.413E-05    0.413E-05    0.000E+00    0.000E+00
     9.699     0.694    0.721E-01    0.995E-02    0.132E-02    0.558E-05    0.558E-05    0.278E-05    0.278E-05    0.403E-05    0.403E-05    0.000E+00    0.000E+00
     9.699     0.695    0.714E-01    0.981E-02    0.130E-02    0.401E-05    0.401E-05    0.201E-05    0.201E-05    0.394E-05    0.394E-05    0.000E+00    0.000E+00
     9.699     0.696    0.707E-01    0.966E-02    0.128E-02    0.258E-05    0.258E-05    0.130E-05    0.130E-05    0.385E-05    0.385E-05    0.000E+00    0.000E+00
     9.699     0.697    0.701E-01    0.952E-02    0.125E-02    0.126E-05    0.126E-05    0.639E-06    0.639E-06    0.376E-05    0.376E-05    0.000E+00    0.000E+00
     9.699     0.698    0.694E-01    0.938E-02    0.123E-02    0.711E-07    0.711E-07    0.361E-07    0.361E-07    0.367E-05    0.367E-05    0.000E+00    0.000E+00
     9.699     0.699    0.687E-01    0.924E-02    0.120E-02    0.000E+00    0.000E+00    0.000E+00    0.000E+00    0.358E-05    0.358E-05    0.000E+00    0.000E+00
     9.699     0.700    0.680E-01    0.911E-02    0.118E-02    0.000E+00    0.000E+00    0.000E+00    0.000E+00    0.349E-05    0.349E-05    0.000E+00    0.000E+00
     9.699     0.701    0.673E-01    0.897E-02    0.116E-02    0.000E+00    0.000E+00    0.000E+00    0.000E+00    0.341E-05    0.341E-05    0.000E+00    0.000E+00
     9.699     0.702    0.667E-01    0.884E-02    0.114E-02    0.000E+00    0.000E+00    0.000E+00    0.000E+00    0.333E-05    0.333E-05    0.000E+00    0.000E+00
     9.699     0.703    0.660E-01    0.870E-02    0.111E-02    0.000E+00    0.000E+00    0.000E+00    0.000E+00    0.325E-05    0.325E-05    0.000E+00    0.000E+00
     9.699     0.704    0.653E-01    0.857E-02    0.109E-02    0.000E+00    0.000E+00    0.000E+00    0.000E+00    0.317E-05    0.317E-05    0.000E+00    0.000E+00
     9.699     0.705    0.647E-01    0.844E-02    0.107E-02    0.000E+00    0.000E+00    0.000E+00    0.000E+00    0.309E-05    0.309E-05    0.000E+00    0.000E+00
     9.699     0.706    0.640E-01    0.832E-02    0.105E-02    0.000E+00    0.000E+00    0.000E+00    0.000E+00    0.302E-05    0.302E-05    0.000E+00    0.000E+00
     9.699     0.707    0.634E-01    0.819E-02    0.103E-02    0.000E+00    0.000E+00    0.000E+00    0.000E+00    0.294E-05    0.294E-05    0.000E+00    0.000E+00
     9.699     0.708    0.627E-01    0.806E-02    0.101E-02    0.000E+00    0.000E+00    0.000E+00    0.000E+00    0.287E-05    0.287E-05    0.000E+00    0.000E+00
     9.699     0.709    0.621E-01    0.794E-02    0.992E-03    0.000E+00    0.000E+00    0.000E+00    0.000E+00    0.280E-05    0.280E-05    0.000E+00    0.000E+00
     9.699     0.710    0.615E-01    0.782E-02    0.972E-03    0.000E+00    0.000E+00    0.000E+00    0.000E+00    0.273E-05    0.273E-05    0.000E+00    0.000E+00
     9.699     0.711    0.608E-01    0.770E-02    0.953E-03    0.000E+00    0.000E+00    0.000E+00    0.000E+00    0.266E-05    0.266E-05    0.000E+00    0.000E+00
     9.699     0.712    0.602E-01    0.758E-02    0.935E-03    0.000E+00    0.000E+00    0.000E+00    0.000E+00    0.260E-05    0.260E-05    0.000E+00    0.000E+00
     9.699     0.713    0.596E-01    0.746E-02    0.916E-03    0.000E+00    0.000E+00    0.000E+00    0.000E+00    0.254E-05    0.254E-05    0.000E+00    0.000E+00
     9.699     0.714    0.590E-01    0.735E-02    0.898E-03    0.000E+00    0.000E+00    0.000E+00    0.000E+00    0.247E-05    0.247E-05    0.000E+00    0.000E+00
     9.699     0.715    0.583E-01    0.723E-02    0.881E-03    0.000E+00    0.000E+00    0.000E+00    0.000E+00    0.241E-05    0.241E-05    0.000E+00    0.000E+00
     9.699     0.716    0.577E-01    0.712E-02    0.863E-03    0.000E+00    0.000E+00    0.000E+00    0.000E+00    0.235E-05    0.235E-05    0.000E+00    0.000E+00
     9.699     0.717    0.571E-01    0.700E-02    0.846E-03    0.000E+00    0.000E+00    0.000E+00    0.000E+00    0.229E-05    0.229E-05    0.000E+00    0.000E+00
     9.699     0.718    0.565E-01    0.689E-02    0.829E-03    0.000E+00    0.000E+00    0.000E+00    0.000E+00    0.224E-05    0.224E-05    0.000E+00    0.000E+00
     9.699     0.719    0.559E-01    0.678E-02    0.813E-03    0.000E+00    0.000E+00    0.000E+00    0.000E+00    0.218E-05    0.218E-05    0.000E+00    0.000E+00
     9.699     0.720    0.553E-01    0.668E-02    0.797E-03    0.000E+00    0.000E+00    0.000E+00    0.000E+00    0.213E-05    0.213E-05    0.000E+00    0.000E+00
     9.699     0.721    0.547E-01    0.657E-02    0.781E-03    0.000E+00    0.000E+00    0.000E+00    0.000E+00    0.207E-05    0.207E-05    0.000E+00    0.000E+00
     9.699     0.722    0.541E-01    0.646E-02    0.765E-03    0.000E+00    0.000E+00    0.000E+00    0.000E+00    0.202E-05    0.202E-05    0.000E+00    0.000E+00
     9.699     0.723    0.535E-01    0.636E-02    0.750E-03    0.000E+00    0.000E+00    0.000E+00    0.000E+00    0.197E-05    0.197E-05    0.000E+00    0.000E+00
     9.699     0.724    0.530E-01    0.626E-02    0.734E-03    0.000E+00    0.000E+00    0.000E+00    0.000E+00    0.192E-05    0.192E-05    0.000E+00    0.000E+00
     9.699     0.725    0.524E-01    0.616E-02    0.720E-03    0.000E+00    0.000E+00    0.000E+00    0.000E+00    0.187E-05    0.187E-05    0.000E+00    0.000E+00
     9.699     0.726    0.518E-01    0.606E-02    0.705E-03    0.000E+00    0.000E+00    0.000E+00    0.000E+00    0.182E-05    0.182E-05    0.000E+00    0.000E+00
     9.699     0.727    0.512E-01    0.596E-02    0.690E-03    0.000E+00    0.000E+00    0.000E+00    0.000E+00    0.177E-05    0.177E-05    0.000E+00    0.000E+00
     9.699     0.728    0.507E-01    0.586E-02    0.676E-03    0.000E+00    0.000E+00    0.000E+00    0.000E+00    0.173E-05    0.173E-05    0.000E+00    0.000E+00
     9.699     0.729    0.501E-01    0.576E-02    0.662E-03    0.000E+00    0.000E+00    0.000E+00    0.000E+00    0.168E-05    0.168E-05    0.000E+00    0.000E+00
     9.699     0.730    0.496E-01    0.567E-02    0.649E-03    0.000E+00    0.000E+00    0.000E+00    0.000E+00    0.164E-05    0.164E-05    0.000E+00    0.000E+00
     9.699     0.731    0.490E-01    0.557E-02    0.635E-03    0.000E+00    0.000E+00    0.000E+00    0.000E+00    0.160E-05    0.160E-05    0.000E+00    0.000E+00
     9.699     0.732    0.485E-01    0.548E-02    0.622E-03    0.000E+00    0.000E+00    0.000E+00    0.000E+00    0.155E-05    0.155E-05    0.000E+00    0.000E+00
     9.699     0.733    0.479E-01    0.539E-02    0.609E-03    0.000E+00    0.000E+00    0.000E+00    0.000E+00    0.151E-05    0.151E-05    0.000E+00    0.000E+00
     9.699     0.734    0.474E-01    0.530E-02    0.597E-03    0.000E+00    0.000E+00    0.000E+00    0.000E+00    0.147E-05    0.147E-05    0.000E+00    0.000E+00
     9.699     0.735    0.468E-01    0.521E-02    0.584E-03    0.000E+00    0.000E+00    0.000E+00    0.000E+00    0.144E-05    0.144E-05    0.000E+00    0.000E+00
     9.699     0.736    0.463E-01    0.512E-02    0.572E-03    0.000E+00    0.000E+00    0.000E+00    0.000E+00    0.140E-05    0.140E-05    0.000E+00    0.000E+00
     9.699     0.737    0.458E-01    0.503E-02    0.560E-03    0.000E+00    0.000E+00    0.000E+00    0.000E+00    0.136E-05    0.136E-05    0.000E+00    0.000E+00
     9.699     0.738    0.452E-01    0.495E-02    0.548E-03    0.000E+00    0.000E+00    0.000E+00    0.000E+00    0.132E-05    0.132E-05    0.000E+00    0.000E+00
     9.699     0.739    0.447E-01    0.486E-02    0.537E-03    0.000E+00    0.000E+00    0.000E+00    0.000E+00    0.129E-05    0.129E-05    0.000E+00    0.000E+00
     9.699     0.740    0.442E-01    0.478E-02    0.526E-03    0.000E+00    0.000E+00    0.000E+00    0.000E+00    0.126E-05    0.126E-05    0.000E+00    0.000E+00
     9.699     0.741    0.437E-01    0.470E-02    0.515E-03    0.000E+00    0.000E+00    0.000E+00    0.000E+00    0.122E-05    0.122E-05    0.000E+00    0.000E+00
     9.699     0.742    0.432E-01    0.461E-02    0.504E-03    0.000E+00    0.000E+00    0.000E+00    0.000E+00    0.119E-05    0.119E-05    0.000E+00    0.000E+00
     9.699     0.743    0.426E-01    0.453E-02    0.493E-03    0.000E+00    0.000E+00    0.000E+00    0.000E+00    0.116E-05    0.116E-05    0.000E+00    0.000E+00
     9.699     0.744    0.421E-01    0.446E-02    0.483E-03    0.000E+00    0.000E+00    0.000E+00    0.000E+00    0.113E-05    0.113E-05    0.000E+00    0.000E+00
     9.699     0.745    0.416E-01    0.438E-02    0.472E-03    0.000E+00    0.000E+00    0.000E+00    0.000E+00    0.110E-05    0.110E-05    0.000E+00    0.000E+00
     9.699     0.746    0.411E-01    0.430E-02    0.462E-03    0.000E+00    0.000E+00    0.000E+00    0.000E+00    0.107E-05    0.107E-05    0.000E+00    0.000E+00
     9.699     0.747    0.406E-01    0.422E-02    0.452E-03    0.000E+00    0.000E+00    0.000E+00    0.000E+00    0.104E-05    0.104E-05    0.000E+00    0.000E+00
     9.699     0.748    0.402E-01    0.415E-02    0.442E-03    0.000E+00    0.000E+00    0.000E+00    0.000E+00    0.101E-05    0.101E-05    0.000E+00    0.000E+00
     9.699     0.749    0.397E-01    0.407E-02    0.433E-03    0.000E+00    0.000E+00    0.000E+00    0.000E+00    0.980E-06    0.980E-06    0.000E+00    0.000E+00
     9.699     0.750    0.392E-01    0.400E-02    0.423E-03    0.000E+00    0.000E+00    0.000E+00    0.000E+00    0.953E-06    0.953E-06    0.000E+00    0.000E+00
     9.699     0.751    0.387E-01    0.393E-02    0.414E-03    0.000E+00    0.000E+00    0.000E+00    0.000E+00    0.927E-06    0.927E-06    0.000E+00    0.000E+00
     9.699     0.752    0.382E-01    0.386E-02    0.405E-03    0.000E+00    0.000E+00    0.000E+00    0.000E+00    0.901E-06    0.901E-06    0.000E+00    0.000E+00
     9.699     0.753    0.378E-01    0.379E-02    0.396E-03    0.000E+00    0.000E+00    0.000E+00    0.000E+00    0.876E-06    0.876E-06    0.000E+00    0.000E+00
     9.699     0.754    0.373E-01    0.372E-02    0.387E-03    0.000E+00    0.000E+00    0.000E+00    0.000E+00    0.851E-06    0.851E-06    0.000E+00    0.000E+00
     9.699     0.755    0.368E-01    0.365E-02    0.379E-03    0.000E+00    0.000E+00    0.000E+00    0.000E+00    0.827E-06    0.827E-06    0.000E+00    0.000E+00
     9.699     0.756    0.364E-01    0.359E-02    0.370E-03    0.000E+00    0.000E+00    0.000E+00    0.000E+00    0.804E-06    0.804E-06    0.000E+00    0.000E+00
     9.699     0.757    0.359E-01    0.352E-02    0.362E-03    0.000E+00    0.000E+00    0.000E+00    0.000E+00    0.781E-06    0.781E-06    0.000E+00    0.000E+00
     9.699     0.758    0.355E-01    0.345E-02    0.354E-03    0.000E+00    0.000E+00    0.000E+00    0.000E+00    0.759E-06    0.759E-06    0.000E+00    0.000E+00
     9.699     0.759    0.350E-01    0.339E-02    0.346E-03    0.000E+00    0.000E+00    0.000E+00    0.000E+00    0.738E-06    0.738E-06    0.000E+00    0.000E+00
     9.699     0.760    0.346E-01    0.333E-02    0.338E-03    0.000E+00    0.000E+00    0.000E+00    0.000E+00    0.717E-06    0.717E-06    0.000E+00    0.000E+00
     9.699     0.761    0.341E-01    0.327E-02    0.331E-03    0.000E+00    0.000E+00    0.000E+00    0.000E+00    0.697E-06    0.697E-06    0.000E+00    0.000E+00
     9.699     0.762    0.337E-01    0.320E-02    0.323E-03    0.000E+00    0.000E+00    0.000E+00    0.000E+00    0.677E-06    0.677E-06    0.000E+00    0.000E+00
     9.699     0.763    0.332E-01    0.314E-02    0.316E-03    0.000E+00    0.000E+00    0.000E+00    0.000E+00    0.658E-06    0.658E-06    0.000E+00    0.000E+00
     9.699     0.764    0.328E-01    0.308E-02    0.309E-03    0.000E+00    0.000E+00    0.000E+00    0.000E+00    0.639E-06    0.639E-06    0.000E+00    0.000E+00
     9.699     0.765    0.324E-01    0.303E-02    0.302E-03    0.000E+00    0.000E+00    0.000E+00    0.000E+00    0.621E-06    0.621E-06    0.000E+00    0.000E+00
     9.699     0.766    0.320E-01    0.297E-02    0.295E-03    0.000E+00    0.000E+00    0.000E+00    0.000E+00    0.603E-06    0.603E-06    0.000E+00    0.000E+00
     9.699     0.767    0.315E-01    0.291E-02    0.288E-03    0.000E+00    0.000E+00    0.000E+00    0.000E+00    0.586E-06    0.586E-06    0.000E+00    0.000E+00
     9.699     0.768    0.311E-01    0.285E-02    0.282E-03    0.000E+00    0.000E+00    0.000E+00    0.000E+00    0.569E-06    0.569E-06    0.000E+00    0.000E+00
     9.699     0.769    0.307E-01    0.280E-02    0.275E-03    0.000E+00    0.000E+00    0.000E+00    0.000E+00    0.552E-06    0.552E-06    0.000E+00    0.000E+00
     9.699     0.770    0.303E-01    0.274E-02    0.269E-03    0.000E+00    0.000E+00    0.000E+00    0.000E+00    0.535E-06    0.535E-06    0.000E+00    0.000E+00
     9.699     0.771    0.299E-01    0.269E-02    0.263E-03    0.000E+00    0.000E+00    0.000E+00    0.000E+00    0.519E-06    0.519E-06    0.000E+00    0.000E+00
     9.699     0.772    0.295E-01    0.264E-02    0.256E-03    0.000E+00    0.000E+00    0.000E+00    0.000E+00    0.504E-06    0.504E-06    0.000E+00    0.000E+00
     9.699     0.773    0.291E-01    0.258E-02    0.250E-03    0.000E+00    0.000E+00    0.000E+00    0.000E+00    0.489E-06    0.489E-06    0.000E+00    0.000E+00
     9.699     0.774    0.287E-01    0.253E-02    0.245E-03    0.000E+00    0.000E+00    0.000E+00    0.000E+00    0.474E-06    0.474E-06    0.000E+00    0.000E+00
     9.699     0.775    0.283E-01    0.248E-02    0.239E-03    0.000E+00    0.000E+00    0.000E+00    0.000E+00    0.460E-06    0.460E-06    0.000E+00    0.000E+00
     9.699     0.776    0.279E-01    0.243E-02    0.233E-03    0.000E+00    0.000E+00    0.000E+00    0.000E+00    0.446E-06    0.446E-06    0.000E+00    0.000E+00
     9.699     0.777    0.275E-01    0.238E-02    0.228E-03    0.000E+00    0.000E+00    0.000E+00    0.000E+00    0.432E-06    0.432E-06    0.000E+00    0.000E+00
     9.699     0.778    0.271E-01    0.233E-02    0.222E-03    0.000E+00    0.000E+00    0.000E+00    0.000E+00    0.419E-06    0.419E-06    0.000E+00    0.000E+00
     9.699     0.779    0.268E-01    0.229E-02    0.217E-03    0.000E+00    0.000E+00    0.000E+00    0.000E+00    0.407E-06    0.407E-06    0.000E+00    0.000E+00
     9.699     0.780    0.264E-01    0.224E-02    0.212E-03    0.000E+00    0.000E+00    0.000E+00    0.000E+00    0.394E-06    0.394E-06    0.000E+00    0.000E+00
     9.699     0.781    0.260E-01    0.219E-02    0.207E-03    0.000E+00    0.000E+00    0.000E+00    0.000E+00    0.382E-06    0.382E-06    0.000E+00    0.000E+00
     9.699     0.782    0.256E-01    0.215E-02    0.202E-03    0.000E+00    0.000E+00    0.000E+00    0.000E+00    0.371E-06    0.371E-06    0.000E+00    0.000E+00
     9.699     0.783    0.253E-01    0.211E-02    0.197E-03    0.000E+00    0.000E+00    0.000E+00    0.000E+00    0.359E-06    0.359E-06    0.000E+00    0.000E+00
     9.699     0.784    0.249E-01    0.206E-02    0.192E-03    0.000E+00    0.000E+00    0.000E+00    0.000E+00    0.348E-06    0.348E-06    0.000E+00    0.000E+00
     9.699     0.785    0.246E-01    0.202E-02    0.187E-03    0.000E+00    0.000E+00    0.000E+00    0.000E+00    0.338E-06    0.338E-06    0.000E+00    0.000E+00
     9.699     0.786    0.242E-01    0.198E-02    0.183E-03    0.000E+00    0.000E+00    0.000E+00    0.000E+00    0.327E-06    0.327E-06    0.000E+00    0.000E+00
     9.699     0.787    0.238E-01    0.194E-02    0.178E-03    0.000E+00    0.000E+00    0.000E+00    0.000E+00    0.317E-06    0.317E-06    0.000E+00    0.000E+00
     9.699     0.788    0.235E-01    0.190E-02    0.174E-03    0.000E+00    0.000E+00    0.000E+00    0.000E+00    0.308E-06    0.308E-06    0.000E+00    0.000E+00
     9.699     0.789    0.232E-01    0.186E-02    0.170E-03    0.000E+00    0.000E+00    0.000E+00    0.000E+00    0.298E-06    0.298E-06    0.000E+00    0.000E+00
     9.699     0.790    0.228E-01    0.183E-02    0.166E-03    0.000E+00    0.000E+00    0.000E+00    0.000E+00    0.289E-06    0.289E-06    0.000E+00    0.000E+00
     9.699     0.791    0.225E-01    0.179E-02    0.162E-03    0.000E+00    0.000E+00    0.000E+00    0.000E+00    0.280E-06    0.280E-06    0.000E+00    0.000E+00
     9.699     0.792    0.221E-01    0.176E-02    0.157E-03    0.000E+00    0.000E+00    0.000E+00    0.000E+00    0.271E-06    0.271E-06    0.000E+00    0.000E+00
     9.699     0.793    0.218E-01    0.172E-02    0.154E-03    0.000E+00    0.000E+00    0.000E+00    0.000E+00    0.262E-06    0.262E-06    0.000E+00    0.000E+00
     9.699     0.794    0.215E-01    0.169E-02    0.150E-03    0.000E+00    0.000E+00    0.000E+00    0.000E+00    0.253E-06    0.253E-06    0.000E+00    0.000E+00
     9.699     0.795    0.212E-01    0.166E-02    0.146E-03    0.000E+00    0.000E+00    0.000E+00    0.000E+00    0.245E-06    0.245E-06    0.000E+00    0.000E+00
     9.699     0.796    0.209E-01    0.163E-02    0.142E-03    0.000E+00    0.000E+00    0.000E+00    0.000E+00    0.237E-06    0.237E-06    0.000E+00    0.000E+00
     9.699     0.797    0.205E-01    0.160E-02    0.139E-03    0.000E+00    0.000E+00    0.000E+00    0.000E+00    0.229E-06    0.229E-06    0.000E+00    0.000E+00
     9.699     0.798    0.202E-01    0.157E-02    0.135E-03    0.000E+00    0.000E+00    0.000E+00    0.000E+00    0.222E-06    0.222E-06    0.000E+00    0.000E+00
     9.699     0.799    0.199E-01    0.154E-02    0.131E-03    0.000E+00    0.000E+00    0.000E+00    0.000E+00    0.215E-06    0.215E-06    0.000E+00    0.000E+00
     9.699     0.800    0.196E-01    0.152E-02    0.128E-03    0.000E+00    0.000E+00    0.000E+00    0.000E+00    0.207E-06    0.207E-06    0.000E+00    0.000E+00
     9.699     0.801    0.193E-01    0.149E-02    0.125E-03    0.000E+00    0.000E+00    0.000E+00    0.000E+00    0.201E-06    0.201E-06    0.000E+00    0.000E+00
     9.699     0.802    0.190E-01    0.146E-02    0.122E-03    0.000E+00    0.000E+00    0.000E+00    0.000E+00    0.194E-06    0.194E-06    0.000E+00    0.000E+00
     9.699     0.803    0.187E-01    0.144E-02    0.118E-03    0.000E+00    0.000E+00    0.000E+00    0.000E+00    0.188E-06    0.188E-06    0.000E+00    0.000E+00
     9.699     0.804    0.184E-01    0.141E-02    0.115E-03    0.000E+00    0.000E+00    0.000E+00    0.000E+00    0.181E-06    0.181E-06    0.000E+00    0.000E+00
     9.699     0.805    0.181E-01    0.139E-02    0.112E-03    0.000E+00    0.000E+00    0.000E+00    0.000E+00    0.175E-06    0.175E-06    0.000E+00    0.000E+00
     9.699     0.806    0.179E-01    0.136E-02    0.109E-03    0.000E+00    0.000E+00    0.000E+00    0.000E+00    0.170E-06    0.170E-06    0.000E+00    0.000E+00
     9.699     0.807    0.176E-01    0.134E-02    0.106E-03    0.000E+00    0.000E+00    0.000E+00    0.000E+00    0.164E-06    0.164E-06    0.000E+00    0.000E+00
     9.699     0.808    0.173E-01    0.131E-02    0.104E-03    0.000E+00    0.000E+00    0.000E+00    0.000E+00    0.158E-06    0.158E-06    0.000E+00    0.000E+00
     9.699     0.809    0.170E-01    0.129E-02    0.101E-03    0.000E+00    0.000E+00    0.000E+00    0.000E+00    0.153E-06    0.153E-06    0.000E+00    0.000E+00
     9.699     0.810    0.167E-01    0.127E-02    0.983E-04    0.000E+00    0.000E+00    0.000E+00    0.000E+00    0.148E-06    0.148E-06    0.000E+00    0.000E+00
     9.699     0.811    0.165E-01    0.125E-02    0.957E-04    0.000E+00    0.000E+00    0.000E+00    0.000E+00    0.143E-06    0.143E-06    0.000E+00    0.000E+00
     9.699     0.812    0.162E-01    0.122E-02    0.931E-04    0.000E+00    0.000E+00    0.000E+00    0.000E+00    0.138E-06    0.138E-06    0.000E+00    0.000E+00
     9.699     0.813    0.159E-01    0.120E-02    0.906E-04    0.000E+00    0.000E+00    0.000E+00    0.000E+00    0.134E-06    0.134E-06    0.000E+00    0.000E+00
     9.699     0.814    0.157E-01    0.118E-02    0.881E-04    0.000E+00    0.000E+00    0.000E+00    0.000E+00    0.129E-06    0.129E-06    0.000E+00    0.000E+00
     9.699     0.815    0.154E-01    0.115E-02    0.857E-04    0.000E+00    0.000E+00    0.000E+00    0.000E+00    0.124E-06    0.124E-06    0.000E+00    0.000E+00
     9.699     0.816    0.151E-01    0.113E-02    0.833E-04    0.000E+00    0.000E+00    0.000E+00    0.000E+00    0.120E-06    0.120E-06    0.000E+00    0.000E+00
     9.699     0.817    0.149E-01    0.110E-02    0.810E-04    0.000E+00    0.000E+00    0.000E+00    0.000E+00    0.116E-06    0.116E-06    0.000E+00    0.000E+00
     9.699     0.818    0.146E-01    0.108E-02    0.788E-04    0.000E+00    0.000E+00    0.000E+00    0.000E+00    0.112E-06    0.112E-06    0.000E+00    0.000E+00
     9.699     0.819    0.144E-01    0.106E-02    0.766E-04    0.000E+00    0.000E+00    0.000E+00    0.000E+00    0.108E-06    0.108E-06    0.000E+00    0.000E+00
     9.699     0.820    0.141E-01    0.103E-02    0.744E-04    0.000E+00    0.000E+00    0.000E+00    0.000E+00    0.104E-06    0.104E-06    0.000E+00    0.000E+00
     9.699     0.821    0.139E-01    0.101E-02    0.723E-04    0.000E+00    0.000E+00    0.000E+00    0.000E+00    0.999E-07    0.999E-07    0.000E+00    0.000E+00
     9.699     0.822    0.136E-01    0.986E-03    0.703E-04    0.000E+00    0.000E+00    0.000E+00    0.000E+00    0.963E-07    0.963E-07    0.000E+00    0.000E+00
     9.699     0.823    0.134E-01    0.964E-03    0.683E-04    0.000E+00    0.000E+00    0.000E+00    0.000E+00    0.928E-07    0.928E-07    0.000E+00    0.000E+00
     9.699     0.824    0.132E-01    0.942E-03    0.663E-04    0.000E+00    0.000E+00    0.000E+00    0.000E+00    0.894E-07    0.894E-07    0.000E+00    0.000E+00
     9.699     0.825    0.129E-01    0.920E-03    0.644E-04    0.000E+00    0.000E+00    0.000E+00    0.000E+00    0.861E-07    0.861E-07    0.000E+00    0.000E+00
     9.699     0.826    0.127E-01    0.898E-03    0.626E-04    0.000E+00    0.000E+00    0.000E+00    0.000E+00    0.830E-07    0.830E-07    0.000E+00    0.000E+00
     9.699     0.827    0.125E-01    0.877E-03    0.608E-04    0.000E+00    0.000E+00    0.000E+00    0.000E+00    0.800E-07    0.800E-07    0.000E+00    0.000E+00
     9.699     0.828    0.122E-01    0.856E-03    0.590E-04    0.000E+00    0.000E+00    0.000E+00    0.000E+00    0.770E-07    0.770E-07    0.000E+00    0.000E+00
     9.699     0.829    0.120E-01    0.835E-03    0.573E-04    0.000E+00    0.000E+00    0.000E+00    0.000E+00    0.742E-07    0.742E-07    0.000E+00    0.000E+00
     9.699     0.830    0.118E-01    0.815E-03    0.557E-04    0.000E+00    0.000E+00    0.000E+00    0.000E+00    0.715E-07    0.715E-07    0.000E+00    0.000E+00
     9.699     0.831    0.116E-01    0.795E-03    0.540E-04    0.000E+00    0.000E+00    0.000E+00    0.000E+00    0.689E-07    0.689E-07    0.000E+00    0.000E+00
     9.699     0.832    0.113E-01    0.775E-03    0.525E-04    0.000E+00    0.000E+00    0.000E+00    0.000E+00    0.663E-07    0.663E-07    0.000E+00    0.000E+00
     9.699     0.833    0.111E-01    0.756E-03    0.509E-04    0.000E+00    0.000E+00    0.000E+00    0.000E+00    0.639E-07    0.639E-07    0.000E+00    0.000E+00
     9.699     0.834    0.109E-01    0.737E-03    0.494E-04    0.000E+00    0.000E+00    0.000E+00    0.000E+00    0.616E-07    0.616E-07    0.000E+00    0.000E+00
     9.699     0.835    0.107E-01    0.718E-03    0.480E-04    0.000E+00    0.000E+00    0.000E+00    0.000E+00    0.593E-07    0.593E-07    0.000E+00    0.000E+00
     9.699     0.836    0.105E-01    0.700E-03    0.465E-04    0.000E+00    0.000E+00    0.000E+00    0.000E+00    0.571E-07    0.571E-07    0.000E+00    0.000E+00
     9.699     0.837    0.103E-01    0.683E-03    0.451E-04    0.000E+00    0.000E+00    0.000E+00    0.000E+00    0.549E-07    0.549E-07    0.000E+00    0.000E+00
     9.699     0.838    0.101E-01    0.666E-03    0.437E-04    0.000E+00    0.000E+00    0.000E+00    0.000E+00    0.527E-07    0.527E-07    0.000E+00    0.000E+00
     9.699     0.839    0.990E-02    0.649E-03    0.424E-04    0.000E+00    0.000E+00    0.000E+00    0.000E+00    0.506E-07    0.506E-07    0.000E+00    0.000E+00
     9.699     0.840    0.971E-02    0.633E-03    0.411E-04    0.000E+00    0.000E+00    0.000E+00    0.000E+00    0.486E-07    0.486E-07    0.000E+00    0.000E+00
     9.699     0.841    0.951E-02    0.617E-03    0.398E-04    0.000E+00    0.000E+00    0.000E+00    0.000E+00    0.466E-07    0.466E-07    0.000E+00    0.000E+00
     9.699     0.842    0.932E-02    0.602E-03    0.385E-04    0.000E+00    0.000E+00    0.000E+00    0.000E+00    0.448E-07    0.448E-07    0.000E+00    0.000E+00
     9.699     0.843    0.914E-02    0.586E-03    0.373E-04    0.000E+00    0.000E+00    0.000E+00    0.000E+00    0.430E-07    0.430E-07    0.000E+00    0.000E+00
     9.699     0.844    0.895E-02    0.572E-03    0.362E-04    0.000E+00    0.000E+00    0.000E+00    0.000E+00    0.412E-07    0.412E-07    0.000E+00    0.000E+00
     9.699     0.845    0.877E-02    0.557E-03    0.350E-04    0.000E+00    0.000E+00    0.000E+00    0.000E+00    0.395E-07    0.395E-07    0.000E+00    0.000E+00
     9.699     0.846    0.859E-02    0.543E-03    0.339E-04    0.000E+00    0.000E+00    0.000E+00    0.000E+00    0.379E-07    0.379E-07    0.000E+00    0.000E+00
     9.699     0.847    0.841E-02    0.529E-03    0.328E-04    0.000E+00    0.000E+00    0.000E+00    0.000E+00    0.364E-07    0.364E-07    0.000E+00    0.000E+00
     9.699     0.848    0.824E-02    0.515E-03    0.318E-04    0.000E+00    0.000E+00    0.000E+00    0.000E+00    0.349E-07    0.349E-07    0.000E+00    0.000E+00
     9.699     0.849    0.806E-02    0.502E-03    0.307E-04    0.000E+00    0.000E+00    0.000E+00    0.000E+00    0.335E-07    0.335E-07    0.000E+00    0.000E+00
     9.699     0.850    0.789E-02    0.489E-03    0.297E-04    0.000E+00    0.000E+00    0.000E+00    0.000E+00    0.321E-07    0.321E-07    0.000E+00    0.000E+00
     9.699     0.851    0.772E-02    0.476E-03    0.288E-04    0.000E+00    0.000E+00    0.000E+00    0.000E+00    0.308E-07    0.308E-07    0.000E+00    0.000E+00
     9.699     0.852    0.756E-02    0.463E-03    0.278E-04    0.000E+00    0.000E+00    0.000E+00    0.000E+00    0.295E-07    0.295E-07    0.000E+00    0.000E+00
     9.699     0.853    0.740E-02    0.451E-03    0.269E-04    0.000E+00    0.000E+00    0.000E+00    0.000E+00    0.283E-07    0.283E-07    0.000E+00    0.000E+00
     9.699     0.854    0.724E-02    0.439E-03    0.260E-04    0.000E+00    0.000E+00    0.000E+00    0.000E+00    0.271E-07    0.271E-07    0.000E+00    0.000E+00
     9.699     0.855    0.708E-02    0.427E-03    0.252E-04    0.000E+00    0.000E+00    0.000E+00    0.000E+00    0.260E-07    0.260E-07    0.000E+00    0.000E+00
     9.699     0.856    0.692E-02    0.416E-03    0.244E-04    0.000E+00    0.000E+00    0.000E+00    0.000E+00    0.249E-07    0.249E-07    0.000E+00    0.000E+00
     9.699     0.857    0.677E-02    0.405E-03    0.235E-04    0.000E+00    0.000E+00    0.000E+00    0.000E+00    0.239E-07    0.239E-07    0.000E+00    0.000E+00
     9.699     0.858    0.662E-02    0.394E-03    0.228E-04    0.000E+00    0.000E+00    0.000E+00    0.000E+00    0.229E-07    0.229E-07    0.000E+00    0.000E+00
     9.699     0.859    0.647E-02    0.383E-03    0.220E-04    0.000E+00    0.000E+00    0.000E+00    0.000E+00    0.220E-07    0.220E-07    0.000E+00    0.000E+00
     9.699     0.860    0.632E-02    0.373E-03    0.212E-04    0.000E+00    0.000E+00    0.000E+00    0.000E+00    0.210E-07    0.210E-07    0.000E+00    0.000E+00
     9.699     0.861    0.618E-02    0.362E-03    0.205E-04    0.000E+00    0.000E+00    0.000E+00    0.000E+00    0.201E-07    0.201E-07    0.000E+00    0.000E+00
     9.699     0.862    0.603E-02    0.352E-03    0.198E-04    0.000E+00    0.000E+00    0.000E+00    0.000E+00    0.192E-07    0.192E-07    0.000E+00    0.000E+00
     9.699     0.863    0.589E-02    0.342E-03    0.191E-04    0.000E+00    0.000E+00    0.000E+00    0.000E+00    0.183E-07    0.183E-07    0.000E+00    0.000E+00
     9.699     0.864    0.575E-02    0.333E-03    0.184E-04    0.000E+00    0.000E+00    0.000E+00    0.000E+00    0.175E-07    0.175E-07    0.000E+00    0.000E+00
     9.699     0.865    0.562E-02    0.323E-03    0.177E-04    0.000E+00    0.000E+00    0.000E+00    0.000E+00    0.166E-07    0.166E-07    0.000E+00    0.000E+00
     9.699     0.866    0.549E-02    0.314E-03    0.171E-04    0.000E+00    0.000E+00    0.000E+00    0.000E+00    0.159E-07    0.159E-07    0.000E+00    0.000E+00
     9.699     0.867    0.535E-02    0.305E-03    0.165E-04    0.000E+00    0.000E+00    0.000E+00    0.000E+00    0.151E-07    0.151E-07    0.000E+00    0.000E+00
     9.699     0.868    0.522E-02    0.296E-03    0.159E-04    0.000E+00    0.000E+00    0.000E+00    0.000E+00    0.144E-07    0.144E-07    0.000E+00    0.000E+00
     9.699     0.869    0.510E-02    0.288E-03    0.153E-04    0.000E+00    0.000E+00    0.000E+00    0.000E+00    0.137E-07    0.137E-07    0.000E+00    0.000E+00
     9.699     0.870    0.497E-02    0.279E-03    0.147E-04    0.000E+00    0.000E+00    0.000E+00    0.000E+00    0.131E-07    0.131E-07    0.000E+00    0.000E+00
     9.699     0.871    0.485E-02    0.271E-03    0.142E-04    0.000E+00    0.000E+00    0.000E+00    0.000E+00    0.125E-07    0.125E-07    0.000E+00    0.000E+00
     9.699     0.872    0.473E-02    0.263E-03    0.137E-04    0.000E+00    0.000E+00    0.000E+00    0.000E+00    0.119E-07    0.119E-07    0.000E+00    0.000E+00
     9.699     0.873    0.461E-02    0.255E-03    0.131E-04    0.000E+00    0.000E+00    0.000E+00    0.000E+00    0.113E-07    0.113E-07    0.000E+00    0.000E+00
     9.699     0.874    0.449E-02    0.248E-03    0.127E-04    0.000E+00    0.000E+00    0.000E+00    0.000E+00    0.108E-07    0.108E-07    0.000E+00    0.000E+00
     9.699     0.875    0.438E-02    0.240E-03    0.122E-04    0.000E+00    0.000E+00    0.000E+00    0.000E+00    0.103E-07    0.103E-07    0.000E+00    0.000E+00
     9.699     0.876    0.427E-02    0.233E-03    0.117E-04    0.000E+00    0.000E+00    0.000E+00    0.000E+00    0.980E-08    0.980E-08    0.000E+00    0.000E+00
     9.699     0.877    0.415E-02    0.226E-03    0.113E-04    0.000E+00    0.000E+00    0.000E+00    0.000E+00    0.934E-08    0.934E-08    0.000E+00    0.000E+00
     9.699     0.878    0.405E-02    0.219E-03    0.108E-04    0.000E+00    0.000E+00    0.000E+00    0.000E+00    0.890E-08    0.890E-08    0.000E+00    0.000E+00
     9.699     0.879    0.394E-02    0.213E-03    0.104E-04    0.000E+00    0.000E+00    0.000E+00    0.000E+00    0.848E-08    0.848E-08    0.000E+00    0.000E+00
     9.699     0.880    0.383E-02    0.206E-03    0.100E-04    0.000E+00    0.000E+00    0.000E+00    0.000E+00    0.808E-08    0.808E-08    0.000E+00    0.000E+00
     9.699     0.881    0.373E-02    0.200E-03    0.963E-05    0.000E+00    0.000E+00    0.000E+00    0.000E+00    0.771E-08    0.771E-08    0.000E+00    0.000E+00
     9.699     0.882    0.363E-02    0.193E-03    0.926E-05    0.000E+00    0.000E+00    0.000E+00    0.000E+00    0.735E-08    0.735E-08    0.000E+00    0.000E+00
     9.699     0.883    0.353E-02    0.187E-03    0.889E-05    0.000E+00    0.000E+00    0.000E+00    0.000E+00    0.698E-08    0.698E-08    0.000E+00    0.000E+00
     9.699     0.884    0.343E-02    0.181E-03    0.852E-05    0.000E+00    0.000E+00    0.000E+00    0.000E+00    0.661E-08    0.661E-08    0.000E+00    0.000E+00
     9.699     0.885    0.334E-02    0.176E-03    0.817E-05    0.000E+00    0.000E+00    0.000E+00    0.000E+00    0.626E-08    0.626E-08    0.000E+00    0.000E+00
     9.699     0.886    0.324E-02    0.170E-03    0.782E-05    0.000E+00    0.000E+00    0.000E+00    0.000E+00    0.592E-08    0.592E-08    0.000E+00    0.000E+00
     9.699     0.887    0.315E-02    0.164E-03    0.749E-05    0.000E+00    0.000E+00    0.000E+00    0.000E+00    0.559E-08    0.559E-08    0.000E+00    0.000E+00
     9.699     0.888    0.306E-02    0.159E-03    0.718E-05    0.000E+00    0.000E+00    0.000E+00    0.000E+00    0.528E-08    0.528E-08    0.000E+00    0.000E+00
     9.699     0.889    0.297E-02    0.154E-03    0.687E-05    0.000E+00    0.000E+00    0.000E+00    0.000E+00    0.499E-08    0.499E-08    0.000E+00    0.000E+00
     9.699     0.890    0.289E-02    0.149E-03    0.657E-05    0.000E+00    0.000E+00    0.000E+00    0.000E+00    0.471E-08    0.471E-08    0.000E+00    0.000E+00
     9.699     0.891    0.280E-02    0.144E-03    0.629E-05    0.000E+00    0.000E+00    0.000E+00    0.000E+00    0.445E-08    0.445E-08    0.000E+00    0.000E+00
     9.699     0.892    0.272E-02    0.139E-03    0.601E-05    0.000E+00    0.000E+00    0.000E+00    0.000E+00    0.420E-08    0.420E-08    0.000E+00    0.000E+00
     9.699     0.893    0.264E-02    0.134E-03    0.575E-05    0.000E+00    0.000E+00    0.000E+00    0.000E+00    0.396E-08    0.396E-08    0.000E+00    0.000E+00
     9.699     0.894    0.256E-02    0.129E-03    0.549E-05    0.000E+00    0.000E+00    0.000E+00    0.000E+00    0.374E-08    0.374E-08    0.000E+00    0.000E+00
     9.699     0.895    0.248E-02    0.125E-03    0.525E-05    0.000E+00    0.000E+00    0.000E+00    0.000E+00    0.353E-08    0.353E-08    0.000E+00    0.000E+00
     9.699     0.896    0.240E-02    0.121E-03    0.501E-05    0.000E+00    0.000E+00    0.000E+00    0.000E+00    0.332E-08    0.332E-08    0.000E+00    0.000E+00
     9.699     0.897    0.233E-02    0.117E-03    0.479E-05    0.000E+00    0.000E+00    0.000E+00    0.000E+00    0.314E-08    0.314E-08    0.000E+00    0.000E+00
     9.699     0.898    0.225E-02    0.112E-03    0.457E-05    0.000E+00    0.000E+00    0.000E+00    0.000E+00    0.296E-08    0.296E-08    0.000E+00    0.000E+00
     9.699     0.899    0.218E-02    0.108E-03    0.436E-05    0.000E+00    0.000E+00    0.000E+00    0.000E+00    0.279E-08    0.279E-08    0.000E+00    0.000E+00
     9.699     0.900    0.211E-02    0.105E-03    0.416E-05    0.000E+00    0.000E+00    0.000E+00    0.000E+00    0.264E-08    0.264E-08    0.000E+00    0.000E+00
     9.699     0.901    0.204E-02    0.101E-03    0.397E-05    0.000E+00    0.000E+00    0.000E+00    0.000E+00    0.249E-08    0.249E-08    0.000E+00    0.000E+00
     9.699     0.902    0.198E-02    0.973E-04    0.379E-05    0.000E+00    0.000E+00    0.000E+00    0.000E+00    0.235E-08    0.235E-08    0.000E+00    0.000E+00
     9.699     0.903    0.191E-02    0.938E-04    0.361E-05    0.000E+00    0.000E+00    0.000E+00    0.000E+00    0.222E-08    0.222E-08    0.000E+00    0.000E+00
     9.699     0.904    0.185E-02    0.904E-04    0.344E-05    0.000E+00    0.000E+00    0.000E+00    0.000E+00    0.210E-08    0.210E-08    0.000E+00    0.000E+00
     9.699     0.905    0.179E-02    0.871E-04    0.328E-05    0.000E+00    0.000E+00    0.000E+00    0.000E+00    0.199E-08    0.199E-08    0.000E+00    0.000E+00
     9.699     0.906    0.172E-02    0.838E-04    0.313E-05    0.000E+00    0.000E+00    0.000E+00    0.000E+00    0.188E-08    0.188E-08    0.000E+00    0.000E+00
     9.699     0.907    0.166E-02    0.806E-04    0.297E-05    0.000E+00    0.000E+00    0.000E+00    0.000E+00    0.175E-08    0.175E-08    0.000E+00    0.000E+00
     9.699     0.908    0.161E-02    0.775E-04    0.281E-05    0.000E+00    0.000E+00    0.000E+00    0.000E+00    0.164E-08    0.164E-08    0.000E+00    0.000E+00
     9.699     0.909    0.155E-02    0.745E-04    0.267E-05    0.000E+00    0.000E+00    0.000E+00    0.000E+00    0.152E-08    0.152E-08    0.000E+00    0.000E+00
     9.699     0.910    0.149E-02    0.716E-04    0.253E-05    0.000E+00    0.000E+00    0.000E+00    0.000E+00    0.142E-08    0.142E-08    0.000E+00    0.000E+00
     9.699     0.911    0.144E-02    0.687E-04    0.239E-05    0.000E+00    0.000E+00    0.000E+00    0.000E+00    0.132E-08    0.132E-08    0.000E+00    0.000E+00
     9.699     0.912    0.139E-02    0.660E-04    0.226E-05    0.000E+00    0.000E+00    0.000E+00    0.000E+00    0.123E-08    0.123E-08    0.000E+00    0.000E+00
     9.699     0.913    0.134E-02    0.633E-04    0.214E-05    0.000E+00    0.000E+00    0.000E+00    0.000E+00    0.114E-08    0.114E-08    0.000E+00    0.000E+00
     9.699     0.914    0.129E-02    0.608E-04    0.202E-05    0.000E+00    0.000E+00    0.000E+00    0.000E+00    0.106E-08    0.106E-08    0.000E+00    0.000E+00
     9.699     0.915    0.124E-02    0.583E-04    0.191E-05    0.000E+00    0.000E+00    0.000E+00    0.000E+00    0.982E-09    0.982E-09    0.000E+00    0.000E+00
     9.699     0.916    0.119E-02    0.559E-04    0.181E-05    0.000E+00    0.000E+00    0.000E+00    0.000E+00    0.911E-09    0.911E-09    0.000E+00    0.000E+00
     9.699     0.917    0.114E-02    0.535E-04    0.170E-05    0.000E+00    0.000E+00    0.000E+00    0.000E+00    0.844E-09    0.844E-09    0.000E+00    0.000E+00
     9.699     0.918    0.110E-02    0.513E-04    0.161E-05    0.000E+00    0.000E+00    0.000E+00    0.000E+00    0.783E-09    0.783E-09    0.000E+00    0.000E+00
     9.699     0.919    0.106E-02    0.491E-04    0.152E-05    0.000E+00    0.000E+00    0.000E+00    0.000E+00    0.726E-09    0.726E-09    0.000E+00    0.000E+00
     9.699     0.920    0.101E-02    0.470E-04    0.143E-05    0.000E+00    0.000E+00    0.000E+00    0.000E+00    0.673E-09    0.673E-09    0.000E+00    0.000E+00
     9.699     0.921    0.972E-03    0.450E-04    0.135E-05    0.000E+00    0.000E+00    0.000E+00    0.000E+00    0.625E-09    0.625E-09    0.000E+00    0.000E+00
     9.699     0.922    0.932E-03    0.430E-04    0.127E-05    0.000E+00    0.000E+00    0.000E+00    0.000E+00    0.581E-09    0.581E-09    0.000E+00    0.000E+00
     9.699     0.923    0.893E-03    0.411E-04    0.119E-05    0.000E+00    0.000E+00    0.000E+00    0.000E+00    0.540E-09    0.540E-09    0.000E+00    0.000E+00
     9.699     0.924    0.855E-03    0.393E-04    0.112E-05    0.000E+00    0.000E+00    0.000E+00    0.000E+00    0.503E-09    0.503E-09    0.000E+00    0.000E+00
     9.699     0.925    0.819E-03    0.375E-04    0.106E-05    0.000E+00    0.000E+00    0.000E+00    0.000E+00    0.469E-09    0.469E-09    0.000E+00    0.000E+00
     9.699     0.926    0.783E-03    0.359E-04    0.996E-06    0.000E+00    0.000E+00    0.000E+00    0.000E+00    0.439E-09    0.439E-09    0.000E+00    0.000E+00
     9.699     0.927    0.749E-03    0.342E-04    0.937E-06    0.000E+00    0.000E+00    0.000E+00    0.000E+00    0.411E-09    0.411E-09    0.000E+00    0.000E+00
     9.699     0.928    0.715E-03    0.327E-04    0.882E-06    0.000E+00    0.000E+00    0.000E+00    0.000E+00    0.386E-09    0.386E-09    0.000E+00    0.000E+00
     9.699     0.929    0.683E-03    0.311E-04    0.830E-06    0.000E+00    0.000E+00    0.000E+00    0.000E+00    0.364E-09    0.364E-09    0.000E+00    0.000E+00
     9.699     0.930    0.652E-03    0.296E-04    0.775E-06    0.000E+00    0.000E+00    0.000E+00    0.000E+00    0.335E-09    0.335E-09    0.000E+00    0.000E+00
     9.699     0.931    0.621E-03    0.282E-04    0.721E-06    0.000E+00    0.000E+00    0.000E+00    0.000E+00    0.305E-09    0.305E-09    0.000E+00    0.000E+00
     9.699     0.932    0.592E-03    0.268E-04    0.671E-06    0.000E+00    0.000E+00    0.000E+00    0.000E+00    0.277E-09    0.277E-09    0.000E+00    0.000E+00
     9.699     0.933    0.563E-03    0.254E-04    0.622E-06    0.000E+00    0.000E+00    0.000E+00    0.000E+00    0.251E-09    0.251E-09    0.000E+00    0.000E+00
     9.699     0.934    0.536E-03    0.241E-04    0.577E-06    0.000E+00    0.000E+00    0.000E+00    0.000E+00    0.227E-09    0.227E-09    0.000E+00    0.000E+00
     9.699     0.935    0.509E-03    0.228E-04    0.534E-06    0.000E+00    0.000E+00    0.000E+00    0.000E+00    0.205E-09    0.205E-09    0.000E+00    0.000E+00
     9.699     0.936    0.483E-03    0.216E-04    0.494E-06    0.000E+00    0.000E+00    0.000E+00    0.000E+00    0.184E-09    0.184E-09    0.000E+00    0.000E+00
     9.699     0.937    0.458E-03    0.205E-04    0.456E-06    0.000E+00    0.000E+00    0.000E+00    0.000E+00    0.166E-09    0.166E-09    0.000E+00    0.000E+00
     9.699     0.938    0.434E-03    0.194E-04    0.421E-06    0.000E+00    0.000E+00    0.000E+00    0.000E+00    0.149E-09    0.149E-09    0.000E+00    0.000E+00
     9.699     0.939    0.411E-03    0.183E-04    0.388E-06    0.000E+00    0.000E+00    0.000E+00    0.000E+00    0.133E-09    0.133E-09    0.000E+00    0.000E+00
     9.699     0.940    0.389E-03    0.173E-04    0.357E-06    0.000E+00    0.000E+00    0.000E+00    0.000E+00    0.120E-09    0.120E-09    0.000E+00    0.000E+00
     9.699     0.941    0.368E-03    0.163E-04    0.328E-06    0.000E+00    0.000E+00    0.000E+00    0.000E+00    0.107E-09    0.107E-09    0.000E+00    0.000E+00
     9.699     0.942    0.347E-03    0.154E-04    0.302E-06    0.000E+00    0.000E+00    0.000E+00    0.000E+00    0.965E-10    0.965E-10    0.000E+00    0.000E+00
     9.699     0.943    0.328E-03    0.145E-04    0.277E-06    0.000E+00    0.000E+00    0.000E+00    0.000E+00    0.870E-10    0.870E-10    0.000E+00    0.000E+00
     9.699     0.944    0.309E-03    0.136E-04    0.254E-06    0.000E+00    0.000E+00    0.000E+00    0.000E+00    0.787E-10    0.787E-10    0.000E+00    0.000E+00
     9.699     0.945    0.290E-03    0.128E-04    0.233E-06    0.000E+00    0.000E+00    0.000E+00    0.000E+00    0.716E-10    0.716E-10    0.000E+00    0.000E+00
     9.699     0.946    0.273E-03    0.120E-04    0.214E-06    0.000E+00    0.000E+00    0.000E+00    0.000E+00    0.656E-10    0.656E-10    0.000E+00    0.000E+00
     9.699     0.947    0.256E-03    0.113E-04    0.197E-06    0.000E+00    0.000E+00    0.000E+00    0.000E+00    0.606E-10    0.606E-10    0.000E+00    0.000E+00
     9.699     0.948    0.240E-03    0.106E-04    0.181E-06    0.000E+00    0.000E+00    0.000E+00    0.000E+00    0.566E-10    0.566E-10    0.000E+00    0.000E+00
     9.699     0.949    0.225E-03    0.988E-05    0.166E-06    0.000E+00    0.000E+00    0.000E+00    0.000E+00    0.534E-10    0.534E-10    0.000E+00    0.000E+00
     9.699     0.950    0.210E-03    0.924E-05    0.153E-06    0.000E+00    0.000E+00    0.000E+00    0.000E+00    0.510E-10    0.510E-10    0.000E+00    0.000E+00
     9.699     0.951    0.196E-03    0.863E-05    0.141E-06    0.000E+00    0.000E+00    0.000E+00    0.000E+00    0.493E-10    0.493E-10    0.000E+00    0.000E+00
     9.699     0.952    0.183E-03    0.806E-05    0.130E-06    0.000E+00    0.000E+00    0.000E+00    0.000E+00    0.483E-10    0.483E-10    0.000E+00    0.000E+00
     9.699     0.953    0.170E-03    0.749E-05    0.120E-06    0.102E-08    0.102E-08    0.406E-09    0.406E-09    0.468E-10    0.468E-10    0.000E+00    0.000E+00
     9.699     0.954    0.157E-03    0.691E-05    0.106E-06    0.670E-08    0.670E-08    0.268E-08    0.268E-08    0.410E-10    0.410E-10    0.000E+00    0.000E+00
     9.699     0.955    0.144E-03    0.635E-05    0.938E-07    0.126E-07    0.126E-07    0.504E-08    0.504E-08    0.356E-10    0.356E-10    0.000E+00    0.000E+00
     9.699     0.956    0.132E-03    0.581E-05    0.822E-07    0.187E-07    0.187E-07    0.747E-08    0.747E-08    0.307E-10    0.307E-10    0.000E+00    0.000E+00
     9.699     0.957    0.121E-03    0.530E-05    0.715E-07    0.249E-07    0.249E-07    0.996E-08    0.996E-08    0.262E-10    0.262E-10    0.000E+00    0.000E+00
     9.699     0.958    0.110E-03    0.482E-05    0.617E-07    0.313E-07    0.313E-07    0.125E-07    0.125E-07    0.222E-10    0.222E-10    0.000E+00    0.000E+00
     9.699     0.959    0.100E-03    0.437E-05    0.528E-07    0.377E-07    0.377E-07    0.151E-07    0.151E-07    0.185E-10    0.185E-10    0.000E+00    0.000E+00
     9.699     0.960    0.903E-04    0.393E-05    0.447E-07    0.442E-07    0.442E-07    0.177E-07    0.177E-07    0.153E-10    0.153E-10    0.000E+00    0.000E+00
     9.699     0.961    0.811E-04    0.353E-05    0.374E-07    0.508E-07    0.508E-07    0.203E-07    0.203E-07    0.123E-10    0.123E-10    0.000E+00    0.000E+00
     9.699     0.962    0.724E-04    0.314E-05    0.309E-07    0.573E-07    0.573E-07    0.229E-07    0.229E-07    0.977E-11    0.977E-11    0.000E+00    0.000E+00
     9.699     0.963    0.642E-04    0.278E-05    0.251E-07    0.639E-07    0.639E-07    0.256E-07    0.256E-07    0.753E-11    0.753E-11    0.000E+00    0.000E+00
     9.699     0.964    0.565E-04    0.244E-05    0.200E-07    0.704E-07    0.704E-07    0.281E-07    0.281E-07    0.560E-11    0.560E-11    0.000E+00    0.000E+00
     9.699     0.965    0.492E-04    0.212E-05    0.156E-07    0.767E-07    0.767E-07    0.307E-07    0.307E-07    0.398E-11    0.398E-11    0.000E+00    0.000E+00
     9.699     0.966    0.424E-04    0.182E-05    0.118E-07    0.830E-07    0.830E-07    0.332E-07    0.332E-07    0.263E-11    0.263E-11    0.000E+00    0.000E+00
     9.699     0.967    0.361E-04    0.155E-05    0.861E-08    0.891E-07    0.891E-07    0.357E-07    0.357E-07    0.155E-11    0.155E-11    0.000E+00    0.000E+00
     9.699     0.968    0.302E-04    0.129E-05    0.597E-08    0.951E-07    0.951E-07    0.380E-07    0.380E-07    0.713E-12    0.713E-12    0.000E+00    0.000E+00
     9.699     0.969    0.247E-04    0.105E-05    0.385E-08    0.101E-06    0.101E-06    0.403E-07    0.403E-07    0.108E-12    0.108E-12    0.000E+00    0.000E+00
     9.699     0.970    0.196E-04    0.833E-06    0.222E-08    0.106E-06    0.106E-06    0.425E-07    0.425E-07    0.000E+00    0.000E+00    0.000E+00    0.000E+00
     9.699     0.971    0.149E-04    0.633E-06    0.104E-08    0.112E-06    0.112E-06    0.446E-07    0.446E-07    0.000E+00    0.000E+00    0.000E+00    0.000E+00
     9.699     0.972    0.106E-04    0.450E-06    0.282E-09    0.116E-06    0.116E-06    0.466E-07    0.466E-07    0.000E+00    0.000E+00    0.000E+00    0.000E+00
     9.699     0.973    0.671E-05    0.284E-06    0.000E+00    0.121E-06    0.121E-06    0.484E-07    0.484E-07    0.000E+00    0.000E+00    0.000E+00    0.000E+00
     9.699     0.974    0.316E-05    0.134E-06    0.000E+00    0.125E-06    0.125E-06    0.501E-07    0.501E-07    0.000E+00    0.000E+00    0.000E+00    0.000E+00
     9.699     0.975    0.000E+00    0.619E-09    0.152E-09    0.129E-06    0.129E-06    0.516E-07    0.516E-07    0.364E-12    0.364E-12    0.000E+00    0.000E+00
     9.699     0.976    0.000E+00    0.000E+00    0.706E-09    0.132E-06    0.132E-06    0.530E-07    0.530E-07    0.892E-12    0.892E-12    0.000E+00    0.000E+00
     9.699     0.977    0.000E+00    0.000E+00    0.150E-08    0.135E-06    0.135E-06    0.542E-07    0.542E-07    0.151E-11    0.151E-11    0.000E+00    0.000E+00
     9.699     0.978    0.000E+00    0.000E+00    0.249E-08    0.138E-06    0.138E-06    0.551E-07    0.551E-07    0.221E-11    0.221E-11    0.000E+00    0.000E+00
     9.699     0.979    0.000E+00    0.000E+00    0.365E-08    0.140E-06    0.140E-06    0.559E-07    0.559E-07    0.296E-11    0.296E-11    0.000E+00    0.000E+00
     9.699     0.980    0.000E+00    0.000E+00    0.494E-08    0.141E-06    0.141E-06    0.565E-07    0.565E-07    0.376E-11    0.376E-11    0.000E+00    0.000E+00
     9.699     0.981    0.000E+00    0.000E+00    0.632E-08    0.142E-06    0.142E-06    0.568E-07    0.568E-07    0.457E-11    0.457E-11    0.000E+00    0.000E+00
     9.699     0.982    0.000E+00    0.000E+00    0.776E-08    0.142E-06    0.142E-06    0.568E-07    0.568E-07    0.539E-11    0.539E-11    0.000E+00    0.000E+00
     9.699     0.983    0.000E+00    0.000E+00    0.921E-08    0.142E-06    0.142E-06    0.566E-07    0.566E-07    0.619E-11    0.619E-11    0.000E+00    0.000E+00
     9.699     0.984    0.000E+00    0.000E+00    0.106E-07    0.140E-06    0.140E-06    0.561E-07    0.561E-07    0.697E-11    0.697E-11    0.000E+00    0.000E+00
     9.699     0.985    0.000E+00    0.000E+00    0.120E-07    0.138E-06    0.138E-06    0.554E-07    0.554E-07    0.769E-11    0.769E-11    0.000E+00    0.000E+00
     9.699     0.986    0.000E+00    0.000E+00    0.133E-07    0.136E-06    0.136E-06    0.543E-07    0.543E-07    0.834E-11    0.834E-11    0.000E+00    0.000E+00
     9.699     0.987    0.000E+00    0.000E+00    0.145E-07    0.132E-06    0.132E-06    0.529E-07    0.529E-07    0.891E-11    0.891E-11    0.000E+00    0.000E+00
     9.699     0.988    0.000E+00    0.000E+00    0.154E-07    0.128E-06    0.128E-06    0.512E-07    0.512E-07    0.937E-11    0.937E-11    0.000E+00    0.000E+00
     9.699     0.989    0.000E+00    0.000E+00    0.162E-07    0.123E-06    0.123E-06    0.491E-07    0.491E-07    0.971E-11    0.971E-11    0.000E+00    0.000E+00
     9.699     0.990    0.000E+00    0.000E+00    0.167E-07    0.117E-06    0.117E-06    0.467E-07    0.467E-07    0.991E-11    0.991E-11    0.000E+00    0.000E+00
     9.699     0.991    0.000E+00    0.000E+00    0.170E-07    0.110E-06    0.110E-06    0.439E-07    0.439E-07    0.995E-11    0.995E-11    0.000E+00    0.000E+00
     9.699     0.992    0.000E+00    0.000E+00    0.169E-07    0.102E-06    0.102E-06    0.407E-07    0.407E-07    0.981E-11    0.981E-11    0.000E+00    0.000E+00
     9.699     0.993    0.000E+00    0.000E+00    0.165E-07    0.930E-07    0.930E-07    0.372E-07    0.372E-07    0.947E-11    0.947E-11    0.000E+00    0.000E+00
     9.699     0.994    0.000E+00    0.000E+00    0.156E-07    0.830E-07    0.830E-07    0.332E-07    0.332E-07    0.892E-11    0.892E-11    0.000E+00    0.000E+00
     9.699     0.995    0.000E+00    0.000E+00    0.144E-07    0.720E-07    0.720E-07    0.288E-07    0.288E-07    0.813E-11    0.813E-11    0.000E+00    0.000E+00
     9.699     0.996    0.000E+00    0.000E+00    0.126E-07    0.600E-07    0.600E-07    0.240E-07    0.240E-07    0.709E-11    0.709E-11    0.000E+00    0.000E+00
     9.699     0.997    0.000E+00    0.000E+00    0.103E-07    0.467E-07    0.467E-07    0.187E-07    0.187E-07    0.577E-11    0.577E-11    0.000E+00    0.000E+00
     9.699     0.998    0.000E+00    0.000E+00    0.749E-08    0.324E-07    0.324E-07    0.129E-07    0.129E-07    0.416E-11    0.416E-11    0.000E+00    0.000E+00
     9.699     0.999    0.000E+00    0.000E+00    0.406E-08    0.168E-07    0.168E-07    0.672E-08    0.672E-08    0.225E-11    0.225E-11    0.000E+00    0.000E+00

