     Q**2          x         u           d           g          ub          db          sb          s          cb          c          bb          b
     9.699     0.001    0.595E+00    0.556E+00    0.113E+02    0.526E+00    0.534E+00    0.317E+00    0.317E+00    0.175E+00    0.175E+00    0.000E+00    0.000E+00
     9.699     0.002    0.538E+00    0.498E+00    0.889E+01    0.449E+00    0.461E+00    0.268E+00    0.268E+00    0.144E+00    0.144E+00    0.000E+00    0.000E+00
     9.699     0.003    0.511E+00    0.471E+00    0.765E+01    0.407E+00    0.421E+00    0.242E+00    0.242E+00    0.127E+00    0.127E+00    0.000E+00    0.000E+00
     9.699     0.004    0.496E+00    0.457E+00    0.692E+01    0.380E+00    0.397E+00    0.225E+00    0.225E+00    0.117E+00    0.117E+00    0.000E+00    0.000E+00
     9.699     0.005    0.487E+00    0.448E+00    0.638E+01    0.360E+00    0.378E+00    0.213E+00    0.213E+00    0.109E+00    0.109E+00    0.000E+00    0.000E+00
     9.699     0.006    0.480E+00    0.442E+00    0.595E+01    0.344E+00    0.363E+00    0.203E+00    0.203E+00    0.103E+00    0.103E+00    0.000E+00    0.000E+00
     9.699     0.007    0.476E+00    0.438E+00    0.563E+01    0.331E+00    0.351E+00    0.195E+00    0.195E+00    0.979E-01    0.979E-01    0.000E+00    0.000E+00
     9.699     0.008    0.471E+00    0.434E+00    0.532E+01    0.318E+00    0.338E+00    0.187E+00    0.187E+00    0.933E-01    0.933E-01    0.000E+00    0.000E+00
     9.699     0.009    0.470E+00    0.432E+00    0.508E+01    0.308E+00    0.329E+00    0.181E+00    0.181E+00    0.896E-01    0.896E-01    0.000E+00    0.000E+00
     9.699     0.010    0.467E+00    0.430E+00    0.485E+01    0.299E+00    0.320E+00    0.175E+00    0.175E+00    0.861E-01    0.861E-01    0.000E+00    0.000E+00
     9.699     0.011    0.467E+00    0.429E+00    0.468E+01    0.291E+00    0.312E+00    0.171E+00    0.171E+00    0.832E-01    0.832E-01    0.000E+00    0.000E+00
     9.699     0.012    0.466E+00    0.427E+00    0.450E+01    0.284E+00    0.304E+00    0.166E+00    0.166E+00    0.804E-01    0.804E-01    0.000E+00    0.000E+00
     9.699     0.013    0.465E+00    0.426E+00    0.435E+01    0.277E+00    0.298E+00    0.162E+00    0.162E+00    0.779E-01    0.779E-01    0.000E+00    0.000E+00
     9.699     0.014    0.466E+00    0.426E+00    0.422E+01    0.271E+00    0.292E+00    0.158E+00    0.158E+00    0.758E-01    0.758E-01    0.000E+00    0.000E+00
     9.699     0.015    0.466E+00    0.425E+00    0.408E+01    0.265E+00    0.285E+00    0.154E+00    0.154E+00    0.735E-01    0.735E-01    0.000E+00    0.000E+00
     9.699     0.016    0.466E+00    0.424E+00    0.397E+01    0.260E+00    0.280E+00    0.151E+00    0.151E+00    0.716E-01    0.716E-01    0.000E+00    0.000E+00
     9.699     0.017    0.468E+00    0.424E+00    0.387E+01    0.255E+00    0.275E+00    0.148E+00    0.148E+00    0.699E-01    0.699E-01    0.000E+00    0.000E+00
     9.699     0.018    0.468E+00    0.424E+00    0.376E+01    0.250E+00    0.270E+00    0.145E+00    0.145E+00    0.681E-01    0.681E-01    0.000E+00    0.000E+00
     9.699     0.019    0.469E+00    0.423E+00    0.367E+01    0.246E+00    0.265E+00    0.142E+00    0.142E+00    0.665E-01    0.665E-01    0.000E+00    0.000E+00
     9.699     0.020    0.470E+00    0.423E+00    0.358E+01    0.242E+00    0.260E+00    0.139E+00    0.139E+00    0.650E-01    0.650E-01    0.000E+00    0.000E+00
     9.699     0.021    0.472E+00    0.423E+00    0.351E+01    0.238E+00    0.256E+00    0.137E+00    0.137E+00    0.636E-01    0.636E-01    0.000E+00    0.000E+00
     9.699     0.022    0.473E+00    0.423E+00    0.343E+01    0.234E+00    0.252E+00    0.135E+00    0.135E+00    0.622E-01    0.622E-01    0.000E+00    0.000E+00
     9.699     0.023    0.474E+00    0.422E+00    0.335E+01    0.230E+00    0.248E+00    0.132E+00    0.132E+00    0.608E-01    0.608E-01    0.000E+00    0.000E+00
     9.699     0.024    0.475E+00    0.422E+00    0.328E+01    0.227E+00    0.244E+00    0.130E+00    0.130E+00    0.595E-01    0.595E-01    0.000E+00    0.000E+00
     9.699     0.025    0.477E+00    0.422E+00    0.321E+01    0.224E+00    0.240E+00    0.128E+00    0.128E+00    0.583E-01    0.583E-01    0.000E+00    0.000E+00
     9.699     0.026    0.479E+00    0.422E+00    0.315E+01    0.220E+00    0.237E+00    0.126E+00    0.126E+00    0.572E-01    0.572E-01    0.000E+00    0.000E+00
     9.699     0.027    0.480E+00    0.422E+00    0.308E+01    0.217E+00    0.233E+00    0.124E+00    0.124E+00    0.560E-01    0.560E-01    0.000E+00    0.000E+00
     9.699     0.028    0.481E+00    0.421E+00    0.303E+01    0.214E+00    0.230E+00    0.122E+00    0.122E+00    0.550E-01    0.550E-01    0.000E+00    0.000E+00
     9.699     0.029    0.483E+00    0.421E+00    0.297E+01    0.211E+00    0.227E+00    0.120E+00    0.120E+00    0.539E-01    0.539E-01    0.000E+00    0.000E+00
     9.699     0.030    0.485E+00    0.421E+00    0.292E+01    0.208E+00    0.224E+00    0.118E+00    0.118E+00    0.530E-01    0.530E-01    0.000E+00    0.000E+00
     9.699     0.031    0.486E+00    0.421E+00    0.288E+01    0.206E+00    0.221E+00    0.117E+00    0.117E+00    0.521E-01    0.521E-01    0.000E+00    0.000E+00
     9.699     0.032    0.488E+00    0.421E+00    0.283E+01    0.203E+00    0.218E+00    0.115E+00    0.115E+00    0.513E-01    0.513E-01    0.000E+00    0.000E+00
     9.699     0.033    0.490E+00    0.421E+00    0.279E+01    0.201E+00    0.216E+00    0.114E+00    0.114E+00    0.505E-01    0.505E-01    0.000E+00    0.000E+00
     9.699     0.034    0.491E+00    0.421E+00    0.275E+01    0.199E+00    0.213E+00    0.112E+00    0.112E+00    0.497E-01    0.497E-01    0.000E+00    0.000E+00
     9.699     0.035    0.493E+00    0.421E+00    0.271E+01    0.196E+00    0.210E+00    0.111E+00    0.111E+00    0.489E-01    0.489E-01    0.000E+00    0.000E+00
     9.699     0.036    0.495E+00    0.421E+00    0.267E+01    0.194E+00    0.208E+00    0.109E+00    0.109E+00    0.482E-01    0.482E-01    0.000E+00    0.000E+00
     9.699     0.037    0.497E+00    0.421E+00    0.264E+01    0.192E+00    0.206E+00    0.108E+00    0.108E+00    0.476E-01    0.476E-01    0.000E+00    0.000E+00
     9.699     0.038    0.499E+00    0.421E+00    0.261E+01    0.190E+00    0.204E+00    0.107E+00    0.107E+00    0.469E-01    0.469E-01    0.000E+00    0.000E+00
     9.699     0.039    0.500E+00    0.421E+00    0.257E+01    0.188E+00    0.202E+00    0.106E+00    0.106E+00    0.462E-01    0.462E-01    0.000E+00    0.000E+00
     9.699     0.040    0.502E+00    0.421E+00    0.254E+01    0.186E+00    0.199E+00    0.104E+00    0.104E+00    0.455E-01    0.455E-01    0.000E+00    0.000E+00
     9.699     0.041    0.504E+00    0.420E+00    0.250E+01    0.184E+00    0.197E+00    0.103E+00    0.103E+00    0.449E-01    0.449E-01    0.000E+00    0.000E+00
     9.699     0.042    0.505E+00    0.420E+00    0.247E+01    0.182E+00    0.195E+00    0.102E+00    0.102E+00    0.442E-01    0.442E-01    0.000E+00    0.000E+00
     9.699     0.043    0.507E+00    0.420E+00    0.244E+01    0.180E+00    0.193E+00    0.101E+00    0.101E+00    0.436E-01    0.436E-01    0.000E+00    0.000E+00
     9.699     0.044    0.508E+00    0.420E+00    0.241E+01    0.178E+00    0.191E+00    0.995E-01    0.995E-01    0.430E-01    0.430E-01    0.000E+00    0.000E+00
     9.699     0.045    0.510E+00    0.420E+00    0.238E+01    0.176E+00    0.189E+00    0.984E-01    0.984E-01    0.424E-01    0.424E-01    0.000E+00    0.000E+00
     9.699     0.046    0.512E+00    0.420E+00    0.235E+01    0.174E+00    0.187E+00    0.973E-01    0.973E-01    0.418E-01    0.418E-01    0.000E+00    0.000E+00
     9.699     0.047    0.513E+00    0.420E+00    0.232E+01    0.172E+00    0.185E+00    0.962E-01    0.962E-01    0.412E-01    0.412E-01    0.000E+00    0.000E+00
     9.699     0.048    0.515E+00    0.419E+00    0.229E+01    0.170E+00    0.184E+00    0.951E-01    0.951E-01    0.406E-01    0.406E-01    0.000E+00    0.000E+00
     9.699     0.049    0.516E+00    0.419E+00    0.226E+01    0.168E+00    0.182E+00    0.940E-01    0.940E-01    0.400E-01    0.400E-01    0.000E+00    0.000E+00
     9.699     0.050    0.518E+00    0.419E+00    0.224E+01    0.166E+00    0.180E+00    0.930E-01    0.930E-01    0.395E-01    0.395E-01    0.000E+00    0.000E+00
     9.699     0.051    0.519E+00    0.419E+00    0.221E+01    0.164E+00    0.178E+00    0.920E-01    0.920E-01    0.390E-01    0.390E-01    0.000E+00    0.000E+00
     9.699     0.052    0.521E+00    0.419E+00    0.219E+01    0.163E+00    0.177E+00    0.910E-01    0.910E-01    0.385E-01    0.385E-01    0.000E+00    0.000E+00
     9.699     0.053    0.522E+00    0.418E+00    0.216E+01    0.161E+00    0.175E+00    0.900E-01    0.900E-01    0.380E-01    0.380E-01    0.000E+00    0.000E+00
     9.699     0.054    0.524E+00    0.418E+00    0.214E+01    0.159E+00    0.174E+00    0.891E-01    0.891E-01    0.375E-01    0.375E-01    0.000E+00    0.000E+00
     9.699     0.055    0.525E+00    0.418E+00    0.211E+01    0.158E+00    0.172E+00    0.881E-01    0.881E-01    0.370E-01    0.370E-01    0.000E+00    0.000E+00
     9.699     0.056    0.527E+00    0.418E+00    0.209E+01    0.156E+00    0.171E+00    0.872E-01    0.872E-01    0.365E-01    0.365E-01    0.000E+00    0.000E+00
     9.699     0.057    0.528E+00    0.417E+00    0.207E+01    0.154E+00    0.169E+00    0.863E-01    0.863E-01    0.360E-01    0.360E-01    0.000E+00    0.000E+00
     9.699     0.058    0.530E+00    0.417E+00    0.205E+01    0.153E+00    0.168E+00    0.854E-01    0.854E-01    0.356E-01    0.356E-01    0.000E+00    0.000E+00
     9.699     0.059    0.531E+00    0.417E+00    0.202E+01    0.151E+00    0.166E+00    0.846E-01    0.846E-01    0.352E-01    0.352E-01    0.000E+00    0.000E+00
     9.699     0.060    0.532E+00    0.417E+00    0.200E+01    0.149E+00    0.165E+00    0.837E-01    0.837E-01    0.347E-01    0.347E-01    0.000E+00    0.000E+00
     9.699     0.061    0.534E+00    0.417E+00    0.198E+01    0.148E+00    0.164E+00    0.829E-01    0.829E-01    0.343E-01    0.343E-01    0.000E+00    0.000E+00
     9.699     0.062    0.535E+00    0.416E+00    0.196E+01    0.146E+00    0.162E+00    0.821E-01    0.821E-01    0.339E-01    0.339E-01    0.000E+00    0.000E+00
     9.699     0.063    0.537E+00    0.416E+00    0.195E+01    0.145E+00    0.161E+00    0.813E-01    0.813E-01    0.335E-01    0.335E-01    0.000E+00    0.000E+00
     9.699     0.064    0.538E+00    0.416E+00    0.192E+01    0.143E+00    0.160E+00    0.805E-01    0.805E-01    0.331E-01    0.331E-01    0.000E+00    0.000E+00
     9.699     0.065    0.539E+00    0.415E+00    0.190E+01    0.142E+00    0.159E+00    0.797E-01    0.797E-01    0.327E-01    0.327E-01    0.000E+00    0.000E+00
     9.699     0.066    0.541E+00    0.415E+00    0.188E+01    0.140E+00    0.157E+00    0.789E-01    0.789E-01    0.323E-01    0.323E-01    0.000E+00    0.000E+00
     9.699     0.067    0.542E+00    0.415E+00    0.187E+01    0.139E+00    0.156E+00    0.781E-01    0.781E-01    0.319E-01    0.319E-01    0.000E+00    0.000E+00
     9.699     0.068    0.543E+00    0.415E+00    0.185E+01    0.137E+00    0.155E+00    0.774E-01    0.774E-01    0.315E-01    0.315E-01    0.000E+00    0.000E+00
     9.699     0.069    0.544E+00    0.414E+00    0.183E+01    0.136E+00    0.154E+00    0.766E-01    0.766E-01    0.311E-01    0.311E-01    0.000E+00    0.000E+00
     9.699     0.070    0.546E+00    0.414E+00    0.181E+01    0.135E+00    0.153E+00    0.759E-01    0.759E-01    0.307E-01    0.307E-01    0.000E+00    0.000E+00
     9.699     0.071    0.547E+00    0.414E+00    0.179E+01    0.133E+00    0.151E+00    0.751E-01    0.751E-01    0.304E-01    0.304E-01    0.000E+00    0.000E+00
     9.699     0.072    0.548E+00    0.413E+00    0.177E+01    0.132E+00    0.150E+00    0.744E-01    0.744E-01    0.300E-01    0.300E-01    0.000E+00    0.000E+00
     9.699     0.073    0.550E+00    0.413E+00    0.176E+01    0.130E+00    0.149E+00    0.737E-01    0.737E-01    0.297E-01    0.297E-01    0.000E+00    0.000E+00
     9.699     0.074    0.551E+00    0.413E+00    0.174E+01    0.129E+00    0.148E+00    0.730E-01    0.730E-01    0.293E-01    0.293E-01    0.000E+00    0.000E+00
     9.699     0.075    0.552E+00    0.412E+00    0.172E+01    0.128E+00    0.147E+00    0.723E-01    0.723E-01    0.290E-01    0.290E-01    0.000E+00    0.000E+00
     9.699     0.076    0.553E+00    0.412E+00    0.171E+01    0.126E+00    0.146E+00    0.716E-01    0.716E-01    0.286E-01    0.286E-01    0.000E+00    0.000E+00
     9.699     0.077    0.554E+00    0.412E+00    0.169E+01    0.125E+00    0.145E+00    0.709E-01    0.709E-01    0.283E-01    0.283E-01    0.000E+00    0.000E+00
     9.699     0.078    0.555E+00    0.411E+00    0.167E+01    0.124E+00    0.144E+00    0.703E-01    0.703E-01    0.280E-01    0.280E-01    0.000E+00    0.000E+00
     9.699     0.079    0.557E+00    0.411E+00    0.166E+01    0.122E+00    0.143E+00    0.696E-01    0.696E-01    0.276E-01    0.276E-01    0.000E+00    0.000E+00
     9.699     0.080    0.558E+00    0.411E+00    0.164E+01    0.121E+00    0.142E+00    0.690E-01    0.690E-01    0.273E-01    0.273E-01    0.000E+00    0.000E+00
     9.699     0.081    0.559E+00    0.410E+00    0.163E+01    0.120E+00    0.141E+00    0.684E-01    0.684E-01    0.270E-01    0.270E-01    0.000E+00    0.000E+00
     9.699     0.082    0.560E+00    0.410E+00    0.161E+01    0.119E+00    0.140E+00    0.677E-01    0.677E-01    0.267E-01    0.267E-01    0.000E+00    0.000E+00
     9.699     0.083    0.561E+00    0.409E+00    0.160E+01    0.117E+00    0.139E+00    0.671E-01    0.671E-01    0.264E-01    0.264E-01    0.000E+00    0.000E+00
     9.699     0.084    0.562E+00    0.409E+00    0.158E+01    0.116E+00    0.138E+00    0.665E-01    0.665E-01    0.261E-01    0.261E-01    0.000E+00    0.000E+00
     9.699     0.085    0.563E+00    0.409E+00    0.157E+01    0.115E+00    0.137E+00    0.659E-01    0.659E-01    0.258E-01    0.258E-01    0.000E+00    0.000E+00
     9.699     0.086    0.564E+00    0.408E+00    0.155E+01    0.114E+00    0.136E+00    0.653E-01    0.653E-01    0.255E-01    0.255E-01    0.000E+00    0.000E+00
     9.699     0.087    0.565E+00    0.408E+00    0.154E+01    0.113E+00    0.135E+00    0.647E-01    0.647E-01    0.252E-01    0.252E-01    0.000E+00    0.000E+00
     9.699     0.088    0.566E+00    0.407E+00    0.153E+01    0.112E+00    0.134E+00    0.641E-01    0.641E-01    0.250E-01    0.250E-01    0.000E+00    0.000E+00
     9.699     0.089    0.567E+00    0.407E+00    0.151E+01    0.110E+00    0.133E+00    0.635E-01    0.635E-01    0.247E-01    0.247E-01    0.000E+00    0.000E+00
     9.699     0.090    0.569E+00    0.406E+00    0.150E+01    0.109E+00    0.132E+00    0.630E-01    0.630E-01    0.244E-01    0.244E-01    0.000E+00    0.000E+00
     9.699     0.091    0.570E+00    0.406E+00    0.148E+01    0.108E+00    0.131E+00    0.624E-01    0.624E-01    0.241E-01    0.241E-01    0.000E+00    0.000E+00
     9.699     0.092    0.571E+00    0.406E+00    0.147E+01    0.107E+00    0.131E+00    0.618E-01    0.618E-01    0.239E-01    0.239E-01    0.000E+00    0.000E+00
     9.699     0.093    0.572E+00    0.405E+00    0.146E+01    0.106E+00    0.130E+00    0.613E-01    0.613E-01    0.236E-01    0.236E-01    0.000E+00    0.000E+00
     9.699     0.094    0.573E+00    0.405E+00    0.145E+01    0.105E+00    0.129E+00    0.608E-01    0.608E-01    0.233E-01    0.233E-01    0.000E+00    0.000E+00
     9.699     0.095    0.574E+00    0.404E+00    0.143E+01    0.104E+00    0.128E+00    0.602E-01    0.602E-01    0.231E-01    0.231E-01    0.000E+00    0.000E+00
     9.699     0.096    0.575E+00    0.404E+00    0.142E+01    0.103E+00    0.127E+00    0.597E-01    0.597E-01    0.228E-01    0.228E-01    0.000E+00    0.000E+00
     9.699     0.097    0.575E+00    0.403E+00    0.141E+01    0.102E+00    0.126E+00    0.592E-01    0.592E-01    0.226E-01    0.226E-01    0.000E+00    0.000E+00
     9.699     0.098    0.576E+00    0.403E+00    0.139E+01    0.101E+00    0.125E+00    0.586E-01    0.586E-01    0.223E-01    0.223E-01    0.000E+00    0.000E+00
     9.699     0.099    0.577E+00    0.402E+00    0.138E+01    0.999E-01    0.125E+00    0.581E-01    0.581E-01    0.221E-01    0.221E-01    0.000E+00    0.000E+00
     9.699     0.100    0.578E+00    0.402E+00    0.137E+01    0.989E-01    0.124E+00    0.576E-01    0.576E-01    0.218E-01    0.218E-01    0.000E+00    0.000E+00
     9.699     0.101    0.579E+00    0.401E+00    0.136E+01    0.979E-01    0.123E+00    0.571E-01    0.571E-01    0.216E-01    0.216E-01    0.000E+00    0.000E+00
     9.699     0.102    0.580E+00    0.401E+00    0.135E+01    0.969E-01    0.122E+00    0.566E-01    0.566E-01    0.214E-01    0.214E-01    0.000E+00    0.000E+00
     9.699     0.103    0.581E+00    0.400E+00    0.133E+01    0.960E-01    0.121E+00    0.561E-01    0.561E-01    0.211E-01    0.211E-01    0.000E+00    0.000E+00
     9.699     0.104    0.582E+00    0.400E+00    0.132E+01    0.950E-01    0.120E+00    0.556E-01    0.556E-01    0.209E-01    0.209E-01    0.000E+00    0.000E+00
     9.699     0.105    0.583E+00    0.399E+00    0.131E+01    0.941E-01    0.120E+00    0.551E-01    0.551E-01    0.207E-01    0.207E-01    0.000E+00    0.000E+00
     9.699     0.106    0.584E+00    0.399E+00    0.130E+01    0.932E-01    0.119E+00    0.547E-01    0.547E-01    0.205E-01    0.205E-01    0.000E+00    0.000E+00
     9.699     0.107    0.584E+00    0.398E+00    0.129E+01    0.923E-01    0.118E+00    0.542E-01    0.542E-01    0.202E-01    0.202E-01    0.000E+00    0.000E+00
     9.699     0.108    0.585E+00    0.398E+00    0.128E+01    0.914E-01    0.117E+00    0.537E-01    0.537E-01    0.200E-01    0.200E-01    0.000E+00    0.000E+00
     9.699     0.109    0.586E+00    0.397E+00    0.127E+01    0.905E-01    0.116E+00    0.533E-01    0.533E-01    0.198E-01    0.198E-01    0.000E+00    0.000E+00
     9.699     0.110    0.587E+00    0.396E+00    0.126E+01    0.897E-01    0.116E+00    0.528E-01    0.528E-01    0.196E-01    0.196E-01    0.000E+00    0.000E+00
     9.699     0.111    0.588E+00    0.396E+00    0.125E+01    0.888E-01    0.115E+00    0.524E-01    0.524E-01    0.194E-01    0.194E-01    0.000E+00    0.000E+00
     9.699     0.112    0.588E+00    0.395E+00    0.123E+01    0.879E-01    0.114E+00    0.519E-01    0.519E-01    0.192E-01    0.192E-01    0.000E+00    0.000E+00
     9.699     0.113    0.589E+00    0.395E+00    0.122E+01    0.871E-01    0.113E+00    0.515E-01    0.515E-01    0.190E-01    0.190E-01    0.000E+00    0.000E+00
     9.699     0.114    0.590E+00    0.394E+00    0.121E+01    0.863E-01    0.113E+00    0.510E-01    0.510E-01    0.188E-01    0.188E-01    0.000E+00    0.000E+00
     9.699     0.115    0.591E+00    0.394E+00    0.120E+01    0.855E-01    0.112E+00    0.506E-01    0.506E-01    0.186E-01    0.186E-01    0.000E+00    0.000E+00
     9.699     0.116    0.591E+00    0.393E+00    0.119E+01    0.847E-01    0.111E+00    0.502E-01    0.502E-01    0.184E-01    0.184E-01    0.000E+00    0.000E+00
     9.699     0.117    0.592E+00    0.392E+00    0.118E+01    0.839E-01    0.110E+00    0.497E-01    0.497E-01    0.182E-01    0.182E-01    0.000E+00    0.000E+00
     9.699     0.118    0.593E+00    0.392E+00    0.117E+01    0.831E-01    0.110E+00    0.493E-01    0.493E-01    0.180E-01    0.180E-01    0.000E+00    0.000E+00
     9.699     0.119    0.594E+00    0.391E+00    0.116E+01    0.823E-01    0.109E+00    0.489E-01    0.489E-01    0.178E-01    0.178E-01    0.000E+00    0.000E+00
     9.699     0.120    0.594E+00    0.391E+00    0.115E+01    0.815E-01    0.108E+00    0.485E-01    0.485E-01    0.176E-01    0.176E-01    0.000E+00    0.000E+00
     9.699     0.121    0.595E+00    0.390E+00    0.114E+01    0.808E-01    0.107E+00    0.481E-01    0.481E-01    0.174E-01    0.174E-01    0.000E+00    0.000E+00
     9.699     0.122    0.596E+00    0.389E+00    0.113E+01    0.801E-01    0.107E+00    0.477E-01    0.477E-01    0.172E-01    0.172E-01    0.000E+00    0.000E+00
     9.699     0.123    0.596E+00    0.389E+00    0.112E+01    0.793E-01    0.106E+00    0.473E-01    0.473E-01    0.170E-01    0.170E-01    0.000E+00    0.000E+00
     9.699     0.124    0.597E+00    0.388E+00    0.112E+01    0.786E-01    0.105E+00    0.469E-01    0.469E-01    0.169E-01    0.169E-01    0.000E+00    0.000E+00
     9.699     0.125    0.598E+00    0.387E+00    0.111E+01    0.779E-01    0.104E+00    0.465E-01    0.465E-01    0.167E-01    0.167E-01    0.000E+00    0.000E+00
     9.699     0.126    0.598E+00    0.387E+00    0.110E+01    0.772E-01    0.104E+00    0.461E-01    0.461E-01    0.165E-01    0.165E-01    0.000E+00    0.000E+00
     9.699     0.127    0.599E+00    0.386E+00    0.109E+01    0.765E-01    0.103E+00    0.457E-01    0.457E-01    0.163E-01    0.163E-01    0.000E+00    0.000E+00
     9.699     0.128    0.600E+00    0.385E+00    0.108E+01    0.758E-01    0.102E+00    0.453E-01    0.453E-01    0.162E-01    0.162E-01    0.000E+00    0.000E+00
     9.699     0.129    0.600E+00    0.385E+00    0.107E+01    0.751E-01    0.102E+00    0.449E-01    0.449E-01    0.160E-01    0.160E-01    0.000E+00    0.000E+00
     9.699     0.130    0.601E+00    0.384E+00    0.106E+01    0.744E-01    0.101E+00    0.446E-01    0.446E-01    0.158E-01    0.158E-01    0.000E+00    0.000E+00
     9.699     0.131    0.601E+00    0.383E+00    0.105E+01    0.737E-01    0.100E+00    0.442E-01    0.442E-01    0.156E-01    0.156E-01    0.000E+00    0.000E+00
     9.699     0.132    0.602E+00    0.383E+00    0.104E+01    0.731E-01    0.995E-01    0.438E-01    0.438E-01    0.155E-01    0.155E-01    0.000E+00    0.000E+00
     9.699     0.133    0.603E+00    0.382E+00    0.103E+01    0.724E-01    0.989E-01    0.434E-01    0.434E-01    0.153E-01    0.153E-01    0.000E+00    0.000E+00
     9.699     0.134    0.603E+00    0.381E+00    0.102E+01    0.718E-01    0.982E-01    0.431E-01    0.431E-01    0.152E-01    0.152E-01    0.000E+00    0.000E+00
     9.699     0.135    0.604E+00    0.381E+00    0.102E+01    0.712E-01    0.975E-01    0.427E-01    0.427E-01    0.150E-01    0.150E-01    0.000E+00    0.000E+00
     9.699     0.136    0.604E+00    0.380E+00    0.101E+01    0.706E-01    0.968E-01    0.424E-01    0.424E-01    0.148E-01    0.148E-01    0.000E+00    0.000E+00
     9.699     0.137    0.605E+00    0.379E+00    0.100E+01    0.700E-01    0.961E-01    0.420E-01    0.420E-01    0.147E-01    0.147E-01    0.000E+00    0.000E+00
     9.699     0.138    0.605E+00    0.379E+00    0.991E+00    0.693E-01    0.955E-01    0.417E-01    0.417E-01    0.145E-01    0.145E-01    0.000E+00    0.000E+00
     9.699     0.139    0.606E+00    0.378E+00    0.983E+00    0.687E-01    0.948E-01    0.413E-01    0.413E-01    0.144E-01    0.144E-01    0.000E+00    0.000E+00
     9.699     0.140    0.606E+00    0.377E+00    0.975E+00    0.681E-01    0.941E-01    0.410E-01    0.410E-01    0.142E-01    0.142E-01    0.000E+00    0.000E+00
     9.699     0.141    0.607E+00    0.377E+00    0.967E+00    0.676E-01    0.935E-01    0.406E-01    0.406E-01    0.141E-01    0.141E-01    0.000E+00    0.000E+00
     9.699     0.142    0.607E+00    0.376E+00    0.959E+00    0.670E-01    0.928E-01    0.403E-01    0.403E-01    0.139E-01    0.139E-01    0.000E+00    0.000E+00
     9.699     0.143    0.608E+00    0.375E+00    0.951E+00    0.664E-01    0.921E-01    0.400E-01    0.400E-01    0.138E-01    0.138E-01    0.000E+00    0.000E+00
     9.699     0.144    0.608E+00    0.374E+00    0.943E+00    0.658E-01    0.915E-01    0.396E-01    0.396E-01    0.136E-01    0.136E-01    0.000E+00    0.000E+00
     9.699     0.145    0.608E+00    0.374E+00    0.935E+00    0.653E-01    0.908E-01    0.393E-01    0.393E-01    0.135E-01    0.135E-01    0.000E+00    0.000E+00
     9.699     0.146    0.609E+00    0.373E+00    0.927E+00    0.647E-01    0.902E-01    0.390E-01    0.390E-01    0.133E-01    0.133E-01    0.000E+00    0.000E+00
     9.699     0.147    0.609E+00    0.372E+00    0.919E+00    0.642E-01    0.895E-01    0.387E-01    0.387E-01    0.132E-01    0.132E-01    0.000E+00    0.000E+00
     9.699     0.148    0.610E+00    0.372E+00    0.912E+00    0.637E-01    0.889E-01    0.384E-01    0.384E-01    0.131E-01    0.131E-01    0.000E+00    0.000E+00
     9.699     0.149    0.610E+00    0.371E+00    0.904E+00    0.631E-01    0.883E-01    0.380E-01    0.380E-01    0.129E-01    0.129E-01    0.000E+00    0.000E+00
     9.699     0.150    0.610E+00    0.370E+00    0.897E+00    0.626E-01    0.876E-01    0.377E-01    0.377E-01    0.128E-01    0.128E-01    0.000E+00    0.000E+00
     9.699     0.151    0.611E+00    0.369E+00    0.889E+00    0.621E-01    0.870E-01    0.374E-01    0.374E-01    0.127E-01    0.127E-01    0.000E+00    0.000E+00
     9.699     0.152    0.611E+00    0.369E+00    0.882E+00    0.616E-01    0.864E-01    0.371E-01    0.371E-01    0.125E-01    0.125E-01    0.000E+00    0.000E+00
     9.699     0.153    0.611E+00    0.368E+00    0.875E+00    0.611E-01    0.857E-01    0.368E-01    0.368E-01    0.124E-01    0.124E-01    0.000E+00    0.000E+00
     9.699     0.154    0.612E+00    0.367E+00    0.868E+00    0.606E-01    0.851E-01    0.365E-01    0.365E-01    0.123E-01    0.123E-01    0.000E+00    0.000E+00
     9.699     0.155    0.612E+00    0.366E+00    0.860E+00    0.601E-01    0.845E-01    0.362E-01    0.362E-01    0.121E-01    0.121E-01    0.000E+00    0.000E+00
     9.699     0.156    0.612E+00    0.366E+00    0.853E+00    0.596E-01    0.839E-01    0.359E-01    0.359E-01    0.120E-01    0.120E-01    0.000E+00    0.000E+00
     9.699     0.157    0.613E+00    0.365E+00    0.846E+00    0.591E-01    0.833E-01    0.356E-01    0.356E-01    0.119E-01    0.119E-01    0.000E+00    0.000E+00
     9.699     0.158    0.613E+00    0.364E+00    0.839E+00    0.587E-01    0.827E-01    0.353E-01    0.353E-01    0.118E-01    0.118E-01    0.000E+00    0.000E+00
     9.699     0.159    0.613E+00    0.363E+00    0.832E+00    0.582E-01    0.820E-01    0.350E-01    0.350E-01    0.116E-01    0.116E-01    0.000E+00    0.000E+00
     9.699     0.160    0.613E+00    0.363E+00    0.825E+00    0.577E-01    0.814E-01    0.347E-01    0.347E-01    0.115E-01    0.115E-01    0.000E+00    0.000E+00
     9.699     0.161    0.614E+00    0.362E+00    0.818E+00    0.573E-01    0.808E-01    0.345E-01    0.345E-01    0.114E-01    0.114E-01    0.000E+00    0.000E+00
     9.699     0.162    0.614E+00    0.361E+00    0.812E+00    0.568E-01    0.802E-01    0.342E-01    0.342E-01    0.113E-01    0.113E-01    0.000E+00    0.000E+00
     9.699     0.163    0.614E+00    0.360E+00    0.805E+00    0.564E-01    0.796E-01    0.339E-01    0.339E-01    0.112E-01    0.112E-01    0.000E+00    0.000E+00
     9.699     0.164    0.614E+00    0.359E+00    0.798E+00    0.559E-01    0.790E-01    0.336E-01    0.336E-01    0.110E-01    0.110E-01    0.000E+00    0.000E+00
     9.699     0.165    0.615E+00    0.359E+00    0.792E+00    0.555E-01    0.785E-01    0.333E-01    0.333E-01    0.109E-01    0.109E-01    0.000E+00    0.000E+00
     9.699     0.166    0.615E+00    0.358E+00    0.785E+00    0.551E-01    0.779E-01    0.331E-01    0.331E-01    0.108E-01    0.108E-01    0.000E+00    0.000E+00
     9.699     0.167    0.615E+00    0.357E+00    0.778E+00    0.546E-01    0.773E-01    0.328E-01    0.328E-01    0.107E-01    0.107E-01    0.000E+00    0.000E+00
     9.699     0.168    0.615E+00    0.356E+00    0.772E+00    0.542E-01    0.767E-01    0.325E-01    0.325E-01    0.106E-01    0.106E-01    0.000E+00    0.000E+00
     9.699     0.169    0.615E+00    0.356E+00    0.766E+00    0.538E-01    0.761E-01    0.323E-01    0.323E-01    0.105E-01    0.105E-01    0.000E+00    0.000E+00
     9.699     0.170    0.615E+00    0.355E+00    0.759E+00    0.534E-01    0.756E-01    0.320E-01    0.320E-01    0.104E-01    0.104E-01    0.000E+00    0.000E+00
     9.699     0.171    0.616E+00    0.354E+00    0.753E+00    0.530E-01    0.750E-01    0.317E-01    0.317E-01    0.103E-01    0.103E-01    0.000E+00    0.000E+00
     9.699     0.172    0.616E+00    0.353E+00    0.747E+00    0.526E-01    0.744E-01    0.315E-01    0.315E-01    0.101E-01    0.101E-01    0.000E+00    0.000E+00
     9.699     0.173    0.616E+00    0.352E+00    0.740E+00    0.522E-01    0.739E-01    0.312E-01    0.312E-01    0.100E-01    0.100E-01    0.000E+00    0.000E+00
     9.699     0.174    0.616E+00    0.352E+00    0.734E+00    0.518E-01    0.733E-01    0.310E-01    0.310E-01    0.994E-02    0.994E-02    0.000E+00    0.000E+00
     9.699     0.175    0.616E+00    0.351E+00    0.728E+00    0.514E-01    0.727E-01    0.307E-01    0.307E-01    0.983E-02    0.983E-02    0.000E+00    0.000E+00
     9.699     0.176    0.616E+00    0.350E+00    0.722E+00    0.510E-01    0.722E-01    0.305E-01    0.305E-01    0.973E-02    0.973E-02    0.000E+00    0.000E+00
     9.699     0.177    0.616E+00    0.349E+00    0.716E+00    0.506E-01    0.716E-01    0.302E-01    0.302E-01    0.963E-02    0.963E-02    0.000E+00    0.000E+00
     9.699     0.178    0.616E+00    0.348E+00    0.710E+00    0.502E-01    0.711E-01    0.300E-01    0.300E-01    0.952E-02    0.952E-02    0.000E+00    0.000E+00
     9.699     0.179    0.616E+00    0.348E+00    0.704E+00    0.498E-01    0.705E-01    0.297E-01    0.297E-01    0.942E-02    0.942E-02    0.000E+00    0.000E+00
     9.699     0.180    0.616E+00    0.347E+00    0.698E+00    0.495E-01    0.700E-01    0.295E-01    0.295E-01    0.933E-02    0.933E-02    0.000E+00    0.000E+00
     9.699     0.181    0.616E+00    0.346E+00    0.692E+00    0.491E-01    0.694E-01    0.292E-01    0.292E-01    0.923E-02    0.923E-02    0.000E+00    0.000E+00
     9.699     0.182    0.616E+00    0.345E+00    0.687E+00    0.487E-01    0.689E-01    0.290E-01    0.290E-01    0.913E-02    0.913E-02    0.000E+00    0.000E+00
     9.699     0.183    0.616E+00    0.344E+00    0.681E+00    0.484E-01    0.684E-01    0.288E-01    0.288E-01    0.904E-02    0.904E-02    0.000E+00    0.000E+00
     9.699     0.184    0.616E+00    0.343E+00    0.675E+00    0.480E-01    0.678E-01    0.285E-01    0.285E-01    0.894E-02    0.894E-02    0.000E+00    0.000E+00
     9.699     0.185    0.616E+00    0.343E+00    0.670E+00    0.477E-01    0.673E-01    0.283E-01    0.283E-01    0.885E-02    0.885E-02    0.000E+00    0.000E+00
     9.699     0.186    0.616E+00    0.342E+00    0.664E+00    0.473E-01    0.668E-01    0.281E-01    0.281E-01    0.875E-02    0.875E-02    0.000E+00    0.000E+00
     9.699     0.187    0.616E+00    0.341E+00    0.658E+00    0.470E-01    0.663E-01    0.278E-01    0.278E-01    0.866E-02    0.866E-02    0.000E+00    0.000E+00
     9.699     0.188    0.616E+00    0.340E+00    0.653E+00    0.466E-01    0.657E-01    0.276E-01    0.276E-01    0.857E-02    0.857E-02    0.000E+00    0.000E+00
     9.699     0.189    0.616E+00    0.339E+00    0.647E+00    0.463E-01    0.652E-01    0.274E-01    0.274E-01    0.848E-02    0.848E-02    0.000E+00    0.000E+00
     9.699     0.190    0.616E+00    0.338E+00    0.642E+00    0.460E-01    0.647E-01    0.272E-01    0.272E-01    0.839E-02    0.839E-02    0.000E+00    0.000E+00
     9.699     0.191    0.616E+00    0.338E+00    0.637E+00    0.456E-01    0.642E-01    0.269E-01    0.269E-01    0.830E-02    0.830E-02    0.000E+00    0.000E+00
     9.699     0.192    0.616E+00    0.337E+00    0.631E+00    0.453E-01    0.637E-01    0.267E-01    0.267E-01    0.821E-02    0.821E-02    0.000E+00    0.000E+00
     9.699     0.193    0.616E+00    0.336E+00    0.626E+00    0.450E-01    0.632E-01    0.265E-01    0.265E-01    0.812E-02    0.812E-02    0.000E+00    0.000E+00
     9.699     0.194    0.615E+00    0.335E+00    0.621E+00    0.447E-01    0.627E-01    0.263E-01    0.263E-01    0.804E-02    0.804E-02    0.000E+00    0.000E+00
     9.699     0.195    0.615E+00    0.334E+00    0.616E+00    0.444E-01    0.622E-01    0.261E-01    0.261E-01    0.795E-02    0.795E-02    0.000E+00    0.000E+00
     9.699     0.196    0.615E+00    0.333E+00    0.610E+00    0.440E-01    0.617E-01    0.259E-01    0.259E-01    0.787E-02    0.787E-02    0.000E+00    0.000E+00
     9.699     0.197    0.615E+00    0.333E+00    0.605E+00    0.437E-01    0.612E-01    0.257E-01    0.257E-01    0.779E-02    0.779E-02    0.000E+00    0.000E+00
     9.699     0.198    0.615E+00    0.332E+00    0.600E+00    0.434E-01    0.607E-01    0.255E-01    0.255E-01    0.770E-02    0.770E-02    0.000E+00    0.000E+00
     9.699     0.199    0.615E+00    0.331E+00    0.595E+00    0.431E-01    0.602E-01    0.252E-01    0.252E-01    0.762E-02    0.762E-02    0.000E+00    0.000E+00
     9.699     0.200    0.614E+00    0.330E+00    0.590E+00    0.428E-01    0.598E-01    0.250E-01    0.250E-01    0.754E-02    0.754E-02    0.000E+00    0.000E+00
     9.699     0.201    0.614E+00    0.329E+00    0.585E+00    0.425E-01    0.593E-01    0.248E-01    0.248E-01    0.746E-02    0.746E-02    0.000E+00    0.000E+00
     9.699     0.202    0.614E+00    0.328E+00    0.580E+00    0.422E-01    0.588E-01    0.246E-01    0.246E-01    0.738E-02    0.738E-02    0.000E+00    0.000E+00
     9.699     0.203    0.614E+00    0.328E+00    0.575E+00    0.419E-01    0.583E-01    0.244E-01    0.244E-01    0.730E-02    0.730E-02    0.000E+00    0.000E+00
     9.699     0.204    0.614E+00    0.327E+00    0.570E+00    0.416E-01    0.578E-01    0.242E-01    0.242E-01    0.723E-02    0.723E-02    0.000E+00    0.000E+00
     9.699     0.205    0.613E+00    0.326E+00    0.566E+00    0.413E-01    0.574E-01    0.240E-01    0.240E-01    0.715E-02    0.715E-02    0.000E+00    0.000E+00
     9.699     0.206    0.613E+00    0.325E+00    0.561E+00    0.411E-01    0.569E-01    0.238E-01    0.238E-01    0.707E-02    0.707E-02    0.000E+00    0.000E+00
     9.699     0.207    0.613E+00    0.324E+00    0.556E+00    0.408E-01    0.564E-01    0.236E-01    0.236E-01    0.700E-02    0.700E-02    0.000E+00    0.000E+00
     9.699     0.208    0.613E+00    0.323E+00    0.551E+00    0.405E-01    0.560E-01    0.234E-01    0.234E-01    0.692E-02    0.692E-02    0.000E+00    0.000E+00
     9.699     0.209    0.612E+00    0.322E+00    0.547E+00    0.402E-01    0.555E-01    0.233E-01    0.233E-01    0.685E-02    0.685E-02    0.000E+00    0.000E+00
     9.699     0.210    0.612E+00    0.322E+00    0.542E+00    0.399E-01    0.551E-01    0.231E-01    0.231E-01    0.677E-02    0.677E-02    0.000E+00    0.000E+00
     9.699     0.211    0.612E+00    0.321E+00    0.537E+00    0.397E-01    0.546E-01    0.229E-01    0.229E-01    0.670E-02    0.670E-02    0.000E+00    0.000E+00
     9.699     0.212    0.611E+00    0.320E+00    0.533E+00    0.394E-01    0.542E-01    0.227E-01    0.227E-01    0.663E-02    0.663E-02    0.000E+00    0.000E+00
     9.699     0.213    0.611E+00    0.319E+00    0.528E+00    0.391E-01    0.537E-01    0.225E-01    0.225E-01    0.656E-02    0.656E-02    0.000E+00    0.000E+00
     9.699     0.214    0.611E+00    0.318E+00    0.524E+00    0.388E-01    0.533E-01    0.223E-01    0.223E-01    0.649E-02    0.649E-02    0.000E+00    0.000E+00
     9.699     0.215    0.610E+00    0.317E+00    0.519E+00    0.386E-01    0.529E-01    0.221E-01    0.221E-01    0.642E-02    0.642E-02    0.000E+00    0.000E+00
     9.699     0.216    0.610E+00    0.316E+00    0.515E+00    0.383E-01    0.524E-01    0.220E-01    0.220E-01    0.635E-02    0.635E-02    0.000E+00    0.000E+00
     9.699     0.217    0.610E+00    0.315E+00    0.510E+00    0.381E-01    0.520E-01    0.218E-01    0.218E-01    0.628E-02    0.628E-02    0.000E+00    0.000E+00
     9.699     0.218    0.609E+00    0.315E+00    0.506E+00    0.378E-01    0.516E-01    0.216E-01    0.216E-01    0.622E-02    0.622E-02    0.000E+00    0.000E+00
     9.699     0.219    0.609E+00    0.314E+00    0.502E+00    0.375E-01    0.511E-01    0.214E-01    0.214E-01    0.615E-02    0.615E-02    0.000E+00    0.000E+00
     9.699     0.220    0.608E+00    0.313E+00    0.497E+00    0.373E-01    0.507E-01    0.212E-01    0.212E-01    0.608E-02    0.608E-02    0.000E+00    0.000E+00
     9.699     0.221    0.608E+00    0.312E+00    0.493E+00    0.370E-01    0.503E-01    0.211E-01    0.211E-01    0.602E-02    0.602E-02    0.000E+00    0.000E+00
     9.699     0.222    0.608E+00    0.311E+00    0.489E+00    0.368E-01    0.499E-01    0.209E-01    0.209E-01    0.595E-02    0.595E-02    0.000E+00    0.000E+00
     9.699     0.223    0.607E+00    0.310E+00    0.485E+00    0.365E-01    0.495E-01    0.207E-01    0.207E-01    0.589E-02    0.589E-02    0.000E+00    0.000E+00
     9.699     0.224    0.607E+00    0.309E+00    0.480E+00    0.363E-01    0.490E-01    0.206E-01    0.206E-01    0.582E-02    0.582E-02    0.000E+00    0.000E+00
     9.699     0.225    0.606E+00    0.308E+00    0.476E+00    0.360E-01    0.486E-01    0.204E-01    0.204E-01    0.576E-02    0.576E-02    0.000E+00    0.000E+00
     9.699     0.226    0.606E+00    0.308E+00    0.472E+00    0.358E-01    0.482E-01    0.202E-01    0.202E-01    0.570E-02    0.570E-02    0.000E+00    0.000E+00
     9.699     0.227    0.605E+00    0.307E+00    0.468E+00    0.356E-01    0.478E-01    0.201E-01    0.201E-01    0.564E-02    0.564E-02    0.000E+00    0.000E+00
     9.699     0.228    0.605E+00    0.306E+00    0.464E+00    0.353E-01    0.474E-01    0.199E-01    0.199E-01    0.558E-02    0.558E-02    0.000E+00    0.000E+00
     9.699     0.229    0.604E+00    0.305E+00    0.460E+00    0.351E-01    0.470E-01    0.197E-01    0.197E-01    0.552E-02    0.552E-02    0.000E+00    0.000E+00
     9.699     0.230    0.604E+00    0.304E+00    0.456E+00    0.348E-01    0.466E-01    0.196E-01    0.196E-01    0.546E-02    0.546E-02    0.000E+00    0.000E+00
     9.699     0.231    0.603E+00    0.303E+00    0.452E+00    0.346E-01    0.462E-01    0.194E-01    0.194E-01    0.540E-02    0.540E-02    0.000E+00    0.000E+00
     9.699     0.232    0.603E+00    0.302E+00    0.448E+00    0.344E-01    0.458E-01    0.192E-01    0.192E-01    0.534E-02    0.534E-02    0.000E+00    0.000E+00
     9.699     0.233    0.602E+00    0.301E+00    0.444E+00    0.342E-01    0.454E-01    0.191E-01    0.191E-01    0.528E-02    0.528E-02    0.000E+00    0.000E+00
     9.699     0.234    0.602E+00    0.301E+00    0.441E+00    0.339E-01    0.451E-01    0.189E-01    0.189E-01    0.522E-02    0.522E-02    0.000E+00    0.000E+00
     9.699     0.235    0.601E+00    0.300E+00    0.437E+00    0.337E-01    0.447E-01    0.188E-01    0.188E-01    0.517E-02    0.517E-02    0.000E+00    0.000E+00
     9.699     0.236    0.601E+00    0.299E+00    0.433E+00    0.335E-01    0.443E-01    0.186E-01    0.186E-01    0.511E-02    0.511E-02    0.000E+00    0.000E+00
     9.699     0.237    0.600E+00    0.298E+00    0.429E+00    0.333E-01    0.439E-01    0.185E-01    0.185E-01    0.506E-02    0.506E-02    0.000E+00    0.000E+00
     9.699     0.238    0.600E+00    0.297E+00    0.425E+00    0.330E-01    0.436E-01    0.183E-01    0.183E-01    0.500E-02    0.500E-02    0.000E+00    0.000E+00
     9.699     0.239    0.599E+00    0.296E+00    0.422E+00    0.328E-01    0.432E-01    0.182E-01    0.182E-01    0.495E-02    0.495E-02    0.000E+00    0.000E+00
     9.699     0.240    0.598E+00    0.295E+00    0.418E+00    0.326E-01    0.428E-01    0.180E-01    0.180E-01    0.489E-02    0.489E-02    0.000E+00    0.000E+00
     9.699     0.241    0.598E+00    0.294E+00    0.414E+00    0.324E-01    0.424E-01    0.179E-01    0.179E-01    0.484E-02    0.484E-02    0.000E+00    0.000E+00
     9.699     0.242    0.597E+00    0.293E+00    0.411E+00    0.322E-01    0.421E-01    0.177E-01    0.177E-01    0.478E-02    0.478E-02    0.000E+00    0.000E+00
     9.699     0.243    0.597E+00    0.293E+00    0.407E+00    0.319E-01    0.417E-01    0.176E-01    0.176E-01    0.473E-02    0.473E-02    0.000E+00    0.000E+00
     9.699     0.244    0.596E+00    0.292E+00    0.404E+00    0.317E-01    0.414E-01    0.174E-01    0.174E-01    0.468E-02    0.468E-02    0.000E+00    0.000E+00
     9.699     0.245    0.595E+00    0.291E+00    0.400E+00    0.315E-01    0.410E-01    0.173E-01    0.173E-01    0.463E-02    0.463E-02    0.000E+00    0.000E+00
     9.699     0.246    0.595E+00    0.290E+00    0.396E+00    0.313E-01    0.407E-01    0.171E-01    0.171E-01    0.458E-02    0.458E-02    0.000E+00    0.000E+00
     9.699     0.247    0.594E+00    0.289E+00    0.393E+00    0.311E-01    0.403E-01    0.170E-01    0.170E-01    0.453E-02    0.453E-02    0.000E+00    0.000E+00
     9.699     0.248    0.593E+00    0.288E+00    0.390E+00    0.309E-01    0.400E-01    0.169E-01    0.169E-01    0.448E-02    0.448E-02    0.000E+00    0.000E+00
     9.699     0.249    0.593E+00    0.287E+00    0.386E+00    0.307E-01    0.396E-01    0.167E-01    0.167E-01    0.443E-02    0.443E-02    0.000E+00    0.000E+00
     9.699     0.250    0.592E+00    0.286E+00    0.383E+00    0.305E-01    0.393E-01    0.166E-01    0.166E-01    0.438E-02    0.438E-02    0.000E+00    0.000E+00
     9.699     0.251    0.591E+00    0.285E+00    0.379E+00    0.303E-01    0.389E-01    0.164E-01    0.164E-01    0.433E-02    0.433E-02    0.000E+00    0.000E+00
     9.699     0.252    0.591E+00    0.284E+00    0.376E+00    0.301E-01    0.386E-01    0.163E-01    0.163E-01    0.428E-02    0.428E-02    0.000E+00    0.000E+00
     9.699     0.253    0.590E+00    0.284E+00    0.373E+00    0.299E-01    0.383E-01    0.162E-01    0.162E-01    0.424E-02    0.424E-02    0.000E+00    0.000E+00
     9.699     0.254    0.589E+00    0.283E+00    0.369E+00    0.297E-01    0.379E-01    0.160E-01    0.160E-01    0.419E-02    0.419E-02    0.000E+00    0.000E+00
     9.699     0.255    0.588E+00    0.282E+00    0.366E+00    0.295E-01    0.376E-01    0.159E-01    0.159E-01    0.414E-02    0.414E-02    0.000E+00    0.000E+00
     9.699     0.256    0.588E+00    0.281E+00    0.363E+00    0.293E-01    0.373E-01    0.158E-01    0.158E-01    0.410E-02    0.410E-02    0.000E+00    0.000E+00
     9.699     0.257    0.587E+00    0.280E+00    0.360E+00    0.291E-01    0.370E-01    0.156E-01    0.156E-01    0.405E-02    0.405E-02    0.000E+00    0.000E+00
     9.699     0.258    0.586E+00    0.279E+00    0.356E+00    0.289E-01    0.366E-01    0.155E-01    0.155E-01    0.401E-02    0.401E-02    0.000E+00    0.000E+00
     9.699     0.259    0.585E+00    0.278E+00    0.353E+00    0.287E-01    0.363E-01    0.154E-01    0.154E-01    0.396E-02    0.396E-02    0.000E+00    0.000E+00
     9.699     0.260    0.585E+00    0.277E+00    0.350E+00    0.285E-01    0.360E-01    0.153E-01    0.153E-01    0.392E-02    0.392E-02    0.000E+00    0.000E+00
     9.699     0.261    0.584E+00    0.276E+00    0.347E+00    0.283E-01    0.357E-01    0.151E-01    0.151E-01    0.387E-02    0.387E-02    0.000E+00    0.000E+00
     9.699     0.262    0.583E+00    0.275E+00    0.344E+00    0.281E-01    0.354E-01    0.150E-01    0.150E-01    0.383E-02    0.383E-02    0.000E+00    0.000E+00
     9.699     0.263    0.582E+00    0.274E+00    0.341E+00    0.279E-01    0.351E-01    0.149E-01    0.149E-01    0.379E-02    0.379E-02    0.000E+00    0.000E+00
     9.699     0.264    0.581E+00    0.274E+00    0.338E+00    0.277E-01    0.348E-01    0.147E-01    0.147E-01    0.375E-02    0.375E-02    0.000E+00    0.000E+00
     9.699     0.265    0.581E+00    0.273E+00    0.335E+00    0.276E-01    0.344E-01    0.146E-01    0.146E-01    0.370E-02    0.370E-02    0.000E+00    0.000E+00
     9.699     0.266    0.580E+00    0.272E+00    0.332E+00    0.274E-01    0.341E-01    0.145E-01    0.145E-01    0.366E-02    0.366E-02    0.000E+00    0.000E+00
     9.699     0.267    0.579E+00    0.271E+00    0.329E+00    0.272E-01    0.338E-01    0.144E-01    0.144E-01    0.362E-02    0.362E-02    0.000E+00    0.000E+00
     9.699     0.268    0.578E+00    0.270E+00    0.326E+00    0.270E-01    0.336E-01    0.143E-01    0.143E-01    0.358E-02    0.358E-02    0.000E+00    0.000E+00
     9.699     0.269    0.577E+00    0.269E+00    0.323E+00    0.268E-01    0.333E-01    0.141E-01    0.141E-01    0.354E-02    0.354E-02    0.000E+00    0.000E+00
     9.699     0.270    0.577E+00    0.268E+00    0.320E+00    0.266E-01    0.330E-01    0.140E-01    0.140E-01    0.350E-02    0.350E-02    0.000E+00    0.000E+00
     9.699     0.271    0.576E+00    0.267E+00    0.317E+00    0.265E-01    0.327E-01    0.139E-01    0.139E-01    0.346E-02    0.346E-02    0.000E+00    0.000E+00
     9.699     0.272    0.575E+00    0.266E+00    0.314E+00    0.263E-01    0.324E-01    0.138E-01    0.138E-01    0.342E-02    0.342E-02    0.000E+00    0.000E+00
     9.699     0.273    0.574E+00    0.265E+00    0.311E+00    0.261E-01    0.321E-01    0.137E-01    0.137E-01    0.339E-02    0.339E-02    0.000E+00    0.000E+00
     9.699     0.274    0.573E+00    0.265E+00    0.308E+00    0.259E-01    0.318E-01    0.136E-01    0.136E-01    0.335E-02    0.335E-02    0.000E+00    0.000E+00
     9.699     0.275    0.572E+00    0.264E+00    0.306E+00    0.258E-01    0.315E-01    0.134E-01    0.134E-01    0.331E-02    0.331E-02    0.000E+00    0.000E+00
     9.699     0.276    0.571E+00    0.263E+00    0.303E+00    0.256E-01    0.313E-01    0.133E-01    0.133E-01    0.327E-02    0.327E-02    0.000E+00    0.000E+00
     9.699     0.277    0.570E+00    0.262E+00    0.300E+00    0.254E-01    0.310E-01    0.132E-01    0.132E-01    0.323E-02    0.323E-02    0.000E+00    0.000E+00
     9.699     0.278    0.569E+00    0.261E+00    0.297E+00    0.252E-01    0.307E-01    0.131E-01    0.131E-01    0.320E-02    0.320E-02    0.000E+00    0.000E+00
     9.699     0.279    0.569E+00    0.260E+00    0.295E+00    0.251E-01    0.304E-01    0.130E-01    0.130E-01    0.316E-02    0.316E-02    0.000E+00    0.000E+00
     9.699     0.280    0.568E+00    0.259E+00    0.292E+00    0.249E-01    0.302E-01    0.129E-01    0.129E-01    0.313E-02    0.313E-02    0.000E+00    0.000E+00
     9.699     0.281    0.567E+00    0.258E+00    0.289E+00    0.247E-01    0.299E-01    0.128E-01    0.128E-01    0.309E-02    0.309E-02    0.000E+00    0.000E+00
     9.699     0.282    0.566E+00    0.257E+00    0.287E+00    0.245E-01    0.296E-01    0.127E-01    0.127E-01    0.306E-02    0.306E-02    0.000E+00    0.000E+00
     9.699     0.283    0.565E+00    0.256E+00    0.284E+00    0.244E-01    0.294E-01    0.126E-01    0.126E-01    0.302E-02    0.302E-02    0.000E+00    0.000E+00
     9.699     0.284    0.564E+00    0.255E+00    0.281E+00    0.242E-01    0.291E-01    0.125E-01    0.125E-01    0.299E-02    0.299E-02    0.000E+00    0.000E+00
     9.699     0.285    0.563E+00    0.255E+00    0.279E+00    0.240E-01    0.289E-01    0.123E-01    0.123E-01    0.295E-02    0.295E-02    0.000E+00    0.000E+00
     9.699     0.286    0.562E+00    0.254E+00    0.276E+00    0.239E-01    0.286E-01    0.122E-01    0.122E-01    0.292E-02    0.292E-02    0.000E+00    0.000E+00
     9.699     0.287    0.561E+00    0.253E+00    0.274E+00    0.237E-01    0.283E-01    0.121E-01    0.121E-01    0.288E-02    0.288E-02    0.000E+00    0.000E+00
     9.699     0.288    0.560E+00    0.252E+00    0.271E+00    0.235E-01    0.281E-01    0.120E-01    0.120E-01    0.285E-02    0.285E-02    0.000E+00    0.000E+00
     9.699     0.289    0.559E+00    0.251E+00    0.269E+00    0.234E-01    0.278E-01    0.119E-01    0.119E-01    0.282E-02    0.282E-02    0.000E+00    0.000E+00
     9.699     0.290    0.558E+00    0.250E+00    0.266E+00    0.232E-01    0.276E-01    0.118E-01    0.118E-01    0.279E-02    0.279E-02    0.000E+00    0.000E+00
     9.699     0.291    0.557E+00    0.249E+00    0.264E+00    0.231E-01    0.273E-01    0.117E-01    0.117E-01    0.276E-02    0.276E-02    0.000E+00    0.000E+00
     9.699     0.292    0.556E+00    0.248E+00    0.261E+00    0.229E-01    0.271E-01    0.116E-01    0.116E-01    0.272E-02    0.272E-02    0.000E+00    0.000E+00
     9.699     0.293    0.555E+00    0.247E+00    0.259E+00    0.227E-01    0.269E-01    0.115E-01    0.115E-01    0.269E-02    0.269E-02    0.000E+00    0.000E+00
     9.699     0.294    0.554E+00    0.246E+00    0.256E+00    0.226E-01    0.266E-01    0.114E-01    0.114E-01    0.266E-02    0.266E-02    0.000E+00    0.000E+00
     9.699     0.295    0.553E+00    0.245E+00    0.254E+00    0.224E-01    0.264E-01    0.113E-01    0.113E-01    0.263E-02    0.263E-02    0.000E+00    0.000E+00
     9.699     0.296    0.552E+00    0.244E+00    0.252E+00    0.223E-01    0.261E-01    0.112E-01    0.112E-01    0.260E-02    0.260E-02    0.000E+00    0.000E+00
     9.699     0.297    0.551E+00    0.244E+00    0.249E+00    0.221E-01    0.259E-01    0.111E-01    0.111E-01    0.257E-02    0.257E-02    0.000E+00    0.000E+00
     9.699     0.298    0.550E+00    0.243E+00    0.247E+00    0.219E-01    0.257E-01    0.110E-01    0.110E-01    0.254E-02    0.254E-02    0.000E+00    0.000E+00
     9.699     0.299    0.549E+00    0.242E+00    0.245E+00    0.218E-01    0.254E-01    0.110E-01    0.110E-01    0.251E-02    0.251E-02    0.000E+00    0.000E+00
     9.699     0.300    0.548E+00    0.241E+00    0.242E+00    0.216E-01    0.252E-01    0.109E-01    0.109E-01    0.248E-02    0.248E-02    0.000E+00    0.000E+00
     9.699     0.301    0.547E+00    0.240E+00    0.240E+00    0.215E-01    0.250E-01    0.108E-01    0.108E-01    0.245E-02    0.245E-02    0.000E+00    0.000E+00
     9.699     0.302    0.546E+00    0.239E+00    0.238E+00    0.213E-01    0.248E-01    0.107E-01    0.107E-01    0.242E-02    0.242E-02    0.000E+00    0.000E+00
     9.699     0.303    0.545E+00    0.238E+00    0.236E+00    0.212E-01    0.245E-01    0.106E-01    0.106E-01    0.240E-02    0.240E-02    0.000E+00    0.000E+00
     9.699     0.304    0.543E+00    0.237E+00    0.233E+00    0.210E-01    0.243E-01    0.105E-01    0.105E-01    0.237E-02    0.237E-02    0.000E+00    0.000E+00
     9.699     0.305    0.542E+00    0.236E+00    0.231E+00    0.209E-01    0.241E-01    0.104E-01    0.104E-01    0.234E-02    0.234E-02    0.000E+00    0.000E+00
     9.699     0.306    0.541E+00    0.235E+00    0.229E+00    0.207E-01    0.239E-01    0.103E-01    0.103E-01    0.231E-02    0.231E-02    0.000E+00    0.000E+00
     9.699     0.307    0.540E+00    0.234E+00    0.227E+00    0.206E-01    0.237E-01    0.102E-01    0.102E-01    0.229E-02    0.229E-02    0.000E+00    0.000E+00
     9.699     0.308    0.539E+00    0.234E+00    0.225E+00    0.204E-01    0.235E-01    0.101E-01    0.101E-01    0.226E-02    0.226E-02    0.000E+00    0.000E+00
     9.699     0.309    0.538E+00    0.233E+00    0.223E+00    0.203E-01    0.233E-01    0.100E-01    0.100E-01    0.223E-02    0.223E-02    0.000E+00    0.000E+00
     9.699     0.310    0.537E+00    0.232E+00    0.220E+00    0.201E-01    0.230E-01    0.996E-02    0.996E-02    0.221E-02    0.221E-02    0.000E+00    0.000E+00
     9.699     0.311    0.536E+00    0.231E+00    0.218E+00    0.200E-01    0.228E-01    0.987E-02    0.987E-02    0.218E-02    0.218E-02    0.000E+00    0.000E+00
     9.699     0.312    0.535E+00    0.230E+00    0.216E+00    0.198E-01    0.226E-01    0.979E-02    0.979E-02    0.216E-02    0.216E-02    0.000E+00    0.000E+00
     9.699     0.313    0.533E+00    0.229E+00    0.214E+00    0.197E-01    0.224E-01    0.970E-02    0.970E-02    0.213E-02    0.213E-02    0.000E+00    0.000E+00
     9.699     0.314    0.532E+00    0.228E+00    0.212E+00    0.196E-01    0.222E-01    0.962E-02    0.962E-02    0.211E-02    0.211E-02    0.000E+00    0.000E+00
     9.699     0.315    0.531E+00    0.227E+00    0.210E+00    0.194E-01    0.220E-01    0.954E-02    0.954E-02    0.208E-02    0.208E-02    0.000E+00    0.000E+00
     9.699     0.316    0.530E+00    0.226E+00    0.208E+00    0.193E-01    0.218E-01    0.945E-02    0.945E-02    0.206E-02    0.206E-02    0.000E+00    0.000E+00
     9.699     0.317    0.529E+00    0.225E+00    0.206E+00    0.191E-01    0.216E-01    0.937E-02    0.937E-02    0.203E-02    0.203E-02    0.000E+00    0.000E+00
     9.699     0.318    0.528E+00    0.224E+00    0.204E+00    0.190E-01    0.214E-01    0.929E-02    0.929E-02    0.201E-02    0.201E-02    0.000E+00    0.000E+00
     9.699     0.319    0.527E+00    0.224E+00    0.202E+00    0.189E-01    0.212E-01    0.921E-02    0.921E-02    0.198E-02    0.198E-02    0.000E+00    0.000E+00
     9.699     0.320    0.525E+00    0.223E+00    0.200E+00    0.187E-01    0.210E-01    0.913E-02    0.913E-02    0.196E-02    0.196E-02    0.000E+00    0.000E+00
     9.699     0.321    0.524E+00    0.222E+00    0.198E+00    0.186E-01    0.209E-01    0.905E-02    0.905E-02    0.194E-02    0.194E-02    0.000E+00    0.000E+00
     9.699     0.322    0.523E+00    0.221E+00    0.196E+00    0.184E-01    0.207E-01    0.897E-02    0.897E-02    0.191E-02    0.191E-02    0.000E+00    0.000E+00
     9.699     0.323    0.522E+00    0.220E+00    0.195E+00    0.183E-01    0.205E-01    0.889E-02    0.889E-02    0.189E-02    0.189E-02    0.000E+00    0.000E+00
     9.699     0.324    0.521E+00    0.219E+00    0.193E+00    0.182E-01    0.203E-01    0.881E-02    0.881E-02    0.187E-02    0.187E-02    0.000E+00    0.000E+00
     9.699     0.325    0.520E+00    0.218E+00    0.191E+00    0.180E-01    0.201E-01    0.873E-02    0.873E-02    0.185E-02    0.185E-02    0.000E+00    0.000E+00
     9.699     0.326    0.518E+00    0.217E+00    0.189E+00    0.179E-01    0.199E-01    0.866E-02    0.866E-02    0.182E-02    0.182E-02    0.000E+00    0.000E+00
     9.699     0.327    0.517E+00    0.216E+00    0.187E+00    0.178E-01    0.197E-01    0.858E-02    0.858E-02    0.180E-02    0.180E-02    0.000E+00    0.000E+00
     9.699     0.328    0.516E+00    0.215E+00    0.185E+00    0.176E-01    0.196E-01    0.851E-02    0.851E-02    0.178E-02    0.178E-02    0.000E+00    0.000E+00
     9.699     0.329    0.515E+00    0.215E+00    0.184E+00    0.175E-01    0.194E-01    0.843E-02    0.843E-02    0.176E-02    0.176E-02    0.000E+00    0.000E+00
     9.699     0.330    0.513E+00    0.214E+00    0.182E+00    0.174E-01    0.192E-01    0.836E-02    0.836E-02    0.174E-02    0.174E-02    0.000E+00    0.000E+00
     9.699     0.331    0.512E+00    0.213E+00    0.180E+00    0.172E-01    0.190E-01    0.828E-02    0.828E-02    0.172E-02    0.172E-02    0.000E+00    0.000E+00
     9.699     0.332    0.511E+00    0.212E+00    0.178E+00    0.171E-01    0.189E-01    0.821E-02    0.821E-02    0.170E-02    0.170E-02    0.000E+00    0.000E+00
     9.699     0.333    0.510E+00    0.211E+00    0.176E+00    0.170E-01    0.187E-01    0.814E-02    0.814E-02    0.168E-02    0.168E-02    0.000E+00    0.000E+00
     9.699     0.334    0.509E+00    0.210E+00    0.175E+00    0.168E-01    0.185E-01    0.807E-02    0.807E-02    0.166E-02    0.166E-02    0.000E+00    0.000E+00
     9.699     0.335    0.507E+00    0.209E+00    0.173E+00    0.167E-01    0.184E-01    0.799E-02    0.799E-02    0.164E-02    0.164E-02    0.000E+00    0.000E+00
     9.699     0.336    0.506E+00    0.208E+00    0.171E+00    0.166E-01    0.182E-01    0.792E-02    0.792E-02    0.162E-02    0.162E-02    0.000E+00    0.000E+00
     9.699     0.337    0.505E+00    0.207E+00    0.170E+00    0.165E-01    0.180E-01    0.785E-02    0.785E-02    0.160E-02    0.160E-02    0.000E+00    0.000E+00
     9.699     0.338    0.504E+00    0.206E+00    0.168E+00    0.163E-01    0.179E-01    0.778E-02    0.778E-02    0.158E-02    0.158E-02    0.000E+00    0.000E+00
     9.699     0.339    0.502E+00    0.206E+00    0.166E+00    0.162E-01    0.177E-01    0.771E-02    0.771E-02    0.156E-02    0.156E-02    0.000E+00    0.000E+00
     9.699     0.340    0.501E+00    0.205E+00    0.165E+00    0.161E-01    0.175E-01    0.765E-02    0.765E-02    0.154E-02    0.154E-02    0.000E+00    0.000E+00
     9.699     0.341    0.500E+00    0.204E+00    0.163E+00    0.159E-01    0.174E-01    0.758E-02    0.758E-02    0.152E-02    0.152E-02    0.000E+00    0.000E+00
     9.699     0.342    0.499E+00    0.203E+00    0.161E+00    0.158E-01    0.172E-01    0.751E-02    0.751E-02    0.150E-02    0.150E-02    0.000E+00    0.000E+00
     9.699     0.343    0.497E+00    0.202E+00    0.160E+00    0.157E-01    0.171E-01    0.744E-02    0.744E-02    0.148E-02    0.148E-02    0.000E+00    0.000E+00
     9.699     0.344    0.496E+00    0.201E+00    0.158E+00    0.156E-01    0.169E-01    0.738E-02    0.738E-02    0.147E-02    0.147E-02    0.000E+00    0.000E+00
     9.699     0.345    0.495E+00    0.200E+00    0.157E+00    0.155E-01    0.168E-01    0.731E-02    0.731E-02    0.145E-02    0.145E-02    0.000E+00    0.000E+00
     9.699     0.346    0.493E+00    0.199E+00    0.155E+00    0.153E-01    0.166E-01    0.724E-02    0.724E-02    0.143E-02    0.143E-02    0.000E+00    0.000E+00
     9.699     0.347    0.492E+00    0.198E+00    0.154E+00    0.152E-01    0.164E-01    0.718E-02    0.718E-02    0.141E-02    0.141E-02    0.000E+00    0.000E+00
     9.699     0.348    0.491E+00    0.197E+00    0.152E+00    0.151E-01    0.163E-01    0.712E-02    0.712E-02    0.139E-02    0.139E-02    0.000E+00    0.000E+00
     9.699     0.349    0.490E+00    0.197E+00    0.151E+00    0.150E-01    0.161E-01    0.705E-02    0.705E-02    0.138E-02    0.138E-02    0.000E+00    0.000E+00
     9.699     0.350    0.488E+00    0.196E+00    0.149E+00    0.149E-01    0.160E-01    0.699E-02    0.699E-02    0.136E-02    0.136E-02    0.000E+00    0.000E+00
     9.699     0.351    0.487E+00    0.195E+00    0.148E+00    0.147E-01    0.159E-01    0.693E-02    0.693E-02    0.134E-02    0.134E-02    0.000E+00    0.000E+00
     9.699     0.352    0.486E+00    0.194E+00    0.146E+00    0.146E-01    0.157E-01    0.686E-02    0.686E-02    0.133E-02    0.133E-02    0.000E+00    0.000E+00
     9.699     0.353    0.484E+00    0.193E+00    0.145E+00    0.145E-01    0.156E-01    0.680E-02    0.680E-02    0.131E-02    0.131E-02    0.000E+00    0.000E+00
     9.699     0.354    0.483E+00    0.192E+00    0.143E+00    0.144E-01    0.154E-01    0.674E-02    0.674E-02    0.129E-02    0.129E-02    0.000E+00    0.000E+00
     9.699     0.355    0.482E+00    0.191E+00    0.142E+00    0.143E-01    0.153E-01    0.668E-02    0.668E-02    0.128E-02    0.128E-02    0.000E+00    0.000E+00
     9.699     0.356    0.480E+00    0.190E+00    0.140E+00    0.142E-01    0.151E-01    0.662E-02    0.662E-02    0.126E-02    0.126E-02    0.000E+00    0.000E+00
     9.699     0.357    0.479E+00    0.190E+00    0.139E+00    0.140E-01    0.150E-01    0.656E-02    0.656E-02    0.125E-02    0.125E-02    0.000E+00    0.000E+00
     9.699     0.358    0.478E+00    0.189E+00    0.137E+00    0.139E-01    0.149E-01    0.650E-02    0.650E-02    0.123E-02    0.123E-02    0.000E+00    0.000E+00
     9.699     0.359    0.476E+00    0.188E+00    0.136E+00    0.138E-01    0.147E-01    0.644E-02    0.644E-02    0.122E-02    0.122E-02    0.000E+00    0.000E+00
     9.699     0.360    0.475E+00    0.187E+00    0.135E+00    0.137E-01    0.146E-01    0.638E-02    0.638E-02    0.120E-02    0.120E-02    0.000E+00    0.000E+00
     9.699     0.361    0.474E+00    0.186E+00    0.133E+00    0.136E-01    0.145E-01    0.632E-02    0.632E-02    0.119E-02    0.119E-02    0.000E+00    0.000E+00
     9.699     0.362    0.473E+00    0.185E+00    0.132E+00    0.135E-01    0.143E-01    0.626E-02    0.626E-02    0.117E-02    0.117E-02    0.000E+00    0.000E+00
     9.699     0.363    0.471E+00    0.184E+00    0.131E+00    0.134E-01    0.142E-01    0.621E-02    0.621E-02    0.116E-02    0.116E-02    0.000E+00    0.000E+00
     9.699     0.364    0.470E+00    0.183E+00    0.129E+00    0.133E-01    0.141E-01    0.615E-02    0.615E-02    0.114E-02    0.114E-02    0.000E+00    0.000E+00
     9.699     0.365    0.468E+00    0.183E+00    0.128E+00    0.132E-01    0.139E-01    0.609E-02    0.609E-02    0.113E-02    0.113E-02    0.000E+00    0.000E+00
     9.699     0.366    0.467E+00    0.182E+00    0.127E+00    0.130E-01    0.138E-01    0.604E-02    0.604E-02    0.111E-02    0.111E-02    0.000E+00    0.000E+00
     9.699     0.367    0.466E+00    0.181E+00    0.125E+00    0.129E-01    0.137E-01    0.598E-02    0.598E-02    0.110E-02    0.110E-02    0.000E+00    0.000E+00
     9.699     0.368    0.464E+00    0.180E+00    0.124E+00    0.128E-01    0.135E-01    0.593E-02    0.593E-02    0.109E-02    0.109E-02    0.000E+00    0.000E+00
     9.699     0.369    0.463E+00    0.179E+00    0.123E+00    0.127E-01    0.134E-01    0.587E-02    0.587E-02    0.107E-02    0.107E-02    0.000E+00    0.000E+00
     9.699     0.370    0.462E+00    0.178E+00    0.121E+00    0.126E-01    0.133E-01    0.582E-02    0.582E-02    0.106E-02    0.106E-02    0.000E+00    0.000E+00
     9.699     0.371    0.460E+00    0.177E+00    0.120E+00    0.125E-01    0.132E-01    0.577E-02    0.577E-02    0.105E-02    0.105E-02    0.000E+00    0.000E+00
     9.699     0.372    0.459E+00    0.176E+00    0.119E+00    0.124E-01    0.131E-01    0.571E-02    0.571E-02    0.103E-02    0.103E-02    0.000E+00    0.000E+00
     9.699     0.373    0.458E+00    0.176E+00    0.118E+00    0.123E-01    0.129E-01    0.566E-02    0.566E-02    0.102E-02    0.102E-02    0.000E+00    0.000E+00
     9.699     0.374    0.456E+00    0.175E+00    0.117E+00    0.122E-01    0.128E-01    0.561E-02    0.561E-02    0.101E-02    0.101E-02    0.000E+00    0.000E+00
     9.699     0.375    0.455E+00    0.174E+00    0.115E+00    0.121E-01    0.127E-01    0.556E-02    0.556E-02    0.993E-03    0.993E-03    0.000E+00    0.000E+00
     9.699     0.376    0.454E+00    0.173E+00    0.114E+00    0.120E-01    0.126E-01    0.550E-02    0.550E-02    0.980E-03    0.980E-03    0.000E+00    0.000E+00
     9.699     0.377    0.452E+00    0.172E+00    0.113E+00    0.119E-01    0.125E-01    0.545E-02    0.545E-02    0.968E-03    0.968E-03    0.000E+00    0.000E+00
     9.699     0.378    0.451E+00    0.171E+00    0.112E+00    0.118E-01    0.123E-01    0.540E-02    0.540E-02    0.955E-03    0.955E-03    0.000E+00    0.000E+00
     9.699     0.379    0.449E+00    0.170E+00    0.111E+00    0.117E-01    0.122E-01    0.535E-02    0.535E-02    0.943E-03    0.943E-03    0.000E+00    0.000E+00
     9.699     0.380    0.448E+00    0.170E+00    0.109E+00    0.116E-01    0.121E-01    0.530E-02    0.530E-02    0.931E-03    0.931E-03    0.000E+00    0.000E+00
     9.699     0.381    0.447E+00    0.169E+00    0.108E+00    0.115E-01    0.120E-01    0.525E-02    0.525E-02    0.919E-03    0.919E-03    0.000E+00    0.000E+00
     9.699     0.382    0.445E+00    0.168E+00    0.107E+00    0.114E-01    0.119E-01    0.520E-02    0.520E-02    0.907E-03    0.907E-03    0.000E+00    0.000E+00
     9.699     0.383    0.444E+00    0.167E+00    0.106E+00    0.113E-01    0.118E-01    0.515E-02    0.515E-02    0.895E-03    0.895E-03    0.000E+00    0.000E+00
     9.699     0.384    0.442E+00    0.166E+00    0.105E+00    0.112E-01    0.117E-01    0.511E-02    0.511E-02    0.884E-03    0.884E-03    0.000E+00    0.000E+00
     9.699     0.385    0.441E+00    0.165E+00    0.104E+00    0.111E-01    0.116E-01    0.506E-02    0.506E-02    0.873E-03    0.873E-03    0.000E+00    0.000E+00
     9.699     0.386    0.440E+00    0.164E+00    0.103E+00    0.110E-01    0.114E-01    0.501E-02    0.501E-02    0.861E-03    0.861E-03    0.000E+00    0.000E+00
     9.699     0.387    0.438E+00    0.164E+00    0.102E+00    0.109E-01    0.113E-01    0.496E-02    0.496E-02    0.850E-03    0.850E-03    0.000E+00    0.000E+00
     9.699     0.388    0.437E+00    0.163E+00    0.101E+00    0.108E-01    0.112E-01    0.492E-02    0.492E-02    0.839E-03    0.839E-03    0.000E+00    0.000E+00
     9.699     0.389    0.436E+00    0.162E+00    0.995E-01    0.107E-01    0.111E-01    0.487E-02    0.487E-02    0.828E-03    0.828E-03    0.000E+00    0.000E+00
     9.699     0.390    0.434E+00    0.161E+00    0.984E-01    0.106E-01    0.110E-01    0.482E-02    0.482E-02    0.818E-03    0.818E-03    0.000E+00    0.000E+00
     9.699     0.391    0.433E+00    0.160E+00    0.974E-01    0.105E-01    0.109E-01    0.478E-02    0.478E-02    0.807E-03    0.807E-03    0.000E+00    0.000E+00
     9.699     0.392    0.431E+00    0.159E+00    0.963E-01    0.105E-01    0.108E-01    0.473E-02    0.473E-02    0.796E-03    0.796E-03    0.000E+00    0.000E+00
     9.699     0.393    0.430E+00    0.159E+00    0.953E-01    0.104E-01    0.107E-01    0.469E-02    0.469E-02    0.786E-03    0.786E-03    0.000E+00    0.000E+00
     9.699     0.394    0.429E+00    0.158E+00    0.943E-01    0.103E-01    0.106E-01    0.464E-02    0.464E-02    0.776E-03    0.776E-03    0.000E+00    0.000E+00
     9.699     0.395    0.427E+00    0.157E+00    0.933E-01    0.102E-01    0.105E-01    0.460E-02    0.460E-02    0.766E-03    0.766E-03    0.000E+00    0.000E+00
     9.699     0.396    0.426E+00    0.156E+00    0.923E-01    0.101E-01    0.104E-01    0.455E-02    0.455E-02    0.755E-03    0.755E-03    0.000E+00    0.000E+00
     9.699     0.397    0.424E+00    0.155E+00    0.913E-01    0.100E-01    0.103E-01    0.451E-02    0.451E-02    0.746E-03    0.746E-03    0.000E+00    0.000E+00
     9.699     0.398    0.423E+00    0.154E+00    0.903E-01    0.992E-02    0.102E-01    0.447E-02    0.447E-02    0.736E-03    0.736E-03    0.000E+00    0.000E+00
     9.699     0.399    0.421E+00    0.153E+00    0.893E-01    0.983E-02    0.101E-01    0.443E-02    0.443E-02    0.726E-03    0.726E-03    0.000E+00    0.000E+00
     9.699     0.400    0.420E+00    0.153E+00    0.884E-01    0.974E-02    0.100E-01    0.438E-02    0.438E-02    0.716E-03    0.716E-03    0.000E+00    0.000E+00
     9.699     0.401    0.419E+00    0.152E+00    0.874E-01    0.965E-02    0.993E-02    0.434E-02    0.434E-02    0.707E-03    0.707E-03    0.000E+00    0.000E+00
     9.699     0.402    0.417E+00    0.151E+00    0.865E-01    0.957E-02    0.983E-02    0.430E-02    0.430E-02    0.698E-03    0.698E-03    0.000E+00    0.000E+00
     9.699     0.403    0.416E+00    0.150E+00    0.855E-01    0.948E-02    0.974E-02    0.426E-02    0.426E-02    0.688E-03    0.688E-03    0.000E+00    0.000E+00
     9.699     0.404    0.414E+00    0.149E+00    0.846E-01    0.940E-02    0.965E-02    0.422E-02    0.422E-02    0.679E-03    0.679E-03    0.000E+00    0.000E+00
     9.699     0.405    0.413E+00    0.149E+00    0.837E-01    0.931E-02    0.956E-02    0.418E-02    0.418E-02    0.670E-03    0.670E-03    0.000E+00    0.000E+00
     9.699     0.406    0.412E+00    0.148E+00    0.828E-01    0.923E-02    0.946E-02    0.414E-02    0.414E-02    0.661E-03    0.661E-03    0.000E+00    0.000E+00
     9.699     0.407    0.410E+00    0.147E+00    0.819E-01    0.915E-02    0.937E-02    0.410E-02    0.410E-02    0.652E-03    0.652E-03    0.000E+00    0.000E+00
     9.699     0.408    0.409E+00    0.146E+00    0.810E-01    0.906E-02    0.928E-02    0.406E-02    0.406E-02    0.644E-03    0.644E-03    0.000E+00    0.000E+00
     9.699     0.409    0.407E+00    0.145E+00    0.801E-01    0.898E-02    0.920E-02    0.402E-02    0.402E-02    0.635E-03    0.635E-03    0.000E+00    0.000E+00
     9.699     0.410    0.406E+00    0.144E+00    0.792E-01    0.890E-02    0.911E-02    0.398E-02    0.398E-02    0.627E-03    0.627E-03    0.000E+00    0.000E+00
     9.699     0.411    0.404E+00    0.144E+00    0.784E-01    0.882E-02    0.902E-02    0.394E-02    0.394E-02    0.618E-03    0.618E-03    0.000E+00    0.000E+00
     9.699     0.412    0.403E+00    0.143E+00    0.775E-01    0.874E-02    0.893E-02    0.390E-02    0.390E-02    0.610E-03    0.610E-03    0.000E+00    0.000E+00
     9.699     0.413    0.402E+00    0.142E+00    0.767E-01    0.866E-02    0.885E-02    0.386E-02    0.386E-02    0.602E-03    0.602E-03    0.000E+00    0.000E+00
     9.699     0.414    0.400E+00    0.141E+00    0.758E-01    0.858E-02    0.876E-02    0.382E-02    0.382E-02    0.594E-03    0.594E-03    0.000E+00    0.000E+00
     9.699     0.415    0.399E+00    0.140E+00    0.750E-01    0.850E-02    0.868E-02    0.379E-02    0.379E-02    0.586E-03    0.586E-03    0.000E+00    0.000E+00
     9.699     0.416    0.397E+00    0.140E+00    0.742E-01    0.842E-02    0.859E-02    0.375E-02    0.375E-02    0.578E-03    0.578E-03    0.000E+00    0.000E+00
     9.699     0.417    0.396E+00    0.139E+00    0.733E-01    0.834E-02    0.851E-02    0.371E-02    0.371E-02    0.570E-03    0.570E-03    0.000E+00    0.000E+00
     9.699     0.418    0.394E+00    0.138E+00    0.725E-01    0.827E-02    0.843E-02    0.368E-02    0.368E-02    0.562E-03    0.562E-03    0.000E+00    0.000E+00
     9.699     0.419    0.393E+00    0.137E+00    0.717E-01    0.819E-02    0.835E-02    0.364E-02    0.364E-02    0.555E-03    0.555E-03    0.000E+00    0.000E+00
     9.699     0.420    0.392E+00    0.136E+00    0.709E-01    0.811E-02    0.826E-02    0.360E-02    0.360E-02    0.547E-03    0.547E-03    0.000E+00    0.000E+00
     9.699     0.421    0.390E+00    0.136E+00    0.701E-01    0.804E-02    0.818E-02    0.357E-02    0.357E-02    0.540E-03    0.540E-03    0.000E+00    0.000E+00
     9.699     0.422    0.389E+00    0.135E+00    0.693E-01    0.796E-02    0.810E-02    0.353E-02    0.353E-02    0.532E-03    0.532E-03    0.000E+00    0.000E+00
     9.699     0.423    0.387E+00    0.134E+00    0.686E-01    0.789E-02    0.802E-02    0.350E-02    0.350E-02    0.525E-03    0.525E-03    0.000E+00    0.000E+00
     9.699     0.424    0.386E+00    0.133E+00    0.678E-01    0.781E-02    0.795E-02    0.346E-02    0.346E-02    0.518E-03    0.518E-03    0.000E+00    0.000E+00
     9.699     0.425    0.384E+00    0.132E+00    0.670E-01    0.774E-02    0.787E-02    0.343E-02    0.343E-02    0.511E-03    0.511E-03    0.000E+00    0.000E+00
     9.699     0.426    0.383E+00    0.132E+00    0.663E-01    0.767E-02    0.779E-02    0.339E-02    0.339E-02    0.504E-03    0.504E-03    0.000E+00    0.000E+00
     9.699     0.427    0.382E+00    0.131E+00    0.655E-01    0.759E-02    0.772E-02    0.336E-02    0.336E-02    0.497E-03    0.497E-03    0.000E+00    0.000E+00
     9.699     0.428    0.380E+00    0.130E+00    0.648E-01    0.752E-02    0.764E-02    0.333E-02    0.333E-02    0.490E-03    0.490E-03    0.000E+00    0.000E+00
     9.699     0.429    0.379E+00    0.129E+00    0.641E-01    0.745E-02    0.756E-02    0.329E-02    0.329E-02    0.483E-03    0.483E-03    0.000E+00    0.000E+00
     9.699     0.430    0.377E+00    0.129E+00    0.634E-01    0.738E-02    0.749E-02    0.326E-02    0.326E-02    0.477E-03    0.477E-03    0.000E+00    0.000E+00
     9.699     0.431    0.376E+00    0.128E+00    0.626E-01    0.731E-02    0.742E-02    0.323E-02    0.323E-02    0.470E-03    0.470E-03    0.000E+00    0.000E+00
     9.699     0.432    0.374E+00    0.127E+00    0.619E-01    0.724E-02    0.734E-02    0.319E-02    0.319E-02    0.464E-03    0.464E-03    0.000E+00    0.000E+00
     9.699     0.433    0.373E+00    0.126E+00    0.612E-01    0.717E-02    0.727E-02    0.316E-02    0.316E-02    0.457E-03    0.457E-03    0.000E+00    0.000E+00
     9.699     0.434    0.372E+00    0.126E+00    0.605E-01    0.710E-02    0.720E-02    0.313E-02    0.313E-02    0.451E-03    0.451E-03    0.000E+00    0.000E+00
     9.699     0.435    0.370E+00    0.125E+00    0.599E-01    0.703E-02    0.713E-02    0.310E-02    0.310E-02    0.445E-03    0.445E-03    0.000E+00    0.000E+00
     9.699     0.436    0.369E+00    0.124E+00    0.592E-01    0.697E-02    0.706E-02    0.307E-02    0.307E-02    0.438E-03    0.438E-03    0.000E+00    0.000E+00
     9.699     0.437    0.367E+00    0.123E+00    0.585E-01    0.690E-02    0.699E-02    0.304E-02    0.304E-02    0.432E-03    0.432E-03    0.000E+00    0.000E+00
     9.699     0.438    0.366E+00    0.122E+00    0.578E-01    0.683E-02    0.692E-02    0.301E-02    0.301E-02    0.426E-03    0.426E-03    0.000E+00    0.000E+00
     9.699     0.439    0.364E+00    0.122E+00    0.572E-01    0.677E-02    0.685E-02    0.297E-02    0.297E-02    0.420E-03    0.420E-03    0.000E+00    0.000E+00
     9.699     0.440    0.363E+00    0.121E+00    0.565E-01    0.670E-02    0.678E-02    0.294E-02    0.294E-02    0.414E-03    0.414E-03    0.000E+00    0.000E+00
     9.699     0.441    0.361E+00    0.120E+00    0.559E-01    0.664E-02    0.671E-02    0.291E-02    0.291E-02    0.409E-03    0.409E-03    0.000E+00    0.000E+00
     9.699     0.442    0.360E+00    0.119E+00    0.552E-01    0.657E-02    0.664E-02    0.288E-02    0.288E-02    0.403E-03    0.403E-03    0.000E+00    0.000E+00
     9.699     0.443    0.359E+00    0.119E+00    0.546E-01    0.651E-02    0.658E-02    0.285E-02    0.285E-02    0.397E-03    0.397E-03    0.000E+00    0.000E+00
     9.699     0.444    0.357E+00    0.118E+00    0.539E-01    0.644E-02    0.651E-02    0.283E-02    0.283E-02    0.392E-03    0.392E-03    0.000E+00    0.000E+00
     9.699     0.445    0.356E+00    0.117E+00    0.533E-01    0.638E-02    0.644E-02    0.280E-02    0.280E-02    0.386E-03    0.386E-03    0.000E+00    0.000E+00
     9.699     0.446    0.354E+00    0.116E+00    0.527E-01    0.632E-02    0.638E-02    0.277E-02    0.277E-02    0.381E-03    0.381E-03    0.000E+00    0.000E+00
     9.699     0.447    0.353E+00    0.116E+00    0.521E-01    0.625E-02    0.631E-02    0.274E-02    0.274E-02    0.375E-03    0.375E-03    0.000E+00    0.000E+00
     9.699     0.448    0.351E+00    0.115E+00    0.515E-01    0.619E-02    0.625E-02    0.271E-02    0.271E-02    0.370E-03    0.370E-03    0.000E+00    0.000E+00
     9.699     0.449    0.350E+00    0.114E+00    0.509E-01    0.613E-02    0.619E-02    0.268E-02    0.268E-02    0.365E-03    0.365E-03    0.000E+00    0.000E+00
     9.699     0.450    0.349E+00    0.114E+00    0.503E-01    0.607E-02    0.612E-02    0.265E-02    0.265E-02    0.359E-03    0.359E-03    0.000E+00    0.000E+00
     9.699     0.451    0.347E+00    0.113E+00    0.497E-01    0.601E-02    0.606E-02    0.263E-02    0.263E-02    0.354E-03    0.354E-03    0.000E+00    0.000E+00
     9.699     0.452    0.346E+00    0.112E+00    0.491E-01    0.595E-02    0.600E-02    0.260E-02    0.260E-02    0.349E-03    0.349E-03    0.000E+00    0.000E+00
     9.699     0.453    0.344E+00    0.111E+00    0.486E-01    0.589E-02    0.594E-02    0.257E-02    0.257E-02    0.344E-03    0.344E-03    0.000E+00    0.000E+00
     9.699     0.454    0.343E+00    0.111E+00    0.480E-01    0.583E-02    0.588E-02    0.255E-02    0.255E-02    0.339E-03    0.339E-03    0.000E+00    0.000E+00
     9.699     0.455    0.341E+00    0.110E+00    0.474E-01    0.577E-02    0.582E-02    0.252E-02    0.252E-02    0.335E-03    0.335E-03    0.000E+00    0.000E+00
     9.699     0.456    0.340E+00    0.109E+00    0.469E-01    0.571E-02    0.576E-02    0.249E-02    0.249E-02    0.330E-03    0.330E-03    0.000E+00    0.000E+00
     9.699     0.457    0.339E+00    0.108E+00    0.463E-01    0.566E-02    0.570E-02    0.247E-02    0.247E-02    0.325E-03    0.325E-03    0.000E+00    0.000E+00
     9.699     0.458    0.337E+00    0.108E+00    0.458E-01    0.560E-02    0.564E-02    0.244E-02    0.244E-02    0.320E-03    0.320E-03    0.000E+00    0.000E+00
     9.699     0.459    0.336E+00    0.107E+00    0.452E-01    0.554E-02    0.558E-02    0.241E-02    0.241E-02    0.316E-03    0.316E-03    0.000E+00    0.000E+00
     9.699     0.460    0.334E+00    0.106E+00    0.447E-01    0.549E-02    0.552E-02    0.239E-02    0.239E-02    0.311E-03    0.311E-03    0.000E+00    0.000E+00
     9.699     0.461    0.333E+00    0.106E+00    0.442E-01    0.543E-02    0.547E-02    0.236E-02    0.236E-02    0.307E-03    0.307E-03    0.000E+00    0.000E+00
     9.699     0.462    0.332E+00    0.105E+00    0.436E-01    0.537E-02    0.541E-02    0.234E-02    0.234E-02    0.302E-03    0.302E-03    0.000E+00    0.000E+00
     9.699     0.463    0.330E+00    0.104E+00    0.431E-01    0.532E-02    0.535E-02    0.231E-02    0.231E-02    0.298E-03    0.298E-03    0.000E+00    0.000E+00
     9.699     0.464    0.329E+00    0.104E+00    0.426E-01    0.527E-02    0.530E-02    0.229E-02    0.229E-02    0.293E-03    0.293E-03    0.000E+00    0.000E+00
     9.699     0.465    0.327E+00    0.103E+00    0.421E-01    0.521E-02    0.524E-02    0.226E-02    0.226E-02    0.289E-03    0.289E-03    0.000E+00    0.000E+00
     9.699     0.466    0.326E+00    0.102E+00    0.416E-01    0.516E-02    0.519E-02    0.224E-02    0.224E-02    0.285E-03    0.285E-03    0.000E+00    0.000E+00
     9.699     0.467    0.324E+00    0.101E+00    0.411E-01    0.510E-02    0.513E-02    0.222E-02    0.222E-02    0.281E-03    0.281E-03    0.000E+00    0.000E+00
     9.699     0.468    0.323E+00    0.101E+00    0.406E-01    0.505E-02    0.508E-02    0.219E-02    0.219E-02    0.277E-03    0.277E-03    0.000E+00    0.000E+00
     9.699     0.469    0.322E+00    0.100E+00    0.401E-01    0.500E-02    0.503E-02    0.217E-02    0.217E-02    0.273E-03    0.273E-03    0.000E+00    0.000E+00
     9.699     0.470    0.320E+00    0.993E-01    0.396E-01    0.495E-02    0.497E-02    0.215E-02    0.215E-02    0.269E-03    0.269E-03    0.000E+00    0.000E+00
     9.699     0.471    0.319E+00    0.987E-01    0.391E-01    0.490E-02    0.492E-02    0.212E-02    0.212E-02    0.265E-03    0.265E-03    0.000E+00    0.000E+00
     9.699     0.472    0.317E+00    0.980E-01    0.387E-01    0.484E-02    0.487E-02    0.210E-02    0.210E-02    0.261E-03    0.261E-03    0.000E+00    0.000E+00
     9.699     0.473    0.316E+00    0.973E-01    0.382E-01    0.479E-02    0.482E-02    0.208E-02    0.208E-02    0.257E-03    0.257E-03    0.000E+00    0.000E+00
     9.699     0.474    0.315E+00    0.966E-01    0.377E-01    0.474E-02    0.477E-02    0.205E-02    0.205E-02    0.253E-03    0.253E-03    0.000E+00    0.000E+00
     9.699     0.475    0.313E+00    0.959E-01    0.373E-01    0.469E-02    0.472E-02    0.203E-02    0.203E-02    0.249E-03    0.249E-03    0.000E+00    0.000E+00
     9.699     0.476    0.312E+00    0.953E-01    0.368E-01    0.464E-02    0.466E-02    0.201E-02    0.201E-02    0.246E-03    0.246E-03    0.000E+00    0.000E+00
     9.699     0.477    0.310E+00    0.946E-01    0.364E-01    0.459E-02    0.462E-02    0.199E-02    0.199E-02    0.242E-03    0.242E-03    0.000E+00    0.000E+00
     9.699     0.478    0.309E+00    0.939E-01    0.359E-01    0.455E-02    0.457E-02    0.197E-02    0.197E-02    0.238E-03    0.238E-03    0.000E+00    0.000E+00
     9.699     0.479    0.308E+00    0.933E-01    0.355E-01    0.450E-02    0.452E-02    0.194E-02    0.194E-02    0.235E-03    0.235E-03    0.000E+00    0.000E+00
     9.699     0.480    0.306E+00    0.926E-01    0.351E-01    0.445E-02    0.447E-02    0.192E-02    0.192E-02    0.231E-03    0.231E-03    0.000E+00    0.000E+00
     9.699     0.481    0.305E+00    0.919E-01    0.346E-01    0.440E-02    0.442E-02    0.190E-02    0.190E-02    0.228E-03    0.228E-03    0.000E+00    0.000E+00
     9.699     0.482    0.303E+00    0.913E-01    0.342E-01    0.435E-02    0.437E-02    0.188E-02    0.188E-02    0.224E-03    0.224E-03    0.000E+00    0.000E+00
     9.699     0.483    0.302E+00    0.906E-01    0.338E-01    0.431E-02    0.432E-02    0.186E-02    0.186E-02    0.221E-03    0.221E-03    0.000E+00    0.000E+00
     9.699     0.484    0.301E+00    0.900E-01    0.334E-01    0.426E-02    0.428E-02    0.184E-02    0.184E-02    0.218E-03    0.218E-03    0.000E+00    0.000E+00
     9.699     0.485    0.299E+00    0.893E-01    0.330E-01    0.422E-02    0.423E-02    0.182E-02    0.182E-02    0.214E-03    0.214E-03    0.000E+00    0.000E+00
     9.699     0.486    0.298E+00    0.887E-01    0.326E-01    0.417E-02    0.418E-02    0.180E-02    0.180E-02    0.211E-03    0.211E-03    0.000E+00    0.000E+00
     9.699     0.487    0.296E+00    0.880E-01    0.322E-01    0.413E-02    0.414E-02    0.178E-02    0.178E-02    0.208E-03    0.208E-03    0.000E+00    0.000E+00
     9.699     0.488    0.295E+00    0.874E-01    0.318E-01    0.408E-02    0.409E-02    0.176E-02    0.176E-02    0.205E-03    0.205E-03    0.000E+00    0.000E+00
     9.699     0.489    0.294E+00    0.868E-01    0.314E-01    0.404E-02    0.405E-02    0.174E-02    0.174E-02    0.202E-03    0.202E-03    0.000E+00    0.000E+00
     9.699     0.490    0.292E+00    0.861E-01    0.310E-01    0.399E-02    0.400E-02    0.172E-02    0.172E-02    0.199E-03    0.199E-03    0.000E+00    0.000E+00
     9.699     0.491    0.291E+00    0.855E-01    0.306E-01    0.395E-02    0.396E-02    0.170E-02    0.170E-02    0.196E-03    0.196E-03    0.000E+00    0.000E+00
     9.699     0.492    0.289E+00    0.849E-01    0.302E-01    0.390E-02    0.392E-02    0.168E-02    0.168E-02    0.193E-03    0.193E-03    0.000E+00    0.000E+00
     9.699     0.493    0.288E+00    0.842E-01    0.298E-01    0.386E-02    0.387E-02    0.166E-02    0.166E-02    0.190E-03    0.190E-03    0.000E+00    0.000E+00
     9.699     0.494    0.287E+00    0.836E-01    0.294E-01    0.382E-02    0.383E-02    0.164E-02    0.164E-02    0.187E-03    0.187E-03    0.000E+00    0.000E+00
     9.699     0.495    0.285E+00    0.830E-01    0.291E-01    0.378E-02    0.379E-02    0.162E-02    0.162E-02    0.184E-03    0.184E-03    0.000E+00    0.000E+00
     9.699     0.496    0.284E+00    0.824E-01    0.287E-01    0.374E-02    0.374E-02    0.160E-02    0.160E-02    0.181E-03    0.181E-03    0.000E+00    0.000E+00
     9.699     0.497    0.283E+00    0.817E-01    0.284E-01    0.369E-02    0.370E-02    0.159E-02    0.159E-02    0.178E-03    0.178E-03    0.000E+00    0.000E+00
     9.699     0.498    0.281E+00    0.811E-01    0.280E-01    0.365E-02    0.366E-02    0.157E-02    0.157E-02    0.176E-03    0.176E-03    0.000E+00    0.000E+00
     9.699     0.499    0.280E+00    0.805E-01    0.276E-01    0.361E-02    0.362E-02    0.155E-02    0.155E-02    0.173E-03    0.173E-03    0.000E+00    0.000E+00
     9.699     0.500    0.278E+00    0.799E-01    0.273E-01    0.357E-02    0.358E-02    0.153E-02    0.153E-02    0.170E-03    0.170E-03    0.000E+00    0.000E+00
     9.699     0.501    0.277E+00    0.793E-01    0.269E-01    0.353E-02    0.354E-02    0.151E-02    0.151E-02    0.168E-03    0.168E-03    0.000E+00    0.000E+00
     9.699     0.502    0.276E+00    0.787E-01    0.266E-01    0.349E-02    0.350E-02    0.150E-02    0.150E-02    0.165E-03    0.165E-03    0.000E+00    0.000E+00
     9.699     0.503    0.274E+00    0.781E-01    0.263E-01    0.345E-02    0.346E-02    0.148E-02    0.148E-02    0.162E-03    0.162E-03    0.000E+00    0.000E+00
     9.699     0.504    0.273E+00    0.775E-01    0.259E-01    0.341E-02    0.342E-02    0.146E-02    0.146E-02    0.160E-03    0.160E-03    0.000E+00    0.000E+00
     9.699     0.505    0.272E+00    0.769E-01    0.256E-01    0.337E-02    0.338E-02    0.145E-02    0.145E-02    0.157E-03    0.157E-03    0.000E+00    0.000E+00
     9.699     0.506    0.270E+00    0.763E-01    0.253E-01    0.334E-02    0.334E-02    0.143E-02    0.143E-02    0.155E-03    0.155E-03    0.000E+00    0.000E+00
     9.699     0.507    0.269E+00    0.757E-01    0.249E-01    0.330E-02    0.330E-02    0.141E-02    0.141E-02    0.152E-03    0.152E-03    0.000E+00    0.000E+00
     9.699     0.508    0.268E+00    0.751E-01    0.246E-01    0.326E-02    0.327E-02    0.140E-02    0.140E-02    0.150E-03    0.150E-03    0.000E+00    0.000E+00
     9.699     0.509    0.266E+00    0.745E-01    0.243E-01    0.322E-02    0.323E-02    0.138E-02    0.138E-02    0.148E-03    0.148E-03    0.000E+00    0.000E+00
     9.699     0.510    0.265E+00    0.739E-01    0.240E-01    0.319E-02    0.319E-02    0.136E-02    0.136E-02    0.145E-03    0.145E-03    0.000E+00    0.000E+00
     9.699     0.511    0.264E+00    0.733E-01    0.237E-01    0.315E-02    0.315E-02    0.135E-02    0.135E-02    0.143E-03    0.143E-03    0.000E+00    0.000E+00
     9.699     0.512    0.262E+00    0.728E-01    0.234E-01    0.311E-02    0.312E-02    0.133E-02    0.133E-02    0.141E-03    0.141E-03    0.000E+00    0.000E+00
     9.699     0.513    0.261E+00    0.722E-01    0.231E-01    0.308E-02    0.308E-02    0.131E-02    0.131E-02    0.139E-03    0.139E-03    0.000E+00    0.000E+00
     9.699     0.514    0.260E+00    0.716E-01    0.228E-01    0.304E-02    0.305E-02    0.130E-02    0.130E-02    0.136E-03    0.136E-03    0.000E+00    0.000E+00
     9.699     0.515    0.258E+00    0.710E-01    0.225E-01    0.301E-02    0.301E-02    0.128E-02    0.128E-02    0.134E-03    0.134E-03    0.000E+00    0.000E+00
     9.699     0.516    0.257E+00    0.705E-01    0.222E-01    0.297E-02    0.297E-02    0.127E-02    0.127E-02    0.132E-03    0.132E-03    0.000E+00    0.000E+00
     9.699     0.517    0.256E+00    0.699E-01    0.219E-01    0.294E-02    0.294E-02    0.125E-02    0.125E-02    0.130E-03    0.130E-03    0.000E+00    0.000E+00
     9.699     0.518    0.254E+00    0.693E-01    0.216E-01    0.290E-02    0.291E-02    0.124E-02    0.124E-02    0.128E-03    0.128E-03    0.000E+00    0.000E+00
     9.699     0.519    0.253E+00    0.688E-01    0.213E-01    0.287E-02    0.287E-02    0.122E-02    0.122E-02    0.126E-03    0.126E-03    0.000E+00    0.000E+00
     9.699     0.520    0.252E+00    0.682E-01    0.210E-01    0.283E-02    0.284E-02    0.121E-02    0.121E-02    0.124E-03    0.124E-03    0.000E+00    0.000E+00
     9.699     0.521    0.250E+00    0.677E-01    0.208E-01    0.280E-02    0.280E-02    0.119E-02    0.119E-02    0.122E-03    0.122E-03    0.000E+00    0.000E+00
     9.699     0.522    0.249E+00    0.671E-01    0.205E-01    0.277E-02    0.277E-02    0.118E-02    0.118E-02    0.120E-03    0.120E-03    0.000E+00    0.000E+00
     9.699     0.523    0.248E+00    0.666E-01    0.202E-01    0.273E-02    0.274E-02    0.116E-02    0.116E-02    0.118E-03    0.118E-03    0.000E+00    0.000E+00
     9.699     0.524    0.246E+00    0.660E-01    0.200E-01    0.270E-02    0.270E-02    0.115E-02    0.115E-02    0.116E-03    0.116E-03    0.000E+00    0.000E+00
     9.699     0.525    0.245E+00    0.655E-01    0.197E-01    0.267E-02    0.267E-02    0.114E-02    0.114E-02    0.114E-03    0.114E-03    0.000E+00    0.000E+00
     9.699     0.526    0.244E+00    0.649E-01    0.194E-01    0.264E-02    0.264E-02    0.112E-02    0.112E-02    0.112E-03    0.112E-03    0.000E+00    0.000E+00
     9.699     0.527    0.242E+00    0.644E-01    0.192E-01    0.261E-02    0.261E-02    0.111E-02    0.111E-02    0.111E-03    0.111E-03    0.000E+00    0.000E+00
     9.699     0.528    0.241E+00    0.638E-01    0.189E-01    0.257E-02    0.258E-02    0.110E-02    0.110E-02    0.109E-03    0.109E-03    0.000E+00    0.000E+00
     9.699     0.529    0.240E+00    0.633E-01    0.187E-01    0.254E-02    0.254E-02    0.108E-02    0.108E-02    0.107E-03    0.107E-03    0.000E+00    0.000E+00
     9.699     0.530    0.239E+00    0.628E-01    0.184E-01    0.251E-02    0.251E-02    0.107E-02    0.107E-02    0.105E-03    0.105E-03    0.000E+00    0.000E+00
     9.699     0.531    0.237E+00    0.623E-01    0.182E-01    0.248E-02    0.248E-02    0.105E-02    0.105E-02    0.103E-03    0.103E-03    0.000E+00    0.000E+00
     9.699     0.532    0.236E+00    0.617E-01    0.179E-01    0.245E-02    0.245E-02    0.104E-02    0.104E-02    0.102E-03    0.102E-03    0.000E+00    0.000E+00
     9.699     0.533    0.235E+00    0.612E-01    0.177E-01    0.242E-02    0.242E-02    0.103E-02    0.103E-02    0.100E-03    0.100E-03    0.000E+00    0.000E+00
     9.699     0.534    0.233E+00    0.607E-01    0.174E-01    0.239E-02    0.239E-02    0.102E-02    0.102E-02    0.985E-04    0.985E-04    0.000E+00    0.000E+00
     9.699     0.535    0.232E+00    0.602E-01    0.172E-01    0.236E-02    0.236E-02    0.100E-02    0.100E-02    0.968E-04    0.968E-04    0.000E+00    0.000E+00
     9.699     0.536    0.231E+00    0.597E-01    0.170E-01    0.233E-02    0.233E-02    0.990E-03    0.990E-03    0.952E-04    0.952E-04    0.000E+00    0.000E+00
     9.699     0.537    0.230E+00    0.591E-01    0.167E-01    0.230E-02    0.231E-02    0.978E-03    0.978E-03    0.937E-04    0.937E-04    0.000E+00    0.000E+00
     9.699     0.538    0.228E+00    0.586E-01    0.165E-01    0.227E-02    0.228E-02    0.966E-03    0.966E-03    0.921E-04    0.921E-04    0.000E+00    0.000E+00
     9.699     0.539    0.227E+00    0.581E-01    0.163E-01    0.225E-02    0.225E-02    0.953E-03    0.953E-03    0.906E-04    0.906E-04    0.000E+00    0.000E+00
     9.699     0.540    0.226E+00    0.576E-01    0.161E-01    0.222E-02    0.222E-02    0.941E-03    0.941E-03    0.891E-04    0.891E-04    0.000E+00    0.000E+00
     9.699     0.541    0.225E+00    0.571E-01    0.159E-01    0.219E-02    0.219E-02    0.929E-03    0.929E-03    0.876E-04    0.876E-04    0.000E+00    0.000E+00
     9.699     0.542    0.223E+00    0.566E-01    0.156E-01    0.216E-02    0.216E-02    0.917E-03    0.917E-03    0.862E-04    0.862E-04    0.000E+00    0.000E+00
     9.699     0.543    0.222E+00    0.561E-01    0.154E-01    0.214E-02    0.214E-02    0.905E-03    0.905E-03    0.847E-04    0.847E-04    0.000E+00    0.000E+00
     9.699     0.544    0.221E+00    0.556E-01    0.152E-01    0.211E-02    0.211E-02    0.894E-03    0.894E-03    0.833E-04    0.833E-04    0.000E+00    0.000E+00
     9.699     0.545    0.219E+00    0.551E-01    0.150E-01    0.208E-02    0.208E-02    0.882E-03    0.882E-03    0.819E-04    0.819E-04    0.000E+00    0.000E+00
     9.699     0.546    0.218E+00    0.546E-01    0.148E-01    0.206E-02    0.206E-02    0.871E-03    0.871E-03    0.805E-04    0.805E-04    0.000E+00    0.000E+00
     9.699     0.547    0.217E+00    0.542E-01    0.146E-01    0.203E-02    0.203E-02    0.859E-03    0.859E-03    0.791E-04    0.791E-04    0.000E+00    0.000E+00
     9.699     0.548    0.216E+00    0.537E-01    0.144E-01    0.200E-02    0.200E-02    0.848E-03    0.848E-03    0.778E-04    0.778E-04    0.000E+00    0.000E+00
     9.699     0.549    0.214E+00    0.532E-01    0.142E-01    0.198E-02    0.198E-02    0.837E-03    0.837E-03    0.765E-04    0.765E-04    0.000E+00    0.000E+00
     9.699     0.550    0.213E+00    0.527E-01    0.140E-01    0.195E-02    0.195E-02    0.826E-03    0.826E-03    0.752E-04    0.752E-04    0.000E+00    0.000E+00
     9.699     0.551    0.212E+00    0.522E-01    0.138E-01    0.193E-02    0.193E-02    0.815E-03    0.815E-03    0.739E-04    0.739E-04    0.000E+00    0.000E+00
     9.699     0.552    0.211E+00    0.518E-01    0.136E-01    0.190E-02    0.190E-02    0.804E-03    0.804E-03    0.726E-04    0.726E-04    0.000E+00    0.000E+00
     9.699     0.553    0.210E+00    0.513E-01    0.134E-01    0.188E-02    0.188E-02    0.794E-03    0.794E-03    0.714E-04    0.714E-04    0.000E+00    0.000E+00
     9.699     0.554    0.208E+00    0.508E-01    0.132E-01    0.185E-02    0.185E-02    0.783E-03    0.783E-03    0.702E-04    0.702E-04    0.000E+00    0.000E+00
     9.699     0.555    0.207E+00    0.504E-01    0.130E-01    0.183E-02    0.183E-02    0.773E-03    0.773E-03    0.690E-04    0.690E-04    0.000E+00    0.000E+00
     9.699     0.556    0.206E+00    0.499E-01    0.129E-01    0.180E-02    0.180E-02    0.762E-03    0.762E-03    0.678E-04    0.678E-04    0.000E+00    0.000E+00
     9.699     0.557    0.205E+00    0.495E-01    0.127E-01    0.178E-02    0.178E-02    0.752E-03    0.752E-03    0.666E-04    0.666E-04    0.000E+00    0.000E+00
     9.699     0.558    0.203E+00    0.490E-01    0.125E-01    0.176E-02    0.176E-02    0.742E-03    0.742E-03    0.655E-04    0.655E-04    0.000E+00    0.000E+00
     9.699     0.559    0.202E+00    0.485E-01    0.123E-01    0.173E-02    0.173E-02    0.732E-03    0.732E-03    0.644E-04    0.644E-04    0.000E+00    0.000E+00
     9.699     0.560    0.201E+00    0.481E-01    0.122E-01    0.171E-02    0.171E-02    0.722E-03    0.722E-03    0.633E-04    0.633E-04    0.000E+00    0.000E+00
     9.699     0.561    0.200E+00    0.476E-01    0.120E-01    0.169E-02    0.169E-02    0.712E-03    0.712E-03    0.622E-04    0.622E-04    0.000E+00    0.000E+00
     9.699     0.562    0.199E+00    0.472E-01    0.118E-01    0.166E-02    0.167E-02    0.703E-03    0.703E-03    0.611E-04    0.611E-04    0.000E+00    0.000E+00
     9.699     0.563    0.197E+00    0.468E-01    0.116E-01    0.164E-02    0.164E-02    0.693E-03    0.693E-03    0.600E-04    0.600E-04    0.000E+00    0.000E+00
     9.699     0.564    0.196E+00    0.463E-01    0.115E-01    0.162E-02    0.162E-02    0.683E-03    0.683E-03    0.590E-04    0.590E-04    0.000E+00    0.000E+00
     9.699     0.565    0.195E+00    0.459E-01    0.113E-01    0.160E-02    0.160E-02    0.674E-03    0.674E-03    0.580E-04    0.580E-04    0.000E+00    0.000E+00
     9.699     0.566    0.194E+00    0.454E-01    0.112E-01    0.158E-02    0.158E-02    0.665E-03    0.665E-03    0.569E-04    0.569E-04    0.000E+00    0.000E+00
     9.699     0.567    0.193E+00    0.450E-01    0.110E-01    0.155E-02    0.156E-02    0.656E-03    0.656E-03    0.559E-04    0.559E-04    0.000E+00    0.000E+00
     9.699     0.568    0.191E+00    0.446E-01    0.108E-01    0.153E-02    0.153E-02    0.646E-03    0.646E-03    0.549E-04    0.549E-04    0.000E+00    0.000E+00
     9.699     0.569    0.190E+00    0.442E-01    0.107E-01    0.151E-02    0.151E-02    0.637E-03    0.637E-03    0.540E-04    0.540E-04    0.000E+00    0.000E+00
     9.699     0.570    0.189E+00    0.437E-01    0.105E-01    0.149E-02    0.149E-02    0.628E-03    0.628E-03    0.530E-04    0.530E-04    0.000E+00    0.000E+00
     9.699     0.571    0.188E+00    0.433E-01    0.104E-01    0.147E-02    0.147E-02    0.620E-03    0.620E-03    0.521E-04    0.521E-04    0.000E+00    0.000E+00
     9.699     0.572    0.187E+00    0.429E-01    0.102E-01    0.145E-02    0.145E-02    0.611E-03    0.611E-03    0.512E-04    0.512E-04    0.000E+00    0.000E+00
     9.699     0.573    0.186E+00    0.425E-01    0.101E-01    0.143E-02    0.143E-02    0.602E-03    0.602E-03    0.503E-04    0.503E-04    0.000E+00    0.000E+00
     9.699     0.574    0.184E+00    0.421E-01    0.993E-02    0.141E-02    0.141E-02    0.594E-03    0.594E-03    0.494E-04    0.494E-04    0.000E+00    0.000E+00
     9.699     0.575    0.183E+00    0.417E-01    0.979E-02    0.139E-02    0.139E-02    0.585E-03    0.585E-03    0.485E-04    0.485E-04    0.000E+00    0.000E+00
     9.699     0.576    0.182E+00    0.412E-01    0.965E-02    0.137E-02    0.137E-02    0.577E-03    0.577E-03    0.476E-04    0.476E-04    0.000E+00    0.000E+00
     9.699     0.577    0.181E+00    0.408E-01    0.951E-02    0.135E-02    0.135E-02    0.569E-03    0.569E-03    0.468E-04    0.468E-04    0.000E+00    0.000E+00
     9.699     0.578    0.180E+00    0.404E-01    0.937E-02    0.133E-02    0.133E-02    0.560E-03    0.560E-03    0.459E-04    0.459E-04    0.000E+00    0.000E+00
     9.699     0.579    0.179E+00    0.400E-01    0.923E-02    0.131E-02    0.131E-02    0.552E-03    0.552E-03    0.451E-04    0.451E-04    0.000E+00    0.000E+00
     9.699     0.580    0.178E+00    0.396E-01    0.909E-02    0.129E-02    0.129E-02    0.544E-03    0.544E-03    0.443E-04    0.443E-04    0.000E+00    0.000E+00
     9.699     0.581    0.176E+00    0.392E-01    0.896E-02    0.128E-02    0.128E-02    0.536E-03    0.536E-03    0.435E-04    0.435E-04    0.000E+00    0.000E+00
     9.699     0.582    0.175E+00    0.389E-01    0.883E-02    0.126E-02    0.126E-02    0.528E-03    0.528E-03    0.427E-04    0.427E-04    0.000E+00    0.000E+00
     9.699     0.583    0.174E+00    0.385E-01    0.870E-02    0.124E-02    0.124E-02    0.521E-03    0.521E-03    0.419E-04    0.419E-04    0.000E+00    0.000E+00
     9.699     0.584    0.173E+00    0.381E-01    0.857E-02    0.122E-02    0.122E-02    0.513E-03    0.513E-03    0.412E-04    0.412E-04    0.000E+00    0.000E+00
     9.699     0.585    0.172E+00    0.377E-01    0.844E-02    0.120E-02    0.120E-02    0.506E-03    0.506E-03    0.404E-04    0.404E-04    0.000E+00    0.000E+00
     9.699     0.586    0.171E+00    0.373E-01    0.832E-02    0.119E-02    0.119E-02    0.498E-03    0.498E-03    0.397E-04    0.397E-04    0.000E+00    0.000E+00
     9.699     0.587    0.170E+00    0.369E-01    0.820E-02    0.117E-02    0.117E-02    0.491E-03    0.491E-03    0.390E-04    0.390E-04    0.000E+00    0.000E+00
     9.699     0.588    0.169E+00    0.366E-01    0.807E-02    0.115E-02    0.115E-02    0.483E-03    0.483E-03    0.383E-04    0.383E-04    0.000E+00    0.000E+00
     9.699     0.589    0.167E+00    0.362E-01    0.795E-02    0.113E-02    0.113E-02    0.476E-03    0.476E-03    0.376E-04    0.376E-04    0.000E+00    0.000E+00
     9.699     0.590    0.166E+00    0.358E-01    0.783E-02    0.112E-02    0.112E-02    0.469E-03    0.469E-03    0.369E-04    0.369E-04    0.000E+00    0.000E+00
     9.699     0.591    0.165E+00    0.354E-01    0.772E-02    0.110E-02    0.110E-02    0.462E-03    0.462E-03    0.362E-04    0.362E-04    0.000E+00    0.000E+00
     9.699     0.592    0.164E+00    0.351E-01    0.760E-02    0.108E-02    0.108E-02    0.455E-03    0.455E-03    0.355E-04    0.355E-04    0.000E+00    0.000E+00
     9.699     0.593    0.163E+00    0.347E-01    0.749E-02    0.107E-02    0.107E-02    0.448E-03    0.448E-03    0.349E-04    0.349E-04    0.000E+00    0.000E+00
     9.699     0.594    0.162E+00    0.343E-01    0.737E-02    0.105E-02    0.105E-02    0.441E-03    0.441E-03    0.342E-04    0.342E-04    0.000E+00    0.000E+00
     9.699     0.595    0.161E+00    0.340E-01    0.726E-02    0.103E-02    0.104E-02    0.434E-03    0.434E-03    0.336E-04    0.336E-04    0.000E+00    0.000E+00
     9.699     0.596    0.160E+00    0.336E-01    0.715E-02    0.102E-02    0.102E-02    0.427E-03    0.427E-03    0.329E-04    0.329E-04    0.000E+00    0.000E+00
     9.699     0.597    0.159E+00    0.333E-01    0.704E-02    0.100E-02    0.100E-02    0.421E-03    0.421E-03    0.323E-04    0.323E-04    0.000E+00    0.000E+00
     9.699     0.598    0.158E+00    0.329E-01    0.694E-02    0.988E-03    0.988E-03    0.414E-03    0.414E-03    0.317E-04    0.317E-04    0.000E+00    0.000E+00
     9.699     0.599    0.157E+00    0.326E-01    0.683E-02    0.973E-03    0.973E-03    0.408E-03    0.408E-03    0.311E-04    0.311E-04    0.000E+00    0.000E+00
     9.699     0.600    0.155E+00    0.322E-01    0.673E-02    0.958E-03    0.958E-03    0.401E-03    0.401E-03    0.305E-04    0.305E-04    0.000E+00    0.000E+00
     9.699     0.601    0.154E+00    0.319E-01    0.662E-02    0.943E-03    0.943E-03    0.395E-03    0.395E-03    0.300E-04    0.300E-04    0.000E+00    0.000E+00
     9.699     0.602    0.153E+00    0.315E-01    0.652E-02    0.928E-03    0.928E-03    0.389E-03    0.389E-03    0.294E-04    0.294E-04    0.000E+00    0.000E+00
     9.699     0.603    0.152E+00    0.312E-01    0.642E-02    0.913E-03    0.913E-03    0.383E-03    0.383E-03    0.289E-04    0.289E-04    0.000E+00    0.000E+00
     9.699     0.604    0.151E+00    0.309E-01    0.632E-02    0.899E-03    0.899E-03    0.377E-03    0.377E-03    0.283E-04    0.283E-04    0.000E+00    0.000E+00
     9.699     0.605    0.150E+00    0.305E-01    0.623E-02    0.885E-03    0.885E-03    0.371E-03    0.371E-03    0.278E-04    0.278E-04    0.000E+00    0.000E+00
     9.699     0.606    0.149E+00    0.302E-01    0.613E-02    0.870E-03    0.871E-03    0.365E-03    0.365E-03    0.273E-04    0.273E-04    0.000E+00    0.000E+00
     9.699     0.607    0.148E+00    0.299E-01    0.604E-02    0.857E-03    0.857E-03    0.359E-03    0.359E-03    0.267E-04    0.267E-04    0.000E+00    0.000E+00
     9.699     0.608    0.147E+00    0.295E-01    0.594E-02    0.843E-03    0.843E-03    0.353E-03    0.353E-03    0.262E-04    0.262E-04    0.000E+00    0.000E+00
     9.699     0.609    0.146E+00    0.292E-01    0.585E-02    0.829E-03    0.829E-03    0.347E-03    0.347E-03    0.257E-04    0.257E-04    0.000E+00    0.000E+00
     9.699     0.610    0.145E+00    0.289E-01    0.576E-02    0.816E-03    0.816E-03    0.341E-03    0.341E-03    0.252E-04    0.252E-04    0.000E+00    0.000E+00
     9.699     0.611    0.144E+00    0.286E-01    0.567E-02    0.802E-03    0.802E-03    0.336E-03    0.336E-03    0.247E-04    0.247E-04    0.000E+00    0.000E+00
     9.699     0.612    0.143E+00    0.283E-01    0.558E-02    0.789E-03    0.789E-03    0.330E-03    0.330E-03    0.243E-04    0.243E-04    0.000E+00    0.000E+00
     9.699     0.613    0.142E+00    0.279E-01    0.549E-02    0.776E-03    0.776E-03    0.325E-03    0.325E-03    0.238E-04    0.238E-04    0.000E+00    0.000E+00
     9.699     0.614    0.141E+00    0.276E-01    0.541E-02    0.763E-03    0.763E-03    0.319E-03    0.319E-03    0.233E-04    0.233E-04    0.000E+00    0.000E+00
     9.699     0.615    0.140E+00    0.273E-01    0.532E-02    0.750E-03    0.750E-03    0.314E-03    0.314E-03    0.229E-04    0.229E-04    0.000E+00    0.000E+00
     9.699     0.616    0.139E+00    0.270E-01    0.524E-02    0.738E-03    0.738E-03    0.309E-03    0.309E-03    0.224E-04    0.224E-04    0.000E+00    0.000E+00
     9.699     0.617    0.138E+00    0.267E-01    0.515E-02    0.725E-03    0.725E-03    0.303E-03    0.303E-03    0.220E-04    0.220E-04    0.000E+00    0.000E+00
     9.699     0.618    0.137E+00    0.264E-01    0.507E-02    0.713E-03    0.713E-03    0.298E-03    0.298E-03    0.216E-04    0.216E-04    0.000E+00    0.000E+00
     9.699     0.619    0.136E+00    0.261E-01    0.499E-02    0.701E-03    0.701E-03    0.293E-03    0.293E-03    0.211E-04    0.211E-04    0.000E+00    0.000E+00
     9.699     0.620    0.135E+00    0.258E-01    0.491E-02    0.689E-03    0.689E-03    0.288E-03    0.288E-03    0.207E-04    0.207E-04    0.000E+00    0.000E+00
     9.699     0.621    0.134E+00    0.255E-01    0.483E-02    0.677E-03    0.677E-03    0.283E-03    0.283E-03    0.203E-04    0.203E-04    0.000E+00    0.000E+00
     9.699     0.622    0.133E+00    0.252E-01    0.476E-02    0.665E-03    0.665E-03    0.278E-03    0.278E-03    0.199E-04    0.199E-04    0.000E+00    0.000E+00
     9.699     0.623    0.132E+00    0.249E-01    0.468E-02    0.654E-03    0.654E-03    0.273E-03    0.273E-03    0.195E-04    0.195E-04    0.000E+00    0.000E+00
     9.699     0.624    0.131E+00    0.246E-01    0.461E-02    0.643E-03    0.643E-03    0.268E-03    0.268E-03    0.191E-04    0.191E-04    0.000E+00    0.000E+00
     9.699     0.625    0.130E+00    0.244E-01    0.453E-02    0.631E-03    0.631E-03    0.264E-03    0.264E-03    0.188E-04    0.188E-04    0.000E+00    0.000E+00
     9.699     0.626    0.129E+00    0.241E-01    0.446E-02    0.620E-03    0.620E-03    0.259E-03    0.259E-03    0.184E-04    0.184E-04    0.000E+00    0.000E+00
     9.699     0.627    0.128E+00    0.238E-01    0.439E-02    0.609E-03    0.609E-03    0.254E-03    0.254E-03    0.180E-04    0.180E-04    0.000E+00    0.000E+00
     9.699     0.628    0.127E+00    0.235E-01    0.432E-02    0.598E-03    0.598E-03    0.250E-03    0.250E-03    0.177E-04    0.177E-04    0.000E+00    0.000E+00
     9.699     0.629    0.126E+00    0.232E-01    0.425E-02    0.588E-03    0.588E-03    0.245E-03    0.245E-03    0.173E-04    0.173E-04    0.000E+00    0.000E+00
     9.699     0.630    0.125E+00    0.230E-01    0.418E-02    0.577E-03    0.577E-03    0.241E-03    0.241E-03    0.170E-04    0.170E-04    0.000E+00    0.000E+00
     9.699     0.631    0.124E+00    0.227E-01    0.411E-02    0.567E-03    0.567E-03    0.237E-03    0.237E-03    0.166E-04    0.166E-04    0.000E+00    0.000E+00
     9.699     0.632    0.123E+00    0.224E-01    0.404E-02    0.556E-03    0.556E-03    0.232E-03    0.232E-03    0.163E-04    0.163E-04    0.000E+00    0.000E+00
     9.699     0.633    0.122E+00    0.222E-01    0.398E-02    0.546E-03    0.546E-03    0.228E-03    0.228E-03    0.160E-04    0.160E-04    0.000E+00    0.000E+00
     9.699     0.634    0.121E+00    0.219E-01    0.391E-02    0.536E-03    0.536E-03    0.224E-03    0.224E-03    0.156E-04    0.156E-04    0.000E+00    0.000E+00
     9.699     0.635    0.120E+00    0.216E-01    0.385E-02    0.526E-03    0.526E-03    0.220E-03    0.220E-03    0.153E-04    0.153E-04    0.000E+00    0.000E+00
     9.699     0.636    0.119E+00    0.214E-01    0.378E-02    0.516E-03    0.516E-03    0.215E-03    0.215E-03    0.150E-04    0.150E-04    0.000E+00    0.000E+00
     9.699     0.637    0.118E+00    0.211E-01    0.372E-02    0.506E-03    0.506E-03    0.211E-03    0.211E-03    0.147E-04    0.147E-04    0.000E+00    0.000E+00
     9.699     0.638    0.118E+00    0.208E-01    0.366E-02    0.497E-03    0.497E-03    0.207E-03    0.207E-03    0.144E-04    0.144E-04    0.000E+00    0.000E+00
     9.699     0.639    0.117E+00    0.206E-01    0.360E-02    0.487E-03    0.487E-03    0.203E-03    0.203E-03    0.141E-04    0.141E-04    0.000E+00    0.000E+00
     9.699     0.640    0.116E+00    0.203E-01    0.354E-02    0.478E-03    0.478E-03    0.199E-03    0.199E-03    0.138E-04    0.138E-04    0.000E+00    0.000E+00
     9.699     0.641    0.115E+00    0.201E-01    0.348E-02    0.469E-03    0.469E-03    0.196E-03    0.196E-03    0.135E-04    0.135E-04    0.000E+00    0.000E+00
     9.699     0.642    0.114E+00    0.198E-01    0.342E-02    0.460E-03    0.460E-03    0.192E-03    0.192E-03    0.133E-04    0.133E-04    0.000E+00    0.000E+00
     9.699     0.643    0.113E+00    0.196E-01    0.337E-02    0.451E-03    0.451E-03    0.188E-03    0.188E-03    0.130E-04    0.130E-04    0.000E+00    0.000E+00
     9.699     0.644    0.112E+00    0.194E-01    0.331E-02    0.442E-03    0.442E-03    0.184E-03    0.184E-03    0.127E-04    0.127E-04    0.000E+00    0.000E+00
     9.699     0.645    0.111E+00    0.191E-01    0.325E-02    0.433E-03    0.433E-03    0.181E-03    0.181E-03    0.125E-04    0.125E-04    0.000E+00    0.000E+00
     9.699     0.646    0.110E+00    0.189E-01    0.320E-02    0.424E-03    0.424E-03    0.177E-03    0.177E-03    0.122E-04    0.122E-04    0.000E+00    0.000E+00
     9.699     0.647    0.109E+00    0.186E-01    0.315E-02    0.416E-03    0.416E-03    0.174E-03    0.174E-03    0.119E-04    0.119E-04    0.000E+00    0.000E+00
     9.699     0.648    0.109E+00    0.184E-01    0.309E-02    0.408E-03    0.408E-03    0.170E-03    0.170E-03    0.117E-04    0.117E-04    0.000E+00    0.000E+00
     9.699     0.649    0.108E+00    0.182E-01    0.304E-02    0.399E-03    0.399E-03    0.167E-03    0.167E-03    0.114E-04    0.114E-04    0.000E+00    0.000E+00
     9.699     0.650    0.107E+00    0.179E-01    0.299E-02    0.391E-03    0.391E-03    0.163E-03    0.163E-03    0.112E-04    0.112E-04    0.000E+00    0.000E+00
     9.699     0.651    0.106E+00    0.177E-01    0.294E-02    0.383E-03    0.383E-03    0.160E-03    0.160E-03    0.110E-04    0.110E-04    0.000E+00    0.000E+00
     9.699     0.652    0.105E+00    0.175E-01    0.289E-02    0.375E-03    0.375E-03    0.156E-03    0.156E-03    0.107E-04    0.107E-04    0.000E+00    0.000E+00
     9.699     0.653    0.104E+00    0.173E-01    0.284E-02    0.367E-03    0.367E-03    0.153E-03    0.153E-03    0.105E-04    0.105E-04    0.000E+00    0.000E+00
     9.699     0.654    0.103E+00    0.170E-01    0.279E-02    0.360E-03    0.360E-03    0.150E-03    0.150E-03    0.103E-04    0.103E-04    0.000E+00    0.000E+00
     9.699     0.655    0.102E+00    0.168E-01    0.274E-02    0.352E-03    0.352E-03    0.147E-03    0.147E-03    0.101E-04    0.101E-04    0.000E+00    0.000E+00
     9.699     0.656    0.102E+00    0.166E-01    0.270E-02    0.344E-03    0.344E-03    0.144E-03    0.144E-03    0.986E-05    0.986E-05    0.000E+00    0.000E+00
     9.699     0.657    0.101E+00    0.164E-01    0.265E-02    0.337E-03    0.337E-03    0.141E-03    0.141E-03    0.965E-05    0.965E-05    0.000E+00    0.000E+00
     9.699     0.658    0.999E-01    0.162E-01    0.260E-02    0.330E-03    0.330E-03    0.137E-03    0.137E-03    0.944E-05    0.944E-05    0.000E+00    0.000E+00
     9.699     0.659    0.991E-01    0.160E-01    0.256E-02    0.322E-03    0.322E-03    0.134E-03    0.134E-03    0.924E-05    0.924E-05    0.000E+00    0.000E+00
     9.699     0.660    0.982E-01    0.157E-01    0.251E-02    0.315E-03    0.315E-03    0.132E-03    0.132E-03    0.904E-05    0.904E-05    0.000E+00    0.000E+00
     9.699     0.661    0.974E-01    0.155E-01    0.247E-02    0.308E-03    0.308E-03    0.129E-03    0.129E-03    0.884E-05    0.884E-05    0.000E+00    0.000E+00
     9.699     0.662    0.966E-01    0.153E-01    0.243E-02    0.301E-03    0.301E-03    0.126E-03    0.126E-03    0.865E-05    0.865E-05    0.000E+00    0.000E+00
     9.699     0.663    0.957E-01    0.151E-01    0.239E-02    0.294E-03    0.294E-03    0.123E-03    0.123E-03    0.846E-05    0.846E-05    0.000E+00    0.000E+00
     9.699     0.664    0.949E-01    0.149E-01    0.234E-02    0.288E-03    0.288E-03    0.120E-03    0.120E-03    0.828E-05    0.828E-05    0.000E+00    0.000E+00
     9.699     0.665    0.941E-01    0.147E-01    0.230E-02    0.281E-03    0.281E-03    0.117E-03    0.117E-03    0.810E-05    0.810E-05    0.000E+00    0.000E+00
     9.699     0.666    0.933E-01    0.145E-01    0.226E-02    0.275E-03    0.275E-03    0.115E-03    0.115E-03    0.792E-05    0.792E-05    0.000E+00    0.000E+00
     9.699     0.667    0.925E-01    0.143E-01    0.222E-02    0.268E-03    0.268E-03    0.112E-03    0.112E-03    0.775E-05    0.775E-05    0.000E+00    0.000E+00
     9.699     0.668    0.917E-01    0.141E-01    0.218E-02    0.262E-03    0.262E-03    0.109E-03    0.109E-03    0.758E-05    0.758E-05    0.000E+00    0.000E+00
     9.699     0.669    0.909E-01    0.139E-01    0.214E-02    0.256E-03    0.256E-03    0.107E-03    0.107E-03    0.741E-05    0.741E-05    0.000E+00    0.000E+00
     9.699     0.670    0.901E-01    0.137E-01    0.211E-02    0.249E-03    0.249E-03    0.104E-03    0.104E-03    0.725E-05    0.725E-05    0.000E+00    0.000E+00
     9.699     0.671    0.893E-01    0.136E-01    0.207E-02    0.243E-03    0.243E-03    0.102E-03    0.102E-03    0.709E-05    0.709E-05    0.000E+00    0.000E+00
     9.699     0.672    0.885E-01    0.134E-01    0.203E-02    0.237E-03    0.237E-03    0.991E-04    0.991E-04    0.694E-05    0.694E-05    0.000E+00    0.000E+00
     9.699     0.673    0.877E-01    0.132E-01    0.200E-02    0.232E-03    0.232E-03    0.967E-04    0.967E-04    0.678E-05    0.678E-05    0.000E+00    0.000E+00
     9.699     0.674    0.869E-01    0.130E-01    0.196E-02    0.226E-03    0.226E-03    0.943E-04    0.943E-04    0.663E-05    0.663E-05    0.000E+00    0.000E+00
     9.699     0.675    0.861E-01    0.128E-01    0.193E-02    0.220E-03    0.220E-03    0.919E-04    0.919E-04    0.649E-05    0.649E-05    0.000E+00    0.000E+00
     9.699     0.676    0.854E-01    0.126E-01    0.189E-02    0.214E-03    0.214E-03    0.896E-04    0.896E-04    0.634E-05    0.634E-05    0.000E+00    0.000E+00
     9.699     0.677    0.846E-01    0.125E-01    0.186E-02    0.209E-03    0.209E-03    0.873E-04    0.873E-04    0.620E-05    0.620E-05    0.000E+00    0.000E+00
     9.699     0.678    0.838E-01    0.123E-01    0.182E-02    0.203E-03    0.203E-03    0.850E-04    0.850E-04    0.606E-05    0.606E-05    0.000E+00    0.000E+00
     9.699     0.679    0.831E-01    0.121E-01    0.179E-02    0.198E-03    0.198E-03    0.828E-04    0.828E-04    0.592E-05    0.592E-05    0.000E+00    0.000E+00
     9.699     0.680    0.823E-01    0.119E-01    0.176E-02    0.193E-03    0.193E-03    0.806E-04    0.806E-04    0.579E-05    0.579E-05    0.000E+00    0.000E+00
     9.699     0.681    0.816E-01    0.118E-01    0.173E-02    0.187E-03    0.187E-03    0.784E-04    0.784E-04    0.565E-05    0.565E-05    0.000E+00    0.000E+00
     9.699     0.682    0.808E-01    0.116E-01    0.169E-02    0.182E-03    0.182E-03    0.763E-04    0.763E-04    0.552E-05    0.552E-05    0.000E+00    0.000E+00
     9.699     0.683    0.801E-01    0.114E-01    0.166E-02    0.177E-03    0.177E-03    0.742E-04    0.742E-04    0.540E-05    0.540E-05    0.000E+00    0.000E+00
     9.699     0.684    0.793E-01    0.113E-01    0.163E-02    0.172E-03    0.172E-03    0.721E-04    0.721E-04    0.527E-05    0.527E-05    0.000E+00    0.000E+00
     9.699     0.685    0.786E-01    0.111E-01    0.160E-02    0.167E-03    0.167E-03    0.701E-04    0.701E-04    0.515E-05    0.515E-05    0.000E+00    0.000E+00
     9.699     0.686    0.778E-01    0.109E-01    0.157E-02    0.163E-03    0.163E-03    0.681E-04    0.681E-04    0.503E-05    0.503E-05    0.000E+00    0.000E+00
     9.699     0.687    0.771E-01    0.108E-01    0.154E-02    0.158E-03    0.158E-03    0.661E-04    0.661E-04    0.492E-05    0.492E-05    0.000E+00    0.000E+00
     9.699     0.688    0.764E-01    0.106E-01    0.152E-02    0.153E-03    0.153E-03    0.642E-04    0.642E-04    0.480E-05    0.480E-05    0.000E+00    0.000E+00
     9.699     0.689    0.757E-01    0.105E-01    0.149E-02    0.149E-03    0.149E-03    0.623E-04    0.623E-04    0.469E-05    0.469E-05    0.000E+00    0.000E+00
     9.699     0.690    0.750E-01    0.103E-01    0.146E-02    0.144E-03    0.144E-03    0.604E-04    0.604E-04    0.458E-05    0.458E-05    0.000E+00    0.000E+00
     9.699     0.691    0.742E-01    0.102E-01    0.143E-02    0.140E-03    0.140E-03    0.586E-04    0.586E-04    0.448E-05    0.448E-05    0.000E+00    0.000E+00
     9.699     0.692    0.735E-01    0.100E-01    0.141E-02    0.135E-03    0.135E-03    0.568E-04    0.568E-04    0.437E-05    0.437E-05    0.000E+00    0.000E+00
     9.699     0.693    0.728E-01    0.986E-02    0.138E-02    0.131E-03    0.131E-03    0.550E-04    0.550E-04    0.427E-05    0.427E-05    0.000E+00    0.000E+00
     9.699     0.694    0.721E-01    0.971E-02    0.135E-02    0.127E-03    0.127E-03    0.533E-04    0.533E-04    0.417E-05    0.417E-05    0.000E+00    0.000E+00
     9.699     0.695    0.714E-01    0.956E-02    0.133E-02    0.123E-03    0.123E-03    0.516E-04    0.516E-04    0.408E-05    0.408E-05    0.000E+00    0.000E+00
     9.699     0.696    0.707E-01    0.942E-02    0.130E-02    0.119E-03    0.119E-03    0.499E-04    0.499E-04    0.398E-05    0.398E-05    0.000E+00    0.000E+00
     9.699     0.697    0.700E-01    0.927E-02    0.128E-02    0.115E-03    0.115E-03    0.483E-04    0.483E-04    0.389E-05    0.389E-05    0.000E+00    0.000E+00
     9.699     0.698    0.694E-01    0.913E-02    0.126E-02    0.111E-03    0.111E-03    0.466E-04    0.466E-04    0.380E-05    0.380E-05    0.000E+00    0.000E+00
     9.699     0.699    0.687E-01    0.899E-02    0.123E-02    0.107E-03    0.107E-03    0.450E-04    0.450E-04    0.370E-05    0.370E-05    0.000E+00    0.000E+00
     9.699     0.700    0.680E-01    0.885E-02    0.121E-02    0.103E-03    0.103E-03    0.434E-04    0.434E-04    0.362E-05    0.362E-05    0.000E+00    0.000E+00
     9.699     0.701    0.673E-01    0.872E-02    0.118E-02    0.994E-04    0.994E-04    0.419E-04    0.419E-04    0.353E-05    0.353E-05    0.000E+00    0.000E+00
     9.699     0.702    0.667E-01    0.858E-02    0.116E-02    0.957E-04    0.957E-04    0.404E-04    0.404E-04    0.344E-05    0.344E-05    0.000E+00    0.000E+00
     9.699     0.703    0.660E-01    0.845E-02    0.114E-02    0.920E-04    0.920E-04    0.389E-04    0.389E-04    0.336E-05    0.336E-05    0.000E+00    0.000E+00
     9.699     0.704    0.653E-01    0.831E-02    0.112E-02    0.885E-04    0.885E-04    0.374E-04    0.374E-04    0.328E-05    0.328E-05    0.000E+00    0.000E+00
     9.699     0.705    0.647E-01    0.818E-02    0.110E-02    0.850E-04    0.850E-04    0.359E-04    0.359E-04    0.320E-05    0.320E-05    0.000E+00    0.000E+00
     9.699     0.706    0.640E-01    0.805E-02    0.107E-02    0.815E-04    0.815E-04    0.345E-04    0.345E-04    0.312E-05    0.312E-05    0.000E+00    0.000E+00
     9.699     0.707    0.634E-01    0.793E-02    0.105E-02    0.782E-04    0.782E-04    0.331E-04    0.331E-04    0.304E-05    0.304E-05    0.000E+00    0.000E+00
     9.699     0.708    0.627E-01    0.780E-02    0.103E-02    0.749E-04    0.749E-04    0.318E-04    0.318E-04    0.297E-05    0.297E-05    0.000E+00    0.000E+00
     9.699     0.709    0.621E-01    0.768E-02    0.101E-02    0.716E-04    0.716E-04    0.304E-04    0.304E-04    0.290E-05    0.290E-05    0.000E+00    0.000E+00
     9.699     0.710    0.615E-01    0.755E-02    0.993E-03    0.685E-04    0.685E-04    0.291E-04    0.291E-04    0.283E-05    0.283E-05    0.000E+00    0.000E+00
     9.699     0.711    0.608E-01    0.743E-02    0.974E-03    0.654E-04    0.654E-04    0.278E-04    0.278E-04    0.276E-05    0.276E-05    0.000E+00    0.000E+00
     9.699     0.712    0.602E-01    0.731E-02    0.955E-03    0.623E-04    0.623E-04    0.266E-04    0.266E-04    0.269E-05    0.269E-05    0.000E+00    0.000E+00
     9.699     0.713    0.596E-01    0.719E-02    0.936E-03    0.594E-04    0.594E-04    0.254E-04    0.254E-04    0.262E-05    0.262E-05    0.000E+00    0.000E+00
     9.699     0.714    0.590E-01    0.707E-02    0.918E-03    0.565E-04    0.565E-04    0.242E-04    0.242E-04    0.256E-05    0.256E-05    0.000E+00    0.000E+00
     9.699     0.715    0.583E-01    0.696E-02    0.899E-03    0.536E-04    0.536E-04    0.230E-04    0.230E-04    0.249E-05    0.249E-05    0.000E+00    0.000E+00
     9.699     0.716    0.577E-01    0.684E-02    0.882E-03    0.509E-04    0.509E-04    0.218E-04    0.218E-04    0.243E-05    0.243E-05    0.000E+00    0.000E+00
     9.699     0.717    0.571E-01    0.673E-02    0.864E-03    0.482E-04    0.482E-04    0.207E-04    0.207E-04    0.237E-05    0.237E-05    0.000E+00    0.000E+00
     9.699     0.718    0.565E-01    0.662E-02    0.847E-03    0.455E-04    0.455E-04    0.196E-04    0.196E-04    0.231E-05    0.231E-05    0.000E+00    0.000E+00
     9.699     0.719    0.559E-01    0.651E-02    0.830E-03    0.430E-04    0.430E-04    0.186E-04    0.186E-04    0.226E-05    0.226E-05    0.000E+00    0.000E+00
     9.699     0.720    0.553E-01    0.640E-02    0.814E-03    0.405E-04    0.405E-04    0.175E-04    0.175E-04    0.220E-05    0.220E-05    0.000E+00    0.000E+00
     9.699     0.721    0.547E-01    0.629E-02    0.797E-03    0.380E-04    0.380E-04    0.165E-04    0.165E-04    0.214E-05    0.214E-05    0.000E+00    0.000E+00
     9.699     0.722    0.541E-01    0.619E-02    0.781E-03    0.356E-04    0.356E-04    0.155E-04    0.155E-04    0.209E-05    0.209E-05    0.000E+00    0.000E+00
     9.699     0.723    0.535E-01    0.608E-02    0.765E-03    0.333E-04    0.333E-04    0.145E-04    0.145E-04    0.204E-05    0.204E-05    0.000E+00    0.000E+00
     9.699     0.724    0.530E-01    0.598E-02    0.750E-03    0.310E-04    0.310E-04    0.135E-04    0.135E-04    0.198E-05    0.198E-05    0.000E+00    0.000E+00
     9.699     0.725    0.524E-01    0.588E-02    0.735E-03    0.288E-04    0.288E-04    0.125E-04    0.125E-04    0.193E-05    0.193E-05    0.000E+00    0.000E+00
     9.699     0.726    0.518E-01    0.577E-02    0.719E-03    0.266E-04    0.266E-04    0.116E-04    0.116E-04    0.188E-05    0.188E-05    0.000E+00    0.000E+00
     9.699     0.727    0.512E-01    0.567E-02    0.705E-03    0.245E-04    0.245E-04    0.107E-04    0.107E-04    0.183E-05    0.183E-05    0.000E+00    0.000E+00
     9.699     0.728    0.507E-01    0.558E-02    0.690E-03    0.225E-04    0.225E-04    0.986E-05    0.986E-05    0.179E-05    0.179E-05    0.000E+00    0.000E+00
     9.699     0.729    0.501E-01    0.548E-02    0.676E-03    0.206E-04    0.206E-04    0.901E-05    0.901E-05    0.174E-05    0.174E-05    0.000E+00    0.000E+00
     9.699     0.730    0.495E-01    0.538E-02    0.662E-03    0.187E-04    0.187E-04    0.820E-05    0.820E-05    0.169E-05    0.169E-05    0.000E+00    0.000E+00
     9.699     0.731    0.490E-01    0.529E-02    0.648E-03    0.169E-04    0.169E-04    0.742E-05    0.742E-05    0.165E-05    0.165E-05    0.000E+00    0.000E+00
     9.699     0.732    0.484E-01    0.520E-02    0.635E-03    0.151E-04    0.151E-04    0.666E-05    0.666E-05    0.161E-05    0.161E-05    0.000E+00    0.000E+00
     9.699     0.733    0.479E-01    0.510E-02    0.622E-03    0.135E-04    0.135E-04    0.593E-05    0.593E-05    0.157E-05    0.157E-05    0.000E+00    0.000E+00
     9.699     0.734    0.474E-01    0.501E-02    0.609E-03    0.119E-04    0.119E-04    0.523E-05    0.523E-05    0.152E-05    0.152E-05    0.000E+00    0.000E+00
     9.699     0.735    0.468E-01    0.492E-02    0.596E-03    0.103E-04    0.103E-04    0.456E-05    0.456E-05    0.148E-05    0.148E-05    0.000E+00    0.000E+00
     9.699     0.736    0.463E-01    0.483E-02    0.584E-03    0.886E-05    0.886E-05    0.392E-05    0.392E-05    0.145E-05    0.145E-05    0.000E+00    0.000E+00
     9.699     0.737    0.457E-01    0.475E-02    0.571E-03    0.747E-05    0.747E-05    0.331E-05    0.331E-05    0.141E-05    0.141E-05    0.000E+00    0.000E+00
     9.699     0.738    0.452E-01    0.466E-02    0.559E-03    0.615E-05    0.615E-05    0.272E-05    0.272E-05    0.137E-05    0.137E-05    0.000E+00    0.000E+00
     9.699     0.739    0.447E-01    0.458E-02    0.548E-03    0.489E-05    0.489E-05    0.217E-05    0.217E-05    0.133E-05    0.133E-05    0.000E+00    0.000E+00
     9.699     0.740    0.442E-01    0.449E-02    0.536E-03    0.372E-05    0.372E-05    0.165E-05    0.165E-05    0.130E-05    0.130E-05    0.000E+00    0.000E+00
     9.699     0.741    0.437E-01    0.441E-02    0.525E-03    0.261E-05    0.261E-05    0.116E-05    0.116E-05    0.126E-05    0.126E-05    0.000E+00    0.000E+00
     9.699     0.742    0.431E-01    0.433E-02    0.514E-03    0.158E-05    0.158E-05    0.702E-06    0.702E-06    0.123E-05    0.123E-05    0.000E+00    0.000E+00
     9.699     0.743    0.426E-01    0.425E-02    0.503E-03    0.614E-06    0.614E-06    0.274E-06    0.274E-06    0.120E-05    0.120E-05    0.000E+00    0.000E+00
     9.699     0.744    0.421E-01    0.417E-02    0.492E-03    0.000E+00    0.000E+00    0.000E+00    0.000E+00    0.117E-05    0.117E-05    0.000E+00    0.000E+00
     9.699     0.745    0.416E-01    0.409E-02    0.481E-03    0.000E+00    0.000E+00    0.000E+00    0.000E+00    0.113E-05    0.113E-05    0.000E+00    0.000E+00
     9.699     0.746    0.411E-01    0.402E-02    0.471E-03    0.000E+00    0.000E+00    0.000E+00    0.000E+00    0.110E-05    0.110E-05    0.000E+00    0.000E+00
     9.699     0.747    0.406E-01    0.394E-02    0.461E-03    0.000E+00    0.000E+00    0.000E+00    0.000E+00    0.107E-05    0.107E-05    0.000E+00    0.000E+00
     9.699     0.748    0.401E-01    0.386E-02    0.451E-03    0.000E+00    0.000E+00    0.000E+00    0.000E+00    0.104E-05    0.104E-05    0.000E+00    0.000E+00
     9.699     0.749    0.397E-01    0.379E-02    0.441E-03    0.000E+00    0.000E+00    0.000E+00    0.000E+00    0.101E-05    0.101E-05    0.000E+00    0.000E+00
     9.699     0.750    0.392E-01    0.372E-02    0.431E-03    0.000E+00    0.000E+00    0.000E+00    0.000E+00    0.985E-06    0.985E-06    0.000E+00    0.000E+00
     9.699     0.751    0.387E-01    0.365E-02    0.422E-03    0.000E+00    0.000E+00    0.000E+00    0.000E+00    0.958E-06    0.958E-06    0.000E+00    0.000E+00
     9.699     0.752    0.382E-01    0.358E-02    0.413E-03    0.000E+00    0.000E+00    0.000E+00    0.000E+00    0.931E-06    0.931E-06    0.000E+00    0.000E+00
     9.699     0.753    0.378E-01    0.351E-02    0.403E-03    0.000E+00    0.000E+00    0.000E+00    0.000E+00    0.905E-06    0.905E-06    0.000E+00    0.000E+00
     9.699     0.754    0.373E-01    0.344E-02    0.395E-03    0.000E+00    0.000E+00    0.000E+00    0.000E+00    0.880E-06    0.880E-06    0.000E+00    0.000E+00
     9.699     0.755    0.368E-01    0.337E-02    0.386E-03    0.000E+00    0.000E+00    0.000E+00    0.000E+00    0.855E-06    0.855E-06    0.000E+00    0.000E+00
     9.699     0.756    0.364E-01    0.330E-02    0.377E-03    0.000E+00    0.000E+00    0.000E+00    0.000E+00    0.831E-06    0.831E-06    0.000E+00    0.000E+00
     9.699     0.757    0.359E-01    0.324E-02    0.369E-03    0.000E+00    0.000E+00    0.000E+00    0.000E+00    0.807E-06    0.807E-06    0.000E+00    0.000E+00
     9.699     0.758    0.354E-01    0.318E-02    0.361E-03    0.000E+00    0.000E+00    0.000E+00    0.000E+00    0.785E-06    0.785E-06    0.000E+00    0.000E+00
     9.699     0.759    0.350E-01    0.311E-02    0.353E-03    0.000E+00    0.000E+00    0.000E+00    0.000E+00    0.762E-06    0.762E-06    0.000E+00    0.000E+00
     9.699     0.760    0.346E-01    0.305E-02    0.345E-03    0.000E+00    0.000E+00    0.000E+00    0.000E+00    0.741E-06    0.741E-06    0.000E+00    0.000E+00
     9.699     0.761    0.341E-01    0.299E-02    0.337E-03    0.000E+00    0.000E+00    0.000E+00    0.000E+00    0.720E-06    0.720E-06    0.000E+00    0.000E+00
     9.699     0.762    0.337E-01    0.293E-02    0.329E-03    0.000E+00    0.000E+00    0.000E+00    0.000E+00    0.699E-06    0.699E-06    0.000E+00    0.000E+00
     9.699     0.763    0.332E-01    0.287E-02    0.322E-03    0.000E+00    0.000E+00    0.000E+00    0.000E+00    0.680E-06    0.680E-06    0.000E+00    0.000E+00
     9.699     0.764    0.328E-01    0.281E-02    0.315E-03    0.000E+00    0.000E+00    0.000E+00    0.000E+00    0.660E-06    0.660E-06    0.000E+00    0.000E+00
     9.699     0.765    0.324E-01    0.275E-02    0.308E-03    0.000E+00    0.000E+00    0.000E+00    0.000E+00    0.641E-06    0.641E-06    0.000E+00    0.000E+00
     9.699     0.766    0.320E-01    0.269E-02    0.301E-03    0.000E+00    0.000E+00    0.000E+00    0.000E+00    0.623E-06    0.623E-06    0.000E+00    0.000E+00
     9.699     0.767    0.315E-01    0.264E-02    0.294E-03    0.000E+00    0.000E+00    0.000E+00    0.000E+00    0.605E-06    0.605E-06    0.000E+00    0.000E+00
     9.699     0.768    0.311E-01    0.258E-02    0.287E-03    0.000E+00    0.000E+00    0.000E+00    0.000E+00    0.587E-06    0.587E-06    0.000E+00    0.000E+00
     9.699     0.769    0.307E-01    0.253E-02    0.280E-03    0.000E+00    0.000E+00    0.000E+00    0.000E+00    0.570E-06    0.570E-06    0.000E+00    0.000E+00
     9.699     0.770    0.303E-01    0.248E-02    0.274E-03    0.000E+00    0.000E+00    0.000E+00    0.000E+00    0.553E-06    0.553E-06    0.000E+00    0.000E+00
     9.699     0.771    0.299E-01    0.242E-02    0.267E-03    0.000E+00    0.000E+00    0.000E+00    0.000E+00    0.536E-06    0.536E-06    0.000E+00    0.000E+00
     9.699     0.772    0.295E-01    0.237E-02    0.261E-03    0.000E+00    0.000E+00    0.000E+00    0.000E+00    0.520E-06    0.520E-06    0.000E+00    0.000E+00
     9.699     0.773    0.291E-01    0.232E-02    0.255E-03    0.000E+00    0.000E+00    0.000E+00    0.000E+00    0.505E-06    0.505E-06    0.000E+00    0.000E+00
     9.699     0.774    0.287E-01    0.227E-02    0.249E-03    0.000E+00    0.000E+00    0.000E+00    0.000E+00    0.489E-06    0.489E-06    0.000E+00    0.000E+00
     9.699     0.775    0.283E-01    0.222E-02    0.243E-03    0.000E+00    0.000E+00    0.000E+00    0.000E+00    0.475E-06    0.475E-06    0.000E+00    0.000E+00
     9.699     0.776    0.279E-01    0.217E-02    0.237E-03    0.000E+00    0.000E+00    0.000E+00    0.000E+00    0.460E-06    0.460E-06    0.000E+00    0.000E+00
     9.699     0.777    0.275E-01    0.212E-02    0.232E-03    0.000E+00    0.000E+00    0.000E+00    0.000E+00    0.446E-06    0.446E-06    0.000E+00    0.000E+00
     9.699     0.778    0.271E-01    0.208E-02    0.226E-03    0.000E+00    0.000E+00    0.000E+00    0.000E+00    0.433E-06    0.433E-06    0.000E+00    0.000E+00
     9.699     0.779    0.267E-01    0.203E-02    0.221E-03    0.000E+00    0.000E+00    0.000E+00    0.000E+00    0.420E-06    0.420E-06    0.000E+00    0.000E+00
     9.699     0.780    0.264E-01    0.199E-02    0.215E-03    0.000E+00    0.000E+00    0.000E+00    0.000E+00    0.407E-06    0.407E-06    0.000E+00    0.000E+00
     9.699     0.781    0.260E-01    0.194E-02    0.210E-03    0.000E+00    0.000E+00    0.000E+00    0.000E+00    0.394E-06    0.394E-06    0.000E+00    0.000E+00
     9.699     0.782    0.256E-01    0.190E-02    0.205E-03    0.000E+00    0.000E+00    0.000E+00    0.000E+00    0.382E-06    0.382E-06    0.000E+00    0.000E+00
     9.699     0.783    0.253E-01    0.186E-02    0.200E-03    0.000E+00    0.000E+00    0.000E+00    0.000E+00    0.371E-06    0.371E-06    0.000E+00    0.000E+00
     9.699     0.784    0.249E-01    0.181E-02    0.195E-03    0.000E+00    0.000E+00    0.000E+00    0.000E+00    0.359E-06    0.359E-06    0.000E+00    0.000E+00
     9.699     0.785    0.245E-01    0.177E-02    0.191E-03    0.000E+00    0.000E+00    0.000E+00    0.000E+00    0.348E-06    0.348E-06    0.000E+00    0.000E+00
     9.699     0.786    0.242E-01    0.173E-02    0.186E-03    0.000E+00    0.000E+00    0.000E+00    0.000E+00    0.338E-06    0.338E-06    0.000E+00    0.000E+00
     9.699     0.787    0.238E-01    0.169E-02    0.181E-03    0.000E+00    0.000E+00    0.000E+00    0.000E+00    0.327E-06    0.327E-06    0.000E+00    0.000E+00
     9.699     0.788    0.235E-01    0.165E-02    0.177E-03    0.000E+00    0.000E+00    0.000E+00    0.000E+00    0.317E-06    0.317E-06    0.000E+00    0.000E+00
     9.699     0.789    0.231E-01    0.162E-02    0.173E-03    0.000E+00    0.000E+00    0.000E+00    0.000E+00    0.307E-06    0.307E-06    0.000E+00    0.000E+00
     9.699     0.790    0.228E-01    0.158E-02    0.168E-03    0.000E+00    0.000E+00    0.000E+00    0.000E+00    0.298E-06    0.298E-06    0.000E+00    0.000E+00
     9.699     0.791    0.225E-01    0.154E-02    0.164E-03    0.000E+00    0.000E+00    0.000E+00    0.000E+00    0.288E-06    0.288E-06    0.000E+00    0.000E+00
     9.699     0.792    0.221E-01    0.151E-02    0.160E-03    0.000E+00    0.000E+00    0.000E+00    0.000E+00    0.279E-06    0.279E-06    0.000E+00    0.000E+00
     9.699     0.793    0.218E-01    0.147E-02    0.156E-03    0.000E+00    0.000E+00    0.000E+00    0.000E+00    0.270E-06    0.270E-06    0.000E+00    0.000E+00
     9.699     0.794    0.215E-01    0.144E-02    0.152E-03    0.000E+00    0.000E+00    0.000E+00    0.000E+00    0.261E-06    0.261E-06    0.000E+00    0.000E+00
     9.699     0.795    0.212E-01    0.141E-02    0.148E-03    0.000E+00    0.000E+00    0.000E+00    0.000E+00    0.253E-06    0.253E-06    0.000E+00    0.000E+00
     9.699     0.796    0.208E-01    0.138E-02    0.144E-03    0.000E+00    0.000E+00    0.000E+00    0.000E+00    0.244E-06    0.244E-06    0.000E+00    0.000E+00
     9.699     0.797    0.205E-01    0.134E-02    0.141E-03    0.000E+00    0.000E+00    0.000E+00    0.000E+00    0.236E-06    0.236E-06    0.000E+00    0.000E+00
     9.699     0.798    0.202E-01    0.131E-02    0.137E-03    0.000E+00    0.000E+00    0.000E+00    0.000E+00    0.229E-06    0.229E-06    0.000E+00    0.000E+00
     9.699     0.799    0.199E-01    0.128E-02    0.134E-03    0.000E+00    0.000E+00    0.000E+00    0.000E+00    0.221E-06    0.221E-06    0.000E+00    0.000E+00
     9.699     0.800    0.196E-01    0.125E-02    0.130E-03    0.000E+00    0.000E+00    0.000E+00    0.000E+00    0.214E-06    0.214E-06    0.000E+00    0.000E+00
     9.699     0.801    0.193E-01    0.123E-02    0.127E-03    0.000E+00    0.000E+00    0.000E+00    0.000E+00    0.207E-06    0.207E-06    0.000E+00    0.000E+00
     9.699     0.802    0.190E-01    0.120E-02    0.123E-03    0.000E+00    0.000E+00    0.000E+00    0.000E+00    0.200E-06    0.200E-06    0.000E+00    0.000E+00
     9.699     0.803    0.187E-01    0.117E-02    0.120E-03    0.000E+00    0.000E+00    0.000E+00    0.000E+00    0.193E-06    0.193E-06    0.000E+00    0.000E+00
     9.699     0.804    0.184E-01    0.114E-02    0.117E-03    0.000E+00    0.000E+00    0.000E+00    0.000E+00    0.187E-06    0.187E-06    0.000E+00    0.000E+00
     9.699     0.805    0.181E-01    0.112E-02    0.114E-03    0.000E+00    0.000E+00    0.000E+00    0.000E+00    0.181E-06    0.181E-06    0.000E+00    0.000E+00
     9.699     0.806    0.178E-01    0.109E-02    0.111E-03    0.000E+00    0.000E+00    0.000E+00    0.000E+00    0.175E-06    0.175E-06    0.000E+00    0.000E+00
     9.699     0.807    0.175E-01    0.106E-02    0.108E-03    0.000E+00    0.000E+00    0.000E+00    0.000E+00    0.169E-06    0.169E-06    0.000E+00    0.000E+00
     9.699     0.808    0.172E-01    0.104E-02    0.105E-03    0.000E+00    0.000E+00    0.000E+00    0.000E+00    0.163E-06    0.163E-06    0.000E+00    0.000E+00
     9.699     0.809    0.169E-01    0.102E-02    0.102E-03    0.000E+00    0.000E+00    0.000E+00    0.000E+00    0.158E-06    0.158E-06    0.000E+00    0.000E+00
     9.699     0.810    0.167E-01    0.992E-03    0.997E-04    0.000E+00    0.000E+00    0.000E+00    0.000E+00    0.152E-06    0.152E-06    0.000E+00    0.000E+00
     9.699     0.811    0.164E-01    0.968E-03    0.970E-04    0.000E+00    0.000E+00    0.000E+00    0.000E+00    0.147E-06    0.147E-06    0.000E+00    0.000E+00
     9.699     0.812    0.161E-01    0.945E-03    0.944E-04    0.000E+00    0.000E+00    0.000E+00    0.000E+00    0.142E-06    0.142E-06    0.000E+00    0.000E+00
     9.699     0.813    0.159E-01    0.922E-03    0.919E-04    0.000E+00    0.000E+00    0.000E+00    0.000E+00    0.138E-06    0.138E-06    0.000E+00    0.000E+00
     9.699     0.814    0.156E-01    0.899E-03    0.894E-04    0.000E+00    0.000E+00    0.000E+00    0.000E+00    0.133E-06    0.133E-06    0.000E+00    0.000E+00
     9.699     0.815    0.153E-01    0.876E-03    0.869E-04    0.000E+00    0.000E+00    0.000E+00    0.000E+00    0.128E-06    0.128E-06    0.000E+00    0.000E+00
     9.699     0.816    0.151E-01    0.853E-03    0.845E-04    0.000E+00    0.000E+00    0.000E+00    0.000E+00    0.123E-06    0.123E-06    0.000E+00    0.000E+00
     9.699     0.817    0.148E-01    0.831E-03    0.821E-04    0.000E+00    0.000E+00    0.000E+00    0.000E+00    0.119E-06    0.119E-06    0.000E+00    0.000E+00
     9.699     0.818    0.146E-01    0.810E-03    0.798E-04    0.000E+00    0.000E+00    0.000E+00    0.000E+00    0.115E-06    0.115E-06    0.000E+00    0.000E+00
     9.699     0.819    0.143E-01    0.788E-03    0.776E-04    0.000E+00    0.000E+00    0.000E+00    0.000E+00    0.111E-06    0.111E-06    0.000E+00    0.000E+00
     9.699     0.820    0.141E-01    0.767E-03    0.754E-04    0.000E+00    0.000E+00    0.000E+00    0.000E+00    0.107E-06    0.107E-06    0.000E+00    0.000E+00
     9.699     0.821    0.138E-01    0.747E-03    0.733E-04    0.000E+00    0.000E+00    0.000E+00    0.000E+00    0.103E-06    0.103E-06    0.000E+00    0.000E+00
     9.699     0.822    0.136E-01    0.727E-03    0.712E-04    0.000E+00    0.000E+00    0.000E+00    0.000E+00    0.990E-07    0.990E-07    0.000E+00    0.000E+00
     9.699     0.823    0.133E-01    0.707E-03    0.692E-04    0.000E+00    0.000E+00    0.000E+00    0.000E+00    0.954E-07    0.954E-07    0.000E+00    0.000E+00
     9.699     0.824    0.131E-01    0.688E-03    0.672E-04    0.000E+00    0.000E+00    0.000E+00    0.000E+00    0.919E-07    0.919E-07    0.000E+00    0.000E+00
     9.699     0.825    0.129E-01    0.669E-03    0.653E-04    0.000E+00    0.000E+00    0.000E+00    0.000E+00    0.885E-07    0.885E-07    0.000E+00    0.000E+00
     9.699     0.826    0.126E-01    0.650E-03    0.634E-04    0.000E+00    0.000E+00    0.000E+00    0.000E+00    0.853E-07    0.853E-07    0.000E+00    0.000E+00
     9.699     0.827    0.124E-01    0.632E-03    0.616E-04    0.000E+00    0.000E+00    0.000E+00    0.000E+00    0.822E-07    0.822E-07    0.000E+00    0.000E+00
     9.699     0.828    0.122E-01    0.614E-03    0.598E-04    0.000E+00    0.000E+00    0.000E+00    0.000E+00    0.791E-07    0.791E-07    0.000E+00    0.000E+00
     9.699     0.829    0.119E-01    0.597E-03    0.581E-04    0.000E+00    0.000E+00    0.000E+00    0.000E+00    0.762E-07    0.762E-07    0.000E+00    0.000E+00
     9.699     0.830    0.117E-01    0.580E-03    0.564E-04    0.000E+00    0.000E+00    0.000E+00    0.000E+00    0.734E-07    0.734E-07    0.000E+00    0.000E+00
     9.699     0.831    0.115E-01    0.563E-03    0.547E-04    0.000E+00    0.000E+00    0.000E+00    0.000E+00    0.707E-07    0.707E-07    0.000E+00    0.000E+00
     9.699     0.832    0.113E-01    0.547E-03    0.531E-04    0.000E+00    0.000E+00    0.000E+00    0.000E+00    0.681E-07    0.681E-07    0.000E+00    0.000E+00
     9.699     0.833    0.111E-01    0.531E-03    0.516E-04    0.000E+00    0.000E+00    0.000E+00    0.000E+00    0.656E-07    0.656E-07    0.000E+00    0.000E+00
     9.699     0.834    0.109E-01    0.515E-03    0.500E-04    0.000E+00    0.000E+00    0.000E+00    0.000E+00    0.632E-07    0.632E-07    0.000E+00    0.000E+00
     9.699     0.835    0.106E-01    0.500E-03    0.486E-04    0.000E+00    0.000E+00    0.000E+00    0.000E+00    0.609E-07    0.609E-07    0.000E+00    0.000E+00
     9.699     0.836    0.104E-01    0.485E-03    0.471E-04    0.000E+00    0.000E+00    0.000E+00    0.000E+00    0.586E-07    0.586E-07    0.000E+00    0.000E+00
     9.699     0.837    0.102E-01    0.470E-03    0.457E-04    0.000E+00    0.000E+00    0.000E+00    0.000E+00    0.563E-07    0.563E-07    0.000E+00    0.000E+00
     9.699     0.838    0.100E-01    0.456E-03    0.443E-04    0.000E+00    0.000E+00    0.000E+00    0.000E+00    0.541E-07    0.541E-07    0.000E+00    0.000E+00
     9.699     0.839    0.984E-02    0.443E-03    0.429E-04    0.000E+00    0.000E+00    0.000E+00    0.000E+00    0.519E-07    0.519E-07    0.000E+00    0.000E+00
     9.699     0.840    0.965E-02    0.429E-03    0.416E-04    0.000E+00    0.000E+00    0.000E+00    0.000E+00    0.499E-07    0.499E-07    0.000E+00    0.000E+00
     9.699     0.841    0.946E-02    0.416E-03    0.403E-04    0.000E+00    0.000E+00    0.000E+00    0.000E+00    0.479E-07    0.479E-07    0.000E+00    0.000E+00
     9.699     0.842    0.927E-02    0.403E-03    0.390E-04    0.000E+00    0.000E+00    0.000E+00    0.000E+00    0.459E-07    0.459E-07    0.000E+00    0.000E+00
     9.699     0.843    0.908E-02    0.391E-03    0.378E-04    0.000E+00    0.000E+00    0.000E+00    0.000E+00    0.441E-07    0.441E-07    0.000E+00    0.000E+00
     9.699     0.844    0.890E-02    0.379E-03    0.366E-04    0.000E+00    0.000E+00    0.000E+00    0.000E+00    0.423E-07    0.423E-07    0.000E+00    0.000E+00
     9.699     0.845    0.872E-02    0.367E-03    0.354E-04    0.000E+00    0.000E+00    0.000E+00    0.000E+00    0.406E-07    0.406E-07    0.000E+00    0.000E+00
     9.699     0.846    0.854E-02    0.355E-03    0.343E-04    0.000E+00    0.000E+00    0.000E+00    0.000E+00    0.389E-07    0.389E-07    0.000E+00    0.000E+00
     9.699     0.847    0.836E-02    0.344E-03    0.332E-04    0.000E+00    0.000E+00    0.000E+00    0.000E+00    0.373E-07    0.373E-07    0.000E+00    0.000E+00
     9.699     0.848    0.818E-02    0.333E-03    0.321E-04    0.000E+00    0.000E+00    0.000E+00    0.000E+00    0.358E-07    0.358E-07    0.000E+00    0.000E+00
     9.699     0.849    0.801E-02    0.322E-03    0.311E-04    0.000E+00    0.000E+00    0.000E+00    0.000E+00    0.343E-07    0.343E-07    0.000E+00    0.000E+00
     9.699     0.850    0.784E-02    0.312E-03    0.301E-04    0.000E+00    0.000E+00    0.000E+00    0.000E+00    0.329E-07    0.329E-07    0.000E+00    0.000E+00
     9.699     0.851    0.768E-02    0.302E-03    0.291E-04    0.000E+00    0.000E+00    0.000E+00    0.000E+00    0.315E-07    0.315E-07    0.000E+00    0.000E+00
     9.699     0.852    0.751E-02    0.292E-03    0.282E-04    0.000E+00    0.000E+00    0.000E+00    0.000E+00    0.302E-07    0.302E-07    0.000E+00    0.000E+00
     9.699     0.853    0.735E-02    0.282E-03    0.272E-04    0.000E+00    0.000E+00    0.000E+00    0.000E+00    0.290E-07    0.290E-07    0.000E+00    0.000E+00
     9.699     0.854    0.719E-02    0.273E-03    0.263E-04    0.000E+00    0.000E+00    0.000E+00    0.000E+00    0.278E-07    0.278E-07    0.000E+00    0.000E+00
     9.699     0.855    0.703E-02    0.264E-03    0.255E-04    0.000E+00    0.000E+00    0.000E+00    0.000E+00    0.267E-07    0.267E-07    0.000E+00    0.000E+00
     9.699     0.856    0.688E-02    0.255E-03    0.246E-04    0.000E+00    0.000E+00    0.000E+00    0.000E+00    0.256E-07    0.256E-07    0.000E+00    0.000E+00
     9.699     0.857    0.672E-02    0.247E-03    0.238E-04    0.000E+00    0.000E+00    0.000E+00    0.000E+00    0.245E-07    0.245E-07    0.000E+00    0.000E+00
     9.699     0.858    0.657E-02    0.238E-03    0.230E-04    0.000E+00    0.000E+00    0.000E+00    0.000E+00    0.235E-07    0.235E-07    0.000E+00    0.000E+00
     9.699     0.859    0.642E-02    0.230E-03    0.223E-04    0.000E+00    0.000E+00    0.000E+00    0.000E+00    0.225E-07    0.225E-07    0.000E+00    0.000E+00
     9.699     0.860    0.628E-02    0.222E-03    0.215E-04    0.000E+00    0.000E+00    0.000E+00    0.000E+00    0.215E-07    0.215E-07    0.000E+00    0.000E+00
     9.699     0.861    0.613E-02    0.215E-03    0.207E-04    0.000E+00    0.000E+00    0.000E+00    0.000E+00    0.206E-07    0.206E-07    0.000E+00    0.000E+00
     9.699     0.862    0.599E-02    0.207E-03    0.200E-04    0.000E+00    0.000E+00    0.000E+00    0.000E+00    0.196E-07    0.196E-07    0.000E+00    0.000E+00
     9.699     0.863    0.585E-02    0.200E-03    0.193E-04    0.000E+00    0.000E+00    0.000E+00    0.000E+00    0.187E-07    0.187E-07    0.000E+00    0.000E+00
     9.699     0.864    0.572E-02    0.192E-03    0.186E-04    0.000E+00    0.000E+00    0.000E+00    0.000E+00    0.179E-07    0.179E-07    0.000E+00    0.000E+00
     9.699     0.865    0.558E-02    0.185E-03    0.179E-04    0.000E+00    0.000E+00    0.000E+00    0.000E+00    0.170E-07    0.170E-07    0.000E+00    0.000E+00
     9.699     0.866    0.545E-02    0.179E-03    0.173E-04    0.000E+00    0.000E+00    0.000E+00    0.000E+00    0.163E-07    0.163E-07    0.000E+00    0.000E+00
     9.699     0.867    0.532E-02    0.172E-03    0.167E-04    0.000E+00    0.000E+00    0.000E+00    0.000E+00    0.155E-07    0.155E-07    0.000E+00    0.000E+00
     9.699     0.868    0.519E-02    0.166E-03    0.161E-04    0.000E+00    0.000E+00    0.000E+00    0.000E+00    0.148E-07    0.148E-07    0.000E+00    0.000E+00
     9.699     0.869    0.506E-02    0.160E-03    0.155E-04    0.000E+00    0.000E+00    0.000E+00    0.000E+00    0.141E-07    0.141E-07    0.000E+00    0.000E+00
     9.699     0.870    0.494E-02    0.154E-03    0.149E-04    0.000E+00    0.000E+00    0.000E+00    0.000E+00    0.134E-07    0.134E-07    0.000E+00    0.000E+00
     9.699     0.871    0.482E-02    0.148E-03    0.143E-04    0.000E+00    0.000E+00    0.000E+00    0.000E+00    0.128E-07    0.128E-07    0.000E+00    0.000E+00
     9.699     0.872    0.469E-02    0.142E-03    0.138E-04    0.000E+00    0.000E+00    0.000E+00    0.000E+00    0.122E-07    0.122E-07    0.000E+00    0.000E+00
     9.699     0.873    0.458E-02    0.137E-03    0.133E-04    0.000E+00    0.000E+00    0.000E+00    0.000E+00    0.116E-07    0.116E-07    0.000E+00    0.000E+00
     9.699     0.874    0.446E-02    0.132E-03    0.128E-04    0.000E+00    0.000E+00    0.000E+00    0.000E+00    0.111E-07    0.111E-07    0.000E+00    0.000E+00
     9.699     0.875    0.435E-02    0.127E-03    0.123E-04    0.000E+00    0.000E+00    0.000E+00    0.000E+00    0.105E-07    0.105E-07    0.000E+00    0.000E+00
     9.699     0.876    0.423E-02    0.122E-03    0.119E-04    0.000E+00    0.000E+00    0.000E+00    0.000E+00    0.100E-07    0.100E-07    0.000E+00    0.000E+00
     9.699     0.877    0.412E-02    0.117E-03    0.114E-04    0.000E+00    0.000E+00    0.000E+00    0.000E+00    0.956E-08    0.956E-08    0.000E+00    0.000E+00
     9.699     0.878    0.402E-02    0.112E-03    0.110E-04    0.000E+00    0.000E+00    0.000E+00    0.000E+00    0.911E-08    0.911E-08    0.000E+00    0.000E+00
     9.699     0.879    0.391E-02    0.108E-03    0.105E-04    0.000E+00    0.000E+00    0.000E+00    0.000E+00    0.868E-08    0.868E-08    0.000E+00    0.000E+00
     9.699     0.880    0.381E-02    0.104E-03    0.101E-04    0.000E+00    0.000E+00    0.000E+00    0.000E+00    0.828E-08    0.828E-08    0.000E+00    0.000E+00
     9.699     0.881    0.370E-02    0.996E-04    0.975E-05    0.000E+00    0.000E+00    0.000E+00    0.000E+00    0.789E-08    0.789E-08    0.000E+00    0.000E+00
     9.699     0.882    0.360E-02    0.956E-04    0.937E-05    0.000E+00    0.000E+00    0.000E+00    0.000E+00    0.752E-08    0.752E-08    0.000E+00    0.000E+00
     9.699     0.883    0.350E-02    0.916E-04    0.900E-05    0.000E+00    0.000E+00    0.000E+00    0.000E+00    0.715E-08    0.715E-08    0.000E+00    0.000E+00
     9.699     0.884    0.341E-02    0.878E-04    0.863E-05    0.000E+00    0.000E+00    0.000E+00    0.000E+00    0.677E-08    0.677E-08    0.000E+00    0.000E+00
     9.699     0.885    0.331E-02    0.840E-04    0.827E-05    0.000E+00    0.000E+00    0.000E+00    0.000E+00    0.641E-08    0.641E-08    0.000E+00    0.000E+00
     9.699     0.886    0.322E-02    0.804E-04    0.792E-05    0.000E+00    0.000E+00    0.000E+00    0.000E+00    0.606E-08    0.606E-08    0.000E+00    0.000E+00
     9.699     0.887    0.313E-02    0.770E-04    0.759E-05    0.000E+00    0.000E+00    0.000E+00    0.000E+00    0.573E-08    0.573E-08    0.000E+00    0.000E+00
     9.699     0.888    0.304E-02    0.736E-04    0.727E-05    0.000E+00    0.000E+00    0.000E+00    0.000E+00    0.541E-08    0.541E-08    0.000E+00    0.000E+00
     9.699     0.889    0.295E-02    0.704E-04    0.696E-05    0.000E+00    0.000E+00    0.000E+00    0.000E+00    0.511E-08    0.511E-08    0.000E+00    0.000E+00
     9.699     0.890    0.286E-02    0.672E-04    0.666E-05    0.000E+00    0.000E+00    0.000E+00    0.000E+00    0.483E-08    0.483E-08    0.000E+00    0.000E+00
     9.699     0.891    0.278E-02    0.642E-04    0.637E-05    0.000E+00    0.000E+00    0.000E+00    0.000E+00    0.456E-08    0.456E-08    0.000E+00    0.000E+00
     9.699     0.892    0.270E-02    0.614E-04    0.609E-05    0.000E+00    0.000E+00    0.000E+00    0.000E+00    0.430E-08    0.430E-08    0.000E+00    0.000E+00
     9.699     0.893    0.262E-02    0.586E-04    0.582E-05    0.000E+00    0.000E+00    0.000E+00    0.000E+00    0.406E-08    0.406E-08    0.000E+00    0.000E+00
     9.699     0.894    0.254E-02    0.559E-04    0.557E-05    0.000E+00    0.000E+00    0.000E+00    0.000E+00    0.383E-08    0.383E-08    0.000E+00    0.000E+00
     9.699     0.895    0.246E-02    0.533E-04    0.532E-05    0.000E+00    0.000E+00    0.000E+00    0.000E+00    0.361E-08    0.361E-08    0.000E+00    0.000E+00
     9.699     0.896    0.238E-02    0.509E-04    0.508E-05    0.000E+00    0.000E+00    0.000E+00    0.000E+00    0.341E-08    0.341E-08    0.000E+00    0.000E+00
     9.699     0.897    0.231E-02    0.485E-04    0.485E-05    0.000E+00    0.000E+00    0.000E+00    0.000E+00    0.321E-08    0.321E-08    0.000E+00    0.000E+00
     9.699     0.898    0.224E-02    0.462E-04    0.463E-05    0.000E+00    0.000E+00    0.000E+00    0.000E+00    0.303E-08    0.303E-08    0.000E+00    0.000E+00
     9.699     0.899    0.216E-02    0.441E-04    0.442E-05    0.000E+00    0.000E+00    0.000E+00    0.000E+00    0.286E-08    0.286E-08    0.000E+00    0.000E+00
     9.699     0.900    0.209E-02    0.420E-04    0.422E-05    0.000E+00    0.000E+00    0.000E+00    0.000E+00    0.270E-08    0.270E-08    0.000E+00    0.000E+00
     9.699     0.901    0.203E-02    0.400E-04    0.403E-05    0.000E+00    0.000E+00    0.000E+00    0.000E+00    0.255E-08    0.255E-08    0.000E+00    0.000E+00
     9.699     0.902    0.196E-02    0.381E-04    0.384E-05    0.000E+00    0.000E+00    0.000E+00    0.000E+00    0.241E-08    0.241E-08    0.000E+00    0.000E+00
     9.699     0.903    0.190E-02    0.362E-04    0.367E-05    0.000E+00    0.000E+00    0.000E+00    0.000E+00    0.228E-08    0.228E-08    0.000E+00    0.000E+00
     9.699     0.904    0.183E-02    0.345E-04    0.350E-05    0.000E+00    0.000E+00    0.000E+00    0.000E+00    0.215E-08    0.215E-08    0.000E+00    0.000E+00
     9.699     0.905    0.177E-02    0.328E-04    0.333E-05    0.000E+00    0.000E+00    0.000E+00    0.000E+00    0.204E-08    0.204E-08    0.000E+00    0.000E+00
     9.699     0.906    0.171E-02    0.312E-04    0.317E-05    0.000E+00    0.000E+00    0.000E+00    0.000E+00    0.193E-08    0.193E-08    0.000E+00    0.000E+00
     9.699     0.907    0.165E-02    0.296E-04    0.301E-05    0.000E+00    0.000E+00    0.000E+00    0.000E+00    0.180E-08    0.180E-08    0.000E+00    0.000E+00
     9.699     0.908    0.159E-02    0.280E-04    0.286E-05    0.000E+00    0.000E+00    0.000E+00    0.000E+00    0.168E-08    0.168E-08    0.000E+00    0.000E+00
     9.699     0.909    0.154E-02    0.265E-04    0.271E-05    0.000E+00    0.000E+00    0.000E+00    0.000E+00    0.157E-08    0.157E-08    0.000E+00    0.000E+00
     9.699     0.910    0.148E-02    0.250E-04    0.257E-05    0.000E+00    0.000E+00    0.000E+00    0.000E+00    0.146E-08    0.146E-08    0.000E+00    0.000E+00
     9.699     0.911    0.143E-02    0.237E-04    0.243E-05    0.000E+00    0.000E+00    0.000E+00    0.000E+00    0.136E-08    0.136E-08    0.000E+00    0.000E+00
     9.699     0.912    0.137E-02    0.223E-04    0.230E-05    0.000E+00    0.000E+00    0.000E+00    0.000E+00    0.126E-08    0.126E-08    0.000E+00    0.000E+00
     9.699     0.913    0.132E-02    0.211E-04    0.218E-05    0.000E+00    0.000E+00    0.000E+00    0.000E+00    0.117E-08    0.117E-08    0.000E+00    0.000E+00
     9.699     0.914    0.127E-02    0.199E-04    0.206E-05    0.000E+00    0.000E+00    0.000E+00    0.000E+00    0.109E-08    0.109E-08    0.000E+00    0.000E+00
     9.699     0.915    0.123E-02    0.188E-04    0.195E-05    0.000E+00    0.000E+00    0.000E+00    0.000E+00    0.101E-08    0.101E-08    0.000E+00    0.000E+00
     9.699     0.916    0.118E-02    0.177E-04    0.184E-05    0.000E+00    0.000E+00    0.000E+00    0.000E+00    0.937E-09    0.937E-09    0.000E+00    0.000E+00
     9.699     0.917    0.113E-02    0.167E-04    0.174E-05    0.000E+00    0.000E+00    0.000E+00    0.000E+00    0.869E-09    0.869E-09    0.000E+00    0.000E+00
     9.699     0.918    0.109E-02    0.157E-04    0.164E-05    0.000E+00    0.000E+00    0.000E+00    0.000E+00    0.806E-09    0.806E-09    0.000E+00    0.000E+00
     9.699     0.919    0.105E-02    0.148E-04    0.155E-05    0.000E+00    0.000E+00    0.000E+00    0.000E+00    0.748E-09    0.748E-09    0.000E+00    0.000E+00
     9.699     0.920    0.100E-02    0.139E-04    0.146E-05    0.000E+00    0.000E+00    0.000E+00    0.000E+00    0.694E-09    0.694E-09    0.000E+00    0.000E+00
     9.699     0.921    0.962E-03    0.131E-04    0.137E-05    0.000E+00    0.000E+00    0.000E+00    0.000E+00    0.645E-09    0.645E-09    0.000E+00    0.000E+00
     9.699     0.922    0.922E-03    0.123E-04    0.129E-05    0.000E+00    0.000E+00    0.000E+00    0.000E+00    0.599E-09    0.599E-09    0.000E+00    0.000E+00
     9.699     0.923    0.884E-03    0.115E-04    0.122E-05    0.000E+00    0.000E+00    0.000E+00    0.000E+00    0.557E-09    0.557E-09    0.000E+00    0.000E+00
     9.699     0.924    0.846E-03    0.109E-04    0.115E-05    0.000E+00    0.000E+00    0.000E+00    0.000E+00    0.519E-09    0.519E-09    0.000E+00    0.000E+00
     9.699     0.925    0.810E-03    0.102E-04    0.108E-05    0.000E+00    0.000E+00    0.000E+00    0.000E+00    0.485E-09    0.485E-09    0.000E+00    0.000E+00
     9.699     0.926    0.775E-03    0.959E-05    0.102E-05    0.000E+00    0.000E+00    0.000E+00    0.000E+00    0.453E-09    0.453E-09    0.000E+00    0.000E+00
     9.699     0.927    0.741E-03    0.902E-05    0.959E-06    0.000E+00    0.000E+00    0.000E+00    0.000E+00    0.425E-09    0.425E-09    0.000E+00    0.000E+00
     9.699     0.928    0.708E-03    0.848E-05    0.903E-06    0.000E+00    0.000E+00    0.000E+00    0.000E+00    0.400E-09    0.400E-09    0.000E+00    0.000E+00
     9.699     0.929    0.676E-03    0.797E-05    0.850E-06    0.000E+00    0.000E+00    0.000E+00    0.000E+00    0.377E-09    0.377E-09    0.000E+00    0.000E+00
     9.699     0.930    0.645E-03    0.744E-05    0.794E-06    0.000E+00    0.000E+00    0.000E+00    0.000E+00    0.347E-09    0.347E-09    0.000E+00    0.000E+00
     9.699     0.931    0.614E-03    0.691E-05    0.740E-06    0.000E+00    0.000E+00    0.000E+00    0.000E+00    0.316E-09    0.316E-09    0.000E+00    0.000E+00
     9.699     0.932    0.585E-03    0.640E-05    0.688E-06    0.000E+00    0.000E+00    0.000E+00    0.000E+00    0.287E-09    0.287E-09    0.000E+00    0.000E+00
     9.699     0.933    0.557E-03    0.593E-05    0.639E-06    0.000E+00    0.000E+00    0.000E+00    0.000E+00    0.260E-09    0.260E-09    0.000E+00    0.000E+00
     9.699     0.934    0.530E-03    0.549E-05    0.593E-06    0.000E+00    0.000E+00    0.000E+00    0.000E+00    0.236E-09    0.236E-09    0.000E+00    0.000E+00
     9.699     0.935    0.503E-03    0.507E-05    0.549E-06    0.000E+00    0.000E+00    0.000E+00    0.000E+00    0.213E-09    0.213E-09    0.000E+00    0.000E+00
     9.699     0.936    0.478E-03    0.468E-05    0.509E-06    0.000E+00    0.000E+00    0.000E+00    0.000E+00    0.192E-09    0.192E-09    0.000E+00    0.000E+00
     9.699     0.937    0.453E-03    0.431E-05    0.470E-06    0.000E+00    0.000E+00    0.000E+00    0.000E+00    0.173E-09    0.173E-09    0.000E+00    0.000E+00
     9.699     0.938    0.429E-03    0.397E-05    0.434E-06    0.000E+00    0.000E+00    0.000E+00    0.000E+00    0.155E-09    0.155E-09    0.000E+00    0.000E+00
     9.699     0.939    0.407E-03    0.365E-05    0.400E-06    0.000E+00    0.000E+00    0.000E+00    0.000E+00    0.139E-09    0.139E-09    0.000E+00    0.000E+00
     9.699     0.940    0.385E-03    0.335E-05    0.369E-06    0.000E+00    0.000E+00    0.000E+00    0.000E+00    0.125E-09    0.125E-09    0.000E+00    0.000E+00
     9.699     0.941    0.364E-03    0.308E-05    0.340E-06    0.000E+00    0.000E+00    0.000E+00    0.000E+00    0.113E-09    0.113E-09    0.000E+00    0.000E+00
     9.699     0.942    0.343E-03    0.283E-05    0.312E-06    0.000E+00    0.000E+00    0.000E+00    0.000E+00    0.101E-09    0.101E-09    0.000E+00    0.000E+00
     9.699     0.943    0.324E-03    0.259E-05    0.287E-06    0.000E+00    0.000E+00    0.000E+00    0.000E+00    0.914E-10    0.914E-10    0.000E+00    0.000E+00
     9.699     0.944    0.305E-03    0.238E-05    0.264E-06    0.000E+00    0.000E+00    0.000E+00    0.000E+00    0.828E-10    0.828E-10    0.000E+00    0.000E+00
     9.699     0.945    0.287E-03    0.218E-05    0.242E-06    0.000E+00    0.000E+00    0.000E+00    0.000E+00    0.754E-10    0.754E-10    0.000E+00    0.000E+00
     9.699     0.946    0.270E-03    0.201E-05    0.223E-06    0.000E+00    0.000E+00    0.000E+00    0.000E+00    0.691E-10    0.691E-10    0.000E+00    0.000E+00
     9.699     0.947    0.253E-03    0.184E-05    0.205E-06    0.000E+00    0.000E+00    0.000E+00    0.000E+00    0.639E-10    0.639E-10    0.000E+00    0.000E+00
     9.699     0.948    0.237E-03    0.170E-05    0.188E-06    0.000E+00    0.000E+00    0.000E+00    0.000E+00    0.596E-10    0.596E-10    0.000E+00    0.000E+00
     9.699     0.949    0.222E-03    0.157E-05    0.173E-06    0.000E+00    0.000E+00    0.000E+00    0.000E+00    0.562E-10    0.562E-10    0.000E+00    0.000E+00
     9.699     0.950    0.207E-03    0.145E-05    0.160E-06    0.000E+00    0.000E+00    0.000E+00    0.000E+00    0.537E-10    0.537E-10    0.000E+00    0.000E+00
     9.699     0.951    0.194E-03    0.134E-05    0.147E-06    0.000E+00    0.000E+00    0.000E+00    0.000E+00    0.518E-10    0.518E-10    0.000E+00    0.000E+00
     9.699     0.952    0.180E-03    0.125E-05    0.136E-06    0.000E+00    0.000E+00    0.000E+00    0.000E+00    0.507E-10    0.507E-10    0.000E+00    0.000E+00
     9.699     0.953    0.167E-03    0.116E-05    0.125E-06    0.330E-09    0.330E-09    0.132E-09    0.132E-09    0.490E-10    0.490E-10    0.000E+00    0.000E+00
     9.699     0.954    0.155E-03    0.103E-05    0.111E-06    0.218E-08    0.218E-08    0.870E-09    0.870E-09    0.429E-10    0.429E-10    0.000E+00    0.000E+00
     9.699     0.955    0.142E-03    0.904E-06    0.984E-07    0.409E-08    0.409E-08    0.164E-08    0.164E-08    0.374E-10    0.374E-10    0.000E+00    0.000E+00
     9.699     0.956    0.131E-03    0.793E-06    0.864E-07    0.607E-08    0.607E-08    0.243E-08    0.243E-08    0.323E-10    0.323E-10    0.000E+00    0.000E+00
     9.699     0.957    0.119E-03    0.690E-06    0.754E-07    0.809E-08    0.809E-08    0.324E-08    0.324E-08    0.277E-10    0.277E-10    0.000E+00    0.000E+00
     9.699     0.958    0.109E-03    0.596E-06    0.653E-07    0.102E-07    0.102E-07    0.406E-08    0.406E-08    0.234E-10    0.234E-10    0.000E+00    0.000E+00
     9.699     0.959    0.986E-04    0.510E-06    0.560E-07    0.123E-07    0.123E-07    0.490E-08    0.490E-08    0.196E-10    0.196E-10    0.000E+00    0.000E+00
     9.699     0.960    0.890E-04    0.433E-06    0.477E-07    0.144E-07    0.144E-07    0.575E-08    0.575E-08    0.162E-10    0.162E-10    0.000E+00    0.000E+00
     9.699     0.961    0.800E-04    0.362E-06    0.401E-07    0.165E-07    0.165E-07    0.660E-08    0.660E-08    0.132E-10    0.132E-10    0.000E+00    0.000E+00
     9.699     0.962    0.714E-04    0.300E-06    0.333E-07    0.186E-07    0.186E-07    0.745E-08    0.745E-08    0.105E-10    0.105E-10    0.000E+00    0.000E+00
     9.699     0.963    0.633E-04    0.244E-06    0.273E-07    0.208E-07    0.208E-07    0.830E-08    0.830E-08    0.814E-11    0.814E-11    0.000E+00    0.000E+00
     9.699     0.964    0.557E-04    0.195E-06    0.219E-07    0.229E-07    0.229E-07    0.914E-08    0.914E-08    0.611E-11    0.611E-11    0.000E+00    0.000E+00
     9.699     0.965    0.485E-04    0.152E-06    0.173E-07    0.249E-07    0.249E-07    0.997E-08    0.997E-08    0.440E-11    0.440E-11    0.000E+00    0.000E+00
     9.699     0.966    0.418E-04    0.116E-06    0.133E-07    0.270E-07    0.270E-07    0.108E-07    0.108E-07    0.298E-11    0.298E-11    0.000E+00    0.000E+00
     9.699     0.967    0.355E-04    0.848E-07    0.984E-08    0.290E-07    0.290E-07    0.116E-07    0.116E-07    0.183E-11    0.183E-11    0.000E+00    0.000E+00
     9.699     0.968    0.297E-04    0.592E-07    0.701E-08    0.309E-07    0.309E-07    0.124E-07    0.124E-07    0.935E-12    0.935E-12    0.000E+00    0.000E+00
     9.699     0.969    0.243E-04    0.387E-07    0.470E-08    0.328E-07    0.328E-07    0.131E-07    0.131E-07    0.279E-12    0.279E-12    0.000E+00    0.000E+00
     9.699     0.970    0.193E-04    0.229E-07    0.290E-08    0.345E-07    0.345E-07    0.138E-07    0.138E-07    0.000E+00    0.000E+00    0.000E+00    0.000E+00
     9.699     0.971    0.147E-04    0.114E-07    0.156E-08    0.362E-07    0.362E-07    0.145E-07    0.145E-07    0.000E+00    0.000E+00    0.000E+00    0.000E+00
     9.699     0.972    0.104E-04    0.390E-08    0.657E-09    0.378E-07    0.378E-07    0.151E-07    0.151E-07    0.000E+00    0.000E+00    0.000E+00    0.000E+00
     9.699     0.973    0.660E-05    0.109E-09    0.143E-09    0.393E-07    0.393E-07    0.157E-07    0.157E-07    0.000E+00    0.000E+00    0.000E+00    0.000E+00
     9.699     0.974    0.311E-05    0.000E+00    0.000E+00    0.407E-07    0.407E-07    0.163E-07    0.163E-07    0.000E+00    0.000E+00    0.000E+00    0.000E+00
     9.699     0.975    0.000E+00    0.217E-08    0.152E-09    0.419E-07    0.419E-07    0.168E-07    0.168E-07    0.370E-12    0.370E-12    0.000E+00    0.000E+00
     9.699     0.976    0.000E+00    0.733E-08    0.603E-09    0.430E-07    0.430E-07    0.172E-07    0.172E-07    0.890E-12    0.890E-12    0.000E+00    0.000E+00
     9.699     0.977    0.000E+00    0.148E-07    0.130E-08    0.440E-07    0.440E-07    0.176E-07    0.176E-07    0.151E-11    0.151E-11    0.000E+00    0.000E+00
     9.699     0.978    0.000E+00    0.242E-07    0.222E-08    0.448E-07    0.448E-07    0.179E-07    0.179E-07    0.220E-11    0.220E-11    0.000E+00    0.000E+00
     9.699     0.979    0.000E+00    0.352E-07    0.330E-08    0.454E-07    0.454E-07    0.182E-07    0.182E-07    0.296E-11    0.296E-11    0.000E+00    0.000E+00
     9.699     0.980    0.000E+00    0.474E-07    0.453E-08    0.458E-07    0.458E-07    0.183E-07    0.183E-07    0.376E-11    0.376E-11    0.000E+00    0.000E+00
     9.699     0.981    0.000E+00    0.606E-07    0.586E-08    0.461E-07    0.461E-07    0.184E-07    0.184E-07    0.458E-11    0.458E-11    0.000E+00    0.000E+00
     9.699     0.982    0.000E+00    0.743E-07    0.725E-08    0.461E-07    0.461E-07    0.185E-07    0.185E-07    0.541E-11    0.541E-11    0.000E+00    0.000E+00
     9.699     0.983    0.000E+00    0.881E-07    0.867E-08    0.460E-07    0.460E-07    0.184E-07    0.184E-07    0.623E-11    0.623E-11    0.000E+00    0.000E+00
     9.699     0.984    0.000E+00    0.102E-06    0.101E-07    0.456E-07    0.456E-07    0.182E-07    0.182E-07    0.702E-11    0.702E-11    0.000E+00    0.000E+00
     9.699     0.985    0.000E+00    0.115E-06    0.114E-07    0.450E-07    0.450E-07    0.180E-07    0.180E-07    0.775E-11    0.775E-11    0.000E+00    0.000E+00
     9.699     0.986    0.000E+00    0.127E-06    0.127E-07    0.441E-07    0.441E-07    0.176E-07    0.176E-07    0.842E-11    0.842E-11    0.000E+00    0.000E+00
     9.699     0.987    0.000E+00    0.138E-06    0.139E-07    0.430E-07    0.430E-07    0.172E-07    0.172E-07    0.900E-11    0.900E-11    0.000E+00    0.000E+00
     9.699     0.988    0.000E+00    0.148E-06    0.149E-07    0.416E-07    0.416E-07    0.166E-07    0.166E-07    0.948E-11    0.948E-11    0.000E+00    0.000E+00
     9.699     0.989    0.000E+00    0.155E-06    0.156E-07    0.399E-07    0.399E-07    0.160E-07    0.160E-07    0.983E-11    0.983E-11    0.000E+00    0.000E+00
     9.699     0.990    0.000E+00    0.160E-06    0.162E-07    0.379E-07    0.379E-07    0.152E-07    0.152E-07    0.100E-10    0.100E-10    0.000E+00    0.000E+00
     9.699     0.991    0.000E+00    0.162E-06    0.165E-07    0.357E-07    0.357E-07    0.143E-07    0.143E-07    0.101E-10    0.101E-10    0.000E+00    0.000E+00
     9.699     0.992    0.000E+00    0.162E-06    0.164E-07    0.331E-07    0.331E-07    0.132E-07    0.132E-07    0.994E-11    0.994E-11    0.000E+00    0.000E+00
     9.699     0.993    0.000E+00    0.157E-06    0.160E-07    0.302E-07    0.302E-07    0.121E-07    0.121E-07    0.961E-11    0.961E-11    0.000E+00    0.000E+00
     9.699     0.994    0.000E+00    0.149E-06    0.152E-07    0.270E-07    0.270E-07    0.108E-07    0.108E-07    0.905E-11    0.905E-11    0.000E+00    0.000E+00
     9.699     0.995    0.000E+00    0.137E-06    0.140E-07    0.234E-07    0.234E-07    0.936E-08    0.936E-08    0.825E-11    0.825E-11    0.000E+00    0.000E+00
     9.699     0.996    0.000E+00    0.120E-06    0.123E-07    0.195E-07    0.195E-07    0.779E-08    0.779E-08    0.720E-11    0.720E-11    0.000E+00    0.000E+00
     9.699     0.997    0.000E+00    0.987E-07    0.101E-07    0.152E-07    0.152E-07    0.607E-08    0.607E-08    0.586E-11    0.586E-11    0.000E+00    0.000E+00
     9.699     0.998    0.000E+00    0.716E-07    0.734E-08    0.105E-07    0.105E-07    0.421E-08    0.421E-08    0.423E-11    0.423E-11    0.000E+00    0.000E+00
     9.699     0.999    0.000E+00    0.389E-07    0.398E-08    0.546E-08    0.546E-08    0.218E-08    0.218E-08    0.229E-11    0.229E-11    0.000E+00    0.000E+00

