     Q**2          x         u           d           g          ub          db          sb          s          cb          c          bb          b
     7.093     0.001    0.556E+00    0.517E+00    0.967E+01    0.489E+00    0.496E+00    0.278E+00    0.278E+00    0.136E+00    0.136E+00    0.000E+00    0.000E+00
     7.093     0.002    0.507E+00    0.467E+00    0.776E+01    0.420E+00    0.431E+00    0.238E+00    0.238E+00    0.113E+00    0.113E+00    0.000E+00    0.000E+00
     7.093     0.003    0.484E+00    0.444E+00    0.675E+01    0.382E+00    0.396E+00    0.216E+00    0.216E+00    0.101E+00    0.101E+00    0.000E+00    0.000E+00
     7.093     0.004    0.472E+00    0.433E+00    0.615E+01    0.358E+00    0.374E+00    0.203E+00    0.203E+00    0.935E-01    0.935E-01    0.000E+00    0.000E+00
     7.093     0.005    0.464E+00    0.426E+00    0.571E+01    0.340E+00    0.358E+00    0.192E+00    0.192E+00    0.878E-01    0.878E-01    0.000E+00    0.000E+00
     7.093     0.006    0.458E+00    0.421E+00    0.536E+01    0.325E+00    0.344E+00    0.184E+00    0.184E+00    0.832E-01    0.832E-01    0.000E+00    0.000E+00
     7.093     0.007    0.455E+00    0.418E+00    0.508E+01    0.313E+00    0.333E+00    0.177E+00    0.177E+00    0.795E-01    0.795E-01    0.000E+00    0.000E+00
     7.093     0.008    0.452E+00    0.415E+00    0.483E+01    0.302E+00    0.322E+00    0.170E+00    0.170E+00    0.760E-01    0.760E-01    0.000E+00    0.000E+00
     7.093     0.009    0.451E+00    0.414E+00    0.463E+01    0.293E+00    0.314E+00    0.165E+00    0.165E+00    0.733E-01    0.733E-01    0.000E+00    0.000E+00
     7.093     0.010    0.449E+00    0.413E+00    0.444E+01    0.284E+00    0.305E+00    0.160E+00    0.160E+00    0.705E-01    0.705E-01    0.000E+00    0.000E+00
     7.093     0.011    0.449E+00    0.412E+00    0.429E+01    0.278E+00    0.299E+00    0.156E+00    0.156E+00    0.684E-01    0.684E-01    0.000E+00    0.000E+00
     7.093     0.012    0.449E+00    0.411E+00    0.414E+01    0.271E+00    0.291E+00    0.152E+00    0.152E+00    0.662E-01    0.662E-01    0.000E+00    0.000E+00
     7.093     0.013    0.449E+00    0.411E+00    0.401E+01    0.264E+00    0.285E+00    0.149E+00    0.149E+00    0.643E-01    0.643E-01    0.000E+00    0.000E+00
     7.093     0.014    0.450E+00    0.411E+00    0.390E+01    0.259E+00    0.280E+00    0.145E+00    0.145E+00    0.627E-01    0.627E-01    0.000E+00    0.000E+00
     7.093     0.015    0.450E+00    0.411E+00    0.379E+01    0.254E+00    0.274E+00    0.142E+00    0.142E+00    0.610E-01    0.610E-01    0.000E+00    0.000E+00
     7.093     0.016    0.451E+00    0.411E+00    0.369E+01    0.249E+00    0.269E+00    0.139E+00    0.139E+00    0.594E-01    0.594E-01    0.000E+00    0.000E+00
     7.093     0.017    0.453E+00    0.411E+00    0.361E+01    0.245E+00    0.264E+00    0.137E+00    0.137E+00    0.581E-01    0.581E-01    0.000E+00    0.000E+00
     7.093     0.018    0.454E+00    0.411E+00    0.352E+01    0.240E+00    0.260E+00    0.134E+00    0.134E+00    0.568E-01    0.568E-01    0.000E+00    0.000E+00
     7.093     0.019    0.455E+00    0.411E+00    0.344E+01    0.236E+00    0.255E+00    0.132E+00    0.132E+00    0.555E-01    0.555E-01    0.000E+00    0.000E+00
     7.093     0.020    0.456E+00    0.411E+00    0.337E+01    0.233E+00    0.251E+00    0.129E+00    0.129E+00    0.543E-01    0.543E-01    0.000E+00    0.000E+00
     7.093     0.021    0.458E+00    0.411E+00    0.330E+01    0.229E+00    0.247E+00    0.127E+00    0.127E+00    0.533E-01    0.533E-01    0.000E+00    0.000E+00
     7.093     0.022    0.459E+00    0.411E+00    0.323E+01    0.226E+00    0.243E+00    0.125E+00    0.125E+00    0.522E-01    0.522E-01    0.000E+00    0.000E+00
     7.093     0.023    0.461E+00    0.411E+00    0.316E+01    0.222E+00    0.240E+00    0.123E+00    0.123E+00    0.511E-01    0.511E-01    0.000E+00    0.000E+00
     7.093     0.024    0.462E+00    0.411E+00    0.310E+01    0.219E+00    0.236E+00    0.121E+00    0.121E+00    0.500E-01    0.500E-01    0.000E+00    0.000E+00
     7.093     0.025    0.464E+00    0.412E+00    0.304E+01    0.216E+00    0.233E+00    0.119E+00    0.119E+00    0.491E-01    0.491E-01    0.000E+00    0.000E+00
     7.093     0.026    0.466E+00    0.412E+00    0.299E+01    0.213E+00    0.229E+00    0.117E+00    0.117E+00    0.482E-01    0.482E-01    0.000E+00    0.000E+00
     7.093     0.027    0.467E+00    0.412E+00    0.294E+01    0.210E+00    0.226E+00    0.116E+00    0.116E+00    0.473E-01    0.473E-01    0.000E+00    0.000E+00
     7.093     0.028    0.469E+00    0.412E+00    0.288E+01    0.207E+00    0.223E+00    0.114E+00    0.114E+00    0.464E-01    0.464E-01    0.000E+00    0.000E+00
     7.093     0.029    0.471E+00    0.412E+00    0.284E+01    0.204E+00    0.220E+00    0.112E+00    0.112E+00    0.456E-01    0.456E-01    0.000E+00    0.000E+00
     7.093     0.030    0.473E+00    0.412E+00    0.279E+01    0.202E+00    0.217E+00    0.111E+00    0.111E+00    0.449E-01    0.449E-01    0.000E+00    0.000E+00
     7.093     0.031    0.475E+00    0.412E+00    0.275E+01    0.200E+00    0.215E+00    0.109E+00    0.109E+00    0.442E-01    0.442E-01    0.000E+00    0.000E+00
     7.093     0.032    0.477E+00    0.413E+00    0.272E+01    0.197E+00    0.212E+00    0.108E+00    0.108E+00    0.435E-01    0.435E-01    0.000E+00    0.000E+00
     7.093     0.033    0.478E+00    0.413E+00    0.268E+01    0.195E+00    0.209E+00    0.107E+00    0.107E+00    0.429E-01    0.429E-01    0.000E+00    0.000E+00
     7.093     0.034    0.480E+00    0.413E+00    0.264E+01    0.193E+00    0.207E+00    0.105E+00    0.105E+00    0.422E-01    0.422E-01    0.000E+00    0.000E+00
     7.093     0.035    0.482E+00    0.413E+00    0.261E+01    0.191E+00    0.205E+00    0.104E+00    0.104E+00    0.416E-01    0.416E-01    0.000E+00    0.000E+00
     7.093     0.036    0.484E+00    0.413E+00    0.258E+01    0.189E+00    0.202E+00    0.103E+00    0.103E+00    0.410E-01    0.410E-01    0.000E+00    0.000E+00
     7.093     0.037    0.486E+00    0.413E+00    0.255E+01    0.187E+00    0.200E+00    0.102E+00    0.102E+00    0.405E-01    0.405E-01    0.000E+00    0.000E+00
     7.093     0.038    0.488E+00    0.413E+00    0.252E+01    0.185E+00    0.198E+00    0.101E+00    0.101E+00    0.400E-01    0.400E-01    0.000E+00    0.000E+00
     7.093     0.039    0.490E+00    0.413E+00    0.249E+01    0.183E+00    0.196E+00    0.996E-01    0.996E-01    0.394E-01    0.394E-01    0.000E+00    0.000E+00
     7.093     0.040    0.492E+00    0.413E+00    0.246E+01    0.181E+00    0.194E+00    0.984E-01    0.984E-01    0.389E-01    0.389E-01    0.000E+00    0.000E+00
     7.093     0.041    0.493E+00    0.413E+00    0.243E+01    0.179E+00    0.192E+00    0.973E-01    0.973E-01    0.383E-01    0.383E-01    0.000E+00    0.000E+00
     7.093     0.042    0.495E+00    0.414E+00    0.240E+01    0.177E+00    0.190E+00    0.962E-01    0.962E-01    0.378E-01    0.378E-01    0.000E+00    0.000E+00
     7.093     0.043    0.497E+00    0.414E+00    0.237E+01    0.176E+00    0.188E+00    0.951E-01    0.951E-01    0.373E-01    0.373E-01    0.000E+00    0.000E+00
     7.093     0.044    0.499E+00    0.414E+00    0.234E+01    0.174E+00    0.186E+00    0.941E-01    0.941E-01    0.368E-01    0.368E-01    0.000E+00    0.000E+00
     7.093     0.045    0.501E+00    0.414E+00    0.232E+01    0.172E+00    0.185E+00    0.931E-01    0.931E-01    0.363E-01    0.363E-01    0.000E+00    0.000E+00
     7.093     0.046    0.502E+00    0.414E+00    0.229E+01    0.170E+00    0.183E+00    0.921E-01    0.921E-01    0.358E-01    0.358E-01    0.000E+00    0.000E+00
     7.093     0.047    0.504E+00    0.414E+00    0.226E+01    0.168E+00    0.181E+00    0.911E-01    0.911E-01    0.353E-01    0.353E-01    0.000E+00    0.000E+00
     7.093     0.048    0.506E+00    0.414E+00    0.224E+01    0.167E+00    0.179E+00    0.901E-01    0.901E-01    0.349E-01    0.349E-01    0.000E+00    0.000E+00
     7.093     0.049    0.507E+00    0.414E+00    0.221E+01    0.165E+00    0.178E+00    0.891E-01    0.891E-01    0.344E-01    0.344E-01    0.000E+00    0.000E+00
     7.093     0.050    0.509E+00    0.414E+00    0.219E+01    0.163E+00    0.176E+00    0.882E-01    0.882E-01    0.340E-01    0.340E-01    0.000E+00    0.000E+00
     7.093     0.051    0.511E+00    0.414E+00    0.217E+01    0.161E+00    0.174E+00    0.873E-01    0.873E-01    0.335E-01    0.335E-01    0.000E+00    0.000E+00
     7.093     0.052    0.512E+00    0.414E+00    0.214E+01    0.160E+00    0.173E+00    0.864E-01    0.864E-01    0.331E-01    0.331E-01    0.000E+00    0.000E+00
     7.093     0.053    0.514E+00    0.414E+00    0.212E+01    0.158E+00    0.172E+00    0.856E-01    0.856E-01    0.327E-01    0.327E-01    0.000E+00    0.000E+00
     7.093     0.054    0.516E+00    0.414E+00    0.210E+01    0.157E+00    0.170E+00    0.847E-01    0.847E-01    0.323E-01    0.323E-01    0.000E+00    0.000E+00
     7.093     0.055    0.517E+00    0.413E+00    0.208E+01    0.155E+00    0.169E+00    0.839E-01    0.839E-01    0.319E-01    0.319E-01    0.000E+00    0.000E+00
     7.093     0.056    0.519E+00    0.413E+00    0.206E+01    0.153E+00    0.167E+00    0.830E-01    0.830E-01    0.315E-01    0.315E-01    0.000E+00    0.000E+00
     7.093     0.057    0.520E+00    0.413E+00    0.204E+01    0.152E+00    0.166E+00    0.822E-01    0.822E-01    0.311E-01    0.311E-01    0.000E+00    0.000E+00
     7.093     0.058    0.522E+00    0.413E+00    0.202E+01    0.150E+00    0.164E+00    0.814E-01    0.814E-01    0.308E-01    0.308E-01    0.000E+00    0.000E+00
     7.093     0.059    0.523E+00    0.413E+00    0.200E+01    0.149E+00    0.163E+00    0.806E-01    0.806E-01    0.304E-01    0.304E-01    0.000E+00    0.000E+00
     7.093     0.060    0.525E+00    0.413E+00    0.198E+01    0.147E+00    0.162E+00    0.799E-01    0.799E-01    0.300E-01    0.300E-01    0.000E+00    0.000E+00
     7.093     0.061    0.527E+00    0.413E+00    0.196E+01    0.146E+00    0.161E+00    0.791E-01    0.791E-01    0.297E-01    0.297E-01    0.000E+00    0.000E+00
     7.093     0.062    0.528E+00    0.413E+00    0.194E+01    0.144E+00    0.159E+00    0.784E-01    0.784E-01    0.294E-01    0.294E-01    0.000E+00    0.000E+00
     7.093     0.063    0.530E+00    0.413E+00    0.193E+01    0.143E+00    0.158E+00    0.777E-01    0.777E-01    0.290E-01    0.290E-01    0.000E+00    0.000E+00
     7.093     0.064    0.531E+00    0.413E+00    0.191E+01    0.142E+00    0.157E+00    0.769E-01    0.769E-01    0.287E-01    0.287E-01    0.000E+00    0.000E+00
     7.093     0.065    0.533E+00    0.412E+00    0.189E+01    0.140E+00    0.156E+00    0.762E-01    0.762E-01    0.283E-01    0.283E-01    0.000E+00    0.000E+00
     7.093     0.066    0.534E+00    0.412E+00    0.187E+01    0.139E+00    0.155E+00    0.755E-01    0.755E-01    0.280E-01    0.280E-01    0.000E+00    0.000E+00
     7.093     0.067    0.535E+00    0.412E+00    0.185E+01    0.137E+00    0.153E+00    0.748E-01    0.748E-01    0.277E-01    0.277E-01    0.000E+00    0.000E+00
     7.093     0.068    0.537E+00    0.412E+00    0.184E+01    0.136E+00    0.152E+00    0.741E-01    0.741E-01    0.274E-01    0.274E-01    0.000E+00    0.000E+00
     7.093     0.069    0.538E+00    0.412E+00    0.182E+01    0.135E+00    0.151E+00    0.734E-01    0.734E-01    0.270E-01    0.270E-01    0.000E+00    0.000E+00
     7.093     0.070    0.540E+00    0.412E+00    0.180E+01    0.133E+00    0.150E+00    0.727E-01    0.727E-01    0.267E-01    0.267E-01    0.000E+00    0.000E+00
     7.093     0.071    0.541E+00    0.411E+00    0.179E+01    0.132E+00    0.149E+00    0.720E-01    0.720E-01    0.264E-01    0.264E-01    0.000E+00    0.000E+00
     7.093     0.072    0.542E+00    0.411E+00    0.177E+01    0.131E+00    0.148E+00    0.714E-01    0.714E-01    0.261E-01    0.261E-01    0.000E+00    0.000E+00
     7.093     0.073    0.544E+00    0.411E+00    0.175E+01    0.129E+00    0.147E+00    0.708E-01    0.708E-01    0.258E-01    0.258E-01    0.000E+00    0.000E+00
     7.093     0.074    0.545E+00    0.411E+00    0.174E+01    0.128E+00    0.146E+00    0.701E-01    0.701E-01    0.255E-01    0.255E-01    0.000E+00    0.000E+00
     7.093     0.075    0.546E+00    0.411E+00    0.172E+01    0.127E+00    0.145E+00    0.695E-01    0.695E-01    0.253E-01    0.253E-01    0.000E+00    0.000E+00
     7.093     0.076    0.548E+00    0.410E+00    0.171E+01    0.125E+00    0.144E+00    0.688E-01    0.688E-01    0.250E-01    0.250E-01    0.000E+00    0.000E+00
     7.093     0.077    0.549E+00    0.410E+00    0.169E+01    0.124E+00    0.143E+00    0.682E-01    0.682E-01    0.247E-01    0.247E-01    0.000E+00    0.000E+00
     7.093     0.078    0.550E+00    0.410E+00    0.168E+01    0.123E+00    0.142E+00    0.676E-01    0.676E-01    0.244E-01    0.244E-01    0.000E+00    0.000E+00
     7.093     0.079    0.551E+00    0.410E+00    0.166E+01    0.122E+00    0.141E+00    0.670E-01    0.670E-01    0.241E-01    0.241E-01    0.000E+00    0.000E+00
     7.093     0.080    0.553E+00    0.409E+00    0.165E+01    0.120E+00    0.140E+00    0.664E-01    0.664E-01    0.239E-01    0.239E-01    0.000E+00    0.000E+00
     7.093     0.081    0.554E+00    0.409E+00    0.163E+01    0.119E+00    0.139E+00    0.658E-01    0.658E-01    0.236E-01    0.236E-01    0.000E+00    0.000E+00
     7.093     0.082    0.555E+00    0.409E+00    0.162E+01    0.118E+00    0.138E+00    0.653E-01    0.653E-01    0.234E-01    0.234E-01    0.000E+00    0.000E+00
     7.093     0.083    0.556E+00    0.409E+00    0.161E+01    0.117E+00    0.137E+00    0.647E-01    0.647E-01    0.231E-01    0.231E-01    0.000E+00    0.000E+00
     7.093     0.084    0.558E+00    0.408E+00    0.159E+01    0.116E+00    0.136E+00    0.642E-01    0.642E-01    0.229E-01    0.229E-01    0.000E+00    0.000E+00
     7.093     0.085    0.559E+00    0.408E+00    0.158E+01    0.115E+00    0.136E+00    0.636E-01    0.636E-01    0.226E-01    0.226E-01    0.000E+00    0.000E+00
     7.093     0.086    0.560E+00    0.408E+00    0.157E+01    0.113E+00    0.135E+00    0.630E-01    0.630E-01    0.224E-01    0.224E-01    0.000E+00    0.000E+00
     7.093     0.087    0.561E+00    0.407E+00    0.155E+01    0.112E+00    0.134E+00    0.625E-01    0.625E-01    0.221E-01    0.221E-01    0.000E+00    0.000E+00
     7.093     0.088    0.562E+00    0.407E+00    0.154E+01    0.111E+00    0.133E+00    0.619E-01    0.619E-01    0.219E-01    0.219E-01    0.000E+00    0.000E+00
     7.093     0.089    0.564E+00    0.407E+00    0.153E+01    0.110E+00    0.132E+00    0.614E-01    0.614E-01    0.216E-01    0.216E-01    0.000E+00    0.000E+00
     7.093     0.090    0.565E+00    0.406E+00    0.151E+01    0.109E+00    0.131E+00    0.609E-01    0.609E-01    0.214E-01    0.214E-01    0.000E+00    0.000E+00
     7.093     0.091    0.566E+00    0.406E+00    0.150E+01    0.108E+00    0.130E+00    0.604E-01    0.604E-01    0.212E-01    0.212E-01    0.000E+00    0.000E+00
     7.093     0.092    0.567E+00    0.406E+00    0.149E+01    0.107E+00    0.129E+00    0.598E-01    0.598E-01    0.210E-01    0.210E-01    0.000E+00    0.000E+00
     7.093     0.093    0.568E+00    0.405E+00    0.148E+01    0.106E+00    0.129E+00    0.593E-01    0.593E-01    0.207E-01    0.207E-01    0.000E+00    0.000E+00
     7.093     0.094    0.569E+00    0.405E+00    0.147E+01    0.105E+00    0.128E+00    0.588E-01    0.588E-01    0.205E-01    0.205E-01    0.000E+00    0.000E+00
     7.093     0.095    0.570E+00    0.405E+00    0.145E+01    0.104E+00    0.127E+00    0.583E-01    0.583E-01    0.203E-01    0.203E-01    0.000E+00    0.000E+00
     7.093     0.096    0.571E+00    0.404E+00    0.144E+01    0.103E+00    0.126E+00    0.579E-01    0.579E-01    0.201E-01    0.201E-01    0.000E+00    0.000E+00
     7.093     0.097    0.572E+00    0.404E+00    0.143E+01    0.102E+00    0.125E+00    0.574E-01    0.574E-01    0.199E-01    0.199E-01    0.000E+00    0.000E+00
     7.093     0.098    0.574E+00    0.404E+00    0.142E+01    0.101E+00    0.125E+00    0.569E-01    0.569E-01    0.197E-01    0.197E-01    0.000E+00    0.000E+00
     7.093     0.099    0.575E+00    0.403E+00    0.141E+01    0.999E-01    0.124E+00    0.564E-01    0.564E-01    0.195E-01    0.195E-01    0.000E+00    0.000E+00
     7.093     0.100    0.576E+00    0.403E+00    0.139E+01    0.989E-01    0.123E+00    0.559E-01    0.559E-01    0.192E-01    0.192E-01    0.000E+00    0.000E+00
     7.093     0.101    0.577E+00    0.402E+00    0.138E+01    0.980E-01    0.122E+00    0.555E-01    0.555E-01    0.190E-01    0.190E-01    0.000E+00    0.000E+00
     7.093     0.102    0.578E+00    0.402E+00    0.137E+01    0.970E-01    0.121E+00    0.550E-01    0.550E-01    0.188E-01    0.188E-01    0.000E+00    0.000E+00
     7.093     0.103    0.579E+00    0.401E+00    0.136E+01    0.961E-01    0.121E+00    0.545E-01    0.545E-01    0.186E-01    0.186E-01    0.000E+00    0.000E+00
     7.093     0.104    0.580E+00    0.401E+00    0.135E+01    0.952E-01    0.120E+00    0.541E-01    0.541E-01    0.184E-01    0.184E-01    0.000E+00    0.000E+00
     7.093     0.105    0.581E+00    0.401E+00    0.134E+01    0.943E-01    0.119E+00    0.536E-01    0.536E-01    0.183E-01    0.183E-01    0.000E+00    0.000E+00
     7.093     0.106    0.582E+00    0.400E+00    0.133E+01    0.934E-01    0.118E+00    0.532E-01    0.532E-01    0.181E-01    0.181E-01    0.000E+00    0.000E+00
     7.093     0.107    0.583E+00    0.400E+00    0.132E+01    0.925E-01    0.118E+00    0.528E-01    0.528E-01    0.179E-01    0.179E-01    0.000E+00    0.000E+00
     7.093     0.108    0.583E+00    0.399E+00    0.131E+01    0.917E-01    0.117E+00    0.523E-01    0.523E-01    0.177E-01    0.177E-01    0.000E+00    0.000E+00
     7.093     0.109    0.584E+00    0.399E+00    0.130E+01    0.908E-01    0.116E+00    0.519E-01    0.519E-01    0.175E-01    0.175E-01    0.000E+00    0.000E+00
     7.093     0.110    0.585E+00    0.398E+00    0.129E+01    0.900E-01    0.115E+00    0.515E-01    0.515E-01    0.173E-01    0.173E-01    0.000E+00    0.000E+00
     7.093     0.111    0.586E+00    0.398E+00    0.128E+01    0.891E-01    0.115E+00    0.511E-01    0.511E-01    0.171E-01    0.171E-01    0.000E+00    0.000E+00
     7.093     0.112    0.587E+00    0.397E+00    0.127E+01    0.883E-01    0.114E+00    0.506E-01    0.506E-01    0.170E-01    0.170E-01    0.000E+00    0.000E+00
     7.093     0.113    0.588E+00    0.397E+00    0.126E+01    0.875E-01    0.113E+00    0.502E-01    0.502E-01    0.168E-01    0.168E-01    0.000E+00    0.000E+00
     7.093     0.114    0.589E+00    0.396E+00    0.125E+01    0.867E-01    0.113E+00    0.498E-01    0.498E-01    0.166E-01    0.166E-01    0.000E+00    0.000E+00
     7.093     0.115    0.590E+00    0.396E+00    0.124E+01    0.859E-01    0.112E+00    0.494E-01    0.494E-01    0.164E-01    0.164E-01    0.000E+00    0.000E+00
     7.093     0.116    0.591E+00    0.395E+00    0.123E+01    0.851E-01    0.111E+00    0.490E-01    0.490E-01    0.163E-01    0.163E-01    0.000E+00    0.000E+00
     7.093     0.117    0.591E+00    0.395E+00    0.122E+01    0.843E-01    0.110E+00    0.486E-01    0.486E-01    0.161E-01    0.161E-01    0.000E+00    0.000E+00
     7.093     0.118    0.592E+00    0.394E+00    0.121E+01    0.835E-01    0.110E+00    0.482E-01    0.482E-01    0.159E-01    0.159E-01    0.000E+00    0.000E+00
     7.093     0.119    0.593E+00    0.394E+00    0.120E+01    0.828E-01    0.109E+00    0.478E-01    0.478E-01    0.158E-01    0.158E-01    0.000E+00    0.000E+00
     7.093     0.120    0.594E+00    0.393E+00    0.119E+01    0.820E-01    0.108E+00    0.474E-01    0.474E-01    0.156E-01    0.156E-01    0.000E+00    0.000E+00
     7.093     0.121    0.595E+00    0.393E+00    0.118E+01    0.813E-01    0.108E+00    0.471E-01    0.471E-01    0.155E-01    0.155E-01    0.000E+00    0.000E+00
     7.093     0.122    0.596E+00    0.392E+00    0.117E+01    0.806E-01    0.107E+00    0.467E-01    0.467E-01    0.153E-01    0.153E-01    0.000E+00    0.000E+00
     7.093     0.123    0.596E+00    0.392E+00    0.116E+01    0.799E-01    0.106E+00    0.463E-01    0.463E-01    0.151E-01    0.151E-01    0.000E+00    0.000E+00
     7.093     0.124    0.597E+00    0.391E+00    0.115E+01    0.792E-01    0.106E+00    0.459E-01    0.459E-01    0.150E-01    0.150E-01    0.000E+00    0.000E+00
     7.093     0.125    0.598E+00    0.391E+00    0.114E+01    0.784E-01    0.105E+00    0.456E-01    0.456E-01    0.148E-01    0.148E-01    0.000E+00    0.000E+00
     7.093     0.126    0.599E+00    0.390E+00    0.113E+01    0.778E-01    0.104E+00    0.452E-01    0.452E-01    0.147E-01    0.147E-01    0.000E+00    0.000E+00
     7.093     0.127    0.599E+00    0.390E+00    0.112E+01    0.771E-01    0.103E+00    0.448E-01    0.448E-01    0.145E-01    0.145E-01    0.000E+00    0.000E+00
     7.093     0.128    0.600E+00    0.389E+00    0.111E+01    0.764E-01    0.103E+00    0.445E-01    0.445E-01    0.144E-01    0.144E-01    0.000E+00    0.000E+00
     7.093     0.129    0.601E+00    0.388E+00    0.111E+01    0.757E-01    0.102E+00    0.441E-01    0.441E-01    0.142E-01    0.142E-01    0.000E+00    0.000E+00
     7.093     0.130    0.602E+00    0.388E+00    0.110E+01    0.751E-01    0.101E+00    0.438E-01    0.438E-01    0.141E-01    0.141E-01    0.000E+00    0.000E+00
     7.093     0.131    0.602E+00    0.387E+00    0.109E+01    0.744E-01    0.101E+00    0.434E-01    0.434E-01    0.139E-01    0.139E-01    0.000E+00    0.000E+00
     7.093     0.132    0.603E+00    0.387E+00    0.108E+01    0.738E-01    0.100E+00    0.431E-01    0.431E-01    0.138E-01    0.138E-01    0.000E+00    0.000E+00
     7.093     0.133    0.604E+00    0.386E+00    0.107E+01    0.731E-01    0.995E-01    0.427E-01    0.427E-01    0.137E-01    0.137E-01    0.000E+00    0.000E+00
     7.093     0.134    0.604E+00    0.385E+00    0.106E+01    0.725E-01    0.988E-01    0.424E-01    0.424E-01    0.135E-01    0.135E-01    0.000E+00    0.000E+00
     7.093     0.135    0.605E+00    0.385E+00    0.106E+01    0.719E-01    0.982E-01    0.420E-01    0.420E-01    0.134E-01    0.134E-01    0.000E+00    0.000E+00
     7.093     0.136    0.606E+00    0.384E+00    0.105E+01    0.713E-01    0.975E-01    0.417E-01    0.417E-01    0.132E-01    0.132E-01    0.000E+00    0.000E+00
     7.093     0.137    0.606E+00    0.384E+00    0.104E+01    0.707E-01    0.969E-01    0.414E-01    0.414E-01    0.131E-01    0.131E-01    0.000E+00    0.000E+00
     7.093     0.138    0.607E+00    0.383E+00    0.103E+01    0.701E-01    0.962E-01    0.410E-01    0.410E-01    0.130E-01    0.130E-01    0.000E+00    0.000E+00
     7.093     0.139    0.607E+00    0.382E+00    0.102E+01    0.695E-01    0.956E-01    0.407E-01    0.407E-01    0.128E-01    0.128E-01    0.000E+00    0.000E+00
     7.093     0.140    0.608E+00    0.382E+00    0.101E+01    0.689E-01    0.949E-01    0.404E-01    0.404E-01    0.127E-01    0.127E-01    0.000E+00    0.000E+00
     7.093     0.141    0.609E+00    0.381E+00    0.101E+01    0.683E-01    0.943E-01    0.401E-01    0.401E-01    0.126E-01    0.126E-01    0.000E+00    0.000E+00
     7.093     0.142    0.609E+00    0.380E+00    0.999E+00    0.678E-01    0.937E-01    0.398E-01    0.398E-01    0.125E-01    0.125E-01    0.000E+00    0.000E+00
     7.093     0.143    0.610E+00    0.380E+00    0.991E+00    0.672E-01    0.930E-01    0.394E-01    0.394E-01    0.123E-01    0.123E-01    0.000E+00    0.000E+00
     7.093     0.144    0.610E+00    0.379E+00    0.983E+00    0.666E-01    0.924E-01    0.391E-01    0.391E-01    0.122E-01    0.122E-01    0.000E+00    0.000E+00
     7.093     0.145    0.611E+00    0.378E+00    0.975E+00    0.661E-01    0.918E-01    0.388E-01    0.388E-01    0.121E-01    0.121E-01    0.000E+00    0.000E+00
     7.093     0.146    0.611E+00    0.378E+00    0.968E+00    0.655E-01    0.911E-01    0.385E-01    0.385E-01    0.120E-01    0.120E-01    0.000E+00    0.000E+00
     7.093     0.147    0.612E+00    0.377E+00    0.960E+00    0.650E-01    0.905E-01    0.382E-01    0.382E-01    0.118E-01    0.118E-01    0.000E+00    0.000E+00
     7.093     0.148    0.612E+00    0.376E+00    0.953E+00    0.645E-01    0.899E-01    0.379E-01    0.379E-01    0.117E-01    0.117E-01    0.000E+00    0.000E+00
     7.093     0.149    0.613E+00    0.376E+00    0.945E+00    0.640E-01    0.893E-01    0.376E-01    0.376E-01    0.116E-01    0.116E-01    0.000E+00    0.000E+00
     7.093     0.150    0.613E+00    0.375E+00    0.938E+00    0.635E-01    0.887E-01    0.373E-01    0.373E-01    0.115E-01    0.115E-01    0.000E+00    0.000E+00
     7.093     0.151    0.614E+00    0.374E+00    0.931E+00    0.630E-01    0.881E-01    0.370E-01    0.370E-01    0.114E-01    0.114E-01    0.000E+00    0.000E+00
     7.093     0.152    0.614E+00    0.374E+00    0.924E+00    0.625E-01    0.875E-01    0.367E-01    0.367E-01    0.112E-01    0.112E-01    0.000E+00    0.000E+00
     7.093     0.153    0.615E+00    0.373E+00    0.916E+00    0.620E-01    0.869E-01    0.364E-01    0.364E-01    0.111E-01    0.111E-01    0.000E+00    0.000E+00
     7.093     0.154    0.615E+00    0.372E+00    0.909E+00    0.615E-01    0.863E-01    0.362E-01    0.362E-01    0.110E-01    0.110E-01    0.000E+00    0.000E+00
     7.093     0.155    0.616E+00    0.372E+00    0.902E+00    0.610E-01    0.857E-01    0.359E-01    0.359E-01    0.109E-01    0.109E-01    0.000E+00    0.000E+00
     7.093     0.156    0.616E+00    0.371E+00    0.895E+00    0.605E-01    0.851E-01    0.356E-01    0.356E-01    0.108E-01    0.108E-01    0.000E+00    0.000E+00
     7.093     0.157    0.616E+00    0.370E+00    0.888E+00    0.600E-01    0.845E-01    0.353E-01    0.353E-01    0.107E-01    0.107E-01    0.000E+00    0.000E+00
     7.093     0.158    0.617E+00    0.370E+00    0.881E+00    0.595E-01    0.839E-01    0.350E-01    0.350E-01    0.106E-01    0.106E-01    0.000E+00    0.000E+00
     7.093     0.159    0.617E+00    0.369E+00    0.874E+00    0.591E-01    0.833E-01    0.348E-01    0.348E-01    0.105E-01    0.105E-01    0.000E+00    0.000E+00
     7.093     0.160    0.617E+00    0.368E+00    0.867E+00    0.586E-01    0.827E-01    0.345E-01    0.345E-01    0.104E-01    0.104E-01    0.000E+00    0.000E+00
     7.093     0.161    0.618E+00    0.367E+00    0.860E+00    0.582E-01    0.821E-01    0.342E-01    0.342E-01    0.102E-01    0.102E-01    0.000E+00    0.000E+00
     7.093     0.162    0.618E+00    0.367E+00    0.854E+00    0.577E-01    0.815E-01    0.339E-01    0.339E-01    0.101E-01    0.101E-01    0.000E+00    0.000E+00
     7.093     0.163    0.618E+00    0.366E+00    0.847E+00    0.573E-01    0.810E-01    0.337E-01    0.337E-01    0.100E-01    0.100E-01    0.000E+00    0.000E+00
     7.093     0.164    0.619E+00    0.365E+00    0.840E+00    0.569E-01    0.804E-01    0.334E-01    0.334E-01    0.994E-02    0.994E-02    0.000E+00    0.000E+00
     7.093     0.165    0.619E+00    0.365E+00    0.834E+00    0.564E-01    0.798E-01    0.331E-01    0.331E-01    0.984E-02    0.984E-02    0.000E+00    0.000E+00
     7.093     0.166    0.619E+00    0.364E+00    0.827E+00    0.560E-01    0.792E-01    0.329E-01    0.329E-01    0.974E-02    0.974E-02    0.000E+00    0.000E+00
     7.093     0.167    0.620E+00    0.363E+00    0.821E+00    0.556E-01    0.787E-01    0.326E-01    0.326E-01    0.964E-02    0.964E-02    0.000E+00    0.000E+00
     7.093     0.168    0.620E+00    0.362E+00    0.814E+00    0.552E-01    0.781E-01    0.324E-01    0.324E-01    0.954E-02    0.954E-02    0.000E+00    0.000E+00
     7.093     0.169    0.620E+00    0.362E+00    0.808E+00    0.547E-01    0.776E-01    0.321E-01    0.321E-01    0.944E-02    0.944E-02    0.000E+00    0.000E+00
     7.093     0.170    0.620E+00    0.361E+00    0.801E+00    0.543E-01    0.770E-01    0.319E-01    0.319E-01    0.935E-02    0.935E-02    0.000E+00    0.000E+00
     7.093     0.171    0.621E+00    0.360E+00    0.795E+00    0.539E-01    0.764E-01    0.316E-01    0.316E-01    0.925E-02    0.925E-02    0.000E+00    0.000E+00
     7.093     0.172    0.621E+00    0.359E+00    0.789E+00    0.535E-01    0.759E-01    0.314E-01    0.314E-01    0.916E-02    0.916E-02    0.000E+00    0.000E+00
     7.093     0.173    0.621E+00    0.359E+00    0.783E+00    0.531E-01    0.753E-01    0.311E-01    0.311E-01    0.906E-02    0.906E-02    0.000E+00    0.000E+00
     7.093     0.174    0.621E+00    0.358E+00    0.776E+00    0.527E-01    0.748E-01    0.309E-01    0.309E-01    0.897E-02    0.897E-02    0.000E+00    0.000E+00
     7.093     0.175    0.622E+00    0.357E+00    0.770E+00    0.524E-01    0.742E-01    0.306E-01    0.306E-01    0.888E-02    0.888E-02    0.000E+00    0.000E+00
     7.093     0.176    0.622E+00    0.356E+00    0.764E+00    0.520E-01    0.737E-01    0.304E-01    0.304E-01    0.879E-02    0.879E-02    0.000E+00    0.000E+00
     7.093     0.177    0.622E+00    0.356E+00    0.758E+00    0.516E-01    0.731E-01    0.302E-01    0.302E-01    0.870E-02    0.870E-02    0.000E+00    0.000E+00
     7.093     0.178    0.622E+00    0.355E+00    0.752E+00    0.512E-01    0.726E-01    0.299E-01    0.299E-01    0.861E-02    0.861E-02    0.000E+00    0.000E+00
     7.093     0.179    0.622E+00    0.354E+00    0.746E+00    0.509E-01    0.721E-01    0.297E-01    0.297E-01    0.852E-02    0.852E-02    0.000E+00    0.000E+00
     7.093     0.180    0.622E+00    0.353E+00    0.740E+00    0.505E-01    0.715E-01    0.295E-01    0.295E-01    0.843E-02    0.843E-02    0.000E+00    0.000E+00
     7.093     0.181    0.622E+00    0.353E+00    0.734E+00    0.501E-01    0.710E-01    0.292E-01    0.292E-01    0.834E-02    0.834E-02    0.000E+00    0.000E+00
     7.093     0.182    0.623E+00    0.352E+00    0.729E+00    0.498E-01    0.705E-01    0.290E-01    0.290E-01    0.826E-02    0.826E-02    0.000E+00    0.000E+00
     7.093     0.183    0.623E+00    0.351E+00    0.723E+00    0.494E-01    0.700E-01    0.288E-01    0.288E-01    0.817E-02    0.817E-02    0.000E+00    0.000E+00
     7.093     0.184    0.623E+00    0.350E+00    0.717E+00    0.491E-01    0.694E-01    0.286E-01    0.286E-01    0.809E-02    0.809E-02    0.000E+00    0.000E+00
     7.093     0.185    0.623E+00    0.350E+00    0.711E+00    0.487E-01    0.689E-01    0.283E-01    0.283E-01    0.801E-02    0.801E-02    0.000E+00    0.000E+00
     7.093     0.186    0.623E+00    0.349E+00    0.706E+00    0.484E-01    0.684E-01    0.281E-01    0.281E-01    0.793E-02    0.793E-02    0.000E+00    0.000E+00
     7.093     0.187    0.623E+00    0.348E+00    0.700E+00    0.480E-01    0.679E-01    0.279E-01    0.279E-01    0.784E-02    0.784E-02    0.000E+00    0.000E+00
     7.093     0.188    0.623E+00    0.347E+00    0.694E+00    0.477E-01    0.674E-01    0.277E-01    0.277E-01    0.776E-02    0.776E-02    0.000E+00    0.000E+00
     7.093     0.189    0.623E+00    0.346E+00    0.689E+00    0.474E-01    0.669E-01    0.275E-01    0.275E-01    0.768E-02    0.768E-02    0.000E+00    0.000E+00
     7.093     0.190    0.623E+00    0.346E+00    0.683E+00    0.470E-01    0.664E-01    0.272E-01    0.272E-01    0.760E-02    0.760E-02    0.000E+00    0.000E+00
     7.093     0.191    0.623E+00    0.345E+00    0.678E+00    0.467E-01    0.659E-01    0.270E-01    0.270E-01    0.752E-02    0.752E-02    0.000E+00    0.000E+00
     7.093     0.192    0.623E+00    0.344E+00    0.673E+00    0.464E-01    0.654E-01    0.268E-01    0.268E-01    0.745E-02    0.745E-02    0.000E+00    0.000E+00
     7.093     0.193    0.623E+00    0.343E+00    0.667E+00    0.461E-01    0.649E-01    0.266E-01    0.266E-01    0.737E-02    0.737E-02    0.000E+00    0.000E+00
     7.093     0.194    0.623E+00    0.342E+00    0.662E+00    0.457E-01    0.644E-01    0.264E-01    0.264E-01    0.729E-02    0.729E-02    0.000E+00    0.000E+00
     7.093     0.195    0.623E+00    0.342E+00    0.657E+00    0.454E-01    0.639E-01    0.262E-01    0.262E-01    0.722E-02    0.722E-02    0.000E+00    0.000E+00
     7.093     0.196    0.623E+00    0.341E+00    0.651E+00    0.451E-01    0.634E-01    0.260E-01    0.260E-01    0.714E-02    0.714E-02    0.000E+00    0.000E+00
     7.093     0.197    0.623E+00    0.340E+00    0.646E+00    0.448E-01    0.629E-01    0.258E-01    0.258E-01    0.707E-02    0.707E-02    0.000E+00    0.000E+00
     7.093     0.198    0.623E+00    0.339E+00    0.641E+00    0.445E-01    0.624E-01    0.256E-01    0.256E-01    0.700E-02    0.700E-02    0.000E+00    0.000E+00
     7.093     0.199    0.623E+00    0.338E+00    0.636E+00    0.442E-01    0.619E-01    0.254E-01    0.254E-01    0.693E-02    0.693E-02    0.000E+00    0.000E+00
     7.093     0.200    0.623E+00    0.338E+00    0.631E+00    0.439E-01    0.615E-01    0.252E-01    0.252E-01    0.685E-02    0.685E-02    0.000E+00    0.000E+00
     7.093     0.201    0.623E+00    0.337E+00    0.626E+00    0.436E-01    0.610E-01    0.250E-01    0.250E-01    0.678E-02    0.678E-02    0.000E+00    0.000E+00
     7.093     0.202    0.622E+00    0.336E+00    0.621E+00    0.433E-01    0.605E-01    0.248E-01    0.248E-01    0.671E-02    0.671E-02    0.000E+00    0.000E+00
     7.093     0.203    0.622E+00    0.335E+00    0.615E+00    0.430E-01    0.600E-01    0.246E-01    0.246E-01    0.664E-02    0.664E-02    0.000E+00    0.000E+00
     7.093     0.204    0.622E+00    0.334E+00    0.611E+00    0.427E-01    0.596E-01    0.244E-01    0.244E-01    0.657E-02    0.657E-02    0.000E+00    0.000E+00
     7.093     0.205    0.622E+00    0.333E+00    0.606E+00    0.425E-01    0.591E-01    0.242E-01    0.242E-01    0.650E-02    0.650E-02    0.000E+00    0.000E+00
     7.093     0.206    0.622E+00    0.333E+00    0.601E+00    0.422E-01    0.586E-01    0.240E-01    0.240E-01    0.644E-02    0.644E-02    0.000E+00    0.000E+00
     7.093     0.207    0.622E+00    0.332E+00    0.596E+00    0.419E-01    0.582E-01    0.238E-01    0.238E-01    0.637E-02    0.637E-02    0.000E+00    0.000E+00
     7.093     0.208    0.622E+00    0.331E+00    0.591E+00    0.416E-01    0.577E-01    0.236E-01    0.236E-01    0.630E-02    0.630E-02    0.000E+00    0.000E+00
     7.093     0.209    0.621E+00    0.330E+00    0.586E+00    0.413E-01    0.573E-01    0.235E-01    0.235E-01    0.624E-02    0.624E-02    0.000E+00    0.000E+00
     7.093     0.210    0.621E+00    0.329E+00    0.581E+00    0.411E-01    0.568E-01    0.233E-01    0.233E-01    0.617E-02    0.617E-02    0.000E+00    0.000E+00
     7.093     0.211    0.621E+00    0.328E+00    0.577E+00    0.408E-01    0.564E-01    0.231E-01    0.231E-01    0.611E-02    0.611E-02    0.000E+00    0.000E+00
     7.093     0.212    0.621E+00    0.328E+00    0.572E+00    0.405E-01    0.559E-01    0.229E-01    0.229E-01    0.604E-02    0.604E-02    0.000E+00    0.000E+00
     7.093     0.213    0.621E+00    0.327E+00    0.567E+00    0.402E-01    0.555E-01    0.227E-01    0.227E-01    0.598E-02    0.598E-02    0.000E+00    0.000E+00
     7.093     0.214    0.620E+00    0.326E+00    0.563E+00    0.400E-01    0.551E-01    0.226E-01    0.226E-01    0.592E-02    0.592E-02    0.000E+00    0.000E+00
     7.093     0.215    0.620E+00    0.325E+00    0.558E+00    0.397E-01    0.546E-01    0.224E-01    0.224E-01    0.586E-02    0.586E-02    0.000E+00    0.000E+00
     7.093     0.216    0.620E+00    0.324E+00    0.554E+00    0.395E-01    0.542E-01    0.222E-01    0.222E-01    0.580E-02    0.580E-02    0.000E+00    0.000E+00
     7.093     0.217    0.619E+00    0.323E+00    0.549E+00    0.392E-01    0.538E-01    0.220E-01    0.220E-01    0.573E-02    0.573E-02    0.000E+00    0.000E+00
     7.093     0.218    0.619E+00    0.323E+00    0.545E+00    0.389E-01    0.533E-01    0.219E-01    0.219E-01    0.567E-02    0.567E-02    0.000E+00    0.000E+00
     7.093     0.219    0.619E+00    0.322E+00    0.540E+00    0.387E-01    0.529E-01    0.217E-01    0.217E-01    0.561E-02    0.561E-02    0.000E+00    0.000E+00
     7.093     0.220    0.619E+00    0.321E+00    0.536E+00    0.384E-01    0.525E-01    0.215E-01    0.215E-01    0.556E-02    0.556E-02    0.000E+00    0.000E+00
     7.093     0.221    0.618E+00    0.320E+00    0.531E+00    0.382E-01    0.521E-01    0.213E-01    0.213E-01    0.550E-02    0.550E-02    0.000E+00    0.000E+00
     7.093     0.222    0.618E+00    0.319E+00    0.527E+00    0.379E-01    0.516E-01    0.212E-01    0.212E-01    0.544E-02    0.544E-02    0.000E+00    0.000E+00
     7.093     0.223    0.618E+00    0.318E+00    0.522E+00    0.377E-01    0.512E-01    0.210E-01    0.210E-01    0.538E-02    0.538E-02    0.000E+00    0.000E+00
     7.093     0.224    0.617E+00    0.317E+00    0.518E+00    0.375E-01    0.508E-01    0.208E-01    0.208E-01    0.532E-02    0.532E-02    0.000E+00    0.000E+00
     7.093     0.225    0.617E+00    0.317E+00    0.514E+00    0.372E-01    0.504E-01    0.207E-01    0.207E-01    0.527E-02    0.527E-02    0.000E+00    0.000E+00
     7.093     0.226    0.617E+00    0.316E+00    0.510E+00    0.370E-01    0.500E-01    0.205E-01    0.205E-01    0.521E-02    0.521E-02    0.000E+00    0.000E+00
     7.093     0.227    0.616E+00    0.315E+00    0.505E+00    0.367E-01    0.496E-01    0.204E-01    0.204E-01    0.516E-02    0.516E-02    0.000E+00    0.000E+00
     7.093     0.228    0.616E+00    0.314E+00    0.501E+00    0.365E-01    0.492E-01    0.202E-01    0.202E-01    0.510E-02    0.510E-02    0.000E+00    0.000E+00
     7.093     0.229    0.615E+00    0.313E+00    0.497E+00    0.363E-01    0.488E-01    0.200E-01    0.200E-01    0.505E-02    0.505E-02    0.000E+00    0.000E+00
     7.093     0.230    0.615E+00    0.312E+00    0.493E+00    0.360E-01    0.484E-01    0.199E-01    0.199E-01    0.500E-02    0.500E-02    0.000E+00    0.000E+00
     7.093     0.231    0.615E+00    0.311E+00    0.489E+00    0.358E-01    0.480E-01    0.197E-01    0.197E-01    0.494E-02    0.494E-02    0.000E+00    0.000E+00
     7.093     0.232    0.614E+00    0.311E+00    0.485E+00    0.356E-01    0.476E-01    0.196E-01    0.196E-01    0.489E-02    0.489E-02    0.000E+00    0.000E+00
     7.093     0.233    0.614E+00    0.310E+00    0.481E+00    0.353E-01    0.472E-01    0.194E-01    0.194E-01    0.484E-02    0.484E-02    0.000E+00    0.000E+00
     7.093     0.234    0.613E+00    0.309E+00    0.477E+00    0.351E-01    0.468E-01    0.193E-01    0.193E-01    0.479E-02    0.479E-02    0.000E+00    0.000E+00
     7.093     0.235    0.613E+00    0.308E+00    0.473E+00    0.349E-01    0.464E-01    0.191E-01    0.191E-01    0.474E-02    0.474E-02    0.000E+00    0.000E+00
     7.093     0.236    0.612E+00    0.307E+00    0.469E+00    0.347E-01    0.461E-01    0.190E-01    0.190E-01    0.469E-02    0.469E-02    0.000E+00    0.000E+00
     7.093     0.237    0.612E+00    0.306E+00    0.465E+00    0.344E-01    0.457E-01    0.188E-01    0.188E-01    0.464E-02    0.464E-02    0.000E+00    0.000E+00
     7.093     0.238    0.611E+00    0.305E+00    0.461E+00    0.342E-01    0.453E-01    0.187E-01    0.187E-01    0.459E-02    0.459E-02    0.000E+00    0.000E+00
     7.093     0.239    0.611E+00    0.304E+00    0.457E+00    0.340E-01    0.449E-01    0.185E-01    0.185E-01    0.454E-02    0.454E-02    0.000E+00    0.000E+00
     7.093     0.240    0.610E+00    0.304E+00    0.453E+00    0.338E-01    0.446E-01    0.184E-01    0.184E-01    0.449E-02    0.449E-02    0.000E+00    0.000E+00
     7.093     0.241    0.610E+00    0.303E+00    0.449E+00    0.336E-01    0.442E-01    0.182E-01    0.182E-01    0.444E-02    0.444E-02    0.000E+00    0.000E+00
     7.093     0.242    0.609E+00    0.302E+00    0.446E+00    0.334E-01    0.438E-01    0.181E-01    0.181E-01    0.439E-02    0.439E-02    0.000E+00    0.000E+00
     7.093     0.243    0.609E+00    0.301E+00    0.442E+00    0.331E-01    0.435E-01    0.179E-01    0.179E-01    0.435E-02    0.435E-02    0.000E+00    0.000E+00
     7.093     0.244    0.608E+00    0.300E+00    0.438E+00    0.329E-01    0.431E-01    0.178E-01    0.178E-01    0.430E-02    0.430E-02    0.000E+00    0.000E+00
     7.093     0.245    0.608E+00    0.299E+00    0.434E+00    0.327E-01    0.428E-01    0.176E-01    0.176E-01    0.425E-02    0.425E-02    0.000E+00    0.000E+00
     7.093     0.246    0.607E+00    0.298E+00    0.431E+00    0.325E-01    0.424E-01    0.175E-01    0.175E-01    0.421E-02    0.421E-02    0.000E+00    0.000E+00
     7.093     0.247    0.607E+00    0.297E+00    0.427E+00    0.323E-01    0.420E-01    0.174E-01    0.174E-01    0.416E-02    0.416E-02    0.000E+00    0.000E+00
     7.093     0.248    0.606E+00    0.297E+00    0.424E+00    0.321E-01    0.417E-01    0.172E-01    0.172E-01    0.412E-02    0.412E-02    0.000E+00    0.000E+00
     7.093     0.249    0.605E+00    0.296E+00    0.420E+00    0.319E-01    0.413E-01    0.171E-01    0.171E-01    0.407E-02    0.407E-02    0.000E+00    0.000E+00
     7.093     0.250    0.605E+00    0.295E+00    0.416E+00    0.317E-01    0.410E-01    0.170E-01    0.170E-01    0.403E-02    0.403E-02    0.000E+00    0.000E+00
     7.093     0.251    0.604E+00    0.294E+00    0.413E+00    0.315E-01    0.407E-01    0.168E-01    0.168E-01    0.398E-02    0.398E-02    0.000E+00    0.000E+00
     7.093     0.252    0.604E+00    0.293E+00    0.409E+00    0.313E-01    0.403E-01    0.167E-01    0.167E-01    0.394E-02    0.394E-02    0.000E+00    0.000E+00
     7.093     0.253    0.603E+00    0.292E+00    0.406E+00    0.311E-01    0.400E-01    0.166E-01    0.166E-01    0.390E-02    0.390E-02    0.000E+00    0.000E+00
     7.093     0.254    0.602E+00    0.291E+00    0.402E+00    0.309E-01    0.397E-01    0.164E-01    0.164E-01    0.386E-02    0.386E-02    0.000E+00    0.000E+00
     7.093     0.255    0.602E+00    0.290E+00    0.399E+00    0.307E-01    0.393E-01    0.163E-01    0.163E-01    0.382E-02    0.382E-02    0.000E+00    0.000E+00
     7.093     0.256    0.601E+00    0.289E+00    0.396E+00    0.305E-01    0.390E-01    0.162E-01    0.162E-01    0.377E-02    0.377E-02    0.000E+00    0.000E+00
     7.093     0.257    0.600E+00    0.289E+00    0.392E+00    0.303E-01    0.387E-01    0.160E-01    0.160E-01    0.373E-02    0.373E-02    0.000E+00    0.000E+00
     7.093     0.258    0.600E+00    0.288E+00    0.389E+00    0.301E-01    0.383E-01    0.159E-01    0.159E-01    0.369E-02    0.369E-02    0.000E+00    0.000E+00
     7.093     0.259    0.599E+00    0.287E+00    0.385E+00    0.299E-01    0.380E-01    0.158E-01    0.158E-01    0.365E-02    0.365E-02    0.000E+00    0.000E+00
     7.093     0.260    0.598E+00    0.286E+00    0.382E+00    0.297E-01    0.377E-01    0.156E-01    0.156E-01    0.361E-02    0.361E-02    0.000E+00    0.000E+00
     7.093     0.261    0.598E+00    0.285E+00    0.379E+00    0.295E-01    0.374E-01    0.155E-01    0.155E-01    0.357E-02    0.357E-02    0.000E+00    0.000E+00
     7.093     0.262    0.597E+00    0.284E+00    0.376E+00    0.293E-01    0.371E-01    0.154E-01    0.154E-01    0.353E-02    0.353E-02    0.000E+00    0.000E+00
     7.093     0.263    0.596E+00    0.283E+00    0.372E+00    0.292E-01    0.367E-01    0.153E-01    0.153E-01    0.349E-02    0.349E-02    0.000E+00    0.000E+00
     7.093     0.264    0.595E+00    0.282E+00    0.369E+00    0.290E-01    0.364E-01    0.152E-01    0.152E-01    0.346E-02    0.346E-02    0.000E+00    0.000E+00
     7.093     0.265    0.595E+00    0.281E+00    0.366E+00    0.288E-01    0.361E-01    0.150E-01    0.150E-01    0.342E-02    0.342E-02    0.000E+00    0.000E+00
     7.093     0.266    0.594E+00    0.281E+00    0.363E+00    0.286E-01    0.358E-01    0.149E-01    0.149E-01    0.338E-02    0.338E-02    0.000E+00    0.000E+00
     7.093     0.267    0.593E+00    0.280E+00    0.360E+00    0.284E-01    0.355E-01    0.148E-01    0.148E-01    0.334E-02    0.334E-02    0.000E+00    0.000E+00
     7.093     0.268    0.592E+00    0.279E+00    0.356E+00    0.282E-01    0.352E-01    0.147E-01    0.147E-01    0.331E-02    0.331E-02    0.000E+00    0.000E+00
     7.093     0.269    0.592E+00    0.278E+00    0.353E+00    0.280E-01    0.349E-01    0.146E-01    0.146E-01    0.327E-02    0.327E-02    0.000E+00    0.000E+00
     7.093     0.270    0.591E+00    0.277E+00    0.350E+00    0.279E-01    0.346E-01    0.144E-01    0.144E-01    0.323E-02    0.323E-02    0.000E+00    0.000E+00
     7.093     0.271    0.590E+00    0.276E+00    0.347E+00    0.277E-01    0.343E-01    0.143E-01    0.143E-01    0.320E-02    0.320E-02    0.000E+00    0.000E+00
     7.093     0.272    0.589E+00    0.275E+00    0.344E+00    0.275E-01    0.340E-01    0.142E-01    0.142E-01    0.316E-02    0.316E-02    0.000E+00    0.000E+00
     7.093     0.273    0.588E+00    0.274E+00    0.341E+00    0.273E-01    0.337E-01    0.141E-01    0.141E-01    0.313E-02    0.313E-02    0.000E+00    0.000E+00
     7.093     0.274    0.588E+00    0.273E+00    0.338E+00    0.271E-01    0.335E-01    0.140E-01    0.140E-01    0.309E-02    0.309E-02    0.000E+00    0.000E+00
     7.093     0.275    0.587E+00    0.272E+00    0.335E+00    0.270E-01    0.332E-01    0.139E-01    0.139E-01    0.306E-02    0.306E-02    0.000E+00    0.000E+00
     7.093     0.276    0.586E+00    0.272E+00    0.332E+00    0.268E-01    0.329E-01    0.138E-01    0.138E-01    0.303E-02    0.303E-02    0.000E+00    0.000E+00
     7.093     0.277    0.585E+00    0.271E+00    0.329E+00    0.266E-01    0.326E-01    0.136E-01    0.136E-01    0.299E-02    0.299E-02    0.000E+00    0.000E+00
     7.093     0.278    0.584E+00    0.270E+00    0.326E+00    0.264E-01    0.323E-01    0.135E-01    0.135E-01    0.296E-02    0.296E-02    0.000E+00    0.000E+00
     7.093     0.279    0.583E+00    0.269E+00    0.324E+00    0.263E-01    0.320E-01    0.134E-01    0.134E-01    0.293E-02    0.293E-02    0.000E+00    0.000E+00
     7.093     0.280    0.583E+00    0.268E+00    0.321E+00    0.261E-01    0.318E-01    0.133E-01    0.133E-01    0.289E-02    0.289E-02    0.000E+00    0.000E+00
     7.093     0.281    0.582E+00    0.267E+00    0.318E+00    0.259E-01    0.315E-01    0.132E-01    0.132E-01    0.286E-02    0.286E-02    0.000E+00    0.000E+00
     7.093     0.282    0.581E+00    0.266E+00    0.315E+00    0.258E-01    0.312E-01    0.131E-01    0.131E-01    0.283E-02    0.283E-02    0.000E+00    0.000E+00
     7.093     0.283    0.580E+00    0.265E+00    0.312E+00    0.256E-01    0.310E-01    0.130E-01    0.130E-01    0.280E-02    0.280E-02    0.000E+00    0.000E+00
     7.093     0.284    0.579E+00    0.264E+00    0.309E+00    0.254E-01    0.307E-01    0.129E-01    0.129E-01    0.277E-02    0.277E-02    0.000E+00    0.000E+00
     7.093     0.285    0.578E+00    0.263E+00    0.307E+00    0.253E-01    0.304E-01    0.128E-01    0.128E-01    0.274E-02    0.274E-02    0.000E+00    0.000E+00
     7.093     0.286    0.577E+00    0.262E+00    0.304E+00    0.251E-01    0.302E-01    0.127E-01    0.127E-01    0.270E-02    0.270E-02    0.000E+00    0.000E+00
     7.093     0.287    0.576E+00    0.262E+00    0.301E+00    0.249E-01    0.299E-01    0.126E-01    0.126E-01    0.267E-02    0.267E-02    0.000E+00    0.000E+00
     7.093     0.288    0.576E+00    0.261E+00    0.299E+00    0.248E-01    0.296E-01    0.125E-01    0.125E-01    0.264E-02    0.264E-02    0.000E+00    0.000E+00
     7.093     0.289    0.575E+00    0.260E+00    0.296E+00    0.246E-01    0.294E-01    0.124E-01    0.124E-01    0.261E-02    0.261E-02    0.000E+00    0.000E+00
     7.093     0.290    0.574E+00    0.259E+00    0.293E+00    0.244E-01    0.291E-01    0.123E-01    0.123E-01    0.259E-02    0.259E-02    0.000E+00    0.000E+00
     7.093     0.291    0.573E+00    0.258E+00    0.291E+00    0.243E-01    0.289E-01    0.122E-01    0.122E-01    0.256E-02    0.256E-02    0.000E+00    0.000E+00
     7.093     0.292    0.572E+00    0.257E+00    0.288E+00    0.241E-01    0.286E-01    0.121E-01    0.121E-01    0.253E-02    0.253E-02    0.000E+00    0.000E+00
     7.093     0.293    0.571E+00    0.256E+00    0.285E+00    0.239E-01    0.284E-01    0.120E-01    0.120E-01    0.250E-02    0.250E-02    0.000E+00    0.000E+00
     7.093     0.294    0.570E+00    0.255E+00    0.283E+00    0.238E-01    0.281E-01    0.119E-01    0.119E-01    0.247E-02    0.247E-02    0.000E+00    0.000E+00
     7.093     0.295    0.569E+00    0.254E+00    0.280E+00    0.236E-01    0.279E-01    0.118E-01    0.118E-01    0.244E-02    0.244E-02    0.000E+00    0.000E+00
     7.093     0.296    0.568E+00    0.253E+00    0.278E+00    0.235E-01    0.277E-01    0.117E-01    0.117E-01    0.241E-02    0.241E-02    0.000E+00    0.000E+00
     7.093     0.297    0.567E+00    0.252E+00    0.275E+00    0.233E-01    0.274E-01    0.116E-01    0.116E-01    0.239E-02    0.239E-02    0.000E+00    0.000E+00
     7.093     0.298    0.566E+00    0.252E+00    0.273E+00    0.232E-01    0.272E-01    0.115E-01    0.115E-01    0.236E-02    0.236E-02    0.000E+00    0.000E+00
     7.093     0.299    0.565E+00    0.251E+00    0.270E+00    0.230E-01    0.269E-01    0.114E-01    0.114E-01    0.233E-02    0.233E-02    0.000E+00    0.000E+00
     7.093     0.300    0.564E+00    0.250E+00    0.268E+00    0.228E-01    0.267E-01    0.113E-01    0.113E-01    0.231E-02    0.231E-02    0.000E+00    0.000E+00
     7.093     0.301    0.563E+00    0.249E+00    0.265E+00    0.227E-01    0.265E-01    0.112E-01    0.112E-01    0.228E-02    0.228E-02    0.000E+00    0.000E+00
     7.093     0.302    0.562E+00    0.248E+00    0.263E+00    0.225E-01    0.263E-01    0.111E-01    0.111E-01    0.225E-02    0.225E-02    0.000E+00    0.000E+00
     7.093     0.303    0.561E+00    0.247E+00    0.261E+00    0.224E-01    0.260E-01    0.110E-01    0.110E-01    0.223E-02    0.223E-02    0.000E+00    0.000E+00
     7.093     0.304    0.560E+00    0.246E+00    0.258E+00    0.222E-01    0.258E-01    0.109E-01    0.109E-01    0.220E-02    0.220E-02    0.000E+00    0.000E+00
     7.093     0.305    0.559E+00    0.245E+00    0.256E+00    0.221E-01    0.256E-01    0.108E-01    0.108E-01    0.218E-02    0.218E-02    0.000E+00    0.000E+00
     7.093     0.306    0.558E+00    0.244E+00    0.254E+00    0.219E-01    0.253E-01    0.107E-01    0.107E-01    0.215E-02    0.215E-02    0.000E+00    0.000E+00
     7.093     0.307    0.557E+00    0.243E+00    0.251E+00    0.218E-01    0.251E-01    0.107E-01    0.107E-01    0.213E-02    0.213E-02    0.000E+00    0.000E+00
     7.093     0.308    0.556E+00    0.242E+00    0.249E+00    0.216E-01    0.249E-01    0.106E-01    0.106E-01    0.210E-02    0.210E-02    0.000E+00    0.000E+00
     7.093     0.309    0.555E+00    0.241E+00    0.247E+00    0.215E-01    0.247E-01    0.105E-01    0.105E-01    0.208E-02    0.208E-02    0.000E+00    0.000E+00
     7.093     0.310    0.554E+00    0.241E+00    0.244E+00    0.213E-01    0.245E-01    0.104E-01    0.104E-01    0.206E-02    0.206E-02    0.000E+00    0.000E+00
     7.093     0.311    0.553E+00    0.240E+00    0.242E+00    0.212E-01    0.243E-01    0.103E-01    0.103E-01    0.203E-02    0.203E-02    0.000E+00    0.000E+00
     7.093     0.312    0.551E+00    0.239E+00    0.240E+00    0.210E-01    0.241E-01    0.102E-01    0.102E-01    0.201E-02    0.201E-02    0.000E+00    0.000E+00
     7.093     0.313    0.550E+00    0.238E+00    0.238E+00    0.209E-01    0.238E-01    0.101E-01    0.101E-01    0.199E-02    0.199E-02    0.000E+00    0.000E+00
     7.093     0.314    0.549E+00    0.237E+00    0.235E+00    0.207E-01    0.236E-01    0.101E-01    0.101E-01    0.196E-02    0.196E-02    0.000E+00    0.000E+00
     7.093     0.315    0.548E+00    0.236E+00    0.233E+00    0.206E-01    0.234E-01    0.997E-02    0.997E-02    0.194E-02    0.194E-02    0.000E+00    0.000E+00
     7.093     0.316    0.547E+00    0.235E+00    0.231E+00    0.204E-01    0.232E-01    0.988E-02    0.988E-02    0.192E-02    0.192E-02    0.000E+00    0.000E+00
     7.093     0.317    0.546E+00    0.234E+00    0.229E+00    0.203E-01    0.230E-01    0.980E-02    0.980E-02    0.189E-02    0.189E-02    0.000E+00    0.000E+00
     7.093     0.318    0.545E+00    0.233E+00    0.227E+00    0.202E-01    0.228E-01    0.972E-02    0.972E-02    0.187E-02    0.187E-02    0.000E+00    0.000E+00
     7.093     0.319    0.544E+00    0.232E+00    0.225E+00    0.200E-01    0.226E-01    0.964E-02    0.964E-02    0.185E-02    0.185E-02    0.000E+00    0.000E+00
     7.093     0.320    0.543E+00    0.231E+00    0.223E+00    0.199E-01    0.224E-01    0.956E-02    0.956E-02    0.183E-02    0.183E-02    0.000E+00    0.000E+00
     7.093     0.321    0.541E+00    0.231E+00    0.221E+00    0.197E-01    0.222E-01    0.948E-02    0.948E-02    0.181E-02    0.181E-02    0.000E+00    0.000E+00
     7.093     0.322    0.540E+00    0.230E+00    0.218E+00    0.196E-01    0.220E-01    0.940E-02    0.940E-02    0.179E-02    0.179E-02    0.000E+00    0.000E+00
     7.093     0.323    0.539E+00    0.229E+00    0.216E+00    0.195E-01    0.218E-01    0.932E-02    0.932E-02    0.177E-02    0.177E-02    0.000E+00    0.000E+00
     7.093     0.324    0.538E+00    0.228E+00    0.214E+00    0.193E-01    0.216E-01    0.924E-02    0.924E-02    0.174E-02    0.174E-02    0.000E+00    0.000E+00
     7.093     0.325    0.537E+00    0.227E+00    0.212E+00    0.192E-01    0.215E-01    0.916E-02    0.916E-02    0.172E-02    0.172E-02    0.000E+00    0.000E+00
     7.093     0.326    0.536E+00    0.226E+00    0.210E+00    0.190E-01    0.213E-01    0.908E-02    0.908E-02    0.170E-02    0.170E-02    0.000E+00    0.000E+00
     7.093     0.327    0.535E+00    0.225E+00    0.208E+00    0.189E-01    0.211E-01    0.901E-02    0.901E-02    0.168E-02    0.168E-02    0.000E+00    0.000E+00
     7.093     0.328    0.533E+00    0.224E+00    0.206E+00    0.188E-01    0.209E-01    0.893E-02    0.893E-02    0.166E-02    0.166E-02    0.000E+00    0.000E+00
     7.093     0.329    0.532E+00    0.223E+00    0.204E+00    0.186E-01    0.207E-01    0.886E-02    0.886E-02    0.164E-02    0.164E-02    0.000E+00    0.000E+00
     7.093     0.330    0.531E+00    0.222E+00    0.203E+00    0.185E-01    0.205E-01    0.878E-02    0.878E-02    0.163E-02    0.163E-02    0.000E+00    0.000E+00
     7.093     0.331    0.530E+00    0.221E+00    0.201E+00    0.184E-01    0.204E-01    0.871E-02    0.871E-02    0.161E-02    0.161E-02    0.000E+00    0.000E+00
     7.093     0.332    0.529E+00    0.221E+00    0.199E+00    0.182E-01    0.202E-01    0.863E-02    0.863E-02    0.159E-02    0.159E-02    0.000E+00    0.000E+00
     7.093     0.333    0.528E+00    0.220E+00    0.197E+00    0.181E-01    0.200E-01    0.856E-02    0.856E-02    0.157E-02    0.157E-02    0.000E+00    0.000E+00
     7.093     0.334    0.526E+00    0.219E+00    0.195E+00    0.180E-01    0.198E-01    0.849E-02    0.849E-02    0.155E-02    0.155E-02    0.000E+00    0.000E+00
     7.093     0.335    0.525E+00    0.218E+00    0.193E+00    0.178E-01    0.196E-01    0.842E-02    0.842E-02    0.153E-02    0.153E-02    0.000E+00    0.000E+00
     7.093     0.336    0.524E+00    0.217E+00    0.191E+00    0.177E-01    0.195E-01    0.834E-02    0.834E-02    0.151E-02    0.151E-02    0.000E+00    0.000E+00
     7.093     0.337    0.523E+00    0.216E+00    0.189E+00    0.176E-01    0.193E-01    0.827E-02    0.827E-02    0.149E-02    0.149E-02    0.000E+00    0.000E+00
     7.093     0.338    0.521E+00    0.215E+00    0.188E+00    0.174E-01    0.191E-01    0.820E-02    0.820E-02    0.148E-02    0.148E-02    0.000E+00    0.000E+00
     7.093     0.339    0.520E+00    0.214E+00    0.186E+00    0.173E-01    0.190E-01    0.813E-02    0.813E-02    0.146E-02    0.146E-02    0.000E+00    0.000E+00
     7.093     0.340    0.519E+00    0.213E+00    0.184E+00    0.172E-01    0.188E-01    0.806E-02    0.806E-02    0.144E-02    0.144E-02    0.000E+00    0.000E+00
     7.093     0.341    0.518E+00    0.212E+00    0.182E+00    0.171E-01    0.186E-01    0.799E-02    0.799E-02    0.142E-02    0.142E-02    0.000E+00    0.000E+00
     7.093     0.342    0.517E+00    0.211E+00    0.180E+00    0.169E-01    0.185E-01    0.792E-02    0.792E-02    0.141E-02    0.141E-02    0.000E+00    0.000E+00
     7.093     0.343    0.515E+00    0.211E+00    0.179E+00    0.168E-01    0.183E-01    0.786E-02    0.786E-02    0.139E-02    0.139E-02    0.000E+00    0.000E+00
     7.093     0.344    0.514E+00    0.210E+00    0.177E+00    0.167E-01    0.181E-01    0.779E-02    0.779E-02    0.137E-02    0.137E-02    0.000E+00    0.000E+00
     7.093     0.345    0.513E+00    0.209E+00    0.175E+00    0.166E-01    0.180E-01    0.772E-02    0.772E-02    0.136E-02    0.136E-02    0.000E+00    0.000E+00
     7.093     0.346    0.512E+00    0.208E+00    0.174E+00    0.164E-01    0.178E-01    0.766E-02    0.766E-02    0.134E-02    0.134E-02    0.000E+00    0.000E+00
     7.093     0.347    0.510E+00    0.207E+00    0.172E+00    0.163E-01    0.177E-01    0.759E-02    0.759E-02    0.132E-02    0.132E-02    0.000E+00    0.000E+00
     7.093     0.348    0.509E+00    0.206E+00    0.170E+00    0.162E-01    0.175E-01    0.752E-02    0.752E-02    0.131E-02    0.131E-02    0.000E+00    0.000E+00
     7.093     0.349    0.508E+00    0.205E+00    0.169E+00    0.161E-01    0.174E-01    0.746E-02    0.746E-02    0.129E-02    0.129E-02    0.000E+00    0.000E+00
     7.093     0.350    0.507E+00    0.204E+00    0.167E+00    0.159E-01    0.172E-01    0.740E-02    0.740E-02    0.128E-02    0.128E-02    0.000E+00    0.000E+00
     7.093     0.351    0.505E+00    0.203E+00    0.165E+00    0.158E-01    0.171E-01    0.733E-02    0.733E-02    0.126E-02    0.126E-02    0.000E+00    0.000E+00
     7.093     0.352    0.504E+00    0.202E+00    0.164E+00    0.157E-01    0.169E-01    0.727E-02    0.727E-02    0.125E-02    0.125E-02    0.000E+00    0.000E+00
     7.093     0.353    0.503E+00    0.202E+00    0.162E+00    0.156E-01    0.168E-01    0.720E-02    0.720E-02    0.123E-02    0.123E-02    0.000E+00    0.000E+00
     7.093     0.354    0.501E+00    0.201E+00    0.160E+00    0.155E-01    0.166E-01    0.714E-02    0.714E-02    0.122E-02    0.122E-02    0.000E+00    0.000E+00
     7.093     0.355    0.500E+00    0.200E+00    0.159E+00    0.153E-01    0.165E-01    0.708E-02    0.708E-02    0.120E-02    0.120E-02    0.000E+00    0.000E+00
     7.093     0.356    0.499E+00    0.199E+00    0.157E+00    0.152E-01    0.163E-01    0.702E-02    0.702E-02    0.119E-02    0.119E-02    0.000E+00    0.000E+00
     7.093     0.357    0.498E+00    0.198E+00    0.156E+00    0.151E-01    0.162E-01    0.696E-02    0.696E-02    0.117E-02    0.117E-02    0.000E+00    0.000E+00
     7.093     0.358    0.496E+00    0.197E+00    0.154E+00    0.150E-01    0.160E-01    0.690E-02    0.690E-02    0.116E-02    0.116E-02    0.000E+00    0.000E+00
     7.093     0.359    0.495E+00    0.196E+00    0.153E+00    0.149E-01    0.159E-01    0.684E-02    0.684E-02    0.114E-02    0.114E-02    0.000E+00    0.000E+00
     7.093     0.360    0.494E+00    0.195E+00    0.151E+00    0.148E-01    0.157E-01    0.678E-02    0.678E-02    0.113E-02    0.113E-02    0.000E+00    0.000E+00
     7.093     0.361    0.492E+00    0.194E+00    0.150E+00    0.146E-01    0.156E-01    0.672E-02    0.672E-02    0.112E-02    0.112E-02    0.000E+00    0.000E+00
     7.093     0.362    0.491E+00    0.193E+00    0.148E+00    0.145E-01    0.155E-01    0.666E-02    0.666E-02    0.110E-02    0.110E-02    0.000E+00    0.000E+00
     7.093     0.363    0.490E+00    0.193E+00    0.147E+00    0.144E-01    0.153E-01    0.660E-02    0.660E-02    0.109E-02    0.109E-02    0.000E+00    0.000E+00
     7.093     0.364    0.488E+00    0.192E+00    0.145E+00    0.143E-01    0.152E-01    0.654E-02    0.654E-02    0.107E-02    0.107E-02    0.000E+00    0.000E+00
     7.093     0.365    0.487E+00    0.191E+00    0.144E+00    0.142E-01    0.150E-01    0.648E-02    0.648E-02    0.106E-02    0.106E-02    0.000E+00    0.000E+00
     7.093     0.366    0.486E+00    0.190E+00    0.142E+00    0.141E-01    0.149E-01    0.643E-02    0.643E-02    0.105E-02    0.105E-02    0.000E+00    0.000E+00
     7.093     0.367    0.484E+00    0.189E+00    0.141E+00    0.140E-01    0.148E-01    0.637E-02    0.637E-02    0.103E-02    0.103E-02    0.000E+00    0.000E+00
     7.093     0.368    0.483E+00    0.188E+00    0.139E+00    0.139E-01    0.146E-01    0.631E-02    0.631E-02    0.102E-02    0.102E-02    0.000E+00    0.000E+00
     7.093     0.369    0.482E+00    0.187E+00    0.138E+00    0.137E-01    0.145E-01    0.626E-02    0.626E-02    0.101E-02    0.101E-02    0.000E+00    0.000E+00
     7.093     0.370    0.480E+00    0.186E+00    0.137E+00    0.136E-01    0.144E-01    0.620E-02    0.620E-02    0.997E-03    0.997E-03    0.000E+00    0.000E+00
     7.093     0.371    0.479E+00    0.185E+00    0.135E+00    0.135E-01    0.143E-01    0.615E-02    0.615E-02    0.984E-03    0.984E-03    0.000E+00    0.000E+00
     7.093     0.372    0.478E+00    0.185E+00    0.134E+00    0.134E-01    0.141E-01    0.609E-02    0.609E-02    0.972E-03    0.972E-03    0.000E+00    0.000E+00
     7.093     0.373    0.476E+00    0.184E+00    0.133E+00    0.133E-01    0.140E-01    0.604E-02    0.604E-02    0.960E-03    0.960E-03    0.000E+00    0.000E+00
     7.093     0.374    0.475E+00    0.183E+00    0.131E+00    0.132E-01    0.139E-01    0.599E-02    0.599E-02    0.948E-03    0.948E-03    0.000E+00    0.000E+00
     7.093     0.375    0.474E+00    0.182E+00    0.130E+00    0.131E-01    0.138E-01    0.593E-02    0.593E-02    0.936E-03    0.936E-03    0.000E+00    0.000E+00
     7.093     0.376    0.472E+00    0.181E+00    0.129E+00    0.130E-01    0.136E-01    0.588E-02    0.588E-02    0.924E-03    0.924E-03    0.000E+00    0.000E+00
     7.093     0.377    0.471E+00    0.180E+00    0.127E+00    0.129E-01    0.135E-01    0.583E-02    0.583E-02    0.912E-03    0.912E-03    0.000E+00    0.000E+00
     7.093     0.378    0.470E+00    0.179E+00    0.126E+00    0.128E-01    0.134E-01    0.578E-02    0.578E-02    0.901E-03    0.901E-03    0.000E+00    0.000E+00
     7.093     0.379    0.468E+00    0.178E+00    0.125E+00    0.127E-01    0.133E-01    0.572E-02    0.572E-02    0.890E-03    0.890E-03    0.000E+00    0.000E+00
     7.093     0.380    0.467E+00    0.178E+00    0.123E+00    0.126E-01    0.131E-01    0.567E-02    0.567E-02    0.878E-03    0.878E-03    0.000E+00    0.000E+00
     7.093     0.381    0.465E+00    0.177E+00    0.122E+00    0.125E-01    0.130E-01    0.562E-02    0.562E-02    0.867E-03    0.867E-03    0.000E+00    0.000E+00
     7.093     0.382    0.464E+00    0.176E+00    0.121E+00    0.124E-01    0.129E-01    0.557E-02    0.557E-02    0.856E-03    0.856E-03    0.000E+00    0.000E+00
     7.093     0.383    0.463E+00    0.175E+00    0.120E+00    0.123E-01    0.128E-01    0.552E-02    0.552E-02    0.845E-03    0.845E-03    0.000E+00    0.000E+00
     7.093     0.384    0.461E+00    0.174E+00    0.118E+00    0.122E-01    0.127E-01    0.547E-02    0.547E-02    0.835E-03    0.835E-03    0.000E+00    0.000E+00
     7.093     0.385    0.460E+00    0.173E+00    0.117E+00    0.121E-01    0.126E-01    0.542E-02    0.542E-02    0.824E-03    0.824E-03    0.000E+00    0.000E+00
     7.093     0.386    0.459E+00    0.172E+00    0.116E+00    0.120E-01    0.125E-01    0.537E-02    0.537E-02    0.813E-03    0.813E-03    0.000E+00    0.000E+00
     7.093     0.387    0.457E+00    0.172E+00    0.115E+00    0.119E-01    0.123E-01    0.532E-02    0.532E-02    0.803E-03    0.803E-03    0.000E+00    0.000E+00
     7.093     0.388    0.456E+00    0.171E+00    0.114E+00    0.118E-01    0.122E-01    0.528E-02    0.528E-02    0.793E-03    0.793E-03    0.000E+00    0.000E+00
     7.093     0.389    0.454E+00    0.170E+00    0.112E+00    0.117E-01    0.121E-01    0.523E-02    0.523E-02    0.783E-03    0.783E-03    0.000E+00    0.000E+00
     7.093     0.390    0.453E+00    0.169E+00    0.111E+00    0.116E-01    0.120E-01    0.518E-02    0.518E-02    0.773E-03    0.773E-03    0.000E+00    0.000E+00
     7.093     0.391    0.452E+00    0.168E+00    0.110E+00    0.115E-01    0.119E-01    0.513E-02    0.513E-02    0.763E-03    0.763E-03    0.000E+00    0.000E+00
     7.093     0.392    0.450E+00    0.167E+00    0.109E+00    0.114E-01    0.118E-01    0.509E-02    0.509E-02    0.753E-03    0.753E-03    0.000E+00    0.000E+00
     7.093     0.393    0.449E+00    0.166E+00    0.108E+00    0.113E-01    0.117E-01    0.504E-02    0.504E-02    0.743E-03    0.743E-03    0.000E+00    0.000E+00
     7.093     0.394    0.447E+00    0.165E+00    0.107E+00    0.112E-01    0.116E-01    0.500E-02    0.500E-02    0.734E-03    0.734E-03    0.000E+00    0.000E+00
     7.093     0.395    0.446E+00    0.165E+00    0.106E+00    0.111E-01    0.115E-01    0.495E-02    0.495E-02    0.724E-03    0.724E-03    0.000E+00    0.000E+00
     7.093     0.396    0.445E+00    0.164E+00    0.104E+00    0.110E-01    0.114E-01    0.490E-02    0.490E-02    0.715E-03    0.715E-03    0.000E+00    0.000E+00
     7.093     0.397    0.443E+00    0.163E+00    0.103E+00    0.109E-01    0.113E-01    0.486E-02    0.486E-02    0.705E-03    0.705E-03    0.000E+00    0.000E+00
     7.093     0.398    0.442E+00    0.162E+00    0.102E+00    0.108E-01    0.112E-01    0.481E-02    0.481E-02    0.696E-03    0.696E-03    0.000E+00    0.000E+00
     7.093     0.399    0.440E+00    0.161E+00    0.101E+00    0.107E-01    0.111E-01    0.477E-02    0.477E-02    0.687E-03    0.687E-03    0.000E+00    0.000E+00
     7.093     0.400    0.439E+00    0.160E+00    0.100E+00    0.106E-01    0.110E-01    0.473E-02    0.473E-02    0.678E-03    0.678E-03    0.000E+00    0.000E+00
     7.093     0.401    0.438E+00    0.160E+00    0.991E-01    0.105E-01    0.109E-01    0.468E-02    0.468E-02    0.669E-03    0.669E-03    0.000E+00    0.000E+00
     7.093     0.402    0.436E+00    0.159E+00    0.980E-01    0.105E-01    0.108E-01    0.464E-02    0.464E-02    0.661E-03    0.661E-03    0.000E+00    0.000E+00
     7.093     0.403    0.435E+00    0.158E+00    0.970E-01    0.104E-01    0.107E-01    0.460E-02    0.460E-02    0.652E-03    0.652E-03    0.000E+00    0.000E+00
     7.093     0.404    0.433E+00    0.157E+00    0.959E-01    0.103E-01    0.106E-01    0.455E-02    0.455E-02    0.643E-03    0.643E-03    0.000E+00    0.000E+00
     7.093     0.405    0.432E+00    0.156E+00    0.949E-01    0.102E-01    0.105E-01    0.451E-02    0.451E-02    0.635E-03    0.635E-03    0.000E+00    0.000E+00
     7.093     0.406    0.430E+00    0.155E+00    0.939E-01    0.101E-01    0.104E-01    0.447E-02    0.447E-02    0.627E-03    0.627E-03    0.000E+00    0.000E+00
     7.093     0.407    0.429E+00    0.154E+00    0.929E-01    0.100E-01    0.103E-01    0.443E-02    0.443E-02    0.618E-03    0.618E-03    0.000E+00    0.000E+00
     7.093     0.408    0.428E+00    0.154E+00    0.919E-01    0.993E-02    0.102E-01    0.439E-02    0.439E-02    0.610E-03    0.610E-03    0.000E+00    0.000E+00
     7.093     0.409    0.426E+00    0.153E+00    0.909E-01    0.984E-02    0.101E-01    0.435E-02    0.435E-02    0.602E-03    0.602E-03    0.000E+00    0.000E+00
     7.093     0.410    0.425E+00    0.152E+00    0.900E-01    0.976E-02    0.999E-02    0.431E-02    0.431E-02    0.594E-03    0.594E-03    0.000E+00    0.000E+00
     7.093     0.411    0.423E+00    0.151E+00    0.890E-01    0.967E-02    0.990E-02    0.427E-02    0.427E-02    0.586E-03    0.586E-03    0.000E+00    0.000E+00
     7.093     0.412    0.422E+00    0.150E+00    0.880E-01    0.959E-02    0.981E-02    0.423E-02    0.423E-02    0.579E-03    0.579E-03    0.000E+00    0.000E+00
     7.093     0.413    0.420E+00    0.149E+00    0.871E-01    0.950E-02    0.972E-02    0.419E-02    0.419E-02    0.571E-03    0.571E-03    0.000E+00    0.000E+00
     7.093     0.414    0.419E+00    0.149E+00    0.861E-01    0.942E-02    0.963E-02    0.415E-02    0.415E-02    0.563E-03    0.563E-03    0.000E+00    0.000E+00
     7.093     0.415    0.418E+00    0.148E+00    0.852E-01    0.934E-02    0.954E-02    0.411E-02    0.411E-02    0.556E-03    0.556E-03    0.000E+00    0.000E+00
     7.093     0.416    0.416E+00    0.147E+00    0.843E-01    0.925E-02    0.945E-02    0.407E-02    0.407E-02    0.548E-03    0.548E-03    0.000E+00    0.000E+00
     7.093     0.417    0.415E+00    0.146E+00    0.834E-01    0.917E-02    0.936E-02    0.403E-02    0.403E-02    0.541E-03    0.541E-03    0.000E+00    0.000E+00
     7.093     0.418    0.413E+00    0.145E+00    0.825E-01    0.909E-02    0.927E-02    0.399E-02    0.399E-02    0.534E-03    0.534E-03    0.000E+00    0.000E+00
     7.093     0.419    0.412E+00    0.145E+00    0.816E-01    0.901E-02    0.919E-02    0.396E-02    0.396E-02    0.527E-03    0.527E-03    0.000E+00    0.000E+00
     7.093     0.420    0.410E+00    0.144E+00    0.807E-01    0.893E-02    0.910E-02    0.392E-02    0.392E-02    0.520E-03    0.520E-03    0.000E+00    0.000E+00
     7.093     0.421    0.409E+00    0.143E+00    0.798E-01    0.885E-02    0.902E-02    0.388E-02    0.388E-02    0.513E-03    0.513E-03    0.000E+00    0.000E+00
     7.093     0.422    0.407E+00    0.142E+00    0.789E-01    0.877E-02    0.893E-02    0.384E-02    0.384E-02    0.506E-03    0.506E-03    0.000E+00    0.000E+00
     7.093     0.423    0.406E+00    0.141E+00    0.781E-01    0.869E-02    0.885E-02    0.381E-02    0.381E-02    0.499E-03    0.499E-03    0.000E+00    0.000E+00
     7.093     0.424    0.405E+00    0.140E+00    0.772E-01    0.861E-02    0.877E-02    0.377E-02    0.377E-02    0.492E-03    0.492E-03    0.000E+00    0.000E+00
     7.093     0.425    0.403E+00    0.140E+00    0.763E-01    0.854E-02    0.868E-02    0.374E-02    0.374E-02    0.486E-03    0.486E-03    0.000E+00    0.000E+00
     7.093     0.426    0.402E+00    0.139E+00    0.755E-01    0.846E-02    0.860E-02    0.370E-02    0.370E-02    0.479E-03    0.479E-03    0.000E+00    0.000E+00
     7.093     0.427    0.400E+00    0.138E+00    0.747E-01    0.838E-02    0.852E-02    0.366E-02    0.366E-02    0.472E-03    0.472E-03    0.000E+00    0.000E+00
     7.093     0.428    0.399E+00    0.137E+00    0.738E-01    0.831E-02    0.844E-02    0.363E-02    0.363E-02    0.466E-03    0.466E-03    0.000E+00    0.000E+00
     7.093     0.429    0.397E+00    0.136E+00    0.730E-01    0.823E-02    0.836E-02    0.359E-02    0.359E-02    0.460E-03    0.460E-03    0.000E+00    0.000E+00
     7.093     0.430    0.396E+00    0.136E+00    0.722E-01    0.816E-02    0.828E-02    0.356E-02    0.356E-02    0.453E-03    0.453E-03    0.000E+00    0.000E+00
     7.093     0.431    0.394E+00    0.135E+00    0.714E-01    0.808E-02    0.820E-02    0.353E-02    0.353E-02    0.447E-03    0.447E-03    0.000E+00    0.000E+00
     7.093     0.432    0.393E+00    0.134E+00    0.706E-01    0.801E-02    0.813E-02    0.349E-02    0.349E-02    0.441E-03    0.441E-03    0.000E+00    0.000E+00
     7.093     0.433    0.392E+00    0.133E+00    0.698E-01    0.794E-02    0.805E-02    0.346E-02    0.346E-02    0.435E-03    0.435E-03    0.000E+00    0.000E+00
     7.093     0.434    0.390E+00    0.132E+00    0.691E-01    0.786E-02    0.797E-02    0.342E-02    0.342E-02    0.429E-03    0.429E-03    0.000E+00    0.000E+00
     7.093     0.435    0.389E+00    0.132E+00    0.683E-01    0.779E-02    0.790E-02    0.339E-02    0.339E-02    0.423E-03    0.423E-03    0.000E+00    0.000E+00
     7.093     0.436    0.387E+00    0.131E+00    0.675E-01    0.772E-02    0.782E-02    0.336E-02    0.336E-02    0.417E-03    0.417E-03    0.000E+00    0.000E+00
     7.093     0.437    0.386E+00    0.130E+00    0.668E-01    0.765E-02    0.775E-02    0.333E-02    0.333E-02    0.412E-03    0.412E-03    0.000E+00    0.000E+00
     7.093     0.438    0.384E+00    0.129E+00    0.660E-01    0.758E-02    0.767E-02    0.329E-02    0.329E-02    0.406E-03    0.406E-03    0.000E+00    0.000E+00
     7.093     0.439    0.383E+00    0.129E+00    0.653E-01    0.751E-02    0.760E-02    0.326E-02    0.326E-02    0.400E-03    0.400E-03    0.000E+00    0.000E+00
     7.093     0.440    0.381E+00    0.128E+00    0.645E-01    0.744E-02    0.753E-02    0.323E-02    0.323E-02    0.395E-03    0.395E-03    0.000E+00    0.000E+00
     7.093     0.441    0.380E+00    0.127E+00    0.638E-01    0.737E-02    0.745E-02    0.320E-02    0.320E-02    0.389E-03    0.389E-03    0.000E+00    0.000E+00
     7.093     0.442    0.379E+00    0.126E+00    0.631E-01    0.730E-02    0.738E-02    0.317E-02    0.317E-02    0.384E-03    0.384E-03    0.000E+00    0.000E+00
     7.093     0.443    0.377E+00    0.125E+00    0.624E-01    0.723E-02    0.731E-02    0.313E-02    0.313E-02    0.379E-03    0.379E-03    0.000E+00    0.000E+00
     7.093     0.444    0.376E+00    0.125E+00    0.616E-01    0.716E-02    0.724E-02    0.310E-02    0.310E-02    0.373E-03    0.373E-03    0.000E+00    0.000E+00
     7.093     0.445    0.374E+00    0.124E+00    0.609E-01    0.709E-02    0.717E-02    0.307E-02    0.307E-02    0.368E-03    0.368E-03    0.000E+00    0.000E+00
     7.093     0.446    0.373E+00    0.123E+00    0.603E-01    0.703E-02    0.710E-02    0.304E-02    0.304E-02    0.363E-03    0.363E-03    0.000E+00    0.000E+00
     7.093     0.447    0.371E+00    0.122E+00    0.596E-01    0.696E-02    0.703E-02    0.301E-02    0.301E-02    0.358E-03    0.358E-03    0.000E+00    0.000E+00
     7.093     0.448    0.370E+00    0.122E+00    0.589E-01    0.690E-02    0.696E-02    0.298E-02    0.298E-02    0.353E-03    0.353E-03    0.000E+00    0.000E+00
     7.093     0.449    0.368E+00    0.121E+00    0.582E-01    0.683E-02    0.690E-02    0.295E-02    0.295E-02    0.348E-03    0.348E-03    0.000E+00    0.000E+00
     7.093     0.450    0.367E+00    0.120E+00    0.575E-01    0.676E-02    0.683E-02    0.292E-02    0.292E-02    0.343E-03    0.343E-03    0.000E+00    0.000E+00
     7.093     0.451    0.365E+00    0.119E+00    0.569E-01    0.670E-02    0.676E-02    0.290E-02    0.290E-02    0.338E-03    0.338E-03    0.000E+00    0.000E+00
     7.093     0.452    0.364E+00    0.119E+00    0.562E-01    0.664E-02    0.670E-02    0.287E-02    0.287E-02    0.333E-03    0.333E-03    0.000E+00    0.000E+00
     7.093     0.453    0.363E+00    0.118E+00    0.556E-01    0.657E-02    0.663E-02    0.284E-02    0.284E-02    0.329E-03    0.329E-03    0.000E+00    0.000E+00
     7.093     0.454    0.361E+00    0.117E+00    0.549E-01    0.651E-02    0.657E-02    0.281E-02    0.281E-02    0.324E-03    0.324E-03    0.000E+00    0.000E+00
     7.093     0.455    0.360E+00    0.116E+00    0.543E-01    0.645E-02    0.650E-02    0.278E-02    0.278E-02    0.319E-03    0.319E-03    0.000E+00    0.000E+00
     7.093     0.456    0.358E+00    0.116E+00    0.537E-01    0.639E-02    0.644E-02    0.275E-02    0.275E-02    0.315E-03    0.315E-03    0.000E+00    0.000E+00
     7.093     0.457    0.357E+00    0.115E+00    0.530E-01    0.632E-02    0.637E-02    0.273E-02    0.273E-02    0.310E-03    0.310E-03    0.000E+00    0.000E+00
     7.093     0.458    0.355E+00    0.114E+00    0.524E-01    0.626E-02    0.631E-02    0.270E-02    0.270E-02    0.306E-03    0.306E-03    0.000E+00    0.000E+00
     7.093     0.459    0.354E+00    0.113E+00    0.518E-01    0.620E-02    0.625E-02    0.267E-02    0.267E-02    0.302E-03    0.302E-03    0.000E+00    0.000E+00
     7.093     0.460    0.352E+00    0.113E+00    0.512E-01    0.614E-02    0.619E-02    0.264E-02    0.264E-02    0.297E-03    0.297E-03    0.000E+00    0.000E+00
     7.093     0.461    0.351E+00    0.112E+00    0.506E-01    0.608E-02    0.612E-02    0.262E-02    0.262E-02    0.293E-03    0.293E-03    0.000E+00    0.000E+00
     7.093     0.462    0.350E+00    0.111E+00    0.500E-01    0.602E-02    0.606E-02    0.259E-02    0.259E-02    0.289E-03    0.289E-03    0.000E+00    0.000E+00
     7.093     0.463    0.348E+00    0.110E+00    0.494E-01    0.596E-02    0.600E-02    0.256E-02    0.256E-02    0.285E-03    0.285E-03    0.000E+00    0.000E+00
     7.093     0.464    0.347E+00    0.110E+00    0.488E-01    0.590E-02    0.594E-02    0.254E-02    0.254E-02    0.281E-03    0.281E-03    0.000E+00    0.000E+00
     7.093     0.465    0.345E+00    0.109E+00    0.483E-01    0.585E-02    0.588E-02    0.251E-02    0.251E-02    0.276E-03    0.276E-03    0.000E+00    0.000E+00
     7.093     0.466    0.344E+00    0.108E+00    0.477E-01    0.579E-02    0.582E-02    0.249E-02    0.249E-02    0.272E-03    0.272E-03    0.000E+00    0.000E+00
     7.093     0.467    0.342E+00    0.108E+00    0.471E-01    0.573E-02    0.577E-02    0.246E-02    0.246E-02    0.269E-03    0.269E-03    0.000E+00    0.000E+00
     7.093     0.468    0.341E+00    0.107E+00    0.466E-01    0.568E-02    0.571E-02    0.244E-02    0.244E-02    0.265E-03    0.265E-03    0.000E+00    0.000E+00
     7.093     0.469    0.339E+00    0.106E+00    0.460E-01    0.562E-02    0.565E-02    0.241E-02    0.241E-02    0.261E-03    0.261E-03    0.000E+00    0.000E+00
     7.093     0.470    0.338E+00    0.105E+00    0.455E-01    0.556E-02    0.559E-02    0.239E-02    0.239E-02    0.257E-03    0.257E-03    0.000E+00    0.000E+00
     7.093     0.471    0.337E+00    0.105E+00    0.449E-01    0.551E-02    0.554E-02    0.236E-02    0.236E-02    0.253E-03    0.253E-03    0.000E+00    0.000E+00
     7.093     0.472    0.335E+00    0.104E+00    0.444E-01    0.545E-02    0.548E-02    0.234E-02    0.234E-02    0.250E-03    0.250E-03    0.000E+00    0.000E+00
     7.093     0.473    0.334E+00    0.103E+00    0.439E-01    0.540E-02    0.543E-02    0.231E-02    0.231E-02    0.246E-03    0.246E-03    0.000E+00    0.000E+00
     7.093     0.474    0.332E+00    0.103E+00    0.434E-01    0.534E-02    0.537E-02    0.229E-02    0.229E-02    0.242E-03    0.242E-03    0.000E+00    0.000E+00
     7.093     0.475    0.331E+00    0.102E+00    0.428E-01    0.529E-02    0.532E-02    0.226E-02    0.226E-02    0.239E-03    0.239E-03    0.000E+00    0.000E+00
     7.093     0.476    0.329E+00    0.101E+00    0.423E-01    0.524E-02    0.526E-02    0.224E-02    0.224E-02    0.235E-03    0.235E-03    0.000E+00    0.000E+00
     7.093     0.477    0.328E+00    0.101E+00    0.418E-01    0.518E-02    0.521E-02    0.222E-02    0.222E-02    0.232E-03    0.232E-03    0.000E+00    0.000E+00
     7.093     0.478    0.327E+00    0.998E-01    0.413E-01    0.513E-02    0.516E-02    0.219E-02    0.219E-02    0.228E-03    0.228E-03    0.000E+00    0.000E+00
     7.093     0.479    0.325E+00    0.991E-01    0.408E-01    0.508E-02    0.510E-02    0.217E-02    0.217E-02    0.225E-03    0.225E-03    0.000E+00    0.000E+00
     7.093     0.480    0.324E+00    0.984E-01    0.403E-01    0.503E-02    0.505E-02    0.215E-02    0.215E-02    0.222E-03    0.222E-03    0.000E+00    0.000E+00
     7.093     0.481    0.322E+00    0.977E-01    0.398E-01    0.498E-02    0.500E-02    0.213E-02    0.213E-02    0.218E-03    0.218E-03    0.000E+00    0.000E+00
     7.093     0.482    0.321E+00    0.971E-01    0.393E-01    0.493E-02    0.495E-02    0.210E-02    0.210E-02    0.215E-03    0.215E-03    0.000E+00    0.000E+00
     7.093     0.483    0.319E+00    0.964E-01    0.389E-01    0.488E-02    0.489E-02    0.208E-02    0.208E-02    0.212E-03    0.212E-03    0.000E+00    0.000E+00
     7.093     0.484    0.318E+00    0.957E-01    0.384E-01    0.483E-02    0.484E-02    0.206E-02    0.206E-02    0.209E-03    0.209E-03    0.000E+00    0.000E+00
     7.093     0.485    0.317E+00    0.950E-01    0.379E-01    0.478E-02    0.479E-02    0.204E-02    0.204E-02    0.206E-03    0.206E-03    0.000E+00    0.000E+00
     7.093     0.486    0.315E+00    0.944E-01    0.375E-01    0.473E-02    0.474E-02    0.202E-02    0.202E-02    0.203E-03    0.203E-03    0.000E+00    0.000E+00
     7.093     0.487    0.314E+00    0.937E-01    0.370E-01    0.468E-02    0.469E-02    0.199E-02    0.199E-02    0.200E-03    0.200E-03    0.000E+00    0.000E+00
     7.093     0.488    0.312E+00    0.930E-01    0.365E-01    0.463E-02    0.465E-02    0.197E-02    0.197E-02    0.197E-03    0.197E-03    0.000E+00    0.000E+00
     7.093     0.489    0.311E+00    0.923E-01    0.361E-01    0.458E-02    0.460E-02    0.195E-02    0.195E-02    0.194E-03    0.194E-03    0.000E+00    0.000E+00
     7.093     0.490    0.309E+00    0.917E-01    0.356E-01    0.453E-02    0.455E-02    0.193E-02    0.193E-02    0.191E-03    0.191E-03    0.000E+00    0.000E+00
     7.093     0.491    0.308E+00    0.910E-01    0.352E-01    0.449E-02    0.450E-02    0.191E-02    0.191E-02    0.188E-03    0.188E-03    0.000E+00    0.000E+00
     7.093     0.492    0.307E+00    0.904E-01    0.348E-01    0.444E-02    0.445E-02    0.189E-02    0.189E-02    0.185E-03    0.185E-03    0.000E+00    0.000E+00
     7.093     0.493    0.305E+00    0.897E-01    0.343E-01    0.439E-02    0.441E-02    0.187E-02    0.187E-02    0.182E-03    0.182E-03    0.000E+00    0.000E+00
     7.093     0.494    0.304E+00    0.891E-01    0.339E-01    0.435E-02    0.436E-02    0.185E-02    0.185E-02    0.179E-03    0.179E-03    0.000E+00    0.000E+00
     7.093     0.495    0.302E+00    0.884E-01    0.335E-01    0.430E-02    0.431E-02    0.183E-02    0.183E-02    0.177E-03    0.177E-03    0.000E+00    0.000E+00
     7.093     0.496    0.301E+00    0.878E-01    0.331E-01    0.426E-02    0.427E-02    0.181E-02    0.181E-02    0.174E-03    0.174E-03    0.000E+00    0.000E+00
     7.093     0.497    0.300E+00    0.871E-01    0.327E-01    0.421E-02    0.422E-02    0.179E-02    0.179E-02    0.171E-03    0.171E-03    0.000E+00    0.000E+00
     7.093     0.498    0.298E+00    0.865E-01    0.323E-01    0.417E-02    0.418E-02    0.177E-02    0.177E-02    0.169E-03    0.169E-03    0.000E+00    0.000E+00
     7.093     0.499    0.297E+00    0.858E-01    0.319E-01    0.412E-02    0.413E-02    0.175E-02    0.175E-02    0.166E-03    0.166E-03    0.000E+00    0.000E+00
     7.093     0.500    0.295E+00    0.852E-01    0.315E-01    0.408E-02    0.409E-02    0.173E-02    0.173E-02    0.164E-03    0.164E-03    0.000E+00    0.000E+00
     7.093     0.501    0.294E+00    0.846E-01    0.311E-01    0.403E-02    0.404E-02    0.171E-02    0.171E-02    0.161E-03    0.161E-03    0.000E+00    0.000E+00
     7.093     0.502    0.293E+00    0.839E-01    0.307E-01    0.399E-02    0.400E-02    0.169E-02    0.169E-02    0.159E-03    0.159E-03    0.000E+00    0.000E+00
     7.093     0.503    0.291E+00    0.833E-01    0.303E-01    0.395E-02    0.396E-02    0.167E-02    0.167E-02    0.156E-03    0.156E-03    0.000E+00    0.000E+00
     7.093     0.504    0.290E+00    0.827E-01    0.299E-01    0.391E-02    0.391E-02    0.166E-02    0.166E-02    0.154E-03    0.154E-03    0.000E+00    0.000E+00
     7.093     0.505    0.288E+00    0.820E-01    0.295E-01    0.386E-02    0.387E-02    0.164E-02    0.164E-02    0.151E-03    0.151E-03    0.000E+00    0.000E+00
     7.093     0.506    0.287E+00    0.814E-01    0.291E-01    0.382E-02    0.383E-02    0.162E-02    0.162E-02    0.149E-03    0.149E-03    0.000E+00    0.000E+00
     7.093     0.507    0.286E+00    0.808E-01    0.288E-01    0.378E-02    0.379E-02    0.160E-02    0.160E-02    0.147E-03    0.147E-03    0.000E+00    0.000E+00
     7.093     0.508    0.284E+00    0.802E-01    0.284E-01    0.374E-02    0.375E-02    0.158E-02    0.158E-02    0.144E-03    0.144E-03    0.000E+00    0.000E+00
     7.093     0.509    0.283E+00    0.796E-01    0.280E-01    0.370E-02    0.371E-02    0.157E-02    0.157E-02    0.142E-03    0.142E-03    0.000E+00    0.000E+00
     7.093     0.510    0.281E+00    0.790E-01    0.277E-01    0.366E-02    0.366E-02    0.155E-02    0.155E-02    0.140E-03    0.140E-03    0.000E+00    0.000E+00
     7.093     0.511    0.280E+00    0.784E-01    0.273E-01    0.362E-02    0.362E-02    0.153E-02    0.153E-02    0.138E-03    0.138E-03    0.000E+00    0.000E+00
     7.093     0.512    0.279E+00    0.778E-01    0.270E-01    0.358E-02    0.358E-02    0.151E-02    0.151E-02    0.136E-03    0.136E-03    0.000E+00    0.000E+00
     7.093     0.513    0.277E+00    0.771E-01    0.266E-01    0.354E-02    0.355E-02    0.150E-02    0.150E-02    0.133E-03    0.133E-03    0.000E+00    0.000E+00
     7.093     0.514    0.276E+00    0.765E-01    0.263E-01    0.350E-02    0.351E-02    0.148E-02    0.148E-02    0.131E-03    0.131E-03    0.000E+00    0.000E+00
     7.093     0.515    0.274E+00    0.760E-01    0.260E-01    0.346E-02    0.347E-02    0.146E-02    0.146E-02    0.129E-03    0.129E-03    0.000E+00    0.000E+00
     7.093     0.516    0.273E+00    0.754E-01    0.256E-01    0.342E-02    0.343E-02    0.145E-02    0.145E-02    0.127E-03    0.127E-03    0.000E+00    0.000E+00
     7.093     0.517    0.272E+00    0.748E-01    0.253E-01    0.339E-02    0.339E-02    0.143E-02    0.143E-02    0.125E-03    0.125E-03    0.000E+00    0.000E+00
     7.093     0.518    0.270E+00    0.742E-01    0.250E-01    0.335E-02    0.335E-02    0.141E-02    0.141E-02    0.123E-03    0.123E-03    0.000E+00    0.000E+00
     7.093     0.519    0.269E+00    0.736E-01    0.246E-01    0.331E-02    0.331E-02    0.140E-02    0.140E-02    0.121E-03    0.121E-03    0.000E+00    0.000E+00
     7.093     0.520    0.268E+00    0.730E-01    0.243E-01    0.327E-02    0.328E-02    0.138E-02    0.138E-02    0.119E-03    0.119E-03    0.000E+00    0.000E+00
     7.093     0.521    0.266E+00    0.724E-01    0.240E-01    0.324E-02    0.324E-02    0.137E-02    0.137E-02    0.117E-03    0.117E-03    0.000E+00    0.000E+00
     7.093     0.522    0.265E+00    0.718E-01    0.237E-01    0.320E-02    0.320E-02    0.135E-02    0.135E-02    0.116E-03    0.116E-03    0.000E+00    0.000E+00
     7.093     0.523    0.264E+00    0.713E-01    0.234E-01    0.316E-02    0.317E-02    0.133E-02    0.133E-02    0.114E-03    0.114E-03    0.000E+00    0.000E+00
     7.093     0.524    0.262E+00    0.707E-01    0.231E-01    0.313E-02    0.313E-02    0.132E-02    0.132E-02    0.112E-03    0.112E-03    0.000E+00    0.000E+00
     7.093     0.525    0.261E+00    0.701E-01    0.228E-01    0.309E-02    0.310E-02    0.130E-02    0.130E-02    0.110E-03    0.110E-03    0.000E+00    0.000E+00
     7.093     0.526    0.260E+00    0.696E-01    0.225E-01    0.306E-02    0.306E-02    0.129E-02    0.129E-02    0.108E-03    0.108E-03    0.000E+00    0.000E+00
     7.093     0.527    0.258E+00    0.690E-01    0.222E-01    0.302E-02    0.303E-02    0.127E-02    0.127E-02    0.107E-03    0.107E-03    0.000E+00    0.000E+00
     7.093     0.528    0.257E+00    0.684E-01    0.219E-01    0.299E-02    0.299E-02    0.126E-02    0.126E-02    0.105E-03    0.105E-03    0.000E+00    0.000E+00
     7.093     0.529    0.255E+00    0.679E-01    0.216E-01    0.295E-02    0.296E-02    0.124E-02    0.124E-02    0.103E-03    0.103E-03    0.000E+00    0.000E+00
     7.093     0.530    0.254E+00    0.673E-01    0.213E-01    0.292E-02    0.292E-02    0.123E-02    0.123E-02    0.101E-03    0.101E-03    0.000E+00    0.000E+00
     7.093     0.531    0.253E+00    0.668E-01    0.210E-01    0.289E-02    0.289E-02    0.121E-02    0.121E-02    0.998E-04    0.998E-04    0.000E+00    0.000E+00
     7.093     0.532    0.251E+00    0.662E-01    0.207E-01    0.285E-02    0.286E-02    0.120E-02    0.120E-02    0.982E-04    0.982E-04    0.000E+00    0.000E+00
     7.093     0.533    0.250E+00    0.657E-01    0.205E-01    0.282E-02    0.282E-02    0.119E-02    0.119E-02    0.966E-04    0.966E-04    0.000E+00    0.000E+00
     7.093     0.534    0.249E+00    0.651E-01    0.202E-01    0.279E-02    0.279E-02    0.117E-02    0.117E-02    0.950E-04    0.950E-04    0.000E+00    0.000E+00
     7.093     0.535    0.247E+00    0.646E-01    0.199E-01    0.275E-02    0.276E-02    0.116E-02    0.116E-02    0.935E-04    0.935E-04    0.000E+00    0.000E+00
     7.093     0.536    0.246E+00    0.640E-01    0.196E-01    0.272E-02    0.272E-02    0.114E-02    0.114E-02    0.919E-04    0.919E-04    0.000E+00    0.000E+00
     7.093     0.537    0.245E+00    0.635E-01    0.194E-01    0.269E-02    0.269E-02    0.113E-02    0.113E-02    0.904E-04    0.904E-04    0.000E+00    0.000E+00
     7.093     0.538    0.244E+00    0.630E-01    0.191E-01    0.266E-02    0.266E-02    0.112E-02    0.112E-02    0.889E-04    0.889E-04    0.000E+00    0.000E+00
     7.093     0.539    0.242E+00    0.624E-01    0.189E-01    0.263E-02    0.263E-02    0.110E-02    0.110E-02    0.875E-04    0.875E-04    0.000E+00    0.000E+00
     7.093     0.540    0.241E+00    0.619E-01    0.186E-01    0.260E-02    0.260E-02    0.109E-02    0.109E-02    0.860E-04    0.860E-04    0.000E+00    0.000E+00
     7.093     0.541    0.240E+00    0.614E-01    0.184E-01    0.257E-02    0.257E-02    0.108E-02    0.108E-02    0.846E-04    0.846E-04    0.000E+00    0.000E+00
     7.093     0.542    0.238E+00    0.608E-01    0.181E-01    0.254E-02    0.254E-02    0.106E-02    0.106E-02    0.832E-04    0.832E-04    0.000E+00    0.000E+00
     7.093     0.543    0.237E+00    0.603E-01    0.179E-01    0.250E-02    0.251E-02    0.105E-02    0.105E-02    0.818E-04    0.818E-04    0.000E+00    0.000E+00
     7.093     0.544    0.236E+00    0.598E-01    0.176E-01    0.247E-02    0.248E-02    0.104E-02    0.104E-02    0.805E-04    0.805E-04    0.000E+00    0.000E+00
     7.093     0.545    0.234E+00    0.593E-01    0.174E-01    0.245E-02    0.245E-02    0.103E-02    0.103E-02    0.791E-04    0.791E-04    0.000E+00    0.000E+00
     7.093     0.546    0.233E+00    0.588E-01    0.171E-01    0.242E-02    0.242E-02    0.101E-02    0.101E-02    0.778E-04    0.778E-04    0.000E+00    0.000E+00
     7.093     0.547    0.232E+00    0.583E-01    0.169E-01    0.239E-02    0.239E-02    0.100E-02    0.100E-02    0.765E-04    0.765E-04    0.000E+00    0.000E+00
     7.093     0.548    0.230E+00    0.577E-01    0.167E-01    0.236E-02    0.236E-02    0.988E-03    0.988E-03    0.752E-04    0.752E-04    0.000E+00    0.000E+00
     7.093     0.549    0.229E+00    0.572E-01    0.164E-01    0.233E-02    0.233E-02    0.976E-03    0.976E-03    0.739E-04    0.739E-04    0.000E+00    0.000E+00
     7.093     0.550    0.228E+00    0.567E-01    0.162E-01    0.230E-02    0.230E-02    0.964E-03    0.964E-03    0.727E-04    0.727E-04    0.000E+00    0.000E+00
     7.093     0.551    0.227E+00    0.562E-01    0.160E-01    0.227E-02    0.227E-02    0.952E-03    0.952E-03    0.714E-04    0.714E-04    0.000E+00    0.000E+00
     7.093     0.552    0.225E+00    0.557E-01    0.158E-01    0.224E-02    0.225E-02    0.940E-03    0.940E-03    0.702E-04    0.702E-04    0.000E+00    0.000E+00
     7.093     0.553    0.224E+00    0.553E-01    0.156E-01    0.222E-02    0.222E-02    0.929E-03    0.929E-03    0.690E-04    0.690E-04    0.000E+00    0.000E+00
     7.093     0.554    0.223E+00    0.548E-01    0.153E-01    0.219E-02    0.219E-02    0.917E-03    0.917E-03    0.679E-04    0.679E-04    0.000E+00    0.000E+00
     7.093     0.555    0.221E+00    0.543E-01    0.151E-01    0.216E-02    0.216E-02    0.905E-03    0.905E-03    0.667E-04    0.667E-04    0.000E+00    0.000E+00
     7.093     0.556    0.220E+00    0.538E-01    0.149E-01    0.214E-02    0.214E-02    0.894E-03    0.894E-03    0.656E-04    0.656E-04    0.000E+00    0.000E+00
     7.093     0.557    0.219E+00    0.533E-01    0.147E-01    0.211E-02    0.211E-02    0.883E-03    0.883E-03    0.645E-04    0.645E-04    0.000E+00    0.000E+00
     7.093     0.558    0.218E+00    0.528E-01    0.145E-01    0.208E-02    0.208E-02    0.872E-03    0.872E-03    0.634E-04    0.634E-04    0.000E+00    0.000E+00
     7.093     0.559    0.216E+00    0.523E-01    0.143E-01    0.206E-02    0.206E-02    0.861E-03    0.861E-03    0.623E-04    0.623E-04    0.000E+00    0.000E+00
     7.093     0.560    0.215E+00    0.519E-01    0.141E-01    0.203E-02    0.203E-02    0.850E-03    0.850E-03    0.612E-04    0.612E-04    0.000E+00    0.000E+00
     7.093     0.561    0.214E+00    0.514E-01    0.139E-01    0.201E-02    0.201E-02    0.839E-03    0.839E-03    0.602E-04    0.602E-04    0.000E+00    0.000E+00
     7.093     0.562    0.213E+00    0.509E-01    0.137E-01    0.198E-02    0.198E-02    0.828E-03    0.828E-03    0.591E-04    0.591E-04    0.000E+00    0.000E+00
     7.093     0.563    0.211E+00    0.505E-01    0.135E-01    0.196E-02    0.196E-02    0.817E-03    0.817E-03    0.581E-04    0.581E-04    0.000E+00    0.000E+00
     7.093     0.564    0.210E+00    0.500E-01    0.133E-01    0.193E-02    0.193E-02    0.807E-03    0.807E-03    0.571E-04    0.571E-04    0.000E+00    0.000E+00
     7.093     0.565    0.209E+00    0.495E-01    0.131E-01    0.191E-02    0.191E-02    0.796E-03    0.796E-03    0.561E-04    0.561E-04    0.000E+00    0.000E+00
     7.093     0.566    0.208E+00    0.491E-01    0.129E-01    0.188E-02    0.188E-02    0.786E-03    0.786E-03    0.551E-04    0.551E-04    0.000E+00    0.000E+00
     7.093     0.567    0.206E+00    0.486E-01    0.128E-01    0.186E-02    0.186E-02    0.776E-03    0.776E-03    0.542E-04    0.542E-04    0.000E+00    0.000E+00
     7.093     0.568    0.205E+00    0.482E-01    0.126E-01    0.183E-02    0.183E-02    0.766E-03    0.766E-03    0.532E-04    0.532E-04    0.000E+00    0.000E+00
     7.093     0.569    0.204E+00    0.477E-01    0.124E-01    0.181E-02    0.181E-02    0.756E-03    0.756E-03    0.523E-04    0.523E-04    0.000E+00    0.000E+00
     7.093     0.570    0.203E+00    0.473E-01    0.122E-01    0.179E-02    0.179E-02    0.746E-03    0.746E-03    0.514E-04    0.514E-04    0.000E+00    0.000E+00
     7.093     0.571    0.202E+00    0.468E-01    0.120E-01    0.176E-02    0.176E-02    0.736E-03    0.736E-03    0.504E-04    0.504E-04    0.000E+00    0.000E+00
     7.093     0.572    0.200E+00    0.464E-01    0.119E-01    0.174E-02    0.174E-02    0.726E-03    0.726E-03    0.496E-04    0.496E-04    0.000E+00    0.000E+00
     7.093     0.573    0.199E+00    0.459E-01    0.117E-01    0.172E-02    0.172E-02    0.717E-03    0.717E-03    0.487E-04    0.487E-04    0.000E+00    0.000E+00
     7.093     0.574    0.198E+00    0.455E-01    0.115E-01    0.170E-02    0.170E-02    0.707E-03    0.707E-03    0.478E-04    0.478E-04    0.000E+00    0.000E+00
     7.093     0.575    0.197E+00    0.451E-01    0.114E-01    0.167E-02    0.167E-02    0.698E-03    0.698E-03    0.470E-04    0.470E-04    0.000E+00    0.000E+00
     7.093     0.576    0.195E+00    0.446E-01    0.112E-01    0.165E-02    0.165E-02    0.688E-03    0.688E-03    0.461E-04    0.461E-04    0.000E+00    0.000E+00
     7.093     0.577    0.194E+00    0.442E-01    0.110E-01    0.163E-02    0.163E-02    0.679E-03    0.679E-03    0.453E-04    0.453E-04    0.000E+00    0.000E+00
     7.093     0.578    0.193E+00    0.438E-01    0.109E-01    0.161E-02    0.161E-02    0.670E-03    0.670E-03    0.445E-04    0.445E-04    0.000E+00    0.000E+00
     7.093     0.579    0.192E+00    0.434E-01    0.107E-01    0.159E-02    0.159E-02    0.661E-03    0.661E-03    0.437E-04    0.437E-04    0.000E+00    0.000E+00
     7.093     0.580    0.191E+00    0.429E-01    0.106E-01    0.157E-02    0.157E-02    0.652E-03    0.652E-03    0.429E-04    0.429E-04    0.000E+00    0.000E+00
     7.093     0.581    0.189E+00    0.425E-01    0.104E-01    0.154E-02    0.154E-02    0.643E-03    0.643E-03    0.422E-04    0.422E-04    0.000E+00    0.000E+00
     7.093     0.582    0.188E+00    0.421E-01    0.102E-01    0.152E-02    0.152E-02    0.634E-03    0.634E-03    0.414E-04    0.414E-04    0.000E+00    0.000E+00
     7.093     0.583    0.187E+00    0.417E-01    0.101E-01    0.150E-02    0.150E-02    0.626E-03    0.626E-03    0.407E-04    0.407E-04    0.000E+00    0.000E+00
     7.093     0.584    0.186E+00    0.413E-01    0.995E-02    0.148E-02    0.148E-02    0.617E-03    0.617E-03    0.399E-04    0.399E-04    0.000E+00    0.000E+00
     7.093     0.585    0.185E+00    0.409E-01    0.980E-02    0.146E-02    0.146E-02    0.608E-03    0.608E-03    0.392E-04    0.392E-04    0.000E+00    0.000E+00
     7.093     0.586    0.184E+00    0.405E-01    0.966E-02    0.144E-02    0.144E-02    0.600E-03    0.600E-03    0.385E-04    0.385E-04    0.000E+00    0.000E+00
     7.093     0.587    0.182E+00    0.401E-01    0.951E-02    0.142E-02    0.142E-02    0.592E-03    0.592E-03    0.378E-04    0.378E-04    0.000E+00    0.000E+00
     7.093     0.588    0.181E+00    0.397E-01    0.937E-02    0.140E-02    0.140E-02    0.583E-03    0.583E-03    0.371E-04    0.371E-04    0.000E+00    0.000E+00
     7.093     0.589    0.180E+00    0.393E-01    0.923E-02    0.138E-02    0.138E-02    0.575E-03    0.575E-03    0.364E-04    0.364E-04    0.000E+00    0.000E+00
     7.093     0.590    0.179E+00    0.389E-01    0.909E-02    0.136E-02    0.136E-02    0.567E-03    0.567E-03    0.358E-04    0.358E-04    0.000E+00    0.000E+00
     7.093     0.591    0.178E+00    0.385E-01    0.896E-02    0.135E-02    0.135E-02    0.559E-03    0.559E-03    0.351E-04    0.351E-04    0.000E+00    0.000E+00
     7.093     0.592    0.177E+00    0.381E-01    0.882E-02    0.133E-02    0.133E-02    0.551E-03    0.551E-03    0.345E-04    0.345E-04    0.000E+00    0.000E+00
     7.093     0.593    0.175E+00    0.377E-01    0.869E-02    0.131E-02    0.131E-02    0.544E-03    0.544E-03    0.338E-04    0.338E-04    0.000E+00    0.000E+00
     7.093     0.594    0.174E+00    0.373E-01    0.856E-02    0.129E-02    0.129E-02    0.536E-03    0.536E-03    0.332E-04    0.332E-04    0.000E+00    0.000E+00
     7.093     0.595    0.173E+00    0.369E-01    0.843E-02    0.127E-02    0.127E-02    0.528E-03    0.528E-03    0.326E-04    0.326E-04    0.000E+00    0.000E+00
     7.093     0.596    0.172E+00    0.366E-01    0.830E-02    0.125E-02    0.125E-02    0.521E-03    0.521E-03    0.320E-04    0.320E-04    0.000E+00    0.000E+00
     7.093     0.597    0.171E+00    0.362E-01    0.818E-02    0.124E-02    0.124E-02    0.513E-03    0.513E-03    0.314E-04    0.314E-04    0.000E+00    0.000E+00
     7.093     0.598    0.170E+00    0.358E-01    0.805E-02    0.122E-02    0.122E-02    0.506E-03    0.506E-03    0.308E-04    0.308E-04    0.000E+00    0.000E+00
     7.093     0.599    0.169E+00    0.354E-01    0.793E-02    0.120E-02    0.120E-02    0.498E-03    0.498E-03    0.302E-04    0.302E-04    0.000E+00    0.000E+00
     7.093     0.600    0.167E+00    0.351E-01    0.781E-02    0.118E-02    0.118E-02    0.491E-03    0.491E-03    0.297E-04    0.297E-04    0.000E+00    0.000E+00
     7.093     0.601    0.166E+00    0.347E-01    0.769E-02    0.117E-02    0.117E-02    0.484E-03    0.484E-03    0.291E-04    0.291E-04    0.000E+00    0.000E+00
     7.093     0.602    0.165E+00    0.343E-01    0.757E-02    0.115E-02    0.115E-02    0.477E-03    0.477E-03    0.286E-04    0.286E-04    0.000E+00    0.000E+00
     7.093     0.603    0.164E+00    0.340E-01    0.746E-02    0.113E-02    0.113E-02    0.470E-03    0.470E-03    0.280E-04    0.280E-04    0.000E+00    0.000E+00
     7.093     0.604    0.163E+00    0.336E-01    0.734E-02    0.112E-02    0.112E-02    0.463E-03    0.463E-03    0.275E-04    0.275E-04    0.000E+00    0.000E+00
     7.093     0.605    0.162E+00    0.333E-01    0.723E-02    0.110E-02    0.110E-02    0.456E-03    0.456E-03    0.270E-04    0.270E-04    0.000E+00    0.000E+00
     7.093     0.606    0.161E+00    0.329E-01    0.712E-02    0.108E-02    0.108E-02    0.449E-03    0.449E-03    0.265E-04    0.265E-04    0.000E+00    0.000E+00
     7.093     0.607    0.160E+00    0.326E-01    0.701E-02    0.107E-02    0.107E-02    0.443E-03    0.443E-03    0.260E-04    0.260E-04    0.000E+00    0.000E+00
     7.093     0.608    0.159E+00    0.322E-01    0.690E-02    0.105E-02    0.105E-02    0.436E-03    0.436E-03    0.255E-04    0.255E-04    0.000E+00    0.000E+00
     7.093     0.609    0.157E+00    0.319E-01    0.679E-02    0.104E-02    0.104E-02    0.429E-03    0.429E-03    0.250E-04    0.250E-04    0.000E+00    0.000E+00
     7.093     0.610    0.156E+00    0.315E-01    0.669E-02    0.102E-02    0.102E-02    0.423E-03    0.423E-03    0.245E-04    0.245E-04    0.000E+00    0.000E+00
     7.093     0.611    0.155E+00    0.312E-01    0.658E-02    0.101E-02    0.101E-02    0.417E-03    0.417E-03    0.240E-04    0.240E-04    0.000E+00    0.000E+00
     7.093     0.612    0.154E+00    0.309E-01    0.648E-02    0.990E-03    0.990E-03    0.410E-03    0.410E-03    0.236E-04    0.236E-04    0.000E+00    0.000E+00
     7.093     0.613    0.153E+00    0.305E-01    0.638E-02    0.975E-03    0.975E-03    0.404E-03    0.404E-03    0.231E-04    0.231E-04    0.000E+00    0.000E+00
     7.093     0.614    0.152E+00    0.302E-01    0.628E-02    0.960E-03    0.960E-03    0.398E-03    0.398E-03    0.227E-04    0.227E-04    0.000E+00    0.000E+00
     7.093     0.615    0.151E+00    0.299E-01    0.618E-02    0.946E-03    0.946E-03    0.392E-03    0.392E-03    0.222E-04    0.222E-04    0.000E+00    0.000E+00
     7.093     0.616    0.150E+00    0.295E-01    0.608E-02    0.931E-03    0.931E-03    0.385E-03    0.385E-03    0.218E-04    0.218E-04    0.000E+00    0.000E+00
     7.093     0.617    0.149E+00    0.292E-01    0.598E-02    0.917E-03    0.917E-03    0.380E-03    0.380E-03    0.214E-04    0.214E-04    0.000E+00    0.000E+00
     7.093     0.618    0.148E+00    0.289E-01    0.589E-02    0.902E-03    0.903E-03    0.374E-03    0.374E-03    0.210E-04    0.210E-04    0.000E+00    0.000E+00
     7.093     0.619    0.147E+00    0.286E-01    0.579E-02    0.888E-03    0.888E-03    0.368E-03    0.368E-03    0.206E-04    0.206E-04    0.000E+00    0.000E+00
     7.093     0.620    0.146E+00    0.282E-01    0.570E-02    0.875E-03    0.875E-03    0.362E-03    0.362E-03    0.202E-04    0.202E-04    0.000E+00    0.000E+00
     7.093     0.621    0.145E+00    0.279E-01    0.561E-02    0.861E-03    0.861E-03    0.356E-03    0.356E-03    0.198E-04    0.198E-04    0.000E+00    0.000E+00
     7.093     0.622    0.144E+00    0.276E-01    0.552E-02    0.847E-03    0.847E-03    0.351E-03    0.351E-03    0.194E-04    0.194E-04    0.000E+00    0.000E+00
     7.093     0.623    0.143E+00    0.273E-01    0.543E-02    0.834E-03    0.834E-03    0.345E-03    0.345E-03    0.190E-04    0.190E-04    0.000E+00    0.000E+00
     7.093     0.624    0.142E+00    0.270E-01    0.535E-02    0.821E-03    0.821E-03    0.339E-03    0.339E-03    0.186E-04    0.186E-04    0.000E+00    0.000E+00
     7.093     0.625    0.141E+00    0.267E-01    0.526E-02    0.808E-03    0.808E-03    0.334E-03    0.334E-03    0.182E-04    0.182E-04    0.000E+00    0.000E+00
     7.093     0.626    0.139E+00    0.264E-01    0.518E-02    0.795E-03    0.795E-03    0.329E-03    0.329E-03    0.179E-04    0.179E-04    0.000E+00    0.000E+00
     7.093     0.627    0.138E+00    0.261E-01    0.509E-02    0.782E-03    0.782E-03    0.323E-03    0.323E-03    0.175E-04    0.175E-04    0.000E+00    0.000E+00
     7.093     0.628    0.137E+00    0.258E-01    0.501E-02    0.769E-03    0.769E-03    0.318E-03    0.318E-03    0.172E-04    0.172E-04    0.000E+00    0.000E+00
     7.093     0.629    0.136E+00    0.255E-01    0.493E-02    0.757E-03    0.757E-03    0.313E-03    0.313E-03    0.168E-04    0.168E-04    0.000E+00    0.000E+00
     7.093     0.630    0.135E+00    0.252E-01    0.485E-02    0.744E-03    0.744E-03    0.308E-03    0.308E-03    0.165E-04    0.165E-04    0.000E+00    0.000E+00
     7.093     0.631    0.134E+00    0.249E-01    0.477E-02    0.732E-03    0.732E-03    0.303E-03    0.303E-03    0.162E-04    0.162E-04    0.000E+00    0.000E+00
     7.093     0.632    0.133E+00    0.246E-01    0.469E-02    0.720E-03    0.720E-03    0.298E-03    0.298E-03    0.159E-04    0.159E-04    0.000E+00    0.000E+00
     7.093     0.633    0.132E+00    0.243E-01    0.461E-02    0.708E-03    0.708E-03    0.293E-03    0.293E-03    0.155E-04    0.155E-04    0.000E+00    0.000E+00
     7.093     0.634    0.131E+00    0.240E-01    0.454E-02    0.696E-03    0.696E-03    0.288E-03    0.288E-03    0.152E-04    0.152E-04    0.000E+00    0.000E+00
     7.093     0.635    0.130E+00    0.238E-01    0.446E-02    0.685E-03    0.685E-03    0.283E-03    0.283E-03    0.149E-04    0.149E-04    0.000E+00    0.000E+00
     7.093     0.636    0.129E+00    0.235E-01    0.439E-02    0.673E-03    0.673E-03    0.278E-03    0.278E-03    0.146E-04    0.146E-04    0.000E+00    0.000E+00
     7.093     0.637    0.128E+00    0.232E-01    0.432E-02    0.662E-03    0.662E-03    0.273E-03    0.273E-03    0.143E-04    0.143E-04    0.000E+00    0.000E+00
     7.093     0.638    0.127E+00    0.229E-01    0.425E-02    0.651E-03    0.651E-03    0.269E-03    0.269E-03    0.140E-04    0.140E-04    0.000E+00    0.000E+00
     7.093     0.639    0.126E+00    0.227E-01    0.418E-02    0.639E-03    0.639E-03    0.264E-03    0.264E-03    0.137E-04    0.137E-04    0.000E+00    0.000E+00
     7.093     0.640    0.126E+00    0.224E-01    0.411E-02    0.628E-03    0.628E-03    0.259E-03    0.259E-03    0.134E-04    0.134E-04    0.000E+00    0.000E+00
     7.093     0.641    0.125E+00    0.221E-01    0.404E-02    0.618E-03    0.618E-03    0.255E-03    0.255E-03    0.132E-04    0.132E-04    0.000E+00    0.000E+00
     7.093     0.642    0.124E+00    0.219E-01    0.397E-02    0.607E-03    0.607E-03    0.251E-03    0.251E-03    0.129E-04    0.129E-04    0.000E+00    0.000E+00
     7.093     0.643    0.123E+00    0.216E-01    0.390E-02    0.596E-03    0.596E-03    0.246E-03    0.246E-03    0.126E-04    0.126E-04    0.000E+00    0.000E+00
     7.093     0.644    0.122E+00    0.213E-01    0.384E-02    0.586E-03    0.586E-03    0.242E-03    0.242E-03    0.124E-04    0.124E-04    0.000E+00    0.000E+00
     7.093     0.645    0.121E+00    0.211E-01    0.377E-02    0.576E-03    0.576E-03    0.237E-03    0.237E-03    0.121E-04    0.121E-04    0.000E+00    0.000E+00
     7.093     0.646    0.120E+00    0.208E-01    0.371E-02    0.565E-03    0.565E-03    0.233E-03    0.233E-03    0.119E-04    0.119E-04    0.000E+00    0.000E+00
     7.093     0.647    0.119E+00    0.206E-01    0.365E-02    0.555E-03    0.555E-03    0.229E-03    0.229E-03    0.116E-04    0.116E-04    0.000E+00    0.000E+00
     7.093     0.648    0.118E+00    0.203E-01    0.359E-02    0.545E-03    0.545E-03    0.225E-03    0.225E-03    0.114E-04    0.114E-04    0.000E+00    0.000E+00
     7.093     0.649    0.117E+00    0.201E-01    0.353E-02    0.536E-03    0.536E-03    0.221E-03    0.221E-03    0.111E-04    0.111E-04    0.000E+00    0.000E+00
     7.093     0.650    0.116E+00    0.198E-01    0.347E-02    0.526E-03    0.526E-03    0.217E-03    0.217E-03    0.109E-04    0.109E-04    0.000E+00    0.000E+00
     7.093     0.651    0.115E+00    0.196E-01    0.341E-02    0.516E-03    0.516E-03    0.213E-03    0.213E-03    0.107E-04    0.107E-04    0.000E+00    0.000E+00
     7.093     0.652    0.114E+00    0.193E-01    0.335E-02    0.507E-03    0.507E-03    0.209E-03    0.209E-03    0.105E-04    0.105E-04    0.000E+00    0.000E+00
     7.093     0.653    0.113E+00    0.191E-01    0.329E-02    0.498E-03    0.498E-03    0.205E-03    0.205E-03    0.102E-04    0.102E-04    0.000E+00    0.000E+00
     7.093     0.654    0.112E+00    0.188E-01    0.323E-02    0.488E-03    0.488E-03    0.201E-03    0.201E-03    0.100E-04    0.100E-04    0.000E+00    0.000E+00
     7.093     0.655    0.111E+00    0.186E-01    0.318E-02    0.479E-03    0.479E-03    0.198E-03    0.198E-03    0.981E-05    0.981E-05    0.000E+00    0.000E+00
     7.093     0.656    0.110E+00    0.184E-01    0.312E-02    0.470E-03    0.470E-03    0.194E-03    0.194E-03    0.960E-05    0.960E-05    0.000E+00    0.000E+00
     7.093     0.657    0.110E+00    0.181E-01    0.307E-02    0.461E-03    0.461E-03    0.190E-03    0.190E-03    0.939E-05    0.939E-05    0.000E+00    0.000E+00
     7.093     0.658    0.109E+00    0.179E-01    0.302E-02    0.453E-03    0.453E-03    0.187E-03    0.187E-03    0.919E-05    0.919E-05    0.000E+00    0.000E+00
     7.093     0.659    0.108E+00    0.177E-01    0.296E-02    0.444E-03    0.444E-03    0.183E-03    0.183E-03    0.899E-05    0.899E-05    0.000E+00    0.000E+00
     7.093     0.660    0.107E+00    0.174E-01    0.291E-02    0.435E-03    0.435E-03    0.179E-03    0.179E-03    0.880E-05    0.880E-05    0.000E+00    0.000E+00
     7.093     0.661    0.106E+00    0.172E-01    0.286E-02    0.427E-03    0.427E-03    0.176E-03    0.176E-03    0.861E-05    0.861E-05    0.000E+00    0.000E+00
     7.093     0.662    0.105E+00    0.170E-01    0.281E-02    0.419E-03    0.419E-03    0.173E-03    0.173E-03    0.842E-05    0.842E-05    0.000E+00    0.000E+00
     7.093     0.663    0.104E+00    0.168E-01    0.276E-02    0.410E-03    0.410E-03    0.169E-03    0.169E-03    0.824E-05    0.824E-05    0.000E+00    0.000E+00
     7.093     0.664    0.103E+00    0.166E-01    0.271E-02    0.402E-03    0.402E-03    0.166E-03    0.166E-03    0.806E-05    0.806E-05    0.000E+00    0.000E+00
     7.093     0.665    0.102E+00    0.163E-01    0.267E-02    0.394E-03    0.394E-03    0.162E-03    0.162E-03    0.788E-05    0.788E-05    0.000E+00    0.000E+00
     7.093     0.666    0.102E+00    0.161E-01    0.262E-02    0.387E-03    0.387E-03    0.159E-03    0.159E-03    0.771E-05    0.771E-05    0.000E+00    0.000E+00
     7.093     0.667    0.101E+00    0.159E-01    0.257E-02    0.379E-03    0.379E-03    0.156E-03    0.156E-03    0.754E-05    0.754E-05    0.000E+00    0.000E+00
     7.093     0.668    0.999E-01    0.157E-01    0.253E-02    0.371E-03    0.371E-03    0.153E-03    0.153E-03    0.738E-05    0.738E-05    0.000E+00    0.000E+00
     7.093     0.669    0.991E-01    0.155E-01    0.248E-02    0.364E-03    0.364E-03    0.150E-03    0.150E-03    0.722E-05    0.722E-05    0.000E+00    0.000E+00
     7.093     0.670    0.982E-01    0.153E-01    0.244E-02    0.356E-03    0.356E-03    0.147E-03    0.147E-03    0.706E-05    0.706E-05    0.000E+00    0.000E+00
     7.093     0.671    0.974E-01    0.151E-01    0.239E-02    0.349E-03    0.349E-03    0.144E-03    0.144E-03    0.690E-05    0.690E-05    0.000E+00    0.000E+00
     7.093     0.672    0.965E-01    0.149E-01    0.235E-02    0.342E-03    0.342E-03    0.141E-03    0.141E-03    0.675E-05    0.675E-05    0.000E+00    0.000E+00
     7.093     0.673    0.957E-01    0.147E-01    0.231E-02    0.334E-03    0.334E-03    0.138E-03    0.138E-03    0.660E-05    0.660E-05    0.000E+00    0.000E+00
     7.093     0.674    0.948E-01    0.145E-01    0.227E-02    0.327E-03    0.327E-03    0.135E-03    0.135E-03    0.646E-05    0.646E-05    0.000E+00    0.000E+00
     7.093     0.675    0.940E-01    0.143E-01    0.223E-02    0.320E-03    0.320E-03    0.132E-03    0.132E-03    0.631E-05    0.631E-05    0.000E+00    0.000E+00
     7.093     0.676    0.932E-01    0.141E-01    0.219E-02    0.314E-03    0.314E-03    0.129E-03    0.129E-03    0.617E-05    0.617E-05    0.000E+00    0.000E+00
     7.093     0.677    0.924E-01    0.139E-01    0.215E-02    0.307E-03    0.307E-03    0.126E-03    0.126E-03    0.603E-05    0.603E-05    0.000E+00    0.000E+00
     7.093     0.678    0.915E-01    0.137E-01    0.211E-02    0.300E-03    0.300E-03    0.124E-03    0.124E-03    0.590E-05    0.590E-05    0.000E+00    0.000E+00
     7.093     0.679    0.907E-01    0.135E-01    0.207E-02    0.293E-03    0.293E-03    0.121E-03    0.121E-03    0.576E-05    0.576E-05    0.000E+00    0.000E+00
     7.093     0.680    0.899E-01    0.133E-01    0.203E-02    0.287E-03    0.287E-03    0.118E-03    0.118E-03    0.563E-05    0.563E-05    0.000E+00    0.000E+00
     7.093     0.681    0.891E-01    0.132E-01    0.199E-02    0.281E-03    0.281E-03    0.116E-03    0.116E-03    0.550E-05    0.550E-05    0.000E+00    0.000E+00
     7.093     0.682    0.883E-01    0.130E-01    0.196E-02    0.274E-03    0.274E-03    0.113E-03    0.113E-03    0.538E-05    0.538E-05    0.000E+00    0.000E+00
     7.093     0.683    0.875E-01    0.128E-01    0.192E-02    0.268E-03    0.268E-03    0.110E-03    0.110E-03    0.525E-05    0.525E-05    0.000E+00    0.000E+00
     7.093     0.684    0.867E-01    0.126E-01    0.189E-02    0.262E-03    0.262E-03    0.108E-03    0.108E-03    0.513E-05    0.513E-05    0.000E+00    0.000E+00
     7.093     0.685    0.859E-01    0.124E-01    0.185E-02    0.256E-03    0.256E-03    0.105E-03    0.105E-03    0.501E-05    0.501E-05    0.000E+00    0.000E+00
     7.093     0.686    0.851E-01    0.123E-01    0.182E-02    0.250E-03    0.250E-03    0.103E-03    0.103E-03    0.490E-05    0.490E-05    0.000E+00    0.000E+00
     7.093     0.687    0.844E-01    0.121E-01    0.178E-02    0.244E-03    0.244E-03    0.101E-03    0.101E-03    0.479E-05    0.479E-05    0.000E+00    0.000E+00
     7.093     0.688    0.836E-01    0.119E-01    0.175E-02    0.238E-03    0.238E-03    0.982E-04    0.982E-04    0.468E-05    0.468E-05    0.000E+00    0.000E+00
     7.093     0.689    0.828E-01    0.117E-01    0.172E-02    0.233E-03    0.233E-03    0.958E-04    0.958E-04    0.457E-05    0.457E-05    0.000E+00    0.000E+00
     7.093     0.690    0.820E-01    0.116E-01    0.168E-02    0.227E-03    0.227E-03    0.935E-04    0.935E-04    0.446E-05    0.446E-05    0.000E+00    0.000E+00
     7.093     0.691    0.813E-01    0.114E-01    0.165E-02    0.222E-03    0.222E-03    0.913E-04    0.913E-04    0.436E-05    0.436E-05    0.000E+00    0.000E+00
     7.093     0.692    0.805E-01    0.112E-01    0.162E-02    0.216E-03    0.216E-03    0.890E-04    0.890E-04    0.426E-05    0.426E-05    0.000E+00    0.000E+00
     7.093     0.693    0.798E-01    0.111E-01    0.159E-02    0.211E-03    0.211E-03    0.868E-04    0.868E-04    0.416E-05    0.416E-05    0.000E+00    0.000E+00
     7.093     0.694    0.790E-01    0.109E-01    0.156E-02    0.206E-03    0.206E-03    0.847E-04    0.847E-04    0.406E-05    0.406E-05    0.000E+00    0.000E+00
     7.093     0.695    0.783E-01    0.108E-01    0.153E-02    0.200E-03    0.200E-03    0.825E-04    0.825E-04    0.396E-05    0.396E-05    0.000E+00    0.000E+00
     7.093     0.696    0.775E-01    0.106E-01    0.150E-02    0.195E-03    0.195E-03    0.805E-04    0.805E-04    0.387E-05    0.387E-05    0.000E+00    0.000E+00
     7.093     0.697    0.768E-01    0.104E-01    0.147E-02    0.190E-03    0.190E-03    0.784E-04    0.784E-04    0.378E-05    0.378E-05    0.000E+00    0.000E+00
     7.093     0.698    0.760E-01    0.103E-01    0.145E-02    0.185E-03    0.185E-03    0.764E-04    0.764E-04    0.369E-05    0.369E-05    0.000E+00    0.000E+00
     7.093     0.699    0.753E-01    0.101E-01    0.142E-02    0.181E-03    0.181E-03    0.744E-04    0.744E-04    0.360E-05    0.360E-05    0.000E+00    0.000E+00
     7.093     0.700    0.746E-01    0.998E-02    0.139E-02    0.176E-03    0.176E-03    0.724E-04    0.724E-04    0.352E-05    0.352E-05    0.000E+00    0.000E+00
     7.093     0.701    0.739E-01    0.983E-02    0.136E-02    0.171E-03    0.171E-03    0.705E-04    0.705E-04    0.343E-05    0.343E-05    0.000E+00    0.000E+00
     7.093     0.702    0.731E-01    0.968E-02    0.134E-02    0.166E-03    0.166E-03    0.685E-04    0.685E-04    0.335E-05    0.335E-05    0.000E+00    0.000E+00
     7.093     0.703    0.724E-01    0.954E-02    0.131E-02    0.162E-03    0.162E-03    0.667E-04    0.667E-04    0.327E-05    0.327E-05    0.000E+00    0.000E+00
     7.093     0.704    0.717E-01    0.939E-02    0.129E-02    0.157E-03    0.157E-03    0.648E-04    0.648E-04    0.319E-05    0.319E-05    0.000E+00    0.000E+00
     7.093     0.705    0.710E-01    0.925E-02    0.126E-02    0.153E-03    0.153E-03    0.630E-04    0.630E-04    0.311E-05    0.311E-05    0.000E+00    0.000E+00
     7.093     0.706    0.703E-01    0.911E-02    0.124E-02    0.148E-03    0.148E-03    0.612E-04    0.612E-04    0.303E-05    0.303E-05    0.000E+00    0.000E+00
     7.093     0.707    0.696E-01    0.897E-02    0.121E-02    0.144E-03    0.144E-03    0.595E-04    0.595E-04    0.296E-05    0.296E-05    0.000E+00    0.000E+00
     7.093     0.708    0.689E-01    0.883E-02    0.119E-02    0.140E-03    0.140E-03    0.577E-04    0.577E-04    0.289E-05    0.289E-05    0.000E+00    0.000E+00
     7.093     0.709    0.682E-01    0.869E-02    0.117E-02    0.136E-03    0.136E-03    0.560E-04    0.560E-04    0.282E-05    0.282E-05    0.000E+00    0.000E+00
     7.093     0.710    0.675E-01    0.856E-02    0.114E-02    0.132E-03    0.132E-03    0.544E-04    0.544E-04    0.275E-05    0.275E-05    0.000E+00    0.000E+00
     7.093     0.711    0.669E-01    0.842E-02    0.112E-02    0.128E-03    0.128E-03    0.527E-04    0.527E-04    0.268E-05    0.268E-05    0.000E+00    0.000E+00
     7.093     0.712    0.662E-01    0.829E-02    0.110E-02    0.124E-03    0.124E-03    0.511E-04    0.511E-04    0.261E-05    0.261E-05    0.000E+00    0.000E+00
     7.093     0.713    0.655E-01    0.816E-02    0.108E-02    0.120E-03    0.120E-03    0.495E-04    0.495E-04    0.255E-05    0.255E-05    0.000E+00    0.000E+00
     7.093     0.714    0.648E-01    0.803E-02    0.105E-02    0.116E-03    0.116E-03    0.480E-04    0.480E-04    0.249E-05    0.249E-05    0.000E+00    0.000E+00
     7.093     0.715    0.642E-01    0.791E-02    0.103E-02    0.113E-03    0.113E-03    0.465E-04    0.465E-04    0.242E-05    0.242E-05    0.000E+00    0.000E+00
     7.093     0.716    0.635E-01    0.778E-02    0.101E-02    0.109E-03    0.109E-03    0.450E-04    0.450E-04    0.236E-05    0.236E-05    0.000E+00    0.000E+00
     7.093     0.717    0.629E-01    0.766E-02    0.993E-03    0.105E-03    0.105E-03    0.435E-04    0.435E-04    0.231E-05    0.231E-05    0.000E+00    0.000E+00
     7.093     0.718    0.622E-01    0.753E-02    0.973E-03    0.102E-03    0.102E-03    0.421E-04    0.421E-04    0.225E-05    0.225E-05    0.000E+00    0.000E+00
     7.093     0.719    0.616E-01    0.741E-02    0.953E-03    0.983E-04    0.983E-04    0.406E-04    0.406E-04    0.219E-05    0.219E-05    0.000E+00    0.000E+00
     7.093     0.720    0.609E-01    0.729E-02    0.934E-03    0.949E-04    0.949E-04    0.392E-04    0.392E-04    0.214E-05    0.214E-05    0.000E+00    0.000E+00
     7.093     0.721    0.603E-01    0.717E-02    0.915E-03    0.915E-04    0.915E-04    0.379E-04    0.379E-04    0.208E-05    0.208E-05    0.000E+00    0.000E+00
     7.093     0.722    0.596E-01    0.706E-02    0.896E-03    0.882E-04    0.882E-04    0.365E-04    0.365E-04    0.203E-05    0.203E-05    0.000E+00    0.000E+00
     7.093     0.723    0.590E-01    0.694E-02    0.878E-03    0.849E-04    0.849E-04    0.352E-04    0.352E-04    0.198E-05    0.198E-05    0.000E+00    0.000E+00
     7.093     0.724    0.584E-01    0.683E-02    0.860E-03    0.817E-04    0.817E-04    0.338E-04    0.338E-04    0.193E-05    0.193E-05    0.000E+00    0.000E+00
     7.093     0.725    0.577E-01    0.671E-02    0.842E-03    0.785E-04    0.785E-04    0.326E-04    0.326E-04    0.188E-05    0.188E-05    0.000E+00    0.000E+00
     7.093     0.726    0.571E-01    0.660E-02    0.825E-03    0.754E-04    0.754E-04    0.313E-04    0.313E-04    0.183E-05    0.183E-05    0.000E+00    0.000E+00
     7.093     0.727    0.565E-01    0.649E-02    0.808E-03    0.724E-04    0.724E-04    0.300E-04    0.300E-04    0.178E-05    0.178E-05    0.000E+00    0.000E+00
     7.093     0.728    0.559E-01    0.638E-02    0.791E-03    0.694E-04    0.694E-04    0.288E-04    0.288E-04    0.173E-05    0.173E-05    0.000E+00    0.000E+00
     7.093     0.729    0.553E-01    0.628E-02    0.775E-03    0.665E-04    0.665E-04    0.276E-04    0.276E-04    0.169E-05    0.169E-05    0.000E+00    0.000E+00
     7.093     0.730    0.547E-01    0.617E-02    0.759E-03    0.637E-04    0.637E-04    0.265E-04    0.265E-04    0.164E-05    0.164E-05    0.000E+00    0.000E+00
     7.093     0.731    0.541E-01    0.607E-02    0.743E-03    0.609E-04    0.609E-04    0.253E-04    0.253E-04    0.160E-05    0.160E-05    0.000E+00    0.000E+00
     7.093     0.732    0.535E-01    0.596E-02    0.727E-03    0.581E-04    0.581E-04    0.242E-04    0.242E-04    0.156E-05    0.156E-05    0.000E+00    0.000E+00
     7.093     0.733    0.529E-01    0.586E-02    0.712E-03    0.555E-04    0.555E-04    0.231E-04    0.231E-04    0.152E-05    0.152E-05    0.000E+00    0.000E+00
     7.093     0.734    0.523E-01    0.576E-02    0.697E-03    0.528E-04    0.528E-04    0.220E-04    0.220E-04    0.148E-05    0.148E-05    0.000E+00    0.000E+00
     7.093     0.735    0.517E-01    0.566E-02    0.682E-03    0.503E-04    0.503E-04    0.210E-04    0.210E-04    0.144E-05    0.144E-05    0.000E+00    0.000E+00
     7.093     0.736    0.511E-01    0.556E-02    0.668E-03    0.478E-04    0.478E-04    0.200E-04    0.200E-04    0.140E-05    0.140E-05    0.000E+00    0.000E+00
     7.093     0.737    0.506E-01    0.547E-02    0.654E-03    0.454E-04    0.454E-04    0.190E-04    0.190E-04    0.136E-05    0.136E-05    0.000E+00    0.000E+00
     7.093     0.738    0.500E-01    0.537E-02    0.640E-03    0.430E-04    0.430E-04    0.180E-04    0.180E-04    0.133E-05    0.133E-05    0.000E+00    0.000E+00
     7.093     0.739    0.494E-01    0.528E-02    0.626E-03    0.407E-04    0.407E-04    0.171E-04    0.171E-04    0.129E-05    0.129E-05    0.000E+00    0.000E+00
     7.093     0.740    0.489E-01    0.519E-02    0.613E-03    0.384E-04    0.384E-04    0.161E-04    0.161E-04    0.126E-05    0.126E-05    0.000E+00    0.000E+00
     7.093     0.741    0.483E-01    0.509E-02    0.600E-03    0.362E-04    0.362E-04    0.152E-04    0.152E-04    0.123E-05    0.123E-05    0.000E+00    0.000E+00
     7.093     0.742    0.477E-01    0.500E-02    0.587E-03    0.341E-04    0.341E-04    0.144E-04    0.144E-04    0.119E-05    0.119E-05    0.000E+00    0.000E+00
     7.093     0.743    0.472E-01    0.491E-02    0.574E-03    0.320E-04    0.320E-04    0.135E-04    0.135E-04    0.116E-05    0.116E-05    0.000E+00    0.000E+00
     7.093     0.744    0.466E-01    0.483E-02    0.562E-03    0.300E-04    0.300E-04    0.127E-04    0.127E-04    0.113E-05    0.113E-05    0.000E+00    0.000E+00
     7.093     0.745    0.461E-01    0.474E-02    0.550E-03    0.280E-04    0.280E-04    0.119E-04    0.119E-04    0.110E-05    0.110E-05    0.000E+00    0.000E+00
     7.093     0.746    0.456E-01    0.465E-02    0.538E-03    0.261E-04    0.261E-04    0.111E-04    0.111E-04    0.107E-05    0.107E-05    0.000E+00    0.000E+00
     7.093     0.747    0.450E-01    0.457E-02    0.526E-03    0.243E-04    0.243E-04    0.103E-04    0.103E-04    0.104E-05    0.104E-05    0.000E+00    0.000E+00
     7.093     0.748    0.445E-01    0.449E-02    0.514E-03    0.225E-04    0.225E-04    0.954E-05    0.954E-05    0.101E-05    0.101E-05    0.000E+00    0.000E+00
     7.093     0.749    0.440E-01    0.440E-02    0.503E-03    0.208E-04    0.208E-04    0.882E-05    0.882E-05    0.981E-06    0.981E-06    0.000E+00    0.000E+00
     7.093     0.750    0.434E-01    0.432E-02    0.492E-03    0.191E-04    0.191E-04    0.812E-05    0.812E-05    0.954E-06    0.954E-06    0.000E+00    0.000E+00
     7.093     0.751    0.429E-01    0.424E-02    0.481E-03    0.175E-04    0.175E-04    0.744E-05    0.744E-05    0.927E-06    0.927E-06    0.000E+00    0.000E+00
     7.093     0.752    0.424E-01    0.416E-02    0.470E-03    0.159E-04    0.159E-04    0.679E-05    0.679E-05    0.901E-06    0.901E-06    0.000E+00    0.000E+00
     7.093     0.753    0.419E-01    0.409E-02    0.460E-03    0.145E-04    0.145E-04    0.616E-05    0.616E-05    0.876E-06    0.876E-06    0.000E+00    0.000E+00
     7.093     0.754    0.414E-01    0.401E-02    0.450E-03    0.130E-04    0.130E-04    0.555E-05    0.555E-05    0.851E-06    0.851E-06    0.000E+00    0.000E+00
     7.093     0.755    0.409E-01    0.394E-02    0.439E-03    0.117E-04    0.117E-04    0.497E-05    0.497E-05    0.827E-06    0.827E-06    0.000E+00    0.000E+00
     7.093     0.756    0.404E-01    0.386E-02    0.430E-03    0.103E-04    0.103E-04    0.442E-05    0.442E-05    0.804E-06    0.804E-06    0.000E+00    0.000E+00
     7.093     0.757    0.399E-01    0.379E-02    0.420E-03    0.908E-05    0.908E-05    0.389E-05    0.389E-05    0.781E-06    0.781E-06    0.000E+00    0.000E+00
     7.093     0.758    0.394E-01    0.372E-02    0.410E-03    0.789E-05    0.789E-05    0.338E-05    0.338E-05    0.759E-06    0.759E-06    0.000E+00    0.000E+00
     7.093     0.759    0.389E-01    0.365E-02    0.401E-03    0.675E-05    0.675E-05    0.289E-05    0.289E-05    0.737E-06    0.737E-06    0.000E+00    0.000E+00
     7.093     0.760    0.384E-01    0.358E-02    0.392E-03    0.567E-05    0.567E-05    0.243E-05    0.243E-05    0.716E-06    0.716E-06    0.000E+00    0.000E+00
     7.093     0.761    0.379E-01    0.351E-02    0.383E-03    0.465E-05    0.465E-05    0.200E-05    0.200E-05    0.696E-06    0.696E-06    0.000E+00    0.000E+00
     7.093     0.762    0.374E-01    0.344E-02    0.374E-03    0.369E-05    0.369E-05    0.159E-05    0.159E-05    0.676E-06    0.676E-06    0.000E+00    0.000E+00
     7.093     0.763    0.370E-01    0.337E-02    0.366E-03    0.278E-05    0.278E-05    0.120E-05    0.120E-05    0.657E-06    0.657E-06    0.000E+00    0.000E+00
     7.093     0.764    0.365E-01    0.331E-02    0.358E-03    0.194E-05    0.194E-05    0.835E-06    0.835E-06    0.638E-06    0.638E-06    0.000E+00    0.000E+00
     7.093     0.765    0.360E-01    0.324E-02    0.349E-03    0.115E-05    0.115E-05    0.497E-06    0.497E-06    0.620E-06    0.620E-06    0.000E+00    0.000E+00
     7.093     0.766    0.355E-01    0.318E-02    0.341E-03    0.424E-06    0.424E-06    0.183E-06    0.183E-06    0.602E-06    0.602E-06    0.000E+00    0.000E+00
     7.093     0.767    0.351E-01    0.311E-02    0.333E-03    0.000E+00    0.000E+00    0.000E+00    0.000E+00    0.584E-06    0.584E-06    0.000E+00    0.000E+00
     7.093     0.768    0.346E-01    0.305E-02    0.326E-03    0.000E+00    0.000E+00    0.000E+00    0.000E+00    0.567E-06    0.567E-06    0.000E+00    0.000E+00
     7.093     0.769    0.342E-01    0.299E-02    0.318E-03    0.000E+00    0.000E+00    0.000E+00    0.000E+00    0.550E-06    0.550E-06    0.000E+00    0.000E+00
     7.093     0.770    0.337E-01    0.293E-02    0.311E-03    0.000E+00    0.000E+00    0.000E+00    0.000E+00    0.534E-06    0.534E-06    0.000E+00    0.000E+00
     7.093     0.771    0.333E-01    0.287E-02    0.303E-03    0.000E+00    0.000E+00    0.000E+00    0.000E+00    0.517E-06    0.517E-06    0.000E+00    0.000E+00
     7.093     0.772    0.328E-01    0.281E-02    0.296E-03    0.000E+00    0.000E+00    0.000E+00    0.000E+00    0.502E-06    0.502E-06    0.000E+00    0.000E+00
     7.093     0.773    0.324E-01    0.275E-02    0.289E-03    0.000E+00    0.000E+00    0.000E+00    0.000E+00    0.487E-06    0.487E-06    0.000E+00    0.000E+00
     7.093     0.774    0.320E-01    0.270E-02    0.282E-03    0.000E+00    0.000E+00    0.000E+00    0.000E+00    0.472E-06    0.472E-06    0.000E+00    0.000E+00
     7.093     0.775    0.315E-01    0.264E-02    0.275E-03    0.000E+00    0.000E+00    0.000E+00    0.000E+00    0.458E-06    0.458E-06    0.000E+00    0.000E+00
     7.093     0.776    0.311E-01    0.259E-02    0.269E-03    0.000E+00    0.000E+00    0.000E+00    0.000E+00    0.444E-06    0.444E-06    0.000E+00    0.000E+00
     7.093     0.777    0.307E-01    0.253E-02    0.262E-03    0.000E+00    0.000E+00    0.000E+00    0.000E+00    0.430E-06    0.430E-06    0.000E+00    0.000E+00
     7.093     0.778    0.303E-01    0.248E-02    0.256E-03    0.000E+00    0.000E+00    0.000E+00    0.000E+00    0.417E-06    0.417E-06    0.000E+00    0.000E+00
     7.093     0.779    0.299E-01    0.243E-02    0.250E-03    0.000E+00    0.000E+00    0.000E+00    0.000E+00    0.404E-06    0.404E-06    0.000E+00    0.000E+00
     7.093     0.780    0.294E-01    0.238E-02    0.244E-03    0.000E+00    0.000E+00    0.000E+00    0.000E+00    0.392E-06    0.392E-06    0.000E+00    0.000E+00
     7.093     0.781    0.290E-01    0.233E-02    0.238E-03    0.000E+00    0.000E+00    0.000E+00    0.000E+00    0.380E-06    0.380E-06    0.000E+00    0.000E+00
     7.093     0.782    0.286E-01    0.228E-02    0.232E-03    0.000E+00    0.000E+00    0.000E+00    0.000E+00    0.368E-06    0.368E-06    0.000E+00    0.000E+00
     7.093     0.783    0.282E-01    0.223E-02    0.226E-03    0.000E+00    0.000E+00    0.000E+00    0.000E+00    0.357E-06    0.357E-06    0.000E+00    0.000E+00
     7.093     0.784    0.278E-01    0.218E-02    0.221E-03    0.000E+00    0.000E+00    0.000E+00    0.000E+00    0.346E-06    0.346E-06    0.000E+00    0.000E+00
     7.093     0.785    0.274E-01    0.213E-02    0.215E-03    0.000E+00    0.000E+00    0.000E+00    0.000E+00    0.335E-06    0.335E-06    0.000E+00    0.000E+00
     7.093     0.786    0.270E-01    0.209E-02    0.210E-03    0.000E+00    0.000E+00    0.000E+00    0.000E+00    0.325E-06    0.325E-06    0.000E+00    0.000E+00
     7.093     0.787    0.267E-01    0.204E-02    0.205E-03    0.000E+00    0.000E+00    0.000E+00    0.000E+00    0.315E-06    0.315E-06    0.000E+00    0.000E+00
     7.093     0.788    0.263E-01    0.200E-02    0.200E-03    0.000E+00    0.000E+00    0.000E+00    0.000E+00    0.305E-06    0.305E-06    0.000E+00    0.000E+00
     7.093     0.789    0.259E-01    0.195E-02    0.195E-03    0.000E+00    0.000E+00    0.000E+00    0.000E+00    0.296E-06    0.296E-06    0.000E+00    0.000E+00
     7.093     0.790    0.255E-01    0.191E-02    0.190E-03    0.000E+00    0.000E+00    0.000E+00    0.000E+00    0.286E-06    0.286E-06    0.000E+00    0.000E+00
     7.093     0.791    0.252E-01    0.187E-02    0.185E-03    0.000E+00    0.000E+00    0.000E+00    0.000E+00    0.277E-06    0.277E-06    0.000E+00    0.000E+00
     7.093     0.792    0.248E-01    0.183E-02    0.181E-03    0.000E+00    0.000E+00    0.000E+00    0.000E+00    0.268E-06    0.268E-06    0.000E+00    0.000E+00
     7.093     0.793    0.244E-01    0.179E-02    0.176E-03    0.000E+00    0.000E+00    0.000E+00    0.000E+00    0.259E-06    0.259E-06    0.000E+00    0.000E+00
     7.093     0.794    0.241E-01    0.175E-02    0.171E-03    0.000E+00    0.000E+00    0.000E+00    0.000E+00    0.251E-06    0.251E-06    0.000E+00    0.000E+00
     7.093     0.795    0.237E-01    0.171E-02    0.167E-03    0.000E+00    0.000E+00    0.000E+00    0.000E+00    0.243E-06    0.243E-06    0.000E+00    0.000E+00
     7.093     0.796    0.233E-01    0.167E-02    0.163E-03    0.000E+00    0.000E+00    0.000E+00    0.000E+00    0.235E-06    0.235E-06    0.000E+00    0.000E+00
     7.093     0.797    0.230E-01    0.164E-02    0.158E-03    0.000E+00    0.000E+00    0.000E+00    0.000E+00    0.227E-06    0.227E-06    0.000E+00    0.000E+00
     7.093     0.798    0.227E-01    0.160E-02    0.154E-03    0.000E+00    0.000E+00    0.000E+00    0.000E+00    0.219E-06    0.219E-06    0.000E+00    0.000E+00
     7.093     0.799    0.223E-01    0.157E-02    0.150E-03    0.000E+00    0.000E+00    0.000E+00    0.000E+00    0.212E-06    0.212E-06    0.000E+00    0.000E+00
     7.093     0.800    0.220E-01    0.153E-02    0.146E-03    0.000E+00    0.000E+00    0.000E+00    0.000E+00    0.205E-06    0.205E-06    0.000E+00    0.000E+00
     7.093     0.801    0.216E-01    0.150E-02    0.143E-03    0.000E+00    0.000E+00    0.000E+00    0.000E+00    0.198E-06    0.198E-06    0.000E+00    0.000E+00
     7.093     0.802    0.213E-01    0.146E-02    0.139E-03    0.000E+00    0.000E+00    0.000E+00    0.000E+00    0.192E-06    0.192E-06    0.000E+00    0.000E+00
     7.093     0.803    0.210E-01    0.143E-02    0.135E-03    0.000E+00    0.000E+00    0.000E+00    0.000E+00    0.185E-06    0.185E-06    0.000E+00    0.000E+00
     7.093     0.804    0.206E-01    0.140E-02    0.132E-03    0.000E+00    0.000E+00    0.000E+00    0.000E+00    0.179E-06    0.179E-06    0.000E+00    0.000E+00
     7.093     0.805    0.203E-01    0.137E-02    0.128E-03    0.000E+00    0.000E+00    0.000E+00    0.000E+00    0.173E-06    0.173E-06    0.000E+00    0.000E+00
     7.093     0.806    0.200E-01    0.134E-02    0.125E-03    0.000E+00    0.000E+00    0.000E+00    0.000E+00    0.167E-06    0.167E-06    0.000E+00    0.000E+00
     7.093     0.807    0.197E-01    0.131E-02    0.121E-03    0.000E+00    0.000E+00    0.000E+00    0.000E+00    0.162E-06    0.162E-06    0.000E+00    0.000E+00
     7.093     0.808    0.194E-01    0.128E-02    0.118E-03    0.000E+00    0.000E+00    0.000E+00    0.000E+00    0.156E-06    0.156E-06    0.000E+00    0.000E+00
     7.093     0.809    0.191E-01    0.125E-02    0.115E-03    0.000E+00    0.000E+00    0.000E+00    0.000E+00    0.151E-06    0.151E-06    0.000E+00    0.000E+00
     7.093     0.810    0.188E-01    0.122E-02    0.112E-03    0.000E+00    0.000E+00    0.000E+00    0.000E+00    0.146E-06    0.146E-06    0.000E+00    0.000E+00
     7.093     0.811    0.184E-01    0.119E-02    0.109E-03    0.000E+00    0.000E+00    0.000E+00    0.000E+00    0.141E-06    0.141E-06    0.000E+00    0.000E+00
     7.093     0.812    0.181E-01    0.116E-02    0.106E-03    0.000E+00    0.000E+00    0.000E+00    0.000E+00    0.136E-06    0.136E-06    0.000E+00    0.000E+00
     7.093     0.813    0.178E-01    0.114E-02    0.103E-03    0.000E+00    0.000E+00    0.000E+00    0.000E+00    0.132E-06    0.132E-06    0.000E+00    0.000E+00
     7.093     0.814    0.176E-01    0.111E-02    0.100E-03    0.000E+00    0.000E+00    0.000E+00    0.000E+00    0.127E-06    0.127E-06    0.000E+00    0.000E+00
     7.093     0.815    0.173E-01    0.108E-02    0.975E-04    0.000E+00    0.000E+00    0.000E+00    0.000E+00    0.122E-06    0.122E-06    0.000E+00    0.000E+00
     7.093     0.816    0.170E-01    0.106E-02    0.948E-04    0.000E+00    0.000E+00    0.000E+00    0.000E+00    0.118E-06    0.118E-06    0.000E+00    0.000E+00
     7.093     0.817    0.167E-01    0.103E-02    0.921E-04    0.000E+00    0.000E+00    0.000E+00    0.000E+00    0.114E-06    0.114E-06    0.000E+00    0.000E+00
     7.093     0.818    0.164E-01    0.100E-02    0.895E-04    0.000E+00    0.000E+00    0.000E+00    0.000E+00    0.110E-06    0.110E-06    0.000E+00    0.000E+00
     7.093     0.819    0.161E-01    0.979E-03    0.870E-04    0.000E+00    0.000E+00    0.000E+00    0.000E+00    0.106E-06    0.106E-06    0.000E+00    0.000E+00
     7.093     0.820    0.159E-01    0.954E-03    0.845E-04    0.000E+00    0.000E+00    0.000E+00    0.000E+00    0.102E-06    0.102E-06    0.000E+00    0.000E+00
     7.093     0.821    0.156E-01    0.930E-03    0.821E-04    0.000E+00    0.000E+00    0.000E+00    0.000E+00    0.980E-07    0.980E-07    0.000E+00    0.000E+00
     7.093     0.822    0.153E-01    0.907E-03    0.797E-04    0.000E+00    0.000E+00    0.000E+00    0.000E+00    0.944E-07    0.944E-07    0.000E+00    0.000E+00
     7.093     0.823    0.150E-01    0.883E-03    0.775E-04    0.000E+00    0.000E+00    0.000E+00    0.000E+00    0.910E-07    0.910E-07    0.000E+00    0.000E+00
     7.093     0.824    0.148E-01    0.861E-03    0.752E-04    0.000E+00    0.000E+00    0.000E+00    0.000E+00    0.876E-07    0.876E-07    0.000E+00    0.000E+00
     7.093     0.825    0.145E-01    0.839E-03    0.731E-04    0.000E+00    0.000E+00    0.000E+00    0.000E+00    0.844E-07    0.844E-07    0.000E+00    0.000E+00
     7.093     0.826    0.143E-01    0.817E-03    0.710E-04    0.000E+00    0.000E+00    0.000E+00    0.000E+00    0.813E-07    0.813E-07    0.000E+00    0.000E+00
     7.093     0.827    0.140E-01    0.795E-03    0.689E-04    0.000E+00    0.000E+00    0.000E+00    0.000E+00    0.783E-07    0.783E-07    0.000E+00    0.000E+00
     7.093     0.828    0.137E-01    0.774E-03    0.669E-04    0.000E+00    0.000E+00    0.000E+00    0.000E+00    0.754E-07    0.754E-07    0.000E+00    0.000E+00
     7.093     0.829    0.135E-01    0.754E-03    0.649E-04    0.000E+00    0.000E+00    0.000E+00    0.000E+00    0.726E-07    0.726E-07    0.000E+00    0.000E+00
     7.093     0.830    0.133E-01    0.734E-03    0.630E-04    0.000E+00    0.000E+00    0.000E+00    0.000E+00    0.699E-07    0.699E-07    0.000E+00    0.000E+00
     7.093     0.831    0.130E-01    0.714E-03    0.612E-04    0.000E+00    0.000E+00    0.000E+00    0.000E+00    0.674E-07    0.674E-07    0.000E+00    0.000E+00
     7.093     0.832    0.128E-01    0.695E-03    0.594E-04    0.000E+00    0.000E+00    0.000E+00    0.000E+00    0.649E-07    0.649E-07    0.000E+00    0.000E+00
     7.093     0.833    0.125E-01    0.676E-03    0.576E-04    0.000E+00    0.000E+00    0.000E+00    0.000E+00    0.625E-07    0.625E-07    0.000E+00    0.000E+00
     7.093     0.834    0.123E-01    0.658E-03    0.559E-04    0.000E+00    0.000E+00    0.000E+00    0.000E+00    0.602E-07    0.602E-07    0.000E+00    0.000E+00
     7.093     0.835    0.121E-01    0.640E-03    0.543E-04    0.000E+00    0.000E+00    0.000E+00    0.000E+00    0.579E-07    0.579E-07    0.000E+00    0.000E+00
     7.093     0.836    0.118E-01    0.622E-03    0.526E-04    0.000E+00    0.000E+00    0.000E+00    0.000E+00    0.558E-07    0.558E-07    0.000E+00    0.000E+00
     7.093     0.837    0.116E-01    0.605E-03    0.510E-04    0.000E+00    0.000E+00    0.000E+00    0.000E+00    0.536E-07    0.536E-07    0.000E+00    0.000E+00
     7.093     0.838    0.114E-01    0.588E-03    0.494E-04    0.000E+00    0.000E+00    0.000E+00    0.000E+00    0.514E-07    0.514E-07    0.000E+00    0.000E+00
     7.093     0.839    0.112E-01    0.572E-03    0.479E-04    0.000E+00    0.000E+00    0.000E+00    0.000E+00    0.494E-07    0.494E-07    0.000E+00    0.000E+00
     7.093     0.840    0.110E-01    0.555E-03    0.464E-04    0.000E+00    0.000E+00    0.000E+00    0.000E+00    0.474E-07    0.474E-07    0.000E+00    0.000E+00
     7.093     0.841    0.107E-01    0.540E-03    0.449E-04    0.000E+00    0.000E+00    0.000E+00    0.000E+00    0.455E-07    0.455E-07    0.000E+00    0.000E+00
     7.093     0.842    0.105E-01    0.524E-03    0.435E-04    0.000E+00    0.000E+00    0.000E+00    0.000E+00    0.436E-07    0.436E-07    0.000E+00    0.000E+00
     7.093     0.843    0.103E-01    0.509E-03    0.422E-04    0.000E+00    0.000E+00    0.000E+00    0.000E+00    0.418E-07    0.418E-07    0.000E+00    0.000E+00
     7.093     0.844    0.101E-01    0.495E-03    0.408E-04    0.000E+00    0.000E+00    0.000E+00    0.000E+00    0.401E-07    0.401E-07    0.000E+00    0.000E+00
     7.093     0.845    0.991E-02    0.480E-03    0.395E-04    0.000E+00    0.000E+00    0.000E+00    0.000E+00    0.385E-07    0.385E-07    0.000E+00    0.000E+00
     7.093     0.846    0.971E-02    0.466E-03    0.382E-04    0.000E+00    0.000E+00    0.000E+00    0.000E+00    0.369E-07    0.369E-07    0.000E+00    0.000E+00
     7.093     0.847    0.951E-02    0.453E-03    0.370E-04    0.000E+00    0.000E+00    0.000E+00    0.000E+00    0.354E-07    0.354E-07    0.000E+00    0.000E+00
     7.093     0.848    0.931E-02    0.439E-03    0.358E-04    0.000E+00    0.000E+00    0.000E+00    0.000E+00    0.339E-07    0.339E-07    0.000E+00    0.000E+00
     7.093     0.849    0.912E-02    0.426E-03    0.347E-04    0.000E+00    0.000E+00    0.000E+00    0.000E+00    0.325E-07    0.325E-07    0.000E+00    0.000E+00
     7.093     0.850    0.893E-02    0.414E-03    0.335E-04    0.000E+00    0.000E+00    0.000E+00    0.000E+00    0.312E-07    0.312E-07    0.000E+00    0.000E+00
     7.093     0.851    0.875E-02    0.401E-03    0.324E-04    0.000E+00    0.000E+00    0.000E+00    0.000E+00    0.299E-07    0.299E-07    0.000E+00    0.000E+00
     7.093     0.852    0.856E-02    0.389E-03    0.314E-04    0.000E+00    0.000E+00    0.000E+00    0.000E+00    0.286E-07    0.286E-07    0.000E+00    0.000E+00
     7.093     0.853    0.838E-02    0.377E-03    0.303E-04    0.000E+00    0.000E+00    0.000E+00    0.000E+00    0.275E-07    0.275E-07    0.000E+00    0.000E+00
     7.093     0.854    0.820E-02    0.366E-03    0.293E-04    0.000E+00    0.000E+00    0.000E+00    0.000E+00    0.263E-07    0.263E-07    0.000E+00    0.000E+00
     7.093     0.855    0.802E-02    0.355E-03    0.284E-04    0.000E+00    0.000E+00    0.000E+00    0.000E+00    0.252E-07    0.252E-07    0.000E+00    0.000E+00
     7.093     0.856    0.785E-02    0.344E-03    0.274E-04    0.000E+00    0.000E+00    0.000E+00    0.000E+00    0.242E-07    0.242E-07    0.000E+00    0.000E+00
     7.093     0.857    0.768E-02    0.333E-03    0.265E-04    0.000E+00    0.000E+00    0.000E+00    0.000E+00    0.232E-07    0.232E-07    0.000E+00    0.000E+00
     7.093     0.858    0.751E-02    0.323E-03    0.256E-04    0.000E+00    0.000E+00    0.000E+00    0.000E+00    0.222E-07    0.222E-07    0.000E+00    0.000E+00
     7.093     0.859    0.734E-02    0.313E-03    0.248E-04    0.000E+00    0.000E+00    0.000E+00    0.000E+00    0.213E-07    0.213E-07    0.000E+00    0.000E+00
     7.093     0.860    0.718E-02    0.303E-03    0.239E-04    0.000E+00    0.000E+00    0.000E+00    0.000E+00    0.204E-07    0.204E-07    0.000E+00    0.000E+00
     7.093     0.861    0.701E-02    0.293E-03    0.231E-04    0.000E+00    0.000E+00    0.000E+00    0.000E+00    0.195E-07    0.195E-07    0.000E+00    0.000E+00
     7.093     0.862    0.685E-02    0.284E-03    0.223E-04    0.000E+00    0.000E+00    0.000E+00    0.000E+00    0.186E-07    0.186E-07    0.000E+00    0.000E+00
     7.093     0.863    0.670E-02    0.275E-03    0.215E-04    0.000E+00    0.000E+00    0.000E+00    0.000E+00    0.177E-07    0.177E-07    0.000E+00    0.000E+00
     7.093     0.864    0.654E-02    0.266E-03    0.207E-04    0.000E+00    0.000E+00    0.000E+00    0.000E+00    0.169E-07    0.169E-07    0.000E+00    0.000E+00
     7.093     0.865    0.639E-02    0.257E-03    0.200E-04    0.000E+00    0.000E+00    0.000E+00    0.000E+00    0.161E-07    0.161E-07    0.000E+00    0.000E+00
     7.093     0.866    0.624E-02    0.248E-03    0.192E-04    0.000E+00    0.000E+00    0.000E+00    0.000E+00    0.154E-07    0.154E-07    0.000E+00    0.000E+00
     7.093     0.867    0.609E-02    0.240E-03    0.185E-04    0.000E+00    0.000E+00    0.000E+00    0.000E+00    0.146E-07    0.146E-07    0.000E+00    0.000E+00
     7.093     0.868    0.595E-02    0.232E-03    0.179E-04    0.000E+00    0.000E+00    0.000E+00    0.000E+00    0.139E-07    0.139E-07    0.000E+00    0.000E+00
     7.093     0.869    0.581E-02    0.224E-03    0.172E-04    0.000E+00    0.000E+00    0.000E+00    0.000E+00    0.133E-07    0.133E-07    0.000E+00    0.000E+00
     7.093     0.870    0.567E-02    0.217E-03    0.166E-04    0.000E+00    0.000E+00    0.000E+00    0.000E+00    0.127E-07    0.127E-07    0.000E+00    0.000E+00
     7.093     0.871    0.553E-02    0.209E-03    0.160E-04    0.000E+00    0.000E+00    0.000E+00    0.000E+00    0.121E-07    0.121E-07    0.000E+00    0.000E+00
     7.093     0.872    0.539E-02    0.202E-03    0.154E-04    0.000E+00    0.000E+00    0.000E+00    0.000E+00    0.115E-07    0.115E-07    0.000E+00    0.000E+00
     7.093     0.873    0.526E-02    0.195E-03    0.148E-04    0.000E+00    0.000E+00    0.000E+00    0.000E+00    0.109E-07    0.109E-07    0.000E+00    0.000E+00
     7.093     0.874    0.513E-02    0.188E-03    0.142E-04    0.000E+00    0.000E+00    0.000E+00    0.000E+00    0.104E-07    0.104E-07    0.000E+00    0.000E+00
     7.093     0.875    0.500E-02    0.182E-03    0.137E-04    0.000E+00    0.000E+00    0.000E+00    0.000E+00    0.993E-08    0.993E-08    0.000E+00    0.000E+00
     7.093     0.876    0.487E-02    0.176E-03    0.132E-04    0.000E+00    0.000E+00    0.000E+00    0.000E+00    0.946E-08    0.946E-08    0.000E+00    0.000E+00
     7.093     0.877    0.475E-02    0.169E-03    0.127E-04    0.000E+00    0.000E+00    0.000E+00    0.000E+00    0.901E-08    0.901E-08    0.000E+00    0.000E+00
     7.093     0.878    0.462E-02    0.163E-03    0.122E-04    0.000E+00    0.000E+00    0.000E+00    0.000E+00    0.858E-08    0.858E-08    0.000E+00    0.000E+00
     7.093     0.879    0.450E-02    0.158E-03    0.117E-04    0.000E+00    0.000E+00    0.000E+00    0.000E+00    0.818E-08    0.818E-08    0.000E+00    0.000E+00
     7.093     0.880    0.438E-02    0.152E-03    0.113E-04    0.000E+00    0.000E+00    0.000E+00    0.000E+00    0.780E-08    0.780E-08    0.000E+00    0.000E+00
     7.093     0.881    0.427E-02    0.147E-03    0.109E-04    0.000E+00    0.000E+00    0.000E+00    0.000E+00    0.744E-08    0.744E-08    0.000E+00    0.000E+00
     7.093     0.882    0.415E-02    0.141E-03    0.104E-04    0.000E+00    0.000E+00    0.000E+00    0.000E+00    0.709E-08    0.709E-08    0.000E+00    0.000E+00
     7.093     0.883    0.404E-02    0.136E-03    0.100E-04    0.000E+00    0.000E+00    0.000E+00    0.000E+00    0.674E-08    0.674E-08    0.000E+00    0.000E+00
     7.093     0.884    0.393E-02    0.131E-03    0.961E-05    0.000E+00    0.000E+00    0.000E+00    0.000E+00    0.638E-08    0.638E-08    0.000E+00    0.000E+00
     7.093     0.885    0.382E-02    0.126E-03    0.921E-05    0.000E+00    0.000E+00    0.000E+00    0.000E+00    0.603E-08    0.603E-08    0.000E+00    0.000E+00
     7.093     0.886    0.372E-02    0.121E-03    0.882E-05    0.000E+00    0.000E+00    0.000E+00    0.000E+00    0.570E-08    0.570E-08    0.000E+00    0.000E+00
     7.093     0.887    0.361E-02    0.117E-03    0.845E-05    0.000E+00    0.000E+00    0.000E+00    0.000E+00    0.539E-08    0.539E-08    0.000E+00    0.000E+00
     7.093     0.888    0.351E-02    0.112E-03    0.809E-05    0.000E+00    0.000E+00    0.000E+00    0.000E+00    0.509E-08    0.509E-08    0.000E+00    0.000E+00
     7.093     0.889    0.341E-02    0.108E-03    0.775E-05    0.000E+00    0.000E+00    0.000E+00    0.000E+00    0.481E-08    0.481E-08    0.000E+00    0.000E+00
     7.093     0.890    0.331E-02    0.103E-03    0.742E-05    0.000E+00    0.000E+00    0.000E+00    0.000E+00    0.454E-08    0.454E-08    0.000E+00    0.000E+00
     7.093     0.891    0.322E-02    0.993E-04    0.710E-05    0.000E+00    0.000E+00    0.000E+00    0.000E+00    0.429E-08    0.429E-08    0.000E+00    0.000E+00
     7.093     0.892    0.312E-02    0.954E-04    0.679E-05    0.000E+00    0.000E+00    0.000E+00    0.000E+00    0.405E-08    0.405E-08    0.000E+00    0.000E+00
     7.093     0.893    0.303E-02    0.916E-04    0.649E-05    0.000E+00    0.000E+00    0.000E+00    0.000E+00    0.382E-08    0.382E-08    0.000E+00    0.000E+00
     7.093     0.894    0.294E-02    0.879E-04    0.621E-05    0.000E+00    0.000E+00    0.000E+00    0.000E+00    0.360E-08    0.360E-08    0.000E+00    0.000E+00
     7.093     0.895    0.285E-02    0.844E-04    0.593E-05    0.000E+00    0.000E+00    0.000E+00    0.000E+00    0.340E-08    0.340E-08    0.000E+00    0.000E+00
     7.093     0.896    0.277E-02    0.809E-04    0.567E-05    0.000E+00    0.000E+00    0.000E+00    0.000E+00    0.320E-08    0.320E-08    0.000E+00    0.000E+00
     7.093     0.897    0.268E-02    0.776E-04    0.541E-05    0.000E+00    0.000E+00    0.000E+00    0.000E+00    0.302E-08    0.302E-08    0.000E+00    0.000E+00
     7.093     0.898    0.260E-02    0.744E-04    0.517E-05    0.000E+00    0.000E+00    0.000E+00    0.000E+00    0.285E-08    0.285E-08    0.000E+00    0.000E+00
     7.093     0.899    0.252E-02    0.713E-04    0.494E-05    0.000E+00    0.000E+00    0.000E+00    0.000E+00    0.269E-08    0.269E-08    0.000E+00    0.000E+00
     7.093     0.900    0.244E-02    0.684E-04    0.471E-05    0.000E+00    0.000E+00    0.000E+00    0.000E+00    0.254E-08    0.254E-08    0.000E+00    0.000E+00
     7.093     0.901    0.236E-02    0.655E-04    0.450E-05    0.000E+00    0.000E+00    0.000E+00    0.000E+00    0.240E-08    0.240E-08    0.000E+00    0.000E+00
     7.093     0.902    0.228E-02    0.628E-04    0.429E-05    0.000E+00    0.000E+00    0.000E+00    0.000E+00    0.227E-08    0.227E-08    0.000E+00    0.000E+00
     7.093     0.903    0.221E-02    0.601E-04    0.410E-05    0.000E+00    0.000E+00    0.000E+00    0.000E+00    0.214E-08    0.214E-08    0.000E+00    0.000E+00
     7.093     0.904    0.213E-02    0.576E-04    0.391E-05    0.000E+00    0.000E+00    0.000E+00    0.000E+00    0.203E-08    0.203E-08    0.000E+00    0.000E+00
     7.093     0.905    0.206E-02    0.551E-04    0.373E-05    0.000E+00    0.000E+00    0.000E+00    0.000E+00    0.192E-08    0.192E-08    0.000E+00    0.000E+00
     7.093     0.906    0.199E-02    0.528E-04    0.355E-05    0.000E+00    0.000E+00    0.000E+00    0.000E+00    0.181E-08    0.181E-08    0.000E+00    0.000E+00
     7.093     0.907    0.193E-02    0.504E-04    0.337E-05    0.000E+00    0.000E+00    0.000E+00    0.000E+00    0.169E-08    0.169E-08    0.000E+00    0.000E+00
     7.093     0.908    0.186E-02    0.481E-04    0.320E-05    0.000E+00    0.000E+00    0.000E+00    0.000E+00    0.158E-08    0.158E-08    0.000E+00    0.000E+00
     7.093     0.909    0.179E-02    0.458E-04    0.304E-05    0.000E+00    0.000E+00    0.000E+00    0.000E+00    0.147E-08    0.147E-08    0.000E+00    0.000E+00
     7.093     0.910    0.173E-02    0.437E-04    0.288E-05    0.000E+00    0.000E+00    0.000E+00    0.000E+00    0.137E-08    0.137E-08    0.000E+00    0.000E+00
     7.093     0.911    0.167E-02    0.417E-04    0.273E-05    0.000E+00    0.000E+00    0.000E+00    0.000E+00    0.128E-08    0.128E-08    0.000E+00    0.000E+00
     7.093     0.912    0.161E-02    0.397E-04    0.258E-05    0.000E+00    0.000E+00    0.000E+00    0.000E+00    0.119E-08    0.119E-08    0.000E+00    0.000E+00
     7.093     0.913    0.155E-02    0.378E-04    0.244E-05    0.000E+00    0.000E+00    0.000E+00    0.000E+00    0.110E-08    0.110E-08    0.000E+00    0.000E+00
     7.093     0.914    0.149E-02    0.360E-04    0.231E-05    0.000E+00    0.000E+00    0.000E+00    0.000E+00    0.102E-08    0.102E-08    0.000E+00    0.000E+00
     7.093     0.915    0.144E-02    0.342E-04    0.218E-05    0.000E+00    0.000E+00    0.000E+00    0.000E+00    0.951E-09    0.951E-09    0.000E+00    0.000E+00
     7.093     0.916    0.138E-02    0.326E-04    0.206E-05    0.000E+00    0.000E+00    0.000E+00    0.000E+00    0.882E-09    0.882E-09    0.000E+00    0.000E+00
     7.093     0.917    0.133E-02    0.310E-04    0.195E-05    0.000E+00    0.000E+00    0.000E+00    0.000E+00    0.818E-09    0.818E-09    0.000E+00    0.000E+00
     7.093     0.918    0.128E-02    0.294E-04    0.184E-05    0.000E+00    0.000E+00    0.000E+00    0.000E+00    0.759E-09    0.759E-09    0.000E+00    0.000E+00
     7.093     0.919    0.123E-02    0.280E-04    0.174E-05    0.000E+00    0.000E+00    0.000E+00    0.000E+00    0.704E-09    0.704E-09    0.000E+00    0.000E+00
     7.093     0.920    0.118E-02    0.266E-04    0.164E-05    0.000E+00    0.000E+00    0.000E+00    0.000E+00    0.654E-09    0.654E-09    0.000E+00    0.000E+00
     7.093     0.921    0.113E-02    0.252E-04    0.155E-05    0.000E+00    0.000E+00    0.000E+00    0.000E+00    0.607E-09    0.607E-09    0.000E+00    0.000E+00
     7.093     0.922    0.109E-02    0.240E-04    0.146E-05    0.000E+00    0.000E+00    0.000E+00    0.000E+00    0.564E-09    0.564E-09    0.000E+00    0.000E+00
     7.093     0.923    0.104E-02    0.227E-04    0.137E-05    0.000E+00    0.000E+00    0.000E+00    0.000E+00    0.525E-09    0.525E-09    0.000E+00    0.000E+00
     7.093     0.924    0.998E-03    0.216E-04    0.130E-05    0.000E+00    0.000E+00    0.000E+00    0.000E+00    0.489E-09    0.489E-09    0.000E+00    0.000E+00
     7.093     0.925    0.956E-03    0.205E-04    0.122E-05    0.000E+00    0.000E+00    0.000E+00    0.000E+00    0.457E-09    0.457E-09    0.000E+00    0.000E+00
     7.093     0.926    0.915E-03    0.194E-04    0.115E-05    0.000E+00    0.000E+00    0.000E+00    0.000E+00    0.427E-09    0.427E-09    0.000E+00    0.000E+00
     7.093     0.927    0.875E-03    0.184E-04    0.108E-05    0.000E+00    0.000E+00    0.000E+00    0.000E+00    0.401E-09    0.401E-09    0.000E+00    0.000E+00
     7.093     0.928    0.837E-03    0.175E-04    0.102E-05    0.000E+00    0.000E+00    0.000E+00    0.000E+00    0.377E-09    0.377E-09    0.000E+00    0.000E+00
     7.093     0.929    0.800E-03    0.166E-04    0.961E-06    0.000E+00    0.000E+00    0.000E+00    0.000E+00    0.355E-09    0.355E-09    0.000E+00    0.000E+00
     7.093     0.930    0.763E-03    0.156E-04    0.899E-06    0.000E+00    0.000E+00    0.000E+00    0.000E+00    0.328E-09    0.328E-09    0.000E+00    0.000E+00
     7.093     0.931    0.728E-03    0.147E-04    0.838E-06    0.000E+00    0.000E+00    0.000E+00    0.000E+00    0.298E-09    0.298E-09    0.000E+00    0.000E+00
     7.093     0.932    0.694E-03    0.139E-04    0.780E-06    0.000E+00    0.000E+00    0.000E+00    0.000E+00    0.271E-09    0.271E-09    0.000E+00    0.000E+00
     7.093     0.933    0.661E-03    0.130E-04    0.725E-06    0.000E+00    0.000E+00    0.000E+00    0.000E+00    0.246E-09    0.246E-09    0.000E+00    0.000E+00
     7.093     0.934    0.629E-03    0.122E-04    0.673E-06    0.000E+00    0.000E+00    0.000E+00    0.000E+00    0.222E-09    0.222E-09    0.000E+00    0.000E+00
     7.093     0.935    0.598E-03    0.115E-04    0.624E-06    0.000E+00    0.000E+00    0.000E+00    0.000E+00    0.201E-09    0.201E-09    0.000E+00    0.000E+00
     7.093     0.936    0.568E-03    0.108E-04    0.578E-06    0.000E+00    0.000E+00    0.000E+00    0.000E+00    0.181E-09    0.181E-09    0.000E+00    0.000E+00
     7.093     0.937    0.540E-03    0.101E-04    0.535E-06    0.000E+00    0.000E+00    0.000E+00    0.000E+00    0.163E-09    0.163E-09    0.000E+00    0.000E+00
     7.093     0.938    0.512E-03    0.946E-05    0.494E-06    0.000E+00    0.000E+00    0.000E+00    0.000E+00    0.146E-09    0.146E-09    0.000E+00    0.000E+00
     7.093     0.939    0.485E-03    0.885E-05    0.456E-06    0.000E+00    0.000E+00    0.000E+00    0.000E+00    0.131E-09    0.131E-09    0.000E+00    0.000E+00
     7.093     0.940    0.459E-03    0.828E-05    0.421E-06    0.000E+00    0.000E+00    0.000E+00    0.000E+00    0.118E-09    0.118E-09    0.000E+00    0.000E+00
     7.093     0.941    0.434E-03    0.774E-05    0.388E-06    0.000E+00    0.000E+00    0.000E+00    0.000E+00    0.106E-09    0.106E-09    0.000E+00    0.000E+00
     7.093     0.942    0.410E-03    0.723E-05    0.357E-06    0.000E+00    0.000E+00    0.000E+00    0.000E+00    0.953E-10    0.953E-10    0.000E+00    0.000E+00
     7.093     0.943    0.387E-03    0.675E-05    0.329E-06    0.000E+00    0.000E+00    0.000E+00    0.000E+00    0.859E-10    0.859E-10    0.000E+00    0.000E+00
     7.093     0.944    0.365E-03    0.630E-05    0.302E-06    0.000E+00    0.000E+00    0.000E+00    0.000E+00    0.777E-10    0.777E-10    0.000E+00    0.000E+00
     7.093     0.945    0.344E-03    0.588E-05    0.278E-06    0.000E+00    0.000E+00    0.000E+00    0.000E+00    0.707E-10    0.707E-10    0.000E+00    0.000E+00
     7.093     0.946    0.324E-03    0.548E-05    0.255E-06    0.000E+00    0.000E+00    0.000E+00    0.000E+00    0.647E-10    0.647E-10    0.000E+00    0.000E+00
     7.093     0.947    0.304E-03    0.511E-05    0.235E-06    0.000E+00    0.000E+00    0.000E+00    0.000E+00    0.597E-10    0.597E-10    0.000E+00    0.000E+00
     7.093     0.948    0.285E-03    0.476E-05    0.216E-06    0.000E+00    0.000E+00    0.000E+00    0.000E+00    0.556E-10    0.556E-10    0.000E+00    0.000E+00
     7.093     0.949    0.267E-03    0.444E-05    0.199E-06    0.000E+00    0.000E+00    0.000E+00    0.000E+00    0.524E-10    0.524E-10    0.000E+00    0.000E+00
     7.093     0.950    0.250E-03    0.414E-05    0.183E-06    0.000E+00    0.000E+00    0.000E+00    0.000E+00    0.499E-10    0.499E-10    0.000E+00    0.000E+00
     7.093     0.951    0.233E-03    0.386E-05    0.169E-06    0.000E+00    0.000E+00    0.000E+00    0.000E+00    0.481E-10    0.481E-10    0.000E+00    0.000E+00
     7.093     0.952    0.217E-03    0.359E-05    0.156E-06    0.000E+00    0.000E+00    0.000E+00    0.000E+00    0.469E-10    0.469E-10    0.000E+00    0.000E+00
     7.093     0.953    0.202E-03    0.334E-05    0.144E-06    0.385E-09    0.385E-09    0.154E-09    0.154E-09    0.453E-10    0.453E-10    0.000E+00    0.000E+00
     7.093     0.954    0.187E-03    0.304E-05    0.128E-06    0.254E-08    0.254E-08    0.102E-08    0.102E-08    0.397E-10    0.397E-10    0.000E+00    0.000E+00
     7.093     0.955    0.172E-03    0.276E-05    0.113E-06    0.478E-08    0.478E-08    0.191E-08    0.191E-08    0.345E-10    0.345E-10    0.000E+00    0.000E+00
     7.093     0.956    0.158E-03    0.250E-05    0.998E-07    0.709E-08    0.709E-08    0.283E-08    0.283E-08    0.297E-10    0.297E-10    0.000E+00    0.000E+00
     7.093     0.957    0.145E-03    0.225E-05    0.872E-07    0.945E-08    0.945E-08    0.378E-08    0.378E-08    0.253E-10    0.253E-10    0.000E+00    0.000E+00
     7.093     0.958    0.132E-03    0.202E-05    0.757E-07    0.119E-07    0.119E-07    0.475E-08    0.475E-08    0.214E-10    0.214E-10    0.000E+00    0.000E+00
     7.093     0.959    0.120E-03    0.181E-05    0.652E-07    0.143E-07    0.143E-07    0.572E-08    0.572E-08    0.178E-10    0.178E-10    0.000E+00    0.000E+00
     7.093     0.960    0.108E-03    0.161E-05    0.556E-07    0.168E-07    0.168E-07    0.671E-08    0.671E-08    0.146E-10    0.146E-10    0.000E+00    0.000E+00
     7.093     0.961    0.975E-04    0.142E-05    0.469E-07    0.193E-07    0.193E-07    0.771E-08    0.771E-08    0.118E-10    0.118E-10    0.000E+00    0.000E+00
     7.093     0.962    0.871E-04    0.124E-05    0.391E-07    0.218E-07    0.218E-07    0.870E-08    0.870E-08    0.931E-11    0.931E-11    0.000E+00    0.000E+00
     7.093     0.963    0.774E-04    0.108E-05    0.322E-07    0.242E-07    0.242E-07    0.970E-08    0.970E-08    0.714E-11    0.714E-11    0.000E+00    0.000E+00
     7.093     0.964    0.681E-04    0.933E-06    0.261E-07    0.267E-07    0.267E-07    0.107E-07    0.107E-07    0.528E-11    0.528E-11    0.000E+00    0.000E+00
     7.093     0.965    0.595E-04    0.797E-06    0.207E-07    0.291E-07    0.291E-07    0.116E-07    0.116E-07    0.370E-11    0.370E-11    0.000E+00    0.000E+00
     7.093     0.966    0.513E-04    0.672E-06    0.160E-07    0.315E-07    0.315E-07    0.126E-07    0.126E-07    0.241E-11    0.241E-11    0.000E+00    0.000E+00
     7.093     0.967    0.437E-04    0.559E-06    0.120E-07    0.338E-07    0.338E-07    0.135E-07    0.135E-07    0.137E-11    0.137E-11    0.000E+00    0.000E+00
     7.093     0.968    0.366E-04    0.456E-06    0.871E-08    0.361E-07    0.361E-07    0.144E-07    0.144E-07    0.568E-12    0.568E-12    0.000E+00    0.000E+00
     7.093     0.969    0.300E-04    0.364E-06    0.599E-08    0.383E-07    0.383E-07    0.153E-07    0.153E-07    0.000E+00    0.000E+00    0.000E+00    0.000E+00
     7.093     0.970    0.238E-04    0.282E-06    0.384E-08    0.403E-07    0.403E-07    0.161E-07    0.161E-07    0.000E+00    0.000E+00    0.000E+00    0.000E+00
     7.093     0.971    0.182E-04    0.209E-06    0.221E-08    0.423E-07    0.423E-07    0.169E-07    0.169E-07    0.000E+00    0.000E+00    0.000E+00    0.000E+00
     7.093     0.972    0.130E-04    0.145E-06    0.106E-08    0.442E-07    0.442E-07    0.177E-07    0.177E-07    0.000E+00    0.000E+00    0.000E+00    0.000E+00
     7.093     0.973    0.821E-05    0.894E-07    0.370E-09    0.459E-07    0.459E-07    0.184E-07    0.184E-07    0.000E+00    0.000E+00    0.000E+00    0.000E+00
     7.093     0.974    0.388E-05    0.420E-07    0.823E-10    0.475E-07    0.475E-07    0.190E-07    0.190E-07    0.000E+00    0.000E+00    0.000E+00    0.000E+00
     7.093     0.975    0.000E+00    0.198E-08    0.162E-09    0.490E-07    0.490E-07    0.196E-07    0.196E-07    0.343E-12    0.343E-12    0.000E+00    0.000E+00
     7.093     0.976    0.000E+00    0.000E+00    0.567E-09    0.503E-07    0.503E-07    0.201E-07    0.201E-07    0.875E-12    0.875E-12    0.000E+00    0.000E+00
     7.093     0.977    0.000E+00    0.000E+00    0.126E-08    0.514E-07    0.514E-07    0.206E-07    0.206E-07    0.150E-11    0.150E-11    0.000E+00    0.000E+00
     7.093     0.978    0.000E+00    0.000E+00    0.220E-08    0.523E-07    0.523E-07    0.209E-07    0.209E-07    0.219E-11    0.219E-11    0.000E+00    0.000E+00
     7.093     0.979    0.000E+00    0.000E+00    0.334E-08    0.530E-07    0.530E-07    0.212E-07    0.212E-07    0.294E-11    0.294E-11    0.000E+00    0.000E+00
     7.093     0.980    0.000E+00    0.000E+00    0.464E-08    0.536E-07    0.536E-07    0.214E-07    0.214E-07    0.372E-11    0.372E-11    0.000E+00    0.000E+00
     7.093     0.981    0.000E+00    0.000E+00    0.606E-08    0.538E-07    0.538E-07    0.215E-07    0.215E-07    0.453E-11    0.453E-11    0.000E+00    0.000E+00
     7.093     0.982    0.000E+00    0.000E+00    0.757E-08    0.539E-07    0.539E-07    0.216E-07    0.216E-07    0.534E-11    0.534E-11    0.000E+00    0.000E+00
     7.093     0.983    0.000E+00    0.000E+00    0.911E-08    0.537E-07    0.537E-07    0.215E-07    0.215E-07    0.614E-11    0.614E-11    0.000E+00    0.000E+00
     7.093     0.984    0.000E+00    0.000E+00    0.106E-07    0.532E-07    0.532E-07    0.213E-07    0.213E-07    0.690E-11    0.690E-11    0.000E+00    0.000E+00
     7.093     0.985    0.000E+00    0.000E+00    0.121E-07    0.525E-07    0.525E-07    0.210E-07    0.210E-07    0.761E-11    0.761E-11    0.000E+00    0.000E+00
     7.093     0.986    0.000E+00    0.000E+00    0.135E-07    0.515E-07    0.515E-07    0.206E-07    0.206E-07    0.826E-11    0.826E-11    0.000E+00    0.000E+00
     7.093     0.987    0.000E+00    0.000E+00    0.148E-07    0.502E-07    0.502E-07    0.201E-07    0.201E-07    0.881E-11    0.881E-11    0.000E+00    0.000E+00
     7.093     0.988    0.000E+00    0.000E+00    0.159E-07    0.485E-07    0.485E-07    0.194E-07    0.194E-07    0.927E-11    0.927E-11    0.000E+00    0.000E+00
     7.093     0.989    0.000E+00    0.000E+00    0.168E-07    0.466E-07    0.466E-07    0.186E-07    0.186E-07    0.960E-11    0.960E-11    0.000E+00    0.000E+00
     7.093     0.990    0.000E+00    0.000E+00    0.174E-07    0.443E-07    0.443E-07    0.177E-07    0.177E-07    0.979E-11    0.979E-11    0.000E+00    0.000E+00
     7.093     0.991    0.000E+00    0.000E+00    0.178E-07    0.417E-07    0.417E-07    0.167E-07    0.167E-07    0.983E-11    0.983E-11    0.000E+00    0.000E+00
     7.093     0.992    0.000E+00    0.000E+00    0.178E-07    0.387E-07    0.387E-07    0.155E-07    0.155E-07    0.969E-11    0.969E-11    0.000E+00    0.000E+00
     7.093     0.993    0.000E+00    0.821E-08    0.174E-07    0.353E-07    0.353E-07    0.141E-07    0.141E-07    0.935E-11    0.935E-11    0.000E+00    0.000E+00
     7.093     0.994    0.000E+00    0.172E-07    0.165E-07    0.315E-07    0.315E-07    0.126E-07    0.126E-07    0.880E-11    0.880E-11    0.000E+00    0.000E+00
     7.093     0.995    0.000E+00    0.236E-07    0.152E-07    0.273E-07    0.273E-07    0.109E-07    0.109E-07    0.802E-11    0.802E-11    0.000E+00    0.000E+00
     7.093     0.996    0.000E+00    0.271E-07    0.134E-07    0.227E-07    0.227E-07    0.910E-08    0.910E-08    0.699E-11    0.699E-11    0.000E+00    0.000E+00
     7.093     0.997    0.000E+00    0.269E-07    0.110E-07    0.177E-07    0.177E-07    0.710E-08    0.710E-08    0.569E-11    0.569E-11    0.000E+00    0.000E+00
     7.093     0.998    0.000E+00    0.227E-07    0.800E-08    0.123E-07    0.123E-07    0.491E-08    0.491E-08    0.411E-11    0.411E-11    0.000E+00    0.000E+00
     7.093     0.999    0.000E+00    0.139E-07    0.435E-08    0.637E-08    0.637E-08    0.255E-08    0.255E-08    0.222E-11    0.222E-11    0.000E+00    0.000E+00

