     Q**2          x         u           d           g          ub          db          sb          s          cb          c          bb          b
     5.187     0.001    0.491E+00    0.466E+00    0.519E+01    0.448E+00    0.454E+00    0.272E+00    0.272E+00    0.153E+00    0.153E+00    0.000E+00    0.000E+00
     5.187     0.002    0.449E+00    0.417E+00    0.474E+01    0.384E+00    0.394E+00    0.234E+00    0.234E+00    0.130E+00    0.130E+00    0.000E+00    0.000E+00
     5.187     0.003    0.433E+00    0.396E+00    0.451E+01    0.350E+00    0.362E+00    0.213E+00    0.213E+00    0.118E+00    0.118E+00    0.000E+00    0.000E+00
     5.187     0.004    0.427E+00    0.386E+00    0.438E+01    0.329E+00    0.343E+00    0.200E+00    0.200E+00    0.110E+00    0.110E+00    0.000E+00    0.000E+00
     5.187     0.005    0.424E+00    0.382E+00    0.428E+01    0.313E+00    0.329E+00    0.191E+00    0.191E+00    0.103E+00    0.103E+00    0.000E+00    0.000E+00
     5.187     0.006    0.424E+00    0.379E+00    0.419E+01    0.301E+00    0.317E+00    0.182E+00    0.182E+00    0.980E-01    0.980E-01    0.000E+00    0.000E+00
     5.187     0.007    0.425E+00    0.378E+00    0.412E+01    0.290E+00    0.308E+00    0.176E+00    0.176E+00    0.937E-01    0.937E-01    0.000E+00    0.000E+00
     5.187     0.008    0.426E+00    0.378E+00    0.405E+01    0.281E+00    0.300E+00    0.170E+00    0.170E+00    0.894E-01    0.894E-01    0.000E+00    0.000E+00
     5.187     0.009    0.429E+00    0.379E+00    0.399E+01    0.273E+00    0.293E+00    0.165E+00    0.165E+00    0.861E-01    0.861E-01    0.000E+00    0.000E+00
     5.187     0.010    0.431E+00    0.380E+00    0.393E+01    0.266E+00    0.286E+00    0.160E+00    0.160E+00    0.827E-01    0.827E-01    0.000E+00    0.000E+00
     5.187     0.011    0.435E+00    0.382E+00    0.388E+01    0.260E+00    0.281E+00    0.156E+00    0.156E+00    0.800E-01    0.800E-01    0.000E+00    0.000E+00
     5.187     0.012    0.438E+00    0.383E+00    0.383E+01    0.254E+00    0.275E+00    0.152E+00    0.152E+00    0.771E-01    0.771E-01    0.000E+00    0.000E+00
     5.187     0.013    0.441E+00    0.385E+00    0.378E+01    0.249E+00    0.270E+00    0.149E+00    0.149E+00    0.747E-01    0.747E-01    0.000E+00    0.000E+00
     5.187     0.014    0.445E+00    0.388E+00    0.374E+01    0.245E+00    0.266E+00    0.146E+00    0.146E+00    0.725E-01    0.725E-01    0.000E+00    0.000E+00
     5.187     0.015    0.448E+00    0.389E+00    0.369E+01    0.240E+00    0.262E+00    0.143E+00    0.143E+00    0.702E-01    0.702E-01    0.000E+00    0.000E+00
     5.187     0.016    0.452E+00    0.392E+00    0.365E+01    0.236E+00    0.258E+00    0.140E+00    0.140E+00    0.682E-01    0.682E-01    0.000E+00    0.000E+00
     5.187     0.017    0.456E+00    0.394E+00    0.361E+01    0.233E+00    0.254E+00    0.137E+00    0.137E+00    0.664E-01    0.664E-01    0.000E+00    0.000E+00
     5.187     0.018    0.460E+00    0.396E+00    0.357E+01    0.229E+00    0.251E+00    0.135E+00    0.135E+00    0.645E-01    0.645E-01    0.000E+00    0.000E+00
     5.187     0.019    0.464E+00    0.398E+00    0.353E+01    0.226E+00    0.247E+00    0.132E+00    0.132E+00    0.627E-01    0.627E-01    0.000E+00    0.000E+00
     5.187     0.020    0.467E+00    0.400E+00    0.349E+01    0.223E+00    0.244E+00    0.130E+00    0.130E+00    0.611E-01    0.611E-01    0.000E+00    0.000E+00
     5.187     0.021    0.472E+00    0.403E+00    0.345E+01    0.220E+00    0.241E+00    0.128E+00    0.128E+00    0.596E-01    0.596E-01    0.000E+00    0.000E+00
     5.187     0.022    0.475E+00    0.405E+00    0.341E+01    0.217E+00    0.238E+00    0.126E+00    0.126E+00    0.580E-01    0.580E-01    0.000E+00    0.000E+00
     5.187     0.023    0.479E+00    0.406E+00    0.337E+01    0.214E+00    0.235E+00    0.124E+00    0.124E+00    0.565E-01    0.565E-01    0.000E+00    0.000E+00
     5.187     0.024    0.482E+00    0.408E+00    0.333E+01    0.211E+00    0.232E+00    0.122E+00    0.122E+00    0.551E-01    0.551E-01    0.000E+00    0.000E+00
     5.187     0.025    0.486E+00    0.410E+00    0.330E+01    0.209E+00    0.230E+00    0.120E+00    0.120E+00    0.537E-01    0.537E-01    0.000E+00    0.000E+00
     5.187     0.026    0.490E+00    0.412E+00    0.326E+01    0.207E+00    0.227E+00    0.118E+00    0.118E+00    0.525E-01    0.525E-01    0.000E+00    0.000E+00
     5.187     0.027    0.493E+00    0.414E+00    0.323E+01    0.204E+00    0.225E+00    0.116E+00    0.116E+00    0.512E-01    0.512E-01    0.000E+00    0.000E+00
     5.187     0.028    0.497E+00    0.415E+00    0.319E+01    0.202E+00    0.222E+00    0.115E+00    0.115E+00    0.499E-01    0.499E-01    0.000E+00    0.000E+00
     5.187     0.029    0.500E+00    0.417E+00    0.315E+01    0.200E+00    0.220E+00    0.113E+00    0.113E+00    0.487E-01    0.487E-01    0.000E+00    0.000E+00
     5.187     0.030    0.504E+00    0.419E+00    0.312E+01    0.197E+00    0.218E+00    0.112E+00    0.112E+00    0.477E-01    0.477E-01    0.000E+00    0.000E+00
     5.187     0.031    0.507E+00    0.420E+00    0.309E+01    0.196E+00    0.216E+00    0.110E+00    0.110E+00    0.466E-01    0.466E-01    0.000E+00    0.000E+00
     5.187     0.032    0.511E+00    0.422E+00    0.306E+01    0.194E+00    0.214E+00    0.109E+00    0.109E+00    0.456E-01    0.456E-01    0.000E+00    0.000E+00
     5.187     0.033    0.514E+00    0.423E+00    0.302E+01    0.192E+00    0.212E+00    0.108E+00    0.108E+00    0.446E-01    0.446E-01    0.000E+00    0.000E+00
     5.187     0.034    0.517E+00    0.424E+00    0.299E+01    0.190E+00    0.210E+00    0.106E+00    0.106E+00    0.437E-01    0.437E-01    0.000E+00    0.000E+00
     5.187     0.035    0.521E+00    0.426E+00    0.296E+01    0.188E+00    0.208E+00    0.105E+00    0.105E+00    0.428E-01    0.428E-01    0.000E+00    0.000E+00
     5.187     0.036    0.524E+00    0.427E+00    0.292E+01    0.187E+00    0.206E+00    0.104E+00    0.104E+00    0.419E-01    0.419E-01    0.000E+00    0.000E+00
     5.187     0.037    0.527E+00    0.428E+00    0.289E+01    0.185E+00    0.205E+00    0.103E+00    0.103E+00    0.411E-01    0.411E-01    0.000E+00    0.000E+00
     5.187     0.038    0.531E+00    0.430E+00    0.286E+01    0.183E+00    0.203E+00    0.102E+00    0.102E+00    0.403E-01    0.403E-01    0.000E+00    0.000E+00
     5.187     0.039    0.534E+00    0.431E+00    0.283E+01    0.182E+00    0.202E+00    0.100E+00    0.100E+00    0.395E-01    0.395E-01    0.000E+00    0.000E+00
     5.187     0.040    0.537E+00    0.432E+00    0.280E+01    0.180E+00    0.200E+00    0.992E-01    0.992E-01    0.387E-01    0.387E-01    0.000E+00    0.000E+00
     5.187     0.041    0.540E+00    0.433E+00    0.277E+01    0.178E+00    0.198E+00    0.981E-01    0.981E-01    0.379E-01    0.379E-01    0.000E+00    0.000E+00
     5.187     0.042    0.542E+00    0.434E+00    0.274E+01    0.177E+00    0.197E+00    0.970E-01    0.970E-01    0.371E-01    0.371E-01    0.000E+00    0.000E+00
     5.187     0.043    0.545E+00    0.435E+00    0.271E+01    0.175E+00    0.195E+00    0.959E-01    0.959E-01    0.364E-01    0.364E-01    0.000E+00    0.000E+00
     5.187     0.044    0.548E+00    0.436E+00    0.268E+01    0.173E+00    0.194E+00    0.949E-01    0.949E-01    0.357E-01    0.357E-01    0.000E+00    0.000E+00
     5.187     0.045    0.551E+00    0.437E+00    0.265E+01    0.172E+00    0.192E+00    0.939E-01    0.939E-01    0.350E-01    0.350E-01    0.000E+00    0.000E+00
     5.187     0.046    0.554E+00    0.438E+00    0.262E+01    0.170E+00    0.191E+00    0.929E-01    0.929E-01    0.343E-01    0.343E-01    0.000E+00    0.000E+00
     5.187     0.047    0.556E+00    0.438E+00    0.259E+01    0.169E+00    0.190E+00    0.919E-01    0.919E-01    0.336E-01    0.336E-01    0.000E+00    0.000E+00
     5.187     0.048    0.559E+00    0.439E+00    0.257E+01    0.167E+00    0.188E+00    0.909E-01    0.909E-01    0.330E-01    0.330E-01    0.000E+00    0.000E+00
     5.187     0.049    0.562E+00    0.440E+00    0.254E+01    0.166E+00    0.187E+00    0.899E-01    0.899E-01    0.323E-01    0.323E-01    0.000E+00    0.000E+00
     5.187     0.050    0.564E+00    0.440E+00    0.251E+01    0.164E+00    0.186E+00    0.890E-01    0.890E-01    0.317E-01    0.317E-01    0.000E+00    0.000E+00
     5.187     0.051    0.567E+00    0.441E+00    0.248E+01    0.163E+00    0.184E+00    0.881E-01    0.881E-01    0.311E-01    0.311E-01    0.000E+00    0.000E+00
     5.187     0.052    0.569E+00    0.442E+00    0.246E+01    0.161E+00    0.183E+00    0.872E-01    0.872E-01    0.305E-01    0.305E-01    0.000E+00    0.000E+00
     5.187     0.053    0.572E+00    0.442E+00    0.243E+01    0.160E+00    0.182E+00    0.863E-01    0.863E-01    0.300E-01    0.300E-01    0.000E+00    0.000E+00
     5.187     0.054    0.574E+00    0.443E+00    0.240E+01    0.158E+00    0.181E+00    0.855E-01    0.855E-01    0.294E-01    0.294E-01    0.000E+00    0.000E+00
     5.187     0.055    0.576E+00    0.443E+00    0.238E+01    0.157E+00    0.180E+00    0.846E-01    0.846E-01    0.289E-01    0.289E-01    0.000E+00    0.000E+00
     5.187     0.056    0.578E+00    0.444E+00    0.235E+01    0.155E+00    0.179E+00    0.838E-01    0.838E-01    0.283E-01    0.283E-01    0.000E+00    0.000E+00
     5.187     0.057    0.581E+00    0.444E+00    0.232E+01    0.154E+00    0.177E+00    0.829E-01    0.829E-01    0.278E-01    0.278E-01    0.000E+00    0.000E+00
     5.187     0.058    0.583E+00    0.444E+00    0.230E+01    0.152E+00    0.176E+00    0.821E-01    0.821E-01    0.273E-01    0.273E-01    0.000E+00    0.000E+00
     5.187     0.059    0.585E+00    0.445E+00    0.227E+01    0.151E+00    0.175E+00    0.814E-01    0.814E-01    0.268E-01    0.268E-01    0.000E+00    0.000E+00
     5.187     0.060    0.587E+00    0.445E+00    0.225E+01    0.150E+00    0.174E+00    0.806E-01    0.806E-01    0.264E-01    0.264E-01    0.000E+00    0.000E+00
     5.187     0.061    0.589E+00    0.445E+00    0.222E+01    0.148E+00    0.173E+00    0.799E-01    0.799E-01    0.259E-01    0.259E-01    0.000E+00    0.000E+00
     5.187     0.062    0.591E+00    0.446E+00    0.220E+01    0.147E+00    0.172E+00    0.791E-01    0.791E-01    0.255E-01    0.255E-01    0.000E+00    0.000E+00
     5.187     0.063    0.593E+00    0.446E+00    0.218E+01    0.146E+00    0.171E+00    0.784E-01    0.784E-01    0.250E-01    0.250E-01    0.000E+00    0.000E+00
     5.187     0.064    0.595E+00    0.446E+00    0.215E+01    0.144E+00    0.170E+00    0.777E-01    0.777E-01    0.246E-01    0.246E-01    0.000E+00    0.000E+00
     5.187     0.065    0.597E+00    0.446E+00    0.213E+01    0.143E+00    0.169E+00    0.769E-01    0.769E-01    0.242E-01    0.242E-01    0.000E+00    0.000E+00
     5.187     0.066    0.599E+00    0.447E+00    0.211E+01    0.141E+00    0.168E+00    0.762E-01    0.762E-01    0.237E-01    0.237E-01    0.000E+00    0.000E+00
     5.187     0.067    0.601E+00    0.447E+00    0.208E+01    0.140E+00    0.167E+00    0.755E-01    0.755E-01    0.233E-01    0.233E-01    0.000E+00    0.000E+00
     5.187     0.068    0.603E+00    0.447E+00    0.206E+01    0.139E+00    0.166E+00    0.748E-01    0.748E-01    0.229E-01    0.229E-01    0.000E+00    0.000E+00
     5.187     0.069    0.605E+00    0.447E+00    0.204E+01    0.137E+00    0.165E+00    0.741E-01    0.741E-01    0.225E-01    0.225E-01    0.000E+00    0.000E+00
     5.187     0.070    0.607E+00    0.447E+00    0.202E+01    0.136E+00    0.165E+00    0.734E-01    0.734E-01    0.221E-01    0.221E-01    0.000E+00    0.000E+00
     5.187     0.071    0.608E+00    0.447E+00    0.199E+01    0.135E+00    0.164E+00    0.727E-01    0.727E-01    0.217E-01    0.217E-01    0.000E+00    0.000E+00
     5.187     0.072    0.610E+00    0.447E+00    0.197E+01    0.133E+00    0.163E+00    0.721E-01    0.721E-01    0.214E-01    0.214E-01    0.000E+00    0.000E+00
     5.187     0.073    0.612E+00    0.447E+00    0.195E+01    0.132E+00    0.162E+00    0.714E-01    0.714E-01    0.210E-01    0.210E-01    0.000E+00    0.000E+00
     5.187     0.074    0.614E+00    0.447E+00    0.193E+01    0.131E+00    0.161E+00    0.708E-01    0.708E-01    0.207E-01    0.207E-01    0.000E+00    0.000E+00
     5.187     0.075    0.615E+00    0.447E+00    0.191E+01    0.130E+00    0.160E+00    0.701E-01    0.701E-01    0.203E-01    0.203E-01    0.000E+00    0.000E+00
     5.187     0.076    0.617E+00    0.447E+00    0.189E+01    0.128E+00    0.159E+00    0.695E-01    0.695E-01    0.200E-01    0.200E-01    0.000E+00    0.000E+00
     5.187     0.077    0.618E+00    0.447E+00    0.187E+01    0.127E+00    0.158E+00    0.689E-01    0.689E-01    0.196E-01    0.196E-01    0.000E+00    0.000E+00
     5.187     0.078    0.620E+00    0.447E+00    0.185E+01    0.126E+00    0.158E+00    0.683E-01    0.683E-01    0.193E-01    0.193E-01    0.000E+00    0.000E+00
     5.187     0.079    0.621E+00    0.447E+00    0.183E+01    0.125E+00    0.157E+00    0.677E-01    0.677E-01    0.190E-01    0.190E-01    0.000E+00    0.000E+00
     5.187     0.080    0.623E+00    0.447E+00    0.181E+01    0.123E+00    0.156E+00    0.671E-01    0.671E-01    0.187E-01    0.187E-01    0.000E+00    0.000E+00
     5.187     0.081    0.624E+00    0.447E+00    0.179E+01    0.122E+00    0.155E+00    0.665E-01    0.665E-01    0.184E-01    0.184E-01    0.000E+00    0.000E+00
     5.187     0.082    0.626E+00    0.447E+00    0.177E+01    0.121E+00    0.154E+00    0.659E-01    0.659E-01    0.181E-01    0.181E-01    0.000E+00    0.000E+00
     5.187     0.083    0.627E+00    0.447E+00    0.175E+01    0.120E+00    0.153E+00    0.653E-01    0.653E-01    0.178E-01    0.178E-01    0.000E+00    0.000E+00
     5.187     0.084    0.629E+00    0.446E+00    0.173E+01    0.119E+00    0.153E+00    0.648E-01    0.648E-01    0.175E-01    0.175E-01    0.000E+00    0.000E+00
     5.187     0.085    0.630E+00    0.446E+00    0.171E+01    0.117E+00    0.152E+00    0.642E-01    0.642E-01    0.172E-01    0.172E-01    0.000E+00    0.000E+00
     5.187     0.086    0.632E+00    0.446E+00    0.169E+01    0.116E+00    0.151E+00    0.636E-01    0.636E-01    0.169E-01    0.169E-01    0.000E+00    0.000E+00
     5.187     0.087    0.633E+00    0.446E+00    0.167E+01    0.115E+00    0.150E+00    0.631E-01    0.631E-01    0.167E-01    0.167E-01    0.000E+00    0.000E+00
     5.187     0.088    0.634E+00    0.446E+00    0.166E+01    0.114E+00    0.149E+00    0.625E-01    0.625E-01    0.164E-01    0.164E-01    0.000E+00    0.000E+00
     5.187     0.089    0.636E+00    0.445E+00    0.164E+01    0.113E+00    0.149E+00    0.620E-01    0.620E-01    0.161E-01    0.161E-01    0.000E+00    0.000E+00
     5.187     0.090    0.637E+00    0.445E+00    0.162E+01    0.112E+00    0.148E+00    0.615E-01    0.615E-01    0.159E-01    0.159E-01    0.000E+00    0.000E+00
     5.187     0.091    0.638E+00    0.445E+00    0.160E+01    0.111E+00    0.147E+00    0.609E-01    0.609E-01    0.156E-01    0.156E-01    0.000E+00    0.000E+00
     5.187     0.092    0.639E+00    0.444E+00    0.159E+01    0.110E+00    0.146E+00    0.604E-01    0.604E-01    0.154E-01    0.154E-01    0.000E+00    0.000E+00
     5.187     0.093    0.641E+00    0.444E+00    0.157E+01    0.109E+00    0.145E+00    0.599E-01    0.599E-01    0.151E-01    0.151E-01    0.000E+00    0.000E+00
     5.187     0.094    0.642E+00    0.444E+00    0.155E+01    0.108E+00    0.145E+00    0.594E-01    0.594E-01    0.149E-01    0.149E-01    0.000E+00    0.000E+00
     5.187     0.095    0.643E+00    0.443E+00    0.154E+01    0.106E+00    0.144E+00    0.589E-01    0.589E-01    0.147E-01    0.147E-01    0.000E+00    0.000E+00
     5.187     0.096    0.644E+00    0.443E+00    0.152E+01    0.105E+00    0.143E+00    0.584E-01    0.584E-01    0.144E-01    0.144E-01    0.000E+00    0.000E+00
     5.187     0.097    0.645E+00    0.443E+00    0.150E+01    0.104E+00    0.142E+00    0.579E-01    0.579E-01    0.142E-01    0.142E-01    0.000E+00    0.000E+00
     5.187     0.098    0.646E+00    0.442E+00    0.149E+01    0.103E+00    0.142E+00    0.574E-01    0.574E-01    0.140E-01    0.140E-01    0.000E+00    0.000E+00
     5.187     0.099    0.648E+00    0.442E+00    0.147E+01    0.102E+00    0.141E+00    0.569E-01    0.569E-01    0.138E-01    0.138E-01    0.000E+00    0.000E+00
     5.187     0.100    0.649E+00    0.441E+00    0.145E+01    0.101E+00    0.140E+00    0.564E-01    0.564E-01    0.136E-01    0.136E-01    0.000E+00    0.000E+00
     5.187     0.101    0.650E+00    0.441E+00    0.144E+01    0.100E+00    0.139E+00    0.559E-01    0.559E-01    0.134E-01    0.134E-01    0.000E+00    0.000E+00
     5.187     0.102    0.651E+00    0.440E+00    0.142E+01    0.994E-01    0.138E+00    0.554E-01    0.554E-01    0.131E-01    0.131E-01    0.000E+00    0.000E+00
     5.187     0.103    0.652E+00    0.440E+00    0.141E+01    0.985E-01    0.138E+00    0.550E-01    0.550E-01    0.129E-01    0.129E-01    0.000E+00    0.000E+00
     5.187     0.104    0.653E+00    0.440E+00    0.139E+01    0.975E-01    0.137E+00    0.545E-01    0.545E-01    0.128E-01    0.128E-01    0.000E+00    0.000E+00
     5.187     0.105    0.654E+00    0.439E+00    0.138E+01    0.966E-01    0.136E+00    0.541E-01    0.541E-01    0.126E-01    0.126E-01    0.000E+00    0.000E+00
     5.187     0.106    0.655E+00    0.439E+00    0.136E+01    0.957E-01    0.135E+00    0.536E-01    0.536E-01    0.124E-01    0.124E-01    0.000E+00    0.000E+00
     5.187     0.107    0.656E+00    0.438E+00    0.135E+01    0.947E-01    0.134E+00    0.532E-01    0.532E-01    0.122E-01    0.122E-01    0.000E+00    0.000E+00
     5.187     0.108    0.657E+00    0.438E+00    0.134E+01    0.939E-01    0.134E+00    0.527E-01    0.527E-01    0.120E-01    0.120E-01    0.000E+00    0.000E+00
     5.187     0.109    0.658E+00    0.437E+00    0.132E+01    0.930E-01    0.133E+00    0.523E-01    0.523E-01    0.118E-01    0.118E-01    0.000E+00    0.000E+00
     5.187     0.110    0.659E+00    0.437E+00    0.131E+01    0.921E-01    0.132E+00    0.518E-01    0.518E-01    0.117E-01    0.117E-01    0.000E+00    0.000E+00
     5.187     0.111    0.660E+00    0.436E+00    0.129E+01    0.912E-01    0.131E+00    0.514E-01    0.514E-01    0.115E-01    0.115E-01    0.000E+00    0.000E+00
     5.187     0.112    0.660E+00    0.435E+00    0.128E+01    0.903E-01    0.131E+00    0.510E-01    0.510E-01    0.113E-01    0.113E-01    0.000E+00    0.000E+00
     5.187     0.113    0.661E+00    0.435E+00    0.127E+01    0.895E-01    0.130E+00    0.505E-01    0.505E-01    0.111E-01    0.111E-01    0.000E+00    0.000E+00
     5.187     0.114    0.662E+00    0.434E+00    0.125E+01    0.886E-01    0.129E+00    0.501E-01    0.501E-01    0.110E-01    0.110E-01    0.000E+00    0.000E+00
     5.187     0.115    0.663E+00    0.434E+00    0.124E+01    0.878E-01    0.128E+00    0.497E-01    0.497E-01    0.108E-01    0.108E-01    0.000E+00    0.000E+00
     5.187     0.116    0.664E+00    0.433E+00    0.123E+01    0.870E-01    0.127E+00    0.493E-01    0.493E-01    0.107E-01    0.107E-01    0.000E+00    0.000E+00
     5.187     0.117    0.665E+00    0.432E+00    0.121E+01    0.862E-01    0.127E+00    0.489E-01    0.489E-01    0.105E-01    0.105E-01    0.000E+00    0.000E+00
     5.187     0.118    0.666E+00    0.432E+00    0.120E+01    0.854E-01    0.126E+00    0.484E-01    0.484E-01    0.104E-01    0.104E-01    0.000E+00    0.000E+00
     5.187     0.119    0.666E+00    0.431E+00    0.119E+01    0.846E-01    0.125E+00    0.480E-01    0.480E-01    0.102E-01    0.102E-01    0.000E+00    0.000E+00
     5.187     0.120    0.667E+00    0.431E+00    0.118E+01    0.838E-01    0.124E+00    0.476E-01    0.476E-01    0.101E-01    0.101E-01    0.000E+00    0.000E+00
     5.187     0.121    0.668E+00    0.430E+00    0.116E+01    0.830E-01    0.123E+00    0.473E-01    0.473E-01    0.992E-02    0.992E-02    0.000E+00    0.000E+00
     5.187     0.122    0.669E+00    0.429E+00    0.115E+01    0.823E-01    0.123E+00    0.469E-01    0.469E-01    0.979E-02    0.979E-02    0.000E+00    0.000E+00
     5.187     0.123    0.669E+00    0.429E+00    0.114E+01    0.815E-01    0.122E+00    0.465E-01    0.465E-01    0.965E-02    0.965E-02    0.000E+00    0.000E+00
     5.187     0.124    0.670E+00    0.428E+00    0.113E+01    0.808E-01    0.121E+00    0.461E-01    0.461E-01    0.951E-02    0.951E-02    0.000E+00    0.000E+00
     5.187     0.125    0.671E+00    0.427E+00    0.112E+01    0.800E-01    0.120E+00    0.457E-01    0.457E-01    0.938E-02    0.938E-02    0.000E+00    0.000E+00
     5.187     0.126    0.671E+00    0.427E+00    0.110E+01    0.793E-01    0.120E+00    0.453E-01    0.453E-01    0.924E-02    0.924E-02    0.000E+00    0.000E+00
     5.187     0.127    0.672E+00    0.426E+00    0.109E+01    0.786E-01    0.119E+00    0.449E-01    0.449E-01    0.911E-02    0.911E-02    0.000E+00    0.000E+00
     5.187     0.128    0.673E+00    0.425E+00    0.108E+01    0.779E-01    0.118E+00    0.446E-01    0.446E-01    0.898E-02    0.898E-02    0.000E+00    0.000E+00
     5.187     0.129    0.673E+00    0.425E+00    0.107E+01    0.772E-01    0.117E+00    0.442E-01    0.442E-01    0.886E-02    0.886E-02    0.000E+00    0.000E+00
     5.187     0.130    0.674E+00    0.424E+00    0.106E+01    0.765E-01    0.116E+00    0.438E-01    0.438E-01    0.873E-02    0.873E-02    0.000E+00    0.000E+00
     5.187     0.131    0.675E+00    0.423E+00    0.105E+01    0.758E-01    0.116E+00    0.434E-01    0.434E-01    0.861E-02    0.861E-02    0.000E+00    0.000E+00
     5.187     0.132    0.675E+00    0.422E+00    0.104E+01    0.751E-01    0.115E+00    0.431E-01    0.431E-01    0.849E-02    0.849E-02    0.000E+00    0.000E+00
     5.187     0.133    0.676E+00    0.422E+00    0.103E+01    0.745E-01    0.114E+00    0.427E-01    0.427E-01    0.838E-02    0.838E-02    0.000E+00    0.000E+00
     5.187     0.134    0.676E+00    0.421E+00    0.102E+01    0.738E-01    0.113E+00    0.424E-01    0.424E-01    0.826E-02    0.826E-02    0.000E+00    0.000E+00
     5.187     0.135    0.677E+00    0.420E+00    0.101E+01    0.732E-01    0.112E+00    0.420E-01    0.420E-01    0.815E-02    0.815E-02    0.000E+00    0.000E+00
     5.187     0.136    0.677E+00    0.420E+00    0.995E+00    0.725E-01    0.112E+00    0.417E-01    0.417E-01    0.804E-02    0.804E-02    0.000E+00    0.000E+00
     5.187     0.137    0.678E+00    0.419E+00    0.985E+00    0.719E-01    0.111E+00    0.413E-01    0.413E-01    0.793E-02    0.793E-02    0.000E+00    0.000E+00
     5.187     0.138    0.678E+00    0.418E+00    0.975E+00    0.713E-01    0.110E+00    0.410E-01    0.410E-01    0.782E-02    0.782E-02    0.000E+00    0.000E+00
     5.187     0.139    0.679E+00    0.417E+00    0.965E+00    0.706E-01    0.109E+00    0.406E-01    0.406E-01    0.772E-02    0.772E-02    0.000E+00    0.000E+00
     5.187     0.140    0.679E+00    0.417E+00    0.955E+00    0.700E-01    0.109E+00    0.403E-01    0.403E-01    0.761E-02    0.761E-02    0.000E+00    0.000E+00
     5.187     0.141    0.680E+00    0.416E+00    0.946E+00    0.694E-01    0.108E+00    0.399E-01    0.399E-01    0.751E-02    0.751E-02    0.000E+00    0.000E+00
     5.187     0.142    0.680E+00    0.415E+00    0.936E+00    0.688E-01    0.107E+00    0.396E-01    0.396E-01    0.741E-02    0.741E-02    0.000E+00    0.000E+00
     5.187     0.143    0.681E+00    0.414E+00    0.927E+00    0.682E-01    0.106E+00    0.393E-01    0.393E-01    0.731E-02    0.731E-02    0.000E+00    0.000E+00
     5.187     0.144    0.681E+00    0.413E+00    0.917E+00    0.676E-01    0.105E+00    0.389E-01    0.389E-01    0.721E-02    0.721E-02    0.000E+00    0.000E+00
     5.187     0.145    0.681E+00    0.413E+00    0.908E+00    0.671E-01    0.105E+00    0.386E-01    0.386E-01    0.712E-02    0.712E-02    0.000E+00    0.000E+00
     5.187     0.146    0.682E+00    0.412E+00    0.899E+00    0.665E-01    0.104E+00    0.383E-01    0.383E-01    0.702E-02    0.702E-02    0.000E+00    0.000E+00
     5.187     0.147    0.682E+00    0.411E+00    0.890E+00    0.659E-01    0.103E+00    0.380E-01    0.380E-01    0.693E-02    0.693E-02    0.000E+00    0.000E+00
     5.187     0.148    0.683E+00    0.410E+00    0.881E+00    0.654E-01    0.102E+00    0.377E-01    0.377E-01    0.684E-02    0.684E-02    0.000E+00    0.000E+00
     5.187     0.149    0.683E+00    0.410E+00    0.872E+00    0.648E-01    0.102E+00    0.373E-01    0.373E-01    0.675E-02    0.675E-02    0.000E+00    0.000E+00
     5.187     0.150    0.683E+00    0.409E+00    0.863E+00    0.643E-01    0.101E+00    0.370E-01    0.370E-01    0.666E-02    0.666E-02    0.000E+00    0.000E+00
     5.187     0.151    0.684E+00    0.408E+00    0.855E+00    0.638E-01    0.100E+00    0.367E-01    0.367E-01    0.658E-02    0.658E-02    0.000E+00    0.000E+00
     5.187     0.152    0.684E+00    0.407E+00    0.846E+00    0.632E-01    0.993E-01    0.364E-01    0.364E-01    0.649E-02    0.649E-02    0.000E+00    0.000E+00
     5.187     0.153    0.684E+00    0.406E+00    0.838E+00    0.627E-01    0.986E-01    0.361E-01    0.361E-01    0.641E-02    0.641E-02    0.000E+00    0.000E+00
     5.187     0.154    0.684E+00    0.406E+00    0.830E+00    0.622E-01    0.978E-01    0.358E-01    0.358E-01    0.633E-02    0.633E-02    0.000E+00    0.000E+00
     5.187     0.155    0.685E+00    0.405E+00    0.822E+00    0.617E-01    0.970E-01    0.355E-01    0.355E-01    0.624E-02    0.624E-02    0.000E+00    0.000E+00
     5.187     0.156    0.685E+00    0.404E+00    0.813E+00    0.612E-01    0.963E-01    0.352E-01    0.352E-01    0.616E-02    0.616E-02    0.000E+00    0.000E+00
     5.187     0.157    0.685E+00    0.403E+00    0.805E+00    0.607E-01    0.955E-01    0.349E-01    0.349E-01    0.608E-02    0.608E-02    0.000E+00    0.000E+00
     5.187     0.158    0.685E+00    0.402E+00    0.797E+00    0.602E-01    0.948E-01    0.346E-01    0.346E-01    0.601E-02    0.601E-02    0.000E+00    0.000E+00
     5.187     0.159    0.686E+00    0.401E+00    0.790E+00    0.597E-01    0.940E-01    0.343E-01    0.343E-01    0.593E-02    0.593E-02    0.000E+00    0.000E+00
     5.187     0.160    0.686E+00    0.401E+00    0.782E+00    0.592E-01    0.933E-01    0.340E-01    0.340E-01    0.585E-02    0.585E-02    0.000E+00    0.000E+00
     5.187     0.161    0.686E+00    0.400E+00    0.774E+00    0.587E-01    0.925E-01    0.337E-01    0.337E-01    0.578E-02    0.578E-02    0.000E+00    0.000E+00
     5.187     0.162    0.686E+00    0.399E+00    0.767E+00    0.583E-01    0.918E-01    0.334E-01    0.334E-01    0.571E-02    0.571E-02    0.000E+00    0.000E+00
     5.187     0.163    0.686E+00    0.398E+00    0.759E+00    0.578E-01    0.910E-01    0.331E-01    0.331E-01    0.563E-02    0.563E-02    0.000E+00    0.000E+00
     5.187     0.164    0.686E+00    0.397E+00    0.752E+00    0.573E-01    0.903E-01    0.329E-01    0.329E-01    0.556E-02    0.556E-02    0.000E+00    0.000E+00
     5.187     0.165    0.686E+00    0.396E+00    0.744E+00    0.569E-01    0.896E-01    0.326E-01    0.326E-01    0.549E-02    0.549E-02    0.000E+00    0.000E+00
     5.187     0.166    0.687E+00    0.396E+00    0.737E+00    0.564E-01    0.888E-01    0.323E-01    0.323E-01    0.542E-02    0.542E-02    0.000E+00    0.000E+00
     5.187     0.167    0.687E+00    0.395E+00    0.730E+00    0.560E-01    0.881E-01    0.320E-01    0.320E-01    0.536E-02    0.536E-02    0.000E+00    0.000E+00
     5.187     0.168    0.687E+00    0.394E+00    0.723E+00    0.555E-01    0.874E-01    0.318E-01    0.318E-01    0.529E-02    0.529E-02    0.000E+00    0.000E+00
     5.187     0.169    0.687E+00    0.393E+00    0.716E+00    0.551E-01    0.867E-01    0.315E-01    0.315E-01    0.523E-02    0.523E-02    0.000E+00    0.000E+00
     5.187     0.170    0.687E+00    0.392E+00    0.709E+00    0.547E-01    0.859E-01    0.312E-01    0.312E-01    0.516E-02    0.516E-02    0.000E+00    0.000E+00
     5.187     0.171    0.687E+00    0.391E+00    0.703E+00    0.542E-01    0.852E-01    0.309E-01    0.309E-01    0.510E-02    0.510E-02    0.000E+00    0.000E+00
     5.187     0.172    0.687E+00    0.390E+00    0.696E+00    0.538E-01    0.845E-01    0.307E-01    0.307E-01    0.503E-02    0.503E-02    0.000E+00    0.000E+00
     5.187     0.173    0.687E+00    0.390E+00    0.689E+00    0.534E-01    0.838E-01    0.304E-01    0.304E-01    0.497E-02    0.497E-02    0.000E+00    0.000E+00
     5.187     0.174    0.687E+00    0.389E+00    0.683E+00    0.530E-01    0.831E-01    0.302E-01    0.302E-01    0.491E-02    0.491E-02    0.000E+00    0.000E+00
     5.187     0.175    0.687E+00    0.388E+00    0.676E+00    0.525E-01    0.824E-01    0.299E-01    0.299E-01    0.485E-02    0.485E-02    0.000E+00    0.000E+00
     5.187     0.176    0.687E+00    0.387E+00    0.670E+00    0.521E-01    0.817E-01    0.296E-01    0.296E-01    0.479E-02    0.479E-02    0.000E+00    0.000E+00
     5.187     0.177    0.687E+00    0.386E+00    0.663E+00    0.517E-01    0.810E-01    0.294E-01    0.294E-01    0.473E-02    0.473E-02    0.000E+00    0.000E+00
     5.187     0.178    0.687E+00    0.385E+00    0.657E+00    0.513E-01    0.803E-01    0.291E-01    0.291E-01    0.467E-02    0.467E-02    0.000E+00    0.000E+00
     5.187     0.179    0.687E+00    0.384E+00    0.651E+00    0.509E-01    0.796E-01    0.289E-01    0.289E-01    0.462E-02    0.462E-02    0.000E+00    0.000E+00
     5.187     0.180    0.687E+00    0.384E+00    0.645E+00    0.505E-01    0.789E-01    0.286E-01    0.286E-01    0.456E-02    0.456E-02    0.000E+00    0.000E+00
     5.187     0.181    0.686E+00    0.383E+00    0.639E+00    0.502E-01    0.782E-01    0.284E-01    0.284E-01    0.451E-02    0.451E-02    0.000E+00    0.000E+00
     5.187     0.182    0.686E+00    0.382E+00    0.633E+00    0.498E-01    0.775E-01    0.281E-01    0.281E-01    0.445E-02    0.445E-02    0.000E+00    0.000E+00
     5.187     0.183    0.686E+00    0.381E+00    0.627E+00    0.494E-01    0.768E-01    0.279E-01    0.279E-01    0.440E-02    0.440E-02    0.000E+00    0.000E+00
     5.187     0.184    0.686E+00    0.380E+00    0.621E+00    0.490E-01    0.762E-01    0.276E-01    0.276E-01    0.435E-02    0.435E-02    0.000E+00    0.000E+00
     5.187     0.185    0.686E+00    0.379E+00    0.615E+00    0.486E-01    0.755E-01    0.274E-01    0.274E-01    0.430E-02    0.430E-02    0.000E+00    0.000E+00
     5.187     0.186    0.686E+00    0.378E+00    0.610E+00    0.483E-01    0.748E-01    0.272E-01    0.272E-01    0.425E-02    0.425E-02    0.000E+00    0.000E+00
     5.187     0.187    0.686E+00    0.377E+00    0.604E+00    0.479E-01    0.741E-01    0.269E-01    0.269E-01    0.420E-02    0.420E-02    0.000E+00    0.000E+00
     5.187     0.188    0.685E+00    0.377E+00    0.598E+00    0.475E-01    0.735E-01    0.267E-01    0.267E-01    0.415E-02    0.415E-02    0.000E+00    0.000E+00
     5.187     0.189    0.685E+00    0.376E+00    0.593E+00    0.472E-01    0.728E-01    0.265E-01    0.265E-01    0.410E-02    0.410E-02    0.000E+00    0.000E+00
     5.187     0.190    0.685E+00    0.375E+00    0.587E+00    0.468E-01    0.722E-01    0.262E-01    0.262E-01    0.405E-02    0.405E-02    0.000E+00    0.000E+00
     5.187     0.191    0.685E+00    0.374E+00    0.582E+00    0.465E-01    0.715E-01    0.260E-01    0.260E-01    0.400E-02    0.400E-02    0.000E+00    0.000E+00
     5.187     0.192    0.684E+00    0.373E+00    0.577E+00    0.461E-01    0.708E-01    0.258E-01    0.258E-01    0.395E-02    0.395E-02    0.000E+00    0.000E+00
     5.187     0.193    0.684E+00    0.372E+00    0.571E+00    0.458E-01    0.702E-01    0.255E-01    0.255E-01    0.391E-02    0.391E-02    0.000E+00    0.000E+00
     5.187     0.194    0.684E+00    0.371E+00    0.566E+00    0.454E-01    0.696E-01    0.253E-01    0.253E-01    0.386E-02    0.386E-02    0.000E+00    0.000E+00
     5.187     0.195    0.684E+00    0.370E+00    0.561E+00    0.451E-01    0.689E-01    0.251E-01    0.251E-01    0.382E-02    0.382E-02    0.000E+00    0.000E+00
     5.187     0.196    0.683E+00    0.369E+00    0.556E+00    0.447E-01    0.683E-01    0.249E-01    0.249E-01    0.377E-02    0.377E-02    0.000E+00    0.000E+00
     5.187     0.197    0.683E+00    0.368E+00    0.551E+00    0.444E-01    0.676E-01    0.246E-01    0.246E-01    0.373E-02    0.373E-02    0.000E+00    0.000E+00
     5.187     0.198    0.683E+00    0.368E+00    0.546E+00    0.441E-01    0.670E-01    0.244E-01    0.244E-01    0.369E-02    0.369E-02    0.000E+00    0.000E+00
     5.187     0.199    0.682E+00    0.367E+00    0.541E+00    0.437E-01    0.664E-01    0.242E-01    0.242E-01    0.364E-02    0.364E-02    0.000E+00    0.000E+00
     5.187     0.200    0.682E+00    0.366E+00    0.536E+00    0.434E-01    0.658E-01    0.240E-01    0.240E-01    0.360E-02    0.360E-02    0.000E+00    0.000E+00
     5.187     0.201    0.682E+00    0.365E+00    0.531E+00    0.431E-01    0.651E-01    0.238E-01    0.238E-01    0.356E-02    0.356E-02    0.000E+00    0.000E+00
     5.187     0.202    0.681E+00    0.364E+00    0.527E+00    0.428E-01    0.645E-01    0.236E-01    0.236E-01    0.352E-02    0.352E-02    0.000E+00    0.000E+00
     5.187     0.203    0.681E+00    0.363E+00    0.522E+00    0.424E-01    0.639E-01    0.234E-01    0.234E-01    0.348E-02    0.348E-02    0.000E+00    0.000E+00
     5.187     0.204    0.681E+00    0.362E+00    0.517E+00    0.421E-01    0.633E-01    0.231E-01    0.231E-01    0.344E-02    0.344E-02    0.000E+00    0.000E+00
     5.187     0.205    0.680E+00    0.361E+00    0.513E+00    0.418E-01    0.627E-01    0.229E-01    0.229E-01    0.340E-02    0.340E-02    0.000E+00    0.000E+00
     5.187     0.206    0.680E+00    0.360E+00    0.508E+00    0.415E-01    0.621E-01    0.227E-01    0.227E-01    0.336E-02    0.336E-02    0.000E+00    0.000E+00
     5.187     0.207    0.679E+00    0.359E+00    0.504E+00    0.412E-01    0.615E-01    0.225E-01    0.225E-01    0.332E-02    0.332E-02    0.000E+00    0.000E+00
     5.187     0.208    0.679E+00    0.358E+00    0.499E+00    0.409E-01    0.609E-01    0.223E-01    0.223E-01    0.328E-02    0.328E-02    0.000E+00    0.000E+00
     5.187     0.209    0.678E+00    0.358E+00    0.495E+00    0.406E-01    0.603E-01    0.221E-01    0.221E-01    0.325E-02    0.325E-02    0.000E+00    0.000E+00
     5.187     0.210    0.678E+00    0.357E+00    0.490E+00    0.402E-01    0.597E-01    0.219E-01    0.219E-01    0.321E-02    0.321E-02    0.000E+00    0.000E+00
     5.187     0.211    0.677E+00    0.356E+00    0.486E+00    0.399E-01    0.592E-01    0.217E-01    0.217E-01    0.317E-02    0.317E-02    0.000E+00    0.000E+00
     5.187     0.212    0.677E+00    0.355E+00    0.482E+00    0.396E-01    0.586E-01    0.215E-01    0.215E-01    0.314E-02    0.314E-02    0.000E+00    0.000E+00
     5.187     0.213    0.676E+00    0.354E+00    0.478E+00    0.393E-01    0.580E-01    0.213E-01    0.213E-01    0.310E-02    0.310E-02    0.000E+00    0.000E+00
     5.187     0.214    0.676E+00    0.353E+00    0.473E+00    0.391E-01    0.575E-01    0.211E-01    0.211E-01    0.307E-02    0.307E-02    0.000E+00    0.000E+00
     5.187     0.215    0.675E+00    0.352E+00    0.469E+00    0.388E-01    0.569E-01    0.209E-01    0.209E-01    0.303E-02    0.303E-02    0.000E+00    0.000E+00
     5.187     0.216    0.675E+00    0.351E+00    0.465E+00    0.385E-01    0.563E-01    0.208E-01    0.208E-01    0.300E-02    0.300E-02    0.000E+00    0.000E+00
     5.187     0.217    0.674E+00    0.350E+00    0.461E+00    0.382E-01    0.558E-01    0.206E-01    0.206E-01    0.297E-02    0.297E-02    0.000E+00    0.000E+00
     5.187     0.218    0.674E+00    0.349E+00    0.457E+00    0.379E-01    0.552E-01    0.204E-01    0.204E-01    0.293E-02    0.293E-02    0.000E+00    0.000E+00
     5.187     0.219    0.673E+00    0.348E+00    0.453E+00    0.376E-01    0.547E-01    0.202E-01    0.202E-01    0.290E-02    0.290E-02    0.000E+00    0.000E+00
     5.187     0.220    0.673E+00    0.347E+00    0.449E+00    0.373E-01    0.541E-01    0.200E-01    0.200E-01    0.287E-02    0.287E-02    0.000E+00    0.000E+00
     5.187     0.221    0.672E+00    0.346E+00    0.446E+00    0.370E-01    0.536E-01    0.198E-01    0.198E-01    0.284E-02    0.284E-02    0.000E+00    0.000E+00
     5.187     0.222    0.671E+00    0.346E+00    0.442E+00    0.368E-01    0.530E-01    0.196E-01    0.196E-01    0.280E-02    0.280E-02    0.000E+00    0.000E+00
     5.187     0.223    0.671E+00    0.345E+00    0.438E+00    0.365E-01    0.525E-01    0.195E-01    0.195E-01    0.277E-02    0.277E-02    0.000E+00    0.000E+00
     5.187     0.224    0.670E+00    0.344E+00    0.434E+00    0.362E-01    0.520E-01    0.193E-01    0.193E-01    0.274E-02    0.274E-02    0.000E+00    0.000E+00
     5.187     0.225    0.669E+00    0.343E+00    0.431E+00    0.359E-01    0.515E-01    0.191E-01    0.191E-01    0.271E-02    0.271E-02    0.000E+00    0.000E+00
     5.187     0.226    0.669E+00    0.342E+00    0.427E+00    0.357E-01    0.509E-01    0.189E-01    0.189E-01    0.268E-02    0.268E-02    0.000E+00    0.000E+00
     5.187     0.227    0.668E+00    0.341E+00    0.423E+00    0.354E-01    0.504E-01    0.188E-01    0.188E-01    0.265E-02    0.265E-02    0.000E+00    0.000E+00
     5.187     0.228    0.667E+00    0.340E+00    0.420E+00    0.351E-01    0.499E-01    0.186E-01    0.186E-01    0.262E-02    0.262E-02    0.000E+00    0.000E+00
     5.187     0.229    0.667E+00    0.339E+00    0.416E+00    0.348E-01    0.494E-01    0.184E-01    0.184E-01    0.259E-02    0.259E-02    0.000E+00    0.000E+00
     5.187     0.230    0.666E+00    0.338E+00    0.413E+00    0.346E-01    0.489E-01    0.182E-01    0.182E-01    0.256E-02    0.256E-02    0.000E+00    0.000E+00
     5.187     0.231    0.665E+00    0.337E+00    0.409E+00    0.343E-01    0.484E-01    0.181E-01    0.181E-01    0.254E-02    0.254E-02    0.000E+00    0.000E+00
     5.187     0.232    0.665E+00    0.336E+00    0.406E+00    0.341E-01    0.479E-01    0.179E-01    0.179E-01    0.251E-02    0.251E-02    0.000E+00    0.000E+00
     5.187     0.233    0.664E+00    0.335E+00    0.402E+00    0.338E-01    0.474E-01    0.177E-01    0.177E-01    0.248E-02    0.248E-02    0.000E+00    0.000E+00
     5.187     0.234    0.663E+00    0.334E+00    0.399E+00    0.335E-01    0.469E-01    0.176E-01    0.176E-01    0.245E-02    0.245E-02    0.000E+00    0.000E+00
     5.187     0.235    0.662E+00    0.333E+00    0.396E+00    0.333E-01    0.464E-01    0.174E-01    0.174E-01    0.243E-02    0.243E-02    0.000E+00    0.000E+00
     5.187     0.236    0.662E+00    0.332E+00    0.392E+00    0.330E-01    0.459E-01    0.172E-01    0.172E-01    0.240E-02    0.240E-02    0.000E+00    0.000E+00
     5.187     0.237    0.661E+00    0.331E+00    0.389E+00    0.328E-01    0.455E-01    0.171E-01    0.171E-01    0.237E-02    0.237E-02    0.000E+00    0.000E+00
     5.187     0.238    0.660E+00    0.330E+00    0.386E+00    0.325E-01    0.450E-01    0.169E-01    0.169E-01    0.235E-02    0.235E-02    0.000E+00    0.000E+00
     5.187     0.239    0.659E+00    0.329E+00    0.383E+00    0.323E-01    0.445E-01    0.167E-01    0.167E-01    0.232E-02    0.232E-02    0.000E+00    0.000E+00
     5.187     0.240    0.659E+00    0.329E+00    0.380E+00    0.320E-01    0.440E-01    0.166E-01    0.166E-01    0.230E-02    0.230E-02    0.000E+00    0.000E+00
     5.187     0.241    0.658E+00    0.328E+00    0.376E+00    0.318E-01    0.436E-01    0.164E-01    0.164E-01    0.227E-02    0.227E-02    0.000E+00    0.000E+00
     5.187     0.242    0.657E+00    0.327E+00    0.373E+00    0.315E-01    0.431E-01    0.163E-01    0.163E-01    0.225E-02    0.225E-02    0.000E+00    0.000E+00
     5.187     0.243    0.656E+00    0.326E+00    0.370E+00    0.313E-01    0.427E-01    0.161E-01    0.161E-01    0.222E-02    0.222E-02    0.000E+00    0.000E+00
     5.187     0.244    0.655E+00    0.325E+00    0.367E+00    0.310E-01    0.422E-01    0.160E-01    0.160E-01    0.220E-02    0.220E-02    0.000E+00    0.000E+00
     5.187     0.245    0.654E+00    0.324E+00    0.364E+00    0.308E-01    0.418E-01    0.158E-01    0.158E-01    0.218E-02    0.218E-02    0.000E+00    0.000E+00
     5.187     0.246    0.653E+00    0.323E+00    0.361E+00    0.305E-01    0.413E-01    0.157E-01    0.157E-01    0.215E-02    0.215E-02    0.000E+00    0.000E+00
     5.187     0.247    0.653E+00    0.322E+00    0.358E+00    0.303E-01    0.409E-01    0.155E-01    0.155E-01    0.213E-02    0.213E-02    0.000E+00    0.000E+00
     5.187     0.248    0.652E+00    0.321E+00    0.355E+00    0.301E-01    0.405E-01    0.154E-01    0.154E-01    0.211E-02    0.211E-02    0.000E+00    0.000E+00
     5.187     0.249    0.651E+00    0.320E+00    0.353E+00    0.298E-01    0.400E-01    0.152E-01    0.152E-01    0.208E-02    0.208E-02    0.000E+00    0.000E+00
     5.187     0.250    0.650E+00    0.319E+00    0.350E+00    0.296E-01    0.396E-01    0.151E-01    0.151E-01    0.206E-02    0.206E-02    0.000E+00    0.000E+00
     5.187     0.251    0.649E+00    0.318E+00    0.347E+00    0.293E-01    0.392E-01    0.149E-01    0.149E-01    0.204E-02    0.204E-02    0.000E+00    0.000E+00
     5.187     0.252    0.648E+00    0.317E+00    0.344E+00    0.291E-01    0.387E-01    0.148E-01    0.148E-01    0.202E-02    0.202E-02    0.000E+00    0.000E+00
     5.187     0.253    0.647E+00    0.316E+00    0.341E+00    0.289E-01    0.383E-01    0.146E-01    0.146E-01    0.199E-02    0.199E-02    0.000E+00    0.000E+00
     5.187     0.254    0.646E+00    0.315E+00    0.339E+00    0.286E-01    0.379E-01    0.145E-01    0.145E-01    0.197E-02    0.197E-02    0.000E+00    0.000E+00
     5.187     0.255    0.645E+00    0.314E+00    0.336E+00    0.284E-01    0.375E-01    0.144E-01    0.144E-01    0.195E-02    0.195E-02    0.000E+00    0.000E+00
     5.187     0.256    0.644E+00    0.313E+00    0.333E+00    0.282E-01    0.371E-01    0.142E-01    0.142E-01    0.193E-02    0.193E-02    0.000E+00    0.000E+00
     5.187     0.257    0.643E+00    0.312E+00    0.331E+00    0.280E-01    0.367E-01    0.141E-01    0.141E-01    0.191E-02    0.191E-02    0.000E+00    0.000E+00
     5.187     0.258    0.642E+00    0.311E+00    0.328E+00    0.277E-01    0.363E-01    0.139E-01    0.139E-01    0.189E-02    0.189E-02    0.000E+00    0.000E+00
     5.187     0.259    0.641E+00    0.310E+00    0.325E+00    0.275E-01    0.359E-01    0.138E-01    0.138E-01    0.187E-02    0.187E-02    0.000E+00    0.000E+00
     5.187     0.260    0.640E+00    0.309E+00    0.323E+00    0.273E-01    0.355E-01    0.137E-01    0.137E-01    0.185E-02    0.185E-02    0.000E+00    0.000E+00
     5.187     0.261    0.639E+00    0.308E+00    0.320E+00    0.271E-01    0.351E-01    0.135E-01    0.135E-01    0.183E-02    0.183E-02    0.000E+00    0.000E+00
     5.187     0.262    0.638E+00    0.307E+00    0.318E+00    0.268E-01    0.347E-01    0.134E-01    0.134E-01    0.181E-02    0.181E-02    0.000E+00    0.000E+00
     5.187     0.263    0.637E+00    0.306E+00    0.315E+00    0.266E-01    0.344E-01    0.133E-01    0.133E-01    0.179E-02    0.179E-02    0.000E+00    0.000E+00
     5.187     0.264    0.636E+00    0.305E+00    0.313E+00    0.264E-01    0.340E-01    0.131E-01    0.131E-01    0.177E-02    0.177E-02    0.000E+00    0.000E+00
     5.187     0.265    0.635E+00    0.304E+00    0.310E+00    0.262E-01    0.336E-01    0.130E-01    0.130E-01    0.175E-02    0.175E-02    0.000E+00    0.000E+00
     5.187     0.266    0.634E+00    0.303E+00    0.308E+00    0.260E-01    0.332E-01    0.129E-01    0.129E-01    0.173E-02    0.173E-02    0.000E+00    0.000E+00
     5.187     0.267    0.633E+00    0.302E+00    0.305E+00    0.257E-01    0.329E-01    0.128E-01    0.128E-01    0.171E-02    0.171E-02    0.000E+00    0.000E+00
     5.187     0.268    0.632E+00    0.301E+00    0.303E+00    0.255E-01    0.325E-01    0.126E-01    0.126E-01    0.170E-02    0.170E-02    0.000E+00    0.000E+00
     5.187     0.269    0.631E+00    0.300E+00    0.300E+00    0.253E-01    0.321E-01    0.125E-01    0.125E-01    0.168E-02    0.168E-02    0.000E+00    0.000E+00
     5.187     0.270    0.630E+00    0.299E+00    0.298E+00    0.251E-01    0.318E-01    0.124E-01    0.124E-01    0.166E-02    0.166E-02    0.000E+00    0.000E+00
     5.187     0.271    0.629E+00    0.298E+00    0.296E+00    0.249E-01    0.314E-01    0.123E-01    0.123E-01    0.164E-02    0.164E-02    0.000E+00    0.000E+00
     5.187     0.272    0.628E+00    0.297E+00    0.294E+00    0.247E-01    0.311E-01    0.121E-01    0.121E-01    0.162E-02    0.162E-02    0.000E+00    0.000E+00
     5.187     0.273    0.627E+00    0.296E+00    0.291E+00    0.245E-01    0.307E-01    0.120E-01    0.120E-01    0.161E-02    0.161E-02    0.000E+00    0.000E+00
     5.187     0.274    0.625E+00    0.295E+00    0.289E+00    0.243E-01    0.304E-01    0.119E-01    0.119E-01    0.159E-02    0.159E-02    0.000E+00    0.000E+00
     5.187     0.275    0.624E+00    0.294E+00    0.287E+00    0.241E-01    0.301E-01    0.118E-01    0.118E-01    0.157E-02    0.157E-02    0.000E+00    0.000E+00
     5.187     0.276    0.623E+00    0.293E+00    0.284E+00    0.239E-01    0.297E-01    0.116E-01    0.116E-01    0.156E-02    0.156E-02    0.000E+00    0.000E+00
     5.187     0.277    0.622E+00    0.292E+00    0.282E+00    0.237E-01    0.294E-01    0.115E-01    0.115E-01    0.154E-02    0.154E-02    0.000E+00    0.000E+00
     5.187     0.278    0.621E+00    0.291E+00    0.280E+00    0.234E-01    0.291E-01    0.114E-01    0.114E-01    0.152E-02    0.152E-02    0.000E+00    0.000E+00
     5.187     0.279    0.620E+00    0.290E+00    0.278E+00    0.232E-01    0.287E-01    0.113E-01    0.113E-01    0.151E-02    0.151E-02    0.000E+00    0.000E+00
     5.187     0.280    0.619E+00    0.289E+00    0.276E+00    0.230E-01    0.284E-01    0.112E-01    0.112E-01    0.149E-02    0.149E-02    0.000E+00    0.000E+00
     5.187     0.281    0.617E+00    0.288E+00    0.274E+00    0.228E-01    0.281E-01    0.111E-01    0.111E-01    0.147E-02    0.147E-02    0.000E+00    0.000E+00
     5.187     0.282    0.616E+00    0.287E+00    0.272E+00    0.226E-01    0.278E-01    0.110E-01    0.110E-01    0.146E-02    0.146E-02    0.000E+00    0.000E+00
     5.187     0.283    0.615E+00    0.286E+00    0.269E+00    0.224E-01    0.275E-01    0.108E-01    0.108E-01    0.144E-02    0.144E-02    0.000E+00    0.000E+00
     5.187     0.284    0.614E+00    0.285E+00    0.267E+00    0.222E-01    0.271E-01    0.107E-01    0.107E-01    0.143E-02    0.143E-02    0.000E+00    0.000E+00
     5.187     0.285    0.613E+00    0.284E+00    0.265E+00    0.221E-01    0.268E-01    0.106E-01    0.106E-01    0.141E-02    0.141E-02    0.000E+00    0.000E+00
     5.187     0.286    0.611E+00    0.283E+00    0.263E+00    0.219E-01    0.265E-01    0.105E-01    0.105E-01    0.140E-02    0.140E-02    0.000E+00    0.000E+00
     5.187     0.287    0.610E+00    0.282E+00    0.261E+00    0.217E-01    0.262E-01    0.104E-01    0.104E-01    0.138E-02    0.138E-02    0.000E+00    0.000E+00
     5.187     0.288    0.609E+00    0.281E+00    0.259E+00    0.215E-01    0.259E-01    0.103E-01    0.103E-01    0.137E-02    0.137E-02    0.000E+00    0.000E+00
     5.187     0.289    0.608E+00    0.280E+00    0.257E+00    0.213E-01    0.256E-01    0.102E-01    0.102E-01    0.135E-02    0.135E-02    0.000E+00    0.000E+00
     5.187     0.290    0.607E+00    0.279E+00    0.255E+00    0.211E-01    0.253E-01    0.101E-01    0.101E-01    0.134E-02    0.134E-02    0.000E+00    0.000E+00
     5.187     0.291    0.605E+00    0.278E+00    0.253E+00    0.209E-01    0.251E-01    0.998E-02    0.998E-02    0.132E-02    0.132E-02    0.000E+00    0.000E+00
     5.187     0.292    0.604E+00    0.277E+00    0.251E+00    0.207E-01    0.248E-01    0.988E-02    0.988E-02    0.131E-02    0.131E-02    0.000E+00    0.000E+00
     5.187     0.293    0.603E+00    0.276E+00    0.250E+00    0.205E-01    0.245E-01    0.978E-02    0.978E-02    0.129E-02    0.129E-02    0.000E+00    0.000E+00
     5.187     0.294    0.602E+00    0.275E+00    0.248E+00    0.203E-01    0.242E-01    0.968E-02    0.968E-02    0.128E-02    0.128E-02    0.000E+00    0.000E+00
     5.187     0.295    0.600E+00    0.274E+00    0.246E+00    0.202E-01    0.239E-01    0.957E-02    0.957E-02    0.127E-02    0.127E-02    0.000E+00    0.000E+00
     5.187     0.296    0.599E+00    0.273E+00    0.244E+00    0.200E-01    0.236E-01    0.947E-02    0.947E-02    0.125E-02    0.125E-02    0.000E+00    0.000E+00
     5.187     0.297    0.598E+00    0.272E+00    0.242E+00    0.198E-01    0.234E-01    0.938E-02    0.938E-02    0.124E-02    0.124E-02    0.000E+00    0.000E+00
     5.187     0.298    0.596E+00    0.271E+00    0.240E+00    0.196E-01    0.231E-01    0.928E-02    0.928E-02    0.122E-02    0.122E-02    0.000E+00    0.000E+00
     5.187     0.299    0.595E+00    0.270E+00    0.238E+00    0.194E-01    0.228E-01    0.918E-02    0.918E-02    0.121E-02    0.121E-02    0.000E+00    0.000E+00
     5.187     0.300    0.594E+00    0.269E+00    0.237E+00    0.192E-01    0.226E-01    0.908E-02    0.908E-02    0.120E-02    0.120E-02    0.000E+00    0.000E+00
     5.187     0.301    0.593E+00    0.268E+00    0.235E+00    0.191E-01    0.223E-01    0.899E-02    0.899E-02    0.119E-02    0.119E-02    0.000E+00    0.000E+00
     5.187     0.302    0.591E+00    0.267E+00    0.233E+00    0.189E-01    0.221E-01    0.889E-02    0.889E-02    0.117E-02    0.117E-02    0.000E+00    0.000E+00
     5.187     0.303    0.590E+00    0.266E+00    0.231E+00    0.187E-01    0.218E-01    0.880E-02    0.880E-02    0.116E-02    0.116E-02    0.000E+00    0.000E+00
     5.187     0.304    0.589E+00    0.265E+00    0.229E+00    0.185E-01    0.215E-01    0.870E-02    0.870E-02    0.115E-02    0.115E-02    0.000E+00    0.000E+00
     5.187     0.305    0.587E+00    0.264E+00    0.228E+00    0.184E-01    0.213E-01    0.861E-02    0.861E-02    0.113E-02    0.113E-02    0.000E+00    0.000E+00
     5.187     0.306    0.586E+00    0.263E+00    0.226E+00    0.182E-01    0.210E-01    0.852E-02    0.852E-02    0.112E-02    0.112E-02    0.000E+00    0.000E+00
     5.187     0.307    0.585E+00    0.262E+00    0.224E+00    0.180E-01    0.208E-01    0.843E-02    0.843E-02    0.111E-02    0.111E-02    0.000E+00    0.000E+00
     5.187     0.308    0.583E+00    0.261E+00    0.223E+00    0.178E-01    0.206E-01    0.834E-02    0.834E-02    0.110E-02    0.110E-02    0.000E+00    0.000E+00
     5.187     0.309    0.582E+00    0.260E+00    0.221E+00    0.177E-01    0.203E-01    0.825E-02    0.825E-02    0.109E-02    0.109E-02    0.000E+00    0.000E+00
     5.187     0.310    0.581E+00    0.259E+00    0.219E+00    0.175E-01    0.201E-01    0.816E-02    0.816E-02    0.107E-02    0.107E-02    0.000E+00    0.000E+00
     5.187     0.311    0.579E+00    0.258E+00    0.218E+00    0.173E-01    0.199E-01    0.807E-02    0.807E-02    0.106E-02    0.106E-02    0.000E+00    0.000E+00
     5.187     0.312    0.578E+00    0.257E+00    0.216E+00    0.172E-01    0.196E-01    0.799E-02    0.799E-02    0.105E-02    0.105E-02    0.000E+00    0.000E+00
     5.187     0.313    0.576E+00    0.256E+00    0.214E+00    0.170E-01    0.194E-01    0.790E-02    0.790E-02    0.104E-02    0.104E-02    0.000E+00    0.000E+00
     5.187     0.314    0.575E+00    0.255E+00    0.213E+00    0.168E-01    0.192E-01    0.782E-02    0.782E-02    0.103E-02    0.103E-02    0.000E+00    0.000E+00
     5.187     0.315    0.574E+00    0.254E+00    0.211E+00    0.167E-01    0.189E-01    0.773E-02    0.773E-02    0.102E-02    0.102E-02    0.000E+00    0.000E+00
     5.187     0.316    0.572E+00    0.252E+00    0.210E+00    0.165E-01    0.187E-01    0.765E-02    0.765E-02    0.101E-02    0.101E-02    0.000E+00    0.000E+00
     5.187     0.317    0.571E+00    0.251E+00    0.208E+00    0.163E-01    0.185E-01    0.756E-02    0.756E-02    0.994E-03    0.994E-03    0.000E+00    0.000E+00
     5.187     0.318    0.569E+00    0.250E+00    0.206E+00    0.162E-01    0.183E-01    0.748E-02    0.748E-02    0.983E-03    0.983E-03    0.000E+00    0.000E+00
     5.187     0.319    0.568E+00    0.249E+00    0.205E+00    0.160E-01    0.181E-01    0.740E-02    0.740E-02    0.972E-03    0.972E-03    0.000E+00    0.000E+00
     5.187     0.320    0.567E+00    0.248E+00    0.203E+00    0.159E-01    0.178E-01    0.732E-02    0.732E-02    0.962E-03    0.962E-03    0.000E+00    0.000E+00
     5.187     0.321    0.565E+00    0.247E+00    0.202E+00    0.157E-01    0.176E-01    0.724E-02    0.724E-02    0.951E-03    0.951E-03    0.000E+00    0.000E+00
     5.187     0.322    0.564E+00    0.246E+00    0.200E+00    0.156E-01    0.174E-01    0.716E-02    0.716E-02    0.940E-03    0.940E-03    0.000E+00    0.000E+00
     5.187     0.323    0.562E+00    0.245E+00    0.199E+00    0.154E-01    0.172E-01    0.708E-02    0.708E-02    0.930E-03    0.930E-03    0.000E+00    0.000E+00
     5.187     0.324    0.561E+00    0.244E+00    0.197E+00    0.152E-01    0.170E-01    0.700E-02    0.700E-02    0.920E-03    0.920E-03    0.000E+00    0.000E+00
     5.187     0.325    0.560E+00    0.243E+00    0.196E+00    0.151E-01    0.168E-01    0.693E-02    0.693E-02    0.910E-03    0.910E-03    0.000E+00    0.000E+00
     5.187     0.326    0.558E+00    0.242E+00    0.194E+00    0.149E-01    0.166E-01    0.685E-02    0.685E-02    0.899E-03    0.899E-03    0.000E+00    0.000E+00
     5.187     0.327    0.557E+00    0.241E+00    0.193E+00    0.148E-01    0.164E-01    0.677E-02    0.677E-02    0.889E-03    0.889E-03    0.000E+00    0.000E+00
     5.187     0.328    0.555E+00    0.240E+00    0.191E+00    0.146E-01    0.162E-01    0.670E-02    0.670E-02    0.880E-03    0.880E-03    0.000E+00    0.000E+00
     5.187     0.329    0.554E+00    0.239E+00    0.190E+00    0.145E-01    0.160E-01    0.662E-02    0.662E-02    0.870E-03    0.870E-03    0.000E+00    0.000E+00
     5.187     0.330    0.552E+00    0.238E+00    0.188E+00    0.143E-01    0.158E-01    0.655E-02    0.655E-02    0.860E-03    0.860E-03    0.000E+00    0.000E+00
     5.187     0.331    0.551E+00    0.237E+00    0.187E+00    0.142E-01    0.156E-01    0.648E-02    0.648E-02    0.850E-03    0.850E-03    0.000E+00    0.000E+00
     5.187     0.332    0.549E+00    0.236E+00    0.186E+00    0.140E-01    0.155E-01    0.641E-02    0.641E-02    0.841E-03    0.841E-03    0.000E+00    0.000E+00
     5.187     0.333    0.548E+00    0.235E+00    0.184E+00    0.139E-01    0.153E-01    0.633E-02    0.633E-02    0.832E-03    0.832E-03    0.000E+00    0.000E+00
     5.187     0.334    0.546E+00    0.234E+00    0.183E+00    0.138E-01    0.151E-01    0.626E-02    0.626E-02    0.822E-03    0.822E-03    0.000E+00    0.000E+00
     5.187     0.335    0.545E+00    0.233E+00    0.182E+00    0.136E-01    0.149E-01    0.619E-02    0.619E-02    0.813E-03    0.813E-03    0.000E+00    0.000E+00
     5.187     0.336    0.543E+00    0.232E+00    0.180E+00    0.135E-01    0.147E-01    0.612E-02    0.612E-02    0.804E-03    0.804E-03    0.000E+00    0.000E+00
     5.187     0.337    0.542E+00    0.231E+00    0.179E+00    0.133E-01    0.146E-01    0.605E-02    0.605E-02    0.795E-03    0.795E-03    0.000E+00    0.000E+00
     5.187     0.338    0.540E+00    0.230E+00    0.177E+00    0.132E-01    0.144E-01    0.598E-02    0.598E-02    0.786E-03    0.786E-03    0.000E+00    0.000E+00
     5.187     0.339    0.539E+00    0.229E+00    0.176E+00    0.130E-01    0.142E-01    0.592E-02    0.592E-02    0.777E-03    0.777E-03    0.000E+00    0.000E+00
     5.187     0.340    0.537E+00    0.228E+00    0.175E+00    0.129E-01    0.140E-01    0.585E-02    0.585E-02    0.768E-03    0.768E-03    0.000E+00    0.000E+00
     5.187     0.341    0.536E+00    0.226E+00    0.173E+00    0.128E-01    0.139E-01    0.578E-02    0.578E-02    0.759E-03    0.759E-03    0.000E+00    0.000E+00
     5.187     0.342    0.534E+00    0.225E+00    0.172E+00    0.126E-01    0.137E-01    0.572E-02    0.572E-02    0.751E-03    0.751E-03    0.000E+00    0.000E+00
     5.187     0.343    0.533E+00    0.224E+00    0.171E+00    0.125E-01    0.135E-01    0.565E-02    0.565E-02    0.742E-03    0.742E-03    0.000E+00    0.000E+00
     5.187     0.344    0.531E+00    0.223E+00    0.170E+00    0.124E-01    0.134E-01    0.559E-02    0.559E-02    0.734E-03    0.734E-03    0.000E+00    0.000E+00
     5.187     0.345    0.530E+00    0.222E+00    0.168E+00    0.122E-01    0.132E-01    0.552E-02    0.552E-02    0.725E-03    0.725E-03    0.000E+00    0.000E+00
     5.187     0.346    0.528E+00    0.221E+00    0.167E+00    0.121E-01    0.130E-01    0.546E-02    0.546E-02    0.717E-03    0.717E-03    0.000E+00    0.000E+00
     5.187     0.347    0.527E+00    0.220E+00    0.166E+00    0.120E-01    0.129E-01    0.540E-02    0.540E-02    0.709E-03    0.709E-03    0.000E+00    0.000E+00
     5.187     0.348    0.525E+00    0.219E+00    0.164E+00    0.118E-01    0.127E-01    0.533E-02    0.533E-02    0.701E-03    0.701E-03    0.000E+00    0.000E+00
     5.187     0.349    0.524E+00    0.218E+00    0.163E+00    0.117E-01    0.126E-01    0.527E-02    0.527E-02    0.693E-03    0.693E-03    0.000E+00    0.000E+00
     5.187     0.350    0.522E+00    0.217E+00    0.162E+00    0.116E-01    0.124E-01    0.521E-02    0.521E-02    0.685E-03    0.685E-03    0.000E+00    0.000E+00
     5.187     0.351    0.521E+00    0.216E+00    0.161E+00    0.115E-01    0.123E-01    0.515E-02    0.515E-02    0.677E-03    0.677E-03    0.000E+00    0.000E+00
     5.187     0.352    0.519E+00    0.215E+00    0.160E+00    0.113E-01    0.121E-01    0.509E-02    0.509E-02    0.669E-03    0.669E-03    0.000E+00    0.000E+00
     5.187     0.353    0.518E+00    0.214E+00    0.158E+00    0.112E-01    0.120E-01    0.503E-02    0.503E-02    0.661E-03    0.661E-03    0.000E+00    0.000E+00
     5.187     0.354    0.516E+00    0.213E+00    0.157E+00    0.111E-01    0.118E-01    0.497E-02    0.497E-02    0.654E-03    0.654E-03    0.000E+00    0.000E+00
     5.187     0.355    0.515E+00    0.212E+00    0.156E+00    0.110E-01    0.117E-01    0.492E-02    0.492E-02    0.646E-03    0.646E-03    0.000E+00    0.000E+00
     5.187     0.356    0.513E+00    0.211E+00    0.155E+00    0.108E-01    0.115E-01    0.486E-02    0.486E-02    0.639E-03    0.639E-03    0.000E+00    0.000E+00
     5.187     0.357    0.512E+00    0.210E+00    0.154E+00    0.107E-01    0.114E-01    0.480E-02    0.480E-02    0.631E-03    0.631E-03    0.000E+00    0.000E+00
     5.187     0.358    0.510E+00    0.209E+00    0.152E+00    0.106E-01    0.112E-01    0.474E-02    0.474E-02    0.624E-03    0.624E-03    0.000E+00    0.000E+00
     5.187     0.359    0.508E+00    0.208E+00    0.151E+00    0.105E-01    0.111E-01    0.469E-02    0.469E-02    0.617E-03    0.617E-03    0.000E+00    0.000E+00
     5.187     0.360    0.507E+00    0.207E+00    0.150E+00    0.104E-01    0.110E-01    0.463E-02    0.463E-02    0.609E-03    0.609E-03    0.000E+00    0.000E+00
     5.187     0.361    0.505E+00    0.206E+00    0.149E+00    0.102E-01    0.108E-01    0.458E-02    0.458E-02    0.602E-03    0.602E-03    0.000E+00    0.000E+00
     5.187     0.362    0.504E+00    0.205E+00    0.148E+00    0.101E-01    0.107E-01    0.452E-02    0.452E-02    0.595E-03    0.595E-03    0.000E+00    0.000E+00
     5.187     0.363    0.502E+00    0.204E+00    0.147E+00    0.100E-01    0.106E-01    0.447E-02    0.447E-02    0.588E-03    0.588E-03    0.000E+00    0.000E+00
     5.187     0.364    0.501E+00    0.203E+00    0.145E+00    0.990E-02    0.104E-01    0.442E-02    0.442E-02    0.581E-03    0.581E-03    0.000E+00    0.000E+00
     5.187     0.365    0.499E+00    0.202E+00    0.144E+00    0.979E-02    0.103E-01    0.436E-02    0.436E-02    0.574E-03    0.574E-03    0.000E+00    0.000E+00
     5.187     0.366    0.497E+00    0.201E+00    0.143E+00    0.968E-02    0.102E-01    0.431E-02    0.431E-02    0.568E-03    0.568E-03    0.000E+00    0.000E+00
     5.187     0.367    0.496E+00    0.200E+00    0.142E+00    0.957E-02    0.101E-01    0.426E-02    0.426E-02    0.561E-03    0.561E-03    0.000E+00    0.000E+00
     5.187     0.368    0.494E+00    0.199E+00    0.141E+00    0.946E-02    0.993E-02    0.421E-02    0.421E-02    0.554E-03    0.554E-03    0.000E+00    0.000E+00
     5.187     0.369    0.493E+00    0.197E+00    0.140E+00    0.935E-02    0.980E-02    0.416E-02    0.416E-02    0.548E-03    0.548E-03    0.000E+00    0.000E+00
     5.187     0.370    0.491E+00    0.196E+00    0.139E+00    0.924E-02    0.968E-02    0.411E-02    0.411E-02    0.541E-03    0.541E-03    0.000E+00    0.000E+00
     5.187     0.371    0.490E+00    0.195E+00    0.138E+00    0.914E-02    0.956E-02    0.406E-02    0.406E-02    0.535E-03    0.535E-03    0.000E+00    0.000E+00
     5.187     0.372    0.488E+00    0.194E+00    0.137E+00    0.903E-02    0.944E-02    0.401E-02    0.401E-02    0.528E-03    0.528E-03    0.000E+00    0.000E+00
     5.187     0.373    0.486E+00    0.193E+00    0.136E+00    0.892E-02    0.932E-02    0.396E-02    0.396E-02    0.522E-03    0.522E-03    0.000E+00    0.000E+00
     5.187     0.374    0.485E+00    0.192E+00    0.135E+00    0.882E-02    0.920E-02    0.391E-02    0.391E-02    0.516E-03    0.516E-03    0.000E+00    0.000E+00
     5.187     0.375    0.483E+00    0.191E+00    0.134E+00    0.872E-02    0.909E-02    0.387E-02    0.387E-02    0.510E-03    0.510E-03    0.000E+00    0.000E+00
     5.187     0.376    0.482E+00    0.190E+00    0.133E+00    0.861E-02    0.897E-02    0.382E-02    0.382E-02    0.503E-03    0.503E-03    0.000E+00    0.000E+00
     5.187     0.377    0.480E+00    0.189E+00    0.132E+00    0.851E-02    0.886E-02    0.377E-02    0.377E-02    0.497E-03    0.497E-03    0.000E+00    0.000E+00
     5.187     0.378    0.478E+00    0.188E+00    0.130E+00    0.841E-02    0.875E-02    0.373E-02    0.373E-02    0.491E-03    0.491E-03    0.000E+00    0.000E+00
     5.187     0.379    0.477E+00    0.187E+00    0.129E+00    0.831E-02    0.863E-02    0.368E-02    0.368E-02    0.485E-03    0.485E-03    0.000E+00    0.000E+00
     5.187     0.380    0.475E+00    0.186E+00    0.128E+00    0.821E-02    0.853E-02    0.364E-02    0.364E-02    0.480E-03    0.480E-03    0.000E+00    0.000E+00
     5.187     0.381    0.474E+00    0.185E+00    0.127E+00    0.812E-02    0.842E-02    0.359E-02    0.359E-02    0.474E-03    0.474E-03    0.000E+00    0.000E+00
     5.187     0.382    0.472E+00    0.184E+00    0.126E+00    0.802E-02    0.831E-02    0.355E-02    0.355E-02    0.468E-03    0.468E-03    0.000E+00    0.000E+00
     5.187     0.383    0.470E+00    0.183E+00    0.125E+00    0.792E-02    0.820E-02    0.350E-02    0.350E-02    0.462E-03    0.462E-03    0.000E+00    0.000E+00
     5.187     0.384    0.469E+00    0.182E+00    0.124E+00    0.783E-02    0.810E-02    0.346E-02    0.346E-02    0.457E-03    0.457E-03    0.000E+00    0.000E+00
     5.187     0.385    0.467E+00    0.181E+00    0.123E+00    0.773E-02    0.800E-02    0.342E-02    0.342E-02    0.451E-03    0.451E-03    0.000E+00    0.000E+00
     5.187     0.386    0.466E+00    0.180E+00    0.123E+00    0.764E-02    0.789E-02    0.337E-02    0.337E-02    0.446E-03    0.446E-03    0.000E+00    0.000E+00
     5.187     0.387    0.464E+00    0.179E+00    0.122E+00    0.755E-02    0.779E-02    0.333E-02    0.333E-02    0.440E-03    0.440E-03    0.000E+00    0.000E+00
     5.187     0.388    0.462E+00    0.178E+00    0.121E+00    0.746E-02    0.769E-02    0.329E-02    0.329E-02    0.435E-03    0.435E-03    0.000E+00    0.000E+00
     5.187     0.389    0.461E+00    0.177E+00    0.120E+00    0.737E-02    0.759E-02    0.325E-02    0.325E-02    0.429E-03    0.429E-03    0.000E+00    0.000E+00
     5.187     0.390    0.459E+00    0.176E+00    0.119E+00    0.728E-02    0.750E-02    0.321E-02    0.321E-02    0.424E-03    0.424E-03    0.000E+00    0.000E+00
     5.187     0.391    0.457E+00    0.175E+00    0.118E+00    0.719E-02    0.740E-02    0.317E-02    0.317E-02    0.419E-03    0.419E-03    0.000E+00    0.000E+00
     5.187     0.392    0.456E+00    0.174E+00    0.117E+00    0.710E-02    0.730E-02    0.313E-02    0.313E-02    0.414E-03    0.414E-03    0.000E+00    0.000E+00
     5.187     0.393    0.454E+00    0.173E+00    0.116E+00    0.701E-02    0.721E-02    0.309E-02    0.309E-02    0.408E-03    0.408E-03    0.000E+00    0.000E+00
     5.187     0.394    0.453E+00    0.172E+00    0.115E+00    0.692E-02    0.712E-02    0.305E-02    0.305E-02    0.403E-03    0.403E-03    0.000E+00    0.000E+00
     5.187     0.395    0.451E+00    0.171E+00    0.114E+00    0.684E-02    0.702E-02    0.301E-02    0.301E-02    0.398E-03    0.398E-03    0.000E+00    0.000E+00
     5.187     0.396    0.449E+00    0.170E+00    0.113E+00    0.675E-02    0.693E-02    0.297E-02    0.297E-02    0.393E-03    0.393E-03    0.000E+00    0.000E+00
     5.187     0.397    0.448E+00    0.169E+00    0.112E+00    0.667E-02    0.684E-02    0.294E-02    0.294E-02    0.388E-03    0.388E-03    0.000E+00    0.000E+00
     5.187     0.398    0.446E+00    0.168E+00    0.111E+00    0.659E-02    0.675E-02    0.290E-02    0.290E-02    0.383E-03    0.383E-03    0.000E+00    0.000E+00
     5.187     0.399    0.445E+00    0.167E+00    0.110E+00    0.651E-02    0.666E-02    0.286E-02    0.286E-02    0.379E-03    0.379E-03    0.000E+00    0.000E+00
     5.187     0.400    0.443E+00    0.166E+00    0.109E+00    0.642E-02    0.658E-02    0.282E-02    0.282E-02    0.374E-03    0.374E-03    0.000E+00    0.000E+00
     5.187     0.401    0.441E+00    0.165E+00    0.109E+00    0.634E-02    0.649E-02    0.279E-02    0.279E-02    0.369E-03    0.369E-03    0.000E+00    0.000E+00
     5.187     0.402    0.440E+00    0.164E+00    0.108E+00    0.626E-02    0.641E-02    0.275E-02    0.275E-02    0.364E-03    0.364E-03    0.000E+00    0.000E+00
     5.187     0.403    0.438E+00    0.163E+00    0.107E+00    0.618E-02    0.632E-02    0.272E-02    0.272E-02    0.360E-03    0.360E-03    0.000E+00    0.000E+00
     5.187     0.404    0.436E+00    0.162E+00    0.106E+00    0.611E-02    0.624E-02    0.268E-02    0.268E-02    0.355E-03    0.355E-03    0.000E+00    0.000E+00
     5.187     0.405    0.435E+00    0.161E+00    0.105E+00    0.603E-02    0.616E-02    0.265E-02    0.265E-02    0.351E-03    0.351E-03    0.000E+00    0.000E+00
     5.187     0.406    0.433E+00    0.160E+00    0.104E+00    0.595E-02    0.607E-02    0.261E-02    0.261E-02    0.346E-03    0.346E-03    0.000E+00    0.000E+00
     5.187     0.407    0.432E+00    0.159E+00    0.103E+00    0.588E-02    0.599E-02    0.258E-02    0.258E-02    0.342E-03    0.342E-03    0.000E+00    0.000E+00
     5.187     0.408    0.430E+00    0.158E+00    0.103E+00    0.580E-02    0.592E-02    0.255E-02    0.255E-02    0.337E-03    0.337E-03    0.000E+00    0.000E+00
     5.187     0.409    0.428E+00    0.157E+00    0.102E+00    0.573E-02    0.584E-02    0.251E-02    0.251E-02    0.333E-03    0.333E-03    0.000E+00    0.000E+00
     5.187     0.410    0.427E+00    0.156E+00    0.101E+00    0.565E-02    0.576E-02    0.248E-02    0.248E-02    0.329E-03    0.329E-03    0.000E+00    0.000E+00
     5.187     0.411    0.425E+00    0.156E+00    0.100E+00    0.558E-02    0.568E-02    0.245E-02    0.245E-02    0.324E-03    0.324E-03    0.000E+00    0.000E+00
     5.187     0.412    0.423E+00    0.155E+00    0.992E-01    0.551E-02    0.561E-02    0.242E-02    0.242E-02    0.320E-03    0.320E-03    0.000E+00    0.000E+00
     5.187     0.413    0.422E+00    0.154E+00    0.984E-01    0.544E-02    0.553E-02    0.238E-02    0.238E-02    0.316E-03    0.316E-03    0.000E+00    0.000E+00
     5.187     0.414    0.420E+00    0.153E+00    0.976E-01    0.537E-02    0.546E-02    0.235E-02    0.235E-02    0.312E-03    0.312E-03    0.000E+00    0.000E+00
     5.187     0.415    0.419E+00    0.152E+00    0.968E-01    0.530E-02    0.539E-02    0.232E-02    0.232E-02    0.308E-03    0.308E-03    0.000E+00    0.000E+00
     5.187     0.416    0.417E+00    0.151E+00    0.960E-01    0.523E-02    0.531E-02    0.229E-02    0.229E-02    0.304E-03    0.304E-03    0.000E+00    0.000E+00
     5.187     0.417    0.415E+00    0.150E+00    0.952E-01    0.516E-02    0.524E-02    0.226E-02    0.226E-02    0.300E-03    0.300E-03    0.000E+00    0.000E+00
     5.187     0.418    0.414E+00    0.149E+00    0.944E-01    0.509E-02    0.517E-02    0.223E-02    0.223E-02    0.296E-03    0.296E-03    0.000E+00    0.000E+00
     5.187     0.419    0.412E+00    0.148E+00    0.936E-01    0.503E-02    0.510E-02    0.220E-02    0.220E-02    0.292E-03    0.292E-03    0.000E+00    0.000E+00
     5.187     0.420    0.410E+00    0.147E+00    0.928E-01    0.496E-02    0.503E-02    0.217E-02    0.217E-02    0.288E-03    0.288E-03    0.000E+00    0.000E+00
     5.187     0.421    0.409E+00    0.146E+00    0.920E-01    0.489E-02    0.496E-02    0.214E-02    0.214E-02    0.284E-03    0.284E-03    0.000E+00    0.000E+00
     5.187     0.422    0.407E+00    0.145E+00    0.912E-01    0.483E-02    0.490E-02    0.211E-02    0.211E-02    0.281E-03    0.281E-03    0.000E+00    0.000E+00
     5.187     0.423    0.405E+00    0.144E+00    0.905E-01    0.477E-02    0.483E-02    0.209E-02    0.209E-02    0.277E-03    0.277E-03    0.000E+00    0.000E+00
     5.187     0.424    0.404E+00    0.143E+00    0.897E-01    0.470E-02    0.476E-02    0.206E-02    0.206E-02    0.273E-03    0.273E-03    0.000E+00    0.000E+00
     5.187     0.425    0.402E+00    0.142E+00    0.889E-01    0.464E-02    0.470E-02    0.203E-02    0.203E-02    0.270E-03    0.270E-03    0.000E+00    0.000E+00
     5.187     0.426    0.401E+00    0.141E+00    0.882E-01    0.458E-02    0.463E-02    0.200E-02    0.200E-02    0.266E-03    0.266E-03    0.000E+00    0.000E+00
     5.187     0.427    0.399E+00    0.140E+00    0.874E-01    0.452E-02    0.457E-02    0.198E-02    0.198E-02    0.262E-03    0.262E-03    0.000E+00    0.000E+00
     5.187     0.428    0.397E+00    0.139E+00    0.867E-01    0.446E-02    0.451E-02    0.195E-02    0.195E-02    0.259E-03    0.259E-03    0.000E+00    0.000E+00
     5.187     0.429    0.396E+00    0.139E+00    0.860E-01    0.440E-02    0.445E-02    0.192E-02    0.192E-02    0.255E-03    0.255E-03    0.000E+00    0.000E+00
     5.187     0.430    0.394E+00    0.138E+00    0.852E-01    0.434E-02    0.439E-02    0.190E-02    0.190E-02    0.252E-03    0.252E-03    0.000E+00    0.000E+00
     5.187     0.431    0.392E+00    0.137E+00    0.845E-01    0.428E-02    0.433E-02    0.187E-02    0.187E-02    0.249E-03    0.249E-03    0.000E+00    0.000E+00
     5.187     0.432    0.391E+00    0.136E+00    0.838E-01    0.422E-02    0.427E-02    0.184E-02    0.184E-02    0.245E-03    0.245E-03    0.000E+00    0.000E+00
     5.187     0.433    0.389E+00    0.135E+00    0.830E-01    0.416E-02    0.421E-02    0.182E-02    0.182E-02    0.242E-03    0.242E-03    0.000E+00    0.000E+00
     5.187     0.434    0.388E+00    0.134E+00    0.823E-01    0.411E-02    0.415E-02    0.179E-02    0.179E-02    0.239E-03    0.239E-03    0.000E+00    0.000E+00
     5.187     0.435    0.386E+00    0.133E+00    0.816E-01    0.405E-02    0.409E-02    0.177E-02    0.177E-02    0.235E-03    0.235E-03    0.000E+00    0.000E+00
     5.187     0.436    0.384E+00    0.132E+00    0.809E-01    0.400E-02    0.403E-02    0.175E-02    0.175E-02    0.232E-03    0.232E-03    0.000E+00    0.000E+00
     5.187     0.437    0.383E+00    0.131E+00    0.802E-01    0.394E-02    0.398E-02    0.172E-02    0.172E-02    0.229E-03    0.229E-03    0.000E+00    0.000E+00
     5.187     0.438    0.381E+00    0.130E+00    0.795E-01    0.389E-02    0.392E-02    0.170E-02    0.170E-02    0.226E-03    0.226E-03    0.000E+00    0.000E+00
     5.187     0.439    0.380E+00    0.129E+00    0.788E-01    0.383E-02    0.387E-02    0.167E-02    0.167E-02    0.223E-03    0.223E-03    0.000E+00    0.000E+00
     5.187     0.440    0.378E+00    0.129E+00    0.781E-01    0.378E-02    0.381E-02    0.165E-02    0.165E-02    0.219E-03    0.219E-03    0.000E+00    0.000E+00
     5.187     0.441    0.376E+00    0.128E+00    0.774E-01    0.373E-02    0.376E-02    0.163E-02    0.163E-02    0.216E-03    0.216E-03    0.000E+00    0.000E+00
     5.187     0.442    0.375E+00    0.127E+00    0.767E-01    0.368E-02    0.371E-02    0.160E-02    0.160E-02    0.213E-03    0.213E-03    0.000E+00    0.000E+00
     5.187     0.443    0.373E+00    0.126E+00    0.761E-01    0.363E-02    0.365E-02    0.158E-02    0.158E-02    0.210E-03    0.210E-03    0.000E+00    0.000E+00
     5.187     0.444    0.371E+00    0.125E+00    0.754E-01    0.357E-02    0.360E-02    0.156E-02    0.156E-02    0.208E-03    0.208E-03    0.000E+00    0.000E+00
     5.187     0.445    0.370E+00    0.124E+00    0.747E-01    0.353E-02    0.355E-02    0.154E-02    0.154E-02    0.205E-03    0.205E-03    0.000E+00    0.000E+00
     5.187     0.446    0.368E+00    0.123E+00    0.741E-01    0.348E-02    0.350E-02    0.152E-02    0.152E-02    0.202E-03    0.202E-03    0.000E+00    0.000E+00
     5.187     0.447    0.367E+00    0.122E+00    0.734E-01    0.343E-02    0.345E-02    0.150E-02    0.150E-02    0.199E-03    0.199E-03    0.000E+00    0.000E+00
     5.187     0.448    0.365E+00    0.122E+00    0.728E-01    0.338E-02    0.340E-02    0.147E-02    0.147E-02    0.196E-03    0.196E-03    0.000E+00    0.000E+00
     5.187     0.449    0.363E+00    0.121E+00    0.721E-01    0.333E-02    0.335E-02    0.145E-02    0.145E-02    0.193E-03    0.193E-03    0.000E+00    0.000E+00
     5.187     0.450    0.362E+00    0.120E+00    0.715E-01    0.328E-02    0.331E-02    0.143E-02    0.143E-02    0.191E-03    0.191E-03    0.000E+00    0.000E+00
     5.187     0.451    0.360E+00    0.119E+00    0.708E-01    0.324E-02    0.326E-02    0.141E-02    0.141E-02    0.188E-03    0.188E-03    0.000E+00    0.000E+00
     5.187     0.452    0.359E+00    0.118E+00    0.702E-01    0.319E-02    0.321E-02    0.139E-02    0.139E-02    0.185E-03    0.185E-03    0.000E+00    0.000E+00
     5.187     0.453    0.357E+00    0.117E+00    0.695E-01    0.315E-02    0.317E-02    0.137E-02    0.137E-02    0.183E-03    0.183E-03    0.000E+00    0.000E+00
     5.187     0.454    0.355E+00    0.116E+00    0.689E-01    0.310E-02    0.312E-02    0.135E-02    0.135E-02    0.180E-03    0.180E-03    0.000E+00    0.000E+00
     5.187     0.455    0.354E+00    0.116E+00    0.683E-01    0.306E-02    0.308E-02    0.133E-02    0.133E-02    0.177E-03    0.177E-03    0.000E+00    0.000E+00
     5.187     0.456    0.352E+00    0.115E+00    0.677E-01    0.301E-02    0.303E-02    0.131E-02    0.131E-02    0.175E-03    0.175E-03    0.000E+00    0.000E+00
     5.187     0.457    0.351E+00    0.114E+00    0.671E-01    0.297E-02    0.299E-02    0.130E-02    0.130E-02    0.172E-03    0.172E-03    0.000E+00    0.000E+00
     5.187     0.458    0.349E+00    0.113E+00    0.664E-01    0.293E-02    0.294E-02    0.128E-02    0.128E-02    0.170E-03    0.170E-03    0.000E+00    0.000E+00
     5.187     0.459    0.347E+00    0.112E+00    0.658E-01    0.289E-02    0.290E-02    0.126E-02    0.126E-02    0.167E-03    0.167E-03    0.000E+00    0.000E+00
     5.187     0.460    0.346E+00    0.111E+00    0.652E-01    0.284E-02    0.286E-02    0.124E-02    0.124E-02    0.165E-03    0.165E-03    0.000E+00    0.000E+00
     5.187     0.461    0.344E+00    0.111E+00    0.646E-01    0.280E-02    0.282E-02    0.122E-02    0.122E-02    0.162E-03    0.162E-03    0.000E+00    0.000E+00
     5.187     0.462    0.343E+00    0.110E+00    0.640E-01    0.276E-02    0.278E-02    0.120E-02    0.120E-02    0.160E-03    0.160E-03    0.000E+00    0.000E+00
     5.187     0.463    0.341E+00    0.109E+00    0.634E-01    0.272E-02    0.273E-02    0.119E-02    0.119E-02    0.158E-03    0.158E-03    0.000E+00    0.000E+00
     5.187     0.464    0.340E+00    0.108E+00    0.628E-01    0.268E-02    0.269E-02    0.117E-02    0.117E-02    0.155E-03    0.155E-03    0.000E+00    0.000E+00
     5.187     0.465    0.338E+00    0.107E+00    0.623E-01    0.264E-02    0.265E-02    0.115E-02    0.115E-02    0.153E-03    0.153E-03    0.000E+00    0.000E+00
     5.187     0.466    0.336E+00    0.106E+00    0.617E-01    0.260E-02    0.262E-02    0.113E-02    0.113E-02    0.151E-03    0.151E-03    0.000E+00    0.000E+00
     5.187     0.467    0.335E+00    0.106E+00    0.611E-01    0.257E-02    0.258E-02    0.112E-02    0.112E-02    0.149E-03    0.149E-03    0.000E+00    0.000E+00
     5.187     0.468    0.333E+00    0.105E+00    0.605E-01    0.253E-02    0.254E-02    0.110E-02    0.110E-02    0.146E-03    0.146E-03    0.000E+00    0.000E+00
     5.187     0.469    0.332E+00    0.104E+00    0.600E-01    0.249E-02    0.250E-02    0.109E-02    0.109E-02    0.144E-03    0.144E-03    0.000E+00    0.000E+00
     5.187     0.470    0.330E+00    0.103E+00    0.594E-01    0.245E-02    0.246E-02    0.107E-02    0.107E-02    0.142E-03    0.142E-03    0.000E+00    0.000E+00
     5.187     0.471    0.329E+00    0.102E+00    0.588E-01    0.242E-02    0.243E-02    0.105E-02    0.105E-02    0.140E-03    0.140E-03    0.000E+00    0.000E+00
     5.187     0.472    0.327E+00    0.102E+00    0.583E-01    0.238E-02    0.239E-02    0.104E-02    0.104E-02    0.138E-03    0.138E-03    0.000E+00    0.000E+00
     5.187     0.473    0.325E+00    0.101E+00    0.577E-01    0.235E-02    0.236E-02    0.102E-02    0.102E-02    0.136E-03    0.136E-03    0.000E+00    0.000E+00
     5.187     0.474    0.324E+00    0.100E+00    0.572E-01    0.231E-02    0.232E-02    0.101E-02    0.101E-02    0.134E-03    0.134E-03    0.000E+00    0.000E+00
     5.187     0.475    0.322E+00    0.993E-01    0.566E-01    0.228E-02    0.229E-02    0.992E-03    0.992E-03    0.132E-03    0.132E-03    0.000E+00    0.000E+00
     5.187     0.476    0.321E+00    0.986E-01    0.561E-01    0.224E-02    0.225E-02    0.977E-03    0.977E-03    0.130E-03    0.130E-03    0.000E+00    0.000E+00
     5.187     0.477    0.319E+00    0.978E-01    0.556E-01    0.221E-02    0.222E-02    0.962E-03    0.962E-03    0.128E-03    0.128E-03    0.000E+00    0.000E+00
     5.187     0.478    0.318E+00    0.970E-01    0.550E-01    0.218E-02    0.218E-02    0.948E-03    0.948E-03    0.126E-03    0.126E-03    0.000E+00    0.000E+00
     5.187     0.479    0.316E+00    0.963E-01    0.545E-01    0.214E-02    0.215E-02    0.933E-03    0.933E-03    0.124E-03    0.124E-03    0.000E+00    0.000E+00
     5.187     0.480    0.314E+00    0.955E-01    0.540E-01    0.211E-02    0.212E-02    0.919E-03    0.919E-03    0.122E-03    0.122E-03    0.000E+00    0.000E+00
     5.187     0.481    0.313E+00    0.947E-01    0.534E-01    0.208E-02    0.209E-02    0.905E-03    0.905E-03    0.120E-03    0.120E-03    0.000E+00    0.000E+00
     5.187     0.482    0.311E+00    0.940E-01    0.529E-01    0.205E-02    0.205E-02    0.891E-03    0.891E-03    0.118E-03    0.118E-03    0.000E+00    0.000E+00
     5.187     0.483    0.310E+00    0.932E-01    0.524E-01    0.202E-02    0.202E-02    0.878E-03    0.878E-03    0.116E-03    0.116E-03    0.000E+00    0.000E+00
     5.187     0.484    0.308E+00    0.925E-01    0.519E-01    0.199E-02    0.199E-02    0.864E-03    0.864E-03    0.115E-03    0.115E-03    0.000E+00    0.000E+00
     5.187     0.485    0.307E+00    0.917E-01    0.514E-01    0.196E-02    0.196E-02    0.851E-03    0.851E-03    0.113E-03    0.113E-03    0.000E+00    0.000E+00
     5.187     0.486    0.305E+00    0.910E-01    0.509E-01    0.193E-02    0.193E-02    0.838E-03    0.838E-03    0.111E-03    0.111E-03    0.000E+00    0.000E+00
     5.187     0.487    0.304E+00    0.902E-01    0.504E-01    0.190E-02    0.190E-02    0.825E-03    0.825E-03    0.109E-03    0.109E-03    0.000E+00    0.000E+00
     5.187     0.488    0.302E+00    0.895E-01    0.499E-01    0.187E-02    0.187E-02    0.812E-03    0.812E-03    0.108E-03    0.108E-03    0.000E+00    0.000E+00
     5.187     0.489    0.301E+00    0.888E-01    0.494E-01    0.184E-02    0.184E-02    0.799E-03    0.799E-03    0.106E-03    0.106E-03    0.000E+00    0.000E+00
     5.187     0.490    0.299E+00    0.880E-01    0.489E-01    0.181E-02    0.181E-02    0.787E-03    0.787E-03    0.104E-03    0.104E-03    0.000E+00    0.000E+00
     5.187     0.491    0.298E+00    0.873E-01    0.484E-01    0.178E-02    0.179E-02    0.775E-03    0.775E-03    0.103E-03    0.103E-03    0.000E+00    0.000E+00
     5.187     0.492    0.296E+00    0.866E-01    0.479E-01    0.175E-02    0.176E-02    0.763E-03    0.763E-03    0.101E-03    0.101E-03    0.000E+00    0.000E+00
     5.187     0.493    0.295E+00    0.859E-01    0.475E-01    0.173E-02    0.173E-02    0.751E-03    0.751E-03    0.993E-04    0.993E-04    0.000E+00    0.000E+00
     5.187     0.494    0.293E+00    0.852E-01    0.470E-01    0.170E-02    0.170E-02    0.739E-03    0.739E-03    0.977E-04    0.977E-04    0.000E+00    0.000E+00
     5.187     0.495    0.291E+00    0.845E-01    0.465E-01    0.167E-02    0.168E-02    0.728E-03    0.728E-03    0.961E-04    0.961E-04    0.000E+00    0.000E+00
     5.187     0.496    0.290E+00    0.838E-01    0.460E-01    0.165E-02    0.165E-02    0.716E-03    0.716E-03    0.946E-04    0.946E-04    0.000E+00    0.000E+00
     5.187     0.497    0.288E+00    0.831E-01    0.456E-01    0.162E-02    0.162E-02    0.705E-03    0.705E-03    0.931E-04    0.931E-04    0.000E+00    0.000E+00
     5.187     0.498    0.287E+00    0.824E-01    0.451E-01    0.160E-02    0.160E-02    0.694E-03    0.694E-03    0.916E-04    0.916E-04    0.000E+00    0.000E+00
     5.187     0.499    0.285E+00    0.817E-01    0.447E-01    0.157E-02    0.157E-02    0.683E-03    0.683E-03    0.901E-04    0.901E-04    0.000E+00    0.000E+00
     5.187     0.500    0.284E+00    0.810E-01    0.442E-01    0.155E-02    0.155E-02    0.672E-03    0.672E-03    0.886E-04    0.886E-04    0.000E+00    0.000E+00
     5.187     0.501    0.282E+00    0.803E-01    0.438E-01    0.152E-02    0.152E-02    0.661E-03    0.661E-03    0.872E-04    0.872E-04    0.000E+00    0.000E+00
     5.187     0.502    0.281E+00    0.796E-01    0.433E-01    0.150E-02    0.150E-02    0.651E-03    0.651E-03    0.857E-04    0.857E-04    0.000E+00    0.000E+00
     5.187     0.503    0.279E+00    0.789E-01    0.429E-01    0.147E-02    0.147E-02    0.640E-03    0.640E-03    0.843E-04    0.843E-04    0.000E+00    0.000E+00
     5.187     0.504    0.278E+00    0.782E-01    0.424E-01    0.145E-02    0.145E-02    0.630E-03    0.630E-03    0.829E-04    0.829E-04    0.000E+00    0.000E+00
     5.187     0.505    0.277E+00    0.776E-01    0.420E-01    0.143E-02    0.143E-02    0.620E-03    0.620E-03    0.816E-04    0.816E-04    0.000E+00    0.000E+00
     5.187     0.506    0.275E+00    0.769E-01    0.415E-01    0.140E-02    0.140E-02    0.610E-03    0.610E-03    0.802E-04    0.802E-04    0.000E+00    0.000E+00
     5.187     0.507    0.274E+00    0.762E-01    0.411E-01    0.138E-02    0.138E-02    0.600E-03    0.600E-03    0.789E-04    0.789E-04    0.000E+00    0.000E+00
     5.187     0.508    0.272E+00    0.756E-01    0.407E-01    0.136E-02    0.136E-02    0.590E-03    0.590E-03    0.776E-04    0.776E-04    0.000E+00    0.000E+00
     5.187     0.509    0.271E+00    0.749E-01    0.403E-01    0.134E-02    0.134E-02    0.581E-03    0.581E-03    0.763E-04    0.763E-04    0.000E+00    0.000E+00
     5.187     0.510    0.269E+00    0.742E-01    0.398E-01    0.131E-02    0.132E-02    0.571E-03    0.571E-03    0.750E-04    0.750E-04    0.000E+00    0.000E+00
     5.187     0.511    0.268E+00    0.736E-01    0.394E-01    0.129E-02    0.129E-02    0.562E-03    0.562E-03    0.737E-04    0.737E-04    0.000E+00    0.000E+00
     5.187     0.512    0.266E+00    0.729E-01    0.390E-01    0.127E-02    0.127E-02    0.553E-03    0.553E-03    0.725E-04    0.725E-04    0.000E+00    0.000E+00
     5.187     0.513    0.265E+00    0.723E-01    0.386E-01    0.125E-02    0.125E-02    0.544E-03    0.544E-03    0.713E-04    0.713E-04    0.000E+00    0.000E+00
     5.187     0.514    0.263E+00    0.717E-01    0.382E-01    0.123E-02    0.123E-02    0.535E-03    0.535E-03    0.701E-04    0.701E-04    0.000E+00    0.000E+00
     5.187     0.515    0.262E+00    0.710E-01    0.378E-01    0.121E-02    0.121E-02    0.526E-03    0.526E-03    0.689E-04    0.689E-04    0.000E+00    0.000E+00
     5.187     0.516    0.260E+00    0.704E-01    0.374E-01    0.119E-02    0.119E-02    0.517E-03    0.517E-03    0.677E-04    0.677E-04    0.000E+00    0.000E+00
     5.187     0.517    0.259E+00    0.698E-01    0.370E-01    0.117E-02    0.117E-02    0.509E-03    0.509E-03    0.666E-04    0.666E-04    0.000E+00    0.000E+00
     5.187     0.518    0.257E+00    0.691E-01    0.366E-01    0.115E-02    0.115E-02    0.500E-03    0.500E-03    0.654E-04    0.654E-04    0.000E+00    0.000E+00
     5.187     0.519    0.256E+00    0.685E-01    0.362E-01    0.113E-02    0.113E-02    0.492E-03    0.492E-03    0.643E-04    0.643E-04    0.000E+00    0.000E+00
     5.187     0.520    0.255E+00    0.679E-01    0.358E-01    0.111E-02    0.112E-02    0.484E-03    0.484E-03    0.632E-04    0.632E-04    0.000E+00    0.000E+00
     5.187     0.521    0.253E+00    0.673E-01    0.354E-01    0.110E-02    0.110E-02    0.476E-03    0.476E-03    0.621E-04    0.621E-04    0.000E+00    0.000E+00
     5.187     0.522    0.252E+00    0.667E-01    0.350E-01    0.108E-02    0.108E-02    0.468E-03    0.468E-03    0.610E-04    0.610E-04    0.000E+00    0.000E+00
     5.187     0.523    0.250E+00    0.660E-01    0.346E-01    0.106E-02    0.106E-02    0.460E-03    0.460E-03    0.599E-04    0.599E-04    0.000E+00    0.000E+00
     5.187     0.524    0.249E+00    0.654E-01    0.343E-01    0.104E-02    0.104E-02    0.452E-03    0.452E-03    0.589E-04    0.589E-04    0.000E+00    0.000E+00
     5.187     0.525    0.247E+00    0.648E-01    0.339E-01    0.102E-02    0.102E-02    0.445E-03    0.445E-03    0.579E-04    0.579E-04    0.000E+00    0.000E+00
     5.187     0.526    0.246E+00    0.642E-01    0.335E-01    0.101E-02    0.101E-02    0.437E-03    0.437E-03    0.568E-04    0.568E-04    0.000E+00    0.000E+00
     5.187     0.527    0.245E+00    0.637E-01    0.332E-01    0.990E-03    0.991E-03    0.430E-03    0.430E-03    0.558E-04    0.558E-04    0.000E+00    0.000E+00
     5.187     0.528    0.243E+00    0.631E-01    0.328E-01    0.973E-03    0.974E-03    0.422E-03    0.422E-03    0.548E-04    0.548E-04    0.000E+00    0.000E+00
     5.187     0.529    0.242E+00    0.625E-01    0.324E-01    0.957E-03    0.957E-03    0.415E-03    0.415E-03    0.539E-04    0.539E-04    0.000E+00    0.000E+00
     5.187     0.530    0.240E+00    0.619E-01    0.321E-01    0.941E-03    0.941E-03    0.408E-03    0.408E-03    0.529E-04    0.529E-04    0.000E+00    0.000E+00
     5.187     0.531    0.239E+00    0.613E-01    0.317E-01    0.924E-03    0.925E-03    0.401E-03    0.401E-03    0.520E-04    0.520E-04    0.000E+00    0.000E+00
     5.187     0.532    0.238E+00    0.607E-01    0.314E-01    0.909E-03    0.909E-03    0.394E-03    0.394E-03    0.510E-04    0.510E-04    0.000E+00    0.000E+00
     5.187     0.533    0.236E+00    0.602E-01    0.310E-01    0.893E-03    0.894E-03    0.387E-03    0.387E-03    0.501E-04    0.501E-04    0.000E+00    0.000E+00
     5.187     0.534    0.235E+00    0.596E-01    0.307E-01    0.878E-03    0.878E-03    0.381E-03    0.381E-03    0.492E-04    0.492E-04    0.000E+00    0.000E+00
     5.187     0.535    0.233E+00    0.590E-01    0.303E-01    0.863E-03    0.863E-03    0.374E-03    0.374E-03    0.483E-04    0.483E-04    0.000E+00    0.000E+00
     5.187     0.536    0.232E+00    0.585E-01    0.300E-01    0.848E-03    0.848E-03    0.368E-03    0.368E-03    0.475E-04    0.475E-04    0.000E+00    0.000E+00
     5.187     0.537    0.231E+00    0.579E-01    0.296E-01    0.833E-03    0.834E-03    0.361E-03    0.361E-03    0.466E-04    0.466E-04    0.000E+00    0.000E+00
     5.187     0.538    0.229E+00    0.574E-01    0.293E-01    0.819E-03    0.819E-03    0.355E-03    0.355E-03    0.457E-04    0.457E-04    0.000E+00    0.000E+00
     5.187     0.539    0.228E+00    0.568E-01    0.290E-01    0.805E-03    0.805E-03    0.349E-03    0.349E-03    0.449E-04    0.449E-04    0.000E+00    0.000E+00
     5.187     0.540    0.226E+00    0.563E-01    0.286E-01    0.791E-03    0.791E-03    0.343E-03    0.343E-03    0.441E-04    0.441E-04    0.000E+00    0.000E+00
     5.187     0.541    0.225E+00    0.557E-01    0.283E-01    0.777E-03    0.777E-03    0.337E-03    0.337E-03    0.433E-04    0.433E-04    0.000E+00    0.000E+00
     5.187     0.542    0.224E+00    0.552E-01    0.280E-01    0.764E-03    0.764E-03    0.331E-03    0.331E-03    0.425E-04    0.425E-04    0.000E+00    0.000E+00
     5.187     0.543    0.222E+00    0.547E-01    0.277E-01    0.750E-03    0.750E-03    0.325E-03    0.325E-03    0.417E-04    0.417E-04    0.000E+00    0.000E+00
     5.187     0.544    0.221E+00    0.541E-01    0.273E-01    0.737E-03    0.737E-03    0.319E-03    0.319E-03    0.409E-04    0.409E-04    0.000E+00    0.000E+00
     5.187     0.545    0.220E+00    0.536E-01    0.270E-01    0.724E-03    0.724E-03    0.314E-03    0.314E-03    0.401E-04    0.401E-04    0.000E+00    0.000E+00
     5.187     0.546    0.218E+00    0.531E-01    0.267E-01    0.711E-03    0.711E-03    0.308E-03    0.308E-03    0.394E-04    0.394E-04    0.000E+00    0.000E+00
     5.187     0.547    0.217E+00    0.525E-01    0.264E-01    0.698E-03    0.699E-03    0.303E-03    0.303E-03    0.386E-04    0.386E-04    0.000E+00    0.000E+00
     5.187     0.548    0.216E+00    0.520E-01    0.261E-01    0.686E-03    0.686E-03    0.297E-03    0.297E-03    0.379E-04    0.379E-04    0.000E+00    0.000E+00
     5.187     0.549    0.214E+00    0.515E-01    0.258E-01    0.674E-03    0.674E-03    0.292E-03    0.292E-03    0.372E-04    0.372E-04    0.000E+00    0.000E+00
     5.187     0.550    0.213E+00    0.510E-01    0.255E-01    0.662E-03    0.662E-03    0.287E-03    0.287E-03    0.365E-04    0.365E-04    0.000E+00    0.000E+00
     5.187     0.551    0.212E+00    0.505E-01    0.252E-01    0.650E-03    0.650E-03    0.281E-03    0.281E-03    0.358E-04    0.358E-04    0.000E+00    0.000E+00
     5.187     0.552    0.210E+00    0.500E-01    0.249E-01    0.638E-03    0.638E-03    0.276E-03    0.276E-03    0.351E-04    0.351E-04    0.000E+00    0.000E+00
     5.187     0.553    0.209E+00    0.495E-01    0.246E-01    0.627E-03    0.627E-03    0.271E-03    0.271E-03    0.344E-04    0.344E-04    0.000E+00    0.000E+00
     5.187     0.554    0.208E+00    0.490E-01    0.243E-01    0.615E-03    0.616E-03    0.266E-03    0.266E-03    0.338E-04    0.338E-04    0.000E+00    0.000E+00
     5.187     0.555    0.206E+00    0.485E-01    0.240E-01    0.604E-03    0.604E-03    0.262E-03    0.262E-03    0.331E-04    0.331E-04    0.000E+00    0.000E+00
     5.187     0.556    0.205E+00    0.480E-01    0.237E-01    0.593E-03    0.594E-03    0.257E-03    0.257E-03    0.325E-04    0.325E-04    0.000E+00    0.000E+00
     5.187     0.557    0.204E+00    0.475E-01    0.234E-01    0.583E-03    0.583E-03    0.252E-03    0.252E-03    0.318E-04    0.318E-04    0.000E+00    0.000E+00
     5.187     0.558    0.202E+00    0.470E-01    0.232E-01    0.572E-03    0.572E-03    0.248E-03    0.248E-03    0.312E-04    0.312E-04    0.000E+00    0.000E+00
     5.187     0.559    0.201E+00    0.466E-01    0.229E-01    0.562E-03    0.562E-03    0.243E-03    0.243E-03    0.306E-04    0.306E-04    0.000E+00    0.000E+00
     5.187     0.560    0.200E+00    0.461E-01    0.226E-01    0.551E-03    0.552E-03    0.239E-03    0.239E-03    0.300E-04    0.300E-04    0.000E+00    0.000E+00
     5.187     0.561    0.199E+00    0.456E-01    0.223E-01    0.541E-03    0.541E-03    0.234E-03    0.234E-03    0.294E-04    0.294E-04    0.000E+00    0.000E+00
     5.187     0.562    0.197E+00    0.452E-01    0.221E-01    0.531E-03    0.532E-03    0.230E-03    0.230E-03    0.288E-04    0.288E-04    0.000E+00    0.000E+00
     5.187     0.563    0.196E+00    0.447E-01    0.218E-01    0.522E-03    0.522E-03    0.226E-03    0.226E-03    0.283E-04    0.283E-04    0.000E+00    0.000E+00
     5.187     0.564    0.195E+00    0.442E-01    0.215E-01    0.512E-03    0.512E-03    0.221E-03    0.221E-03    0.277E-04    0.277E-04    0.000E+00    0.000E+00
     5.187     0.565    0.193E+00    0.438E-01    0.213E-01    0.503E-03    0.503E-03    0.217E-03    0.217E-03    0.271E-04    0.271E-04    0.000E+00    0.000E+00
     5.187     0.566    0.192E+00    0.433E-01    0.210E-01    0.493E-03    0.493E-03    0.213E-03    0.213E-03    0.266E-04    0.266E-04    0.000E+00    0.000E+00
     5.187     0.567    0.191E+00    0.429E-01    0.207E-01    0.484E-03    0.484E-03    0.209E-03    0.209E-03    0.261E-04    0.261E-04    0.000E+00    0.000E+00
     5.187     0.568    0.190E+00    0.424E-01    0.205E-01    0.475E-03    0.475E-03    0.205E-03    0.205E-03    0.255E-04    0.255E-04    0.000E+00    0.000E+00
     5.187     0.569    0.188E+00    0.420E-01    0.202E-01    0.466E-03    0.466E-03    0.201E-03    0.201E-03    0.250E-04    0.250E-04    0.000E+00    0.000E+00
     5.187     0.570    0.187E+00    0.415E-01    0.200E-01    0.457E-03    0.457E-03    0.198E-03    0.198E-03    0.245E-04    0.245E-04    0.000E+00    0.000E+00
     5.187     0.571    0.186E+00    0.411E-01    0.197E-01    0.449E-03    0.449E-03    0.194E-03    0.194E-03    0.240E-04    0.240E-04    0.000E+00    0.000E+00
     5.187     0.572    0.185E+00    0.407E-01    0.195E-01    0.440E-03    0.440E-03    0.190E-03    0.190E-03    0.235E-04    0.235E-04    0.000E+00    0.000E+00
     5.187     0.573    0.183E+00    0.402E-01    0.192E-01    0.432E-03    0.432E-03    0.187E-03    0.187E-03    0.230E-04    0.230E-04    0.000E+00    0.000E+00
     5.187     0.574    0.182E+00    0.398E-01    0.190E-01    0.424E-03    0.424E-03    0.183E-03    0.183E-03    0.225E-04    0.225E-04    0.000E+00    0.000E+00
     5.187     0.575    0.181E+00    0.394E-01    0.188E-01    0.416E-03    0.416E-03    0.180E-03    0.180E-03    0.221E-04    0.221E-04    0.000E+00    0.000E+00
     5.187     0.576    0.180E+00    0.390E-01    0.185E-01    0.408E-03    0.408E-03    0.176E-03    0.176E-03    0.216E-04    0.216E-04    0.000E+00    0.000E+00
     5.187     0.577    0.178E+00    0.385E-01    0.183E-01    0.400E-03    0.400E-03    0.173E-03    0.173E-03    0.212E-04    0.212E-04    0.000E+00    0.000E+00
     5.187     0.578    0.177E+00    0.381E-01    0.180E-01    0.392E-03    0.392E-03    0.169E-03    0.169E-03    0.207E-04    0.207E-04    0.000E+00    0.000E+00
     5.187     0.579    0.176E+00    0.377E-01    0.178E-01    0.385E-03    0.385E-03    0.166E-03    0.166E-03    0.203E-04    0.203E-04    0.000E+00    0.000E+00
     5.187     0.580    0.175E+00    0.373E-01    0.176E-01    0.377E-03    0.377E-03    0.163E-03    0.163E-03    0.199E-04    0.199E-04    0.000E+00    0.000E+00
     5.187     0.581    0.174E+00    0.369E-01    0.174E-01    0.370E-03    0.370E-03    0.160E-03    0.160E-03    0.194E-04    0.194E-04    0.000E+00    0.000E+00
     5.187     0.582    0.172E+00    0.365E-01    0.171E-01    0.363E-03    0.363E-03    0.157E-03    0.157E-03    0.190E-04    0.190E-04    0.000E+00    0.000E+00
     5.187     0.583    0.171E+00    0.361E-01    0.169E-01    0.356E-03    0.356E-03    0.154E-03    0.154E-03    0.186E-04    0.186E-04    0.000E+00    0.000E+00
     5.187     0.584    0.170E+00    0.357E-01    0.167E-01    0.349E-03    0.349E-03    0.151E-03    0.151E-03    0.182E-04    0.182E-04    0.000E+00    0.000E+00
     5.187     0.585    0.169E+00    0.353E-01    0.165E-01    0.342E-03    0.342E-03    0.148E-03    0.148E-03    0.178E-04    0.178E-04    0.000E+00    0.000E+00
     5.187     0.586    0.168E+00    0.349E-01    0.163E-01    0.336E-03    0.336E-03    0.145E-03    0.145E-03    0.174E-04    0.174E-04    0.000E+00    0.000E+00
     5.187     0.587    0.166E+00    0.345E-01    0.160E-01    0.329E-03    0.329E-03    0.142E-03    0.142E-03    0.171E-04    0.171E-04    0.000E+00    0.000E+00
     5.187     0.588    0.165E+00    0.342E-01    0.158E-01    0.323E-03    0.323E-03    0.139E-03    0.139E-03    0.167E-04    0.167E-04    0.000E+00    0.000E+00
     5.187     0.589    0.164E+00    0.338E-01    0.156E-01    0.316E-03    0.316E-03    0.136E-03    0.136E-03    0.163E-04    0.163E-04    0.000E+00    0.000E+00
     5.187     0.590    0.163E+00    0.334E-01    0.154E-01    0.310E-03    0.310E-03    0.134E-03    0.134E-03    0.160E-04    0.160E-04    0.000E+00    0.000E+00
     5.187     0.591    0.162E+00    0.330E-01    0.152E-01    0.304E-03    0.304E-03    0.131E-03    0.131E-03    0.156E-04    0.156E-04    0.000E+00    0.000E+00
     5.187     0.592    0.161E+00    0.327E-01    0.150E-01    0.298E-03    0.298E-03    0.128E-03    0.128E-03    0.153E-04    0.153E-04    0.000E+00    0.000E+00
     5.187     0.593    0.159E+00    0.323E-01    0.148E-01    0.292E-03    0.292E-03    0.126E-03    0.126E-03    0.149E-04    0.149E-04    0.000E+00    0.000E+00
     5.187     0.594    0.158E+00    0.319E-01    0.146E-01    0.286E-03    0.286E-03    0.123E-03    0.123E-03    0.146E-04    0.146E-04    0.000E+00    0.000E+00
     5.187     0.595    0.157E+00    0.316E-01    0.144E-01    0.280E-03    0.280E-03    0.121E-03    0.121E-03    0.143E-04    0.143E-04    0.000E+00    0.000E+00
     5.187     0.596    0.156E+00    0.312E-01    0.142E-01    0.275E-03    0.275E-03    0.118E-03    0.118E-03    0.139E-04    0.139E-04    0.000E+00    0.000E+00
     5.187     0.597    0.155E+00    0.309E-01    0.140E-01    0.269E-03    0.269E-03    0.116E-03    0.116E-03    0.136E-04    0.136E-04    0.000E+00    0.000E+00
     5.187     0.598    0.154E+00    0.305E-01    0.138E-01    0.264E-03    0.264E-03    0.113E-03    0.113E-03    0.133E-04    0.133E-04    0.000E+00    0.000E+00
     5.187     0.599    0.153E+00    0.302E-01    0.137E-01    0.258E-03    0.258E-03    0.111E-03    0.111E-03    0.130E-04    0.130E-04    0.000E+00    0.000E+00
     5.187     0.600    0.151E+00    0.298E-01    0.135E-01    0.253E-03    0.253E-03    0.109E-03    0.109E-03    0.127E-04    0.127E-04    0.000E+00    0.000E+00
     5.187     0.601    0.150E+00    0.295E-01    0.133E-01    0.248E-03    0.248E-03    0.107E-03    0.107E-03    0.124E-04    0.124E-04    0.000E+00    0.000E+00
     5.187     0.602    0.149E+00    0.291E-01    0.131E-01    0.243E-03    0.243E-03    0.104E-03    0.104E-03    0.121E-04    0.121E-04    0.000E+00    0.000E+00
     5.187     0.603    0.148E+00    0.288E-01    0.129E-01    0.238E-03    0.238E-03    0.102E-03    0.102E-03    0.119E-04    0.119E-04    0.000E+00    0.000E+00
     5.187     0.604    0.147E+00    0.285E-01    0.127E-01    0.233E-03    0.233E-03    0.100E-03    0.100E-03    0.116E-04    0.116E-04    0.000E+00    0.000E+00
     5.187     0.605    0.146E+00    0.281E-01    0.126E-01    0.228E-03    0.228E-03    0.981E-04    0.981E-04    0.113E-04    0.113E-04    0.000E+00    0.000E+00
     5.187     0.606    0.145E+00    0.278E-01    0.124E-01    0.224E-03    0.224E-03    0.961E-04    0.961E-04    0.110E-04    0.110E-04    0.000E+00    0.000E+00
     5.187     0.607    0.144E+00    0.275E-01    0.122E-01    0.219E-03    0.219E-03    0.941E-04    0.941E-04    0.108E-04    0.108E-04    0.000E+00    0.000E+00
     5.187     0.608    0.143E+00    0.272E-01    0.120E-01    0.214E-03    0.214E-03    0.921E-04    0.921E-04    0.105E-04    0.105E-04    0.000E+00    0.000E+00
     5.187     0.609    0.142E+00    0.268E-01    0.119E-01    0.210E-03    0.210E-03    0.902E-04    0.902E-04    0.103E-04    0.103E-04    0.000E+00    0.000E+00
     5.187     0.610    0.140E+00    0.265E-01    0.117E-01    0.206E-03    0.206E-03    0.883E-04    0.883E-04    0.100E-04    0.100E-04    0.000E+00    0.000E+00
     5.187     0.611    0.139E+00    0.262E-01    0.115E-01    0.201E-03    0.201E-03    0.864E-04    0.864E-04    0.979E-05    0.979E-05    0.000E+00    0.000E+00
     5.187     0.612    0.138E+00    0.259E-01    0.114E-01    0.197E-03    0.197E-03    0.845E-04    0.845E-04    0.955E-05    0.955E-05    0.000E+00    0.000E+00
     5.187     0.613    0.137E+00    0.256E-01    0.112E-01    0.193E-03    0.193E-03    0.827E-04    0.827E-04    0.932E-05    0.932E-05    0.000E+00    0.000E+00
     5.187     0.614    0.136E+00    0.253E-01    0.111E-01    0.189E-03    0.189E-03    0.810E-04    0.810E-04    0.909E-05    0.909E-05    0.000E+00    0.000E+00
     5.187     0.615    0.135E+00    0.250E-01    0.109E-01    0.185E-03    0.185E-03    0.792E-04    0.792E-04    0.887E-05    0.887E-05    0.000E+00    0.000E+00
     5.187     0.616    0.134E+00    0.247E-01    0.107E-01    0.181E-03    0.181E-03    0.775E-04    0.775E-04    0.865E-05    0.865E-05    0.000E+00    0.000E+00
     5.187     0.617    0.133E+00    0.244E-01    0.106E-01    0.177E-03    0.177E-03    0.759E-04    0.759E-04    0.844E-05    0.844E-05    0.000E+00    0.000E+00
     5.187     0.618    0.132E+00    0.241E-01    0.104E-01    0.173E-03    0.173E-03    0.742E-04    0.742E-04    0.823E-05    0.823E-05    0.000E+00    0.000E+00
     5.187     0.619    0.131E+00    0.238E-01    0.103E-01    0.169E-03    0.170E-03    0.726E-04    0.726E-04    0.802E-05    0.802E-05    0.000E+00    0.000E+00
     5.187     0.620    0.130E+00    0.235E-01    0.101E-01    0.166E-03    0.166E-03    0.710E-04    0.710E-04    0.782E-05    0.782E-05    0.000E+00    0.000E+00
     5.187     0.621    0.129E+00    0.232E-01    0.999E-02    0.162E-03    0.162E-03    0.695E-04    0.695E-04    0.763E-05    0.763E-05    0.000E+00    0.000E+00
     5.187     0.622    0.128E+00    0.230E-01    0.984E-02    0.159E-03    0.159E-03    0.680E-04    0.680E-04    0.743E-05    0.743E-05    0.000E+00    0.000E+00
     5.187     0.623    0.127E+00    0.227E-01    0.970E-02    0.155E-03    0.155E-03    0.665E-04    0.665E-04    0.724E-05    0.724E-05    0.000E+00    0.000E+00
     5.187     0.624    0.126E+00    0.224E-01    0.955E-02    0.152E-03    0.152E-03    0.650E-04    0.650E-04    0.706E-05    0.706E-05    0.000E+00    0.000E+00
     5.187     0.625    0.125E+00    0.221E-01    0.941E-02    0.149E-03    0.149E-03    0.636E-04    0.636E-04    0.688E-05    0.688E-05    0.000E+00    0.000E+00
     5.187     0.626    0.124E+00    0.219E-01    0.927E-02    0.145E-03    0.145E-03    0.622E-04    0.622E-04    0.670E-05    0.670E-05    0.000E+00    0.000E+00
     5.187     0.627    0.123E+00    0.216E-01    0.914E-02    0.142E-03    0.142E-03    0.608E-04    0.608E-04    0.653E-05    0.653E-05    0.000E+00    0.000E+00
     5.187     0.628    0.122E+00    0.213E-01    0.900E-02    0.139E-03    0.139E-03    0.595E-04    0.595E-04    0.636E-05    0.636E-05    0.000E+00    0.000E+00
     5.187     0.629    0.121E+00    0.211E-01    0.887E-02    0.136E-03    0.136E-03    0.582E-04    0.582E-04    0.620E-05    0.620E-05    0.000E+00    0.000E+00
     5.187     0.630    0.120E+00    0.208E-01    0.873E-02    0.133E-03    0.133E-03    0.569E-04    0.569E-04    0.604E-05    0.604E-05    0.000E+00    0.000E+00
     5.187     0.631    0.119E+00    0.205E-01    0.860E-02    0.130E-03    0.130E-03    0.556E-04    0.556E-04    0.588E-05    0.588E-05    0.000E+00    0.000E+00
     5.187     0.632    0.118E+00    0.203E-01    0.847E-02    0.127E-03    0.127E-03    0.544E-04    0.544E-04    0.572E-05    0.572E-05    0.000E+00    0.000E+00
     5.187     0.633    0.117E+00    0.200E-01    0.834E-02    0.124E-03    0.124E-03    0.531E-04    0.531E-04    0.557E-05    0.557E-05    0.000E+00    0.000E+00
     5.187     0.634    0.116E+00    0.198E-01    0.822E-02    0.122E-03    0.122E-03    0.519E-04    0.519E-04    0.542E-05    0.542E-05    0.000E+00    0.000E+00
     5.187     0.635    0.115E+00    0.195E-01    0.809E-02    0.119E-03    0.119E-03    0.507E-04    0.507E-04    0.527E-05    0.527E-05    0.000E+00    0.000E+00
     5.187     0.636    0.114E+00    0.193E-01    0.797E-02    0.116E-03    0.116E-03    0.496E-04    0.496E-04    0.513E-05    0.513E-05    0.000E+00    0.000E+00
     5.187     0.637    0.113E+00    0.190E-01    0.784E-02    0.114E-03    0.114E-03    0.484E-04    0.484E-04    0.498E-05    0.498E-05    0.000E+00    0.000E+00
     5.187     0.638    0.112E+00    0.188E-01    0.772E-02    0.111E-03    0.111E-03    0.473E-04    0.473E-04    0.485E-05    0.485E-05    0.000E+00    0.000E+00
     5.187     0.639    0.111E+00    0.186E-01    0.760E-02    0.109E-03    0.109E-03    0.462E-04    0.462E-04    0.471E-05    0.471E-05    0.000E+00    0.000E+00
     5.187     0.640    0.110E+00    0.183E-01    0.748E-02    0.106E-03    0.106E-03    0.452E-04    0.452E-04    0.458E-05    0.458E-05    0.000E+00    0.000E+00
     5.187     0.641    0.109E+00    0.181E-01    0.737E-02    0.104E-03    0.104E-03    0.441E-04    0.441E-04    0.445E-05    0.445E-05    0.000E+00    0.000E+00
     5.187     0.642    0.108E+00    0.179E-01    0.725E-02    0.101E-03    0.101E-03    0.431E-04    0.431E-04    0.433E-05    0.433E-05    0.000E+00    0.000E+00
     5.187     0.643    0.107E+00    0.176E-01    0.714E-02    0.989E-04    0.989E-04    0.421E-04    0.421E-04    0.421E-05    0.421E-05    0.000E+00    0.000E+00
     5.187     0.644    0.106E+00    0.174E-01    0.703E-02    0.967E-04    0.967E-04    0.411E-04    0.411E-04    0.409E-05    0.409E-05    0.000E+00    0.000E+00
     5.187     0.645    0.105E+00    0.172E-01    0.692E-02    0.944E-04    0.944E-04    0.402E-04    0.402E-04    0.397E-05    0.397E-05    0.000E+00    0.000E+00
     5.187     0.646    0.105E+00    0.170E-01    0.681E-02    0.922E-04    0.922E-04    0.392E-04    0.392E-04    0.386E-05    0.386E-05    0.000E+00    0.000E+00
     5.187     0.647    0.104E+00    0.167E-01    0.670E-02    0.901E-04    0.901E-04    0.383E-04    0.383E-04    0.375E-05    0.375E-05    0.000E+00    0.000E+00
     5.187     0.648    0.103E+00    0.165E-01    0.659E-02    0.880E-04    0.880E-04    0.374E-04    0.374E-04    0.364E-05    0.364E-05    0.000E+00    0.000E+00
     5.187     0.649    0.102E+00    0.163E-01    0.649E-02    0.860E-04    0.860E-04    0.365E-04    0.365E-04    0.353E-05    0.353E-05    0.000E+00    0.000E+00
     5.187     0.650    0.101E+00    0.161E-01    0.638E-02    0.840E-04    0.840E-04    0.356E-04    0.356E-04    0.343E-05    0.343E-05    0.000E+00    0.000E+00
     5.187     0.651    0.100E+00    0.159E-01    0.628E-02    0.820E-04    0.820E-04    0.348E-04    0.348E-04    0.333E-05    0.333E-05    0.000E+00    0.000E+00
     5.187     0.652    0.991E-01    0.157E-01    0.618E-02    0.801E-04    0.801E-04    0.340E-04    0.340E-04    0.323E-05    0.323E-05    0.000E+00    0.000E+00
     5.187     0.653    0.983E-01    0.155E-01    0.608E-02    0.782E-04    0.782E-04    0.332E-04    0.332E-04    0.314E-05    0.314E-05    0.000E+00    0.000E+00
     5.187     0.654    0.974E-01    0.153E-01    0.598E-02    0.763E-04    0.763E-04    0.324E-04    0.324E-04    0.304E-05    0.304E-05    0.000E+00    0.000E+00
     5.187     0.655    0.965E-01    0.151E-01    0.588E-02    0.745E-04    0.745E-04    0.316E-04    0.316E-04    0.295E-05    0.295E-05    0.000E+00    0.000E+00
     5.187     0.656    0.956E-01    0.149E-01    0.579E-02    0.727E-04    0.727E-04    0.308E-04    0.308E-04    0.286E-05    0.286E-05    0.000E+00    0.000E+00
     5.187     0.657    0.948E-01    0.147E-01    0.569E-02    0.710E-04    0.710E-04    0.301E-04    0.301E-04    0.277E-05    0.277E-05    0.000E+00    0.000E+00
     5.187     0.658    0.939E-01    0.145E-01    0.560E-02    0.693E-04    0.693E-04    0.293E-04    0.293E-04    0.268E-05    0.268E-05    0.000E+00    0.000E+00
     5.187     0.659    0.931E-01    0.143E-01    0.551E-02    0.676E-04    0.676E-04    0.286E-04    0.286E-04    0.260E-05    0.260E-05    0.000E+00    0.000E+00
     5.187     0.660    0.922E-01    0.141E-01    0.541E-02    0.659E-04    0.659E-04    0.279E-04    0.279E-04    0.252E-05    0.252E-05    0.000E+00    0.000E+00
     5.187     0.661    0.914E-01    0.139E-01    0.532E-02    0.643E-04    0.643E-04    0.272E-04    0.272E-04    0.244E-05    0.244E-05    0.000E+00    0.000E+00
     5.187     0.662    0.905E-01    0.137E-01    0.524E-02    0.628E-04    0.628E-04    0.265E-04    0.265E-04    0.236E-05    0.236E-05    0.000E+00    0.000E+00
     5.187     0.663    0.897E-01    0.135E-01    0.515E-02    0.612E-04    0.612E-04    0.259E-04    0.259E-04    0.229E-05    0.229E-05    0.000E+00    0.000E+00
     5.187     0.664    0.888E-01    0.134E-01    0.506E-02    0.597E-04    0.597E-04    0.252E-04    0.252E-04    0.221E-05    0.221E-05    0.000E+00    0.000E+00
     5.187     0.665    0.880E-01    0.132E-01    0.498E-02    0.583E-04    0.583E-04    0.246E-04    0.246E-04    0.214E-05    0.214E-05    0.000E+00    0.000E+00
     5.187     0.666    0.872E-01    0.130E-01    0.489E-02    0.568E-04    0.568E-04    0.240E-04    0.240E-04    0.207E-05    0.207E-05    0.000E+00    0.000E+00
     5.187     0.667    0.864E-01    0.128E-01    0.481E-02    0.554E-04    0.554E-04    0.234E-04    0.234E-04    0.200E-05    0.200E-05    0.000E+00    0.000E+00
     5.187     0.668    0.856E-01    0.126E-01    0.473E-02    0.541E-04    0.541E-04    0.228E-04    0.228E-04    0.194E-05    0.194E-05    0.000E+00    0.000E+00
     5.187     0.669    0.848E-01    0.125E-01    0.465E-02    0.527E-04    0.527E-04    0.222E-04    0.222E-04    0.187E-05    0.187E-05    0.000E+00    0.000E+00
     5.187     0.670    0.839E-01    0.123E-01    0.457E-02    0.514E-04    0.514E-04    0.216E-04    0.216E-04    0.181E-05    0.181E-05    0.000E+00    0.000E+00
     5.187     0.671    0.831E-01    0.121E-01    0.449E-02    0.501E-04    0.501E-04    0.211E-04    0.211E-04    0.175E-05    0.175E-05    0.000E+00    0.000E+00
     5.187     0.672    0.824E-01    0.120E-01    0.441E-02    0.489E-04    0.489E-04    0.206E-04    0.206E-04    0.169E-05    0.169E-05    0.000E+00    0.000E+00
     5.187     0.673    0.816E-01    0.118E-01    0.433E-02    0.477E-04    0.477E-04    0.200E-04    0.200E-04    0.163E-05    0.163E-05    0.000E+00    0.000E+00
     5.187     0.674    0.808E-01    0.116E-01    0.426E-02    0.465E-04    0.465E-04    0.195E-04    0.195E-04    0.157E-05    0.157E-05    0.000E+00    0.000E+00
     5.187     0.675    0.800E-01    0.115E-01    0.419E-02    0.453E-04    0.453E-04    0.190E-04    0.190E-04    0.152E-05    0.152E-05    0.000E+00    0.000E+00
     5.187     0.676    0.792E-01    0.113E-01    0.411E-02    0.441E-04    0.441E-04    0.185E-04    0.185E-04    0.147E-05    0.147E-05    0.000E+00    0.000E+00
     5.187     0.677    0.784E-01    0.112E-01    0.404E-02    0.430E-04    0.430E-04    0.181E-04    0.181E-04    0.141E-05    0.141E-05    0.000E+00    0.000E+00
     5.187     0.678    0.777E-01    0.110E-01    0.397E-02    0.419E-04    0.419E-04    0.176E-04    0.176E-04    0.136E-05    0.136E-05    0.000E+00    0.000E+00
     5.187     0.679    0.769E-01    0.108E-01    0.390E-02    0.408E-04    0.408E-04    0.171E-04    0.171E-04    0.131E-05    0.131E-05    0.000E+00    0.000E+00
     5.187     0.680    0.762E-01    0.107E-01    0.383E-02    0.397E-04    0.397E-04    0.167E-04    0.167E-04    0.126E-05    0.126E-05    0.000E+00    0.000E+00
     5.187     0.681    0.754E-01    0.105E-01    0.376E-02    0.387E-04    0.387E-04    0.162E-04    0.162E-04    0.122E-05    0.122E-05    0.000E+00    0.000E+00
     5.187     0.682    0.747E-01    0.104E-01    0.369E-02    0.377E-04    0.377E-04    0.158E-04    0.158E-04    0.117E-05    0.117E-05    0.000E+00    0.000E+00
     5.187     0.683    0.739E-01    0.102E-01    0.363E-02    0.367E-04    0.367E-04    0.154E-04    0.154E-04    0.113E-05    0.113E-05    0.000E+00    0.000E+00
     5.187     0.684    0.732E-01    0.101E-01    0.356E-02    0.357E-04    0.357E-04    0.149E-04    0.149E-04    0.108E-05    0.108E-05    0.000E+00    0.000E+00
     5.187     0.685    0.724E-01    0.996E-02    0.350E-02    0.348E-04    0.348E-04    0.145E-04    0.145E-04    0.104E-05    0.104E-05    0.000E+00    0.000E+00
     5.187     0.686    0.717E-01    0.982E-02    0.343E-02    0.339E-04    0.339E-04    0.142E-04    0.142E-04    0.100E-05    0.100E-05    0.000E+00    0.000E+00
     5.187     0.687    0.710E-01    0.968E-02    0.337E-02    0.330E-04    0.330E-04    0.138E-04    0.138E-04    0.960E-06    0.960E-06    0.000E+00    0.000E+00
     5.187     0.688    0.702E-01    0.954E-02    0.331E-02    0.321E-04    0.321E-04    0.134E-04    0.134E-04    0.922E-06    0.922E-06    0.000E+00    0.000E+00
     5.187     0.689    0.695E-01    0.940E-02    0.325E-02    0.313E-04    0.313E-04    0.130E-04    0.130E-04    0.885E-06    0.885E-06    0.000E+00    0.000E+00
     5.187     0.690    0.688E-01    0.927E-02    0.319E-02    0.304E-04    0.304E-04    0.127E-04    0.127E-04    0.849E-06    0.849E-06    0.000E+00    0.000E+00
     5.187     0.691    0.681E-01    0.913E-02    0.313E-02    0.296E-04    0.296E-04    0.123E-04    0.123E-04    0.814E-06    0.814E-06    0.000E+00    0.000E+00
     5.187     0.692    0.674E-01    0.900E-02    0.307E-02    0.288E-04    0.288E-04    0.120E-04    0.120E-04    0.780E-06    0.780E-06    0.000E+00    0.000E+00
     5.187     0.693    0.667E-01    0.887E-02    0.302E-02    0.280E-04    0.280E-04    0.117E-04    0.117E-04    0.747E-06    0.747E-06    0.000E+00    0.000E+00
     5.187     0.694    0.660E-01    0.874E-02    0.296E-02    0.273E-04    0.273E-04    0.113E-04    0.113E-04    0.716E-06    0.716E-06    0.000E+00    0.000E+00
     5.187     0.695    0.653E-01    0.862E-02    0.290E-02    0.266E-04    0.266E-04    0.110E-04    0.110E-04    0.685E-06    0.685E-06    0.000E+00    0.000E+00
     5.187     0.696    0.646E-01    0.849E-02    0.285E-02    0.258E-04    0.258E-04    0.107E-04    0.107E-04    0.656E-06    0.656E-06    0.000E+00    0.000E+00
     5.187     0.697    0.640E-01    0.837E-02    0.280E-02    0.251E-04    0.251E-04    0.104E-04    0.104E-04    0.627E-06    0.627E-06    0.000E+00    0.000E+00
     5.187     0.698    0.633E-01    0.824E-02    0.274E-02    0.245E-04    0.245E-04    0.101E-04    0.101E-04    0.599E-06    0.599E-06    0.000E+00    0.000E+00
     5.187     0.699    0.626E-01    0.812E-02    0.269E-02    0.238E-04    0.238E-04    0.985E-05    0.985E-05    0.571E-06    0.571E-06    0.000E+00    0.000E+00
     5.187     0.700    0.619E-01    0.800E-02    0.264E-02    0.231E-04    0.231E-04    0.957E-05    0.957E-05    0.544E-06    0.544E-06    0.000E+00    0.000E+00
     5.187     0.701    0.613E-01    0.789E-02    0.259E-02    0.225E-04    0.225E-04    0.929E-05    0.929E-05    0.518E-06    0.518E-06    0.000E+00    0.000E+00
     5.187     0.702    0.606E-01    0.777E-02    0.254E-02    0.218E-04    0.218E-04    0.903E-05    0.903E-05    0.493E-06    0.493E-06    0.000E+00    0.000E+00
     5.187     0.703    0.600E-01    0.765E-02    0.249E-02    0.212E-04    0.212E-04    0.877E-05    0.877E-05    0.468E-06    0.468E-06    0.000E+00    0.000E+00
     5.187     0.704    0.593E-01    0.754E-02    0.244E-02    0.206E-04    0.206E-04    0.851E-05    0.851E-05    0.444E-06    0.444E-06    0.000E+00    0.000E+00
     5.187     0.705    0.587E-01    0.743E-02    0.239E-02    0.200E-04    0.200E-04    0.826E-05    0.826E-05    0.422E-06    0.422E-06    0.000E+00    0.000E+00
     5.187     0.706    0.580E-01    0.732E-02    0.235E-02    0.195E-04    0.195E-04    0.802E-05    0.802E-05    0.400E-06    0.400E-06    0.000E+00    0.000E+00
     5.187     0.707    0.574E-01    0.721E-02    0.230E-02    0.189E-04    0.189E-04    0.779E-05    0.779E-05    0.378E-06    0.378E-06    0.000E+00    0.000E+00
     5.187     0.708    0.568E-01    0.710E-02    0.226E-02    0.184E-04    0.184E-04    0.756E-05    0.756E-05    0.358E-06    0.358E-06    0.000E+00    0.000E+00
     5.187     0.709    0.561E-01    0.699E-02    0.221E-02    0.178E-04    0.178E-04    0.734E-05    0.734E-05    0.338E-06    0.338E-06    0.000E+00    0.000E+00
     5.187     0.710    0.555E-01    0.689E-02    0.217E-02    0.173E-04    0.173E-04    0.712E-05    0.712E-05    0.319E-06    0.319E-06    0.000E+00    0.000E+00
     5.187     0.711    0.549E-01    0.678E-02    0.213E-02    0.168E-04    0.168E-04    0.691E-05    0.691E-05    0.301E-06    0.301E-06    0.000E+00    0.000E+00
     5.187     0.712    0.543E-01    0.668E-02    0.208E-02    0.163E-04    0.163E-04    0.670E-05    0.670E-05    0.283E-06    0.283E-06    0.000E+00    0.000E+00
     5.187     0.713    0.537E-01    0.658E-02    0.204E-02    0.159E-04    0.159E-04    0.650E-05    0.650E-05    0.266E-06    0.266E-06    0.000E+00    0.000E+00
     5.187     0.714    0.531E-01    0.648E-02    0.200E-02    0.154E-04    0.154E-04    0.631E-05    0.631E-05    0.250E-06    0.250E-06    0.000E+00    0.000E+00
     5.187     0.715    0.524E-01    0.638E-02    0.196E-02    0.150E-04    0.150E-04    0.612E-05    0.612E-05    0.235E-06    0.235E-06    0.000E+00    0.000E+00
     5.187     0.716    0.519E-01    0.628E-02    0.192E-02    0.145E-04    0.145E-04    0.594E-05    0.594E-05    0.220E-06    0.220E-06    0.000E+00    0.000E+00
     5.187     0.717    0.513E-01    0.619E-02    0.188E-02    0.141E-04    0.141E-04    0.576E-05    0.576E-05    0.205E-06    0.205E-06    0.000E+00    0.000E+00
     5.187     0.718    0.507E-01    0.609E-02    0.184E-02    0.137E-04    0.137E-04    0.559E-05    0.559E-05    0.192E-06    0.192E-06    0.000E+00    0.000E+00
     5.187     0.719    0.501E-01    0.600E-02    0.181E-02    0.133E-04    0.133E-04    0.542E-05    0.542E-05    0.179E-06    0.179E-06    0.000E+00    0.000E+00
     5.187     0.720    0.495E-01    0.591E-02    0.177E-02    0.129E-04    0.129E-04    0.526E-05    0.526E-05    0.166E-06    0.166E-06    0.000E+00    0.000E+00
     5.187     0.721    0.489E-01    0.581E-02    0.173E-02    0.125E-04    0.125E-04    0.510E-05    0.510E-05    0.154E-06    0.154E-06    0.000E+00    0.000E+00
     5.187     0.722    0.484E-01    0.572E-02    0.170E-02    0.121E-04    0.121E-04    0.494E-05    0.494E-05    0.143E-06    0.143E-06    0.000E+00    0.000E+00
     5.187     0.723    0.478E-01    0.564E-02    0.166E-02    0.118E-04    0.118E-04    0.478E-05    0.478E-05    0.131E-06    0.131E-06    0.000E+00    0.000E+00
     5.187     0.724    0.472E-01    0.555E-02    0.163E-02    0.114E-04    0.114E-04    0.463E-05    0.463E-05    0.120E-06    0.120E-06    0.000E+00    0.000E+00
     5.187     0.725    0.467E-01    0.546E-02    0.159E-02    0.110E-04    0.110E-04    0.448E-05    0.448E-05    0.110E-06    0.110E-06    0.000E+00    0.000E+00
     5.187     0.726    0.461E-01    0.538E-02    0.156E-02    0.107E-04    0.107E-04    0.434E-05    0.434E-05    0.100E-06    0.100E-06    0.000E+00    0.000E+00
     5.187     0.727    0.456E-01    0.529E-02    0.153E-02    0.104E-04    0.104E-04    0.420E-05    0.420E-05    0.911E-07    0.911E-07    0.000E+00    0.000E+00
     5.187     0.728    0.450E-01    0.521E-02    0.149E-02    0.101E-04    0.101E-04    0.407E-05    0.407E-05    0.823E-07    0.823E-07    0.000E+00    0.000E+00
     5.187     0.729    0.445E-01    0.513E-02    0.146E-02    0.974E-05    0.974E-05    0.394E-05    0.394E-05    0.740E-07    0.740E-07    0.000E+00    0.000E+00
     5.187     0.730    0.439E-01    0.504E-02    0.143E-02    0.943E-05    0.943E-05    0.381E-05    0.381E-05    0.661E-07    0.661E-07    0.000E+00    0.000E+00
     5.187     0.731    0.434E-01    0.496E-02    0.140E-02    0.914E-05    0.914E-05    0.369E-05    0.369E-05    0.587E-07    0.587E-07    0.000E+00    0.000E+00
     5.187     0.732    0.429E-01    0.489E-02    0.137E-02    0.885E-05    0.885E-05    0.357E-05    0.357E-05    0.518E-07    0.518E-07    0.000E+00    0.000E+00
     5.187     0.733    0.424E-01    0.481E-02    0.134E-02    0.857E-05    0.857E-05    0.345E-05    0.345E-05    0.453E-07    0.453E-07    0.000E+00    0.000E+00
     5.187     0.734    0.418E-01    0.473E-02    0.131E-02    0.830E-05    0.830E-05    0.334E-05    0.334E-05    0.392E-07    0.392E-07    0.000E+00    0.000E+00
     5.187     0.735    0.413E-01    0.466E-02    0.128E-02    0.804E-05    0.804E-05    0.323E-05    0.323E-05    0.335E-07    0.335E-07    0.000E+00    0.000E+00
     5.187     0.736    0.408E-01    0.458E-02    0.126E-02    0.778E-05    0.778E-05    0.312E-05    0.312E-05    0.283E-07    0.283E-07    0.000E+00    0.000E+00
     5.187     0.737    0.403E-01    0.451E-02    0.123E-02    0.754E-05    0.754E-05    0.302E-05    0.302E-05    0.234E-07    0.234E-07    0.000E+00    0.000E+00
     5.187     0.738    0.398E-01    0.444E-02    0.120E-02    0.730E-05    0.730E-05    0.292E-05    0.292E-05    0.189E-07    0.189E-07    0.000E+00    0.000E+00
     5.187     0.739    0.393E-01    0.436E-02    0.117E-02    0.707E-05    0.707E-05    0.282E-05    0.282E-05    0.148E-07    0.148E-07    0.000E+00    0.000E+00
     5.187     0.740    0.388E-01    0.429E-02    0.115E-02    0.684E-05    0.684E-05    0.273E-05    0.273E-05    0.110E-07    0.110E-07    0.000E+00    0.000E+00
     5.187     0.741    0.383E-01    0.422E-02    0.112E-02    0.662E-05    0.662E-05    0.264E-05    0.264E-05    0.758E-08    0.758E-08    0.000E+00    0.000E+00
     5.187     0.742    0.378E-01    0.416E-02    0.110E-02    0.641E-05    0.641E-05    0.255E-05    0.255E-05    0.449E-08    0.449E-08    0.000E+00    0.000E+00
     5.187     0.743    0.373E-01    0.409E-02    0.107E-02    0.620E-05    0.620E-05    0.247E-05    0.247E-05    0.171E-08    0.171E-08    0.000E+00    0.000E+00
     5.187     0.744    0.368E-01    0.402E-02    0.105E-02    0.600E-05    0.600E-05    0.239E-05    0.239E-05    0.000E+00    0.000E+00    0.000E+00    0.000E+00
     5.187     0.745    0.364E-01    0.396E-02    0.103E-02    0.580E-05    0.580E-05    0.230E-05    0.230E-05    0.000E+00    0.000E+00    0.000E+00    0.000E+00
     5.187     0.746    0.359E-01    0.389E-02    0.100E-02    0.561E-05    0.561E-05    0.222E-05    0.222E-05    0.000E+00    0.000E+00    0.000E+00    0.000E+00
     5.187     0.747    0.354E-01    0.383E-02    0.980E-03    0.542E-05    0.542E-05    0.214E-05    0.214E-05    0.000E+00    0.000E+00    0.000E+00    0.000E+00
     5.187     0.748    0.350E-01    0.376E-02    0.957E-03    0.523E-05    0.523E-05    0.207E-05    0.207E-05    0.000E+00    0.000E+00    0.000E+00    0.000E+00
     5.187     0.749    0.345E-01    0.370E-02    0.935E-03    0.505E-05    0.505E-05    0.199E-05    0.199E-05    0.000E+00    0.000E+00    0.000E+00    0.000E+00
     5.187     0.750    0.341E-01    0.364E-02    0.913E-03    0.488E-05    0.488E-05    0.192E-05    0.192E-05    0.000E+00    0.000E+00    0.000E+00    0.000E+00
     5.187     0.751    0.336E-01    0.358E-02    0.892E-03    0.471E-05    0.471E-05    0.186E-05    0.186E-05    0.000E+00    0.000E+00    0.000E+00    0.000E+00
     5.187     0.752    0.332E-01    0.352E-02    0.871E-03    0.455E-05    0.455E-05    0.179E-05    0.179E-05    0.000E+00    0.000E+00    0.000E+00    0.000E+00
     5.187     0.753    0.327E-01    0.346E-02    0.851E-03    0.440E-05    0.440E-05    0.172E-05    0.172E-05    0.000E+00    0.000E+00    0.000E+00    0.000E+00
     5.187     0.754    0.323E-01    0.340E-02    0.831E-03    0.424E-05    0.424E-05    0.166E-05    0.166E-05    0.000E+00    0.000E+00    0.000E+00    0.000E+00
     5.187     0.755    0.318E-01    0.335E-02    0.812E-03    0.410E-05    0.410E-05    0.160E-05    0.160E-05    0.000E+00    0.000E+00    0.000E+00    0.000E+00
     5.187     0.756    0.314E-01    0.329E-02    0.792E-03    0.395E-05    0.395E-05    0.154E-05    0.154E-05    0.000E+00    0.000E+00    0.000E+00    0.000E+00
     5.187     0.757    0.310E-01    0.323E-02    0.774E-03    0.382E-05    0.382E-05    0.149E-05    0.149E-05    0.000E+00    0.000E+00    0.000E+00    0.000E+00
     5.187     0.758    0.305E-01    0.318E-02    0.755E-03    0.368E-05    0.368E-05    0.143E-05    0.143E-05    0.000E+00    0.000E+00    0.000E+00    0.000E+00
     5.187     0.759    0.301E-01    0.313E-02    0.737E-03    0.355E-05    0.355E-05    0.138E-05    0.138E-05    0.000E+00    0.000E+00    0.000E+00    0.000E+00
     5.187     0.760    0.297E-01    0.307E-02    0.719E-03    0.343E-05    0.343E-05    0.133E-05    0.133E-05    0.000E+00    0.000E+00    0.000E+00    0.000E+00
     5.187     0.761    0.293E-01    0.302E-02    0.702E-03    0.331E-05    0.331E-05    0.128E-05    0.128E-05    0.000E+00    0.000E+00    0.000E+00    0.000E+00
     5.187     0.762    0.289E-01    0.297E-02    0.685E-03    0.319E-05    0.319E-05    0.123E-05    0.123E-05    0.000E+00    0.000E+00    0.000E+00    0.000E+00
     5.187     0.763    0.285E-01    0.292E-02    0.669E-03    0.308E-05    0.308E-05    0.119E-05    0.119E-05    0.000E+00    0.000E+00    0.000E+00    0.000E+00
     5.187     0.764    0.281E-01    0.287E-02    0.652E-03    0.297E-05    0.297E-05    0.115E-05    0.115E-05    0.000E+00    0.000E+00    0.000E+00    0.000E+00
     5.187     0.765    0.277E-01    0.282E-02    0.636E-03    0.287E-05    0.287E-05    0.110E-05    0.110E-05    0.000E+00    0.000E+00    0.000E+00    0.000E+00
     5.187     0.766    0.273E-01    0.277E-02    0.621E-03    0.277E-05    0.277E-05    0.106E-05    0.106E-05    0.000E+00    0.000E+00    0.000E+00    0.000E+00
     5.187     0.767    0.269E-01    0.272E-02    0.606E-03    0.267E-05    0.267E-05    0.102E-05    0.102E-05    0.000E+00    0.000E+00    0.000E+00    0.000E+00
     5.187     0.768    0.265E-01    0.268E-02    0.590E-03    0.257E-05    0.257E-05    0.982E-06    0.982E-06    0.000E+00    0.000E+00    0.000E+00    0.000E+00
     5.187     0.769    0.261E-01    0.263E-02    0.576E-03    0.247E-05    0.247E-05    0.944E-06    0.944E-06    0.000E+00    0.000E+00    0.000E+00    0.000E+00
     5.187     0.770    0.257E-01    0.258E-02    0.561E-03    0.238E-05    0.238E-05    0.906E-06    0.906E-06    0.000E+00    0.000E+00    0.000E+00    0.000E+00
     5.187     0.771    0.254E-01    0.254E-02    0.547E-03    0.229E-05    0.229E-05    0.870E-06    0.870E-06    0.000E+00    0.000E+00    0.000E+00    0.000E+00
     5.187     0.772    0.250E-01    0.249E-02    0.533E-03    0.220E-05    0.220E-05    0.835E-06    0.835E-06    0.000E+00    0.000E+00    0.000E+00    0.000E+00
     5.187     0.773    0.246E-01    0.245E-02    0.520E-03    0.212E-05    0.212E-05    0.801E-06    0.801E-06    0.000E+00    0.000E+00    0.000E+00    0.000E+00
     5.187     0.774    0.243E-01    0.241E-02    0.506E-03    0.204E-05    0.204E-05    0.769E-06    0.769E-06    0.000E+00    0.000E+00    0.000E+00    0.000E+00
     5.187     0.775    0.239E-01    0.236E-02    0.493E-03    0.196E-05    0.196E-05    0.738E-06    0.738E-06    0.000E+00    0.000E+00    0.000E+00    0.000E+00
     5.187     0.776    0.235E-01    0.232E-02    0.481E-03    0.188E-05    0.188E-05    0.707E-06    0.707E-06    0.000E+00    0.000E+00    0.000E+00    0.000E+00
     5.187     0.777    0.232E-01    0.228E-02    0.468E-03    0.181E-05    0.181E-05    0.678E-06    0.678E-06    0.000E+00    0.000E+00    0.000E+00    0.000E+00
     5.187     0.778    0.228E-01    0.224E-02    0.456E-03    0.174E-05    0.174E-05    0.651E-06    0.651E-06    0.000E+00    0.000E+00    0.000E+00    0.000E+00
     5.187     0.779    0.225E-01    0.220E-02    0.444E-03    0.167E-05    0.167E-05    0.624E-06    0.624E-06    0.000E+00    0.000E+00    0.000E+00    0.000E+00
     5.187     0.780    0.222E-01    0.216E-02    0.433E-03    0.161E-05    0.161E-05    0.598E-06    0.598E-06    0.000E+00    0.000E+00    0.000E+00    0.000E+00
     5.187     0.781    0.218E-01    0.212E-02    0.421E-03    0.154E-05    0.154E-05    0.573E-06    0.573E-06    0.000E+00    0.000E+00    0.000E+00    0.000E+00
     5.187     0.782    0.215E-01    0.208E-02    0.410E-03    0.148E-05    0.148E-05    0.550E-06    0.550E-06    0.000E+00    0.000E+00    0.000E+00    0.000E+00
     5.187     0.783    0.211E-01    0.205E-02    0.399E-03    0.143E-05    0.143E-05    0.527E-06    0.527E-06    0.000E+00    0.000E+00    0.000E+00    0.000E+00
     5.187     0.784    0.208E-01    0.201E-02    0.389E-03    0.137E-05    0.137E-05    0.505E-06    0.505E-06    0.000E+00    0.000E+00    0.000E+00    0.000E+00
     5.187     0.785    0.205E-01    0.197E-02    0.378E-03    0.132E-05    0.132E-05    0.484E-06    0.484E-06    0.000E+00    0.000E+00    0.000E+00    0.000E+00
     5.187     0.786    0.202E-01    0.194E-02    0.368E-03    0.127E-05    0.127E-05    0.464E-06    0.464E-06    0.000E+00    0.000E+00    0.000E+00    0.000E+00
     5.187     0.787    0.198E-01    0.190E-02    0.358E-03    0.122E-05    0.122E-05    0.445E-06    0.445E-06    0.000E+00    0.000E+00    0.000E+00    0.000E+00
     5.187     0.788    0.195E-01    0.187E-02    0.349E-03    0.117E-05    0.117E-05    0.426E-06    0.426E-06    0.000E+00    0.000E+00    0.000E+00    0.000E+00
     5.187     0.789    0.192E-01    0.183E-02    0.339E-03    0.112E-05    0.112E-05    0.408E-06    0.408E-06    0.000E+00    0.000E+00    0.000E+00    0.000E+00
     5.187     0.790    0.189E-01    0.180E-02    0.330E-03    0.108E-05    0.108E-05    0.391E-06    0.391E-06    0.000E+00    0.000E+00    0.000E+00    0.000E+00
     5.187     0.791    0.186E-01    0.176E-02    0.321E-03    0.103E-05    0.103E-05    0.373E-06    0.373E-06    0.000E+00    0.000E+00    0.000E+00    0.000E+00
     5.187     0.792    0.183E-01    0.173E-02    0.312E-03    0.988E-06    0.988E-06    0.356E-06    0.356E-06    0.000E+00    0.000E+00    0.000E+00    0.000E+00
     5.187     0.793    0.180E-01    0.170E-02    0.303E-03    0.946E-06    0.946E-06    0.340E-06    0.340E-06    0.000E+00    0.000E+00    0.000E+00    0.000E+00
     5.187     0.794    0.177E-01    0.167E-02    0.295E-03    0.905E-06    0.905E-06    0.324E-06    0.324E-06    0.000E+00    0.000E+00    0.000E+00    0.000E+00
     5.187     0.795    0.174E-01    0.164E-02    0.287E-03    0.866E-06    0.866E-06    0.309E-06    0.309E-06    0.000E+00    0.000E+00    0.000E+00    0.000E+00
     5.187     0.796    0.171E-01    0.161E-02    0.278E-03    0.828E-06    0.828E-06    0.294E-06    0.294E-06    0.000E+00    0.000E+00    0.000E+00    0.000E+00
     5.187     0.797    0.168E-01    0.157E-02    0.271E-03    0.792E-06    0.792E-06    0.280E-06    0.280E-06    0.000E+00    0.000E+00    0.000E+00    0.000E+00
     5.187     0.798    0.166E-01    0.155E-02    0.263E-03    0.758E-06    0.758E-06    0.267E-06    0.267E-06    0.000E+00    0.000E+00    0.000E+00    0.000E+00
     5.187     0.799    0.163E-01    0.152E-02    0.255E-03    0.724E-06    0.724E-06    0.254E-06    0.254E-06    0.000E+00    0.000E+00    0.000E+00    0.000E+00
     5.187     0.800    0.160E-01    0.149E-02    0.248E-03    0.693E-06    0.693E-06    0.242E-06    0.242E-06    0.000E+00    0.000E+00    0.000E+00    0.000E+00
     5.187     0.801    0.157E-01    0.146E-02    0.241E-03    0.662E-06    0.662E-06    0.231E-06    0.231E-06    0.000E+00    0.000E+00    0.000E+00    0.000E+00
     5.187     0.802    0.155E-01    0.143E-02    0.234E-03    0.633E-06    0.633E-06    0.219E-06    0.219E-06    0.000E+00    0.000E+00    0.000E+00    0.000E+00
     5.187     0.803    0.152E-01    0.140E-02    0.227E-03    0.605E-06    0.605E-06    0.209E-06    0.209E-06    0.000E+00    0.000E+00    0.000E+00    0.000E+00
     5.187     0.804    0.149E-01    0.138E-02    0.221E-03    0.578E-06    0.578E-06    0.199E-06    0.199E-06    0.000E+00    0.000E+00    0.000E+00    0.000E+00
     5.187     0.805    0.147E-01    0.135E-02    0.214E-03    0.553E-06    0.553E-06    0.189E-06    0.189E-06    0.000E+00    0.000E+00    0.000E+00    0.000E+00
     5.187     0.806    0.144E-01    0.132E-02    0.208E-03    0.528E-06    0.528E-06    0.180E-06    0.180E-06    0.000E+00    0.000E+00    0.000E+00    0.000E+00
     5.187     0.807    0.142E-01    0.130E-02    0.202E-03    0.505E-06    0.505E-06    0.171E-06    0.171E-06    0.000E+00    0.000E+00    0.000E+00    0.000E+00
     5.187     0.808    0.139E-01    0.127E-02    0.196E-03    0.482E-06    0.482E-06    0.163E-06    0.163E-06    0.000E+00    0.000E+00    0.000E+00    0.000E+00
     5.187     0.809    0.137E-01    0.125E-02    0.190E-03    0.461E-06    0.461E-06    0.155E-06    0.155E-06    0.000E+00    0.000E+00    0.000E+00    0.000E+00
     5.187     0.810    0.134E-01    0.122E-02    0.184E-03    0.441E-06    0.441E-06    0.148E-06    0.148E-06    0.000E+00    0.000E+00    0.000E+00    0.000E+00
     5.187     0.811    0.132E-01    0.120E-02    0.179E-03    0.422E-06    0.422E-06    0.141E-06    0.141E-06    0.000E+00    0.000E+00    0.000E+00    0.000E+00
     5.187     0.812    0.129E-01    0.117E-02    0.173E-03    0.403E-06    0.403E-06    0.134E-06    0.134E-06    0.000E+00    0.000E+00    0.000E+00    0.000E+00
     5.187     0.813    0.127E-01    0.115E-02    0.168E-03    0.385E-06    0.385E-06    0.127E-06    0.127E-06    0.000E+00    0.000E+00    0.000E+00    0.000E+00
     5.187     0.814    0.125E-01    0.113E-02    0.163E-03    0.366E-06    0.366E-06    0.120E-06    0.120E-06    0.000E+00    0.000E+00    0.000E+00    0.000E+00
     5.187     0.815    0.122E-01    0.111E-02    0.158E-03    0.348E-06    0.348E-06    0.114E-06    0.114E-06    0.000E+00    0.000E+00    0.000E+00    0.000E+00
     5.187     0.816    0.120E-01    0.108E-02    0.153E-03    0.331E-06    0.331E-06    0.107E-06    0.107E-06    0.000E+00    0.000E+00    0.000E+00    0.000E+00
     5.187     0.817    0.118E-01    0.106E-02    0.148E-03    0.314E-06    0.314E-06    0.101E-06    0.101E-06    0.000E+00    0.000E+00    0.000E+00    0.000E+00
     5.187     0.818    0.116E-01    0.104E-02    0.144E-03    0.298E-06    0.298E-06    0.955E-07    0.955E-07    0.000E+00    0.000E+00    0.000E+00    0.000E+00
     5.187     0.819    0.113E-01    0.102E-02    0.139E-03    0.283E-06    0.283E-06    0.900E-07    0.900E-07    0.000E+00    0.000E+00    0.000E+00    0.000E+00
     5.187     0.820    0.111E-01    0.997E-03    0.135E-03    0.269E-06    0.269E-06    0.848E-07    0.848E-07    0.000E+00    0.000E+00    0.000E+00    0.000E+00
     5.187     0.821    0.109E-01    0.977E-03    0.130E-03    0.255E-06    0.255E-06    0.799E-07    0.799E-07    0.000E+00    0.000E+00    0.000E+00    0.000E+00
     5.187     0.822    0.107E-01    0.956E-03    0.126E-03    0.242E-06    0.242E-06    0.752E-07    0.752E-07    0.000E+00    0.000E+00    0.000E+00    0.000E+00
     5.187     0.823    0.105E-01    0.937E-03    0.122E-03    0.230E-06    0.230E-06    0.707E-07    0.707E-07    0.000E+00    0.000E+00    0.000E+00    0.000E+00
     5.187     0.824    0.103E-01    0.917E-03    0.118E-03    0.218E-06    0.218E-06    0.666E-07    0.666E-07    0.000E+00    0.000E+00    0.000E+00    0.000E+00
     5.187     0.825    0.101E-01    0.898E-03    0.114E-03    0.207E-06    0.207E-06    0.626E-07    0.626E-07    0.000E+00    0.000E+00    0.000E+00    0.000E+00
     5.187     0.826    0.990E-02    0.879E-03    0.111E-03    0.196E-06    0.196E-06    0.589E-07    0.589E-07    0.000E+00    0.000E+00    0.000E+00    0.000E+00
     5.187     0.827    0.970E-02    0.861E-03    0.107E-03    0.186E-06    0.186E-06    0.553E-07    0.553E-07    0.000E+00    0.000E+00    0.000E+00    0.000E+00
     5.187     0.828    0.951E-02    0.842E-03    0.104E-03    0.176E-06    0.176E-06    0.520E-07    0.520E-07    0.000E+00    0.000E+00    0.000E+00    0.000E+00
     5.187     0.829    0.932E-02    0.824E-03    0.100E-03    0.167E-06    0.167E-06    0.489E-07    0.489E-07    0.000E+00    0.000E+00    0.000E+00    0.000E+00
     5.187     0.830    0.913E-02    0.807E-03    0.969E-04    0.159E-06    0.159E-06    0.460E-07    0.460E-07    0.000E+00    0.000E+00    0.000E+00    0.000E+00
     5.187     0.831    0.894E-02    0.790E-03    0.937E-04    0.151E-06    0.151E-06    0.433E-07    0.433E-07    0.000E+00    0.000E+00    0.000E+00    0.000E+00
     5.187     0.832    0.876E-02    0.773E-03    0.906E-04    0.143E-06    0.143E-06    0.407E-07    0.407E-07    0.000E+00    0.000E+00    0.000E+00    0.000E+00
     5.187     0.833    0.858E-02    0.756E-03    0.875E-04    0.136E-06    0.136E-06    0.383E-07    0.383E-07    0.000E+00    0.000E+00    0.000E+00    0.000E+00
     5.187     0.834    0.840E-02    0.740E-03    0.846E-04    0.129E-06    0.129E-06    0.361E-07    0.361E-07    0.000E+00    0.000E+00    0.000E+00    0.000E+00
     5.187     0.835    0.823E-02    0.724E-03    0.818E-04    0.123E-06    0.123E-06    0.340E-07    0.340E-07    0.000E+00    0.000E+00    0.000E+00    0.000E+00
     5.187     0.836    0.805E-02    0.708E-03    0.790E-04    0.116E-06    0.116E-06    0.320E-07    0.320E-07    0.000E+00    0.000E+00    0.000E+00    0.000E+00
     5.187     0.837    0.788E-02    0.692E-03    0.763E-04    0.110E-06    0.110E-06    0.297E-07    0.297E-07    0.000E+00    0.000E+00    0.000E+00    0.000E+00
     5.187     0.838    0.771E-02    0.677E-03    0.736E-04    0.103E-06    0.103E-06    0.275E-07    0.275E-07    0.000E+00    0.000E+00    0.000E+00    0.000E+00
     5.187     0.839    0.755E-02    0.662E-03    0.710E-04    0.970E-07    0.970E-07    0.254E-07    0.254E-07    0.000E+00    0.000E+00    0.000E+00    0.000E+00
     5.187     0.840    0.739E-02    0.647E-03    0.685E-04    0.911E-07    0.911E-07    0.235E-07    0.235E-07    0.000E+00    0.000E+00    0.000E+00    0.000E+00
     5.187     0.841    0.723E-02    0.632E-03    0.661E-04    0.855E-07    0.855E-07    0.217E-07    0.217E-07    0.000E+00    0.000E+00    0.000E+00    0.000E+00
     5.187     0.842    0.707E-02    0.618E-03    0.637E-04    0.803E-07    0.803E-07    0.199E-07    0.199E-07    0.000E+00    0.000E+00    0.000E+00    0.000E+00
     5.187     0.843    0.691E-02    0.604E-03    0.614E-04    0.753E-07    0.753E-07    0.183E-07    0.183E-07    0.000E+00    0.000E+00    0.000E+00    0.000E+00
     5.187     0.844    0.676E-02    0.590E-03    0.592E-04    0.706E-07    0.706E-07    0.168E-07    0.168E-07    0.000E+00    0.000E+00    0.000E+00    0.000E+00
     5.187     0.845    0.661E-02    0.576E-03    0.570E-04    0.662E-07    0.662E-07    0.154E-07    0.154E-07    0.000E+00    0.000E+00    0.000E+00    0.000E+00
     5.187     0.846    0.646E-02    0.563E-03    0.550E-04    0.620E-07    0.620E-07    0.141E-07    0.141E-07    0.000E+00    0.000E+00    0.000E+00    0.000E+00
     5.187     0.847    0.631E-02    0.550E-03    0.530E-04    0.581E-07    0.581E-07    0.129E-07    0.129E-07    0.000E+00    0.000E+00    0.000E+00    0.000E+00
     5.187     0.848    0.617E-02    0.537E-03    0.510E-04    0.544E-07    0.544E-07    0.118E-07    0.118E-07    0.000E+00    0.000E+00    0.000E+00    0.000E+00
     5.187     0.849    0.603E-02    0.524E-03    0.491E-04    0.510E-07    0.510E-07    0.107E-07    0.107E-07    0.000E+00    0.000E+00    0.000E+00    0.000E+00
     5.187     0.850    0.589E-02    0.512E-03    0.473E-04    0.478E-07    0.478E-07    0.978E-08    0.978E-08    0.000E+00    0.000E+00    0.000E+00    0.000E+00
     5.187     0.851    0.575E-02    0.500E-03    0.456E-04    0.448E-07    0.448E-07    0.891E-08    0.891E-08    0.000E+00    0.000E+00    0.000E+00    0.000E+00
     5.187     0.852    0.562E-02    0.488E-03    0.439E-04    0.420E-07    0.420E-07    0.811E-08    0.811E-08    0.000E+00    0.000E+00    0.000E+00    0.000E+00
     5.187     0.853    0.549E-02    0.476E-03    0.422E-04    0.394E-07    0.394E-07    0.738E-08    0.738E-08    0.000E+00    0.000E+00    0.000E+00    0.000E+00
     5.187     0.854    0.536E-02    0.465E-03    0.407E-04    0.370E-07    0.370E-07    0.672E-08    0.672E-08    0.000E+00    0.000E+00    0.000E+00    0.000E+00
     5.187     0.855    0.523E-02    0.454E-03    0.391E-04    0.348E-07    0.348E-07    0.613E-08    0.613E-08    0.000E+00    0.000E+00    0.000E+00    0.000E+00
     5.187     0.856    0.510E-02    0.443E-03    0.377E-04    0.327E-07    0.327E-07    0.559E-08    0.559E-08    0.000E+00    0.000E+00    0.000E+00    0.000E+00
     5.187     0.857    0.498E-02    0.432E-03    0.362E-04    0.308E-07    0.308E-07    0.512E-08    0.512E-08    0.000E+00    0.000E+00    0.000E+00    0.000E+00
     5.187     0.858    0.486E-02    0.421E-03    0.349E-04    0.290E-07    0.290E-07    0.469E-08    0.469E-08    0.000E+00    0.000E+00    0.000E+00    0.000E+00
     5.187     0.859    0.474E-02    0.411E-03    0.336E-04    0.274E-07    0.274E-07    0.432E-08    0.432E-08    0.000E+00    0.000E+00    0.000E+00    0.000E+00
     5.187     0.860    0.462E-02    0.400E-03    0.322E-04    0.254E-07    0.254E-07    0.381E-08    0.381E-08    0.000E+00    0.000E+00    0.000E+00    0.000E+00
     5.187     0.861    0.450E-02    0.390E-03    0.309E-04    0.235E-07    0.235E-07    0.330E-08    0.330E-08    0.000E+00    0.000E+00    0.000E+00    0.000E+00
     5.187     0.862    0.439E-02    0.380E-03    0.297E-04    0.216E-07    0.216E-07    0.284E-08    0.284E-08    0.000E+00    0.000E+00    0.000E+00    0.000E+00
     5.187     0.863    0.428E-02    0.371E-03    0.285E-04    0.199E-07    0.199E-07    0.242E-08    0.242E-08    0.000E+00    0.000E+00    0.000E+00    0.000E+00
     5.187     0.864    0.417E-02    0.361E-03    0.273E-04    0.183E-07    0.183E-07    0.204E-08    0.204E-08    0.000E+00    0.000E+00    0.000E+00    0.000E+00
     5.187     0.865    0.406E-02    0.352E-03    0.262E-04    0.168E-07    0.168E-07    0.169E-08    0.169E-08    0.000E+00    0.000E+00    0.000E+00    0.000E+00
     5.187     0.866    0.396E-02    0.343E-03    0.251E-04    0.154E-07    0.154E-07    0.138E-08    0.138E-08    0.000E+00    0.000E+00    0.000E+00    0.000E+00
     5.187     0.867    0.385E-02    0.334E-03    0.240E-04    0.141E-07    0.141E-07    0.110E-08    0.110E-08    0.000E+00    0.000E+00    0.000E+00    0.000E+00
     5.187     0.868    0.375E-02    0.325E-03    0.230E-04    0.129E-07    0.129E-07    0.855E-09    0.855E-09    0.000E+00    0.000E+00    0.000E+00    0.000E+00
     5.187     0.869    0.365E-02    0.316E-03    0.221E-04    0.118E-07    0.118E-07    0.641E-09    0.641E-09    0.000E+00    0.000E+00    0.000E+00    0.000E+00
     5.187     0.870    0.355E-02    0.308E-03    0.211E-04    0.108E-07    0.108E-07    0.456E-09    0.456E-09    0.000E+00    0.000E+00    0.000E+00    0.000E+00
     5.187     0.871    0.346E-02    0.299E-03    0.202E-04    0.981E-08    0.981E-08    0.299E-09    0.299E-09    0.000E+00    0.000E+00    0.000E+00    0.000E+00
     5.187     0.872    0.336E-02    0.291E-03    0.194E-04    0.895E-08    0.895E-08    0.169E-09    0.169E-09    0.000E+00    0.000E+00    0.000E+00    0.000E+00
     5.187     0.873    0.327E-02    0.283E-03    0.186E-04    0.817E-08    0.817E-08    0.636E-10    0.636E-10    0.000E+00    0.000E+00    0.000E+00    0.000E+00
     5.187     0.874    0.318E-02    0.276E-03    0.178E-04    0.746E-08    0.746E-08    0.000E+00    0.000E+00    0.000E+00    0.000E+00    0.000E+00    0.000E+00
     5.187     0.875    0.309E-02    0.268E-03    0.170E-04    0.682E-08    0.682E-08    0.000E+00    0.000E+00    0.000E+00    0.000E+00    0.000E+00    0.000E+00
     5.187     0.876    0.300E-02    0.260E-03    0.163E-04    0.625E-08    0.625E-08    0.000E+00    0.000E+00    0.000E+00    0.000E+00    0.000E+00    0.000E+00
     5.187     0.877    0.292E-02    0.253E-03    0.156E-04    0.574E-08    0.574E-08    0.000E+00    0.000E+00    0.000E+00    0.000E+00    0.000E+00    0.000E+00
     5.187     0.878    0.283E-02    0.246E-03    0.149E-04    0.529E-08    0.529E-08    0.000E+00    0.000E+00    0.000E+00    0.000E+00    0.000E+00    0.000E+00
     5.187     0.879    0.275E-02    0.239E-03    0.143E-04    0.489E-08    0.489E-08    0.000E+00    0.000E+00    0.000E+00    0.000E+00    0.000E+00    0.000E+00
     5.187     0.880    0.267E-02    0.232E-03    0.136E-04    0.454E-08    0.454E-08    0.000E+00    0.000E+00    0.000E+00    0.000E+00    0.000E+00    0.000E+00
     5.187     0.881    0.259E-02    0.226E-03    0.131E-04    0.424E-08    0.424E-08    0.000E+00    0.000E+00    0.000E+00    0.000E+00    0.000E+00    0.000E+00
     5.187     0.882    0.252E-02    0.219E-03    0.125E-04    0.398E-08    0.398E-08    0.000E+00    0.000E+00    0.000E+00    0.000E+00    0.000E+00    0.000E+00
     5.187     0.883    0.244E-02    0.213E-03    0.119E-04    0.363E-08    0.363E-08    0.000E+00    0.000E+00    0.000E+00    0.000E+00    0.000E+00    0.000E+00
     5.187     0.884    0.237E-02    0.206E-03    0.114E-04    0.319E-08    0.319E-08    0.000E+00    0.000E+00    0.000E+00    0.000E+00    0.000E+00    0.000E+00
     5.187     0.885    0.230E-02    0.200E-03    0.108E-04    0.279E-08    0.279E-08    0.000E+00    0.000E+00    0.000E+00    0.000E+00    0.000E+00    0.000E+00
     5.187     0.886    0.223E-02    0.194E-03    0.103E-04    0.241E-08    0.241E-08    0.000E+00    0.000E+00    0.000E+00    0.000E+00    0.000E+00    0.000E+00
     5.187     0.887    0.216E-02    0.188E-03    0.980E-05    0.207E-08    0.207E-08    0.000E+00    0.000E+00    0.000E+00    0.000E+00    0.000E+00    0.000E+00
     5.187     0.888    0.209E-02    0.182E-03    0.932E-05    0.176E-08    0.176E-08    0.000E+00    0.000E+00    0.000E+00    0.000E+00    0.000E+00    0.000E+00
     5.187     0.889    0.202E-02    0.177E-03    0.887E-05    0.148E-08    0.148E-08    0.000E+00    0.000E+00    0.000E+00    0.000E+00    0.000E+00    0.000E+00
     5.187     0.890    0.196E-02    0.171E-03    0.843E-05    0.123E-08    0.123E-08    0.000E+00    0.000E+00    0.000E+00    0.000E+00    0.000E+00    0.000E+00
     5.187     0.891    0.189E-02    0.166E-03    0.801E-05    0.101E-08    0.101E-08    0.000E+00    0.000E+00    0.000E+00    0.000E+00    0.000E+00    0.000E+00
     5.187     0.892    0.183E-02    0.160E-03    0.761E-05    0.811E-09    0.811E-09    0.000E+00    0.000E+00    0.000E+00    0.000E+00    0.000E+00    0.000E+00
     5.187     0.893    0.177E-02    0.155E-03    0.723E-05    0.637E-09    0.637E-09    0.000E+00    0.000E+00    0.000E+00    0.000E+00    0.000E+00    0.000E+00
     5.187     0.894    0.171E-02    0.150E-03    0.687E-05    0.486E-09    0.486E-09    0.000E+00    0.000E+00    0.000E+00    0.000E+00    0.000E+00    0.000E+00
     5.187     0.895    0.166E-02    0.145E-03    0.652E-05    0.358E-09    0.358E-09    0.000E+00    0.000E+00    0.000E+00    0.000E+00    0.000E+00    0.000E+00
     5.187     0.896    0.160E-02    0.140E-03    0.619E-05    0.251E-09    0.251E-09    0.000E+00    0.000E+00    0.000E+00    0.000E+00    0.000E+00    0.000E+00
     5.187     0.897    0.155E-02    0.136E-03    0.588E-05    0.164E-09    0.164E-09    0.000E+00    0.000E+00    0.000E+00    0.000E+00    0.000E+00    0.000E+00
     5.187     0.898    0.149E-02    0.131E-03    0.558E-05    0.950E-10    0.950E-10    0.000E+00    0.000E+00    0.000E+00    0.000E+00    0.000E+00    0.000E+00
     5.187     0.899    0.144E-02    0.127E-03    0.530E-05    0.433E-10    0.433E-10    0.000E+00    0.000E+00    0.000E+00    0.000E+00    0.000E+00    0.000E+00
     5.187     0.900    0.139E-02    0.122E-03    0.503E-05    0.766E-11    0.766E-11    0.000E+00    0.000E+00    0.000E+00    0.000E+00    0.000E+00    0.000E+00
     5.187     0.901    0.134E-02    0.118E-03    0.477E-05    0.000E+00    0.000E+00    0.000E+00    0.000E+00    0.000E+00    0.000E+00    0.000E+00    0.000E+00
     5.187     0.902    0.129E-02    0.114E-03    0.453E-05    0.000E+00    0.000E+00    0.000E+00    0.000E+00    0.000E+00    0.000E+00    0.000E+00    0.000E+00
     5.187     0.903    0.125E-02    0.110E-03    0.430E-05    0.000E+00    0.000E+00    0.000E+00    0.000E+00    0.000E+00    0.000E+00    0.000E+00    0.000E+00
     5.187     0.904    0.120E-02    0.106E-03    0.408E-05    0.000E+00    0.000E+00    0.000E+00    0.000E+00    0.000E+00    0.000E+00    0.000E+00    0.000E+00
     5.187     0.905    0.116E-02    0.102E-03    0.388E-05    0.245E-10    0.245E-10    0.000E+00    0.000E+00    0.000E+00    0.000E+00    0.000E+00    0.000E+00
     5.187     0.906    0.111E-02    0.987E-04    0.368E-05    0.453E-10    0.453E-10    0.000E+00    0.000E+00    0.000E+00    0.000E+00    0.000E+00    0.000E+00
     5.187     0.907    0.107E-02    0.950E-04    0.347E-05    0.000E+00    0.000E+00    0.000E+00    0.000E+00    0.000E+00    0.000E+00    0.000E+00    0.000E+00
     5.187     0.908    0.103E-02    0.915E-04    0.326E-05    0.000E+00    0.000E+00    0.000E+00    0.000E+00    0.000E+00    0.000E+00    0.000E+00    0.000E+00
     5.187     0.909    0.990E-03    0.880E-04    0.307E-05    0.000E+00    0.000E+00    0.000E+00    0.000E+00    0.000E+00    0.000E+00    0.000E+00    0.000E+00
     5.187     0.910    0.951E-03    0.847E-04    0.289E-05    0.000E+00    0.000E+00    0.000E+00    0.000E+00    0.000E+00    0.000E+00    0.000E+00    0.000E+00
     5.187     0.911    0.913E-03    0.814E-04    0.271E-05    0.000E+00    0.000E+00    0.000E+00    0.000E+00    0.000E+00    0.000E+00    0.000E+00    0.000E+00
     5.187     0.912    0.877E-03    0.782E-04    0.255E-05    0.000E+00    0.000E+00    0.000E+00    0.000E+00    0.000E+00    0.000E+00    0.000E+00    0.000E+00
     5.187     0.913    0.841E-03    0.751E-04    0.239E-05    0.000E+00    0.000E+00    0.000E+00    0.000E+00    0.000E+00    0.000E+00    0.000E+00    0.000E+00
     5.187     0.914    0.807E-03    0.721E-04    0.224E-05    0.000E+00    0.000E+00    0.000E+00    0.000E+00    0.000E+00    0.000E+00    0.000E+00    0.000E+00
     5.187     0.915    0.773E-03    0.692E-04    0.210E-05    0.000E+00    0.000E+00    0.000E+00    0.000E+00    0.000E+00    0.000E+00    0.000E+00    0.000E+00
     5.187     0.916    0.741E-03    0.664E-04    0.197E-05    0.000E+00    0.000E+00    0.000E+00    0.000E+00    0.000E+00    0.000E+00    0.000E+00    0.000E+00
     5.187     0.917    0.709E-03    0.637E-04    0.185E-05    0.000E+00    0.000E+00    0.000E+00    0.000E+00    0.000E+00    0.000E+00    0.000E+00    0.000E+00
     5.187     0.918    0.679E-03    0.610E-04    0.173E-05    0.000E+00    0.000E+00    0.000E+00    0.000E+00    0.000E+00    0.000E+00    0.000E+00    0.000E+00
     5.187     0.919    0.649E-03    0.584E-04    0.162E-05    0.000E+00    0.000E+00    0.000E+00    0.000E+00    0.000E+00    0.000E+00    0.000E+00    0.000E+00
     5.187     0.920    0.620E-03    0.559E-04    0.152E-05    0.000E+00    0.000E+00    0.000E+00    0.000E+00    0.000E+00    0.000E+00    0.000E+00    0.000E+00
     5.187     0.921    0.593E-03    0.535E-04    0.142E-05    0.000E+00    0.000E+00    0.000E+00    0.000E+00    0.000E+00    0.000E+00    0.000E+00    0.000E+00
     5.187     0.922    0.566E-03    0.512E-04    0.133E-05    0.000E+00    0.000E+00    0.000E+00    0.000E+00    0.000E+00    0.000E+00    0.000E+00    0.000E+00
     5.187     0.923    0.540E-03    0.489E-04    0.125E-05    0.000E+00    0.000E+00    0.000E+00    0.000E+00    0.000E+00    0.000E+00    0.000E+00    0.000E+00
     5.187     0.924    0.515E-03    0.467E-04    0.117E-05    0.000E+00    0.000E+00    0.000E+00    0.000E+00    0.000E+00    0.000E+00    0.000E+00    0.000E+00
     5.187     0.925    0.491E-03    0.446E-04    0.110E-05    0.000E+00    0.000E+00    0.000E+00    0.000E+00    0.000E+00    0.000E+00    0.000E+00    0.000E+00
     5.187     0.926    0.468E-03    0.425E-04    0.103E-05    0.000E+00    0.000E+00    0.000E+00    0.000E+00    0.000E+00    0.000E+00    0.000E+00    0.000E+00
     5.187     0.927    0.445E-03    0.406E-04    0.970E-06    0.000E+00    0.000E+00    0.000E+00    0.000E+00    0.000E+00    0.000E+00    0.000E+00    0.000E+00
     5.187     0.928    0.424E-03    0.386E-04    0.912E-06    0.000E+00    0.000E+00    0.000E+00    0.000E+00    0.000E+00    0.000E+00    0.000E+00    0.000E+00
     5.187     0.929    0.403E-03    0.368E-04    0.859E-06    0.000E+00    0.000E+00    0.000E+00    0.000E+00    0.000E+00    0.000E+00    0.000E+00    0.000E+00
     5.187     0.930    0.382E-03    0.350E-04    0.798E-06    0.000E+00    0.000E+00    0.000E+00    0.000E+00    0.000E+00    0.000E+00    0.000E+00    0.000E+00
     5.187     0.931    0.363E-03    0.332E-04    0.736E-06    0.000E+00    0.000E+00    0.000E+00    0.000E+00    0.000E+00    0.000E+00    0.000E+00    0.000E+00
     5.187     0.932    0.344E-03    0.316E-04    0.678E-06    0.000E+00    0.000E+00    0.000E+00    0.000E+00    0.000E+00    0.000E+00    0.000E+00    0.000E+00
     5.187     0.933    0.325E-03    0.299E-04    0.624E-06    0.000E+00    0.000E+00    0.000E+00    0.000E+00    0.000E+00    0.000E+00    0.000E+00    0.000E+00
     5.187     0.934    0.308E-03    0.284E-04    0.573E-06    0.000E+00    0.000E+00    0.000E+00    0.000E+00    0.000E+00    0.000E+00    0.000E+00    0.000E+00
     5.187     0.935    0.291E-03    0.269E-04    0.525E-06    0.000E+00    0.000E+00    0.000E+00    0.000E+00    0.000E+00    0.000E+00    0.000E+00    0.000E+00
     5.187     0.936    0.275E-03    0.254E-04    0.481E-06    0.000E+00    0.000E+00    0.000E+00    0.000E+00    0.000E+00    0.000E+00    0.000E+00    0.000E+00
     5.187     0.937    0.259E-03    0.240E-04    0.440E-06    0.000E+00    0.000E+00    0.000E+00    0.000E+00    0.000E+00    0.000E+00    0.000E+00    0.000E+00
     5.187     0.938    0.244E-03    0.227E-04    0.402E-06    0.000E+00    0.000E+00    0.000E+00    0.000E+00    0.000E+00    0.000E+00    0.000E+00    0.000E+00
     5.187     0.939    0.230E-03    0.214E-04    0.367E-06    0.000E+00    0.000E+00    0.000E+00    0.000E+00    0.000E+00    0.000E+00    0.000E+00    0.000E+00
     5.187     0.940    0.216E-03    0.202E-04    0.335E-06    0.000E+00    0.000E+00    0.000E+00    0.000E+00    0.000E+00    0.000E+00    0.000E+00    0.000E+00
     5.187     0.941    0.203E-03    0.190E-04    0.305E-06    0.000E+00    0.000E+00    0.000E+00    0.000E+00    0.000E+00    0.000E+00    0.000E+00    0.000E+00
     5.187     0.942    0.191E-03    0.178E-04    0.278E-06    0.000E+00    0.000E+00    0.000E+00    0.000E+00    0.000E+00    0.000E+00    0.000E+00    0.000E+00
     5.187     0.943    0.179E-03    0.168E-04    0.253E-06    0.000E+00    0.000E+00    0.000E+00    0.000E+00    0.000E+00    0.000E+00    0.000E+00    0.000E+00
     5.187     0.944    0.167E-03    0.157E-04    0.231E-06    0.000E+00    0.000E+00    0.000E+00    0.000E+00    0.000E+00    0.000E+00    0.000E+00    0.000E+00
     5.187     0.945    0.157E-03    0.147E-04    0.211E-06    0.000E+00    0.000E+00    0.000E+00    0.000E+00    0.000E+00    0.000E+00    0.000E+00    0.000E+00
     5.187     0.946    0.146E-03    0.138E-04    0.193E-06    0.000E+00    0.000E+00    0.000E+00    0.000E+00    0.000E+00    0.000E+00    0.000E+00    0.000E+00
     5.187     0.947    0.137E-03    0.129E-04    0.177E-06    0.000E+00    0.000E+00    0.000E+00    0.000E+00    0.000E+00    0.000E+00    0.000E+00    0.000E+00
     5.187     0.948    0.127E-03    0.120E-04    0.163E-06    0.000E+00    0.000E+00    0.000E+00    0.000E+00    0.000E+00    0.000E+00    0.000E+00    0.000E+00
     5.187     0.949    0.118E-03    0.112E-04    0.150E-06    0.000E+00    0.000E+00    0.000E+00    0.000E+00    0.000E+00    0.000E+00    0.000E+00    0.000E+00
     5.187     0.950    0.110E-03    0.104E-04    0.139E-06    0.000E+00    0.000E+00    0.000E+00    0.000E+00    0.000E+00    0.000E+00    0.000E+00    0.000E+00
     5.187     0.951    0.102E-03    0.970E-05    0.130E-06    0.000E+00    0.000E+00    0.000E+00    0.000E+00    0.000E+00    0.000E+00    0.000E+00    0.000E+00
     5.187     0.952    0.946E-04    0.900E-05    0.122E-06    0.000E+00    0.000E+00    0.000E+00    0.000E+00    0.000E+00    0.000E+00    0.000E+00    0.000E+00
     5.187     0.953    0.874E-04    0.833E-05    0.114E-06    0.595E-15    0.595E-15    0.000E+00    0.000E+00    0.000E+00    0.000E+00    0.000E+00    0.000E+00
     5.187     0.954    0.801E-04    0.765E-05    0.100E-06    0.393E-14    0.393E-14    0.000E+00    0.000E+00    0.000E+00    0.000E+00    0.000E+00    0.000E+00
     5.187     0.955    0.731E-04    0.700E-05    0.874E-07    0.739E-14    0.739E-14    0.000E+00    0.000E+00    0.000E+00    0.000E+00    0.000E+00    0.000E+00
     5.187     0.956    0.665E-04    0.639E-05    0.757E-07    0.109E-13    0.109E-13    0.000E+00    0.000E+00    0.000E+00    0.000E+00    0.000E+00    0.000E+00
     5.187     0.957    0.603E-04    0.581E-05    0.650E-07    0.146E-13    0.146E-13    0.000E+00    0.000E+00    0.000E+00    0.000E+00    0.000E+00    0.000E+00
     5.187     0.958    0.544E-04    0.526E-05    0.553E-07    0.183E-13    0.183E-13    0.000E+00    0.000E+00    0.000E+00    0.000E+00    0.000E+00    0.000E+00
     5.187     0.959    0.489E-04    0.474E-05    0.465E-07    0.221E-13    0.221E-13    0.000E+00    0.000E+00    0.000E+00    0.000E+00    0.000E+00    0.000E+00
     5.187     0.960    0.437E-04    0.425E-05    0.386E-07    0.259E-13    0.259E-13    0.000E+00    0.000E+00    0.000E+00    0.000E+00    0.000E+00    0.000E+00
     5.187     0.961    0.389E-04    0.379E-05    0.315E-07    0.298E-13    0.298E-13    0.000E+00    0.000E+00    0.000E+00    0.000E+00    0.000E+00    0.000E+00
     5.187     0.962    0.343E-04    0.336E-05    0.252E-07    0.336E-13    0.336E-13    0.000E+00    0.000E+00    0.000E+00    0.000E+00    0.000E+00    0.000E+00
     5.187     0.963    0.301E-04    0.296E-05    0.198E-07    0.375E-13    0.375E-13    0.000E+00    0.000E+00    0.000E+00    0.000E+00    0.000E+00    0.000E+00
     5.187     0.964    0.262E-04    0.258E-05    0.150E-07    0.413E-13    0.413E-13    0.000E+00    0.000E+00    0.000E+00    0.000E+00    0.000E+00    0.000E+00
     5.187     0.965    0.225E-04    0.223E-05    0.110E-07    0.450E-13    0.450E-13    0.000E+00    0.000E+00    0.000E+00    0.000E+00    0.000E+00    0.000E+00
     5.187     0.966    0.192E-04    0.191E-05    0.759E-08    0.487E-13    0.487E-13    0.000E+00    0.000E+00    0.000E+00    0.000E+00    0.000E+00    0.000E+00
     5.187     0.967    0.161E-04    0.161E-05    0.483E-08    0.523E-13    0.523E-13    0.000E+00    0.000E+00    0.000E+00    0.000E+00    0.000E+00    0.000E+00
     5.187     0.968    0.133E-04    0.133E-05    0.265E-08    0.558E-13    0.558E-13    0.000E+00    0.000E+00    0.000E+00    0.000E+00    0.000E+00    0.000E+00
     5.187     0.969    0.107E-04    0.108E-05    0.101E-08    0.591E-13    0.591E-13    0.000E+00    0.000E+00    0.000E+00    0.000E+00    0.000E+00    0.000E+00
     5.187     0.970    0.837E-05    0.850E-06    0.000E+00    0.623E-13    0.623E-13    0.000E+00    0.000E+00    0.000E+00    0.000E+00    0.000E+00    0.000E+00
     5.187     0.971    0.626E-05    0.640E-06    0.000E+00    0.654E-13    0.654E-13    0.000E+00    0.000E+00    0.000E+00    0.000E+00    0.000E+00    0.000E+00
     5.187     0.972    0.439E-05    0.451E-06    0.000E+00    0.683E-13    0.683E-13    0.000E+00    0.000E+00    0.000E+00    0.000E+00    0.000E+00    0.000E+00
     5.187     0.973    0.272E-05    0.281E-06    0.000E+00    0.710E-13    0.710E-13    0.000E+00    0.000E+00    0.000E+00    0.000E+00    0.000E+00    0.000E+00
     5.187     0.974    0.125E-05    0.131E-06    0.000E+00    0.735E-13    0.735E-13    0.000E+00    0.000E+00    0.000E+00    0.000E+00    0.000E+00    0.000E+00
     5.187     0.975    0.000E+00    0.000E+00    0.394E-09    0.757E-13    0.757E-13    0.000E+00    0.000E+00    0.000E+00    0.000E+00    0.000E+00    0.000E+00
     5.187     0.976    0.000E+00    0.000E+00    0.146E-08    0.777E-13    0.777E-13    0.000E+00    0.000E+00    0.000E+00    0.000E+00    0.000E+00    0.000E+00
     5.187     0.977    0.000E+00    0.000E+00    0.275E-08    0.794E-13    0.794E-13    0.000E+00    0.000E+00    0.000E+00    0.000E+00    0.000E+00    0.000E+00
     5.187     0.978    0.000E+00    0.000E+00    0.422E-08    0.808E-13    0.808E-13    0.000E+00    0.000E+00    0.000E+00    0.000E+00    0.000E+00    0.000E+00
     5.187     0.979    0.000E+00    0.000E+00    0.584E-08    0.820E-13    0.820E-13    0.000E+00    0.000E+00    0.000E+00    0.000E+00    0.000E+00    0.000E+00
     5.187     0.980    0.000E+00    0.000E+00    0.757E-08    0.828E-13    0.828E-13    0.000E+00    0.000E+00    0.000E+00    0.000E+00    0.000E+00    0.000E+00
     5.187     0.981    0.000E+00    0.000E+00    0.936E-08    0.832E-13    0.832E-13    0.000E+00    0.000E+00    0.000E+00    0.000E+00    0.000E+00    0.000E+00
     5.187     0.982    0.000E+00    0.000E+00    0.112E-07    0.833E-13    0.833E-13    0.000E+00    0.000E+00    0.000E+00    0.000E+00    0.000E+00    0.000E+00
     5.187     0.983    0.000E+00    0.000E+00    0.130E-07    0.830E-13    0.830E-13    0.000E+00    0.000E+00    0.000E+00    0.000E+00    0.000E+00    0.000E+00
     5.187     0.984    0.000E+00    0.000E+00    0.147E-07    0.823E-13    0.823E-13    0.000E+00    0.000E+00    0.000E+00    0.000E+00    0.000E+00    0.000E+00
     5.187     0.985    0.000E+00    0.000E+00    0.163E-07    0.811E-13    0.811E-13    0.000E+00    0.000E+00    0.000E+00    0.000E+00    0.000E+00    0.000E+00
     5.187     0.986    0.000E+00    0.000E+00    0.178E-07    0.796E-13    0.796E-13    0.000E+00    0.000E+00    0.000E+00    0.000E+00    0.000E+00    0.000E+00
     5.187     0.987    0.000E+00    0.000E+00    0.191E-07    0.775E-13    0.775E-13    0.000E+00    0.000E+00    0.000E+00    0.000E+00    0.000E+00    0.000E+00
     5.187     0.988    0.000E+00    0.000E+00    0.202E-07    0.750E-13    0.750E-13    0.000E+00    0.000E+00    0.000E+00    0.000E+00    0.000E+00    0.000E+00
     5.187     0.989    0.000E+00    0.000E+00    0.210E-07    0.720E-13    0.720E-13    0.000E+00    0.000E+00    0.000E+00    0.000E+00    0.000E+00    0.000E+00
     5.187     0.990    0.000E+00    0.000E+00    0.215E-07    0.685E-13    0.685E-13    0.000E+00    0.000E+00    0.000E+00    0.000E+00    0.000E+00    0.000E+00
     5.187     0.991    0.000E+00    0.000E+00    0.217E-07    0.644E-13    0.644E-13    0.000E+00    0.000E+00    0.000E+00    0.000E+00    0.000E+00    0.000E+00
     5.187     0.992    0.000E+00    0.000E+00    0.214E-07    0.597E-13    0.597E-13    0.000E+00    0.000E+00    0.000E+00    0.000E+00    0.000E+00    0.000E+00
     5.187     0.993    0.000E+00    0.000E+00    0.208E-07    0.545E-13    0.545E-13    0.000E+00    0.000E+00    0.000E+00    0.000E+00    0.000E+00    0.000E+00
     5.187     0.994    0.000E+00    0.000E+00    0.196E-07    0.487E-13    0.487E-13    0.000E+00    0.000E+00    0.000E+00    0.000E+00    0.000E+00    0.000E+00
     5.187     0.995    0.000E+00    0.000E+00    0.179E-07    0.422E-13    0.422E-13    0.000E+00    0.000E+00    0.000E+00    0.000E+00    0.000E+00    0.000E+00
     5.187     0.996    0.000E+00    0.000E+00    0.156E-07    0.352E-13    0.352E-13    0.000E+00    0.000E+00    0.000E+00    0.000E+00    0.000E+00    0.000E+00
     5.187     0.997    0.000E+00    0.000E+00    0.127E-07    0.274E-13    0.274E-13    0.000E+00    0.000E+00    0.000E+00    0.000E+00    0.000E+00    0.000E+00
     5.187     0.998    0.000E+00    0.000E+00    0.921E-08    0.190E-13    0.190E-13    0.000E+00    0.000E+00    0.000E+00    0.000E+00    0.000E+00    0.000E+00
     5.187     0.999    0.000E+00    0.000E+00    0.498E-08    0.985E-14    0.985E-14    0.000E+00    0.000E+00    0.000E+00    0.000E+00    0.000E+00    0.000E+00

