     Q**2          x         u           d           g          ub          db          sb          s          cb          c          bb          b
     3.793     0.001    0.447E+00    0.423E+00    0.387E+01    0.406E+00    0.412E+00    0.228E+00    0.228E+00    0.108E+00    0.108E+00    0.000E+00    0.000E+00
     3.793     0.002    0.412E+00    0.380E+00    0.368E+01    0.350E+00    0.359E+00    0.198E+00    0.198E+00    0.933E-01    0.933E-01    0.000E+00    0.000E+00
     3.793     0.003    0.399E+00    0.363E+00    0.360E+01    0.320E+00    0.332E+00    0.182E+00    0.182E+00    0.852E-01    0.852E-01    0.000E+00    0.000E+00
     3.793     0.004    0.395E+00    0.356E+00    0.357E+01    0.302E+00    0.315E+00    0.171E+00    0.171E+00    0.799E-01    0.799E-01    0.000E+00    0.000E+00
     3.793     0.005    0.394E+00    0.353E+00    0.354E+01    0.288E+00    0.303E+00    0.164E+00    0.164E+00    0.756E-01    0.756E-01    0.000E+00    0.000E+00
     3.793     0.006    0.395E+00    0.351E+00    0.352E+01    0.277E+00    0.293E+00    0.157E+00    0.157E+00    0.720E-01    0.720E-01    0.000E+00    0.000E+00
     3.793     0.007    0.397E+00    0.352E+00    0.350E+01    0.268E+00    0.286E+00    0.152E+00    0.152E+00    0.691E-01    0.691E-01    0.000E+00    0.000E+00
     3.793     0.008    0.399E+00    0.353E+00    0.347E+01    0.259E+00    0.278E+00    0.147E+00    0.147E+00    0.662E-01    0.662E-01    0.000E+00    0.000E+00
     3.793     0.009    0.403E+00    0.355E+00    0.346E+01    0.253E+00    0.272E+00    0.143E+00    0.143E+00    0.639E-01    0.639E-01    0.000E+00    0.000E+00
     3.793     0.010    0.406E+00    0.356E+00    0.344E+01    0.247E+00    0.266E+00    0.140E+00    0.140E+00    0.615E-01    0.615E-01    0.000E+00    0.000E+00
     3.793     0.011    0.410E+00    0.359E+00    0.342E+01    0.242E+00    0.262E+00    0.137E+00    0.137E+00    0.596E-01    0.596E-01    0.000E+00    0.000E+00
     3.793     0.012    0.414E+00    0.361E+00    0.340E+01    0.237E+00    0.257E+00    0.133E+00    0.133E+00    0.577E-01    0.577E-01    0.000E+00    0.000E+00
     3.793     0.013    0.418E+00    0.364E+00    0.338E+01    0.232E+00    0.253E+00    0.131E+00    0.131E+00    0.559E-01    0.559E-01    0.000E+00    0.000E+00
     3.793     0.014    0.422E+00    0.367E+00    0.336E+01    0.229E+00    0.250E+00    0.128E+00    0.128E+00    0.544E-01    0.544E-01    0.000E+00    0.000E+00
     3.793     0.015    0.426E+00    0.370E+00    0.333E+01    0.225E+00    0.246E+00    0.126E+00    0.126E+00    0.528E-01    0.528E-01    0.000E+00    0.000E+00
     3.793     0.016    0.431E+00    0.372E+00    0.331E+01    0.221E+00    0.243E+00    0.124E+00    0.124E+00    0.513E-01    0.513E-01    0.000E+00    0.000E+00
     3.793     0.017    0.435E+00    0.375E+00    0.329E+01    0.218E+00    0.240E+00    0.122E+00    0.122E+00    0.500E-01    0.500E-01    0.000E+00    0.000E+00
     3.793     0.018    0.439E+00    0.378E+00    0.327E+01    0.215E+00    0.237E+00    0.120E+00    0.120E+00    0.487E-01    0.487E-01    0.000E+00    0.000E+00
     3.793     0.019    0.443E+00    0.380E+00    0.324E+01    0.212E+00    0.234E+00    0.118E+00    0.118E+00    0.474E-01    0.474E-01    0.000E+00    0.000E+00
     3.793     0.020    0.448E+00    0.383E+00    0.322E+01    0.210E+00    0.231E+00    0.116E+00    0.116E+00    0.462E-01    0.462E-01    0.000E+00    0.000E+00
     3.793     0.021    0.452E+00    0.386E+00    0.320E+01    0.208E+00    0.229E+00    0.114E+00    0.114E+00    0.452E-01    0.452E-01    0.000E+00    0.000E+00
     3.793     0.022    0.456E+00    0.388E+00    0.317E+01    0.205E+00    0.226E+00    0.113E+00    0.113E+00    0.440E-01    0.440E-01    0.000E+00    0.000E+00
     3.793     0.023    0.460E+00    0.391E+00    0.315E+01    0.202E+00    0.223E+00    0.111E+00    0.111E+00    0.429E-01    0.429E-01    0.000E+00    0.000E+00
     3.793     0.024    0.464E+00    0.393E+00    0.312E+01    0.200E+00    0.221E+00    0.109E+00    0.109E+00    0.419E-01    0.419E-01    0.000E+00    0.000E+00
     3.793     0.025    0.468E+00    0.395E+00    0.310E+01    0.198E+00    0.219E+00    0.108E+00    0.108E+00    0.409E-01    0.409E-01    0.000E+00    0.000E+00
     3.793     0.026    0.473E+00    0.398E+00    0.308E+01    0.196E+00    0.217E+00    0.107E+00    0.107E+00    0.400E-01    0.400E-01    0.000E+00    0.000E+00
     3.793     0.027    0.476E+00    0.400E+00    0.305E+01    0.194E+00    0.215E+00    0.105E+00    0.105E+00    0.390E-01    0.390E-01    0.000E+00    0.000E+00
     3.793     0.028    0.480E+00    0.402E+00    0.303E+01    0.192E+00    0.212E+00    0.104E+00    0.104E+00    0.381E-01    0.381E-01    0.000E+00    0.000E+00
     3.793     0.029    0.484E+00    0.404E+00    0.300E+01    0.190E+00    0.210E+00    0.102E+00    0.102E+00    0.372E-01    0.372E-01    0.000E+00    0.000E+00
     3.793     0.030    0.488E+00    0.406E+00    0.297E+01    0.188E+00    0.209E+00    0.101E+00    0.101E+00    0.364E-01    0.364E-01    0.000E+00    0.000E+00
     3.793     0.031    0.492E+00    0.408E+00    0.295E+01    0.187E+00    0.207E+00    0.100E+00    0.100E+00    0.357E-01    0.357E-01    0.000E+00    0.000E+00
     3.793     0.032    0.496E+00    0.409E+00    0.293E+01    0.185E+00    0.205E+00    0.991E-01    0.991E-01    0.349E-01    0.349E-01    0.000E+00    0.000E+00
     3.793     0.033    0.499E+00    0.411E+00    0.290E+01    0.184E+00    0.204E+00    0.979E-01    0.979E-01    0.342E-01    0.342E-01    0.000E+00    0.000E+00
     3.793     0.034    0.503E+00    0.413E+00    0.287E+01    0.182E+00    0.202E+00    0.969E-01    0.969E-01    0.335E-01    0.335E-01    0.000E+00    0.000E+00
     3.793     0.035    0.506E+00    0.415E+00    0.285E+01    0.180E+00    0.200E+00    0.959E-01    0.959E-01    0.328E-01    0.328E-01    0.000E+00    0.000E+00
     3.793     0.036    0.510E+00    0.416E+00    0.282E+01    0.179E+00    0.199E+00    0.949E-01    0.949E-01    0.322E-01    0.322E-01    0.000E+00    0.000E+00
     3.793     0.037    0.514E+00    0.418E+00    0.280E+01    0.178E+00    0.197E+00    0.940E-01    0.940E-01    0.315E-01    0.315E-01    0.000E+00    0.000E+00
     3.793     0.038    0.517E+00    0.420E+00    0.277E+01    0.176E+00    0.196E+00    0.931E-01    0.931E-01    0.310E-01    0.310E-01    0.000E+00    0.000E+00
     3.793     0.039    0.520E+00    0.421E+00    0.274E+01    0.175E+00    0.195E+00    0.921E-01    0.921E-01    0.303E-01    0.303E-01    0.000E+00    0.000E+00
     3.793     0.040    0.524E+00    0.422E+00    0.272E+01    0.173E+00    0.193E+00    0.912E-01    0.912E-01    0.297E-01    0.297E-01    0.000E+00    0.000E+00
     3.793     0.041    0.527E+00    0.424E+00    0.269E+01    0.172E+00    0.192E+00    0.902E-01    0.902E-01    0.291E-01    0.291E-01    0.000E+00    0.000E+00
     3.793     0.042    0.530E+00    0.425E+00    0.267E+01    0.171E+00    0.190E+00    0.893E-01    0.893E-01    0.285E-01    0.285E-01    0.000E+00    0.000E+00
     3.793     0.043    0.533E+00    0.426E+00    0.264E+01    0.169E+00    0.189E+00    0.885E-01    0.885E-01    0.280E-01    0.280E-01    0.000E+00    0.000E+00
     3.793     0.044    0.536E+00    0.427E+00    0.262E+01    0.168E+00    0.188E+00    0.876E-01    0.876E-01    0.275E-01    0.275E-01    0.000E+00    0.000E+00
     3.793     0.045    0.539E+00    0.429E+00    0.259E+01    0.166E+00    0.187E+00    0.868E-01    0.868E-01    0.269E-01    0.269E-01    0.000E+00    0.000E+00
     3.793     0.046    0.542E+00    0.430E+00    0.257E+01    0.165E+00    0.186E+00    0.860E-01    0.860E-01    0.264E-01    0.264E-01    0.000E+00    0.000E+00
     3.793     0.047    0.545E+00    0.431E+00    0.254E+01    0.164E+00    0.184E+00    0.851E-01    0.851E-01    0.259E-01    0.259E-01    0.000E+00    0.000E+00
     3.793     0.048    0.548E+00    0.432E+00    0.252E+01    0.162E+00    0.183E+00    0.843E-01    0.843E-01    0.254E-01    0.254E-01    0.000E+00    0.000E+00
     3.793     0.049    0.551E+00    0.433E+00    0.250E+01    0.161E+00    0.182E+00    0.835E-01    0.835E-01    0.249E-01    0.249E-01    0.000E+00    0.000E+00
     3.793     0.050    0.554E+00    0.434E+00    0.247E+01    0.159E+00    0.181E+00    0.827E-01    0.827E-01    0.244E-01    0.244E-01    0.000E+00    0.000E+00
     3.793     0.051    0.556E+00    0.435E+00    0.245E+01    0.158E+00    0.180E+00    0.820E-01    0.820E-01    0.240E-01    0.240E-01    0.000E+00    0.000E+00
     3.793     0.052    0.559E+00    0.435E+00    0.242E+01    0.157E+00    0.179E+00    0.813E-01    0.813E-01    0.236E-01    0.236E-01    0.000E+00    0.000E+00
     3.793     0.053    0.562E+00    0.436E+00    0.240E+01    0.156E+00    0.178E+00    0.805E-01    0.805E-01    0.231E-01    0.231E-01    0.000E+00    0.000E+00
     3.793     0.054    0.565E+00    0.437E+00    0.238E+01    0.154E+00    0.177E+00    0.798E-01    0.798E-01    0.227E-01    0.227E-01    0.000E+00    0.000E+00
     3.793     0.055    0.567E+00    0.438E+00    0.235E+01    0.153E+00    0.176E+00    0.791E-01    0.791E-01    0.223E-01    0.223E-01    0.000E+00    0.000E+00
     3.793     0.056    0.570E+00    0.438E+00    0.233E+01    0.152E+00    0.175E+00    0.784E-01    0.784E-01    0.219E-01    0.219E-01    0.000E+00    0.000E+00
     3.793     0.057    0.572E+00    0.439E+00    0.231E+01    0.150E+00    0.174E+00    0.777E-01    0.777E-01    0.215E-01    0.215E-01    0.000E+00    0.000E+00
     3.793     0.058    0.574E+00    0.440E+00    0.228E+01    0.149E+00    0.173E+00    0.770E-01    0.770E-01    0.211E-01    0.211E-01    0.000E+00    0.000E+00
     3.793     0.059    0.577E+00    0.440E+00    0.226E+01    0.148E+00    0.172E+00    0.764E-01    0.764E-01    0.207E-01    0.207E-01    0.000E+00    0.000E+00
     3.793     0.060    0.579E+00    0.441E+00    0.224E+01    0.146E+00    0.171E+00    0.757E-01    0.757E-01    0.204E-01    0.204E-01    0.000E+00    0.000E+00
     3.793     0.061    0.581E+00    0.442E+00    0.221E+01    0.145E+00    0.170E+00    0.751E-01    0.751E-01    0.200E-01    0.200E-01    0.000E+00    0.000E+00
     3.793     0.062    0.584E+00    0.442E+00    0.219E+01    0.144E+00    0.169E+00    0.745E-01    0.745E-01    0.197E-01    0.197E-01    0.000E+00    0.000E+00
     3.793     0.063    0.586E+00    0.443E+00    0.217E+01    0.143E+00    0.168E+00    0.739E-01    0.739E-01    0.194E-01    0.194E-01    0.000E+00    0.000E+00
     3.793     0.064    0.588E+00    0.443E+00    0.215E+01    0.142E+00    0.168E+00    0.732E-01    0.732E-01    0.190E-01    0.190E-01    0.000E+00    0.000E+00
     3.793     0.065    0.590E+00    0.443E+00    0.213E+01    0.140E+00    0.167E+00    0.726E-01    0.726E-01    0.187E-01    0.187E-01    0.000E+00    0.000E+00
     3.793     0.066    0.592E+00    0.444E+00    0.210E+01    0.139E+00    0.166E+00    0.720E-01    0.720E-01    0.184E-01    0.184E-01    0.000E+00    0.000E+00
     3.793     0.067    0.595E+00    0.444E+00    0.208E+01    0.138E+00    0.165E+00    0.714E-01    0.714E-01    0.180E-01    0.180E-01    0.000E+00    0.000E+00
     3.793     0.068    0.597E+00    0.445E+00    0.206E+01    0.136E+00    0.164E+00    0.708E-01    0.708E-01    0.177E-01    0.177E-01    0.000E+00    0.000E+00
     3.793     0.069    0.599E+00    0.445E+00    0.204E+01    0.135E+00    0.163E+00    0.702E-01    0.702E-01    0.174E-01    0.174E-01    0.000E+00    0.000E+00
     3.793     0.070    0.601E+00    0.445E+00    0.202E+01    0.134E+00    0.163E+00    0.696E-01    0.696E-01    0.171E-01    0.171E-01    0.000E+00    0.000E+00
     3.793     0.071    0.603E+00    0.446E+00    0.200E+01    0.133E+00    0.162E+00    0.690E-01    0.690E-01    0.168E-01    0.168E-01    0.000E+00    0.000E+00
     3.793     0.072    0.605E+00    0.446E+00    0.198E+01    0.132E+00    0.161E+00    0.685E-01    0.685E-01    0.166E-01    0.166E-01    0.000E+00    0.000E+00
     3.793     0.073    0.606E+00    0.446E+00    0.196E+01    0.130E+00    0.160E+00    0.679E-01    0.679E-01    0.163E-01    0.163E-01    0.000E+00    0.000E+00
     3.793     0.074    0.608E+00    0.446E+00    0.194E+01    0.129E+00    0.160E+00    0.674E-01    0.674E-01    0.160E-01    0.160E-01    0.000E+00    0.000E+00
     3.793     0.075    0.610E+00    0.446E+00    0.192E+01    0.128E+00    0.159E+00    0.668E-01    0.668E-01    0.157E-01    0.157E-01    0.000E+00    0.000E+00
     3.793     0.076    0.612E+00    0.447E+00    0.190E+01    0.127E+00    0.158E+00    0.662E-01    0.662E-01    0.155E-01    0.155E-01    0.000E+00    0.000E+00
     3.793     0.077    0.614E+00    0.447E+00    0.188E+01    0.126E+00    0.157E+00    0.657E-01    0.657E-01    0.152E-01    0.152E-01    0.000E+00    0.000E+00
     3.793     0.078    0.615E+00    0.447E+00    0.186E+01    0.124E+00    0.157E+00    0.652E-01    0.652E-01    0.150E-01    0.150E-01    0.000E+00    0.000E+00
     3.793     0.079    0.617E+00    0.447E+00    0.184E+01    0.123E+00    0.156E+00    0.646E-01    0.646E-01    0.147E-01    0.147E-01    0.000E+00    0.000E+00
     3.793     0.080    0.619E+00    0.447E+00    0.182E+01    0.122E+00    0.155E+00    0.641E-01    0.641E-01    0.145E-01    0.145E-01    0.000E+00    0.000E+00
     3.793     0.081    0.621E+00    0.447E+00    0.180E+01    0.121E+00    0.154E+00    0.636E-01    0.636E-01    0.142E-01    0.142E-01    0.000E+00    0.000E+00
     3.793     0.082    0.622E+00    0.447E+00    0.178E+01    0.120E+00    0.154E+00    0.631E-01    0.631E-01    0.140E-01    0.140E-01    0.000E+00    0.000E+00
     3.793     0.083    0.624E+00    0.447E+00    0.177E+01    0.119E+00    0.153E+00    0.626E-01    0.626E-01    0.138E-01    0.138E-01    0.000E+00    0.000E+00
     3.793     0.084    0.625E+00    0.447E+00    0.175E+01    0.118E+00    0.152E+00    0.621E-01    0.621E-01    0.136E-01    0.136E-01    0.000E+00    0.000E+00
     3.793     0.085    0.627E+00    0.447E+00    0.173E+01    0.117E+00    0.151E+00    0.616E-01    0.616E-01    0.134E-01    0.134E-01    0.000E+00    0.000E+00
     3.793     0.086    0.629E+00    0.447E+00    0.171E+01    0.115E+00    0.151E+00    0.611E-01    0.611E-01    0.131E-01    0.131E-01    0.000E+00    0.000E+00
     3.793     0.087    0.630E+00    0.447E+00    0.169E+01    0.114E+00    0.150E+00    0.606E-01    0.606E-01    0.129E-01    0.129E-01    0.000E+00    0.000E+00
     3.793     0.088    0.632E+00    0.447E+00    0.168E+01    0.113E+00    0.149E+00    0.601E-01    0.601E-01    0.127E-01    0.127E-01    0.000E+00    0.000E+00
     3.793     0.089    0.633E+00    0.447E+00    0.166E+01    0.112E+00    0.149E+00    0.597E-01    0.597E-01    0.125E-01    0.125E-01    0.000E+00    0.000E+00
     3.793     0.090    0.634E+00    0.447E+00    0.164E+01    0.111E+00    0.148E+00    0.592E-01    0.592E-01    0.123E-01    0.123E-01    0.000E+00    0.000E+00
     3.793     0.091    0.636E+00    0.446E+00    0.162E+01    0.110E+00    0.147E+00    0.587E-01    0.587E-01    0.121E-01    0.121E-01    0.000E+00    0.000E+00
     3.793     0.092    0.637E+00    0.446E+00    0.161E+01    0.109E+00    0.146E+00    0.583E-01    0.583E-01    0.119E-01    0.119E-01    0.000E+00    0.000E+00
     3.793     0.093    0.639E+00    0.446E+00    0.159E+01    0.108E+00    0.146E+00    0.578E-01    0.578E-01    0.118E-01    0.118E-01    0.000E+00    0.000E+00
     3.793     0.094    0.640E+00    0.446E+00    0.157E+01    0.107E+00    0.145E+00    0.574E-01    0.574E-01    0.116E-01    0.116E-01    0.000E+00    0.000E+00
     3.793     0.095    0.642E+00    0.446E+00    0.156E+01    0.106E+00    0.144E+00    0.569E-01    0.569E-01    0.114E-01    0.114E-01    0.000E+00    0.000E+00
     3.793     0.096    0.643E+00    0.446E+00    0.154E+01    0.105E+00    0.144E+00    0.565E-01    0.565E-01    0.112E-01    0.112E-01    0.000E+00    0.000E+00
     3.793     0.097    0.644E+00    0.445E+00    0.153E+01    0.104E+00    0.143E+00    0.560E-01    0.560E-01    0.110E-01    0.110E-01    0.000E+00    0.000E+00
     3.793     0.098    0.645E+00    0.445E+00    0.151E+01    0.103E+00    0.142E+00    0.556E-01    0.556E-01    0.109E-01    0.109E-01    0.000E+00    0.000E+00
     3.793     0.099    0.647E+00    0.445E+00    0.149E+01    0.102E+00    0.141E+00    0.551E-01    0.551E-01    0.107E-01    0.107E-01    0.000E+00    0.000E+00
     3.793     0.100    0.648E+00    0.444E+00    0.148E+01    0.101E+00    0.141E+00    0.547E-01    0.547E-01    0.105E-01    0.105E-01    0.000E+00    0.000E+00
     3.793     0.101    0.649E+00    0.444E+00    0.146E+01    0.100E+00    0.140E+00    0.543E-01    0.543E-01    0.104E-01    0.104E-01    0.000E+00    0.000E+00
     3.793     0.102    0.650E+00    0.444E+00    0.145E+01    0.992E-01    0.139E+00    0.538E-01    0.538E-01    0.102E-01    0.102E-01    0.000E+00    0.000E+00
     3.793     0.103    0.652E+00    0.443E+00    0.143E+01    0.983E-01    0.139E+00    0.534E-01    0.534E-01    0.101E-01    0.101E-01    0.000E+00    0.000E+00
     3.793     0.104    0.653E+00    0.443E+00    0.142E+01    0.974E-01    0.138E+00    0.530E-01    0.530E-01    0.992E-02    0.992E-02    0.000E+00    0.000E+00
     3.793     0.105    0.654E+00    0.443E+00    0.140E+01    0.965E-01    0.137E+00    0.526E-01    0.526E-01    0.977E-02    0.977E-02    0.000E+00    0.000E+00
     3.793     0.106    0.655E+00    0.442E+00    0.139E+01    0.956E-01    0.136E+00    0.522E-01    0.522E-01    0.963E-02    0.963E-02    0.000E+00    0.000E+00
     3.793     0.107    0.656E+00    0.442E+00    0.137E+01    0.947E-01    0.136E+00    0.518E-01    0.518E-01    0.948E-02    0.948E-02    0.000E+00    0.000E+00
     3.793     0.108    0.657E+00    0.442E+00    0.136E+01    0.938E-01    0.135E+00    0.514E-01    0.514E-01    0.935E-02    0.935E-02    0.000E+00    0.000E+00
     3.793     0.109    0.659E+00    0.441E+00    0.135E+01    0.930E-01    0.134E+00    0.510E-01    0.510E-01    0.921E-02    0.921E-02    0.000E+00    0.000E+00
     3.793     0.110    0.660E+00    0.441E+00    0.133E+01    0.921E-01    0.134E+00    0.506E-01    0.506E-01    0.907E-02    0.907E-02    0.000E+00    0.000E+00
     3.793     0.111    0.661E+00    0.440E+00    0.132E+01    0.913E-01    0.133E+00    0.502E-01    0.502E-01    0.894E-02    0.894E-02    0.000E+00    0.000E+00
     3.793     0.112    0.662E+00    0.440E+00    0.130E+01    0.904E-01    0.132E+00    0.498E-01    0.498E-01    0.881E-02    0.881E-02    0.000E+00    0.000E+00
     3.793     0.113    0.663E+00    0.439E+00    0.129E+01    0.896E-01    0.131E+00    0.494E-01    0.494E-01    0.868E-02    0.868E-02    0.000E+00    0.000E+00
     3.793     0.114    0.664E+00    0.439E+00    0.128E+01    0.888E-01    0.131E+00    0.490E-01    0.490E-01    0.855E-02    0.855E-02    0.000E+00    0.000E+00
     3.793     0.115    0.665E+00    0.439E+00    0.126E+01    0.879E-01    0.130E+00    0.486E-01    0.486E-01    0.843E-02    0.843E-02    0.000E+00    0.000E+00
     3.793     0.116    0.666E+00    0.438E+00    0.125E+01    0.871E-01    0.129E+00    0.482E-01    0.482E-01    0.831E-02    0.831E-02    0.000E+00    0.000E+00
     3.793     0.117    0.667E+00    0.438E+00    0.124E+01    0.864E-01    0.128E+00    0.479E-01    0.479E-01    0.819E-02    0.819E-02    0.000E+00    0.000E+00
     3.793     0.118    0.668E+00    0.437E+00    0.123E+01    0.856E-01    0.128E+00    0.475E-01    0.475E-01    0.807E-02    0.807E-02    0.000E+00    0.000E+00
     3.793     0.119    0.669E+00    0.436E+00    0.121E+01    0.848E-01    0.127E+00    0.471E-01    0.471E-01    0.796E-02    0.796E-02    0.000E+00    0.000E+00
     3.793     0.120    0.670E+00    0.436E+00    0.120E+01    0.841E-01    0.126E+00    0.468E-01    0.468E-01    0.785E-02    0.785E-02    0.000E+00    0.000E+00
     3.793     0.121    0.670E+00    0.435E+00    0.119E+01    0.833E-01    0.125E+00    0.464E-01    0.464E-01    0.774E-02    0.774E-02    0.000E+00    0.000E+00
     3.793     0.122    0.671E+00    0.435E+00    0.118E+01    0.826E-01    0.125E+00    0.460E-01    0.460E-01    0.763E-02    0.763E-02    0.000E+00    0.000E+00
     3.793     0.123    0.672E+00    0.434E+00    0.116E+01    0.818E-01    0.124E+00    0.457E-01    0.457E-01    0.753E-02    0.753E-02    0.000E+00    0.000E+00
     3.793     0.124    0.673E+00    0.434E+00    0.115E+01    0.811E-01    0.123E+00    0.453E-01    0.453E-01    0.742E-02    0.742E-02    0.000E+00    0.000E+00
     3.793     0.125    0.674E+00    0.433E+00    0.114E+01    0.804E-01    0.122E+00    0.450E-01    0.450E-01    0.732E-02    0.732E-02    0.000E+00    0.000E+00
     3.793     0.126    0.675E+00    0.433E+00    0.113E+01    0.797E-01    0.122E+00    0.446E-01    0.446E-01    0.721E-02    0.721E-02    0.000E+00    0.000E+00
     3.793     0.127    0.676E+00    0.432E+00    0.112E+01    0.790E-01    0.121E+00    0.443E-01    0.443E-01    0.711E-02    0.711E-02    0.000E+00    0.000E+00
     3.793     0.128    0.676E+00    0.431E+00    0.111E+01    0.783E-01    0.120E+00    0.439E-01    0.439E-01    0.701E-02    0.701E-02    0.000E+00    0.000E+00
     3.793     0.129    0.677E+00    0.431E+00    0.109E+01    0.776E-01    0.119E+00    0.436E-01    0.436E-01    0.692E-02    0.692E-02    0.000E+00    0.000E+00
     3.793     0.130    0.678E+00    0.430E+00    0.108E+01    0.769E-01    0.119E+00    0.432E-01    0.432E-01    0.682E-02    0.682E-02    0.000E+00    0.000E+00
     3.793     0.131    0.679E+00    0.430E+00    0.107E+01    0.763E-01    0.118E+00    0.429E-01    0.429E-01    0.673E-02    0.673E-02    0.000E+00    0.000E+00
     3.793     0.132    0.679E+00    0.429E+00    0.106E+01    0.756E-01    0.117E+00    0.425E-01    0.425E-01    0.664E-02    0.664E-02    0.000E+00    0.000E+00
     3.793     0.133    0.680E+00    0.428E+00    0.105E+01    0.750E-01    0.116E+00    0.422E-01    0.422E-01    0.655E-02    0.655E-02    0.000E+00    0.000E+00
     3.793     0.134    0.681E+00    0.428E+00    0.104E+01    0.743E-01    0.116E+00    0.419E-01    0.419E-01    0.646E-02    0.646E-02    0.000E+00    0.000E+00
     3.793     0.135    0.682E+00    0.427E+00    0.103E+01    0.737E-01    0.115E+00    0.415E-01    0.415E-01    0.637E-02    0.637E-02    0.000E+00    0.000E+00
     3.793     0.136    0.682E+00    0.426E+00    0.102E+01    0.731E-01    0.114E+00    0.412E-01    0.412E-01    0.629E-02    0.629E-02    0.000E+00    0.000E+00
     3.793     0.137    0.683E+00    0.426E+00    0.101E+01    0.725E-01    0.113E+00    0.409E-01    0.409E-01    0.620E-02    0.620E-02    0.000E+00    0.000E+00
     3.793     0.138    0.684E+00    0.425E+00    0.999E+00    0.718E-01    0.113E+00    0.406E-01    0.406E-01    0.612E-02    0.612E-02    0.000E+00    0.000E+00
     3.793     0.139    0.684E+00    0.424E+00    0.989E+00    0.712E-01    0.112E+00    0.403E-01    0.403E-01    0.604E-02    0.604E-02    0.000E+00    0.000E+00
     3.793     0.140    0.685E+00    0.424E+00    0.979E+00    0.706E-01    0.111E+00    0.399E-01    0.399E-01    0.596E-02    0.596E-02    0.000E+00    0.000E+00
     3.793     0.141    0.685E+00    0.423E+00    0.969E+00    0.700E-01    0.110E+00    0.396E-01    0.396E-01    0.588E-02    0.588E-02    0.000E+00    0.000E+00
     3.793     0.142    0.686E+00    0.422E+00    0.959E+00    0.695E-01    0.110E+00    0.393E-01    0.393E-01    0.580E-02    0.580E-02    0.000E+00    0.000E+00
     3.793     0.143    0.686E+00    0.421E+00    0.950E+00    0.689E-01    0.109E+00    0.390E-01    0.390E-01    0.573E-02    0.573E-02    0.000E+00    0.000E+00
     3.793     0.144    0.687E+00    0.421E+00    0.940E+00    0.683E-01    0.108E+00    0.387E-01    0.387E-01    0.565E-02    0.565E-02    0.000E+00    0.000E+00
     3.793     0.145    0.688E+00    0.420E+00    0.931E+00    0.677E-01    0.107E+00    0.384E-01    0.384E-01    0.558E-02    0.558E-02    0.000E+00    0.000E+00
     3.793     0.146    0.688E+00    0.419E+00    0.922E+00    0.672E-01    0.107E+00    0.381E-01    0.381E-01    0.551E-02    0.551E-02    0.000E+00    0.000E+00
     3.793     0.147    0.689E+00    0.419E+00    0.912E+00    0.666E-01    0.106E+00    0.378E-01    0.378E-01    0.543E-02    0.543E-02    0.000E+00    0.000E+00
     3.793     0.148    0.689E+00    0.418E+00    0.904E+00    0.661E-01    0.105E+00    0.375E-01    0.375E-01    0.536E-02    0.536E-02    0.000E+00    0.000E+00
     3.793     0.149    0.690E+00    0.417E+00    0.895E+00    0.656E-01    0.104E+00    0.372E-01    0.372E-01    0.530E-02    0.530E-02    0.000E+00    0.000E+00
     3.793     0.150    0.690E+00    0.416E+00    0.886E+00    0.650E-01    0.104E+00    0.369E-01    0.369E-01    0.523E-02    0.523E-02    0.000E+00    0.000E+00
     3.793     0.151    0.691E+00    0.416E+00    0.877E+00    0.645E-01    0.103E+00    0.366E-01    0.366E-01    0.516E-02    0.516E-02    0.000E+00    0.000E+00
     3.793     0.152    0.691E+00    0.415E+00    0.869E+00    0.640E-01    0.102E+00    0.363E-01    0.363E-01    0.510E-02    0.510E-02    0.000E+00    0.000E+00
     3.793     0.153    0.691E+00    0.414E+00    0.860E+00    0.635E-01    0.101E+00    0.360E-01    0.360E-01    0.504E-02    0.504E-02    0.000E+00    0.000E+00
     3.793     0.154    0.692E+00    0.413E+00    0.852E+00    0.630E-01    0.101E+00    0.357E-01    0.357E-01    0.497E-02    0.497E-02    0.000E+00    0.000E+00
     3.793     0.155    0.692E+00    0.413E+00    0.843E+00    0.625E-01    0.999E-01    0.354E-01    0.354E-01    0.491E-02    0.491E-02    0.000E+00    0.000E+00
     3.793     0.156    0.693E+00    0.412E+00    0.835E+00    0.620E-01    0.991E-01    0.351E-01    0.351E-01    0.485E-02    0.485E-02    0.000E+00    0.000E+00
     3.793     0.157    0.693E+00    0.411E+00    0.827E+00    0.615E-01    0.984E-01    0.348E-01    0.348E-01    0.478E-02    0.478E-02    0.000E+00    0.000E+00
     3.793     0.158    0.693E+00    0.410E+00    0.819E+00    0.610E-01    0.976E-01    0.346E-01    0.346E-01    0.472E-02    0.472E-02    0.000E+00    0.000E+00
     3.793     0.159    0.694E+00    0.410E+00    0.811E+00    0.605E-01    0.969E-01    0.343E-01    0.343E-01    0.467E-02    0.467E-02    0.000E+00    0.000E+00
     3.793     0.160    0.694E+00    0.409E+00    0.803E+00    0.600E-01    0.962E-01    0.340E-01    0.340E-01    0.461E-02    0.461E-02    0.000E+00    0.000E+00
     3.793     0.161    0.694E+00    0.408E+00    0.795E+00    0.596E-01    0.954E-01    0.337E-01    0.337E-01    0.455E-02    0.455E-02    0.000E+00    0.000E+00
     3.793     0.162    0.695E+00    0.407E+00    0.788E+00    0.591E-01    0.947E-01    0.335E-01    0.335E-01    0.449E-02    0.449E-02    0.000E+00    0.000E+00
     3.793     0.163    0.695E+00    0.406E+00    0.780E+00    0.586E-01    0.940E-01    0.332E-01    0.332E-01    0.444E-02    0.444E-02    0.000E+00    0.000E+00
     3.793     0.164    0.695E+00    0.406E+00    0.773E+00    0.582E-01    0.932E-01    0.329E-01    0.329E-01    0.438E-02    0.438E-02    0.000E+00    0.000E+00
     3.793     0.165    0.695E+00    0.405E+00    0.765E+00    0.577E-01    0.925E-01    0.326E-01    0.326E-01    0.433E-02    0.433E-02    0.000E+00    0.000E+00
     3.793     0.166    0.696E+00    0.404E+00    0.758E+00    0.573E-01    0.918E-01    0.324E-01    0.324E-01    0.428E-02    0.428E-02    0.000E+00    0.000E+00
     3.793     0.167    0.696E+00    0.403E+00    0.751E+00    0.569E-01    0.911E-01    0.321E-01    0.321E-01    0.423E-02    0.423E-02    0.000E+00    0.000E+00
     3.793     0.168    0.696E+00    0.403E+00    0.744E+00    0.564E-01    0.903E-01    0.319E-01    0.319E-01    0.418E-02    0.418E-02    0.000E+00    0.000E+00
     3.793     0.169    0.696E+00    0.402E+00    0.737E+00    0.560E-01    0.896E-01    0.316E-01    0.316E-01    0.413E-02    0.413E-02    0.000E+00    0.000E+00
     3.793     0.170    0.696E+00    0.401E+00    0.730E+00    0.556E-01    0.889E-01    0.313E-01    0.313E-01    0.408E-02    0.408E-02    0.000E+00    0.000E+00
     3.793     0.171    0.697E+00    0.400E+00    0.723E+00    0.551E-01    0.882E-01    0.311E-01    0.311E-01    0.403E-02    0.403E-02    0.000E+00    0.000E+00
     3.793     0.172    0.697E+00    0.399E+00    0.716E+00    0.547E-01    0.875E-01    0.308E-01    0.308E-01    0.398E-02    0.398E-02    0.000E+00    0.000E+00
     3.793     0.173    0.697E+00    0.398E+00    0.709E+00    0.543E-01    0.867E-01    0.306E-01    0.306E-01    0.393E-02    0.393E-02    0.000E+00    0.000E+00
     3.793     0.174    0.697E+00    0.398E+00    0.703E+00    0.539E-01    0.860E-01    0.303E-01    0.303E-01    0.388E-02    0.388E-02    0.000E+00    0.000E+00
     3.793     0.175    0.697E+00    0.397E+00    0.696E+00    0.535E-01    0.853E-01    0.301E-01    0.301E-01    0.384E-02    0.384E-02    0.000E+00    0.000E+00
     3.793     0.176    0.697E+00    0.396E+00    0.690E+00    0.531E-01    0.846E-01    0.298E-01    0.298E-01    0.379E-02    0.379E-02    0.000E+00    0.000E+00
     3.793     0.177    0.697E+00    0.395E+00    0.683E+00    0.527E-01    0.839E-01    0.296E-01    0.296E-01    0.375E-02    0.375E-02    0.000E+00    0.000E+00
     3.793     0.178    0.697E+00    0.394E+00    0.677E+00    0.523E-01    0.832E-01    0.293E-01    0.293E-01    0.370E-02    0.370E-02    0.000E+00    0.000E+00
     3.793     0.179    0.697E+00    0.393E+00    0.671E+00    0.519E-01    0.825E-01    0.291E-01    0.291E-01    0.366E-02    0.366E-02    0.000E+00    0.000E+00
     3.793     0.180    0.697E+00    0.393E+00    0.664E+00    0.515E-01    0.818E-01    0.288E-01    0.288E-01    0.362E-02    0.362E-02    0.000E+00    0.000E+00
     3.793     0.181    0.697E+00    0.392E+00    0.658E+00    0.511E-01    0.811E-01    0.286E-01    0.286E-01    0.358E-02    0.358E-02    0.000E+00    0.000E+00
     3.793     0.182    0.697E+00    0.391E+00    0.652E+00    0.508E-01    0.804E-01    0.284E-01    0.284E-01    0.354E-02    0.354E-02    0.000E+00    0.000E+00
     3.793     0.183    0.697E+00    0.390E+00    0.646E+00    0.504E-01    0.798E-01    0.281E-01    0.281E-01    0.349E-02    0.349E-02    0.000E+00    0.000E+00
     3.793     0.184    0.697E+00    0.389E+00    0.640E+00    0.500E-01    0.791E-01    0.279E-01    0.279E-01    0.345E-02    0.345E-02    0.000E+00    0.000E+00
     3.793     0.185    0.697E+00    0.388E+00    0.635E+00    0.497E-01    0.784E-01    0.277E-01    0.277E-01    0.342E-02    0.342E-02    0.000E+00    0.000E+00
     3.793     0.186    0.697E+00    0.388E+00    0.629E+00    0.493E-01    0.777E-01    0.274E-01    0.274E-01    0.338E-02    0.338E-02    0.000E+00    0.000E+00
     3.793     0.187    0.697E+00    0.387E+00    0.623E+00    0.489E-01    0.770E-01    0.272E-01    0.272E-01    0.334E-02    0.334E-02    0.000E+00    0.000E+00
     3.793     0.188    0.697E+00    0.386E+00    0.617E+00    0.486E-01    0.764E-01    0.270E-01    0.270E-01    0.330E-02    0.330E-02    0.000E+00    0.000E+00
     3.793     0.189    0.697E+00    0.385E+00    0.612E+00    0.482E-01    0.757E-01    0.267E-01    0.267E-01    0.326E-02    0.326E-02    0.000E+00    0.000E+00
     3.793     0.190    0.697E+00    0.384E+00    0.606E+00    0.479E-01    0.750E-01    0.265E-01    0.265E-01    0.322E-02    0.322E-02    0.000E+00    0.000E+00
     3.793     0.191    0.697E+00    0.383E+00    0.601E+00    0.475E-01    0.744E-01    0.263E-01    0.263E-01    0.319E-02    0.319E-02    0.000E+00    0.000E+00
     3.793     0.192    0.697E+00    0.382E+00    0.595E+00    0.472E-01    0.737E-01    0.261E-01    0.261E-01    0.315E-02    0.315E-02    0.000E+00    0.000E+00
     3.793     0.193    0.697E+00    0.382E+00    0.590E+00    0.468E-01    0.731E-01    0.258E-01    0.258E-01    0.312E-02    0.312E-02    0.000E+00    0.000E+00
     3.793     0.194    0.697E+00    0.381E+00    0.585E+00    0.465E-01    0.724E-01    0.256E-01    0.256E-01    0.308E-02    0.308E-02    0.000E+00    0.000E+00
     3.793     0.195    0.696E+00    0.380E+00    0.580E+00    0.461E-01    0.718E-01    0.254E-01    0.254E-01    0.305E-02    0.305E-02    0.000E+00    0.000E+00
     3.793     0.196    0.696E+00    0.379E+00    0.575E+00    0.458E-01    0.711E-01    0.252E-01    0.252E-01    0.301E-02    0.301E-02    0.000E+00    0.000E+00
     3.793     0.197    0.696E+00    0.378E+00    0.570E+00    0.455E-01    0.705E-01    0.250E-01    0.250E-01    0.298E-02    0.298E-02    0.000E+00    0.000E+00
     3.793     0.198    0.696E+00    0.377E+00    0.565E+00    0.451E-01    0.698E-01    0.248E-01    0.248E-01    0.295E-02    0.295E-02    0.000E+00    0.000E+00
     3.793     0.199    0.696E+00    0.376E+00    0.560E+00    0.448E-01    0.692E-01    0.246E-01    0.246E-01    0.291E-02    0.291E-02    0.000E+00    0.000E+00
     3.793     0.200    0.695E+00    0.376E+00    0.555E+00    0.445E-01    0.686E-01    0.243E-01    0.243E-01    0.288E-02    0.288E-02    0.000E+00    0.000E+00
     3.793     0.201    0.695E+00    0.375E+00    0.550E+00    0.442E-01    0.679E-01    0.241E-01    0.241E-01    0.285E-02    0.285E-02    0.000E+00    0.000E+00
     3.793     0.202    0.695E+00    0.374E+00    0.545E+00    0.439E-01    0.673E-01    0.239E-01    0.239E-01    0.282E-02    0.282E-02    0.000E+00    0.000E+00
     3.793     0.203    0.695E+00    0.373E+00    0.540E+00    0.435E-01    0.667E-01    0.237E-01    0.237E-01    0.279E-02    0.279E-02    0.000E+00    0.000E+00
     3.793     0.204    0.694E+00    0.372E+00    0.536E+00    0.432E-01    0.661E-01    0.235E-01    0.235E-01    0.276E-02    0.276E-02    0.000E+00    0.000E+00
     3.793     0.205    0.694E+00    0.371E+00    0.531E+00    0.429E-01    0.655E-01    0.233E-01    0.233E-01    0.273E-02    0.273E-02    0.000E+00    0.000E+00
     3.793     0.206    0.694E+00    0.370E+00    0.526E+00    0.426E-01    0.648E-01    0.231E-01    0.231E-01    0.270E-02    0.270E-02    0.000E+00    0.000E+00
     3.793     0.207    0.693E+00    0.369E+00    0.522E+00    0.423E-01    0.642E-01    0.229E-01    0.229E-01    0.267E-02    0.267E-02    0.000E+00    0.000E+00
     3.793     0.208    0.693E+00    0.368E+00    0.517E+00    0.420E-01    0.636E-01    0.227E-01    0.227E-01    0.264E-02    0.264E-02    0.000E+00    0.000E+00
     3.793     0.209    0.693E+00    0.368E+00    0.513E+00    0.417E-01    0.630E-01    0.225E-01    0.225E-01    0.261E-02    0.261E-02    0.000E+00    0.000E+00
     3.793     0.210    0.692E+00    0.367E+00    0.509E+00    0.414E-01    0.624E-01    0.223E-01    0.223E-01    0.258E-02    0.258E-02    0.000E+00    0.000E+00
     3.793     0.211    0.692E+00    0.366E+00    0.504E+00    0.411E-01    0.618E-01    0.221E-01    0.221E-01    0.255E-02    0.255E-02    0.000E+00    0.000E+00
     3.793     0.212    0.692E+00    0.365E+00    0.500E+00    0.408E-01    0.613E-01    0.219E-01    0.219E-01    0.253E-02    0.253E-02    0.000E+00    0.000E+00
     3.793     0.213    0.691E+00    0.364E+00    0.496E+00    0.405E-01    0.607E-01    0.217E-01    0.217E-01    0.250E-02    0.250E-02    0.000E+00    0.000E+00
     3.793     0.214    0.691E+00    0.363E+00    0.492E+00    0.402E-01    0.601E-01    0.215E-01    0.215E-01    0.247E-02    0.247E-02    0.000E+00    0.000E+00
     3.793     0.215    0.690E+00    0.362E+00    0.487E+00    0.399E-01    0.595E-01    0.213E-01    0.213E-01    0.244E-02    0.244E-02    0.000E+00    0.000E+00
     3.793     0.216    0.690E+00    0.361E+00    0.483E+00    0.396E-01    0.589E-01    0.212E-01    0.212E-01    0.242E-02    0.242E-02    0.000E+00    0.000E+00
     3.793     0.217    0.690E+00    0.360E+00    0.479E+00    0.393E-01    0.584E-01    0.210E-01    0.210E-01    0.239E-02    0.239E-02    0.000E+00    0.000E+00
     3.793     0.218    0.689E+00    0.360E+00    0.475E+00    0.390E-01    0.578E-01    0.208E-01    0.208E-01    0.237E-02    0.237E-02    0.000E+00    0.000E+00
     3.793     0.219    0.689E+00    0.359E+00    0.471E+00    0.388E-01    0.572E-01    0.206E-01    0.206E-01    0.234E-02    0.234E-02    0.000E+00    0.000E+00
     3.793     0.220    0.688E+00    0.358E+00    0.468E+00    0.385E-01    0.567E-01    0.204E-01    0.204E-01    0.232E-02    0.232E-02    0.000E+00    0.000E+00
     3.793     0.221    0.688E+00    0.357E+00    0.464E+00    0.382E-01    0.561E-01    0.202E-01    0.202E-01    0.229E-02    0.229E-02    0.000E+00    0.000E+00
     3.793     0.222    0.687E+00    0.356E+00    0.460E+00    0.379E-01    0.556E-01    0.201E-01    0.201E-01    0.227E-02    0.227E-02    0.000E+00    0.000E+00
     3.793     0.223    0.687E+00    0.355E+00    0.456E+00    0.376E-01    0.550E-01    0.199E-01    0.199E-01    0.224E-02    0.224E-02    0.000E+00    0.000E+00
     3.793     0.224    0.686E+00    0.354E+00    0.452E+00    0.374E-01    0.545E-01    0.197E-01    0.197E-01    0.222E-02    0.222E-02    0.000E+00    0.000E+00
     3.793     0.225    0.686E+00    0.353E+00    0.449E+00    0.371E-01    0.539E-01    0.195E-01    0.195E-01    0.220E-02    0.220E-02    0.000E+00    0.000E+00
     3.793     0.226    0.685E+00    0.352E+00    0.445E+00    0.368E-01    0.534E-01    0.194E-01    0.194E-01    0.217E-02    0.217E-02    0.000E+00    0.000E+00
     3.793     0.227    0.684E+00    0.351E+00    0.441E+00    0.365E-01    0.529E-01    0.192E-01    0.192E-01    0.215E-02    0.215E-02    0.000E+00    0.000E+00
     3.793     0.228    0.684E+00    0.350E+00    0.438E+00    0.363E-01    0.524E-01    0.190E-01    0.190E-01    0.213E-02    0.213E-02    0.000E+00    0.000E+00
     3.793     0.229    0.683E+00    0.350E+00    0.434E+00    0.360E-01    0.518E-01    0.188E-01    0.188E-01    0.211E-02    0.211E-02    0.000E+00    0.000E+00
     3.793     0.230    0.683E+00    0.349E+00    0.431E+00    0.358E-01    0.513E-01    0.187E-01    0.187E-01    0.208E-02    0.208E-02    0.000E+00    0.000E+00
     3.793     0.231    0.682E+00    0.348E+00    0.427E+00    0.355E-01    0.508E-01    0.185E-01    0.185E-01    0.206E-02    0.206E-02    0.000E+00    0.000E+00
     3.793     0.232    0.681E+00    0.347E+00    0.424E+00    0.352E-01    0.503E-01    0.183E-01    0.183E-01    0.204E-02    0.204E-02    0.000E+00    0.000E+00
     3.793     0.233    0.681E+00    0.346E+00    0.420E+00    0.350E-01    0.498E-01    0.182E-01    0.182E-01    0.202E-02    0.202E-02    0.000E+00    0.000E+00
     3.793     0.234    0.680E+00    0.345E+00    0.417E+00    0.347E-01    0.493E-01    0.180E-01    0.180E-01    0.200E-02    0.200E-02    0.000E+00    0.000E+00
     3.793     0.235    0.679E+00    0.344E+00    0.414E+00    0.345E-01    0.488E-01    0.178E-01    0.178E-01    0.198E-02    0.198E-02    0.000E+00    0.000E+00
     3.793     0.236    0.679E+00    0.343E+00    0.411E+00    0.342E-01    0.483E-01    0.177E-01    0.177E-01    0.196E-02    0.196E-02    0.000E+00    0.000E+00
     3.793     0.237    0.678E+00    0.342E+00    0.407E+00    0.339E-01    0.478E-01    0.175E-01    0.175E-01    0.194E-02    0.194E-02    0.000E+00    0.000E+00
     3.793     0.238    0.677E+00    0.341E+00    0.404E+00    0.337E-01    0.473E-01    0.173E-01    0.173E-01    0.192E-02    0.192E-02    0.000E+00    0.000E+00
     3.793     0.239    0.677E+00    0.340E+00    0.401E+00    0.334E-01    0.468E-01    0.172E-01    0.172E-01    0.190E-02    0.190E-02    0.000E+00    0.000E+00
     3.793     0.240    0.676E+00    0.339E+00    0.398E+00    0.332E-01    0.463E-01    0.170E-01    0.170E-01    0.188E-02    0.188E-02    0.000E+00    0.000E+00
     3.793     0.241    0.675E+00    0.338E+00    0.395E+00    0.329E-01    0.458E-01    0.169E-01    0.169E-01    0.186E-02    0.186E-02    0.000E+00    0.000E+00
     3.793     0.242    0.675E+00    0.337E+00    0.392E+00    0.327E-01    0.454E-01    0.167E-01    0.167E-01    0.184E-02    0.184E-02    0.000E+00    0.000E+00
     3.793     0.243    0.674E+00    0.336E+00    0.388E+00    0.324E-01    0.449E-01    0.166E-01    0.166E-01    0.182E-02    0.182E-02    0.000E+00    0.000E+00
     3.793     0.244    0.673E+00    0.336E+00    0.385E+00    0.322E-01    0.444E-01    0.164E-01    0.164E-01    0.180E-02    0.180E-02    0.000E+00    0.000E+00
     3.793     0.245    0.672E+00    0.335E+00    0.382E+00    0.320E-01    0.440E-01    0.163E-01    0.163E-01    0.178E-02    0.178E-02    0.000E+00    0.000E+00
     3.793     0.246    0.671E+00    0.334E+00    0.380E+00    0.317E-01    0.435E-01    0.161E-01    0.161E-01    0.176E-02    0.176E-02    0.000E+00    0.000E+00
     3.793     0.247    0.671E+00    0.333E+00    0.377E+00    0.315E-01    0.430E-01    0.160E-01    0.160E-01    0.175E-02    0.175E-02    0.000E+00    0.000E+00
     3.793     0.248    0.670E+00    0.332E+00    0.374E+00    0.312E-01    0.426E-01    0.158E-01    0.158E-01    0.173E-02    0.173E-02    0.000E+00    0.000E+00
     3.793     0.249    0.669E+00    0.331E+00    0.371E+00    0.310E-01    0.421E-01    0.157E-01    0.157E-01    0.171E-02    0.171E-02    0.000E+00    0.000E+00
     3.793     0.250    0.668E+00    0.330E+00    0.368E+00    0.308E-01    0.417E-01    0.155E-01    0.155E-01    0.169E-02    0.169E-02    0.000E+00    0.000E+00
     3.793     0.251    0.667E+00    0.329E+00    0.365E+00    0.305E-01    0.413E-01    0.154E-01    0.154E-01    0.168E-02    0.168E-02    0.000E+00    0.000E+00
     3.793     0.252    0.667E+00    0.328E+00    0.362E+00    0.303E-01    0.408E-01    0.152E-01    0.152E-01    0.166E-02    0.166E-02    0.000E+00    0.000E+00
     3.793     0.253    0.666E+00    0.327E+00    0.360E+00    0.301E-01    0.404E-01    0.151E-01    0.151E-01    0.164E-02    0.164E-02    0.000E+00    0.000E+00
     3.793     0.254    0.665E+00    0.326E+00    0.357E+00    0.298E-01    0.400E-01    0.149E-01    0.149E-01    0.162E-02    0.162E-02    0.000E+00    0.000E+00
     3.793     0.255    0.664E+00    0.325E+00    0.354E+00    0.296E-01    0.395E-01    0.148E-01    0.148E-01    0.161E-02    0.161E-02    0.000E+00    0.000E+00
     3.793     0.256    0.663E+00    0.324E+00    0.352E+00    0.294E-01    0.391E-01    0.147E-01    0.147E-01    0.159E-02    0.159E-02    0.000E+00    0.000E+00
     3.793     0.257    0.662E+00    0.323E+00    0.349E+00    0.291E-01    0.387E-01    0.145E-01    0.145E-01    0.158E-02    0.158E-02    0.000E+00    0.000E+00
     3.793     0.258    0.661E+00    0.322E+00    0.346E+00    0.289E-01    0.383E-01    0.144E-01    0.144E-01    0.156E-02    0.156E-02    0.000E+00    0.000E+00
     3.793     0.259    0.660E+00    0.321E+00    0.344E+00    0.287E-01    0.379E-01    0.142E-01    0.142E-01    0.154E-02    0.154E-02    0.000E+00    0.000E+00
     3.793     0.260    0.659E+00    0.320E+00    0.341E+00    0.284E-01    0.375E-01    0.141E-01    0.141E-01    0.153E-02    0.153E-02    0.000E+00    0.000E+00
     3.793     0.261    0.659E+00    0.319E+00    0.339E+00    0.282E-01    0.371E-01    0.140E-01    0.140E-01    0.151E-02    0.151E-02    0.000E+00    0.000E+00
     3.793     0.262    0.658E+00    0.318E+00    0.336E+00    0.280E-01    0.367E-01    0.138E-01    0.138E-01    0.150E-02    0.150E-02    0.000E+00    0.000E+00
     3.793     0.263    0.657E+00    0.317E+00    0.334E+00    0.278E-01    0.363E-01    0.137E-01    0.137E-01    0.148E-02    0.148E-02    0.000E+00    0.000E+00
     3.793     0.264    0.656E+00    0.316E+00    0.331E+00    0.276E-01    0.359E-01    0.136E-01    0.136E-01    0.147E-02    0.147E-02    0.000E+00    0.000E+00
     3.793     0.265    0.655E+00    0.315E+00    0.329E+00    0.273E-01    0.355E-01    0.134E-01    0.134E-01    0.145E-02    0.145E-02    0.000E+00    0.000E+00
     3.793     0.266    0.654E+00    0.315E+00    0.326E+00    0.271E-01    0.351E-01    0.133E-01    0.133E-01    0.144E-02    0.144E-02    0.000E+00    0.000E+00
     3.793     0.267    0.653E+00    0.314E+00    0.324E+00    0.269E-01    0.347E-01    0.132E-01    0.132E-01    0.142E-02    0.142E-02    0.000E+00    0.000E+00
     3.793     0.268    0.652E+00    0.313E+00    0.322E+00    0.267E-01    0.343E-01    0.130E-01    0.130E-01    0.141E-02    0.141E-02    0.000E+00    0.000E+00
     3.793     0.269    0.651E+00    0.312E+00    0.319E+00    0.265E-01    0.340E-01    0.129E-01    0.129E-01    0.139E-02    0.139E-02    0.000E+00    0.000E+00
     3.793     0.270    0.650E+00    0.311E+00    0.317E+00    0.262E-01    0.336E-01    0.128E-01    0.128E-01    0.138E-02    0.138E-02    0.000E+00    0.000E+00
     3.793     0.271    0.649E+00    0.310E+00    0.315E+00    0.260E-01    0.332E-01    0.127E-01    0.127E-01    0.137E-02    0.137E-02    0.000E+00    0.000E+00
     3.793     0.272    0.648E+00    0.309E+00    0.312E+00    0.258E-01    0.329E-01    0.125E-01    0.125E-01    0.135E-02    0.135E-02    0.000E+00    0.000E+00
     3.793     0.273    0.647E+00    0.308E+00    0.310E+00    0.256E-01    0.325E-01    0.124E-01    0.124E-01    0.134E-02    0.134E-02    0.000E+00    0.000E+00
     3.793     0.274    0.646E+00    0.307E+00    0.308E+00    0.254E-01    0.321E-01    0.123E-01    0.123E-01    0.132E-02    0.132E-02    0.000E+00    0.000E+00
     3.793     0.275    0.645E+00    0.306E+00    0.306E+00    0.252E-01    0.318E-01    0.122E-01    0.122E-01    0.131E-02    0.131E-02    0.000E+00    0.000E+00
     3.793     0.276    0.644E+00    0.305E+00    0.303E+00    0.250E-01    0.314E-01    0.121E-01    0.121E-01    0.130E-02    0.130E-02    0.000E+00    0.000E+00
     3.793     0.277    0.642E+00    0.304E+00    0.301E+00    0.248E-01    0.311E-01    0.119E-01    0.119E-01    0.128E-02    0.128E-02    0.000E+00    0.000E+00
     3.793     0.278    0.641E+00    0.303E+00    0.299E+00    0.246E-01    0.308E-01    0.118E-01    0.118E-01    0.127E-02    0.127E-02    0.000E+00    0.000E+00
     3.793     0.279    0.640E+00    0.302E+00    0.297E+00    0.244E-01    0.304E-01    0.117E-01    0.117E-01    0.126E-02    0.126E-02    0.000E+00    0.000E+00
     3.793     0.280    0.639E+00    0.301E+00    0.295E+00    0.242E-01    0.301E-01    0.116E-01    0.116E-01    0.125E-02    0.125E-02    0.000E+00    0.000E+00
     3.793     0.281    0.638E+00    0.300E+00    0.293E+00    0.240E-01    0.297E-01    0.115E-01    0.115E-01    0.123E-02    0.123E-02    0.000E+00    0.000E+00
     3.793     0.282    0.637E+00    0.299E+00    0.291E+00    0.237E-01    0.294E-01    0.114E-01    0.114E-01    0.122E-02    0.122E-02    0.000E+00    0.000E+00
     3.793     0.283    0.636E+00    0.298E+00    0.289E+00    0.235E-01    0.291E-01    0.112E-01    0.112E-01    0.121E-02    0.121E-02    0.000E+00    0.000E+00
     3.793     0.284    0.635E+00    0.297E+00    0.286E+00    0.233E-01    0.288E-01    0.111E-01    0.111E-01    0.120E-02    0.120E-02    0.000E+00    0.000E+00
     3.793     0.285    0.634E+00    0.296E+00    0.284E+00    0.231E-01    0.284E-01    0.110E-01    0.110E-01    0.118E-02    0.118E-02    0.000E+00    0.000E+00
     3.793     0.286    0.632E+00    0.295E+00    0.282E+00    0.229E-01    0.281E-01    0.109E-01    0.109E-01    0.117E-02    0.117E-02    0.000E+00    0.000E+00
     3.793     0.287    0.631E+00    0.294E+00    0.280E+00    0.228E-01    0.278E-01    0.108E-01    0.108E-01    0.116E-02    0.116E-02    0.000E+00    0.000E+00
     3.793     0.288    0.630E+00    0.293E+00    0.278E+00    0.226E-01    0.275E-01    0.107E-01    0.107E-01    0.115E-02    0.115E-02    0.000E+00    0.000E+00
     3.793     0.289    0.629E+00    0.292E+00    0.276E+00    0.224E-01    0.272E-01    0.106E-01    0.106E-01    0.114E-02    0.114E-02    0.000E+00    0.000E+00
     3.793     0.290    0.628E+00    0.291E+00    0.275E+00    0.222E-01    0.269E-01    0.105E-01    0.105E-01    0.112E-02    0.112E-02    0.000E+00    0.000E+00
     3.793     0.291    0.627E+00    0.290E+00    0.273E+00    0.220E-01    0.266E-01    0.104E-01    0.104E-01    0.111E-02    0.111E-02    0.000E+00    0.000E+00
     3.793     0.292    0.625E+00    0.289E+00    0.271E+00    0.218E-01    0.263E-01    0.103E-01    0.103E-01    0.110E-02    0.110E-02    0.000E+00    0.000E+00
     3.793     0.293    0.624E+00    0.288E+00    0.269E+00    0.216E-01    0.260E-01    0.102E-01    0.102E-01    0.109E-02    0.109E-02    0.000E+00    0.000E+00
     3.793     0.294    0.623E+00    0.287E+00    0.267E+00    0.214E-01    0.257E-01    0.101E-01    0.101E-01    0.108E-02    0.108E-02    0.000E+00    0.000E+00
     3.793     0.295    0.622E+00    0.286E+00    0.265E+00    0.212E-01    0.254E-01    0.996E-02    0.996E-02    0.107E-02    0.107E-02    0.000E+00    0.000E+00
     3.793     0.296    0.620E+00    0.285E+00    0.263E+00    0.210E-01    0.251E-01    0.986E-02    0.986E-02    0.106E-02    0.106E-02    0.000E+00    0.000E+00
     3.793     0.297    0.619E+00    0.284E+00    0.261E+00    0.208E-01    0.248E-01    0.976E-02    0.976E-02    0.105E-02    0.105E-02    0.000E+00    0.000E+00
     3.793     0.298    0.618E+00    0.283E+00    0.260E+00    0.206E-01    0.245E-01    0.966E-02    0.966E-02    0.104E-02    0.104E-02    0.000E+00    0.000E+00
     3.793     0.299    0.617E+00    0.282E+00    0.258E+00    0.205E-01    0.243E-01    0.956E-02    0.956E-02    0.102E-02    0.102E-02    0.000E+00    0.000E+00
     3.793     0.300    0.615E+00    0.281E+00    0.256E+00    0.203E-01    0.240E-01    0.946E-02    0.946E-02    0.101E-02    0.101E-02    0.000E+00    0.000E+00
     3.793     0.301    0.614E+00    0.280E+00    0.254E+00    0.201E-01    0.237E-01    0.936E-02    0.936E-02    0.100E-02    0.100E-02    0.000E+00    0.000E+00
     3.793     0.302    0.613E+00    0.279E+00    0.252E+00    0.199E-01    0.234E-01    0.926E-02    0.926E-02    0.993E-03    0.993E-03    0.000E+00    0.000E+00
     3.793     0.303    0.612E+00    0.278E+00    0.251E+00    0.197E-01    0.232E-01    0.917E-02    0.917E-02    0.983E-03    0.983E-03    0.000E+00    0.000E+00
     3.793     0.304    0.610E+00    0.277E+00    0.249E+00    0.195E-01    0.229E-01    0.907E-02    0.907E-02    0.973E-03    0.973E-03    0.000E+00    0.000E+00
     3.793     0.305    0.609E+00    0.276E+00    0.247E+00    0.194E-01    0.226E-01    0.898E-02    0.898E-02    0.963E-03    0.963E-03    0.000E+00    0.000E+00
     3.793     0.306    0.608E+00    0.275E+00    0.245E+00    0.192E-01    0.224E-01    0.888E-02    0.888E-02    0.953E-03    0.953E-03    0.000E+00    0.000E+00
     3.793     0.307    0.607E+00    0.274E+00    0.244E+00    0.190E-01    0.221E-01    0.879E-02    0.879E-02    0.943E-03    0.943E-03    0.000E+00    0.000E+00
     3.793     0.308    0.605E+00    0.272E+00    0.242E+00    0.188E-01    0.219E-01    0.870E-02    0.870E-02    0.933E-03    0.933E-03    0.000E+00    0.000E+00
     3.793     0.309    0.604E+00    0.271E+00    0.240E+00    0.187E-01    0.216E-01    0.861E-02    0.861E-02    0.924E-03    0.924E-03    0.000E+00    0.000E+00
     3.793     0.310    0.603E+00    0.270E+00    0.239E+00    0.185E-01    0.214E-01    0.852E-02    0.852E-02    0.914E-03    0.914E-03    0.000E+00    0.000E+00
     3.793     0.311    0.601E+00    0.269E+00    0.237E+00    0.183E-01    0.211E-01    0.843E-02    0.843E-02    0.905E-03    0.905E-03    0.000E+00    0.000E+00
     3.793     0.312    0.600E+00    0.268E+00    0.236E+00    0.181E-01    0.209E-01    0.834E-02    0.834E-02    0.895E-03    0.895E-03    0.000E+00    0.000E+00
     3.793     0.313    0.599E+00    0.267E+00    0.234E+00    0.180E-01    0.206E-01    0.825E-02    0.825E-02    0.886E-03    0.886E-03    0.000E+00    0.000E+00
     3.793     0.314    0.597E+00    0.266E+00    0.232E+00    0.178E-01    0.204E-01    0.816E-02    0.816E-02    0.877E-03    0.877E-03    0.000E+00    0.000E+00
     3.793     0.315    0.596E+00    0.265E+00    0.231E+00    0.176E-01    0.202E-01    0.808E-02    0.808E-02    0.868E-03    0.868E-03    0.000E+00    0.000E+00
     3.793     0.316    0.595E+00    0.264E+00    0.229E+00    0.175E-01    0.199E-01    0.799E-02    0.799E-02    0.859E-03    0.859E-03    0.000E+00    0.000E+00
     3.793     0.317    0.593E+00    0.263E+00    0.228E+00    0.173E-01    0.197E-01    0.791E-02    0.791E-02    0.850E-03    0.850E-03    0.000E+00    0.000E+00
     3.793     0.318    0.592E+00    0.262E+00    0.226E+00    0.171E-01    0.195E-01    0.782E-02    0.782E-02    0.841E-03    0.841E-03    0.000E+00    0.000E+00
     3.793     0.319    0.590E+00    0.261E+00    0.224E+00    0.170E-01    0.192E-01    0.774E-02    0.774E-02    0.832E-03    0.832E-03    0.000E+00    0.000E+00
     3.793     0.320    0.589E+00    0.260E+00    0.223E+00    0.168E-01    0.190E-01    0.765E-02    0.765E-02    0.823E-03    0.823E-03    0.000E+00    0.000E+00
     3.793     0.321    0.588E+00    0.259E+00    0.221E+00    0.166E-01    0.188E-01    0.757E-02    0.757E-02    0.815E-03    0.815E-03    0.000E+00    0.000E+00
     3.793     0.322    0.586E+00    0.258E+00    0.220E+00    0.165E-01    0.186E-01    0.749E-02    0.749E-02    0.806E-03    0.806E-03    0.000E+00    0.000E+00
     3.793     0.323    0.585E+00    0.257E+00    0.218E+00    0.163E-01    0.183E-01    0.741E-02    0.741E-02    0.797E-03    0.797E-03    0.000E+00    0.000E+00
     3.793     0.324    0.584E+00    0.256E+00    0.217E+00    0.162E-01    0.181E-01    0.733E-02    0.733E-02    0.789E-03    0.789E-03    0.000E+00    0.000E+00
     3.793     0.325    0.582E+00    0.255E+00    0.215E+00    0.160E-01    0.179E-01    0.725E-02    0.725E-02    0.781E-03    0.781E-03    0.000E+00    0.000E+00
     3.793     0.326    0.581E+00    0.254E+00    0.214E+00    0.158E-01    0.177E-01    0.717E-02    0.717E-02    0.773E-03    0.773E-03    0.000E+00    0.000E+00
     3.793     0.327    0.579E+00    0.253E+00    0.212E+00    0.157E-01    0.175E-01    0.709E-02    0.709E-02    0.764E-03    0.764E-03    0.000E+00    0.000E+00
     3.793     0.328    0.578E+00    0.252E+00    0.211E+00    0.155E-01    0.173E-01    0.702E-02    0.702E-02    0.756E-03    0.756E-03    0.000E+00    0.000E+00
     3.793     0.329    0.576E+00    0.251E+00    0.210E+00    0.154E-01    0.171E-01    0.694E-02    0.694E-02    0.748E-03    0.748E-03    0.000E+00    0.000E+00
     3.793     0.330    0.575E+00    0.250E+00    0.208E+00    0.152E-01    0.169E-01    0.687E-02    0.687E-02    0.740E-03    0.740E-03    0.000E+00    0.000E+00
     3.793     0.331    0.574E+00    0.249E+00    0.207E+00    0.151E-01    0.167E-01    0.679E-02    0.679E-02    0.733E-03    0.733E-03    0.000E+00    0.000E+00
     3.793     0.332    0.572E+00    0.248E+00    0.205E+00    0.149E-01    0.165E-01    0.672E-02    0.672E-02    0.725E-03    0.725E-03    0.000E+00    0.000E+00
     3.793     0.333    0.571E+00    0.247E+00    0.204E+00    0.148E-01    0.163E-01    0.664E-02    0.664E-02    0.717E-03    0.717E-03    0.000E+00    0.000E+00
     3.793     0.334    0.569E+00    0.246E+00    0.203E+00    0.146E-01    0.161E-01    0.657E-02    0.657E-02    0.709E-03    0.709E-03    0.000E+00    0.000E+00
     3.793     0.335    0.568E+00    0.245E+00    0.201E+00    0.145E-01    0.159E-01    0.650E-02    0.650E-02    0.702E-03    0.702E-03    0.000E+00    0.000E+00
     3.793     0.336    0.566E+00    0.243E+00    0.200E+00    0.143E-01    0.157E-01    0.642E-02    0.642E-02    0.694E-03    0.694E-03    0.000E+00    0.000E+00
     3.793     0.337    0.565E+00    0.242E+00    0.198E+00    0.142E-01    0.155E-01    0.635E-02    0.635E-02    0.687E-03    0.687E-03    0.000E+00    0.000E+00
     3.793     0.338    0.563E+00    0.241E+00    0.197E+00    0.140E-01    0.154E-01    0.628E-02    0.628E-02    0.679E-03    0.679E-03    0.000E+00    0.000E+00
     3.793     0.339    0.562E+00    0.240E+00    0.196E+00    0.139E-01    0.152E-01    0.621E-02    0.621E-02    0.672E-03    0.672E-03    0.000E+00    0.000E+00
     3.793     0.340    0.560E+00    0.239E+00    0.194E+00    0.137E-01    0.150E-01    0.614E-02    0.614E-02    0.665E-03    0.665E-03    0.000E+00    0.000E+00
     3.793     0.341    0.559E+00    0.238E+00    0.193E+00    0.136E-01    0.148E-01    0.607E-02    0.607E-02    0.658E-03    0.658E-03    0.000E+00    0.000E+00
     3.793     0.342    0.557E+00    0.237E+00    0.192E+00    0.134E-01    0.146E-01    0.601E-02    0.601E-02    0.650E-03    0.650E-03    0.000E+00    0.000E+00
     3.793     0.343    0.556E+00    0.236E+00    0.190E+00    0.133E-01    0.145E-01    0.594E-02    0.594E-02    0.643E-03    0.643E-03    0.000E+00    0.000E+00
     3.793     0.344    0.554E+00    0.235E+00    0.189E+00    0.132E-01    0.143E-01    0.587E-02    0.587E-02    0.636E-03    0.636E-03    0.000E+00    0.000E+00
     3.793     0.345    0.553E+00    0.234E+00    0.188E+00    0.130E-01    0.141E-01    0.581E-02    0.581E-02    0.629E-03    0.629E-03    0.000E+00    0.000E+00
     3.793     0.346    0.551E+00    0.233E+00    0.186E+00    0.129E-01    0.139E-01    0.574E-02    0.574E-02    0.623E-03    0.623E-03    0.000E+00    0.000E+00
     3.793     0.347    0.550E+00    0.232E+00    0.185E+00    0.128E-01    0.138E-01    0.568E-02    0.568E-02    0.616E-03    0.616E-03    0.000E+00    0.000E+00
     3.793     0.348    0.548E+00    0.231E+00    0.184E+00    0.126E-01    0.136E-01    0.561E-02    0.561E-02    0.609E-03    0.609E-03    0.000E+00    0.000E+00
     3.793     0.349    0.547E+00    0.230E+00    0.183E+00    0.125E-01    0.134E-01    0.555E-02    0.555E-02    0.602E-03    0.602E-03    0.000E+00    0.000E+00
     3.793     0.350    0.545E+00    0.229E+00    0.181E+00    0.124E-01    0.133E-01    0.548E-02    0.548E-02    0.596E-03    0.596E-03    0.000E+00    0.000E+00
     3.793     0.351    0.544E+00    0.228E+00    0.180E+00    0.122E-01    0.131E-01    0.542E-02    0.542E-02    0.589E-03    0.589E-03    0.000E+00    0.000E+00
     3.793     0.352    0.542E+00    0.227E+00    0.179E+00    0.121E-01    0.130E-01    0.536E-02    0.536E-02    0.583E-03    0.583E-03    0.000E+00    0.000E+00
     3.793     0.353    0.541E+00    0.226E+00    0.178E+00    0.120E-01    0.128E-01    0.530E-02    0.530E-02    0.576E-03    0.576E-03    0.000E+00    0.000E+00
     3.793     0.354    0.539E+00    0.225E+00    0.176E+00    0.118E-01    0.127E-01    0.524E-02    0.524E-02    0.570E-03    0.570E-03    0.000E+00    0.000E+00
     3.793     0.355    0.538E+00    0.224E+00    0.175E+00    0.117E-01    0.125E-01    0.518E-02    0.518E-02    0.564E-03    0.564E-03    0.000E+00    0.000E+00
     3.793     0.356    0.536E+00    0.223E+00    0.174E+00    0.116E-01    0.123E-01    0.512E-02    0.512E-02    0.557E-03    0.557E-03    0.000E+00    0.000E+00
     3.793     0.357    0.535E+00    0.221E+00    0.173E+00    0.114E-01    0.122E-01    0.506E-02    0.506E-02    0.551E-03    0.551E-03    0.000E+00    0.000E+00
     3.793     0.358    0.533E+00    0.220E+00    0.172E+00    0.113E-01    0.120E-01    0.500E-02    0.500E-02    0.545E-03    0.545E-03    0.000E+00    0.000E+00
     3.793     0.359    0.532E+00    0.219E+00    0.170E+00    0.112E-01    0.119E-01    0.494E-02    0.494E-02    0.539E-03    0.539E-03    0.000E+00    0.000E+00
     3.793     0.360    0.530E+00    0.218E+00    0.169E+00    0.111E-01    0.118E-01    0.489E-02    0.489E-02    0.533E-03    0.533E-03    0.000E+00    0.000E+00
     3.793     0.361    0.528E+00    0.217E+00    0.168E+00    0.110E-01    0.116E-01    0.483E-02    0.483E-02    0.527E-03    0.527E-03    0.000E+00    0.000E+00
     3.793     0.362    0.527E+00    0.216E+00    0.167E+00    0.108E-01    0.115E-01    0.477E-02    0.477E-02    0.521E-03    0.521E-03    0.000E+00    0.000E+00
     3.793     0.363    0.525E+00    0.215E+00    0.166E+00    0.107E-01    0.113E-01    0.472E-02    0.472E-02    0.515E-03    0.515E-03    0.000E+00    0.000E+00
     3.793     0.364    0.524E+00    0.214E+00    0.165E+00    0.106E-01    0.112E-01    0.466E-02    0.466E-02    0.509E-03    0.509E-03    0.000E+00    0.000E+00
     3.793     0.365    0.522E+00    0.213E+00    0.163E+00    0.105E-01    0.111E-01    0.461E-02    0.461E-02    0.504E-03    0.504E-03    0.000E+00    0.000E+00
     3.793     0.366    0.521E+00    0.212E+00    0.162E+00    0.104E-01    0.109E-01    0.455E-02    0.455E-02    0.498E-03    0.498E-03    0.000E+00    0.000E+00
     3.793     0.367    0.519E+00    0.211E+00    0.161E+00    0.102E-01    0.108E-01    0.450E-02    0.450E-02    0.492E-03    0.492E-03    0.000E+00    0.000E+00
     3.793     0.368    0.518E+00    0.210E+00    0.160E+00    0.101E-01    0.106E-01    0.445E-02    0.445E-02    0.487E-03    0.487E-03    0.000E+00    0.000E+00
     3.793     0.369    0.516E+00    0.209E+00    0.159E+00    0.100E-01    0.105E-01    0.439E-02    0.439E-02    0.481E-03    0.481E-03    0.000E+00    0.000E+00
     3.793     0.370    0.514E+00    0.208E+00    0.158E+00    0.989E-02    0.104E-01    0.434E-02    0.434E-02    0.476E-03    0.476E-03    0.000E+00    0.000E+00
     3.793     0.371    0.513E+00    0.207E+00    0.157E+00    0.978E-02    0.103E-01    0.429E-02    0.429E-02    0.470E-03    0.470E-03    0.000E+00    0.000E+00
     3.793     0.372    0.511E+00    0.206E+00    0.156E+00    0.967E-02    0.101E-01    0.424E-02    0.424E-02    0.465E-03    0.465E-03    0.000E+00    0.000E+00
     3.793     0.373    0.510E+00    0.205E+00    0.155E+00    0.956E-02    0.100E-01    0.419E-02    0.419E-02    0.460E-03    0.460E-03    0.000E+00    0.000E+00
     3.793     0.374    0.508E+00    0.204E+00    0.153E+00    0.945E-02    0.988E-02    0.414E-02    0.414E-02    0.454E-03    0.454E-03    0.000E+00    0.000E+00
     3.793     0.375    0.506E+00    0.203E+00    0.152E+00    0.934E-02    0.976E-02    0.409E-02    0.409E-02    0.449E-03    0.449E-03    0.000E+00    0.000E+00
     3.793     0.376    0.505E+00    0.202E+00    0.151E+00    0.923E-02    0.964E-02    0.404E-02    0.404E-02    0.444E-03    0.444E-03    0.000E+00    0.000E+00
     3.793     0.377    0.503E+00    0.201E+00    0.150E+00    0.912E-02    0.952E-02    0.399E-02    0.399E-02    0.439E-03    0.439E-03    0.000E+00    0.000E+00
     3.793     0.378    0.502E+00    0.200E+00    0.149E+00    0.902E-02    0.940E-02    0.394E-02    0.394E-02    0.434E-03    0.434E-03    0.000E+00    0.000E+00
     3.793     0.379    0.500E+00    0.199E+00    0.148E+00    0.891E-02    0.928E-02    0.390E-02    0.390E-02    0.429E-03    0.429E-03    0.000E+00    0.000E+00
     3.793     0.380    0.498E+00    0.198E+00    0.147E+00    0.881E-02    0.916E-02    0.385E-02    0.385E-02    0.424E-03    0.424E-03    0.000E+00    0.000E+00
     3.793     0.381    0.497E+00    0.196E+00    0.146E+00    0.871E-02    0.905E-02    0.380E-02    0.380E-02    0.419E-03    0.419E-03    0.000E+00    0.000E+00
     3.793     0.382    0.495E+00    0.195E+00    0.145E+00    0.860E-02    0.893E-02    0.376E-02    0.376E-02    0.414E-03    0.414E-03    0.000E+00    0.000E+00
     3.793     0.383    0.494E+00    0.194E+00    0.144E+00    0.850E-02    0.882E-02    0.371E-02    0.371E-02    0.409E-03    0.409E-03    0.000E+00    0.000E+00
     3.793     0.384    0.492E+00    0.193E+00    0.143E+00    0.840E-02    0.871E-02    0.366E-02    0.366E-02    0.404E-03    0.404E-03    0.000E+00    0.000E+00
     3.793     0.385    0.490E+00    0.192E+00    0.142E+00    0.830E-02    0.860E-02    0.362E-02    0.362E-02    0.399E-03    0.399E-03    0.000E+00    0.000E+00
     3.793     0.386    0.489E+00    0.191E+00    0.141E+00    0.820E-02    0.849E-02    0.358E-02    0.358E-02    0.395E-03    0.395E-03    0.000E+00    0.000E+00
     3.793     0.387    0.487E+00    0.190E+00    0.140E+00    0.811E-02    0.838E-02    0.353E-02    0.353E-02    0.390E-03    0.390E-03    0.000E+00    0.000E+00
     3.793     0.388    0.485E+00    0.189E+00    0.139E+00    0.801E-02    0.828E-02    0.349E-02    0.349E-02    0.385E-03    0.385E-03    0.000E+00    0.000E+00
     3.793     0.389    0.484E+00    0.188E+00    0.138E+00    0.791E-02    0.817E-02    0.345E-02    0.345E-02    0.381E-03    0.381E-03    0.000E+00    0.000E+00
     3.793     0.390    0.482E+00    0.187E+00    0.137E+00    0.782E-02    0.807E-02    0.340E-02    0.340E-02    0.376E-03    0.376E-03    0.000E+00    0.000E+00
     3.793     0.391    0.481E+00    0.186E+00    0.136E+00    0.772E-02    0.797E-02    0.336E-02    0.336E-02    0.372E-03    0.372E-03    0.000E+00    0.000E+00
     3.793     0.392    0.479E+00    0.185E+00    0.135E+00    0.763E-02    0.786E-02    0.332E-02    0.332E-02    0.367E-03    0.367E-03    0.000E+00    0.000E+00
     3.793     0.393    0.477E+00    0.184E+00    0.134E+00    0.754E-02    0.776E-02    0.328E-02    0.328E-02    0.363E-03    0.363E-03    0.000E+00    0.000E+00
     3.793     0.394    0.476E+00    0.183E+00    0.133E+00    0.745E-02    0.766E-02    0.324E-02    0.324E-02    0.359E-03    0.359E-03    0.000E+00    0.000E+00
     3.793     0.395    0.474E+00    0.182E+00    0.132E+00    0.736E-02    0.757E-02    0.320E-02    0.320E-02    0.354E-03    0.354E-03    0.000E+00    0.000E+00
     3.793     0.396    0.472E+00    0.181E+00    0.131E+00    0.727E-02    0.747E-02    0.316E-02    0.316E-02    0.350E-03    0.350E-03    0.000E+00    0.000E+00
     3.793     0.397    0.471E+00    0.180E+00    0.130E+00    0.718E-02    0.737E-02    0.312E-02    0.312E-02    0.346E-03    0.346E-03    0.000E+00    0.000E+00
     3.793     0.398    0.469E+00    0.179E+00    0.129E+00    0.709E-02    0.728E-02    0.308E-02    0.308E-02    0.342E-03    0.342E-03    0.000E+00    0.000E+00
     3.793     0.399    0.468E+00    0.178E+00    0.128E+00    0.700E-02    0.718E-02    0.304E-02    0.304E-02    0.337E-03    0.337E-03    0.000E+00    0.000E+00
     3.793     0.400    0.466E+00    0.177E+00    0.127E+00    0.692E-02    0.709E-02    0.300E-02    0.300E-02    0.333E-03    0.333E-03    0.000E+00    0.000E+00
     3.793     0.401    0.464E+00    0.176E+00    0.126E+00    0.683E-02    0.700E-02    0.296E-02    0.296E-02    0.329E-03    0.329E-03    0.000E+00    0.000E+00
     3.793     0.402    0.463E+00    0.175E+00    0.125E+00    0.675E-02    0.691E-02    0.293E-02    0.293E-02    0.325E-03    0.325E-03    0.000E+00    0.000E+00
     3.793     0.403    0.461E+00    0.174E+00    0.124E+00    0.666E-02    0.682E-02    0.289E-02    0.289E-02    0.321E-03    0.321E-03    0.000E+00    0.000E+00
     3.793     0.404    0.459E+00    0.173E+00    0.123E+00    0.658E-02    0.673E-02    0.285E-02    0.285E-02    0.317E-03    0.317E-03    0.000E+00    0.000E+00
     3.793     0.405    0.458E+00    0.172E+00    0.123E+00    0.650E-02    0.664E-02    0.282E-02    0.282E-02    0.313E-03    0.313E-03    0.000E+00    0.000E+00
     3.793     0.406    0.456E+00    0.171E+00    0.122E+00    0.642E-02    0.656E-02    0.278E-02    0.278E-02    0.310E-03    0.310E-03    0.000E+00    0.000E+00
     3.793     0.407    0.454E+00    0.170E+00    0.121E+00    0.634E-02    0.647E-02    0.274E-02    0.274E-02    0.306E-03    0.306E-03    0.000E+00    0.000E+00
     3.793     0.408    0.453E+00    0.169E+00    0.120E+00    0.626E-02    0.638E-02    0.271E-02    0.271E-02    0.302E-03    0.302E-03    0.000E+00    0.000E+00
     3.793     0.409    0.451E+00    0.168E+00    0.119E+00    0.618E-02    0.630E-02    0.267E-02    0.267E-02    0.298E-03    0.298E-03    0.000E+00    0.000E+00
     3.793     0.410    0.449E+00    0.167E+00    0.118E+00    0.610E-02    0.622E-02    0.264E-02    0.264E-02    0.294E-03    0.294E-03    0.000E+00    0.000E+00
     3.793     0.411    0.448E+00    0.166E+00    0.117E+00    0.602E-02    0.614E-02    0.261E-02    0.261E-02    0.291E-03    0.291E-03    0.000E+00    0.000E+00
     3.793     0.412    0.446E+00    0.165E+00    0.116E+00    0.594E-02    0.606E-02    0.257E-02    0.257E-02    0.287E-03    0.287E-03    0.000E+00    0.000E+00
     3.793     0.413    0.445E+00    0.164E+00    0.115E+00    0.587E-02    0.598E-02    0.254E-02    0.254E-02    0.284E-03    0.284E-03    0.000E+00    0.000E+00
     3.793     0.414    0.443E+00    0.163E+00    0.114E+00    0.579E-02    0.590E-02    0.251E-02    0.251E-02    0.280E-03    0.280E-03    0.000E+00    0.000E+00
     3.793     0.415    0.441E+00    0.162E+00    0.114E+00    0.572E-02    0.582E-02    0.247E-02    0.247E-02    0.276E-03    0.276E-03    0.000E+00    0.000E+00
     3.793     0.416    0.440E+00    0.161E+00    0.113E+00    0.565E-02    0.574E-02    0.244E-02    0.244E-02    0.273E-03    0.273E-03    0.000E+00    0.000E+00
     3.793     0.417    0.438E+00    0.160E+00    0.112E+00    0.557E-02    0.567E-02    0.241E-02    0.241E-02    0.269E-03    0.269E-03    0.000E+00    0.000E+00
     3.793     0.418    0.436E+00    0.159E+00    0.111E+00    0.550E-02    0.559E-02    0.238E-02    0.238E-02    0.266E-03    0.266E-03    0.000E+00    0.000E+00
     3.793     0.419    0.435E+00    0.158E+00    0.110E+00    0.543E-02    0.552E-02    0.235E-02    0.235E-02    0.263E-03    0.263E-03    0.000E+00    0.000E+00
     3.793     0.420    0.433E+00    0.157E+00    0.109E+00    0.536E-02    0.544E-02    0.232E-02    0.232E-02    0.259E-03    0.259E-03    0.000E+00    0.000E+00
     3.793     0.421    0.431E+00    0.156E+00    0.108E+00    0.529E-02    0.537E-02    0.229E-02    0.229E-02    0.256E-03    0.256E-03    0.000E+00    0.000E+00
     3.793     0.422    0.430E+00    0.155E+00    0.108E+00    0.522E-02    0.530E-02    0.226E-02    0.226E-02    0.253E-03    0.253E-03    0.000E+00    0.000E+00
     3.793     0.423    0.428E+00    0.154E+00    0.107E+00    0.515E-02    0.523E-02    0.223E-02    0.223E-02    0.249E-03    0.249E-03    0.000E+00    0.000E+00
     3.793     0.424    0.426E+00    0.153E+00    0.106E+00    0.509E-02    0.516E-02    0.220E-02    0.220E-02    0.246E-03    0.246E-03    0.000E+00    0.000E+00
     3.793     0.425    0.425E+00    0.152E+00    0.105E+00    0.502E-02    0.509E-02    0.217E-02    0.217E-02    0.243E-03    0.243E-03    0.000E+00    0.000E+00
     3.793     0.426    0.423E+00    0.151E+00    0.104E+00    0.495E-02    0.502E-02    0.214E-02    0.214E-02    0.240E-03    0.240E-03    0.000E+00    0.000E+00
     3.793     0.427    0.421E+00    0.150E+00    0.104E+00    0.489E-02    0.495E-02    0.211E-02    0.211E-02    0.237E-03    0.237E-03    0.000E+00    0.000E+00
     3.793     0.428    0.420E+00    0.149E+00    0.103E+00    0.482E-02    0.488E-02    0.208E-02    0.208E-02    0.234E-03    0.234E-03    0.000E+00    0.000E+00
     3.793     0.429    0.418E+00    0.149E+00    0.102E+00    0.476E-02    0.482E-02    0.205E-02    0.205E-02    0.231E-03    0.231E-03    0.000E+00    0.000E+00
     3.793     0.430    0.416E+00    0.148E+00    0.101E+00    0.470E-02    0.475E-02    0.203E-02    0.203E-02    0.228E-03    0.228E-03    0.000E+00    0.000E+00
     3.793     0.431    0.415E+00    0.147E+00    0.100E+00    0.463E-02    0.469E-02    0.200E-02    0.200E-02    0.225E-03    0.225E-03    0.000E+00    0.000E+00
     3.793     0.432    0.413E+00    0.146E+00    0.995E-01    0.457E-02    0.462E-02    0.197E-02    0.197E-02    0.222E-03    0.222E-03    0.000E+00    0.000E+00
     3.793     0.433    0.411E+00    0.145E+00    0.987E-01    0.451E-02    0.456E-02    0.195E-02    0.195E-02    0.219E-03    0.219E-03    0.000E+00    0.000E+00
     3.793     0.434    0.410E+00    0.144E+00    0.980E-01    0.445E-02    0.450E-02    0.192E-02    0.192E-02    0.216E-03    0.216E-03    0.000E+00    0.000E+00
     3.793     0.435    0.408E+00    0.143E+00    0.972E-01    0.439E-02    0.444E-02    0.189E-02    0.189E-02    0.213E-03    0.213E-03    0.000E+00    0.000E+00
     3.793     0.436    0.407E+00    0.142E+00    0.964E-01    0.433E-02    0.437E-02    0.187E-02    0.187E-02    0.210E-03    0.210E-03    0.000E+00    0.000E+00
     3.793     0.437    0.405E+00    0.141E+00    0.956E-01    0.427E-02    0.431E-02    0.184E-02    0.184E-02    0.207E-03    0.207E-03    0.000E+00    0.000E+00
     3.793     0.438    0.403E+00    0.140E+00    0.949E-01    0.421E-02    0.425E-02    0.182E-02    0.182E-02    0.205E-03    0.205E-03    0.000E+00    0.000E+00
     3.793     0.439    0.402E+00    0.139E+00    0.941E-01    0.416E-02    0.420E-02    0.179E-02    0.179E-02    0.202E-03    0.202E-03    0.000E+00    0.000E+00
     3.793     0.440    0.400E+00    0.138E+00    0.933E-01    0.410E-02    0.414E-02    0.177E-02    0.177E-02    0.199E-03    0.199E-03    0.000E+00    0.000E+00
     3.793     0.441    0.398E+00    0.137E+00    0.926E-01    0.404E-02    0.408E-02    0.174E-02    0.174E-02    0.196E-03    0.196E-03    0.000E+00    0.000E+00
     3.793     0.442    0.397E+00    0.136E+00    0.918E-01    0.399E-02    0.402E-02    0.172E-02    0.172E-02    0.194E-03    0.194E-03    0.000E+00    0.000E+00
     3.793     0.443    0.395E+00    0.135E+00    0.911E-01    0.393E-02    0.397E-02    0.169E-02    0.169E-02    0.191E-03    0.191E-03    0.000E+00    0.000E+00
     3.793     0.444    0.393E+00    0.135E+00    0.903E-01    0.388E-02    0.391E-02    0.167E-02    0.167E-02    0.188E-03    0.188E-03    0.000E+00    0.000E+00
     3.793     0.445    0.392E+00    0.134E+00    0.896E-01    0.383E-02    0.386E-02    0.165E-02    0.165E-02    0.186E-03    0.186E-03    0.000E+00    0.000E+00
     3.793     0.446    0.390E+00    0.133E+00    0.889E-01    0.377E-02    0.380E-02    0.163E-02    0.163E-02    0.183E-03    0.183E-03    0.000E+00    0.000E+00
     3.793     0.447    0.388E+00    0.132E+00    0.881E-01    0.372E-02    0.375E-02    0.160E-02    0.160E-02    0.181E-03    0.181E-03    0.000E+00    0.000E+00
     3.793     0.448    0.387E+00    0.131E+00    0.874E-01    0.367E-02    0.370E-02    0.158E-02    0.158E-02    0.178E-03    0.178E-03    0.000E+00    0.000E+00
     3.793     0.449    0.385E+00    0.130E+00    0.867E-01    0.362E-02    0.364E-02    0.156E-02    0.156E-02    0.176E-03    0.176E-03    0.000E+00    0.000E+00
     3.793     0.450    0.383E+00    0.129E+00    0.860E-01    0.357E-02    0.359E-02    0.154E-02    0.154E-02    0.173E-03    0.173E-03    0.000E+00    0.000E+00
     3.793     0.451    0.382E+00    0.128E+00    0.852E-01    0.352E-02    0.354E-02    0.151E-02    0.151E-02    0.171E-03    0.171E-03    0.000E+00    0.000E+00
     3.793     0.452    0.380E+00    0.127E+00    0.845E-01    0.347E-02    0.349E-02    0.149E-02    0.149E-02    0.169E-03    0.169E-03    0.000E+00    0.000E+00
     3.793     0.453    0.379E+00    0.126E+00    0.838E-01    0.342E-02    0.344E-02    0.147E-02    0.147E-02    0.166E-03    0.166E-03    0.000E+00    0.000E+00
     3.793     0.454    0.377E+00    0.125E+00    0.831E-01    0.337E-02    0.339E-02    0.145E-02    0.145E-02    0.164E-03    0.164E-03    0.000E+00    0.000E+00
     3.793     0.455    0.375E+00    0.125E+00    0.824E-01    0.333E-02    0.335E-02    0.143E-02    0.143E-02    0.162E-03    0.162E-03    0.000E+00    0.000E+00
     3.793     0.456    0.374E+00    0.124E+00    0.817E-01    0.328E-02    0.330E-02    0.141E-02    0.141E-02    0.159E-03    0.159E-03    0.000E+00    0.000E+00
     3.793     0.457    0.372E+00    0.123E+00    0.810E-01    0.323E-02    0.325E-02    0.139E-02    0.139E-02    0.157E-03    0.157E-03    0.000E+00    0.000E+00
     3.793     0.458    0.370E+00    0.122E+00    0.804E-01    0.319E-02    0.320E-02    0.137E-02    0.137E-02    0.155E-03    0.155E-03    0.000E+00    0.000E+00
     3.793     0.459    0.369E+00    0.121E+00    0.797E-01    0.314E-02    0.316E-02    0.135E-02    0.135E-02    0.153E-03    0.153E-03    0.000E+00    0.000E+00
     3.793     0.460    0.367E+00    0.120E+00    0.790E-01    0.310E-02    0.311E-02    0.133E-02    0.133E-02    0.151E-03    0.151E-03    0.000E+00    0.000E+00
     3.793     0.461    0.365E+00    0.119E+00    0.783E-01    0.305E-02    0.307E-02    0.131E-02    0.131E-02    0.148E-03    0.148E-03    0.000E+00    0.000E+00
     3.793     0.462    0.364E+00    0.118E+00    0.776E-01    0.301E-02    0.302E-02    0.129E-02    0.129E-02    0.146E-03    0.146E-03    0.000E+00    0.000E+00
     3.793     0.463    0.362E+00    0.118E+00    0.770E-01    0.296E-02    0.298E-02    0.128E-02    0.128E-02    0.144E-03    0.144E-03    0.000E+00    0.000E+00
     3.793     0.464    0.361E+00    0.117E+00    0.763E-01    0.292E-02    0.294E-02    0.126E-02    0.126E-02    0.142E-03    0.142E-03    0.000E+00    0.000E+00
     3.793     0.465    0.359E+00    0.116E+00    0.757E-01    0.288E-02    0.289E-02    0.124E-02    0.124E-02    0.140E-03    0.140E-03    0.000E+00    0.000E+00
     3.793     0.466    0.357E+00    0.115E+00    0.750E-01    0.284E-02    0.285E-02    0.122E-02    0.122E-02    0.138E-03    0.138E-03    0.000E+00    0.000E+00
     3.793     0.467    0.356E+00    0.114E+00    0.743E-01    0.280E-02    0.281E-02    0.120E-02    0.120E-02    0.136E-03    0.136E-03    0.000E+00    0.000E+00
     3.793     0.468    0.354E+00    0.113E+00    0.737E-01    0.276E-02    0.277E-02    0.119E-02    0.119E-02    0.134E-03    0.134E-03    0.000E+00    0.000E+00
     3.793     0.469    0.352E+00    0.113E+00    0.731E-01    0.272E-02    0.273E-02    0.117E-02    0.117E-02    0.132E-03    0.132E-03    0.000E+00    0.000E+00
     3.793     0.470    0.351E+00    0.112E+00    0.724E-01    0.268E-02    0.269E-02    0.115E-02    0.115E-02    0.130E-03    0.130E-03    0.000E+00    0.000E+00
     3.793     0.471    0.349E+00    0.111E+00    0.718E-01    0.264E-02    0.265E-02    0.113E-02    0.113E-02    0.128E-03    0.128E-03    0.000E+00    0.000E+00
     3.793     0.472    0.348E+00    0.110E+00    0.711E-01    0.260E-02    0.261E-02    0.112E-02    0.112E-02    0.126E-03    0.126E-03    0.000E+00    0.000E+00
     3.793     0.473    0.346E+00    0.109E+00    0.705E-01    0.256E-02    0.257E-02    0.110E-02    0.110E-02    0.125E-03    0.125E-03    0.000E+00    0.000E+00
     3.793     0.474    0.344E+00    0.108E+00    0.699E-01    0.252E-02    0.253E-02    0.108E-02    0.108E-02    0.123E-03    0.123E-03    0.000E+00    0.000E+00
     3.793     0.475    0.343E+00    0.108E+00    0.693E-01    0.249E-02    0.249E-02    0.107E-02    0.107E-02    0.121E-03    0.121E-03    0.000E+00    0.000E+00
     3.793     0.476    0.341E+00    0.107E+00    0.686E-01    0.245E-02    0.246E-02    0.105E-02    0.105E-02    0.119E-03    0.119E-03    0.000E+00    0.000E+00
     3.793     0.477    0.340E+00    0.106E+00    0.680E-01    0.241E-02    0.242E-02    0.104E-02    0.104E-02    0.117E-03    0.117E-03    0.000E+00    0.000E+00
     3.793     0.478    0.338E+00    0.105E+00    0.674E-01    0.238E-02    0.238E-02    0.102E-02    0.102E-02    0.116E-03    0.116E-03    0.000E+00    0.000E+00
     3.793     0.479    0.336E+00    0.104E+00    0.668E-01    0.234E-02    0.235E-02    0.101E-02    0.101E-02    0.114E-03    0.114E-03    0.000E+00    0.000E+00
     3.793     0.480    0.335E+00    0.103E+00    0.662E-01    0.231E-02    0.231E-02    0.991E-03    0.991E-03    0.112E-03    0.112E-03    0.000E+00    0.000E+00
     3.793     0.481    0.333E+00    0.103E+00    0.656E-01    0.227E-02    0.228E-02    0.976E-03    0.976E-03    0.110E-03    0.110E-03    0.000E+00    0.000E+00
     3.793     0.482    0.332E+00    0.102E+00    0.650E-01    0.224E-02    0.224E-02    0.962E-03    0.962E-03    0.109E-03    0.109E-03    0.000E+00    0.000E+00
     3.793     0.483    0.330E+00    0.101E+00    0.644E-01    0.220E-02    0.221E-02    0.947E-03    0.947E-03    0.107E-03    0.107E-03    0.000E+00    0.000E+00
     3.793     0.484    0.328E+00    0.100E+00    0.638E-01    0.217E-02    0.218E-02    0.933E-03    0.933E-03    0.105E-03    0.105E-03    0.000E+00    0.000E+00
     3.793     0.485    0.327E+00    0.995E-01    0.633E-01    0.214E-02    0.214E-02    0.919E-03    0.919E-03    0.104E-03    0.104E-03    0.000E+00    0.000E+00
     3.793     0.486    0.325E+00    0.987E-01    0.627E-01    0.211E-02    0.211E-02    0.905E-03    0.905E-03    0.102E-03    0.102E-03    0.000E+00    0.000E+00
     3.793     0.487    0.324E+00    0.979E-01    0.621E-01    0.207E-02    0.208E-02    0.891E-03    0.891E-03    0.101E-03    0.101E-03    0.000E+00    0.000E+00
     3.793     0.488    0.322E+00    0.972E-01    0.615E-01    0.204E-02    0.205E-02    0.877E-03    0.877E-03    0.991E-04    0.991E-04    0.000E+00    0.000E+00
     3.793     0.489    0.320E+00    0.964E-01    0.610E-01    0.201E-02    0.202E-02    0.864E-03    0.864E-03    0.976E-04    0.976E-04    0.000E+00    0.000E+00
     3.793     0.490    0.319E+00    0.956E-01    0.604E-01    0.198E-02    0.198E-02    0.851E-03    0.851E-03    0.961E-04    0.961E-04    0.000E+00    0.000E+00
     3.793     0.491    0.317E+00    0.948E-01    0.598E-01    0.195E-02    0.195E-02    0.837E-03    0.837E-03    0.946E-04    0.946E-04    0.000E+00    0.000E+00
     3.793     0.492    0.316E+00    0.941E-01    0.593E-01    0.192E-02    0.192E-02    0.825E-03    0.825E-03    0.931E-04    0.931E-04    0.000E+00    0.000E+00
     3.793     0.493    0.314E+00    0.933E-01    0.587E-01    0.189E-02    0.189E-02    0.812E-03    0.812E-03    0.917E-04    0.917E-04    0.000E+00    0.000E+00
     3.793     0.494    0.313E+00    0.926E-01    0.582E-01    0.186E-02    0.186E-02    0.799E-03    0.799E-03    0.902E-04    0.902E-04    0.000E+00    0.000E+00
     3.793     0.495    0.311E+00    0.918E-01    0.576E-01    0.183E-02    0.184E-02    0.787E-03    0.787E-03    0.888E-04    0.888E-04    0.000E+00    0.000E+00
     3.793     0.496    0.309E+00    0.911E-01    0.571E-01    0.180E-02    0.181E-02    0.775E-03    0.775E-03    0.874E-04    0.874E-04    0.000E+00    0.000E+00
     3.793     0.497    0.308E+00    0.903E-01    0.565E-01    0.178E-02    0.178E-02    0.763E-03    0.763E-03    0.860E-04    0.860E-04    0.000E+00    0.000E+00
     3.793     0.498    0.306E+00    0.896E-01    0.560E-01    0.175E-02    0.175E-02    0.751E-03    0.751E-03    0.847E-04    0.847E-04    0.000E+00    0.000E+00
     3.793     0.499    0.305E+00    0.888E-01    0.554E-01    0.172E-02    0.172E-02    0.739E-03    0.739E-03    0.833E-04    0.833E-04    0.000E+00    0.000E+00
     3.793     0.500    0.303E+00    0.881E-01    0.549E-01    0.169E-02    0.170E-02    0.727E-03    0.727E-03    0.820E-04    0.820E-04    0.000E+00    0.000E+00
     3.793     0.501    0.302E+00    0.874E-01    0.544E-01    0.167E-02    0.167E-02    0.716E-03    0.716E-03    0.807E-04    0.807E-04    0.000E+00    0.000E+00
     3.793     0.502    0.300E+00    0.866E-01    0.539E-01    0.164E-02    0.164E-02    0.705E-03    0.705E-03    0.794E-04    0.794E-04    0.000E+00    0.000E+00
     3.793     0.503    0.299E+00    0.859E-01    0.533E-01    0.162E-02    0.162E-02    0.693E-03    0.693E-03    0.781E-04    0.781E-04    0.000E+00    0.000E+00
     3.793     0.504    0.297E+00    0.852E-01    0.528E-01    0.159E-02    0.159E-02    0.682E-03    0.682E-03    0.768E-04    0.768E-04    0.000E+00    0.000E+00
     3.793     0.505    0.296E+00    0.845E-01    0.523E-01    0.156E-02    0.157E-02    0.672E-03    0.672E-03    0.756E-04    0.756E-04    0.000E+00    0.000E+00
     3.793     0.506    0.294E+00    0.838E-01    0.518E-01    0.154E-02    0.154E-02    0.661E-03    0.661E-03    0.743E-04    0.743E-04    0.000E+00    0.000E+00
     3.793     0.507    0.292E+00    0.830E-01    0.513E-01    0.152E-02    0.152E-02    0.650E-03    0.650E-03    0.731E-04    0.731E-04    0.000E+00    0.000E+00
     3.793     0.508    0.291E+00    0.823E-01    0.508E-01    0.149E-02    0.149E-02    0.640E-03    0.640E-03    0.719E-04    0.719E-04    0.000E+00    0.000E+00
     3.793     0.509    0.289E+00    0.816E-01    0.503E-01    0.147E-02    0.147E-02    0.630E-03    0.630E-03    0.707E-04    0.707E-04    0.000E+00    0.000E+00
     3.793     0.510    0.288E+00    0.809E-01    0.498E-01    0.144E-02    0.145E-02    0.620E-03    0.620E-03    0.696E-04    0.696E-04    0.000E+00    0.000E+00
     3.793     0.511    0.286E+00    0.802E-01    0.493E-01    0.142E-02    0.142E-02    0.610E-03    0.610E-03    0.684E-04    0.684E-04    0.000E+00    0.000E+00
     3.793     0.512    0.285E+00    0.795E-01    0.488E-01    0.140E-02    0.140E-02    0.600E-03    0.600E-03    0.673E-04    0.673E-04    0.000E+00    0.000E+00
     3.793     0.513    0.283E+00    0.789E-01    0.483E-01    0.138E-02    0.138E-02    0.590E-03    0.590E-03    0.662E-04    0.662E-04    0.000E+00    0.000E+00
     3.793     0.514    0.282E+00    0.782E-01    0.478E-01    0.135E-02    0.135E-02    0.580E-03    0.580E-03    0.651E-04    0.651E-04    0.000E+00    0.000E+00
     3.793     0.515    0.280E+00    0.775E-01    0.474E-01    0.133E-02    0.133E-02    0.571E-03    0.571E-03    0.640E-04    0.640E-04    0.000E+00    0.000E+00
     3.793     0.516    0.279E+00    0.768E-01    0.469E-01    0.131E-02    0.131E-02    0.562E-03    0.562E-03    0.629E-04    0.629E-04    0.000E+00    0.000E+00
     3.793     0.517    0.277E+00    0.761E-01    0.464E-01    0.129E-02    0.129E-02    0.553E-03    0.553E-03    0.618E-04    0.618E-04    0.000E+00    0.000E+00
     3.793     0.518    0.276E+00    0.755E-01    0.459E-01    0.127E-02    0.127E-02    0.544E-03    0.544E-03    0.608E-04    0.608E-04    0.000E+00    0.000E+00
     3.793     0.519    0.274E+00    0.748E-01    0.455E-01    0.125E-02    0.125E-02    0.535E-03    0.535E-03    0.598E-04    0.598E-04    0.000E+00    0.000E+00
     3.793     0.520    0.273E+00    0.741E-01    0.450E-01    0.123E-02    0.123E-02    0.526E-03    0.526E-03    0.587E-04    0.587E-04    0.000E+00    0.000E+00
     3.793     0.521    0.271E+00    0.735E-01    0.446E-01    0.121E-02    0.121E-02    0.517E-03    0.517E-03    0.577E-04    0.577E-04    0.000E+00    0.000E+00
     3.793     0.522    0.270E+00    0.728E-01    0.441E-01    0.119E-02    0.119E-02    0.509E-03    0.509E-03    0.568E-04    0.568E-04    0.000E+00    0.000E+00
     3.793     0.523    0.268E+00    0.722E-01    0.436E-01    0.117E-02    0.117E-02    0.500E-03    0.500E-03    0.558E-04    0.558E-04    0.000E+00    0.000E+00
     3.793     0.524    0.267E+00    0.715E-01    0.432E-01    0.115E-02    0.115E-02    0.492E-03    0.492E-03    0.548E-04    0.548E-04    0.000E+00    0.000E+00
     3.793     0.525    0.265E+00    0.709E-01    0.427E-01    0.113E-02    0.113E-02    0.484E-03    0.484E-03    0.539E-04    0.539E-04    0.000E+00    0.000E+00
     3.793     0.526    0.264E+00    0.702E-01    0.423E-01    0.111E-02    0.111E-02    0.475E-03    0.475E-03    0.529E-04    0.529E-04    0.000E+00    0.000E+00
     3.793     0.527    0.262E+00    0.696E-01    0.419E-01    0.109E-02    0.109E-02    0.467E-03    0.467E-03    0.520E-04    0.520E-04    0.000E+00    0.000E+00
     3.793     0.528    0.261E+00    0.690E-01    0.414E-01    0.107E-02    0.107E-02    0.460E-03    0.460E-03    0.511E-04    0.511E-04    0.000E+00    0.000E+00
     3.793     0.529    0.259E+00    0.683E-01    0.410E-01    0.105E-02    0.105E-02    0.452E-03    0.452E-03    0.502E-04    0.502E-04    0.000E+00    0.000E+00
     3.793     0.530    0.258E+00    0.677E-01    0.406E-01    0.104E-02    0.104E-02    0.444E-03    0.444E-03    0.493E-04    0.493E-04    0.000E+00    0.000E+00
     3.793     0.531    0.256E+00    0.671E-01    0.401E-01    0.102E-02    0.102E-02    0.437E-03    0.437E-03    0.484E-04    0.484E-04    0.000E+00    0.000E+00
     3.793     0.532    0.255E+00    0.665E-01    0.397E-01    0.100E-02    0.100E-02    0.429E-03    0.429E-03    0.476E-04    0.476E-04    0.000E+00    0.000E+00
     3.793     0.533    0.253E+00    0.659E-01    0.393E-01    0.985E-03    0.985E-03    0.422E-03    0.422E-03    0.467E-04    0.467E-04    0.000E+00    0.000E+00
     3.793     0.534    0.252E+00    0.653E-01    0.389E-01    0.968E-03    0.969E-03    0.415E-03    0.415E-03    0.459E-04    0.459E-04    0.000E+00    0.000E+00
     3.793     0.535    0.251E+00    0.646E-01    0.385E-01    0.952E-03    0.952E-03    0.408E-03    0.408E-03    0.451E-04    0.451E-04    0.000E+00    0.000E+00
     3.793     0.536    0.249E+00    0.640E-01    0.380E-01    0.935E-03    0.936E-03    0.401E-03    0.401E-03    0.443E-04    0.443E-04    0.000E+00    0.000E+00
     3.793     0.537    0.248E+00    0.634E-01    0.376E-01    0.919E-03    0.920E-03    0.394E-03    0.394E-03    0.435E-04    0.435E-04    0.000E+00    0.000E+00
     3.793     0.538    0.246E+00    0.628E-01    0.372E-01    0.904E-03    0.904E-03    0.387E-03    0.387E-03    0.427E-04    0.427E-04    0.000E+00    0.000E+00
     3.793     0.539    0.245E+00    0.623E-01    0.368E-01    0.888E-03    0.889E-03    0.381E-03    0.381E-03    0.419E-04    0.419E-04    0.000E+00    0.000E+00
     3.793     0.540    0.243E+00    0.617E-01    0.364E-01    0.873E-03    0.873E-03    0.374E-03    0.374E-03    0.412E-04    0.412E-04    0.000E+00    0.000E+00
     3.793     0.541    0.242E+00    0.611E-01    0.360E-01    0.858E-03    0.858E-03    0.368E-03    0.368E-03    0.404E-04    0.404E-04    0.000E+00    0.000E+00
     3.793     0.542    0.241E+00    0.605E-01    0.356E-01    0.843E-03    0.843E-03    0.361E-03    0.361E-03    0.397E-04    0.397E-04    0.000E+00    0.000E+00
     3.793     0.543    0.239E+00    0.599E-01    0.352E-01    0.829E-03    0.829E-03    0.355E-03    0.355E-03    0.389E-04    0.389E-04    0.000E+00    0.000E+00
     3.793     0.544    0.238E+00    0.594E-01    0.349E-01    0.814E-03    0.814E-03    0.349E-03    0.349E-03    0.382E-04    0.382E-04    0.000E+00    0.000E+00
     3.793     0.545    0.236E+00    0.588E-01    0.345E-01    0.800E-03    0.800E-03    0.342E-03    0.342E-03    0.375E-04    0.375E-04    0.000E+00    0.000E+00
     3.793     0.546    0.235E+00    0.582E-01    0.341E-01    0.786E-03    0.786E-03    0.336E-03    0.336E-03    0.368E-04    0.368E-04    0.000E+00    0.000E+00
     3.793     0.547    0.233E+00    0.577E-01    0.337E-01    0.772E-03    0.772E-03    0.331E-03    0.331E-03    0.361E-04    0.361E-04    0.000E+00    0.000E+00
     3.793     0.548    0.232E+00    0.571E-01    0.333E-01    0.758E-03    0.759E-03    0.325E-03    0.325E-03    0.354E-04    0.354E-04    0.000E+00    0.000E+00
     3.793     0.549    0.231E+00    0.565E-01    0.330E-01    0.745E-03    0.745E-03    0.319E-03    0.319E-03    0.348E-04    0.348E-04    0.000E+00    0.000E+00
     3.793     0.550    0.229E+00    0.560E-01    0.326E-01    0.732E-03    0.732E-03    0.313E-03    0.313E-03    0.341E-04    0.341E-04    0.000E+00    0.000E+00
     3.793     0.551    0.228E+00    0.554E-01    0.322E-01    0.719E-03    0.719E-03    0.308E-03    0.308E-03    0.335E-04    0.335E-04    0.000E+00    0.000E+00
     3.793     0.552    0.226E+00    0.549E-01    0.319E-01    0.706E-03    0.706E-03    0.302E-03    0.302E-03    0.328E-04    0.328E-04    0.000E+00    0.000E+00
     3.793     0.553    0.225E+00    0.544E-01    0.315E-01    0.694E-03    0.694E-03    0.297E-03    0.297E-03    0.322E-04    0.322E-04    0.000E+00    0.000E+00
     3.793     0.554    0.224E+00    0.538E-01    0.312E-01    0.681E-03    0.681E-03    0.291E-03    0.291E-03    0.316E-04    0.316E-04    0.000E+00    0.000E+00
     3.793     0.555    0.222E+00    0.533E-01    0.308E-01    0.669E-03    0.669E-03    0.286E-03    0.286E-03    0.310E-04    0.310E-04    0.000E+00    0.000E+00
     3.793     0.556    0.221E+00    0.528E-01    0.304E-01    0.657E-03    0.657E-03    0.281E-03    0.281E-03    0.304E-04    0.304E-04    0.000E+00    0.000E+00
     3.793     0.557    0.220E+00    0.522E-01    0.301E-01    0.645E-03    0.645E-03    0.276E-03    0.276E-03    0.298E-04    0.298E-04    0.000E+00    0.000E+00
     3.793     0.558    0.218E+00    0.517E-01    0.298E-01    0.634E-03    0.634E-03    0.271E-03    0.271E-03    0.292E-04    0.292E-04    0.000E+00    0.000E+00
     3.793     0.559    0.217E+00    0.512E-01    0.294E-01    0.622E-03    0.622E-03    0.266E-03    0.266E-03    0.287E-04    0.287E-04    0.000E+00    0.000E+00
     3.793     0.560    0.215E+00    0.507E-01    0.291E-01    0.611E-03    0.611E-03    0.261E-03    0.261E-03    0.281E-04    0.281E-04    0.000E+00    0.000E+00
     3.793     0.561    0.214E+00    0.502E-01    0.287E-01    0.600E-03    0.600E-03    0.257E-03    0.257E-03    0.275E-04    0.275E-04    0.000E+00    0.000E+00
     3.793     0.562    0.213E+00    0.497E-01    0.284E-01    0.589E-03    0.589E-03    0.252E-03    0.252E-03    0.270E-04    0.270E-04    0.000E+00    0.000E+00
     3.793     0.563    0.211E+00    0.491E-01    0.281E-01    0.578E-03    0.578E-03    0.247E-03    0.247E-03    0.265E-04    0.265E-04    0.000E+00    0.000E+00
     3.793     0.564    0.210E+00    0.486E-01    0.277E-01    0.568E-03    0.568E-03    0.243E-03    0.243E-03    0.259E-04    0.259E-04    0.000E+00    0.000E+00
     3.793     0.565    0.209E+00    0.481E-01    0.274E-01    0.557E-03    0.557E-03    0.238E-03    0.238E-03    0.254E-04    0.254E-04    0.000E+00    0.000E+00
     3.793     0.566    0.207E+00    0.477E-01    0.271E-01    0.547E-03    0.547E-03    0.234E-03    0.234E-03    0.249E-04    0.249E-04    0.000E+00    0.000E+00
     3.793     0.567    0.206E+00    0.472E-01    0.268E-01    0.537E-03    0.537E-03    0.229E-03    0.229E-03    0.244E-04    0.244E-04    0.000E+00    0.000E+00
     3.793     0.568    0.205E+00    0.467E-01    0.265E-01    0.527E-03    0.527E-03    0.225E-03    0.225E-03    0.239E-04    0.239E-04    0.000E+00    0.000E+00
     3.793     0.569    0.203E+00    0.462E-01    0.261E-01    0.517E-03    0.517E-03    0.221E-03    0.221E-03    0.234E-04    0.234E-04    0.000E+00    0.000E+00
     3.793     0.570    0.202E+00    0.457E-01    0.258E-01    0.508E-03    0.508E-03    0.217E-03    0.217E-03    0.230E-04    0.230E-04    0.000E+00    0.000E+00
     3.793     0.571    0.201E+00    0.452E-01    0.255E-01    0.498E-03    0.498E-03    0.213E-03    0.213E-03    0.225E-04    0.225E-04    0.000E+00    0.000E+00
     3.793     0.572    0.199E+00    0.448E-01    0.252E-01    0.489E-03    0.489E-03    0.209E-03    0.209E-03    0.220E-04    0.220E-04    0.000E+00    0.000E+00
     3.793     0.573    0.198E+00    0.443E-01    0.249E-01    0.480E-03    0.480E-03    0.205E-03    0.205E-03    0.216E-04    0.216E-04    0.000E+00    0.000E+00
     3.793     0.574    0.197E+00    0.438E-01    0.246E-01    0.471E-03    0.471E-03    0.201E-03    0.201E-03    0.211E-04    0.211E-04    0.000E+00    0.000E+00
     3.793     0.575    0.196E+00    0.434E-01    0.243E-01    0.462E-03    0.462E-03    0.197E-03    0.197E-03    0.207E-04    0.207E-04    0.000E+00    0.000E+00
     3.793     0.576    0.194E+00    0.429E-01    0.240E-01    0.453E-03    0.453E-03    0.193E-03    0.193E-03    0.203E-04    0.203E-04    0.000E+00    0.000E+00
     3.793     0.577    0.193E+00    0.425E-01    0.237E-01    0.445E-03    0.445E-03    0.190E-03    0.190E-03    0.198E-04    0.198E-04    0.000E+00    0.000E+00
     3.793     0.578    0.192E+00    0.420E-01    0.234E-01    0.436E-03    0.436E-03    0.186E-03    0.186E-03    0.194E-04    0.194E-04    0.000E+00    0.000E+00
     3.793     0.579    0.190E+00    0.416E-01    0.231E-01    0.428E-03    0.428E-03    0.183E-03    0.183E-03    0.190E-04    0.190E-04    0.000E+00    0.000E+00
     3.793     0.580    0.189E+00    0.411E-01    0.229E-01    0.420E-03    0.420E-03    0.179E-03    0.179E-03    0.186E-04    0.186E-04    0.000E+00    0.000E+00
     3.793     0.581    0.188E+00    0.407E-01    0.226E-01    0.412E-03    0.412E-03    0.176E-03    0.176E-03    0.182E-04    0.182E-04    0.000E+00    0.000E+00
     3.793     0.582    0.187E+00    0.402E-01    0.223E-01    0.404E-03    0.404E-03    0.172E-03    0.172E-03    0.178E-04    0.178E-04    0.000E+00    0.000E+00
     3.793     0.583    0.185E+00    0.398E-01    0.220E-01    0.396E-03    0.396E-03    0.169E-03    0.169E-03    0.175E-04    0.175E-04    0.000E+00    0.000E+00
     3.793     0.584    0.184E+00    0.394E-01    0.217E-01    0.389E-03    0.389E-03    0.166E-03    0.166E-03    0.171E-04    0.171E-04    0.000E+00    0.000E+00
     3.793     0.585    0.183E+00    0.389E-01    0.215E-01    0.381E-03    0.381E-03    0.162E-03    0.162E-03    0.167E-04    0.167E-04    0.000E+00    0.000E+00
     3.793     0.586    0.181E+00    0.385E-01    0.212E-01    0.374E-03    0.374E-03    0.159E-03    0.159E-03    0.164E-04    0.164E-04    0.000E+00    0.000E+00
     3.793     0.587    0.180E+00    0.381E-01    0.209E-01    0.366E-03    0.366E-03    0.156E-03    0.156E-03    0.160E-04    0.160E-04    0.000E+00    0.000E+00
     3.793     0.588    0.179E+00    0.377E-01    0.207E-01    0.359E-03    0.359E-03    0.153E-03    0.153E-03    0.156E-04    0.156E-04    0.000E+00    0.000E+00
     3.793     0.589    0.178E+00    0.373E-01    0.204E-01    0.352E-03    0.352E-03    0.150E-03    0.150E-03    0.153E-04    0.153E-04    0.000E+00    0.000E+00
     3.793     0.590    0.176E+00    0.369E-01    0.201E-01    0.345E-03    0.345E-03    0.147E-03    0.147E-03    0.150E-04    0.150E-04    0.000E+00    0.000E+00
     3.793     0.591    0.175E+00    0.364E-01    0.199E-01    0.339E-03    0.339E-03    0.144E-03    0.144E-03    0.146E-04    0.146E-04    0.000E+00    0.000E+00
     3.793     0.592    0.174E+00    0.360E-01    0.196E-01    0.332E-03    0.332E-03    0.141E-03    0.141E-03    0.143E-04    0.143E-04    0.000E+00    0.000E+00
     3.793     0.593    0.173E+00    0.356E-01    0.194E-01    0.325E-03    0.325E-03    0.139E-03    0.139E-03    0.140E-04    0.140E-04    0.000E+00    0.000E+00
     3.793     0.594    0.172E+00    0.352E-01    0.191E-01    0.319E-03    0.319E-03    0.136E-03    0.136E-03    0.137E-04    0.137E-04    0.000E+00    0.000E+00
     3.793     0.595    0.170E+00    0.348E-01    0.189E-01    0.312E-03    0.313E-03    0.133E-03    0.133E-03    0.134E-04    0.134E-04    0.000E+00    0.000E+00
     3.793     0.596    0.169E+00    0.345E-01    0.186E-01    0.306E-03    0.306E-03    0.130E-03    0.130E-03    0.131E-04    0.131E-04    0.000E+00    0.000E+00
     3.793     0.597    0.168E+00    0.341E-01    0.184E-01    0.300E-03    0.300E-03    0.128E-03    0.128E-03    0.128E-04    0.128E-04    0.000E+00    0.000E+00
     3.793     0.598    0.167E+00    0.337E-01    0.181E-01    0.294E-03    0.294E-03    0.125E-03    0.125E-03    0.125E-04    0.125E-04    0.000E+00    0.000E+00
     3.793     0.599    0.166E+00    0.333E-01    0.179E-01    0.288E-03    0.288E-03    0.123E-03    0.123E-03    0.122E-04    0.122E-04    0.000E+00    0.000E+00
     3.793     0.600    0.164E+00    0.329E-01    0.177E-01    0.282E-03    0.282E-03    0.120E-03    0.120E-03    0.119E-04    0.119E-04    0.000E+00    0.000E+00
     3.793     0.601    0.163E+00    0.325E-01    0.174E-01    0.277E-03    0.277E-03    0.118E-03    0.118E-03    0.116E-04    0.116E-04    0.000E+00    0.000E+00
     3.793     0.602    0.162E+00    0.322E-01    0.172E-01    0.271E-03    0.271E-03    0.115E-03    0.115E-03    0.114E-04    0.114E-04    0.000E+00    0.000E+00
     3.793     0.603    0.161E+00    0.318E-01    0.170E-01    0.266E-03    0.266E-03    0.113E-03    0.113E-03    0.111E-04    0.111E-04    0.000E+00    0.000E+00
     3.793     0.604    0.160E+00    0.314E-01    0.168E-01    0.260E-03    0.260E-03    0.111E-03    0.111E-03    0.108E-04    0.108E-04    0.000E+00    0.000E+00
     3.793     0.605    0.158E+00    0.311E-01    0.165E-01    0.255E-03    0.255E-03    0.108E-03    0.108E-03    0.106E-04    0.106E-04    0.000E+00    0.000E+00
     3.793     0.606    0.157E+00    0.307E-01    0.163E-01    0.250E-03    0.250E-03    0.106E-03    0.106E-03    0.103E-04    0.103E-04    0.000E+00    0.000E+00
     3.793     0.607    0.156E+00    0.304E-01    0.161E-01    0.245E-03    0.245E-03    0.104E-03    0.104E-03    0.101E-04    0.101E-04    0.000E+00    0.000E+00
     3.793     0.608    0.155E+00    0.300E-01    0.159E-01    0.240E-03    0.240E-03    0.102E-03    0.102E-03    0.985E-05    0.985E-05    0.000E+00    0.000E+00
     3.793     0.609    0.154E+00    0.297E-01    0.157E-01    0.235E-03    0.235E-03    0.997E-04    0.997E-04    0.962E-05    0.962E-05    0.000E+00    0.000E+00
     3.793     0.610    0.153E+00    0.293E-01    0.154E-01    0.230E-03    0.230E-03    0.976E-04    0.976E-04    0.938E-05    0.938E-05    0.000E+00    0.000E+00
     3.793     0.611    0.152E+00    0.290E-01    0.152E-01    0.225E-03    0.225E-03    0.956E-04    0.956E-04    0.916E-05    0.916E-05    0.000E+00    0.000E+00
     3.793     0.612    0.150E+00    0.286E-01    0.150E-01    0.220E-03    0.220E-03    0.935E-04    0.935E-04    0.893E-05    0.893E-05    0.000E+00    0.000E+00
     3.793     0.613    0.149E+00    0.283E-01    0.148E-01    0.216E-03    0.216E-03    0.916E-04    0.916E-04    0.871E-05    0.871E-05    0.000E+00    0.000E+00
     3.793     0.614    0.148E+00    0.280E-01    0.146E-01    0.211E-03    0.211E-03    0.896E-04    0.896E-04    0.850E-05    0.850E-05    0.000E+00    0.000E+00
     3.793     0.615    0.147E+00    0.276E-01    0.144E-01    0.207E-03    0.207E-03    0.877E-04    0.877E-04    0.829E-05    0.829E-05    0.000E+00    0.000E+00
     3.793     0.616    0.146E+00    0.273E-01    0.142E-01    0.203E-03    0.203E-03    0.859E-04    0.859E-04    0.808E-05    0.808E-05    0.000E+00    0.000E+00
     3.793     0.617    0.145E+00    0.270E-01    0.140E-01    0.198E-03    0.198E-03    0.840E-04    0.840E-04    0.788E-05    0.788E-05    0.000E+00    0.000E+00
     3.793     0.618    0.144E+00    0.266E-01    0.138E-01    0.194E-03    0.194E-03    0.822E-04    0.822E-04    0.768E-05    0.768E-05    0.000E+00    0.000E+00
     3.793     0.619    0.143E+00    0.263E-01    0.136E-01    0.190E-03    0.190E-03    0.805E-04    0.805E-04    0.749E-05    0.749E-05    0.000E+00    0.000E+00
     3.793     0.620    0.141E+00    0.260E-01    0.134E-01    0.186E-03    0.186E-03    0.787E-04    0.787E-04    0.730E-05    0.730E-05    0.000E+00    0.000E+00
     3.793     0.621    0.140E+00    0.257E-01    0.132E-01    0.182E-03    0.182E-03    0.770E-04    0.770E-04    0.711E-05    0.711E-05    0.000E+00    0.000E+00
     3.793     0.622    0.139E+00    0.254E-01    0.130E-01    0.178E-03    0.178E-03    0.754E-04    0.754E-04    0.693E-05    0.693E-05    0.000E+00    0.000E+00
     3.793     0.623    0.138E+00    0.251E-01    0.129E-01    0.174E-03    0.174E-03    0.737E-04    0.737E-04    0.675E-05    0.675E-05    0.000E+00    0.000E+00
     3.793     0.624    0.137E+00    0.248E-01    0.127E-01    0.170E-03    0.170E-03    0.721E-04    0.721E-04    0.658E-05    0.658E-05    0.000E+00    0.000E+00
     3.793     0.625    0.136E+00    0.245E-01    0.125E-01    0.167E-03    0.167E-03    0.706E-04    0.706E-04    0.641E-05    0.641E-05    0.000E+00    0.000E+00
     3.793     0.626    0.135E+00    0.242E-01    0.123E-01    0.163E-03    0.163E-03    0.690E-04    0.690E-04    0.624E-05    0.624E-05    0.000E+00    0.000E+00
     3.793     0.627    0.134E+00    0.239E-01    0.121E-01    0.160E-03    0.160E-03    0.675E-04    0.675E-04    0.608E-05    0.608E-05    0.000E+00    0.000E+00
     3.793     0.628    0.133E+00    0.236E-01    0.120E-01    0.156E-03    0.156E-03    0.661E-04    0.661E-04    0.592E-05    0.592E-05    0.000E+00    0.000E+00
     3.793     0.629    0.132E+00    0.233E-01    0.118E-01    0.153E-03    0.153E-03    0.646E-04    0.646E-04    0.576E-05    0.576E-05    0.000E+00    0.000E+00
     3.793     0.630    0.131E+00    0.230E-01    0.116E-01    0.150E-03    0.150E-03    0.632E-04    0.632E-04    0.561E-05    0.561E-05    0.000E+00    0.000E+00
     3.793     0.631    0.130E+00    0.227E-01    0.114E-01    0.146E-03    0.146E-03    0.618E-04    0.618E-04    0.546E-05    0.546E-05    0.000E+00    0.000E+00
     3.793     0.632    0.129E+00    0.224E-01    0.113E-01    0.143E-03    0.143E-03    0.604E-04    0.604E-04    0.531E-05    0.531E-05    0.000E+00    0.000E+00
     3.793     0.633    0.128E+00    0.222E-01    0.111E-01    0.140E-03    0.140E-03    0.590E-04    0.590E-04    0.517E-05    0.517E-05    0.000E+00    0.000E+00
     3.793     0.634    0.126E+00    0.219E-01    0.109E-01    0.137E-03    0.137E-03    0.577E-04    0.577E-04    0.503E-05    0.503E-05    0.000E+00    0.000E+00
     3.793     0.635    0.125E+00    0.216E-01    0.108E-01    0.134E-03    0.134E-03    0.564E-04    0.564E-04    0.489E-05    0.489E-05    0.000E+00    0.000E+00
     3.793     0.636    0.124E+00    0.213E-01    0.106E-01    0.131E-03    0.131E-03    0.551E-04    0.551E-04    0.475E-05    0.475E-05    0.000E+00    0.000E+00
     3.793     0.637    0.123E+00    0.211E-01    0.105E-01    0.128E-03    0.128E-03    0.539E-04    0.539E-04    0.462E-05    0.462E-05    0.000E+00    0.000E+00
     3.793     0.638    0.122E+00    0.208E-01    0.103E-01    0.125E-03    0.125E-03    0.527E-04    0.527E-04    0.449E-05    0.449E-05    0.000E+00    0.000E+00
     3.793     0.639    0.121E+00    0.205E-01    0.102E-01    0.122E-03    0.122E-03    0.515E-04    0.515E-04    0.436E-05    0.436E-05    0.000E+00    0.000E+00
     3.793     0.640    0.120E+00    0.203E-01    0.100E-01    0.119E-03    0.119E-03    0.503E-04    0.503E-04    0.424E-05    0.424E-05    0.000E+00    0.000E+00
     3.793     0.641    0.119E+00    0.200E-01    0.985E-02    0.117E-03    0.117E-03    0.491E-04    0.491E-04    0.412E-05    0.412E-05    0.000E+00    0.000E+00
     3.793     0.642    0.118E+00    0.198E-01    0.970E-02    0.114E-03    0.114E-03    0.480E-04    0.480E-04    0.400E-05    0.400E-05    0.000E+00    0.000E+00
     3.793     0.643    0.117E+00    0.195E-01    0.955E-02    0.111E-03    0.111E-03    0.469E-04    0.469E-04    0.388E-05    0.388E-05    0.000E+00    0.000E+00
     3.793     0.644    0.116E+00    0.192E-01    0.940E-02    0.109E-03    0.109E-03    0.458E-04    0.458E-04    0.377E-05    0.377E-05    0.000E+00    0.000E+00
     3.793     0.645    0.115E+00    0.190E-01    0.926E-02    0.106E-03    0.106E-03    0.447E-04    0.447E-04    0.366E-05    0.366E-05    0.000E+00    0.000E+00
     3.793     0.646    0.114E+00    0.188E-01    0.912E-02    0.104E-03    0.104E-03    0.437E-04    0.437E-04    0.355E-05    0.355E-05    0.000E+00    0.000E+00
     3.793     0.647    0.113E+00    0.185E-01    0.898E-02    0.102E-03    0.102E-03    0.427E-04    0.427E-04    0.345E-05    0.345E-05    0.000E+00    0.000E+00
     3.793     0.648    0.112E+00    0.183E-01    0.884E-02    0.992E-04    0.992E-04    0.417E-04    0.417E-04    0.335E-05    0.335E-05    0.000E+00    0.000E+00
     3.793     0.649    0.111E+00    0.180E-01    0.870E-02    0.969E-04    0.969E-04    0.407E-04    0.407E-04    0.325E-05    0.325E-05    0.000E+00    0.000E+00
     3.793     0.650    0.111E+00    0.178E-01    0.856E-02    0.947E-04    0.947E-04    0.398E-04    0.398E-04    0.315E-05    0.315E-05    0.000E+00    0.000E+00
     3.793     0.651    0.110E+00    0.176E-01    0.843E-02    0.925E-04    0.925E-04    0.388E-04    0.388E-04    0.306E-05    0.306E-05    0.000E+00    0.000E+00
     3.793     0.652    0.109E+00    0.173E-01    0.830E-02    0.904E-04    0.904E-04    0.379E-04    0.379E-04    0.296E-05    0.296E-05    0.000E+00    0.000E+00
     3.793     0.653    0.108E+00    0.171E-01    0.817E-02    0.882E-04    0.882E-04    0.370E-04    0.370E-04    0.287E-05    0.287E-05    0.000E+00    0.000E+00
     3.793     0.654    0.107E+00    0.169E-01    0.804E-02    0.862E-04    0.862E-04    0.361E-04    0.361E-04    0.278E-05    0.278E-05    0.000E+00    0.000E+00
     3.793     0.655    0.106E+00    0.167E-01    0.791E-02    0.841E-04    0.841E-04    0.353E-04    0.353E-04    0.269E-05    0.269E-05    0.000E+00    0.000E+00
     3.793     0.656    0.105E+00    0.164E-01    0.778E-02    0.821E-04    0.821E-04    0.344E-04    0.344E-04    0.261E-05    0.261E-05    0.000E+00    0.000E+00
     3.793     0.657    0.104E+00    0.162E-01    0.766E-02    0.802E-04    0.802E-04    0.336E-04    0.336E-04    0.253E-05    0.253E-05    0.000E+00    0.000E+00
     3.793     0.658    0.103E+00    0.160E-01    0.753E-02    0.782E-04    0.782E-04    0.328E-04    0.328E-04    0.244E-05    0.244E-05    0.000E+00    0.000E+00
     3.793     0.659    0.102E+00    0.158E-01    0.741E-02    0.764E-04    0.764E-04    0.320E-04    0.320E-04    0.236E-05    0.236E-05    0.000E+00    0.000E+00
     3.793     0.660    0.101E+00    0.156E-01    0.729E-02    0.745E-04    0.745E-04    0.312E-04    0.312E-04    0.229E-05    0.229E-05    0.000E+00    0.000E+00
     3.793     0.661    0.100E+00    0.154E-01    0.717E-02    0.727E-04    0.727E-04    0.304E-04    0.304E-04    0.221E-05    0.221E-05    0.000E+00    0.000E+00
     3.793     0.662    0.993E-01    0.151E-01    0.706E-02    0.710E-04    0.710E-04    0.297E-04    0.297E-04    0.214E-05    0.214E-05    0.000E+00    0.000E+00
     3.793     0.663    0.984E-01    0.149E-01    0.694E-02    0.692E-04    0.692E-04    0.289E-04    0.289E-04    0.207E-05    0.207E-05    0.000E+00    0.000E+00
     3.793     0.664    0.975E-01    0.147E-01    0.683E-02    0.676E-04    0.676E-04    0.282E-04    0.282E-04    0.200E-05    0.200E-05    0.000E+00    0.000E+00
     3.793     0.665    0.966E-01    0.145E-01    0.671E-02    0.659E-04    0.659E-04    0.275E-04    0.275E-04    0.193E-05    0.193E-05    0.000E+00    0.000E+00
     3.793     0.666    0.958E-01    0.143E-01    0.660E-02    0.643E-04    0.643E-04    0.268E-04    0.268E-04    0.186E-05    0.186E-05    0.000E+00    0.000E+00
     3.793     0.667    0.949E-01    0.141E-01    0.649E-02    0.627E-04    0.627E-04    0.262E-04    0.262E-04    0.180E-05    0.180E-05    0.000E+00    0.000E+00
     3.793     0.668    0.940E-01    0.139E-01    0.638E-02    0.612E-04    0.612E-04    0.255E-04    0.255E-04    0.174E-05    0.174E-05    0.000E+00    0.000E+00
     3.793     0.669    0.931E-01    0.138E-01    0.628E-02    0.597E-04    0.597E-04    0.249E-04    0.249E-04    0.168E-05    0.168E-05    0.000E+00    0.000E+00
     3.793     0.670    0.923E-01    0.136E-01    0.617E-02    0.582E-04    0.582E-04    0.243E-04    0.243E-04    0.162E-05    0.162E-05    0.000E+00    0.000E+00
     3.793     0.671    0.914E-01    0.134E-01    0.607E-02    0.568E-04    0.568E-04    0.236E-04    0.236E-04    0.156E-05    0.156E-05    0.000E+00    0.000E+00
     3.793     0.672    0.906E-01    0.132E-01    0.597E-02    0.554E-04    0.554E-04    0.231E-04    0.231E-04    0.151E-05    0.151E-05    0.000E+00    0.000E+00
     3.793     0.673    0.897E-01    0.130E-01    0.586E-02    0.540E-04    0.540E-04    0.225E-04    0.225E-04    0.145E-05    0.145E-05    0.000E+00    0.000E+00
     3.793     0.674    0.889E-01    0.128E-01    0.576E-02    0.527E-04    0.527E-04    0.219E-04    0.219E-04    0.140E-05    0.140E-05    0.000E+00    0.000E+00
     3.793     0.675    0.880E-01    0.126E-01    0.567E-02    0.514E-04    0.514E-04    0.213E-04    0.213E-04    0.135E-05    0.135E-05    0.000E+00    0.000E+00
     3.793     0.676    0.872E-01    0.125E-01    0.557E-02    0.501E-04    0.501E-04    0.208E-04    0.208E-04    0.130E-05    0.130E-05    0.000E+00    0.000E+00
     3.793     0.677    0.863E-01    0.123E-01    0.547E-02    0.488E-04    0.488E-04    0.203E-04    0.203E-04    0.125E-05    0.125E-05    0.000E+00    0.000E+00
     3.793     0.678    0.855E-01    0.121E-01    0.538E-02    0.475E-04    0.475E-04    0.197E-04    0.197E-04    0.120E-05    0.120E-05    0.000E+00    0.000E+00
     3.793     0.679    0.847E-01    0.119E-01    0.528E-02    0.463E-04    0.463E-04    0.192E-04    0.192E-04    0.115E-05    0.115E-05    0.000E+00    0.000E+00
     3.793     0.680    0.839E-01    0.118E-01    0.519E-02    0.451E-04    0.451E-04    0.187E-04    0.187E-04    0.111E-05    0.111E-05    0.000E+00    0.000E+00
     3.793     0.681    0.831E-01    0.116E-01    0.510E-02    0.439E-04    0.439E-04    0.182E-04    0.182E-04    0.106E-05    0.106E-05    0.000E+00    0.000E+00
     3.793     0.682    0.822E-01    0.114E-01    0.501E-02    0.428E-04    0.428E-04    0.177E-04    0.177E-04    0.102E-05    0.102E-05    0.000E+00    0.000E+00
     3.793     0.683    0.814E-01    0.113E-01    0.492E-02    0.417E-04    0.417E-04    0.173E-04    0.173E-04    0.978E-06    0.978E-06    0.000E+00    0.000E+00
     3.793     0.684    0.806E-01    0.111E-01    0.484E-02    0.406E-04    0.406E-04    0.168E-04    0.168E-04    0.937E-06    0.937E-06    0.000E+00    0.000E+00
     3.793     0.685    0.798E-01    0.110E-01    0.475E-02    0.395E-04    0.395E-04    0.164E-04    0.164E-04    0.898E-06    0.898E-06    0.000E+00    0.000E+00
     3.793     0.686    0.791E-01    0.108E-01    0.467E-02    0.385E-04    0.385E-04    0.159E-04    0.159E-04    0.860E-06    0.860E-06    0.000E+00    0.000E+00
     3.793     0.687    0.783E-01    0.106E-01    0.458E-02    0.375E-04    0.375E-04    0.155E-04    0.155E-04    0.823E-06    0.823E-06    0.000E+00    0.000E+00
     3.793     0.688    0.775E-01    0.105E-01    0.450E-02    0.365E-04    0.365E-04    0.151E-04    0.151E-04    0.787E-06    0.787E-06    0.000E+00    0.000E+00
     3.793     0.689    0.767E-01    0.103E-01    0.442E-02    0.355E-04    0.355E-04    0.147E-04    0.147E-04    0.753E-06    0.753E-06    0.000E+00    0.000E+00
     3.793     0.690    0.759E-01    0.102E-01    0.434E-02    0.346E-04    0.346E-04    0.143E-04    0.143E-04    0.719E-06    0.719E-06    0.000E+00    0.000E+00
     3.793     0.691    0.752E-01    0.100E-01    0.426E-02    0.337E-04    0.337E-04    0.139E-04    0.139E-04    0.687E-06    0.687E-06    0.000E+00    0.000E+00
     3.793     0.692    0.744E-01    0.989E-02    0.418E-02    0.328E-04    0.328E-04    0.135E-04    0.135E-04    0.655E-06    0.655E-06    0.000E+00    0.000E+00
     3.793     0.693    0.737E-01    0.975E-02    0.411E-02    0.319E-04    0.319E-04    0.131E-04    0.131E-04    0.625E-06    0.625E-06    0.000E+00    0.000E+00
     3.793     0.694    0.729E-01    0.961E-02    0.403E-02    0.311E-04    0.311E-04    0.128E-04    0.128E-04    0.596E-06    0.596E-06    0.000E+00    0.000E+00
     3.793     0.695    0.722E-01    0.946E-02    0.396E-02    0.302E-04    0.302E-04    0.124E-04    0.124E-04    0.567E-06    0.567E-06    0.000E+00    0.000E+00
     3.793     0.696    0.714E-01    0.932E-02    0.388E-02    0.294E-04    0.294E-04    0.121E-04    0.121E-04    0.540E-06    0.540E-06    0.000E+00    0.000E+00
     3.793     0.697    0.707E-01    0.919E-02    0.381E-02    0.286E-04    0.286E-04    0.118E-04    0.118E-04    0.513E-06    0.513E-06    0.000E+00    0.000E+00
     3.793     0.698    0.699E-01    0.905E-02    0.374E-02    0.279E-04    0.279E-04    0.114E-04    0.114E-04    0.488E-06    0.488E-06    0.000E+00    0.000E+00
     3.793     0.699    0.692E-01    0.891E-02    0.367E-02    0.271E-04    0.271E-04    0.111E-04    0.111E-04    0.462E-06    0.462E-06    0.000E+00    0.000E+00
     3.793     0.700    0.685E-01    0.878E-02    0.360E-02    0.263E-04    0.263E-04    0.108E-04    0.108E-04    0.436E-06    0.436E-06    0.000E+00    0.000E+00
     3.793     0.701    0.678E-01    0.865E-02    0.353E-02    0.256E-04    0.256E-04    0.105E-04    0.105E-04    0.412E-06    0.412E-06    0.000E+00    0.000E+00
     3.793     0.702    0.670E-01    0.852E-02    0.347E-02    0.249E-04    0.249E-04    0.102E-04    0.102E-04    0.388E-06    0.388E-06    0.000E+00    0.000E+00
     3.793     0.703    0.663E-01    0.839E-02    0.340E-02    0.242E-04    0.242E-04    0.990E-05    0.990E-05    0.365E-06    0.365E-06    0.000E+00    0.000E+00
     3.793     0.704    0.656E-01    0.826E-02    0.334E-02    0.235E-04    0.235E-04    0.962E-05    0.962E-05    0.343E-06    0.343E-06    0.000E+00    0.000E+00
     3.793     0.705    0.649E-01    0.814E-02    0.327E-02    0.229E-04    0.229E-04    0.934E-05    0.934E-05    0.322E-06    0.322E-06    0.000E+00    0.000E+00
     3.793     0.706    0.642E-01    0.801E-02    0.321E-02    0.222E-04    0.222E-04    0.907E-05    0.907E-05    0.301E-06    0.301E-06    0.000E+00    0.000E+00
     3.793     0.707    0.635E-01    0.789E-02    0.315E-02    0.216E-04    0.216E-04    0.881E-05    0.881E-05    0.282E-06    0.282E-06    0.000E+00    0.000E+00
     3.793     0.708    0.629E-01    0.777E-02    0.309E-02    0.210E-04    0.210E-04    0.855E-05    0.855E-05    0.263E-06    0.263E-06    0.000E+00    0.000E+00
     3.793     0.709    0.622E-01    0.765E-02    0.303E-02    0.204E-04    0.204E-04    0.830E-05    0.830E-05    0.245E-06    0.245E-06    0.000E+00    0.000E+00
     3.793     0.710    0.615E-01    0.754E-02    0.297E-02    0.198E-04    0.198E-04    0.806E-05    0.806E-05    0.227E-06    0.227E-06    0.000E+00    0.000E+00
     3.793     0.711    0.608E-01    0.742E-02    0.291E-02    0.192E-04    0.192E-04    0.782E-05    0.782E-05    0.211E-06    0.211E-06    0.000E+00    0.000E+00
     3.793     0.712    0.602E-01    0.730E-02    0.285E-02    0.187E-04    0.187E-04    0.759E-05    0.759E-05    0.195E-06    0.195E-06    0.000E+00    0.000E+00
     3.793     0.713    0.595E-01    0.719E-02    0.280E-02    0.181E-04    0.181E-04    0.737E-05    0.737E-05    0.180E-06    0.180E-06    0.000E+00    0.000E+00
     3.793     0.714    0.588E-01    0.708E-02    0.274E-02    0.176E-04    0.176E-04    0.715E-05    0.715E-05    0.165E-06    0.165E-06    0.000E+00    0.000E+00
     3.793     0.715    0.582E-01    0.697E-02    0.269E-02    0.171E-04    0.171E-04    0.694E-05    0.694E-05    0.151E-06    0.151E-06    0.000E+00    0.000E+00
     3.793     0.716    0.575E-01    0.686E-02    0.263E-02    0.166E-04    0.166E-04    0.673E-05    0.673E-05    0.138E-06    0.138E-06    0.000E+00    0.000E+00
     3.793     0.717    0.569E-01    0.676E-02    0.258E-02    0.161E-04    0.161E-04    0.653E-05    0.653E-05    0.126E-06    0.126E-06    0.000E+00    0.000E+00
     3.793     0.718    0.562E-01    0.665E-02    0.253E-02    0.157E-04    0.157E-04    0.634E-05    0.634E-05    0.114E-06    0.114E-06    0.000E+00    0.000E+00
     3.793     0.719    0.556E-01    0.655E-02    0.248E-02    0.152E-04    0.152E-04    0.615E-05    0.615E-05    0.103E-06    0.103E-06    0.000E+00    0.000E+00
     3.793     0.720    0.550E-01    0.644E-02    0.243E-02    0.148E-04    0.148E-04    0.596E-05    0.596E-05    0.923E-07    0.923E-07    0.000E+00    0.000E+00
     3.793     0.721    0.543E-01    0.634E-02    0.238E-02    0.143E-04    0.143E-04    0.578E-05    0.578E-05    0.825E-07    0.825E-07    0.000E+00    0.000E+00
     3.793     0.722    0.537E-01    0.624E-02    0.233E-02    0.139E-04    0.139E-04    0.560E-05    0.560E-05    0.739E-07    0.739E-07    0.000E+00    0.000E+00
     3.793     0.723    0.531E-01    0.614E-02    0.228E-02    0.135E-04    0.135E-04    0.543E-05    0.543E-05    0.658E-07    0.658E-07    0.000E+00    0.000E+00
     3.793     0.724    0.525E-01    0.604E-02    0.223E-02    0.131E-04    0.131E-04    0.526E-05    0.526E-05    0.583E-07    0.583E-07    0.000E+00    0.000E+00
     3.793     0.725    0.519E-01    0.595E-02    0.219E-02    0.127E-04    0.127E-04    0.509E-05    0.509E-05    0.514E-07    0.514E-07    0.000E+00    0.000E+00
     3.793     0.726    0.513E-01    0.585E-02    0.214E-02    0.123E-04    0.123E-04    0.493E-05    0.493E-05    0.450E-07    0.450E-07    0.000E+00    0.000E+00
     3.793     0.727    0.507E-01    0.576E-02    0.210E-02    0.119E-04    0.119E-04    0.478E-05    0.478E-05    0.391E-07    0.391E-07    0.000E+00    0.000E+00
     3.793     0.728    0.501E-01    0.567E-02    0.205E-02    0.115E-04    0.115E-04    0.463E-05    0.463E-05    0.337E-07    0.337E-07    0.000E+00    0.000E+00
     3.793     0.729    0.495E-01    0.557E-02    0.201E-02    0.112E-04    0.112E-04    0.448E-05    0.448E-05    0.288E-07    0.288E-07    0.000E+00    0.000E+00
     3.793     0.730    0.489E-01    0.548E-02    0.197E-02    0.108E-04    0.108E-04    0.433E-05    0.433E-05    0.244E-07    0.244E-07    0.000E+00    0.000E+00
     3.793     0.731    0.483E-01    0.539E-02    0.192E-02    0.105E-04    0.105E-04    0.420E-05    0.420E-05    0.204E-07    0.204E-07    0.000E+00    0.000E+00
     3.793     0.732    0.477E-01    0.531E-02    0.188E-02    0.102E-04    0.102E-04    0.406E-05    0.406E-05    0.168E-07    0.168E-07    0.000E+00    0.000E+00
     3.793     0.733    0.472E-01    0.522E-02    0.184E-02    0.986E-05    0.986E-05    0.393E-05    0.393E-05    0.137E-07    0.137E-07    0.000E+00    0.000E+00
     3.793     0.734    0.466E-01    0.514E-02    0.180E-02    0.955E-05    0.955E-05    0.380E-05    0.380E-05    0.109E-07    0.109E-07    0.000E+00    0.000E+00
     3.793     0.735    0.460E-01    0.505E-02    0.177E-02    0.925E-05    0.925E-05    0.368E-05    0.368E-05    0.853E-08    0.853E-08    0.000E+00    0.000E+00
     3.793     0.736    0.455E-01    0.497E-02    0.173E-02    0.896E-05    0.896E-05    0.356E-05    0.356E-05    0.647E-08    0.647E-08    0.000E+00    0.000E+00
     3.793     0.737    0.449E-01    0.489E-02    0.169E-02    0.868E-05    0.868E-05    0.344E-05    0.344E-05    0.474E-08    0.474E-08    0.000E+00    0.000E+00
     3.793     0.738    0.444E-01    0.481E-02    0.165E-02    0.840E-05    0.840E-05    0.333E-05    0.333E-05    0.331E-08    0.331E-08    0.000E+00    0.000E+00
     3.793     0.739    0.438E-01    0.473E-02    0.162E-02    0.814E-05    0.814E-05    0.322E-05    0.322E-05    0.217E-08    0.217E-08    0.000E+00    0.000E+00
     3.793     0.740    0.433E-01    0.465E-02    0.158E-02    0.788E-05    0.788E-05    0.312E-05    0.312E-05    0.129E-08    0.129E-08    0.000E+00    0.000E+00
     3.793     0.741    0.427E-01    0.457E-02    0.155E-02    0.763E-05    0.763E-05    0.302E-05    0.302E-05    0.660E-09    0.660E-09    0.000E+00    0.000E+00
     3.793     0.742    0.422E-01    0.450E-02    0.151E-02    0.739E-05    0.739E-05    0.292E-05    0.292E-05    0.248E-09    0.248E-09    0.000E+00    0.000E+00
     3.793     0.743    0.417E-01    0.442E-02    0.148E-02    0.715E-05    0.715E-05    0.282E-05    0.282E-05    0.382E-10    0.382E-10    0.000E+00    0.000E+00
     3.793     0.744    0.411E-01    0.435E-02    0.145E-02    0.692E-05    0.692E-05    0.273E-05    0.273E-05    0.000E+00    0.000E+00    0.000E+00    0.000E+00
     3.793     0.745    0.406E-01    0.427E-02    0.141E-02    0.669E-05    0.669E-05    0.263E-05    0.263E-05    0.000E+00    0.000E+00    0.000E+00    0.000E+00
     3.793     0.746    0.401E-01    0.420E-02    0.138E-02    0.647E-05    0.647E-05    0.254E-05    0.254E-05    0.000E+00    0.000E+00    0.000E+00    0.000E+00
     3.793     0.747    0.396E-01    0.413E-02    0.135E-02    0.625E-05    0.625E-05    0.245E-05    0.245E-05    0.000E+00    0.000E+00    0.000E+00    0.000E+00
     3.793     0.748    0.391E-01    0.406E-02    0.132E-02    0.604E-05    0.604E-05    0.237E-05    0.237E-05    0.000E+00    0.000E+00    0.000E+00    0.000E+00
     3.793     0.749    0.386E-01    0.399E-02    0.129E-02    0.584E-05    0.584E-05    0.228E-05    0.228E-05    0.000E+00    0.000E+00    0.000E+00    0.000E+00
     3.793     0.750    0.381E-01    0.392E-02    0.126E-02    0.564E-05    0.564E-05    0.220E-05    0.220E-05    0.000E+00    0.000E+00    0.000E+00    0.000E+00
     3.793     0.751    0.376E-01    0.386E-02    0.123E-02    0.545E-05    0.545E-05    0.213E-05    0.213E-05    0.000E+00    0.000E+00    0.000E+00    0.000E+00
     3.793     0.752    0.371E-01    0.379E-02    0.120E-02    0.526E-05    0.526E-05    0.205E-05    0.205E-05    0.000E+00    0.000E+00    0.000E+00    0.000E+00
     3.793     0.753    0.366E-01    0.373E-02    0.117E-02    0.508E-05    0.508E-05    0.198E-05    0.198E-05    0.000E+00    0.000E+00    0.000E+00    0.000E+00
     3.793     0.754    0.361E-01    0.366E-02    0.115E-02    0.491E-05    0.491E-05    0.191E-05    0.191E-05    0.000E+00    0.000E+00    0.000E+00    0.000E+00
     3.793     0.755    0.356E-01    0.360E-02    0.112E-02    0.474E-05    0.474E-05    0.184E-05    0.184E-05    0.000E+00    0.000E+00    0.000E+00    0.000E+00
     3.793     0.756    0.352E-01    0.354E-02    0.109E-02    0.458E-05    0.458E-05    0.177E-05    0.177E-05    0.000E+00    0.000E+00    0.000E+00    0.000E+00
     3.793     0.757    0.347E-01    0.348E-02    0.107E-02    0.442E-05    0.442E-05    0.171E-05    0.171E-05    0.000E+00    0.000E+00    0.000E+00    0.000E+00
     3.793     0.758    0.342E-01    0.342E-02    0.104E-02    0.427E-05    0.427E-05    0.165E-05    0.165E-05    0.000E+00    0.000E+00    0.000E+00    0.000E+00
     3.793     0.759    0.338E-01    0.336E-02    0.102E-02    0.412E-05    0.412E-05    0.159E-05    0.159E-05    0.000E+00    0.000E+00    0.000E+00    0.000E+00
     3.793     0.760    0.333E-01    0.330E-02    0.992E-03    0.398E-05    0.398E-05    0.153E-05    0.153E-05    0.000E+00    0.000E+00    0.000E+00    0.000E+00
     3.793     0.761    0.328E-01    0.324E-02    0.968E-03    0.384E-05    0.384E-05    0.147E-05    0.147E-05    0.000E+00    0.000E+00    0.000E+00    0.000E+00
     3.793     0.762    0.324E-01    0.318E-02    0.945E-03    0.370E-05    0.370E-05    0.142E-05    0.142E-05    0.000E+00    0.000E+00    0.000E+00    0.000E+00
     3.793     0.763    0.319E-01    0.313E-02    0.922E-03    0.357E-05    0.357E-05    0.137E-05    0.137E-05    0.000E+00    0.000E+00    0.000E+00    0.000E+00
     3.793     0.764    0.315E-01    0.307E-02    0.899E-03    0.345E-05    0.345E-05    0.132E-05    0.132E-05    0.000E+00    0.000E+00    0.000E+00    0.000E+00
     3.793     0.765    0.311E-01    0.302E-02    0.877E-03    0.333E-05    0.333E-05    0.127E-05    0.127E-05    0.000E+00    0.000E+00    0.000E+00    0.000E+00
     3.793     0.766    0.306E-01    0.296E-02    0.856E-03    0.321E-05    0.321E-05    0.122E-05    0.122E-05    0.000E+00    0.000E+00    0.000E+00    0.000E+00
     3.793     0.767    0.302E-01    0.291E-02    0.835E-03    0.310E-05    0.310E-05    0.118E-05    0.118E-05    0.000E+00    0.000E+00    0.000E+00    0.000E+00
     3.793     0.768    0.298E-01    0.286E-02    0.814E-03    0.298E-05    0.298E-05    0.113E-05    0.113E-05    0.000E+00    0.000E+00    0.000E+00    0.000E+00
     3.793     0.769    0.293E-01    0.281E-02    0.794E-03    0.287E-05    0.287E-05    0.109E-05    0.109E-05    0.000E+00    0.000E+00    0.000E+00    0.000E+00
     3.793     0.770    0.289E-01    0.276E-02    0.774E-03    0.277E-05    0.277E-05    0.105E-05    0.105E-05    0.000E+00    0.000E+00    0.000E+00    0.000E+00
     3.793     0.771    0.285E-01    0.271E-02    0.754E-03    0.266E-05    0.266E-05    0.100E-05    0.100E-05    0.000E+00    0.000E+00    0.000E+00    0.000E+00
     3.793     0.772    0.281E-01    0.266E-02    0.735E-03    0.256E-05    0.256E-05    0.964E-06    0.964E-06    0.000E+00    0.000E+00    0.000E+00    0.000E+00
     3.793     0.773    0.277E-01    0.261E-02    0.716E-03    0.246E-05    0.246E-05    0.926E-06    0.926E-06    0.000E+00    0.000E+00    0.000E+00    0.000E+00
     3.793     0.774    0.273E-01    0.256E-02    0.698E-03    0.237E-05    0.237E-05    0.889E-06    0.889E-06    0.000E+00    0.000E+00    0.000E+00    0.000E+00
     3.793     0.775    0.269E-01    0.252E-02    0.680E-03    0.228E-05    0.228E-05    0.853E-06    0.853E-06    0.000E+00    0.000E+00    0.000E+00    0.000E+00
     3.793     0.776    0.265E-01    0.247E-02    0.662E-03    0.219E-05    0.219E-05    0.818E-06    0.818E-06    0.000E+00    0.000E+00    0.000E+00    0.000E+00
     3.793     0.777    0.261E-01    0.243E-02    0.645E-03    0.211E-05    0.211E-05    0.785E-06    0.785E-06    0.000E+00    0.000E+00    0.000E+00    0.000E+00
     3.793     0.778    0.257E-01    0.238E-02    0.628E-03    0.203E-05    0.203E-05    0.753E-06    0.753E-06    0.000E+00    0.000E+00    0.000E+00    0.000E+00
     3.793     0.779    0.253E-01    0.234E-02    0.612E-03    0.195E-05    0.195E-05    0.723E-06    0.723E-06    0.000E+00    0.000E+00    0.000E+00    0.000E+00
     3.793     0.780    0.250E-01    0.230E-02    0.596E-03    0.188E-05    0.188E-05    0.693E-06    0.693E-06    0.000E+00    0.000E+00    0.000E+00    0.000E+00
     3.793     0.781    0.246E-01    0.225E-02    0.580E-03    0.180E-05    0.180E-05    0.665E-06    0.665E-06    0.000E+00    0.000E+00    0.000E+00    0.000E+00
     3.793     0.782    0.242E-01    0.221E-02    0.565E-03    0.173E-05    0.173E-05    0.638E-06    0.638E-06    0.000E+00    0.000E+00    0.000E+00    0.000E+00
     3.793     0.783    0.238E-01    0.217E-02    0.550E-03    0.167E-05    0.167E-05    0.612E-06    0.612E-06    0.000E+00    0.000E+00    0.000E+00    0.000E+00
     3.793     0.784    0.235E-01    0.213E-02    0.535E-03    0.160E-05    0.160E-05    0.586E-06    0.586E-06    0.000E+00    0.000E+00    0.000E+00    0.000E+00
     3.793     0.785    0.231E-01    0.209E-02    0.521E-03    0.154E-05    0.154E-05    0.562E-06    0.562E-06    0.000E+00    0.000E+00    0.000E+00    0.000E+00
     3.793     0.786    0.228E-01    0.205E-02    0.507E-03    0.148E-05    0.148E-05    0.539E-06    0.539E-06    0.000E+00    0.000E+00    0.000E+00    0.000E+00
     3.793     0.787    0.224E-01    0.201E-02    0.493E-03    0.142E-05    0.142E-05    0.517E-06    0.517E-06    0.000E+00    0.000E+00    0.000E+00    0.000E+00
     3.793     0.788    0.220E-01    0.197E-02    0.480E-03    0.137E-05    0.137E-05    0.496E-06    0.496E-06    0.000E+00    0.000E+00    0.000E+00    0.000E+00
     3.793     0.789    0.217E-01    0.194E-02    0.467E-03    0.131E-05    0.131E-05    0.475E-06    0.475E-06    0.000E+00    0.000E+00    0.000E+00    0.000E+00
     3.793     0.790    0.214E-01    0.190E-02    0.454E-03    0.126E-05    0.126E-05    0.455E-06    0.455E-06    0.000E+00    0.000E+00    0.000E+00    0.000E+00
     3.793     0.791    0.210E-01    0.186E-02    0.442E-03    0.121E-05    0.121E-05    0.435E-06    0.435E-06    0.000E+00    0.000E+00    0.000E+00    0.000E+00
     3.793     0.792    0.207E-01    0.183E-02    0.429E-03    0.116E-05    0.116E-05    0.415E-06    0.415E-06    0.000E+00    0.000E+00    0.000E+00    0.000E+00
     3.793     0.793    0.203E-01    0.179E-02    0.417E-03    0.111E-05    0.111E-05    0.396E-06    0.396E-06    0.000E+00    0.000E+00    0.000E+00    0.000E+00
     3.793     0.794    0.200E-01    0.176E-02    0.405E-03    0.106E-05    0.106E-05    0.378E-06    0.378E-06    0.000E+00    0.000E+00    0.000E+00    0.000E+00
     3.793     0.795    0.197E-01    0.172E-02    0.394E-03    0.102E-05    0.102E-05    0.361E-06    0.361E-06    0.000E+00    0.000E+00    0.000E+00    0.000E+00
     3.793     0.796    0.194E-01    0.169E-02    0.383E-03    0.973E-06    0.973E-06    0.344E-06    0.344E-06    0.000E+00    0.000E+00    0.000E+00    0.000E+00
     3.793     0.797    0.191E-01    0.166E-02    0.372E-03    0.931E-06    0.931E-06    0.328E-06    0.328E-06    0.000E+00    0.000E+00    0.000E+00    0.000E+00
     3.793     0.798    0.187E-01    0.163E-02    0.361E-03    0.891E-06    0.891E-06    0.313E-06    0.313E-06    0.000E+00    0.000E+00    0.000E+00    0.000E+00
     3.793     0.799    0.184E-01    0.159E-02    0.351E-03    0.852E-06    0.852E-06    0.298E-06    0.298E-06    0.000E+00    0.000E+00    0.000E+00    0.000E+00
     3.793     0.800    0.181E-01    0.156E-02    0.341E-03    0.815E-06    0.815E-06    0.284E-06    0.284E-06    0.000E+00    0.000E+00    0.000E+00    0.000E+00
     3.793     0.801    0.178E-01    0.153E-02    0.331E-03    0.780E-06    0.780E-06    0.271E-06    0.271E-06    0.000E+00    0.000E+00    0.000E+00    0.000E+00
     3.793     0.802    0.175E-01    0.150E-02    0.321E-03    0.746E-06    0.746E-06    0.258E-06    0.258E-06    0.000E+00    0.000E+00    0.000E+00    0.000E+00
     3.793     0.803    0.172E-01    0.147E-02    0.312E-03    0.713E-06    0.713E-06    0.245E-06    0.245E-06    0.000E+00    0.000E+00    0.000E+00    0.000E+00
     3.793     0.804    0.169E-01    0.144E-02    0.302E-03    0.682E-06    0.682E-06    0.234E-06    0.234E-06    0.000E+00    0.000E+00    0.000E+00    0.000E+00
     3.793     0.805    0.166E-01    0.141E-02    0.293E-03    0.652E-06    0.652E-06    0.223E-06    0.223E-06    0.000E+00    0.000E+00    0.000E+00    0.000E+00
     3.793     0.806    0.164E-01    0.139E-02    0.285E-03    0.623E-06    0.623E-06    0.212E-06    0.212E-06    0.000E+00    0.000E+00    0.000E+00    0.000E+00
     3.793     0.807    0.161E-01    0.136E-02    0.276E-03    0.596E-06    0.596E-06    0.202E-06    0.202E-06    0.000E+00    0.000E+00    0.000E+00    0.000E+00
     3.793     0.808    0.158E-01    0.133E-02    0.268E-03    0.570E-06    0.570E-06    0.192E-06    0.192E-06    0.000E+00    0.000E+00    0.000E+00    0.000E+00
     3.793     0.809    0.155E-01    0.130E-02    0.260E-03    0.545E-06    0.545E-06    0.183E-06    0.183E-06    0.000E+00    0.000E+00    0.000E+00    0.000E+00
     3.793     0.810    0.152E-01    0.128E-02    0.252E-03    0.521E-06    0.521E-06    0.175E-06    0.175E-06    0.000E+00    0.000E+00    0.000E+00    0.000E+00
     3.793     0.811    0.150E-01    0.125E-02    0.245E-03    0.499E-06    0.499E-06    0.166E-06    0.166E-06    0.000E+00    0.000E+00    0.000E+00    0.000E+00
     3.793     0.812    0.147E-01    0.123E-02    0.237E-03    0.477E-06    0.477E-06    0.158E-06    0.158E-06    0.000E+00    0.000E+00    0.000E+00    0.000E+00
     3.793     0.813    0.144E-01    0.120E-02    0.230E-03    0.456E-06    0.456E-06    0.151E-06    0.151E-06    0.000E+00    0.000E+00    0.000E+00    0.000E+00
     3.793     0.814    0.142E-01    0.118E-02    0.223E-03    0.434E-06    0.434E-06    0.143E-06    0.143E-06    0.000E+00    0.000E+00    0.000E+00    0.000E+00
     3.793     0.815    0.139E-01    0.115E-02    0.216E-03    0.413E-06    0.413E-06    0.135E-06    0.135E-06    0.000E+00    0.000E+00    0.000E+00    0.000E+00
     3.793     0.816    0.137E-01    0.113E-02    0.209E-03    0.392E-06    0.392E-06    0.127E-06    0.127E-06    0.000E+00    0.000E+00    0.000E+00    0.000E+00
     3.793     0.817    0.134E-01    0.111E-02    0.202E-03    0.373E-06    0.373E-06    0.120E-06    0.120E-06    0.000E+00    0.000E+00    0.000E+00    0.000E+00
     3.793     0.818    0.132E-01    0.108E-02    0.196E-03    0.355E-06    0.355E-06    0.114E-06    0.114E-06    0.000E+00    0.000E+00    0.000E+00    0.000E+00
     3.793     0.819    0.129E-01    0.106E-02    0.190E-03    0.337E-06    0.337E-06    0.107E-06    0.107E-06    0.000E+00    0.000E+00    0.000E+00    0.000E+00
     3.793     0.820    0.127E-01    0.104E-02    0.183E-03    0.320E-06    0.320E-06    0.101E-06    0.101E-06    0.000E+00    0.000E+00    0.000E+00    0.000E+00
     3.793     0.821    0.124E-01    0.102E-02    0.177E-03    0.304E-06    0.304E-06    0.955E-07    0.955E-07    0.000E+00    0.000E+00    0.000E+00    0.000E+00
     3.793     0.822    0.122E-01    0.994E-03    0.172E-03    0.289E-06    0.289E-06    0.901E-07    0.901E-07    0.000E+00    0.000E+00    0.000E+00    0.000E+00
     3.793     0.823    0.120E-01    0.973E-03    0.166E-03    0.274E-06    0.274E-06    0.849E-07    0.849E-07    0.000E+00    0.000E+00    0.000E+00    0.000E+00
     3.793     0.824    0.117E-01    0.952E-03    0.161E-03    0.260E-06    0.260E-06    0.800E-07    0.800E-07    0.000E+00    0.000E+00    0.000E+00    0.000E+00
     3.793     0.825    0.115E-01    0.932E-03    0.155E-03    0.247E-06    0.247E-06    0.753E-07    0.753E-07    0.000E+00    0.000E+00    0.000E+00    0.000E+00
     3.793     0.826    0.113E-01    0.912E-03    0.150E-03    0.234E-06    0.234E-06    0.710E-07    0.710E-07    0.000E+00    0.000E+00    0.000E+00    0.000E+00
     3.793     0.827    0.111E-01    0.892E-03    0.145E-03    0.222E-06    0.222E-06    0.668E-07    0.668E-07    0.000E+00    0.000E+00    0.000E+00    0.000E+00
     3.793     0.828    0.109E-01    0.873E-03    0.140E-03    0.211E-06    0.211E-06    0.630E-07    0.630E-07    0.000E+00    0.000E+00    0.000E+00    0.000E+00
     3.793     0.829    0.106E-01    0.854E-03    0.136E-03    0.200E-06    0.200E-06    0.593E-07    0.593E-07    0.000E+00    0.000E+00    0.000E+00    0.000E+00
     3.793     0.830    0.104E-01    0.836E-03    0.131E-03    0.190E-06    0.190E-06    0.559E-07    0.559E-07    0.000E+00    0.000E+00    0.000E+00    0.000E+00
     3.793     0.831    0.102E-01    0.817E-03    0.127E-03    0.181E-06    0.181E-06    0.526E-07    0.526E-07    0.000E+00    0.000E+00    0.000E+00    0.000E+00
     3.793     0.832    0.100E-01    0.799E-03    0.122E-03    0.172E-06    0.172E-06    0.496E-07    0.496E-07    0.000E+00    0.000E+00    0.000E+00    0.000E+00
     3.793     0.833    0.981E-02    0.782E-03    0.118E-03    0.163E-06    0.163E-06    0.467E-07    0.467E-07    0.000E+00    0.000E+00    0.000E+00    0.000E+00
     3.793     0.834    0.961E-02    0.765E-03    0.114E-03    0.155E-06    0.155E-06    0.441E-07    0.441E-07    0.000E+00    0.000E+00    0.000E+00    0.000E+00
     3.793     0.835    0.941E-02    0.748E-03    0.110E-03    0.147E-06    0.147E-06    0.416E-07    0.416E-07    0.000E+00    0.000E+00    0.000E+00    0.000E+00
     3.793     0.836    0.922E-02    0.731E-03    0.107E-03    0.140E-06    0.140E-06    0.392E-07    0.392E-07    0.000E+00    0.000E+00    0.000E+00    0.000E+00
     3.793     0.837    0.903E-02    0.714E-03    0.103E-03    0.132E-06    0.132E-06    0.365E-07    0.365E-07    0.000E+00    0.000E+00    0.000E+00    0.000E+00
     3.793     0.838    0.884E-02    0.698E-03    0.991E-04    0.124E-06    0.124E-06    0.339E-07    0.339E-07    0.000E+00    0.000E+00    0.000E+00    0.000E+00
     3.793     0.839    0.865E-02    0.682E-03    0.956E-04    0.117E-06    0.117E-06    0.315E-07    0.315E-07    0.000E+00    0.000E+00    0.000E+00    0.000E+00
     3.793     0.840    0.847E-02    0.667E-03    0.921E-04    0.110E-06    0.110E-06    0.292E-07    0.292E-07    0.000E+00    0.000E+00    0.000E+00    0.000E+00
     3.793     0.841    0.829E-02    0.651E-03    0.888E-04    0.104E-06    0.104E-06    0.270E-07    0.270E-07    0.000E+00    0.000E+00    0.000E+00    0.000E+00
     3.793     0.842    0.811E-02    0.636E-03    0.855E-04    0.973E-07    0.973E-07    0.250E-07    0.250E-07    0.000E+00    0.000E+00    0.000E+00    0.000E+00
     3.793     0.843    0.793E-02    0.622E-03    0.824E-04    0.914E-07    0.914E-07    0.231E-07    0.231E-07    0.000E+00    0.000E+00    0.000E+00    0.000E+00
     3.793     0.844    0.776E-02    0.607E-03    0.793E-04    0.858E-07    0.858E-07    0.213E-07    0.213E-07    0.000E+00    0.000E+00    0.000E+00    0.000E+00
     3.793     0.845    0.759E-02    0.593E-03    0.764E-04    0.805E-07    0.805E-07    0.196E-07    0.196E-07    0.000E+00    0.000E+00    0.000E+00    0.000E+00
     3.793     0.846    0.742E-02    0.579E-03    0.735E-04    0.756E-07    0.756E-07    0.181E-07    0.181E-07    0.000E+00    0.000E+00    0.000E+00    0.000E+00
     3.793     0.847    0.726E-02    0.565E-03    0.708E-04    0.709E-07    0.709E-07    0.166E-07    0.166E-07    0.000E+00    0.000E+00    0.000E+00    0.000E+00
     3.793     0.848    0.709E-02    0.552E-03    0.681E-04    0.665E-07    0.665E-07    0.153E-07    0.153E-07    0.000E+00    0.000E+00    0.000E+00    0.000E+00
     3.793     0.849    0.693E-02    0.539E-03    0.656E-04    0.624E-07    0.624E-07    0.140E-07    0.140E-07    0.000E+00    0.000E+00    0.000E+00    0.000E+00
     3.793     0.850    0.678E-02    0.526E-03    0.631E-04    0.586E-07    0.586E-07    0.129E-07    0.129E-07    0.000E+00    0.000E+00    0.000E+00    0.000E+00
     3.793     0.851    0.662E-02    0.513E-03    0.607E-04    0.550E-07    0.550E-07    0.118E-07    0.118E-07    0.000E+00    0.000E+00    0.000E+00    0.000E+00
     3.793     0.852    0.647E-02    0.501E-03    0.584E-04    0.516E-07    0.516E-07    0.108E-07    0.108E-07    0.000E+00    0.000E+00    0.000E+00    0.000E+00
     3.793     0.853    0.632E-02    0.489E-03    0.561E-04    0.485E-07    0.485E-07    0.995E-08    0.995E-08    0.000E+00    0.000E+00    0.000E+00    0.000E+00
     3.793     0.854    0.617E-02    0.477E-03    0.540E-04    0.456E-07    0.456E-07    0.914E-08    0.914E-08    0.000E+00    0.000E+00    0.000E+00    0.000E+00
     3.793     0.855    0.602E-02    0.465E-03    0.519E-04    0.429E-07    0.429E-07    0.840E-08    0.840E-08    0.000E+00    0.000E+00    0.000E+00    0.000E+00
     3.793     0.856    0.588E-02    0.454E-03    0.499E-04    0.404E-07    0.404E-07    0.774E-08    0.774E-08    0.000E+00    0.000E+00    0.000E+00    0.000E+00
     3.793     0.857    0.574E-02    0.442E-03    0.480E-04    0.381E-07    0.381E-07    0.714E-08    0.714E-08    0.000E+00    0.000E+00    0.000E+00    0.000E+00
     3.793     0.858    0.560E-02    0.431E-03    0.461E-04    0.360E-07    0.360E-07    0.660E-08    0.660E-08    0.000E+00    0.000E+00    0.000E+00    0.000E+00
     3.793     0.859    0.547E-02    0.421E-03    0.443E-04    0.340E-07    0.340E-07    0.612E-08    0.612E-08    0.000E+00    0.000E+00    0.000E+00    0.000E+00
     3.793     0.860    0.533E-02    0.410E-03    0.425E-04    0.316E-07    0.316E-07    0.549E-08    0.549E-08    0.000E+00    0.000E+00    0.000E+00    0.000E+00
     3.793     0.861    0.520E-02    0.399E-03    0.407E-04    0.293E-07    0.293E-07    0.485E-08    0.485E-08    0.000E+00    0.000E+00    0.000E+00    0.000E+00
     3.793     0.862    0.507E-02    0.389E-03    0.390E-04    0.271E-07    0.271E-07    0.427E-08    0.427E-08    0.000E+00    0.000E+00    0.000E+00    0.000E+00
     3.793     0.863    0.495E-02    0.379E-03    0.374E-04    0.250E-07    0.250E-07    0.373E-08    0.373E-08    0.000E+00    0.000E+00    0.000E+00    0.000E+00
     3.793     0.864    0.482E-02    0.369E-03    0.358E-04    0.230E-07    0.230E-07    0.324E-08    0.324E-08    0.000E+00    0.000E+00    0.000E+00    0.000E+00
     3.793     0.865    0.470E-02    0.360E-03    0.343E-04    0.212E-07    0.212E-07    0.279E-08    0.279E-08    0.000E+00    0.000E+00    0.000E+00    0.000E+00
     3.793     0.866    0.458E-02    0.350E-03    0.328E-04    0.195E-07    0.195E-07    0.238E-08    0.238E-08    0.000E+00    0.000E+00    0.000E+00    0.000E+00
     3.793     0.867    0.446E-02    0.341E-03    0.314E-04    0.179E-07    0.179E-07    0.201E-08    0.201E-08    0.000E+00    0.000E+00    0.000E+00    0.000E+00
     3.793     0.868    0.434E-02    0.332E-03    0.301E-04    0.165E-07    0.165E-07    0.168E-08    0.168E-08    0.000E+00    0.000E+00    0.000E+00    0.000E+00
     3.793     0.869    0.423E-02    0.323E-03    0.288E-04    0.151E-07    0.151E-07    0.138E-08    0.138E-08    0.000E+00    0.000E+00    0.000E+00    0.000E+00
     3.793     0.870    0.412E-02    0.314E-03    0.275E-04    0.139E-07    0.139E-07    0.113E-08    0.113E-08    0.000E+00    0.000E+00    0.000E+00    0.000E+00
     3.793     0.871    0.401E-02    0.306E-03    0.263E-04    0.127E-07    0.127E-07    0.899E-09    0.899E-09    0.000E+00    0.000E+00    0.000E+00    0.000E+00
     3.793     0.872    0.390E-02    0.297E-03    0.252E-04    0.117E-07    0.117E-07    0.705E-09    0.705E-09    0.000E+00    0.000E+00    0.000E+00    0.000E+00
     3.793     0.873    0.379E-02    0.289E-03    0.240E-04    0.107E-07    0.107E-07    0.540E-09    0.540E-09    0.000E+00    0.000E+00    0.000E+00    0.000E+00
     3.793     0.874    0.369E-02    0.281E-03    0.230E-04    0.983E-08    0.983E-08    0.403E-09    0.403E-09    0.000E+00    0.000E+00    0.000E+00    0.000E+00
     3.793     0.875    0.359E-02    0.273E-03    0.220E-04    0.904E-08    0.904E-08    0.293E-09    0.293E-09    0.000E+00    0.000E+00    0.000E+00    0.000E+00
     3.793     0.876    0.349E-02    0.266E-03    0.210E-04    0.832E-08    0.832E-08    0.207E-09    0.207E-09    0.000E+00    0.000E+00    0.000E+00    0.000E+00
     3.793     0.877    0.339E-02    0.258E-03    0.201E-04    0.768E-08    0.768E-08    0.143E-09    0.143E-09    0.000E+00    0.000E+00    0.000E+00    0.000E+00
     3.793     0.878    0.330E-02    0.251E-03    0.192E-04    0.711E-08    0.711E-08    0.101E-09    0.101E-09    0.000E+00    0.000E+00    0.000E+00    0.000E+00
     3.793     0.879    0.320E-02    0.244E-03    0.183E-04    0.660E-08    0.660E-08    0.775E-10    0.775E-10    0.000E+00    0.000E+00    0.000E+00    0.000E+00
     3.793     0.880    0.311E-02    0.237E-03    0.175E-04    0.616E-08    0.616E-08    0.715E-10    0.715E-10    0.000E+00    0.000E+00    0.000E+00    0.000E+00
     3.793     0.881    0.302E-02    0.230E-03    0.167E-04    0.576E-08    0.576E-08    0.812E-10    0.812E-10    0.000E+00    0.000E+00    0.000E+00    0.000E+00
     3.793     0.882    0.293E-02    0.223E-03    0.160E-04    0.542E-08    0.542E-08    0.105E-09    0.105E-09    0.000E+00    0.000E+00    0.000E+00    0.000E+00
     3.793     0.883    0.285E-02    0.217E-03    0.152E-04    0.497E-08    0.497E-08    0.747E-10    0.747E-10    0.000E+00    0.000E+00    0.000E+00    0.000E+00
     3.793     0.884    0.276E-02    0.210E-03    0.145E-04    0.442E-08    0.442E-08    0.000E+00    0.000E+00    0.000E+00    0.000E+00    0.000E+00    0.000E+00
     3.793     0.885    0.268E-02    0.204E-03    0.138E-04    0.391E-08    0.391E-08    0.000E+00    0.000E+00    0.000E+00    0.000E+00    0.000E+00    0.000E+00
     3.793     0.886    0.260E-02    0.198E-03    0.131E-04    0.344E-08    0.344E-08    0.000E+00    0.000E+00    0.000E+00    0.000E+00    0.000E+00    0.000E+00
     3.793     0.887    0.252E-02    0.192E-03    0.124E-04    0.301E-08    0.301E-08    0.000E+00    0.000E+00    0.000E+00    0.000E+00    0.000E+00    0.000E+00
     3.793     0.888    0.244E-02    0.186E-03    0.118E-04    0.262E-08    0.262E-08    0.000E+00    0.000E+00    0.000E+00    0.000E+00    0.000E+00    0.000E+00
     3.793     0.889    0.236E-02    0.180E-03    0.112E-04    0.226E-08    0.226E-08    0.000E+00    0.000E+00    0.000E+00    0.000E+00    0.000E+00    0.000E+00
     3.793     0.890    0.229E-02    0.174E-03    0.106E-04    0.193E-08    0.193E-08    0.000E+00    0.000E+00    0.000E+00    0.000E+00    0.000E+00    0.000E+00
     3.793     0.891    0.222E-02    0.169E-03    0.101E-04    0.164E-08    0.164E-08    0.000E+00    0.000E+00    0.000E+00    0.000E+00    0.000E+00    0.000E+00
     3.793     0.892    0.215E-02    0.163E-03    0.954E-05    0.138E-08    0.138E-08    0.000E+00    0.000E+00    0.000E+00    0.000E+00    0.000E+00    0.000E+00
     3.793     0.893    0.208E-02    0.158E-03    0.904E-05    0.115E-08    0.115E-08    0.000E+00    0.000E+00    0.000E+00    0.000E+00    0.000E+00    0.000E+00
     3.793     0.894    0.201E-02    0.153E-03    0.857E-05    0.943E-09    0.943E-09    0.000E+00    0.000E+00    0.000E+00    0.000E+00    0.000E+00    0.000E+00
     3.793     0.895    0.194E-02    0.148E-03    0.812E-05    0.766E-09    0.766E-09    0.000E+00    0.000E+00    0.000E+00    0.000E+00    0.000E+00    0.000E+00
     3.793     0.896    0.188E-02    0.143E-03    0.769E-05    0.616E-09    0.616E-09    0.000E+00    0.000E+00    0.000E+00    0.000E+00    0.000E+00    0.000E+00
     3.793     0.897    0.181E-02    0.138E-03    0.729E-05    0.489E-09    0.489E-09    0.000E+00    0.000E+00    0.000E+00    0.000E+00    0.000E+00    0.000E+00
     3.793     0.898    0.175E-02    0.134E-03    0.690E-05    0.385E-09    0.385E-09    0.000E+00    0.000E+00    0.000E+00    0.000E+00    0.000E+00    0.000E+00
     3.793     0.899    0.169E-02    0.129E-03    0.654E-05    0.303E-09    0.303E-09    0.000E+00    0.000E+00    0.000E+00    0.000E+00    0.000E+00    0.000E+00
     3.793     0.900    0.163E-02    0.125E-03    0.620E-05    0.239E-09    0.239E-09    0.000E+00    0.000E+00    0.000E+00    0.000E+00    0.000E+00    0.000E+00
     3.793     0.901    0.158E-02    0.120E-03    0.587E-05    0.194E-09    0.194E-09    0.000E+00    0.000E+00    0.000E+00    0.000E+00    0.000E+00    0.000E+00
     3.793     0.902    0.152E-02    0.116E-03    0.556E-05    0.166E-09    0.166E-09    0.000E+00    0.000E+00    0.000E+00    0.000E+00    0.000E+00    0.000E+00
     3.793     0.903    0.147E-02    0.112E-03    0.527E-05    0.153E-09    0.153E-09    0.000E+00    0.000E+00    0.000E+00    0.000E+00    0.000E+00    0.000E+00
     3.793     0.904    0.141E-02    0.108E-03    0.500E-05    0.153E-09    0.153E-09    0.000E+00    0.000E+00    0.000E+00    0.000E+00    0.000E+00    0.000E+00
     3.793     0.905    0.136E-02    0.104E-03    0.474E-05    0.166E-09    0.166E-09    0.000E+00    0.000E+00    0.000E+00    0.000E+00    0.000E+00    0.000E+00
     3.793     0.906    0.131E-02    0.101E-03    0.449E-05    0.175E-09    0.175E-09    0.000E+00    0.000E+00    0.000E+00    0.000E+00    0.000E+00    0.000E+00
     3.793     0.907    0.126E-02    0.970E-04    0.422E-05    0.991E-10    0.991E-10    0.000E+00    0.000E+00    0.000E+00    0.000E+00    0.000E+00    0.000E+00
     3.793     0.908    0.122E-02    0.934E-04    0.396E-05    0.323E-10    0.323E-10    0.000E+00    0.000E+00    0.000E+00    0.000E+00    0.000E+00    0.000E+00
     3.793     0.909    0.117E-02    0.899E-04    0.371E-05    0.000E+00    0.000E+00    0.000E+00    0.000E+00    0.000E+00    0.000E+00    0.000E+00    0.000E+00
     3.793     0.910    0.112E-02    0.864E-04    0.348E-05    0.000E+00    0.000E+00    0.000E+00    0.000E+00    0.000E+00    0.000E+00    0.000E+00    0.000E+00
     3.793     0.911    0.108E-02    0.831E-04    0.326E-05    0.000E+00    0.000E+00    0.000E+00    0.000E+00    0.000E+00    0.000E+00    0.000E+00    0.000E+00
     3.793     0.912    0.104E-02    0.799E-04    0.305E-05    0.000E+00    0.000E+00    0.000E+00    0.000E+00    0.000E+00    0.000E+00    0.000E+00    0.000E+00
     3.793     0.913    0.996E-03    0.768E-04    0.286E-05    0.000E+00    0.000E+00    0.000E+00    0.000E+00    0.000E+00    0.000E+00    0.000E+00    0.000E+00
     3.793     0.914    0.956E-03    0.737E-04    0.267E-05    0.000E+00    0.000E+00    0.000E+00    0.000E+00    0.000E+00    0.000E+00    0.000E+00    0.000E+00
     3.793     0.915    0.916E-03    0.708E-04    0.250E-05    0.000E+00    0.000E+00    0.000E+00    0.000E+00    0.000E+00    0.000E+00    0.000E+00    0.000E+00
     3.793     0.916    0.878E-03    0.679E-04    0.233E-05    0.000E+00    0.000E+00    0.000E+00    0.000E+00    0.000E+00    0.000E+00    0.000E+00    0.000E+00
     3.793     0.917    0.842E-03    0.651E-04    0.218E-05    0.000E+00    0.000E+00    0.000E+00    0.000E+00    0.000E+00    0.000E+00    0.000E+00    0.000E+00
     3.793     0.918    0.806E-03    0.624E-04    0.203E-05    0.000E+00    0.000E+00    0.000E+00    0.000E+00    0.000E+00    0.000E+00    0.000E+00    0.000E+00
     3.793     0.919    0.771E-03    0.598E-04    0.190E-05    0.000E+00    0.000E+00    0.000E+00    0.000E+00    0.000E+00    0.000E+00    0.000E+00    0.000E+00
     3.793     0.920    0.738E-03    0.572E-04    0.177E-05    0.000E+00    0.000E+00    0.000E+00    0.000E+00    0.000E+00    0.000E+00    0.000E+00    0.000E+00
     3.793     0.921    0.705E-03    0.548E-04    0.166E-05    0.000E+00    0.000E+00    0.000E+00    0.000E+00    0.000E+00    0.000E+00    0.000E+00    0.000E+00
     3.793     0.922    0.674E-03    0.524E-04    0.155E-05    0.000E+00    0.000E+00    0.000E+00    0.000E+00    0.000E+00    0.000E+00    0.000E+00    0.000E+00
     3.793     0.923    0.644E-03    0.501E-04    0.145E-05    0.000E+00    0.000E+00    0.000E+00    0.000E+00    0.000E+00    0.000E+00    0.000E+00    0.000E+00
     3.793     0.924    0.614E-03    0.479E-04    0.136E-05    0.000E+00    0.000E+00    0.000E+00    0.000E+00    0.000E+00    0.000E+00    0.000E+00    0.000E+00
     3.793     0.925    0.586E-03    0.457E-04    0.127E-05    0.000E+00    0.000E+00    0.000E+00    0.000E+00    0.000E+00    0.000E+00    0.000E+00    0.000E+00
     3.793     0.926    0.559E-03    0.437E-04    0.119E-05    0.000E+00    0.000E+00    0.000E+00    0.000E+00    0.000E+00    0.000E+00    0.000E+00    0.000E+00
     3.793     0.927    0.532E-03    0.417E-04    0.112E-05    0.000E+00    0.000E+00    0.000E+00    0.000E+00    0.000E+00    0.000E+00    0.000E+00    0.000E+00
     3.793     0.928    0.507E-03    0.397E-04    0.105E-05    0.000E+00    0.000E+00    0.000E+00    0.000E+00    0.000E+00    0.000E+00    0.000E+00    0.000E+00
     3.793     0.929    0.482E-03    0.378E-04    0.989E-06    0.000E+00    0.000E+00    0.000E+00    0.000E+00    0.000E+00    0.000E+00    0.000E+00    0.000E+00
     3.793     0.930    0.458E-03    0.360E-04    0.916E-06    0.000E+00    0.000E+00    0.000E+00    0.000E+00    0.000E+00    0.000E+00    0.000E+00    0.000E+00
     3.793     0.931    0.435E-03    0.342E-04    0.841E-06    0.000E+00    0.000E+00    0.000E+00    0.000E+00    0.000E+00    0.000E+00    0.000E+00    0.000E+00
     3.793     0.932    0.412E-03    0.325E-04    0.771E-06    0.000E+00    0.000E+00    0.000E+00    0.000E+00    0.000E+00    0.000E+00    0.000E+00    0.000E+00
     3.793     0.933    0.391E-03    0.308E-04    0.706E-06    0.000E+00    0.000E+00    0.000E+00    0.000E+00    0.000E+00    0.000E+00    0.000E+00    0.000E+00
     3.793     0.934    0.370E-03    0.292E-04    0.645E-06    0.000E+00    0.000E+00    0.000E+00    0.000E+00    0.000E+00    0.000E+00    0.000E+00    0.000E+00
     3.793     0.935    0.350E-03    0.277E-04    0.588E-06    0.000E+00    0.000E+00    0.000E+00    0.000E+00    0.000E+00    0.000E+00    0.000E+00    0.000E+00
     3.793     0.936    0.331E-03    0.262E-04    0.536E-06    0.000E+00    0.000E+00    0.000E+00    0.000E+00    0.000E+00    0.000E+00    0.000E+00    0.000E+00
     3.793     0.937    0.312E-03    0.248E-04    0.487E-06    0.000E+00    0.000E+00    0.000E+00    0.000E+00    0.000E+00    0.000E+00    0.000E+00    0.000E+00
     3.793     0.938    0.294E-03    0.234E-04    0.442E-06    0.000E+00    0.000E+00    0.000E+00    0.000E+00    0.000E+00    0.000E+00    0.000E+00    0.000E+00
     3.793     0.939    0.278E-03    0.221E-04    0.401E-06    0.000E+00    0.000E+00    0.000E+00    0.000E+00    0.000E+00    0.000E+00    0.000E+00    0.000E+00
     3.793     0.940    0.261E-03    0.209E-04    0.363E-06    0.000E+00    0.000E+00    0.000E+00    0.000E+00    0.000E+00    0.000E+00    0.000E+00    0.000E+00
     3.793     0.941    0.246E-03    0.196E-04    0.329E-06    0.000E+00    0.000E+00    0.000E+00    0.000E+00    0.000E+00    0.000E+00    0.000E+00    0.000E+00
     3.793     0.942    0.231E-03    0.185E-04    0.298E-06    0.000E+00    0.000E+00    0.000E+00    0.000E+00    0.000E+00    0.000E+00    0.000E+00    0.000E+00
     3.793     0.943    0.217E-03    0.174E-04    0.270E-06    0.000E+00    0.000E+00    0.000E+00    0.000E+00    0.000E+00    0.000E+00    0.000E+00    0.000E+00
     3.793     0.944    0.203E-03    0.163E-04    0.245E-06    0.000E+00    0.000E+00    0.000E+00    0.000E+00    0.000E+00    0.000E+00    0.000E+00    0.000E+00
     3.793     0.945    0.190E-03    0.153E-04    0.223E-06    0.000E+00    0.000E+00    0.000E+00    0.000E+00    0.000E+00    0.000E+00    0.000E+00    0.000E+00
     3.793     0.946    0.178E-03    0.143E-04    0.203E-06    0.000E+00    0.000E+00    0.000E+00    0.000E+00    0.000E+00    0.000E+00    0.000E+00    0.000E+00
     3.793     0.947    0.166E-03    0.134E-04    0.186E-06    0.000E+00    0.000E+00    0.000E+00    0.000E+00    0.000E+00    0.000E+00    0.000E+00    0.000E+00
     3.793     0.948    0.155E-03    0.125E-04    0.171E-06    0.000E+00    0.000E+00    0.000E+00    0.000E+00    0.000E+00    0.000E+00    0.000E+00    0.000E+00
     3.793     0.949    0.144E-03    0.117E-04    0.158E-06    0.000E+00    0.000E+00    0.000E+00    0.000E+00    0.000E+00    0.000E+00    0.000E+00    0.000E+00
     3.793     0.950    0.134E-03    0.109E-04    0.147E-06    0.000E+00    0.000E+00    0.000E+00    0.000E+00    0.000E+00    0.000E+00    0.000E+00    0.000E+00
     3.793     0.951    0.125E-03    0.101E-04    0.138E-06    0.000E+00    0.000E+00    0.000E+00    0.000E+00    0.000E+00    0.000E+00    0.000E+00    0.000E+00
     3.793     0.952    0.116E-03    0.941E-05    0.130E-06    0.000E+00    0.000E+00    0.000E+00    0.000E+00    0.000E+00    0.000E+00    0.000E+00    0.000E+00
     3.793     0.953    0.107E-03    0.871E-05    0.122E-06    0.156E-14    0.156E-14    0.000E+00    0.000E+00    0.000E+00    0.000E+00    0.000E+00    0.000E+00
     3.793     0.954    0.980E-04    0.801E-05    0.107E-06    0.103E-13    0.103E-13    0.000E+00    0.000E+00    0.000E+00    0.000E+00    0.000E+00    0.000E+00
     3.793     0.955    0.896E-04    0.734E-05    0.922E-07    0.194E-13    0.194E-13    0.000E+00    0.000E+00    0.000E+00    0.000E+00    0.000E+00    0.000E+00
     3.793     0.956    0.816E-04    0.671E-05    0.791E-07    0.287E-13    0.287E-13    0.000E+00    0.000E+00    0.000E+00    0.000E+00    0.000E+00    0.000E+00
     3.793     0.957    0.741E-04    0.610E-05    0.671E-07    0.383E-13    0.383E-13    0.000E+00    0.000E+00    0.000E+00    0.000E+00    0.000E+00    0.000E+00
     3.793     0.958    0.670E-04    0.553E-05    0.562E-07    0.481E-13    0.481E-13    0.000E+00    0.000E+00    0.000E+00    0.000E+00    0.000E+00    0.000E+00
     3.793     0.959    0.603E-04    0.499E-05    0.465E-07    0.580E-13    0.580E-13    0.000E+00    0.000E+00    0.000E+00    0.000E+00    0.000E+00    0.000E+00
     3.793     0.960    0.540E-04    0.448E-05    0.377E-07    0.680E-13    0.680E-13    0.000E+00    0.000E+00    0.000E+00    0.000E+00    0.000E+00    0.000E+00
     3.793     0.961    0.481E-04    0.401E-05    0.300E-07    0.781E-13    0.781E-13    0.000E+00    0.000E+00    0.000E+00    0.000E+00    0.000E+00    0.000E+00
     3.793     0.962    0.426E-04    0.356E-05    0.232E-07    0.882E-13    0.882E-13    0.000E+00    0.000E+00    0.000E+00    0.000E+00    0.000E+00    0.000E+00
     3.793     0.963    0.374E-04    0.313E-05    0.174E-07    0.982E-13    0.982E-13    0.000E+00    0.000E+00    0.000E+00    0.000E+00    0.000E+00    0.000E+00
     3.793     0.964    0.326E-04    0.274E-05    0.123E-07    0.108E-12    0.108E-12    0.000E+00    0.000E+00    0.000E+00    0.000E+00    0.000E+00    0.000E+00
     3.793     0.965    0.281E-04    0.237E-05    0.815E-08    0.118E-12    0.118E-12    0.000E+00    0.000E+00    0.000E+00    0.000E+00    0.000E+00    0.000E+00
     3.793     0.966    0.240E-04    0.203E-05    0.471E-08    0.128E-12    0.128E-12    0.000E+00    0.000E+00    0.000E+00    0.000E+00    0.000E+00    0.000E+00
     3.793     0.967    0.202E-04    0.172E-05    0.200E-08    0.137E-12    0.137E-12    0.000E+00    0.000E+00    0.000E+00    0.000E+00    0.000E+00    0.000E+00
     3.793     0.968    0.167E-04    0.143E-05    0.000E+00    0.146E-12    0.146E-12    0.000E+00    0.000E+00    0.000E+00    0.000E+00    0.000E+00    0.000E+00
     3.793     0.969    0.135E-04    0.116E-05    0.000E+00    0.155E-12    0.155E-12    0.000E+00    0.000E+00    0.000E+00    0.000E+00    0.000E+00    0.000E+00
     3.793     0.970    0.106E-04    0.912E-06    0.000E+00    0.163E-12    0.163E-12    0.000E+00    0.000E+00    0.000E+00    0.000E+00    0.000E+00    0.000E+00
     3.793     0.971    0.794E-05    0.688E-06    0.000E+00    0.172E-12    0.172E-12    0.000E+00    0.000E+00    0.000E+00    0.000E+00    0.000E+00    0.000E+00
     3.793     0.972    0.558E-05    0.486E-06    0.000E+00    0.179E-12    0.179E-12    0.000E+00    0.000E+00    0.000E+00    0.000E+00    0.000E+00    0.000E+00
     3.793     0.973    0.347E-05    0.304E-06    0.000E+00    0.186E-12    0.186E-12    0.000E+00    0.000E+00    0.000E+00    0.000E+00    0.000E+00    0.000E+00
     3.793     0.974    0.160E-05    0.142E-06    0.000E+00    0.193E-12    0.193E-12    0.000E+00    0.000E+00    0.000E+00    0.000E+00    0.000E+00    0.000E+00
     3.793     0.975    0.000E+00    0.000E+00    0.571E-09    0.198E-12    0.198E-12    0.000E+00    0.000E+00    0.000E+00    0.000E+00    0.000E+00    0.000E+00
     3.793     0.976    0.000E+00    0.000E+00    0.221E-08    0.204E-12    0.204E-12    0.000E+00    0.000E+00    0.000E+00    0.000E+00    0.000E+00    0.000E+00
     3.793     0.977    0.000E+00    0.000E+00    0.410E-08    0.208E-12    0.208E-12    0.000E+00    0.000E+00    0.000E+00    0.000E+00    0.000E+00    0.000E+00
     3.793     0.978    0.000E+00    0.000E+00    0.618E-08    0.212E-12    0.212E-12    0.000E+00    0.000E+00    0.000E+00    0.000E+00    0.000E+00    0.000E+00
     3.793     0.979    0.000E+00    0.000E+00    0.840E-08    0.215E-12    0.215E-12    0.000E+00    0.000E+00    0.000E+00    0.000E+00    0.000E+00    0.000E+00
     3.793     0.980    0.000E+00    0.000E+00    0.107E-07    0.217E-12    0.217E-12    0.000E+00    0.000E+00    0.000E+00    0.000E+00    0.000E+00    0.000E+00
     3.793     0.981    0.000E+00    0.000E+00    0.131E-07    0.218E-12    0.218E-12    0.000E+00    0.000E+00    0.000E+00    0.000E+00    0.000E+00    0.000E+00
     3.793     0.982    0.000E+00    0.000E+00    0.155E-07    0.218E-12    0.218E-12    0.000E+00    0.000E+00    0.000E+00    0.000E+00    0.000E+00    0.000E+00
     3.793     0.983    0.000E+00    0.000E+00    0.178E-07    0.218E-12    0.218E-12    0.000E+00    0.000E+00    0.000E+00    0.000E+00    0.000E+00    0.000E+00
     3.793     0.984    0.000E+00    0.000E+00    0.200E-07    0.216E-12    0.216E-12    0.000E+00    0.000E+00    0.000E+00    0.000E+00    0.000E+00    0.000E+00
     3.793     0.985    0.000E+00    0.000E+00    0.221E-07    0.213E-12    0.213E-12    0.000E+00    0.000E+00    0.000E+00    0.000E+00    0.000E+00    0.000E+00
     3.793     0.986    0.000E+00    0.000E+00    0.239E-07    0.209E-12    0.209E-12    0.000E+00    0.000E+00    0.000E+00    0.000E+00    0.000E+00    0.000E+00
     3.793     0.987    0.000E+00    0.000E+00    0.255E-07    0.203E-12    0.203E-12    0.000E+00    0.000E+00    0.000E+00    0.000E+00    0.000E+00    0.000E+00
     3.793     0.988    0.000E+00    0.000E+00    0.268E-07    0.197E-12    0.197E-12    0.000E+00    0.000E+00    0.000E+00    0.000E+00    0.000E+00    0.000E+00
     3.793     0.989    0.000E+00    0.000E+00    0.278E-07    0.189E-12    0.189E-12    0.000E+00    0.000E+00    0.000E+00    0.000E+00    0.000E+00    0.000E+00
     3.793     0.990    0.000E+00    0.000E+00    0.283E-07    0.179E-12    0.179E-12    0.000E+00    0.000E+00    0.000E+00    0.000E+00    0.000E+00    0.000E+00
     3.793     0.991    0.000E+00    0.000E+00    0.284E-07    0.169E-12    0.169E-12    0.000E+00    0.000E+00    0.000E+00    0.000E+00    0.000E+00    0.000E+00
     3.793     0.992    0.000E+00    0.000E+00    0.280E-07    0.157E-12    0.157E-12    0.000E+00    0.000E+00    0.000E+00    0.000E+00    0.000E+00    0.000E+00
     3.793     0.993    0.000E+00    0.000E+00    0.270E-07    0.143E-12    0.143E-12    0.000E+00    0.000E+00    0.000E+00    0.000E+00    0.000E+00    0.000E+00
     3.793     0.994    0.000E+00    0.000E+00    0.254E-07    0.128E-12    0.128E-12    0.000E+00    0.000E+00    0.000E+00    0.000E+00    0.000E+00    0.000E+00
     3.793     0.995    0.000E+00    0.000E+00    0.231E-07    0.111E-12    0.111E-12    0.000E+00    0.000E+00    0.000E+00    0.000E+00    0.000E+00    0.000E+00
     3.793     0.996    0.000E+00    0.000E+00    0.201E-07    0.922E-13    0.922E-13    0.000E+00    0.000E+00    0.000E+00    0.000E+00    0.000E+00    0.000E+00
     3.793     0.997    0.000E+00    0.000E+00    0.164E-07    0.719E-13    0.719E-13    0.000E+00    0.000E+00    0.000E+00    0.000E+00    0.000E+00    0.000E+00
     3.793     0.998    0.000E+00    0.000E+00    0.118E-07    0.498E-13    0.498E-13    0.000E+00    0.000E+00    0.000E+00    0.000E+00    0.000E+00    0.000E+00
     3.793     0.999    0.000E+00    0.000E+00    0.638E-08    0.258E-13    0.258E-13    0.000E+00    0.000E+00    0.000E+00    0.000E+00    0.000E+00    0.000E+00

