     Q**2          x         u           d           g          ub          db          sb          s          cb          c          bb          b
     6.065     0.001    0.537E+00    0.498E+00    0.881E+01    0.471E+00    0.478E+00    0.259E+00    0.259E+00    0.116E+00    0.116E+00    0.000E+00    0.000E+00
     6.065     0.002    0.492E+00    0.452E+00    0.715E+01    0.406E+00    0.418E+00    0.223E+00    0.223E+00    0.977E-01    0.977E-01    0.000E+00    0.000E+00
     6.065     0.003    0.471E+00    0.431E+00    0.626E+01    0.371E+00    0.385E+00    0.204E+00    0.204E+00    0.877E-01    0.877E-01    0.000E+00    0.000E+00
     6.065     0.004    0.460E+00    0.421E+00    0.573E+01    0.348E+00    0.364E+00    0.191E+00    0.191E+00    0.815E-01    0.815E-01    0.000E+00    0.000E+00
     6.065     0.005    0.453E+00    0.415E+00    0.534E+01    0.331E+00    0.348E+00    0.182E+00    0.182E+00    0.768E-01    0.768E-01    0.000E+00    0.000E+00
     6.065     0.006    0.448E+00    0.411E+00    0.503E+01    0.317E+00    0.335E+00    0.174E+00    0.174E+00    0.729E-01    0.729E-01    0.000E+00    0.000E+00
     6.065     0.007    0.446E+00    0.409E+00    0.479E+01    0.305E+00    0.325E+00    0.168E+00    0.168E+00    0.699E-01    0.699E-01    0.000E+00    0.000E+00
     6.065     0.008    0.443E+00    0.407E+00    0.456E+01    0.295E+00    0.315E+00    0.162E+00    0.162E+00    0.670E-01    0.670E-01    0.000E+00    0.000E+00
     6.065     0.009    0.442E+00    0.406E+00    0.438E+01    0.286E+00    0.307E+00    0.158E+00    0.158E+00    0.647E-01    0.647E-01    0.000E+00    0.000E+00
     6.065     0.010    0.441E+00    0.405E+00    0.421E+01    0.278E+00    0.299E+00    0.153E+00    0.153E+00    0.624E-01    0.624E-01    0.000E+00    0.000E+00
     6.065     0.011    0.441E+00    0.405E+00    0.408E+01    0.272E+00    0.293E+00    0.149E+00    0.149E+00    0.606E-01    0.606E-01    0.000E+00    0.000E+00
     6.065     0.012    0.441E+00    0.404E+00    0.394E+01    0.265E+00    0.286E+00    0.145E+00    0.145E+00    0.588E-01    0.588E-01    0.000E+00    0.000E+00
     6.065     0.013    0.441E+00    0.404E+00    0.383E+01    0.259E+00    0.280E+00    0.142E+00    0.142E+00    0.572E-01    0.572E-01    0.000E+00    0.000E+00
     6.065     0.014    0.442E+00    0.404E+00    0.373E+01    0.254E+00    0.275E+00    0.139E+00    0.139E+00    0.558E-01    0.558E-01    0.000E+00    0.000E+00
     6.065     0.015    0.443E+00    0.404E+00    0.362E+01    0.249E+00    0.269E+00    0.136E+00    0.136E+00    0.543E-01    0.543E-01    0.000E+00    0.000E+00
     6.065     0.016    0.444E+00    0.404E+00    0.354E+01    0.244E+00    0.264E+00    0.134E+00    0.134E+00    0.530E-01    0.530E-01    0.000E+00    0.000E+00
     6.065     0.017    0.445E+00    0.405E+00    0.346E+01    0.240E+00    0.260E+00    0.131E+00    0.131E+00    0.519E-01    0.519E-01    0.000E+00    0.000E+00
     6.065     0.018    0.447E+00    0.405E+00    0.338E+01    0.236E+00    0.256E+00    0.129E+00    0.129E+00    0.508E-01    0.508E-01    0.000E+00    0.000E+00
     6.065     0.019    0.448E+00    0.405E+00    0.331E+01    0.232E+00    0.251E+00    0.126E+00    0.126E+00    0.497E-01    0.497E-01    0.000E+00    0.000E+00
     6.065     0.020    0.450E+00    0.406E+00    0.324E+01    0.229E+00    0.247E+00    0.124E+00    0.124E+00    0.487E-01    0.487E-01    0.000E+00    0.000E+00
     6.065     0.021    0.451E+00    0.406E+00    0.318E+01    0.226E+00    0.244E+00    0.123E+00    0.123E+00    0.478E-01    0.478E-01    0.000E+00    0.000E+00
     6.065     0.022    0.453E+00    0.406E+00    0.312E+01    0.222E+00    0.240E+00    0.120E+00    0.120E+00    0.468E-01    0.468E-01    0.000E+00    0.000E+00
     6.065     0.023    0.454E+00    0.406E+00    0.306E+01    0.219E+00    0.236E+00    0.119E+00    0.119E+00    0.459E-01    0.459E-01    0.000E+00    0.000E+00
     6.065     0.024    0.456E+00    0.407E+00    0.300E+01    0.216E+00    0.233E+00    0.117E+00    0.117E+00    0.450E-01    0.450E-01    0.000E+00    0.000E+00
     6.065     0.025    0.458E+00    0.407E+00    0.295E+01    0.213E+00    0.229E+00    0.115E+00    0.115E+00    0.442E-01    0.442E-01    0.000E+00    0.000E+00
     6.065     0.026    0.460E+00    0.408E+00    0.290E+01    0.210E+00    0.226E+00    0.113E+00    0.113E+00    0.434E-01    0.434E-01    0.000E+00    0.000E+00
     6.065     0.027    0.462E+00    0.408E+00    0.285E+01    0.207E+00    0.223E+00    0.112E+00    0.112E+00    0.426E-01    0.426E-01    0.000E+00    0.000E+00
     6.065     0.028    0.463E+00    0.408E+00    0.280E+01    0.204E+00    0.220E+00    0.110E+00    0.110E+00    0.419E-01    0.419E-01    0.000E+00    0.000E+00
     6.065     0.029    0.465E+00    0.408E+00    0.276E+01    0.202E+00    0.217E+00    0.109E+00    0.109E+00    0.412E-01    0.412E-01    0.000E+00    0.000E+00
     6.065     0.030    0.467E+00    0.408E+00    0.272E+01    0.199E+00    0.215E+00    0.107E+00    0.107E+00    0.406E-01    0.406E-01    0.000E+00    0.000E+00
     6.065     0.031    0.469E+00    0.409E+00    0.268E+01    0.197E+00    0.212E+00    0.106E+00    0.106E+00    0.400E-01    0.400E-01    0.000E+00    0.000E+00
     6.065     0.032    0.471E+00    0.409E+00    0.265E+01    0.195E+00    0.210E+00    0.105E+00    0.105E+00    0.394E-01    0.394E-01    0.000E+00    0.000E+00
     6.065     0.033    0.473E+00    0.409E+00    0.261E+01    0.193E+00    0.207E+00    0.103E+00    0.103E+00    0.388E-01    0.388E-01    0.000E+00    0.000E+00
     6.065     0.034    0.475E+00    0.409E+00    0.258E+01    0.191E+00    0.205E+00    0.102E+00    0.102E+00    0.382E-01    0.382E-01    0.000E+00    0.000E+00
     6.065     0.035    0.477E+00    0.410E+00    0.255E+01    0.189E+00    0.203E+00    0.101E+00    0.101E+00    0.377E-01    0.377E-01    0.000E+00    0.000E+00
     6.065     0.036    0.479E+00    0.410E+00    0.252E+01    0.187E+00    0.200E+00    0.998E-01    0.998E-01    0.372E-01    0.372E-01    0.000E+00    0.000E+00
     6.065     0.037    0.481E+00    0.410E+00    0.249E+01    0.185E+00    0.198E+00    0.987E-01    0.987E-01    0.367E-01    0.367E-01    0.000E+00    0.000E+00
     6.065     0.038    0.483E+00    0.411E+00    0.247E+01    0.183E+00    0.197E+00    0.977E-01    0.977E-01    0.363E-01    0.363E-01    0.000E+00    0.000E+00
     6.065     0.039    0.485E+00    0.411E+00    0.244E+01    0.181E+00    0.194E+00    0.966E-01    0.966E-01    0.358E-01    0.358E-01    0.000E+00    0.000E+00
     6.065     0.040    0.487E+00    0.411E+00    0.241E+01    0.179E+00    0.192E+00    0.955E-01    0.955E-01    0.353E-01    0.353E-01    0.000E+00    0.000E+00
     6.065     0.041    0.489E+00    0.411E+00    0.238E+01    0.178E+00    0.190E+00    0.945E-01    0.945E-01    0.348E-01    0.348E-01    0.000E+00    0.000E+00
     6.065     0.042    0.490E+00    0.411E+00    0.235E+01    0.176E+00    0.188E+00    0.934E-01    0.934E-01    0.343E-01    0.343E-01    0.000E+00    0.000E+00
     6.065     0.043    0.492E+00    0.411E+00    0.233E+01    0.174E+00    0.187E+00    0.924E-01    0.924E-01    0.339E-01    0.339E-01    0.000E+00    0.000E+00
     6.065     0.044    0.494E+00    0.411E+00    0.230E+01    0.172E+00    0.185E+00    0.915E-01    0.915E-01    0.334E-01    0.334E-01    0.000E+00    0.000E+00
     6.065     0.045    0.496E+00    0.412E+00    0.228E+01    0.170E+00    0.183E+00    0.905E-01    0.905E-01    0.330E-01    0.330E-01    0.000E+00    0.000E+00
     6.065     0.046    0.498E+00    0.412E+00    0.225E+01    0.169E+00    0.181E+00    0.896E-01    0.896E-01    0.326E-01    0.326E-01    0.000E+00    0.000E+00
     6.065     0.047    0.499E+00    0.412E+00    0.223E+01    0.167E+00    0.180E+00    0.886E-01    0.886E-01    0.322E-01    0.322E-01    0.000E+00    0.000E+00
     6.065     0.048    0.501E+00    0.412E+00    0.220E+01    0.165E+00    0.178E+00    0.877E-01    0.877E-01    0.317E-01    0.317E-01    0.000E+00    0.000E+00
     6.065     0.049    0.503E+00    0.412E+00    0.218E+01    0.164E+00    0.176E+00    0.868E-01    0.868E-01    0.313E-01    0.313E-01    0.000E+00    0.000E+00
     6.065     0.050    0.505E+00    0.412E+00    0.216E+01    0.162E+00    0.175E+00    0.859E-01    0.859E-01    0.309E-01    0.309E-01    0.000E+00    0.000E+00
     6.065     0.051    0.506E+00    0.412E+00    0.214E+01    0.160E+00    0.173E+00    0.850E-01    0.850E-01    0.306E-01    0.306E-01    0.000E+00    0.000E+00
     6.065     0.052    0.508E+00    0.412E+00    0.212E+01    0.159E+00    0.172E+00    0.842E-01    0.842E-01    0.302E-01    0.302E-01    0.000E+00    0.000E+00
     6.065     0.053    0.510E+00    0.412E+00    0.209E+01    0.157E+00    0.170E+00    0.834E-01    0.834E-01    0.298E-01    0.298E-01    0.000E+00    0.000E+00
     6.065     0.054    0.512E+00    0.412E+00    0.207E+01    0.156E+00    0.169E+00    0.826E-01    0.826E-01    0.295E-01    0.295E-01    0.000E+00    0.000E+00
     6.065     0.055    0.513E+00    0.412E+00    0.205E+01    0.154E+00    0.168E+00    0.818E-01    0.818E-01    0.291E-01    0.291E-01    0.000E+00    0.000E+00
     6.065     0.056    0.515E+00    0.412E+00    0.203E+01    0.152E+00    0.166E+00    0.810E-01    0.810E-01    0.288E-01    0.288E-01    0.000E+00    0.000E+00
     6.065     0.057    0.516E+00    0.412E+00    0.202E+01    0.151E+00    0.165E+00    0.802E-01    0.802E-01    0.284E-01    0.284E-01    0.000E+00    0.000E+00
     6.065     0.058    0.518E+00    0.412E+00    0.200E+01    0.149E+00    0.164E+00    0.795E-01    0.795E-01    0.281E-01    0.281E-01    0.000E+00    0.000E+00
     6.065     0.059    0.520E+00    0.412E+00    0.198E+01    0.148E+00    0.162E+00    0.787E-01    0.787E-01    0.278E-01    0.278E-01    0.000E+00    0.000E+00
     6.065     0.060    0.521E+00    0.412E+00    0.196E+01    0.147E+00    0.161E+00    0.780E-01    0.780E-01    0.275E-01    0.275E-01    0.000E+00    0.000E+00
     6.065     0.061    0.523E+00    0.412E+00    0.194E+01    0.145E+00    0.160E+00    0.773E-01    0.773E-01    0.272E-01    0.272E-01    0.000E+00    0.000E+00
     6.065     0.062    0.525E+00    0.412E+00    0.193E+01    0.144E+00    0.159E+00    0.766E-01    0.766E-01    0.269E-01    0.269E-01    0.000E+00    0.000E+00
     6.065     0.063    0.526E+00    0.412E+00    0.191E+01    0.142E+00    0.158E+00    0.759E-01    0.759E-01    0.266E-01    0.266E-01    0.000E+00    0.000E+00
     6.065     0.064    0.528E+00    0.412E+00    0.189E+01    0.141E+00    0.156E+00    0.752E-01    0.752E-01    0.263E-01    0.263E-01    0.000E+00    0.000E+00
     6.065     0.065    0.529E+00    0.412E+00    0.188E+01    0.140E+00    0.155E+00    0.745E-01    0.745E-01    0.260E-01    0.260E-01    0.000E+00    0.000E+00
     6.065     0.066    0.531E+00    0.412E+00    0.186E+01    0.138E+00    0.154E+00    0.738E-01    0.738E-01    0.257E-01    0.257E-01    0.000E+00    0.000E+00
     6.065     0.067    0.532E+00    0.411E+00    0.184E+01    0.137E+00    0.153E+00    0.732E-01    0.732E-01    0.254E-01    0.254E-01    0.000E+00    0.000E+00
     6.065     0.068    0.534E+00    0.411E+00    0.183E+01    0.135E+00    0.152E+00    0.725E-01    0.725E-01    0.251E-01    0.251E-01    0.000E+00    0.000E+00
     6.065     0.069    0.535E+00    0.411E+00    0.181E+01    0.134E+00    0.151E+00    0.718E-01    0.718E-01    0.248E-01    0.248E-01    0.000E+00    0.000E+00
     6.065     0.070    0.536E+00    0.411E+00    0.179E+01    0.133E+00    0.150E+00    0.712E-01    0.712E-01    0.245E-01    0.245E-01    0.000E+00    0.000E+00
     6.065     0.071    0.538E+00    0.411E+00    0.178E+01    0.131E+00    0.149E+00    0.706E-01    0.706E-01    0.243E-01    0.243E-01    0.000E+00    0.000E+00
     6.065     0.072    0.539E+00    0.411E+00    0.176E+01    0.130E+00    0.148E+00    0.699E-01    0.699E-01    0.240E-01    0.240E-01    0.000E+00    0.000E+00
     6.065     0.073    0.541E+00    0.411E+00    0.175E+01    0.129E+00    0.147E+00    0.693E-01    0.693E-01    0.237E-01    0.237E-01    0.000E+00    0.000E+00
     6.065     0.074    0.542E+00    0.411E+00    0.173E+01    0.128E+00    0.146E+00    0.687E-01    0.687E-01    0.235E-01    0.235E-01    0.000E+00    0.000E+00
     6.065     0.075    0.544E+00    0.411E+00    0.172E+01    0.126E+00    0.145E+00    0.681E-01    0.681E-01    0.232E-01    0.232E-01    0.000E+00    0.000E+00
     6.065     0.076    0.545E+00    0.410E+00    0.170E+01    0.125E+00    0.144E+00    0.675E-01    0.675E-01    0.230E-01    0.230E-01    0.000E+00    0.000E+00
     6.065     0.077    0.546E+00    0.410E+00    0.169E+01    0.124E+00    0.143E+00    0.669E-01    0.669E-01    0.227E-01    0.227E-01    0.000E+00    0.000E+00
     6.065     0.078    0.548E+00    0.410E+00    0.168E+01    0.123E+00    0.142E+00    0.663E-01    0.663E-01    0.225E-01    0.225E-01    0.000E+00    0.000E+00
     6.065     0.079    0.549E+00    0.410E+00    0.166E+01    0.121E+00    0.141E+00    0.658E-01    0.658E-01    0.222E-01    0.222E-01    0.000E+00    0.000E+00
     6.065     0.080    0.550E+00    0.410E+00    0.165E+01    0.120E+00    0.140E+00    0.652E-01    0.652E-01    0.220E-01    0.220E-01    0.000E+00    0.000E+00
     6.065     0.081    0.551E+00    0.409E+00    0.163E+01    0.119E+00    0.139E+00    0.646E-01    0.646E-01    0.217E-01    0.217E-01    0.000E+00    0.000E+00
     6.065     0.082    0.553E+00    0.409E+00    0.162E+01    0.118E+00    0.138E+00    0.641E-01    0.641E-01    0.215E-01    0.215E-01    0.000E+00    0.000E+00
     6.065     0.083    0.554E+00    0.409E+00    0.161E+01    0.117E+00    0.137E+00    0.636E-01    0.636E-01    0.213E-01    0.213E-01    0.000E+00    0.000E+00
     6.065     0.084    0.555E+00    0.409E+00    0.160E+01    0.116E+00    0.136E+00    0.630E-01    0.630E-01    0.211E-01    0.211E-01    0.000E+00    0.000E+00
     6.065     0.085    0.557E+00    0.409E+00    0.158E+01    0.115E+00    0.135E+00    0.625E-01    0.625E-01    0.208E-01    0.208E-01    0.000E+00    0.000E+00
     6.065     0.086    0.558E+00    0.408E+00    0.157E+01    0.113E+00    0.135E+00    0.620E-01    0.620E-01    0.206E-01    0.206E-01    0.000E+00    0.000E+00
     6.065     0.087    0.559E+00    0.408E+00    0.156E+01    0.112E+00    0.134E+00    0.614E-01    0.614E-01    0.204E-01    0.204E-01    0.000E+00    0.000E+00
     6.065     0.088    0.560E+00    0.408E+00    0.154E+01    0.111E+00    0.133E+00    0.609E-01    0.609E-01    0.202E-01    0.202E-01    0.000E+00    0.000E+00
     6.065     0.089    0.562E+00    0.407E+00    0.153E+01    0.110E+00    0.132E+00    0.604E-01    0.604E-01    0.200E-01    0.200E-01    0.000E+00    0.000E+00
     6.065     0.090    0.563E+00    0.407E+00    0.152E+01    0.109E+00    0.131E+00    0.599E-01    0.599E-01    0.198E-01    0.198E-01    0.000E+00    0.000E+00
     6.065     0.091    0.564E+00    0.407E+00    0.151E+01    0.108E+00    0.130E+00    0.594E-01    0.594E-01    0.196E-01    0.196E-01    0.000E+00    0.000E+00
     6.065     0.092    0.565E+00    0.407E+00    0.150E+01    0.107E+00    0.130E+00    0.589E-01    0.589E-01    0.193E-01    0.193E-01    0.000E+00    0.000E+00
     6.065     0.093    0.566E+00    0.406E+00    0.148E+01    0.106E+00    0.129E+00    0.584E-01    0.584E-01    0.191E-01    0.191E-01    0.000E+00    0.000E+00
     6.065     0.094    0.567E+00    0.406E+00    0.147E+01    0.105E+00    0.128E+00    0.579E-01    0.579E-01    0.189E-01    0.189E-01    0.000E+00    0.000E+00
     6.065     0.095    0.569E+00    0.406E+00    0.146E+01    0.104E+00    0.127E+00    0.575E-01    0.575E-01    0.188E-01    0.188E-01    0.000E+00    0.000E+00
     6.065     0.096    0.570E+00    0.405E+00    0.145E+01    0.103E+00    0.126E+00    0.570E-01    0.570E-01    0.186E-01    0.186E-01    0.000E+00    0.000E+00
     6.065     0.097    0.571E+00    0.405E+00    0.144E+01    0.102E+00    0.126E+00    0.565E-01    0.565E-01    0.184E-01    0.184E-01    0.000E+00    0.000E+00
     6.065     0.098    0.572E+00    0.405E+00    0.143E+01    0.101E+00    0.125E+00    0.561E-01    0.561E-01    0.182E-01    0.182E-01    0.000E+00    0.000E+00
     6.065     0.099    0.573E+00    0.404E+00    0.142E+01    0.100E+00    0.124E+00    0.556E-01    0.556E-01    0.180E-01    0.180E-01    0.000E+00    0.000E+00
     6.065     0.100    0.574E+00    0.404E+00    0.140E+01    0.990E-01    0.123E+00    0.551E-01    0.551E-01    0.178E-01    0.178E-01    0.000E+00    0.000E+00
     6.065     0.101    0.575E+00    0.404E+00    0.139E+01    0.981E-01    0.123E+00    0.547E-01    0.547E-01    0.176E-01    0.176E-01    0.000E+00    0.000E+00
     6.065     0.102    0.576E+00    0.403E+00    0.138E+01    0.971E-01    0.122E+00    0.542E-01    0.542E-01    0.174E-01    0.174E-01    0.000E+00    0.000E+00
     6.065     0.103    0.577E+00    0.403E+00    0.137E+01    0.962E-01    0.121E+00    0.538E-01    0.538E-01    0.173E-01    0.173E-01    0.000E+00    0.000E+00
     6.065     0.104    0.578E+00    0.403E+00    0.136E+01    0.953E-01    0.120E+00    0.534E-01    0.534E-01    0.171E-01    0.171E-01    0.000E+00    0.000E+00
     6.065     0.105    0.579E+00    0.402E+00    0.135E+01    0.944E-01    0.120E+00    0.529E-01    0.529E-01    0.169E-01    0.169E-01    0.000E+00    0.000E+00
     6.065     0.106    0.580E+00    0.402E+00    0.134E+01    0.936E-01    0.119E+00    0.525E-01    0.525E-01    0.167E-01    0.167E-01    0.000E+00    0.000E+00
     6.065     0.107    0.581E+00    0.401E+00    0.133E+01    0.927E-01    0.118E+00    0.521E-01    0.521E-01    0.166E-01    0.166E-01    0.000E+00    0.000E+00
     6.065     0.108    0.582E+00    0.401E+00    0.132E+01    0.918E-01    0.117E+00    0.517E-01    0.517E-01    0.164E-01    0.164E-01    0.000E+00    0.000E+00
     6.065     0.109    0.583E+00    0.401E+00    0.131E+01    0.910E-01    0.117E+00    0.513E-01    0.513E-01    0.162E-01    0.162E-01    0.000E+00    0.000E+00
     6.065     0.110    0.584E+00    0.400E+00    0.130E+01    0.902E-01    0.116E+00    0.508E-01    0.508E-01    0.161E-01    0.161E-01    0.000E+00    0.000E+00
     6.065     0.111    0.585E+00    0.400E+00    0.129E+01    0.893E-01    0.115E+00    0.504E-01    0.504E-01    0.159E-01    0.159E-01    0.000E+00    0.000E+00
     6.065     0.112    0.586E+00    0.399E+00    0.128E+01    0.885E-01    0.114E+00    0.500E-01    0.500E-01    0.157E-01    0.157E-01    0.000E+00    0.000E+00
     6.065     0.113    0.587E+00    0.399E+00    0.127E+01    0.877E-01    0.114E+00    0.496E-01    0.496E-01    0.156E-01    0.156E-01    0.000E+00    0.000E+00
     6.065     0.114    0.588E+00    0.398E+00    0.126E+01    0.869E-01    0.113E+00    0.492E-01    0.492E-01    0.154E-01    0.154E-01    0.000E+00    0.000E+00
     6.065     0.115    0.589E+00    0.398E+00    0.125E+01    0.861E-01    0.112E+00    0.488E-01    0.488E-01    0.153E-01    0.153E-01    0.000E+00    0.000E+00
     6.065     0.116    0.590E+00    0.397E+00    0.124E+01    0.853E-01    0.112E+00    0.485E-01    0.485E-01    0.151E-01    0.151E-01    0.000E+00    0.000E+00
     6.065     0.117    0.591E+00    0.397E+00    0.123E+01    0.845E-01    0.111E+00    0.481E-01    0.481E-01    0.150E-01    0.150E-01    0.000E+00    0.000E+00
     6.065     0.118    0.592E+00    0.397E+00    0.122E+01    0.838E-01    0.110E+00    0.477E-01    0.477E-01    0.148E-01    0.148E-01    0.000E+00    0.000E+00
     6.065     0.119    0.593E+00    0.396E+00    0.121E+01    0.830E-01    0.110E+00    0.473E-01    0.473E-01    0.147E-01    0.147E-01    0.000E+00    0.000E+00
     6.065     0.120    0.594E+00    0.396E+00    0.120E+01    0.823E-01    0.109E+00    0.469E-01    0.469E-01    0.145E-01    0.145E-01    0.000E+00    0.000E+00
     6.065     0.121    0.595E+00    0.395E+00    0.119E+01    0.816E-01    0.108E+00    0.466E-01    0.466E-01    0.144E-01    0.144E-01    0.000E+00    0.000E+00
     6.065     0.122    0.595E+00    0.395E+00    0.119E+01    0.808E-01    0.108E+00    0.462E-01    0.462E-01    0.142E-01    0.142E-01    0.000E+00    0.000E+00
     6.065     0.123    0.596E+00    0.394E+00    0.118E+01    0.801E-01    0.107E+00    0.459E-01    0.459E-01    0.141E-01    0.141E-01    0.000E+00    0.000E+00
     6.065     0.124    0.597E+00    0.394E+00    0.117E+01    0.794E-01    0.106E+00    0.455E-01    0.455E-01    0.139E-01    0.139E-01    0.000E+00    0.000E+00
     6.065     0.125    0.598E+00    0.393E+00    0.116E+01    0.787E-01    0.106E+00    0.451E-01    0.451E-01    0.138E-01    0.138E-01    0.000E+00    0.000E+00
     6.065     0.126    0.599E+00    0.393E+00    0.115E+01    0.780E-01    0.105E+00    0.448E-01    0.448E-01    0.137E-01    0.137E-01    0.000E+00    0.000E+00
     6.065     0.127    0.599E+00    0.392E+00    0.114E+01    0.773E-01    0.104E+00    0.444E-01    0.444E-01    0.135E-01    0.135E-01    0.000E+00    0.000E+00
     6.065     0.128    0.600E+00    0.391E+00    0.113E+01    0.767E-01    0.104E+00    0.441E-01    0.441E-01    0.134E-01    0.134E-01    0.000E+00    0.000E+00
     6.065     0.129    0.601E+00    0.391E+00    0.112E+01    0.760E-01    0.103E+00    0.437E-01    0.437E-01    0.132E-01    0.132E-01    0.000E+00    0.000E+00
     6.065     0.130    0.602E+00    0.390E+00    0.112E+01    0.753E-01    0.102E+00    0.434E-01    0.434E-01    0.131E-01    0.131E-01    0.000E+00    0.000E+00
     6.065     0.131    0.603E+00    0.390E+00    0.111E+01    0.747E-01    0.102E+00    0.430E-01    0.430E-01    0.130E-01    0.130E-01    0.000E+00    0.000E+00
     6.065     0.132    0.603E+00    0.389E+00    0.110E+01    0.741E-01    0.101E+00    0.427E-01    0.427E-01    0.128E-01    0.128E-01    0.000E+00    0.000E+00
     6.065     0.133    0.604E+00    0.389E+00    0.109E+01    0.734E-01    0.100E+00    0.424E-01    0.424E-01    0.127E-01    0.127E-01    0.000E+00    0.000E+00
     6.065     0.134    0.605E+00    0.388E+00    0.108E+01    0.728E-01    0.996E-01    0.420E-01    0.420E-01    0.126E-01    0.126E-01    0.000E+00    0.000E+00
     6.065     0.135    0.605E+00    0.388E+00    0.107E+01    0.722E-01    0.990E-01    0.417E-01    0.417E-01    0.125E-01    0.125E-01    0.000E+00    0.000E+00
     6.065     0.136    0.606E+00    0.387E+00    0.107E+01    0.716E-01    0.983E-01    0.414E-01    0.414E-01    0.123E-01    0.123E-01    0.000E+00    0.000E+00
     6.065     0.137    0.607E+00    0.386E+00    0.106E+01    0.710E-01    0.977E-01    0.411E-01    0.411E-01    0.122E-01    0.122E-01    0.000E+00    0.000E+00
     6.065     0.138    0.608E+00    0.386E+00    0.105E+01    0.704E-01    0.971E-01    0.408E-01    0.408E-01    0.121E-01    0.121E-01    0.000E+00    0.000E+00
     6.065     0.139    0.608E+00    0.385E+00    0.104E+01    0.698E-01    0.964E-01    0.404E-01    0.404E-01    0.120E-01    0.120E-01    0.000E+00    0.000E+00
     6.065     0.140    0.609E+00    0.385E+00    0.103E+01    0.692E-01    0.958E-01    0.401E-01    0.401E-01    0.119E-01    0.119E-01    0.000E+00    0.000E+00
     6.065     0.141    0.609E+00    0.384E+00    0.103E+01    0.687E-01    0.952E-01    0.398E-01    0.398E-01    0.117E-01    0.117E-01    0.000E+00    0.000E+00
     6.065     0.142    0.610E+00    0.383E+00    0.102E+01    0.681E-01    0.945E-01    0.395E-01    0.395E-01    0.116E-01    0.116E-01    0.000E+00    0.000E+00
     6.065     0.143    0.611E+00    0.383E+00    0.101E+01    0.675E-01    0.939E-01    0.392E-01    0.392E-01    0.115E-01    0.115E-01    0.000E+00    0.000E+00
     6.065     0.144    0.611E+00    0.382E+00    0.100E+01    0.670E-01    0.933E-01    0.389E-01    0.389E-01    0.114E-01    0.114E-01    0.000E+00    0.000E+00
     6.065     0.145    0.612E+00    0.382E+00    0.995E+00    0.664E-01    0.927E-01    0.386E-01    0.386E-01    0.113E-01    0.113E-01    0.000E+00    0.000E+00
     6.065     0.146    0.612E+00    0.381E+00    0.988E+00    0.659E-01    0.921E-01    0.383E-01    0.383E-01    0.112E-01    0.112E-01    0.000E+00    0.000E+00
     6.065     0.147    0.613E+00    0.380E+00    0.980E+00    0.654E-01    0.915E-01    0.380E-01    0.380E-01    0.110E-01    0.110E-01    0.000E+00    0.000E+00
     6.065     0.148    0.614E+00    0.380E+00    0.973E+00    0.649E-01    0.908E-01    0.377E-01    0.377E-01    0.109E-01    0.109E-01    0.000E+00    0.000E+00
     6.065     0.149    0.614E+00    0.379E+00    0.966E+00    0.643E-01    0.902E-01    0.374E-01    0.374E-01    0.108E-01    0.108E-01    0.000E+00    0.000E+00
     6.065     0.150    0.615E+00    0.378E+00    0.958E+00    0.638E-01    0.896E-01    0.371E-01    0.371E-01    0.107E-01    0.107E-01    0.000E+00    0.000E+00
     6.065     0.151    0.615E+00    0.378E+00    0.951E+00    0.633E-01    0.890E-01    0.368E-01    0.368E-01    0.106E-01    0.106E-01    0.000E+00    0.000E+00
     6.065     0.152    0.616E+00    0.377E+00    0.944E+00    0.628E-01    0.884E-01    0.366E-01    0.366E-01    0.105E-01    0.105E-01    0.000E+00    0.000E+00
     6.065     0.153    0.616E+00    0.376E+00    0.937E+00    0.623E-01    0.878E-01    0.363E-01    0.363E-01    0.104E-01    0.104E-01    0.000E+00    0.000E+00
     6.065     0.154    0.617E+00    0.376E+00    0.930E+00    0.618E-01    0.872E-01    0.360E-01    0.360E-01    0.103E-01    0.103E-01    0.000E+00    0.000E+00
     6.065     0.155    0.617E+00    0.375E+00    0.923E+00    0.614E-01    0.867E-01    0.357E-01    0.357E-01    0.102E-01    0.102E-01    0.000E+00    0.000E+00
     6.065     0.156    0.618E+00    0.374E+00    0.916E+00    0.609E-01    0.861E-01    0.354E-01    0.354E-01    0.101E-01    0.101E-01    0.000E+00    0.000E+00
     6.065     0.157    0.618E+00    0.374E+00    0.909E+00    0.604E-01    0.855E-01    0.352E-01    0.352E-01    0.999E-02    0.999E-02    0.000E+00    0.000E+00
     6.065     0.158    0.619E+00    0.373E+00    0.902E+00    0.599E-01    0.849E-01    0.349E-01    0.349E-01    0.989E-02    0.989E-02    0.000E+00    0.000E+00
     6.065     0.159    0.619E+00    0.372E+00    0.895E+00    0.595E-01    0.843E-01    0.346E-01    0.346E-01    0.979E-02    0.979E-02    0.000E+00    0.000E+00
     6.065     0.160    0.619E+00    0.372E+00    0.888E+00    0.590E-01    0.837E-01    0.344E-01    0.344E-01    0.969E-02    0.969E-02    0.000E+00    0.000E+00
     6.065     0.161    0.620E+00    0.371E+00    0.881E+00    0.586E-01    0.831E-01    0.341E-01    0.341E-01    0.959E-02    0.959E-02    0.000E+00    0.000E+00
     6.065     0.162    0.620E+00    0.370E+00    0.875E+00    0.581E-01    0.826E-01    0.338E-01    0.338E-01    0.950E-02    0.950E-02    0.000E+00    0.000E+00
     6.065     0.163    0.621E+00    0.370E+00    0.868E+00    0.577E-01    0.820E-01    0.336E-01    0.336E-01    0.940E-02    0.940E-02    0.000E+00    0.000E+00
     6.065     0.164    0.621E+00    0.369E+00    0.861E+00    0.573E-01    0.814E-01    0.333E-01    0.333E-01    0.931E-02    0.931E-02    0.000E+00    0.000E+00
     6.065     0.165    0.621E+00    0.368E+00    0.855E+00    0.568E-01    0.808E-01    0.331E-01    0.331E-01    0.921E-02    0.921E-02    0.000E+00    0.000E+00
     6.065     0.166    0.622E+00    0.368E+00    0.848E+00    0.564E-01    0.803E-01    0.328E-01    0.328E-01    0.912E-02    0.912E-02    0.000E+00    0.000E+00
     6.065     0.167    0.622E+00    0.367E+00    0.842E+00    0.560E-01    0.797E-01    0.326E-01    0.326E-01    0.903E-02    0.903E-02    0.000E+00    0.000E+00
     6.065     0.168    0.622E+00    0.366E+00    0.836E+00    0.556E-01    0.792E-01    0.323E-01    0.323E-01    0.894E-02    0.894E-02    0.000E+00    0.000E+00
     6.065     0.169    0.623E+00    0.366E+00    0.829E+00    0.552E-01    0.786E-01    0.321E-01    0.321E-01    0.885E-02    0.885E-02    0.000E+00    0.000E+00
     6.065     0.170    0.623E+00    0.365E+00    0.823E+00    0.548E-01    0.780E-01    0.318E-01    0.318E-01    0.876E-02    0.876E-02    0.000E+00    0.000E+00
     6.065     0.171    0.623E+00    0.364E+00    0.816E+00    0.544E-01    0.775E-01    0.316E-01    0.316E-01    0.867E-02    0.867E-02    0.000E+00    0.000E+00
     6.065     0.172    0.624E+00    0.363E+00    0.810E+00    0.540E-01    0.769E-01    0.313E-01    0.313E-01    0.859E-02    0.859E-02    0.000E+00    0.000E+00
     6.065     0.173    0.624E+00    0.363E+00    0.804E+00    0.536E-01    0.764E-01    0.311E-01    0.311E-01    0.850E-02    0.850E-02    0.000E+00    0.000E+00
     6.065     0.174    0.624E+00    0.362E+00    0.798E+00    0.532E-01    0.758E-01    0.308E-01    0.308E-01    0.841E-02    0.841E-02    0.000E+00    0.000E+00
     6.065     0.175    0.624E+00    0.361E+00    0.792E+00    0.528E-01    0.753E-01    0.306E-01    0.306E-01    0.833E-02    0.833E-02    0.000E+00    0.000E+00
     6.065     0.176    0.625E+00    0.360E+00    0.786E+00    0.524E-01    0.747E-01    0.304E-01    0.304E-01    0.824E-02    0.824E-02    0.000E+00    0.000E+00
     6.065     0.177    0.625E+00    0.360E+00    0.780E+00    0.520E-01    0.742E-01    0.301E-01    0.301E-01    0.816E-02    0.816E-02    0.000E+00    0.000E+00
     6.065     0.178    0.625E+00    0.359E+00    0.774E+00    0.517E-01    0.737E-01    0.299E-01    0.299E-01    0.808E-02    0.808E-02    0.000E+00    0.000E+00
     6.065     0.179    0.625E+00    0.358E+00    0.768E+00    0.513E-01    0.731E-01    0.297E-01    0.297E-01    0.800E-02    0.800E-02    0.000E+00    0.000E+00
     6.065     0.180    0.626E+00    0.357E+00    0.762E+00    0.509E-01    0.726E-01    0.295E-01    0.295E-01    0.792E-02    0.792E-02    0.000E+00    0.000E+00
     6.065     0.181    0.626E+00    0.357E+00    0.756E+00    0.506E-01    0.721E-01    0.292E-01    0.292E-01    0.784E-02    0.784E-02    0.000E+00    0.000E+00
     6.065     0.182    0.626E+00    0.356E+00    0.750E+00    0.502E-01    0.716E-01    0.290E-01    0.290E-01    0.776E-02    0.776E-02    0.000E+00    0.000E+00
     6.065     0.183    0.626E+00    0.355E+00    0.744E+00    0.499E-01    0.710E-01    0.288E-01    0.288E-01    0.768E-02    0.768E-02    0.000E+00    0.000E+00
     6.065     0.184    0.626E+00    0.354E+00    0.739E+00    0.495E-01    0.705E-01    0.286E-01    0.286E-01    0.760E-02    0.760E-02    0.000E+00    0.000E+00
     6.065     0.185    0.626E+00    0.354E+00    0.733E+00    0.492E-01    0.700E-01    0.284E-01    0.284E-01    0.752E-02    0.752E-02    0.000E+00    0.000E+00
     6.065     0.186    0.626E+00    0.353E+00    0.727E+00    0.488E-01    0.695E-01    0.281E-01    0.281E-01    0.745E-02    0.745E-02    0.000E+00    0.000E+00
     6.065     0.187    0.627E+00    0.352E+00    0.721E+00    0.485E-01    0.690E-01    0.279E-01    0.279E-01    0.737E-02    0.737E-02    0.000E+00    0.000E+00
     6.065     0.188    0.627E+00    0.351E+00    0.716E+00    0.482E-01    0.685E-01    0.277E-01    0.277E-01    0.730E-02    0.730E-02    0.000E+00    0.000E+00
     6.065     0.189    0.627E+00    0.351E+00    0.710E+00    0.478E-01    0.679E-01    0.275E-01    0.275E-01    0.722E-02    0.722E-02    0.000E+00    0.000E+00
     6.065     0.190    0.627E+00    0.350E+00    0.705E+00    0.475E-01    0.674E-01    0.273E-01    0.273E-01    0.715E-02    0.715E-02    0.000E+00    0.000E+00
     6.065     0.191    0.627E+00    0.349E+00    0.699E+00    0.472E-01    0.669E-01    0.271E-01    0.271E-01    0.708E-02    0.708E-02    0.000E+00    0.000E+00
     6.065     0.192    0.627E+00    0.348E+00    0.694E+00    0.469E-01    0.664E-01    0.269E-01    0.269E-01    0.700E-02    0.700E-02    0.000E+00    0.000E+00
     6.065     0.193    0.627E+00    0.348E+00    0.688E+00    0.465E-01    0.659E-01    0.267E-01    0.267E-01    0.693E-02    0.693E-02    0.000E+00    0.000E+00
     6.065     0.194    0.627E+00    0.347E+00    0.683E+00    0.462E-01    0.654E-01    0.265E-01    0.265E-01    0.686E-02    0.686E-02    0.000E+00    0.000E+00
     6.065     0.195    0.627E+00    0.346E+00    0.678E+00    0.459E-01    0.649E-01    0.262E-01    0.262E-01    0.679E-02    0.679E-02    0.000E+00    0.000E+00
     6.065     0.196    0.627E+00    0.345E+00    0.672E+00    0.456E-01    0.645E-01    0.260E-01    0.260E-01    0.672E-02    0.672E-02    0.000E+00    0.000E+00
     6.065     0.197    0.627E+00    0.344E+00    0.667E+00    0.453E-01    0.640E-01    0.258E-01    0.258E-01    0.666E-02    0.666E-02    0.000E+00    0.000E+00
     6.065     0.198    0.627E+00    0.344E+00    0.662E+00    0.450E-01    0.635E-01    0.256E-01    0.256E-01    0.659E-02    0.659E-02    0.000E+00    0.000E+00
     6.065     0.199    0.627E+00    0.343E+00    0.657E+00    0.447E-01    0.630E-01    0.255E-01    0.255E-01    0.652E-02    0.652E-02    0.000E+00    0.000E+00
     6.065     0.200    0.627E+00    0.342E+00    0.652E+00    0.444E-01    0.625E-01    0.253E-01    0.253E-01    0.645E-02    0.645E-02    0.000E+00    0.000E+00
     6.065     0.201    0.627E+00    0.341E+00    0.647E+00    0.441E-01    0.621E-01    0.251E-01    0.251E-01    0.639E-02    0.639E-02    0.000E+00    0.000E+00
     6.065     0.202    0.627E+00    0.340E+00    0.641E+00    0.438E-01    0.616E-01    0.249E-01    0.249E-01    0.632E-02    0.632E-02    0.000E+00    0.000E+00
     6.065     0.203    0.627E+00    0.340E+00    0.636E+00    0.435E-01    0.611E-01    0.247E-01    0.247E-01    0.626E-02    0.626E-02    0.000E+00    0.000E+00
     6.065     0.204    0.627E+00    0.339E+00    0.631E+00    0.432E-01    0.606E-01    0.245E-01    0.245E-01    0.619E-02    0.619E-02    0.000E+00    0.000E+00
     6.065     0.205    0.627E+00    0.338E+00    0.626E+00    0.429E-01    0.602E-01    0.243E-01    0.243E-01    0.613E-02    0.613E-02    0.000E+00    0.000E+00
     6.065     0.206    0.627E+00    0.337E+00    0.621E+00    0.427E-01    0.597E-01    0.241E-01    0.241E-01    0.607E-02    0.607E-02    0.000E+00    0.000E+00
     6.065     0.207    0.626E+00    0.336E+00    0.616E+00    0.424E-01    0.593E-01    0.239E-01    0.239E-01    0.600E-02    0.600E-02    0.000E+00    0.000E+00
     6.065     0.208    0.626E+00    0.336E+00    0.612E+00    0.421E-01    0.588E-01    0.237E-01    0.237E-01    0.594E-02    0.594E-02    0.000E+00    0.000E+00
     6.065     0.209    0.626E+00    0.335E+00    0.607E+00    0.418E-01    0.583E-01    0.236E-01    0.236E-01    0.588E-02    0.588E-02    0.000E+00    0.000E+00
     6.065     0.210    0.626E+00    0.334E+00    0.602E+00    0.416E-01    0.579E-01    0.234E-01    0.234E-01    0.582E-02    0.582E-02    0.000E+00    0.000E+00
     6.065     0.211    0.626E+00    0.333E+00    0.597E+00    0.413E-01    0.574E-01    0.232E-01    0.232E-01    0.576E-02    0.576E-02    0.000E+00    0.000E+00
     6.065     0.212    0.626E+00    0.332E+00    0.592E+00    0.410E-01    0.570E-01    0.230E-01    0.230E-01    0.570E-02    0.570E-02    0.000E+00    0.000E+00
     6.065     0.213    0.626E+00    0.332E+00    0.588E+00    0.408E-01    0.565E-01    0.228E-01    0.228E-01    0.564E-02    0.564E-02    0.000E+00    0.000E+00
     6.065     0.214    0.625E+00    0.331E+00    0.583E+00    0.405E-01    0.561E-01    0.227E-01    0.227E-01    0.558E-02    0.558E-02    0.000E+00    0.000E+00
     6.065     0.215    0.625E+00    0.330E+00    0.578E+00    0.402E-01    0.557E-01    0.225E-01    0.225E-01    0.553E-02    0.553E-02    0.000E+00    0.000E+00
     6.065     0.216    0.625E+00    0.329E+00    0.574E+00    0.400E-01    0.552E-01    0.223E-01    0.223E-01    0.547E-02    0.547E-02    0.000E+00    0.000E+00
     6.065     0.217    0.625E+00    0.328E+00    0.569E+00    0.397E-01    0.548E-01    0.222E-01    0.222E-01    0.541E-02    0.541E-02    0.000E+00    0.000E+00
     6.065     0.218    0.625E+00    0.327E+00    0.565E+00    0.395E-01    0.544E-01    0.220E-01    0.220E-01    0.536E-02    0.536E-02    0.000E+00    0.000E+00
     6.065     0.219    0.624E+00    0.327E+00    0.560E+00    0.392E-01    0.539E-01    0.218E-01    0.218E-01    0.530E-02    0.530E-02    0.000E+00    0.000E+00
     6.065     0.220    0.624E+00    0.326E+00    0.556E+00    0.390E-01    0.535E-01    0.216E-01    0.216E-01    0.525E-02    0.525E-02    0.000E+00    0.000E+00
     6.065     0.221    0.624E+00    0.325E+00    0.551E+00    0.387E-01    0.531E-01    0.215E-01    0.215E-01    0.519E-02    0.519E-02    0.000E+00    0.000E+00
     6.065     0.222    0.624E+00    0.324E+00    0.547E+00    0.385E-01    0.527E-01    0.213E-01    0.213E-01    0.514E-02    0.514E-02    0.000E+00    0.000E+00
     6.065     0.223    0.623E+00    0.323E+00    0.542E+00    0.382E-01    0.523E-01    0.211E-01    0.211E-01    0.508E-02    0.508E-02    0.000E+00    0.000E+00
     6.065     0.224    0.623E+00    0.322E+00    0.538E+00    0.380E-01    0.518E-01    0.210E-01    0.210E-01    0.503E-02    0.503E-02    0.000E+00    0.000E+00
     6.065     0.225    0.623E+00    0.322E+00    0.534E+00    0.377E-01    0.514E-01    0.208E-01    0.208E-01    0.498E-02    0.498E-02    0.000E+00    0.000E+00
     6.065     0.226    0.622E+00    0.321E+00    0.529E+00    0.375E-01    0.510E-01    0.207E-01    0.207E-01    0.493E-02    0.493E-02    0.000E+00    0.000E+00
     6.065     0.227    0.622E+00    0.320E+00    0.525E+00    0.373E-01    0.506E-01    0.205E-01    0.205E-01    0.487E-02    0.487E-02    0.000E+00    0.000E+00
     6.065     0.228    0.622E+00    0.319E+00    0.521E+00    0.370E-01    0.502E-01    0.203E-01    0.203E-01    0.482E-02    0.482E-02    0.000E+00    0.000E+00
     6.065     0.229    0.621E+00    0.318E+00    0.516E+00    0.368E-01    0.498E-01    0.202E-01    0.202E-01    0.477E-02    0.477E-02    0.000E+00    0.000E+00
     6.065     0.230    0.621E+00    0.317E+00    0.512E+00    0.366E-01    0.494E-01    0.200E-01    0.200E-01    0.472E-02    0.472E-02    0.000E+00    0.000E+00
     6.065     0.231    0.621E+00    0.316E+00    0.508E+00    0.363E-01    0.490E-01    0.199E-01    0.199E-01    0.467E-02    0.467E-02    0.000E+00    0.000E+00
     6.065     0.232    0.620E+00    0.316E+00    0.504E+00    0.361E-01    0.486E-01    0.197E-01    0.197E-01    0.462E-02    0.462E-02    0.000E+00    0.000E+00
     6.065     0.233    0.620E+00    0.315E+00    0.500E+00    0.359E-01    0.482E-01    0.196E-01    0.196E-01    0.458E-02    0.458E-02    0.000E+00    0.000E+00
     6.065     0.234    0.619E+00    0.314E+00    0.496E+00    0.356E-01    0.478E-01    0.194E-01    0.194E-01    0.453E-02    0.453E-02    0.000E+00    0.000E+00
     6.065     0.235    0.619E+00    0.313E+00    0.492E+00    0.354E-01    0.474E-01    0.193E-01    0.193E-01    0.448E-02    0.448E-02    0.000E+00    0.000E+00
     6.065     0.236    0.619E+00    0.312E+00    0.488E+00    0.352E-01    0.471E-01    0.191E-01    0.191E-01    0.443E-02    0.443E-02    0.000E+00    0.000E+00
     6.065     0.237    0.618E+00    0.311E+00    0.484E+00    0.350E-01    0.467E-01    0.190E-01    0.190E-01    0.439E-02    0.439E-02    0.000E+00    0.000E+00
     6.065     0.238    0.618E+00    0.310E+00    0.480E+00    0.348E-01    0.463E-01    0.188E-01    0.188E-01    0.434E-02    0.434E-02    0.000E+00    0.000E+00
     6.065     0.239    0.617E+00    0.310E+00    0.476E+00    0.345E-01    0.459E-01    0.187E-01    0.187E-01    0.429E-02    0.429E-02    0.000E+00    0.000E+00
     6.065     0.240    0.617E+00    0.309E+00    0.472E+00    0.343E-01    0.455E-01    0.185E-01    0.185E-01    0.425E-02    0.425E-02    0.000E+00    0.000E+00
     6.065     0.241    0.616E+00    0.308E+00    0.468E+00    0.341E-01    0.452E-01    0.184E-01    0.184E-01    0.420E-02    0.420E-02    0.000E+00    0.000E+00
     6.065     0.242    0.616E+00    0.307E+00    0.464E+00    0.339E-01    0.448E-01    0.182E-01    0.182E-01    0.416E-02    0.416E-02    0.000E+00    0.000E+00
     6.065     0.243    0.615E+00    0.306E+00    0.460E+00    0.337E-01    0.444E-01    0.181E-01    0.181E-01    0.412E-02    0.412E-02    0.000E+00    0.000E+00
     6.065     0.244    0.615E+00    0.305E+00    0.457E+00    0.335E-01    0.441E-01    0.180E-01    0.180E-01    0.407E-02    0.407E-02    0.000E+00    0.000E+00
     6.065     0.245    0.614E+00    0.304E+00    0.453E+00    0.333E-01    0.437E-01    0.178E-01    0.178E-01    0.403E-02    0.403E-02    0.000E+00    0.000E+00
     6.065     0.246    0.614E+00    0.304E+00    0.449E+00    0.331E-01    0.434E-01    0.177E-01    0.177E-01    0.399E-02    0.399E-02    0.000E+00    0.000E+00
     6.065     0.247    0.613E+00    0.303E+00    0.445E+00    0.328E-01    0.430E-01    0.175E-01    0.175E-01    0.394E-02    0.394E-02    0.000E+00    0.000E+00
     6.065     0.248    0.613E+00    0.302E+00    0.442E+00    0.326E-01    0.426E-01    0.174E-01    0.174E-01    0.390E-02    0.390E-02    0.000E+00    0.000E+00
     6.065     0.249    0.612E+00    0.301E+00    0.438E+00    0.324E-01    0.423E-01    0.173E-01    0.173E-01    0.386E-02    0.386E-02    0.000E+00    0.000E+00
     6.065     0.250    0.612E+00    0.300E+00    0.434E+00    0.322E-01    0.419E-01    0.171E-01    0.171E-01    0.382E-02    0.382E-02    0.000E+00    0.000E+00
     6.065     0.251    0.611E+00    0.299E+00    0.431E+00    0.320E-01    0.416E-01    0.170E-01    0.170E-01    0.378E-02    0.378E-02    0.000E+00    0.000E+00
     6.065     0.252    0.611E+00    0.298E+00    0.427E+00    0.318E-01    0.413E-01    0.169E-01    0.169E-01    0.374E-02    0.374E-02    0.000E+00    0.000E+00
     6.065     0.253    0.610E+00    0.297E+00    0.423E+00    0.316E-01    0.409E-01    0.167E-01    0.167E-01    0.370E-02    0.370E-02    0.000E+00    0.000E+00
     6.065     0.254    0.609E+00    0.297E+00    0.420E+00    0.314E-01    0.406E-01    0.166E-01    0.166E-01    0.366E-02    0.366E-02    0.000E+00    0.000E+00
     6.065     0.255    0.609E+00    0.296E+00    0.416E+00    0.312E-01    0.402E-01    0.165E-01    0.165E-01    0.362E-02    0.362E-02    0.000E+00    0.000E+00
     6.065     0.256    0.608E+00    0.295E+00    0.413E+00    0.310E-01    0.399E-01    0.163E-01    0.163E-01    0.358E-02    0.358E-02    0.000E+00    0.000E+00
     6.065     0.257    0.608E+00    0.294E+00    0.409E+00    0.309E-01    0.396E-01    0.162E-01    0.162E-01    0.354E-02    0.354E-02    0.000E+00    0.000E+00
     6.065     0.258    0.607E+00    0.293E+00    0.406E+00    0.307E-01    0.392E-01    0.161E-01    0.161E-01    0.350E-02    0.350E-02    0.000E+00    0.000E+00
     6.065     0.259    0.606E+00    0.292E+00    0.403E+00    0.305E-01    0.389E-01    0.160E-01    0.160E-01    0.347E-02    0.347E-02    0.000E+00    0.000E+00
     6.065     0.260    0.606E+00    0.291E+00    0.399E+00    0.303E-01    0.386E-01    0.158E-01    0.158E-01    0.343E-02    0.343E-02    0.000E+00    0.000E+00
     6.065     0.261    0.605E+00    0.290E+00    0.396E+00    0.301E-01    0.383E-01    0.157E-01    0.157E-01    0.339E-02    0.339E-02    0.000E+00    0.000E+00
     6.065     0.262    0.604E+00    0.289E+00    0.392E+00    0.299E-01    0.379E-01    0.156E-01    0.156E-01    0.335E-02    0.335E-02    0.000E+00    0.000E+00
     6.065     0.263    0.604E+00    0.289E+00    0.389E+00    0.297E-01    0.376E-01    0.155E-01    0.155E-01    0.332E-02    0.332E-02    0.000E+00    0.000E+00
     6.065     0.264    0.603E+00    0.288E+00    0.386E+00    0.295E-01    0.373E-01    0.153E-01    0.153E-01    0.328E-02    0.328E-02    0.000E+00    0.000E+00
     6.065     0.265    0.602E+00    0.287E+00    0.383E+00    0.293E-01    0.370E-01    0.152E-01    0.152E-01    0.325E-02    0.325E-02    0.000E+00    0.000E+00
     6.065     0.266    0.602E+00    0.286E+00    0.379E+00    0.291E-01    0.367E-01    0.151E-01    0.151E-01    0.321E-02    0.321E-02    0.000E+00    0.000E+00
     6.065     0.267    0.601E+00    0.285E+00    0.376E+00    0.290E-01    0.364E-01    0.150E-01    0.150E-01    0.318E-02    0.318E-02    0.000E+00    0.000E+00
     6.065     0.268    0.600E+00    0.284E+00    0.373E+00    0.288E-01    0.361E-01    0.149E-01    0.149E-01    0.314E-02    0.314E-02    0.000E+00    0.000E+00
     6.065     0.269    0.599E+00    0.283E+00    0.370E+00    0.286E-01    0.358E-01    0.147E-01    0.147E-01    0.311E-02    0.311E-02    0.000E+00    0.000E+00
     6.065     0.270    0.599E+00    0.282E+00    0.366E+00    0.284E-01    0.355E-01    0.146E-01    0.146E-01    0.307E-02    0.307E-02    0.000E+00    0.000E+00
     6.065     0.271    0.598E+00    0.281E+00    0.363E+00    0.282E-01    0.352E-01    0.145E-01    0.145E-01    0.304E-02    0.304E-02    0.000E+00    0.000E+00
     6.065     0.272    0.597E+00    0.281E+00    0.360E+00    0.281E-01    0.349E-01    0.144E-01    0.144E-01    0.301E-02    0.301E-02    0.000E+00    0.000E+00
     6.065     0.273    0.596E+00    0.280E+00    0.357E+00    0.279E-01    0.346E-01    0.143E-01    0.143E-01    0.297E-02    0.297E-02    0.000E+00    0.000E+00
     6.065     0.274    0.596E+00    0.279E+00    0.354E+00    0.277E-01    0.343E-01    0.142E-01    0.142E-01    0.294E-02    0.294E-02    0.000E+00    0.000E+00
     6.065     0.275    0.595E+00    0.278E+00    0.351E+00    0.275E-01    0.340E-01    0.141E-01    0.141E-01    0.291E-02    0.291E-02    0.000E+00    0.000E+00
     6.065     0.276    0.594E+00    0.277E+00    0.348E+00    0.274E-01    0.337E-01    0.139E-01    0.139E-01    0.288E-02    0.288E-02    0.000E+00    0.000E+00
     6.065     0.277    0.593E+00    0.276E+00    0.345E+00    0.272E-01    0.334E-01    0.138E-01    0.138E-01    0.285E-02    0.285E-02    0.000E+00    0.000E+00
     6.065     0.278    0.592E+00    0.275E+00    0.342E+00    0.270E-01    0.331E-01    0.137E-01    0.137E-01    0.281E-02    0.281E-02    0.000E+00    0.000E+00
     6.065     0.279    0.592E+00    0.274E+00    0.339E+00    0.268E-01    0.329E-01    0.136E-01    0.136E-01    0.278E-02    0.278E-02    0.000E+00    0.000E+00
     6.065     0.280    0.591E+00    0.273E+00    0.336E+00    0.267E-01    0.326E-01    0.135E-01    0.135E-01    0.275E-02    0.275E-02    0.000E+00    0.000E+00
     6.065     0.281    0.590E+00    0.272E+00    0.333E+00    0.265E-01    0.323E-01    0.134E-01    0.134E-01    0.272E-02    0.272E-02    0.000E+00    0.000E+00
     6.065     0.282    0.589E+00    0.272E+00    0.330E+00    0.263E-01    0.320E-01    0.133E-01    0.133E-01    0.269E-02    0.269E-02    0.000E+00    0.000E+00
     6.065     0.283    0.588E+00    0.271E+00    0.327E+00    0.261E-01    0.318E-01    0.132E-01    0.132E-01    0.266E-02    0.266E-02    0.000E+00    0.000E+00
     6.065     0.284    0.587E+00    0.270E+00    0.324E+00    0.260E-01    0.315E-01    0.131E-01    0.131E-01    0.263E-02    0.263E-02    0.000E+00    0.000E+00
     6.065     0.285    0.587E+00    0.269E+00    0.322E+00    0.258E-01    0.312E-01    0.130E-01    0.130E-01    0.260E-02    0.260E-02    0.000E+00    0.000E+00
     6.065     0.286    0.586E+00    0.268E+00    0.319E+00    0.256E-01    0.310E-01    0.129E-01    0.129E-01    0.258E-02    0.258E-02    0.000E+00    0.000E+00
     6.065     0.287    0.585E+00    0.267E+00    0.316E+00    0.255E-01    0.307E-01    0.128E-01    0.128E-01    0.255E-02    0.255E-02    0.000E+00    0.000E+00
     6.065     0.288    0.584E+00    0.266E+00    0.313E+00    0.253E-01    0.304E-01    0.127E-01    0.127E-01    0.252E-02    0.252E-02    0.000E+00    0.000E+00
     6.065     0.289    0.583E+00    0.265E+00    0.311E+00    0.251E-01    0.302E-01    0.126E-01    0.126E-01    0.249E-02    0.249E-02    0.000E+00    0.000E+00
     6.065     0.290    0.582E+00    0.264E+00    0.308E+00    0.250E-01    0.299E-01    0.125E-01    0.125E-01    0.246E-02    0.246E-02    0.000E+00    0.000E+00
     6.065     0.291    0.581E+00    0.263E+00    0.305E+00    0.248E-01    0.297E-01    0.124E-01    0.124E-01    0.243E-02    0.243E-02    0.000E+00    0.000E+00
     6.065     0.292    0.580E+00    0.262E+00    0.302E+00    0.247E-01    0.294E-01    0.123E-01    0.123E-01    0.241E-02    0.241E-02    0.000E+00    0.000E+00
     6.065     0.293    0.579E+00    0.262E+00    0.300E+00    0.245E-01    0.292E-01    0.122E-01    0.122E-01    0.238E-02    0.238E-02    0.000E+00    0.000E+00
     6.065     0.294    0.579E+00    0.261E+00    0.297E+00    0.243E-01    0.289E-01    0.121E-01    0.121E-01    0.235E-02    0.235E-02    0.000E+00    0.000E+00
     6.065     0.295    0.578E+00    0.260E+00    0.294E+00    0.242E-01    0.287E-01    0.120E-01    0.120E-01    0.233E-02    0.233E-02    0.000E+00    0.000E+00
     6.065     0.296    0.577E+00    0.259E+00    0.292E+00    0.240E-01    0.284E-01    0.119E-01    0.119E-01    0.230E-02    0.230E-02    0.000E+00    0.000E+00
     6.065     0.297    0.576E+00    0.258E+00    0.289E+00    0.239E-01    0.282E-01    0.118E-01    0.118E-01    0.228E-02    0.228E-02    0.000E+00    0.000E+00
     6.065     0.298    0.575E+00    0.257E+00    0.287E+00    0.237E-01    0.279E-01    0.117E-01    0.117E-01    0.225E-02    0.225E-02    0.000E+00    0.000E+00
     6.065     0.299    0.574E+00    0.256E+00    0.284E+00    0.235E-01    0.277E-01    0.116E-01    0.116E-01    0.222E-02    0.222E-02    0.000E+00    0.000E+00
     6.065     0.300    0.573E+00    0.255E+00    0.282E+00    0.234E-01    0.275E-01    0.115E-01    0.115E-01    0.220E-02    0.220E-02    0.000E+00    0.000E+00
     6.065     0.301    0.572E+00    0.254E+00    0.279E+00    0.232E-01    0.272E-01    0.114E-01    0.114E-01    0.217E-02    0.217E-02    0.000E+00    0.000E+00
     6.065     0.302    0.571E+00    0.253E+00    0.277E+00    0.231E-01    0.270E-01    0.113E-01    0.113E-01    0.215E-02    0.215E-02    0.000E+00    0.000E+00
     6.065     0.303    0.570E+00    0.252E+00    0.274E+00    0.229E-01    0.267E-01    0.112E-01    0.112E-01    0.213E-02    0.213E-02    0.000E+00    0.000E+00
     6.065     0.304    0.569E+00    0.252E+00    0.272E+00    0.228E-01    0.265E-01    0.111E-01    0.111E-01    0.210E-02    0.210E-02    0.000E+00    0.000E+00
     6.065     0.305    0.568E+00    0.251E+00    0.269E+00    0.226E-01    0.263E-01    0.110E-01    0.110E-01    0.208E-02    0.208E-02    0.000E+00    0.000E+00
     6.065     0.306    0.567E+00    0.250E+00    0.267E+00    0.225E-01    0.261E-01    0.109E-01    0.109E-01    0.205E-02    0.205E-02    0.000E+00    0.000E+00
     6.065     0.307    0.566E+00    0.249E+00    0.264E+00    0.223E-01    0.258E-01    0.108E-01    0.108E-01    0.203E-02    0.203E-02    0.000E+00    0.000E+00
     6.065     0.308    0.565E+00    0.248E+00    0.262E+00    0.222E-01    0.256E-01    0.108E-01    0.108E-01    0.201E-02    0.201E-02    0.000E+00    0.000E+00
     6.065     0.309    0.564E+00    0.247E+00    0.260E+00    0.220E-01    0.254E-01    0.107E-01    0.107E-01    0.198E-02    0.198E-02    0.000E+00    0.000E+00
     6.065     0.310    0.563E+00    0.246E+00    0.257E+00    0.219E-01    0.252E-01    0.106E-01    0.106E-01    0.196E-02    0.196E-02    0.000E+00    0.000E+00
     6.065     0.311    0.562E+00    0.245E+00    0.255E+00    0.217E-01    0.250E-01    0.105E-01    0.105E-01    0.194E-02    0.194E-02    0.000E+00    0.000E+00
     6.065     0.312    0.561E+00    0.244E+00    0.253E+00    0.216E-01    0.247E-01    0.104E-01    0.104E-01    0.192E-02    0.192E-02    0.000E+00    0.000E+00
     6.065     0.313    0.560E+00    0.243E+00    0.250E+00    0.214E-01    0.245E-01    0.103E-01    0.103E-01    0.190E-02    0.190E-02    0.000E+00    0.000E+00
     6.065     0.314    0.559E+00    0.242E+00    0.248E+00    0.213E-01    0.243E-01    0.102E-01    0.102E-01    0.187E-02    0.187E-02    0.000E+00    0.000E+00
     6.065     0.315    0.557E+00    0.242E+00    0.246E+00    0.211E-01    0.241E-01    0.102E-01    0.102E-01    0.185E-02    0.185E-02    0.000E+00    0.000E+00
     6.065     0.316    0.556E+00    0.241E+00    0.243E+00    0.210E-01    0.239E-01    0.101E-01    0.101E-01    0.183E-02    0.183E-02    0.000E+00    0.000E+00
     6.065     0.317    0.555E+00    0.240E+00    0.241E+00    0.208E-01    0.237E-01    0.999E-02    0.999E-02    0.181E-02    0.181E-02    0.000E+00    0.000E+00
     6.065     0.318    0.554E+00    0.239E+00    0.239E+00    0.207E-01    0.235E-01    0.991E-02    0.991E-02    0.179E-02    0.179E-02    0.000E+00    0.000E+00
     6.065     0.319    0.553E+00    0.238E+00    0.237E+00    0.205E-01    0.233E-01    0.983E-02    0.983E-02    0.177E-02    0.177E-02    0.000E+00    0.000E+00
     6.065     0.320    0.552E+00    0.237E+00    0.235E+00    0.204E-01    0.231E-01    0.975E-02    0.975E-02    0.175E-02    0.175E-02    0.000E+00    0.000E+00
     6.065     0.321    0.551E+00    0.236E+00    0.232E+00    0.203E-01    0.229E-01    0.966E-02    0.966E-02    0.173E-02    0.173E-02    0.000E+00    0.000E+00
     6.065     0.322    0.550E+00    0.235E+00    0.230E+00    0.201E-01    0.227E-01    0.959E-02    0.959E-02    0.171E-02    0.171E-02    0.000E+00    0.000E+00
     6.065     0.323    0.549E+00    0.234E+00    0.228E+00    0.200E-01    0.225E-01    0.951E-02    0.951E-02    0.169E-02    0.169E-02    0.000E+00    0.000E+00
     6.065     0.324    0.548E+00    0.233E+00    0.226E+00    0.198E-01    0.223E-01    0.943E-02    0.943E-02    0.167E-02    0.167E-02    0.000E+00    0.000E+00
     6.065     0.325    0.546E+00    0.232E+00    0.224E+00    0.197E-01    0.221E-01    0.935E-02    0.935E-02    0.165E-02    0.165E-02    0.000E+00    0.000E+00
     6.065     0.326    0.545E+00    0.231E+00    0.222E+00    0.196E-01    0.219E-01    0.927E-02    0.927E-02    0.163E-02    0.163E-02    0.000E+00    0.000E+00
     6.065     0.327    0.544E+00    0.231E+00    0.220E+00    0.194E-01    0.217E-01    0.919E-02    0.919E-02    0.161E-02    0.161E-02    0.000E+00    0.000E+00
     6.065     0.328    0.543E+00    0.230E+00    0.218E+00    0.193E-01    0.215E-01    0.912E-02    0.912E-02    0.159E-02    0.159E-02    0.000E+00    0.000E+00
     6.065     0.329    0.542E+00    0.229E+00    0.216E+00    0.191E-01    0.213E-01    0.904E-02    0.904E-02    0.157E-02    0.157E-02    0.000E+00    0.000E+00
     6.065     0.330    0.541E+00    0.228E+00    0.214E+00    0.190E-01    0.212E-01    0.897E-02    0.897E-02    0.155E-02    0.155E-02    0.000E+00    0.000E+00
     6.065     0.331    0.540E+00    0.227E+00    0.212E+00    0.189E-01    0.210E-01    0.889E-02    0.889E-02    0.154E-02    0.154E-02    0.000E+00    0.000E+00
     6.065     0.332    0.538E+00    0.226E+00    0.210E+00    0.187E-01    0.208E-01    0.882E-02    0.882E-02    0.152E-02    0.152E-02    0.000E+00    0.000E+00
     6.065     0.333    0.537E+00    0.225E+00    0.208E+00    0.186E-01    0.206E-01    0.874E-02    0.874E-02    0.150E-02    0.150E-02    0.000E+00    0.000E+00
     6.065     0.334    0.536E+00    0.224E+00    0.206E+00    0.185E-01    0.204E-01    0.867E-02    0.867E-02    0.148E-02    0.148E-02    0.000E+00    0.000E+00
     6.065     0.335    0.535E+00    0.223E+00    0.204E+00    0.183E-01    0.203E-01    0.860E-02    0.860E-02    0.147E-02    0.147E-02    0.000E+00    0.000E+00
     6.065     0.336    0.534E+00    0.222E+00    0.202E+00    0.182E-01    0.201E-01    0.853E-02    0.853E-02    0.145E-02    0.145E-02    0.000E+00    0.000E+00
     6.065     0.337    0.532E+00    0.221E+00    0.200E+00    0.181E-01    0.199E-01    0.845E-02    0.845E-02    0.143E-02    0.143E-02    0.000E+00    0.000E+00
     6.065     0.338    0.531E+00    0.220E+00    0.198E+00    0.179E-01    0.197E-01    0.838E-02    0.838E-02    0.141E-02    0.141E-02    0.000E+00    0.000E+00
     6.065     0.339    0.530E+00    0.220E+00    0.196E+00    0.178E-01    0.196E-01    0.831E-02    0.831E-02    0.140E-02    0.140E-02    0.000E+00    0.000E+00
     6.065     0.340    0.529E+00    0.219E+00    0.194E+00    0.177E-01    0.194E-01    0.824E-02    0.824E-02    0.138E-02    0.138E-02    0.000E+00    0.000E+00
     6.065     0.341    0.528E+00    0.218E+00    0.193E+00    0.176E-01    0.192E-01    0.817E-02    0.817E-02    0.136E-02    0.136E-02    0.000E+00    0.000E+00
     6.065     0.342    0.526E+00    0.217E+00    0.191E+00    0.174E-01    0.190E-01    0.810E-02    0.810E-02    0.135E-02    0.135E-02    0.000E+00    0.000E+00
     6.065     0.343    0.525E+00    0.216E+00    0.189E+00    0.173E-01    0.189E-01    0.804E-02    0.804E-02    0.133E-02    0.133E-02    0.000E+00    0.000E+00
     6.065     0.344    0.524E+00    0.215E+00    0.187E+00    0.172E-01    0.187E-01    0.797E-02    0.797E-02    0.132E-02    0.132E-02    0.000E+00    0.000E+00
     6.065     0.345    0.523E+00    0.214E+00    0.185E+00    0.170E-01    0.186E-01    0.790E-02    0.790E-02    0.130E-02    0.130E-02    0.000E+00    0.000E+00
     6.065     0.346    0.522E+00    0.213E+00    0.184E+00    0.169E-01    0.184E-01    0.783E-02    0.783E-02    0.128E-02    0.128E-02    0.000E+00    0.000E+00
     6.065     0.347    0.520E+00    0.212E+00    0.182E+00    0.168E-01    0.182E-01    0.777E-02    0.777E-02    0.127E-02    0.127E-02    0.000E+00    0.000E+00
     6.065     0.348    0.519E+00    0.211E+00    0.180E+00    0.167E-01    0.181E-01    0.770E-02    0.770E-02    0.125E-02    0.125E-02    0.000E+00    0.000E+00
     6.065     0.349    0.518E+00    0.210E+00    0.178E+00    0.165E-01    0.179E-01    0.764E-02    0.764E-02    0.124E-02    0.124E-02    0.000E+00    0.000E+00
     6.065     0.350    0.517E+00    0.210E+00    0.177E+00    0.164E-01    0.178E-01    0.757E-02    0.757E-02    0.122E-02    0.122E-02    0.000E+00    0.000E+00
     6.065     0.351    0.515E+00    0.209E+00    0.175E+00    0.163E-01    0.176E-01    0.751E-02    0.751E-02    0.121E-02    0.121E-02    0.000E+00    0.000E+00
     6.065     0.352    0.514E+00    0.208E+00    0.173E+00    0.162E-01    0.174E-01    0.744E-02    0.744E-02    0.119E-02    0.119E-02    0.000E+00    0.000E+00
     6.065     0.353    0.513E+00    0.207E+00    0.171E+00    0.161E-01    0.173E-01    0.738E-02    0.738E-02    0.118E-02    0.118E-02    0.000E+00    0.000E+00
     6.065     0.354    0.511E+00    0.206E+00    0.170E+00    0.159E-01    0.171E-01    0.731E-02    0.731E-02    0.117E-02    0.117E-02    0.000E+00    0.000E+00
     6.065     0.355    0.510E+00    0.205E+00    0.168E+00    0.158E-01    0.170E-01    0.725E-02    0.725E-02    0.115E-02    0.115E-02    0.000E+00    0.000E+00
     6.065     0.356    0.509E+00    0.204E+00    0.167E+00    0.157E-01    0.168E-01    0.719E-02    0.719E-02    0.114E-02    0.114E-02    0.000E+00    0.000E+00
     6.065     0.357    0.508E+00    0.203E+00    0.165E+00    0.156E-01    0.167E-01    0.713E-02    0.713E-02    0.112E-02    0.112E-02    0.000E+00    0.000E+00
     6.065     0.358    0.506E+00    0.202E+00    0.163E+00    0.155E-01    0.165E-01    0.707E-02    0.707E-02    0.111E-02    0.111E-02    0.000E+00    0.000E+00
     6.065     0.359    0.505E+00    0.201E+00    0.162E+00    0.153E-01    0.164E-01    0.701E-02    0.701E-02    0.110E-02    0.110E-02    0.000E+00    0.000E+00
     6.065     0.360    0.504E+00    0.201E+00    0.160E+00    0.152E-01    0.163E-01    0.695E-02    0.695E-02    0.108E-02    0.108E-02    0.000E+00    0.000E+00
     6.065     0.361    0.502E+00    0.200E+00    0.159E+00    0.151E-01    0.161E-01    0.689E-02    0.689E-02    0.107E-02    0.107E-02    0.000E+00    0.000E+00
     6.065     0.362    0.501E+00    0.199E+00    0.157E+00    0.150E-01    0.160E-01    0.683E-02    0.683E-02    0.106E-02    0.106E-02    0.000E+00    0.000E+00
     6.065     0.363    0.500E+00    0.198E+00    0.155E+00    0.149E-01    0.158E-01    0.677E-02    0.677E-02    0.104E-02    0.104E-02    0.000E+00    0.000E+00
     6.065     0.364    0.499E+00    0.197E+00    0.154E+00    0.148E-01    0.157E-01    0.671E-02    0.671E-02    0.103E-02    0.103E-02    0.000E+00    0.000E+00
     6.065     0.365    0.497E+00    0.196E+00    0.152E+00    0.146E-01    0.156E-01    0.665E-02    0.665E-02    0.102E-02    0.102E-02    0.000E+00    0.000E+00
     6.065     0.366    0.496E+00    0.195E+00    0.151E+00    0.145E-01    0.154E-01    0.659E-02    0.659E-02    0.101E-02    0.101E-02    0.000E+00    0.000E+00
     6.065     0.367    0.495E+00    0.194E+00    0.149E+00    0.144E-01    0.153E-01    0.654E-02    0.654E-02    0.994E-03    0.994E-03    0.000E+00    0.000E+00
     6.065     0.368    0.493E+00    0.193E+00    0.148E+00    0.143E-01    0.151E-01    0.648E-02    0.648E-02    0.981E-03    0.981E-03    0.000E+00    0.000E+00
     6.065     0.369    0.492E+00    0.192E+00    0.146E+00    0.142E-01    0.150E-01    0.642E-02    0.642E-02    0.969E-03    0.969E-03    0.000E+00    0.000E+00
     6.065     0.370    0.491E+00    0.192E+00    0.145E+00    0.141E-01    0.149E-01    0.637E-02    0.637E-02    0.957E-03    0.957E-03    0.000E+00    0.000E+00
     6.065     0.371    0.489E+00    0.191E+00    0.144E+00    0.140E-01    0.147E-01    0.631E-02    0.631E-02    0.945E-03    0.945E-03    0.000E+00    0.000E+00
     6.065     0.372    0.488E+00    0.190E+00    0.142E+00    0.139E-01    0.146E-01    0.626E-02    0.626E-02    0.934E-03    0.934E-03    0.000E+00    0.000E+00
     6.065     0.373    0.487E+00    0.189E+00    0.141E+00    0.138E-01    0.145E-01    0.620E-02    0.620E-02    0.922E-03    0.922E-03    0.000E+00    0.000E+00
     6.065     0.374    0.485E+00    0.188E+00    0.139E+00    0.136E-01    0.144E-01    0.615E-02    0.615E-02    0.911E-03    0.911E-03    0.000E+00    0.000E+00
     6.065     0.375    0.484E+00    0.187E+00    0.138E+00    0.135E-01    0.142E-01    0.609E-02    0.609E-02    0.899E-03    0.899E-03    0.000E+00    0.000E+00
     6.065     0.376    0.483E+00    0.186E+00    0.136E+00    0.134E-01    0.141E-01    0.604E-02    0.604E-02    0.888E-03    0.888E-03    0.000E+00    0.000E+00
     6.065     0.377    0.481E+00    0.185E+00    0.135E+00    0.133E-01    0.140E-01    0.599E-02    0.599E-02    0.877E-03    0.877E-03    0.000E+00    0.000E+00
     6.065     0.378    0.480E+00    0.184E+00    0.134E+00    0.132E-01    0.139E-01    0.593E-02    0.593E-02    0.866E-03    0.866E-03    0.000E+00    0.000E+00
     6.065     0.379    0.479E+00    0.183E+00    0.132E+00    0.131E-01    0.137E-01    0.588E-02    0.588E-02    0.855E-03    0.855E-03    0.000E+00    0.000E+00
     6.065     0.380    0.477E+00    0.183E+00    0.131E+00    0.130E-01    0.136E-01    0.583E-02    0.583E-02    0.844E-03    0.844E-03    0.000E+00    0.000E+00
     6.065     0.381    0.476E+00    0.182E+00    0.130E+00    0.129E-01    0.135E-01    0.578E-02    0.578E-02    0.834E-03    0.834E-03    0.000E+00    0.000E+00
     6.065     0.382    0.474E+00    0.181E+00    0.128E+00    0.128E-01    0.134E-01    0.573E-02    0.573E-02    0.823E-03    0.823E-03    0.000E+00    0.000E+00
     6.065     0.383    0.473E+00    0.180E+00    0.127E+00    0.127E-01    0.132E-01    0.568E-02    0.568E-02    0.813E-03    0.813E-03    0.000E+00    0.000E+00
     6.065     0.384    0.472E+00    0.179E+00    0.126E+00    0.126E-01    0.131E-01    0.562E-02    0.562E-02    0.803E-03    0.803E-03    0.000E+00    0.000E+00
     6.065     0.385    0.470E+00    0.178E+00    0.125E+00    0.125E-01    0.130E-01    0.557E-02    0.557E-02    0.792E-03    0.792E-03    0.000E+00    0.000E+00
     6.065     0.386    0.469E+00    0.177E+00    0.123E+00    0.124E-01    0.129E-01    0.553E-02    0.553E-02    0.782E-03    0.782E-03    0.000E+00    0.000E+00
     6.065     0.387    0.468E+00    0.176E+00    0.122E+00    0.123E-01    0.128E-01    0.548E-02    0.548E-02    0.772E-03    0.772E-03    0.000E+00    0.000E+00
     6.065     0.388    0.466E+00    0.176E+00    0.121E+00    0.122E-01    0.127E-01    0.543E-02    0.543E-02    0.763E-03    0.763E-03    0.000E+00    0.000E+00
     6.065     0.389    0.465E+00    0.175E+00    0.120E+00    0.121E-01    0.126E-01    0.538E-02    0.538E-02    0.753E-03    0.753E-03    0.000E+00    0.000E+00
     6.065     0.390    0.463E+00    0.174E+00    0.118E+00    0.120E-01    0.124E-01    0.533E-02    0.533E-02    0.743E-03    0.743E-03    0.000E+00    0.000E+00
     6.065     0.391    0.462E+00    0.173E+00    0.117E+00    0.119E-01    0.123E-01    0.528E-02    0.528E-02    0.734E-03    0.734E-03    0.000E+00    0.000E+00
     6.065     0.392    0.461E+00    0.172E+00    0.116E+00    0.118E-01    0.122E-01    0.524E-02    0.524E-02    0.725E-03    0.725E-03    0.000E+00    0.000E+00
     6.065     0.393    0.459E+00    0.171E+00    0.115E+00    0.117E-01    0.121E-01    0.519E-02    0.519E-02    0.715E-03    0.715E-03    0.000E+00    0.000E+00
     6.065     0.394    0.458E+00    0.170E+00    0.113E+00    0.116E-01    0.120E-01    0.514E-02    0.514E-02    0.706E-03    0.706E-03    0.000E+00    0.000E+00
     6.065     0.395    0.456E+00    0.169E+00    0.112E+00    0.115E-01    0.119E-01    0.510E-02    0.510E-02    0.697E-03    0.697E-03    0.000E+00    0.000E+00
     6.065     0.396    0.455E+00    0.169E+00    0.111E+00    0.114E-01    0.118E-01    0.505E-02    0.505E-02    0.688E-03    0.688E-03    0.000E+00    0.000E+00
     6.065     0.397    0.454E+00    0.168E+00    0.110E+00    0.113E-01    0.117E-01    0.500E-02    0.500E-02    0.679E-03    0.679E-03    0.000E+00    0.000E+00
     6.065     0.398    0.452E+00    0.167E+00    0.109E+00    0.112E-01    0.116E-01    0.496E-02    0.496E-02    0.670E-03    0.670E-03    0.000E+00    0.000E+00
     6.065     0.399    0.451E+00    0.166E+00    0.108E+00    0.111E-01    0.115E-01    0.491E-02    0.491E-02    0.662E-03    0.662E-03    0.000E+00    0.000E+00
     6.065     0.400    0.449E+00    0.165E+00    0.107E+00    0.110E-01    0.114E-01    0.487E-02    0.487E-02    0.653E-03    0.653E-03    0.000E+00    0.000E+00
     6.065     0.401    0.448E+00    0.164E+00    0.105E+00    0.109E-01    0.113E-01    0.482E-02    0.482E-02    0.645E-03    0.645E-03    0.000E+00    0.000E+00
     6.065     0.402    0.447E+00    0.163E+00    0.104E+00    0.108E-01    0.112E-01    0.478E-02    0.478E-02    0.636E-03    0.636E-03    0.000E+00    0.000E+00
     6.065     0.403    0.445E+00    0.163E+00    0.103E+00    0.107E-01    0.111E-01    0.474E-02    0.474E-02    0.628E-03    0.628E-03    0.000E+00    0.000E+00
     6.065     0.404    0.444E+00    0.162E+00    0.102E+00    0.107E-01    0.110E-01    0.469E-02    0.469E-02    0.620E-03    0.620E-03    0.000E+00    0.000E+00
     6.065     0.405    0.442E+00    0.161E+00    0.101E+00    0.106E-01    0.109E-01    0.465E-02    0.465E-02    0.612E-03    0.612E-03    0.000E+00    0.000E+00
     6.065     0.406    0.441E+00    0.160E+00    0.100E+00    0.105E-01    0.108E-01    0.461E-02    0.461E-02    0.604E-03    0.604E-03    0.000E+00    0.000E+00
     6.065     0.407    0.439E+00    0.159E+00    0.989E-01    0.104E-01    0.107E-01    0.457E-02    0.457E-02    0.596E-03    0.596E-03    0.000E+00    0.000E+00
     6.065     0.408    0.438E+00    0.158E+00    0.979E-01    0.103E-01    0.106E-01    0.452E-02    0.452E-02    0.588E-03    0.588E-03    0.000E+00    0.000E+00
     6.065     0.409    0.437E+00    0.157E+00    0.969E-01    0.102E-01    0.105E-01    0.448E-02    0.448E-02    0.580E-03    0.580E-03    0.000E+00    0.000E+00
     6.065     0.410    0.435E+00    0.157E+00    0.958E-01    0.101E-01    0.104E-01    0.444E-02    0.444E-02    0.573E-03    0.573E-03    0.000E+00    0.000E+00
     6.065     0.411    0.434E+00    0.156E+00    0.948E-01    0.100E-01    0.103E-01    0.440E-02    0.440E-02    0.565E-03    0.565E-03    0.000E+00    0.000E+00
     6.065     0.412    0.432E+00    0.155E+00    0.938E-01    0.995E-02    0.102E-01    0.436E-02    0.436E-02    0.558E-03    0.558E-03    0.000E+00    0.000E+00
     6.065     0.413    0.431E+00    0.154E+00    0.928E-01    0.986E-02    0.101E-01    0.432E-02    0.432E-02    0.550E-03    0.550E-03    0.000E+00    0.000E+00
     6.065     0.414    0.429E+00    0.153E+00    0.918E-01    0.977E-02    0.100E-01    0.428E-02    0.428E-02    0.543E-03    0.543E-03    0.000E+00    0.000E+00
     6.065     0.415    0.428E+00    0.152E+00    0.908E-01    0.969E-02    0.991E-02    0.424E-02    0.424E-02    0.536E-03    0.536E-03    0.000E+00    0.000E+00
     6.065     0.416    0.427E+00    0.152E+00    0.898E-01    0.960E-02    0.981E-02    0.420E-02    0.420E-02    0.529E-03    0.529E-03    0.000E+00    0.000E+00
     6.065     0.417    0.425E+00    0.151E+00    0.889E-01    0.952E-02    0.972E-02    0.416E-02    0.416E-02    0.522E-03    0.522E-03    0.000E+00    0.000E+00
     6.065     0.418    0.424E+00    0.150E+00    0.879E-01    0.944E-02    0.963E-02    0.412E-02    0.412E-02    0.515E-03    0.515E-03    0.000E+00    0.000E+00
     6.065     0.419    0.422E+00    0.149E+00    0.870E-01    0.935E-02    0.954E-02    0.408E-02    0.408E-02    0.508E-03    0.508E-03    0.000E+00    0.000E+00
     6.065     0.420    0.421E+00    0.148E+00    0.860E-01    0.927E-02    0.946E-02    0.405E-02    0.405E-02    0.501E-03    0.501E-03    0.000E+00    0.000E+00
     6.065     0.421    0.419E+00    0.147E+00    0.851E-01    0.919E-02    0.937E-02    0.401E-02    0.401E-02    0.495E-03    0.495E-03    0.000E+00    0.000E+00
     6.065     0.422    0.418E+00    0.147E+00    0.842E-01    0.911E-02    0.928E-02    0.397E-02    0.397E-02    0.488E-03    0.488E-03    0.000E+00    0.000E+00
     6.065     0.423    0.416E+00    0.146E+00    0.832E-01    0.903E-02    0.920E-02    0.393E-02    0.393E-02    0.481E-03    0.481E-03    0.000E+00    0.000E+00
     6.065     0.424    0.415E+00    0.145E+00    0.823E-01    0.895E-02    0.911E-02    0.390E-02    0.390E-02    0.475E-03    0.475E-03    0.000E+00    0.000E+00
     6.065     0.425    0.414E+00    0.144E+00    0.814E-01    0.887E-02    0.903E-02    0.386E-02    0.386E-02    0.469E-03    0.469E-03    0.000E+00    0.000E+00
     6.065     0.426    0.412E+00    0.143E+00    0.806E-01    0.879E-02    0.894E-02    0.382E-02    0.382E-02    0.462E-03    0.462E-03    0.000E+00    0.000E+00
     6.065     0.427    0.411E+00    0.142E+00    0.797E-01    0.871E-02    0.886E-02    0.379E-02    0.379E-02    0.456E-03    0.456E-03    0.000E+00    0.000E+00
     6.065     0.428    0.409E+00    0.142E+00    0.788E-01    0.863E-02    0.878E-02    0.375E-02    0.375E-02    0.450E-03    0.450E-03    0.000E+00    0.000E+00
     6.065     0.429    0.408E+00    0.141E+00    0.779E-01    0.856E-02    0.869E-02    0.372E-02    0.372E-02    0.444E-03    0.444E-03    0.000E+00    0.000E+00
     6.065     0.430    0.406E+00    0.140E+00    0.771E-01    0.848E-02    0.861E-02    0.368E-02    0.368E-02    0.438E-03    0.438E-03    0.000E+00    0.000E+00
     6.065     0.431    0.405E+00    0.139E+00    0.762E-01    0.840E-02    0.853E-02    0.365E-02    0.365E-02    0.432E-03    0.432E-03    0.000E+00    0.000E+00
     6.065     0.432    0.403E+00    0.138E+00    0.754E-01    0.833E-02    0.845E-02    0.361E-02    0.361E-02    0.426E-03    0.426E-03    0.000E+00    0.000E+00
     6.065     0.433    0.402E+00    0.138E+00    0.746E-01    0.825E-02    0.837E-02    0.358E-02    0.358E-02    0.420E-03    0.420E-03    0.000E+00    0.000E+00
     6.065     0.434    0.400E+00    0.137E+00    0.737E-01    0.818E-02    0.829E-02    0.354E-02    0.354E-02    0.414E-03    0.414E-03    0.000E+00    0.000E+00
     6.065     0.435    0.399E+00    0.136E+00    0.729E-01    0.810E-02    0.822E-02    0.351E-02    0.351E-02    0.409E-03    0.409E-03    0.000E+00    0.000E+00
     6.065     0.436    0.398E+00    0.135E+00    0.721E-01    0.803E-02    0.814E-02    0.348E-02    0.348E-02    0.403E-03    0.403E-03    0.000E+00    0.000E+00
     6.065     0.437    0.396E+00    0.134E+00    0.713E-01    0.796E-02    0.806E-02    0.344E-02    0.344E-02    0.398E-03    0.398E-03    0.000E+00    0.000E+00
     6.065     0.438    0.395E+00    0.133E+00    0.705E-01    0.788E-02    0.798E-02    0.341E-02    0.341E-02    0.392E-03    0.392E-03    0.000E+00    0.000E+00
     6.065     0.439    0.393E+00    0.133E+00    0.697E-01    0.781E-02    0.791E-02    0.338E-02    0.338E-02    0.387E-03    0.387E-03    0.000E+00    0.000E+00
     6.065     0.440    0.392E+00    0.132E+00    0.689E-01    0.774E-02    0.783E-02    0.334E-02    0.334E-02    0.381E-03    0.381E-03    0.000E+00    0.000E+00
     6.065     0.441    0.390E+00    0.131E+00    0.682E-01    0.767E-02    0.776E-02    0.331E-02    0.331E-02    0.376E-03    0.376E-03    0.000E+00    0.000E+00
     6.065     0.442    0.389E+00    0.130E+00    0.674E-01    0.760E-02    0.769E-02    0.328E-02    0.328E-02    0.371E-03    0.371E-03    0.000E+00    0.000E+00
     6.065     0.443    0.387E+00    0.130E+00    0.666E-01    0.753E-02    0.761E-02    0.325E-02    0.325E-02    0.366E-03    0.366E-03    0.000E+00    0.000E+00
     6.065     0.444    0.386E+00    0.129E+00    0.659E-01    0.746E-02    0.754E-02    0.322E-02    0.322E-02    0.361E-03    0.361E-03    0.000E+00    0.000E+00
     6.065     0.445    0.384E+00    0.128E+00    0.651E-01    0.739E-02    0.747E-02    0.318E-02    0.318E-02    0.356E-03    0.356E-03    0.000E+00    0.000E+00
     6.065     0.446    0.383E+00    0.127E+00    0.644E-01    0.732E-02    0.740E-02    0.315E-02    0.315E-02    0.351E-03    0.351E-03    0.000E+00    0.000E+00
     6.065     0.447    0.382E+00    0.126E+00    0.637E-01    0.725E-02    0.733E-02    0.312E-02    0.312E-02    0.346E-03    0.346E-03    0.000E+00    0.000E+00
     6.065     0.448    0.380E+00    0.126E+00    0.629E-01    0.718E-02    0.725E-02    0.309E-02    0.309E-02    0.341E-03    0.341E-03    0.000E+00    0.000E+00
     6.065     0.449    0.379E+00    0.125E+00    0.622E-01    0.711E-02    0.719E-02    0.306E-02    0.306E-02    0.336E-03    0.336E-03    0.000E+00    0.000E+00
     6.065     0.450    0.377E+00    0.124E+00    0.615E-01    0.705E-02    0.712E-02    0.303E-02    0.303E-02    0.332E-03    0.332E-03    0.000E+00    0.000E+00
     6.065     0.451    0.376E+00    0.123E+00    0.608E-01    0.698E-02    0.705E-02    0.300E-02    0.300E-02    0.327E-03    0.327E-03    0.000E+00    0.000E+00
     6.065     0.452    0.374E+00    0.122E+00    0.601E-01    0.692E-02    0.698E-02    0.297E-02    0.297E-02    0.322E-03    0.322E-03    0.000E+00    0.000E+00
     6.065     0.453    0.373E+00    0.122E+00    0.594E-01    0.685E-02    0.691E-02    0.294E-02    0.294E-02    0.318E-03    0.318E-03    0.000E+00    0.000E+00
     6.065     0.454    0.371E+00    0.121E+00    0.588E-01    0.679E-02    0.684E-02    0.291E-02    0.291E-02    0.313E-03    0.313E-03    0.000E+00    0.000E+00
     6.065     0.455    0.370E+00    0.120E+00    0.581E-01    0.672E-02    0.678E-02    0.289E-02    0.289E-02    0.309E-03    0.309E-03    0.000E+00    0.000E+00
     6.065     0.456    0.368E+00    0.119E+00    0.574E-01    0.666E-02    0.671E-02    0.286E-02    0.286E-02    0.305E-03    0.305E-03    0.000E+00    0.000E+00
     6.065     0.457    0.367E+00    0.119E+00    0.567E-01    0.659E-02    0.665E-02    0.283E-02    0.283E-02    0.300E-03    0.300E-03    0.000E+00    0.000E+00
     6.065     0.458    0.365E+00    0.118E+00    0.561E-01    0.653E-02    0.658E-02    0.280E-02    0.280E-02    0.296E-03    0.296E-03    0.000E+00    0.000E+00
     6.065     0.459    0.364E+00    0.117E+00    0.554E-01    0.647E-02    0.652E-02    0.277E-02    0.277E-02    0.292E-03    0.292E-03    0.000E+00    0.000E+00
     6.065     0.460    0.363E+00    0.116E+00    0.548E-01    0.641E-02    0.645E-02    0.274E-02    0.274E-02    0.288E-03    0.288E-03    0.000E+00    0.000E+00
     6.065     0.461    0.361E+00    0.116E+00    0.542E-01    0.634E-02    0.639E-02    0.272E-02    0.272E-02    0.284E-03    0.284E-03    0.000E+00    0.000E+00
     6.065     0.462    0.360E+00    0.115E+00    0.535E-01    0.628E-02    0.633E-02    0.269E-02    0.269E-02    0.279E-03    0.279E-03    0.000E+00    0.000E+00
     6.065     0.463    0.358E+00    0.114E+00    0.529E-01    0.622E-02    0.626E-02    0.266E-02    0.266E-02    0.275E-03    0.275E-03    0.000E+00    0.000E+00
     6.065     0.464    0.357E+00    0.113E+00    0.523E-01    0.616E-02    0.620E-02    0.264E-02    0.264E-02    0.272E-03    0.272E-03    0.000E+00    0.000E+00
     6.065     0.465    0.355E+00    0.113E+00    0.517E-01    0.610E-02    0.614E-02    0.261E-02    0.261E-02    0.268E-03    0.268E-03    0.000E+00    0.000E+00
     6.065     0.466    0.354E+00    0.112E+00    0.511E-01    0.604E-02    0.608E-02    0.258E-02    0.258E-02    0.264E-03    0.264E-03    0.000E+00    0.000E+00
     6.065     0.467    0.352E+00    0.111E+00    0.505E-01    0.598E-02    0.602E-02    0.256E-02    0.256E-02    0.260E-03    0.260E-03    0.000E+00    0.000E+00
     6.065     0.468    0.351E+00    0.110E+00    0.499E-01    0.593E-02    0.596E-02    0.253E-02    0.253E-02    0.256E-03    0.256E-03    0.000E+00    0.000E+00
     6.065     0.469    0.349E+00    0.110E+00    0.493E-01    0.587E-02    0.590E-02    0.251E-02    0.251E-02    0.253E-03    0.253E-03    0.000E+00    0.000E+00
     6.065     0.470    0.348E+00    0.109E+00    0.487E-01    0.581E-02    0.584E-02    0.248E-02    0.248E-02    0.249E-03    0.249E-03    0.000E+00    0.000E+00
     6.065     0.471    0.347E+00    0.108E+00    0.481E-01    0.575E-02    0.578E-02    0.245E-02    0.245E-02    0.245E-03    0.245E-03    0.000E+00    0.000E+00
     6.065     0.472    0.345E+00    0.108E+00    0.476E-01    0.570E-02    0.573E-02    0.243E-02    0.243E-02    0.242E-03    0.242E-03    0.000E+00    0.000E+00
     6.065     0.473    0.344E+00    0.107E+00    0.470E-01    0.564E-02    0.567E-02    0.240E-02    0.240E-02    0.238E-03    0.238E-03    0.000E+00    0.000E+00
     6.065     0.474    0.342E+00    0.106E+00    0.464E-01    0.558E-02    0.561E-02    0.238E-02    0.238E-02    0.235E-03    0.235E-03    0.000E+00    0.000E+00
     6.065     0.475    0.341E+00    0.105E+00    0.459E-01    0.553E-02    0.556E-02    0.236E-02    0.236E-02    0.231E-03    0.231E-03    0.000E+00    0.000E+00
     6.065     0.476    0.339E+00    0.105E+00    0.453E-01    0.547E-02    0.550E-02    0.233E-02    0.233E-02    0.228E-03    0.228E-03    0.000E+00    0.000E+00
     6.065     0.477    0.338E+00    0.104E+00    0.448E-01    0.542E-02    0.544E-02    0.231E-02    0.231E-02    0.225E-03    0.225E-03    0.000E+00    0.000E+00
     6.065     0.478    0.336E+00    0.103E+00    0.443E-01    0.536E-02    0.539E-02    0.228E-02    0.228E-02    0.221E-03    0.221E-03    0.000E+00    0.000E+00
     6.065     0.479    0.335E+00    0.103E+00    0.437E-01    0.531E-02    0.533E-02    0.226E-02    0.226E-02    0.218E-03    0.218E-03    0.000E+00    0.000E+00
     6.065     0.480    0.333E+00    0.102E+00    0.432E-01    0.526E-02    0.528E-02    0.224E-02    0.224E-02    0.215E-03    0.215E-03    0.000E+00    0.000E+00
     6.065     0.481    0.332E+00    0.101E+00    0.427E-01    0.520E-02    0.523E-02    0.221E-02    0.221E-02    0.212E-03    0.212E-03    0.000E+00    0.000E+00
     6.065     0.482    0.331E+00    0.100E+00    0.422E-01    0.515E-02    0.517E-02    0.219E-02    0.219E-02    0.209E-03    0.209E-03    0.000E+00    0.000E+00
     6.065     0.483    0.329E+00    0.997E-01    0.417E-01    0.510E-02    0.512E-02    0.217E-02    0.217E-02    0.205E-03    0.205E-03    0.000E+00    0.000E+00
     6.065     0.484    0.328E+00    0.990E-01    0.411E-01    0.505E-02    0.507E-02    0.214E-02    0.214E-02    0.202E-03    0.202E-03    0.000E+00    0.000E+00
     6.065     0.485    0.326E+00    0.983E-01    0.406E-01    0.500E-02    0.501E-02    0.212E-02    0.212E-02    0.199E-03    0.199E-03    0.000E+00    0.000E+00
     6.065     0.486    0.325E+00    0.976E-01    0.402E-01    0.495E-02    0.496E-02    0.210E-02    0.210E-02    0.196E-03    0.196E-03    0.000E+00    0.000E+00
     6.065     0.487    0.323E+00    0.969E-01    0.397E-01    0.489E-02    0.491E-02    0.208E-02    0.208E-02    0.193E-03    0.193E-03    0.000E+00    0.000E+00
     6.065     0.488    0.322E+00    0.962E-01    0.392E-01    0.484E-02    0.486E-02    0.206E-02    0.206E-02    0.191E-03    0.191E-03    0.000E+00    0.000E+00
     6.065     0.489    0.320E+00    0.955E-01    0.387E-01    0.479E-02    0.481E-02    0.203E-02    0.203E-02    0.188E-03    0.188E-03    0.000E+00    0.000E+00
     6.065     0.490    0.319E+00    0.949E-01    0.382E-01    0.475E-02    0.476E-02    0.201E-02    0.201E-02    0.185E-03    0.185E-03    0.000E+00    0.000E+00
     6.065     0.491    0.318E+00    0.942E-01    0.378E-01    0.470E-02    0.471E-02    0.199E-02    0.199E-02    0.182E-03    0.182E-03    0.000E+00    0.000E+00
     6.065     0.492    0.316E+00    0.935E-01    0.373E-01    0.465E-02    0.466E-02    0.197E-02    0.197E-02    0.179E-03    0.179E-03    0.000E+00    0.000E+00
     6.065     0.493    0.315E+00    0.928E-01    0.368E-01    0.460E-02    0.461E-02    0.195E-02    0.195E-02    0.177E-03    0.177E-03    0.000E+00    0.000E+00
     6.065     0.494    0.313E+00    0.922E-01    0.364E-01    0.455E-02    0.457E-02    0.193E-02    0.193E-02    0.174E-03    0.174E-03    0.000E+00    0.000E+00
     6.065     0.495    0.312E+00    0.915E-01    0.359E-01    0.451E-02    0.452E-02    0.191E-02    0.191E-02    0.171E-03    0.171E-03    0.000E+00    0.000E+00
     6.065     0.496    0.310E+00    0.908E-01    0.355E-01    0.446E-02    0.447E-02    0.189E-02    0.189E-02    0.169E-03    0.169E-03    0.000E+00    0.000E+00
     6.065     0.497    0.309E+00    0.902E-01    0.350E-01    0.441E-02    0.442E-02    0.187E-02    0.187E-02    0.166E-03    0.166E-03    0.000E+00    0.000E+00
     6.065     0.498    0.308E+00    0.895E-01    0.346E-01    0.437E-02    0.438E-02    0.185E-02    0.185E-02    0.164E-03    0.164E-03    0.000E+00    0.000E+00
     6.065     0.499    0.306E+00    0.888E-01    0.342E-01    0.432E-02    0.433E-02    0.183E-02    0.183E-02    0.161E-03    0.161E-03    0.000E+00    0.000E+00
     6.065     0.500    0.305E+00    0.882E-01    0.338E-01    0.427E-02    0.428E-02    0.181E-02    0.181E-02    0.159E-03    0.159E-03    0.000E+00    0.000E+00
     6.065     0.501    0.303E+00    0.875E-01    0.333E-01    0.423E-02    0.424E-02    0.179E-02    0.179E-02    0.156E-03    0.156E-03    0.000E+00    0.000E+00
     6.065     0.502    0.302E+00    0.869E-01    0.329E-01    0.418E-02    0.419E-02    0.177E-02    0.177E-02    0.154E-03    0.154E-03    0.000E+00    0.000E+00
     6.065     0.503    0.300E+00    0.862E-01    0.325E-01    0.414E-02    0.415E-02    0.175E-02    0.175E-02    0.152E-03    0.152E-03    0.000E+00    0.000E+00
     6.065     0.504    0.299E+00    0.856E-01    0.321E-01    0.410E-02    0.410E-02    0.173E-02    0.173E-02    0.149E-03    0.149E-03    0.000E+00    0.000E+00
     6.065     0.505    0.298E+00    0.849E-01    0.317E-01    0.405E-02    0.406E-02    0.171E-02    0.171E-02    0.147E-03    0.147E-03    0.000E+00    0.000E+00
     6.065     0.506    0.296E+00    0.843E-01    0.313E-01    0.401E-02    0.402E-02    0.169E-02    0.169E-02    0.145E-03    0.145E-03    0.000E+00    0.000E+00
     6.065     0.507    0.295E+00    0.837E-01    0.309E-01    0.397E-02    0.397E-02    0.167E-02    0.167E-02    0.142E-03    0.142E-03    0.000E+00    0.000E+00
     6.065     0.508    0.293E+00    0.830E-01    0.305E-01    0.392E-02    0.393E-02    0.165E-02    0.165E-02    0.140E-03    0.140E-03    0.000E+00    0.000E+00
     6.065     0.509    0.292E+00    0.824E-01    0.301E-01    0.388E-02    0.389E-02    0.164E-02    0.164E-02    0.138E-03    0.138E-03    0.000E+00    0.000E+00
     6.065     0.510    0.291E+00    0.818E-01    0.297E-01    0.384E-02    0.385E-02    0.162E-02    0.162E-02    0.136E-03    0.136E-03    0.000E+00    0.000E+00
     6.065     0.511    0.289E+00    0.811E-01    0.293E-01    0.380E-02    0.380E-02    0.160E-02    0.160E-02    0.134E-03    0.134E-03    0.000E+00    0.000E+00
     6.065     0.512    0.288E+00    0.805E-01    0.290E-01    0.376E-02    0.376E-02    0.158E-02    0.158E-02    0.132E-03    0.132E-03    0.000E+00    0.000E+00
     6.065     0.513    0.286E+00    0.799E-01    0.286E-01    0.372E-02    0.372E-02    0.157E-02    0.157E-02    0.130E-03    0.130E-03    0.000E+00    0.000E+00
     6.065     0.514    0.285E+00    0.793E-01    0.282E-01    0.367E-02    0.368E-02    0.155E-02    0.155E-02    0.128E-03    0.128E-03    0.000E+00    0.000E+00
     6.065     0.515    0.284E+00    0.786E-01    0.279E-01    0.363E-02    0.364E-02    0.153E-02    0.153E-02    0.126E-03    0.126E-03    0.000E+00    0.000E+00
     6.065     0.516    0.282E+00    0.780E-01    0.275E-01    0.359E-02    0.360E-02    0.151E-02    0.151E-02    0.124E-03    0.124E-03    0.000E+00    0.000E+00
     6.065     0.517    0.281E+00    0.774E-01    0.272E-01    0.356E-02    0.356E-02    0.150E-02    0.150E-02    0.122E-03    0.122E-03    0.000E+00    0.000E+00
     6.065     0.518    0.279E+00    0.768E-01    0.268E-01    0.352E-02    0.352E-02    0.148E-02    0.148E-02    0.120E-03    0.120E-03    0.000E+00    0.000E+00
     6.065     0.519    0.278E+00    0.762E-01    0.265E-01    0.348E-02    0.348E-02    0.146E-02    0.146E-02    0.118E-03    0.118E-03    0.000E+00    0.000E+00
     6.065     0.520    0.277E+00    0.756E-01    0.261E-01    0.344E-02    0.344E-02    0.145E-02    0.145E-02    0.116E-03    0.116E-03    0.000E+00    0.000E+00
     6.065     0.521    0.275E+00    0.750E-01    0.258E-01    0.340E-02    0.340E-02    0.143E-02    0.143E-02    0.114E-03    0.114E-03    0.000E+00    0.000E+00
     6.065     0.522    0.274E+00    0.744E-01    0.254E-01    0.336E-02    0.337E-02    0.141E-02    0.141E-02    0.112E-03    0.112E-03    0.000E+00    0.000E+00
     6.065     0.523    0.273E+00    0.738E-01    0.251E-01    0.333E-02    0.333E-02    0.140E-02    0.140E-02    0.111E-03    0.111E-03    0.000E+00    0.000E+00
     6.065     0.524    0.271E+00    0.732E-01    0.248E-01    0.329E-02    0.329E-02    0.138E-02    0.138E-02    0.109E-03    0.109E-03    0.000E+00    0.000E+00
     6.065     0.525    0.270E+00    0.726E-01    0.245E-01    0.325E-02    0.325E-02    0.137E-02    0.137E-02    0.107E-03    0.107E-03    0.000E+00    0.000E+00
     6.065     0.526    0.268E+00    0.720E-01    0.241E-01    0.321E-02    0.322E-02    0.135E-02    0.135E-02    0.105E-03    0.105E-03    0.000E+00    0.000E+00
     6.065     0.527    0.267E+00    0.715E-01    0.238E-01    0.318E-02    0.318E-02    0.133E-02    0.133E-02    0.104E-03    0.104E-03    0.000E+00    0.000E+00
     6.065     0.528    0.266E+00    0.709E-01    0.235E-01    0.314E-02    0.315E-02    0.132E-02    0.132E-02    0.102E-03    0.102E-03    0.000E+00    0.000E+00
     6.065     0.529    0.264E+00    0.703E-01    0.232E-01    0.311E-02    0.311E-02    0.130E-02    0.130E-02    0.100E-03    0.100E-03    0.000E+00    0.000E+00
     6.065     0.530    0.263E+00    0.697E-01    0.229E-01    0.307E-02    0.307E-02    0.129E-02    0.129E-02    0.986E-04    0.986E-04    0.000E+00    0.000E+00
     6.065     0.531    0.262E+00    0.691E-01    0.226E-01    0.304E-02    0.304E-02    0.127E-02    0.127E-02    0.970E-04    0.970E-04    0.000E+00    0.000E+00
     6.065     0.532    0.260E+00    0.686E-01    0.223E-01    0.300E-02    0.300E-02    0.126E-02    0.126E-02    0.955E-04    0.955E-04    0.000E+00    0.000E+00
     6.065     0.533    0.259E+00    0.680E-01    0.220E-01    0.297E-02    0.297E-02    0.124E-02    0.124E-02    0.939E-04    0.939E-04    0.000E+00    0.000E+00
     6.065     0.534    0.257E+00    0.674E-01    0.217E-01    0.293E-02    0.294E-02    0.123E-02    0.123E-02    0.924E-04    0.924E-04    0.000E+00    0.000E+00
     6.065     0.535    0.256E+00    0.669E-01    0.214E-01    0.290E-02    0.290E-02    0.121E-02    0.121E-02    0.909E-04    0.909E-04    0.000E+00    0.000E+00
     6.065     0.536    0.255E+00    0.663E-01    0.211E-01    0.287E-02    0.287E-02    0.120E-02    0.120E-02    0.894E-04    0.894E-04    0.000E+00    0.000E+00
     6.065     0.537    0.253E+00    0.658E-01    0.208E-01    0.283E-02    0.283E-02    0.119E-02    0.119E-02    0.879E-04    0.879E-04    0.000E+00    0.000E+00
     6.065     0.538    0.252E+00    0.652E-01    0.206E-01    0.280E-02    0.280E-02    0.117E-02    0.117E-02    0.865E-04    0.865E-04    0.000E+00    0.000E+00
     6.065     0.539    0.251E+00    0.647E-01    0.203E-01    0.277E-02    0.277E-02    0.116E-02    0.116E-02    0.851E-04    0.851E-04    0.000E+00    0.000E+00
     6.065     0.540    0.249E+00    0.641E-01    0.200E-01    0.273E-02    0.274E-02    0.114E-02    0.114E-02    0.837E-04    0.837E-04    0.000E+00    0.000E+00
     6.065     0.541    0.248E+00    0.636E-01    0.197E-01    0.270E-02    0.270E-02    0.113E-02    0.113E-02    0.823E-04    0.823E-04    0.000E+00    0.000E+00
     6.065     0.542    0.247E+00    0.630E-01    0.195E-01    0.267E-02    0.267E-02    0.112E-02    0.112E-02    0.809E-04    0.809E-04    0.000E+00    0.000E+00
     6.065     0.543    0.245E+00    0.625E-01    0.192E-01    0.264E-02    0.264E-02    0.110E-02    0.110E-02    0.796E-04    0.796E-04    0.000E+00    0.000E+00
     6.065     0.544    0.244E+00    0.619E-01    0.189E-01    0.261E-02    0.261E-02    0.109E-02    0.109E-02    0.783E-04    0.783E-04    0.000E+00    0.000E+00
     6.065     0.545    0.243E+00    0.614E-01    0.187E-01    0.258E-02    0.258E-02    0.108E-02    0.108E-02    0.770E-04    0.770E-04    0.000E+00    0.000E+00
     6.065     0.546    0.241E+00    0.609E-01    0.184E-01    0.255E-02    0.255E-02    0.106E-02    0.106E-02    0.757E-04    0.757E-04    0.000E+00    0.000E+00
     6.065     0.547    0.240E+00    0.604E-01    0.182E-01    0.252E-02    0.252E-02    0.105E-02    0.105E-02    0.744E-04    0.744E-04    0.000E+00    0.000E+00
     6.065     0.548    0.239E+00    0.598E-01    0.179E-01    0.249E-02    0.249E-02    0.104E-02    0.104E-02    0.732E-04    0.732E-04    0.000E+00    0.000E+00
     6.065     0.549    0.237E+00    0.593E-01    0.177E-01    0.246E-02    0.246E-02    0.103E-02    0.103E-02    0.719E-04    0.719E-04    0.000E+00    0.000E+00
     6.065     0.550    0.236E+00    0.588E-01    0.174E-01    0.243E-02    0.243E-02    0.101E-02    0.101E-02    0.707E-04    0.707E-04    0.000E+00    0.000E+00
     6.065     0.551    0.235E+00    0.583E-01    0.172E-01    0.240E-02    0.240E-02    0.100E-02    0.100E-02    0.695E-04    0.695E-04    0.000E+00    0.000E+00
     6.065     0.552    0.234E+00    0.578E-01    0.170E-01    0.237E-02    0.237E-02    0.989E-03    0.989E-03    0.684E-04    0.684E-04    0.000E+00    0.000E+00
     6.065     0.553    0.232E+00    0.572E-01    0.167E-01    0.234E-02    0.234E-02    0.977E-03    0.977E-03    0.672E-04    0.672E-04    0.000E+00    0.000E+00
     6.065     0.554    0.231E+00    0.567E-01    0.165E-01    0.231E-02    0.231E-02    0.964E-03    0.964E-03    0.661E-04    0.661E-04    0.000E+00    0.000E+00
     6.065     0.555    0.230E+00    0.562E-01    0.163E-01    0.228E-02    0.228E-02    0.952E-03    0.952E-03    0.649E-04    0.649E-04    0.000E+00    0.000E+00
     6.065     0.556    0.228E+00    0.557E-01    0.160E-01    0.226E-02    0.226E-02    0.941E-03    0.941E-03    0.638E-04    0.638E-04    0.000E+00    0.000E+00
     6.065     0.557    0.227E+00    0.552E-01    0.158E-01    0.223E-02    0.223E-02    0.929E-03    0.929E-03    0.628E-04    0.628E-04    0.000E+00    0.000E+00
     6.065     0.558    0.226E+00    0.547E-01    0.156E-01    0.220E-02    0.220E-02    0.917E-03    0.917E-03    0.617E-04    0.617E-04    0.000E+00    0.000E+00
     6.065     0.559    0.224E+00    0.542E-01    0.154E-01    0.217E-02    0.217E-02    0.906E-03    0.906E-03    0.606E-04    0.606E-04    0.000E+00    0.000E+00
     6.065     0.560    0.223E+00    0.537E-01    0.152E-01    0.215E-02    0.215E-02    0.894E-03    0.894E-03    0.596E-04    0.596E-04    0.000E+00    0.000E+00
     6.065     0.561    0.222E+00    0.532E-01    0.150E-01    0.212E-02    0.212E-02    0.883E-03    0.883E-03    0.586E-04    0.586E-04    0.000E+00    0.000E+00
     6.065     0.562    0.221E+00    0.528E-01    0.147E-01    0.209E-02    0.209E-02    0.872E-03    0.872E-03    0.576E-04    0.576E-04    0.000E+00    0.000E+00
     6.065     0.563    0.219E+00    0.523E-01    0.145E-01    0.207E-02    0.207E-02    0.861E-03    0.861E-03    0.566E-04    0.566E-04    0.000E+00    0.000E+00
     6.065     0.564    0.218E+00    0.518E-01    0.143E-01    0.204E-02    0.204E-02    0.850E-03    0.850E-03    0.556E-04    0.556E-04    0.000E+00    0.000E+00
     6.065     0.565    0.217E+00    0.513E-01    0.141E-01    0.202E-02    0.202E-02    0.839E-03    0.839E-03    0.546E-04    0.546E-04    0.000E+00    0.000E+00
     6.065     0.566    0.215E+00    0.508E-01    0.139E-01    0.199E-02    0.199E-02    0.828E-03    0.828E-03    0.537E-04    0.537E-04    0.000E+00    0.000E+00
     6.065     0.567    0.214E+00    0.504E-01    0.137E-01    0.196E-02    0.197E-02    0.818E-03    0.818E-03    0.527E-04    0.527E-04    0.000E+00    0.000E+00
     6.065     0.568    0.213E+00    0.499E-01    0.135E-01    0.194E-02    0.194E-02    0.807E-03    0.807E-03    0.518E-04    0.518E-04    0.000E+00    0.000E+00
     6.065     0.569    0.212E+00    0.494E-01    0.133E-01    0.192E-02    0.192E-02    0.797E-03    0.797E-03    0.509E-04    0.509E-04    0.000E+00    0.000E+00
     6.065     0.570    0.210E+00    0.490E-01    0.131E-01    0.189E-02    0.189E-02    0.786E-03    0.786E-03    0.500E-04    0.500E-04    0.000E+00    0.000E+00
     6.065     0.571    0.209E+00    0.485E-01    0.130E-01    0.187E-02    0.187E-02    0.776E-03    0.776E-03    0.491E-04    0.491E-04    0.000E+00    0.000E+00
     6.065     0.572    0.208E+00    0.480E-01    0.128E-01    0.184E-02    0.184E-02    0.766E-03    0.766E-03    0.483E-04    0.483E-04    0.000E+00    0.000E+00
     6.065     0.573    0.207E+00    0.476E-01    0.126E-01    0.182E-02    0.182E-02    0.756E-03    0.756E-03    0.474E-04    0.474E-04    0.000E+00    0.000E+00
     6.065     0.574    0.205E+00    0.471E-01    0.124E-01    0.179E-02    0.180E-02    0.746E-03    0.746E-03    0.466E-04    0.466E-04    0.000E+00    0.000E+00
     6.065     0.575    0.204E+00    0.467E-01    0.122E-01    0.177E-02    0.177E-02    0.736E-03    0.736E-03    0.458E-04    0.458E-04    0.000E+00    0.000E+00
     6.065     0.576    0.203E+00    0.462E-01    0.120E-01    0.175E-02    0.175E-02    0.726E-03    0.726E-03    0.450E-04    0.450E-04    0.000E+00    0.000E+00
     6.065     0.577    0.202E+00    0.458E-01    0.119E-01    0.173E-02    0.173E-02    0.717E-03    0.717E-03    0.442E-04    0.442E-04    0.000E+00    0.000E+00
     6.065     0.578    0.201E+00    0.453E-01    0.117E-01    0.170E-02    0.170E-02    0.707E-03    0.707E-03    0.434E-04    0.434E-04    0.000E+00    0.000E+00
     6.065     0.579    0.199E+00    0.449E-01    0.115E-01    0.168E-02    0.168E-02    0.698E-03    0.698E-03    0.426E-04    0.426E-04    0.000E+00    0.000E+00
     6.065     0.580    0.198E+00    0.445E-01    0.114E-01    0.166E-02    0.166E-02    0.689E-03    0.689E-03    0.418E-04    0.418E-04    0.000E+00    0.000E+00
     6.065     0.581    0.197E+00    0.440E-01    0.112E-01    0.164E-02    0.164E-02    0.679E-03    0.679E-03    0.411E-04    0.411E-04    0.000E+00    0.000E+00
     6.065     0.582    0.196E+00    0.436E-01    0.110E-01    0.161E-02    0.161E-02    0.670E-03    0.670E-03    0.404E-04    0.404E-04    0.000E+00    0.000E+00
     6.065     0.583    0.194E+00    0.432E-01    0.109E-01    0.159E-02    0.159E-02    0.661E-03    0.661E-03    0.396E-04    0.396E-04    0.000E+00    0.000E+00
     6.065     0.584    0.193E+00    0.428E-01    0.107E-01    0.157E-02    0.157E-02    0.652E-03    0.652E-03    0.389E-04    0.389E-04    0.000E+00    0.000E+00
     6.065     0.585    0.192E+00    0.423E-01    0.105E-01    0.155E-02    0.155E-02    0.643E-03    0.643E-03    0.382E-04    0.382E-04    0.000E+00    0.000E+00
     6.065     0.586    0.191E+00    0.419E-01    0.104E-01    0.153E-02    0.153E-02    0.635E-03    0.635E-03    0.375E-04    0.375E-04    0.000E+00    0.000E+00
     6.065     0.587    0.190E+00    0.415E-01    0.102E-01    0.151E-02    0.151E-02    0.626E-03    0.626E-03    0.368E-04    0.368E-04    0.000E+00    0.000E+00
     6.065     0.588    0.188E+00    0.411E-01    0.101E-01    0.149E-02    0.149E-02    0.617E-03    0.617E-03    0.362E-04    0.362E-04    0.000E+00    0.000E+00
     6.065     0.589    0.187E+00    0.407E-01    0.994E-02    0.147E-02    0.147E-02    0.609E-03    0.609E-03    0.355E-04    0.355E-04    0.000E+00    0.000E+00
     6.065     0.590    0.186E+00    0.403E-01    0.979E-02    0.145E-02    0.145E-02    0.600E-03    0.600E-03    0.349E-04    0.349E-04    0.000E+00    0.000E+00
     6.065     0.591    0.185E+00    0.398E-01    0.964E-02    0.143E-02    0.143E-02    0.592E-03    0.592E-03    0.342E-04    0.342E-04    0.000E+00    0.000E+00
     6.065     0.592    0.184E+00    0.394E-01    0.950E-02    0.141E-02    0.141E-02    0.584E-03    0.584E-03    0.336E-04    0.336E-04    0.000E+00    0.000E+00
     6.065     0.593    0.182E+00    0.390E-01    0.935E-02    0.139E-02    0.139E-02    0.575E-03    0.575E-03    0.330E-04    0.330E-04    0.000E+00    0.000E+00
     6.065     0.594    0.181E+00    0.386E-01    0.921E-02    0.137E-02    0.137E-02    0.567E-03    0.567E-03    0.324E-04    0.324E-04    0.000E+00    0.000E+00
     6.065     0.595    0.180E+00    0.382E-01    0.907E-02    0.135E-02    0.135E-02    0.559E-03    0.559E-03    0.318E-04    0.318E-04    0.000E+00    0.000E+00
     6.065     0.596    0.179E+00    0.379E-01    0.894E-02    0.133E-02    0.133E-02    0.552E-03    0.552E-03    0.312E-04    0.312E-04    0.000E+00    0.000E+00
     6.065     0.597    0.178E+00    0.375E-01    0.880E-02    0.131E-02    0.131E-02    0.544E-03    0.544E-03    0.306E-04    0.306E-04    0.000E+00    0.000E+00
     6.065     0.598    0.177E+00    0.371E-01    0.867E-02    0.129E-02    0.129E-02    0.536E-03    0.536E-03    0.300E-04    0.300E-04    0.000E+00    0.000E+00
     6.065     0.599    0.175E+00    0.367E-01    0.853E-02    0.128E-02    0.128E-02    0.528E-03    0.528E-03    0.295E-04    0.295E-04    0.000E+00    0.000E+00
     6.065     0.600    0.174E+00    0.363E-01    0.840E-02    0.126E-02    0.126E-02    0.521E-03    0.521E-03    0.289E-04    0.289E-04    0.000E+00    0.000E+00
     6.065     0.601    0.173E+00    0.359E-01    0.828E-02    0.124E-02    0.124E-02    0.513E-03    0.513E-03    0.284E-04    0.284E-04    0.000E+00    0.000E+00
     6.065     0.602    0.172E+00    0.356E-01    0.815E-02    0.122E-02    0.122E-02    0.506E-03    0.506E-03    0.278E-04    0.278E-04    0.000E+00    0.000E+00
     6.065     0.603    0.171E+00    0.352E-01    0.802E-02    0.121E-02    0.121E-02    0.498E-03    0.498E-03    0.273E-04    0.273E-04    0.000E+00    0.000E+00
     6.065     0.604    0.170E+00    0.348E-01    0.790E-02    0.119E-02    0.119E-02    0.491E-03    0.491E-03    0.268E-04    0.268E-04    0.000E+00    0.000E+00
     6.065     0.605    0.169E+00    0.344E-01    0.778E-02    0.117E-02    0.117E-02    0.484E-03    0.484E-03    0.263E-04    0.263E-04    0.000E+00    0.000E+00
     6.065     0.606    0.167E+00    0.341E-01    0.766E-02    0.115E-02    0.115E-02    0.477E-03    0.477E-03    0.258E-04    0.258E-04    0.000E+00    0.000E+00
     6.065     0.607    0.166E+00    0.337E-01    0.754E-02    0.114E-02    0.114E-02    0.470E-03    0.470E-03    0.253E-04    0.253E-04    0.000E+00    0.000E+00
     6.065     0.608    0.165E+00    0.333E-01    0.742E-02    0.112E-02    0.112E-02    0.463E-03    0.463E-03    0.248E-04    0.248E-04    0.000E+00    0.000E+00
     6.065     0.609    0.164E+00    0.330E-01    0.731E-02    0.110E-02    0.110E-02    0.456E-03    0.456E-03    0.244E-04    0.244E-04    0.000E+00    0.000E+00
     6.065     0.610    0.163E+00    0.326E-01    0.719E-02    0.109E-02    0.109E-02    0.449E-03    0.449E-03    0.239E-04    0.239E-04    0.000E+00    0.000E+00
     6.065     0.611    0.162E+00    0.323E-01    0.708E-02    0.107E-02    0.107E-02    0.443E-03    0.443E-03    0.234E-04    0.234E-04    0.000E+00    0.000E+00
     6.065     0.612    0.161E+00    0.319E-01    0.697E-02    0.106E-02    0.106E-02    0.436E-03    0.436E-03    0.230E-04    0.230E-04    0.000E+00    0.000E+00
     6.065     0.613    0.160E+00    0.316E-01    0.686E-02    0.104E-02    0.104E-02    0.429E-03    0.429E-03    0.226E-04    0.226E-04    0.000E+00    0.000E+00
     6.065     0.614    0.158E+00    0.312E-01    0.675E-02    0.102E-02    0.102E-02    0.423E-03    0.423E-03    0.221E-04    0.221E-04    0.000E+00    0.000E+00
     6.065     0.615    0.157E+00    0.309E-01    0.665E-02    0.101E-02    0.101E-02    0.416E-03    0.416E-03    0.217E-04    0.217E-04    0.000E+00    0.000E+00
     6.065     0.616    0.156E+00    0.305E-01    0.654E-02    0.993E-03    0.993E-03    0.410E-03    0.410E-03    0.213E-04    0.213E-04    0.000E+00    0.000E+00
     6.065     0.617    0.155E+00    0.302E-01    0.644E-02    0.978E-03    0.978E-03    0.404E-03    0.404E-03    0.209E-04    0.209E-04    0.000E+00    0.000E+00
     6.065     0.618    0.154E+00    0.299E-01    0.634E-02    0.963E-03    0.963E-03    0.398E-03    0.398E-03    0.204E-04    0.204E-04    0.000E+00    0.000E+00
     6.065     0.619    0.153E+00    0.295E-01    0.624E-02    0.948E-03    0.949E-03    0.391E-03    0.391E-03    0.201E-04    0.201E-04    0.000E+00    0.000E+00
     6.065     0.620    0.152E+00    0.292E-01    0.614E-02    0.934E-03    0.934E-03    0.385E-03    0.385E-03    0.197E-04    0.197E-04    0.000E+00    0.000E+00
     6.065     0.621    0.151E+00    0.289E-01    0.604E-02    0.919E-03    0.919E-03    0.379E-03    0.379E-03    0.193E-04    0.193E-04    0.000E+00    0.000E+00
     6.065     0.622    0.150E+00    0.286E-01    0.594E-02    0.905E-03    0.905E-03    0.373E-03    0.373E-03    0.189E-04    0.189E-04    0.000E+00    0.000E+00
     6.065     0.623    0.149E+00    0.282E-01    0.585E-02    0.891E-03    0.891E-03    0.368E-03    0.368E-03    0.185E-04    0.185E-04    0.000E+00    0.000E+00
     6.065     0.624    0.148E+00    0.279E-01    0.575E-02    0.877E-03    0.877E-03    0.362E-03    0.362E-03    0.182E-04    0.182E-04    0.000E+00    0.000E+00
     6.065     0.625    0.147E+00    0.276E-01    0.566E-02    0.863E-03    0.863E-03    0.356E-03    0.356E-03    0.178E-04    0.178E-04    0.000E+00    0.000E+00
     6.065     0.626    0.146E+00    0.273E-01    0.557E-02    0.850E-03    0.850E-03    0.350E-03    0.350E-03    0.175E-04    0.175E-04    0.000E+00    0.000E+00
     6.065     0.627    0.144E+00    0.270E-01    0.548E-02    0.836E-03    0.836E-03    0.345E-03    0.345E-03    0.171E-04    0.171E-04    0.000E+00    0.000E+00
     6.065     0.628    0.143E+00    0.266E-01    0.539E-02    0.823E-03    0.823E-03    0.339E-03    0.339E-03    0.168E-04    0.168E-04    0.000E+00    0.000E+00
     6.065     0.629    0.142E+00    0.263E-01    0.530E-02    0.810E-03    0.810E-03    0.334E-03    0.334E-03    0.164E-04    0.164E-04    0.000E+00    0.000E+00
     6.065     0.630    0.141E+00    0.260E-01    0.522E-02    0.797E-03    0.797E-03    0.328E-03    0.328E-03    0.161E-04    0.161E-04    0.000E+00    0.000E+00
     6.065     0.631    0.140E+00    0.257E-01    0.513E-02    0.784E-03    0.784E-03    0.323E-03    0.323E-03    0.158E-04    0.158E-04    0.000E+00    0.000E+00
     6.065     0.632    0.139E+00    0.254E-01    0.505E-02    0.771E-03    0.771E-03    0.318E-03    0.318E-03    0.155E-04    0.155E-04    0.000E+00    0.000E+00
     6.065     0.633    0.138E+00    0.251E-01    0.496E-02    0.759E-03    0.759E-03    0.313E-03    0.313E-03    0.152E-04    0.152E-04    0.000E+00    0.000E+00
     6.065     0.634    0.137E+00    0.248E-01    0.488E-02    0.746E-03    0.746E-03    0.307E-03    0.307E-03    0.148E-04    0.148E-04    0.000E+00    0.000E+00
     6.065     0.635    0.136E+00    0.245E-01    0.480E-02    0.734E-03    0.734E-03    0.302E-03    0.302E-03    0.145E-04    0.145E-04    0.000E+00    0.000E+00
     6.065     0.636    0.135E+00    0.243E-01    0.472E-02    0.722E-03    0.722E-03    0.297E-03    0.297E-03    0.143E-04    0.143E-04    0.000E+00    0.000E+00
     6.065     0.637    0.134E+00    0.240E-01    0.464E-02    0.710E-03    0.710E-03    0.292E-03    0.292E-03    0.140E-04    0.140E-04    0.000E+00    0.000E+00
     6.065     0.638    0.133E+00    0.237E-01    0.457E-02    0.698E-03    0.698E-03    0.287E-03    0.287E-03    0.137E-04    0.137E-04    0.000E+00    0.000E+00
     6.065     0.639    0.132E+00    0.234E-01    0.449E-02    0.686E-03    0.686E-03    0.282E-03    0.282E-03    0.134E-04    0.134E-04    0.000E+00    0.000E+00
     6.065     0.640    0.131E+00    0.231E-01    0.442E-02    0.674E-03    0.674E-03    0.278E-03    0.278E-03    0.131E-04    0.131E-04    0.000E+00    0.000E+00
     6.065     0.641    0.130E+00    0.228E-01    0.434E-02    0.663E-03    0.663E-03    0.273E-03    0.273E-03    0.129E-04    0.129E-04    0.000E+00    0.000E+00
     6.065     0.642    0.129E+00    0.226E-01    0.427E-02    0.652E-03    0.652E-03    0.268E-03    0.268E-03    0.126E-04    0.126E-04    0.000E+00    0.000E+00
     6.065     0.643    0.128E+00    0.223E-01    0.420E-02    0.640E-03    0.640E-03    0.264E-03    0.264E-03    0.123E-04    0.123E-04    0.000E+00    0.000E+00
     6.065     0.644    0.127E+00    0.220E-01    0.413E-02    0.629E-03    0.629E-03    0.259E-03    0.259E-03    0.121E-04    0.121E-04    0.000E+00    0.000E+00
     6.065     0.645    0.126E+00    0.217E-01    0.406E-02    0.619E-03    0.619E-03    0.254E-03    0.254E-03    0.118E-04    0.118E-04    0.000E+00    0.000E+00
     6.065     0.646    0.125E+00    0.215E-01    0.399E-02    0.608E-03    0.608E-03    0.250E-03    0.250E-03    0.116E-04    0.116E-04    0.000E+00    0.000E+00
     6.065     0.647    0.124E+00    0.212E-01    0.392E-02    0.597E-03    0.597E-03    0.246E-03    0.246E-03    0.113E-04    0.113E-04    0.000E+00    0.000E+00
     6.065     0.648    0.123E+00    0.209E-01    0.385E-02    0.587E-03    0.587E-03    0.241E-03    0.241E-03    0.111E-04    0.111E-04    0.000E+00    0.000E+00
     6.065     0.649    0.122E+00    0.207E-01    0.379E-02    0.576E-03    0.576E-03    0.237E-03    0.237E-03    0.109E-04    0.109E-04    0.000E+00    0.000E+00
     6.065     0.650    0.121E+00    0.204E-01    0.372E-02    0.566E-03    0.566E-03    0.233E-03    0.233E-03    0.106E-04    0.106E-04    0.000E+00    0.000E+00
     6.065     0.651    0.120E+00    0.202E-01    0.366E-02    0.556E-03    0.556E-03    0.229E-03    0.229E-03    0.104E-04    0.104E-04    0.000E+00    0.000E+00
     6.065     0.652    0.119E+00    0.199E-01    0.360E-02    0.546E-03    0.546E-03    0.224E-03    0.224E-03    0.102E-04    0.102E-04    0.000E+00    0.000E+00
     6.065     0.653    0.118E+00    0.197E-01    0.354E-02    0.536E-03    0.536E-03    0.220E-03    0.220E-03    0.999E-05    0.999E-05    0.000E+00    0.000E+00
     6.065     0.654    0.117E+00    0.194E-01    0.348E-02    0.526E-03    0.526E-03    0.216E-03    0.216E-03    0.978E-05    0.978E-05    0.000E+00    0.000E+00
     6.065     0.655    0.117E+00    0.192E-01    0.342E-02    0.517E-03    0.517E-03    0.212E-03    0.212E-03    0.957E-05    0.957E-05    0.000E+00    0.000E+00
     6.065     0.656    0.116E+00    0.189E-01    0.336E-02    0.507E-03    0.507E-03    0.208E-03    0.208E-03    0.936E-05    0.936E-05    0.000E+00    0.000E+00
     6.065     0.657    0.115E+00    0.187E-01    0.330E-02    0.498E-03    0.498E-03    0.205E-03    0.205E-03    0.916E-05    0.916E-05    0.000E+00    0.000E+00
     6.065     0.658    0.114E+00    0.184E-01    0.324E-02    0.488E-03    0.488E-03    0.201E-03    0.201E-03    0.896E-05    0.896E-05    0.000E+00    0.000E+00
     6.065     0.659    0.113E+00    0.182E-01    0.318E-02    0.479E-03    0.479E-03    0.197E-03    0.197E-03    0.877E-05    0.877E-05    0.000E+00    0.000E+00
     6.065     0.660    0.112E+00    0.180E-01    0.313E-02    0.470E-03    0.470E-03    0.193E-03    0.193E-03    0.858E-05    0.858E-05    0.000E+00    0.000E+00
     6.065     0.661    0.111E+00    0.177E-01    0.307E-02    0.461E-03    0.461E-03    0.190E-03    0.190E-03    0.840E-05    0.840E-05    0.000E+00    0.000E+00
     6.065     0.662    0.110E+00    0.175E-01    0.302E-02    0.452E-03    0.452E-03    0.186E-03    0.186E-03    0.822E-05    0.822E-05    0.000E+00    0.000E+00
     6.065     0.663    0.109E+00    0.173E-01    0.297E-02    0.444E-03    0.444E-03    0.182E-03    0.182E-03    0.804E-05    0.804E-05    0.000E+00    0.000E+00
     6.065     0.664    0.108E+00    0.170E-01    0.291E-02    0.435E-03    0.435E-03    0.179E-03    0.179E-03    0.786E-05    0.786E-05    0.000E+00    0.000E+00
     6.065     0.665    0.107E+00    0.168E-01    0.286E-02    0.427E-03    0.427E-03    0.175E-03    0.175E-03    0.769E-05    0.769E-05    0.000E+00    0.000E+00
     6.065     0.666    0.106E+00    0.166E-01    0.281E-02    0.418E-03    0.418E-03    0.172E-03    0.172E-03    0.752E-05    0.752E-05    0.000E+00    0.000E+00
     6.065     0.667    0.106E+00    0.164E-01    0.276E-02    0.410E-03    0.410E-03    0.168E-03    0.168E-03    0.736E-05    0.736E-05    0.000E+00    0.000E+00
     6.065     0.668    0.105E+00    0.162E-01    0.271E-02    0.402E-03    0.402E-03    0.165E-03    0.165E-03    0.720E-05    0.720E-05    0.000E+00    0.000E+00
     6.065     0.669    0.104E+00    0.159E-01    0.266E-02    0.394E-03    0.394E-03    0.162E-03    0.162E-03    0.704E-05    0.704E-05    0.000E+00    0.000E+00
     6.065     0.670    0.103E+00    0.157E-01    0.262E-02    0.386E-03    0.386E-03    0.159E-03    0.159E-03    0.688E-05    0.688E-05    0.000E+00    0.000E+00
     6.065     0.671    0.102E+00    0.155E-01    0.257E-02    0.378E-03    0.378E-03    0.155E-03    0.155E-03    0.673E-05    0.673E-05    0.000E+00    0.000E+00
     6.065     0.672    0.101E+00    0.153E-01    0.252E-02    0.371E-03    0.371E-03    0.152E-03    0.152E-03    0.658E-05    0.658E-05    0.000E+00    0.000E+00
     6.065     0.673    0.100E+00    0.151E-01    0.248E-02    0.363E-03    0.363E-03    0.149E-03    0.149E-03    0.644E-05    0.644E-05    0.000E+00    0.000E+00
     6.065     0.674    0.994E-01    0.149E-01    0.243E-02    0.355E-03    0.355E-03    0.146E-03    0.146E-03    0.630E-05    0.630E-05    0.000E+00    0.000E+00
     6.065     0.675    0.985E-01    0.147E-01    0.239E-02    0.348E-03    0.348E-03    0.143E-03    0.143E-03    0.616E-05    0.616E-05    0.000E+00    0.000E+00
     6.065     0.676    0.977E-01    0.145E-01    0.235E-02    0.341E-03    0.341E-03    0.140E-03    0.140E-03    0.602E-05    0.602E-05    0.000E+00    0.000E+00
     6.065     0.677    0.968E-01    0.143E-01    0.230E-02    0.334E-03    0.334E-03    0.137E-03    0.137E-03    0.588E-05    0.588E-05    0.000E+00    0.000E+00
     6.065     0.678    0.960E-01    0.141E-01    0.226E-02    0.326E-03    0.326E-03    0.134E-03    0.134E-03    0.575E-05    0.575E-05    0.000E+00    0.000E+00
     6.065     0.679    0.951E-01    0.139E-01    0.222E-02    0.319E-03    0.319E-03    0.131E-03    0.131E-03    0.562E-05    0.562E-05    0.000E+00    0.000E+00
     6.065     0.680    0.943E-01    0.137E-01    0.218E-02    0.313E-03    0.313E-03    0.128E-03    0.128E-03    0.549E-05    0.549E-05    0.000E+00    0.000E+00
     6.065     0.681    0.935E-01    0.135E-01    0.214E-02    0.306E-03    0.306E-03    0.126E-03    0.126E-03    0.537E-05    0.537E-05    0.000E+00    0.000E+00
     6.065     0.682    0.926E-01    0.133E-01    0.210E-02    0.299E-03    0.299E-03    0.123E-03    0.123E-03    0.524E-05    0.524E-05    0.000E+00    0.000E+00
     6.065     0.683    0.918E-01    0.131E-01    0.206E-02    0.292E-03    0.292E-03    0.120E-03    0.120E-03    0.512E-05    0.512E-05    0.000E+00    0.000E+00
     6.065     0.684    0.910E-01    0.129E-01    0.202E-02    0.286E-03    0.286E-03    0.117E-03    0.117E-03    0.501E-05    0.501E-05    0.000E+00    0.000E+00
     6.065     0.685    0.902E-01    0.127E-01    0.198E-02    0.279E-03    0.279E-03    0.115E-03    0.115E-03    0.489E-05    0.489E-05    0.000E+00    0.000E+00
     6.065     0.686    0.894E-01    0.126E-01    0.195E-02    0.273E-03    0.273E-03    0.112E-03    0.112E-03    0.478E-05    0.478E-05    0.000E+00    0.000E+00
     6.065     0.687    0.885E-01    0.124E-01    0.191E-02    0.267E-03    0.267E-03    0.110E-03    0.110E-03    0.467E-05    0.467E-05    0.000E+00    0.000E+00
     6.065     0.688    0.877E-01    0.122E-01    0.188E-02    0.261E-03    0.261E-03    0.107E-03    0.107E-03    0.456E-05    0.456E-05    0.000E+00    0.000E+00
     6.065     0.689    0.869E-01    0.120E-01    0.184E-02    0.255E-03    0.255E-03    0.105E-03    0.105E-03    0.445E-05    0.445E-05    0.000E+00    0.000E+00
     6.065     0.690    0.861E-01    0.118E-01    0.181E-02    0.249E-03    0.249E-03    0.102E-03    0.102E-03    0.435E-05    0.435E-05    0.000E+00    0.000E+00
     6.065     0.691    0.853E-01    0.117E-01    0.177E-02    0.243E-03    0.243E-03    0.997E-04    0.997E-04    0.425E-05    0.425E-05    0.000E+00    0.000E+00
     6.065     0.692    0.846E-01    0.115E-01    0.174E-02    0.237E-03    0.237E-03    0.973E-04    0.973E-04    0.415E-05    0.415E-05    0.000E+00    0.000E+00
     6.065     0.693    0.838E-01    0.113E-01    0.171E-02    0.231E-03    0.231E-03    0.950E-04    0.950E-04    0.405E-05    0.405E-05    0.000E+00    0.000E+00
     6.065     0.694    0.830E-01    0.112E-01    0.167E-02    0.226E-03    0.226E-03    0.927E-04    0.927E-04    0.396E-05    0.396E-05    0.000E+00    0.000E+00
     6.065     0.695    0.822E-01    0.110E-01    0.164E-02    0.220E-03    0.220E-03    0.904E-04    0.904E-04    0.386E-05    0.386E-05    0.000E+00    0.000E+00
     6.065     0.696    0.814E-01    0.108E-01    0.161E-02    0.215E-03    0.215E-03    0.882E-04    0.882E-04    0.377E-05    0.377E-05    0.000E+00    0.000E+00
     6.065     0.697    0.807E-01    0.107E-01    0.158E-02    0.209E-03    0.209E-03    0.860E-04    0.860E-04    0.368E-05    0.368E-05    0.000E+00    0.000E+00
     6.065     0.698    0.799E-01    0.105E-01    0.155E-02    0.204E-03    0.204E-03    0.838E-04    0.838E-04    0.360E-05    0.360E-05    0.000E+00    0.000E+00
     6.065     0.699    0.792E-01    0.104E-01    0.152E-02    0.199E-03    0.199E-03    0.817E-04    0.817E-04    0.351E-05    0.351E-05    0.000E+00    0.000E+00
     6.065     0.700    0.784E-01    0.102E-01    0.149E-02    0.194E-03    0.194E-03    0.796E-04    0.796E-04    0.343E-05    0.343E-05    0.000E+00    0.000E+00
     6.065     0.701    0.776E-01    0.100E-01    0.146E-02    0.189E-03    0.189E-03    0.775E-04    0.775E-04    0.334E-05    0.334E-05    0.000E+00    0.000E+00
     6.065     0.702    0.769E-01    0.988E-02    0.143E-02    0.184E-03    0.184E-03    0.755E-04    0.755E-04    0.326E-05    0.326E-05    0.000E+00    0.000E+00
     6.065     0.703    0.762E-01    0.973E-02    0.140E-02    0.179E-03    0.179E-03    0.735E-04    0.735E-04    0.318E-05    0.318E-05    0.000E+00    0.000E+00
     6.065     0.704    0.754E-01    0.958E-02    0.138E-02    0.174E-03    0.174E-03    0.715E-04    0.715E-04    0.311E-05    0.311E-05    0.000E+00    0.000E+00
     6.065     0.705    0.747E-01    0.943E-02    0.135E-02    0.169E-03    0.169E-03    0.695E-04    0.695E-04    0.303E-05    0.303E-05    0.000E+00    0.000E+00
     6.065     0.706    0.739E-01    0.929E-02    0.132E-02    0.165E-03    0.165E-03    0.676E-04    0.676E-04    0.296E-05    0.296E-05    0.000E+00    0.000E+00
     6.065     0.707    0.732E-01    0.914E-02    0.130E-02    0.160E-03    0.160E-03    0.658E-04    0.658E-04    0.288E-05    0.288E-05    0.000E+00    0.000E+00
     6.065     0.708    0.725E-01    0.900E-02    0.127E-02    0.156E-03    0.156E-03    0.639E-04    0.639E-04    0.281E-05    0.281E-05    0.000E+00    0.000E+00
     6.065     0.709    0.718E-01    0.886E-02    0.125E-02    0.151E-03    0.151E-03    0.621E-04    0.621E-04    0.274E-05    0.274E-05    0.000E+00    0.000E+00
     6.065     0.710    0.711E-01    0.872E-02    0.122E-02    0.147E-03    0.147E-03    0.603E-04    0.603E-04    0.268E-05    0.268E-05    0.000E+00    0.000E+00
     6.065     0.711    0.704E-01    0.858E-02    0.120E-02    0.142E-03    0.142E-03    0.586E-04    0.586E-04    0.261E-05    0.261E-05    0.000E+00    0.000E+00
     6.065     0.712    0.697E-01    0.844E-02    0.117E-02    0.138E-03    0.138E-03    0.568E-04    0.568E-04    0.255E-05    0.255E-05    0.000E+00    0.000E+00
     6.065     0.713    0.690E-01    0.830E-02    0.115E-02    0.134E-03    0.134E-03    0.551E-04    0.551E-04    0.248E-05    0.248E-05    0.000E+00    0.000E+00
     6.065     0.714    0.683E-01    0.817E-02    0.113E-02    0.130E-03    0.130E-03    0.535E-04    0.535E-04    0.242E-05    0.242E-05    0.000E+00    0.000E+00
     6.065     0.715    0.676E-01    0.804E-02    0.110E-02    0.126E-03    0.126E-03    0.518E-04    0.518E-04    0.236E-05    0.236E-05    0.000E+00    0.000E+00
     6.065     0.716    0.669E-01    0.791E-02    0.108E-02    0.122E-03    0.122E-03    0.502E-04    0.502E-04    0.230E-05    0.230E-05    0.000E+00    0.000E+00
     6.065     0.717    0.662E-01    0.778E-02    0.106E-02    0.118E-03    0.118E-03    0.487E-04    0.487E-04    0.224E-05    0.224E-05    0.000E+00    0.000E+00
     6.065     0.718    0.655E-01    0.765E-02    0.104E-02    0.114E-03    0.114E-03    0.471E-04    0.471E-04    0.219E-05    0.219E-05    0.000E+00    0.000E+00
     6.065     0.719    0.648E-01    0.753E-02    0.102E-02    0.111E-03    0.111E-03    0.456E-04    0.456E-04    0.213E-05    0.213E-05    0.000E+00    0.000E+00
     6.065     0.720    0.642E-01    0.740E-02    0.998E-03    0.107E-03    0.107E-03    0.441E-04    0.441E-04    0.208E-05    0.208E-05    0.000E+00    0.000E+00
     6.065     0.721    0.635E-01    0.728E-02    0.978E-03    0.103E-03    0.103E-03    0.426E-04    0.426E-04    0.203E-05    0.203E-05    0.000E+00    0.000E+00
     6.065     0.722    0.628E-01    0.716E-02    0.958E-03    0.999E-04    0.999E-04    0.412E-04    0.412E-04    0.198E-05    0.198E-05    0.000E+00    0.000E+00
     6.065     0.723    0.622E-01    0.704E-02    0.938E-03    0.964E-04    0.964E-04    0.397E-04    0.397E-04    0.192E-05    0.192E-05    0.000E+00    0.000E+00
     6.065     0.724    0.615E-01    0.692E-02    0.918E-03    0.930E-04    0.930E-04    0.383E-04    0.383E-04    0.188E-05    0.188E-05    0.000E+00    0.000E+00
     6.065     0.725    0.609E-01    0.680E-02    0.899E-03    0.896E-04    0.896E-04    0.369E-04    0.369E-04    0.183E-05    0.183E-05    0.000E+00    0.000E+00
     6.065     0.726    0.602E-01    0.669E-02    0.881E-03    0.863E-04    0.863E-04    0.356E-04    0.356E-04    0.178E-05    0.178E-05    0.000E+00    0.000E+00
     6.065     0.727    0.596E-01    0.657E-02    0.862E-03    0.830E-04    0.830E-04    0.343E-04    0.343E-04    0.173E-05    0.173E-05    0.000E+00    0.000E+00
     6.065     0.728    0.589E-01    0.646E-02    0.844E-03    0.798E-04    0.798E-04    0.330E-04    0.330E-04    0.169E-05    0.169E-05    0.000E+00    0.000E+00
     6.065     0.729    0.583E-01    0.635E-02    0.827E-03    0.767E-04    0.767E-04    0.317E-04    0.317E-04    0.164E-05    0.164E-05    0.000E+00    0.000E+00
     6.065     0.730    0.577E-01    0.624E-02    0.809E-03    0.736E-04    0.736E-04    0.304E-04    0.304E-04    0.160E-05    0.160E-05    0.000E+00    0.000E+00
     6.065     0.731    0.570E-01    0.613E-02    0.792E-03    0.706E-04    0.706E-04    0.292E-04    0.292E-04    0.156E-05    0.156E-05    0.000E+00    0.000E+00
     6.065     0.732    0.564E-01    0.603E-02    0.776E-03    0.677E-04    0.677E-04    0.280E-04    0.280E-04    0.152E-05    0.152E-05    0.000E+00    0.000E+00
     6.065     0.733    0.558E-01    0.592E-02    0.759E-03    0.648E-04    0.648E-04    0.268E-04    0.268E-04    0.148E-05    0.148E-05    0.000E+00    0.000E+00
     6.065     0.734    0.552E-01    0.582E-02    0.743E-03    0.619E-04    0.619E-04    0.257E-04    0.257E-04    0.144E-05    0.144E-05    0.000E+00    0.000E+00
     6.065     0.735    0.546E-01    0.571E-02    0.727E-03    0.592E-04    0.592E-04    0.245E-04    0.245E-04    0.140E-05    0.140E-05    0.000E+00    0.000E+00
     6.065     0.736    0.540E-01    0.561E-02    0.712E-03    0.565E-04    0.565E-04    0.234E-04    0.234E-04    0.136E-05    0.136E-05    0.000E+00    0.000E+00
     6.065     0.737    0.534E-01    0.551E-02    0.697E-03    0.538E-04    0.538E-04    0.223E-04    0.223E-04    0.133E-05    0.133E-05    0.000E+00    0.000E+00
     6.065     0.738    0.528E-01    0.541E-02    0.682E-03    0.512E-04    0.512E-04    0.213E-04    0.213E-04    0.129E-05    0.129E-05    0.000E+00    0.000E+00
     6.065     0.739    0.522E-01    0.532E-02    0.667E-03    0.487E-04    0.487E-04    0.203E-04    0.203E-04    0.126E-05    0.126E-05    0.000E+00    0.000E+00
     6.065     0.740    0.516E-01    0.522E-02    0.653E-03    0.462E-04    0.462E-04    0.192E-04    0.192E-04    0.122E-05    0.122E-05    0.000E+00    0.000E+00
     6.065     0.741    0.510E-01    0.513E-02    0.639E-03    0.438E-04    0.438E-04    0.182E-04    0.182E-04    0.119E-05    0.119E-05    0.000E+00    0.000E+00
     6.065     0.742    0.504E-01    0.503E-02    0.625E-03    0.415E-04    0.415E-04    0.173E-04    0.173E-04    0.116E-05    0.116E-05    0.000E+00    0.000E+00
     6.065     0.743    0.498E-01    0.494E-02    0.612E-03    0.391E-04    0.391E-04    0.163E-04    0.163E-04    0.113E-05    0.113E-05    0.000E+00    0.000E+00
     6.065     0.744    0.493E-01    0.485E-02    0.598E-03    0.369E-04    0.369E-04    0.154E-04    0.154E-04    0.110E-05    0.110E-05    0.000E+00    0.000E+00
     6.065     0.745    0.487E-01    0.476E-02    0.585E-03    0.346E-04    0.346E-04    0.145E-04    0.145E-04    0.107E-05    0.107E-05    0.000E+00    0.000E+00
     6.065     0.746    0.481E-01    0.467E-02    0.572E-03    0.324E-04    0.324E-04    0.135E-04    0.135E-04    0.104E-05    0.104E-05    0.000E+00    0.000E+00
     6.065     0.747    0.476E-01    0.458E-02    0.560E-03    0.302E-04    0.302E-04    0.126E-04    0.126E-04    0.101E-05    0.101E-05    0.000E+00    0.000E+00
     6.065     0.748    0.470E-01    0.450E-02    0.547E-03    0.281E-04    0.281E-04    0.118E-04    0.118E-04    0.980E-06    0.980E-06    0.000E+00    0.000E+00
     6.065     0.749    0.465E-01    0.441E-02    0.535E-03    0.260E-04    0.260E-04    0.109E-04    0.109E-04    0.953E-06    0.953E-06    0.000E+00    0.000E+00
     6.065     0.750    0.459E-01    0.433E-02    0.523E-03    0.240E-04    0.240E-04    0.101E-04    0.101E-04    0.926E-06    0.926E-06    0.000E+00    0.000E+00
     6.065     0.751    0.454E-01    0.425E-02    0.512E-03    0.221E-04    0.221E-04    0.926E-05    0.926E-05    0.900E-06    0.900E-06    0.000E+00    0.000E+00
     6.065     0.752    0.448E-01    0.417E-02    0.500E-03    0.202E-04    0.202E-04    0.848E-05    0.848E-05    0.875E-06    0.875E-06    0.000E+00    0.000E+00
     6.065     0.753    0.443E-01    0.409E-02    0.489E-03    0.184E-04    0.184E-04    0.772E-05    0.772E-05    0.850E-06    0.850E-06    0.000E+00    0.000E+00
     6.065     0.754    0.437E-01    0.401E-02    0.478E-03    0.166E-04    0.166E-04    0.699E-05    0.699E-05    0.826E-06    0.826E-06    0.000E+00    0.000E+00
     6.065     0.755    0.432E-01    0.393E-02    0.467E-03    0.149E-04    0.149E-04    0.628E-05    0.628E-05    0.803E-06    0.803E-06    0.000E+00    0.000E+00
     6.065     0.756    0.427E-01    0.385E-02    0.457E-03    0.133E-04    0.133E-04    0.560E-05    0.560E-05    0.780E-06    0.780E-06    0.000E+00    0.000E+00
     6.065     0.757    0.422E-01    0.378E-02    0.446E-03    0.117E-04    0.117E-04    0.494E-05    0.494E-05    0.758E-06    0.758E-06    0.000E+00    0.000E+00
     6.065     0.758    0.417E-01    0.370E-02    0.436E-03    0.102E-04    0.102E-04    0.431E-05    0.431E-05    0.736E-06    0.736E-06    0.000E+00    0.000E+00
     6.065     0.759    0.411E-01    0.363E-02    0.426E-03    0.877E-05    0.877E-05    0.371E-05    0.371E-05    0.715E-06    0.715E-06    0.000E+00    0.000E+00
     6.065     0.760    0.406E-01    0.356E-02    0.416E-03    0.740E-05    0.740E-05    0.314E-05    0.314E-05    0.695E-06    0.695E-06    0.000E+00    0.000E+00
     6.065     0.761    0.401E-01    0.349E-02    0.407E-03    0.610E-05    0.610E-05    0.259E-05    0.259E-05    0.675E-06    0.675E-06    0.000E+00    0.000E+00
     6.065     0.762    0.396E-01    0.342E-02    0.398E-03    0.486E-05    0.486E-05    0.207E-05    0.207E-05    0.655E-06    0.655E-06    0.000E+00    0.000E+00
     6.065     0.763    0.391E-01    0.335E-02    0.388E-03    0.369E-05    0.369E-05    0.157E-05    0.157E-05    0.637E-06    0.637E-06    0.000E+00    0.000E+00
     6.065     0.764    0.386E-01    0.328E-02    0.380E-03    0.258E-05    0.258E-05    0.111E-05    0.111E-05    0.618E-06    0.618E-06    0.000E+00    0.000E+00
     6.065     0.765    0.381E-01    0.321E-02    0.371E-03    0.155E-05    0.155E-05    0.675E-06    0.675E-06    0.601E-06    0.601E-06    0.000E+00    0.000E+00
     6.065     0.766    0.377E-01    0.315E-02    0.362E-03    0.589E-06    0.589E-06    0.269E-06    0.269E-06    0.583E-06    0.583E-06    0.000E+00    0.000E+00
     6.065     0.767    0.372E-01    0.308E-02    0.354E-03    0.000E+00    0.000E+00    0.000E+00    0.000E+00    0.566E-06    0.566E-06    0.000E+00    0.000E+00
     6.065     0.768    0.367E-01    0.302E-02    0.345E-03    0.000E+00    0.000E+00    0.000E+00    0.000E+00    0.549E-06    0.549E-06    0.000E+00    0.000E+00
     6.065     0.769    0.362E-01    0.296E-02    0.337E-03    0.000E+00    0.000E+00    0.000E+00    0.000E+00    0.533E-06    0.533E-06    0.000E+00    0.000E+00
     6.065     0.770    0.357E-01    0.290E-02    0.329E-03    0.000E+00    0.000E+00    0.000E+00    0.000E+00    0.517E-06    0.517E-06    0.000E+00    0.000E+00
     6.065     0.771    0.353E-01    0.283E-02    0.321E-03    0.000E+00    0.000E+00    0.000E+00    0.000E+00    0.501E-06    0.501E-06    0.000E+00    0.000E+00
     6.065     0.772    0.348E-01    0.277E-02    0.314E-03    0.000E+00    0.000E+00    0.000E+00    0.000E+00    0.486E-06    0.486E-06    0.000E+00    0.000E+00
     6.065     0.773    0.344E-01    0.272E-02    0.306E-03    0.000E+00    0.000E+00    0.000E+00    0.000E+00    0.471E-06    0.471E-06    0.000E+00    0.000E+00
     6.065     0.774    0.339E-01    0.266E-02    0.299E-03    0.000E+00    0.000E+00    0.000E+00    0.000E+00    0.457E-06    0.457E-06    0.000E+00    0.000E+00
     6.065     0.775    0.335E-01    0.260E-02    0.292E-03    0.000E+00    0.000E+00    0.000E+00    0.000E+00    0.443E-06    0.443E-06    0.000E+00    0.000E+00
     6.065     0.776    0.330E-01    0.254E-02    0.285E-03    0.000E+00    0.000E+00    0.000E+00    0.000E+00    0.430E-06    0.430E-06    0.000E+00    0.000E+00
     6.065     0.777    0.326E-01    0.249E-02    0.278E-03    0.000E+00    0.000E+00    0.000E+00    0.000E+00    0.416E-06    0.416E-06    0.000E+00    0.000E+00
     6.065     0.778    0.321E-01    0.243E-02    0.271E-03    0.000E+00    0.000E+00    0.000E+00    0.000E+00    0.404E-06    0.404E-06    0.000E+00    0.000E+00
     6.065     0.779    0.317E-01    0.238E-02    0.264E-03    0.000E+00    0.000E+00    0.000E+00    0.000E+00    0.391E-06    0.391E-06    0.000E+00    0.000E+00
     6.065     0.780    0.312E-01    0.233E-02    0.258E-03    0.000E+00    0.000E+00    0.000E+00    0.000E+00    0.379E-06    0.379E-06    0.000E+00    0.000E+00
     6.065     0.781    0.308E-01    0.228E-02    0.252E-03    0.000E+00    0.000E+00    0.000E+00    0.000E+00    0.367E-06    0.367E-06    0.000E+00    0.000E+00
     6.065     0.782    0.304E-01    0.223E-02    0.245E-03    0.000E+00    0.000E+00    0.000E+00    0.000E+00    0.356E-06    0.356E-06    0.000E+00    0.000E+00
     6.065     0.783    0.300E-01    0.218E-02    0.239E-03    0.000E+00    0.000E+00    0.000E+00    0.000E+00    0.345E-06    0.345E-06    0.000E+00    0.000E+00
     6.065     0.784    0.296E-01    0.213E-02    0.234E-03    0.000E+00    0.000E+00    0.000E+00    0.000E+00    0.334E-06    0.334E-06    0.000E+00    0.000E+00
     6.065     0.785    0.291E-01    0.208E-02    0.228E-03    0.000E+00    0.000E+00    0.000E+00    0.000E+00    0.324E-06    0.324E-06    0.000E+00    0.000E+00
     6.065     0.786    0.287E-01    0.203E-02    0.222E-03    0.000E+00    0.000E+00    0.000E+00    0.000E+00    0.314E-06    0.314E-06    0.000E+00    0.000E+00
     6.065     0.787    0.283E-01    0.199E-02    0.217E-03    0.000E+00    0.000E+00    0.000E+00    0.000E+00    0.304E-06    0.304E-06    0.000E+00    0.000E+00
     6.065     0.788    0.279E-01    0.194E-02    0.211E-03    0.000E+00    0.000E+00    0.000E+00    0.000E+00    0.295E-06    0.295E-06    0.000E+00    0.000E+00
     6.065     0.789    0.275E-01    0.190E-02    0.206E-03    0.000E+00    0.000E+00    0.000E+00    0.000E+00    0.286E-06    0.286E-06    0.000E+00    0.000E+00
     6.065     0.790    0.271E-01    0.186E-02    0.201E-03    0.000E+00    0.000E+00    0.000E+00    0.000E+00    0.277E-06    0.277E-06    0.000E+00    0.000E+00
     6.065     0.791    0.267E-01    0.181E-02    0.196E-03    0.000E+00    0.000E+00    0.000E+00    0.000E+00    0.268E-06    0.268E-06    0.000E+00    0.000E+00
     6.065     0.792    0.263E-01    0.177E-02    0.191E-03    0.000E+00    0.000E+00    0.000E+00    0.000E+00    0.259E-06    0.259E-06    0.000E+00    0.000E+00
     6.065     0.793    0.260E-01    0.173E-02    0.186E-03    0.000E+00    0.000E+00    0.000E+00    0.000E+00    0.250E-06    0.250E-06    0.000E+00    0.000E+00
     6.065     0.794    0.256E-01    0.169E-02    0.181E-03    0.000E+00    0.000E+00    0.000E+00    0.000E+00    0.242E-06    0.242E-06    0.000E+00    0.000E+00
     6.065     0.795    0.252E-01    0.165E-02    0.176E-03    0.000E+00    0.000E+00    0.000E+00    0.000E+00    0.234E-06    0.234E-06    0.000E+00    0.000E+00
     6.065     0.796    0.248E-01    0.161E-02    0.172E-03    0.000E+00    0.000E+00    0.000E+00    0.000E+00    0.226E-06    0.226E-06    0.000E+00    0.000E+00
     6.065     0.797    0.245E-01    0.158E-02    0.167E-03    0.000E+00    0.000E+00    0.000E+00    0.000E+00    0.219E-06    0.219E-06    0.000E+00    0.000E+00
     6.065     0.798    0.241E-01    0.154E-02    0.163E-03    0.000E+00    0.000E+00    0.000E+00    0.000E+00    0.212E-06    0.212E-06    0.000E+00    0.000E+00
     6.065     0.799    0.237E-01    0.151E-02    0.159E-03    0.000E+00    0.000E+00    0.000E+00    0.000E+00    0.205E-06    0.205E-06    0.000E+00    0.000E+00
     6.065     0.800    0.234E-01    0.147E-02    0.154E-03    0.000E+00    0.000E+00    0.000E+00    0.000E+00    0.198E-06    0.198E-06    0.000E+00    0.000E+00
     6.065     0.801    0.230E-01    0.144E-02    0.150E-03    0.000E+00    0.000E+00    0.000E+00    0.000E+00    0.191E-06    0.191E-06    0.000E+00    0.000E+00
     6.065     0.802    0.227E-01    0.140E-02    0.146E-03    0.000E+00    0.000E+00    0.000E+00    0.000E+00    0.185E-06    0.185E-06    0.000E+00    0.000E+00
     6.065     0.803    0.223E-01    0.137E-02    0.143E-03    0.000E+00    0.000E+00    0.000E+00    0.000E+00    0.178E-06    0.178E-06    0.000E+00    0.000E+00
     6.065     0.804    0.220E-01    0.134E-02    0.139E-03    0.000E+00    0.000E+00    0.000E+00    0.000E+00    0.172E-06    0.172E-06    0.000E+00    0.000E+00
     6.065     0.805    0.216E-01    0.130E-02    0.135E-03    0.000E+00    0.000E+00    0.000E+00    0.000E+00    0.167E-06    0.167E-06    0.000E+00    0.000E+00
     6.065     0.806    0.213E-01    0.127E-02    0.131E-03    0.000E+00    0.000E+00    0.000E+00    0.000E+00    0.161E-06    0.161E-06    0.000E+00    0.000E+00
     6.065     0.807    0.210E-01    0.124E-02    0.128E-03    0.000E+00    0.000E+00    0.000E+00    0.000E+00    0.156E-06    0.156E-06    0.000E+00    0.000E+00
     6.065     0.808    0.206E-01    0.121E-02    0.124E-03    0.000E+00    0.000E+00    0.000E+00    0.000E+00    0.150E-06    0.150E-06    0.000E+00    0.000E+00
     6.065     0.809    0.203E-01    0.118E-02    0.121E-03    0.000E+00    0.000E+00    0.000E+00    0.000E+00    0.145E-06    0.145E-06    0.000E+00    0.000E+00
     6.065     0.810    0.200E-01    0.116E-02    0.118E-03    0.000E+00    0.000E+00    0.000E+00    0.000E+00    0.140E-06    0.140E-06    0.000E+00    0.000E+00
     6.065     0.811    0.197E-01    0.113E-02    0.115E-03    0.000E+00    0.000E+00    0.000E+00    0.000E+00    0.136E-06    0.136E-06    0.000E+00    0.000E+00
     6.065     0.812    0.193E-01    0.110E-02    0.112E-03    0.000E+00    0.000E+00    0.000E+00    0.000E+00    0.131E-06    0.131E-06    0.000E+00    0.000E+00
     6.065     0.813    0.190E-01    0.107E-02    0.109E-03    0.000E+00    0.000E+00    0.000E+00    0.000E+00    0.127E-06    0.127E-06    0.000E+00    0.000E+00
     6.065     0.814    0.187E-01    0.105E-02    0.105E-03    0.000E+00    0.000E+00    0.000E+00    0.000E+00    0.122E-06    0.122E-06    0.000E+00    0.000E+00
     6.065     0.815    0.184E-01    0.102E-02    0.103E-03    0.000E+00    0.000E+00    0.000E+00    0.000E+00    0.118E-06    0.118E-06    0.000E+00    0.000E+00
     6.065     0.816    0.181E-01    0.992E-03    0.996E-04    0.000E+00    0.000E+00    0.000E+00    0.000E+00    0.113E-06    0.113E-06    0.000E+00    0.000E+00
     6.065     0.817    0.178E-01    0.967E-03    0.968E-04    0.000E+00    0.000E+00    0.000E+00    0.000E+00    0.109E-06    0.109E-06    0.000E+00    0.000E+00
     6.065     0.818    0.175E-01    0.941E-03    0.941E-04    0.000E+00    0.000E+00    0.000E+00    0.000E+00    0.105E-06    0.105E-06    0.000E+00    0.000E+00
     6.065     0.819    0.172E-01    0.916E-03    0.914E-04    0.000E+00    0.000E+00    0.000E+00    0.000E+00    0.101E-06    0.101E-06    0.000E+00    0.000E+00
     6.065     0.820    0.169E-01    0.892E-03    0.888E-04    0.000E+00    0.000E+00    0.000E+00    0.000E+00    0.978E-07    0.978E-07    0.000E+00    0.000E+00
     6.065     0.821    0.166E-01    0.868E-03    0.863E-04    0.000E+00    0.000E+00    0.000E+00    0.000E+00    0.942E-07    0.942E-07    0.000E+00    0.000E+00
     6.065     0.822    0.163E-01    0.845E-03    0.838E-04    0.000E+00    0.000E+00    0.000E+00    0.000E+00    0.907E-07    0.907E-07    0.000E+00    0.000E+00
     6.065     0.823    0.161E-01    0.822E-03    0.814E-04    0.000E+00    0.000E+00    0.000E+00    0.000E+00    0.874E-07    0.874E-07    0.000E+00    0.000E+00
     6.065     0.824    0.158E-01    0.799E-03    0.790E-04    0.000E+00    0.000E+00    0.000E+00    0.000E+00    0.841E-07    0.841E-07    0.000E+00    0.000E+00
     6.065     0.825    0.155E-01    0.777E-03    0.767E-04    0.000E+00    0.000E+00    0.000E+00    0.000E+00    0.810E-07    0.810E-07    0.000E+00    0.000E+00
     6.065     0.826    0.152E-01    0.756E-03    0.745E-04    0.000E+00    0.000E+00    0.000E+00    0.000E+00    0.780E-07    0.780E-07    0.000E+00    0.000E+00
     6.065     0.827    0.150E-01    0.735E-03    0.723E-04    0.000E+00    0.000E+00    0.000E+00    0.000E+00    0.751E-07    0.751E-07    0.000E+00    0.000E+00
     6.065     0.828    0.147E-01    0.714E-03    0.702E-04    0.000E+00    0.000E+00    0.000E+00    0.000E+00    0.723E-07    0.723E-07    0.000E+00    0.000E+00
     6.065     0.829    0.144E-01    0.694E-03    0.681E-04    0.000E+00    0.000E+00    0.000E+00    0.000E+00    0.697E-07    0.697E-07    0.000E+00    0.000E+00
     6.065     0.830    0.142E-01    0.674E-03    0.661E-04    0.000E+00    0.000E+00    0.000E+00    0.000E+00    0.671E-07    0.671E-07    0.000E+00    0.000E+00
     6.065     0.831    0.139E-01    0.655E-03    0.642E-04    0.000E+00    0.000E+00    0.000E+00    0.000E+00    0.646E-07    0.646E-07    0.000E+00    0.000E+00
     6.065     0.832    0.137E-01    0.636E-03    0.623E-04    0.000E+00    0.000E+00    0.000E+00    0.000E+00    0.622E-07    0.622E-07    0.000E+00    0.000E+00
     6.065     0.833    0.134E-01    0.618E-03    0.604E-04    0.000E+00    0.000E+00    0.000E+00    0.000E+00    0.599E-07    0.599E-07    0.000E+00    0.000E+00
     6.065     0.834    0.132E-01    0.600E-03    0.586E-04    0.000E+00    0.000E+00    0.000E+00    0.000E+00    0.576E-07    0.576E-07    0.000E+00    0.000E+00
     6.065     0.835    0.129E-01    0.582E-03    0.569E-04    0.000E+00    0.000E+00    0.000E+00    0.000E+00    0.555E-07    0.555E-07    0.000E+00    0.000E+00
     6.065     0.836    0.127E-01    0.565E-03    0.552E-04    0.000E+00    0.000E+00    0.000E+00    0.000E+00    0.534E-07    0.534E-07    0.000E+00    0.000E+00
     6.065     0.837    0.124E-01    0.548E-03    0.535E-04    0.000E+00    0.000E+00    0.000E+00    0.000E+00    0.513E-07    0.513E-07    0.000E+00    0.000E+00
     6.065     0.838    0.122E-01    0.532E-03    0.518E-04    0.000E+00    0.000E+00    0.000E+00    0.000E+00    0.492E-07    0.492E-07    0.000E+00    0.000E+00
     6.065     0.839    0.120E-01    0.516E-03    0.502E-04    0.000E+00    0.000E+00    0.000E+00    0.000E+00    0.473E-07    0.473E-07    0.000E+00    0.000E+00
     6.065     0.840    0.117E-01    0.500E-03    0.486E-04    0.000E+00    0.000E+00    0.000E+00    0.000E+00    0.453E-07    0.453E-07    0.000E+00    0.000E+00
     6.065     0.841    0.115E-01    0.485E-03    0.471E-04    0.000E+00    0.000E+00    0.000E+00    0.000E+00    0.435E-07    0.435E-07    0.000E+00    0.000E+00
     6.065     0.842    0.113E-01    0.470E-03    0.456E-04    0.000E+00    0.000E+00    0.000E+00    0.000E+00    0.417E-07    0.417E-07    0.000E+00    0.000E+00
     6.065     0.843    0.111E-01    0.455E-03    0.441E-04    0.000E+00    0.000E+00    0.000E+00    0.000E+00    0.400E-07    0.400E-07    0.000E+00    0.000E+00
     6.065     0.844    0.108E-01    0.441E-03    0.427E-04    0.000E+00    0.000E+00    0.000E+00    0.000E+00    0.384E-07    0.384E-07    0.000E+00    0.000E+00
     6.065     0.845    0.106E-01    0.427E-03    0.414E-04    0.000E+00    0.000E+00    0.000E+00    0.000E+00    0.368E-07    0.368E-07    0.000E+00    0.000E+00
     6.065     0.846    0.104E-01    0.414E-03    0.400E-04    0.000E+00    0.000E+00    0.000E+00    0.000E+00    0.353E-07    0.353E-07    0.000E+00    0.000E+00
     6.065     0.847    0.102E-01    0.401E-03    0.387E-04    0.000E+00    0.000E+00    0.000E+00    0.000E+00    0.338E-07    0.338E-07    0.000E+00    0.000E+00
     6.065     0.848    0.999E-02    0.388E-03    0.375E-04    0.000E+00    0.000E+00    0.000E+00    0.000E+00    0.324E-07    0.324E-07    0.000E+00    0.000E+00
     6.065     0.849    0.979E-02    0.375E-03    0.363E-04    0.000E+00    0.000E+00    0.000E+00    0.000E+00    0.311E-07    0.311E-07    0.000E+00    0.000E+00
     6.065     0.850    0.958E-02    0.363E-03    0.351E-04    0.000E+00    0.000E+00    0.000E+00    0.000E+00    0.298E-07    0.298E-07    0.000E+00    0.000E+00
     6.065     0.851    0.939E-02    0.352E-03    0.339E-04    0.000E+00    0.000E+00    0.000E+00    0.000E+00    0.285E-07    0.285E-07    0.000E+00    0.000E+00
     6.065     0.852    0.919E-02    0.340E-03    0.328E-04    0.000E+00    0.000E+00    0.000E+00    0.000E+00    0.273E-07    0.273E-07    0.000E+00    0.000E+00
     6.065     0.853    0.900E-02    0.329E-03    0.317E-04    0.000E+00    0.000E+00    0.000E+00    0.000E+00    0.262E-07    0.262E-07    0.000E+00    0.000E+00
     6.065     0.854    0.880E-02    0.318E-03    0.307E-04    0.000E+00    0.000E+00    0.000E+00    0.000E+00    0.251E-07    0.251E-07    0.000E+00    0.000E+00
     6.065     0.855    0.862E-02    0.307E-03    0.297E-04    0.000E+00    0.000E+00    0.000E+00    0.000E+00    0.241E-07    0.241E-07    0.000E+00    0.000E+00
     6.065     0.856    0.843E-02    0.297E-03    0.287E-04    0.000E+00    0.000E+00    0.000E+00    0.000E+00    0.231E-07    0.231E-07    0.000E+00    0.000E+00
     6.065     0.857    0.825E-02    0.287E-03    0.277E-04    0.000E+00    0.000E+00    0.000E+00    0.000E+00    0.221E-07    0.221E-07    0.000E+00    0.000E+00
     6.065     0.858    0.807E-02    0.277E-03    0.268E-04    0.000E+00    0.000E+00    0.000E+00    0.000E+00    0.212E-07    0.212E-07    0.000E+00    0.000E+00
     6.065     0.859    0.789E-02    0.268E-03    0.259E-04    0.000E+00    0.000E+00    0.000E+00    0.000E+00    0.203E-07    0.203E-07    0.000E+00    0.000E+00
     6.065     0.860    0.771E-02    0.259E-03    0.250E-04    0.000E+00    0.000E+00    0.000E+00    0.000E+00    0.194E-07    0.194E-07    0.000E+00    0.000E+00
     6.065     0.861    0.754E-02    0.249E-03    0.241E-04    0.000E+00    0.000E+00    0.000E+00    0.000E+00    0.185E-07    0.185E-07    0.000E+00    0.000E+00
     6.065     0.862    0.737E-02    0.241E-03    0.233E-04    0.000E+00    0.000E+00    0.000E+00    0.000E+00    0.177E-07    0.177E-07    0.000E+00    0.000E+00
     6.065     0.863    0.720E-02    0.232E-03    0.224E-04    0.000E+00    0.000E+00    0.000E+00    0.000E+00    0.169E-07    0.169E-07    0.000E+00    0.000E+00
     6.065     0.864    0.704E-02    0.224E-03    0.216E-04    0.000E+00    0.000E+00    0.000E+00    0.000E+00    0.161E-07    0.161E-07    0.000E+00    0.000E+00
     6.065     0.865    0.688E-02    0.216E-03    0.208E-04    0.000E+00    0.000E+00    0.000E+00    0.000E+00    0.153E-07    0.153E-07    0.000E+00    0.000E+00
     6.065     0.866    0.672E-02    0.208E-03    0.201E-04    0.000E+00    0.000E+00    0.000E+00    0.000E+00    0.146E-07    0.146E-07    0.000E+00    0.000E+00
     6.065     0.867    0.656E-02    0.200E-03    0.194E-04    0.000E+00    0.000E+00    0.000E+00    0.000E+00    0.139E-07    0.139E-07    0.000E+00    0.000E+00
     6.065     0.868    0.641E-02    0.193E-03    0.186E-04    0.000E+00    0.000E+00    0.000E+00    0.000E+00    0.133E-07    0.133E-07    0.000E+00    0.000E+00
     6.065     0.869    0.625E-02    0.185E-03    0.180E-04    0.000E+00    0.000E+00    0.000E+00    0.000E+00    0.126E-07    0.126E-07    0.000E+00    0.000E+00
     6.065     0.870    0.610E-02    0.178E-03    0.173E-04    0.000E+00    0.000E+00    0.000E+00    0.000E+00    0.120E-07    0.120E-07    0.000E+00    0.000E+00
     6.065     0.871    0.596E-02    0.172E-03    0.167E-04    0.000E+00    0.000E+00    0.000E+00    0.000E+00    0.115E-07    0.115E-07    0.000E+00    0.000E+00
     6.065     0.872    0.581E-02    0.165E-03    0.160E-04    0.000E+00    0.000E+00    0.000E+00    0.000E+00    0.109E-07    0.109E-07    0.000E+00    0.000E+00
     6.065     0.873    0.567E-02    0.159E-03    0.154E-04    0.000E+00    0.000E+00    0.000E+00    0.000E+00    0.104E-07    0.104E-07    0.000E+00    0.000E+00
     6.065     0.874    0.553E-02    0.153E-03    0.149E-04    0.000E+00    0.000E+00    0.000E+00    0.000E+00    0.991E-08    0.991E-08    0.000E+00    0.000E+00
     6.065     0.875    0.539E-02    0.147E-03    0.143E-04    0.000E+00    0.000E+00    0.000E+00    0.000E+00    0.944E-08    0.944E-08    0.000E+00    0.000E+00
     6.065     0.876    0.525E-02    0.141E-03    0.138E-04    0.000E+00    0.000E+00    0.000E+00    0.000E+00    0.899E-08    0.899E-08    0.000E+00    0.000E+00
     6.065     0.877    0.512E-02    0.136E-03    0.132E-04    0.000E+00    0.000E+00    0.000E+00    0.000E+00    0.856E-08    0.856E-08    0.000E+00    0.000E+00
     6.065     0.878    0.499E-02    0.130E-03    0.127E-04    0.000E+00    0.000E+00    0.000E+00    0.000E+00    0.816E-08    0.816E-08    0.000E+00    0.000E+00
     6.065     0.879    0.486E-02    0.125E-03    0.122E-04    0.000E+00    0.000E+00    0.000E+00    0.000E+00    0.778E-08    0.778E-08    0.000E+00    0.000E+00
     6.065     0.880    0.473E-02    0.120E-03    0.118E-04    0.000E+00    0.000E+00    0.000E+00    0.000E+00    0.741E-08    0.741E-08    0.000E+00    0.000E+00
     6.065     0.881    0.461E-02    0.115E-03    0.113E-04    0.000E+00    0.000E+00    0.000E+00    0.000E+00    0.707E-08    0.707E-08    0.000E+00    0.000E+00
     6.065     0.882    0.449E-02    0.110E-03    0.109E-04    0.000E+00    0.000E+00    0.000E+00    0.000E+00    0.674E-08    0.674E-08    0.000E+00    0.000E+00
     6.065     0.883    0.437E-02    0.106E-03    0.105E-04    0.000E+00    0.000E+00    0.000E+00    0.000E+00    0.640E-08    0.640E-08    0.000E+00    0.000E+00
     6.065     0.884    0.425E-02    0.101E-03    0.100E-04    0.000E+00    0.000E+00    0.000E+00    0.000E+00    0.606E-08    0.606E-08    0.000E+00    0.000E+00
     6.065     0.885    0.413E-02    0.970E-04    0.961E-05    0.000E+00    0.000E+00    0.000E+00    0.000E+00    0.573E-08    0.573E-08    0.000E+00    0.000E+00
     6.065     0.886    0.402E-02    0.928E-04    0.920E-05    0.000E+00    0.000E+00    0.000E+00    0.000E+00    0.542E-08    0.542E-08    0.000E+00    0.000E+00
     6.065     0.887    0.391E-02    0.887E-04    0.882E-05    0.000E+00    0.000E+00    0.000E+00    0.000E+00    0.512E-08    0.512E-08    0.000E+00    0.000E+00
     6.065     0.888    0.380E-02    0.848E-04    0.844E-05    0.000E+00    0.000E+00    0.000E+00    0.000E+00    0.484E-08    0.484E-08    0.000E+00    0.000E+00
     6.065     0.889    0.369E-02    0.810E-04    0.808E-05    0.000E+00    0.000E+00    0.000E+00    0.000E+00    0.457E-08    0.457E-08    0.000E+00    0.000E+00
     6.065     0.890    0.359E-02    0.774E-04    0.774E-05    0.000E+00    0.000E+00    0.000E+00    0.000E+00    0.431E-08    0.431E-08    0.000E+00    0.000E+00
     6.065     0.891    0.348E-02    0.739E-04    0.740E-05    0.000E+00    0.000E+00    0.000E+00    0.000E+00    0.407E-08    0.407E-08    0.000E+00    0.000E+00
     6.065     0.892    0.338E-02    0.705E-04    0.708E-05    0.000E+00    0.000E+00    0.000E+00    0.000E+00    0.384E-08    0.384E-08    0.000E+00    0.000E+00
     6.065     0.893    0.328E-02    0.673E-04    0.677E-05    0.000E+00    0.000E+00    0.000E+00    0.000E+00    0.362E-08    0.362E-08    0.000E+00    0.000E+00
     6.065     0.894    0.319E-02    0.642E-04    0.647E-05    0.000E+00    0.000E+00    0.000E+00    0.000E+00    0.341E-08    0.341E-08    0.000E+00    0.000E+00
     6.065     0.895    0.309E-02    0.612E-04    0.619E-05    0.000E+00    0.000E+00    0.000E+00    0.000E+00    0.322E-08    0.322E-08    0.000E+00    0.000E+00
     6.065     0.896    0.300E-02    0.583E-04    0.591E-05    0.000E+00    0.000E+00    0.000E+00    0.000E+00    0.304E-08    0.304E-08    0.000E+00    0.000E+00
     6.065     0.897    0.291E-02    0.556E-04    0.565E-05    0.000E+00    0.000E+00    0.000E+00    0.000E+00    0.287E-08    0.287E-08    0.000E+00    0.000E+00
     6.065     0.898    0.282E-02    0.529E-04    0.539E-05    0.000E+00    0.000E+00    0.000E+00    0.000E+00    0.270E-08    0.270E-08    0.000E+00    0.000E+00
     6.065     0.899    0.273E-02    0.504E-04    0.515E-05    0.000E+00    0.000E+00    0.000E+00    0.000E+00    0.255E-08    0.255E-08    0.000E+00    0.000E+00
     6.065     0.900    0.264E-02    0.480E-04    0.492E-05    0.000E+00    0.000E+00    0.000E+00    0.000E+00    0.241E-08    0.241E-08    0.000E+00    0.000E+00
     6.065     0.901    0.256E-02    0.456E-04    0.469E-05    0.000E+00    0.000E+00    0.000E+00    0.000E+00    0.227E-08    0.227E-08    0.000E+00    0.000E+00
     6.065     0.902    0.248E-02    0.434E-04    0.448E-05    0.000E+00    0.000E+00    0.000E+00    0.000E+00    0.215E-08    0.215E-08    0.000E+00    0.000E+00
     6.065     0.903    0.240E-02    0.413E-04    0.428E-05    0.000E+00    0.000E+00    0.000E+00    0.000E+00    0.203E-08    0.203E-08    0.000E+00    0.000E+00
     6.065     0.904    0.232E-02    0.393E-04    0.408E-05    0.000E+00    0.000E+00    0.000E+00    0.000E+00    0.192E-08    0.192E-08    0.000E+00    0.000E+00
     6.065     0.905    0.224E-02    0.373E-04    0.389E-05    0.000E+00    0.000E+00    0.000E+00    0.000E+00    0.182E-08    0.182E-08    0.000E+00    0.000E+00
     6.065     0.906    0.217E-02    0.354E-04    0.371E-05    0.000E+00    0.000E+00    0.000E+00    0.000E+00    0.172E-08    0.172E-08    0.000E+00    0.000E+00
     6.065     0.907    0.209E-02    0.335E-04    0.352E-05    0.000E+00    0.000E+00    0.000E+00    0.000E+00    0.161E-08    0.161E-08    0.000E+00    0.000E+00
     6.065     0.908    0.202E-02    0.317E-04    0.334E-05    0.000E+00    0.000E+00    0.000E+00    0.000E+00    0.150E-08    0.150E-08    0.000E+00    0.000E+00
     6.065     0.909    0.195E-02    0.300E-04    0.317E-05    0.000E+00    0.000E+00    0.000E+00    0.000E+00    0.140E-08    0.140E-08    0.000E+00    0.000E+00
     6.065     0.910    0.188E-02    0.283E-04    0.301E-05    0.000E+00    0.000E+00    0.000E+00    0.000E+00    0.130E-08    0.130E-08    0.000E+00    0.000E+00
     6.065     0.911    0.182E-02    0.267E-04    0.285E-05    0.000E+00    0.000E+00    0.000E+00    0.000E+00    0.121E-08    0.121E-08    0.000E+00    0.000E+00
     6.065     0.912    0.175E-02    0.252E-04    0.270E-05    0.000E+00    0.000E+00    0.000E+00    0.000E+00    0.113E-08    0.113E-08    0.000E+00    0.000E+00
     6.065     0.913    0.169E-02    0.237E-04    0.255E-05    0.000E+00    0.000E+00    0.000E+00    0.000E+00    0.105E-08    0.105E-08    0.000E+00    0.000E+00
     6.065     0.914    0.163E-02    0.223E-04    0.242E-05    0.000E+00    0.000E+00    0.000E+00    0.000E+00    0.971E-09    0.971E-09    0.000E+00    0.000E+00
     6.065     0.915    0.157E-02    0.210E-04    0.228E-05    0.000E+00    0.000E+00    0.000E+00    0.000E+00    0.901E-09    0.901E-09    0.000E+00    0.000E+00
     6.065     0.916    0.151E-02    0.198E-04    0.216E-05    0.000E+00    0.000E+00    0.000E+00    0.000E+00    0.836E-09    0.836E-09    0.000E+00    0.000E+00
     6.065     0.917    0.145E-02    0.186E-04    0.204E-05    0.000E+00    0.000E+00    0.000E+00    0.000E+00    0.775E-09    0.775E-09    0.000E+00    0.000E+00
     6.065     0.918    0.140E-02    0.175E-04    0.193E-05    0.000E+00    0.000E+00    0.000E+00    0.000E+00    0.719E-09    0.719E-09    0.000E+00    0.000E+00
     6.065     0.919    0.134E-02    0.164E-04    0.182E-05    0.000E+00    0.000E+00    0.000E+00    0.000E+00    0.667E-09    0.667E-09    0.000E+00    0.000E+00
     6.065     0.920    0.129E-02    0.154E-04    0.172E-05    0.000E+00    0.000E+00    0.000E+00    0.000E+00    0.619E-09    0.619E-09    0.000E+00    0.000E+00
     6.065     0.921    0.124E-02    0.145E-04    0.162E-05    0.000E+00    0.000E+00    0.000E+00    0.000E+00    0.575E-09    0.575E-09    0.000E+00    0.000E+00
     6.065     0.922    0.119E-02    0.136E-04    0.153E-05    0.000E+00    0.000E+00    0.000E+00    0.000E+00    0.534E-09    0.534E-09    0.000E+00    0.000E+00
     6.065     0.923    0.114E-02    0.128E-04    0.144E-05    0.000E+00    0.000E+00    0.000E+00    0.000E+00    0.497E-09    0.497E-09    0.000E+00    0.000E+00
     6.065     0.924    0.109E-02    0.120E-04    0.136E-05    0.000E+00    0.000E+00    0.000E+00    0.000E+00    0.464E-09    0.464E-09    0.000E+00    0.000E+00
     6.065     0.925    0.105E-02    0.112E-04    0.128E-05    0.000E+00    0.000E+00    0.000E+00    0.000E+00    0.433E-09    0.433E-09    0.000E+00    0.000E+00
     6.065     0.926    0.100E-02    0.105E-04    0.120E-05    0.000E+00    0.000E+00    0.000E+00    0.000E+00    0.405E-09    0.405E-09    0.000E+00    0.000E+00
     6.065     0.927    0.958E-03    0.987E-05    0.114E-05    0.000E+00    0.000E+00    0.000E+00    0.000E+00    0.380E-09    0.380E-09    0.000E+00    0.000E+00
     6.065     0.928    0.916E-03    0.926E-05    0.107E-05    0.000E+00    0.000E+00    0.000E+00    0.000E+00    0.357E-09    0.357E-09    0.000E+00    0.000E+00
     6.065     0.929    0.876E-03    0.869E-05    0.101E-05    0.000E+00    0.000E+00    0.000E+00    0.000E+00    0.337E-09    0.337E-09    0.000E+00    0.000E+00
     6.065     0.930    0.836E-03    0.808E-05    0.943E-06    0.000E+00    0.000E+00    0.000E+00    0.000E+00    0.311E-09    0.311E-09    0.000E+00    0.000E+00
     6.065     0.931    0.798E-03    0.748E-05    0.879E-06    0.000E+00    0.000E+00    0.000E+00    0.000E+00    0.283E-09    0.283E-09    0.000E+00    0.000E+00
     6.065     0.932    0.761E-03    0.691E-05    0.819E-06    0.000E+00    0.000E+00    0.000E+00    0.000E+00    0.257E-09    0.257E-09    0.000E+00    0.000E+00
     6.065     0.933    0.725E-03    0.637E-05    0.761E-06    0.000E+00    0.000E+00    0.000E+00    0.000E+00    0.233E-09    0.233E-09    0.000E+00    0.000E+00
     6.065     0.934    0.690E-03    0.587E-05    0.707E-06    0.000E+00    0.000E+00    0.000E+00    0.000E+00    0.211E-09    0.211E-09    0.000E+00    0.000E+00
     6.065     0.935    0.657E-03    0.540E-05    0.656E-06    0.000E+00    0.000E+00    0.000E+00    0.000E+00    0.190E-09    0.190E-09    0.000E+00    0.000E+00
     6.065     0.936    0.624E-03    0.496E-05    0.608E-06    0.000E+00    0.000E+00    0.000E+00    0.000E+00    0.171E-09    0.171E-09    0.000E+00    0.000E+00
     6.065     0.937    0.593E-03    0.455E-05    0.563E-06    0.000E+00    0.000E+00    0.000E+00    0.000E+00    0.154E-09    0.154E-09    0.000E+00    0.000E+00
     6.065     0.938    0.563E-03    0.417E-05    0.520E-06    0.000E+00    0.000E+00    0.000E+00    0.000E+00    0.139E-09    0.139E-09    0.000E+00    0.000E+00
     6.065     0.939    0.533E-03    0.381E-05    0.481E-06    0.000E+00    0.000E+00    0.000E+00    0.000E+00    0.124E-09    0.124E-09    0.000E+00    0.000E+00
     6.065     0.940    0.505E-03    0.348E-05    0.443E-06    0.000E+00    0.000E+00    0.000E+00    0.000E+00    0.112E-09    0.112E-09    0.000E+00    0.000E+00
     6.065     0.941    0.478E-03    0.318E-05    0.409E-06    0.000E+00    0.000E+00    0.000E+00    0.000E+00    0.100E-09    0.100E-09    0.000E+00    0.000E+00
     6.065     0.942    0.452E-03    0.290E-05    0.377E-06    0.000E+00    0.000E+00    0.000E+00    0.000E+00    0.902E-10    0.902E-10    0.000E+00    0.000E+00
     6.065     0.943    0.427E-03    0.265E-05    0.347E-06    0.000E+00    0.000E+00    0.000E+00    0.000E+00    0.813E-10    0.813E-10    0.000E+00    0.000E+00
     6.065     0.944    0.403E-03    0.241E-05    0.319E-06    0.000E+00    0.000E+00    0.000E+00    0.000E+00    0.735E-10    0.735E-10    0.000E+00    0.000E+00
     6.065     0.945    0.379E-03    0.220E-05    0.293E-06    0.000E+00    0.000E+00    0.000E+00    0.000E+00    0.668E-10    0.668E-10    0.000E+00    0.000E+00
     6.065     0.946    0.357E-03    0.201E-05    0.270E-06    0.000E+00    0.000E+00    0.000E+00    0.000E+00    0.611E-10    0.611E-10    0.000E+00    0.000E+00
     6.065     0.947    0.335E-03    0.184E-05    0.248E-06    0.000E+00    0.000E+00    0.000E+00    0.000E+00    0.563E-10    0.563E-10    0.000E+00    0.000E+00
     6.065     0.948    0.315E-03    0.168E-05    0.228E-06    0.000E+00    0.000E+00    0.000E+00    0.000E+00    0.524E-10    0.524E-10    0.000E+00    0.000E+00
     6.065     0.949    0.295E-03    0.154E-05    0.210E-06    0.000E+00    0.000E+00    0.000E+00    0.000E+00    0.494E-10    0.494E-10    0.000E+00    0.000E+00
     6.065     0.950    0.276E-03    0.142E-05    0.194E-06    0.000E+00    0.000E+00    0.000E+00    0.000E+00    0.470E-10    0.470E-10    0.000E+00    0.000E+00
     6.065     0.951    0.258E-03    0.131E-05    0.179E-06    0.000E+00    0.000E+00    0.000E+00    0.000E+00    0.453E-10    0.453E-10    0.000E+00    0.000E+00
     6.065     0.952    0.241E-03    0.122E-05    0.165E-06    0.000E+00    0.000E+00    0.000E+00    0.000E+00    0.442E-10    0.442E-10    0.000E+00    0.000E+00
     6.065     0.953    0.224E-03    0.112E-05    0.152E-06    0.423E-09    0.423E-09    0.169E-09    0.169E-09    0.426E-10    0.426E-10    0.000E+00    0.000E+00
     6.065     0.954    0.207E-03    0.985E-06    0.136E-06    0.279E-08    0.279E-08    0.112E-08    0.112E-08    0.373E-10    0.373E-10    0.000E+00    0.000E+00
     6.065     0.955    0.191E-03    0.857E-06    0.120E-06    0.525E-08    0.525E-08    0.210E-08    0.210E-08    0.323E-10    0.323E-10    0.000E+00    0.000E+00
     6.065     0.956    0.175E-03    0.740E-06    0.106E-06    0.778E-08    0.778E-08    0.311E-08    0.311E-08    0.278E-10    0.278E-10    0.000E+00    0.000E+00
     6.065     0.957    0.161E-03    0.633E-06    0.926E-07    0.104E-07    0.104E-07    0.415E-08    0.415E-08    0.237E-10    0.237E-10    0.000E+00    0.000E+00
     6.065     0.958    0.147E-03    0.535E-06    0.804E-07    0.130E-07    0.130E-07    0.521E-08    0.521E-08    0.200E-10    0.200E-10    0.000E+00    0.000E+00
     6.065     0.959    0.133E-03    0.448E-06    0.693E-07    0.157E-07    0.157E-07    0.629E-08    0.629E-08    0.166E-10    0.166E-10    0.000E+00    0.000E+00
     6.065     0.960    0.121E-03    0.369E-06    0.592E-07    0.184E-07    0.184E-07    0.737E-08    0.737E-08    0.136E-10    0.136E-10    0.000E+00    0.000E+00
     6.065     0.961    0.108E-03    0.298E-06    0.501E-07    0.212E-07    0.212E-07    0.847E-08    0.847E-08    0.109E-10    0.109E-10    0.000E+00    0.000E+00
     6.065     0.962    0.970E-04    0.237E-06    0.419E-07    0.239E-07    0.239E-07    0.956E-08    0.956E-08    0.858E-11    0.858E-11    0.000E+00    0.000E+00
     6.065     0.963    0.862E-04    0.182E-06    0.345E-07    0.266E-07    0.266E-07    0.106E-07    0.106E-07    0.654E-11    0.654E-11    0.000E+00    0.000E+00
     6.065     0.964    0.760E-04    0.136E-06    0.280E-07    0.293E-07    0.293E-07    0.117E-07    0.117E-07    0.479E-11    0.479E-11    0.000E+00    0.000E+00
     6.065     0.965    0.663E-04    0.962E-07    0.223E-07    0.320E-07    0.320E-07    0.128E-07    0.128E-07    0.332E-11    0.332E-11    0.000E+00    0.000E+00
     6.065     0.966    0.573E-04    0.634E-07    0.174E-07    0.346E-07    0.346E-07    0.138E-07    0.138E-07    0.211E-11    0.211E-11    0.000E+00    0.000E+00
     6.065     0.967    0.488E-04    0.368E-07    0.131E-07    0.371E-07    0.371E-07    0.149E-07    0.149E-07    0.114E-11    0.114E-11    0.000E+00    0.000E+00
     6.065     0.968    0.409E-04    0.161E-07    0.957E-08    0.396E-07    0.396E-07    0.158E-07    0.158E-07    0.402E-12    0.402E-12    0.000E+00    0.000E+00
     6.065     0.969    0.336E-04    0.881E-09    0.665E-08    0.420E-07    0.420E-07    0.168E-07    0.168E-07    0.000E+00    0.000E+00    0.000E+00    0.000E+00
     6.065     0.970    0.267E-04    0.000E+00    0.433E-08    0.443E-07    0.443E-07    0.177E-07    0.177E-07    0.000E+00    0.000E+00    0.000E+00    0.000E+00
     6.065     0.971    0.204E-04    0.000E+00    0.256E-08    0.465E-07    0.465E-07    0.186E-07    0.186E-07    0.000E+00    0.000E+00    0.000E+00    0.000E+00
     6.065     0.972    0.146E-04    0.000E+00    0.129E-08    0.485E-07    0.485E-07    0.194E-07    0.194E-07    0.000E+00    0.000E+00    0.000E+00    0.000E+00
     6.065     0.973    0.922E-05    0.000E+00    0.504E-09    0.504E-07    0.504E-07    0.202E-07    0.202E-07    0.000E+00    0.000E+00    0.000E+00    0.000E+00
     6.065     0.974    0.436E-05    0.000E+00    0.142E-09    0.522E-07    0.522E-07    0.209E-07    0.209E-07    0.000E+00    0.000E+00    0.000E+00    0.000E+00
     6.065     0.975    0.000E+00    0.253E-08    0.167E-09    0.538E-07    0.538E-07    0.215E-07    0.215E-07    0.324E-12    0.324E-12    0.000E+00    0.000E+00
     6.065     0.976    0.000E+00    0.145E-07    0.535E-09    0.552E-07    0.552E-07    0.221E-07    0.221E-07    0.846E-12    0.846E-12    0.000E+00    0.000E+00
     6.065     0.977    0.000E+00    0.287E-07    0.121E-08    0.564E-07    0.564E-07    0.226E-07    0.226E-07    0.145E-11    0.145E-11    0.000E+00    0.000E+00
     6.065     0.978    0.000E+00    0.447E-07    0.214E-08    0.574E-07    0.574E-07    0.230E-07    0.230E-07    0.213E-11    0.213E-11    0.000E+00    0.000E+00
     6.065     0.979    0.000E+00    0.622E-07    0.328E-08    0.582E-07    0.582E-07    0.233E-07    0.233E-07    0.285E-11    0.285E-11    0.000E+00    0.000E+00
     6.065     0.980    0.000E+00    0.806E-07    0.460E-08    0.588E-07    0.588E-07    0.235E-07    0.235E-07    0.361E-11    0.361E-11    0.000E+00    0.000E+00
     6.065     0.981    0.000E+00    0.996E-07    0.606E-08    0.591E-07    0.591E-07    0.237E-07    0.237E-07    0.439E-11    0.439E-11    0.000E+00    0.000E+00
     6.065     0.982    0.000E+00    0.119E-06    0.760E-08    0.592E-07    0.592E-07    0.237E-07    0.237E-07    0.517E-11    0.517E-11    0.000E+00    0.000E+00
     6.065     0.983    0.000E+00    0.138E-06    0.918E-08    0.590E-07    0.590E-07    0.236E-07    0.236E-07    0.594E-11    0.594E-11    0.000E+00    0.000E+00
     6.065     0.984    0.000E+00    0.156E-06    0.108E-07    0.585E-07    0.585E-07    0.234E-07    0.234E-07    0.667E-11    0.667E-11    0.000E+00    0.000E+00
     6.065     0.985    0.000E+00    0.173E-06    0.123E-07    0.577E-07    0.577E-07    0.231E-07    0.231E-07    0.735E-11    0.735E-11    0.000E+00    0.000E+00
     6.065     0.986    0.000E+00    0.188E-06    0.138E-07    0.565E-07    0.565E-07    0.226E-07    0.226E-07    0.797E-11    0.797E-11    0.000E+00    0.000E+00
     6.065     0.987    0.000E+00    0.202E-06    0.151E-07    0.551E-07    0.551E-07    0.220E-07    0.220E-07    0.850E-11    0.850E-11    0.000E+00    0.000E+00
     6.065     0.988    0.000E+00    0.213E-06    0.162E-07    0.533E-07    0.533E-07    0.213E-07    0.213E-07    0.894E-11    0.894E-11    0.000E+00    0.000E+00
     6.065     0.989    0.000E+00    0.222E-06    0.172E-07    0.512E-07    0.512E-07    0.205E-07    0.205E-07    0.925E-11    0.925E-11    0.000E+00    0.000E+00
     6.065     0.990    0.000E+00    0.227E-06    0.178E-07    0.486E-07    0.486E-07    0.195E-07    0.195E-07    0.944E-11    0.944E-11    0.000E+00    0.000E+00
     6.065     0.991    0.000E+00    0.228E-06    0.182E-07    0.457E-07    0.457E-07    0.183E-07    0.183E-07    0.947E-11    0.947E-11    0.000E+00    0.000E+00
     6.065     0.992    0.000E+00    0.225E-06    0.182E-07    0.424E-07    0.424E-07    0.170E-07    0.170E-07    0.933E-11    0.933E-11    0.000E+00    0.000E+00
     6.065     0.993    0.000E+00    0.218E-06    0.178E-07    0.387E-07    0.387E-07    0.155E-07    0.155E-07    0.900E-11    0.900E-11    0.000E+00    0.000E+00
     6.065     0.994    0.000E+00    0.205E-06    0.170E-07    0.346E-07    0.346E-07    0.138E-07    0.138E-07    0.847E-11    0.847E-11    0.000E+00    0.000E+00
     6.065     0.995    0.000E+00    0.187E-06    0.156E-07    0.300E-07    0.300E-07    0.120E-07    0.120E-07    0.772E-11    0.772E-11    0.000E+00    0.000E+00
     6.065     0.996    0.000E+00    0.163E-06    0.138E-07    0.250E-07    0.250E-07    0.999E-08    0.999E-08    0.672E-11    0.672E-11    0.000E+00    0.000E+00
     6.065     0.997    0.000E+00    0.133E-06    0.113E-07    0.195E-07    0.195E-07    0.779E-08    0.779E-08    0.547E-11    0.547E-11    0.000E+00    0.000E+00
     6.065     0.998    0.000E+00    0.963E-07    0.822E-08    0.135E-07    0.135E-07    0.540E-08    0.540E-08    0.395E-11    0.395E-11    0.000E+00    0.000E+00
     6.065     0.999    0.000E+00    0.520E-07    0.447E-08    0.700E-08    0.700E-08    0.280E-08    0.280E-08    0.213E-11    0.213E-11    0.000E+00    0.000E+00

